Features: 16,,,,,,,,
Target Class: blackscholes,TP,FP,FN,TN,ACC (%),Noise Percantages,Upsampling,
"Nu: 5e-05, Gamma: 1e-05",960,36,0,0,96.3855421686747,0,40,
"Nu: 5e-05, Gamma: 2e-05",960,36,0,0,96.3855421686747,0,40,
"Nu: 5e-05, Gamma: 3e-05",960,36,0,0,96.3855421686747,0,40,
"Nu: 5e-05, Gamma: 4e-05",960,36,0,0,96.3855421686747,0,40,
"Nu: 5e-05, Gamma: 5e-05",960,36,0,0,96.3855421686747,0,40,
"Nu: 5e-05, Gamma: 6e-05",960,36,0,0,96.3855421686747,0,40,
"Nu: 5e-05, Gamma: 7e-05",960,36,0,0,96.3855421686747,0,40,
"Nu: 5e-05, Gamma: 8e-05",960,36,0,0,96.3855421686747,0,40,
"Nu: 5e-05, Gamma: 9e-05",960,36,0,0,96.3855421686747,0,40,
"Nu: 5e-05, Gamma: 0.0001",960,36,0,0,96.3855421686747,0,40,
"Nu: 5e-05, Gamma: 0.0002",960,36,0,0,96.3855421686747,0,40,
"Nu: 5e-05, Gamma: 0.0003",960,36,0,0,96.3855421686747,0,40,
"Nu: 5e-05, Gamma: 0.0004",960,36,0,0,96.3855421686747,0,40,
"Nu: 5e-05, Gamma: 0.005",960,36,0,0,96.3855421686747,0,40,
"Nu: 5e-05, Gamma: 0.05",960,36,0,0,96.3855421686747,0,40,
"Nu: 5e-05, Gamma: 0.0625",960,36,0,0,96.3855421686747,0,40,
"Nu: 5e-05, Gamma: 0.1",960,36,0,0,96.3855421686747,0,40,
"Nu: 5e-05, Gamma: 0.2",960,36,0,0,96.3855421686747,0,40,
"Nu: 5e-05, Gamma: 0.5",960,36,0,0,96.3855421686747,0,40,
"Nu: 5e-05, Gamma: 0.7",960,36,0,0,96.3855421686747,0,40,
"Nu: 5e-05, Gamma: 0.9",960,36,0,0,96.3855421686747,0,40,
"Nu: 5e-05, Gamma: 0.99",960,36,0,0,96.3855421686747,0,40,
"Nu: 6e-05, Gamma: 1e-05",960,35,0,1,96.4859437751004,0,40,
"Nu: 6e-05, Gamma: 2e-05",960,36,0,0,96.3855421686747,0,40,
"Nu: 6e-05, Gamma: 3e-05",954,31,6,5,96.285140562249,0,40,
"Nu: 6e-05, Gamma: 4e-05",960,35,0,1,96.4859437751004,0,40,
"Nu: 6e-05, Gamma: 5e-05",960,35,0,1,96.4859437751004,0,40,
"Nu: 6e-05, Gamma: 6e-05",960,36,0,0,96.3855421686747,0,40,
"Nu: 6e-05, Gamma: 7e-05",960,36,0,0,96.3855421686747,0,40,
"Nu: 6e-05, Gamma: 8e-05",960,36,0,0,96.3855421686747,0,40,
"Nu: 6e-05, Gamma: 9e-05",960,36,0,0,96.3855421686747,0,40,
"Nu: 6e-05, Gamma: 0.0001",960,36,0,0,96.3855421686747,0,40,
"Nu: 6e-05, Gamma: 0.0002",960,36,0,0,96.3855421686747,0,40,
"Nu: 6e-05, Gamma: 0.0003",960,36,0,0,96.3855421686747,0,40,
"Nu: 6e-05, Gamma: 0.0004",960,36,0,0,96.3855421686747,0,40,
"Nu: 6e-05, Gamma: 0.005",960,36,0,0,96.3855421686747,0,40,
"Nu: 6e-05, Gamma: 0.05",960,36,0,0,96.3855421686747,0,40,
"Nu: 6e-05, Gamma: 0.0625",960,36,0,0,96.3855421686747,0,40,
"Nu: 6e-05, Gamma: 0.1",960,36,0,0,96.3855421686747,0,40,
"Nu: 6e-05, Gamma: 0.2",960,36,0,0,96.3855421686747,0,40,
"Nu: 6e-05, Gamma: 0.5",960,36,0,0,96.3855421686747,0,40,
"Nu: 6e-05, Gamma: 0.7",960,36,0,0,96.3855421686747,0,40,
"Nu: 6e-05, Gamma: 0.9",960,36,0,0,96.3855421686747,0,40,
"Nu: 6e-05, Gamma: 0.99",960,36,0,0,96.3855421686747,0,40,
"Nu: 7e-05, Gamma: 1e-05",960,35,0,1,96.4859437751004,0,40,
"Nu: 7e-05, Gamma: 2e-05",792,15,168,21,81.62650602409639,0,40,
"Nu: 7e-05, Gamma: 3e-05",954,31,6,5,96.285140562249,0,40,
"Nu: 7e-05, Gamma: 4e-05",960,35,0,1,96.4859437751004,0,40,
"Nu: 7e-05, Gamma: 5e-05",960,35,0,1,96.4859437751004,0,40,
"Nu: 7e-05, Gamma: 6e-05",960,36,0,0,96.3855421686747,0,40,
"Nu: 7e-05, Gamma: 7e-05",960,36,0,0,96.3855421686747,0,40,
"Nu: 7e-05, Gamma: 8e-05",960,36,0,0,96.3855421686747,0,40,
"Nu: 7e-05, Gamma: 9e-05",960,36,0,0,96.3855421686747,0,40,
"Nu: 7e-05, Gamma: 0.0001",960,36,0,0,96.3855421686747,0,40,
"Nu: 7e-05, Gamma: 0.0002",960,36,0,0,96.3855421686747,0,40,
"Nu: 7e-05, Gamma: 0.0003",960,36,0,0,96.3855421686747,0,40,
"Nu: 7e-05, Gamma: 0.0004",960,36,0,0,96.3855421686747,0,40,
"Nu: 7e-05, Gamma: 0.005",960,36,0,0,96.3855421686747,0,40,
"Nu: 7e-05, Gamma: 0.05",960,36,0,0,96.3855421686747,0,40,
"Nu: 7e-05, Gamma: 0.0625",960,36,0,0,96.3855421686747,0,40,
"Nu: 7e-05, Gamma: 0.1",960,36,0,0,96.3855421686747,0,40,
"Nu: 7e-05, Gamma: 0.2",960,36,0,0,96.3855421686747,0,40,
"Nu: 7e-05, Gamma: 0.5",960,36,0,0,96.3855421686747,0,40,
"Nu: 7e-05, Gamma: 0.7",960,36,0,0,96.3855421686747,0,40,
"Nu: 7e-05, Gamma: 0.9",960,36,0,0,96.3855421686747,0,40,
"Nu: 7e-05, Gamma: 0.99",960,36,0,0,96.3855421686747,0,40,
"Nu: 8e-05, Gamma: 1e-05",752,11,208,25,78.01204819277109,0,40,
"Nu: 8e-05, Gamma: 2e-05",748,11,212,25,77.61044176706827,0,40,
"Nu: 8e-05, Gamma: 3e-05",954,31,6,5,96.285140562249,0,40,
"Nu: 8e-05, Gamma: 4e-05",960,35,0,1,96.4859437751004,0,40,
"Nu: 8e-05, Gamma: 5e-05",960,35,0,1,96.4859437751004,0,40,
"Nu: 8e-05, Gamma: 6e-05",960,36,0,0,96.3855421686747,0,40,
"Nu: 8e-05, Gamma: 7e-05",960,36,0,0,96.3855421686747,0,40,
"Nu: 8e-05, Gamma: 8e-05",960,36,0,0,96.3855421686747,0,40,
"Nu: 8e-05, Gamma: 9e-05",960,36,0,0,96.3855421686747,0,40,
"Nu: 8e-05, Gamma: 0.0001",960,36,0,0,96.3855421686747,0,40,
"Nu: 8e-05, Gamma: 0.0002",960,36,0,0,96.3855421686747,0,40,
"Nu: 8e-05, Gamma: 0.0003",960,36,0,0,96.3855421686747,0,40,
"Nu: 8e-05, Gamma: 0.0004",960,36,0,0,96.3855421686747,0,40,
"Nu: 8e-05, Gamma: 0.005",960,36,0,0,96.3855421686747,0,40,
"Nu: 8e-05, Gamma: 0.05",960,36,0,0,96.3855421686747,0,40,
"Nu: 8e-05, Gamma: 0.0625",960,36,0,0,96.3855421686747,0,40,
"Nu: 8e-05, Gamma: 0.1",960,36,0,0,96.3855421686747,0,40,
"Nu: 8e-05, Gamma: 0.2",960,36,0,0,96.3855421686747,0,40,
"Nu: 8e-05, Gamma: 0.5",960,36,0,0,96.3855421686747,0,40,
"Nu: 8e-05, Gamma: 0.7",960,36,0,0,96.3855421686747,0,40,
"Nu: 8e-05, Gamma: 0.9",960,36,0,0,96.3855421686747,0,40,
"Nu: 8e-05, Gamma: 0.99",960,36,0,0,96.3855421686747,0,40,
"Nu: 9e-05, Gamma: 1e-05",750,11,210,25,77.81124497991968,0,40,
"Nu: 9e-05, Gamma: 2e-05",748,11,212,25,77.61044176706827,0,40,
"Nu: 9e-05, Gamma: 3e-05",954,31,6,5,96.285140562249,0,40,
"Nu: 9e-05, Gamma: 4e-05",960,35,0,1,96.4859437751004,0,40,
"Nu: 9e-05, Gamma: 5e-05",960,35,0,1,96.4859437751004,0,40,
"Nu: 9e-05, Gamma: 6e-05",960,36,0,0,96.3855421686747,0,40,
"Nu: 9e-05, Gamma: 7e-05",960,36,0,0,96.3855421686747,0,40,
"Nu: 9e-05, Gamma: 8e-05",960,36,0,0,96.3855421686747,0,40,
"Nu: 9e-05, Gamma: 9e-05",960,36,0,0,96.3855421686747,0,40,
"Nu: 9e-05, Gamma: 0.0001",960,36,0,0,96.3855421686747,0,40,
"Nu: 9e-05, Gamma: 0.0002",960,36,0,0,96.3855421686747,0,40,
"Nu: 9e-05, Gamma: 0.0003",960,36,0,0,96.3855421686747,0,40,
"Nu: 9e-05, Gamma: 0.0004",960,36,0,0,96.3855421686747,0,40,
"Nu: 9e-05, Gamma: 0.005",960,36,0,0,96.3855421686747,0,40,
"Nu: 9e-05, Gamma: 0.05",960,36,0,0,96.3855421686747,0,40,
"Nu: 9e-05, Gamma: 0.0625",960,36,0,0,96.3855421686747,0,40,
"Nu: 9e-05, Gamma: 0.1",960,36,0,0,96.3855421686747,0,40,
"Nu: 9e-05, Gamma: 0.2",960,36,0,0,96.3855421686747,0,40,
"Nu: 9e-05, Gamma: 0.5",960,36,0,0,96.3855421686747,0,40,
"Nu: 9e-05, Gamma: 0.7",960,36,0,0,96.3855421686747,0,40,
"Nu: 9e-05, Gamma: 0.9",960,36,0,0,96.3855421686747,0,40,
"Nu: 9e-05, Gamma: 0.99",960,36,0,0,96.3855421686747,0,40,
"Nu: 0.0001, Gamma: 1e-05",737,7,223,29,76.90763052208835,0,40,
"Nu: 0.0001, Gamma: 2e-05",748,11,212,25,77.61044176706827,0,40,
"Nu: 0.0001, Gamma: 3e-05",954,31,6,5,96.285140562249,0,40,
"Nu: 0.0001, Gamma: 4e-05",960,35,0,1,96.4859437751004,0,40,
"Nu: 0.0001, Gamma: 5e-05",960,35,0,1,96.4859437751004,0,40,
"Nu: 0.0001, Gamma: 6e-05",960,36,0,0,96.3855421686747,0,40,
"Nu: 0.0001, Gamma: 7e-05",960,36,0,0,96.3855421686747,0,40,
"Nu: 0.0001, Gamma: 8e-05",960,36,0,0,96.3855421686747,0,40,
"Nu: 0.0001, Gamma: 9e-05",960,36,0,0,96.3855421686747,0,40,
"Nu: 0.0001, Gamma: 0.0001",960,36,0,0,96.3855421686747,0,40,
"Nu: 0.0001, Gamma: 0.0002",960,36,0,0,96.3855421686747,0,40,
"Nu: 0.0001, Gamma: 0.0003",960,36,0,0,96.3855421686747,0,40,
"Nu: 0.0001, Gamma: 0.0004",960,36,0,0,96.3855421686747,0,40,
"Nu: 0.0001, Gamma: 0.005",960,36,0,0,96.3855421686747,0,40,
"Nu: 0.0001, Gamma: 0.05",960,36,0,0,96.3855421686747,0,40,
"Nu: 0.0001, Gamma: 0.0625",960,36,0,0,96.3855421686747,0,40,
"Nu: 0.0001, Gamma: 0.1",960,36,0,0,96.3855421686747,0,40,
"Nu: 0.0001, Gamma: 0.2",960,36,0,0,96.3855421686747,0,40,
"Nu: 0.0001, Gamma: 0.5",960,36,0,0,96.3855421686747,0,40,
"Nu: 0.0001, Gamma: 0.7",960,36,0,0,96.3855421686747,0,40,
"Nu: 0.0001, Gamma: 0.9",960,36,0,0,96.3855421686747,0,40,
"Nu: 0.0001, Gamma: 0.99",960,36,0,0,96.3855421686747,0,40,
"Nu: 0.0002, Gamma: 1e-05",958,30,2,6,96.78714859437751,0,40,
"Nu: 0.0002, Gamma: 2e-05",738,7,222,29,77.00803212851406,0,40,
"Nu: 0.0002, Gamma: 3e-05",956,35,4,1,96.08433734939759,0,40,
"Nu: 0.0002, Gamma: 4e-05",960,34,0,2,96.5863453815261,0,40,
"Nu: 0.0002, Gamma: 5e-05",960,35,0,1,96.4859437751004,0,40,
"Nu: 0.0002, Gamma: 6e-05",959,33,1,3,96.5863453815261,0,40,
"Nu: 0.0002, Gamma: 7e-05",893,22,67,14,91.06425702811245,0,40,
"Nu: 0.0002, Gamma: 8e-05",934,26,26,10,94.77911646586345,0,40,
"Nu: 0.0002, Gamma: 9e-05",805,11,155,25,83.33333333333334,0,40,
"Nu: 0.0002, Gamma: 0.0001",777,11,183,25,80.52208835341365,0,40,
"Nu: 0.0002, Gamma: 0.0002",949,34,11,2,95.48192771084338,0,40,
"Nu: 0.0002, Gamma: 0.0003",930,31,30,5,93.87550200803213,0,40,
"Nu: 0.0002, Gamma: 0.0004",960,36,0,0,96.3855421686747,0,40,
"Nu: 0.0002, Gamma: 0.005",960,36,0,0,96.3855421686747,0,40,
"Nu: 0.0002, Gamma: 0.05",960,36,0,0,96.3855421686747,0,40,
"Nu: 0.0002, Gamma: 0.0625",960,36,0,0,96.3855421686747,0,40,
"Nu: 0.0002, Gamma: 0.1",960,36,0,0,96.3855421686747,0,40,
"Nu: 0.0002, Gamma: 0.2",960,36,0,0,96.3855421686747,0,40,
"Nu: 0.0002, Gamma: 0.5",960,36,0,0,96.3855421686747,0,40,
"Nu: 0.0002, Gamma: 0.7",960,36,0,0,96.3855421686747,0,40,
"Nu: 0.0002, Gamma: 0.9",960,36,0,0,96.3855421686747,0,40,
"Nu: 0.0002, Gamma: 0.99",960,36,0,0,96.3855421686747,0,40,
"Nu: 0.0003, Gamma: 1e-05",738,5,222,31,77.20883534136547,0,40,
"Nu: 0.0003, Gamma: 2e-05",742,7,218,29,77.40963855421687,0,40,
"Nu: 0.0003, Gamma: 3e-05",953,31,7,5,96.18473895582329,0,40,
"Nu: 0.0003, Gamma: 4e-05",898,21,62,15,91.66666666666666,0,40,
"Nu: 0.0003, Gamma: 5e-05",756,9,204,27,78.6144578313253,0,40,
"Nu: 0.0003, Gamma: 6e-05",829,11,131,25,85.7429718875502,0,40,
"Nu: 0.0003, Gamma: 7e-05",901,23,59,13,91.76706827309236,0,40,
"Nu: 0.0003, Gamma: 8e-05",930,28,30,8,94.17670682730925,0,40,
"Nu: 0.0003, Gamma: 9e-05",773,11,187,25,80.12048192771084,0,40,
"Nu: 0.0003, Gamma: 0.0001",823,16,137,20,84.63855421686746,0,40,
"Nu: 0.0003, Gamma: 0.0002",903,26,57,10,91.66666666666666,0,40,
"Nu: 0.0003, Gamma: 0.0003",955,33,5,3,96.18473895582329,0,40,
"Nu: 0.0003, Gamma: 0.0004",960,35,0,1,96.4859437751004,0,40,
"Nu: 0.0003, Gamma: 0.005",931,31,29,5,93.97590361445783,0,40,
"Nu: 0.0003, Gamma: 0.05",960,36,0,0,96.3855421686747,0,40,
"Nu: 0.0003, Gamma: 0.0625",960,36,0,0,96.3855421686747,0,40,
"Nu: 0.0003, Gamma: 0.1",960,36,0,0,96.3855421686747,0,40,
"Nu: 0.0003, Gamma: 0.2",960,36,0,0,96.3855421686747,0,40,
"Nu: 0.0003, Gamma: 0.5",960,36,0,0,96.3855421686747,0,40,
"Nu: 0.0003, Gamma: 0.7",960,36,0,0,96.3855421686747,0,40,
"Nu: 0.0003, Gamma: 0.9",960,36,0,0,96.3855421686747,0,40,
"Nu: 0.0003, Gamma: 0.99",960,36,0,0,96.3855421686747,0,40,
"Nu: 0.0004, Gamma: 1e-05",737,5,223,31,77.10843373493977,0,40,
"Nu: 0.0004, Gamma: 2e-05",811,9,149,27,84.13654618473896,0,40,
"Nu: 0.0004, Gamma: 3e-05",881,23,79,13,89.7590361445783,0,40,
"Nu: 0.0004, Gamma: 4e-05",793,9,167,27,82.32931726907631,0,40,
"Nu: 0.0004, Gamma: 5e-05",862,16,98,20,88.55421686746988,0,40,
"Nu: 0.0004, Gamma: 6e-05",881,19,79,17,90.16064257028113,0,40,
"Nu: 0.0004, Gamma: 7e-05",906,22,54,14,92.3694779116466,0,40,
"Nu: 0.0004, Gamma: 8e-05",956,32,4,4,96.3855421686747,0,40,
"Nu: 0.0004, Gamma: 9e-05",955,32,5,4,96.285140562249,0,40,
"Nu: 0.0004, Gamma: 0.0001",815,12,145,24,84.23694779116467,0,40,
"Nu: 0.0004, Gamma: 0.0002",910,23,50,13,92.67068273092369,0,40,
"Nu: 0.0004, Gamma: 0.0003",943,32,17,4,95.08032128514057,0,40,
"Nu: 0.0004, Gamma: 0.0004",957,32,3,4,96.4859437751004,0,40,
"Nu: 0.0004, Gamma: 0.005",931,31,29,5,93.97590361445783,0,40,
"Nu: 0.0004, Gamma: 0.05",960,36,0,0,96.3855421686747,0,40,
"Nu: 0.0004, Gamma: 0.0625",960,36,0,0,96.3855421686747,0,40,
"Nu: 0.0004, Gamma: 0.1",960,36,0,0,96.3855421686747,0,40,
"Nu: 0.0004, Gamma: 0.2",960,36,0,0,96.3855421686747,0,40,
"Nu: 0.0004, Gamma: 0.5",960,36,0,0,96.3855421686747,0,40,
"Nu: 0.0004, Gamma: 0.7",960,36,0,0,96.3855421686747,0,40,
"Nu: 0.0004, Gamma: 0.9",960,36,0,0,96.3855421686747,0,40,
"Nu: 0.0004, Gamma: 0.99",960,36,0,0,96.3855421686747,0,40,
"Nu: 0.005, Gamma: 1e-05",773,4,187,32,80.82329317269075,0,40,
"Nu: 0.005, Gamma: 2e-05",780,8,180,28,81.12449799196787,0,40,
"Nu: 0.005, Gamma: 3e-05",777,8,183,28,80.82329317269075,0,40,
"Nu: 0.005, Gamma: 4e-05",780,8,180,28,81.12449799196787,0,40,
"Nu: 0.005, Gamma: 5e-05",790,8,170,28,82.1285140562249,0,40,
"Nu: 0.005, Gamma: 6e-05",787,7,173,29,81.92771084337349,0,40,
"Nu: 0.005, Gamma: 7e-05",791,8,169,28,82.2289156626506,0,40,
"Nu: 0.005, Gamma: 8e-05",804,9,156,27,83.43373493975903,0,40,
"Nu: 0.005, Gamma: 9e-05",797,9,163,27,82.73092369477911,0,40,
"Nu: 0.005, Gamma: 0.0001",800,9,160,27,83.03212851405623,0,40,
"Nu: 0.005, Gamma: 0.0002",802,8,158,28,83.33333333333334,0,40,
"Nu: 0.005, Gamma: 0.0003",830,9,130,27,86.04417670682732,0,40,
"Nu: 0.005, Gamma: 0.0004",846,13,114,23,87.24899598393574,0,40,
"Nu: 0.005, Gamma: 0.005",911,25,49,11,92.570281124498,0,40,
"Nu: 0.005, Gamma: 0.05",947,34,13,2,95.28112449799197,0,40,
"Nu: 0.005, Gamma: 0.0625",951,34,9,2,95.68273092369478,0,40,
"Nu: 0.005, Gamma: 0.1",953,34,7,2,95.88353413654619,0,40,
"Nu: 0.005, Gamma: 0.2",960,36,0,0,96.3855421686747,0,40,
"Nu: 0.005, Gamma: 0.5",960,36,0,0,96.3855421686747,0,40,
"Nu: 0.005, Gamma: 0.7",960,36,0,0,96.3855421686747,0,40,
"Nu: 0.005, Gamma: 0.9",960,36,0,0,96.3855421686747,0,40,
"Nu: 0.005, Gamma: 0.99",960,36,0,0,96.3855421686747,0,40,
"Nu: 0.05, Gamma: 1e-05",772,4,188,32,80.72289156626506,0,40,
"Nu: 0.05, Gamma: 2e-05",775,7,185,29,80.72289156626506,0,40,
"Nu: 0.05, Gamma: 3e-05",776,7,184,29,80.82329317269075,0,40,
"Nu: 0.05, Gamma: 4e-05",777,7,183,29,80.92369477911646,0,40,
"Nu: 0.05, Gamma: 5e-05",781,7,179,29,81.32530120481928,0,40,
"Nu: 0.05, Gamma: 6e-05",788,7,172,29,82.0281124497992,0,40,
"Nu: 0.05, Gamma: 7e-05",791,7,169,29,82.32931726907631,0,40,
"Nu: 0.05, Gamma: 8e-05",793,8,167,28,82.429718875502,0,40,
"Nu: 0.05, Gamma: 9e-05",796,8,164,28,82.73092369477911,0,40,
"Nu: 0.05, Gamma: 0.0001",797,8,163,28,82.83132530120481,0,40,
"Nu: 0.05, Gamma: 0.0002",803,8,157,28,83.43373493975903,0,40,
"Nu: 0.05, Gamma: 0.0003",824,10,136,26,85.34136546184739,0,40,
"Nu: 0.05, Gamma: 0.0004",842,11,118,25,87.04819277108435,0,40,
"Nu: 0.05, Gamma: 0.005",912,24,48,12,92.7710843373494,0,40,
"Nu: 0.05, Gamma: 0.05",945,33,15,3,95.18072289156626,0,40,
"Nu: 0.05, Gamma: 0.0625",951,34,9,2,95.68273092369478,0,40,
"Nu: 0.05, Gamma: 0.1",953,34,7,2,95.88353413654619,0,40,
"Nu: 0.05, Gamma: 0.2",959,36,1,0,96.285140562249,0,40,
"Nu: 0.05, Gamma: 0.5",960,36,0,0,96.3855421686747,0,40,
"Nu: 0.05, Gamma: 0.7",960,36,0,0,96.3855421686747,0,40,
"Nu: 0.05, Gamma: 0.9",960,36,0,0,96.3855421686747,0,40,
"Nu: 0.05, Gamma: 0.99",960,36,0,0,96.3855421686747,0,40,
"Nu: 0.0625, Gamma: 1e-05",772,4,188,32,80.72289156626506,0,40,
"Nu: 0.0625, Gamma: 2e-05",775,7,185,29,80.72289156626506,0,40,
"Nu: 0.0625, Gamma: 3e-05",776,7,184,29,80.82329317269075,0,40,
"Nu: 0.0625, Gamma: 4e-05",777,7,183,29,80.92369477911646,0,40,
"Nu: 0.0625, Gamma: 5e-05",781,7,179,29,81.32530120481928,0,40,
"Nu: 0.0625, Gamma: 6e-05",788,7,172,29,82.0281124497992,0,40,
"Nu: 0.0625, Gamma: 7e-05",791,7,169,29,82.32931726907631,0,40,
"Nu: 0.0625, Gamma: 8e-05",793,8,167,28,82.429718875502,0,40,
"Nu: 0.0625, Gamma: 9e-05",796,8,164,28,82.73092369477911,0,40,
"Nu: 0.0625, Gamma: 0.0001",796,8,164,28,82.73092369477911,0,40,
"Nu: 0.0625, Gamma: 0.0002",803,8,157,28,83.43373493975903,0,40,
"Nu: 0.0625, Gamma: 0.0003",829,9,131,27,85.94377510040161,0,40,
"Nu: 0.0625, Gamma: 0.0004",842,12,118,24,86.94779116465864,0,40,
"Nu: 0.0625, Gamma: 0.005",912,24,48,12,92.7710843373494,0,40,
"Nu: 0.0625, Gamma: 0.05",945,33,15,3,95.18072289156626,0,40,
"Nu: 0.0625, Gamma: 0.0625",951,34,9,2,95.68273092369478,0,40,
"Nu: 0.0625, Gamma: 0.1",953,34,7,2,95.88353413654619,0,40,
"Nu: 0.0625, Gamma: 0.2",959,36,1,0,96.285140562249,0,40,
"Nu: 0.0625, Gamma: 0.5",960,36,0,0,96.3855421686747,0,40,
"Nu: 0.0625, Gamma: 0.7",960,36,0,0,96.3855421686747,0,40,
"Nu: 0.0625, Gamma: 0.9",960,36,0,0,96.3855421686747,0,40,
"Nu: 0.0625, Gamma: 0.99",960,36,0,0,96.3855421686747,0,40,
"Nu: 0.1, Gamma: 1e-05",773,5,187,31,80.72289156626506,0,40,
"Nu: 0.1, Gamma: 2e-05",775,7,185,29,80.72289156626506,0,40,
"Nu: 0.1, Gamma: 3e-05",776,7,184,29,80.82329317269075,0,40,
"Nu: 0.1, Gamma: 4e-05",777,7,183,29,80.92369477911646,0,40,
"Nu: 0.1, Gamma: 5e-05",781,7,179,29,81.32530120481928,0,40,
"Nu: 0.1, Gamma: 6e-05",788,7,172,29,82.0281124497992,0,40,
"Nu: 0.1, Gamma: 7e-05",790,7,170,29,82.2289156626506,0,40,
"Nu: 0.1, Gamma: 8e-05",793,8,167,28,82.429718875502,0,40,
"Nu: 0.1, Gamma: 9e-05",796,8,164,28,82.73092369477911,0,40,
"Nu: 0.1, Gamma: 0.0001",797,8,163,28,82.83132530120481,0,40,
"Nu: 0.1, Gamma: 0.0002",803,8,157,28,83.43373493975903,0,40,
"Nu: 0.1, Gamma: 0.0003",828,9,132,27,85.8433734939759,0,40,
"Nu: 0.1, Gamma: 0.0004",842,11,118,25,87.04819277108435,0,40,
"Nu: 0.1, Gamma: 0.005",912,24,48,12,92.7710843373494,0,40,
"Nu: 0.1, Gamma: 0.05",945,33,15,3,95.18072289156626,0,40,
"Nu: 0.1, Gamma: 0.0625",951,34,9,2,95.68273092369478,0,40,
"Nu: 0.1, Gamma: 0.1",953,34,7,2,95.88353413654619,0,40,
"Nu: 0.1, Gamma: 0.2",959,36,1,0,96.285140562249,0,40,
"Nu: 0.1, Gamma: 0.5",960,36,0,0,96.3855421686747,0,40,
"Nu: 0.1, Gamma: 0.7",960,36,0,0,96.3855421686747,0,40,
"Nu: 0.1, Gamma: 0.9",960,36,0,0,96.3855421686747,0,40,
"Nu: 0.1, Gamma: 0.99",960,36,0,0,96.3855421686747,0,40,
"Nu: 0.2, Gamma: 1e-05",774,7,186,29,80.62248995983936,0,40,
"Nu: 0.2, Gamma: 2e-05",778,7,182,29,81.02409638554217,0,40,
"Nu: 0.2, Gamma: 3e-05",779,7,181,29,81.12449799196787,0,40,
"Nu: 0.2, Gamma: 4e-05",780,7,180,29,81.22489959839358,0,40,
"Nu: 0.2, Gamma: 5e-05",782,7,178,29,81.42570281124499,0,40,
"Nu: 0.2, Gamma: 6e-05",788,7,172,29,82.0281124497992,0,40,
"Nu: 0.2, Gamma: 7e-05",790,8,170,28,82.1285140562249,0,40,
"Nu: 0.2, Gamma: 8e-05",794,8,166,28,82.53012048192771,0,40,
"Nu: 0.2, Gamma: 9e-05",796,8,164,28,82.73092369477911,0,40,
"Nu: 0.2, Gamma: 0.0001",797,8,163,28,82.83132530120481,0,40,
"Nu: 0.2, Gamma: 0.0002",803,8,157,28,83.43373493975903,0,40,
"Nu: 0.2, Gamma: 0.0003",828,9,132,27,85.8433734939759,0,40,
"Nu: 0.2, Gamma: 0.0004",842,11,118,25,87.04819277108435,0,40,
"Nu: 0.2, Gamma: 0.005",912,24,48,12,92.7710843373494,0,40,
"Nu: 0.2, Gamma: 0.05",945,33,15,3,95.18072289156626,0,40,
"Nu: 0.2, Gamma: 0.0625",951,34,9,2,95.68273092369478,0,40,
"Nu: 0.2, Gamma: 0.1",953,34,7,2,95.88353413654619,0,40,
"Nu: 0.2, Gamma: 0.2",959,36,1,0,96.285140562249,0,40,
"Nu: 0.2, Gamma: 0.5",960,36,0,0,96.3855421686747,0,40,
"Nu: 0.2, Gamma: 0.7",960,36,0,0,96.3855421686747,0,40,
"Nu: 0.2, Gamma: 0.9",960,36,0,0,96.3855421686747,0,40,
"Nu: 0.2, Gamma: 0.99",960,36,0,0,96.3855421686747,0,40,
"Nu: 0.5, Gamma: 1e-05",877,19,83,17,89.7590361445783,0,40,
"Nu: 0.5, Gamma: 2e-05",866,19,94,17,88.65461847389558,0,40,
"Nu: 0.5, Gamma: 3e-05",864,18,96,18,88.55421686746988,0,40,
"Nu: 0.5, Gamma: 4e-05",860,18,100,18,88.15261044176707,0,40,
"Nu: 0.5, Gamma: 5e-05",860,18,100,18,88.15261044176707,0,40,
"Nu: 0.5, Gamma: 6e-05",857,18,103,18,87.85140562248996,0,40,
"Nu: 0.5, Gamma: 7e-05",855,18,105,18,87.65060240963855,0,40,
"Nu: 0.5, Gamma: 8e-05",856,18,104,18,87.75100401606426,0,40,
"Nu: 0.5, Gamma: 9e-05",856,18,104,18,87.75100401606426,0,40,
"Nu: 0.5, Gamma: 0.0001",857,18,103,18,87.85140562248996,0,40,
"Nu: 0.5, Gamma: 0.0002",847,17,113,19,86.94779116465864,0,40,
"Nu: 0.5, Gamma: 0.0003",850,17,110,19,87.24899598393574,0,40,
"Nu: 0.5, Gamma: 0.0004",856,18,104,18,87.75100401606426,0,40,
"Nu: 0.5, Gamma: 0.005",912,24,48,12,92.7710843373494,0,40,
"Nu: 0.5, Gamma: 0.05",945,33,15,3,95.18072289156626,0,40,
"Nu: 0.5, Gamma: 0.0625",951,34,9,2,95.68273092369478,0,40,
"Nu: 0.5, Gamma: 0.1",953,34,7,2,95.88353413654619,0,40,
"Nu: 0.5, Gamma: 0.2",959,36,1,0,96.285140562249,0,40,
"Nu: 0.5, Gamma: 0.5",960,36,0,0,96.3855421686747,0,40,
"Nu: 0.5, Gamma: 0.7",960,36,0,0,96.3855421686747,0,40,
"Nu: 0.5, Gamma: 0.9",960,36,0,0,96.3855421686747,0,40,
"Nu: 0.5, Gamma: 0.99",960,36,0,0,96.3855421686747,0,40,
"Nu: 0.7, Gamma: 1e-05",914,24,46,12,92.9718875502008,0,40,
"Nu: 0.7, Gamma: 2e-05",912,26,48,10,92.570281124498,0,40,
"Nu: 0.7, Gamma: 3e-05",907,26,53,10,92.06827309236948,0,40,
"Nu: 0.7, Gamma: 4e-05",906,25,54,11,92.06827309236948,0,40,
"Nu: 0.7, Gamma: 5e-05",904,24,56,12,91.96787148594377,0,40,
"Nu: 0.7, Gamma: 6e-05",902,24,58,12,91.76706827309236,0,40,
"Nu: 0.7, Gamma: 7e-05",902,24,58,12,91.76706827309236,0,40,
"Nu: 0.7, Gamma: 8e-05",904,24,56,12,91.96787148594377,0,40,
"Nu: 0.7, Gamma: 9e-05",902,24,58,12,91.76706827309236,0,40,
"Nu: 0.7, Gamma: 0.0001",900,24,60,12,91.56626506024097,0,40,
"Nu: 0.7, Gamma: 0.0002",894,23,66,13,91.06425702811245,0,40,
"Nu: 0.7, Gamma: 0.0003",898,23,62,13,91.46586345381526,0,40,
"Nu: 0.7, Gamma: 0.0004",902,23,58,13,91.86746987951807,0,40,
"Nu: 0.7, Gamma: 0.005",919,26,41,10,93.27309236947792,0,40,
"Nu: 0.7, Gamma: 0.05",945,33,15,3,95.18072289156626,0,40,
"Nu: 0.7, Gamma: 0.0625",951,34,9,2,95.68273092369478,0,40,
"Nu: 0.7, Gamma: 0.1",953,34,7,2,95.88353413654619,0,40,
"Nu: 0.7, Gamma: 0.2",959,36,1,0,96.285140562249,0,40,
"Nu: 0.7, Gamma: 0.5",960,36,0,0,96.3855421686747,0,40,
"Nu: 0.7, Gamma: 0.7",960,36,0,0,96.3855421686747,0,40,
"Nu: 0.7, Gamma: 0.9",960,36,0,0,96.3855421686747,0,40,
"Nu: 0.7, Gamma: 0.99",960,36,0,0,96.3855421686747,0,40,
"Nu: 0.9, Gamma: 1e-05",947,32,13,4,95.48192771084338,0,40,
"Nu: 0.9, Gamma: 2e-05",950,32,10,4,95.78313253012048,0,40,
"Nu: 0.9, Gamma: 3e-05",950,32,10,4,95.78313253012048,0,40,
"Nu: 0.9, Gamma: 4e-05",950,32,10,4,95.78313253012048,0,40,
"Nu: 0.9, Gamma: 5e-05",951,33,9,3,95.78313253012048,0,40,
"Nu: 0.9, Gamma: 6e-05",951,32,9,4,95.88353413654619,0,40,
"Nu: 0.9, Gamma: 7e-05",951,32,9,4,95.88353413654619,0,40,
"Nu: 0.9, Gamma: 8e-05",952,33,8,3,95.88353413654619,0,40,
"Nu: 0.9, Gamma: 9e-05",952,33,8,3,95.88353413654619,0,40,
"Nu: 0.9, Gamma: 0.0001",953,33,7,3,95.98393574297188,0,40,
"Nu: 0.9, Gamma: 0.0002",956,33,4,3,96.285140562249,0,40,
"Nu: 0.9, Gamma: 0.0003",951,34,9,2,95.68273092369478,0,40,
"Nu: 0.9, Gamma: 0.0004",950,34,10,2,95.58232931726907,0,40,
"Nu: 0.9, Gamma: 0.005",933,34,27,2,93.87550200803213,0,40,
"Nu: 0.9, Gamma: 0.05",945,33,15,3,95.18072289156626,0,40,
"Nu: 0.9, Gamma: 0.0625",951,34,9,2,95.68273092369478,0,40,
"Nu: 0.9, Gamma: 0.1",953,34,7,2,95.88353413654619,0,40,
"Nu: 0.9, Gamma: 0.2",959,36,1,0,96.285140562249,0,40,
"Nu: 0.9, Gamma: 0.5",960,36,0,0,96.3855421686747,0,40,
"Nu: 0.9, Gamma: 0.7",960,36,0,0,96.3855421686747,0,40,
"Nu: 0.9, Gamma: 0.9",960,36,0,0,96.3855421686747,0,40,
"Nu: 0.9, Gamma: 0.99",960,36,0,0,96.3855421686747,0,40,
"Nu: 0.99, Gamma: 1e-05",957,36,3,0,96.08433734939759,0,40,
"Nu: 0.99, Gamma: 2e-05",960,36,0,0,96.3855421686747,0,40,
"Nu: 0.99, Gamma: 3e-05",960,36,0,0,96.3855421686747,0,40,
"Nu: 0.99, Gamma: 4e-05",960,36,0,0,96.3855421686747,0,40,
"Nu: 0.99, Gamma: 5e-05",960,36,0,0,96.3855421686747,0,40,
"Nu: 0.99, Gamma: 6e-05",960,36,0,0,96.3855421686747,0,40,
"Nu: 0.99, Gamma: 7e-05",960,36,0,0,96.3855421686747,0,40,
"Nu: 0.99, Gamma: 8e-05",960,36,0,0,96.3855421686747,0,40,
"Nu: 0.99, Gamma: 9e-05",960,36,0,0,96.3855421686747,0,40,
"Nu: 0.99, Gamma: 0.0001",960,36,0,0,96.3855421686747,0,40,
"Nu: 0.99, Gamma: 0.0002",960,36,0,0,96.3855421686747,0,40,
"Nu: 0.99, Gamma: 0.0003",960,36,0,0,96.3855421686747,0,40,
"Nu: 0.99, Gamma: 0.0004",960,36,0,0,96.3855421686747,0,40,
"Nu: 0.99, Gamma: 0.005",952,36,8,0,95.58232931726907,0,40,
"Nu: 0.99, Gamma: 0.05",958,35,2,1,96.285140562249,0,40,
"Nu: 0.99, Gamma: 0.0625",959,35,1,1,96.3855421686747,0,40,
"Nu: 0.99, Gamma: 0.1",960,36,0,0,96.3855421686747,0,40,
"Nu: 0.99, Gamma: 0.2",960,36,0,0,96.3855421686747,0,40,
"Nu: 0.99, Gamma: 0.5",960,36,0,0,96.3855421686747,0,40,
"Nu: 0.99, Gamma: 0.7",960,36,0,0,96.3855421686747,0,40,
"Nu: 0.99, Gamma: 0.9",960,36,0,0,96.3855421686747,0,40,
"Nu: 0.99, Gamma: 0.99",960,36,0,0,96.3855421686747,0,40,
,,,,,,,,
Target Class: blackscholes-bodytrack,TP,FP,FN,TN,ACC (%),Noise Percantages,Upsampling,
"Nu: 5e-05, Gamma: 1e-05",976,34,0,0,96.63366336633663,0,40,
"Nu: 5e-05, Gamma: 2e-05",976,34,0,0,96.63366336633663,0,40,
"Nu: 5e-05, Gamma: 3e-05",976,34,0,0,96.63366336633663,0,40,
"Nu: 5e-05, Gamma: 4e-05",976,34,0,0,96.63366336633663,0,40,
"Nu: 5e-05, Gamma: 5e-05",976,34,0,0,96.63366336633663,0,40,
"Nu: 5e-05, Gamma: 6e-05",976,34,0,0,96.63366336633663,0,40,
"Nu: 5e-05, Gamma: 7e-05",976,34,0,0,96.63366336633663,0,40,
"Nu: 5e-05, Gamma: 8e-05",976,34,0,0,96.63366336633663,0,40,
"Nu: 5e-05, Gamma: 9e-05",976,34,0,0,96.63366336633663,0,40,
"Nu: 5e-05, Gamma: 0.0001",976,34,0,0,96.63366336633663,0,40,
"Nu: 5e-05, Gamma: 0.0002",976,34,0,0,96.63366336633663,0,40,
"Nu: 5e-05, Gamma: 0.0003",976,34,0,0,96.63366336633663,0,40,
"Nu: 5e-05, Gamma: 0.0004",976,34,0,0,96.63366336633663,0,40,
"Nu: 5e-05, Gamma: 0.005",976,34,0,0,96.63366336633663,0,40,
"Nu: 5e-05, Gamma: 0.05",976,34,0,0,96.63366336633663,0,40,
"Nu: 5e-05, Gamma: 0.0625",976,34,0,0,96.63366336633663,0,40,
"Nu: 5e-05, Gamma: 0.1",976,34,0,0,96.63366336633663,0,40,
"Nu: 5e-05, Gamma: 0.2",976,34,0,0,96.63366336633663,0,40,
"Nu: 5e-05, Gamma: 0.5",976,34,0,0,96.63366336633663,0,40,
"Nu: 5e-05, Gamma: 0.7",976,34,0,0,96.63366336633663,0,40,
"Nu: 5e-05, Gamma: 0.9",976,34,0,0,96.63366336633663,0,40,
"Nu: 5e-05, Gamma: 0.99",976,34,0,0,96.63366336633663,0,40,
"Nu: 6e-05, Gamma: 1e-05",976,34,0,0,96.63366336633663,0,40,
"Nu: 6e-05, Gamma: 2e-05",976,34,0,0,96.63366336633663,0,40,
"Nu: 6e-05, Gamma: 3e-05",976,34,0,0,96.63366336633663,0,40,
"Nu: 6e-05, Gamma: 4e-05",976,34,0,0,96.63366336633663,0,40,
"Nu: 6e-05, Gamma: 5e-05",976,34,0,0,96.63366336633663,0,40,
"Nu: 6e-05, Gamma: 6e-05",976,34,0,0,96.63366336633663,0,40,
"Nu: 6e-05, Gamma: 7e-05",976,34,0,0,96.63366336633663,0,40,
"Nu: 6e-05, Gamma: 8e-05",976,34,0,0,96.63366336633663,0,40,
"Nu: 6e-05, Gamma: 9e-05",976,34,0,0,96.63366336633663,0,40,
"Nu: 6e-05, Gamma: 0.0001",976,34,0,0,96.63366336633663,0,40,
"Nu: 6e-05, Gamma: 0.0002",976,34,0,0,96.63366336633663,0,40,
"Nu: 6e-05, Gamma: 0.0003",976,34,0,0,96.63366336633663,0,40,
"Nu: 6e-05, Gamma: 0.0004",976,34,0,0,96.63366336633663,0,40,
"Nu: 6e-05, Gamma: 0.005",976,34,0,0,96.63366336633663,0,40,
"Nu: 6e-05, Gamma: 0.05",976,31,0,3,96.93069306930693,0,40,
"Nu: 6e-05, Gamma: 0.0625",976,31,0,3,96.93069306930693,0,40,
"Nu: 6e-05, Gamma: 0.1",976,31,0,3,96.93069306930693,0,40,
"Nu: 6e-05, Gamma: 0.2",976,31,0,3,96.93069306930693,0,40,
"Nu: 6e-05, Gamma: 0.5",976,31,0,3,96.93069306930693,0,40,
"Nu: 6e-05, Gamma: 0.7",976,31,0,3,96.93069306930693,0,40,
"Nu: 6e-05, Gamma: 0.9",976,31,0,3,96.93069306930693,0,40,
"Nu: 6e-05, Gamma: 0.99",976,31,0,3,96.93069306930693,0,40,
"Nu: 7e-05, Gamma: 1e-05",976,34,0,0,96.63366336633663,0,40,
"Nu: 7e-05, Gamma: 2e-05",976,33,0,1,96.73267326732673,0,40,
"Nu: 7e-05, Gamma: 3e-05",976,33,0,1,96.73267326732673,0,40,
"Nu: 7e-05, Gamma: 4e-05",976,34,0,0,96.63366336633663,0,40,
"Nu: 7e-05, Gamma: 5e-05",976,34,0,0,96.63366336633663,0,40,
"Nu: 7e-05, Gamma: 6e-05",976,34,0,0,96.63366336633663,0,40,
"Nu: 7e-05, Gamma: 7e-05",976,34,0,0,96.63366336633663,0,40,
"Nu: 7e-05, Gamma: 8e-05",976,34,0,0,96.63366336633663,0,40,
"Nu: 7e-05, Gamma: 9e-05",976,34,0,0,96.63366336633663,0,40,
"Nu: 7e-05, Gamma: 0.0001",976,34,0,0,96.63366336633663,0,40,
"Nu: 7e-05, Gamma: 0.0002",976,34,0,0,96.63366336633663,0,40,
"Nu: 7e-05, Gamma: 0.0003",976,34,0,0,96.63366336633663,0,40,
"Nu: 7e-05, Gamma: 0.0004",976,34,0,0,96.63366336633663,0,40,
"Nu: 7e-05, Gamma: 0.005",976,34,0,0,96.63366336633663,0,40,
"Nu: 7e-05, Gamma: 0.05",976,34,0,0,96.63366336633663,0,40,
"Nu: 7e-05, Gamma: 0.0625",976,34,0,0,96.63366336633663,0,40,
"Nu: 7e-05, Gamma: 0.1",976,34,0,0,96.63366336633663,0,40,
"Nu: 7e-05, Gamma: 0.2",976,34,0,0,96.63366336633663,0,40,
"Nu: 7e-05, Gamma: 0.5",976,34,0,0,96.63366336633663,0,40,
"Nu: 7e-05, Gamma: 0.7",976,34,0,0,96.63366336633663,0,40,
"Nu: 7e-05, Gamma: 0.9",976,34,0,0,96.63366336633663,0,40,
"Nu: 7e-05, Gamma: 0.99",976,34,0,0,96.63366336633663,0,40,
"Nu: 8e-05, Gamma: 1e-05",976,34,0,0,96.63366336633663,0,40,
"Nu: 8e-05, Gamma: 2e-05",976,31,0,3,96.93069306930693,0,40,
"Nu: 8e-05, Gamma: 3e-05",976,33,0,1,96.73267326732673,0,40,
"Nu: 8e-05, Gamma: 4e-05",976,34,0,0,96.63366336633663,0,40,
"Nu: 8e-05, Gamma: 5e-05",976,34,0,0,96.63366336633663,0,40,
"Nu: 8e-05, Gamma: 6e-05",976,34,0,0,96.63366336633663,0,40,
"Nu: 8e-05, Gamma: 7e-05",976,34,0,0,96.63366336633663,0,40,
"Nu: 8e-05, Gamma: 8e-05",976,34,0,0,96.63366336633663,0,40,
"Nu: 8e-05, Gamma: 9e-05",976,34,0,0,96.63366336633663,0,40,
"Nu: 8e-05, Gamma: 0.0001",976,34,0,0,96.63366336633663,0,40,
"Nu: 8e-05, Gamma: 0.0002",976,34,0,0,96.63366336633663,0,40,
"Nu: 8e-05, Gamma: 0.0003",976,34,0,0,96.63366336633663,0,40,
"Nu: 8e-05, Gamma: 0.0004",976,34,0,0,96.63366336633663,0,40,
"Nu: 8e-05, Gamma: 0.005",976,34,0,0,96.63366336633663,0,40,
"Nu: 8e-05, Gamma: 0.05",976,34,0,0,96.63366336633663,0,40,
"Nu: 8e-05, Gamma: 0.0625",976,34,0,0,96.63366336633663,0,40,
"Nu: 8e-05, Gamma: 0.1",976,34,0,0,96.63366336633663,0,40,
"Nu: 8e-05, Gamma: 0.2",976,34,0,0,96.63366336633663,0,40,
"Nu: 8e-05, Gamma: 0.5",976,34,0,0,96.63366336633663,0,40,
"Nu: 8e-05, Gamma: 0.7",976,34,0,0,96.63366336633663,0,40,
"Nu: 8e-05, Gamma: 0.9",976,34,0,0,96.63366336633663,0,40,
"Nu: 8e-05, Gamma: 0.99",976,34,0,0,96.63366336633663,0,40,
"Nu: 9e-05, Gamma: 1e-05",976,33,0,1,96.73267326732673,0,40,
"Nu: 9e-05, Gamma: 2e-05",976,31,0,3,96.93069306930693,0,40,
"Nu: 9e-05, Gamma: 3e-05",976,33,0,1,96.73267326732673,0,40,
"Nu: 9e-05, Gamma: 4e-05",976,34,0,0,96.63366336633663,0,40,
"Nu: 9e-05, Gamma: 5e-05",976,34,0,0,96.63366336633663,0,40,
"Nu: 9e-05, Gamma: 6e-05",976,34,0,0,96.63366336633663,0,40,
"Nu: 9e-05, Gamma: 7e-05",976,34,0,0,96.63366336633663,0,40,
"Nu: 9e-05, Gamma: 8e-05",976,34,0,0,96.63366336633663,0,40,
"Nu: 9e-05, Gamma: 9e-05",976,34,0,0,96.63366336633663,0,40,
"Nu: 9e-05, Gamma: 0.0001",976,34,0,0,96.63366336633663,0,40,
"Nu: 9e-05, Gamma: 0.0002",976,34,0,0,96.63366336633663,0,40,
"Nu: 9e-05, Gamma: 0.0003",976,34,0,0,96.63366336633663,0,40,
"Nu: 9e-05, Gamma: 0.0004",976,34,0,0,96.63366336633663,0,40,
"Nu: 9e-05, Gamma: 0.005",976,34,0,0,96.63366336633663,0,40,
"Nu: 9e-05, Gamma: 0.05",976,34,0,0,96.63366336633663,0,40,
"Nu: 9e-05, Gamma: 0.0625",976,34,0,0,96.63366336633663,0,40,
"Nu: 9e-05, Gamma: 0.1",976,34,0,0,96.63366336633663,0,40,
"Nu: 9e-05, Gamma: 0.2",976,34,0,0,96.63366336633663,0,40,
"Nu: 9e-05, Gamma: 0.5",976,34,0,0,96.63366336633663,0,40,
"Nu: 9e-05, Gamma: 0.7",976,34,0,0,96.63366336633663,0,40,
"Nu: 9e-05, Gamma: 0.9",976,34,0,0,96.63366336633663,0,40,
"Nu: 9e-05, Gamma: 0.99",976,34,0,0,96.63366336633663,0,40,
"Nu: 0.0001, Gamma: 1e-05",976,32,0,2,96.83168316831683,0,40,
"Nu: 0.0001, Gamma: 2e-05",976,31,0,3,96.93069306930693,0,40,
"Nu: 0.0001, Gamma: 3e-05",976,33,0,1,96.73267326732673,0,40,
"Nu: 0.0001, Gamma: 4e-05",976,34,0,0,96.63366336633663,0,40,
"Nu: 0.0001, Gamma: 5e-05",976,34,0,0,96.63366336633663,0,40,
"Nu: 0.0001, Gamma: 6e-05",976,34,0,0,96.63366336633663,0,40,
"Nu: 0.0001, Gamma: 7e-05",976,34,0,0,96.63366336633663,0,40,
"Nu: 0.0001, Gamma: 8e-05",976,34,0,0,96.63366336633663,0,40,
"Nu: 0.0001, Gamma: 9e-05",976,34,0,0,96.63366336633663,0,40,
"Nu: 0.0001, Gamma: 0.0001",976,34,0,0,96.63366336633663,0,40,
"Nu: 0.0001, Gamma: 0.0002",976,34,0,0,96.63366336633663,0,40,
"Nu: 0.0001, Gamma: 0.0003",976,34,0,0,96.63366336633663,0,40,
"Nu: 0.0001, Gamma: 0.0004",976,34,0,0,96.63366336633663,0,40,
"Nu: 0.0001, Gamma: 0.005",976,34,0,0,96.63366336633663,0,40,
"Nu: 0.0001, Gamma: 0.05",976,34,0,0,96.63366336633663,0,40,
"Nu: 0.0001, Gamma: 0.0625",976,34,0,0,96.63366336633663,0,40,
"Nu: 0.0001, Gamma: 0.1",976,34,0,0,96.63366336633663,0,40,
"Nu: 0.0001, Gamma: 0.2",976,34,0,0,96.63366336633663,0,40,
"Nu: 0.0001, Gamma: 0.5",976,34,0,0,96.63366336633663,0,40,
"Nu: 0.0001, Gamma: 0.7",976,34,0,0,96.63366336633663,0,40,
"Nu: 0.0001, Gamma: 0.9",976,34,0,0,96.63366336633663,0,40,
"Nu: 0.0001, Gamma: 0.99",976,34,0,0,96.63366336633663,0,40,
"Nu: 0.0002, Gamma: 1e-05",976,29,0,5,97.12871287128712,0,40,
"Nu: 0.0002, Gamma: 2e-05",967,29,9,5,96.23762376237623,0,40,
"Nu: 0.0002, Gamma: 3e-05",932,30,44,4,92.67326732673268,0,40,
"Nu: 0.0002, Gamma: 4e-05",972,32,4,2,96.43564356435644,0,40,
"Nu: 0.0002, Gamma: 5e-05",975,32,1,2,96.73267326732673,0,40,
"Nu: 0.0002, Gamma: 6e-05",870,24,106,10,87.12871287128714,0,40,
"Nu: 0.0002, Gamma: 7e-05",950,30,26,4,94.45544554455445,0,40,
"Nu: 0.0002, Gamma: 8e-05",962,30,14,4,95.64356435643563,0,40,
"Nu: 0.0002, Gamma: 9e-05",909,26,67,8,90.79207920792079,0,40,
"Nu: 0.0002, Gamma: 0.0001",929,28,47,6,92.57425742574257,0,40,
"Nu: 0.0002, Gamma: 0.0002",976,34,0,0,96.63366336633663,0,40,
"Nu: 0.0002, Gamma: 0.0003",976,34,0,0,96.63366336633663,0,40,
"Nu: 0.0002, Gamma: 0.0004",976,34,0,0,96.63366336633663,0,40,
"Nu: 0.0002, Gamma: 0.005",976,34,0,0,96.63366336633663,0,40,
"Nu: 0.0002, Gamma: 0.05",976,31,0,3,96.93069306930693,0,40,
"Nu: 0.0002, Gamma: 0.0625",976,31,0,3,96.93069306930693,0,40,
"Nu: 0.0002, Gamma: 0.1",976,31,0,3,96.93069306930693,0,40,
"Nu: 0.0002, Gamma: 0.2",976,31,0,3,96.93069306930693,0,40,
"Nu: 0.0002, Gamma: 0.5",976,31,0,3,96.93069306930693,0,40,
"Nu: 0.0002, Gamma: 0.7",976,31,0,3,96.93069306930693,0,40,
"Nu: 0.0002, Gamma: 0.9",976,31,0,3,96.93069306930693,0,40,
"Nu: 0.0002, Gamma: 0.99",976,31,0,3,96.93069306930693,0,40,
"Nu: 0.0003, Gamma: 1e-05",710,4,266,30,73.26732673267327,0,40,
"Nu: 0.0003, Gamma: 2e-05",951,29,25,5,94.65346534653465,0,40,
"Nu: 0.0003, Gamma: 3e-05",803,16,173,18,81.28712871287128,0,40,
"Nu: 0.0003, Gamma: 4e-05",742,13,234,21,75.54455445544555,0,40,
"Nu: 0.0003, Gamma: 5e-05",731,8,245,26,74.95049504950495,0,40,
"Nu: 0.0003, Gamma: 6e-05",755,9,221,25,77.22772277227723,0,40,
"Nu: 0.0003, Gamma: 7e-05",737,10,239,24,75.34653465346534,0,40,
"Nu: 0.0003, Gamma: 8e-05",889,23,87,11,89.10891089108911,0,40,
"Nu: 0.0003, Gamma: 9e-05",901,26,75,8,90.0,0,40,
"Nu: 0.0003, Gamma: 0.0001",918,28,58,6,91.48514851485149,0,40,
"Nu: 0.0003, Gamma: 0.0002",976,34,0,0,96.63366336633663,0,40,
"Nu: 0.0003, Gamma: 0.0003",976,34,0,0,96.63366336633663,0,40,
"Nu: 0.0003, Gamma: 0.0004",973,33,3,1,96.43564356435644,0,40,
"Nu: 0.0003, Gamma: 0.005",976,31,0,3,96.93069306930693,0,40,
"Nu: 0.0003, Gamma: 0.05",976,34,0,0,96.63366336633663,0,40,
"Nu: 0.0003, Gamma: 0.0625",976,34,0,0,96.63366336633663,0,40,
"Nu: 0.0003, Gamma: 0.1",976,34,0,0,96.63366336633663,0,40,
"Nu: 0.0003, Gamma: 0.2",976,34,0,0,96.63366336633663,0,40,
"Nu: 0.0003, Gamma: 0.5",976,34,0,0,96.63366336633663,0,40,
"Nu: 0.0003, Gamma: 0.7",976,34,0,0,96.63366336633663,0,40,
"Nu: 0.0003, Gamma: 0.9",976,34,0,0,96.63366336633663,0,40,
"Nu: 0.0003, Gamma: 0.99",976,34,0,0,96.63366336633663,0,40,
"Nu: 0.0004, Gamma: 1e-05",709,4,267,30,73.16831683168317,0,40,
"Nu: 0.0004, Gamma: 2e-05",809,14,167,20,82.07920792079207,0,40,
"Nu: 0.0004, Gamma: 3e-05",947,27,29,7,94.45544554455445,0,40,
"Nu: 0.0004, Gamma: 4e-05",746,13,230,21,75.94059405940594,0,40,
"Nu: 0.0004, Gamma: 5e-05",905,24,71,10,90.5940594059406,0,40,
"Nu: 0.0004, Gamma: 6e-05",757,10,219,24,77.32673267326733,0,40,
"Nu: 0.0004, Gamma: 7e-05",732,8,244,26,75.04950495049505,0,40,
"Nu: 0.0004, Gamma: 8e-05",871,22,105,12,87.42574257425743,0,40,
"Nu: 0.0004, Gamma: 9e-05",910,27,66,7,90.79207920792079,0,40,
"Nu: 0.0004, Gamma: 0.0001",956,33,20,1,94.75247524752474,0,40,
"Nu: 0.0004, Gamma: 0.0002",948,30,28,4,94.25742574257426,0,40,
"Nu: 0.0004, Gamma: 0.0003",909,27,67,7,90.6930693069307,0,40,
"Nu: 0.0004, Gamma: 0.0004",958,27,18,7,95.54455445544554,0,40,
"Nu: 0.0004, Gamma: 0.005",976,31,0,3,96.93069306930693,0,40,
"Nu: 0.0004, Gamma: 0.05",976,31,0,3,96.93069306930693,0,40,
"Nu: 0.0004, Gamma: 0.0625",976,31,0,3,96.93069306930693,0,40,
"Nu: 0.0004, Gamma: 0.1",976,31,0,3,96.93069306930693,0,40,
"Nu: 0.0004, Gamma: 0.2",976,31,0,3,96.93069306930693,0,40,
"Nu: 0.0004, Gamma: 0.5",976,31,0,3,96.93069306930693,0,40,
"Nu: 0.0004, Gamma: 0.7",976,31,0,3,96.93069306930693,0,40,
"Nu: 0.0004, Gamma: 0.9",976,31,0,3,96.93069306930693,0,40,
"Nu: 0.0004, Gamma: 0.99",976,31,0,3,96.93069306930693,0,40,
"Nu: 0.005, Gamma: 1e-05",724,6,252,28,74.45544554455445,0,40,
"Nu: 0.005, Gamma: 2e-05",734,8,242,26,75.24752475247524,0,40,
"Nu: 0.005, Gamma: 3e-05",730,7,246,27,74.95049504950495,0,40,
"Nu: 0.005, Gamma: 4e-05",735,11,241,23,75.04950495049505,0,40,
"Nu: 0.005, Gamma: 5e-05",745,11,231,23,76.03960396039604,0,40,
"Nu: 0.005, Gamma: 6e-05",743,11,233,23,75.84158415841584,0,40,
"Nu: 0.005, Gamma: 7e-05",745,11,231,23,76.03960396039604,0,40,
"Nu: 0.005, Gamma: 8e-05",746,12,230,22,76.03960396039604,0,40,
"Nu: 0.005, Gamma: 9e-05",746,12,230,22,76.03960396039604,0,40,
"Nu: 0.005, Gamma: 0.0001",749,12,227,22,76.33663366336634,0,40,
"Nu: 0.005, Gamma: 0.0002",769,11,207,23,78.41584158415841,0,40,
"Nu: 0.005, Gamma: 0.0003",792,15,184,19,80.2970297029703,0,40,
"Nu: 0.005, Gamma: 0.0004",817,12,159,22,83.06930693069306,0,40,
"Nu: 0.005, Gamma: 0.005",919,17,57,17,92.67326732673268,0,40,
"Nu: 0.005, Gamma: 0.05",967,32,9,2,95.94059405940594,0,40,
"Nu: 0.005, Gamma: 0.0625",965,29,11,5,96.03960396039604,0,40,
"Nu: 0.005, Gamma: 0.1",971,34,5,0,96.13861386138613,0,40,
"Nu: 0.005, Gamma: 0.2",975,34,1,0,96.53465346534654,0,40,
"Nu: 0.005, Gamma: 0.5",976,31,0,3,96.93069306930693,0,40,
"Nu: 0.005, Gamma: 0.7",976,31,0,3,96.93069306930693,0,40,
"Nu: 0.005, Gamma: 0.9",976,31,0,3,96.93069306930693,0,40,
"Nu: 0.005, Gamma: 0.99",976,31,0,3,96.93069306930693,0,40,
"Nu: 0.05, Gamma: 1e-05",715,3,261,31,73.86138613861387,0,40,
"Nu: 0.05, Gamma: 2e-05",731,6,245,28,75.14851485148515,0,40,
"Nu: 0.05, Gamma: 3e-05",730,10,246,24,74.65346534653466,0,40,
"Nu: 0.05, Gamma: 4e-05",732,11,244,23,74.75247524752476,0,40,
"Nu: 0.05, Gamma: 5e-05",739,11,237,23,75.44554455445545,0,40,
"Nu: 0.05, Gamma: 6e-05",742,11,234,23,75.74257425742574,0,40,
"Nu: 0.05, Gamma: 7e-05",742,8,234,26,76.03960396039604,0,40,
"Nu: 0.05, Gamma: 8e-05",744,11,232,23,75.94059405940594,0,40,
"Nu: 0.05, Gamma: 9e-05",749,9,227,25,76.63366336633663,0,40,
"Nu: 0.05, Gamma: 0.0001",749,12,227,22,76.33663366336634,0,40,
"Nu: 0.05, Gamma: 0.0002",767,11,209,23,78.21782178217822,0,40,
"Nu: 0.05, Gamma: 0.0003",793,15,183,19,80.3960396039604,0,40,
"Nu: 0.05, Gamma: 0.0004",810,15,166,19,82.07920792079207,0,40,
"Nu: 0.05, Gamma: 0.005",918,18,58,16,92.47524752475248,0,40,
"Nu: 0.05, Gamma: 0.05",964,32,12,2,95.64356435643563,0,40,
"Nu: 0.05, Gamma: 0.0625",967,29,9,5,96.23762376237623,0,40,
"Nu: 0.05, Gamma: 0.1",969,31,7,3,96.23762376237623,0,40,
"Nu: 0.05, Gamma: 0.2",974,31,2,3,96.73267326732673,0,40,
"Nu: 0.05, Gamma: 0.5",976,34,0,0,96.63366336633663,0,40,
"Nu: 0.05, Gamma: 0.7",976,31,0,3,96.93069306930693,0,40,
"Nu: 0.05, Gamma: 0.9",976,34,0,0,96.63366336633663,0,40,
"Nu: 0.05, Gamma: 0.99",976,34,0,0,96.63366336633663,0,40,
"Nu: 0.0625, Gamma: 1e-05",715,6,261,28,73.56435643564356,0,40,
"Nu: 0.0625, Gamma: 2e-05",731,6,245,28,75.14851485148515,0,40,
"Nu: 0.0625, Gamma: 3e-05",730,7,246,27,74.95049504950495,0,40,
"Nu: 0.0625, Gamma: 4e-05",732,8,244,26,75.04950495049505,0,40,
"Nu: 0.0625, Gamma: 5e-05",738,8,238,26,75.64356435643565,0,40,
"Nu: 0.0625, Gamma: 6e-05",742,8,234,26,76.03960396039604,0,40,
"Nu: 0.0625, Gamma: 7e-05",742,8,234,26,76.03960396039604,0,40,
"Nu: 0.0625, Gamma: 8e-05",744,8,232,26,76.23762376237624,0,40,
"Nu: 0.0625, Gamma: 9e-05",749,9,227,25,76.63366336633663,0,40,
"Nu: 0.0625, Gamma: 0.0001",749,9,227,25,76.63366336633663,0,40,
"Nu: 0.0625, Gamma: 0.0002",767,11,209,23,78.21782178217822,0,40,
"Nu: 0.0625, Gamma: 0.0003",793,12,183,22,80.6930693069307,0,40,
"Nu: 0.0625, Gamma: 0.0004",810,15,166,19,82.07920792079207,0,40,
"Nu: 0.0625, Gamma: 0.005",917,17,59,17,92.47524752475248,0,40,
"Nu: 0.0625, Gamma: 0.05",964,32,12,2,95.64356435643563,0,40,
"Nu: 0.0625, Gamma: 0.0625",967,32,9,2,95.94059405940594,0,40,
"Nu: 0.0625, Gamma: 0.1",969,34,7,0,95.94059405940594,0,40,
"Nu: 0.0625, Gamma: 0.2",975,31,1,3,96.83168316831683,0,40,
"Nu: 0.0625, Gamma: 0.5",976,31,0,3,96.93069306930693,0,40,
"Nu: 0.0625, Gamma: 0.7",976,31,0,3,96.93069306930693,0,40,
"Nu: 0.0625, Gamma: 0.9",976,31,0,3,96.93069306930693,0,40,
"Nu: 0.0625, Gamma: 0.99",976,31,0,3,96.93069306930693,0,40,
"Nu: 0.1, Gamma: 1e-05",715,3,261,31,73.86138613861387,0,40,
"Nu: 0.1, Gamma: 2e-05",731,9,245,25,74.85148514851485,0,40,
"Nu: 0.1, Gamma: 3e-05",730,10,246,24,74.65346534653466,0,40,
"Nu: 0.1, Gamma: 4e-05",732,8,244,26,75.04950495049505,0,40,
"Nu: 0.1, Gamma: 5e-05",739,8,237,26,75.74257425742574,0,40,
"Nu: 0.1, Gamma: 6e-05",742,8,234,26,76.03960396039604,0,40,
"Nu: 0.1, Gamma: 7e-05",742,11,234,23,75.74257425742574,0,40,
"Nu: 0.1, Gamma: 8e-05",743,8,233,26,76.13861386138613,0,40,
"Nu: 0.1, Gamma: 9e-05",749,12,227,22,76.33663366336634,0,40,
"Nu: 0.1, Gamma: 0.0001",749,12,227,22,76.33663366336634,0,40,
"Nu: 0.1, Gamma: 0.0002",768,14,208,20,78.01980198019803,0,40,
"Nu: 0.1, Gamma: 0.0003",790,12,186,22,80.3960396039604,0,40,
"Nu: 0.1, Gamma: 0.0004",810,15,166,19,82.07920792079207,0,40,
"Nu: 0.1, Gamma: 0.005",918,21,58,13,92.17821782178218,0,40,
"Nu: 0.1, Gamma: 0.05",964,32,12,2,95.64356435643563,0,40,
"Nu: 0.1, Gamma: 0.0625",967,29,9,5,96.23762376237623,0,40,
"Nu: 0.1, Gamma: 0.1",969,34,7,0,95.94059405940594,0,40,
"Nu: 0.1, Gamma: 0.2",975,31,1,3,96.83168316831683,0,40,
"Nu: 0.1, Gamma: 0.5",976,34,0,0,96.63366336633663,0,40,
"Nu: 0.1, Gamma: 0.7",976,31,0,3,96.93069306930693,0,40,
"Nu: 0.1, Gamma: 0.9",976,34,0,0,96.63366336633663,0,40,
"Nu: 0.1, Gamma: 0.99",976,34,0,0,96.63366336633663,0,40,
"Nu: 0.2, Gamma: 1e-05",716,8,260,26,73.46534653465346,0,40,
"Nu: 0.2, Gamma: 2e-05",730,8,246,26,74.85148514851485,0,40,
"Nu: 0.2, Gamma: 3e-05",730,8,246,26,74.85148514851485,0,40,
"Nu: 0.2, Gamma: 4e-05",732,11,244,23,74.75247524752476,0,40,
"Nu: 0.2, Gamma: 5e-05",739,8,237,26,75.74257425742574,0,40,
"Nu: 0.2, Gamma: 6e-05",742,11,234,23,75.74257425742574,0,40,
"Nu: 0.2, Gamma: 7e-05",742,8,234,26,76.03960396039604,0,40,
"Nu: 0.2, Gamma: 8e-05",743,11,233,23,75.84158415841584,0,40,
"Nu: 0.2, Gamma: 9e-05",749,12,227,22,76.33663366336634,0,40,
"Nu: 0.2, Gamma: 0.0001",749,12,227,22,76.33663366336634,0,40,
"Nu: 0.2, Gamma: 0.0002",768,14,208,20,78.01980198019803,0,40,
"Nu: 0.2, Gamma: 0.0003",791,15,185,19,80.19801980198021,0,40,
"Nu: 0.2, Gamma: 0.0004",809,12,167,22,82.27722772277227,0,40,
"Nu: 0.2, Gamma: 0.005",918,20,58,14,92.27722772277228,0,40,
"Nu: 0.2, Gamma: 0.05",964,29,12,5,95.94059405940594,0,40,
"Nu: 0.2, Gamma: 0.0625",967,32,9,2,95.94059405940594,0,40,
"Nu: 0.2, Gamma: 0.1",969,34,7,0,95.94059405940594,0,40,
"Nu: 0.2, Gamma: 0.2",974,34,2,0,96.43564356435644,0,40,
"Nu: 0.2, Gamma: 0.5",976,31,0,3,96.93069306930693,0,40,
"Nu: 0.2, Gamma: 0.7",976,34,0,0,96.63366336633663,0,40,
"Nu: 0.2, Gamma: 0.9",976,34,0,0,96.63366336633663,0,40,
"Nu: 0.2, Gamma: 0.99",976,31,0,3,96.93069306930693,0,40,
"Nu: 0.5, Gamma: 1e-05",741,16,235,18,75.14851485148515,0,40,
"Nu: 0.5, Gamma: 2e-05",766,15,210,19,77.72277227722772,0,40,
"Nu: 0.5, Gamma: 3e-05",768,19,208,15,77.52475247524752,0,40,
"Nu: 0.5, Gamma: 4e-05",770,19,206,15,77.72277227722772,0,40,
"Nu: 0.5, Gamma: 5e-05",775,17,201,17,78.41584158415841,0,40,
"Nu: 0.5, Gamma: 6e-05",777,20,199,14,78.31683168316832,0,40,
"Nu: 0.5, Gamma: 7e-05",779,20,197,14,78.51485148514851,0,40,
"Nu: 0.5, Gamma: 8e-05",783,20,193,14,78.91089108910892,0,40,
"Nu: 0.5, Gamma: 9e-05",788,17,188,17,79.70297029702971,0,40,
"Nu: 0.5, Gamma: 0.0001",793,17,183,17,80.19801980198021,0,40,
"Nu: 0.5, Gamma: 0.0002",800,17,176,17,80.89108910891089,0,40,
"Nu: 0.5, Gamma: 0.0003",811,17,165,17,81.98019801980197,0,40,
"Nu: 0.5, Gamma: 0.0004",832,20,144,14,83.76237623762376,0,40,
"Nu: 0.5, Gamma: 0.005",917,18,59,16,92.37623762376238,0,40,
"Nu: 0.5, Gamma: 0.05",964,32,12,2,95.64356435643563,0,40,
"Nu: 0.5, Gamma: 0.0625",967,32,9,2,95.94059405940594,0,40,
"Nu: 0.5, Gamma: 0.1",969,31,7,3,96.23762376237623,0,40,
"Nu: 0.5, Gamma: 0.2",974,34,2,0,96.43564356435644,0,40,
"Nu: 0.5, Gamma: 0.5",976,31,0,3,96.93069306930693,0,40,
"Nu: 0.5, Gamma: 0.7",976,34,0,0,96.63366336633663,0,40,
"Nu: 0.5, Gamma: 0.9",976,31,0,3,96.93069306930693,0,40,
"Nu: 0.5, Gamma: 0.99",976,31,0,3,96.93069306930693,0,40,
"Nu: 0.7, Gamma: 1e-05",851,23,125,11,85.34653465346534,0,40,
"Nu: 0.7, Gamma: 2e-05",857,23,119,11,85.94059405940594,0,40,
"Nu: 0.7, Gamma: 3e-05",845,23,131,11,84.75247524752476,0,40,
"Nu: 0.7, Gamma: 4e-05",854,23,122,11,85.64356435643565,0,40,
"Nu: 0.7, Gamma: 5e-05",858,23,118,11,86.03960396039604,0,40,
"Nu: 0.7, Gamma: 6e-05",856,23,120,11,85.84158415841584,0,40,
"Nu: 0.7, Gamma: 7e-05",850,24,126,10,85.14851485148515,0,40,
"Nu: 0.7, Gamma: 8e-05",853,24,123,10,85.44554455445544,0,40,
"Nu: 0.7, Gamma: 9e-05",855,24,121,10,85.64356435643565,0,40,
"Nu: 0.7, Gamma: 0.0001",857,24,119,10,85.84158415841584,0,40,
"Nu: 0.7, Gamma: 0.0002",867,21,109,13,87.12871287128714,0,40,
"Nu: 0.7, Gamma: 0.0003",875,24,101,10,87.62376237623762,0,40,
"Nu: 0.7, Gamma: 0.0004",885,27,91,7,88.31683168316832,0,40,
"Nu: 0.7, Gamma: 0.005",933,28,43,6,92.97029702970298,0,40,
"Nu: 0.7, Gamma: 0.05",964,29,12,5,95.94059405940594,0,40,
"Nu: 0.7, Gamma: 0.0625",967,29,9,5,96.23762376237623,0,40,
"Nu: 0.7, Gamma: 0.1",969,34,7,0,95.94059405940594,0,40,
"Nu: 0.7, Gamma: 0.2",974,31,2,3,96.73267326732673,0,40,
"Nu: 0.7, Gamma: 0.5",976,34,0,0,96.63366336633663,0,40,
"Nu: 0.7, Gamma: 0.7",976,34,0,0,96.63366336633663,0,40,
"Nu: 0.7, Gamma: 0.9",976,34,0,0,96.63366336633663,0,40,
"Nu: 0.7, Gamma: 0.99",976,34,0,0,96.63366336633663,0,40,
"Nu: 0.9, Gamma: 1e-05",910,30,66,4,90.4950495049505,0,40,
"Nu: 0.9, Gamma: 2e-05",913,29,63,5,90.89108910891089,0,40,
"Nu: 0.9, Gamma: 3e-05",923,30,53,4,91.78217821782178,0,40,
"Nu: 0.9, Gamma: 4e-05",922,31,54,3,91.58415841584159,0,40,
"Nu: 0.9, Gamma: 5e-05",923,31,53,3,91.68316831683168,0,40,
"Nu: 0.9, Gamma: 6e-05",925,31,51,3,91.88118811881189,0,40,
"Nu: 0.9, Gamma: 7e-05",925,30,51,4,91.98019801980199,0,40,
"Nu: 0.9, Gamma: 8e-05",926,31,50,3,91.98019801980199,0,40,
"Nu: 0.9, Gamma: 9e-05",927,30,49,4,92.17821782178218,0,40,
"Nu: 0.9, Gamma: 0.0001",925,30,51,4,91.98019801980199,0,40,
"Nu: 0.9, Gamma: 0.0002",931,30,45,4,92.57425742574257,0,40,
"Nu: 0.9, Gamma: 0.0003",938,30,38,4,93.26732673267327,0,40,
"Nu: 0.9, Gamma: 0.0004",948,30,28,4,94.25742574257426,0,40,
"Nu: 0.9, Gamma: 0.005",955,29,21,5,95.04950495049505,0,40,
"Nu: 0.9, Gamma: 0.05",969,31,7,3,96.23762376237623,0,40,
"Nu: 0.9, Gamma: 0.0625",970,34,6,0,96.03960396039604,0,40,
"Nu: 0.9, Gamma: 0.1",971,34,5,0,96.13861386138613,0,40,
"Nu: 0.9, Gamma: 0.2",976,34,0,0,96.63366336633663,0,40,
"Nu: 0.9, Gamma: 0.5",976,31,0,3,96.93069306930693,0,40,
"Nu: 0.9, Gamma: 0.7",976,31,0,3,96.93069306930693,0,40,
"Nu: 0.9, Gamma: 0.9",976,34,0,0,96.63366336633663,0,40,
"Nu: 0.9, Gamma: 0.99",976,34,0,0,96.63366336633663,0,40,
"Nu: 0.99, Gamma: 1e-05",975,34,1,0,96.53465346534654,0,40,
"Nu: 0.99, Gamma: 2e-05",964,34,12,0,95.44554455445544,0,40,
"Nu: 0.99, Gamma: 3e-05",956,34,20,0,94.65346534653465,0,40,
"Nu: 0.99, Gamma: 4e-05",950,34,26,0,94.05940594059405,0,40,
"Nu: 0.99, Gamma: 5e-05",949,34,27,0,93.96039603960395,0,40,
"Nu: 0.99, Gamma: 6e-05",950,34,26,0,94.05940594059405,0,40,
"Nu: 0.99, Gamma: 7e-05",951,34,25,0,94.15841584158416,0,40,
"Nu: 0.99, Gamma: 8e-05",949,34,27,0,93.96039603960395,0,40,
"Nu: 0.99, Gamma: 9e-05",950,34,26,0,94.05940594059405,0,40,
"Nu: 0.99, Gamma: 0.0001",948,34,28,0,93.86138613861385,0,40,
"Nu: 0.99, Gamma: 0.0002",964,34,12,0,95.44554455445544,0,40,
"Nu: 0.99, Gamma: 0.0003",970,34,6,0,96.03960396039604,0,40,
"Nu: 0.99, Gamma: 0.0004",971,34,5,0,96.13861386138613,0,40,
"Nu: 0.99, Gamma: 0.005",975,34,1,0,96.53465346534654,0,40,
"Nu: 0.99, Gamma: 0.05",976,31,0,3,96.93069306930693,0,40,
"Nu: 0.99, Gamma: 0.0625",976,34,0,0,96.63366336633663,0,40,
"Nu: 0.99, Gamma: 0.1",976,34,0,0,96.63366336633663,0,40,
"Nu: 0.99, Gamma: 0.2",976,31,0,3,96.93069306930693,0,40,
"Nu: 0.99, Gamma: 0.5",976,34,0,0,96.63366336633663,0,40,
"Nu: 0.99, Gamma: 0.7",976,34,0,0,96.63366336633663,0,40,
"Nu: 0.99, Gamma: 0.9",976,34,0,0,96.63366336633663,0,40,
"Nu: 0.99, Gamma: 0.99",976,34,0,0,96.63366336633663,0,40,
,,,,,,,,
Target Class: bodytrack,TP,FP,FN,TN,ACC (%),Noise Percantages,Upsampling,
"Nu: 5e-05, Gamma: 1e-05",688,63,0,0,91.61118508655126,0,40,
"Nu: 5e-05, Gamma: 2e-05",688,63,0,0,91.61118508655126,0,40,
"Nu: 5e-05, Gamma: 3e-05",688,63,0,0,91.61118508655126,0,40,
"Nu: 5e-05, Gamma: 4e-05",688,63,0,0,91.61118508655126,0,40,
"Nu: 5e-05, Gamma: 5e-05",688,63,0,0,91.61118508655126,0,40,
"Nu: 5e-05, Gamma: 6e-05",688,63,0,0,91.61118508655126,0,40,
"Nu: 5e-05, Gamma: 7e-05",688,63,0,0,91.61118508655126,0,40,
"Nu: 5e-05, Gamma: 8e-05",688,63,0,0,91.61118508655126,0,40,
"Nu: 5e-05, Gamma: 9e-05",688,63,0,0,91.61118508655126,0,40,
"Nu: 5e-05, Gamma: 0.0001",688,63,0,0,91.61118508655126,0,40,
"Nu: 5e-05, Gamma: 0.0002",688,63,0,0,91.61118508655126,0,40,
"Nu: 5e-05, Gamma: 0.0003",688,63,0,0,91.61118508655126,0,40,
"Nu: 5e-05, Gamma: 0.0004",688,63,0,0,91.61118508655126,0,40,
"Nu: 5e-05, Gamma: 0.005",688,63,0,0,91.61118508655126,0,40,
"Nu: 5e-05, Gamma: 0.05",688,63,0,0,91.61118508655126,0,40,
"Nu: 5e-05, Gamma: 0.0625",688,63,0,0,91.61118508655126,0,40,
"Nu: 5e-05, Gamma: 0.1",688,63,0,0,91.61118508655126,0,40,
"Nu: 5e-05, Gamma: 0.2",688,63,0,0,91.61118508655126,0,40,
"Nu: 5e-05, Gamma: 0.5",688,63,0,0,91.61118508655126,0,40,
"Nu: 5e-05, Gamma: 0.7",688,63,0,0,91.61118508655126,0,40,
"Nu: 5e-05, Gamma: 0.9",688,63,0,0,91.61118508655126,0,40,
"Nu: 5e-05, Gamma: 0.99",688,63,0,0,91.61118508655126,0,40,
"Nu: 6e-05, Gamma: 1e-05",688,63,0,0,91.61118508655126,0,40,
"Nu: 6e-05, Gamma: 2e-05",688,63,0,0,91.61118508655126,0,40,
"Nu: 6e-05, Gamma: 3e-05",688,63,0,0,91.61118508655126,0,40,
"Nu: 6e-05, Gamma: 4e-05",688,63,0,0,91.61118508655126,0,40,
"Nu: 6e-05, Gamma: 5e-05",688,63,0,0,91.61118508655126,0,40,
"Nu: 6e-05, Gamma: 6e-05",688,63,0,0,91.61118508655126,0,40,
"Nu: 6e-05, Gamma: 7e-05",688,63,0,0,91.61118508655126,0,40,
"Nu: 6e-05, Gamma: 8e-05",688,63,0,0,91.61118508655126,0,40,
"Nu: 6e-05, Gamma: 9e-05",688,63,0,0,91.61118508655126,0,40,
"Nu: 6e-05, Gamma: 0.0001",688,63,0,0,91.61118508655126,0,40,
"Nu: 6e-05, Gamma: 0.0002",688,63,0,0,91.61118508655126,0,40,
"Nu: 6e-05, Gamma: 0.0003",688,63,0,0,91.61118508655126,0,40,
"Nu: 6e-05, Gamma: 0.0004",688,63,0,0,91.61118508655126,0,40,
"Nu: 6e-05, Gamma: 0.005",688,63,0,0,91.61118508655126,0,40,
"Nu: 6e-05, Gamma: 0.05",688,63,0,0,91.61118508655126,0,40,
"Nu: 6e-05, Gamma: 0.0625",688,63,0,0,91.61118508655126,0,40,
"Nu: 6e-05, Gamma: 0.1",688,63,0,0,91.61118508655126,0,40,
"Nu: 6e-05, Gamma: 0.2",688,63,0,0,91.61118508655126,0,40,
"Nu: 6e-05, Gamma: 0.5",688,63,0,0,91.61118508655126,0,40,
"Nu: 6e-05, Gamma: 0.7",688,63,0,0,91.61118508655126,0,40,
"Nu: 6e-05, Gamma: 0.9",688,63,0,0,91.61118508655126,0,40,
"Nu: 6e-05, Gamma: 0.99",688,63,0,0,91.61118508655126,0,40,
"Nu: 7e-05, Gamma: 1e-05",688,63,0,0,91.61118508655126,0,40,
"Nu: 7e-05, Gamma: 2e-05",688,63,0,0,91.61118508655126,0,40,
"Nu: 7e-05, Gamma: 3e-05",688,63,0,0,91.61118508655126,0,40,
"Nu: 7e-05, Gamma: 4e-05",688,63,0,0,91.61118508655126,0,40,
"Nu: 7e-05, Gamma: 5e-05",688,63,0,0,91.61118508655126,0,40,
"Nu: 7e-05, Gamma: 6e-05",688,63,0,0,91.61118508655126,0,40,
"Nu: 7e-05, Gamma: 7e-05",688,63,0,0,91.61118508655126,0,40,
"Nu: 7e-05, Gamma: 8e-05",688,63,0,0,91.61118508655126,0,40,
"Nu: 7e-05, Gamma: 9e-05",688,63,0,0,91.61118508655126,0,40,
"Nu: 7e-05, Gamma: 0.0001",688,63,0,0,91.61118508655126,0,40,
"Nu: 7e-05, Gamma: 0.0002",688,63,0,0,91.61118508655126,0,40,
"Nu: 7e-05, Gamma: 0.0003",688,63,0,0,91.61118508655126,0,40,
"Nu: 7e-05, Gamma: 0.0004",688,63,0,0,91.61118508655126,0,40,
"Nu: 7e-05, Gamma: 0.005",688,63,0,0,91.61118508655126,0,40,
"Nu: 7e-05, Gamma: 0.05",688,63,0,0,91.61118508655126,0,40,
"Nu: 7e-05, Gamma: 0.0625",688,63,0,0,91.61118508655126,0,40,
"Nu: 7e-05, Gamma: 0.1",688,63,0,0,91.61118508655126,0,40,
"Nu: 7e-05, Gamma: 0.2",688,63,0,0,91.61118508655126,0,40,
"Nu: 7e-05, Gamma: 0.5",688,63,0,0,91.61118508655126,0,40,
"Nu: 7e-05, Gamma: 0.7",688,63,0,0,91.61118508655126,0,40,
"Nu: 7e-05, Gamma: 0.9",688,63,0,0,91.61118508655126,0,40,
"Nu: 7e-05, Gamma: 0.99",688,63,0,0,91.61118508655126,0,40,
"Nu: 8e-05, Gamma: 1e-05",688,63,0,0,91.61118508655126,0,40,
"Nu: 8e-05, Gamma: 2e-05",688,63,0,0,91.61118508655126,0,40,
"Nu: 8e-05, Gamma: 3e-05",688,63,0,0,91.61118508655126,0,40,
"Nu: 8e-05, Gamma: 4e-05",688,63,0,0,91.61118508655126,0,40,
"Nu: 8e-05, Gamma: 5e-05",688,63,0,0,91.61118508655126,0,40,
"Nu: 8e-05, Gamma: 6e-05",688,63,0,0,91.61118508655126,0,40,
"Nu: 8e-05, Gamma: 7e-05",688,63,0,0,91.61118508655126,0,40,
"Nu: 8e-05, Gamma: 8e-05",688,63,0,0,91.61118508655126,0,40,
"Nu: 8e-05, Gamma: 9e-05",688,63,0,0,91.61118508655126,0,40,
"Nu: 8e-05, Gamma: 0.0001",688,63,0,0,91.61118508655126,0,40,
"Nu: 8e-05, Gamma: 0.0002",688,63,0,0,91.61118508655126,0,40,
"Nu: 8e-05, Gamma: 0.0003",688,63,0,0,91.61118508655126,0,40,
"Nu: 8e-05, Gamma: 0.0004",688,63,0,0,91.61118508655126,0,40,
"Nu: 8e-05, Gamma: 0.005",688,63,0,0,91.61118508655126,0,40,
"Nu: 8e-05, Gamma: 0.05",688,63,0,0,91.61118508655126,0,40,
"Nu: 8e-05, Gamma: 0.0625",688,63,0,0,91.61118508655126,0,40,
"Nu: 8e-05, Gamma: 0.1",688,63,0,0,91.61118508655126,0,40,
"Nu: 8e-05, Gamma: 0.2",688,63,0,0,91.61118508655126,0,40,
"Nu: 8e-05, Gamma: 0.5",688,63,0,0,91.61118508655126,0,40,
"Nu: 8e-05, Gamma: 0.7",688,63,0,0,91.61118508655126,0,40,
"Nu: 8e-05, Gamma: 0.9",688,63,0,0,91.61118508655126,0,40,
"Nu: 8e-05, Gamma: 0.99",688,63,0,0,91.61118508655126,0,40,
"Nu: 9e-05, Gamma: 1e-05",688,63,0,0,91.61118508655126,0,40,
"Nu: 9e-05, Gamma: 2e-05",688,63,0,0,91.61118508655126,0,40,
"Nu: 9e-05, Gamma: 3e-05",688,63,0,0,91.61118508655126,0,40,
"Nu: 9e-05, Gamma: 4e-05",688,63,0,0,91.61118508655126,0,40,
"Nu: 9e-05, Gamma: 5e-05",688,63,0,0,91.61118508655126,0,40,
"Nu: 9e-05, Gamma: 6e-05",688,63,0,0,91.61118508655126,0,40,
"Nu: 9e-05, Gamma: 7e-05",688,63,0,0,91.61118508655126,0,40,
"Nu: 9e-05, Gamma: 8e-05",688,63,0,0,91.61118508655126,0,40,
"Nu: 9e-05, Gamma: 9e-05",688,63,0,0,91.61118508655126,0,40,
"Nu: 9e-05, Gamma: 0.0001",688,63,0,0,91.61118508655126,0,40,
"Nu: 9e-05, Gamma: 0.0002",688,63,0,0,91.61118508655126,0,40,
"Nu: 9e-05, Gamma: 0.0003",688,63,0,0,91.61118508655126,0,40,
"Nu: 9e-05, Gamma: 0.0004",688,63,0,0,91.61118508655126,0,40,
"Nu: 9e-05, Gamma: 0.005",688,63,0,0,91.61118508655126,0,40,
"Nu: 9e-05, Gamma: 0.05",688,63,0,0,91.61118508655126,0,40,
"Nu: 9e-05, Gamma: 0.0625",688,63,0,0,91.61118508655126,0,40,
"Nu: 9e-05, Gamma: 0.1",688,63,0,0,91.61118508655126,0,40,
"Nu: 9e-05, Gamma: 0.2",688,63,0,0,91.61118508655126,0,40,
"Nu: 9e-05, Gamma: 0.5",688,63,0,0,91.61118508655126,0,40,
"Nu: 9e-05, Gamma: 0.7",688,63,0,0,91.61118508655126,0,40,
"Nu: 9e-05, Gamma: 0.9",688,63,0,0,91.61118508655126,0,40,
"Nu: 9e-05, Gamma: 0.99",688,63,0,0,91.61118508655126,0,40,
"Nu: 0.0001, Gamma: 1e-05",688,63,0,0,91.61118508655126,0,40,
"Nu: 0.0001, Gamma: 2e-05",688,63,0,0,91.61118508655126,0,40,
"Nu: 0.0001, Gamma: 3e-05",688,63,0,0,91.61118508655126,0,40,
"Nu: 0.0001, Gamma: 4e-05",688,63,0,0,91.61118508655126,0,40,
"Nu: 0.0001, Gamma: 5e-05",688,63,0,0,91.61118508655126,0,40,
"Nu: 0.0001, Gamma: 6e-05",688,63,0,0,91.61118508655126,0,40,
"Nu: 0.0001, Gamma: 7e-05",688,63,0,0,91.61118508655126,0,40,
"Nu: 0.0001, Gamma: 8e-05",688,63,0,0,91.61118508655126,0,40,
"Nu: 0.0001, Gamma: 9e-05",688,63,0,0,91.61118508655126,0,40,
"Nu: 0.0001, Gamma: 0.0001",688,63,0,0,91.61118508655126,0,40,
"Nu: 0.0001, Gamma: 0.0002",688,63,0,0,91.61118508655126,0,40,
"Nu: 0.0001, Gamma: 0.0003",688,63,0,0,91.61118508655126,0,40,
"Nu: 0.0001, Gamma: 0.0004",688,63,0,0,91.61118508655126,0,40,
"Nu: 0.0001, Gamma: 0.005",688,63,0,0,91.61118508655126,0,40,
"Nu: 0.0001, Gamma: 0.05",688,63,0,0,91.61118508655126,0,40,
"Nu: 0.0001, Gamma: 0.0625",688,63,0,0,91.61118508655126,0,40,
"Nu: 0.0001, Gamma: 0.1",688,63,0,0,91.61118508655126,0,40,
"Nu: 0.0001, Gamma: 0.2",688,63,0,0,91.61118508655126,0,40,
"Nu: 0.0001, Gamma: 0.5",688,63,0,0,91.61118508655126,0,40,
"Nu: 0.0001, Gamma: 0.7",688,63,0,0,91.61118508655126,0,40,
"Nu: 0.0001, Gamma: 0.9",688,63,0,0,91.61118508655126,0,40,
"Nu: 0.0001, Gamma: 0.99",688,63,0,0,91.61118508655126,0,40,
"Nu: 0.0002, Gamma: 1e-05",688,54,0,9,92.80958721704394,0,40,
"Nu: 0.0002, Gamma: 2e-05",688,62,0,1,91.74434087882824,0,40,
"Nu: 0.0002, Gamma: 3e-05",688,63,0,0,91.61118508655126,0,40,
"Nu: 0.0002, Gamma: 4e-05",688,63,0,0,91.61118508655126,0,40,
"Nu: 0.0002, Gamma: 5e-05",688,63,0,0,91.61118508655126,0,40,
"Nu: 0.0002, Gamma: 6e-05",688,63,0,0,91.61118508655126,0,40,
"Nu: 0.0002, Gamma: 7e-05",688,63,0,0,91.61118508655126,0,40,
"Nu: 0.0002, Gamma: 8e-05",688,63,0,0,91.61118508655126,0,40,
"Nu: 0.0002, Gamma: 9e-05",688,63,0,0,91.61118508655126,0,40,
"Nu: 0.0002, Gamma: 0.0001",688,63,0,0,91.61118508655126,0,40,
"Nu: 0.0002, Gamma: 0.0002",688,63,0,0,91.61118508655126,0,40,
"Nu: 0.0002, Gamma: 0.0003",688,63,0,0,91.61118508655126,0,40,
"Nu: 0.0002, Gamma: 0.0004",688,63,0,0,91.61118508655126,0,40,
"Nu: 0.0002, Gamma: 0.005",688,63,0,0,91.61118508655126,0,40,
"Nu: 0.0002, Gamma: 0.05",688,63,0,0,91.61118508655126,0,40,
"Nu: 0.0002, Gamma: 0.0625",688,63,0,0,91.61118508655126,0,40,
"Nu: 0.0002, Gamma: 0.1",688,63,0,0,91.61118508655126,0,40,
"Nu: 0.0002, Gamma: 0.2",688,63,0,0,91.61118508655126,0,40,
"Nu: 0.0002, Gamma: 0.5",688,63,0,0,91.61118508655126,0,40,
"Nu: 0.0002, Gamma: 0.7",688,63,0,0,91.61118508655126,0,40,
"Nu: 0.0002, Gamma: 0.9",688,63,0,0,91.61118508655126,0,40,
"Nu: 0.0002, Gamma: 0.99",688,63,0,0,91.61118508655126,0,40,
"Nu: 0.0003, Gamma: 1e-05",688,51,0,12,93.20905459387482,0,40,
"Nu: 0.0003, Gamma: 2e-05",688,58,0,5,92.27696404793608,0,40,
"Nu: 0.0003, Gamma: 3e-05",688,56,0,7,92.54327563249002,0,40,
"Nu: 0.0003, Gamma: 4e-05",688,47,0,16,93.74167776298269,0,40,
"Nu: 0.0003, Gamma: 5e-05",688,55,0,8,92.67643142476697,0,40,
"Nu: 0.0003, Gamma: 6e-05",688,61,0,2,91.87749667110519,0,40,
"Nu: 0.0003, Gamma: 7e-05",688,62,0,1,91.74434087882824,0,40,
"Nu: 0.0003, Gamma: 8e-05",688,63,0,0,91.61118508655126,0,40,
"Nu: 0.0003, Gamma: 9e-05",688,63,0,0,91.61118508655126,0,40,
"Nu: 0.0003, Gamma: 0.0001",688,63,0,0,91.61118508655126,0,40,
"Nu: 0.0003, Gamma: 0.0002",688,63,0,0,91.61118508655126,0,40,
"Nu: 0.0003, Gamma: 0.0003",688,63,0,0,91.61118508655126,0,40,
"Nu: 0.0003, Gamma: 0.0004",688,63,0,0,91.61118508655126,0,40,
"Nu: 0.0003, Gamma: 0.005",688,63,0,0,91.61118508655126,0,40,
"Nu: 0.0003, Gamma: 0.05",688,63,0,0,91.61118508655126,0,40,
"Nu: 0.0003, Gamma: 0.0625",688,63,0,0,91.61118508655126,0,40,
"Nu: 0.0003, Gamma: 0.1",688,63,0,0,91.61118508655126,0,40,
"Nu: 0.0003, Gamma: 0.2",688,63,0,0,91.61118508655126,0,40,
"Nu: 0.0003, Gamma: 0.5",688,63,0,0,91.61118508655126,0,40,
"Nu: 0.0003, Gamma: 0.7",688,63,0,0,91.61118508655126,0,40,
"Nu: 0.0003, Gamma: 0.9",688,63,0,0,91.61118508655126,0,40,
"Nu: 0.0003, Gamma: 0.99",688,63,0,0,91.61118508655126,0,40,
"Nu: 0.0004, Gamma: 1e-05",688,48,0,15,93.60852197070572,0,40,
"Nu: 0.0004, Gamma: 2e-05",688,52,0,11,93.07589880159787,0,40,
"Nu: 0.0004, Gamma: 3e-05",688,57,0,6,92.41011984021304,0,40,
"Nu: 0.0004, Gamma: 4e-05",688,47,0,16,93.74167776298269,0,40,
"Nu: 0.0004, Gamma: 5e-05",688,55,0,8,92.67643142476697,0,40,
"Nu: 0.0004, Gamma: 6e-05",688,61,0,2,91.87749667110519,0,40,
"Nu: 0.0004, Gamma: 7e-05",688,62,0,1,91.74434087882824,0,40,
"Nu: 0.0004, Gamma: 8e-05",688,63,0,0,91.61118508655126,0,40,
"Nu: 0.0004, Gamma: 9e-05",688,63,0,0,91.61118508655126,0,40,
"Nu: 0.0004, Gamma: 0.0001",688,63,0,0,91.61118508655126,0,40,
"Nu: 0.0004, Gamma: 0.0002",688,63,0,0,91.61118508655126,0,40,
"Nu: 0.0004, Gamma: 0.0003",688,63,0,0,91.61118508655126,0,40,
"Nu: 0.0004, Gamma: 0.0004",688,63,0,0,91.61118508655126,0,40,
"Nu: 0.0004, Gamma: 0.005",688,63,0,0,91.61118508655126,0,40,
"Nu: 0.0004, Gamma: 0.05",688,63,0,0,91.61118508655126,0,40,
"Nu: 0.0004, Gamma: 0.0625",688,63,0,0,91.61118508655126,0,40,
"Nu: 0.0004, Gamma: 0.1",688,63,0,0,91.61118508655126,0,40,
"Nu: 0.0004, Gamma: 0.2",688,63,0,0,91.61118508655126,0,40,
"Nu: 0.0004, Gamma: 0.5",688,63,0,0,91.61118508655126,0,40,
"Nu: 0.0004, Gamma: 0.7",688,63,0,0,91.61118508655126,0,40,
"Nu: 0.0004, Gamma: 0.9",688,63,0,0,91.61118508655126,0,40,
"Nu: 0.0004, Gamma: 0.99",688,63,0,0,91.61118508655126,0,40,
"Nu: 0.005, Gamma: 1e-05",688,36,0,27,95.20639147802929,0,40,
"Nu: 0.005, Gamma: 2e-05",688,38,0,25,94.94007989347537,0,40,
"Nu: 0.005, Gamma: 3e-05",688,43,0,20,94.27430093209055,0,40,
"Nu: 0.005, Gamma: 4e-05",688,47,0,16,93.74167776298269,0,40,
"Nu: 0.005, Gamma: 5e-05",688,46,0,17,93.87483355525966,0,40,
"Nu: 0.005, Gamma: 6e-05",688,47,0,16,93.74167776298269,0,40,
"Nu: 0.005, Gamma: 7e-05",688,48,0,15,93.60852197070572,0,40,
"Nu: 0.005, Gamma: 8e-05",688,47,0,16,93.74167776298269,0,40,
"Nu: 0.005, Gamma: 9e-05",688,46,0,17,93.87483355525966,0,40,
"Nu: 0.005, Gamma: 0.0001",688,51,0,12,93.20905459387482,0,40,
"Nu: 0.005, Gamma: 0.0002",688,49,0,14,93.47536617842877,0,40,
"Nu: 0.005, Gamma: 0.0003",688,55,0,8,92.67643142476697,0,40,
"Nu: 0.005, Gamma: 0.0004",688,55,0,8,92.67643142476697,0,40,
"Nu: 0.005, Gamma: 0.005",688,63,0,0,91.61118508655126,0,40,
"Nu: 0.005, Gamma: 0.05",688,63,0,0,91.61118508655126,0,40,
"Nu: 0.005, Gamma: 0.0625",688,63,0,0,91.61118508655126,0,40,
"Nu: 0.005, Gamma: 0.1",688,63,0,0,91.61118508655126,0,40,
"Nu: 0.005, Gamma: 0.2",688,63,0,0,91.61118508655126,0,40,
"Nu: 0.005, Gamma: 0.5",688,63,0,0,91.61118508655126,0,40,
"Nu: 0.005, Gamma: 0.7",688,63,0,0,91.61118508655126,0,40,
"Nu: 0.005, Gamma: 0.9",688,63,0,0,91.61118508655126,0,40,
"Nu: 0.005, Gamma: 0.99",688,63,0,0,91.61118508655126,0,40,
"Nu: 0.05, Gamma: 1e-05",688,36,0,27,95.20639147802929,0,40,
"Nu: 0.05, Gamma: 2e-05",688,38,0,25,94.94007989347537,0,40,
"Nu: 0.05, Gamma: 3e-05",688,42,0,21,94.4074567243675,0,40,
"Nu: 0.05, Gamma: 4e-05",688,44,0,19,94.14114513981359,0,40,
"Nu: 0.05, Gamma: 5e-05",688,45,0,18,94.00798934753661,0,40,
"Nu: 0.05, Gamma: 6e-05",688,46,0,17,93.87483355525966,0,40,
"Nu: 0.05, Gamma: 7e-05",688,47,0,16,93.74167776298269,0,40,
"Nu: 0.05, Gamma: 8e-05",688,47,0,16,93.74167776298269,0,40,
"Nu: 0.05, Gamma: 9e-05",688,49,0,14,93.47536617842877,0,40,
"Nu: 0.05, Gamma: 0.0001",688,48,0,15,93.60852197070572,0,40,
"Nu: 0.05, Gamma: 0.0002",688,50,0,13,93.3422103861518,0,40,
"Nu: 0.05, Gamma: 0.0003",688,52,0,11,93.07589880159787,0,40,
"Nu: 0.05, Gamma: 0.0004",688,53,0,10,92.9427430093209,0,40,
"Nu: 0.05, Gamma: 0.005",688,63,0,0,91.61118508655126,0,40,
"Nu: 0.05, Gamma: 0.05",688,63,0,0,91.61118508655126,0,40,
"Nu: 0.05, Gamma: 0.0625",688,63,0,0,91.61118508655126,0,40,
"Nu: 0.05, Gamma: 0.1",688,63,0,0,91.61118508655126,0,40,
"Nu: 0.05, Gamma: 0.2",688,63,0,0,91.61118508655126,0,40,
"Nu: 0.05, Gamma: 0.5",688,63,0,0,91.61118508655126,0,40,
"Nu: 0.05, Gamma: 0.7",688,63,0,0,91.61118508655126,0,40,
"Nu: 0.05, Gamma: 0.9",688,63,0,0,91.61118508655126,0,40,
"Nu: 0.05, Gamma: 0.99",688,63,0,0,91.61118508655126,0,40,
"Nu: 0.0625, Gamma: 1e-05",688,36,0,27,95.20639147802929,0,40,
"Nu: 0.0625, Gamma: 2e-05",688,38,0,25,94.94007989347537,0,40,
"Nu: 0.0625, Gamma: 3e-05",688,42,0,21,94.4074567243675,0,40,
"Nu: 0.0625, Gamma: 4e-05",688,44,0,19,94.14114513981359,0,40,
"Nu: 0.0625, Gamma: 5e-05",688,45,0,18,94.00798934753661,0,40,
"Nu: 0.0625, Gamma: 6e-05",688,46,0,17,93.87483355525966,0,40,
"Nu: 0.0625, Gamma: 7e-05",688,46,0,17,93.87483355525966,0,40,
"Nu: 0.0625, Gamma: 8e-05",688,46,0,17,93.87483355525966,0,40,
"Nu: 0.0625, Gamma: 9e-05",688,48,0,15,93.60852197070572,0,40,
"Nu: 0.0625, Gamma: 0.0001",688,49,0,14,93.47536617842877,0,40,
"Nu: 0.0625, Gamma: 0.0002",688,50,0,13,93.3422103861518,0,40,
"Nu: 0.0625, Gamma: 0.0003",688,51,0,12,93.20905459387482,0,40,
"Nu: 0.0625, Gamma: 0.0004",688,53,0,10,92.9427430093209,0,40,
"Nu: 0.0625, Gamma: 0.005",688,63,0,0,91.61118508655126,0,40,
"Nu: 0.0625, Gamma: 0.05",688,63,0,0,91.61118508655126,0,40,
"Nu: 0.0625, Gamma: 0.0625",688,63,0,0,91.61118508655126,0,40,
"Nu: 0.0625, Gamma: 0.1",688,63,0,0,91.61118508655126,0,40,
"Nu: 0.0625, Gamma: 0.2",688,63,0,0,91.61118508655126,0,40,
"Nu: 0.0625, Gamma: 0.5",688,63,0,0,91.61118508655126,0,40,
"Nu: 0.0625, Gamma: 0.7",688,63,0,0,91.61118508655126,0,40,
"Nu: 0.0625, Gamma: 0.9",688,63,0,0,91.61118508655126,0,40,
"Nu: 0.0625, Gamma: 0.99",688,63,0,0,91.61118508655126,0,40,
"Nu: 0.1, Gamma: 1e-05",688,36,0,27,95.20639147802929,0,40,
"Nu: 0.1, Gamma: 2e-05",688,38,0,25,94.94007989347537,0,40,
"Nu: 0.1, Gamma: 3e-05",688,42,0,21,94.4074567243675,0,40,
"Nu: 0.1, Gamma: 4e-05",688,44,0,19,94.14114513981359,0,40,
"Nu: 0.1, Gamma: 5e-05",688,45,0,18,94.00798934753661,0,40,
"Nu: 0.1, Gamma: 6e-05",688,46,0,17,93.87483355525966,0,40,
"Nu: 0.1, Gamma: 7e-05",688,47,0,16,93.74167776298269,0,40,
"Nu: 0.1, Gamma: 8e-05",688,47,0,16,93.74167776298269,0,40,
"Nu: 0.1, Gamma: 9e-05",688,48,0,15,93.60852197070572,0,40,
"Nu: 0.1, Gamma: 0.0001",688,49,0,14,93.47536617842877,0,40,
"Nu: 0.1, Gamma: 0.0002",688,50,0,13,93.3422103861518,0,40,
"Nu: 0.1, Gamma: 0.0003",688,52,0,11,93.07589880159787,0,40,
"Nu: 0.1, Gamma: 0.0004",688,53,0,10,92.9427430093209,0,40,
"Nu: 0.1, Gamma: 0.005",688,63,0,0,91.61118508655126,0,40,
"Nu: 0.1, Gamma: 0.05",688,63,0,0,91.61118508655126,0,40,
"Nu: 0.1, Gamma: 0.0625",688,63,0,0,91.61118508655126,0,40,
"Nu: 0.1, Gamma: 0.1",688,63,0,0,91.61118508655126,0,40,
"Nu: 0.1, Gamma: 0.2",688,63,0,0,91.61118508655126,0,40,
"Nu: 0.1, Gamma: 0.5",688,63,0,0,91.61118508655126,0,40,
"Nu: 0.1, Gamma: 0.7",688,63,0,0,91.61118508655126,0,40,
"Nu: 0.1, Gamma: 0.9",688,63,0,0,91.61118508655126,0,40,
"Nu: 0.1, Gamma: 0.99",688,63,0,0,91.61118508655126,0,40,
"Nu: 0.2, Gamma: 1e-05",688,36,0,27,95.20639147802929,0,40,
"Nu: 0.2, Gamma: 2e-05",688,38,0,25,94.94007989347537,0,40,
"Nu: 0.2, Gamma: 3e-05",688,42,0,21,94.4074567243675,0,40,
"Nu: 0.2, Gamma: 4e-05",688,44,0,19,94.14114513981359,0,40,
"Nu: 0.2, Gamma: 5e-05",688,45,0,18,94.00798934753661,0,40,
"Nu: 0.2, Gamma: 6e-05",688,46,0,17,93.87483355525966,0,40,
"Nu: 0.2, Gamma: 7e-05",688,46,0,17,93.87483355525966,0,40,
"Nu: 0.2, Gamma: 8e-05",688,47,0,16,93.74167776298269,0,40,
"Nu: 0.2, Gamma: 9e-05",688,48,0,15,93.60852197070572,0,40,
"Nu: 0.2, Gamma: 0.0001",688,49,0,14,93.47536617842877,0,40,
"Nu: 0.2, Gamma: 0.0002",688,50,0,13,93.3422103861518,0,40,
"Nu: 0.2, Gamma: 0.0003",688,52,0,11,93.07589880159787,0,40,
"Nu: 0.2, Gamma: 0.0004",688,53,0,10,92.9427430093209,0,40,
"Nu: 0.2, Gamma: 0.005",688,63,0,0,91.61118508655126,0,40,
"Nu: 0.2, Gamma: 0.05",688,63,0,0,91.61118508655126,0,40,
"Nu: 0.2, Gamma: 0.0625",688,63,0,0,91.61118508655126,0,40,
"Nu: 0.2, Gamma: 0.1",688,63,0,0,91.61118508655126,0,40,
"Nu: 0.2, Gamma: 0.2",688,63,0,0,91.61118508655126,0,40,
"Nu: 0.2, Gamma: 0.5",688,63,0,0,91.61118508655126,0,40,
"Nu: 0.2, Gamma: 0.7",688,63,0,0,91.61118508655126,0,40,
"Nu: 0.2, Gamma: 0.9",688,63,0,0,91.61118508655126,0,40,
"Nu: 0.2, Gamma: 0.99",688,63,0,0,91.61118508655126,0,40,
"Nu: 0.5, Gamma: 1e-05",688,39,0,24,94.8069241011984,0,40,
"Nu: 0.5, Gamma: 2e-05",688,40,0,23,94.67376830892144,0,40,
"Nu: 0.5, Gamma: 3e-05",688,43,0,20,94.27430093209055,0,40,
"Nu: 0.5, Gamma: 4e-05",688,44,0,19,94.14114513981359,0,40,
"Nu: 0.5, Gamma: 5e-05",688,45,0,18,94.00798934753661,0,40,
"Nu: 0.5, Gamma: 6e-05",688,46,0,17,93.87483355525966,0,40,
"Nu: 0.5, Gamma: 7e-05",688,46,0,17,93.87483355525966,0,40,
"Nu: 0.5, Gamma: 8e-05",688,47,0,16,93.74167776298269,0,40,
"Nu: 0.5, Gamma: 9e-05",688,48,0,15,93.60852197070572,0,40,
"Nu: 0.5, Gamma: 0.0001",688,49,0,14,93.47536617842877,0,40,
"Nu: 0.5, Gamma: 0.0002",688,50,0,13,93.3422103861518,0,40,
"Nu: 0.5, Gamma: 0.0003",688,52,0,11,93.07589880159787,0,40,
"Nu: 0.5, Gamma: 0.0004",688,53,0,10,92.9427430093209,0,40,
"Nu: 0.5, Gamma: 0.005",688,63,0,0,91.61118508655126,0,40,
"Nu: 0.5, Gamma: 0.05",688,63,0,0,91.61118508655126,0,40,
"Nu: 0.5, Gamma: 0.0625",688,63,0,0,91.61118508655126,0,40,
"Nu: 0.5, Gamma: 0.1",688,63,0,0,91.61118508655126,0,40,
"Nu: 0.5, Gamma: 0.2",688,63,0,0,91.61118508655126,0,40,
"Nu: 0.5, Gamma: 0.5",688,63,0,0,91.61118508655126,0,40,
"Nu: 0.5, Gamma: 0.7",688,63,0,0,91.61118508655126,0,40,
"Nu: 0.5, Gamma: 0.9",688,63,0,0,91.61118508655126,0,40,
"Nu: 0.5, Gamma: 0.99",688,63,0,0,91.61118508655126,0,40,
"Nu: 0.7, Gamma: 1e-05",688,46,0,17,93.87483355525966,0,40,
"Nu: 0.7, Gamma: 2e-05",688,46,0,17,93.87483355525966,0,40,
"Nu: 0.7, Gamma: 3e-05",688,45,0,18,94.00798934753661,0,40,
"Nu: 0.7, Gamma: 4e-05",688,45,0,18,94.00798934753661,0,40,
"Nu: 0.7, Gamma: 5e-05",688,46,0,17,93.87483355525966,0,40,
"Nu: 0.7, Gamma: 6e-05",688,47,0,16,93.74167776298269,0,40,
"Nu: 0.7, Gamma: 7e-05",688,47,0,16,93.74167776298269,0,40,
"Nu: 0.7, Gamma: 8e-05",688,47,0,16,93.74167776298269,0,40,
"Nu: 0.7, Gamma: 9e-05",688,48,0,15,93.60852197070572,0,40,
"Nu: 0.7, Gamma: 0.0001",688,50,0,13,93.3422103861518,0,40,
"Nu: 0.7, Gamma: 0.0002",688,50,0,13,93.3422103861518,0,40,
"Nu: 0.7, Gamma: 0.0003",688,51,0,12,93.20905459387482,0,40,
"Nu: 0.7, Gamma: 0.0004",688,53,0,10,92.9427430093209,0,40,
"Nu: 0.7, Gamma: 0.005",688,63,0,0,91.61118508655126,0,40,
"Nu: 0.7, Gamma: 0.05",688,63,0,0,91.61118508655126,0,40,
"Nu: 0.7, Gamma: 0.0625",688,63,0,0,91.61118508655126,0,40,
"Nu: 0.7, Gamma: 0.1",688,63,0,0,91.61118508655126,0,40,
"Nu: 0.7, Gamma: 0.2",688,63,0,0,91.61118508655126,0,40,
"Nu: 0.7, Gamma: 0.5",688,63,0,0,91.61118508655126,0,40,
"Nu: 0.7, Gamma: 0.7",688,63,0,0,91.61118508655126,0,40,
"Nu: 0.7, Gamma: 0.9",688,63,0,0,91.61118508655126,0,40,
"Nu: 0.7, Gamma: 0.99",688,63,0,0,91.61118508655126,0,40,
"Nu: 0.9, Gamma: 1e-05",688,56,0,7,92.54327563249002,0,40,
"Nu: 0.9, Gamma: 2e-05",688,57,0,6,92.41011984021304,0,40,
"Nu: 0.9, Gamma: 3e-05",688,56,0,7,92.54327563249002,0,40,
"Nu: 0.9, Gamma: 4e-05",688,56,0,7,92.54327563249002,0,40,
"Nu: 0.9, Gamma: 5e-05",688,56,0,7,92.54327563249002,0,40,
"Nu: 0.9, Gamma: 6e-05",688,56,0,7,92.54327563249002,0,40,
"Nu: 0.9, Gamma: 7e-05",688,57,0,6,92.41011984021304,0,40,
"Nu: 0.9, Gamma: 8e-05",688,58,0,5,92.27696404793608,0,40,
"Nu: 0.9, Gamma: 9e-05",688,58,0,5,92.27696404793608,0,40,
"Nu: 0.9, Gamma: 0.0001",688,57,0,6,92.41011984021304,0,40,
"Nu: 0.9, Gamma: 0.0002",688,57,0,6,92.41011984021304,0,40,
"Nu: 0.9, Gamma: 0.0003",688,56,0,7,92.54327563249002,0,40,
"Nu: 0.9, Gamma: 0.0004",688,56,0,7,92.54327563249002,0,40,
"Nu: 0.9, Gamma: 0.005",688,63,0,0,91.61118508655126,0,40,
"Nu: 0.9, Gamma: 0.05",688,63,0,0,91.61118508655126,0,40,
"Nu: 0.9, Gamma: 0.0625",688,63,0,0,91.61118508655126,0,40,
"Nu: 0.9, Gamma: 0.1",688,63,0,0,91.61118508655126,0,40,
"Nu: 0.9, Gamma: 0.2",688,63,0,0,91.61118508655126,0,40,
"Nu: 0.9, Gamma: 0.5",688,63,0,0,91.61118508655126,0,40,
"Nu: 0.9, Gamma: 0.7",688,63,0,0,91.61118508655126,0,40,
"Nu: 0.9, Gamma: 0.9",688,63,0,0,91.61118508655126,0,40,
"Nu: 0.9, Gamma: 0.99",688,63,0,0,91.61118508655126,0,40,
"Nu: 0.99, Gamma: 1e-05",688,63,0,0,91.61118508655126,0,40,
"Nu: 0.99, Gamma: 2e-05",688,63,0,0,91.61118508655126,0,40,
"Nu: 0.99, Gamma: 3e-05",688,63,0,0,91.61118508655126,0,40,
"Nu: 0.99, Gamma: 4e-05",688,63,0,0,91.61118508655126,0,40,
"Nu: 0.99, Gamma: 5e-05",688,63,0,0,91.61118508655126,0,40,
"Nu: 0.99, Gamma: 6e-05",688,63,0,0,91.61118508655126,0,40,
"Nu: 0.99, Gamma: 7e-05",688,63,0,0,91.61118508655126,0,40,
"Nu: 0.99, Gamma: 8e-05",688,63,0,0,91.61118508655126,0,40,
"Nu: 0.99, Gamma: 9e-05",688,63,0,0,91.61118508655126,0,40,
"Nu: 0.99, Gamma: 0.0001",688,63,0,0,91.61118508655126,0,40,
"Nu: 0.99, Gamma: 0.0002",688,63,0,0,91.61118508655126,0,40,
"Nu: 0.99, Gamma: 0.0003",688,63,0,0,91.61118508655126,0,40,
"Nu: 0.99, Gamma: 0.0004",688,63,0,0,91.61118508655126,0,40,
"Nu: 0.99, Gamma: 0.005",688,63,0,0,91.61118508655126,0,40,
"Nu: 0.99, Gamma: 0.05",688,63,0,0,91.61118508655126,0,40,
"Nu: 0.99, Gamma: 0.0625",688,63,0,0,91.61118508655126,0,40,
"Nu: 0.99, Gamma: 0.1",688,63,0,0,91.61118508655126,0,40,
"Nu: 0.99, Gamma: 0.2",688,63,0,0,91.61118508655126,0,40,
"Nu: 0.99, Gamma: 0.5",688,63,0,0,91.61118508655126,0,40,
"Nu: 0.99, Gamma: 0.7",688,63,0,0,91.61118508655126,0,40,
"Nu: 0.99, Gamma: 0.9",688,63,0,0,91.61118508655126,0,40,
"Nu: 0.99, Gamma: 0.99",688,63,0,0,91.61118508655126,0,40,
,,,,,,,,
Features: 16,,,,,,,,
Target Class: blackscholes,TP,FP,FN,TN,ACC (%),Noise Percantages,Upsampling,
"Nu: 5e-05, Gamma: 1e-05",930,33,30,3,93.67469879518072,10,40,
"Nu: 5e-05, Gamma: 2e-05",960,36,0,0,96.3855421686747,10,40,
"Nu: 5e-05, Gamma: 3e-05",960,36,0,0,96.3855421686747,10,40,
"Nu: 5e-05, Gamma: 4e-05",960,36,0,0,96.3855421686747,10,40,
"Nu: 5e-05, Gamma: 5e-05",960,36,0,0,96.3855421686747,10,40,
"Nu: 5e-05, Gamma: 6e-05",960,36,0,0,96.3855421686747,10,40,
"Nu: 5e-05, Gamma: 7e-05",960,36,0,0,96.3855421686747,10,40,
"Nu: 5e-05, Gamma: 8e-05",960,36,0,0,96.3855421686747,10,40,
"Nu: 5e-05, Gamma: 9e-05",960,36,0,0,96.3855421686747,10,40,
"Nu: 5e-05, Gamma: 0.0001",960,36,0,0,96.3855421686747,10,40,
"Nu: 5e-05, Gamma: 0.0002",960,36,0,0,96.3855421686747,10,40,
"Nu: 5e-05, Gamma: 0.0003",960,36,0,0,96.3855421686747,10,40,
"Nu: 5e-05, Gamma: 0.0004",960,36,0,0,96.3855421686747,10,40,
"Nu: 5e-05, Gamma: 0.005",960,36,0,0,96.3855421686747,10,40,
"Nu: 5e-05, Gamma: 0.05",960,36,0,0,96.3855421686747,10,40,
"Nu: 5e-05, Gamma: 0.0625",960,36,0,0,96.3855421686747,10,40,
"Nu: 5e-05, Gamma: 0.1",960,36,0,0,96.3855421686747,10,40,
"Nu: 5e-05, Gamma: 0.2",960,36,0,0,96.3855421686747,10,40,
"Nu: 5e-05, Gamma: 0.5",960,36,0,0,96.3855421686747,10,40,
"Nu: 5e-05, Gamma: 0.7",960,36,0,0,96.3855421686747,10,40,
"Nu: 5e-05, Gamma: 0.9",960,36,0,0,96.3855421686747,10,40,
"Nu: 5e-05, Gamma: 0.99",960,36,0,0,96.3855421686747,10,40,
"Nu: 6e-05, Gamma: 1e-05",742,5,218,31,77.61044176706827,10,40,
"Nu: 6e-05, Gamma: 2e-05",960,36,0,0,96.3855421686747,10,40,
"Nu: 6e-05, Gamma: 3e-05",901,26,59,10,91.46586345381526,10,40,
"Nu: 6e-05, Gamma: 4e-05",909,28,51,8,92.06827309236948,10,40,
"Nu: 6e-05, Gamma: 5e-05",921,30,39,6,93.07228915662651,10,40,
"Nu: 6e-05, Gamma: 6e-05",941,34,19,2,94.67871485943775,10,40,
"Nu: 6e-05, Gamma: 7e-05",953,36,7,0,95.68273092369478,10,40,
"Nu: 6e-05, Gamma: 8e-05",960,36,0,0,96.3855421686747,10,40,
"Nu: 6e-05, Gamma: 9e-05",960,36,0,0,96.3855421686747,10,40,
"Nu: 6e-05, Gamma: 0.0001",960,36,0,0,96.3855421686747,10,40,
"Nu: 6e-05, Gamma: 0.0002",960,36,0,0,96.3855421686747,10,40,
"Nu: 6e-05, Gamma: 0.0003",960,36,0,0,96.3855421686747,10,40,
"Nu: 6e-05, Gamma: 0.0004",960,36,0,0,96.3855421686747,10,40,
"Nu: 6e-05, Gamma: 0.005",960,36,0,0,96.3855421686747,10,40,
"Nu: 6e-05, Gamma: 0.05",960,36,0,0,96.3855421686747,10,40,
"Nu: 6e-05, Gamma: 0.0625",960,36,0,0,96.3855421686747,10,40,
"Nu: 6e-05, Gamma: 0.1",960,36,0,0,96.3855421686747,10,40,
"Nu: 6e-05, Gamma: 0.2",960,36,0,0,96.3855421686747,10,40,
"Nu: 6e-05, Gamma: 0.5",960,36,0,0,96.3855421686747,10,40,
"Nu: 6e-05, Gamma: 0.7",960,36,0,0,96.3855421686747,10,40,
"Nu: 6e-05, Gamma: 0.9",960,36,0,0,96.3855421686747,10,40,
"Nu: 6e-05, Gamma: 0.99",960,36,0,0,96.3855421686747,10,40,
"Nu: 7e-05, Gamma: 1e-05",960,34,0,2,96.5863453815261,10,40,
"Nu: 7e-05, Gamma: 2e-05",843,13,117,23,86.94779116465864,10,40,
"Nu: 7e-05, Gamma: 3e-05",901,26,59,10,91.46586345381526,10,40,
"Nu: 7e-05, Gamma: 4e-05",909,28,51,8,92.06827309236948,10,40,
"Nu: 7e-05, Gamma: 5e-05",921,30,39,6,93.07228915662651,10,40,
"Nu: 7e-05, Gamma: 6e-05",941,34,19,2,94.67871485943775,10,40,
"Nu: 7e-05, Gamma: 7e-05",953,36,7,0,95.68273092369478,10,40,
"Nu: 7e-05, Gamma: 8e-05",960,36,0,0,96.3855421686747,10,40,
"Nu: 7e-05, Gamma: 9e-05",960,36,0,0,96.3855421686747,10,40,
"Nu: 7e-05, Gamma: 0.0001",960,36,0,0,96.3855421686747,10,40,
"Nu: 7e-05, Gamma: 0.0002",960,36,0,0,96.3855421686747,10,40,
"Nu: 7e-05, Gamma: 0.0003",960,36,0,0,96.3855421686747,10,40,
"Nu: 7e-05, Gamma: 0.0004",960,36,0,0,96.3855421686747,10,40,
"Nu: 7e-05, Gamma: 0.005",960,36,0,0,96.3855421686747,10,40,
"Nu: 7e-05, Gamma: 0.05",960,36,0,0,96.3855421686747,10,40,
"Nu: 7e-05, Gamma: 0.0625",960,36,0,0,96.3855421686747,10,40,
"Nu: 7e-05, Gamma: 0.1",960,36,0,0,96.3855421686747,10,40,
"Nu: 7e-05, Gamma: 0.2",960,36,0,0,96.3855421686747,10,40,
"Nu: 7e-05, Gamma: 0.5",960,36,0,0,96.3855421686747,10,40,
"Nu: 7e-05, Gamma: 0.7",960,36,0,0,96.3855421686747,10,40,
"Nu: 7e-05, Gamma: 0.9",960,36,0,0,96.3855421686747,10,40,
"Nu: 7e-05, Gamma: 0.99",960,36,0,0,96.3855421686747,10,40,
"Nu: 8e-05, Gamma: 1e-05",738,5,222,31,77.20883534136547,10,40,
"Nu: 8e-05, Gamma: 2e-05",779,8,181,28,81.02409638554217,10,40,
"Nu: 8e-05, Gamma: 3e-05",901,26,59,10,91.46586345381526,10,40,
"Nu: 8e-05, Gamma: 4e-05",909,28,51,8,92.06827309236948,10,40,
"Nu: 8e-05, Gamma: 5e-05",921,30,39,6,93.07228915662651,10,40,
"Nu: 8e-05, Gamma: 6e-05",941,34,19,2,94.67871485943775,10,40,
"Nu: 8e-05, Gamma: 7e-05",953,36,7,0,95.68273092369478,10,40,
"Nu: 8e-05, Gamma: 8e-05",960,36,0,0,96.3855421686747,10,40,
"Nu: 8e-05, Gamma: 9e-05",960,36,0,0,96.3855421686747,10,40,
"Nu: 8e-05, Gamma: 0.0001",960,36,0,0,96.3855421686747,10,40,
"Nu: 8e-05, Gamma: 0.0002",960,36,0,0,96.3855421686747,10,40,
"Nu: 8e-05, Gamma: 0.0003",960,36,0,0,96.3855421686747,10,40,
"Nu: 8e-05, Gamma: 0.0004",960,36,0,0,96.3855421686747,10,40,
"Nu: 8e-05, Gamma: 0.005",960,36,0,0,96.3855421686747,10,40,
"Nu: 8e-05, Gamma: 0.05",960,36,0,0,96.3855421686747,10,40,
"Nu: 8e-05, Gamma: 0.0625",960,36,0,0,96.3855421686747,10,40,
"Nu: 8e-05, Gamma: 0.1",960,36,0,0,96.3855421686747,10,40,
"Nu: 8e-05, Gamma: 0.2",960,36,0,0,96.3855421686747,10,40,
"Nu: 8e-05, Gamma: 0.5",960,36,0,0,96.3855421686747,10,40,
"Nu: 8e-05, Gamma: 0.7",960,36,0,0,96.3855421686747,10,40,
"Nu: 8e-05, Gamma: 0.9",960,36,0,0,96.3855421686747,10,40,
"Nu: 8e-05, Gamma: 0.99",960,36,0,0,96.3855421686747,10,40,
"Nu: 9e-05, Gamma: 1e-05",738,5,222,31,77.20883534136547,10,40,
"Nu: 9e-05, Gamma: 2e-05",779,8,181,28,81.02409638554217,10,40,
"Nu: 9e-05, Gamma: 3e-05",901,26,59,10,91.46586345381526,10,40,
"Nu: 9e-05, Gamma: 4e-05",909,28,51,8,92.06827309236948,10,40,
"Nu: 9e-05, Gamma: 5e-05",921,30,39,6,93.07228915662651,10,40,
"Nu: 9e-05, Gamma: 6e-05",941,34,19,2,94.67871485943775,10,40,
"Nu: 9e-05, Gamma: 7e-05",953,36,7,0,95.68273092369478,10,40,
"Nu: 9e-05, Gamma: 8e-05",960,36,0,0,96.3855421686747,10,40,
"Nu: 9e-05, Gamma: 9e-05",960,36,0,0,96.3855421686747,10,40,
"Nu: 9e-05, Gamma: 0.0001",960,36,0,0,96.3855421686747,10,40,
"Nu: 9e-05, Gamma: 0.0002",960,36,0,0,96.3855421686747,10,40,
"Nu: 9e-05, Gamma: 0.0003",960,36,0,0,96.3855421686747,10,40,
"Nu: 9e-05, Gamma: 0.0004",960,36,0,0,96.3855421686747,10,40,
"Nu: 9e-05, Gamma: 0.005",960,36,0,0,96.3855421686747,10,40,
"Nu: 9e-05, Gamma: 0.05",960,36,0,0,96.3855421686747,10,40,
"Nu: 9e-05, Gamma: 0.0625",960,36,0,0,96.3855421686747,10,40,
"Nu: 9e-05, Gamma: 0.1",960,36,0,0,96.3855421686747,10,40,
"Nu: 9e-05, Gamma: 0.2",960,36,0,0,96.3855421686747,10,40,
"Nu: 9e-05, Gamma: 0.5",960,36,0,0,96.3855421686747,10,40,
"Nu: 9e-05, Gamma: 0.7",960,36,0,0,96.3855421686747,10,40,
"Nu: 9e-05, Gamma: 0.9",960,36,0,0,96.3855421686747,10,40,
"Nu: 9e-05, Gamma: 0.99",960,36,0,0,96.3855421686747,10,40,
"Nu: 0.0001, Gamma: 1e-05",738,5,222,31,77.20883534136547,10,40,
"Nu: 0.0001, Gamma: 2e-05",779,8,181,28,81.02409638554217,10,40,
"Nu: 0.0001, Gamma: 3e-05",901,26,59,10,91.46586345381526,10,40,
"Nu: 0.0001, Gamma: 4e-05",909,28,51,8,92.06827309236948,10,40,
"Nu: 0.0001, Gamma: 5e-05",921,30,39,6,93.07228915662651,10,40,
"Nu: 0.0001, Gamma: 6e-05",941,34,19,2,94.67871485943775,10,40,
"Nu: 0.0001, Gamma: 7e-05",953,36,7,0,95.68273092369478,10,40,
"Nu: 0.0001, Gamma: 8e-05",960,36,0,0,96.3855421686747,10,40,
"Nu: 0.0001, Gamma: 9e-05",960,36,0,0,96.3855421686747,10,40,
"Nu: 0.0001, Gamma: 0.0001",960,36,0,0,96.3855421686747,10,40,
"Nu: 0.0001, Gamma: 0.0002",960,36,0,0,96.3855421686747,10,40,
"Nu: 0.0001, Gamma: 0.0003",960,36,0,0,96.3855421686747,10,40,
"Nu: 0.0001, Gamma: 0.0004",960,36,0,0,96.3855421686747,10,40,
"Nu: 0.0001, Gamma: 0.005",960,36,0,0,96.3855421686747,10,40,
"Nu: 0.0001, Gamma: 0.05",960,36,0,0,96.3855421686747,10,40,
"Nu: 0.0001, Gamma: 0.0625",960,36,0,0,96.3855421686747,10,40,
"Nu: 0.0001, Gamma: 0.1",960,36,0,0,96.3855421686747,10,40,
"Nu: 0.0001, Gamma: 0.2",960,36,0,0,96.3855421686747,10,40,
"Nu: 0.0001, Gamma: 0.5",960,36,0,0,96.3855421686747,10,40,
"Nu: 0.0001, Gamma: 0.7",960,36,0,0,96.3855421686747,10,40,
"Nu: 0.0001, Gamma: 0.9",960,36,0,0,96.3855421686747,10,40,
"Nu: 0.0001, Gamma: 0.99",960,36,0,0,96.3855421686747,10,40,
"Nu: 0.0002, Gamma: 1e-05",738,4,222,32,77.30923694779116,10,40,
"Nu: 0.0002, Gamma: 2e-05",858,12,102,24,88.55421686746988,10,40,
"Nu: 0.0002, Gamma: 3e-05",899,22,61,14,91.66666666666666,10,40,
"Nu: 0.0002, Gamma: 4e-05",943,34,17,2,94.87951807228916,10,40,
"Nu: 0.0002, Gamma: 5e-05",892,23,68,13,90.86345381526104,10,40,
"Nu: 0.0002, Gamma: 6e-05",897,23,63,13,91.36546184738957,10,40,
"Nu: 0.0002, Gamma: 7e-05",894,24,66,12,90.96385542168674,10,40,
"Nu: 0.0002, Gamma: 8e-05",866,16,94,20,88.95582329317268,10,40,
"Nu: 0.0002, Gamma: 9e-05",790,7,170,29,82.2289156626506,10,40,
"Nu: 0.0002, Gamma: 0.0001",800,8,160,28,83.13253012048193,10,40,
"Nu: 0.0002, Gamma: 0.0002",928,32,32,4,93.57429718875501,10,40,
"Nu: 0.0002, Gamma: 0.0003",960,35,0,1,96.4859437751004,10,40,
"Nu: 0.0002, Gamma: 0.0004",960,35,0,1,96.4859437751004,10,40,
"Nu: 0.0002, Gamma: 0.005",960,36,0,0,96.3855421686747,10,40,
"Nu: 0.0002, Gamma: 0.05",960,36,0,0,96.3855421686747,10,40,
"Nu: 0.0002, Gamma: 0.0625",960,36,0,0,96.3855421686747,10,40,
"Nu: 0.0002, Gamma: 0.1",960,36,0,0,96.3855421686747,10,40,
"Nu: 0.0002, Gamma: 0.2",960,36,0,0,96.3855421686747,10,40,
"Nu: 0.0002, Gamma: 0.5",960,36,0,0,96.3855421686747,10,40,
"Nu: 0.0002, Gamma: 0.7",960,36,0,0,96.3855421686747,10,40,
"Nu: 0.0002, Gamma: 0.9",960,36,0,0,96.3855421686747,10,40,
"Nu: 0.0002, Gamma: 0.99",960,36,0,0,96.3855421686747,10,40,
"Nu: 0.0003, Gamma: 1e-05",902,22,58,14,91.96787148594377,10,40,
"Nu: 0.0003, Gamma: 2e-05",835,11,125,25,86.34538152610442,10,40,
"Nu: 0.0003, Gamma: 3e-05",880,21,80,15,89.85943775100401,10,40,
"Nu: 0.0003, Gamma: 4e-05",890,18,70,18,91.16465863453816,10,40,
"Nu: 0.0003, Gamma: 5e-05",894,23,66,13,91.06425702811245,10,40,
"Nu: 0.0003, Gamma: 6e-05",875,15,85,21,89.95983935742971,10,40,
"Nu: 0.0003, Gamma: 7e-05",897,24,63,12,91.26506024096386,10,40,
"Nu: 0.0003, Gamma: 8e-05",899,24,61,12,91.46586345381526,10,40,
"Nu: 0.0003, Gamma: 9e-05",892,18,68,18,91.36546184738957,10,40,
"Nu: 0.0003, Gamma: 0.0001",890,15,70,21,91.46586345381526,10,40,
"Nu: 0.0003, Gamma: 0.0002",960,35,0,1,96.4859437751004,10,40,
"Nu: 0.0003, Gamma: 0.0003",960,36,0,0,96.3855421686747,10,40,
"Nu: 0.0003, Gamma: 0.0004",960,36,0,0,96.3855421686747,10,40,
"Nu: 0.0003, Gamma: 0.005",941,34,19,2,94.67871485943775,10,40,
"Nu: 0.0003, Gamma: 0.05",960,36,0,0,96.3855421686747,10,40,
"Nu: 0.0003, Gamma: 0.0625",960,36,0,0,96.3855421686747,10,40,
"Nu: 0.0003, Gamma: 0.1",960,36,0,0,96.3855421686747,10,40,
"Nu: 0.0003, Gamma: 0.2",960,36,0,0,96.3855421686747,10,40,
"Nu: 0.0003, Gamma: 0.5",960,36,0,0,96.3855421686747,10,40,
"Nu: 0.0003, Gamma: 0.7",960,35,0,1,96.4859437751004,10,40,
"Nu: 0.0003, Gamma: 0.9",960,35,0,1,96.4859437751004,10,40,
"Nu: 0.0003, Gamma: 0.99",960,35,0,1,96.4859437751004,10,40,
"Nu: 0.0004, Gamma: 1e-05",849,10,111,26,87.85140562248996,10,40,
"Nu: 0.0004, Gamma: 2e-05",827,7,133,29,85.94377510040161,10,40,
"Nu: 0.0004, Gamma: 3e-05",742,5,218,31,77.61044176706827,10,40,
"Nu: 0.0004, Gamma: 4e-05",883,16,77,20,90.66265060240963,10,40,
"Nu: 0.0004, Gamma: 5e-05",896,21,64,15,91.46586345381526,10,40,
"Nu: 0.0004, Gamma: 6e-05",904,24,56,12,91.96787148594377,10,40,
"Nu: 0.0004, Gamma: 7e-05",897,24,63,12,91.26506024096386,10,40,
"Nu: 0.0004, Gamma: 8e-05",890,18,70,18,91.16465863453816,10,40,
"Nu: 0.0004, Gamma: 9e-05",894,16,66,20,91.76706827309236,10,40,
"Nu: 0.0004, Gamma: 0.0001",896,18,64,18,91.76706827309236,10,40,
"Nu: 0.0004, Gamma: 0.0002",939,28,21,8,95.08032128514057,10,40,
"Nu: 0.0004, Gamma: 0.0003",942,30,18,6,95.18072289156626,10,40,
"Nu: 0.0004, Gamma: 0.0004",949,34,11,2,95.48192771084338,10,40,
"Nu: 0.0004, Gamma: 0.005",941,34,19,2,94.67871485943775,10,40,
"Nu: 0.0004, Gamma: 0.05",960,36,0,0,96.3855421686747,10,40,
"Nu: 0.0004, Gamma: 0.0625",960,36,0,0,96.3855421686747,10,40,
"Nu: 0.0004, Gamma: 0.1",960,36,0,0,96.3855421686747,10,40,
"Nu: 0.0004, Gamma: 0.2",960,36,0,0,96.3855421686747,10,40,
"Nu: 0.0004, Gamma: 0.5",960,36,0,0,96.3855421686747,10,40,
"Nu: 0.0004, Gamma: 0.7",960,36,0,0,96.3855421686747,10,40,
"Nu: 0.0004, Gamma: 0.9",960,36,0,0,96.3855421686747,10,40,
"Nu: 0.0004, Gamma: 0.99",960,36,0,0,96.3855421686747,10,40,
"Nu: 0.005, Gamma: 1e-05",769,2,191,34,80.62248995983936,10,40,
"Nu: 0.005, Gamma: 2e-05",776,5,184,31,81.02409638554217,10,40,
"Nu: 0.005, Gamma: 3e-05",781,7,179,29,81.32530120481928,10,40,
"Nu: 0.005, Gamma: 4e-05",781,7,179,29,81.32530120481928,10,40,
"Nu: 0.005, Gamma: 5e-05",800,7,160,29,83.23293172690764,10,40,
"Nu: 0.005, Gamma: 6e-05",802,7,158,29,83.43373493975903,10,40,
"Nu: 0.005, Gamma: 7e-05",792,9,168,27,82.2289156626506,10,40,
"Nu: 0.005, Gamma: 8e-05",797,9,163,27,82.73092369477911,10,40,
"Nu: 0.005, Gamma: 9e-05",801,9,159,27,83.13253012048193,10,40,
"Nu: 0.005, Gamma: 0.0001",811,9,149,27,84.13654618473896,10,40,
"Nu: 0.005, Gamma: 0.0002",816,9,144,27,84.63855421686746,10,40,
"Nu: 0.005, Gamma: 0.0003",830,11,130,25,85.8433734939759,10,40,
"Nu: 0.005, Gamma: 0.0004",846,11,114,25,87.44979919678715,10,40,
"Nu: 0.005, Gamma: 0.005",915,25,45,11,92.9718875502008,10,40,
"Nu: 0.005, Gamma: 0.05",948,34,12,2,95.38152610441767,10,40,
"Nu: 0.005, Gamma: 0.0625",951,35,9,1,95.58232931726907,10,40,
"Nu: 0.005, Gamma: 0.1",953,36,7,0,95.68273092369478,10,40,
"Nu: 0.005, Gamma: 0.2",960,36,0,0,96.3855421686747,10,40,
"Nu: 0.005, Gamma: 0.5",960,35,0,1,96.4859437751004,10,40,
"Nu: 0.005, Gamma: 0.7",960,35,0,1,96.4859437751004,10,40,
"Nu: 0.005, Gamma: 0.9",960,35,0,1,96.4859437751004,10,40,
"Nu: 0.005, Gamma: 0.99",960,35,0,1,96.4859437751004,10,40,
"Nu: 0.05, Gamma: 1e-05",769,2,191,34,80.62248995983936,10,40,
"Nu: 0.05, Gamma: 2e-05",773,5,187,31,80.72289156626506,10,40,
"Nu: 0.05, Gamma: 3e-05",777,7,183,29,80.92369477911646,10,40,
"Nu: 0.05, Gamma: 4e-05",782,7,178,29,81.42570281124499,10,40,
"Nu: 0.05, Gamma: 5e-05",787,7,173,29,81.92771084337349,10,40,
"Nu: 0.05, Gamma: 6e-05",790,7,170,29,82.2289156626506,10,40,
"Nu: 0.05, Gamma: 7e-05",793,8,167,28,82.429718875502,10,40,
"Nu: 0.05, Gamma: 8e-05",795,9,165,27,82.53012048192771,10,40,
"Nu: 0.05, Gamma: 9e-05",799,8,161,28,83.03212851405623,10,40,
"Nu: 0.05, Gamma: 0.0001",801,8,159,28,83.23293172690764,10,40,
"Nu: 0.05, Gamma: 0.0002",810,9,150,27,84.03614457831326,10,40,
"Nu: 0.05, Gamma: 0.0003",829,10,131,26,85.8433734939759,10,40,
"Nu: 0.05, Gamma: 0.0004",841,11,119,25,86.94779116465864,10,40,
"Nu: 0.05, Gamma: 0.005",915,25,45,11,92.9718875502008,10,40,
"Nu: 0.05, Gamma: 0.05",945,35,15,1,94.97991967871486,10,40,
"Nu: 0.05, Gamma: 0.0625",948,34,12,2,95.38152610441767,10,40,
"Nu: 0.05, Gamma: 0.1",954,36,6,0,95.78313253012048,10,40,
"Nu: 0.05, Gamma: 0.2",960,35,0,1,96.4859437751004,10,40,
"Nu: 0.05, Gamma: 0.5",960,35,0,1,96.4859437751004,10,40,
"Nu: 0.05, Gamma: 0.7",960,35,0,1,96.4859437751004,10,40,
"Nu: 0.05, Gamma: 0.9",960,36,0,0,96.3855421686747,10,40,
"Nu: 0.05, Gamma: 0.99",960,36,0,0,96.3855421686747,10,40,
"Nu: 0.0625, Gamma: 1e-05",769,2,191,34,80.62248995983936,10,40,
"Nu: 0.0625, Gamma: 2e-05",773,5,187,31,80.72289156626506,10,40,
"Nu: 0.0625, Gamma: 3e-05",777,7,183,29,80.92369477911646,10,40,
"Nu: 0.0625, Gamma: 4e-05",782,7,178,29,81.42570281124499,10,40,
"Nu: 0.0625, Gamma: 5e-05",787,7,173,29,81.92771084337349,10,40,
"Nu: 0.0625, Gamma: 6e-05",790,7,170,29,82.2289156626506,10,40,
"Nu: 0.0625, Gamma: 7e-05",793,9,167,27,82.32931726907631,10,40,
"Nu: 0.0625, Gamma: 8e-05",795,8,165,28,82.6305220883534,10,40,
"Nu: 0.0625, Gamma: 9e-05",799,9,161,27,82.93172690763052,10,40,
"Nu: 0.0625, Gamma: 0.0001",801,8,159,28,83.23293172690764,10,40,
"Nu: 0.0625, Gamma: 0.0002",810,10,150,26,83.93574297188755,10,40,
"Nu: 0.0625, Gamma: 0.0003",828,10,132,26,85.7429718875502,10,40,
"Nu: 0.0625, Gamma: 0.0004",841,10,119,26,87.04819277108435,10,40,
"Nu: 0.0625, Gamma: 0.005",915,24,45,12,93.07228915662651,10,40,
"Nu: 0.0625, Gamma: 0.05",945,34,15,2,95.08032128514057,10,40,
"Nu: 0.0625, Gamma: 0.0625",950,35,10,1,95.48192771084338,10,40,
"Nu: 0.0625, Gamma: 0.1",953,36,7,0,95.68273092369478,10,40,
"Nu: 0.0625, Gamma: 0.2",960,36,0,0,96.3855421686747,10,40,
"Nu: 0.0625, Gamma: 0.5",960,35,0,1,96.4859437751004,10,40,
"Nu: 0.0625, Gamma: 0.7",960,36,0,0,96.3855421686747,10,40,
"Nu: 0.0625, Gamma: 0.9",960,35,0,1,96.4859437751004,10,40,
"Nu: 0.0625, Gamma: 0.99",960,35,0,1,96.4859437751004,10,40,
"Nu: 0.1, Gamma: 1e-05",769,3,191,33,80.52208835341365,10,40,
"Nu: 0.1, Gamma: 2e-05",773,5,187,31,80.72289156626506,10,40,
"Nu: 0.1, Gamma: 3e-05",777,7,183,29,80.92369477911646,10,40,
"Nu: 0.1, Gamma: 4e-05",782,7,178,29,81.42570281124499,10,40,
"Nu: 0.1, Gamma: 5e-05",787,7,173,29,81.92771084337349,10,40,
"Nu: 0.1, Gamma: 6e-05",790,7,170,29,82.2289156626506,10,40,
"Nu: 0.1, Gamma: 7e-05",793,8,167,28,82.429718875502,10,40,
"Nu: 0.1, Gamma: 8e-05",795,9,165,27,82.53012048192771,10,40,
"Nu: 0.1, Gamma: 9e-05",799,9,161,27,82.93172690763052,10,40,
"Nu: 0.1, Gamma: 0.0001",801,8,159,28,83.23293172690764,10,40,
"Nu: 0.1, Gamma: 0.0002",810,9,150,27,84.03614457831326,10,40,
"Nu: 0.1, Gamma: 0.0003",830,10,130,26,85.94377510040161,10,40,
"Nu: 0.1, Gamma: 0.0004",841,11,119,25,86.94779116465864,10,40,
"Nu: 0.1, Gamma: 0.005",915,25,45,11,92.9718875502008,10,40,
"Nu: 0.1, Gamma: 0.05",945,34,15,2,95.08032128514057,10,40,
"Nu: 0.1, Gamma: 0.0625",950,34,10,2,95.58232931726907,10,40,
"Nu: 0.1, Gamma: 0.1",954,35,6,1,95.88353413654619,10,40,
"Nu: 0.1, Gamma: 0.2",960,35,0,1,96.4859437751004,10,40,
"Nu: 0.1, Gamma: 0.5",960,36,0,0,96.3855421686747,10,40,
"Nu: 0.1, Gamma: 0.7",960,36,0,0,96.3855421686747,10,40,
"Nu: 0.1, Gamma: 0.9",960,36,0,0,96.3855421686747,10,40,
"Nu: 0.1, Gamma: 0.99",960,35,0,1,96.4859437751004,10,40,
"Nu: 0.2, Gamma: 1e-05",771,6,189,30,80.42168674698796,10,40,
"Nu: 0.2, Gamma: 2e-05",778,7,182,29,81.02409638554217,10,40,
"Nu: 0.2, Gamma: 3e-05",780,7,180,29,81.22489959839358,10,40,
"Nu: 0.2, Gamma: 4e-05",783,7,177,29,81.52610441767068,10,40,
"Nu: 0.2, Gamma: 5e-05",785,7,175,29,81.72690763052208,10,40,
"Nu: 0.2, Gamma: 6e-05",793,7,167,29,82.53012048192771,10,40,
"Nu: 0.2, Gamma: 7e-05",794,8,166,28,82.53012048192771,10,40,
"Nu: 0.2, Gamma: 8e-05",796,8,164,28,82.73092369477911,10,40,
"Nu: 0.2, Gamma: 9e-05",799,8,161,28,83.03212851405623,10,40,
"Nu: 0.2, Gamma: 0.0001",799,8,161,28,83.03212851405623,10,40,
"Nu: 0.2, Gamma: 0.0002",810,9,150,27,84.03614457831326,10,40,
"Nu: 0.2, Gamma: 0.0003",829,9,131,27,85.94377510040161,10,40,
"Nu: 0.2, Gamma: 0.0004",841,10,119,26,87.04819277108435,10,40,
"Nu: 0.2, Gamma: 0.005",915,24,45,12,93.07228915662651,10,40,
"Nu: 0.2, Gamma: 0.05",945,34,15,2,95.08032128514057,10,40,
"Nu: 0.2, Gamma: 0.0625",950,35,10,1,95.48192771084338,10,40,
"Nu: 0.2, Gamma: 0.1",954,35,6,1,95.88353413654619,10,40,
"Nu: 0.2, Gamma: 0.2",960,35,0,1,96.4859437751004,10,40,
"Nu: 0.2, Gamma: 0.5",960,35,0,1,96.4859437751004,10,40,
"Nu: 0.2, Gamma: 0.7",960,36,0,0,96.3855421686747,10,40,
"Nu: 0.2, Gamma: 0.9",960,35,0,1,96.4859437751004,10,40,
"Nu: 0.2, Gamma: 0.99",960,35,0,1,96.4859437751004,10,40,
"Nu: 0.5, Gamma: 1e-05",875,17,85,19,89.7590361445783,10,40,
"Nu: 0.5, Gamma: 2e-05",869,18,91,18,89.05622489959839,10,40,
"Nu: 0.5, Gamma: 3e-05",864,18,96,18,88.55421686746988,10,40,
"Nu: 0.5, Gamma: 4e-05",862,21,98,15,88.05220883534136,10,40,
"Nu: 0.5, Gamma: 5e-05",860,20,100,16,87.95180722891565,10,40,
"Nu: 0.5, Gamma: 6e-05",858,20,102,16,87.75100401606426,10,40,
"Nu: 0.5, Gamma: 7e-05",858,21,102,15,87.65060240963855,10,40,
"Nu: 0.5, Gamma: 8e-05",858,21,102,15,87.65060240963855,10,40,
"Nu: 0.5, Gamma: 9e-05",855,20,105,16,87.44979919678715,10,40,
"Nu: 0.5, Gamma: 0.0001",855,20,105,16,87.44979919678715,10,40,
"Nu: 0.5, Gamma: 0.0002",848,19,112,17,86.84738955823293,10,40,
"Nu: 0.5, Gamma: 0.0003",850,19,110,17,87.04819277108435,10,40,
"Nu: 0.5, Gamma: 0.0004",858,19,102,17,87.85140562248996,10,40,
"Nu: 0.5, Gamma: 0.005",917,27,43,9,92.9718875502008,10,40,
"Nu: 0.5, Gamma: 0.05",945,35,15,1,94.97991967871486,10,40,
"Nu: 0.5, Gamma: 0.0625",949,35,11,1,95.38152610441767,10,40,
"Nu: 0.5, Gamma: 0.1",954,36,6,0,95.78313253012048,10,40,
"Nu: 0.5, Gamma: 0.2",960,36,0,0,96.3855421686747,10,40,
"Nu: 0.5, Gamma: 0.5",960,35,0,1,96.4859437751004,10,40,
"Nu: 0.5, Gamma: 0.7",960,35,0,1,96.4859437751004,10,40,
"Nu: 0.5, Gamma: 0.9",960,35,0,1,96.4859437751004,10,40,
"Nu: 0.5, Gamma: 0.99",960,35,0,1,96.4859437751004,10,40,
"Nu: 0.7, Gamma: 1e-05",912,26,48,10,92.570281124498,10,40,
"Nu: 0.7, Gamma: 2e-05",912,27,48,9,92.46987951807229,10,40,
"Nu: 0.7, Gamma: 3e-05",906,27,54,9,91.86746987951807,10,40,
"Nu: 0.7, Gamma: 4e-05",906,27,54,9,91.86746987951807,10,40,
"Nu: 0.7, Gamma: 5e-05",906,27,54,9,91.86746987951807,10,40,
"Nu: 0.7, Gamma: 6e-05",903,27,57,9,91.56626506024097,10,40,
"Nu: 0.7, Gamma: 7e-05",901,27,59,9,91.36546184738957,10,40,
"Nu: 0.7, Gamma: 8e-05",903,27,57,9,91.56626506024097,10,40,
"Nu: 0.7, Gamma: 9e-05",903,27,57,9,91.56626506024097,10,40,
"Nu: 0.7, Gamma: 0.0001",903,27,57,9,91.56626506024097,10,40,
"Nu: 0.7, Gamma: 0.0002",898,26,62,10,91.16465863453816,10,40,
"Nu: 0.7, Gamma: 0.0003",900,26,60,10,91.36546184738957,10,40,
"Nu: 0.7, Gamma: 0.0004",904,26,56,10,91.76706827309236,10,40,
"Nu: 0.7, Gamma: 0.005",920,29,40,7,93.07228915662651,10,40,
"Nu: 0.7, Gamma: 0.05",945,35,15,1,94.97991967871486,10,40,
"Nu: 0.7, Gamma: 0.0625",949,35,11,1,95.38152610441767,10,40,
"Nu: 0.7, Gamma: 0.1",954,35,6,1,95.88353413654619,10,40,
"Nu: 0.7, Gamma: 0.2",960,35,0,1,96.4859437751004,10,40,
"Nu: 0.7, Gamma: 0.5",960,35,0,1,96.4859437751004,10,40,
"Nu: 0.7, Gamma: 0.7",960,35,0,1,96.4859437751004,10,40,
"Nu: 0.7, Gamma: 0.9",960,35,0,1,96.4859437751004,10,40,
"Nu: 0.7, Gamma: 0.99",960,35,0,1,96.4859437751004,10,40,
"Nu: 0.9, Gamma: 1e-05",948,33,12,3,95.48192771084338,10,40,
"Nu: 0.9, Gamma: 2e-05",948,33,12,3,95.48192771084338,10,40,
"Nu: 0.9, Gamma: 3e-05",950,33,10,3,95.68273092369478,10,40,
"Nu: 0.9, Gamma: 4e-05",950,33,10,3,95.68273092369478,10,40,
"Nu: 0.9, Gamma: 5e-05",951,33,9,3,95.78313253012048,10,40,
"Nu: 0.9, Gamma: 6e-05",951,33,9,3,95.78313253012048,10,40,
"Nu: 0.9, Gamma: 7e-05",952,33,8,3,95.88353413654619,10,40,
"Nu: 0.9, Gamma: 8e-05",952,33,8,3,95.88353413654619,10,40,
"Nu: 0.9, Gamma: 9e-05",952,33,8,3,95.88353413654619,10,40,
"Nu: 0.9, Gamma: 0.0001",953,34,7,2,95.88353413654619,10,40,
"Nu: 0.9, Gamma: 0.0002",955,34,5,2,96.08433734939759,10,40,
"Nu: 0.9, Gamma: 0.0003",953,34,7,2,95.88353413654619,10,40,
"Nu: 0.9, Gamma: 0.0004",948,35,12,1,95.28112449799197,10,40,
"Nu: 0.9, Gamma: 0.005",934,33,26,3,94.07630522088354,10,40,
"Nu: 0.9, Gamma: 0.05",945,35,15,1,94.97991967871486,10,40,
"Nu: 0.9, Gamma: 0.0625",950,35,10,1,95.48192771084338,10,40,
"Nu: 0.9, Gamma: 0.1",954,36,6,0,95.78313253012048,10,40,
"Nu: 0.9, Gamma: 0.2",960,36,0,0,96.3855421686747,10,40,
"Nu: 0.9, Gamma: 0.5",960,36,0,0,96.3855421686747,10,40,
"Nu: 0.9, Gamma: 0.7",960,35,0,1,96.4859437751004,10,40,
"Nu: 0.9, Gamma: 0.9",960,35,0,1,96.4859437751004,10,40,
"Nu: 0.9, Gamma: 0.99",960,36,0,0,96.3855421686747,10,40,
"Nu: 0.99, Gamma: 1e-05",957,36,3,0,96.08433734939759,10,40,
"Nu: 0.99, Gamma: 2e-05",960,36,0,0,96.3855421686747,10,40,
"Nu: 0.99, Gamma: 3e-05",960,36,0,0,96.3855421686747,10,40,
"Nu: 0.99, Gamma: 4e-05",960,36,0,0,96.3855421686747,10,40,
"Nu: 0.99, Gamma: 5e-05",960,36,0,0,96.3855421686747,10,40,
"Nu: 0.99, Gamma: 6e-05",960,36,0,0,96.3855421686747,10,40,
"Nu: 0.99, Gamma: 7e-05",960,36,0,0,96.3855421686747,10,40,
"Nu: 0.99, Gamma: 8e-05",960,36,0,0,96.3855421686747,10,40,
"Nu: 0.99, Gamma: 9e-05",960,36,0,0,96.3855421686747,10,40,
"Nu: 0.99, Gamma: 0.0001",960,36,0,0,96.3855421686747,10,40,
"Nu: 0.99, Gamma: 0.0002",960,36,0,0,96.3855421686747,10,40,
"Nu: 0.99, Gamma: 0.0003",960,36,0,0,96.3855421686747,10,40,
"Nu: 0.99, Gamma: 0.0004",960,36,0,0,96.3855421686747,10,40,
"Nu: 0.99, Gamma: 0.005",952,34,8,2,95.78313253012048,10,40,
"Nu: 0.99, Gamma: 0.05",960,36,0,0,96.3855421686747,10,40,
"Nu: 0.99, Gamma: 0.0625",960,36,0,0,96.3855421686747,10,40,
"Nu: 0.99, Gamma: 0.1",960,36,0,0,96.3855421686747,10,40,
"Nu: 0.99, Gamma: 0.2",960,36,0,0,96.3855421686747,10,40,
"Nu: 0.99, Gamma: 0.5",960,36,0,0,96.3855421686747,10,40,
"Nu: 0.99, Gamma: 0.7",960,36,0,0,96.3855421686747,10,40,
"Nu: 0.99, Gamma: 0.9",960,35,0,1,96.4859437751004,10,40,
"Nu: 0.99, Gamma: 0.99",960,36,0,0,96.3855421686747,10,40,
,,,,,,,,
Target Class: blackscholes-bodytrack,TP,FP,FN,TN,ACC (%),Noise Percantages,Upsampling,
"Nu: 5e-05, Gamma: 1e-05",976,34,0,0,96.63366336633663,10,40,
"Nu: 5e-05, Gamma: 2e-05",976,34,0,0,96.63366336633663,10,40,
"Nu: 5e-05, Gamma: 3e-05",976,34,0,0,96.63366336633663,10,40,
"Nu: 5e-05, Gamma: 4e-05",976,34,0,0,96.63366336633663,10,40,
"Nu: 5e-05, Gamma: 5e-05",976,34,0,0,96.63366336633663,10,40,
"Nu: 5e-05, Gamma: 6e-05",976,34,0,0,96.63366336633663,10,40,
"Nu: 5e-05, Gamma: 7e-05",976,34,0,0,96.63366336633663,10,40,
"Nu: 5e-05, Gamma: 8e-05",976,34,0,0,96.63366336633663,10,40,
"Nu: 5e-05, Gamma: 9e-05",976,34,0,0,96.63366336633663,10,40,
"Nu: 5e-05, Gamma: 0.0001",976,34,0,0,96.63366336633663,10,40,
"Nu: 5e-05, Gamma: 0.0002",976,34,0,0,96.63366336633663,10,40,
"Nu: 5e-05, Gamma: 0.0003",976,34,0,0,96.63366336633663,10,40,
"Nu: 5e-05, Gamma: 0.0004",976,34,0,0,96.63366336633663,10,40,
"Nu: 5e-05, Gamma: 0.005",976,34,0,0,96.63366336633663,10,40,
"Nu: 5e-05, Gamma: 0.05",976,34,0,0,96.63366336633663,10,40,
"Nu: 5e-05, Gamma: 0.0625",976,34,0,0,96.63366336633663,10,40,
"Nu: 5e-05, Gamma: 0.1",976,34,0,0,96.63366336633663,10,40,
"Nu: 5e-05, Gamma: 0.2",976,34,0,0,96.63366336633663,10,40,
"Nu: 5e-05, Gamma: 0.5",976,34,0,0,96.63366336633663,10,40,
"Nu: 5e-05, Gamma: 0.7",976,34,0,0,96.63366336633663,10,40,
"Nu: 5e-05, Gamma: 0.9",976,34,0,0,96.63366336633663,10,40,
"Nu: 5e-05, Gamma: 0.99",976,34,0,0,96.63366336633663,10,40,
"Nu: 6e-05, Gamma: 1e-05",738,11,238,23,75.34653465346534,10,40,
"Nu: 6e-05, Gamma: 2e-05",976,34,0,0,96.63366336633663,10,40,
"Nu: 6e-05, Gamma: 3e-05",976,34,0,0,96.63366336633663,10,40,
"Nu: 6e-05, Gamma: 4e-05",843,20,133,14,84.85148514851485,10,40,
"Nu: 6e-05, Gamma: 5e-05",976,34,0,0,96.63366336633663,10,40,
"Nu: 6e-05, Gamma: 6e-05",976,34,0,0,96.63366336633663,10,40,
"Nu: 6e-05, Gamma: 7e-05",976,34,0,0,96.63366336633663,10,40,
"Nu: 6e-05, Gamma: 8e-05",973,33,3,1,96.43564356435644,10,40,
"Nu: 6e-05, Gamma: 9e-05",975,33,1,1,96.63366336633663,10,40,
"Nu: 6e-05, Gamma: 0.0001",976,34,0,0,96.63366336633663,10,40,
"Nu: 6e-05, Gamma: 0.0002",976,34,0,0,96.63366336633663,10,40,
"Nu: 6e-05, Gamma: 0.0003",976,34,0,0,96.63366336633663,10,40,
"Nu: 6e-05, Gamma: 0.0004",976,34,0,0,96.63366336633663,10,40,
"Nu: 6e-05, Gamma: 0.005",976,34,0,0,96.63366336633663,10,40,
"Nu: 6e-05, Gamma: 0.05",976,34,0,0,96.63366336633663,10,40,
"Nu: 6e-05, Gamma: 0.0625",976,34,0,0,96.63366336633663,10,40,
"Nu: 6e-05, Gamma: 0.1",976,34,0,0,96.63366336633663,10,40,
"Nu: 6e-05, Gamma: 0.2",976,34,0,0,96.63366336633663,10,40,
"Nu: 6e-05, Gamma: 0.5",976,34,0,0,96.63366336633663,10,40,
"Nu: 6e-05, Gamma: 0.7",976,27,0,7,97.32673267326733,10,40,
"Nu: 6e-05, Gamma: 0.9",976,27,0,7,97.32673267326733,10,40,
"Nu: 6e-05, Gamma: 0.99",976,27,0,7,97.32673267326733,10,40,
"Nu: 7e-05, Gamma: 1e-05",976,34,0,0,96.63366336633663,10,40,
"Nu: 7e-05, Gamma: 2e-05",976,34,0,0,96.63366336633663,10,40,
"Nu: 7e-05, Gamma: 3e-05",976,34,0,0,96.63366336633663,10,40,
"Nu: 7e-05, Gamma: 4e-05",843,20,133,14,84.85148514851485,10,40,
"Nu: 7e-05, Gamma: 5e-05",976,34,0,0,96.63366336633663,10,40,
"Nu: 7e-05, Gamma: 6e-05",976,34,0,0,96.63366336633663,10,40,
"Nu: 7e-05, Gamma: 7e-05",976,34,0,0,96.63366336633663,10,40,
"Nu: 7e-05, Gamma: 8e-05",973,33,3,1,96.43564356435644,10,40,
"Nu: 7e-05, Gamma: 9e-05",975,33,1,1,96.63366336633663,10,40,
"Nu: 7e-05, Gamma: 0.0001",976,34,0,0,96.63366336633663,10,40,
"Nu: 7e-05, Gamma: 0.0002",976,34,0,0,96.63366336633663,10,40,
"Nu: 7e-05, Gamma: 0.0003",976,34,0,0,96.63366336633663,10,40,
"Nu: 7e-05, Gamma: 0.0004",976,34,0,0,96.63366336633663,10,40,
"Nu: 7e-05, Gamma: 0.005",976,34,0,0,96.63366336633663,10,40,
"Nu: 7e-05, Gamma: 0.05",976,34,0,0,96.63366336633663,10,40,
"Nu: 7e-05, Gamma: 0.0625",976,34,0,0,96.63366336633663,10,40,
"Nu: 7e-05, Gamma: 0.1",976,34,0,0,96.63366336633663,10,40,
"Nu: 7e-05, Gamma: 0.2",976,34,0,0,96.63366336633663,10,40,
"Nu: 7e-05, Gamma: 0.5",976,34,0,0,96.63366336633663,10,40,
"Nu: 7e-05, Gamma: 0.7",976,34,0,0,96.63366336633663,10,40,
"Nu: 7e-05, Gamma: 0.9",976,34,0,0,96.63366336633663,10,40,
"Nu: 7e-05, Gamma: 0.99",976,34,0,0,96.63366336633663,10,40,
"Nu: 8e-05, Gamma: 1e-05",976,34,0,0,96.63366336633663,10,40,
"Nu: 8e-05, Gamma: 2e-05",976,34,0,0,96.63366336633663,10,40,
"Nu: 8e-05, Gamma: 3e-05",976,34,0,0,96.63366336633663,10,40,
"Nu: 8e-05, Gamma: 4e-05",843,20,133,14,84.85148514851485,10,40,
"Nu: 8e-05, Gamma: 5e-05",976,34,0,0,96.63366336633663,10,40,
"Nu: 8e-05, Gamma: 6e-05",976,34,0,0,96.63366336633663,10,40,
"Nu: 8e-05, Gamma: 7e-05",976,34,0,0,96.63366336633663,10,40,
"Nu: 8e-05, Gamma: 8e-05",973,33,3,1,96.43564356435644,10,40,
"Nu: 8e-05, Gamma: 9e-05",975,33,1,1,96.63366336633663,10,40,
"Nu: 8e-05, Gamma: 0.0001",976,34,0,0,96.63366336633663,10,40,
"Nu: 8e-05, Gamma: 0.0002",976,34,0,0,96.63366336633663,10,40,
"Nu: 8e-05, Gamma: 0.0003",976,34,0,0,96.63366336633663,10,40,
"Nu: 8e-05, Gamma: 0.0004",976,34,0,0,96.63366336633663,10,40,
"Nu: 8e-05, Gamma: 0.005",976,34,0,0,96.63366336633663,10,40,
"Nu: 8e-05, Gamma: 0.05",976,34,0,0,96.63366336633663,10,40,
"Nu: 8e-05, Gamma: 0.0625",976,34,0,0,96.63366336633663,10,40,
"Nu: 8e-05, Gamma: 0.1",976,34,0,0,96.63366336633663,10,40,
"Nu: 8e-05, Gamma: 0.2",976,34,0,0,96.63366336633663,10,40,
"Nu: 8e-05, Gamma: 0.5",976,34,0,0,96.63366336633663,10,40,
"Nu: 8e-05, Gamma: 0.7",976,34,0,0,96.63366336633663,10,40,
"Nu: 8e-05, Gamma: 0.9",976,34,0,0,96.63366336633663,10,40,
"Nu: 8e-05, Gamma: 0.99",976,34,0,0,96.63366336633663,10,40,
"Nu: 9e-05, Gamma: 1e-05",831,25,145,9,83.16831683168317,10,40,
"Nu: 9e-05, Gamma: 2e-05",976,34,0,0,96.63366336633663,10,40,
"Nu: 9e-05, Gamma: 3e-05",976,34,0,0,96.63366336633663,10,40,
"Nu: 9e-05, Gamma: 4e-05",843,20,133,14,84.85148514851485,10,40,
"Nu: 9e-05, Gamma: 5e-05",976,34,0,0,96.63366336633663,10,40,
"Nu: 9e-05, Gamma: 6e-05",976,34,0,0,96.63366336633663,10,40,
"Nu: 9e-05, Gamma: 7e-05",976,34,0,0,96.63366336633663,10,40,
"Nu: 9e-05, Gamma: 8e-05",973,33,3,1,96.43564356435644,10,40,
"Nu: 9e-05, Gamma: 9e-05",975,33,1,1,96.63366336633663,10,40,
"Nu: 9e-05, Gamma: 0.0001",976,34,0,0,96.63366336633663,10,40,
"Nu: 9e-05, Gamma: 0.0002",976,34,0,0,96.63366336633663,10,40,
"Nu: 9e-05, Gamma: 0.0003",976,34,0,0,96.63366336633663,10,40,
"Nu: 9e-05, Gamma: 0.0004",976,34,0,0,96.63366336633663,10,40,
"Nu: 9e-05, Gamma: 0.005",976,34,0,0,96.63366336633663,10,40,
"Nu: 9e-05, Gamma: 0.05",976,34,0,0,96.63366336633663,10,40,
"Nu: 9e-05, Gamma: 0.0625",976,34,0,0,96.63366336633663,10,40,
"Nu: 9e-05, Gamma: 0.1",976,34,0,0,96.63366336633663,10,40,
"Nu: 9e-05, Gamma: 0.2",976,34,0,0,96.63366336633663,10,40,
"Nu: 9e-05, Gamma: 0.5",976,34,0,0,96.63366336633663,10,40,
"Nu: 9e-05, Gamma: 0.7",976,34,0,0,96.63366336633663,10,40,
"Nu: 9e-05, Gamma: 0.9",976,34,0,0,96.63366336633663,10,40,
"Nu: 9e-05, Gamma: 0.99",976,34,0,0,96.63366336633663,10,40,
"Nu: 0.0001, Gamma: 1e-05",709,9,267,25,72.67326732673267,10,40,
"Nu: 0.0001, Gamma: 2e-05",976,34,0,0,96.63366336633663,10,40,
"Nu: 0.0001, Gamma: 3e-05",976,34,0,0,96.63366336633663,10,40,
"Nu: 0.0001, Gamma: 4e-05",843,20,133,14,84.85148514851485,10,40,
"Nu: 0.0001, Gamma: 5e-05",976,34,0,0,96.63366336633663,10,40,
"Nu: 0.0001, Gamma: 6e-05",976,34,0,0,96.63366336633663,10,40,
"Nu: 0.0001, Gamma: 7e-05",976,34,0,0,96.63366336633663,10,40,
"Nu: 0.0001, Gamma: 8e-05",973,33,3,1,96.43564356435644,10,40,
"Nu: 0.0001, Gamma: 9e-05",975,33,1,1,96.63366336633663,10,40,
"Nu: 0.0001, Gamma: 0.0001",976,34,0,0,96.63366336633663,10,40,
"Nu: 0.0001, Gamma: 0.0002",976,34,0,0,96.63366336633663,10,40,
"Nu: 0.0001, Gamma: 0.0003",976,34,0,0,96.63366336633663,10,40,
"Nu: 0.0001, Gamma: 0.0004",976,34,0,0,96.63366336633663,10,40,
"Nu: 0.0001, Gamma: 0.005",976,34,0,0,96.63366336633663,10,40,
"Nu: 0.0001, Gamma: 0.05",976,34,0,0,96.63366336633663,10,40,
"Nu: 0.0001, Gamma: 0.0625",976,34,0,0,96.63366336633663,10,40,
"Nu: 0.0001, Gamma: 0.1",976,34,0,0,96.63366336633663,10,40,
"Nu: 0.0001, Gamma: 0.2",976,34,0,0,96.63366336633663,10,40,
"Nu: 0.0001, Gamma: 0.5",976,34,0,0,96.63366336633663,10,40,
"Nu: 0.0001, Gamma: 0.7",976,34,0,0,96.63366336633663,10,40,
"Nu: 0.0001, Gamma: 0.9",976,34,0,0,96.63366336633663,10,40,
"Nu: 0.0001, Gamma: 0.99",976,34,0,0,96.63366336633663,10,40,
"Nu: 0.0002, Gamma: 1e-05",709,9,267,25,72.67326732673267,10,40,
"Nu: 0.0002, Gamma: 2e-05",737,8,239,26,75.54455445544555,10,40,
"Nu: 0.0002, Gamma: 3e-05",745,12,231,22,75.94059405940594,10,40,
"Nu: 0.0002, Gamma: 4e-05",974,32,2,2,96.63366336633663,10,40,
"Nu: 0.0002, Gamma: 5e-05",950,30,26,4,94.45544554455445,10,40,
"Nu: 0.0002, Gamma: 6e-05",740,10,236,24,75.64356435643565,10,40,
"Nu: 0.0002, Gamma: 7e-05",752,11,224,23,76.73267326732673,10,40,
"Nu: 0.0002, Gamma: 8e-05",973,31,3,3,96.63366336633663,10,40,
"Nu: 0.0002, Gamma: 9e-05",976,33,0,1,96.73267326732673,10,40,
"Nu: 0.0002, Gamma: 0.0001",976,34,0,0,96.63366336633663,10,40,
"Nu: 0.0002, Gamma: 0.0002",976,34,0,0,96.63366336633663,10,40,
"Nu: 0.0002, Gamma: 0.0003",976,34,0,0,96.63366336633663,10,40,
"Nu: 0.0002, Gamma: 0.0004",976,34,0,0,96.63366336633663,10,40,
"Nu: 0.0002, Gamma: 0.005",976,34,0,0,96.63366336633663,10,40,
"Nu: 0.0002, Gamma: 0.05",976,34,0,0,96.63366336633663,10,40,
"Nu: 0.0002, Gamma: 0.0625",976,34,0,0,96.63366336633663,10,40,
"Nu: 0.0002, Gamma: 0.1",976,34,0,0,96.63366336633663,10,40,
"Nu: 0.0002, Gamma: 0.2",976,34,0,0,96.63366336633663,10,40,
"Nu: 0.0002, Gamma: 0.5",976,34,0,0,96.63366336633663,10,40,
"Nu: 0.0002, Gamma: 0.7",976,27,0,7,97.32673267326733,10,40,
"Nu: 0.0002, Gamma: 0.9",976,27,0,7,97.32673267326733,10,40,
"Nu: 0.0002, Gamma: 0.99",976,27,0,7,97.32673267326733,10,40,
"Nu: 0.0003, Gamma: 1e-05",708,5,268,29,72.97029702970296,10,40,
"Nu: 0.0003, Gamma: 2e-05",721,6,255,28,74.15841584158416,10,40,
"Nu: 0.0003, Gamma: 3e-05",742,9,234,25,75.94059405940594,10,40,
"Nu: 0.0003, Gamma: 4e-05",737,9,239,25,75.44554455445545,10,40,
"Nu: 0.0003, Gamma: 5e-05",734,7,242,27,75.34653465346534,10,40,
"Nu: 0.0003, Gamma: 6e-05",740,10,236,24,75.64356435643565,10,40,
"Nu: 0.0003, Gamma: 7e-05",750,10,226,24,76.63366336633663,10,40,
"Nu: 0.0003, Gamma: 8e-05",781,11,195,23,79.60396039603961,10,40,
"Nu: 0.0003, Gamma: 9e-05",809,15,167,19,81.98019801980197,10,40,
"Nu: 0.0003, Gamma: 0.0001",976,34,0,0,96.63366336633663,10,40,
"Nu: 0.0003, Gamma: 0.0002",976,34,0,0,96.63366336633663,10,40,
"Nu: 0.0003, Gamma: 0.0003",976,34,0,0,96.63366336633663,10,40,
"Nu: 0.0003, Gamma: 0.0004",952,32,24,2,94.45544554455445,10,40,
"Nu: 0.0003, Gamma: 0.005",975,34,1,0,96.53465346534654,10,40,
"Nu: 0.0003, Gamma: 0.05",976,34,0,0,96.63366336633663,10,40,
"Nu: 0.0003, Gamma: 0.0625",976,34,0,0,96.63366336633663,10,40,
"Nu: 0.0003, Gamma: 0.1",976,34,0,0,96.63366336633663,10,40,
"Nu: 0.0003, Gamma: 0.2",976,34,0,0,96.63366336633663,10,40,
"Nu: 0.0003, Gamma: 0.5",976,34,0,0,96.63366336633663,10,40,
"Nu: 0.0003, Gamma: 0.7",976,34,0,0,96.63366336633663,10,40,
"Nu: 0.0003, Gamma: 0.9",976,34,0,0,96.63366336633663,10,40,
"Nu: 0.0003, Gamma: 0.99",976,34,0,0,96.63366336633663,10,40,
"Nu: 0.0004, Gamma: 1e-05",708,3,268,31,73.16831683168317,10,40,
"Nu: 0.0004, Gamma: 2e-05",723,6,253,28,74.35643564356435,10,40,
"Nu: 0.0004, Gamma: 3e-05",719,8,257,26,73.76237623762376,10,40,
"Nu: 0.0004, Gamma: 4e-05",921,27,55,7,91.88118811881189,10,40,
"Nu: 0.0004, Gamma: 5e-05",733,8,243,26,75.14851485148515,10,40,
"Nu: 0.0004, Gamma: 6e-05",738,9,238,25,75.54455445544555,10,40,
"Nu: 0.0004, Gamma: 7e-05",748,10,228,24,76.43564356435644,10,40,
"Nu: 0.0004, Gamma: 8e-05",779,13,197,21,79.20792079207921,10,40,
"Nu: 0.0004, Gamma: 9e-05",945,32,31,2,93.76237623762376,10,40,
"Nu: 0.0004, Gamma: 0.0001",947,32,29,2,93.96039603960395,10,40,
"Nu: 0.0004, Gamma: 0.0002",803,16,173,18,81.28712871287128,10,40,
"Nu: 0.0004, Gamma: 0.0003",841,26,135,8,84.05940594059406,10,40,
"Nu: 0.0004, Gamma: 0.0004",845,26,131,8,84.45544554455445,10,40,
"Nu: 0.0004, Gamma: 0.005",975,34,1,0,96.53465346534654,10,40,
"Nu: 0.0004, Gamma: 0.05",976,34,0,0,96.63366336633663,10,40,
"Nu: 0.0004, Gamma: 0.0625",976,34,0,0,96.63366336633663,10,40,
"Nu: 0.0004, Gamma: 0.1",976,34,0,0,96.63366336633663,10,40,
"Nu: 0.0004, Gamma: 0.2",976,34,0,0,96.63366336633663,10,40,
"Nu: 0.0004, Gamma: 0.5",976,34,0,0,96.63366336633663,10,40,
"Nu: 0.0004, Gamma: 0.7",976,27,0,7,97.32673267326733,10,40,
"Nu: 0.0004, Gamma: 0.9",976,27,0,7,97.32673267326733,10,40,
"Nu: 0.0004, Gamma: 0.99",976,27,0,7,97.32673267326733,10,40,
"Nu: 0.005, Gamma: 1e-05",719,11,257,23,73.46534653465346,10,40,
"Nu: 0.005, Gamma: 2e-05",729,5,247,29,75.04950495049505,10,40,
"Nu: 0.005, Gamma: 3e-05",734,12,242,22,74.85148514851485,10,40,
"Nu: 0.005, Gamma: 4e-05",734,13,242,21,74.75247524752476,10,40,
"Nu: 0.005, Gamma: 5e-05",737,8,239,26,75.54455445544555,10,40,
"Nu: 0.005, Gamma: 6e-05",739,15,237,19,75.04950495049505,10,40,
"Nu: 0.005, Gamma: 7e-05",741,15,235,19,75.24752475247524,10,40,
"Nu: 0.005, Gamma: 8e-05",741,17,235,17,75.04950495049505,10,40,
"Nu: 0.005, Gamma: 9e-05",743,19,233,15,75.04950495049505,10,40,
"Nu: 0.005, Gamma: 0.0001",746,19,230,15,75.34653465346534,10,40,
"Nu: 0.005, Gamma: 0.0002",764,20,212,14,77.02970297029704,10,40,
"Nu: 0.005, Gamma: 0.0003",787,14,189,20,79.9009900990099,10,40,
"Nu: 0.005, Gamma: 0.0004",809,22,167,12,81.28712871287128,10,40,
"Nu: 0.005, Gamma: 0.005",930,28,46,6,92.67326732673268,10,40,
"Nu: 0.005, Gamma: 0.05",966,26,10,8,96.43564356435644,10,40,
"Nu: 0.005, Gamma: 0.0625",964,34,12,0,95.44554455445544,10,40,
"Nu: 0.005, Gamma: 0.1",972,34,4,0,96.23762376237623,10,40,
"Nu: 0.005, Gamma: 0.2",976,34,0,0,96.63366336633663,10,40,
"Nu: 0.005, Gamma: 0.5",976,27,0,7,97.32673267326733,10,40,
"Nu: 0.005, Gamma: 0.7",976,27,0,7,97.32673267326733,10,40,
"Nu: 0.005, Gamma: 0.9",976,27,0,7,97.32673267326733,10,40,
"Nu: 0.005, Gamma: 0.99",976,27,0,7,97.32673267326733,10,40,
"Nu: 0.05, Gamma: 1e-05",711,10,265,24,72.77227722772277,10,40,
"Nu: 0.05, Gamma: 2e-05",728,12,248,22,74.25742574257426,10,40,
"Nu: 0.05, Gamma: 3e-05",734,12,242,22,74.85148514851485,10,40,
"Nu: 0.05, Gamma: 4e-05",735,6,241,28,75.54455445544555,10,40,
"Nu: 0.05, Gamma: 5e-05",737,8,239,26,75.54455445544555,10,40,
"Nu: 0.05, Gamma: 6e-05",739,15,237,19,75.04950495049505,10,40,
"Nu: 0.05, Gamma: 7e-05",739,8,237,26,75.74257425742574,10,40,
"Nu: 0.05, Gamma: 8e-05",741,10,235,24,75.74257425742574,10,40,
"Nu: 0.05, Gamma: 9e-05",743,12,233,22,75.74257425742574,10,40,
"Nu: 0.05, Gamma: 0.0001",745,12,231,22,75.94059405940594,10,40,
"Nu: 0.05, Gamma: 0.0002",766,20,210,14,77.22772277227723,10,40,
"Nu: 0.05, Gamma: 0.0003",789,14,187,20,80.0990099009901,10,40,
"Nu: 0.05, Gamma: 0.0004",808,22,168,12,81.1881188118812,10,40,
"Nu: 0.05, Gamma: 0.005",929,21,47,13,93.26732673267327,10,40,
"Nu: 0.05, Gamma: 0.05",965,27,11,7,96.23762376237623,10,40,
"Nu: 0.05, Gamma: 0.0625",967,27,9,7,96.43564356435644,10,40,
"Nu: 0.05, Gamma: 0.1",970,34,6,0,96.03960396039604,10,40,
"Nu: 0.05, Gamma: 0.2",974,34,2,0,96.43564356435644,10,40,
"Nu: 0.05, Gamma: 0.5",976,27,0,7,97.32673267326733,10,40,
"Nu: 0.05, Gamma: 0.7",976,34,0,0,96.63366336633663,10,40,
"Nu: 0.05, Gamma: 0.9",976,27,0,7,97.32673267326733,10,40,
"Nu: 0.05, Gamma: 0.99",976,27,0,7,97.32673267326733,10,40,
"Nu: 0.0625, Gamma: 1e-05",711,10,265,24,72.77227722772277,10,40,
"Nu: 0.0625, Gamma: 2e-05",728,12,248,22,74.25742574257426,10,40,
"Nu: 0.0625, Gamma: 3e-05",734,5,242,29,75.54455445544555,10,40,
"Nu: 0.0625, Gamma: 4e-05",735,6,241,28,75.54455445544555,10,40,
"Nu: 0.0625, Gamma: 5e-05",737,8,239,26,75.54455445544555,10,40,
"Nu: 0.0625, Gamma: 6e-05",739,8,237,26,75.74257425742574,10,40,
"Nu: 0.0625, Gamma: 7e-05",739,8,237,26,75.74257425742574,10,40,
"Nu: 0.0625, Gamma: 8e-05",741,10,235,24,75.74257425742574,10,40,
"Nu: 0.0625, Gamma: 9e-05",743,19,233,15,75.04950495049505,10,40,
"Nu: 0.0625, Gamma: 0.0001",745,12,231,22,75.94059405940594,10,40,
"Nu: 0.0625, Gamma: 0.0002",765,13,211,21,77.82178217821783,10,40,
"Nu: 0.0625, Gamma: 0.0003",789,14,187,20,80.0990099009901,10,40,
"Nu: 0.0625, Gamma: 0.0004",808,22,168,12,81.1881188118812,10,40,
"Nu: 0.0625, Gamma: 0.005",930,28,46,6,92.67326732673268,10,40,
"Nu: 0.0625, Gamma: 0.05",966,34,10,0,95.64356435643563,10,40,
"Nu: 0.0625, Gamma: 0.0625",967,27,9,7,96.43564356435644,10,40,
"Nu: 0.0625, Gamma: 0.1",970,34,6,0,96.03960396039604,10,40,
"Nu: 0.0625, Gamma: 0.2",974,27,2,7,97.12871287128712,10,40,
"Nu: 0.0625, Gamma: 0.5",976,27,0,7,97.32673267326733,10,40,
"Nu: 0.0625, Gamma: 0.7",976,34,0,0,96.63366336633663,10,40,
"Nu: 0.0625, Gamma: 0.9",976,27,0,7,97.32673267326733,10,40,
"Nu: 0.0625, Gamma: 0.99",976,27,0,7,97.32673267326733,10,40,
"Nu: 0.1, Gamma: 1e-05",711,10,265,24,72.77227722772277,10,40,
"Nu: 0.1, Gamma: 2e-05",728,5,248,29,74.95049504950495,10,40,
"Nu: 0.1, Gamma: 3e-05",734,5,242,29,75.54455445544555,10,40,
"Nu: 0.1, Gamma: 4e-05",735,6,241,28,75.54455445544555,10,40,
"Nu: 0.1, Gamma: 5e-05",737,8,239,26,75.54455445544555,10,40,
"Nu: 0.1, Gamma: 6e-05",739,15,237,19,75.04950495049505,10,40,
"Nu: 0.1, Gamma: 7e-05",739,8,237,26,75.74257425742574,10,40,
"Nu: 0.1, Gamma: 8e-05",741,10,235,24,75.74257425742574,10,40,
"Nu: 0.1, Gamma: 9e-05",743,19,233,15,75.04950495049505,10,40,
"Nu: 0.1, Gamma: 0.0001",745,19,231,15,75.24752475247524,10,40,
"Nu: 0.1, Gamma: 0.0002",765,13,211,21,77.82178217821783,10,40,
"Nu: 0.1, Gamma: 0.0003",789,21,187,13,79.40594059405942,10,40,
"Nu: 0.1, Gamma: 0.0004",808,15,168,19,81.88118811881188,10,40,
"Nu: 0.1, Gamma: 0.005",930,28,46,6,92.67326732673268,10,40,
"Nu: 0.1, Gamma: 0.05",966,27,10,7,96.33663366336633,10,40,
"Nu: 0.1, Gamma: 0.0625",967,34,9,0,95.74257425742574,10,40,
"Nu: 0.1, Gamma: 0.1",970,34,6,0,96.03960396039604,10,40,
"Nu: 0.1, Gamma: 0.2",974,34,2,0,96.43564356435644,10,40,
"Nu: 0.1, Gamma: 0.5",976,34,0,0,96.63366336633663,10,40,
"Nu: 0.1, Gamma: 0.7",976,34,0,0,96.63366336633663,10,40,
"Nu: 0.1, Gamma: 0.9",976,27,0,7,97.32673267326733,10,40,
"Nu: 0.1, Gamma: 0.99",976,27,0,7,97.32673267326733,10,40,
"Nu: 0.2, Gamma: 1e-05",711,10,265,24,72.77227722772277,10,40,
"Nu: 0.2, Gamma: 2e-05",730,5,246,29,75.14851485148515,10,40,
"Nu: 0.2, Gamma: 3e-05",734,13,242,21,74.75247524752476,10,40,
"Nu: 0.2, Gamma: 4e-05",736,6,240,28,75.64356435643565,10,40,
"Nu: 0.2, Gamma: 5e-05",737,8,239,26,75.54455445544555,10,40,
"Nu: 0.2, Gamma: 6e-05",739,8,237,26,75.74257425742574,10,40,
"Nu: 0.2, Gamma: 7e-05",739,15,237,19,75.04950495049505,10,40,
"Nu: 0.2, Gamma: 8e-05",741,10,235,24,75.74257425742574,10,40,
"Nu: 0.2, Gamma: 9e-05",743,19,233,15,75.04950495049505,10,40,
"Nu: 0.2, Gamma: 0.0001",745,19,231,15,75.24752475247524,10,40,
"Nu: 0.2, Gamma: 0.0002",765,20,211,14,77.12871287128714,10,40,
"Nu: 0.2, Gamma: 0.0003",789,21,187,13,79.40594059405942,10,40,
"Nu: 0.2, Gamma: 0.0004",808,22,168,12,81.1881188118812,10,40,
"Nu: 0.2, Gamma: 0.005",929,28,47,6,92.57425742574257,10,40,
"Nu: 0.2, Gamma: 0.05",966,34,10,0,95.64356435643563,10,40,
"Nu: 0.2, Gamma: 0.0625",967,34,9,0,95.74257425742574,10,40,
"Nu: 0.2, Gamma: 0.1",970,27,6,7,96.73267326732673,10,40,
"Nu: 0.2, Gamma: 0.2",974,27,2,7,97.12871287128712,10,40,
"Nu: 0.2, Gamma: 0.5",976,34,0,0,96.63366336633663,10,40,
"Nu: 0.2, Gamma: 0.7",976,34,0,0,96.63366336633663,10,40,
"Nu: 0.2, Gamma: 0.9",976,27,0,7,97.32673267326733,10,40,
"Nu: 0.2, Gamma: 0.99",976,34,0,0,96.63366336633663,10,40,
"Nu: 0.5, Gamma: 1e-05",748,20,228,14,75.44554455445545,10,40,
"Nu: 0.5, Gamma: 2e-05",760,12,216,22,77.42574257425743,10,40,
"Nu: 0.5, Gamma: 3e-05",766,20,210,14,77.22772277227723,10,40,
"Nu: 0.5, Gamma: 4e-05",769,22,207,12,77.32673267326733,10,40,
"Nu: 0.5, Gamma: 5e-05",771,15,205,19,78.21782178217822,10,40,
"Nu: 0.5, Gamma: 6e-05",776,23,200,11,77.92079207920793,10,40,
"Nu: 0.5, Gamma: 7e-05",776,23,200,11,77.92079207920793,10,40,
"Nu: 0.5, Gamma: 8e-05",776,16,200,18,78.61386138613862,10,40,
"Nu: 0.5, Gamma: 9e-05",780,23,196,11,78.31683168316832,10,40,
"Nu: 0.5, Gamma: 0.0001",784,16,192,18,79.40594059405942,10,40,
"Nu: 0.5, Gamma: 0.0002",799,17,177,17,80.79207920792079,10,40,
"Nu: 0.5, Gamma: 0.0003",809,24,167,10,81.0891089108911,10,40,
"Nu: 0.5, Gamma: 0.0004",832,19,144,15,83.86138613861385,10,40,
"Nu: 0.5, Gamma: 0.005",929,28,47,6,92.57425742574257,10,40,
"Nu: 0.5, Gamma: 0.05",966,34,10,0,95.64356435643563,10,40,
"Nu: 0.5, Gamma: 0.0625",967,27,9,7,96.43564356435644,10,40,
"Nu: 0.5, Gamma: 0.1",970,34,6,0,96.03960396039604,10,40,
"Nu: 0.5, Gamma: 0.2",974,27,2,7,97.12871287128712,10,40,
"Nu: 0.5, Gamma: 0.5",976,27,0,7,97.32673267326733,10,40,
"Nu: 0.5, Gamma: 0.7",976,34,0,0,96.63366336633663,10,40,
"Nu: 0.5, Gamma: 0.9",976,34,0,0,96.63366336633663,10,40,
"Nu: 0.5, Gamma: 0.99",976,27,0,7,97.32673267326733,10,40,
"Nu: 0.7, Gamma: 1e-05",844,27,132,7,84.25742574257426,10,40,
"Nu: 0.7, Gamma: 2e-05",850,26,126,8,84.95049504950495,10,40,
"Nu: 0.7, Gamma: 3e-05",861,26,115,8,86.03960396039604,10,40,
"Nu: 0.7, Gamma: 4e-05",848,26,128,8,84.75247524752476,10,40,
"Nu: 0.7, Gamma: 5e-05",857,26,119,8,85.64356435643565,10,40,
"Nu: 0.7, Gamma: 6e-05",856,25,120,9,85.64356435643565,10,40,
"Nu: 0.7, Gamma: 7e-05",861,25,115,9,86.13861386138613,10,40,
"Nu: 0.7, Gamma: 8e-05",862,25,114,9,86.23762376237623,10,40,
"Nu: 0.7, Gamma: 9e-05",863,25,113,9,86.33663366336634,10,40,
"Nu: 0.7, Gamma: 0.0001",852,25,124,9,85.24752475247524,10,40,
"Nu: 0.7, Gamma: 0.0002",863,26,113,8,86.23762376237623,10,40,
"Nu: 0.7, Gamma: 0.0003",868,26,108,8,86.73267326732673,10,40,
"Nu: 0.7, Gamma: 0.0004",878,19,98,15,88.41584158415841,10,40,
"Nu: 0.7, Gamma: 0.005",933,22,43,12,93.56435643564357,10,40,
"Nu: 0.7, Gamma: 0.05",965,34,11,0,95.54455445544554,10,40,
"Nu: 0.7, Gamma: 0.0625",967,27,9,7,96.43564356435644,10,40,
"Nu: 0.7, Gamma: 0.1",970,27,6,7,96.73267326732673,10,40,
"Nu: 0.7, Gamma: 0.2",974,27,2,7,97.12871287128712,10,40,
"Nu: 0.7, Gamma: 0.5",976,27,0,7,97.32673267326733,10,40,
"Nu: 0.7, Gamma: 0.7",976,27,0,7,97.32673267326733,10,40,
"Nu: 0.7, Gamma: 0.9",976,34,0,0,96.63366336633663,10,40,
"Nu: 0.7, Gamma: 0.99",976,27,0,7,97.32673267326733,10,40,
"Nu: 0.9, Gamma: 1e-05",912,32,64,2,90.4950495049505,10,40,
"Nu: 0.9, Gamma: 2e-05",909,32,67,2,90.1980198019802,10,40,
"Nu: 0.9, Gamma: 3e-05",915,33,61,1,90.6930693069307,10,40,
"Nu: 0.9, Gamma: 4e-05",924,34,52,0,91.48514851485149,10,40,
"Nu: 0.9, Gamma: 5e-05",920,31,56,3,91.38613861386139,10,40,
"Nu: 0.9, Gamma: 6e-05",923,31,53,3,91.68316831683168,10,40,
"Nu: 0.9, Gamma: 7e-05",921,31,55,3,91.48514851485149,10,40,
"Nu: 0.9, Gamma: 8e-05",923,31,53,3,91.68316831683168,10,40,
"Nu: 0.9, Gamma: 9e-05",925,31,51,3,91.88118811881189,10,40,
"Nu: 0.9, Gamma: 0.0001",925,31,51,3,91.88118811881189,10,40,
"Nu: 0.9, Gamma: 0.0002",932,31,44,3,92.57425742574257,10,40,
"Nu: 0.9, Gamma: 0.0003",934,31,42,3,92.77227722772278,10,40,
"Nu: 0.9, Gamma: 0.0004",944,31,32,3,93.76237623762376,10,40,
"Nu: 0.9, Gamma: 0.005",953,24,23,10,95.34653465346534,10,40,
"Nu: 0.9, Gamma: 0.05",969,34,7,0,95.94059405940594,10,40,
"Nu: 0.9, Gamma: 0.0625",970,34,6,0,96.03960396039604,10,40,
"Nu: 0.9, Gamma: 0.1",972,27,4,7,96.93069306930693,10,40,
"Nu: 0.9, Gamma: 0.2",974,27,2,7,97.12871287128712,10,40,
"Nu: 0.9, Gamma: 0.5",976,34,0,0,96.63366336633663,10,40,
"Nu: 0.9, Gamma: 0.7",976,34,0,0,96.63366336633663,10,40,
"Nu: 0.9, Gamma: 0.9",976,34,0,0,96.63366336633663,10,40,
"Nu: 0.9, Gamma: 0.99",976,27,0,7,97.32673267326733,10,40,
"Nu: 0.99, Gamma: 1e-05",975,34,1,0,96.53465346534654,10,40,
"Nu: 0.99, Gamma: 2e-05",974,34,2,0,96.43564356435644,10,40,
"Nu: 0.99, Gamma: 3e-05",960,34,16,0,95.04950495049505,10,40,
"Nu: 0.99, Gamma: 4e-05",955,34,21,0,94.55445544554455,10,40,
"Nu: 0.99, Gamma: 5e-05",954,34,22,0,94.45544554455445,10,40,
"Nu: 0.99, Gamma: 6e-05",947,34,29,0,93.76237623762376,10,40,
"Nu: 0.99, Gamma: 7e-05",949,34,27,0,93.96039603960395,10,40,
"Nu: 0.99, Gamma: 8e-05",949,34,27,0,93.96039603960395,10,40,
"Nu: 0.99, Gamma: 9e-05",949,34,27,0,93.96039603960395,10,40,
"Nu: 0.99, Gamma: 0.0001",950,34,26,0,94.05940594059405,10,40,
"Nu: 0.99, Gamma: 0.0002",953,34,23,0,94.35643564356435,10,40,
"Nu: 0.99, Gamma: 0.0003",968,33,8,1,95.94059405940594,10,40,
"Nu: 0.99, Gamma: 0.0004",969,32,7,2,96.13861386138613,10,40,
"Nu: 0.99, Gamma: 0.005",975,34,1,0,96.53465346534654,10,40,
"Nu: 0.99, Gamma: 0.05",976,27,0,7,97.32673267326733,10,40,
"Nu: 0.99, Gamma: 0.0625",976,34,0,0,96.63366336633663,10,40,
"Nu: 0.99, Gamma: 0.1",976,34,0,0,96.63366336633663,10,40,
"Nu: 0.99, Gamma: 0.2",976,34,0,0,96.63366336633663,10,40,
"Nu: 0.99, Gamma: 0.5",976,34,0,0,96.63366336633663,10,40,
"Nu: 0.99, Gamma: 0.7",976,34,0,0,96.63366336633663,10,40,
"Nu: 0.99, Gamma: 0.9",976,34,0,0,96.63366336633663,10,40,
"Nu: 0.99, Gamma: 0.99",976,34,0,0,96.63366336633663,10,40,
,,,,,,,,
Target Class: bodytrack,TP,FP,FN,TN,ACC (%),Noise Percantages,Upsampling,
"Nu: 5e-05, Gamma: 1e-05",688,63,0,0,91.61118508655126,10,40,
"Nu: 5e-05, Gamma: 2e-05",688,63,0,0,91.61118508655126,10,40,
"Nu: 5e-05, Gamma: 3e-05",688,63,0,0,91.61118508655126,10,40,
"Nu: 5e-05, Gamma: 4e-05",688,63,0,0,91.61118508655126,10,40,
"Nu: 5e-05, Gamma: 5e-05",688,63,0,0,91.61118508655126,10,40,
"Nu: 5e-05, Gamma: 6e-05",688,63,0,0,91.61118508655126,10,40,
"Nu: 5e-05, Gamma: 7e-05",688,63,0,0,91.61118508655126,10,40,
"Nu: 5e-05, Gamma: 8e-05",688,63,0,0,91.61118508655126,10,40,
"Nu: 5e-05, Gamma: 9e-05",688,63,0,0,91.61118508655126,10,40,
"Nu: 5e-05, Gamma: 0.0001",688,63,0,0,91.61118508655126,10,40,
"Nu: 5e-05, Gamma: 0.0002",688,63,0,0,91.61118508655126,10,40,
"Nu: 5e-05, Gamma: 0.0003",688,63,0,0,91.61118508655126,10,40,
"Nu: 5e-05, Gamma: 0.0004",688,63,0,0,91.61118508655126,10,40,
"Nu: 5e-05, Gamma: 0.005",688,63,0,0,91.61118508655126,10,40,
"Nu: 5e-05, Gamma: 0.05",688,63,0,0,91.61118508655126,10,40,
"Nu: 5e-05, Gamma: 0.0625",688,63,0,0,91.61118508655126,10,40,
"Nu: 5e-05, Gamma: 0.1",688,63,0,0,91.61118508655126,10,40,
"Nu: 5e-05, Gamma: 0.2",688,63,0,0,91.61118508655126,10,40,
"Nu: 5e-05, Gamma: 0.5",688,63,0,0,91.61118508655126,10,40,
"Nu: 5e-05, Gamma: 0.7",688,63,0,0,91.61118508655126,10,40,
"Nu: 5e-05, Gamma: 0.9",688,63,0,0,91.61118508655126,10,40,
"Nu: 5e-05, Gamma: 0.99",688,63,0,0,91.61118508655126,10,40,
"Nu: 6e-05, Gamma: 1e-05",688,63,0,0,91.61118508655126,10,40,
"Nu: 6e-05, Gamma: 2e-05",688,63,0,0,91.61118508655126,10,40,
"Nu: 6e-05, Gamma: 3e-05",688,63,0,0,91.61118508655126,10,40,
"Nu: 6e-05, Gamma: 4e-05",688,63,0,0,91.61118508655126,10,40,
"Nu: 6e-05, Gamma: 5e-05",688,63,0,0,91.61118508655126,10,40,
"Nu: 6e-05, Gamma: 6e-05",688,63,0,0,91.61118508655126,10,40,
"Nu: 6e-05, Gamma: 7e-05",688,63,0,0,91.61118508655126,10,40,
"Nu: 6e-05, Gamma: 8e-05",688,63,0,0,91.61118508655126,10,40,
"Nu: 6e-05, Gamma: 9e-05",688,63,0,0,91.61118508655126,10,40,
"Nu: 6e-05, Gamma: 0.0001",688,63,0,0,91.61118508655126,10,40,
"Nu: 6e-05, Gamma: 0.0002",688,63,0,0,91.61118508655126,10,40,
"Nu: 6e-05, Gamma: 0.0003",688,63,0,0,91.61118508655126,10,40,
"Nu: 6e-05, Gamma: 0.0004",688,63,0,0,91.61118508655126,10,40,
"Nu: 6e-05, Gamma: 0.005",688,63,0,0,91.61118508655126,10,40,
"Nu: 6e-05, Gamma: 0.05",688,63,0,0,91.61118508655126,10,40,
"Nu: 6e-05, Gamma: 0.0625",688,63,0,0,91.61118508655126,10,40,
"Nu: 6e-05, Gamma: 0.1",688,63,0,0,91.61118508655126,10,40,
"Nu: 6e-05, Gamma: 0.2",688,63,0,0,91.61118508655126,10,40,
"Nu: 6e-05, Gamma: 0.5",688,63,0,0,91.61118508655126,10,40,
"Nu: 6e-05, Gamma: 0.7",688,63,0,0,91.61118508655126,10,40,
"Nu: 6e-05, Gamma: 0.9",688,63,0,0,91.61118508655126,10,40,
"Nu: 6e-05, Gamma: 0.99",688,63,0,0,91.61118508655126,10,40,
"Nu: 7e-05, Gamma: 1e-05",688,63,0,0,91.61118508655126,10,40,
"Nu: 7e-05, Gamma: 2e-05",688,63,0,0,91.61118508655126,10,40,
"Nu: 7e-05, Gamma: 3e-05",688,63,0,0,91.61118508655126,10,40,
"Nu: 7e-05, Gamma: 4e-05",688,63,0,0,91.61118508655126,10,40,
"Nu: 7e-05, Gamma: 5e-05",688,63,0,0,91.61118508655126,10,40,
"Nu: 7e-05, Gamma: 6e-05",688,63,0,0,91.61118508655126,10,40,
"Nu: 7e-05, Gamma: 7e-05",688,63,0,0,91.61118508655126,10,40,
"Nu: 7e-05, Gamma: 8e-05",688,63,0,0,91.61118508655126,10,40,
"Nu: 7e-05, Gamma: 9e-05",688,63,0,0,91.61118508655126,10,40,
"Nu: 7e-05, Gamma: 0.0001",688,63,0,0,91.61118508655126,10,40,
"Nu: 7e-05, Gamma: 0.0002",688,63,0,0,91.61118508655126,10,40,
"Nu: 7e-05, Gamma: 0.0003",688,63,0,0,91.61118508655126,10,40,
"Nu: 7e-05, Gamma: 0.0004",688,63,0,0,91.61118508655126,10,40,
"Nu: 7e-05, Gamma: 0.005",688,63,0,0,91.61118508655126,10,40,
"Nu: 7e-05, Gamma: 0.05",688,63,0,0,91.61118508655126,10,40,
"Nu: 7e-05, Gamma: 0.0625",688,63,0,0,91.61118508655126,10,40,
"Nu: 7e-05, Gamma: 0.1",688,63,0,0,91.61118508655126,10,40,
"Nu: 7e-05, Gamma: 0.2",688,63,0,0,91.61118508655126,10,40,
"Nu: 7e-05, Gamma: 0.5",688,63,0,0,91.61118508655126,10,40,
"Nu: 7e-05, Gamma: 0.7",688,63,0,0,91.61118508655126,10,40,
"Nu: 7e-05, Gamma: 0.9",688,63,0,0,91.61118508655126,10,40,
"Nu: 7e-05, Gamma: 0.99",688,63,0,0,91.61118508655126,10,40,
"Nu: 8e-05, Gamma: 1e-05",688,63,0,0,91.61118508655126,10,40,
"Nu: 8e-05, Gamma: 2e-05",688,63,0,0,91.61118508655126,10,40,
"Nu: 8e-05, Gamma: 3e-05",688,63,0,0,91.61118508655126,10,40,
"Nu: 8e-05, Gamma: 4e-05",688,63,0,0,91.61118508655126,10,40,
"Nu: 8e-05, Gamma: 5e-05",688,63,0,0,91.61118508655126,10,40,
"Nu: 8e-05, Gamma: 6e-05",688,63,0,0,91.61118508655126,10,40,
"Nu: 8e-05, Gamma: 7e-05",688,63,0,0,91.61118508655126,10,40,
"Nu: 8e-05, Gamma: 8e-05",688,63,0,0,91.61118508655126,10,40,
"Nu: 8e-05, Gamma: 9e-05",688,63,0,0,91.61118508655126,10,40,
"Nu: 8e-05, Gamma: 0.0001",688,63,0,0,91.61118508655126,10,40,
"Nu: 8e-05, Gamma: 0.0002",688,63,0,0,91.61118508655126,10,40,
"Nu: 8e-05, Gamma: 0.0003",688,63,0,0,91.61118508655126,10,40,
"Nu: 8e-05, Gamma: 0.0004",688,63,0,0,91.61118508655126,10,40,
"Nu: 8e-05, Gamma: 0.005",688,63,0,0,91.61118508655126,10,40,
"Nu: 8e-05, Gamma: 0.05",688,63,0,0,91.61118508655126,10,40,
"Nu: 8e-05, Gamma: 0.0625",688,63,0,0,91.61118508655126,10,40,
"Nu: 8e-05, Gamma: 0.1",688,63,0,0,91.61118508655126,10,40,
"Nu: 8e-05, Gamma: 0.2",688,63,0,0,91.61118508655126,10,40,
"Nu: 8e-05, Gamma: 0.5",688,63,0,0,91.61118508655126,10,40,
"Nu: 8e-05, Gamma: 0.7",688,63,0,0,91.61118508655126,10,40,
"Nu: 8e-05, Gamma: 0.9",688,63,0,0,91.61118508655126,10,40,
"Nu: 8e-05, Gamma: 0.99",688,63,0,0,91.61118508655126,10,40,
"Nu: 9e-05, Gamma: 1e-05",688,63,0,0,91.61118508655126,10,40,
"Nu: 9e-05, Gamma: 2e-05",688,63,0,0,91.61118508655126,10,40,
"Nu: 9e-05, Gamma: 3e-05",688,63,0,0,91.61118508655126,10,40,
"Nu: 9e-05, Gamma: 4e-05",688,63,0,0,91.61118508655126,10,40,
"Nu: 9e-05, Gamma: 5e-05",688,63,0,0,91.61118508655126,10,40,
"Nu: 9e-05, Gamma: 6e-05",688,63,0,0,91.61118508655126,10,40,
"Nu: 9e-05, Gamma: 7e-05",688,63,0,0,91.61118508655126,10,40,
"Nu: 9e-05, Gamma: 8e-05",688,63,0,0,91.61118508655126,10,40,
"Nu: 9e-05, Gamma: 9e-05",688,63,0,0,91.61118508655126,10,40,
"Nu: 9e-05, Gamma: 0.0001",688,63,0,0,91.61118508655126,10,40,
"Nu: 9e-05, Gamma: 0.0002",688,63,0,0,91.61118508655126,10,40,
"Nu: 9e-05, Gamma: 0.0003",688,63,0,0,91.61118508655126,10,40,
"Nu: 9e-05, Gamma: 0.0004",688,63,0,0,91.61118508655126,10,40,
"Nu: 9e-05, Gamma: 0.005",688,63,0,0,91.61118508655126,10,40,
"Nu: 9e-05, Gamma: 0.05",688,63,0,0,91.61118508655126,10,40,
"Nu: 9e-05, Gamma: 0.0625",688,63,0,0,91.61118508655126,10,40,
"Nu: 9e-05, Gamma: 0.1",688,63,0,0,91.61118508655126,10,40,
"Nu: 9e-05, Gamma: 0.2",688,63,0,0,91.61118508655126,10,40,
"Nu: 9e-05, Gamma: 0.5",688,63,0,0,91.61118508655126,10,40,
"Nu: 9e-05, Gamma: 0.7",688,63,0,0,91.61118508655126,10,40,
"Nu: 9e-05, Gamma: 0.9",688,63,0,0,91.61118508655126,10,40,
"Nu: 9e-05, Gamma: 0.99",688,63,0,0,91.61118508655126,10,40,
"Nu: 0.0001, Gamma: 1e-05",688,63,0,0,91.61118508655126,10,40,
"Nu: 0.0001, Gamma: 2e-05",688,63,0,0,91.61118508655126,10,40,
"Nu: 0.0001, Gamma: 3e-05",688,63,0,0,91.61118508655126,10,40,
"Nu: 0.0001, Gamma: 4e-05",688,63,0,0,91.61118508655126,10,40,
"Nu: 0.0001, Gamma: 5e-05",688,63,0,0,91.61118508655126,10,40,
"Nu: 0.0001, Gamma: 6e-05",688,63,0,0,91.61118508655126,10,40,
"Nu: 0.0001, Gamma: 7e-05",688,63,0,0,91.61118508655126,10,40,
"Nu: 0.0001, Gamma: 8e-05",688,63,0,0,91.61118508655126,10,40,
"Nu: 0.0001, Gamma: 9e-05",688,63,0,0,91.61118508655126,10,40,
"Nu: 0.0001, Gamma: 0.0001",688,63,0,0,91.61118508655126,10,40,
"Nu: 0.0001, Gamma: 0.0002",688,63,0,0,91.61118508655126,10,40,
"Nu: 0.0001, Gamma: 0.0003",688,63,0,0,91.61118508655126,10,40,
"Nu: 0.0001, Gamma: 0.0004",688,63,0,0,91.61118508655126,10,40,
"Nu: 0.0001, Gamma: 0.005",688,63,0,0,91.61118508655126,10,40,
"Nu: 0.0001, Gamma: 0.05",688,63,0,0,91.61118508655126,10,40,
"Nu: 0.0001, Gamma: 0.0625",688,63,0,0,91.61118508655126,10,40,
"Nu: 0.0001, Gamma: 0.1",688,63,0,0,91.61118508655126,10,40,
"Nu: 0.0001, Gamma: 0.2",688,63,0,0,91.61118508655126,10,40,
"Nu: 0.0001, Gamma: 0.5",688,63,0,0,91.61118508655126,10,40,
"Nu: 0.0001, Gamma: 0.7",688,63,0,0,91.61118508655126,10,40,
"Nu: 0.0001, Gamma: 0.9",688,63,0,0,91.61118508655126,10,40,
"Nu: 0.0001, Gamma: 0.99",688,63,0,0,91.61118508655126,10,40,
"Nu: 0.0002, Gamma: 1e-05",688,44,0,19,94.14114513981359,10,40,
"Nu: 0.0002, Gamma: 2e-05",688,62,0,1,91.74434087882824,10,40,
"Nu: 0.0002, Gamma: 3e-05",688,63,0,0,91.61118508655126,10,40,
"Nu: 0.0002, Gamma: 4e-05",688,63,0,0,91.61118508655126,10,40,
"Nu: 0.0002, Gamma: 5e-05",688,63,0,0,91.61118508655126,10,40,
"Nu: 0.0002, Gamma: 6e-05",688,63,0,0,91.61118508655126,10,40,
"Nu: 0.0002, Gamma: 7e-05",688,63,0,0,91.61118508655126,10,40,
"Nu: 0.0002, Gamma: 8e-05",688,63,0,0,91.61118508655126,10,40,
"Nu: 0.0002, Gamma: 9e-05",688,63,0,0,91.61118508655126,10,40,
"Nu: 0.0002, Gamma: 0.0001",688,63,0,0,91.61118508655126,10,40,
"Nu: 0.0002, Gamma: 0.0002",688,63,0,0,91.61118508655126,10,40,
"Nu: 0.0002, Gamma: 0.0003",688,63,0,0,91.61118508655126,10,40,
"Nu: 0.0002, Gamma: 0.0004",688,63,0,0,91.61118508655126,10,40,
"Nu: 0.0002, Gamma: 0.005",688,63,0,0,91.61118508655126,10,40,
"Nu: 0.0002, Gamma: 0.05",688,63,0,0,91.61118508655126,10,40,
"Nu: 0.0002, Gamma: 0.0625",688,63,0,0,91.61118508655126,10,40,
"Nu: 0.0002, Gamma: 0.1",688,63,0,0,91.61118508655126,10,40,
"Nu: 0.0002, Gamma: 0.2",688,63,0,0,91.61118508655126,10,40,
"Nu: 0.0002, Gamma: 0.5",688,63,0,0,91.61118508655126,10,40,
"Nu: 0.0002, Gamma: 0.7",688,63,0,0,91.61118508655126,10,40,
"Nu: 0.0002, Gamma: 0.9",688,63,0,0,91.61118508655126,10,40,
"Nu: 0.0002, Gamma: 0.99",688,63,0,0,91.61118508655126,10,40,
"Nu: 0.0003, Gamma: 1e-05",688,50,0,13,93.3422103861518,10,40,
"Nu: 0.0003, Gamma: 2e-05",688,53,0,10,92.9427430093209,10,40,
"Nu: 0.0003, Gamma: 3e-05",688,48,0,15,93.60852197070572,10,40,
"Nu: 0.0003, Gamma: 4e-05",688,55,0,8,92.67643142476697,10,40,
"Nu: 0.0003, Gamma: 5e-05",688,62,0,1,91.74434087882824,10,40,
"Nu: 0.0003, Gamma: 6e-05",688,63,0,0,91.61118508655126,10,40,
"Nu: 0.0003, Gamma: 7e-05",688,63,0,0,91.61118508655126,10,40,
"Nu: 0.0003, Gamma: 8e-05",688,63,0,0,91.61118508655126,10,40,
"Nu: 0.0003, Gamma: 9e-05",688,63,0,0,91.61118508655126,10,40,
"Nu: 0.0003, Gamma: 0.0001",688,63,0,0,91.61118508655126,10,40,
"Nu: 0.0003, Gamma: 0.0002",688,63,0,0,91.61118508655126,10,40,
"Nu: 0.0003, Gamma: 0.0003",688,63,0,0,91.61118508655126,10,40,
"Nu: 0.0003, Gamma: 0.0004",688,63,0,0,91.61118508655126,10,40,
"Nu: 0.0003, Gamma: 0.005",688,63,0,0,91.61118508655126,10,40,
"Nu: 0.0003, Gamma: 0.05",688,63,0,0,91.61118508655126,10,40,
"Nu: 0.0003, Gamma: 0.0625",688,63,0,0,91.61118508655126,10,40,
"Nu: 0.0003, Gamma: 0.1",688,63,0,0,91.61118508655126,10,40,
"Nu: 0.0003, Gamma: 0.2",688,63,0,0,91.61118508655126,10,40,
"Nu: 0.0003, Gamma: 0.5",688,63,0,0,91.61118508655126,10,40,
"Nu: 0.0003, Gamma: 0.7",688,63,0,0,91.61118508655126,10,40,
"Nu: 0.0003, Gamma: 0.9",688,63,0,0,91.61118508655126,10,40,
"Nu: 0.0003, Gamma: 0.99",688,63,0,0,91.61118508655126,10,40,
"Nu: 0.0004, Gamma: 1e-05",688,51,0,12,93.20905459387482,10,40,
"Nu: 0.0004, Gamma: 2e-05",688,37,0,26,95.07323568575234,10,40,
"Nu: 0.0004, Gamma: 3e-05",688,45,0,18,94.00798934753661,10,40,
"Nu: 0.0004, Gamma: 4e-05",688,55,0,8,92.67643142476697,10,40,
"Nu: 0.0004, Gamma: 5e-05",688,62,0,1,91.74434087882824,10,40,
"Nu: 0.0004, Gamma: 6e-05",688,63,0,0,91.61118508655126,10,40,
"Nu: 0.0004, Gamma: 7e-05",688,63,0,0,91.61118508655126,10,40,
"Nu: 0.0004, Gamma: 8e-05",688,63,0,0,91.61118508655126,10,40,
"Nu: 0.0004, Gamma: 9e-05",688,63,0,0,91.61118508655126,10,40,
"Nu: 0.0004, Gamma: 0.0001",688,63,0,0,91.61118508655126,10,40,
"Nu: 0.0004, Gamma: 0.0002",688,63,0,0,91.61118508655126,10,40,
"Nu: 0.0004, Gamma: 0.0003",688,63,0,0,91.61118508655126,10,40,
"Nu: 0.0004, Gamma: 0.0004",688,63,0,0,91.61118508655126,10,40,
"Nu: 0.0004, Gamma: 0.005",688,63,0,0,91.61118508655126,10,40,
"Nu: 0.0004, Gamma: 0.05",688,63,0,0,91.61118508655126,10,40,
"Nu: 0.0004, Gamma: 0.0625",688,63,0,0,91.61118508655126,10,40,
"Nu: 0.0004, Gamma: 0.1",688,63,0,0,91.61118508655126,10,40,
"Nu: 0.0004, Gamma: 0.2",688,63,0,0,91.61118508655126,10,40,
"Nu: 0.0004, Gamma: 0.5",688,63,0,0,91.61118508655126,10,40,
"Nu: 0.0004, Gamma: 0.7",688,63,0,0,91.61118508655126,10,40,
"Nu: 0.0004, Gamma: 0.9",688,63,0,0,91.61118508655126,10,40,
"Nu: 0.0004, Gamma: 0.99",688,63,0,0,91.61118508655126,10,40,
"Nu: 0.005, Gamma: 1e-05",688,28,0,35,96.271637816245,10,40,
"Nu: 0.005, Gamma: 2e-05",688,39,0,24,94.8069241011984,10,40,
"Nu: 0.005, Gamma: 3e-05",688,39,0,24,94.8069241011984,10,40,
"Nu: 0.005, Gamma: 4e-05",688,44,0,19,94.14114513981359,10,40,
"Nu: 0.005, Gamma: 5e-05",688,44,0,19,94.14114513981359,10,40,
"Nu: 0.005, Gamma: 6e-05",688,49,0,14,93.47536617842877,10,40,
"Nu: 0.005, Gamma: 7e-05",688,46,0,17,93.87483355525966,10,40,
"Nu: 0.005, Gamma: 8e-05",688,44,0,19,94.14114513981359,10,40,
"Nu: 0.005, Gamma: 9e-05",688,48,0,15,93.60852197070572,10,40,
"Nu: 0.005, Gamma: 0.0001",688,50,0,13,93.3422103861518,10,40,
"Nu: 0.005, Gamma: 0.0002",688,51,0,12,93.20905459387482,10,40,
"Nu: 0.005, Gamma: 0.0003",688,54,0,9,92.80958721704394,10,40,
"Nu: 0.005, Gamma: 0.0004",688,53,0,10,92.9427430093209,10,40,
"Nu: 0.005, Gamma: 0.005",688,63,0,0,91.61118508655126,10,40,
"Nu: 0.005, Gamma: 0.05",688,63,0,0,91.61118508655126,10,40,
"Nu: 0.005, Gamma: 0.0625",688,63,0,0,91.61118508655126,10,40,
"Nu: 0.005, Gamma: 0.1",688,63,0,0,91.61118508655126,10,40,
"Nu: 0.005, Gamma: 0.2",688,63,0,0,91.61118508655126,10,40,
"Nu: 0.005, Gamma: 0.5",688,63,0,0,91.61118508655126,10,40,
"Nu: 0.005, Gamma: 0.7",688,63,0,0,91.61118508655126,10,40,
"Nu: 0.005, Gamma: 0.9",688,63,0,0,91.61118508655126,10,40,
"Nu: 0.005, Gamma: 0.99",688,63,0,0,91.61118508655126,10,40,
"Nu: 0.05, Gamma: 1e-05",688,29,0,34,96.13848202396804,10,40,
"Nu: 0.05, Gamma: 2e-05",688,34,0,29,95.47270306258322,10,40,
"Nu: 0.05, Gamma: 3e-05",688,41,0,22,94.54061251664447,10,40,
"Nu: 0.05, Gamma: 4e-05",688,42,0,21,94.4074567243675,10,40,
"Nu: 0.05, Gamma: 5e-05",688,43,0,20,94.27430093209055,10,40,
"Nu: 0.05, Gamma: 6e-05",688,44,0,19,94.14114513981359,10,40,
"Nu: 0.05, Gamma: 7e-05",688,46,0,17,93.87483355525966,10,40,
"Nu: 0.05, Gamma: 8e-05",688,45,0,18,94.00798934753661,10,40,
"Nu: 0.05, Gamma: 9e-05",688,48,0,15,93.60852197070572,10,40,
"Nu: 0.05, Gamma: 0.0001",688,49,0,14,93.47536617842877,10,40,
"Nu: 0.05, Gamma: 0.0002",688,52,0,11,93.07589880159787,10,40,
"Nu: 0.05, Gamma: 0.0003",688,52,0,11,93.07589880159787,10,40,
"Nu: 0.05, Gamma: 0.0004",688,53,0,10,92.9427430093209,10,40,
"Nu: 0.05, Gamma: 0.005",688,63,0,0,91.61118508655126,10,40,
"Nu: 0.05, Gamma: 0.05",688,63,0,0,91.61118508655126,10,40,
"Nu: 0.05, Gamma: 0.0625",688,63,0,0,91.61118508655126,10,40,
"Nu: 0.05, Gamma: 0.1",688,63,0,0,91.61118508655126,10,40,
"Nu: 0.05, Gamma: 0.2",688,63,0,0,91.61118508655126,10,40,
"Nu: 0.05, Gamma: 0.5",688,63,0,0,91.61118508655126,10,40,
"Nu: 0.05, Gamma: 0.7",688,63,0,0,91.61118508655126,10,40,
"Nu: 0.05, Gamma: 0.9",688,63,0,0,91.61118508655126,10,40,
"Nu: 0.05, Gamma: 0.99",688,63,0,0,91.61118508655126,10,40,
"Nu: 0.0625, Gamma: 1e-05",688,29,0,34,96.13848202396804,10,40,
"Nu: 0.0625, Gamma: 2e-05",688,34,0,29,95.47270306258322,10,40,
"Nu: 0.0625, Gamma: 3e-05",688,41,0,22,94.54061251664447,10,40,
"Nu: 0.0625, Gamma: 4e-05",688,42,0,21,94.4074567243675,10,40,
"Nu: 0.0625, Gamma: 5e-05",688,43,0,20,94.27430093209055,10,40,
"Nu: 0.0625, Gamma: 6e-05",688,43,0,20,94.27430093209055,10,40,
"Nu: 0.0625, Gamma: 7e-05",688,45,0,18,94.00798934753661,10,40,
"Nu: 0.0625, Gamma: 8e-05",688,45,0,18,94.00798934753661,10,40,
"Nu: 0.0625, Gamma: 9e-05",688,48,0,15,93.60852197070572,10,40,
"Nu: 0.0625, Gamma: 0.0001",688,48,0,15,93.60852197070572,10,40,
"Nu: 0.0625, Gamma: 0.0002",688,52,0,11,93.07589880159787,10,40,
"Nu: 0.0625, Gamma: 0.0003",688,52,0,11,93.07589880159787,10,40,
"Nu: 0.0625, Gamma: 0.0004",688,52,0,11,93.07589880159787,10,40,
"Nu: 0.0625, Gamma: 0.005",688,63,0,0,91.61118508655126,10,40,
"Nu: 0.0625, Gamma: 0.05",688,63,0,0,91.61118508655126,10,40,
"Nu: 0.0625, Gamma: 0.0625",688,63,0,0,91.61118508655126,10,40,
"Nu: 0.0625, Gamma: 0.1",688,63,0,0,91.61118508655126,10,40,
"Nu: 0.0625, Gamma: 0.2",688,63,0,0,91.61118508655126,10,40,
"Nu: 0.0625, Gamma: 0.5",688,63,0,0,91.61118508655126,10,40,
"Nu: 0.0625, Gamma: 0.7",688,63,0,0,91.61118508655126,10,40,
"Nu: 0.0625, Gamma: 0.9",688,63,0,0,91.61118508655126,10,40,
"Nu: 0.0625, Gamma: 0.99",688,63,0,0,91.61118508655126,10,40,
"Nu: 0.1, Gamma: 1e-05",688,29,0,34,96.13848202396804,10,40,
"Nu: 0.1, Gamma: 2e-05",688,34,0,29,95.47270306258322,10,40,
"Nu: 0.1, Gamma: 3e-05",688,41,0,22,94.54061251664447,10,40,
"Nu: 0.1, Gamma: 4e-05",688,42,0,21,94.4074567243675,10,40,
"Nu: 0.1, Gamma: 5e-05",688,43,0,20,94.27430093209055,10,40,
"Nu: 0.1, Gamma: 6e-05",688,43,0,20,94.27430093209055,10,40,
"Nu: 0.1, Gamma: 7e-05",688,44,0,19,94.14114513981359,10,40,
"Nu: 0.1, Gamma: 8e-05",688,45,0,18,94.00798934753661,10,40,
"Nu: 0.1, Gamma: 9e-05",688,48,0,15,93.60852197070572,10,40,
"Nu: 0.1, Gamma: 0.0001",688,48,0,15,93.60852197070572,10,40,
"Nu: 0.1, Gamma: 0.0002",688,52,0,11,93.07589880159787,10,40,
"Nu: 0.1, Gamma: 0.0003",688,52,0,11,93.07589880159787,10,40,
"Nu: 0.1, Gamma: 0.0004",688,53,0,10,92.9427430093209,10,40,
"Nu: 0.1, Gamma: 0.005",688,63,0,0,91.61118508655126,10,40,
"Nu: 0.1, Gamma: 0.05",688,63,0,0,91.61118508655126,10,40,
"Nu: 0.1, Gamma: 0.0625",688,63,0,0,91.61118508655126,10,40,
"Nu: 0.1, Gamma: 0.1",688,63,0,0,91.61118508655126,10,40,
"Nu: 0.1, Gamma: 0.2",688,63,0,0,91.61118508655126,10,40,
"Nu: 0.1, Gamma: 0.5",688,63,0,0,91.61118508655126,10,40,
"Nu: 0.1, Gamma: 0.7",688,63,0,0,91.61118508655126,10,40,
"Nu: 0.1, Gamma: 0.9",688,63,0,0,91.61118508655126,10,40,
"Nu: 0.1, Gamma: 0.99",688,63,0,0,91.61118508655126,10,40,
"Nu: 0.2, Gamma: 1e-05",688,29,0,34,96.13848202396804,10,40,
"Nu: 0.2, Gamma: 2e-05",688,34,0,29,95.47270306258322,10,40,
"Nu: 0.2, Gamma: 3e-05",688,41,0,22,94.54061251664447,10,40,
"Nu: 0.2, Gamma: 4e-05",688,42,0,21,94.4074567243675,10,40,
"Nu: 0.2, Gamma: 5e-05",688,43,0,20,94.27430093209055,10,40,
"Nu: 0.2, Gamma: 6e-05",688,43,0,20,94.27430093209055,10,40,
"Nu: 0.2, Gamma: 7e-05",688,44,0,19,94.14114513981359,10,40,
"Nu: 0.2, Gamma: 8e-05",688,46,0,17,93.87483355525966,10,40,
"Nu: 0.2, Gamma: 9e-05",688,48,0,15,93.60852197070572,10,40,
"Nu: 0.2, Gamma: 0.0001",688,48,0,15,93.60852197070572,10,40,
"Nu: 0.2, Gamma: 0.0002",688,52,0,11,93.07589880159787,10,40,
"Nu: 0.2, Gamma: 0.0003",688,52,0,11,93.07589880159787,10,40,
"Nu: 0.2, Gamma: 0.0004",688,52,0,11,93.07589880159787,10,40,
"Nu: 0.2, Gamma: 0.005",688,63,0,0,91.61118508655126,10,40,
"Nu: 0.2, Gamma: 0.05",688,63,0,0,91.61118508655126,10,40,
"Nu: 0.2, Gamma: 0.0625",688,63,0,0,91.61118508655126,10,40,
"Nu: 0.2, Gamma: 0.1",688,63,0,0,91.61118508655126,10,40,
"Nu: 0.2, Gamma: 0.2",688,63,0,0,91.61118508655126,10,40,
"Nu: 0.2, Gamma: 0.5",688,63,0,0,91.61118508655126,10,40,
"Nu: 0.2, Gamma: 0.7",688,63,0,0,91.61118508655126,10,40,
"Nu: 0.2, Gamma: 0.9",688,63,0,0,91.61118508655126,10,40,
"Nu: 0.2, Gamma: 0.99",688,63,0,0,91.61118508655126,10,40,
"Nu: 0.5, Gamma: 1e-05",688,35,0,28,95.33954727030626,10,40,
"Nu: 0.5, Gamma: 2e-05",688,38,0,25,94.94007989347537,10,40,
"Nu: 0.5, Gamma: 3e-05",688,41,0,22,94.54061251664447,10,40,
"Nu: 0.5, Gamma: 4e-05",688,42,0,21,94.4074567243675,10,40,
"Nu: 0.5, Gamma: 5e-05",688,43,0,20,94.27430093209055,10,40,
"Nu: 0.5, Gamma: 6e-05",688,43,0,20,94.27430093209055,10,40,
"Nu: 0.5, Gamma: 7e-05",688,44,0,19,94.14114513981359,10,40,
"Nu: 0.5, Gamma: 8e-05",688,45,0,18,94.00798934753661,10,40,
"Nu: 0.5, Gamma: 9e-05",688,48,0,15,93.60852197070572,10,40,
"Nu: 0.5, Gamma: 0.0001",688,48,0,15,93.60852197070572,10,40,
"Nu: 0.5, Gamma: 0.0002",688,52,0,11,93.07589880159787,10,40,
"Nu: 0.5, Gamma: 0.0003",688,52,0,11,93.07589880159787,10,40,
"Nu: 0.5, Gamma: 0.0004",688,52,0,11,93.07589880159787,10,40,
"Nu: 0.5, Gamma: 0.005",688,63,0,0,91.61118508655126,10,40,
"Nu: 0.5, Gamma: 0.05",688,63,0,0,91.61118508655126,10,40,
"Nu: 0.5, Gamma: 0.0625",688,63,0,0,91.61118508655126,10,40,
"Nu: 0.5, Gamma: 0.1",688,63,0,0,91.61118508655126,10,40,
"Nu: 0.5, Gamma: 0.2",688,63,0,0,91.61118508655126,10,40,
"Nu: 0.5, Gamma: 0.5",688,63,0,0,91.61118508655126,10,40,
"Nu: 0.5, Gamma: 0.7",688,63,0,0,91.61118508655126,10,40,
"Nu: 0.5, Gamma: 0.9",688,63,0,0,91.61118508655126,10,40,
"Nu: 0.5, Gamma: 0.99",688,63,0,0,91.61118508655126,10,40,
"Nu: 0.7, Gamma: 1e-05",688,46,0,17,93.87483355525966,10,40,
"Nu: 0.7, Gamma: 2e-05",688,45,0,18,94.00798934753661,10,40,
"Nu: 0.7, Gamma: 3e-05",688,48,0,15,93.60852197070572,10,40,
"Nu: 0.7, Gamma: 4e-05",688,49,0,14,93.47536617842877,10,40,
"Nu: 0.7, Gamma: 5e-05",688,49,0,14,93.47536617842877,10,40,
"Nu: 0.7, Gamma: 6e-05",688,49,0,14,93.47536617842877,10,40,
"Nu: 0.7, Gamma: 7e-05",688,50,0,13,93.3422103861518,10,40,
"Nu: 0.7, Gamma: 8e-05",688,50,0,13,93.3422103861518,10,40,
"Nu: 0.7, Gamma: 9e-05",688,50,0,13,93.3422103861518,10,40,
"Nu: 0.7, Gamma: 0.0001",688,52,0,11,93.07589880159787,10,40,
"Nu: 0.7, Gamma: 0.0002",688,52,0,11,93.07589880159787,10,40,
"Nu: 0.7, Gamma: 0.0003",688,52,0,11,93.07589880159787,10,40,
"Nu: 0.7, Gamma: 0.0004",688,53,0,10,92.9427430093209,10,40,
"Nu: 0.7, Gamma: 0.005",688,63,0,0,91.61118508655126,10,40,
"Nu: 0.7, Gamma: 0.05",688,63,0,0,91.61118508655126,10,40,
"Nu: 0.7, Gamma: 0.0625",688,63,0,0,91.61118508655126,10,40,
"Nu: 0.7, Gamma: 0.1",688,63,0,0,91.61118508655126,10,40,
"Nu: 0.7, Gamma: 0.2",688,63,0,0,91.61118508655126,10,40,
"Nu: 0.7, Gamma: 0.5",688,63,0,0,91.61118508655126,10,40,
"Nu: 0.7, Gamma: 0.7",688,63,0,0,91.61118508655126,10,40,
"Nu: 0.7, Gamma: 0.9",688,63,0,0,91.61118508655126,10,40,
"Nu: 0.7, Gamma: 0.99",688,63,0,0,91.61118508655126,10,40,
"Nu: 0.9, Gamma: 1e-05",688,54,0,9,92.80958721704394,10,40,
"Nu: 0.9, Gamma: 2e-05",688,57,0,6,92.41011984021304,10,40,
"Nu: 0.9, Gamma: 3e-05",688,57,0,6,92.41011984021304,10,40,
"Nu: 0.9, Gamma: 4e-05",688,56,0,7,92.54327563249002,10,40,
"Nu: 0.9, Gamma: 5e-05",688,57,0,6,92.41011984021304,10,40,
"Nu: 0.9, Gamma: 6e-05",688,56,0,7,92.54327563249002,10,40,
"Nu: 0.9, Gamma: 7e-05",688,56,0,7,92.54327563249002,10,40,
"Nu: 0.9, Gamma: 8e-05",688,57,0,6,92.41011984021304,10,40,
"Nu: 0.9, Gamma: 9e-05",688,57,0,6,92.41011984021304,10,40,
"Nu: 0.9, Gamma: 0.0001",688,59,0,4,92.14380825565912,10,40,
"Nu: 0.9, Gamma: 0.0002",688,58,0,5,92.27696404793608,10,40,
"Nu: 0.9, Gamma: 0.0003",688,58,0,5,92.27696404793608,10,40,
"Nu: 0.9, Gamma: 0.0004",688,58,0,5,92.27696404793608,10,40,
"Nu: 0.9, Gamma: 0.005",688,63,0,0,91.61118508655126,10,40,
"Nu: 0.9, Gamma: 0.05",688,63,0,0,91.61118508655126,10,40,
"Nu: 0.9, Gamma: 0.0625",688,63,0,0,91.61118508655126,10,40,
"Nu: 0.9, Gamma: 0.1",688,63,0,0,91.61118508655126,10,40,
"Nu: 0.9, Gamma: 0.2",688,63,0,0,91.61118508655126,10,40,
"Nu: 0.9, Gamma: 0.5",688,63,0,0,91.61118508655126,10,40,
"Nu: 0.9, Gamma: 0.7",688,63,0,0,91.61118508655126,10,40,
"Nu: 0.9, Gamma: 0.9",688,63,0,0,91.61118508655126,10,40,
"Nu: 0.9, Gamma: 0.99",688,63,0,0,91.61118508655126,10,40,
"Nu: 0.99, Gamma: 1e-05",688,62,0,1,91.74434087882824,10,40,
"Nu: 0.99, Gamma: 2e-05",688,63,0,0,91.61118508655126,10,40,
"Nu: 0.99, Gamma: 3e-05",688,63,0,0,91.61118508655126,10,40,
"Nu: 0.99, Gamma: 4e-05",688,63,0,0,91.61118508655126,10,40,
"Nu: 0.99, Gamma: 5e-05",688,63,0,0,91.61118508655126,10,40,
"Nu: 0.99, Gamma: 6e-05",688,63,0,0,91.61118508655126,10,40,
"Nu: 0.99, Gamma: 7e-05",688,63,0,0,91.61118508655126,10,40,
"Nu: 0.99, Gamma: 8e-05",688,63,0,0,91.61118508655126,10,40,
"Nu: 0.99, Gamma: 9e-05",688,63,0,0,91.61118508655126,10,40,
"Nu: 0.99, Gamma: 0.0001",688,63,0,0,91.61118508655126,10,40,
"Nu: 0.99, Gamma: 0.0002",688,63,0,0,91.61118508655126,10,40,
"Nu: 0.99, Gamma: 0.0003",688,63,0,0,91.61118508655126,10,40,
"Nu: 0.99, Gamma: 0.0004",688,63,0,0,91.61118508655126,10,40,
"Nu: 0.99, Gamma: 0.005",688,63,0,0,91.61118508655126,10,40,
"Nu: 0.99, Gamma: 0.05",688,63,0,0,91.61118508655126,10,40,
"Nu: 0.99, Gamma: 0.0625",688,63,0,0,91.61118508655126,10,40,
"Nu: 0.99, Gamma: 0.1",688,63,0,0,91.61118508655126,10,40,
"Nu: 0.99, Gamma: 0.2",688,63,0,0,91.61118508655126,10,40,
"Nu: 0.99, Gamma: 0.5",688,63,0,0,91.61118508655126,10,40,
"Nu: 0.99, Gamma: 0.7",688,63,0,0,91.61118508655126,10,40,
"Nu: 0.99, Gamma: 0.9",688,63,0,0,91.61118508655126,10,40,
"Nu: 0.99, Gamma: 0.99",688,63,0,0,91.61118508655126,10,40,
,,,,,,,,
Features: 16,,,,,,,,
Target Class: blackscholes,TP,FP,FN,TN,ACC (%),Noise Percantages,Upsampling,
"Nu: 5e-05, Gamma: 1e-05",960,36,0,0,96.3855421686747,20,40,
"Nu: 5e-05, Gamma: 2e-05",960,36,0,0,96.3855421686747,20,40,
"Nu: 5e-05, Gamma: 3e-05",960,36,0,0,96.3855421686747,20,40,
"Nu: 5e-05, Gamma: 4e-05",960,36,0,0,96.3855421686747,20,40,
"Nu: 5e-05, Gamma: 5e-05",960,36,0,0,96.3855421686747,20,40,
"Nu: 5e-05, Gamma: 6e-05",960,36,0,0,96.3855421686747,20,40,
"Nu: 5e-05, Gamma: 7e-05",960,36,0,0,96.3855421686747,20,40,
"Nu: 5e-05, Gamma: 8e-05",960,36,0,0,96.3855421686747,20,40,
"Nu: 5e-05, Gamma: 9e-05",960,36,0,0,96.3855421686747,20,40,
"Nu: 5e-05, Gamma: 0.0001",960,36,0,0,96.3855421686747,20,40,
"Nu: 5e-05, Gamma: 0.0002",960,36,0,0,96.3855421686747,20,40,
"Nu: 5e-05, Gamma: 0.0003",960,36,0,0,96.3855421686747,20,40,
"Nu: 5e-05, Gamma: 0.0004",960,36,0,0,96.3855421686747,20,40,
"Nu: 5e-05, Gamma: 0.005",960,36,0,0,96.3855421686747,20,40,
"Nu: 5e-05, Gamma: 0.05",960,36,0,0,96.3855421686747,20,40,
"Nu: 5e-05, Gamma: 0.0625",960,36,0,0,96.3855421686747,20,40,
"Nu: 5e-05, Gamma: 0.1",960,36,0,0,96.3855421686747,20,40,
"Nu: 5e-05, Gamma: 0.2",960,36,0,0,96.3855421686747,20,40,
"Nu: 5e-05, Gamma: 0.5",960,36,0,0,96.3855421686747,20,40,
"Nu: 5e-05, Gamma: 0.7",960,36,0,0,96.3855421686747,20,40,
"Nu: 5e-05, Gamma: 0.9",960,36,0,0,96.3855421686747,20,40,
"Nu: 5e-05, Gamma: 0.99",960,36,0,0,96.3855421686747,20,40,
"Nu: 6e-05, Gamma: 1e-05",930,33,30,3,93.67469879518072,20,40,
"Nu: 6e-05, Gamma: 2e-05",960,36,0,0,96.3855421686747,20,40,
"Nu: 6e-05, Gamma: 3e-05",950,33,10,3,95.68273092369478,20,40,
"Nu: 6e-05, Gamma: 4e-05",960,36,0,0,96.3855421686747,20,40,
"Nu: 6e-05, Gamma: 5e-05",960,36,0,0,96.3855421686747,20,40,
"Nu: 6e-05, Gamma: 6e-05",919,32,41,4,92.67068273092369,20,40,
"Nu: 6e-05, Gamma: 7e-05",960,36,0,0,96.3855421686747,20,40,
"Nu: 6e-05, Gamma: 8e-05",896,32,64,4,90.36144578313254,20,40,
"Nu: 6e-05, Gamma: 9e-05",905,35,55,1,90.96385542168674,20,40,
"Nu: 6e-05, Gamma: 0.0001",943,35,17,1,94.77911646586345,20,40,
"Nu: 6e-05, Gamma: 0.0002",960,36,0,0,96.3855421686747,20,40,
"Nu: 6e-05, Gamma: 0.0003",960,36,0,0,96.3855421686747,20,40,
"Nu: 6e-05, Gamma: 0.0004",960,36,0,0,96.3855421686747,20,40,
"Nu: 6e-05, Gamma: 0.005",960,36,0,0,96.3855421686747,20,40,
"Nu: 6e-05, Gamma: 0.05",960,36,0,0,96.3855421686747,20,40,
"Nu: 6e-05, Gamma: 0.0625",960,36,0,0,96.3855421686747,20,40,
"Nu: 6e-05, Gamma: 0.1",960,36,0,0,96.3855421686747,20,40,
"Nu: 6e-05, Gamma: 0.2",960,36,0,0,96.3855421686747,20,40,
"Nu: 6e-05, Gamma: 0.5",960,36,0,0,96.3855421686747,20,40,
"Nu: 6e-05, Gamma: 0.7",960,36,0,0,96.3855421686747,20,40,
"Nu: 6e-05, Gamma: 0.9",960,36,0,0,96.3855421686747,20,40,
"Nu: 6e-05, Gamma: 0.99",960,36,0,0,96.3855421686747,20,40,
"Nu: 7e-05, Gamma: 1e-05",939,34,21,2,94.47791164658635,20,40,
"Nu: 7e-05, Gamma: 2e-05",879,21,81,15,89.7590361445783,20,40,
"Nu: 7e-05, Gamma: 3e-05",948,32,12,4,95.58232931726907,20,40,
"Nu: 7e-05, Gamma: 4e-05",960,36,0,0,96.3855421686747,20,40,
"Nu: 7e-05, Gamma: 5e-05",960,36,0,0,96.3855421686747,20,40,
"Nu: 7e-05, Gamma: 6e-05",919,32,41,4,92.67068273092369,20,40,
"Nu: 7e-05, Gamma: 7e-05",960,36,0,0,96.3855421686747,20,40,
"Nu: 7e-05, Gamma: 8e-05",896,32,64,4,90.36144578313254,20,40,
"Nu: 7e-05, Gamma: 9e-05",905,35,55,1,90.96385542168674,20,40,
"Nu: 7e-05, Gamma: 0.0001",943,35,17,1,94.77911646586345,20,40,
"Nu: 7e-05, Gamma: 0.0002",960,36,0,0,96.3855421686747,20,40,
"Nu: 7e-05, Gamma: 0.0003",960,36,0,0,96.3855421686747,20,40,
"Nu: 7e-05, Gamma: 0.0004",960,36,0,0,96.3855421686747,20,40,
"Nu: 7e-05, Gamma: 0.005",960,36,0,0,96.3855421686747,20,40,
"Nu: 7e-05, Gamma: 0.05",960,36,0,0,96.3855421686747,20,40,
"Nu: 7e-05, Gamma: 0.0625",960,36,0,0,96.3855421686747,20,40,
"Nu: 7e-05, Gamma: 0.1",960,36,0,0,96.3855421686747,20,40,
"Nu: 7e-05, Gamma: 0.2",960,36,0,0,96.3855421686747,20,40,
"Nu: 7e-05, Gamma: 0.5",960,36,0,0,96.3855421686747,20,40,
"Nu: 7e-05, Gamma: 0.7",960,36,0,0,96.3855421686747,20,40,
"Nu: 7e-05, Gamma: 0.9",960,36,0,0,96.3855421686747,20,40,
"Nu: 7e-05, Gamma: 0.99",960,36,0,0,96.3855421686747,20,40,
"Nu: 8e-05, Gamma: 1e-05",930,33,30,3,93.67469879518072,20,40,
"Nu: 8e-05, Gamma: 2e-05",878,20,82,16,89.7590361445783,20,40,
"Nu: 8e-05, Gamma: 3e-05",948,32,12,4,95.58232931726907,20,40,
"Nu: 8e-05, Gamma: 4e-05",960,36,0,0,96.3855421686747,20,40,
"Nu: 8e-05, Gamma: 5e-05",960,36,0,0,96.3855421686747,20,40,
"Nu: 8e-05, Gamma: 6e-05",919,32,41,4,92.67068273092369,20,40,
"Nu: 8e-05, Gamma: 7e-05",960,36,0,0,96.3855421686747,20,40,
"Nu: 8e-05, Gamma: 8e-05",896,32,64,4,90.36144578313254,20,40,
"Nu: 8e-05, Gamma: 9e-05",905,35,55,1,90.96385542168674,20,40,
"Nu: 8e-05, Gamma: 0.0001",943,35,17,1,94.77911646586345,20,40,
"Nu: 8e-05, Gamma: 0.0002",960,36,0,0,96.3855421686747,20,40,
"Nu: 8e-05, Gamma: 0.0003",960,36,0,0,96.3855421686747,20,40,
"Nu: 8e-05, Gamma: 0.0004",960,36,0,0,96.3855421686747,20,40,
"Nu: 8e-05, Gamma: 0.005",960,36,0,0,96.3855421686747,20,40,
"Nu: 8e-05, Gamma: 0.05",960,36,0,0,96.3855421686747,20,40,
"Nu: 8e-05, Gamma: 0.0625",960,36,0,0,96.3855421686747,20,40,
"Nu: 8e-05, Gamma: 0.1",960,36,0,0,96.3855421686747,20,40,
"Nu: 8e-05, Gamma: 0.2",960,36,0,0,96.3855421686747,20,40,
"Nu: 8e-05, Gamma: 0.5",960,36,0,0,96.3855421686747,20,40,
"Nu: 8e-05, Gamma: 0.7",960,36,0,0,96.3855421686747,20,40,
"Nu: 8e-05, Gamma: 0.9",960,36,0,0,96.3855421686747,20,40,
"Nu: 8e-05, Gamma: 0.99",960,36,0,0,96.3855421686747,20,40,
"Nu: 9e-05, Gamma: 1e-05",924,32,36,4,93.17269076305222,20,40,
"Nu: 9e-05, Gamma: 2e-05",878,19,82,17,89.85943775100401,20,40,
"Nu: 9e-05, Gamma: 3e-05",948,32,12,4,95.58232931726907,20,40,
"Nu: 9e-05, Gamma: 4e-05",960,36,0,0,96.3855421686747,20,40,
"Nu: 9e-05, Gamma: 5e-05",960,36,0,0,96.3855421686747,20,40,
"Nu: 9e-05, Gamma: 6e-05",919,32,41,4,92.67068273092369,20,40,
"Nu: 9e-05, Gamma: 7e-05",960,36,0,0,96.3855421686747,20,40,
"Nu: 9e-05, Gamma: 8e-05",896,32,64,4,90.36144578313254,20,40,
"Nu: 9e-05, Gamma: 9e-05",905,35,55,1,90.96385542168674,20,40,
"Nu: 9e-05, Gamma: 0.0001",943,35,17,1,94.77911646586345,20,40,
"Nu: 9e-05, Gamma: 0.0002",960,36,0,0,96.3855421686747,20,40,
"Nu: 9e-05, Gamma: 0.0003",960,36,0,0,96.3855421686747,20,40,
"Nu: 9e-05, Gamma: 0.0004",960,36,0,0,96.3855421686747,20,40,
"Nu: 9e-05, Gamma: 0.005",960,36,0,0,96.3855421686747,20,40,
"Nu: 9e-05, Gamma: 0.05",960,36,0,0,96.3855421686747,20,40,
"Nu: 9e-05, Gamma: 0.0625",960,36,0,0,96.3855421686747,20,40,
"Nu: 9e-05, Gamma: 0.1",960,36,0,0,96.3855421686747,20,40,
"Nu: 9e-05, Gamma: 0.2",960,36,0,0,96.3855421686747,20,40,
"Nu: 9e-05, Gamma: 0.5",960,36,0,0,96.3855421686747,20,40,
"Nu: 9e-05, Gamma: 0.7",960,36,0,0,96.3855421686747,20,40,
"Nu: 9e-05, Gamma: 0.9",960,36,0,0,96.3855421686747,20,40,
"Nu: 9e-05, Gamma: 0.99",960,36,0,0,96.3855421686747,20,40,
"Nu: 0.0001, Gamma: 1e-05",924,32,36,4,93.17269076305222,20,40,
"Nu: 0.0001, Gamma: 2e-05",878,19,82,17,89.85943775100401,20,40,
"Nu: 0.0001, Gamma: 3e-05",948,32,12,4,95.58232931726907,20,40,
"Nu: 0.0001, Gamma: 4e-05",960,36,0,0,96.3855421686747,20,40,
"Nu: 0.0001, Gamma: 5e-05",960,36,0,0,96.3855421686747,20,40,
"Nu: 0.0001, Gamma: 6e-05",906,29,54,7,91.66666666666666,20,40,
"Nu: 0.0001, Gamma: 7e-05",960,36,0,0,96.3855421686747,20,40,
"Nu: 0.0001, Gamma: 8e-05",896,32,64,4,90.36144578313254,20,40,
"Nu: 0.0001, Gamma: 9e-05",905,35,55,1,90.96385542168674,20,40,
"Nu: 0.0001, Gamma: 0.0001",943,35,17,1,94.77911646586345,20,40,
"Nu: 0.0001, Gamma: 0.0002",960,36,0,0,96.3855421686747,20,40,
"Nu: 0.0001, Gamma: 0.0003",960,36,0,0,96.3855421686747,20,40,
"Nu: 0.0001, Gamma: 0.0004",960,36,0,0,96.3855421686747,20,40,
"Nu: 0.0001, Gamma: 0.005",960,36,0,0,96.3855421686747,20,40,
"Nu: 0.0001, Gamma: 0.05",960,36,0,0,96.3855421686747,20,40,
"Nu: 0.0001, Gamma: 0.0625",960,36,0,0,96.3855421686747,20,40,
"Nu: 0.0001, Gamma: 0.1",960,36,0,0,96.3855421686747,20,40,
"Nu: 0.0001, Gamma: 0.2",960,36,0,0,96.3855421686747,20,40,
"Nu: 0.0001, Gamma: 0.5",960,36,0,0,96.3855421686747,20,40,
"Nu: 0.0001, Gamma: 0.7",960,36,0,0,96.3855421686747,20,40,
"Nu: 0.0001, Gamma: 0.9",960,36,0,0,96.3855421686747,20,40,
"Nu: 0.0001, Gamma: 0.99",960,36,0,0,96.3855421686747,20,40,
"Nu: 0.0002, Gamma: 1e-05",894,23,66,13,91.06425702811245,20,40,
"Nu: 0.0002, Gamma: 2e-05",926,27,34,9,93.87550200803213,20,40,
"Nu: 0.0002, Gamma: 3e-05",929,26,31,10,94.27710843373494,20,40,
"Nu: 0.0002, Gamma: 4e-05",960,34,0,2,96.5863453815261,20,40,
"Nu: 0.0002, Gamma: 5e-05",960,36,0,0,96.3855421686747,20,40,
"Nu: 0.0002, Gamma: 6e-05",900,27,60,9,91.26506024096386,20,40,
"Nu: 0.0002, Gamma: 7e-05",946,33,14,3,95.28112449799197,20,40,
"Nu: 0.0002, Gamma: 8e-05",756,10,204,26,78.5140562248996,20,40,
"Nu: 0.0002, Gamma: 9e-05",765,10,195,26,79.41767068273093,20,40,
"Nu: 0.0002, Gamma: 0.0001",768,13,192,23,79.41767068273093,20,40,
"Nu: 0.0002, Gamma: 0.0002",953,32,7,4,96.08433734939759,20,40,
"Nu: 0.0002, Gamma: 0.0003",847,25,113,11,86.14457831325302,20,40,
"Nu: 0.0002, Gamma: 0.0004",885,31,75,5,89.35742971887551,20,40,
"Nu: 0.0002, Gamma: 0.005",960,36,0,0,96.3855421686747,20,40,
"Nu: 0.0002, Gamma: 0.05",960,36,0,0,96.3855421686747,20,40,
"Nu: 0.0002, Gamma: 0.0625",960,36,0,0,96.3855421686747,20,40,
"Nu: 0.0002, Gamma: 0.1",960,36,0,0,96.3855421686747,20,40,
"Nu: 0.0002, Gamma: 0.2",960,36,0,0,96.3855421686747,20,40,
"Nu: 0.0002, Gamma: 0.5",960,36,0,0,96.3855421686747,20,40,
"Nu: 0.0002, Gamma: 0.7",960,36,0,0,96.3855421686747,20,40,
"Nu: 0.0002, Gamma: 0.9",960,36,0,0,96.3855421686747,20,40,
"Nu: 0.0002, Gamma: 0.99",960,36,0,0,96.3855421686747,20,40,
"Nu: 0.0003, Gamma: 1e-05",893,23,67,13,90.96385542168674,20,40,
"Nu: 0.0003, Gamma: 2e-05",870,18,90,18,89.1566265060241,20,40,
"Nu: 0.0003, Gamma: 3e-05",929,26,31,10,94.27710843373494,20,40,
"Nu: 0.0003, Gamma: 4e-05",856,13,104,23,88.25301204819277,20,40,
"Nu: 0.0003, Gamma: 5e-05",808,10,152,26,83.73493975903614,20,40,
"Nu: 0.0003, Gamma: 6e-05",869,16,91,20,89.2570281124498,20,40,
"Nu: 0.0003, Gamma: 7e-05",753,8,207,28,78.4136546184739,20,40,
"Nu: 0.0003, Gamma: 8e-05",755,7,205,29,78.714859437751,20,40,
"Nu: 0.0003, Gamma: 9e-05",765,10,195,26,79.41767068273093,20,40,
"Nu: 0.0003, Gamma: 0.0001",764,10,196,26,79.31726907630522,20,40,
"Nu: 0.0003, Gamma: 0.0002",858,17,102,19,88.05220883534136,20,40,
"Nu: 0.0003, Gamma: 0.0003",941,32,19,4,94.87951807228916,20,40,
"Nu: 0.0003, Gamma: 0.0004",960,36,0,0,96.3855421686747,20,40,
"Nu: 0.0003, Gamma: 0.005",932,33,28,3,93.87550200803213,20,40,
"Nu: 0.0003, Gamma: 0.05",960,36,0,0,96.3855421686747,20,40,
"Nu: 0.0003, Gamma: 0.0625",960,36,0,0,96.3855421686747,20,40,
"Nu: 0.0003, Gamma: 0.1",960,36,0,0,96.3855421686747,20,40,
"Nu: 0.0003, Gamma: 0.2",960,36,0,0,96.3855421686747,20,40,
"Nu: 0.0003, Gamma: 0.5",960,36,0,0,96.3855421686747,20,40,
"Nu: 0.0003, Gamma: 0.7",960,36,0,0,96.3855421686747,20,40,
"Nu: 0.0003, Gamma: 0.9",960,36,0,0,96.3855421686747,20,40,
"Nu: 0.0003, Gamma: 0.99",960,36,0,0,96.3855421686747,20,40,
"Nu: 0.0004, Gamma: 1e-05",847,12,113,24,87.44979919678715,20,40,
"Nu: 0.0004, Gamma: 2e-05",870,18,90,18,89.1566265060241,20,40,
"Nu: 0.0004, Gamma: 3e-05",775,7,185,29,80.72289156626506,20,40,
"Nu: 0.0004, Gamma: 4e-05",839,13,121,23,86.54618473895582,20,40,
"Nu: 0.0004, Gamma: 5e-05",768,8,192,28,79.91967871485943,20,40,
"Nu: 0.0004, Gamma: 6e-05",869,16,91,20,89.2570281124498,20,40,
"Nu: 0.0004, Gamma: 7e-05",758,9,202,27,78.81526104417671,20,40,
"Nu: 0.0004, Gamma: 8e-05",771,10,189,26,80.02008032128514,20,40,
"Nu: 0.0004, Gamma: 9e-05",780,13,180,23,80.62248995983936,20,40,
"Nu: 0.0004, Gamma: 0.0001",777,12,183,24,80.42168674698796,20,40,
"Nu: 0.0004, Gamma: 0.0002",800,15,160,21,82.429718875502,20,40,
"Nu: 0.0004, Gamma: 0.0003",870,23,90,13,88.65461847389558,20,40,
"Nu: 0.0004, Gamma: 0.0004",960,36,0,0,96.3855421686747,20,40,
"Nu: 0.0004, Gamma: 0.005",939,34,21,2,94.47791164658635,20,40,
"Nu: 0.0004, Gamma: 0.05",960,36,0,0,96.3855421686747,20,40,
"Nu: 0.0004, Gamma: 0.0625",960,36,0,0,96.3855421686747,20,40,
"Nu: 0.0004, Gamma: 0.1",960,36,0,0,96.3855421686747,20,40,
"Nu: 0.0004, Gamma: 0.2",960,36,0,0,96.3855421686747,20,40,
"Nu: 0.0004, Gamma: 0.5",960,36,0,0,96.3855421686747,20,40,
"Nu: 0.0004, Gamma: 0.7",960,36,0,0,96.3855421686747,20,40,
"Nu: 0.0004, Gamma: 0.9",960,36,0,0,96.3855421686747,20,40,
"Nu: 0.0004, Gamma: 0.99",960,36,0,0,96.3855421686747,20,40,
"Nu: 0.005, Gamma: 1e-05",770,5,190,31,80.42168674698796,20,40,
"Nu: 0.005, Gamma: 2e-05",775,6,185,30,80.82329317269075,20,40,
"Nu: 0.005, Gamma: 3e-05",793,7,167,29,82.53012048192771,20,40,
"Nu: 0.005, Gamma: 4e-05",787,7,173,29,81.92771084337349,20,40,
"Nu: 0.005, Gamma: 5e-05",787,7,173,29,81.92771084337349,20,40,
"Nu: 0.005, Gamma: 6e-05",789,7,171,29,82.1285140562249,20,40,
"Nu: 0.005, Gamma: 7e-05",759,8,201,28,79.01606425702812,20,40,
"Nu: 0.005, Gamma: 8e-05",791,8,169,28,82.2289156626506,20,40,
"Nu: 0.005, Gamma: 9e-05",797,8,163,28,82.83132530120481,20,40,
"Nu: 0.005, Gamma: 0.0001",800,8,160,28,83.13253012048193,20,40,
"Nu: 0.005, Gamma: 0.0002",803,12,157,24,83.03212851405623,20,40,
"Nu: 0.005, Gamma: 0.0003",826,11,134,25,85.4417670682731,20,40,
"Nu: 0.005, Gamma: 0.0004",843,13,117,23,86.94779116465864,20,40,
"Nu: 0.005, Gamma: 0.005",911,24,49,12,92.67068273092369,20,40,
"Nu: 0.005, Gamma: 0.05",947,35,13,1,95.18072289156626,20,40,
"Nu: 0.005, Gamma: 0.0625",950,35,10,1,95.48192771084338,20,40,
"Nu: 0.005, Gamma: 0.1",953,35,7,1,95.78313253012048,20,40,
"Nu: 0.005, Gamma: 0.2",959,36,1,0,96.285140562249,20,40,
"Nu: 0.005, Gamma: 0.5",960,36,0,0,96.3855421686747,20,40,
"Nu: 0.005, Gamma: 0.7",960,36,0,0,96.3855421686747,20,40,
"Nu: 0.005, Gamma: 0.9",960,36,0,0,96.3855421686747,20,40,
"Nu: 0.005, Gamma: 0.99",960,36,0,0,96.3855421686747,20,40,
"Nu: 0.05, Gamma: 1e-05",769,5,191,31,80.32128514056225,20,40,
"Nu: 0.05, Gamma: 2e-05",773,6,187,30,80.62248995983936,20,40,
"Nu: 0.05, Gamma: 3e-05",777,7,183,29,80.92369477911646,20,40,
"Nu: 0.05, Gamma: 4e-05",778,7,182,29,81.02409638554217,20,40,
"Nu: 0.05, Gamma: 5e-05",783,7,177,29,81.52610441767068,20,40,
"Nu: 0.05, Gamma: 6e-05",788,7,172,29,82.0281124497992,20,40,
"Nu: 0.05, Gamma: 7e-05",790,8,170,28,82.1285140562249,20,40,
"Nu: 0.05, Gamma: 8e-05",793,8,167,28,82.429718875502,20,40,
"Nu: 0.05, Gamma: 9e-05",795,8,165,28,82.6305220883534,20,40,
"Nu: 0.05, Gamma: 0.0001",798,8,162,28,82.93172690763052,20,40,
"Nu: 0.05, Gamma: 0.0002",804,11,156,25,83.23293172690764,20,40,
"Nu: 0.05, Gamma: 0.0003",827,11,133,25,85.54216867469879,20,40,
"Nu: 0.05, Gamma: 0.0004",841,12,119,24,86.84738955823293,20,40,
"Nu: 0.05, Gamma: 0.005",912,20,48,16,93.17269076305222,20,40,
"Nu: 0.05, Gamma: 0.05",945,35,15,1,94.97991967871486,20,40,
"Nu: 0.05, Gamma: 0.0625",950,35,10,1,95.48192771084338,20,40,
"Nu: 0.05, Gamma: 0.1",953,35,7,1,95.78313253012048,20,40,
"Nu: 0.05, Gamma: 0.2",959,36,1,0,96.285140562249,20,40,
"Nu: 0.05, Gamma: 0.5",960,36,0,0,96.3855421686747,20,40,
"Nu: 0.05, Gamma: 0.7",960,36,0,0,96.3855421686747,20,40,
"Nu: 0.05, Gamma: 0.9",960,36,0,0,96.3855421686747,20,40,
"Nu: 0.05, Gamma: 0.99",960,36,0,0,96.3855421686747,20,40,
"Nu: 0.0625, Gamma: 1e-05",769,5,191,31,80.32128514056225,20,40,
"Nu: 0.0625, Gamma: 2e-05",773,6,187,30,80.62248995983936,20,40,
"Nu: 0.0625, Gamma: 3e-05",777,7,183,29,80.92369477911646,20,40,
"Nu: 0.0625, Gamma: 4e-05",778,7,182,29,81.02409638554217,20,40,
"Nu: 0.0625, Gamma: 5e-05",783,7,177,29,81.52610441767068,20,40,
"Nu: 0.0625, Gamma: 6e-05",788,7,172,29,82.0281124497992,20,40,
"Nu: 0.0625, Gamma: 7e-05",790,8,170,28,82.1285140562249,20,40,
"Nu: 0.0625, Gamma: 8e-05",793,8,167,28,82.429718875502,20,40,
"Nu: 0.0625, Gamma: 9e-05",795,8,165,28,82.6305220883534,20,40,
"Nu: 0.0625, Gamma: 0.0001",798,8,162,28,82.93172690763052,20,40,
"Nu: 0.0625, Gamma: 0.0002",804,10,156,26,83.33333333333334,20,40,
"Nu: 0.0625, Gamma: 0.0003",827,11,133,25,85.54216867469879,20,40,
"Nu: 0.0625, Gamma: 0.0004",841,12,119,24,86.84738955823293,20,40,
"Nu: 0.0625, Gamma: 0.005",912,20,48,16,93.17269076305222,20,40,
"Nu: 0.0625, Gamma: 0.05",945,35,15,1,94.97991967871486,20,40,
"Nu: 0.0625, Gamma: 0.0625",950,35,10,1,95.48192771084338,20,40,
"Nu: 0.0625, Gamma: 0.1",953,35,7,1,95.78313253012048,20,40,
"Nu: 0.0625, Gamma: 0.2",959,36,1,0,96.285140562249,20,40,
"Nu: 0.0625, Gamma: 0.5",960,36,0,0,96.3855421686747,20,40,
"Nu: 0.0625, Gamma: 0.7",960,36,0,0,96.3855421686747,20,40,
"Nu: 0.0625, Gamma: 0.9",960,36,0,0,96.3855421686747,20,40,
"Nu: 0.0625, Gamma: 0.99",960,36,0,0,96.3855421686747,20,40,
"Nu: 0.1, Gamma: 1e-05",769,6,191,30,80.22088353413655,20,40,
"Nu: 0.1, Gamma: 2e-05",773,6,187,30,80.62248995983936,20,40,
"Nu: 0.1, Gamma: 3e-05",777,7,183,29,80.92369477911646,20,40,
"Nu: 0.1, Gamma: 4e-05",778,7,182,29,81.02409638554217,20,40,
"Nu: 0.1, Gamma: 5e-05",783,7,177,29,81.52610441767068,20,40,
"Nu: 0.1, Gamma: 6e-05",788,7,172,29,82.0281124497992,20,40,
"Nu: 0.1, Gamma: 7e-05",790,8,170,28,82.1285140562249,20,40,
"Nu: 0.1, Gamma: 8e-05",793,8,167,28,82.429718875502,20,40,
"Nu: 0.1, Gamma: 9e-05",795,8,165,28,82.6305220883534,20,40,
"Nu: 0.1, Gamma: 0.0001",798,8,162,28,82.93172690763052,20,40,
"Nu: 0.1, Gamma: 0.0002",804,9,156,27,83.43373493975903,20,40,
"Nu: 0.1, Gamma: 0.0003",826,11,134,25,85.4417670682731,20,40,
"Nu: 0.1, Gamma: 0.0004",841,12,119,24,86.84738955823293,20,40,
"Nu: 0.1, Gamma: 0.005",912,20,48,16,93.17269076305222,20,40,
"Nu: 0.1, Gamma: 0.05",945,35,15,1,94.97991967871486,20,40,
"Nu: 0.1, Gamma: 0.0625",950,35,10,1,95.48192771084338,20,40,
"Nu: 0.1, Gamma: 0.1",953,35,7,1,95.78313253012048,20,40,
"Nu: 0.1, Gamma: 0.2",959,36,1,0,96.285140562249,20,40,
"Nu: 0.1, Gamma: 0.5",960,36,0,0,96.3855421686747,20,40,
"Nu: 0.1, Gamma: 0.7",960,36,0,0,96.3855421686747,20,40,
"Nu: 0.1, Gamma: 0.9",960,36,0,0,96.3855421686747,20,40,
"Nu: 0.1, Gamma: 0.99",960,36,0,0,96.3855421686747,20,40,
"Nu: 0.2, Gamma: 1e-05",772,7,188,29,80.42168674698796,20,40,
"Nu: 0.2, Gamma: 2e-05",779,7,181,29,81.12449799196787,20,40,
"Nu: 0.2, Gamma: 3e-05",779,8,181,28,81.02409638554217,20,40,
"Nu: 0.2, Gamma: 4e-05",781,8,179,28,81.22489959839358,20,40,
"Nu: 0.2, Gamma: 5e-05",783,8,177,28,81.42570281124499,20,40,
"Nu: 0.2, Gamma: 6e-05",788,8,172,28,81.92771084337349,20,40,
"Nu: 0.2, Gamma: 7e-05",792,8,168,28,82.32931726907631,20,40,
"Nu: 0.2, Gamma: 8e-05",792,8,168,28,82.32931726907631,20,40,
"Nu: 0.2, Gamma: 9e-05",794,8,166,28,82.53012048192771,20,40,
"Nu: 0.2, Gamma: 0.0001",798,8,162,28,82.93172690763052,20,40,
"Nu: 0.2, Gamma: 0.0002",804,10,156,26,83.33333333333334,20,40,
"Nu: 0.2, Gamma: 0.0003",827,11,133,25,85.54216867469879,20,40,
"Nu: 0.2, Gamma: 0.0004",841,12,119,24,86.84738955823293,20,40,
"Nu: 0.2, Gamma: 0.005",912,20,48,16,93.17269076305222,20,40,
"Nu: 0.2, Gamma: 0.05",945,35,15,1,94.97991967871486,20,40,
"Nu: 0.2, Gamma: 0.0625",950,35,10,1,95.48192771084338,20,40,
"Nu: 0.2, Gamma: 0.1",953,35,7,1,95.78313253012048,20,40,
"Nu: 0.2, Gamma: 0.2",959,36,1,0,96.285140562249,20,40,
"Nu: 0.2, Gamma: 0.5",960,36,0,0,96.3855421686747,20,40,
"Nu: 0.2, Gamma: 0.7",960,36,0,0,96.3855421686747,20,40,
"Nu: 0.2, Gamma: 0.9",960,36,0,0,96.3855421686747,20,40,
"Nu: 0.2, Gamma: 0.99",960,36,0,0,96.3855421686747,20,40,
"Nu: 0.5, Gamma: 1e-05",875,20,85,16,89.45783132530121,20,40,
"Nu: 0.5, Gamma: 2e-05",864,17,96,19,88.65461847389558,20,40,
"Nu: 0.5, Gamma: 3e-05",863,16,97,20,88.65461847389558,20,40,
"Nu: 0.5, Gamma: 4e-05",859,16,101,20,88.25301204819277,20,40,
"Nu: 0.5, Gamma: 5e-05",857,17,103,19,87.95180722891565,20,40,
"Nu: 0.5, Gamma: 6e-05",855,17,105,19,87.75100401606426,20,40,
"Nu: 0.5, Gamma: 7e-05",855,17,105,19,87.75100401606426,20,40,
"Nu: 0.5, Gamma: 8e-05",853,17,107,19,87.55020080321285,20,40,
"Nu: 0.5, Gamma: 9e-05",853,17,107,19,87.55020080321285,20,40,
"Nu: 0.5, Gamma: 0.0001",853,17,107,19,87.55020080321285,20,40,
"Nu: 0.5, Gamma: 0.0002",847,18,113,18,86.84738955823293,20,40,
"Nu: 0.5, Gamma: 0.0003",849,18,111,18,87.04819277108435,20,40,
"Nu: 0.5, Gamma: 0.0004",854,18,106,18,87.55020080321285,20,40,
"Nu: 0.5, Gamma: 0.005",912,22,48,14,92.9718875502008,20,40,
"Nu: 0.5, Gamma: 0.05",945,35,15,1,94.97991967871486,20,40,
"Nu: 0.5, Gamma: 0.0625",950,35,10,1,95.48192771084338,20,40,
"Nu: 0.5, Gamma: 0.1",953,35,7,1,95.78313253012048,20,40,
"Nu: 0.5, Gamma: 0.2",959,36,1,0,96.285140562249,20,40,
"Nu: 0.5, Gamma: 0.5",960,36,0,0,96.3855421686747,20,40,
"Nu: 0.5, Gamma: 0.7",960,36,0,0,96.3855421686747,20,40,
"Nu: 0.5, Gamma: 0.9",960,36,0,0,96.3855421686747,20,40,
"Nu: 0.5, Gamma: 0.99",960,36,0,0,96.3855421686747,20,40,
"Nu: 0.7, Gamma: 1e-05",915,28,45,8,92.67068273092369,20,40,
"Nu: 0.7, Gamma: 2e-05",914,28,46,8,92.570281124498,20,40,
"Nu: 0.7, Gamma: 3e-05",909,28,51,8,92.06827309236948,20,40,
"Nu: 0.7, Gamma: 4e-05",907,28,53,8,91.86746987951807,20,40,
"Nu: 0.7, Gamma: 5e-05",907,27,53,9,91.96787148594377,20,40,
"Nu: 0.7, Gamma: 6e-05",903,24,57,12,91.86746987951807,20,40,
"Nu: 0.7, Gamma: 7e-05",903,24,57,12,91.86746987951807,20,40,
"Nu: 0.7, Gamma: 8e-05",902,24,58,12,91.76706827309236,20,40,
"Nu: 0.7, Gamma: 9e-05",897,24,63,12,91.26506024096386,20,40,
"Nu: 0.7, Gamma: 0.0001",896,24,64,12,91.16465863453816,20,40,
"Nu: 0.7, Gamma: 0.0002",894,25,66,11,90.86345381526104,20,40,
"Nu: 0.7, Gamma: 0.0003",902,25,58,11,91.66666666666666,20,40,
"Nu: 0.7, Gamma: 0.0004",898,25,62,11,91.26506024096386,20,40,
"Nu: 0.7, Gamma: 0.005",919,27,41,9,93.17269076305222,20,40,
"Nu: 0.7, Gamma: 0.05",945,35,15,1,94.97991967871486,20,40,
"Nu: 0.7, Gamma: 0.0625",950,35,10,1,95.48192771084338,20,40,
"Nu: 0.7, Gamma: 0.1",953,35,7,1,95.78313253012048,20,40,
"Nu: 0.7, Gamma: 0.2",959,36,1,0,96.285140562249,20,40,
"Nu: 0.7, Gamma: 0.5",960,36,0,0,96.3855421686747,20,40,
"Nu: 0.7, Gamma: 0.7",960,36,0,0,96.3855421686747,20,40,
"Nu: 0.7, Gamma: 0.9",960,36,0,0,96.3855421686747,20,40,
"Nu: 0.7, Gamma: 0.99",960,36,0,0,96.3855421686747,20,40,
"Nu: 0.9, Gamma: 1e-05",947,33,13,3,95.38152610441767,20,40,
"Nu: 0.9, Gamma: 2e-05",948,32,12,4,95.58232931726907,20,40,
"Nu: 0.9, Gamma: 3e-05",949,31,11,5,95.78313253012048,20,40,
"Nu: 0.9, Gamma: 4e-05",950,31,10,5,95.88353413654619,20,40,
"Nu: 0.9, Gamma: 5e-05",950,31,10,5,95.88353413654619,20,40,
"Nu: 0.9, Gamma: 6e-05",950,31,10,5,95.88353413654619,20,40,
"Nu: 0.9, Gamma: 7e-05",950,31,10,5,95.88353413654619,20,40,
"Nu: 0.9, Gamma: 8e-05",951,31,9,5,95.98393574297188,20,40,
"Nu: 0.9, Gamma: 9e-05",953,31,7,5,96.18473895582329,20,40,
"Nu: 0.9, Gamma: 0.0001",953,31,7,5,96.18473895582329,20,40,
"Nu: 0.9, Gamma: 0.0002",954,31,6,5,96.285140562249,20,40,
"Nu: 0.9, Gamma: 0.0003",949,31,11,5,95.78313253012048,20,40,
"Nu: 0.9, Gamma: 0.0004",942,29,18,7,95.28112449799197,20,40,
"Nu: 0.9, Gamma: 0.005",933,32,27,4,94.07630522088354,20,40,
"Nu: 0.9, Gamma: 0.05",945,35,15,1,94.97991967871486,20,40,
"Nu: 0.9, Gamma: 0.0625",950,35,10,1,95.48192771084338,20,40,
"Nu: 0.9, Gamma: 0.1",953,35,7,1,95.78313253012048,20,40,
"Nu: 0.9, Gamma: 0.2",959,36,1,0,96.285140562249,20,40,
"Nu: 0.9, Gamma: 0.5",960,36,0,0,96.3855421686747,20,40,
"Nu: 0.9, Gamma: 0.7",960,36,0,0,96.3855421686747,20,40,
"Nu: 0.9, Gamma: 0.9",960,36,0,0,96.3855421686747,20,40,
"Nu: 0.9, Gamma: 0.99",960,36,0,0,96.3855421686747,20,40,
"Nu: 0.99, Gamma: 1e-05",957,36,3,0,96.08433734939759,20,40,
"Nu: 0.99, Gamma: 2e-05",960,36,0,0,96.3855421686747,20,40,
"Nu: 0.99, Gamma: 3e-05",960,36,0,0,96.3855421686747,20,40,
"Nu: 0.99, Gamma: 4e-05",960,36,0,0,96.3855421686747,20,40,
"Nu: 0.99, Gamma: 5e-05",960,36,0,0,96.3855421686747,20,40,
"Nu: 0.99, Gamma: 6e-05",960,36,0,0,96.3855421686747,20,40,
"Nu: 0.99, Gamma: 7e-05",960,36,0,0,96.3855421686747,20,40,
"Nu: 0.99, Gamma: 8e-05",960,36,0,0,96.3855421686747,20,40,
"Nu: 0.99, Gamma: 9e-05",960,36,0,0,96.3855421686747,20,40,
"Nu: 0.99, Gamma: 0.0001",960,36,0,0,96.3855421686747,20,40,
"Nu: 0.99, Gamma: 0.0002",960,35,0,1,96.4859437751004,20,40,
"Nu: 0.99, Gamma: 0.0003",960,35,0,1,96.4859437751004,20,40,
"Nu: 0.99, Gamma: 0.0004",960,35,0,1,96.4859437751004,20,40,
"Nu: 0.99, Gamma: 0.005",953,36,7,0,95.68273092369478,20,40,
"Nu: 0.99, Gamma: 0.05",960,36,0,0,96.3855421686747,20,40,
"Nu: 0.99, Gamma: 0.0625",960,36,0,0,96.3855421686747,20,40,
"Nu: 0.99, Gamma: 0.1",960,36,0,0,96.3855421686747,20,40,
"Nu: 0.99, Gamma: 0.2",960,36,0,0,96.3855421686747,20,40,
"Nu: 0.99, Gamma: 0.5",960,36,0,0,96.3855421686747,20,40,
"Nu: 0.99, Gamma: 0.7",960,36,0,0,96.3855421686747,20,40,
"Nu: 0.99, Gamma: 0.9",960,36,0,0,96.3855421686747,20,40,
"Nu: 0.99, Gamma: 0.99",960,36,0,0,96.3855421686747,20,40,
,,,,,,,,
Target Class: blackscholes-bodytrack,TP,FP,FN,TN,ACC (%),Noise Percantages,Upsampling,
"Nu: 5e-05, Gamma: 1e-05",976,33,0,1,96.73267326732673,20,40,
"Nu: 5e-05, Gamma: 2e-05",976,34,0,0,96.63366336633663,20,40,
"Nu: 5e-05, Gamma: 3e-05",976,34,0,0,96.63366336633663,20,40,
"Nu: 5e-05, Gamma: 4e-05",976,34,0,0,96.63366336633663,20,40,
"Nu: 5e-05, Gamma: 5e-05",976,34,0,0,96.63366336633663,20,40,
"Nu: 5e-05, Gamma: 6e-05",976,34,0,0,96.63366336633663,20,40,
"Nu: 5e-05, Gamma: 7e-05",976,34,0,0,96.63366336633663,20,40,
"Nu: 5e-05, Gamma: 8e-05",976,34,0,0,96.63366336633663,20,40,
"Nu: 5e-05, Gamma: 9e-05",976,34,0,0,96.63366336633663,20,40,
"Nu: 5e-05, Gamma: 0.0001",976,34,0,0,96.63366336633663,20,40,
"Nu: 5e-05, Gamma: 0.0002",976,34,0,0,96.63366336633663,20,40,
"Nu: 5e-05, Gamma: 0.0003",976,34,0,0,96.63366336633663,20,40,
"Nu: 5e-05, Gamma: 0.0004",976,34,0,0,96.63366336633663,20,40,
"Nu: 5e-05, Gamma: 0.005",976,34,0,0,96.63366336633663,20,40,
"Nu: 5e-05, Gamma: 0.05",976,34,0,0,96.63366336633663,20,40,
"Nu: 5e-05, Gamma: 0.0625",976,34,0,0,96.63366336633663,20,40,
"Nu: 5e-05, Gamma: 0.1",976,34,0,0,96.63366336633663,20,40,
"Nu: 5e-05, Gamma: 0.2",976,34,0,0,96.63366336633663,20,40,
"Nu: 5e-05, Gamma: 0.5",976,34,0,0,96.63366336633663,20,40,
"Nu: 5e-05, Gamma: 0.7",976,34,0,0,96.63366336633663,20,40,
"Nu: 5e-05, Gamma: 0.9",976,34,0,0,96.63366336633663,20,40,
"Nu: 5e-05, Gamma: 0.99",976,34,0,0,96.63366336633663,20,40,
"Nu: 6e-05, Gamma: 1e-05",976,31,0,3,96.93069306930693,20,40,
"Nu: 6e-05, Gamma: 2e-05",976,34,0,0,96.63366336633663,20,40,
"Nu: 6e-05, Gamma: 3e-05",950,33,26,1,94.15841584158416,20,40,
"Nu: 6e-05, Gamma: 4e-05",873,23,103,11,87.52475247524752,20,40,
"Nu: 6e-05, Gamma: 5e-05",976,34,0,0,96.63366336633663,20,40,
"Nu: 6e-05, Gamma: 6e-05",976,34,0,0,96.63366336633663,20,40,
"Nu: 6e-05, Gamma: 7e-05",976,34,0,0,96.63366336633663,20,40,
"Nu: 6e-05, Gamma: 8e-05",976,34,0,0,96.63366336633663,20,40,
"Nu: 6e-05, Gamma: 9e-05",976,34,0,0,96.63366336633663,20,40,
"Nu: 6e-05, Gamma: 0.0001",976,34,0,0,96.63366336633663,20,40,
"Nu: 6e-05, Gamma: 0.0002",976,34,0,0,96.63366336633663,20,40,
"Nu: 6e-05, Gamma: 0.0003",976,34,0,0,96.63366336633663,20,40,
"Nu: 6e-05, Gamma: 0.0004",976,34,0,0,96.63366336633663,20,40,
"Nu: 6e-05, Gamma: 0.005",976,34,0,0,96.63366336633663,20,40,
"Nu: 6e-05, Gamma: 0.05",976,34,0,0,96.63366336633663,20,40,
"Nu: 6e-05, Gamma: 0.0625",976,34,0,0,96.63366336633663,20,40,
"Nu: 6e-05, Gamma: 0.1",976,34,0,0,96.63366336633663,20,40,
"Nu: 6e-05, Gamma: 0.2",976,34,0,0,96.63366336633663,20,40,
"Nu: 6e-05, Gamma: 0.5",976,31,0,3,96.93069306930693,20,40,
"Nu: 6e-05, Gamma: 0.7",976,31,0,3,96.93069306930693,20,40,
"Nu: 6e-05, Gamma: 0.9",976,31,0,3,96.93069306930693,20,40,
"Nu: 6e-05, Gamma: 0.99",976,31,0,3,96.93069306930693,20,40,
"Nu: 7e-05, Gamma: 1e-05",976,34,0,0,96.63366336633663,20,40,
"Nu: 7e-05, Gamma: 2e-05",976,34,0,0,96.63366336633663,20,40,
"Nu: 7e-05, Gamma: 3e-05",801,17,175,17,80.990099009901,20,40,
"Nu: 7e-05, Gamma: 4e-05",873,23,103,11,87.52475247524752,20,40,
"Nu: 7e-05, Gamma: 5e-05",976,34,0,0,96.63366336633663,20,40,
"Nu: 7e-05, Gamma: 6e-05",976,34,0,0,96.63366336633663,20,40,
"Nu: 7e-05, Gamma: 7e-05",976,34,0,0,96.63366336633663,20,40,
"Nu: 7e-05, Gamma: 8e-05",976,34,0,0,96.63366336633663,20,40,
"Nu: 7e-05, Gamma: 9e-05",976,34,0,0,96.63366336633663,20,40,
"Nu: 7e-05, Gamma: 0.0001",976,34,0,0,96.63366336633663,20,40,
"Nu: 7e-05, Gamma: 0.0002",976,34,0,0,96.63366336633663,20,40,
"Nu: 7e-05, Gamma: 0.0003",976,34,0,0,96.63366336633663,20,40,
"Nu: 7e-05, Gamma: 0.0004",976,34,0,0,96.63366336633663,20,40,
"Nu: 7e-05, Gamma: 0.005",976,34,0,0,96.63366336633663,20,40,
"Nu: 7e-05, Gamma: 0.05",976,34,0,0,96.63366336633663,20,40,
"Nu: 7e-05, Gamma: 0.0625",976,34,0,0,96.63366336633663,20,40,
"Nu: 7e-05, Gamma: 0.1",976,34,0,0,96.63366336633663,20,40,
"Nu: 7e-05, Gamma: 0.2",976,34,0,0,96.63366336633663,20,40,
"Nu: 7e-05, Gamma: 0.5",976,34,0,0,96.63366336633663,20,40,
"Nu: 7e-05, Gamma: 0.7",976,34,0,0,96.63366336633663,20,40,
"Nu: 7e-05, Gamma: 0.9",976,34,0,0,96.63366336633663,20,40,
"Nu: 7e-05, Gamma: 0.99",976,34,0,0,96.63366336633663,20,40,
"Nu: 8e-05, Gamma: 1e-05",976,32,0,2,96.83168316831683,20,40,
"Nu: 8e-05, Gamma: 2e-05",749,15,227,19,76.03960396039604,20,40,
"Nu: 8e-05, Gamma: 3e-05",801,17,175,17,80.990099009901,20,40,
"Nu: 8e-05, Gamma: 4e-05",873,23,103,11,87.52475247524752,20,40,
"Nu: 8e-05, Gamma: 5e-05",976,34,0,0,96.63366336633663,20,40,
"Nu: 8e-05, Gamma: 6e-05",976,34,0,0,96.63366336633663,20,40,
"Nu: 8e-05, Gamma: 7e-05",976,34,0,0,96.63366336633663,20,40,
"Nu: 8e-05, Gamma: 8e-05",976,34,0,0,96.63366336633663,20,40,
"Nu: 8e-05, Gamma: 9e-05",976,34,0,0,96.63366336633663,20,40,
"Nu: 8e-05, Gamma: 0.0001",976,34,0,0,96.63366336633663,20,40,
"Nu: 8e-05, Gamma: 0.0002",976,34,0,0,96.63366336633663,20,40,
"Nu: 8e-05, Gamma: 0.0003",976,34,0,0,96.63366336633663,20,40,
"Nu: 8e-05, Gamma: 0.0004",976,34,0,0,96.63366336633663,20,40,
"Nu: 8e-05, Gamma: 0.005",976,34,0,0,96.63366336633663,20,40,
"Nu: 8e-05, Gamma: 0.05",976,34,0,0,96.63366336633663,20,40,
"Nu: 8e-05, Gamma: 0.0625",976,34,0,0,96.63366336633663,20,40,
"Nu: 8e-05, Gamma: 0.1",976,34,0,0,96.63366336633663,20,40,
"Nu: 8e-05, Gamma: 0.2",976,34,0,0,96.63366336633663,20,40,
"Nu: 8e-05, Gamma: 0.5",976,34,0,0,96.63366336633663,20,40,
"Nu: 8e-05, Gamma: 0.7",976,34,0,0,96.63366336633663,20,40,
"Nu: 8e-05, Gamma: 0.9",976,34,0,0,96.63366336633663,20,40,
"Nu: 8e-05, Gamma: 0.99",976,34,0,0,96.63366336633663,20,40,
"Nu: 9e-05, Gamma: 1e-05",976,32,0,2,96.83168316831683,20,40,
"Nu: 9e-05, Gamma: 2e-05",749,15,227,19,76.03960396039604,20,40,
"Nu: 9e-05, Gamma: 3e-05",801,17,175,17,80.990099009901,20,40,
"Nu: 9e-05, Gamma: 4e-05",873,23,103,11,87.52475247524752,20,40,
"Nu: 9e-05, Gamma: 5e-05",976,34,0,0,96.63366336633663,20,40,
"Nu: 9e-05, Gamma: 6e-05",976,34,0,0,96.63366336633663,20,40,
"Nu: 9e-05, Gamma: 7e-05",976,34,0,0,96.63366336633663,20,40,
"Nu: 9e-05, Gamma: 8e-05",976,34,0,0,96.63366336633663,20,40,
"Nu: 9e-05, Gamma: 9e-05",976,34,0,0,96.63366336633663,20,40,
"Nu: 9e-05, Gamma: 0.0001",976,34,0,0,96.63366336633663,20,40,
"Nu: 9e-05, Gamma: 0.0002",976,34,0,0,96.63366336633663,20,40,
"Nu: 9e-05, Gamma: 0.0003",976,34,0,0,96.63366336633663,20,40,
"Nu: 9e-05, Gamma: 0.0004",976,34,0,0,96.63366336633663,20,40,
"Nu: 9e-05, Gamma: 0.005",976,34,0,0,96.63366336633663,20,40,
"Nu: 9e-05, Gamma: 0.05",976,34,0,0,96.63366336633663,20,40,
"Nu: 9e-05, Gamma: 0.0625",976,34,0,0,96.63366336633663,20,40,
"Nu: 9e-05, Gamma: 0.1",976,34,0,0,96.63366336633663,20,40,
"Nu: 9e-05, Gamma: 0.2",976,34,0,0,96.63366336633663,20,40,
"Nu: 9e-05, Gamma: 0.5",976,34,0,0,96.63366336633663,20,40,
"Nu: 9e-05, Gamma: 0.7",976,34,0,0,96.63366336633663,20,40,
"Nu: 9e-05, Gamma: 0.9",976,34,0,0,96.63366336633663,20,40,
"Nu: 9e-05, Gamma: 0.99",976,34,0,0,96.63366336633663,20,40,
"Nu: 0.0001, Gamma: 1e-05",976,33,0,1,96.73267326732673,20,40,
"Nu: 0.0001, Gamma: 2e-05",749,15,227,19,76.03960396039604,20,40,
"Nu: 0.0001, Gamma: 3e-05",801,17,175,17,80.990099009901,20,40,
"Nu: 0.0001, Gamma: 4e-05",873,23,103,11,87.52475247524752,20,40,
"Nu: 0.0001, Gamma: 5e-05",976,34,0,0,96.63366336633663,20,40,
"Nu: 0.0001, Gamma: 6e-05",976,34,0,0,96.63366336633663,20,40,
"Nu: 0.0001, Gamma: 7e-05",976,34,0,0,96.63366336633663,20,40,
"Nu: 0.0001, Gamma: 8e-05",976,34,0,0,96.63366336633663,20,40,
"Nu: 0.0001, Gamma: 9e-05",976,34,0,0,96.63366336633663,20,40,
"Nu: 0.0001, Gamma: 0.0001",976,34,0,0,96.63366336633663,20,40,
"Nu: 0.0001, Gamma: 0.0002",976,34,0,0,96.63366336633663,20,40,
"Nu: 0.0001, Gamma: 0.0003",976,34,0,0,96.63366336633663,20,40,
"Nu: 0.0001, Gamma: 0.0004",976,34,0,0,96.63366336633663,20,40,
"Nu: 0.0001, Gamma: 0.005",976,34,0,0,96.63366336633663,20,40,
"Nu: 0.0001, Gamma: 0.05",976,34,0,0,96.63366336633663,20,40,
"Nu: 0.0001, Gamma: 0.0625",976,34,0,0,96.63366336633663,20,40,
"Nu: 0.0001, Gamma: 0.1",976,34,0,0,96.63366336633663,20,40,
"Nu: 0.0001, Gamma: 0.2",976,34,0,0,96.63366336633663,20,40,
"Nu: 0.0001, Gamma: 0.5",976,34,0,0,96.63366336633663,20,40,
"Nu: 0.0001, Gamma: 0.7",976,34,0,0,96.63366336633663,20,40,
"Nu: 0.0001, Gamma: 0.9",976,34,0,0,96.63366336633663,20,40,
"Nu: 0.0001, Gamma: 0.99",976,34,0,0,96.63366336633663,20,40,
"Nu: 0.0002, Gamma: 1e-05",709,4,267,30,73.16831683168317,20,40,
"Nu: 0.0002, Gamma: 2e-05",714,9,262,25,73.16831683168317,20,40,
"Nu: 0.0002, Gamma: 3e-05",742,13,234,21,75.54455445544555,20,40,
"Nu: 0.0002, Gamma: 4e-05",742,16,234,18,75.24752475247524,20,40,
"Nu: 0.0002, Gamma: 5e-05",972,33,4,1,96.33663366336633,20,40,
"Nu: 0.0002, Gamma: 6e-05",749,15,227,19,76.03960396039604,20,40,
"Nu: 0.0002, Gamma: 7e-05",855,24,121,10,85.64356435643565,20,40,
"Nu: 0.0002, Gamma: 8e-05",902,25,74,9,90.1980198019802,20,40,
"Nu: 0.0002, Gamma: 9e-05",938,28,38,6,93.46534653465348,20,40,
"Nu: 0.0002, Gamma: 0.0001",957,31,19,3,95.04950495049505,20,40,
"Nu: 0.0002, Gamma: 0.0002",976,34,0,0,96.63366336633663,20,40,
"Nu: 0.0002, Gamma: 0.0003",976,34,0,0,96.63366336633663,20,40,
"Nu: 0.0002, Gamma: 0.0004",976,34,0,0,96.63366336633663,20,40,
"Nu: 0.0002, Gamma: 0.005",976,34,0,0,96.63366336633663,20,40,
"Nu: 0.0002, Gamma: 0.05",976,34,0,0,96.63366336633663,20,40,
"Nu: 0.0002, Gamma: 0.0625",976,34,0,0,96.63366336633663,20,40,
"Nu: 0.0002, Gamma: 0.1",976,34,0,0,96.63366336633663,20,40,
"Nu: 0.0002, Gamma: 0.2",976,34,0,0,96.63366336633663,20,40,
"Nu: 0.0002, Gamma: 0.5",976,31,0,3,96.93069306930693,20,40,
"Nu: 0.0002, Gamma: 0.7",976,31,0,3,96.93069306930693,20,40,
"Nu: 0.0002, Gamma: 0.9",976,31,0,3,96.93069306930693,20,40,
"Nu: 0.0002, Gamma: 0.99",976,31,0,3,96.93069306930693,20,40,
"Nu: 0.0003, Gamma: 1e-05",709,4,267,30,73.16831683168317,20,40,
"Nu: 0.0003, Gamma: 2e-05",720,7,256,27,73.96039603960396,20,40,
"Nu: 0.0003, Gamma: 3e-05",948,28,28,6,94.45544554455445,20,40,
"Nu: 0.0003, Gamma: 4e-05",742,15,234,19,75.34653465346534,20,40,
"Nu: 0.0003, Gamma: 5e-05",736,11,240,23,75.14851485148515,20,40,
"Nu: 0.0003, Gamma: 6e-05",745,14,231,20,75.74257425742574,20,40,
"Nu: 0.0003, Gamma: 7e-05",828,20,148,14,83.36633663366337,20,40,
"Nu: 0.0003, Gamma: 8e-05",974,32,2,2,96.63366336633663,20,40,
"Nu: 0.0003, Gamma: 9e-05",915,26,61,8,91.38613861386139,20,40,
"Nu: 0.0003, Gamma: 0.0001",976,33,0,1,96.73267326732673,20,40,
"Nu: 0.0003, Gamma: 0.0002",976,34,0,0,96.63366336633663,20,40,
"Nu: 0.0003, Gamma: 0.0003",975,34,1,0,96.53465346534654,20,40,
"Nu: 0.0003, Gamma: 0.0004",913,27,63,7,91.0891089108911,20,40,
"Nu: 0.0003, Gamma: 0.005",976,34,0,0,96.63366336633663,20,40,
"Nu: 0.0003, Gamma: 0.05",976,34,0,0,96.63366336633663,20,40,
"Nu: 0.0003, Gamma: 0.0625",976,34,0,0,96.63366336633663,20,40,
"Nu: 0.0003, Gamma: 0.1",976,34,0,0,96.63366336633663,20,40,
"Nu: 0.0003, Gamma: 0.2",976,34,0,0,96.63366336633663,20,40,
"Nu: 0.0003, Gamma: 0.5",976,34,0,0,96.63366336633663,20,40,
"Nu: 0.0003, Gamma: 0.7",976,34,0,0,96.63366336633663,20,40,
"Nu: 0.0003, Gamma: 0.9",976,34,0,0,96.63366336633663,20,40,
"Nu: 0.0003, Gamma: 0.99",976,34,0,0,96.63366336633663,20,40,
"Nu: 0.0004, Gamma: 1e-05",709,3,267,31,73.26732673267327,20,40,
"Nu: 0.0004, Gamma: 2e-05",721,6,255,28,74.15841584158416,20,40,
"Nu: 0.0004, Gamma: 3e-05",727,11,249,23,74.25742574257426,20,40,
"Nu: 0.0004, Gamma: 4e-05",727,13,249,21,74.05940594059406,20,40,
"Nu: 0.0004, Gamma: 5e-05",897,24,79,10,89.8019801980198,20,40,
"Nu: 0.0004, Gamma: 6e-05",939,28,37,6,93.56435643564357,20,40,
"Nu: 0.0004, Gamma: 7e-05",972,29,4,5,96.73267326732673,20,40,
"Nu: 0.0004, Gamma: 8e-05",965,29,11,5,96.03960396039604,20,40,
"Nu: 0.0004, Gamma: 9e-05",897,26,79,8,89.60396039603961,20,40,
"Nu: 0.0004, Gamma: 0.0001",890,28,86,6,88.71287128712872,20,40,
"Nu: 0.0004, Gamma: 0.0002",974,33,2,1,96.53465346534654,20,40,
"Nu: 0.0004, Gamma: 0.0003",846,23,130,11,84.85148514851485,20,40,
"Nu: 0.0004, Gamma: 0.0004",894,26,82,8,89.3069306930693,20,40,
"Nu: 0.0004, Gamma: 0.005",976,34,0,0,96.63366336633663,20,40,
"Nu: 0.0004, Gamma: 0.05",976,34,0,0,96.63366336633663,20,40,
"Nu: 0.0004, Gamma: 0.0625",976,34,0,0,96.63366336633663,20,40,
"Nu: 0.0004, Gamma: 0.1",976,34,0,0,96.63366336633663,20,40,
"Nu: 0.0004, Gamma: 0.2",976,34,0,0,96.63366336633663,20,40,
"Nu: 0.0004, Gamma: 0.5",976,31,0,3,96.93069306930693,20,40,
"Nu: 0.0004, Gamma: 0.7",976,31,0,3,96.93069306930693,20,40,
"Nu: 0.0004, Gamma: 0.9",976,31,0,3,96.93069306930693,20,40,
"Nu: 0.0004, Gamma: 0.99",976,31,0,3,96.93069306930693,20,40,
"Nu: 0.005, Gamma: 1e-05",710,3,266,31,73.36633663366337,20,40,
"Nu: 0.005, Gamma: 2e-05",722,3,254,31,74.55445544554455,20,40,
"Nu: 0.005, Gamma: 3e-05",728,8,248,26,74.65346534653466,20,40,
"Nu: 0.005, Gamma: 4e-05",736,13,240,21,74.95049504950495,20,40,
"Nu: 0.005, Gamma: 5e-05",740,14,236,20,75.24752475247524,20,40,
"Nu: 0.005, Gamma: 6e-05",742,15,234,19,75.34653465346534,20,40,
"Nu: 0.005, Gamma: 7e-05",749,15,227,19,76.03960396039604,20,40,
"Nu: 0.005, Gamma: 8e-05",752,15,224,19,76.33663366336634,20,40,
"Nu: 0.005, Gamma: 9e-05",754,15,222,19,76.53465346534654,20,40,
"Nu: 0.005, Gamma: 0.0001",756,12,220,22,77.02970297029704,20,40,
"Nu: 0.005, Gamma: 0.0002",770,16,206,18,78.01980198019803,20,40,
"Nu: 0.005, Gamma: 0.0003",789,15,187,19,80.0,20,40,
"Nu: 0.005, Gamma: 0.0004",813,18,163,16,82.07920792079207,20,40,
"Nu: 0.005, Gamma: 0.005",918,24,58,10,91.88118811881189,20,40,
"Nu: 0.005, Gamma: 0.05",964,30,12,4,95.84158415841584,20,40,
"Nu: 0.005, Gamma: 0.0625",965,30,11,4,95.94059405940594,20,40,
"Nu: 0.005, Gamma: 0.1",969,34,7,0,95.94059405940594,20,40,
"Nu: 0.005, Gamma: 0.2",976,34,0,0,96.63366336633663,20,40,
"Nu: 0.005, Gamma: 0.5",976,31,0,3,96.93069306930693,20,40,
"Nu: 0.005, Gamma: 0.7",976,34,0,0,96.63366336633663,20,40,
"Nu: 0.005, Gamma: 0.9",976,34,0,0,96.63366336633663,20,40,
"Nu: 0.005, Gamma: 0.99",976,34,0,0,96.63366336633663,20,40,
"Nu: 0.05, Gamma: 1e-05",710,3,266,31,73.36633663366337,20,40,
"Nu: 0.05, Gamma: 2e-05",724,6,252,28,74.45544554455445,20,40,
"Nu: 0.05, Gamma: 3e-05",730,11,246,23,74.55445544554455,20,40,
"Nu: 0.05, Gamma: 4e-05",733,14,243,20,74.55445544554455,20,40,
"Nu: 0.05, Gamma: 5e-05",739,14,237,20,75.14851485148515,20,40,
"Nu: 0.05, Gamma: 6e-05",742,15,234,19,75.34653465346534,20,40,
"Nu: 0.05, Gamma: 7e-05",747,12,229,22,76.13861386138613,20,40,
"Nu: 0.05, Gamma: 8e-05",749,12,227,22,76.33663366336634,20,40,
"Nu: 0.05, Gamma: 9e-05",752,12,224,22,76.63366336633663,20,40,
"Nu: 0.05, Gamma: 0.0001",754,15,222,19,76.53465346534654,20,40,
"Nu: 0.05, Gamma: 0.0002",769,16,207,18,77.92079207920793,20,40,
"Nu: 0.05, Gamma: 0.0003",789,13,187,21,80.19801980198021,20,40,
"Nu: 0.05, Gamma: 0.0004",814,15,162,19,82.47524752475248,20,40,
"Nu: 0.05, Gamma: 0.005",923,24,53,10,92.37623762376238,20,40,
"Nu: 0.05, Gamma: 0.05",964,33,12,1,95.54455445544554,20,40,
"Nu: 0.05, Gamma: 0.0625",967,33,9,1,95.84158415841584,20,40,
"Nu: 0.05, Gamma: 0.1",969,34,7,0,95.94059405940594,20,40,
"Nu: 0.05, Gamma: 0.2",975,34,1,0,96.53465346534654,20,40,
"Nu: 0.05, Gamma: 0.5",976,34,0,0,96.63366336633663,20,40,
"Nu: 0.05, Gamma: 0.7",976,31,0,3,96.93069306930693,20,40,
"Nu: 0.05, Gamma: 0.9",976,31,0,3,96.93069306930693,20,40,
"Nu: 0.05, Gamma: 0.99",976,31,0,3,96.93069306930693,20,40,
"Nu: 0.0625, Gamma: 1e-05",710,6,266,28,73.06930693069307,20,40,
"Nu: 0.0625, Gamma: 2e-05",724,6,252,28,74.45544554455445,20,40,
"Nu: 0.0625, Gamma: 3e-05",730,11,246,23,74.55445544554455,20,40,
"Nu: 0.0625, Gamma: 4e-05",732,11,244,23,74.75247524752476,20,40,
"Nu: 0.0625, Gamma: 5e-05",739,11,237,23,75.44554455445545,20,40,
"Nu: 0.0625, Gamma: 6e-05",742,12,234,22,75.64356435643565,20,40,
"Nu: 0.0625, Gamma: 7e-05",747,12,229,22,76.13861386138613,20,40,
"Nu: 0.0625, Gamma: 8e-05",749,12,227,22,76.33663366336634,20,40,
"Nu: 0.0625, Gamma: 9e-05",752,15,224,19,76.33663366336634,20,40,
"Nu: 0.0625, Gamma: 0.0001",754,12,222,22,76.83168316831683,20,40,
"Nu: 0.0625, Gamma: 0.0002",769,13,207,21,78.21782178217822,20,40,
"Nu: 0.0625, Gamma: 0.0003",789,16,187,18,79.9009900990099,20,40,
"Nu: 0.0625, Gamma: 0.0004",814,18,162,16,82.17821782178217,20,40,
"Nu: 0.0625, Gamma: 0.005",923,24,53,10,92.37623762376238,20,40,
"Nu: 0.0625, Gamma: 0.05",964,30,12,4,95.84158415841584,20,40,
"Nu: 0.0625, Gamma: 0.0625",967,30,9,4,96.13861386138613,20,40,
"Nu: 0.0625, Gamma: 0.1",968,31,8,3,96.13861386138613,20,40,
"Nu: 0.0625, Gamma: 0.2",975,34,1,0,96.53465346534654,20,40,
"Nu: 0.0625, Gamma: 0.5",976,34,0,0,96.63366336633663,20,40,
"Nu: 0.0625, Gamma: 0.7",976,34,0,0,96.63366336633663,20,40,
"Nu: 0.0625, Gamma: 0.9",976,31,0,3,96.93069306930693,20,40,
"Nu: 0.0625, Gamma: 0.99",976,34,0,0,96.63366336633663,20,40,
"Nu: 0.1, Gamma: 1e-05",710,6,266,28,73.06930693069307,20,40,
"Nu: 0.1, Gamma: 2e-05",724,3,252,31,74.75247524752476,20,40,
"Nu: 0.1, Gamma: 3e-05",730,11,246,23,74.55445544554455,20,40,
"Nu: 0.1, Gamma: 4e-05",734,14,242,20,74.65346534653466,20,40,
"Nu: 0.1, Gamma: 5e-05",739,14,237,20,75.14851485148515,20,40,
"Nu: 0.1, Gamma: 6e-05",742,15,234,19,75.34653465346534,20,40,
"Nu: 0.1, Gamma: 7e-05",747,12,229,22,76.13861386138613,20,40,
"Nu: 0.1, Gamma: 8e-05",749,12,227,22,76.33663366336634,20,40,
"Nu: 0.1, Gamma: 9e-05",752,12,224,22,76.63366336633663,20,40,
"Nu: 0.1, Gamma: 0.0001",754,12,222,22,76.83168316831683,20,40,
"Nu: 0.1, Gamma: 0.0002",769,16,207,18,77.92079207920793,20,40,
"Nu: 0.1, Gamma: 0.0003",789,13,187,21,80.19801980198021,20,40,
"Nu: 0.1, Gamma: 0.0004",814,18,162,16,82.17821782178217,20,40,
"Nu: 0.1, Gamma: 0.005",923,27,53,7,92.07920792079209,20,40,
"Nu: 0.1, Gamma: 0.05",964,30,12,4,95.84158415841584,20,40,
"Nu: 0.1, Gamma: 0.0625",967,30,9,4,96.13861386138613,20,40,
"Nu: 0.1, Gamma: 0.1",968,34,8,0,95.84158415841584,20,40,
"Nu: 0.1, Gamma: 0.2",975,31,1,3,96.83168316831683,20,40,
"Nu: 0.1, Gamma: 0.5",976,34,0,0,96.63366336633663,20,40,
"Nu: 0.1, Gamma: 0.7",976,34,0,0,96.63366336633663,20,40,
"Nu: 0.1, Gamma: 0.9",976,34,0,0,96.63366336633663,20,40,
"Nu: 0.1, Gamma: 0.99",976,34,0,0,96.63366336633663,20,40,
"Nu: 0.2, Gamma: 1e-05",710,4,266,30,73.26732673267327,20,40,
"Nu: 0.2, Gamma: 2e-05",725,6,251,28,74.55445544554455,20,40,
"Nu: 0.2, Gamma: 3e-05",730,12,246,22,74.45544554455445,20,40,
"Nu: 0.2, Gamma: 4e-05",732,12,244,22,74.65346534653466,20,40,
"Nu: 0.2, Gamma: 5e-05",739,12,237,22,75.34653465346534,20,40,
"Nu: 0.2, Gamma: 6e-05",742,15,234,19,75.34653465346534,20,40,
"Nu: 0.2, Gamma: 7e-05",747,12,229,22,76.13861386138613,20,40,
"Nu: 0.2, Gamma: 8e-05",749,12,227,22,76.33663366336634,20,40,
"Nu: 0.2, Gamma: 9e-05",752,15,224,19,76.33663366336634,20,40,
"Nu: 0.2, Gamma: 0.0001",754,15,222,19,76.53465346534654,20,40,
"Nu: 0.2, Gamma: 0.0002",768,13,208,21,78.11881188118812,20,40,
"Nu: 0.2, Gamma: 0.0003",789,13,187,21,80.19801980198021,20,40,
"Nu: 0.2, Gamma: 0.0004",814,15,162,19,82.47524752475248,20,40,
"Nu: 0.2, Gamma: 0.005",923,27,53,7,92.07920792079209,20,40,
"Nu: 0.2, Gamma: 0.05",964,30,12,4,95.84158415841584,20,40,
"Nu: 0.2, Gamma: 0.0625",967,33,9,1,95.84158415841584,20,40,
"Nu: 0.2, Gamma: 0.1",969,34,7,0,95.94059405940594,20,40,
"Nu: 0.2, Gamma: 0.2",975,31,1,3,96.83168316831683,20,40,
"Nu: 0.2, Gamma: 0.5",976,34,0,0,96.63366336633663,20,40,
"Nu: 0.2, Gamma: 0.7",976,31,0,3,96.93069306930693,20,40,
"Nu: 0.2, Gamma: 0.9",976,34,0,0,96.63366336633663,20,40,
"Nu: 0.2, Gamma: 0.99",976,31,0,3,96.93069306930693,20,40,
"Nu: 0.5, Gamma: 1e-05",744,18,232,16,75.24752475247524,20,40,
"Nu: 0.5, Gamma: 2e-05",759,16,217,18,76.93069306930693,20,40,
"Nu: 0.5, Gamma: 3e-05",768,19,208,15,77.52475247524752,20,40,
"Nu: 0.5, Gamma: 4e-05",768,16,208,18,77.82178217821783,20,40,
"Nu: 0.5, Gamma: 5e-05",776,16,200,18,78.61386138613862,20,40,
"Nu: 0.5, Gamma: 6e-05",776,16,200,18,78.61386138613862,20,40,
"Nu: 0.5, Gamma: 7e-05",778,19,198,15,78.51485148514851,20,40,
"Nu: 0.5, Gamma: 8e-05",781,19,195,15,78.81188118811882,20,40,
"Nu: 0.5, Gamma: 9e-05",781,19,195,15,78.81188118811882,20,40,
"Nu: 0.5, Gamma: 0.0001",787,16,189,18,79.70297029702971,20,40,
"Nu: 0.5, Gamma: 0.0002",799,17,177,17,80.79207920792079,20,40,
"Nu: 0.5, Gamma: 0.0003",809,20,167,14,81.48514851485147,20,40,
"Nu: 0.5, Gamma: 0.0004",830,21,146,13,83.46534653465346,20,40,
"Nu: 0.5, Gamma: 0.005",923,24,53,10,92.37623762376238,20,40,
"Nu: 0.5, Gamma: 0.05",964,30,12,4,95.84158415841584,20,40,
"Nu: 0.5, Gamma: 0.0625",967,30,9,4,96.13861386138613,20,40,
"Nu: 0.5, Gamma: 0.1",969,34,7,0,95.94059405940594,20,40,
"Nu: 0.5, Gamma: 0.2",975,34,1,0,96.53465346534654,20,40,
"Nu: 0.5, Gamma: 0.5",976,31,0,3,96.93069306930693,20,40,
"Nu: 0.5, Gamma: 0.7",976,34,0,0,96.63366336633663,20,40,
"Nu: 0.5, Gamma: 0.9",976,31,0,3,96.93069306930693,20,40,
"Nu: 0.5, Gamma: 0.99",976,31,0,3,96.93069306930693,20,40,
"Nu: 0.7, Gamma: 1e-05",847,25,129,9,84.75247524752476,20,40,
"Nu: 0.7, Gamma: 2e-05",848,25,128,9,84.85148514851485,20,40,
"Nu: 0.7, Gamma: 3e-05",844,25,132,9,84.45544554455445,20,40,
"Nu: 0.7, Gamma: 4e-05",851,23,125,11,85.34653465346534,20,40,
"Nu: 0.7, Gamma: 5e-05",861,24,115,10,86.23762376237623,20,40,
"Nu: 0.7, Gamma: 6e-05",863,24,113,10,86.43564356435644,20,40,
"Nu: 0.7, Gamma: 7e-05",857,24,119,10,85.84158415841584,20,40,
"Nu: 0.7, Gamma: 8e-05",857,24,119,10,85.84158415841584,20,40,
"Nu: 0.7, Gamma: 9e-05",855,24,121,10,85.64356435643565,20,40,
"Nu: 0.7, Gamma: 0.0001",857,24,119,10,85.84158415841584,20,40,
"Nu: 0.7, Gamma: 0.0002",866,24,110,10,86.73267326732673,20,40,
"Nu: 0.7, Gamma: 0.0003",873,21,103,13,87.72277227722772,20,40,
"Nu: 0.7, Gamma: 0.0004",882,21,94,13,88.61386138613861,20,40,
"Nu: 0.7, Gamma: 0.005",940,26,36,8,93.86138613861385,20,40,
"Nu: 0.7, Gamma: 0.05",964,33,12,1,95.54455445544554,20,40,
"Nu: 0.7, Gamma: 0.0625",967,33,9,1,95.84158415841584,20,40,
"Nu: 0.7, Gamma: 0.1",969,31,7,3,96.23762376237623,20,40,
"Nu: 0.7, Gamma: 0.2",975,34,1,0,96.53465346534654,20,40,
"Nu: 0.7, Gamma: 0.5",976,34,0,0,96.63366336633663,20,40,
"Nu: 0.7, Gamma: 0.7",976,34,0,0,96.63366336633663,20,40,
"Nu: 0.7, Gamma: 0.9",976,31,0,3,96.93069306930693,20,40,
"Nu: 0.7, Gamma: 0.99",976,31,0,3,96.93069306930693,20,40,
"Nu: 0.9, Gamma: 1e-05",909,31,67,3,90.2970297029703,20,40,
"Nu: 0.9, Gamma: 2e-05",914,31,62,3,90.79207920792079,20,40,
"Nu: 0.9, Gamma: 3e-05",920,31,56,3,91.38613861386139,20,40,
"Nu: 0.9, Gamma: 4e-05",922,31,54,3,91.58415841584159,20,40,
"Nu: 0.9, Gamma: 5e-05",923,31,53,3,91.68316831683168,20,40,
"Nu: 0.9, Gamma: 6e-05",923,31,53,3,91.68316831683168,20,40,
"Nu: 0.9, Gamma: 7e-05",925,31,51,3,91.88118811881189,20,40,
"Nu: 0.9, Gamma: 8e-05",925,31,51,3,91.88118811881189,20,40,
"Nu: 0.9, Gamma: 9e-05",925,31,51,3,91.88118811881189,20,40,
"Nu: 0.9, Gamma: 0.0001",926,31,50,3,91.98019801980199,20,40,
"Nu: 0.9, Gamma: 0.0002",935,32,41,2,92.77227722772278,20,40,
"Nu: 0.9, Gamma: 0.0003",935,32,41,2,92.77227722772278,20,40,
"Nu: 0.9, Gamma: 0.0004",949,32,27,2,94.15841584158416,20,40,
"Nu: 0.9, Gamma: 0.005",954,29,22,5,94.95049504950495,20,40,
"Nu: 0.9, Gamma: 0.05",968,34,8,0,95.84158415841584,20,40,
"Nu: 0.9, Gamma: 0.0625",969,31,7,3,96.23762376237623,20,40,
"Nu: 0.9, Gamma: 0.1",973,31,3,3,96.63366336633663,20,40,
"Nu: 0.9, Gamma: 0.2",976,31,0,3,96.93069306930693,20,40,
"Nu: 0.9, Gamma: 0.5",976,34,0,0,96.63366336633663,20,40,
"Nu: 0.9, Gamma: 0.7",976,31,0,3,96.93069306930693,20,40,
"Nu: 0.9, Gamma: 0.9",976,34,0,0,96.63366336633663,20,40,
"Nu: 0.9, Gamma: 0.99",976,34,0,0,96.63366336633663,20,40,
"Nu: 0.99, Gamma: 1e-05",975,33,1,1,96.63366336633663,20,40,
"Nu: 0.99, Gamma: 2e-05",967,33,9,1,95.84158415841584,20,40,
"Nu: 0.99, Gamma: 3e-05",955,33,21,1,94.65346534653465,20,40,
"Nu: 0.99, Gamma: 4e-05",949,33,27,1,94.05940594059405,20,40,
"Nu: 0.99, Gamma: 5e-05",947,33,29,1,93.86138613861385,20,40,
"Nu: 0.99, Gamma: 6e-05",949,33,27,1,94.05940594059405,20,40,
"Nu: 0.99, Gamma: 7e-05",950,33,26,1,94.15841584158416,20,40,
"Nu: 0.99, Gamma: 8e-05",950,33,26,1,94.15841584158416,20,40,
"Nu: 0.99, Gamma: 9e-05",949,33,27,1,94.05940594059405,20,40,
"Nu: 0.99, Gamma: 0.0001",947,33,29,1,93.86138613861385,20,40,
"Nu: 0.99, Gamma: 0.0002",960,34,16,0,95.04950495049505,20,40,
"Nu: 0.99, Gamma: 0.0003",970,34,6,0,96.03960396039604,20,40,
"Nu: 0.99, Gamma: 0.0004",972,34,4,0,96.23762376237623,20,40,
"Nu: 0.99, Gamma: 0.005",975,34,1,0,96.53465346534654,20,40,
"Nu: 0.99, Gamma: 0.05",976,31,0,3,96.93069306930693,20,40,
"Nu: 0.99, Gamma: 0.0625",976,34,0,0,96.63366336633663,20,40,
"Nu: 0.99, Gamma: 0.1",976,34,0,0,96.63366336633663,20,40,
"Nu: 0.99, Gamma: 0.2",976,31,0,3,96.93069306930693,20,40,
"Nu: 0.99, Gamma: 0.5",976,34,0,0,96.63366336633663,20,40,
"Nu: 0.99, Gamma: 0.7",976,34,0,0,96.63366336633663,20,40,
"Nu: 0.99, Gamma: 0.9",976,34,0,0,96.63366336633663,20,40,
"Nu: 0.99, Gamma: 0.99",976,34,0,0,96.63366336633663,20,40,
,,,,,,,,
Target Class: bodytrack,TP,FP,FN,TN,ACC (%),Noise Percantages,Upsampling,
"Nu: 5e-05, Gamma: 1e-05",688,63,0,0,91.61118508655126,20,40,
"Nu: 5e-05, Gamma: 2e-05",688,63,0,0,91.61118508655126,20,40,
"Nu: 5e-05, Gamma: 3e-05",688,63,0,0,91.61118508655126,20,40,
"Nu: 5e-05, Gamma: 4e-05",688,63,0,0,91.61118508655126,20,40,
"Nu: 5e-05, Gamma: 5e-05",688,63,0,0,91.61118508655126,20,40,
"Nu: 5e-05, Gamma: 6e-05",688,63,0,0,91.61118508655126,20,40,
"Nu: 5e-05, Gamma: 7e-05",688,63,0,0,91.61118508655126,20,40,
"Nu: 5e-05, Gamma: 8e-05",688,63,0,0,91.61118508655126,20,40,
"Nu: 5e-05, Gamma: 9e-05",688,63,0,0,91.61118508655126,20,40,
"Nu: 5e-05, Gamma: 0.0001",688,63,0,0,91.61118508655126,20,40,
"Nu: 5e-05, Gamma: 0.0002",688,63,0,0,91.61118508655126,20,40,
"Nu: 5e-05, Gamma: 0.0003",688,63,0,0,91.61118508655126,20,40,
"Nu: 5e-05, Gamma: 0.0004",688,63,0,0,91.61118508655126,20,40,
"Nu: 5e-05, Gamma: 0.005",688,63,0,0,91.61118508655126,20,40,
"Nu: 5e-05, Gamma: 0.05",688,63,0,0,91.61118508655126,20,40,
"Nu: 5e-05, Gamma: 0.0625",688,63,0,0,91.61118508655126,20,40,
"Nu: 5e-05, Gamma: 0.1",688,63,0,0,91.61118508655126,20,40,
"Nu: 5e-05, Gamma: 0.2",688,63,0,0,91.61118508655126,20,40,
"Nu: 5e-05, Gamma: 0.5",688,63,0,0,91.61118508655126,20,40,
"Nu: 5e-05, Gamma: 0.7",688,63,0,0,91.61118508655126,20,40,
"Nu: 5e-05, Gamma: 0.9",688,63,0,0,91.61118508655126,20,40,
"Nu: 5e-05, Gamma: 0.99",688,63,0,0,91.61118508655126,20,40,
"Nu: 6e-05, Gamma: 1e-05",688,62,0,1,91.74434087882824,20,40,
"Nu: 6e-05, Gamma: 2e-05",688,63,0,0,91.61118508655126,20,40,
"Nu: 6e-05, Gamma: 3e-05",688,63,0,0,91.61118508655126,20,40,
"Nu: 6e-05, Gamma: 4e-05",688,63,0,0,91.61118508655126,20,40,
"Nu: 6e-05, Gamma: 5e-05",688,63,0,0,91.61118508655126,20,40,
"Nu: 6e-05, Gamma: 6e-05",688,63,0,0,91.61118508655126,20,40,
"Nu: 6e-05, Gamma: 7e-05",688,63,0,0,91.61118508655126,20,40,
"Nu: 6e-05, Gamma: 8e-05",688,63,0,0,91.61118508655126,20,40,
"Nu: 6e-05, Gamma: 9e-05",688,63,0,0,91.61118508655126,20,40,
"Nu: 6e-05, Gamma: 0.0001",688,63,0,0,91.61118508655126,20,40,
"Nu: 6e-05, Gamma: 0.0002",688,63,0,0,91.61118508655126,20,40,
"Nu: 6e-05, Gamma: 0.0003",688,63,0,0,91.61118508655126,20,40,
"Nu: 6e-05, Gamma: 0.0004",688,63,0,0,91.61118508655126,20,40,
"Nu: 6e-05, Gamma: 0.005",688,63,0,0,91.61118508655126,20,40,
"Nu: 6e-05, Gamma: 0.05",688,63,0,0,91.61118508655126,20,40,
"Nu: 6e-05, Gamma: 0.0625",688,63,0,0,91.61118508655126,20,40,
"Nu: 6e-05, Gamma: 0.1",688,63,0,0,91.61118508655126,20,40,
"Nu: 6e-05, Gamma: 0.2",688,63,0,0,91.61118508655126,20,40,
"Nu: 6e-05, Gamma: 0.5",688,63,0,0,91.61118508655126,20,40,
"Nu: 6e-05, Gamma: 0.7",688,63,0,0,91.61118508655126,20,40,
"Nu: 6e-05, Gamma: 0.9",688,63,0,0,91.61118508655126,20,40,
"Nu: 6e-05, Gamma: 0.99",688,63,0,0,91.61118508655126,20,40,
"Nu: 7e-05, Gamma: 1e-05",688,62,0,1,91.74434087882824,20,40,
"Nu: 7e-05, Gamma: 2e-05",688,63,0,0,91.61118508655126,20,40,
"Nu: 7e-05, Gamma: 3e-05",688,63,0,0,91.61118508655126,20,40,
"Nu: 7e-05, Gamma: 4e-05",688,63,0,0,91.61118508655126,20,40,
"Nu: 7e-05, Gamma: 5e-05",688,63,0,0,91.61118508655126,20,40,
"Nu: 7e-05, Gamma: 6e-05",688,63,0,0,91.61118508655126,20,40,
"Nu: 7e-05, Gamma: 7e-05",688,63,0,0,91.61118508655126,20,40,
"Nu: 7e-05, Gamma: 8e-05",688,63,0,0,91.61118508655126,20,40,
"Nu: 7e-05, Gamma: 9e-05",688,63,0,0,91.61118508655126,20,40,
"Nu: 7e-05, Gamma: 0.0001",688,63,0,0,91.61118508655126,20,40,
"Nu: 7e-05, Gamma: 0.0002",688,63,0,0,91.61118508655126,20,40,
"Nu: 7e-05, Gamma: 0.0003",688,63,0,0,91.61118508655126,20,40,
"Nu: 7e-05, Gamma: 0.0004",688,63,0,0,91.61118508655126,20,40,
"Nu: 7e-05, Gamma: 0.005",688,63,0,0,91.61118508655126,20,40,
"Nu: 7e-05, Gamma: 0.05",688,63,0,0,91.61118508655126,20,40,
"Nu: 7e-05, Gamma: 0.0625",688,63,0,0,91.61118508655126,20,40,
"Nu: 7e-05, Gamma: 0.1",688,63,0,0,91.61118508655126,20,40,
"Nu: 7e-05, Gamma: 0.2",688,63,0,0,91.61118508655126,20,40,
"Nu: 7e-05, Gamma: 0.5",688,63,0,0,91.61118508655126,20,40,
"Nu: 7e-05, Gamma: 0.7",688,63,0,0,91.61118508655126,20,40,
"Nu: 7e-05, Gamma: 0.9",688,63,0,0,91.61118508655126,20,40,
"Nu: 7e-05, Gamma: 0.99",688,63,0,0,91.61118508655126,20,40,
"Nu: 8e-05, Gamma: 1e-05",688,62,0,1,91.74434087882824,20,40,
"Nu: 8e-05, Gamma: 2e-05",688,63,0,0,91.61118508655126,20,40,
"Nu: 8e-05, Gamma: 3e-05",688,63,0,0,91.61118508655126,20,40,
"Nu: 8e-05, Gamma: 4e-05",688,63,0,0,91.61118508655126,20,40,
"Nu: 8e-05, Gamma: 5e-05",688,63,0,0,91.61118508655126,20,40,
"Nu: 8e-05, Gamma: 6e-05",688,63,0,0,91.61118508655126,20,40,
"Nu: 8e-05, Gamma: 7e-05",688,63,0,0,91.61118508655126,20,40,
"Nu: 8e-05, Gamma: 8e-05",688,63,0,0,91.61118508655126,20,40,
"Nu: 8e-05, Gamma: 9e-05",688,63,0,0,91.61118508655126,20,40,
"Nu: 8e-05, Gamma: 0.0001",688,63,0,0,91.61118508655126,20,40,
"Nu: 8e-05, Gamma: 0.0002",688,63,0,0,91.61118508655126,20,40,
"Nu: 8e-05, Gamma: 0.0003",688,63,0,0,91.61118508655126,20,40,
"Nu: 8e-05, Gamma: 0.0004",688,63,0,0,91.61118508655126,20,40,
"Nu: 8e-05, Gamma: 0.005",688,63,0,0,91.61118508655126,20,40,
"Nu: 8e-05, Gamma: 0.05",688,63,0,0,91.61118508655126,20,40,
"Nu: 8e-05, Gamma: 0.0625",688,63,0,0,91.61118508655126,20,40,
"Nu: 8e-05, Gamma: 0.1",688,63,0,0,91.61118508655126,20,40,
"Nu: 8e-05, Gamma: 0.2",688,63,0,0,91.61118508655126,20,40,
"Nu: 8e-05, Gamma: 0.5",688,63,0,0,91.61118508655126,20,40,
"Nu: 8e-05, Gamma: 0.7",688,63,0,0,91.61118508655126,20,40,
"Nu: 8e-05, Gamma: 0.9",688,63,0,0,91.61118508655126,20,40,
"Nu: 8e-05, Gamma: 0.99",688,63,0,0,91.61118508655126,20,40,
"Nu: 9e-05, Gamma: 1e-05",688,62,0,1,91.74434087882824,20,40,
"Nu: 9e-05, Gamma: 2e-05",688,63,0,0,91.61118508655126,20,40,
"Nu: 9e-05, Gamma: 3e-05",688,63,0,0,91.61118508655126,20,40,
"Nu: 9e-05, Gamma: 4e-05",688,63,0,0,91.61118508655126,20,40,
"Nu: 9e-05, Gamma: 5e-05",688,63,0,0,91.61118508655126,20,40,
"Nu: 9e-05, Gamma: 6e-05",688,63,0,0,91.61118508655126,20,40,
"Nu: 9e-05, Gamma: 7e-05",688,63,0,0,91.61118508655126,20,40,
"Nu: 9e-05, Gamma: 8e-05",688,63,0,0,91.61118508655126,20,40,
"Nu: 9e-05, Gamma: 9e-05",688,63,0,0,91.61118508655126,20,40,
"Nu: 9e-05, Gamma: 0.0001",688,63,0,0,91.61118508655126,20,40,
"Nu: 9e-05, Gamma: 0.0002",688,63,0,0,91.61118508655126,20,40,
"Nu: 9e-05, Gamma: 0.0003",688,63,0,0,91.61118508655126,20,40,
"Nu: 9e-05, Gamma: 0.0004",688,63,0,0,91.61118508655126,20,40,
"Nu: 9e-05, Gamma: 0.005",688,63,0,0,91.61118508655126,20,40,
"Nu: 9e-05, Gamma: 0.05",688,63,0,0,91.61118508655126,20,40,
"Nu: 9e-05, Gamma: 0.0625",688,63,0,0,91.61118508655126,20,40,
"Nu: 9e-05, Gamma: 0.1",688,63,0,0,91.61118508655126,20,40,
"Nu: 9e-05, Gamma: 0.2",688,63,0,0,91.61118508655126,20,40,
"Nu: 9e-05, Gamma: 0.5",688,63,0,0,91.61118508655126,20,40,
"Nu: 9e-05, Gamma: 0.7",688,63,0,0,91.61118508655126,20,40,
"Nu: 9e-05, Gamma: 0.9",688,63,0,0,91.61118508655126,20,40,
"Nu: 9e-05, Gamma: 0.99",688,63,0,0,91.61118508655126,20,40,
"Nu: 0.0001, Gamma: 1e-05",688,62,0,1,91.74434087882824,20,40,
"Nu: 0.0001, Gamma: 2e-05",688,63,0,0,91.61118508655126,20,40,
"Nu: 0.0001, Gamma: 3e-05",688,63,0,0,91.61118508655126,20,40,
"Nu: 0.0001, Gamma: 4e-05",688,63,0,0,91.61118508655126,20,40,
"Nu: 0.0001, Gamma: 5e-05",688,63,0,0,91.61118508655126,20,40,
"Nu: 0.0001, Gamma: 6e-05",688,63,0,0,91.61118508655126,20,40,
"Nu: 0.0001, Gamma: 7e-05",688,63,0,0,91.61118508655126,20,40,
"Nu: 0.0001, Gamma: 8e-05",688,63,0,0,91.61118508655126,20,40,
"Nu: 0.0001, Gamma: 9e-05",688,63,0,0,91.61118508655126,20,40,
"Nu: 0.0001, Gamma: 0.0001",688,63,0,0,91.61118508655126,20,40,
"Nu: 0.0001, Gamma: 0.0002",688,63,0,0,91.61118508655126,20,40,
"Nu: 0.0001, Gamma: 0.0003",688,63,0,0,91.61118508655126,20,40,
"Nu: 0.0001, Gamma: 0.0004",688,63,0,0,91.61118508655126,20,40,
"Nu: 0.0001, Gamma: 0.005",688,63,0,0,91.61118508655126,20,40,
"Nu: 0.0001, Gamma: 0.05",688,63,0,0,91.61118508655126,20,40,
"Nu: 0.0001, Gamma: 0.0625",688,63,0,0,91.61118508655126,20,40,
"Nu: 0.0001, Gamma: 0.1",688,63,0,0,91.61118508655126,20,40,
"Nu: 0.0001, Gamma: 0.2",688,63,0,0,91.61118508655126,20,40,
"Nu: 0.0001, Gamma: 0.5",688,63,0,0,91.61118508655126,20,40,
"Nu: 0.0001, Gamma: 0.7",688,63,0,0,91.61118508655126,20,40,
"Nu: 0.0001, Gamma: 0.9",688,63,0,0,91.61118508655126,20,40,
"Nu: 0.0001, Gamma: 0.99",688,63,0,0,91.61118508655126,20,40,
"Nu: 0.0002, Gamma: 1e-05",688,55,0,8,92.67643142476697,20,40,
"Nu: 0.0002, Gamma: 2e-05",688,63,0,0,91.61118508655126,20,40,
"Nu: 0.0002, Gamma: 3e-05",688,63,0,0,91.61118508655126,20,40,
"Nu: 0.0002, Gamma: 4e-05",688,63,0,0,91.61118508655126,20,40,
"Nu: 0.0002, Gamma: 5e-05",688,63,0,0,91.61118508655126,20,40,
"Nu: 0.0002, Gamma: 6e-05",688,63,0,0,91.61118508655126,20,40,
"Nu: 0.0002, Gamma: 7e-05",688,63,0,0,91.61118508655126,20,40,
"Nu: 0.0002, Gamma: 8e-05",688,63,0,0,91.61118508655126,20,40,
"Nu: 0.0002, Gamma: 9e-05",688,63,0,0,91.61118508655126,20,40,
"Nu: 0.0002, Gamma: 0.0001",688,63,0,0,91.61118508655126,20,40,
"Nu: 0.0002, Gamma: 0.0002",688,63,0,0,91.61118508655126,20,40,
"Nu: 0.0002, Gamma: 0.0003",688,63,0,0,91.61118508655126,20,40,
"Nu: 0.0002, Gamma: 0.0004",688,63,0,0,91.61118508655126,20,40,
"Nu: 0.0002, Gamma: 0.005",688,63,0,0,91.61118508655126,20,40,
"Nu: 0.0002, Gamma: 0.05",688,63,0,0,91.61118508655126,20,40,
"Nu: 0.0002, Gamma: 0.0625",688,63,0,0,91.61118508655126,20,40,
"Nu: 0.0002, Gamma: 0.1",688,63,0,0,91.61118508655126,20,40,
"Nu: 0.0002, Gamma: 0.2",688,63,0,0,91.61118508655126,20,40,
"Nu: 0.0002, Gamma: 0.5",688,63,0,0,91.61118508655126,20,40,
"Nu: 0.0002, Gamma: 0.7",688,63,0,0,91.61118508655126,20,40,
"Nu: 0.0002, Gamma: 0.9",688,63,0,0,91.61118508655126,20,40,
"Nu: 0.0002, Gamma: 0.99",688,63,0,0,91.61118508655126,20,40,
"Nu: 0.0003, Gamma: 1e-05",688,53,0,10,92.9427430093209,20,40,
"Nu: 0.0003, Gamma: 2e-05",688,61,0,2,91.87749667110519,20,40,
"Nu: 0.0003, Gamma: 3e-05",688,63,0,0,91.61118508655126,20,40,
"Nu: 0.0003, Gamma: 4e-05",688,61,0,2,91.87749667110519,20,40,
"Nu: 0.0003, Gamma: 5e-05",688,63,0,0,91.61118508655126,20,40,
"Nu: 0.0003, Gamma: 6e-05",688,63,0,0,91.61118508655126,20,40,
"Nu: 0.0003, Gamma: 7e-05",688,63,0,0,91.61118508655126,20,40,
"Nu: 0.0003, Gamma: 8e-05",688,63,0,0,91.61118508655126,20,40,
"Nu: 0.0003, Gamma: 9e-05",688,63,0,0,91.61118508655126,20,40,
"Nu: 0.0003, Gamma: 0.0001",688,63,0,0,91.61118508655126,20,40,
"Nu: 0.0003, Gamma: 0.0002",688,63,0,0,91.61118508655126,20,40,
"Nu: 0.0003, Gamma: 0.0003",688,63,0,0,91.61118508655126,20,40,
"Nu: 0.0003, Gamma: 0.0004",688,63,0,0,91.61118508655126,20,40,
"Nu: 0.0003, Gamma: 0.005",688,63,0,0,91.61118508655126,20,40,
"Nu: 0.0003, Gamma: 0.05",688,63,0,0,91.61118508655126,20,40,
"Nu: 0.0003, Gamma: 0.0625",688,63,0,0,91.61118508655126,20,40,
"Nu: 0.0003, Gamma: 0.1",688,63,0,0,91.61118508655126,20,40,
"Nu: 0.0003, Gamma: 0.2",688,63,0,0,91.61118508655126,20,40,
"Nu: 0.0003, Gamma: 0.5",688,63,0,0,91.61118508655126,20,40,
"Nu: 0.0003, Gamma: 0.7",688,63,0,0,91.61118508655126,20,40,
"Nu: 0.0003, Gamma: 0.9",688,63,0,0,91.61118508655126,20,40,
"Nu: 0.0003, Gamma: 0.99",688,63,0,0,91.61118508655126,20,40,
"Nu: 0.0004, Gamma: 1e-05",688,51,0,12,93.20905459387482,20,40,
"Nu: 0.0004, Gamma: 2e-05",688,60,0,3,92.01065246338216,20,40,
"Nu: 0.0004, Gamma: 3e-05",688,58,0,5,92.27696404793608,20,40,
"Nu: 0.0004, Gamma: 4e-05",688,61,0,2,91.87749667110519,20,40,
"Nu: 0.0004, Gamma: 5e-05",688,63,0,0,91.61118508655126,20,40,
"Nu: 0.0004, Gamma: 6e-05",688,63,0,0,91.61118508655126,20,40,
"Nu: 0.0004, Gamma: 7e-05",688,63,0,0,91.61118508655126,20,40,
"Nu: 0.0004, Gamma: 8e-05",688,63,0,0,91.61118508655126,20,40,
"Nu: 0.0004, Gamma: 9e-05",688,63,0,0,91.61118508655126,20,40,
"Nu: 0.0004, Gamma: 0.0001",688,63,0,0,91.61118508655126,20,40,
"Nu: 0.0004, Gamma: 0.0002",688,63,0,0,91.61118508655126,20,40,
"Nu: 0.0004, Gamma: 0.0003",688,63,0,0,91.61118508655126,20,40,
"Nu: 0.0004, Gamma: 0.0004",688,63,0,0,91.61118508655126,20,40,
"Nu: 0.0004, Gamma: 0.005",688,63,0,0,91.61118508655126,20,40,
"Nu: 0.0004, Gamma: 0.05",688,63,0,0,91.61118508655126,20,40,
"Nu: 0.0004, Gamma: 0.0625",688,63,0,0,91.61118508655126,20,40,
"Nu: 0.0004, Gamma: 0.1",688,63,0,0,91.61118508655126,20,40,
"Nu: 0.0004, Gamma: 0.2",688,63,0,0,91.61118508655126,20,40,
"Nu: 0.0004, Gamma: 0.5",688,63,0,0,91.61118508655126,20,40,
"Nu: 0.0004, Gamma: 0.7",688,63,0,0,91.61118508655126,20,40,
"Nu: 0.0004, Gamma: 0.9",688,63,0,0,91.61118508655126,20,40,
"Nu: 0.0004, Gamma: 0.99",688,63,0,0,91.61118508655126,20,40,
"Nu: 0.005, Gamma: 1e-05",688,32,0,31,95.73901464713715,20,40,
"Nu: 0.005, Gamma: 2e-05",688,41,0,22,94.54061251664447,20,40,
"Nu: 0.005, Gamma: 3e-05",688,44,0,19,94.14114513981359,20,40,
"Nu: 0.005, Gamma: 4e-05",688,46,0,17,93.87483355525966,20,40,
"Nu: 0.005, Gamma: 5e-05",688,48,0,15,93.60852197070572,20,40,
"Nu: 0.005, Gamma: 6e-05",688,49,0,14,93.47536617842877,20,40,
"Nu: 0.005, Gamma: 7e-05",688,47,0,16,93.74167776298269,20,40,
"Nu: 0.005, Gamma: 8e-05",688,47,0,16,93.74167776298269,20,40,
"Nu: 0.005, Gamma: 9e-05",688,48,0,15,93.60852197070572,20,40,
"Nu: 0.005, Gamma: 0.0001",688,51,0,12,93.20905459387482,20,40,
"Nu: 0.005, Gamma: 0.0002",688,50,0,13,93.3422103861518,20,40,
"Nu: 0.005, Gamma: 0.0003",688,55,0,8,92.67643142476697,20,40,
"Nu: 0.005, Gamma: 0.0004",688,56,0,7,92.54327563249002,20,40,
"Nu: 0.005, Gamma: 0.005",688,63,0,0,91.61118508655126,20,40,
"Nu: 0.005, Gamma: 0.05",688,63,0,0,91.61118508655126,20,40,
"Nu: 0.005, Gamma: 0.0625",688,63,0,0,91.61118508655126,20,40,
"Nu: 0.005, Gamma: 0.1",688,63,0,0,91.61118508655126,20,40,
"Nu: 0.005, Gamma: 0.2",688,63,0,0,91.61118508655126,20,40,
"Nu: 0.005, Gamma: 0.5",688,63,0,0,91.61118508655126,20,40,
"Nu: 0.005, Gamma: 0.7",688,63,0,0,91.61118508655126,20,40,
"Nu: 0.005, Gamma: 0.9",688,63,0,0,91.61118508655126,20,40,
"Nu: 0.005, Gamma: 0.99",688,63,0,0,91.61118508655126,20,40,
"Nu: 0.05, Gamma: 1e-05",688,32,0,31,95.73901464713715,20,40,
"Nu: 0.05, Gamma: 2e-05",688,38,0,25,94.94007989347537,20,40,
"Nu: 0.05, Gamma: 3e-05",688,42,0,21,94.4074567243675,20,40,
"Nu: 0.05, Gamma: 4e-05",688,44,0,19,94.14114513981359,20,40,
"Nu: 0.05, Gamma: 5e-05",688,45,0,18,94.00798934753661,20,40,
"Nu: 0.05, Gamma: 6e-05",688,46,0,17,93.87483355525966,20,40,
"Nu: 0.05, Gamma: 7e-05",688,46,0,17,93.87483355525966,20,40,
"Nu: 0.05, Gamma: 8e-05",688,48,0,15,93.60852197070572,20,40,
"Nu: 0.05, Gamma: 9e-05",688,51,0,12,93.20905459387482,20,40,
"Nu: 0.05, Gamma: 0.0001",688,50,0,13,93.3422103861518,20,40,
"Nu: 0.05, Gamma: 0.0002",688,51,0,12,93.20905459387482,20,40,
"Nu: 0.05, Gamma: 0.0003",688,54,0,9,92.80958721704394,20,40,
"Nu: 0.05, Gamma: 0.0004",688,54,0,9,92.80958721704394,20,40,
"Nu: 0.05, Gamma: 0.005",688,62,0,1,91.74434087882824,20,40,
"Nu: 0.05, Gamma: 0.05",688,63,0,0,91.61118508655126,20,40,
"Nu: 0.05, Gamma: 0.0625",688,63,0,0,91.61118508655126,20,40,
"Nu: 0.05, Gamma: 0.1",688,63,0,0,91.61118508655126,20,40,
"Nu: 0.05, Gamma: 0.2",688,63,0,0,91.61118508655126,20,40,
"Nu: 0.05, Gamma: 0.5",688,63,0,0,91.61118508655126,20,40,
"Nu: 0.05, Gamma: 0.7",688,63,0,0,91.61118508655126,20,40,
"Nu: 0.05, Gamma: 0.9",688,63,0,0,91.61118508655126,20,40,
"Nu: 0.05, Gamma: 0.99",688,63,0,0,91.61118508655126,20,40,
"Nu: 0.0625, Gamma: 1e-05",688,32,0,31,95.73901464713715,20,40,
"Nu: 0.0625, Gamma: 2e-05",688,38,0,25,94.94007989347537,20,40,
"Nu: 0.0625, Gamma: 3e-05",688,42,0,21,94.4074567243675,20,40,
"Nu: 0.0625, Gamma: 4e-05",688,45,0,18,94.00798934753661,20,40,
"Nu: 0.0625, Gamma: 5e-05",688,45,0,18,94.00798934753661,20,40,
"Nu: 0.0625, Gamma: 6e-05",688,46,0,17,93.87483355525966,20,40,
"Nu: 0.0625, Gamma: 7e-05",688,46,0,17,93.87483355525966,20,40,
"Nu: 0.0625, Gamma: 8e-05",688,47,0,16,93.74167776298269,20,40,
"Nu: 0.0625, Gamma: 9e-05",688,51,0,12,93.20905459387482,20,40,
"Nu: 0.0625, Gamma: 0.0001",688,50,0,13,93.3422103861518,20,40,
"Nu: 0.0625, Gamma: 0.0002",688,51,0,12,93.20905459387482,20,40,
"Nu: 0.0625, Gamma: 0.0003",688,54,0,9,92.80958721704394,20,40,
"Nu: 0.0625, Gamma: 0.0004",688,54,0,9,92.80958721704394,20,40,
"Nu: 0.0625, Gamma: 0.005",688,62,0,1,91.74434087882824,20,40,
"Nu: 0.0625, Gamma: 0.05",688,63,0,0,91.61118508655126,20,40,
"Nu: 0.0625, Gamma: 0.0625",688,63,0,0,91.61118508655126,20,40,
"Nu: 0.0625, Gamma: 0.1",688,63,0,0,91.61118508655126,20,40,
"Nu: 0.0625, Gamma: 0.2",688,63,0,0,91.61118508655126,20,40,
"Nu: 0.0625, Gamma: 0.5",688,63,0,0,91.61118508655126,20,40,
"Nu: 0.0625, Gamma: 0.7",688,63,0,0,91.61118508655126,20,40,
"Nu: 0.0625, Gamma: 0.9",688,63,0,0,91.61118508655126,20,40,
"Nu: 0.0625, Gamma: 0.99",688,63,0,0,91.61118508655126,20,40,
"Nu: 0.1, Gamma: 1e-05",688,32,0,31,95.73901464713715,20,40,
"Nu: 0.1, Gamma: 2e-05",688,38,0,25,94.94007989347537,20,40,
"Nu: 0.1, Gamma: 3e-05",688,42,0,21,94.4074567243675,20,40,
"Nu: 0.1, Gamma: 4e-05",688,44,0,19,94.14114513981359,20,40,
"Nu: 0.1, Gamma: 5e-05",688,45,0,18,94.00798934753661,20,40,
"Nu: 0.1, Gamma: 6e-05",688,46,0,17,93.87483355525966,20,40,
"Nu: 0.1, Gamma: 7e-05",688,46,0,17,93.87483355525966,20,40,
"Nu: 0.1, Gamma: 8e-05",688,47,0,16,93.74167776298269,20,40,
"Nu: 0.1, Gamma: 9e-05",688,50,0,13,93.3422103861518,20,40,
"Nu: 0.1, Gamma: 0.0001",688,51,0,12,93.20905459387482,20,40,
"Nu: 0.1, Gamma: 0.0002",688,51,0,12,93.20905459387482,20,40,
"Nu: 0.1, Gamma: 0.0003",688,54,0,9,92.80958721704394,20,40,
"Nu: 0.1, Gamma: 0.0004",688,54,0,9,92.80958721704394,20,40,
"Nu: 0.1, Gamma: 0.005",688,62,0,1,91.74434087882824,20,40,
"Nu: 0.1, Gamma: 0.05",688,63,0,0,91.61118508655126,20,40,
"Nu: 0.1, Gamma: 0.0625",688,63,0,0,91.61118508655126,20,40,
"Nu: 0.1, Gamma: 0.1",688,63,0,0,91.61118508655126,20,40,
"Nu: 0.1, Gamma: 0.2",688,63,0,0,91.61118508655126,20,40,
"Nu: 0.1, Gamma: 0.5",688,63,0,0,91.61118508655126,20,40,
"Nu: 0.1, Gamma: 0.7",688,63,0,0,91.61118508655126,20,40,
"Nu: 0.1, Gamma: 0.9",688,63,0,0,91.61118508655126,20,40,
"Nu: 0.1, Gamma: 0.99",688,63,0,0,91.61118508655126,20,40,
"Nu: 0.2, Gamma: 1e-05",688,32,0,31,95.73901464713715,20,40,
"Nu: 0.2, Gamma: 2e-05",688,38,0,25,94.94007989347537,20,40,
"Nu: 0.2, Gamma: 3e-05",688,43,0,20,94.27430093209055,20,40,
"Nu: 0.2, Gamma: 4e-05",688,44,0,19,94.14114513981359,20,40,
"Nu: 0.2, Gamma: 5e-05",688,45,0,18,94.00798934753661,20,40,
"Nu: 0.2, Gamma: 6e-05",688,46,0,17,93.87483355525966,20,40,
"Nu: 0.2, Gamma: 7e-05",688,46,0,17,93.87483355525966,20,40,
"Nu: 0.2, Gamma: 8e-05",688,48,0,15,93.60852197070572,20,40,
"Nu: 0.2, Gamma: 9e-05",688,51,0,12,93.20905459387482,20,40,
"Nu: 0.2, Gamma: 0.0001",688,51,0,12,93.20905459387482,20,40,
"Nu: 0.2, Gamma: 0.0002",688,51,0,12,93.20905459387482,20,40,
"Nu: 0.2, Gamma: 0.0003",688,54,0,9,92.80958721704394,20,40,
"Nu: 0.2, Gamma: 0.0004",688,54,0,9,92.80958721704394,20,40,
"Nu: 0.2, Gamma: 0.005",688,62,0,1,91.74434087882824,20,40,
"Nu: 0.2, Gamma: 0.05",688,63,0,0,91.61118508655126,20,40,
"Nu: 0.2, Gamma: 0.0625",688,63,0,0,91.61118508655126,20,40,
"Nu: 0.2, Gamma: 0.1",688,63,0,0,91.61118508655126,20,40,
"Nu: 0.2, Gamma: 0.2",688,63,0,0,91.61118508655126,20,40,
"Nu: 0.2, Gamma: 0.5",688,63,0,0,91.61118508655126,20,40,
"Nu: 0.2, Gamma: 0.7",688,63,0,0,91.61118508655126,20,40,
"Nu: 0.2, Gamma: 0.9",688,63,0,0,91.61118508655126,20,40,
"Nu: 0.2, Gamma: 0.99",688,63,0,0,91.61118508655126,20,40,
"Nu: 0.5, Gamma: 1e-05",688,40,0,23,94.67376830892144,20,40,
"Nu: 0.5, Gamma: 2e-05",688,40,0,23,94.67376830892144,20,40,
"Nu: 0.5, Gamma: 3e-05",688,42,0,21,94.4074567243675,20,40,
"Nu: 0.5, Gamma: 4e-05",688,44,0,19,94.14114513981359,20,40,
"Nu: 0.5, Gamma: 5e-05",688,45,0,18,94.00798934753661,20,40,
"Nu: 0.5, Gamma: 6e-05",688,46,0,17,93.87483355525966,20,40,
"Nu: 0.5, Gamma: 7e-05",688,46,0,17,93.87483355525966,20,40,
"Nu: 0.5, Gamma: 8e-05",688,47,0,16,93.74167776298269,20,40,
"Nu: 0.5, Gamma: 9e-05",688,50,0,13,93.3422103861518,20,40,
"Nu: 0.5, Gamma: 0.0001",688,51,0,12,93.20905459387482,20,40,
"Nu: 0.5, Gamma: 0.0002",688,51,0,12,93.20905459387482,20,40,
"Nu: 0.5, Gamma: 0.0003",688,54,0,9,92.80958721704394,20,40,
"Nu: 0.5, Gamma: 0.0004",688,54,0,9,92.80958721704394,20,40,
"Nu: 0.5, Gamma: 0.005",688,62,0,1,91.74434087882824,20,40,
"Nu: 0.5, Gamma: 0.05",688,63,0,0,91.61118508655126,20,40,
"Nu: 0.5, Gamma: 0.0625",688,63,0,0,91.61118508655126,20,40,
"Nu: 0.5, Gamma: 0.1",688,63,0,0,91.61118508655126,20,40,
"Nu: 0.5, Gamma: 0.2",688,63,0,0,91.61118508655126,20,40,
"Nu: 0.5, Gamma: 0.5",688,63,0,0,91.61118508655126,20,40,
"Nu: 0.5, Gamma: 0.7",688,63,0,0,91.61118508655126,20,40,
"Nu: 0.5, Gamma: 0.9",688,63,0,0,91.61118508655126,20,40,
"Nu: 0.5, Gamma: 0.99",688,63,0,0,91.61118508655126,20,40,
"Nu: 0.7, Gamma: 1e-05",688,47,0,16,93.74167776298269,20,40,
"Nu: 0.7, Gamma: 2e-05",688,48,0,15,93.60852197070572,20,40,
"Nu: 0.7, Gamma: 3e-05",688,49,0,14,93.47536617842877,20,40,
"Nu: 0.7, Gamma: 4e-05",688,49,0,14,93.47536617842877,20,40,
"Nu: 0.7, Gamma: 5e-05",688,49,0,14,93.47536617842877,20,40,
"Nu: 0.7, Gamma: 6e-05",688,49,0,14,93.47536617842877,20,40,
"Nu: 0.7, Gamma: 7e-05",688,49,0,14,93.47536617842877,20,40,
"Nu: 0.7, Gamma: 8e-05",688,49,0,14,93.47536617842877,20,40,
"Nu: 0.7, Gamma: 9e-05",688,51,0,12,93.20905459387482,20,40,
"Nu: 0.7, Gamma: 0.0001",688,51,0,12,93.20905459387482,20,40,
"Nu: 0.7, Gamma: 0.0002",688,53,0,10,92.9427430093209,20,40,
"Nu: 0.7, Gamma: 0.0003",688,54,0,9,92.80958721704394,20,40,
"Nu: 0.7, Gamma: 0.0004",688,54,0,9,92.80958721704394,20,40,
"Nu: 0.7, Gamma: 0.005",688,62,0,1,91.74434087882824,20,40,
"Nu: 0.7, Gamma: 0.05",688,63,0,0,91.61118508655126,20,40,
"Nu: 0.7, Gamma: 0.0625",688,63,0,0,91.61118508655126,20,40,
"Nu: 0.7, Gamma: 0.1",688,63,0,0,91.61118508655126,20,40,
"Nu: 0.7, Gamma: 0.2",688,63,0,0,91.61118508655126,20,40,
"Nu: 0.7, Gamma: 0.5",688,63,0,0,91.61118508655126,20,40,
"Nu: 0.7, Gamma: 0.7",688,63,0,0,91.61118508655126,20,40,
"Nu: 0.7, Gamma: 0.9",688,63,0,0,91.61118508655126,20,40,
"Nu: 0.7, Gamma: 0.99",688,63,0,0,91.61118508655126,20,40,
"Nu: 0.9, Gamma: 1e-05",688,58,0,5,92.27696404793608,20,40,
"Nu: 0.9, Gamma: 2e-05",688,60,0,3,92.01065246338216,20,40,
"Nu: 0.9, Gamma: 3e-05",688,60,0,3,92.01065246338216,20,40,
"Nu: 0.9, Gamma: 4e-05",688,60,0,3,92.01065246338216,20,40,
"Nu: 0.9, Gamma: 5e-05",688,60,0,3,92.01065246338216,20,40,
"Nu: 0.9, Gamma: 6e-05",688,60,0,3,92.01065246338216,20,40,
"Nu: 0.9, Gamma: 7e-05",688,60,0,3,92.01065246338216,20,40,
"Nu: 0.9, Gamma: 8e-05",688,60,0,3,92.01065246338216,20,40,
"Nu: 0.9, Gamma: 9e-05",688,60,0,3,92.01065246338216,20,40,
"Nu: 0.9, Gamma: 0.0001",688,61,0,2,91.87749667110519,20,40,
"Nu: 0.9, Gamma: 0.0002",688,60,0,3,92.01065246338216,20,40,
"Nu: 0.9, Gamma: 0.0003",688,60,0,3,92.01065246338216,20,40,
"Nu: 0.9, Gamma: 0.0004",688,60,0,3,92.01065246338216,20,40,
"Nu: 0.9, Gamma: 0.005",688,62,0,1,91.74434087882824,20,40,
"Nu: 0.9, Gamma: 0.05",688,63,0,0,91.61118508655126,20,40,
"Nu: 0.9, Gamma: 0.0625",688,63,0,0,91.61118508655126,20,40,
"Nu: 0.9, Gamma: 0.1",688,63,0,0,91.61118508655126,20,40,
"Nu: 0.9, Gamma: 0.2",688,63,0,0,91.61118508655126,20,40,
"Nu: 0.9, Gamma: 0.5",688,63,0,0,91.61118508655126,20,40,
"Nu: 0.9, Gamma: 0.7",688,63,0,0,91.61118508655126,20,40,
"Nu: 0.9, Gamma: 0.9",688,63,0,0,91.61118508655126,20,40,
"Nu: 0.9, Gamma: 0.99",688,63,0,0,91.61118508655126,20,40,
"Nu: 0.99, Gamma: 1e-05",688,63,0,0,91.61118508655126,20,40,
"Nu: 0.99, Gamma: 2e-05",688,63,0,0,91.61118508655126,20,40,
"Nu: 0.99, Gamma: 3e-05",688,63,0,0,91.61118508655126,20,40,
"Nu: 0.99, Gamma: 4e-05",688,63,0,0,91.61118508655126,20,40,
"Nu: 0.99, Gamma: 5e-05",688,63,0,0,91.61118508655126,20,40,
"Nu: 0.99, Gamma: 6e-05",688,63,0,0,91.61118508655126,20,40,
"Nu: 0.99, Gamma: 7e-05",688,63,0,0,91.61118508655126,20,40,
"Nu: 0.99, Gamma: 8e-05",688,63,0,0,91.61118508655126,20,40,
"Nu: 0.99, Gamma: 9e-05",688,63,0,0,91.61118508655126,20,40,
"Nu: 0.99, Gamma: 0.0001",688,63,0,0,91.61118508655126,20,40,
"Nu: 0.99, Gamma: 0.0002",688,62,0,1,91.74434087882824,20,40,
"Nu: 0.99, Gamma: 0.0003",688,62,0,1,91.74434087882824,20,40,
"Nu: 0.99, Gamma: 0.0004",688,62,0,1,91.74434087882824,20,40,
"Nu: 0.99, Gamma: 0.005",688,63,0,0,91.61118508655126,20,40,
"Nu: 0.99, Gamma: 0.05",688,63,0,0,91.61118508655126,20,40,
"Nu: 0.99, Gamma: 0.0625",688,63,0,0,91.61118508655126,20,40,
"Nu: 0.99, Gamma: 0.1",688,63,0,0,91.61118508655126,20,40,
"Nu: 0.99, Gamma: 0.2",688,63,0,0,91.61118508655126,20,40,
"Nu: 0.99, Gamma: 0.5",688,63,0,0,91.61118508655126,20,40,
"Nu: 0.99, Gamma: 0.7",688,63,0,0,91.61118508655126,20,40,
"Nu: 0.99, Gamma: 0.9",688,63,0,0,91.61118508655126,20,40,
"Nu: 0.99, Gamma: 0.99",688,63,0,0,91.61118508655126,20,40,
,,,,,,,,
Features: 16,,,,,,,,
Target Class: blackscholes,TP,FP,FN,TN,ACC (%),Noise Percantages,Upsampling,
"Nu: 5e-05, Gamma: 1e-05",960,36,0,0,96.3855421686747,30,40,
"Nu: 5e-05, Gamma: 2e-05",960,36,0,0,96.3855421686747,30,40,
"Nu: 5e-05, Gamma: 3e-05",960,36,0,0,96.3855421686747,30,40,
"Nu: 5e-05, Gamma: 4e-05",960,36,0,0,96.3855421686747,30,40,
"Nu: 5e-05, Gamma: 5e-05",960,36,0,0,96.3855421686747,30,40,
"Nu: 5e-05, Gamma: 6e-05",960,36,0,0,96.3855421686747,30,40,
"Nu: 5e-05, Gamma: 7e-05",960,36,0,0,96.3855421686747,30,40,
"Nu: 5e-05, Gamma: 8e-05",960,36,0,0,96.3855421686747,30,40,
"Nu: 5e-05, Gamma: 9e-05",960,36,0,0,96.3855421686747,30,40,
"Nu: 5e-05, Gamma: 0.0001",960,36,0,0,96.3855421686747,30,40,
"Nu: 5e-05, Gamma: 0.0002",960,36,0,0,96.3855421686747,30,40,
"Nu: 5e-05, Gamma: 0.0003",960,36,0,0,96.3855421686747,30,40,
"Nu: 5e-05, Gamma: 0.0004",960,36,0,0,96.3855421686747,30,40,
"Nu: 5e-05, Gamma: 0.005",960,36,0,0,96.3855421686747,30,40,
"Nu: 5e-05, Gamma: 0.05",960,36,0,0,96.3855421686747,30,40,
"Nu: 5e-05, Gamma: 0.0625",960,36,0,0,96.3855421686747,30,40,
"Nu: 5e-05, Gamma: 0.1",960,36,0,0,96.3855421686747,30,40,
"Nu: 5e-05, Gamma: 0.2",960,36,0,0,96.3855421686747,30,40,
"Nu: 5e-05, Gamma: 0.5",960,36,0,0,96.3855421686747,30,40,
"Nu: 5e-05, Gamma: 0.7",960,36,0,0,96.3855421686747,30,40,
"Nu: 5e-05, Gamma: 0.9",960,36,0,0,96.3855421686747,30,40,
"Nu: 5e-05, Gamma: 0.99",960,36,0,0,96.3855421686747,30,40,
"Nu: 6e-05, Gamma: 1e-05",960,36,0,0,96.3855421686747,30,40,
"Nu: 6e-05, Gamma: 2e-05",960,36,0,0,96.3855421686747,30,40,
"Nu: 6e-05, Gamma: 3e-05",782,12,178,24,80.92369477911646,30,40,
"Nu: 6e-05, Gamma: 4e-05",902,30,58,6,91.16465863453816,30,40,
"Nu: 6e-05, Gamma: 5e-05",936,34,24,2,94.17670682730925,30,40,
"Nu: 6e-05, Gamma: 6e-05",960,36,0,0,96.3855421686747,30,40,
"Nu: 6e-05, Gamma: 7e-05",960,36,0,0,96.3855421686747,30,40,
"Nu: 6e-05, Gamma: 8e-05",960,36,0,0,96.3855421686747,30,40,
"Nu: 6e-05, Gamma: 9e-05",960,36,0,0,96.3855421686747,30,40,
"Nu: 6e-05, Gamma: 0.0001",960,36,0,0,96.3855421686747,30,40,
"Nu: 6e-05, Gamma: 0.0002",960,36,0,0,96.3855421686747,30,40,
"Nu: 6e-05, Gamma: 0.0003",960,36,0,0,96.3855421686747,30,40,
"Nu: 6e-05, Gamma: 0.0004",960,36,0,0,96.3855421686747,30,40,
"Nu: 6e-05, Gamma: 0.005",960,36,0,0,96.3855421686747,30,40,
"Nu: 6e-05, Gamma: 0.05",960,36,0,0,96.3855421686747,30,40,
"Nu: 6e-05, Gamma: 0.0625",960,36,0,0,96.3855421686747,30,40,
"Nu: 6e-05, Gamma: 0.1",960,36,0,0,96.3855421686747,30,40,
"Nu: 6e-05, Gamma: 0.2",960,36,0,0,96.3855421686747,30,40,
"Nu: 6e-05, Gamma: 0.5",960,36,0,0,96.3855421686747,30,40,
"Nu: 6e-05, Gamma: 0.7",960,36,0,0,96.3855421686747,30,40,
"Nu: 6e-05, Gamma: 0.9",960,36,0,0,96.3855421686747,30,40,
"Nu: 6e-05, Gamma: 0.99",960,36,0,0,96.3855421686747,30,40,
"Nu: 7e-05, Gamma: 1e-05",960,36,0,0,96.3855421686747,30,40,
"Nu: 7e-05, Gamma: 2e-05",776,12,184,24,80.32128514056225,30,40,
"Nu: 7e-05, Gamma: 3e-05",782,12,178,24,80.92369477911646,30,40,
"Nu: 7e-05, Gamma: 4e-05",902,30,58,6,91.16465863453816,30,40,
"Nu: 7e-05, Gamma: 5e-05",936,34,24,2,94.17670682730925,30,40,
"Nu: 7e-05, Gamma: 6e-05",960,36,0,0,96.3855421686747,30,40,
"Nu: 7e-05, Gamma: 7e-05",960,36,0,0,96.3855421686747,30,40,
"Nu: 7e-05, Gamma: 8e-05",960,36,0,0,96.3855421686747,30,40,
"Nu: 7e-05, Gamma: 9e-05",960,36,0,0,96.3855421686747,30,40,
"Nu: 7e-05, Gamma: 0.0001",960,36,0,0,96.3855421686747,30,40,
"Nu: 7e-05, Gamma: 0.0002",960,36,0,0,96.3855421686747,30,40,
"Nu: 7e-05, Gamma: 0.0003",960,36,0,0,96.3855421686747,30,40,
"Nu: 7e-05, Gamma: 0.0004",960,36,0,0,96.3855421686747,30,40,
"Nu: 7e-05, Gamma: 0.005",960,36,0,0,96.3855421686747,30,40,
"Nu: 7e-05, Gamma: 0.05",960,36,0,0,96.3855421686747,30,40,
"Nu: 7e-05, Gamma: 0.0625",960,36,0,0,96.3855421686747,30,40,
"Nu: 7e-05, Gamma: 0.1",960,36,0,0,96.3855421686747,30,40,
"Nu: 7e-05, Gamma: 0.2",960,36,0,0,96.3855421686747,30,40,
"Nu: 7e-05, Gamma: 0.5",960,36,0,0,96.3855421686747,30,40,
"Nu: 7e-05, Gamma: 0.7",960,36,0,0,96.3855421686747,30,40,
"Nu: 7e-05, Gamma: 0.9",960,36,0,0,96.3855421686747,30,40,
"Nu: 7e-05, Gamma: 0.99",960,36,0,0,96.3855421686747,30,40,
"Nu: 8e-05, Gamma: 1e-05",756,8,204,28,78.714859437751,30,40,
"Nu: 8e-05, Gamma: 2e-05",751,7,209,29,78.3132530120482,30,40,
"Nu: 8e-05, Gamma: 3e-05",782,12,178,24,80.92369477911646,30,40,
"Nu: 8e-05, Gamma: 4e-05",902,30,58,6,91.16465863453816,30,40,
"Nu: 8e-05, Gamma: 5e-05",936,34,24,2,94.17670682730925,30,40,
"Nu: 8e-05, Gamma: 6e-05",960,36,0,0,96.3855421686747,30,40,
"Nu: 8e-05, Gamma: 7e-05",960,36,0,0,96.3855421686747,30,40,
"Nu: 8e-05, Gamma: 8e-05",960,36,0,0,96.3855421686747,30,40,
"Nu: 8e-05, Gamma: 9e-05",960,36,0,0,96.3855421686747,30,40,
"Nu: 8e-05, Gamma: 0.0001",960,36,0,0,96.3855421686747,30,40,
"Nu: 8e-05, Gamma: 0.0002",960,36,0,0,96.3855421686747,30,40,
"Nu: 8e-05, Gamma: 0.0003",960,36,0,0,96.3855421686747,30,40,
"Nu: 8e-05, Gamma: 0.0004",960,36,0,0,96.3855421686747,30,40,
"Nu: 8e-05, Gamma: 0.005",960,36,0,0,96.3855421686747,30,40,
"Nu: 8e-05, Gamma: 0.05",960,36,0,0,96.3855421686747,30,40,
"Nu: 8e-05, Gamma: 0.0625",960,36,0,0,96.3855421686747,30,40,
"Nu: 8e-05, Gamma: 0.1",960,36,0,0,96.3855421686747,30,40,
"Nu: 8e-05, Gamma: 0.2",960,36,0,0,96.3855421686747,30,40,
"Nu: 8e-05, Gamma: 0.5",960,36,0,0,96.3855421686747,30,40,
"Nu: 8e-05, Gamma: 0.7",960,36,0,0,96.3855421686747,30,40,
"Nu: 8e-05, Gamma: 0.9",960,36,0,0,96.3855421686747,30,40,
"Nu: 8e-05, Gamma: 0.99",960,36,0,0,96.3855421686747,30,40,
"Nu: 9e-05, Gamma: 1e-05",755,7,205,29,78.714859437751,30,40,
"Nu: 9e-05, Gamma: 2e-05",751,7,209,29,78.3132530120482,30,40,
"Nu: 9e-05, Gamma: 3e-05",782,12,178,24,80.92369477911646,30,40,
"Nu: 9e-05, Gamma: 4e-05",902,30,58,6,91.16465863453816,30,40,
"Nu: 9e-05, Gamma: 5e-05",936,34,24,2,94.17670682730925,30,40,
"Nu: 9e-05, Gamma: 6e-05",960,36,0,0,96.3855421686747,30,40,
"Nu: 9e-05, Gamma: 7e-05",960,36,0,0,96.3855421686747,30,40,
"Nu: 9e-05, Gamma: 8e-05",960,36,0,0,96.3855421686747,30,40,
"Nu: 9e-05, Gamma: 9e-05",960,36,0,0,96.3855421686747,30,40,
"Nu: 9e-05, Gamma: 0.0001",960,36,0,0,96.3855421686747,30,40,
"Nu: 9e-05, Gamma: 0.0002",960,36,0,0,96.3855421686747,30,40,
"Nu: 9e-05, Gamma: 0.0003",960,36,0,0,96.3855421686747,30,40,
"Nu: 9e-05, Gamma: 0.0004",960,36,0,0,96.3855421686747,30,40,
"Nu: 9e-05, Gamma: 0.005",960,36,0,0,96.3855421686747,30,40,
"Nu: 9e-05, Gamma: 0.05",960,36,0,0,96.3855421686747,30,40,
"Nu: 9e-05, Gamma: 0.0625",960,36,0,0,96.3855421686747,30,40,
"Nu: 9e-05, Gamma: 0.1",960,36,0,0,96.3855421686747,30,40,
"Nu: 9e-05, Gamma: 0.2",960,36,0,0,96.3855421686747,30,40,
"Nu: 9e-05, Gamma: 0.5",960,36,0,0,96.3855421686747,30,40,
"Nu: 9e-05, Gamma: 0.7",960,36,0,0,96.3855421686747,30,40,
"Nu: 9e-05, Gamma: 0.9",960,36,0,0,96.3855421686747,30,40,
"Nu: 9e-05, Gamma: 0.99",960,36,0,0,96.3855421686747,30,40,
"Nu: 0.0001, Gamma: 1e-05",749,6,211,30,78.21285140562249,30,40,
"Nu: 0.0001, Gamma: 2e-05",751,7,209,29,78.3132530120482,30,40,
"Nu: 0.0001, Gamma: 3e-05",782,12,178,24,80.92369477911646,30,40,
"Nu: 0.0001, Gamma: 4e-05",902,30,58,6,91.16465863453816,30,40,
"Nu: 0.0001, Gamma: 5e-05",936,34,24,2,94.17670682730925,30,40,
"Nu: 0.0001, Gamma: 6e-05",960,36,0,0,96.3855421686747,30,40,
"Nu: 0.0001, Gamma: 7e-05",960,36,0,0,96.3855421686747,30,40,
"Nu: 0.0001, Gamma: 8e-05",960,36,0,0,96.3855421686747,30,40,
"Nu: 0.0001, Gamma: 9e-05",960,36,0,0,96.3855421686747,30,40,
"Nu: 0.0001, Gamma: 0.0001",960,36,0,0,96.3855421686747,30,40,
"Nu: 0.0001, Gamma: 0.0002",960,36,0,0,96.3855421686747,30,40,
"Nu: 0.0001, Gamma: 0.0003",960,36,0,0,96.3855421686747,30,40,
"Nu: 0.0001, Gamma: 0.0004",960,36,0,0,96.3855421686747,30,40,
"Nu: 0.0001, Gamma: 0.005",960,36,0,0,96.3855421686747,30,40,
"Nu: 0.0001, Gamma: 0.05",960,36,0,0,96.3855421686747,30,40,
"Nu: 0.0001, Gamma: 0.0625",960,36,0,0,96.3855421686747,30,40,
"Nu: 0.0001, Gamma: 0.1",960,36,0,0,96.3855421686747,30,40,
"Nu: 0.0001, Gamma: 0.2",960,36,0,0,96.3855421686747,30,40,
"Nu: 0.0001, Gamma: 0.5",960,36,0,0,96.3855421686747,30,40,
"Nu: 0.0001, Gamma: 0.7",960,36,0,0,96.3855421686747,30,40,
"Nu: 0.0001, Gamma: 0.9",960,36,0,0,96.3855421686747,30,40,
"Nu: 0.0001, Gamma: 0.99",960,36,0,0,96.3855421686747,30,40,
"Nu: 0.0002, Gamma: 1e-05",747,4,213,32,78.21285140562249,30,40,
"Nu: 0.0002, Gamma: 2e-05",742,4,218,32,77.71084337349397,30,40,
"Nu: 0.0002, Gamma: 3e-05",791,8,169,28,82.2289156626506,30,40,
"Nu: 0.0002, Gamma: 4e-05",960,33,0,3,96.6867469879518,30,40,
"Nu: 0.0002, Gamma: 5e-05",960,35,0,1,96.4859437751004,30,40,
"Nu: 0.0002, Gamma: 6e-05",925,26,35,10,93.87550200803213,30,40,
"Nu: 0.0002, Gamma: 7e-05",891,21,69,15,90.96385542168674,30,40,
"Nu: 0.0002, Gamma: 8e-05",767,9,193,27,79.71887550200803,30,40,
"Nu: 0.0002, Gamma: 9e-05",771,11,189,25,79.91967871485943,30,40,
"Nu: 0.0002, Gamma: 0.0001",800,17,160,19,82.2289156626506,30,40,
"Nu: 0.0002, Gamma: 0.0002",794,13,166,23,82.0281124497992,30,40,
"Nu: 0.0002, Gamma: 0.0003",882,33,78,3,88.85542168674698,30,40,
"Nu: 0.0002, Gamma: 0.0004",960,36,0,0,96.3855421686747,30,40,
"Nu: 0.0002, Gamma: 0.005",960,36,0,0,96.3855421686747,30,40,
"Nu: 0.0002, Gamma: 0.05",960,36,0,0,96.3855421686747,30,40,
"Nu: 0.0002, Gamma: 0.0625",960,36,0,0,96.3855421686747,30,40,
"Nu: 0.0002, Gamma: 0.1",960,36,0,0,96.3855421686747,30,40,
"Nu: 0.0002, Gamma: 0.2",960,36,0,0,96.3855421686747,30,40,
"Nu: 0.0002, Gamma: 0.5",960,36,0,0,96.3855421686747,30,40,
"Nu: 0.0002, Gamma: 0.7",960,36,0,0,96.3855421686747,30,40,
"Nu: 0.0002, Gamma: 0.9",960,36,0,0,96.3855421686747,30,40,
"Nu: 0.0002, Gamma: 0.99",960,36,0,0,96.3855421686747,30,40,
"Nu: 0.0003, Gamma: 1e-05",737,3,223,33,77.30923694779116,30,40,
"Nu: 0.0003, Gamma: 2e-05",739,5,221,31,77.30923694779116,30,40,
"Nu: 0.0003, Gamma: 3e-05",745,5,215,31,77.91164658634538,30,40,
"Nu: 0.0003, Gamma: 4e-05",880,14,80,22,90.56224899598394,30,40,
"Nu: 0.0003, Gamma: 5e-05",757,9,203,27,78.714859437751,30,40,
"Nu: 0.0003, Gamma: 6e-05",812,9,148,27,84.23694779116467,30,40,
"Nu: 0.0003, Gamma: 7e-05",757,9,203,27,78.714859437751,30,40,
"Nu: 0.0003, Gamma: 8e-05",769,10,191,26,79.81927710843374,30,40,
"Nu: 0.0003, Gamma: 9e-05",771,11,189,25,79.91967871485943,30,40,
"Nu: 0.0003, Gamma: 0.0001",800,17,160,19,82.2289156626506,30,40,
"Nu: 0.0003, Gamma: 0.0002",911,24,49,12,92.67068273092369,30,40,
"Nu: 0.0003, Gamma: 0.0003",949,35,11,1,95.38152610441767,30,40,
"Nu: 0.0003, Gamma: 0.0004",960,36,0,0,96.3855421686747,30,40,
"Nu: 0.0003, Gamma: 0.005",958,34,2,2,96.3855421686747,30,40,
"Nu: 0.0003, Gamma: 0.05",960,36,0,0,96.3855421686747,30,40,
"Nu: 0.0003, Gamma: 0.0625",960,36,0,0,96.3855421686747,30,40,
"Nu: 0.0003, Gamma: 0.1",960,36,0,0,96.3855421686747,30,40,
"Nu: 0.0003, Gamma: 0.2",960,36,0,0,96.3855421686747,30,40,
"Nu: 0.0003, Gamma: 0.5",960,36,0,0,96.3855421686747,30,40,
"Nu: 0.0003, Gamma: 0.7",960,36,0,0,96.3855421686747,30,40,
"Nu: 0.0003, Gamma: 0.9",960,36,0,0,96.3855421686747,30,40,
"Nu: 0.0003, Gamma: 0.99",960,36,0,0,96.3855421686747,30,40,
"Nu: 0.0004, Gamma: 1e-05",737,2,223,34,77.40963855421687,30,40,
"Nu: 0.0004, Gamma: 2e-05",738,4,222,32,77.30923694779116,30,40,
"Nu: 0.0004, Gamma: 3e-05",739,4,221,32,77.40963855421687,30,40,
"Nu: 0.0004, Gamma: 4e-05",878,14,82,22,90.36144578313254,30,40,
"Nu: 0.0004, Gamma: 5e-05",751,7,209,29,78.3132530120482,30,40,
"Nu: 0.0004, Gamma: 6e-05",806,9,154,27,83.63453815261043,30,40,
"Nu: 0.0004, Gamma: 7e-05",914,27,46,9,92.67068273092369,30,40,
"Nu: 0.0004, Gamma: 8e-05",841,17,119,19,86.34538152610442,30,40,
"Nu: 0.0004, Gamma: 9e-05",760,10,200,26,78.91566265060241,30,40,
"Nu: 0.0004, Gamma: 0.0001",876,19,84,17,89.65863453815261,30,40,
"Nu: 0.0004, Gamma: 0.0002",786,12,174,24,81.32530120481928,30,40,
"Nu: 0.0004, Gamma: 0.0003",869,16,91,20,89.2570281124498,30,40,
"Nu: 0.0004, Gamma: 0.0004",960,36,0,0,96.3855421686747,30,40,
"Nu: 0.0004, Gamma: 0.005",958,34,2,2,96.3855421686747,30,40,
"Nu: 0.0004, Gamma: 0.05",960,36,0,0,96.3855421686747,30,40,
"Nu: 0.0004, Gamma: 0.0625",960,36,0,0,96.3855421686747,30,40,
"Nu: 0.0004, Gamma: 0.1",960,36,0,0,96.3855421686747,30,40,
"Nu: 0.0004, Gamma: 0.2",960,36,0,0,96.3855421686747,30,40,
"Nu: 0.0004, Gamma: 0.5",960,36,0,0,96.3855421686747,30,40,
"Nu: 0.0004, Gamma: 0.7",960,36,0,0,96.3855421686747,30,40,
"Nu: 0.0004, Gamma: 0.9",960,36,0,0,96.3855421686747,30,40,
"Nu: 0.0004, Gamma: 0.99",960,36,0,0,96.3855421686747,30,40,
"Nu: 0.005, Gamma: 1e-05",769,2,191,34,80.62248995983936,30,40,
"Nu: 0.005, Gamma: 2e-05",784,5,176,31,81.82730923694778,30,40,
"Nu: 0.005, Gamma: 3e-05",778,4,182,32,81.32530120481928,30,40,
"Nu: 0.005, Gamma: 4e-05",781,5,179,31,81.52610441767068,30,40,
"Nu: 0.005, Gamma: 5e-05",790,8,170,28,82.1285140562249,30,40,
"Nu: 0.005, Gamma: 6e-05",793,8,167,28,82.429718875502,30,40,
"Nu: 0.005, Gamma: 7e-05",797,8,163,28,82.83132530120481,30,40,
"Nu: 0.005, Gamma: 8e-05",798,9,162,27,82.83132530120481,30,40,
"Nu: 0.005, Gamma: 9e-05",801,9,159,27,83.13253012048193,30,40,
"Nu: 0.005, Gamma: 0.0001",799,9,161,27,82.93172690763052,30,40,
"Nu: 0.005, Gamma: 0.0002",805,10,155,26,83.43373493975903,30,40,
"Nu: 0.005, Gamma: 0.0003",822,13,138,23,84.83935742971887,30,40,
"Nu: 0.005, Gamma: 0.0004",837,12,123,24,86.44578313253012,30,40,
"Nu: 0.005, Gamma: 0.005",912,26,48,10,92.570281124498,30,40,
"Nu: 0.005, Gamma: 0.05",946,35,14,1,95.08032128514057,30,40,
"Nu: 0.005, Gamma: 0.0625",951,35,9,1,95.58232931726907,30,40,
"Nu: 0.005, Gamma: 0.1",955,35,5,1,95.98393574297188,30,40,
"Nu: 0.005, Gamma: 0.2",958,36,2,0,96.18473895582329,30,40,
"Nu: 0.005, Gamma: 0.5",960,36,0,0,96.3855421686747,30,40,
"Nu: 0.005, Gamma: 0.7",960,36,0,0,96.3855421686747,30,40,
"Nu: 0.005, Gamma: 0.9",960,36,0,0,96.3855421686747,30,40,
"Nu: 0.005, Gamma: 0.99",960,36,0,0,96.3855421686747,30,40,
"Nu: 0.05, Gamma: 1e-05",769,2,191,34,80.62248995983936,30,40,
"Nu: 0.05, Gamma: 2e-05",773,4,187,32,80.82329317269075,30,40,
"Nu: 0.05, Gamma: 3e-05",777,4,183,32,81.22489959839358,30,40,
"Nu: 0.05, Gamma: 4e-05",778,5,182,31,81.22489959839358,30,40,
"Nu: 0.05, Gamma: 5e-05",789,7,171,29,82.1285140562249,30,40,
"Nu: 0.05, Gamma: 6e-05",793,8,167,28,82.429718875502,30,40,
"Nu: 0.05, Gamma: 7e-05",797,9,163,27,82.73092369477911,30,40,
"Nu: 0.05, Gamma: 8e-05",798,9,162,27,82.83132530120481,30,40,
"Nu: 0.05, Gamma: 9e-05",799,9,161,27,82.93172690763052,30,40,
"Nu: 0.05, Gamma: 0.0001",800,9,160,27,83.03212851405623,30,40,
"Nu: 0.05, Gamma: 0.0002",806,9,154,27,83.63453815261043,30,40,
"Nu: 0.05, Gamma: 0.0003",825,11,135,25,85.34136546184739,30,40,
"Nu: 0.05, Gamma: 0.0004",839,11,121,25,86.74698795180723,30,40,
"Nu: 0.05, Gamma: 0.005",911,23,49,13,92.7710843373494,30,40,
"Nu: 0.05, Gamma: 0.05",944,34,16,2,94.97991967871486,30,40,
"Nu: 0.05, Gamma: 0.0625",949,35,11,1,95.38152610441767,30,40,
"Nu: 0.05, Gamma: 0.1",953,35,7,1,95.78313253012048,30,40,
"Nu: 0.05, Gamma: 0.2",959,36,1,0,96.285140562249,30,40,
"Nu: 0.05, Gamma: 0.5",960,36,0,0,96.3855421686747,30,40,
"Nu: 0.05, Gamma: 0.7",960,36,0,0,96.3855421686747,30,40,
"Nu: 0.05, Gamma: 0.9",960,36,0,0,96.3855421686747,30,40,
"Nu: 0.05, Gamma: 0.99",960,36,0,0,96.3855421686747,30,40,
"Nu: 0.0625, Gamma: 1e-05",769,2,191,34,80.62248995983936,30,40,
"Nu: 0.0625, Gamma: 2e-05",773,4,187,32,80.82329317269075,30,40,
"Nu: 0.0625, Gamma: 3e-05",777,4,183,32,81.22489959839358,30,40,
"Nu: 0.0625, Gamma: 4e-05",778,5,182,31,81.22489959839358,30,40,
"Nu: 0.0625, Gamma: 5e-05",789,7,171,29,82.1285140562249,30,40,
"Nu: 0.0625, Gamma: 6e-05",793,8,167,28,82.429718875502,30,40,
"Nu: 0.0625, Gamma: 7e-05",797,9,163,27,82.73092369477911,30,40,
"Nu: 0.0625, Gamma: 8e-05",797,9,163,27,82.73092369477911,30,40,
"Nu: 0.0625, Gamma: 9e-05",800,9,160,27,83.03212851405623,30,40,
"Nu: 0.0625, Gamma: 0.0001",800,9,160,27,83.03212851405623,30,40,
"Nu: 0.0625, Gamma: 0.0002",806,9,154,27,83.63453815261043,30,40,
"Nu: 0.0625, Gamma: 0.0003",826,11,134,25,85.4417670682731,30,40,
"Nu: 0.0625, Gamma: 0.0004",839,11,121,25,86.74698795180723,30,40,
"Nu: 0.0625, Gamma: 0.005",911,23,49,13,92.7710843373494,30,40,
"Nu: 0.0625, Gamma: 0.05",945,34,15,2,95.08032128514057,30,40,
"Nu: 0.0625, Gamma: 0.0625",949,35,11,1,95.38152610441767,30,40,
"Nu: 0.0625, Gamma: 0.1",953,35,7,1,95.78313253012048,30,40,
"Nu: 0.0625, Gamma: 0.2",959,36,1,0,96.285140562249,30,40,
"Nu: 0.0625, Gamma: 0.5",960,36,0,0,96.3855421686747,30,40,
"Nu: 0.0625, Gamma: 0.7",960,36,0,0,96.3855421686747,30,40,
"Nu: 0.0625, Gamma: 0.9",960,36,0,0,96.3855421686747,30,40,
"Nu: 0.0625, Gamma: 0.99",960,36,0,0,96.3855421686747,30,40,
"Nu: 0.1, Gamma: 1e-05",769,2,191,34,80.62248995983936,30,40,
"Nu: 0.1, Gamma: 2e-05",773,4,187,32,80.82329317269075,30,40,
"Nu: 0.1, Gamma: 3e-05",777,4,183,32,81.22489959839358,30,40,
"Nu: 0.1, Gamma: 4e-05",778,5,182,31,81.22489959839358,30,40,
"Nu: 0.1, Gamma: 5e-05",789,7,171,29,82.1285140562249,30,40,
"Nu: 0.1, Gamma: 6e-05",793,8,167,28,82.429718875502,30,40,
"Nu: 0.1, Gamma: 7e-05",797,9,163,27,82.73092369477911,30,40,
"Nu: 0.1, Gamma: 8e-05",798,9,162,27,82.83132530120481,30,40,
"Nu: 0.1, Gamma: 9e-05",799,9,161,27,82.93172690763052,30,40,
"Nu: 0.1, Gamma: 0.0001",800,9,160,27,83.03212851405623,30,40,
"Nu: 0.1, Gamma: 0.0002",806,9,154,27,83.63453815261043,30,40,
"Nu: 0.1, Gamma: 0.0003",826,10,134,26,85.54216867469879,30,40,
"Nu: 0.1, Gamma: 0.0004",839,11,121,25,86.74698795180723,30,40,
"Nu: 0.1, Gamma: 0.005",911,23,49,13,92.7710843373494,30,40,
"Nu: 0.1, Gamma: 0.05",944,35,16,1,94.87951807228916,30,40,
"Nu: 0.1, Gamma: 0.0625",949,35,11,1,95.38152610441767,30,40,
"Nu: 0.1, Gamma: 0.1",953,35,7,1,95.78313253012048,30,40,
"Nu: 0.1, Gamma: 0.2",959,36,1,0,96.285140562249,30,40,
"Nu: 0.1, Gamma: 0.5",960,36,0,0,96.3855421686747,30,40,
"Nu: 0.1, Gamma: 0.7",960,36,0,0,96.3855421686747,30,40,
"Nu: 0.1, Gamma: 0.9",960,36,0,0,96.3855421686747,30,40,
"Nu: 0.1, Gamma: 0.99",960,36,0,0,96.3855421686747,30,40,
"Nu: 0.2, Gamma: 1e-05",772,6,188,30,80.52208835341365,30,40,
"Nu: 0.2, Gamma: 2e-05",778,6,182,30,81.12449799196787,30,40,
"Nu: 0.2, Gamma: 3e-05",779,7,181,29,81.12449799196787,30,40,
"Nu: 0.2, Gamma: 4e-05",783,8,177,28,81.42570281124499,30,40,
"Nu: 0.2, Gamma: 5e-05",788,8,172,28,81.92771084337349,30,40,
"Nu: 0.2, Gamma: 6e-05",794,8,166,28,82.53012048192771,30,40,
"Nu: 0.2, Gamma: 7e-05",796,8,164,28,82.73092369477911,30,40,
"Nu: 0.2, Gamma: 8e-05",798,9,162,27,82.83132530120481,30,40,
"Nu: 0.2, Gamma: 9e-05",799,9,161,27,82.93172690763052,30,40,
"Nu: 0.2, Gamma: 0.0001",800,9,160,27,83.03212851405623,30,40,
"Nu: 0.2, Gamma: 0.0002",806,9,154,27,83.63453815261043,30,40,
"Nu: 0.2, Gamma: 0.0003",826,10,134,26,85.54216867469879,30,40,
"Nu: 0.2, Gamma: 0.0004",839,11,121,25,86.74698795180723,30,40,
"Nu: 0.2, Gamma: 0.005",911,23,49,13,92.7710843373494,30,40,
"Nu: 0.2, Gamma: 0.05",944,35,16,1,94.87951807228916,30,40,
"Nu: 0.2, Gamma: 0.0625",949,35,11,1,95.38152610441767,30,40,
"Nu: 0.2, Gamma: 0.1",953,35,7,1,95.78313253012048,30,40,
"Nu: 0.2, Gamma: 0.2",959,36,1,0,96.285140562249,30,40,
"Nu: 0.2, Gamma: 0.5",960,36,0,0,96.3855421686747,30,40,
"Nu: 0.2, Gamma: 0.7",960,36,0,0,96.3855421686747,30,40,
"Nu: 0.2, Gamma: 0.9",960,36,0,0,96.3855421686747,30,40,
"Nu: 0.2, Gamma: 0.99",960,36,0,0,96.3855421686747,30,40,
"Nu: 0.5, Gamma: 1e-05",874,15,86,21,89.85943775100401,30,40,
"Nu: 0.5, Gamma: 2e-05",864,15,96,21,88.85542168674698,30,40,
"Nu: 0.5, Gamma: 3e-05",862,15,98,21,88.65461847389558,30,40,
"Nu: 0.5, Gamma: 4e-05",859,15,101,21,88.35341365461848,30,40,
"Nu: 0.5, Gamma: 5e-05",857,15,103,21,88.15261044176707,30,40,
"Nu: 0.5, Gamma: 6e-05",854,15,106,21,87.85140562248996,30,40,
"Nu: 0.5, Gamma: 7e-05",853,15,107,21,87.75100401606426,30,40,
"Nu: 0.5, Gamma: 8e-05",853,15,107,21,87.75100401606426,30,40,
"Nu: 0.5, Gamma: 9e-05",853,15,107,21,87.75100401606426,30,40,
"Nu: 0.5, Gamma: 0.0001",850,15,110,21,87.44979919678715,30,40,
"Nu: 0.5, Gamma: 0.0002",846,14,114,22,87.14859437751004,30,40,
"Nu: 0.5, Gamma: 0.0003",849,13,111,23,87.55020080321285,30,40,
"Nu: 0.5, Gamma: 0.0004",854,15,106,21,87.85140562248996,30,40,
"Nu: 0.5, Gamma: 0.005",911,24,49,12,92.67068273092369,30,40,
"Nu: 0.5, Gamma: 0.05",944,35,16,1,94.87951807228916,30,40,
"Nu: 0.5, Gamma: 0.0625",949,35,11,1,95.38152610441767,30,40,
"Nu: 0.5, Gamma: 0.1",953,35,7,1,95.78313253012048,30,40,
"Nu: 0.5, Gamma: 0.2",959,36,1,0,96.285140562249,30,40,
"Nu: 0.5, Gamma: 0.5",960,36,0,0,96.3855421686747,30,40,
"Nu: 0.5, Gamma: 0.7",960,36,0,0,96.3855421686747,30,40,
"Nu: 0.5, Gamma: 0.9",960,36,0,0,96.3855421686747,30,40,
"Nu: 0.5, Gamma: 0.99",960,36,0,0,96.3855421686747,30,40,
"Nu: 0.7, Gamma: 1e-05",910,20,50,16,92.9718875502008,30,40,
"Nu: 0.7, Gamma: 2e-05",907,20,53,16,92.67068273092369,30,40,
"Nu: 0.7, Gamma: 3e-05",905,20,55,16,92.46987951807229,30,40,
"Nu: 0.7, Gamma: 4e-05",904,21,56,15,92.26907630522089,30,40,
"Nu: 0.7, Gamma: 5e-05",901,21,59,15,91.96787148594377,30,40,
"Nu: 0.7, Gamma: 6e-05",901,21,59,15,91.96787148594377,30,40,
"Nu: 0.7, Gamma: 7e-05",901,21,59,15,91.96787148594377,30,40,
"Nu: 0.7, Gamma: 8e-05",902,21,58,15,92.06827309236948,30,40,
"Nu: 0.7, Gamma: 9e-05",898,21,62,15,91.66666666666666,30,40,
"Nu: 0.7, Gamma: 0.0001",896,21,64,15,91.46586345381526,30,40,
"Nu: 0.7, Gamma: 0.0002",894,22,66,14,91.16465863453816,30,40,
"Nu: 0.7, Gamma: 0.0003",899,22,61,14,91.66666666666666,30,40,
"Nu: 0.7, Gamma: 0.0004",899,23,61,13,91.56626506024097,30,40,
"Nu: 0.7, Gamma: 0.005",920,26,40,10,93.37349397590361,30,40,
"Nu: 0.7, Gamma: 0.05",944,35,16,1,94.87951807228916,30,40,
"Nu: 0.7, Gamma: 0.0625",949,35,11,1,95.38152610441767,30,40,
"Nu: 0.7, Gamma: 0.1",953,35,7,1,95.78313253012048,30,40,
"Nu: 0.7, Gamma: 0.2",959,36,1,0,96.285140562249,30,40,
"Nu: 0.7, Gamma: 0.5",960,36,0,0,96.3855421686747,30,40,
"Nu: 0.7, Gamma: 0.7",960,36,0,0,96.3855421686747,30,40,
"Nu: 0.7, Gamma: 0.9",960,36,0,0,96.3855421686747,30,40,
"Nu: 0.7, Gamma: 0.99",960,36,0,0,96.3855421686747,30,40,
"Nu: 0.9, Gamma: 1e-05",943,30,17,6,95.28112449799197,30,40,
"Nu: 0.9, Gamma: 2e-05",947,31,13,5,95.58232931726907,30,40,
"Nu: 0.9, Gamma: 3e-05",949,31,11,5,95.78313253012048,30,40,
"Nu: 0.9, Gamma: 4e-05",950,31,10,5,95.88353413654619,30,40,
"Nu: 0.9, Gamma: 5e-05",951,31,9,5,95.98393574297188,30,40,
"Nu: 0.9, Gamma: 6e-05",951,31,9,5,95.98393574297188,30,40,
"Nu: 0.9, Gamma: 7e-05",950,31,10,5,95.88353413654619,30,40,
"Nu: 0.9, Gamma: 8e-05",951,31,9,5,95.98393574297188,30,40,
"Nu: 0.9, Gamma: 9e-05",951,31,9,5,95.98393574297188,30,40,
"Nu: 0.9, Gamma: 0.0001",953,32,7,4,96.08433734939759,30,40,
"Nu: 0.9, Gamma: 0.0002",953,31,7,5,96.18473895582329,30,40,
"Nu: 0.9, Gamma: 0.0003",949,33,11,3,95.58232931726907,30,40,
"Nu: 0.9, Gamma: 0.0004",947,33,13,3,95.38152610441767,30,40,
"Nu: 0.9, Gamma: 0.005",933,34,27,2,93.87550200803213,30,40,
"Nu: 0.9, Gamma: 0.05",945,35,15,1,94.97991967871486,30,40,
"Nu: 0.9, Gamma: 0.0625",949,35,11,1,95.38152610441767,30,40,
"Nu: 0.9, Gamma: 0.1",953,35,7,1,95.78313253012048,30,40,
"Nu: 0.9, Gamma: 0.2",959,36,1,0,96.285140562249,30,40,
"Nu: 0.9, Gamma: 0.5",960,36,0,0,96.3855421686747,30,40,
"Nu: 0.9, Gamma: 0.7",960,36,0,0,96.3855421686747,30,40,
"Nu: 0.9, Gamma: 0.9",960,36,0,0,96.3855421686747,30,40,
"Nu: 0.9, Gamma: 0.99",960,36,0,0,96.3855421686747,30,40,
"Nu: 0.99, Gamma: 1e-05",957,36,3,0,96.08433734939759,30,40,
"Nu: 0.99, Gamma: 2e-05",960,36,0,0,96.3855421686747,30,40,
"Nu: 0.99, Gamma: 3e-05",960,36,0,0,96.3855421686747,30,40,
"Nu: 0.99, Gamma: 4e-05",960,36,0,0,96.3855421686747,30,40,
"Nu: 0.99, Gamma: 5e-05",960,36,0,0,96.3855421686747,30,40,
"Nu: 0.99, Gamma: 6e-05",960,36,0,0,96.3855421686747,30,40,
"Nu: 0.99, Gamma: 7e-05",960,36,0,0,96.3855421686747,30,40,
"Nu: 0.99, Gamma: 8e-05",960,36,0,0,96.3855421686747,30,40,
"Nu: 0.99, Gamma: 9e-05",960,36,0,0,96.3855421686747,30,40,
"Nu: 0.99, Gamma: 0.0001",960,36,0,0,96.3855421686747,30,40,
"Nu: 0.99, Gamma: 0.0002",960,36,0,0,96.3855421686747,30,40,
"Nu: 0.99, Gamma: 0.0003",960,36,0,0,96.3855421686747,30,40,
"Nu: 0.99, Gamma: 0.0004",960,36,0,0,96.3855421686747,30,40,
"Nu: 0.99, Gamma: 0.005",952,35,8,1,95.68273092369478,30,40,
"Nu: 0.99, Gamma: 0.05",960,36,0,0,96.3855421686747,30,40,
"Nu: 0.99, Gamma: 0.0625",960,36,0,0,96.3855421686747,30,40,
"Nu: 0.99, Gamma: 0.1",960,36,0,0,96.3855421686747,30,40,
"Nu: 0.99, Gamma: 0.2",960,36,0,0,96.3855421686747,30,40,
"Nu: 0.99, Gamma: 0.5",960,36,0,0,96.3855421686747,30,40,
"Nu: 0.99, Gamma: 0.7",960,36,0,0,96.3855421686747,30,40,
"Nu: 0.99, Gamma: 0.9",960,36,0,0,96.3855421686747,30,40,
"Nu: 0.99, Gamma: 0.99",960,36,0,0,96.3855421686747,30,40,
,,,,,,,,
Target Class: blackscholes-bodytrack,TP,FP,FN,TN,ACC (%),Noise Percantages,Upsampling,
"Nu: 5e-05, Gamma: 1e-05",976,33,0,1,96.73267326732673,30,40,
"Nu: 5e-05, Gamma: 2e-05",976,34,0,0,96.63366336633663,30,40,
"Nu: 5e-05, Gamma: 3e-05",976,34,0,0,96.63366336633663,30,40,
"Nu: 5e-05, Gamma: 4e-05",976,34,0,0,96.63366336633663,30,40,
"Nu: 5e-05, Gamma: 5e-05",976,34,0,0,96.63366336633663,30,40,
"Nu: 5e-05, Gamma: 6e-05",976,34,0,0,96.63366336633663,30,40,
"Nu: 5e-05, Gamma: 7e-05",976,34,0,0,96.63366336633663,30,40,
"Nu: 5e-05, Gamma: 8e-05",976,34,0,0,96.63366336633663,30,40,
"Nu: 5e-05, Gamma: 9e-05",976,34,0,0,96.63366336633663,30,40,
"Nu: 5e-05, Gamma: 0.0001",976,34,0,0,96.63366336633663,30,40,
"Nu: 5e-05, Gamma: 0.0002",976,34,0,0,96.63366336633663,30,40,
"Nu: 5e-05, Gamma: 0.0003",976,34,0,0,96.63366336633663,30,40,
"Nu: 5e-05, Gamma: 0.0004",976,34,0,0,96.63366336633663,30,40,
"Nu: 5e-05, Gamma: 0.005",976,34,0,0,96.63366336633663,30,40,
"Nu: 5e-05, Gamma: 0.05",976,34,0,0,96.63366336633663,30,40,
"Nu: 5e-05, Gamma: 0.0625",976,34,0,0,96.63366336633663,30,40,
"Nu: 5e-05, Gamma: 0.1",976,34,0,0,96.63366336633663,30,40,
"Nu: 5e-05, Gamma: 0.2",976,34,0,0,96.63366336633663,30,40,
"Nu: 5e-05, Gamma: 0.5",976,34,0,0,96.63366336633663,30,40,
"Nu: 5e-05, Gamma: 0.7",976,34,0,0,96.63366336633663,30,40,
"Nu: 5e-05, Gamma: 0.9",976,34,0,0,96.63366336633663,30,40,
"Nu: 5e-05, Gamma: 0.99",976,34,0,0,96.63366336633663,30,40,
"Nu: 6e-05, Gamma: 1e-05",734,11,242,23,74.95049504950495,30,40,
"Nu: 6e-05, Gamma: 2e-05",976,34,0,0,96.63366336633663,30,40,
"Nu: 6e-05, Gamma: 3e-05",976,34,0,0,96.63366336633663,30,40,
"Nu: 6e-05, Gamma: 4e-05",976,34,0,0,96.63366336633663,30,40,
"Nu: 6e-05, Gamma: 5e-05",976,34,0,0,96.63366336633663,30,40,
"Nu: 6e-05, Gamma: 6e-05",976,34,0,0,96.63366336633663,30,40,
"Nu: 6e-05, Gamma: 7e-05",976,34,0,0,96.63366336633663,30,40,
"Nu: 6e-05, Gamma: 8e-05",976,34,0,0,96.63366336633663,30,40,
"Nu: 6e-05, Gamma: 9e-05",976,34,0,0,96.63366336633663,30,40,
"Nu: 6e-05, Gamma: 0.0001",976,34,0,0,96.63366336633663,30,40,
"Nu: 6e-05, Gamma: 0.0002",976,34,0,0,96.63366336633663,30,40,
"Nu: 6e-05, Gamma: 0.0003",976,34,0,0,96.63366336633663,30,40,
"Nu: 6e-05, Gamma: 0.0004",976,34,0,0,96.63366336633663,30,40,
"Nu: 6e-05, Gamma: 0.005",976,34,0,0,96.63366336633663,30,40,
"Nu: 6e-05, Gamma: 0.05",976,34,0,0,96.63366336633663,30,40,
"Nu: 6e-05, Gamma: 0.0625",976,34,0,0,96.63366336633663,30,40,
"Nu: 6e-05, Gamma: 0.1",976,34,0,0,96.63366336633663,30,40,
"Nu: 6e-05, Gamma: 0.2",976,34,0,0,96.63366336633663,30,40,
"Nu: 6e-05, Gamma: 0.5",976,33,0,1,96.73267326732673,30,40,
"Nu: 6e-05, Gamma: 0.7",976,33,0,1,96.73267326732673,30,40,
"Nu: 6e-05, Gamma: 0.9",976,33,0,1,96.73267326732673,30,40,
"Nu: 6e-05, Gamma: 0.99",976,33,0,1,96.73267326732673,30,40,
"Nu: 7e-05, Gamma: 1e-05",976,33,0,1,96.73267326732673,30,40,
"Nu: 7e-05, Gamma: 2e-05",976,34,0,0,96.63366336633663,30,40,
"Nu: 7e-05, Gamma: 3e-05",976,34,0,0,96.63366336633663,30,40,
"Nu: 7e-05, Gamma: 4e-05",976,34,0,0,96.63366336633663,30,40,
"Nu: 7e-05, Gamma: 5e-05",976,34,0,0,96.63366336633663,30,40,
"Nu: 7e-05, Gamma: 6e-05",976,34,0,0,96.63366336633663,30,40,
"Nu: 7e-05, Gamma: 7e-05",976,34,0,0,96.63366336633663,30,40,
"Nu: 7e-05, Gamma: 8e-05",976,34,0,0,96.63366336633663,30,40,
"Nu: 7e-05, Gamma: 9e-05",976,34,0,0,96.63366336633663,30,40,
"Nu: 7e-05, Gamma: 0.0001",976,34,0,0,96.63366336633663,30,40,
"Nu: 7e-05, Gamma: 0.0002",976,34,0,0,96.63366336633663,30,40,
"Nu: 7e-05, Gamma: 0.0003",976,34,0,0,96.63366336633663,30,40,
"Nu: 7e-05, Gamma: 0.0004",976,34,0,0,96.63366336633663,30,40,
"Nu: 7e-05, Gamma: 0.005",976,34,0,0,96.63366336633663,30,40,
"Nu: 7e-05, Gamma: 0.05",976,34,0,0,96.63366336633663,30,40,
"Nu: 7e-05, Gamma: 0.0625",976,34,0,0,96.63366336633663,30,40,
"Nu: 7e-05, Gamma: 0.1",976,34,0,0,96.63366336633663,30,40,
"Nu: 7e-05, Gamma: 0.2",976,34,0,0,96.63366336633663,30,40,
"Nu: 7e-05, Gamma: 0.5",976,34,0,0,96.63366336633663,30,40,
"Nu: 7e-05, Gamma: 0.7",976,34,0,0,96.63366336633663,30,40,
"Nu: 7e-05, Gamma: 0.9",976,34,0,0,96.63366336633663,30,40,
"Nu: 7e-05, Gamma: 0.99",976,34,0,0,96.63366336633663,30,40,
"Nu: 8e-05, Gamma: 1e-05",976,32,0,2,96.83168316831683,30,40,
"Nu: 8e-05, Gamma: 2e-05",976,34,0,0,96.63366336633663,30,40,
"Nu: 8e-05, Gamma: 3e-05",976,34,0,0,96.63366336633663,30,40,
"Nu: 8e-05, Gamma: 4e-05",976,34,0,0,96.63366336633663,30,40,
"Nu: 8e-05, Gamma: 5e-05",976,34,0,0,96.63366336633663,30,40,
"Nu: 8e-05, Gamma: 6e-05",976,34,0,0,96.63366336633663,30,40,
"Nu: 8e-05, Gamma: 7e-05",976,34,0,0,96.63366336633663,30,40,
"Nu: 8e-05, Gamma: 8e-05",976,34,0,0,96.63366336633663,30,40,
"Nu: 8e-05, Gamma: 9e-05",976,34,0,0,96.63366336633663,30,40,
"Nu: 8e-05, Gamma: 0.0001",976,34,0,0,96.63366336633663,30,40,
"Nu: 8e-05, Gamma: 0.0002",976,34,0,0,96.63366336633663,30,40,
"Nu: 8e-05, Gamma: 0.0003",976,34,0,0,96.63366336633663,30,40,
"Nu: 8e-05, Gamma: 0.0004",976,34,0,0,96.63366336633663,30,40,
"Nu: 8e-05, Gamma: 0.005",976,34,0,0,96.63366336633663,30,40,
"Nu: 8e-05, Gamma: 0.05",976,34,0,0,96.63366336633663,30,40,
"Nu: 8e-05, Gamma: 0.0625",976,34,0,0,96.63366336633663,30,40,
"Nu: 8e-05, Gamma: 0.1",976,34,0,0,96.63366336633663,30,40,
"Nu: 8e-05, Gamma: 0.2",976,34,0,0,96.63366336633663,30,40,
"Nu: 8e-05, Gamma: 0.5",976,34,0,0,96.63366336633663,30,40,
"Nu: 8e-05, Gamma: 0.7",976,34,0,0,96.63366336633663,30,40,
"Nu: 8e-05, Gamma: 0.9",976,34,0,0,96.63366336633663,30,40,
"Nu: 8e-05, Gamma: 0.99",976,34,0,0,96.63366336633663,30,40,
"Nu: 9e-05, Gamma: 1e-05",976,32,0,2,96.83168316831683,30,40,
"Nu: 9e-05, Gamma: 2e-05",976,34,0,0,96.63366336633663,30,40,
"Nu: 9e-05, Gamma: 3e-05",976,34,0,0,96.63366336633663,30,40,
"Nu: 9e-05, Gamma: 4e-05",976,34,0,0,96.63366336633663,30,40,
"Nu: 9e-05, Gamma: 5e-05",976,34,0,0,96.63366336633663,30,40,
"Nu: 9e-05, Gamma: 6e-05",976,34,0,0,96.63366336633663,30,40,
"Nu: 9e-05, Gamma: 7e-05",976,34,0,0,96.63366336633663,30,40,
"Nu: 9e-05, Gamma: 8e-05",976,34,0,0,96.63366336633663,30,40,
"Nu: 9e-05, Gamma: 9e-05",976,34,0,0,96.63366336633663,30,40,
"Nu: 9e-05, Gamma: 0.0001",976,34,0,0,96.63366336633663,30,40,
"Nu: 9e-05, Gamma: 0.0002",976,34,0,0,96.63366336633663,30,40,
"Nu: 9e-05, Gamma: 0.0003",976,34,0,0,96.63366336633663,30,40,
"Nu: 9e-05, Gamma: 0.0004",976,34,0,0,96.63366336633663,30,40,
"Nu: 9e-05, Gamma: 0.005",976,34,0,0,96.63366336633663,30,40,
"Nu: 9e-05, Gamma: 0.05",976,34,0,0,96.63366336633663,30,40,
"Nu: 9e-05, Gamma: 0.0625",976,34,0,0,96.63366336633663,30,40,
"Nu: 9e-05, Gamma: 0.1",976,34,0,0,96.63366336633663,30,40,
"Nu: 9e-05, Gamma: 0.2",976,34,0,0,96.63366336633663,30,40,
"Nu: 9e-05, Gamma: 0.5",976,34,0,0,96.63366336633663,30,40,
"Nu: 9e-05, Gamma: 0.7",976,34,0,0,96.63366336633663,30,40,
"Nu: 9e-05, Gamma: 0.9",976,34,0,0,96.63366336633663,30,40,
"Nu: 9e-05, Gamma: 0.99",976,34,0,0,96.63366336633663,30,40,
"Nu: 0.0001, Gamma: 1e-05",866,17,110,17,87.42574257425743,30,40,
"Nu: 0.0001, Gamma: 2e-05",976,34,0,0,96.63366336633663,30,40,
"Nu: 0.0001, Gamma: 3e-05",976,34,0,0,96.63366336633663,30,40,
"Nu: 0.0001, Gamma: 4e-05",976,34,0,0,96.63366336633663,30,40,
"Nu: 0.0001, Gamma: 5e-05",976,34,0,0,96.63366336633663,30,40,
"Nu: 0.0001, Gamma: 6e-05",976,34,0,0,96.63366336633663,30,40,
"Nu: 0.0001, Gamma: 7e-05",976,34,0,0,96.63366336633663,30,40,
"Nu: 0.0001, Gamma: 8e-05",976,34,0,0,96.63366336633663,30,40,
"Nu: 0.0001, Gamma: 9e-05",976,34,0,0,96.63366336633663,30,40,
"Nu: 0.0001, Gamma: 0.0001",976,34,0,0,96.63366336633663,30,40,
"Nu: 0.0001, Gamma: 0.0002",976,34,0,0,96.63366336633663,30,40,
"Nu: 0.0001, Gamma: 0.0003",976,34,0,0,96.63366336633663,30,40,
"Nu: 0.0001, Gamma: 0.0004",976,34,0,0,96.63366336633663,30,40,
"Nu: 0.0001, Gamma: 0.005",976,34,0,0,96.63366336633663,30,40,
"Nu: 0.0001, Gamma: 0.05",976,34,0,0,96.63366336633663,30,40,
"Nu: 0.0001, Gamma: 0.0625",976,34,0,0,96.63366336633663,30,40,
"Nu: 0.0001, Gamma: 0.1",976,34,0,0,96.63366336633663,30,40,
"Nu: 0.0001, Gamma: 0.2",976,34,0,0,96.63366336633663,30,40,
"Nu: 0.0001, Gamma: 0.5",976,34,0,0,96.63366336633663,30,40,
"Nu: 0.0001, Gamma: 0.7",976,34,0,0,96.63366336633663,30,40,
"Nu: 0.0001, Gamma: 0.9",976,34,0,0,96.63366336633663,30,40,
"Nu: 0.0001, Gamma: 0.99",976,34,0,0,96.63366336633663,30,40,
"Nu: 0.0002, Gamma: 1e-05",709,2,267,32,73.36633663366337,30,40,
"Nu: 0.0002, Gamma: 2e-05",976,33,0,1,96.73267326732673,30,40,
"Nu: 0.0002, Gamma: 3e-05",976,32,0,2,96.83168316831683,30,40,
"Nu: 0.0002, Gamma: 4e-05",976,33,0,1,96.73267326732673,30,40,
"Nu: 0.0002, Gamma: 5e-05",846,19,130,15,85.24752475247524,30,40,
"Nu: 0.0002, Gamma: 6e-05",735,10,241,24,75.14851485148515,30,40,
"Nu: 0.0002, Gamma: 7e-05",744,12,232,22,75.84158415841584,30,40,
"Nu: 0.0002, Gamma: 8e-05",975,33,1,1,96.63366336633663,30,40,
"Nu: 0.0002, Gamma: 9e-05",976,33,0,1,96.73267326732673,30,40,
"Nu: 0.0002, Gamma: 0.0001",976,33,0,1,96.73267326732673,30,40,
"Nu: 0.0002, Gamma: 0.0002",976,34,0,0,96.63366336633663,30,40,
"Nu: 0.0002, Gamma: 0.0003",976,34,0,0,96.63366336633663,30,40,
"Nu: 0.0002, Gamma: 0.0004",976,34,0,0,96.63366336633663,30,40,
"Nu: 0.0002, Gamma: 0.005",976,34,0,0,96.63366336633663,30,40,
"Nu: 0.0002, Gamma: 0.05",976,34,0,0,96.63366336633663,30,40,
"Nu: 0.0002, Gamma: 0.0625",976,34,0,0,96.63366336633663,30,40,
"Nu: 0.0002, Gamma: 0.1",976,34,0,0,96.63366336633663,30,40,
"Nu: 0.0002, Gamma: 0.2",976,34,0,0,96.63366336633663,30,40,
"Nu: 0.0002, Gamma: 0.5",976,33,0,1,96.73267326732673,30,40,
"Nu: 0.0002, Gamma: 0.7",976,33,0,1,96.73267326732673,30,40,
"Nu: 0.0002, Gamma: 0.9",976,33,0,1,96.73267326732673,30,40,
"Nu: 0.0002, Gamma: 0.99",976,33,0,1,96.73267326732673,30,40,
"Nu: 0.0003, Gamma: 1e-05",953,25,23,9,95.24752475247524,30,40,
"Nu: 0.0003, Gamma: 2e-05",788,12,188,22,80.19801980198021,30,40,
"Nu: 0.0003, Gamma: 3e-05",742,6,234,28,76.23762376237624,30,40,
"Nu: 0.0003, Gamma: 4e-05",742,11,234,23,75.74257425742574,30,40,
"Nu: 0.0003, Gamma: 5e-05",740,12,236,22,75.44554455445545,30,40,
"Nu: 0.0003, Gamma: 6e-05",960,27,16,7,95.74257425742574,30,40,
"Nu: 0.0003, Gamma: 7e-05",971,33,5,1,96.23762376237623,30,40,
"Nu: 0.0003, Gamma: 8e-05",976,33,0,1,96.73267326732673,30,40,
"Nu: 0.0003, Gamma: 9e-05",976,32,0,2,96.83168316831683,30,40,
"Nu: 0.0003, Gamma: 0.0001",976,33,0,1,96.73267326732673,30,40,
"Nu: 0.0003, Gamma: 0.0002",976,33,0,1,96.73267326732673,30,40,
"Nu: 0.0003, Gamma: 0.0003",975,34,1,0,96.53465346534654,30,40,
"Nu: 0.0003, Gamma: 0.0004",974,33,2,1,96.53465346534654,30,40,
"Nu: 0.0003, Gamma: 0.005",976,33,0,1,96.73267326732673,30,40,
"Nu: 0.0003, Gamma: 0.05",976,34,0,0,96.63366336633663,30,40,
"Nu: 0.0003, Gamma: 0.0625",976,34,0,0,96.63366336633663,30,40,
"Nu: 0.0003, Gamma: 0.1",976,34,0,0,96.63366336633663,30,40,
"Nu: 0.0003, Gamma: 0.2",976,34,0,0,96.63366336633663,30,40,
"Nu: 0.0003, Gamma: 0.5",976,34,0,0,96.63366336633663,30,40,
"Nu: 0.0003, Gamma: 0.7",976,34,0,0,96.63366336633663,30,40,
"Nu: 0.0003, Gamma: 0.9",976,34,0,0,96.63366336633663,30,40,
"Nu: 0.0003, Gamma: 0.99",976,34,0,0,96.63366336633663,30,40,
"Nu: 0.0004, Gamma: 1e-05",941,22,35,12,94.35643564356435,30,40,
"Nu: 0.0004, Gamma: 2e-05",787,13,189,21,80.0,30,40,
"Nu: 0.0004, Gamma: 3e-05",754,7,222,27,77.32673267326733,30,40,
"Nu: 0.0004, Gamma: 4e-05",901,27,75,7,89.9009900990099,30,40,
"Nu: 0.0004, Gamma: 5e-05",829,16,147,18,83.86138613861385,30,40,
"Nu: 0.0004, Gamma: 6e-05",733,6,243,28,75.34653465346534,30,40,
"Nu: 0.0004, Gamma: 7e-05",830,19,146,15,83.66336633663366,30,40,
"Nu: 0.0004, Gamma: 8e-05",938,27,38,7,93.56435643564357,30,40,
"Nu: 0.0004, Gamma: 9e-05",975,32,1,2,96.73267326732673,30,40,
"Nu: 0.0004, Gamma: 0.0001",976,32,0,2,96.83168316831683,30,40,
"Nu: 0.0004, Gamma: 0.0002",929,26,47,8,92.77227722772278,30,40,
"Nu: 0.0004, Gamma: 0.0003",955,28,21,6,95.14851485148515,30,40,
"Nu: 0.0004, Gamma: 0.0004",866,17,110,17,87.42574257425743,30,40,
"Nu: 0.0004, Gamma: 0.005",976,33,0,1,96.73267326732673,30,40,
"Nu: 0.0004, Gamma: 0.05",976,34,0,0,96.63366336633663,30,40,
"Nu: 0.0004, Gamma: 0.0625",976,34,0,0,96.63366336633663,30,40,
"Nu: 0.0004, Gamma: 0.1",976,34,0,0,96.63366336633663,30,40,
"Nu: 0.0004, Gamma: 0.2",976,34,0,0,96.63366336633663,30,40,
"Nu: 0.0004, Gamma: 0.5",976,33,0,1,96.73267326732673,30,40,
"Nu: 0.0004, Gamma: 0.7",976,33,0,1,96.73267326732673,30,40,
"Nu: 0.0004, Gamma: 0.9",976,33,0,1,96.73267326732673,30,40,
"Nu: 0.0004, Gamma: 0.99",976,33,0,1,96.73267326732673,30,40,
"Nu: 0.005, Gamma: 1e-05",710,2,266,32,73.46534653465346,30,40,
"Nu: 0.005, Gamma: 2e-05",731,5,245,29,75.24752475247524,30,40,
"Nu: 0.005, Gamma: 3e-05",731,4,245,30,75.34653465346534,30,40,
"Nu: 0.005, Gamma: 4e-05",733,5,243,29,75.44554455445545,30,40,
"Nu: 0.005, Gamma: 5e-05",737,7,239,27,75.64356435643565,30,40,
"Nu: 0.005, Gamma: 6e-05",747,7,229,27,76.63366336633663,30,40,
"Nu: 0.005, Gamma: 7e-05",745,7,231,27,76.43564356435644,30,40,
"Nu: 0.005, Gamma: 8e-05",746,7,230,27,76.53465346534654,30,40,
"Nu: 0.005, Gamma: 9e-05",748,8,228,26,76.63366336633663,30,40,
"Nu: 0.005, Gamma: 0.0001",752,8,224,26,77.02970297029704,30,40,
"Nu: 0.005, Gamma: 0.0002",764,9,212,25,78.11881188118812,30,40,
"Nu: 0.005, Gamma: 0.0003",794,10,182,24,80.990099009901,30,40,
"Nu: 0.005, Gamma: 0.0004",823,12,153,22,83.66336633663366,30,40,
"Nu: 0.005, Gamma: 0.005",920,22,56,12,92.27722772277228,30,40,
"Nu: 0.005, Gamma: 0.05",970,34,6,0,96.03960396039604,30,40,
"Nu: 0.005, Gamma: 0.0625",968,34,8,0,95.84158415841584,30,40,
"Nu: 0.005, Gamma: 0.1",972,34,4,0,96.23762376237623,30,40,
"Nu: 0.005, Gamma: 0.2",976,34,0,0,96.63366336633663,30,40,
"Nu: 0.005, Gamma: 0.5",976,34,0,0,96.63366336633663,30,40,
"Nu: 0.005, Gamma: 0.7",976,34,0,0,96.63366336633663,30,40,
"Nu: 0.005, Gamma: 0.9",976,34,0,0,96.63366336633663,30,40,
"Nu: 0.005, Gamma: 0.99",976,34,0,0,96.63366336633663,30,40,
"Nu: 0.05, Gamma: 1e-05",710,2,266,32,73.46534653465346,30,40,
"Nu: 0.05, Gamma: 2e-05",731,5,245,29,75.24752475247524,30,40,
"Nu: 0.05, Gamma: 3e-05",731,4,245,30,75.34653465346534,30,40,
"Nu: 0.05, Gamma: 4e-05",733,4,243,30,75.54455445544555,30,40,
"Nu: 0.05, Gamma: 5e-05",738,7,238,27,75.74257425742574,30,40,
"Nu: 0.05, Gamma: 6e-05",741,6,235,28,76.13861386138613,30,40,
"Nu: 0.05, Gamma: 7e-05",742,6,234,28,76.23762376237624,30,40,
"Nu: 0.05, Gamma: 8e-05",743,6,233,28,76.33663366336634,30,40,
"Nu: 0.05, Gamma: 9e-05",749,8,227,26,76.73267326732673,30,40,
"Nu: 0.05, Gamma: 0.0001",749,7,227,27,76.83168316831683,30,40,
"Nu: 0.05, Gamma: 0.0002",764,10,212,24,78.01980198019803,30,40,
"Nu: 0.05, Gamma: 0.0003",788,9,188,25,80.4950495049505,30,40,
"Nu: 0.05, Gamma: 0.0004",811,11,165,23,82.57425742574257,30,40,
"Nu: 0.05, Gamma: 0.005",924,22,52,12,92.67326732673268,30,40,
"Nu: 0.05, Gamma: 0.05",970,34,6,0,96.03960396039604,30,40,
"Nu: 0.05, Gamma: 0.0625",970,34,6,0,96.03960396039604,30,40,
"Nu: 0.05, Gamma: 0.1",972,33,4,1,96.33663366336633,30,40,
"Nu: 0.05, Gamma: 0.2",974,34,2,0,96.43564356435644,30,40,
"Nu: 0.05, Gamma: 0.5",976,34,0,0,96.63366336633663,30,40,
"Nu: 0.05, Gamma: 0.7",976,34,0,0,96.63366336633663,30,40,
"Nu: 0.05, Gamma: 0.9",976,34,0,0,96.63366336633663,30,40,
"Nu: 0.05, Gamma: 0.99",976,34,0,0,96.63366336633663,30,40,
"Nu: 0.0625, Gamma: 1e-05",710,3,266,31,73.36633663366337,30,40,
"Nu: 0.0625, Gamma: 2e-05",731,4,245,30,75.34653465346534,30,40,
"Nu: 0.0625, Gamma: 3e-05",731,4,245,30,75.34653465346534,30,40,
"Nu: 0.0625, Gamma: 4e-05",733,5,243,29,75.44554455445545,30,40,
"Nu: 0.0625, Gamma: 5e-05",738,7,238,27,75.74257425742574,30,40,
"Nu: 0.0625, Gamma: 6e-05",741,7,235,27,76.03960396039604,30,40,
"Nu: 0.0625, Gamma: 7e-05",742,6,234,28,76.23762376237624,30,40,
"Nu: 0.0625, Gamma: 8e-05",744,7,232,27,76.33663366336634,30,40,
"Nu: 0.0625, Gamma: 9e-05",749,8,227,26,76.73267326732673,30,40,
"Nu: 0.0625, Gamma: 0.0001",749,8,227,26,76.73267326732673,30,40,
"Nu: 0.0625, Gamma: 0.0002",764,10,212,24,78.01980198019803,30,40,
"Nu: 0.0625, Gamma: 0.0003",788,9,188,25,80.4950495049505,30,40,
"Nu: 0.0625, Gamma: 0.0004",810,9,166,25,82.67326732673267,30,40,
"Nu: 0.0625, Gamma: 0.005",923,22,53,12,92.57425742574257,30,40,
"Nu: 0.0625, Gamma: 0.05",970,33,6,1,96.13861386138613,30,40,
"Nu: 0.0625, Gamma: 0.0625",970,33,6,1,96.13861386138613,30,40,
"Nu: 0.0625, Gamma: 0.1",972,33,4,1,96.33663366336633,30,40,
"Nu: 0.0625, Gamma: 0.2",974,34,2,0,96.43564356435644,30,40,
"Nu: 0.0625, Gamma: 0.5",976,34,0,0,96.63366336633663,30,40,
"Nu: 0.0625, Gamma: 0.7",976,33,0,1,96.73267326732673,30,40,
"Nu: 0.0625, Gamma: 0.9",976,34,0,0,96.63366336633663,30,40,
"Nu: 0.0625, Gamma: 0.99",976,34,0,0,96.63366336633663,30,40,
"Nu: 0.1, Gamma: 1e-05",710,3,266,31,73.36633663366337,30,40,
"Nu: 0.1, Gamma: 2e-05",731,4,245,30,75.34653465346534,30,40,
"Nu: 0.1, Gamma: 3e-05",731,5,245,29,75.24752475247524,30,40,
"Nu: 0.1, Gamma: 4e-05",733,4,243,30,75.54455445544555,30,40,
"Nu: 0.1, Gamma: 5e-05",738,7,238,27,75.74257425742574,30,40,
"Nu: 0.1, Gamma: 6e-05",741,7,235,27,76.03960396039604,30,40,
"Nu: 0.1, Gamma: 7e-05",742,7,234,27,76.13861386138613,30,40,
"Nu: 0.1, Gamma: 8e-05",743,6,233,28,76.33663366336634,30,40,
"Nu: 0.1, Gamma: 9e-05",749,7,227,27,76.83168316831683,30,40,
"Nu: 0.1, Gamma: 0.0001",749,7,227,27,76.83168316831683,30,40,
"Nu: 0.1, Gamma: 0.0002",763,10,213,24,77.92079207920793,30,40,
"Nu: 0.1, Gamma: 0.0003",788,10,188,24,80.3960396039604,30,40,
"Nu: 0.1, Gamma: 0.0004",810,11,166,23,82.47524752475248,30,40,
"Nu: 0.1, Gamma: 0.005",923,21,53,13,92.67326732673268,30,40,
"Nu: 0.1, Gamma: 0.05",970,33,6,1,96.13861386138613,30,40,
"Nu: 0.1, Gamma: 0.0625",970,34,6,0,96.03960396039604,30,40,
"Nu: 0.1, Gamma: 0.1",972,34,4,0,96.23762376237623,30,40,
"Nu: 0.1, Gamma: 0.2",974,34,2,0,96.43564356435644,30,40,
"Nu: 0.1, Gamma: 0.5",976,33,0,1,96.73267326732673,30,40,
"Nu: 0.1, Gamma: 0.7",976,33,0,1,96.73267326732673,30,40,
"Nu: 0.1, Gamma: 0.9",976,34,0,0,96.63366336633663,30,40,
"Nu: 0.1, Gamma: 0.99",976,34,0,0,96.63366336633663,30,40,
"Nu: 0.2, Gamma: 1e-05",711,3,265,31,73.46534653465346,30,40,
"Nu: 0.2, Gamma: 2e-05",729,4,247,30,75.14851485148515,30,40,
"Nu: 0.2, Gamma: 3e-05",731,6,245,28,75.14851485148515,30,40,
"Nu: 0.2, Gamma: 4e-05",733,6,243,28,75.34653465346534,30,40,
"Nu: 0.2, Gamma: 5e-05",738,7,238,27,75.74257425742574,30,40,
"Nu: 0.2, Gamma: 6e-05",741,6,235,28,76.13861386138613,30,40,
"Nu: 0.2, Gamma: 7e-05",742,7,234,27,76.13861386138613,30,40,
"Nu: 0.2, Gamma: 8e-05",743,6,233,28,76.33663366336634,30,40,
"Nu: 0.2, Gamma: 9e-05",749,7,227,27,76.83168316831683,30,40,
"Nu: 0.2, Gamma: 0.0001",749,7,227,27,76.83168316831683,30,40,
"Nu: 0.2, Gamma: 0.0002",764,10,212,24,78.01980198019803,30,40,
"Nu: 0.2, Gamma: 0.0003",788,10,188,24,80.3960396039604,30,40,
"Nu: 0.2, Gamma: 0.0004",810,10,166,24,82.57425742574257,30,40,
"Nu: 0.2, Gamma: 0.005",923,21,53,13,92.67326732673268,30,40,
"Nu: 0.2, Gamma: 0.05",970,34,6,0,96.03960396039604,30,40,
"Nu: 0.2, Gamma: 0.0625",970,33,6,1,96.13861386138613,30,40,
"Nu: 0.2, Gamma: 0.1",972,33,4,1,96.33663366336633,30,40,
"Nu: 0.2, Gamma: 0.2",974,33,2,1,96.53465346534654,30,40,
"Nu: 0.2, Gamma: 0.5",976,33,0,1,96.73267326732673,30,40,
"Nu: 0.2, Gamma: 0.7",976,34,0,0,96.63366336633663,30,40,
"Nu: 0.2, Gamma: 0.9",976,34,0,0,96.63366336633663,30,40,
"Nu: 0.2, Gamma: 0.99",976,34,0,0,96.63366336633663,30,40,
"Nu: 0.5, Gamma: 1e-05",741,10,235,24,75.74257425742574,30,40,
"Nu: 0.5, Gamma: 2e-05",755,11,221,23,77.02970297029704,30,40,
"Nu: 0.5, Gamma: 3e-05",764,12,212,22,77.82178217821783,30,40,
"Nu: 0.5, Gamma: 4e-05",768,12,208,22,78.21782178217822,30,40,
"Nu: 0.5, Gamma: 5e-05",768,13,208,21,78.11881188118812,30,40,
"Nu: 0.5, Gamma: 6e-05",769,13,207,21,78.21782178217822,30,40,
"Nu: 0.5, Gamma: 7e-05",772,13,204,21,78.51485148514851,30,40,
"Nu: 0.5, Gamma: 8e-05",778,12,198,22,79.20792079207921,30,40,
"Nu: 0.5, Gamma: 9e-05",778,13,198,21,79.10891089108911,30,40,
"Nu: 0.5, Gamma: 0.0001",780,14,196,20,79.20792079207921,30,40,
"Nu: 0.5, Gamma: 0.0002",794,15,182,19,80.4950495049505,30,40,
"Nu: 0.5, Gamma: 0.0003",804,15,172,19,81.48514851485147,30,40,
"Nu: 0.5, Gamma: 0.0004",822,13,154,21,83.46534653465346,30,40,
"Nu: 0.5, Gamma: 0.005",923,22,53,12,92.57425742574257,30,40,
"Nu: 0.5, Gamma: 0.05",970,33,6,1,96.13861386138613,30,40,
"Nu: 0.5, Gamma: 0.0625",970,33,6,1,96.13861386138613,30,40,
"Nu: 0.5, Gamma: 0.1",972,34,4,0,96.23762376237623,30,40,
"Nu: 0.5, Gamma: 0.2",974,33,2,1,96.53465346534654,30,40,
"Nu: 0.5, Gamma: 0.5",976,33,0,1,96.73267326732673,30,40,
"Nu: 0.5, Gamma: 0.7",976,33,0,1,96.73267326732673,30,40,
"Nu: 0.5, Gamma: 0.9",976,34,0,0,96.63366336633663,30,40,
"Nu: 0.5, Gamma: 0.99",976,34,0,0,96.63366336633663,30,40,
"Nu: 0.7, Gamma: 1e-05",844,18,132,16,85.14851485148515,30,40,
"Nu: 0.7, Gamma: 2e-05",843,19,133,15,84.95049504950495,30,40,
"Nu: 0.7, Gamma: 3e-05",842,21,134,13,84.65346534653465,30,40,
"Nu: 0.7, Gamma: 4e-05",850,20,126,14,85.54455445544555,30,40,
"Nu: 0.7, Gamma: 5e-05",855,21,121,13,85.94059405940594,30,40,
"Nu: 0.7, Gamma: 6e-05",856,21,120,13,86.03960396039604,30,40,
"Nu: 0.7, Gamma: 7e-05",855,21,121,13,85.94059405940594,30,40,
"Nu: 0.7, Gamma: 8e-05",855,21,121,13,85.94059405940594,30,40,
"Nu: 0.7, Gamma: 9e-05",856,21,120,13,86.03960396039604,30,40,
"Nu: 0.7, Gamma: 0.0001",856,22,120,12,85.94059405940594,30,40,
"Nu: 0.7, Gamma: 0.0002",870,23,106,11,87.22772277227723,30,40,
"Nu: 0.7, Gamma: 0.0003",876,22,100,12,87.92079207920793,30,40,
"Nu: 0.7, Gamma: 0.0004",886,23,90,11,88.81188118811882,30,40,
"Nu: 0.7, Gamma: 0.005",943,25,33,9,94.25742574257426,30,40,
"Nu: 0.7, Gamma: 0.05",970,33,6,1,96.13861386138613,30,40,
"Nu: 0.7, Gamma: 0.0625",970,33,6,1,96.13861386138613,30,40,
"Nu: 0.7, Gamma: 0.1",972,33,4,1,96.33663366336633,30,40,
"Nu: 0.7, Gamma: 0.2",974,34,2,0,96.43564356435644,30,40,
"Nu: 0.7, Gamma: 0.5",976,33,0,1,96.73267326732673,30,40,
"Nu: 0.7, Gamma: 0.7",976,34,0,0,96.63366336633663,30,40,
"Nu: 0.7, Gamma: 0.9",976,34,0,0,96.63366336633663,30,40,
"Nu: 0.7, Gamma: 0.99",976,33,0,1,96.73267326732673,30,40,
"Nu: 0.9, Gamma: 1e-05",913,30,63,4,90.79207920792079,30,40,
"Nu: 0.9, Gamma: 2e-05",916,30,60,4,91.0891089108911,30,40,
"Nu: 0.9, Gamma: 3e-05",923,30,53,4,91.78217821782178,30,40,
"Nu: 0.9, Gamma: 4e-05",923,29,53,5,91.88118811881189,30,40,
"Nu: 0.9, Gamma: 5e-05",923,29,53,5,91.88118811881189,30,40,
"Nu: 0.9, Gamma: 6e-05",925,28,51,6,92.17821782178218,30,40,
"Nu: 0.9, Gamma: 7e-05",925,27,51,7,92.27722772277228,30,40,
"Nu: 0.9, Gamma: 8e-05",925,27,51,7,92.27722772277228,30,40,
"Nu: 0.9, Gamma: 9e-05",922,27,54,7,91.98019801980199,30,40,
"Nu: 0.9, Gamma: 0.0001",922,26,54,8,92.07920792079209,30,40,
"Nu: 0.9, Gamma: 0.0002",930,27,46,7,92.77227722772278,30,40,
"Nu: 0.9, Gamma: 0.0003",936,27,40,7,93.36633663366337,30,40,
"Nu: 0.9, Gamma: 0.0004",947,27,29,7,94.45544554455445,30,40,
"Nu: 0.9, Gamma: 0.005",955,31,21,3,94.85148514851485,30,40,
"Nu: 0.9, Gamma: 0.05",970,33,6,1,96.13861386138613,30,40,
"Nu: 0.9, Gamma: 0.0625",973,33,3,1,96.43564356435644,30,40,
"Nu: 0.9, Gamma: 0.1",974,34,2,0,96.43564356435644,30,40,
"Nu: 0.9, Gamma: 0.2",976,33,0,1,96.73267326732673,30,40,
"Nu: 0.9, Gamma: 0.5",976,33,0,1,96.73267326732673,30,40,
"Nu: 0.9, Gamma: 0.7",976,33,0,1,96.73267326732673,30,40,
"Nu: 0.9, Gamma: 0.9",976,34,0,0,96.63366336633663,30,40,
"Nu: 0.9, Gamma: 0.99",976,33,0,1,96.73267326732673,30,40,
"Nu: 0.99, Gamma: 1e-05",975,34,1,0,96.53465346534654,30,40,
"Nu: 0.99, Gamma: 2e-05",968,34,8,0,95.84158415841584,30,40,
"Nu: 0.99, Gamma: 3e-05",956,34,20,0,94.65346534653465,30,40,
"Nu: 0.99, Gamma: 4e-05",951,34,25,0,94.15841584158416,30,40,
"Nu: 0.99, Gamma: 5e-05",945,32,31,2,93.76237623762376,30,40,
"Nu: 0.99, Gamma: 6e-05",946,32,30,2,93.86138613861385,30,40,
"Nu: 0.99, Gamma: 7e-05",949,32,27,2,94.15841584158416,30,40,
"Nu: 0.99, Gamma: 8e-05",949,32,27,2,94.15841584158416,30,40,
"Nu: 0.99, Gamma: 9e-05",947,32,29,2,93.96039603960395,30,40,
"Nu: 0.99, Gamma: 0.0001",947,32,29,2,93.96039603960395,30,40,
"Nu: 0.99, Gamma: 0.0002",962,34,14,0,95.24752475247524,30,40,
"Nu: 0.99, Gamma: 0.0003",970,34,6,0,96.03960396039604,30,40,
"Nu: 0.99, Gamma: 0.0004",973,34,3,0,96.33663366336633,30,40,
"Nu: 0.99, Gamma: 0.005",974,34,2,0,96.43564356435644,30,40,
"Nu: 0.99, Gamma: 0.05",976,33,0,1,96.73267326732673,30,40,
"Nu: 0.99, Gamma: 0.0625",976,34,0,0,96.63366336633663,30,40,
"Nu: 0.99, Gamma: 0.1",976,34,0,0,96.63366336633663,30,40,
"Nu: 0.99, Gamma: 0.2",976,34,0,0,96.63366336633663,30,40,
"Nu: 0.99, Gamma: 0.5",976,34,0,0,96.63366336633663,30,40,
"Nu: 0.99, Gamma: 0.7",976,34,0,0,96.63366336633663,30,40,
"Nu: 0.99, Gamma: 0.9",976,34,0,0,96.63366336633663,30,40,
"Nu: 0.99, Gamma: 0.99",976,34,0,0,96.63366336633663,30,40,
,,,,,,,,
Target Class: bodytrack,TP,FP,FN,TN,ACC (%),Noise Percantages,Upsampling,
"Nu: 5e-05, Gamma: 1e-05",688,63,0,0,91.61118508655126,30,40,
"Nu: 5e-05, Gamma: 2e-05",688,63,0,0,91.61118508655126,30,40,
"Nu: 5e-05, Gamma: 3e-05",688,63,0,0,91.61118508655126,30,40,
"Nu: 5e-05, Gamma: 4e-05",688,63,0,0,91.61118508655126,30,40,
"Nu: 5e-05, Gamma: 5e-05",688,63,0,0,91.61118508655126,30,40,
"Nu: 5e-05, Gamma: 6e-05",688,63,0,0,91.61118508655126,30,40,
"Nu: 5e-05, Gamma: 7e-05",688,63,0,0,91.61118508655126,30,40,
"Nu: 5e-05, Gamma: 8e-05",688,63,0,0,91.61118508655126,30,40,
"Nu: 5e-05, Gamma: 9e-05",688,63,0,0,91.61118508655126,30,40,
"Nu: 5e-05, Gamma: 0.0001",688,63,0,0,91.61118508655126,30,40,
"Nu: 5e-05, Gamma: 0.0002",688,63,0,0,91.61118508655126,30,40,
"Nu: 5e-05, Gamma: 0.0003",688,63,0,0,91.61118508655126,30,40,
"Nu: 5e-05, Gamma: 0.0004",688,63,0,0,91.61118508655126,30,40,
"Nu: 5e-05, Gamma: 0.005",688,63,0,0,91.61118508655126,30,40,
"Nu: 5e-05, Gamma: 0.05",688,63,0,0,91.61118508655126,30,40,
"Nu: 5e-05, Gamma: 0.0625",688,63,0,0,91.61118508655126,30,40,
"Nu: 5e-05, Gamma: 0.1",688,63,0,0,91.61118508655126,30,40,
"Nu: 5e-05, Gamma: 0.2",688,63,0,0,91.61118508655126,30,40,
"Nu: 5e-05, Gamma: 0.5",688,63,0,0,91.61118508655126,30,40,
"Nu: 5e-05, Gamma: 0.7",688,63,0,0,91.61118508655126,30,40,
"Nu: 5e-05, Gamma: 0.9",688,63,0,0,91.61118508655126,30,40,
"Nu: 5e-05, Gamma: 0.99",688,63,0,0,91.61118508655126,30,40,
"Nu: 6e-05, Gamma: 1e-05",688,63,0,0,91.61118508655126,30,40,
"Nu: 6e-05, Gamma: 2e-05",688,63,0,0,91.61118508655126,30,40,
"Nu: 6e-05, Gamma: 3e-05",688,63,0,0,91.61118508655126,30,40,
"Nu: 6e-05, Gamma: 4e-05",688,63,0,0,91.61118508655126,30,40,
"Nu: 6e-05, Gamma: 5e-05",688,63,0,0,91.61118508655126,30,40,
"Nu: 6e-05, Gamma: 6e-05",688,63,0,0,91.61118508655126,30,40,
"Nu: 6e-05, Gamma: 7e-05",688,63,0,0,91.61118508655126,30,40,
"Nu: 6e-05, Gamma: 8e-05",688,63,0,0,91.61118508655126,30,40,
"Nu: 6e-05, Gamma: 9e-05",688,63,0,0,91.61118508655126,30,40,
"Nu: 6e-05, Gamma: 0.0001",688,63,0,0,91.61118508655126,30,40,
"Nu: 6e-05, Gamma: 0.0002",688,63,0,0,91.61118508655126,30,40,
"Nu: 6e-05, Gamma: 0.0003",688,63,0,0,91.61118508655126,30,40,
"Nu: 6e-05, Gamma: 0.0004",688,63,0,0,91.61118508655126,30,40,
"Nu: 6e-05, Gamma: 0.005",688,63,0,0,91.61118508655126,30,40,
"Nu: 6e-05, Gamma: 0.05",688,63,0,0,91.61118508655126,30,40,
"Nu: 6e-05, Gamma: 0.0625",688,63,0,0,91.61118508655126,30,40,
"Nu: 6e-05, Gamma: 0.1",688,63,0,0,91.61118508655126,30,40,
"Nu: 6e-05, Gamma: 0.2",688,63,0,0,91.61118508655126,30,40,
"Nu: 6e-05, Gamma: 0.5",688,63,0,0,91.61118508655126,30,40,
"Nu: 6e-05, Gamma: 0.7",688,63,0,0,91.61118508655126,30,40,
"Nu: 6e-05, Gamma: 0.9",688,63,0,0,91.61118508655126,30,40,
"Nu: 6e-05, Gamma: 0.99",688,63,0,0,91.61118508655126,30,40,
"Nu: 7e-05, Gamma: 1e-05",688,63,0,0,91.61118508655126,30,40,
"Nu: 7e-05, Gamma: 2e-05",688,63,0,0,91.61118508655126,30,40,
"Nu: 7e-05, Gamma: 3e-05",688,63,0,0,91.61118508655126,30,40,
"Nu: 7e-05, Gamma: 4e-05",688,63,0,0,91.61118508655126,30,40,
"Nu: 7e-05, Gamma: 5e-05",688,63,0,0,91.61118508655126,30,40,
"Nu: 7e-05, Gamma: 6e-05",688,63,0,0,91.61118508655126,30,40,
"Nu: 7e-05, Gamma: 7e-05",688,63,0,0,91.61118508655126,30,40,
"Nu: 7e-05, Gamma: 8e-05",688,63,0,0,91.61118508655126,30,40,
"Nu: 7e-05, Gamma: 9e-05",688,63,0,0,91.61118508655126,30,40,
"Nu: 7e-05, Gamma: 0.0001",688,63,0,0,91.61118508655126,30,40,
"Nu: 7e-05, Gamma: 0.0002",688,63,0,0,91.61118508655126,30,40,
"Nu: 7e-05, Gamma: 0.0003",688,63,0,0,91.61118508655126,30,40,
"Nu: 7e-05, Gamma: 0.0004",688,63,0,0,91.61118508655126,30,40,
"Nu: 7e-05, Gamma: 0.005",688,63,0,0,91.61118508655126,30,40,
"Nu: 7e-05, Gamma: 0.05",688,63,0,0,91.61118508655126,30,40,
"Nu: 7e-05, Gamma: 0.0625",688,63,0,0,91.61118508655126,30,40,
"Nu: 7e-05, Gamma: 0.1",688,63,0,0,91.61118508655126,30,40,
"Nu: 7e-05, Gamma: 0.2",688,63,0,0,91.61118508655126,30,40,
"Nu: 7e-05, Gamma: 0.5",688,63,0,0,91.61118508655126,30,40,
"Nu: 7e-05, Gamma: 0.7",688,63,0,0,91.61118508655126,30,40,
"Nu: 7e-05, Gamma: 0.9",688,63,0,0,91.61118508655126,30,40,
"Nu: 7e-05, Gamma: 0.99",688,63,0,0,91.61118508655126,30,40,
"Nu: 8e-05, Gamma: 1e-05",688,63,0,0,91.61118508655126,30,40,
"Nu: 8e-05, Gamma: 2e-05",688,63,0,0,91.61118508655126,30,40,
"Nu: 8e-05, Gamma: 3e-05",688,63,0,0,91.61118508655126,30,40,
"Nu: 8e-05, Gamma: 4e-05",688,63,0,0,91.61118508655126,30,40,
"Nu: 8e-05, Gamma: 5e-05",688,63,0,0,91.61118508655126,30,40,
"Nu: 8e-05, Gamma: 6e-05",688,63,0,0,91.61118508655126,30,40,
"Nu: 8e-05, Gamma: 7e-05",688,63,0,0,91.61118508655126,30,40,
"Nu: 8e-05, Gamma: 8e-05",688,63,0,0,91.61118508655126,30,40,
"Nu: 8e-05, Gamma: 9e-05",688,63,0,0,91.61118508655126,30,40,
"Nu: 8e-05, Gamma: 0.0001",688,63,0,0,91.61118508655126,30,40,
"Nu: 8e-05, Gamma: 0.0002",688,63,0,0,91.61118508655126,30,40,
"Nu: 8e-05, Gamma: 0.0003",688,63,0,0,91.61118508655126,30,40,
"Nu: 8e-05, Gamma: 0.0004",688,63,0,0,91.61118508655126,30,40,
"Nu: 8e-05, Gamma: 0.005",688,63,0,0,91.61118508655126,30,40,
"Nu: 8e-05, Gamma: 0.05",688,63,0,0,91.61118508655126,30,40,
"Nu: 8e-05, Gamma: 0.0625",688,63,0,0,91.61118508655126,30,40,
"Nu: 8e-05, Gamma: 0.1",688,63,0,0,91.61118508655126,30,40,
"Nu: 8e-05, Gamma: 0.2",688,63,0,0,91.61118508655126,30,40,
"Nu: 8e-05, Gamma: 0.5",688,63,0,0,91.61118508655126,30,40,
"Nu: 8e-05, Gamma: 0.7",688,63,0,0,91.61118508655126,30,40,
"Nu: 8e-05, Gamma: 0.9",688,63,0,0,91.61118508655126,30,40,
"Nu: 8e-05, Gamma: 0.99",688,63,0,0,91.61118508655126,30,40,
"Nu: 9e-05, Gamma: 1e-05",688,63,0,0,91.61118508655126,30,40,
"Nu: 9e-05, Gamma: 2e-05",688,63,0,0,91.61118508655126,30,40,
"Nu: 9e-05, Gamma: 3e-05",688,63,0,0,91.61118508655126,30,40,
"Nu: 9e-05, Gamma: 4e-05",688,63,0,0,91.61118508655126,30,40,
"Nu: 9e-05, Gamma: 5e-05",688,63,0,0,91.61118508655126,30,40,
"Nu: 9e-05, Gamma: 6e-05",688,63,0,0,91.61118508655126,30,40,
"Nu: 9e-05, Gamma: 7e-05",688,63,0,0,91.61118508655126,30,40,
"Nu: 9e-05, Gamma: 8e-05",688,63,0,0,91.61118508655126,30,40,
"Nu: 9e-05, Gamma: 9e-05",688,63,0,0,91.61118508655126,30,40,
"Nu: 9e-05, Gamma: 0.0001",688,63,0,0,91.61118508655126,30,40,
"Nu: 9e-05, Gamma: 0.0002",688,63,0,0,91.61118508655126,30,40,
"Nu: 9e-05, Gamma: 0.0003",688,63,0,0,91.61118508655126,30,40,
"Nu: 9e-05, Gamma: 0.0004",688,63,0,0,91.61118508655126,30,40,
"Nu: 9e-05, Gamma: 0.005",688,63,0,0,91.61118508655126,30,40,
"Nu: 9e-05, Gamma: 0.05",688,63,0,0,91.61118508655126,30,40,
"Nu: 9e-05, Gamma: 0.0625",688,63,0,0,91.61118508655126,30,40,
"Nu: 9e-05, Gamma: 0.1",688,63,0,0,91.61118508655126,30,40,
"Nu: 9e-05, Gamma: 0.2",688,63,0,0,91.61118508655126,30,40,
"Nu: 9e-05, Gamma: 0.5",688,63,0,0,91.61118508655126,30,40,
"Nu: 9e-05, Gamma: 0.7",688,63,0,0,91.61118508655126,30,40,
"Nu: 9e-05, Gamma: 0.9",688,63,0,0,91.61118508655126,30,40,
"Nu: 9e-05, Gamma: 0.99",688,63,0,0,91.61118508655126,30,40,
"Nu: 0.0001, Gamma: 1e-05",688,63,0,0,91.61118508655126,30,40,
"Nu: 0.0001, Gamma: 2e-05",688,63,0,0,91.61118508655126,30,40,
"Nu: 0.0001, Gamma: 3e-05",688,63,0,0,91.61118508655126,30,40,
"Nu: 0.0001, Gamma: 4e-05",688,63,0,0,91.61118508655126,30,40,
"Nu: 0.0001, Gamma: 5e-05",688,63,0,0,91.61118508655126,30,40,
"Nu: 0.0001, Gamma: 6e-05",688,63,0,0,91.61118508655126,30,40,
"Nu: 0.0001, Gamma: 7e-05",688,63,0,0,91.61118508655126,30,40,
"Nu: 0.0001, Gamma: 8e-05",688,63,0,0,91.61118508655126,30,40,
"Nu: 0.0001, Gamma: 9e-05",688,63,0,0,91.61118508655126,30,40,
"Nu: 0.0001, Gamma: 0.0001",688,63,0,0,91.61118508655126,30,40,
"Nu: 0.0001, Gamma: 0.0002",688,63,0,0,91.61118508655126,30,40,
"Nu: 0.0001, Gamma: 0.0003",688,63,0,0,91.61118508655126,30,40,
"Nu: 0.0001, Gamma: 0.0004",688,63,0,0,91.61118508655126,30,40,
"Nu: 0.0001, Gamma: 0.005",688,63,0,0,91.61118508655126,30,40,
"Nu: 0.0001, Gamma: 0.05",688,63,0,0,91.61118508655126,30,40,
"Nu: 0.0001, Gamma: 0.0625",688,63,0,0,91.61118508655126,30,40,
"Nu: 0.0001, Gamma: 0.1",688,63,0,0,91.61118508655126,30,40,
"Nu: 0.0001, Gamma: 0.2",688,63,0,0,91.61118508655126,30,40,
"Nu: 0.0001, Gamma: 0.5",688,63,0,0,91.61118508655126,30,40,
"Nu: 0.0001, Gamma: 0.7",688,63,0,0,91.61118508655126,30,40,
"Nu: 0.0001, Gamma: 0.9",688,63,0,0,91.61118508655126,30,40,
"Nu: 0.0001, Gamma: 0.99",688,63,0,0,91.61118508655126,30,40,
"Nu: 0.0002, Gamma: 1e-05",688,49,0,14,93.47536617842877,30,40,
"Nu: 0.0002, Gamma: 2e-05",688,63,0,0,91.61118508655126,30,40,
"Nu: 0.0002, Gamma: 3e-05",688,63,0,0,91.61118508655126,30,40,
"Nu: 0.0002, Gamma: 4e-05",688,63,0,0,91.61118508655126,30,40,
"Nu: 0.0002, Gamma: 5e-05",688,63,0,0,91.61118508655126,30,40,
"Nu: 0.0002, Gamma: 6e-05",688,63,0,0,91.61118508655126,30,40,
"Nu: 0.0002, Gamma: 7e-05",688,63,0,0,91.61118508655126,30,40,
"Nu: 0.0002, Gamma: 8e-05",688,63,0,0,91.61118508655126,30,40,
"Nu: 0.0002, Gamma: 9e-05",688,63,0,0,91.61118508655126,30,40,
"Nu: 0.0002, Gamma: 0.0001",688,63,0,0,91.61118508655126,30,40,
"Nu: 0.0002, Gamma: 0.0002",688,63,0,0,91.61118508655126,30,40,
"Nu: 0.0002, Gamma: 0.0003",688,63,0,0,91.61118508655126,30,40,
"Nu: 0.0002, Gamma: 0.0004",688,63,0,0,91.61118508655126,30,40,
"Nu: 0.0002, Gamma: 0.005",688,63,0,0,91.61118508655126,30,40,
"Nu: 0.0002, Gamma: 0.05",688,63,0,0,91.61118508655126,30,40,
"Nu: 0.0002, Gamma: 0.0625",688,63,0,0,91.61118508655126,30,40,
"Nu: 0.0002, Gamma: 0.1",688,63,0,0,91.61118508655126,30,40,
"Nu: 0.0002, Gamma: 0.2",688,63,0,0,91.61118508655126,30,40,
"Nu: 0.0002, Gamma: 0.5",688,63,0,0,91.61118508655126,30,40,
"Nu: 0.0002, Gamma: 0.7",688,63,0,0,91.61118508655126,30,40,
"Nu: 0.0002, Gamma: 0.9",688,63,0,0,91.61118508655126,30,40,
"Nu: 0.0002, Gamma: 0.99",688,63,0,0,91.61118508655126,30,40,
"Nu: 0.0003, Gamma: 1e-05",688,49,0,14,93.47536617842877,30,40,
"Nu: 0.0003, Gamma: 2e-05",688,58,0,5,92.27696404793608,30,40,
"Nu: 0.0003, Gamma: 3e-05",688,57,0,6,92.41011984021304,30,40,
"Nu: 0.0003, Gamma: 4e-05",688,55,0,8,92.67643142476697,30,40,
"Nu: 0.0003, Gamma: 5e-05",688,60,0,3,92.01065246338216,30,40,
"Nu: 0.0003, Gamma: 6e-05",688,62,0,1,91.74434087882824,30,40,
"Nu: 0.0003, Gamma: 7e-05",688,63,0,0,91.61118508655126,30,40,
"Nu: 0.0003, Gamma: 8e-05",688,63,0,0,91.61118508655126,30,40,
"Nu: 0.0003, Gamma: 9e-05",688,63,0,0,91.61118508655126,30,40,
"Nu: 0.0003, Gamma: 0.0001",688,63,0,0,91.61118508655126,30,40,
"Nu: 0.0003, Gamma: 0.0002",688,63,0,0,91.61118508655126,30,40,
"Nu: 0.0003, Gamma: 0.0003",688,63,0,0,91.61118508655126,30,40,
"Nu: 0.0003, Gamma: 0.0004",688,63,0,0,91.61118508655126,30,40,
"Nu: 0.0003, Gamma: 0.005",688,63,0,0,91.61118508655126,30,40,
"Nu: 0.0003, Gamma: 0.05",688,63,0,0,91.61118508655126,30,40,
"Nu: 0.0003, Gamma: 0.0625",688,63,0,0,91.61118508655126,30,40,
"Nu: 0.0003, Gamma: 0.1",688,63,0,0,91.61118508655126,30,40,
"Nu: 0.0003, Gamma: 0.2",688,63,0,0,91.61118508655126,30,40,
"Nu: 0.0003, Gamma: 0.5",688,63,0,0,91.61118508655126,30,40,
"Nu: 0.0003, Gamma: 0.7",688,63,0,0,91.61118508655126,30,40,
"Nu: 0.0003, Gamma: 0.9",688,63,0,0,91.61118508655126,30,40,
"Nu: 0.0003, Gamma: 0.99",688,63,0,0,91.61118508655126,30,40,
"Nu: 0.0004, Gamma: 1e-05",688,47,0,16,93.74167776298269,30,40,
"Nu: 0.0004, Gamma: 2e-05",688,47,0,16,93.74167776298269,30,40,
"Nu: 0.0004, Gamma: 3e-05",688,54,0,9,92.80958721704394,30,40,
"Nu: 0.0004, Gamma: 4e-05",688,55,0,8,92.67643142476697,30,40,
"Nu: 0.0004, Gamma: 5e-05",688,60,0,3,92.01065246338216,30,40,
"Nu: 0.0004, Gamma: 6e-05",688,62,0,1,91.74434087882824,30,40,
"Nu: 0.0004, Gamma: 7e-05",688,63,0,0,91.61118508655126,30,40,
"Nu: 0.0004, Gamma: 8e-05",688,63,0,0,91.61118508655126,30,40,
"Nu: 0.0004, Gamma: 9e-05",688,63,0,0,91.61118508655126,30,40,
"Nu: 0.0004, Gamma: 0.0001",688,63,0,0,91.61118508655126,30,40,
"Nu: 0.0004, Gamma: 0.0002",688,63,0,0,91.61118508655126,30,40,
"Nu: 0.0004, Gamma: 0.0003",688,63,0,0,91.61118508655126,30,40,
"Nu: 0.0004, Gamma: 0.0004",688,63,0,0,91.61118508655126,30,40,
"Nu: 0.0004, Gamma: 0.005",688,63,0,0,91.61118508655126,30,40,
"Nu: 0.0004, Gamma: 0.05",688,63,0,0,91.61118508655126,30,40,
"Nu: 0.0004, Gamma: 0.0625",688,63,0,0,91.61118508655126,30,40,
"Nu: 0.0004, Gamma: 0.1",688,63,0,0,91.61118508655126,30,40,
"Nu: 0.0004, Gamma: 0.2",688,63,0,0,91.61118508655126,30,40,
"Nu: 0.0004, Gamma: 0.5",688,63,0,0,91.61118508655126,30,40,
"Nu: 0.0004, Gamma: 0.7",688,63,0,0,91.61118508655126,30,40,
"Nu: 0.0004, Gamma: 0.9",688,63,0,0,91.61118508655126,30,40,
"Nu: 0.0004, Gamma: 0.99",688,63,0,0,91.61118508655126,30,40,
"Nu: 0.005, Gamma: 1e-05",688,31,0,32,95.87217043941412,30,40,
"Nu: 0.005, Gamma: 2e-05",688,40,0,23,94.67376830892144,30,40,
"Nu: 0.005, Gamma: 3e-05",688,45,0,18,94.00798934753661,30,40,
"Nu: 0.005, Gamma: 4e-05",688,42,0,21,94.4074567243675,30,40,
"Nu: 0.005, Gamma: 5e-05",688,44,0,19,94.14114513981359,30,40,
"Nu: 0.005, Gamma: 6e-05",688,44,0,19,94.14114513981359,30,40,
"Nu: 0.005, Gamma: 7e-05",688,46,0,17,93.87483355525966,30,40,
"Nu: 0.005, Gamma: 8e-05",688,43,0,20,94.27430093209055,30,40,
"Nu: 0.005, Gamma: 9e-05",688,42,0,21,94.4074567243675,30,40,
"Nu: 0.005, Gamma: 0.0001",688,45,0,18,94.00798934753661,30,40,
"Nu: 0.005, Gamma: 0.0002",688,49,0,14,93.47536617842877,30,40,
"Nu: 0.005, Gamma: 0.0003",688,54,0,9,92.80958721704394,30,40,
"Nu: 0.005, Gamma: 0.0004",688,50,0,13,93.3422103861518,30,40,
"Nu: 0.005, Gamma: 0.005",688,62,0,1,91.74434087882824,30,40,
"Nu: 0.005, Gamma: 0.05",688,63,0,0,91.61118508655126,30,40,
"Nu: 0.005, Gamma: 0.0625",688,63,0,0,91.61118508655126,30,40,
"Nu: 0.005, Gamma: 0.1",688,63,0,0,91.61118508655126,30,40,
"Nu: 0.005, Gamma: 0.2",688,63,0,0,91.61118508655126,30,40,
"Nu: 0.005, Gamma: 0.5",688,63,0,0,91.61118508655126,30,40,
"Nu: 0.005, Gamma: 0.7",688,63,0,0,91.61118508655126,30,40,
"Nu: 0.005, Gamma: 0.9",688,63,0,0,91.61118508655126,30,40,
"Nu: 0.005, Gamma: 0.99",688,63,0,0,91.61118508655126,30,40,
"Nu: 0.05, Gamma: 1e-05",688,30,0,33,96.00532623169109,30,40,
"Nu: 0.05, Gamma: 2e-05",688,36,0,27,95.20639147802929,30,40,
"Nu: 0.05, Gamma: 3e-05",688,41,0,22,94.54061251664447,30,40,
"Nu: 0.05, Gamma: 4e-05",688,42,0,21,94.4074567243675,30,40,
"Nu: 0.05, Gamma: 5e-05",688,43,0,20,94.27430093209055,30,40,
"Nu: 0.05, Gamma: 6e-05",688,43,0,20,94.27430093209055,30,40,
"Nu: 0.05, Gamma: 7e-05",688,42,0,21,94.4074567243675,30,40,
"Nu: 0.05, Gamma: 8e-05",688,44,0,19,94.14114513981359,30,40,
"Nu: 0.05, Gamma: 9e-05",688,45,0,18,94.00798934753661,30,40,
"Nu: 0.05, Gamma: 0.0001",688,45,0,18,94.00798934753661,30,40,
"Nu: 0.05, Gamma: 0.0002",688,48,0,15,93.60852197070572,30,40,
"Nu: 0.05, Gamma: 0.0003",688,53,0,10,92.9427430093209,30,40,
"Nu: 0.05, Gamma: 0.0004",688,52,0,11,93.07589880159787,30,40,
"Nu: 0.05, Gamma: 0.005",688,62,0,1,91.74434087882824,30,40,
"Nu: 0.05, Gamma: 0.05",688,63,0,0,91.61118508655126,30,40,
"Nu: 0.05, Gamma: 0.0625",688,63,0,0,91.61118508655126,30,40,
"Nu: 0.05, Gamma: 0.1",688,63,0,0,91.61118508655126,30,40,
"Nu: 0.05, Gamma: 0.2",688,63,0,0,91.61118508655126,30,40,
"Nu: 0.05, Gamma: 0.5",688,63,0,0,91.61118508655126,30,40,
"Nu: 0.05, Gamma: 0.7",688,63,0,0,91.61118508655126,30,40,
"Nu: 0.05, Gamma: 0.9",688,63,0,0,91.61118508655126,30,40,
"Nu: 0.05, Gamma: 0.99",688,63,0,0,91.61118508655126,30,40,
"Nu: 0.0625, Gamma: 1e-05",688,30,0,33,96.00532623169109,30,40,
"Nu: 0.0625, Gamma: 2e-05",688,38,0,25,94.94007989347537,30,40,
"Nu: 0.0625, Gamma: 3e-05",688,41,0,22,94.54061251664447,30,40,
"Nu: 0.0625, Gamma: 4e-05",688,43,0,20,94.27430093209055,30,40,
"Nu: 0.0625, Gamma: 5e-05",688,43,0,20,94.27430093209055,30,40,
"Nu: 0.0625, Gamma: 6e-05",688,43,0,20,94.27430093209055,30,40,
"Nu: 0.0625, Gamma: 7e-05",688,43,0,20,94.27430093209055,30,40,
"Nu: 0.0625, Gamma: 8e-05",688,43,0,20,94.27430093209055,30,40,
"Nu: 0.0625, Gamma: 9e-05",688,43,0,20,94.27430093209055,30,40,
"Nu: 0.0625, Gamma: 0.0001",688,45,0,18,94.00798934753661,30,40,
"Nu: 0.0625, Gamma: 0.0002",688,48,0,15,93.60852197070572,30,40,
"Nu: 0.0625, Gamma: 0.0003",688,51,0,12,93.20905459387482,30,40,
"Nu: 0.0625, Gamma: 0.0004",688,52,0,11,93.07589880159787,30,40,
"Nu: 0.0625, Gamma: 0.005",688,62,0,1,91.74434087882824,30,40,
"Nu: 0.0625, Gamma: 0.05",688,63,0,0,91.61118508655126,30,40,
"Nu: 0.0625, Gamma: 0.0625",688,63,0,0,91.61118508655126,30,40,
"Nu: 0.0625, Gamma: 0.1",688,63,0,0,91.61118508655126,30,40,
"Nu: 0.0625, Gamma: 0.2",688,63,0,0,91.61118508655126,30,40,
"Nu: 0.0625, Gamma: 0.5",688,63,0,0,91.61118508655126,30,40,
"Nu: 0.0625, Gamma: 0.7",688,63,0,0,91.61118508655126,30,40,
"Nu: 0.0625, Gamma: 0.9",688,63,0,0,91.61118508655126,30,40,
"Nu: 0.0625, Gamma: 0.99",688,63,0,0,91.61118508655126,30,40,
"Nu: 0.1, Gamma: 1e-05",688,30,0,33,96.00532623169109,30,40,
"Nu: 0.1, Gamma: 2e-05",688,38,0,25,94.94007989347537,30,40,
"Nu: 0.1, Gamma: 3e-05",688,41,0,22,94.54061251664447,30,40,
"Nu: 0.1, Gamma: 4e-05",688,42,0,21,94.4074567243675,30,40,
"Nu: 0.1, Gamma: 5e-05",688,43,0,20,94.27430093209055,30,40,
"Nu: 0.1, Gamma: 6e-05",688,43,0,20,94.27430093209055,30,40,
"Nu: 0.1, Gamma: 7e-05",688,42,0,21,94.4074567243675,30,40,
"Nu: 0.1, Gamma: 8e-05",688,42,0,21,94.4074567243675,30,40,
"Nu: 0.1, Gamma: 9e-05",688,43,0,20,94.27430093209055,30,40,
"Nu: 0.1, Gamma: 0.0001",688,44,0,19,94.14114513981359,30,40,
"Nu: 0.1, Gamma: 0.0002",688,48,0,15,93.60852197070572,30,40,
"Nu: 0.1, Gamma: 0.0003",688,51,0,12,93.20905459387482,30,40,
"Nu: 0.1, Gamma: 0.0004",688,52,0,11,93.07589880159787,30,40,
"Nu: 0.1, Gamma: 0.005",688,62,0,1,91.74434087882824,30,40,
"Nu: 0.1, Gamma: 0.05",688,63,0,0,91.61118508655126,30,40,
"Nu: 0.1, Gamma: 0.0625",688,63,0,0,91.61118508655126,30,40,
"Nu: 0.1, Gamma: 0.1",688,63,0,0,91.61118508655126,30,40,
"Nu: 0.1, Gamma: 0.2",688,63,0,0,91.61118508655126,30,40,
"Nu: 0.1, Gamma: 0.5",688,63,0,0,91.61118508655126,30,40,
"Nu: 0.1, Gamma: 0.7",688,63,0,0,91.61118508655126,30,40,
"Nu: 0.1, Gamma: 0.9",688,63,0,0,91.61118508655126,30,40,
"Nu: 0.1, Gamma: 0.99",688,63,0,0,91.61118508655126,30,40,
"Nu: 0.2, Gamma: 1e-05",688,30,0,33,96.00532623169109,30,40,
"Nu: 0.2, Gamma: 2e-05",688,38,0,25,94.94007989347537,30,40,
"Nu: 0.2, Gamma: 3e-05",688,41,0,22,94.54061251664447,30,40,
"Nu: 0.2, Gamma: 4e-05",688,42,0,21,94.4074567243675,30,40,
"Nu: 0.2, Gamma: 5e-05",688,43,0,20,94.27430093209055,30,40,
"Nu: 0.2, Gamma: 6e-05",688,43,0,20,94.27430093209055,30,40,
"Nu: 0.2, Gamma: 7e-05",688,42,0,21,94.4074567243675,30,40,
"Nu: 0.2, Gamma: 8e-05",688,43,0,20,94.27430093209055,30,40,
"Nu: 0.2, Gamma: 9e-05",688,43,0,20,94.27430093209055,30,40,
"Nu: 0.2, Gamma: 0.0001",688,44,0,19,94.14114513981359,30,40,
"Nu: 0.2, Gamma: 0.0002",688,49,0,14,93.47536617842877,30,40,
"Nu: 0.2, Gamma: 0.0003",688,52,0,11,93.07589880159787,30,40,
"Nu: 0.2, Gamma: 0.0004",688,52,0,11,93.07589880159787,30,40,
"Nu: 0.2, Gamma: 0.005",688,62,0,1,91.74434087882824,30,40,
"Nu: 0.2, Gamma: 0.05",688,63,0,0,91.61118508655126,30,40,
"Nu: 0.2, Gamma: 0.0625",688,63,0,0,91.61118508655126,30,40,
"Nu: 0.2, Gamma: 0.1",688,63,0,0,91.61118508655126,30,40,
"Nu: 0.2, Gamma: 0.2",688,63,0,0,91.61118508655126,30,40,
"Nu: 0.2, Gamma: 0.5",688,63,0,0,91.61118508655126,30,40,
"Nu: 0.2, Gamma: 0.7",688,63,0,0,91.61118508655126,30,40,
"Nu: 0.2, Gamma: 0.9",688,63,0,0,91.61118508655126,30,40,
"Nu: 0.2, Gamma: 0.99",688,63,0,0,91.61118508655126,30,40,
"Nu: 0.5, Gamma: 1e-05",688,39,0,24,94.8069241011984,30,40,
"Nu: 0.5, Gamma: 2e-05",688,41,0,22,94.54061251664447,30,40,
"Nu: 0.5, Gamma: 3e-05",688,42,0,21,94.4074567243675,30,40,
"Nu: 0.5, Gamma: 4e-05",688,42,0,21,94.4074567243675,30,40,
"Nu: 0.5, Gamma: 5e-05",688,43,0,20,94.27430093209055,30,40,
"Nu: 0.5, Gamma: 6e-05",688,43,0,20,94.27430093209055,30,40,
"Nu: 0.5, Gamma: 7e-05",688,43,0,20,94.27430093209055,30,40,
"Nu: 0.5, Gamma: 8e-05",688,43,0,20,94.27430093209055,30,40,
"Nu: 0.5, Gamma: 9e-05",688,43,0,20,94.27430093209055,30,40,
"Nu: 0.5, Gamma: 0.0001",688,44,0,19,94.14114513981359,30,40,
"Nu: 0.5, Gamma: 0.0002",688,49,0,14,93.47536617842877,30,40,
"Nu: 0.5, Gamma: 0.0003",688,51,0,12,93.20905459387482,30,40,
"Nu: 0.5, Gamma: 0.0004",688,52,0,11,93.07589880159787,30,40,
"Nu: 0.5, Gamma: 0.005",688,62,0,1,91.74434087882824,30,40,
"Nu: 0.5, Gamma: 0.05",688,63,0,0,91.61118508655126,30,40,
"Nu: 0.5, Gamma: 0.0625",688,63,0,0,91.61118508655126,30,40,
"Nu: 0.5, Gamma: 0.1",688,63,0,0,91.61118508655126,30,40,
"Nu: 0.5, Gamma: 0.2",688,63,0,0,91.61118508655126,30,40,
"Nu: 0.5, Gamma: 0.5",688,63,0,0,91.61118508655126,30,40,
"Nu: 0.5, Gamma: 0.7",688,63,0,0,91.61118508655126,30,40,
"Nu: 0.5, Gamma: 0.9",688,63,0,0,91.61118508655126,30,40,
"Nu: 0.5, Gamma: 0.99",688,63,0,0,91.61118508655126,30,40,
"Nu: 0.7, Gamma: 1e-05",688,45,0,18,94.00798934753661,30,40,
"Nu: 0.7, Gamma: 2e-05",688,46,0,17,93.87483355525966,30,40,
"Nu: 0.7, Gamma: 3e-05",688,46,0,17,93.87483355525966,30,40,
"Nu: 0.7, Gamma: 4e-05",688,46,0,17,93.87483355525966,30,40,
"Nu: 0.7, Gamma: 5e-05",688,45,0,18,94.00798934753661,30,40,
"Nu: 0.7, Gamma: 6e-05",688,45,0,18,94.00798934753661,30,40,
"Nu: 0.7, Gamma: 7e-05",688,45,0,18,94.00798934753661,30,40,
"Nu: 0.7, Gamma: 8e-05",688,45,0,18,94.00798934753661,30,40,
"Nu: 0.7, Gamma: 9e-05",688,46,0,17,93.87483355525966,30,40,
"Nu: 0.7, Gamma: 0.0001",688,46,0,17,93.87483355525966,30,40,
"Nu: 0.7, Gamma: 0.0002",688,48,0,15,93.60852197070572,30,40,
"Nu: 0.7, Gamma: 0.0003",688,51,0,12,93.20905459387482,30,40,
"Nu: 0.7, Gamma: 0.0004",688,52,0,11,93.07589880159787,30,40,
"Nu: 0.7, Gamma: 0.005",688,62,0,1,91.74434087882824,30,40,
"Nu: 0.7, Gamma: 0.05",688,63,0,0,91.61118508655126,30,40,
"Nu: 0.7, Gamma: 0.0625",688,63,0,0,91.61118508655126,30,40,
"Nu: 0.7, Gamma: 0.1",688,63,0,0,91.61118508655126,30,40,
"Nu: 0.7, Gamma: 0.2",688,63,0,0,91.61118508655126,30,40,
"Nu: 0.7, Gamma: 0.5",688,63,0,0,91.61118508655126,30,40,
"Nu: 0.7, Gamma: 0.7",688,63,0,0,91.61118508655126,30,40,
"Nu: 0.7, Gamma: 0.9",688,63,0,0,91.61118508655126,30,40,
"Nu: 0.7, Gamma: 0.99",688,63,0,0,91.61118508655126,30,40,
"Nu: 0.9, Gamma: 1e-05",688,57,0,6,92.41011984021304,30,40,
"Nu: 0.9, Gamma: 2e-05",688,59,0,4,92.14380825565912,30,40,
"Nu: 0.9, Gamma: 3e-05",688,59,0,4,92.14380825565912,30,40,
"Nu: 0.9, Gamma: 4e-05",688,58,0,5,92.27696404793608,30,40,
"Nu: 0.9, Gamma: 5e-05",688,57,0,6,92.41011984021304,30,40,
"Nu: 0.9, Gamma: 6e-05",688,56,0,7,92.54327563249002,30,40,
"Nu: 0.9, Gamma: 7e-05",688,56,0,7,92.54327563249002,30,40,
"Nu: 0.9, Gamma: 8e-05",688,55,0,8,92.67643142476697,30,40,
"Nu: 0.9, Gamma: 9e-05",688,57,0,6,92.41011984021304,30,40,
"Nu: 0.9, Gamma: 0.0001",688,59,0,4,92.14380825565912,30,40,
"Nu: 0.9, Gamma: 0.0002",688,59,0,4,92.14380825565912,30,40,
"Nu: 0.9, Gamma: 0.0003",688,58,0,5,92.27696404793608,30,40,
"Nu: 0.9, Gamma: 0.0004",688,58,0,5,92.27696404793608,30,40,
"Nu: 0.9, Gamma: 0.005",688,62,0,1,91.74434087882824,30,40,
"Nu: 0.9, Gamma: 0.05",688,63,0,0,91.61118508655126,30,40,
"Nu: 0.9, Gamma: 0.0625",688,63,0,0,91.61118508655126,30,40,
"Nu: 0.9, Gamma: 0.1",688,63,0,0,91.61118508655126,30,40,
"Nu: 0.9, Gamma: 0.2",688,63,0,0,91.61118508655126,30,40,
"Nu: 0.9, Gamma: 0.5",688,63,0,0,91.61118508655126,30,40,
"Nu: 0.9, Gamma: 0.7",688,63,0,0,91.61118508655126,30,40,
"Nu: 0.9, Gamma: 0.9",688,63,0,0,91.61118508655126,30,40,
"Nu: 0.9, Gamma: 0.99",688,63,0,0,91.61118508655126,30,40,
"Nu: 0.99, Gamma: 1e-05",688,62,0,1,91.74434087882824,30,40,
"Nu: 0.99, Gamma: 2e-05",688,63,0,0,91.61118508655126,30,40,
"Nu: 0.99, Gamma: 3e-05",688,63,0,0,91.61118508655126,30,40,
"Nu: 0.99, Gamma: 4e-05",688,63,0,0,91.61118508655126,30,40,
"Nu: 0.99, Gamma: 5e-05",688,63,0,0,91.61118508655126,30,40,
"Nu: 0.99, Gamma: 6e-05",688,63,0,0,91.61118508655126,30,40,
"Nu: 0.99, Gamma: 7e-05",688,63,0,0,91.61118508655126,30,40,
"Nu: 0.99, Gamma: 8e-05",688,63,0,0,91.61118508655126,30,40,
"Nu: 0.99, Gamma: 9e-05",688,63,0,0,91.61118508655126,30,40,
"Nu: 0.99, Gamma: 0.0001",688,63,0,0,91.61118508655126,30,40,
"Nu: 0.99, Gamma: 0.0002",688,63,0,0,91.61118508655126,30,40,
"Nu: 0.99, Gamma: 0.0003",688,62,0,1,91.74434087882824,30,40,
"Nu: 0.99, Gamma: 0.0004",688,62,0,1,91.74434087882824,30,40,
"Nu: 0.99, Gamma: 0.005",688,63,0,0,91.61118508655126,30,40,
"Nu: 0.99, Gamma: 0.05",688,63,0,0,91.61118508655126,30,40,
"Nu: 0.99, Gamma: 0.0625",688,63,0,0,91.61118508655126,30,40,
"Nu: 0.99, Gamma: 0.1",688,63,0,0,91.61118508655126,30,40,
"Nu: 0.99, Gamma: 0.2",688,63,0,0,91.61118508655126,30,40,
"Nu: 0.99, Gamma: 0.5",688,63,0,0,91.61118508655126,30,40,
"Nu: 0.99, Gamma: 0.7",688,63,0,0,91.61118508655126,30,40,
"Nu: 0.99, Gamma: 0.9",688,63,0,0,91.61118508655126,30,40,
"Nu: 0.99, Gamma: 0.99",688,63,0,0,91.61118508655126,30,40,
,,,,,,,,
Features: 16,,,,,,,,
Target Class: blackscholes,TP,FP,FN,TN,ACC (%),Noise Percantages,Upsampling,
"Nu: 5e-05, Gamma: 1e-05",937,31,23,5,94.57831325301204,40,40,
"Nu: 5e-05, Gamma: 2e-05",960,36,0,0,96.3855421686747,40,40,
"Nu: 5e-05, Gamma: 3e-05",960,36,0,0,96.3855421686747,40,40,
"Nu: 5e-05, Gamma: 4e-05",960,36,0,0,96.3855421686747,40,40,
"Nu: 5e-05, Gamma: 5e-05",960,36,0,0,96.3855421686747,40,40,
"Nu: 5e-05, Gamma: 6e-05",960,36,0,0,96.3855421686747,40,40,
"Nu: 5e-05, Gamma: 7e-05",960,36,0,0,96.3855421686747,40,40,
"Nu: 5e-05, Gamma: 8e-05",960,36,0,0,96.3855421686747,40,40,
"Nu: 5e-05, Gamma: 9e-05",960,36,0,0,96.3855421686747,40,40,
"Nu: 5e-05, Gamma: 0.0001",960,36,0,0,96.3855421686747,40,40,
"Nu: 5e-05, Gamma: 0.0002",960,36,0,0,96.3855421686747,40,40,
"Nu: 5e-05, Gamma: 0.0003",960,36,0,0,96.3855421686747,40,40,
"Nu: 5e-05, Gamma: 0.0004",960,36,0,0,96.3855421686747,40,40,
"Nu: 5e-05, Gamma: 0.005",960,36,0,0,96.3855421686747,40,40,
"Nu: 5e-05, Gamma: 0.05",960,36,0,0,96.3855421686747,40,40,
"Nu: 5e-05, Gamma: 0.0625",960,36,0,0,96.3855421686747,40,40,
"Nu: 5e-05, Gamma: 0.1",960,36,0,0,96.3855421686747,40,40,
"Nu: 5e-05, Gamma: 0.2",960,36,0,0,96.3855421686747,40,40,
"Nu: 5e-05, Gamma: 0.5",960,36,0,0,96.3855421686747,40,40,
"Nu: 5e-05, Gamma: 0.7",960,36,0,0,96.3855421686747,40,40,
"Nu: 5e-05, Gamma: 0.9",960,36,0,0,96.3855421686747,40,40,
"Nu: 5e-05, Gamma: 0.99",960,36,0,0,96.3855421686747,40,40,
"Nu: 6e-05, Gamma: 1e-05",960,36,0,0,96.3855421686747,40,40,
"Nu: 6e-05, Gamma: 2e-05",960,36,0,0,96.3855421686747,40,40,
"Nu: 6e-05, Gamma: 3e-05",867,22,93,14,88.45381526104418,40,40,
"Nu: 6e-05, Gamma: 4e-05",951,31,9,5,95.98393574297188,40,40,
"Nu: 6e-05, Gamma: 5e-05",960,35,0,1,96.4859437751004,40,40,
"Nu: 6e-05, Gamma: 6e-05",960,36,0,0,96.3855421686747,40,40,
"Nu: 6e-05, Gamma: 7e-05",960,36,0,0,96.3855421686747,40,40,
"Nu: 6e-05, Gamma: 8e-05",960,36,0,0,96.3855421686747,40,40,
"Nu: 6e-05, Gamma: 9e-05",960,36,0,0,96.3855421686747,40,40,
"Nu: 6e-05, Gamma: 0.0001",960,36,0,0,96.3855421686747,40,40,
"Nu: 6e-05, Gamma: 0.0002",960,36,0,0,96.3855421686747,40,40,
"Nu: 6e-05, Gamma: 0.0003",960,36,0,0,96.3855421686747,40,40,
"Nu: 6e-05, Gamma: 0.0004",960,36,0,0,96.3855421686747,40,40,
"Nu: 6e-05, Gamma: 0.005",960,36,0,0,96.3855421686747,40,40,
"Nu: 6e-05, Gamma: 0.05",960,36,0,0,96.3855421686747,40,40,
"Nu: 6e-05, Gamma: 0.0625",960,36,0,0,96.3855421686747,40,40,
"Nu: 6e-05, Gamma: 0.1",960,36,0,0,96.3855421686747,40,40,
"Nu: 6e-05, Gamma: 0.2",960,36,0,0,96.3855421686747,40,40,
"Nu: 6e-05, Gamma: 0.5",960,36,0,0,96.3855421686747,40,40,
"Nu: 6e-05, Gamma: 0.7",960,36,0,0,96.3855421686747,40,40,
"Nu: 6e-05, Gamma: 0.9",960,36,0,0,96.3855421686747,40,40,
"Nu: 6e-05, Gamma: 0.99",960,36,0,0,96.3855421686747,40,40,
"Nu: 7e-05, Gamma: 1e-05",960,35,0,1,96.4859437751004,40,40,
"Nu: 7e-05, Gamma: 2e-05",783,13,177,23,80.92369477911646,40,40,
"Nu: 7e-05, Gamma: 3e-05",867,22,93,14,88.45381526104418,40,40,
"Nu: 7e-05, Gamma: 4e-05",951,31,9,5,95.98393574297188,40,40,
"Nu: 7e-05, Gamma: 5e-05",960,35,0,1,96.4859437751004,40,40,
"Nu: 7e-05, Gamma: 6e-05",960,36,0,0,96.3855421686747,40,40,
"Nu: 7e-05, Gamma: 7e-05",960,36,0,0,96.3855421686747,40,40,
"Nu: 7e-05, Gamma: 8e-05",960,36,0,0,96.3855421686747,40,40,
"Nu: 7e-05, Gamma: 9e-05",960,36,0,0,96.3855421686747,40,40,
"Nu: 7e-05, Gamma: 0.0001",960,36,0,0,96.3855421686747,40,40,
"Nu: 7e-05, Gamma: 0.0002",960,36,0,0,96.3855421686747,40,40,
"Nu: 7e-05, Gamma: 0.0003",960,36,0,0,96.3855421686747,40,40,
"Nu: 7e-05, Gamma: 0.0004",960,36,0,0,96.3855421686747,40,40,
"Nu: 7e-05, Gamma: 0.005",960,36,0,0,96.3855421686747,40,40,
"Nu: 7e-05, Gamma: 0.05",960,36,0,0,96.3855421686747,40,40,
"Nu: 7e-05, Gamma: 0.0625",960,36,0,0,96.3855421686747,40,40,
"Nu: 7e-05, Gamma: 0.1",960,36,0,0,96.3855421686747,40,40,
"Nu: 7e-05, Gamma: 0.2",960,36,0,0,96.3855421686747,40,40,
"Nu: 7e-05, Gamma: 0.5",960,36,0,0,96.3855421686747,40,40,
"Nu: 7e-05, Gamma: 0.7",960,36,0,0,96.3855421686747,40,40,
"Nu: 7e-05, Gamma: 0.9",960,36,0,0,96.3855421686747,40,40,
"Nu: 7e-05, Gamma: 0.99",960,36,0,0,96.3855421686747,40,40,
"Nu: 8e-05, Gamma: 1e-05",960,35,0,1,96.4859437751004,40,40,
"Nu: 8e-05, Gamma: 2e-05",780,11,180,25,80.82329317269075,40,40,
"Nu: 8e-05, Gamma: 3e-05",867,22,93,14,88.45381526104418,40,40,
"Nu: 8e-05, Gamma: 4e-05",951,31,9,5,95.98393574297188,40,40,
"Nu: 8e-05, Gamma: 5e-05",960,35,0,1,96.4859437751004,40,40,
"Nu: 8e-05, Gamma: 6e-05",960,36,0,0,96.3855421686747,40,40,
"Nu: 8e-05, Gamma: 7e-05",960,36,0,0,96.3855421686747,40,40,
"Nu: 8e-05, Gamma: 8e-05",960,36,0,0,96.3855421686747,40,40,
"Nu: 8e-05, Gamma: 9e-05",960,36,0,0,96.3855421686747,40,40,
"Nu: 8e-05, Gamma: 0.0001",960,36,0,0,96.3855421686747,40,40,
"Nu: 8e-05, Gamma: 0.0002",960,36,0,0,96.3855421686747,40,40,
"Nu: 8e-05, Gamma: 0.0003",960,36,0,0,96.3855421686747,40,40,
"Nu: 8e-05, Gamma: 0.0004",960,36,0,0,96.3855421686747,40,40,
"Nu: 8e-05, Gamma: 0.005",960,36,0,0,96.3855421686747,40,40,
"Nu: 8e-05, Gamma: 0.05",960,36,0,0,96.3855421686747,40,40,
"Nu: 8e-05, Gamma: 0.0625",960,36,0,0,96.3855421686747,40,40,
"Nu: 8e-05, Gamma: 0.1",960,36,0,0,96.3855421686747,40,40,
"Nu: 8e-05, Gamma: 0.2",960,36,0,0,96.3855421686747,40,40,
"Nu: 8e-05, Gamma: 0.5",960,36,0,0,96.3855421686747,40,40,
"Nu: 8e-05, Gamma: 0.7",960,36,0,0,96.3855421686747,40,40,
"Nu: 8e-05, Gamma: 0.9",960,36,0,0,96.3855421686747,40,40,
"Nu: 8e-05, Gamma: 0.99",960,36,0,0,96.3855421686747,40,40,
"Nu: 9e-05, Gamma: 1e-05",754,6,206,30,78.714859437751,40,40,
"Nu: 9e-05, Gamma: 2e-05",780,11,180,25,80.82329317269075,40,40,
"Nu: 9e-05, Gamma: 3e-05",867,22,93,14,88.45381526104418,40,40,
"Nu: 9e-05, Gamma: 4e-05",951,31,9,5,95.98393574297188,40,40,
"Nu: 9e-05, Gamma: 5e-05",960,35,0,1,96.4859437751004,40,40,
"Nu: 9e-05, Gamma: 6e-05",960,36,0,0,96.3855421686747,40,40,
"Nu: 9e-05, Gamma: 7e-05",960,36,0,0,96.3855421686747,40,40,
"Nu: 9e-05, Gamma: 8e-05",960,36,0,0,96.3855421686747,40,40,
"Nu: 9e-05, Gamma: 9e-05",960,36,0,0,96.3855421686747,40,40,
"Nu: 9e-05, Gamma: 0.0001",960,36,0,0,96.3855421686747,40,40,
"Nu: 9e-05, Gamma: 0.0002",960,36,0,0,96.3855421686747,40,40,
"Nu: 9e-05, Gamma: 0.0003",960,36,0,0,96.3855421686747,40,40,
"Nu: 9e-05, Gamma: 0.0004",960,36,0,0,96.3855421686747,40,40,
"Nu: 9e-05, Gamma: 0.005",960,36,0,0,96.3855421686747,40,40,
"Nu: 9e-05, Gamma: 0.05",960,36,0,0,96.3855421686747,40,40,
"Nu: 9e-05, Gamma: 0.0625",960,36,0,0,96.3855421686747,40,40,
"Nu: 9e-05, Gamma: 0.1",960,36,0,0,96.3855421686747,40,40,
"Nu: 9e-05, Gamma: 0.2",960,36,0,0,96.3855421686747,40,40,
"Nu: 9e-05, Gamma: 0.5",960,36,0,0,96.3855421686747,40,40,
"Nu: 9e-05, Gamma: 0.7",960,36,0,0,96.3855421686747,40,40,
"Nu: 9e-05, Gamma: 0.9",960,36,0,0,96.3855421686747,40,40,
"Nu: 9e-05, Gamma: 0.99",960,36,0,0,96.3855421686747,40,40,
"Nu: 0.0001, Gamma: 1e-05",738,5,222,31,77.20883534136547,40,40,
"Nu: 0.0001, Gamma: 2e-05",780,11,180,25,80.82329317269075,40,40,
"Nu: 0.0001, Gamma: 3e-05",867,22,93,14,88.45381526104418,40,40,
"Nu: 0.0001, Gamma: 4e-05",951,31,9,5,95.98393574297188,40,40,
"Nu: 0.0001, Gamma: 5e-05",960,35,0,1,96.4859437751004,40,40,
"Nu: 0.0001, Gamma: 6e-05",908,25,52,11,92.26907630522089,40,40,
"Nu: 0.0001, Gamma: 7e-05",960,36,0,0,96.3855421686747,40,40,
"Nu: 0.0001, Gamma: 8e-05",960,36,0,0,96.3855421686747,40,40,
"Nu: 0.0001, Gamma: 9e-05",960,36,0,0,96.3855421686747,40,40,
"Nu: 0.0001, Gamma: 0.0001",960,36,0,0,96.3855421686747,40,40,
"Nu: 0.0001, Gamma: 0.0002",960,36,0,0,96.3855421686747,40,40,
"Nu: 0.0001, Gamma: 0.0003",960,36,0,0,96.3855421686747,40,40,
"Nu: 0.0001, Gamma: 0.0004",960,36,0,0,96.3855421686747,40,40,
"Nu: 0.0001, Gamma: 0.005",960,36,0,0,96.3855421686747,40,40,
"Nu: 0.0001, Gamma: 0.05",960,36,0,0,96.3855421686747,40,40,
"Nu: 0.0001, Gamma: 0.0625",960,36,0,0,96.3855421686747,40,40,
"Nu: 0.0001, Gamma: 0.1",960,36,0,0,96.3855421686747,40,40,
"Nu: 0.0001, Gamma: 0.2",960,36,0,0,96.3855421686747,40,40,
"Nu: 0.0001, Gamma: 0.5",960,36,0,0,96.3855421686747,40,40,
"Nu: 0.0001, Gamma: 0.7",960,36,0,0,96.3855421686747,40,40,
"Nu: 0.0001, Gamma: 0.9",960,36,0,0,96.3855421686747,40,40,
"Nu: 0.0001, Gamma: 0.99",960,36,0,0,96.3855421686747,40,40,
"Nu: 0.0002, Gamma: 1e-05",737,4,223,32,77.20883534136547,40,40,
"Nu: 0.0002, Gamma: 2e-05",738,8,222,28,76.90763052208835,40,40,
"Nu: 0.0002, Gamma: 3e-05",911,28,49,8,92.26907630522089,40,40,
"Nu: 0.0002, Gamma: 4e-05",957,35,3,1,96.18473895582329,40,40,
"Nu: 0.0002, Gamma: 5e-05",960,35,0,1,96.4859437751004,40,40,
"Nu: 0.0002, Gamma: 6e-05",909,23,51,13,92.570281124498,40,40,
"Nu: 0.0002, Gamma: 7e-05",919,27,41,9,93.17269076305222,40,40,
"Nu: 0.0002, Gamma: 8e-05",761,10,199,26,79.01606425702812,40,40,
"Nu: 0.0002, Gamma: 9e-05",765,10,195,26,79.41767068273093,40,40,
"Nu: 0.0002, Gamma: 0.0001",765,10,195,26,79.41767068273093,40,40,
"Nu: 0.0002, Gamma: 0.0002",779,12,181,24,80.62248995983936,40,40,
"Nu: 0.0002, Gamma: 0.0003",890,20,70,16,90.96385542168674,40,40,
"Nu: 0.0002, Gamma: 0.0004",960,35,0,1,96.4859437751004,40,40,
"Nu: 0.0002, Gamma: 0.005",960,36,0,0,96.3855421686747,40,40,
"Nu: 0.0002, Gamma: 0.05",960,36,0,0,96.3855421686747,40,40,
"Nu: 0.0002, Gamma: 0.0625",960,36,0,0,96.3855421686747,40,40,
"Nu: 0.0002, Gamma: 0.1",960,36,0,0,96.3855421686747,40,40,
"Nu: 0.0002, Gamma: 0.2",960,36,0,0,96.3855421686747,40,40,
"Nu: 0.0002, Gamma: 0.5",960,36,0,0,96.3855421686747,40,40,
"Nu: 0.0002, Gamma: 0.7",960,36,0,0,96.3855421686747,40,40,
"Nu: 0.0002, Gamma: 0.9",960,36,0,0,96.3855421686747,40,40,
"Nu: 0.0002, Gamma: 0.99",960,36,0,0,96.3855421686747,40,40,
"Nu: 0.0003, Gamma: 1e-05",737,5,223,31,77.10843373493977,40,40,
"Nu: 0.0003, Gamma: 2e-05",738,6,222,30,77.10843373493977,40,40,
"Nu: 0.0003, Gamma: 3e-05",879,23,81,13,89.5582329317269,40,40,
"Nu: 0.0003, Gamma: 4e-05",885,26,75,10,89.85943775100401,40,40,
"Nu: 0.0003, Gamma: 5e-05",756,8,204,28,78.714859437751,40,40,
"Nu: 0.0003, Gamma: 6e-05",804,8,156,28,83.53413654618474,40,40,
"Nu: 0.0003, Gamma: 7e-05",894,23,66,13,91.06425702811245,40,40,
"Nu: 0.0003, Gamma: 8e-05",758,10,202,26,78.714859437751,40,40,
"Nu: 0.0003, Gamma: 9e-05",765,10,195,26,79.41767068273093,40,40,
"Nu: 0.0003, Gamma: 0.0001",781,13,179,23,80.72289156626506,40,40,
"Nu: 0.0003, Gamma: 0.0002",896,28,64,8,90.76305220883533,40,40,
"Nu: 0.0003, Gamma: 0.0003",938,33,22,3,94.47791164658635,40,40,
"Nu: 0.0003, Gamma: 0.0004",960,36,0,0,96.3855421686747,40,40,
"Nu: 0.0003, Gamma: 0.005",932,30,28,6,94.17670682730925,40,40,
"Nu: 0.0003, Gamma: 0.05",960,36,0,0,96.3855421686747,40,40,
"Nu: 0.0003, Gamma: 0.0625",960,36,0,0,96.3855421686747,40,40,
"Nu: 0.0003, Gamma: 0.1",960,36,0,0,96.3855421686747,40,40,
"Nu: 0.0003, Gamma: 0.2",960,36,0,0,96.3855421686747,40,40,
"Nu: 0.0003, Gamma: 0.5",960,36,0,0,96.3855421686747,40,40,
"Nu: 0.0003, Gamma: 0.7",960,36,0,0,96.3855421686747,40,40,
"Nu: 0.0003, Gamma: 0.9",960,36,0,0,96.3855421686747,40,40,
"Nu: 0.0003, Gamma: 0.99",960,36,0,0,96.3855421686747,40,40,
"Nu: 0.0004, Gamma: 1e-05",737,5,223,31,77.10843373493977,40,40,
"Nu: 0.0004, Gamma: 2e-05",738,6,222,30,77.10843373493977,40,40,
"Nu: 0.0004, Gamma: 3e-05",783,12,177,24,81.02409638554217,40,40,
"Nu: 0.0004, Gamma: 4e-05",868,19,92,17,88.85542168674698,40,40,
"Nu: 0.0004, Gamma: 5e-05",756,8,204,28,78.714859437751,40,40,
"Nu: 0.0004, Gamma: 6e-05",768,8,192,28,79.91967871485943,40,40,
"Nu: 0.0004, Gamma: 7e-05",771,10,189,26,80.02008032128514,40,40,
"Nu: 0.0004, Gamma: 8e-05",776,10,184,26,80.52208835341365,40,40,
"Nu: 0.0004, Gamma: 9e-05",771,10,189,26,80.02008032128514,40,40,
"Nu: 0.0004, Gamma: 0.0001",781,13,179,23,80.72289156626506,40,40,
"Nu: 0.0004, Gamma: 0.0002",902,28,58,8,91.36546184738957,40,40,
"Nu: 0.0004, Gamma: 0.0003",904,23,56,13,92.06827309236948,40,40,
"Nu: 0.0004, Gamma: 0.0004",960,36,0,0,96.3855421686747,40,40,
"Nu: 0.0004, Gamma: 0.005",932,30,28,6,94.17670682730925,40,40,
"Nu: 0.0004, Gamma: 0.05",960,36,0,0,96.3855421686747,40,40,
"Nu: 0.0004, Gamma: 0.0625",960,36,0,0,96.3855421686747,40,40,
"Nu: 0.0004, Gamma: 0.1",960,36,0,0,96.3855421686747,40,40,
"Nu: 0.0004, Gamma: 0.2",960,36,0,0,96.3855421686747,40,40,
"Nu: 0.0004, Gamma: 0.5",960,36,0,0,96.3855421686747,40,40,
"Nu: 0.0004, Gamma: 0.7",960,36,0,0,96.3855421686747,40,40,
"Nu: 0.0004, Gamma: 0.9",960,36,0,0,96.3855421686747,40,40,
"Nu: 0.0004, Gamma: 0.99",960,36,0,0,96.3855421686747,40,40,
"Nu: 0.005, Gamma: 1e-05",768,3,192,33,80.42168674698796,40,40,
"Nu: 0.005, Gamma: 2e-05",738,7,222,29,77.00803212851406,40,40,
"Nu: 0.005, Gamma: 3e-05",775,8,185,28,80.62248995983936,40,40,
"Nu: 0.005, Gamma: 4e-05",782,11,178,25,81.02409638554217,40,40,
"Nu: 0.005, Gamma: 5e-05",796,13,164,23,82.2289156626506,40,40,
"Nu: 0.005, Gamma: 6e-05",793,11,167,25,82.1285140562249,40,40,
"Nu: 0.005, Gamma: 7e-05",791,9,169,27,82.1285140562249,40,40,
"Nu: 0.005, Gamma: 8e-05",791,9,169,27,82.1285140562249,40,40,
"Nu: 0.005, Gamma: 9e-05",793,9,167,27,82.32931726907631,40,40,
"Nu: 0.005, Gamma: 0.0001",797,9,163,27,82.73092369477911,40,40,
"Nu: 0.005, Gamma: 0.0002",805,10,155,26,83.43373493975903,40,40,
"Nu: 0.005, Gamma: 0.0003",825,10,135,26,85.4417670682731,40,40,
"Nu: 0.005, Gamma: 0.0004",841,13,119,23,86.74698795180723,40,40,
"Nu: 0.005, Gamma: 0.005",913,24,47,12,92.8714859437751,40,40,
"Nu: 0.005, Gamma: 0.05",954,33,6,3,96.08433734939759,40,40,
"Nu: 0.005, Gamma: 0.0625",954,33,6,3,96.08433734939759,40,40,
"Nu: 0.005, Gamma: 0.1",953,33,7,3,95.98393574297188,40,40,
"Nu: 0.005, Gamma: 0.2",959,35,1,1,96.3855421686747,40,40,
"Nu: 0.005, Gamma: 0.5",960,36,0,0,96.3855421686747,40,40,
"Nu: 0.005, Gamma: 0.7",960,36,0,0,96.3855421686747,40,40,
"Nu: 0.005, Gamma: 0.9",960,36,0,0,96.3855421686747,40,40,
"Nu: 0.005, Gamma: 0.99",960,36,0,0,96.3855421686747,40,40,
"Nu: 0.05, Gamma: 1e-05",768,3,192,33,80.42168674698796,40,40,
"Nu: 0.05, Gamma: 2e-05",773,7,187,29,80.52208835341365,40,40,
"Nu: 0.05, Gamma: 3e-05",777,8,183,28,80.82329317269075,40,40,
"Nu: 0.05, Gamma: 4e-05",777,8,183,28,80.82329317269075,40,40,
"Nu: 0.05, Gamma: 5e-05",783,9,177,27,81.32530120481928,40,40,
"Nu: 0.05, Gamma: 6e-05",789,8,171,28,82.0281124497992,40,40,
"Nu: 0.05, Gamma: 7e-05",790,9,170,27,82.0281124497992,40,40,
"Nu: 0.05, Gamma: 8e-05",793,10,167,26,82.2289156626506,40,40,
"Nu: 0.05, Gamma: 9e-05",795,9,165,27,82.53012048192771,40,40,
"Nu: 0.05, Gamma: 0.0001",798,9,162,27,82.83132530120481,40,40,
"Nu: 0.05, Gamma: 0.0002",803,10,157,26,83.23293172690764,40,40,
"Nu: 0.05, Gamma: 0.0003",827,11,133,25,85.54216867469879,40,40,
"Nu: 0.05, Gamma: 0.0004",842,11,118,25,87.04819277108435,40,40,
"Nu: 0.05, Gamma: 0.005",912,23,48,13,92.8714859437751,40,40,
"Nu: 0.05, Gamma: 0.05",946,32,14,4,95.38152610441767,40,40,
"Nu: 0.05, Gamma: 0.0625",950,32,10,4,95.78313253012048,40,40,
"Nu: 0.05, Gamma: 0.1",954,33,6,3,96.08433734939759,40,40,
"Nu: 0.05, Gamma: 0.2",960,35,0,1,96.4859437751004,40,40,
"Nu: 0.05, Gamma: 0.5",960,36,0,0,96.3855421686747,40,40,
"Nu: 0.05, Gamma: 0.7",960,36,0,0,96.3855421686747,40,40,
"Nu: 0.05, Gamma: 0.9",960,36,0,0,96.3855421686747,40,40,
"Nu: 0.05, Gamma: 0.99",960,36,0,0,96.3855421686747,40,40,
"Nu: 0.0625, Gamma: 1e-05",768,3,192,33,80.42168674698796,40,40,
"Nu: 0.0625, Gamma: 2e-05",773,7,187,29,80.52208835341365,40,40,
"Nu: 0.0625, Gamma: 3e-05",777,8,183,28,80.82329317269075,40,40,
"Nu: 0.0625, Gamma: 4e-05",777,8,183,28,80.82329317269075,40,40,
"Nu: 0.0625, Gamma: 5e-05",783,8,177,28,81.42570281124499,40,40,
"Nu: 0.0625, Gamma: 6e-05",789,8,171,28,82.0281124497992,40,40,
"Nu: 0.0625, Gamma: 7e-05",790,10,170,26,81.92771084337349,40,40,
"Nu: 0.0625, Gamma: 8e-05",793,9,167,27,82.32931726907631,40,40,
"Nu: 0.0625, Gamma: 9e-05",795,9,165,27,82.53012048192771,40,40,
"Nu: 0.0625, Gamma: 0.0001",798,9,162,27,82.83132530120481,40,40,
"Nu: 0.0625, Gamma: 0.0002",803,10,157,26,83.23293172690764,40,40,
"Nu: 0.0625, Gamma: 0.0003",826,11,134,25,85.4417670682731,40,40,
"Nu: 0.0625, Gamma: 0.0004",842,11,118,25,87.04819277108435,40,40,
"Nu: 0.0625, Gamma: 0.005",912,23,48,13,92.8714859437751,40,40,
"Nu: 0.0625, Gamma: 0.05",946,32,14,4,95.38152610441767,40,40,
"Nu: 0.0625, Gamma: 0.0625",950,32,10,4,95.78313253012048,40,40,
"Nu: 0.0625, Gamma: 0.1",954,33,6,3,96.08433734939759,40,40,
"Nu: 0.0625, Gamma: 0.2",960,35,0,1,96.4859437751004,40,40,
"Nu: 0.0625, Gamma: 0.5",960,36,0,0,96.3855421686747,40,40,
"Nu: 0.0625, Gamma: 0.7",960,36,0,0,96.3855421686747,40,40,
"Nu: 0.0625, Gamma: 0.9",960,36,0,0,96.3855421686747,40,40,
"Nu: 0.0625, Gamma: 0.99",960,36,0,0,96.3855421686747,40,40,
"Nu: 0.1, Gamma: 1e-05",769,5,191,31,80.32128514056225,40,40,
"Nu: 0.1, Gamma: 2e-05",773,7,187,29,80.52208835341365,40,40,
"Nu: 0.1, Gamma: 3e-05",777,8,183,28,80.82329317269075,40,40,
"Nu: 0.1, Gamma: 4e-05",777,8,183,28,80.82329317269075,40,40,
"Nu: 0.1, Gamma: 5e-05",783,8,177,28,81.42570281124499,40,40,
"Nu: 0.1, Gamma: 6e-05",789,8,171,28,82.0281124497992,40,40,
"Nu: 0.1, Gamma: 7e-05",790,9,170,27,82.0281124497992,40,40,
"Nu: 0.1, Gamma: 8e-05",793,9,167,27,82.32931726907631,40,40,
"Nu: 0.1, Gamma: 9e-05",795,9,165,27,82.53012048192771,40,40,
"Nu: 0.1, Gamma: 0.0001",798,9,162,27,82.83132530120481,40,40,
"Nu: 0.1, Gamma: 0.0002",803,10,157,26,83.23293172690764,40,40,
"Nu: 0.1, Gamma: 0.0003",826,11,134,25,85.4417670682731,40,40,
"Nu: 0.1, Gamma: 0.0004",842,11,118,25,87.04819277108435,40,40,
"Nu: 0.1, Gamma: 0.005",912,23,48,13,92.8714859437751,40,40,
"Nu: 0.1, Gamma: 0.05",946,32,14,4,95.38152610441767,40,40,
"Nu: 0.1, Gamma: 0.0625",950,32,10,4,95.78313253012048,40,40,
"Nu: 0.1, Gamma: 0.1",954,33,6,3,96.08433734939759,40,40,
"Nu: 0.1, Gamma: 0.2",960,35,0,1,96.4859437751004,40,40,
"Nu: 0.1, Gamma: 0.5",960,36,0,0,96.3855421686747,40,40,
"Nu: 0.1, Gamma: 0.7",960,36,0,0,96.3855421686747,40,40,
"Nu: 0.1, Gamma: 0.9",960,36,0,0,96.3855421686747,40,40,
"Nu: 0.1, Gamma: 0.99",960,36,0,0,96.3855421686747,40,40,
"Nu: 0.2, Gamma: 1e-05",773,11,187,25,80.12048192771084,40,40,
"Nu: 0.2, Gamma: 2e-05",778,10,182,26,80.72289156626506,40,40,
"Nu: 0.2, Gamma: 3e-05",779,10,181,26,80.82329317269075,40,40,
"Nu: 0.2, Gamma: 4e-05",781,8,179,28,81.22489959839358,40,40,
"Nu: 0.2, Gamma: 5e-05",783,8,177,28,81.42570281124499,40,40,
"Nu: 0.2, Gamma: 6e-05",788,9,172,27,81.82730923694778,40,40,
"Nu: 0.2, Gamma: 7e-05",792,9,168,27,82.2289156626506,40,40,
"Nu: 0.2, Gamma: 8e-05",792,9,168,27,82.2289156626506,40,40,
"Nu: 0.2, Gamma: 9e-05",794,9,166,27,82.429718875502,40,40,
"Nu: 0.2, Gamma: 0.0001",798,9,162,27,82.83132530120481,40,40,
"Nu: 0.2, Gamma: 0.0002",803,10,157,26,83.23293172690764,40,40,
"Nu: 0.2, Gamma: 0.0003",828,11,132,25,85.64257028112449,40,40,
"Nu: 0.2, Gamma: 0.0004",842,11,118,25,87.04819277108435,40,40,
"Nu: 0.2, Gamma: 0.005",912,23,48,13,92.8714859437751,40,40,
"Nu: 0.2, Gamma: 0.05",946,32,14,4,95.38152610441767,40,40,
"Nu: 0.2, Gamma: 0.0625",950,32,10,4,95.78313253012048,40,40,
"Nu: 0.2, Gamma: 0.1",954,33,6,3,96.08433734939759,40,40,
"Nu: 0.2, Gamma: 0.2",960,35,0,1,96.4859437751004,40,40,
"Nu: 0.2, Gamma: 0.5",960,36,0,0,96.3855421686747,40,40,
"Nu: 0.2, Gamma: 0.7",960,36,0,0,96.3855421686747,40,40,
"Nu: 0.2, Gamma: 0.9",960,36,0,0,96.3855421686747,40,40,
"Nu: 0.2, Gamma: 0.99",960,36,0,0,96.3855421686747,40,40,
"Nu: 0.5, Gamma: 1e-05",880,20,80,16,89.95983935742971,40,40,
"Nu: 0.5, Gamma: 2e-05",878,21,82,15,89.65863453815261,40,40,
"Nu: 0.5, Gamma: 3e-05",871,21,89,15,88.95582329317268,40,40,
"Nu: 0.5, Gamma: 4e-05",864,21,96,15,88.25301204819277,40,40,
"Nu: 0.5, Gamma: 5e-05",862,20,98,16,88.15261044176707,40,40,
"Nu: 0.5, Gamma: 6e-05",860,20,100,16,87.95180722891565,40,40,
"Nu: 0.5, Gamma: 7e-05",860,20,100,16,87.95180722891565,40,40,
"Nu: 0.5, Gamma: 8e-05",857,20,103,16,87.65060240963855,40,40,
"Nu: 0.5, Gamma: 9e-05",857,20,103,16,87.65060240963855,40,40,
"Nu: 0.5, Gamma: 0.0001",857,20,103,16,87.65060240963855,40,40,
"Nu: 0.5, Gamma: 0.0002",855,20,105,16,87.44979919678715,40,40,
"Nu: 0.5, Gamma: 0.0003",858,19,102,17,87.85140562248996,40,40,
"Nu: 0.5, Gamma: 0.0004",860,21,100,15,87.85140562248996,40,40,
"Nu: 0.5, Gamma: 0.005",913,23,47,13,92.9718875502008,40,40,
"Nu: 0.5, Gamma: 0.05",946,32,14,4,95.38152610441767,40,40,
"Nu: 0.5, Gamma: 0.0625",950,32,10,4,95.78313253012048,40,40,
"Nu: 0.5, Gamma: 0.1",954,33,6,3,96.08433734939759,40,40,
"Nu: 0.5, Gamma: 0.2",960,35,0,1,96.4859437751004,40,40,
"Nu: 0.5, Gamma: 0.5",960,36,0,0,96.3855421686747,40,40,
"Nu: 0.5, Gamma: 0.7",960,36,0,0,96.3855421686747,40,40,
"Nu: 0.5, Gamma: 0.9",960,36,0,0,96.3855421686747,40,40,
"Nu: 0.5, Gamma: 0.99",960,36,0,0,96.3855421686747,40,40,
"Nu: 0.7, Gamma: 1e-05",914,28,46,8,92.570281124498,40,40,
"Nu: 0.7, Gamma: 2e-05",914,29,46,7,92.46987951807229,40,40,
"Nu: 0.7, Gamma: 3e-05",913,29,47,7,92.3694779116466,40,40,
"Nu: 0.7, Gamma: 4e-05",909,28,51,8,92.06827309236948,40,40,
"Nu: 0.7, Gamma: 5e-05",907,28,53,8,91.86746987951807,40,40,
"Nu: 0.7, Gamma: 6e-05",906,28,54,8,91.76706827309236,40,40,
"Nu: 0.7, Gamma: 7e-05",906,28,54,8,91.76706827309236,40,40,
"Nu: 0.7, Gamma: 8e-05",906,28,54,8,91.76706827309236,40,40,
"Nu: 0.7, Gamma: 9e-05",906,28,54,8,91.76706827309236,40,40,
"Nu: 0.7, Gamma: 0.0001",905,28,55,8,91.66666666666666,40,40,
"Nu: 0.7, Gamma: 0.0002",898,27,62,9,91.06425702811245,40,40,
"Nu: 0.7, Gamma: 0.0003",902,28,58,8,91.36546184738957,40,40,
"Nu: 0.7, Gamma: 0.0004",902,27,58,9,91.46586345381526,40,40,
"Nu: 0.7, Gamma: 0.005",919,26,41,10,93.27309236947792,40,40,
"Nu: 0.7, Gamma: 0.05",946,32,14,4,95.38152610441767,40,40,
"Nu: 0.7, Gamma: 0.0625",950,32,10,4,95.78313253012048,40,40,
"Nu: 0.7, Gamma: 0.1",954,33,6,3,96.08433734939759,40,40,
"Nu: 0.7, Gamma: 0.2",960,35,0,1,96.4859437751004,40,40,
"Nu: 0.7, Gamma: 0.5",960,36,0,0,96.3855421686747,40,40,
"Nu: 0.7, Gamma: 0.7",960,36,0,0,96.3855421686747,40,40,
"Nu: 0.7, Gamma: 0.9",960,36,0,0,96.3855421686747,40,40,
"Nu: 0.7, Gamma: 0.99",960,36,0,0,96.3855421686747,40,40,
"Nu: 0.9, Gamma: 1e-05",945,36,15,0,94.87951807228916,40,40,
"Nu: 0.9, Gamma: 2e-05",949,36,11,0,95.28112449799197,40,40,
"Nu: 0.9, Gamma: 3e-05",951,36,9,0,95.48192771084338,40,40,
"Nu: 0.9, Gamma: 4e-05",950,36,10,0,95.38152610441767,40,40,
"Nu: 0.9, Gamma: 5e-05",950,36,10,0,95.38152610441767,40,40,
"Nu: 0.9, Gamma: 6e-05",951,36,9,0,95.48192771084338,40,40,
"Nu: 0.9, Gamma: 7e-05",952,36,8,0,95.58232931726907,40,40,
"Nu: 0.9, Gamma: 8e-05",952,36,8,0,95.58232931726907,40,40,
"Nu: 0.9, Gamma: 9e-05",952,36,8,0,95.58232931726907,40,40,
"Nu: 0.9, Gamma: 0.0001",953,36,7,0,95.68273092369478,40,40,
"Nu: 0.9, Gamma: 0.0002",956,35,4,1,96.08433734939759,40,40,
"Nu: 0.9, Gamma: 0.0003",952,34,8,2,95.78313253012048,40,40,
"Nu: 0.9, Gamma: 0.0004",952,34,8,2,95.78313253012048,40,40,
"Nu: 0.9, Gamma: 0.005",937,31,23,5,94.57831325301204,40,40,
"Nu: 0.9, Gamma: 0.05",946,32,14,4,95.38152610441767,40,40,
"Nu: 0.9, Gamma: 0.0625",950,32,10,4,95.78313253012048,40,40,
"Nu: 0.9, Gamma: 0.1",954,33,6,3,96.08433734939759,40,40,
"Nu: 0.9, Gamma: 0.2",960,35,0,1,96.4859437751004,40,40,
"Nu: 0.9, Gamma: 0.5",960,36,0,0,96.3855421686747,40,40,
"Nu: 0.9, Gamma: 0.7",960,36,0,0,96.3855421686747,40,40,
"Nu: 0.9, Gamma: 0.9",960,36,0,0,96.3855421686747,40,40,
"Nu: 0.9, Gamma: 0.99",960,36,0,0,96.3855421686747,40,40,
"Nu: 0.99, Gamma: 1e-05",957,36,3,0,96.08433734939759,40,40,
"Nu: 0.99, Gamma: 2e-05",957,36,3,0,96.08433734939759,40,40,
"Nu: 0.99, Gamma: 3e-05",960,36,0,0,96.3855421686747,40,40,
"Nu: 0.99, Gamma: 4e-05",960,36,0,0,96.3855421686747,40,40,
"Nu: 0.99, Gamma: 5e-05",960,36,0,0,96.3855421686747,40,40,
"Nu: 0.99, Gamma: 6e-05",960,36,0,0,96.3855421686747,40,40,
"Nu: 0.99, Gamma: 7e-05",960,36,0,0,96.3855421686747,40,40,
"Nu: 0.99, Gamma: 8e-05",960,36,0,0,96.3855421686747,40,40,
"Nu: 0.99, Gamma: 9e-05",960,36,0,0,96.3855421686747,40,40,
"Nu: 0.99, Gamma: 0.0001",960,36,0,0,96.3855421686747,40,40,
"Nu: 0.99, Gamma: 0.0002",960,36,0,0,96.3855421686747,40,40,
"Nu: 0.99, Gamma: 0.0003",960,36,0,0,96.3855421686747,40,40,
"Nu: 0.99, Gamma: 0.0004",960,36,0,0,96.3855421686747,40,40,
"Nu: 0.99, Gamma: 0.005",955,36,5,0,95.88353413654619,40,40,
"Nu: 0.99, Gamma: 0.05",960,36,0,0,96.3855421686747,40,40,
"Nu: 0.99, Gamma: 0.0625",960,36,0,0,96.3855421686747,40,40,
"Nu: 0.99, Gamma: 0.1",960,36,0,0,96.3855421686747,40,40,
"Nu: 0.99, Gamma: 0.2",960,35,0,1,96.4859437751004,40,40,
"Nu: 0.99, Gamma: 0.5",960,36,0,0,96.3855421686747,40,40,
"Nu: 0.99, Gamma: 0.7",960,36,0,0,96.3855421686747,40,40,
"Nu: 0.99, Gamma: 0.9",960,36,0,0,96.3855421686747,40,40,
"Nu: 0.99, Gamma: 0.99",960,36,0,0,96.3855421686747,40,40,
,,,,,,,,
Target Class: blackscholes-bodytrack,TP,FP,FN,TN,ACC (%),Noise Percantages,Upsampling,
"Nu: 5e-05, Gamma: 1e-05",976,34,0,0,96.63366336633663,40,40,
"Nu: 5e-05, Gamma: 2e-05",976,34,0,0,96.63366336633663,40,40,
"Nu: 5e-05, Gamma: 3e-05",976,34,0,0,96.63366336633663,40,40,
"Nu: 5e-05, Gamma: 4e-05",976,34,0,0,96.63366336633663,40,40,
"Nu: 5e-05, Gamma: 5e-05",976,34,0,0,96.63366336633663,40,40,
"Nu: 5e-05, Gamma: 6e-05",976,34,0,0,96.63366336633663,40,40,
"Nu: 5e-05, Gamma: 7e-05",976,34,0,0,96.63366336633663,40,40,
"Nu: 5e-05, Gamma: 8e-05",976,34,0,0,96.63366336633663,40,40,
"Nu: 5e-05, Gamma: 9e-05",976,34,0,0,96.63366336633663,40,40,
"Nu: 5e-05, Gamma: 0.0001",976,34,0,0,96.63366336633663,40,40,
"Nu: 5e-05, Gamma: 0.0002",976,34,0,0,96.63366336633663,40,40,
"Nu: 5e-05, Gamma: 0.0003",976,34,0,0,96.63366336633663,40,40,
"Nu: 5e-05, Gamma: 0.0004",976,34,0,0,96.63366336633663,40,40,
"Nu: 5e-05, Gamma: 0.005",976,34,0,0,96.63366336633663,40,40,
"Nu: 5e-05, Gamma: 0.05",976,34,0,0,96.63366336633663,40,40,
"Nu: 5e-05, Gamma: 0.0625",976,34,0,0,96.63366336633663,40,40,
"Nu: 5e-05, Gamma: 0.1",976,34,0,0,96.63366336633663,40,40,
"Nu: 5e-05, Gamma: 0.2",976,34,0,0,96.63366336633663,40,40,
"Nu: 5e-05, Gamma: 0.5",976,34,0,0,96.63366336633663,40,40,
"Nu: 5e-05, Gamma: 0.7",976,34,0,0,96.63366336633663,40,40,
"Nu: 5e-05, Gamma: 0.9",976,34,0,0,96.63366336633663,40,40,
"Nu: 5e-05, Gamma: 0.99",976,34,0,0,96.63366336633663,40,40,
"Nu: 6e-05, Gamma: 1e-05",785,18,191,16,79.3069306930693,40,40,
"Nu: 6e-05, Gamma: 2e-05",976,34,0,0,96.63366336633663,40,40,
"Nu: 6e-05, Gamma: 3e-05",976,34,0,0,96.63366336633663,40,40,
"Nu: 6e-05, Gamma: 4e-05",976,34,0,0,96.63366336633663,40,40,
"Nu: 6e-05, Gamma: 5e-05",846,21,130,13,85.04950495049505,40,40,
"Nu: 6e-05, Gamma: 6e-05",877,23,99,11,87.92079207920793,40,40,
"Nu: 6e-05, Gamma: 7e-05",922,28,54,6,91.88118811881189,40,40,
"Nu: 6e-05, Gamma: 8e-05",976,34,0,0,96.63366336633663,40,40,
"Nu: 6e-05, Gamma: 9e-05",974,34,2,0,96.43564356435644,40,40,
"Nu: 6e-05, Gamma: 0.0001",976,34,0,0,96.63366336633663,40,40,
"Nu: 6e-05, Gamma: 0.0002",976,34,0,0,96.63366336633663,40,40,
"Nu: 6e-05, Gamma: 0.0003",976,34,0,0,96.63366336633663,40,40,
"Nu: 6e-05, Gamma: 0.0004",976,34,0,0,96.63366336633663,40,40,
"Nu: 6e-05, Gamma: 0.005",976,34,0,0,96.63366336633663,40,40,
"Nu: 6e-05, Gamma: 0.05",976,34,0,0,96.63366336633663,40,40,
"Nu: 6e-05, Gamma: 0.0625",976,34,0,0,96.63366336633663,40,40,
"Nu: 6e-05, Gamma: 0.1",976,34,0,0,96.63366336633663,40,40,
"Nu: 6e-05, Gamma: 0.2",976,34,0,0,96.63366336633663,40,40,
"Nu: 6e-05, Gamma: 0.5",976,29,0,5,97.12871287128712,40,40,
"Nu: 6e-05, Gamma: 0.7",976,29,0,5,97.12871287128712,40,40,
"Nu: 6e-05, Gamma: 0.9",976,34,0,0,96.63366336633663,40,40,
"Nu: 6e-05, Gamma: 0.99",976,34,0,0,96.63366336633663,40,40,
"Nu: 7e-05, Gamma: 1e-05",976,34,0,0,96.63366336633663,40,40,
"Nu: 7e-05, Gamma: 2e-05",976,34,0,0,96.63366336633663,40,40,
"Nu: 7e-05, Gamma: 3e-05",976,34,0,0,96.63366336633663,40,40,
"Nu: 7e-05, Gamma: 4e-05",976,34,0,0,96.63366336633663,40,40,
"Nu: 7e-05, Gamma: 5e-05",846,21,130,13,85.04950495049505,40,40,
"Nu: 7e-05, Gamma: 6e-05",877,23,99,11,87.92079207920793,40,40,
"Nu: 7e-05, Gamma: 7e-05",922,28,54,6,91.88118811881189,40,40,
"Nu: 7e-05, Gamma: 8e-05",976,34,0,0,96.63366336633663,40,40,
"Nu: 7e-05, Gamma: 9e-05",974,34,2,0,96.43564356435644,40,40,
"Nu: 7e-05, Gamma: 0.0001",976,34,0,0,96.63366336633663,40,40,
"Nu: 7e-05, Gamma: 0.0002",976,34,0,0,96.63366336633663,40,40,
"Nu: 7e-05, Gamma: 0.0003",976,34,0,0,96.63366336633663,40,40,
"Nu: 7e-05, Gamma: 0.0004",976,34,0,0,96.63366336633663,40,40,
"Nu: 7e-05, Gamma: 0.005",976,34,0,0,96.63366336633663,40,40,
"Nu: 7e-05, Gamma: 0.05",976,34,0,0,96.63366336633663,40,40,
"Nu: 7e-05, Gamma: 0.0625",976,34,0,0,96.63366336633663,40,40,
"Nu: 7e-05, Gamma: 0.1",976,34,0,0,96.63366336633663,40,40,
"Nu: 7e-05, Gamma: 0.2",976,34,0,0,96.63366336633663,40,40,
"Nu: 7e-05, Gamma: 0.5",976,34,0,0,96.63366336633663,40,40,
"Nu: 7e-05, Gamma: 0.7",976,34,0,0,96.63366336633663,40,40,
"Nu: 7e-05, Gamma: 0.9",976,34,0,0,96.63366336633663,40,40,
"Nu: 7e-05, Gamma: 0.99",976,34,0,0,96.63366336633663,40,40,
"Nu: 8e-05, Gamma: 1e-05",976,34,0,0,96.63366336633663,40,40,
"Nu: 8e-05, Gamma: 2e-05",976,33,0,1,96.73267326732673,40,40,
"Nu: 8e-05, Gamma: 3e-05",976,34,0,0,96.63366336633663,40,40,
"Nu: 8e-05, Gamma: 4e-05",976,34,0,0,96.63366336633663,40,40,
"Nu: 8e-05, Gamma: 5e-05",846,21,130,13,85.04950495049505,40,40,
"Nu: 8e-05, Gamma: 6e-05",877,23,99,11,87.92079207920793,40,40,
"Nu: 8e-05, Gamma: 7e-05",922,28,54,6,91.88118811881189,40,40,
"Nu: 8e-05, Gamma: 8e-05",976,34,0,0,96.63366336633663,40,40,
"Nu: 8e-05, Gamma: 9e-05",974,34,2,0,96.43564356435644,40,40,
"Nu: 8e-05, Gamma: 0.0001",976,34,0,0,96.63366336633663,40,40,
"Nu: 8e-05, Gamma: 0.0002",976,34,0,0,96.63366336633663,40,40,
"Nu: 8e-05, Gamma: 0.0003",976,34,0,0,96.63366336633663,40,40,
"Nu: 8e-05, Gamma: 0.0004",976,34,0,0,96.63366336633663,40,40,
"Nu: 8e-05, Gamma: 0.005",976,34,0,0,96.63366336633663,40,40,
"Nu: 8e-05, Gamma: 0.05",976,34,0,0,96.63366336633663,40,40,
"Nu: 8e-05, Gamma: 0.0625",976,34,0,0,96.63366336633663,40,40,
"Nu: 8e-05, Gamma: 0.1",976,34,0,0,96.63366336633663,40,40,
"Nu: 8e-05, Gamma: 0.2",976,34,0,0,96.63366336633663,40,40,
"Nu: 8e-05, Gamma: 0.5",976,34,0,0,96.63366336633663,40,40,
"Nu: 8e-05, Gamma: 0.7",976,34,0,0,96.63366336633663,40,40,
"Nu: 8e-05, Gamma: 0.9",976,34,0,0,96.63366336633663,40,40,
"Nu: 8e-05, Gamma: 0.99",976,34,0,0,96.63366336633663,40,40,
"Nu: 9e-05, Gamma: 1e-05",976,32,0,2,96.83168316831683,40,40,
"Nu: 9e-05, Gamma: 2e-05",976,33,0,1,96.73267326732673,40,40,
"Nu: 9e-05, Gamma: 3e-05",976,34,0,0,96.63366336633663,40,40,
"Nu: 9e-05, Gamma: 4e-05",976,34,0,0,96.63366336633663,40,40,
"Nu: 9e-05, Gamma: 5e-05",846,21,130,13,85.04950495049505,40,40,
"Nu: 9e-05, Gamma: 6e-05",877,23,99,11,87.92079207920793,40,40,
"Nu: 9e-05, Gamma: 7e-05",922,28,54,6,91.88118811881189,40,40,
"Nu: 9e-05, Gamma: 8e-05",976,34,0,0,96.63366336633663,40,40,
"Nu: 9e-05, Gamma: 9e-05",974,34,2,0,96.43564356435644,40,40,
"Nu: 9e-05, Gamma: 0.0001",976,34,0,0,96.63366336633663,40,40,
"Nu: 9e-05, Gamma: 0.0002",976,34,0,0,96.63366336633663,40,40,
"Nu: 9e-05, Gamma: 0.0003",976,34,0,0,96.63366336633663,40,40,
"Nu: 9e-05, Gamma: 0.0004",976,34,0,0,96.63366336633663,40,40,
"Nu: 9e-05, Gamma: 0.005",976,34,0,0,96.63366336633663,40,40,
"Nu: 9e-05, Gamma: 0.05",976,34,0,0,96.63366336633663,40,40,
"Nu: 9e-05, Gamma: 0.0625",976,34,0,0,96.63366336633663,40,40,
"Nu: 9e-05, Gamma: 0.1",976,34,0,0,96.63366336633663,40,40,
"Nu: 9e-05, Gamma: 0.2",976,34,0,0,96.63366336633663,40,40,
"Nu: 9e-05, Gamma: 0.5",976,34,0,0,96.63366336633663,40,40,
"Nu: 9e-05, Gamma: 0.7",976,34,0,0,96.63366336633663,40,40,
"Nu: 9e-05, Gamma: 0.9",976,34,0,0,96.63366336633663,40,40,
"Nu: 9e-05, Gamma: 0.99",976,34,0,0,96.63366336633663,40,40,
"Nu: 0.0001, Gamma: 1e-05",868,21,108,13,87.22772277227723,40,40,
"Nu: 0.0001, Gamma: 2e-05",976,33,0,1,96.73267326732673,40,40,
"Nu: 0.0001, Gamma: 3e-05",976,34,0,0,96.63366336633663,40,40,
"Nu: 0.0001, Gamma: 4e-05",976,34,0,0,96.63366336633663,40,40,
"Nu: 0.0001, Gamma: 5e-05",846,21,130,13,85.04950495049505,40,40,
"Nu: 0.0001, Gamma: 6e-05",877,23,99,11,87.92079207920793,40,40,
"Nu: 0.0001, Gamma: 7e-05",922,28,54,6,91.88118811881189,40,40,
"Nu: 0.0001, Gamma: 8e-05",976,34,0,0,96.63366336633663,40,40,
"Nu: 0.0001, Gamma: 9e-05",974,34,2,0,96.43564356435644,40,40,
"Nu: 0.0001, Gamma: 0.0001",976,34,0,0,96.63366336633663,40,40,
"Nu: 0.0001, Gamma: 0.0002",976,34,0,0,96.63366336633663,40,40,
"Nu: 0.0001, Gamma: 0.0003",976,34,0,0,96.63366336633663,40,40,
"Nu: 0.0001, Gamma: 0.0004",976,34,0,0,96.63366336633663,40,40,
"Nu: 0.0001, Gamma: 0.005",976,34,0,0,96.63366336633663,40,40,
"Nu: 0.0001, Gamma: 0.05",976,34,0,0,96.63366336633663,40,40,
"Nu: 0.0001, Gamma: 0.0625",976,34,0,0,96.63366336633663,40,40,
"Nu: 0.0001, Gamma: 0.1",976,34,0,0,96.63366336633663,40,40,
"Nu: 0.0001, Gamma: 0.2",976,34,0,0,96.63366336633663,40,40,
"Nu: 0.0001, Gamma: 0.5",976,34,0,0,96.63366336633663,40,40,
"Nu: 0.0001, Gamma: 0.7",976,34,0,0,96.63366336633663,40,40,
"Nu: 0.0001, Gamma: 0.9",976,34,0,0,96.63366336633663,40,40,
"Nu: 0.0001, Gamma: 0.99",976,34,0,0,96.63366336633663,40,40,
"Nu: 0.0002, Gamma: 1e-05",860,17,116,17,86.83168316831683,40,40,
"Nu: 0.0002, Gamma: 2e-05",976,33,0,1,96.73267326732673,40,40,
"Nu: 0.0002, Gamma: 3e-05",737,8,239,26,75.54455445544555,40,40,
"Nu: 0.0002, Gamma: 4e-05",976,32,0,2,96.83168316831683,40,40,
"Nu: 0.0002, Gamma: 5e-05",962,28,14,6,95.84158415841584,40,40,
"Nu: 0.0002, Gamma: 6e-05",969,29,7,5,96.43564356435644,40,40,
"Nu: 0.0002, Gamma: 7e-05",744,9,232,25,76.13861386138613,40,40,
"Nu: 0.0002, Gamma: 8e-05",766,14,210,20,77.82178217821783,40,40,
"Nu: 0.0002, Gamma: 9e-05",976,32,0,2,96.83168316831683,40,40,
"Nu: 0.0002, Gamma: 0.0001",976,33,0,1,96.73267326732673,40,40,
"Nu: 0.0002, Gamma: 0.0002",976,34,0,0,96.63366336633663,40,40,
"Nu: 0.0002, Gamma: 0.0003",976,34,0,0,96.63366336633663,40,40,
"Nu: 0.0002, Gamma: 0.0004",976,34,0,0,96.63366336633663,40,40,
"Nu: 0.0002, Gamma: 0.005",976,34,0,0,96.63366336633663,40,40,
"Nu: 0.0002, Gamma: 0.05",976,34,0,0,96.63366336633663,40,40,
"Nu: 0.0002, Gamma: 0.0625",976,34,0,0,96.63366336633663,40,40,
"Nu: 0.0002, Gamma: 0.1",976,34,0,0,96.63366336633663,40,40,
"Nu: 0.0002, Gamma: 0.2",976,34,0,0,96.63366336633663,40,40,
"Nu: 0.0002, Gamma: 0.5",976,29,0,5,97.12871287128712,40,40,
"Nu: 0.0002, Gamma: 0.7",976,29,0,5,97.12871287128712,40,40,
"Nu: 0.0002, Gamma: 0.9",976,34,0,0,96.63366336633663,40,40,
"Nu: 0.0002, Gamma: 0.99",976,34,0,0,96.63366336633663,40,40,
"Nu: 0.0003, Gamma: 1e-05",834,17,142,17,84.25742574257426,40,40,
"Nu: 0.0003, Gamma: 2e-05",721,7,255,27,74.05940594059406,40,40,
"Nu: 0.0003, Gamma: 3e-05",750,10,226,24,76.63366336633663,40,40,
"Nu: 0.0003, Gamma: 4e-05",794,20,182,14,80.0,40,40,
"Nu: 0.0003, Gamma: 5e-05",731,10,245,24,74.75247524752476,40,40,
"Nu: 0.0003, Gamma: 6e-05",734,9,242,25,75.14851485148515,40,40,
"Nu: 0.0003, Gamma: 7e-05",742,10,234,24,75.84158415841584,40,40,
"Nu: 0.0003, Gamma: 8e-05",762,17,214,17,77.12871287128714,40,40,
"Nu: 0.0003, Gamma: 9e-05",760,13,216,21,77.32673267326733,40,40,
"Nu: 0.0003, Gamma: 0.0001",791,16,185,18,80.0990099009901,40,40,
"Nu: 0.0003, Gamma: 0.0002",976,33,0,1,96.73267326732673,40,40,
"Nu: 0.0003, Gamma: 0.0003",974,33,2,1,96.53465346534654,40,40,
"Nu: 0.0003, Gamma: 0.0004",872,26,104,8,87.12871287128714,40,40,
"Nu: 0.0003, Gamma: 0.005",976,34,0,0,96.63366336633663,40,40,
"Nu: 0.0003, Gamma: 0.05",976,34,0,0,96.63366336633663,40,40,
"Nu: 0.0003, Gamma: 0.0625",976,34,0,0,96.63366336633663,40,40,
"Nu: 0.0003, Gamma: 0.1",976,34,0,0,96.63366336633663,40,40,
"Nu: 0.0003, Gamma: 0.2",976,34,0,0,96.63366336633663,40,40,
"Nu: 0.0003, Gamma: 0.5",976,34,0,0,96.63366336633663,40,40,
"Nu: 0.0003, Gamma: 0.7",976,34,0,0,96.63366336633663,40,40,
"Nu: 0.0003, Gamma: 0.9",976,34,0,0,96.63366336633663,40,40,
"Nu: 0.0003, Gamma: 0.99",976,34,0,0,96.63366336633663,40,40,
"Nu: 0.0004, Gamma: 1e-05",798,15,178,19,80.89108910891089,40,40,
"Nu: 0.0004, Gamma: 2e-05",720,6,256,28,74.05940594059406,40,40,
"Nu: 0.0004, Gamma: 3e-05",721,9,255,25,73.86138613861387,40,40,
"Nu: 0.0004, Gamma: 4e-05",960,29,16,5,95.54455445544554,40,40,
"Nu: 0.0004, Gamma: 5e-05",742,10,234,24,75.84158415841584,40,40,
"Nu: 0.0004, Gamma: 6e-05",742,9,234,25,75.94059405940594,40,40,
"Nu: 0.0004, Gamma: 7e-05",748,10,228,24,76.43564356435644,40,40,
"Nu: 0.0004, Gamma: 8e-05",759,11,217,23,77.42574257425743,40,40,
"Nu: 0.0004, Gamma: 9e-05",976,33,0,1,96.73267326732673,40,40,
"Nu: 0.0004, Gamma: 0.0001",828,21,148,13,83.26732673267327,40,40,
"Nu: 0.0004, Gamma: 0.0002",924,27,52,7,92.17821782178218,40,40,
"Nu: 0.0004, Gamma: 0.0003",830,18,146,16,83.76237623762376,40,40,
"Nu: 0.0004, Gamma: 0.0004",863,26,113,8,86.23762376237623,40,40,
"Nu: 0.0004, Gamma: 0.005",976,34,0,0,96.63366336633663,40,40,
"Nu: 0.0004, Gamma: 0.05",976,34,0,0,96.63366336633663,40,40,
"Nu: 0.0004, Gamma: 0.0625",976,34,0,0,96.63366336633663,40,40,
"Nu: 0.0004, Gamma: 0.1",976,34,0,0,96.63366336633663,40,40,
"Nu: 0.0004, Gamma: 0.2",976,34,0,0,96.63366336633663,40,40,
"Nu: 0.0004, Gamma: 0.5",976,29,0,5,97.12871287128712,40,40,
"Nu: 0.0004, Gamma: 0.7",976,29,0,5,97.12871287128712,40,40,
"Nu: 0.0004, Gamma: 0.9",976,34,0,0,96.63366336633663,40,40,
"Nu: 0.0004, Gamma: 0.99",976,34,0,0,96.63366336633663,40,40,
"Nu: 0.005, Gamma: 1e-05",710,5,266,29,73.16831683168317,40,40,
"Nu: 0.005, Gamma: 2e-05",732,7,244,27,75.14851485148515,40,40,
"Nu: 0.005, Gamma: 3e-05",730,7,246,27,74.95049504950495,40,40,
"Nu: 0.005, Gamma: 4e-05",733,8,243,26,75.14851485148515,40,40,
"Nu: 0.005, Gamma: 5e-05",735,8,241,26,75.34653465346534,40,40,
"Nu: 0.005, Gamma: 6e-05",745,13,231,21,75.84158415841584,40,40,
"Nu: 0.005, Gamma: 7e-05",742,8,234,26,76.03960396039604,40,40,
"Nu: 0.005, Gamma: 8e-05",745,10,231,24,76.13861386138613,40,40,
"Nu: 0.005, Gamma: 9e-05",749,15,227,19,76.03960396039604,40,40,
"Nu: 0.005, Gamma: 0.0001",749,10,227,24,76.53465346534654,40,40,
"Nu: 0.005, Gamma: 0.0002",763,16,213,18,77.32673267326733,40,40,
"Nu: 0.005, Gamma: 0.0003",788,13,188,21,80.0990099009901,40,40,
"Nu: 0.005, Gamma: 0.0004",817,12,159,22,83.06930693069306,40,40,
"Nu: 0.005, Gamma: 0.005",923,20,53,14,92.77227722772278,40,40,
"Nu: 0.005, Gamma: 0.05",967,34,9,0,95.74257425742574,40,40,
"Nu: 0.005, Gamma: 0.0625",970,34,6,0,96.03960396039604,40,40,
"Nu: 0.005, Gamma: 0.1",972,29,4,5,96.73267326732673,40,40,
"Nu: 0.005, Gamma: 0.2",976,29,0,5,97.12871287128712,40,40,
"Nu: 0.005, Gamma: 0.5",976,34,0,0,96.63366336633663,40,40,
"Nu: 0.005, Gamma: 0.7",976,34,0,0,96.63366336633663,40,40,
"Nu: 0.005, Gamma: 0.9",976,34,0,0,96.63366336633663,40,40,
"Nu: 0.005, Gamma: 0.99",976,34,0,0,96.63366336633663,40,40,
"Nu: 0.05, Gamma: 1e-05",710,5,266,29,73.16831683168317,40,40,
"Nu: 0.05, Gamma: 2e-05",731,7,245,27,75.04950495049505,40,40,
"Nu: 0.05, Gamma: 3e-05",731,7,245,27,75.04950495049505,40,40,
"Nu: 0.05, Gamma: 4e-05",733,13,243,21,74.65346534653466,40,40,
"Nu: 0.05, Gamma: 5e-05",738,8,238,26,75.64356435643565,40,40,
"Nu: 0.05, Gamma: 6e-05",742,13,234,21,75.54455445544555,40,40,
"Nu: 0.05, Gamma: 7e-05",742,13,234,21,75.54455445544555,40,40,
"Nu: 0.05, Gamma: 8e-05",744,13,232,21,75.74257425742574,40,40,
"Nu: 0.05, Gamma: 9e-05",749,15,227,19,76.03960396039604,40,40,
"Nu: 0.05, Gamma: 0.0001",749,10,227,24,76.53465346534654,40,40,
"Nu: 0.05, Gamma: 0.0002",764,16,212,18,77.42574257425743,40,40,
"Nu: 0.05, Gamma: 0.0003",788,17,188,17,79.70297029702971,40,40,
"Nu: 0.05, Gamma: 0.0004",810,17,166,17,81.88118811881188,40,40,
"Nu: 0.05, Gamma: 0.005",922,25,54,9,92.17821782178218,40,40,
"Nu: 0.05, Gamma: 0.05",965,28,11,6,96.13861386138613,40,40,
"Nu: 0.05, Gamma: 0.0625",967,28,9,6,96.33663366336633,40,40,
"Nu: 0.05, Gamma: 0.1",972,34,4,0,96.23762376237623,40,40,
"Nu: 0.05, Gamma: 0.2",975,34,1,0,96.53465346534654,40,40,
"Nu: 0.05, Gamma: 0.5",976,29,0,5,97.12871287128712,40,40,
"Nu: 0.05, Gamma: 0.7",976,29,0,5,97.12871287128712,40,40,
"Nu: 0.05, Gamma: 0.9",976,34,0,0,96.63366336633663,40,40,
"Nu: 0.05, Gamma: 0.99",976,34,0,0,96.63366336633663,40,40,
"Nu: 0.0625, Gamma: 1e-05",710,10,266,24,72.67326732673267,40,40,
"Nu: 0.0625, Gamma: 2e-05",731,12,245,22,74.55445544554455,40,40,
"Nu: 0.0625, Gamma: 3e-05",731,7,245,27,75.04950495049505,40,40,
"Nu: 0.0625, Gamma: 4e-05",733,13,243,21,74.65346534653466,40,40,
"Nu: 0.0625, Gamma: 5e-05",738,8,238,26,75.64356435643565,40,40,
"Nu: 0.0625, Gamma: 6e-05",741,8,235,26,75.94059405940594,40,40,
"Nu: 0.0625, Gamma: 7e-05",742,8,234,26,76.03960396039604,40,40,
"Nu: 0.0625, Gamma: 8e-05",744,14,232,20,75.64356435643565,40,40,
"Nu: 0.0625, Gamma: 9e-05",749,15,227,19,76.03960396039604,40,40,
"Nu: 0.0625, Gamma: 0.0001",749,15,227,19,76.03960396039604,40,40,
"Nu: 0.0625, Gamma: 0.0002",763,11,213,23,77.82178217821783,40,40,
"Nu: 0.0625, Gamma: 0.0003",788,17,188,17,79.70297029702971,40,40,
"Nu: 0.0625, Gamma: 0.0004",810,17,166,17,81.88118811881188,40,40,
"Nu: 0.0625, Gamma: 0.005",922,19,54,15,92.77227722772278,40,40,
"Nu: 0.0625, Gamma: 0.05",966,33,10,1,95.74257425742574,40,40,
"Nu: 0.0625, Gamma: 0.0625",967,34,9,0,95.74257425742574,40,40,
"Nu: 0.0625, Gamma: 0.1",972,29,4,5,96.73267326732673,40,40,
"Nu: 0.0625, Gamma: 0.2",975,34,1,0,96.53465346534654,40,40,
"Nu: 0.0625, Gamma: 0.5",976,29,0,5,97.12871287128712,40,40,
"Nu: 0.0625, Gamma: 0.7",976,29,0,5,97.12871287128712,40,40,
"Nu: 0.0625, Gamma: 0.9",976,34,0,0,96.63366336633663,40,40,
"Nu: 0.0625, Gamma: 0.99",976,34,0,0,96.63366336633663,40,40,
"Nu: 0.1, Gamma: 1e-05",710,5,266,29,73.16831683168317,40,40,
"Nu: 0.1, Gamma: 2e-05",731,12,245,22,74.55445544554455,40,40,
"Nu: 0.1, Gamma: 3e-05",731,7,245,27,75.04950495049505,40,40,
"Nu: 0.1, Gamma: 4e-05",733,8,243,26,75.14851485148515,40,40,
"Nu: 0.1, Gamma: 5e-05",738,8,238,26,75.64356435643565,40,40,
"Nu: 0.1, Gamma: 6e-05",741,8,235,26,75.94059405940594,40,40,
"Nu: 0.1, Gamma: 7e-05",742,13,234,21,75.54455445544555,40,40,
"Nu: 0.1, Gamma: 8e-05",744,8,232,26,76.23762376237624,40,40,
"Nu: 0.1, Gamma: 9e-05",749,15,227,19,76.03960396039604,40,40,
"Nu: 0.1, Gamma: 0.0001",749,15,227,19,76.03960396039604,40,40,
"Nu: 0.1, Gamma: 0.0002",763,11,213,23,77.82178217821783,40,40,
"Nu: 0.1, Gamma: 0.0003",788,17,188,17,79.70297029702971,40,40,
"Nu: 0.1, Gamma: 0.0004",810,17,166,17,81.88118811881188,40,40,
"Nu: 0.1, Gamma: 0.005",922,19,54,15,92.77227722772278,40,40,
"Nu: 0.1, Gamma: 0.05",965,28,11,6,96.13861386138613,40,40,
"Nu: 0.1, Gamma: 0.0625",967,29,9,5,96.23762376237623,40,40,
"Nu: 0.1, Gamma: 0.1",972,29,4,5,96.73267326732673,40,40,
"Nu: 0.1, Gamma: 0.2",975,29,1,5,97.02970297029702,40,40,
"Nu: 0.1, Gamma: 0.5",976,34,0,0,96.63366336633663,40,40,
"Nu: 0.1, Gamma: 0.7",976,34,0,0,96.63366336633663,40,40,
"Nu: 0.1, Gamma: 0.9",976,34,0,0,96.63366336633663,40,40,
"Nu: 0.1, Gamma: 0.99",976,34,0,0,96.63366336633663,40,40,
"Nu: 0.2, Gamma: 1e-05",711,7,265,27,73.06930693069307,40,40,
"Nu: 0.2, Gamma: 2e-05",722,8,254,26,74.05940594059406,40,40,
"Nu: 0.2, Gamma: 3e-05",731,7,245,27,75.04950495049505,40,40,
"Nu: 0.2, Gamma: 4e-05",733,7,243,27,75.24752475247524,40,40,
"Nu: 0.2, Gamma: 5e-05",738,8,238,26,75.64356435643565,40,40,
"Nu: 0.2, Gamma: 6e-05",741,8,235,26,75.94059405940594,40,40,
"Nu: 0.2, Gamma: 7e-05",742,13,234,21,75.54455445544555,40,40,
"Nu: 0.2, Gamma: 8e-05",744,14,232,20,75.64356435643565,40,40,
"Nu: 0.2, Gamma: 9e-05",749,10,227,24,76.53465346534654,40,40,
"Nu: 0.2, Gamma: 0.0001",749,15,227,19,76.03960396039604,40,40,
"Nu: 0.2, Gamma: 0.0002",764,16,212,18,77.42574257425743,40,40,
"Nu: 0.2, Gamma: 0.0003",788,17,188,17,79.70297029702971,40,40,
"Nu: 0.2, Gamma: 0.0004",810,17,166,17,81.88118811881188,40,40,
"Nu: 0.2, Gamma: 0.005",922,19,54,15,92.77227722772278,40,40,
"Nu: 0.2, Gamma: 0.05",966,33,10,1,95.74257425742574,40,40,
"Nu: 0.2, Gamma: 0.0625",967,29,9,5,96.23762376237623,40,40,
"Nu: 0.2, Gamma: 0.1",972,34,4,0,96.23762376237623,40,40,
"Nu: 0.2, Gamma: 0.2",975,34,1,0,96.53465346534654,40,40,
"Nu: 0.2, Gamma: 0.5",976,34,0,0,96.63366336633663,40,40,
"Nu: 0.2, Gamma: 0.7",976,34,0,0,96.63366336633663,40,40,
"Nu: 0.2, Gamma: 0.9",976,34,0,0,96.63366336633663,40,40,
"Nu: 0.2, Gamma: 0.99",976,34,0,0,96.63366336633663,40,40,
"Nu: 0.5, Gamma: 1e-05",749,18,227,16,75.74257425742574,40,40,
"Nu: 0.5, Gamma: 2e-05",757,12,219,22,77.12871287128714,40,40,
"Nu: 0.5, Gamma: 3e-05",764,17,212,17,77.32673267326733,40,40,
"Nu: 0.5, Gamma: 4e-05",768,19,208,15,77.52475247524752,40,40,
"Nu: 0.5, Gamma: 5e-05",770,14,206,20,78.21782178217822,40,40,
"Nu: 0.5, Gamma: 6e-05",775,14,201,20,78.71287128712872,40,40,
"Nu: 0.5, Gamma: 7e-05",776,19,200,15,78.31683168316832,40,40,
"Nu: 0.5, Gamma: 8e-05",778,14,198,20,79.00990099009901,40,40,
"Nu: 0.5, Gamma: 9e-05",780,14,196,20,79.20792079207921,40,40,
"Nu: 0.5, Gamma: 0.0001",783,19,193,15,79.00990099009901,40,40,
"Nu: 0.5, Gamma: 0.0002",797,19,179,15,80.3960396039604,40,40,
"Nu: 0.5, Gamma: 0.0003",809,16,167,18,81.88118811881188,40,40,
"Nu: 0.5, Gamma: 0.0004",830,16,146,18,83.96039603960396,40,40,
"Nu: 0.5, Gamma: 0.005",922,24,54,10,92.27722772277228,40,40,
"Nu: 0.5, Gamma: 0.05",965,33,11,1,95.64356435643563,40,40,
"Nu: 0.5, Gamma: 0.0625",967,29,9,5,96.23762376237623,40,40,
"Nu: 0.5, Gamma: 0.1",972,29,4,5,96.73267326732673,40,40,
"Nu: 0.5, Gamma: 0.2",975,29,1,5,97.02970297029702,40,40,
"Nu: 0.5, Gamma: 0.5",976,34,0,0,96.63366336633663,40,40,
"Nu: 0.5, Gamma: 0.7",976,29,0,5,97.12871287128712,40,40,
"Nu: 0.5, Gamma: 0.9",976,29,0,5,97.12871287128712,40,40,
"Nu: 0.5, Gamma: 0.99",976,29,0,5,97.12871287128712,40,40,
"Nu: 0.7, Gamma: 1e-05",846,23,130,11,84.85148514851485,40,40,
"Nu: 0.7, Gamma: 2e-05",850,23,126,11,85.24752475247524,40,40,
"Nu: 0.7, Gamma: 3e-05",856,25,120,9,85.64356435643565,40,40,
"Nu: 0.7, Gamma: 4e-05",859,26,117,8,85.84158415841584,40,40,
"Nu: 0.7, Gamma: 5e-05",860,26,116,8,85.94059405940594,40,40,
"Nu: 0.7, Gamma: 6e-05",864,26,112,8,86.33663366336634,40,40,
"Nu: 0.7, Gamma: 7e-05",864,26,112,8,86.33663366336634,40,40,
"Nu: 0.7, Gamma: 8e-05",862,26,114,8,86.13861386138613,40,40,
"Nu: 0.7, Gamma: 9e-05",859,26,117,8,85.84158415841584,40,40,
"Nu: 0.7, Gamma: 0.0001",856,26,120,8,85.54455445544555,40,40,
"Nu: 0.7, Gamma: 0.0002",870,21,106,13,87.42574257425743,40,40,
"Nu: 0.7, Gamma: 0.0003",875,26,101,8,87.42574257425743,40,40,
"Nu: 0.7, Gamma: 0.0004",881,26,95,8,88.01980198019803,40,40,
"Nu: 0.7, Gamma: 0.005",934,27,42,7,93.16831683168317,40,40,
"Nu: 0.7, Gamma: 0.05",965,28,11,6,96.13861386138613,40,40,
"Nu: 0.7, Gamma: 0.0625",967,29,9,5,96.23762376237623,40,40,
"Nu: 0.7, Gamma: 0.1",972,29,4,5,96.73267326732673,40,40,
"Nu: 0.7, Gamma: 0.2",975,29,1,5,97.02970297029702,40,40,
"Nu: 0.7, Gamma: 0.5",976,29,0,5,97.12871287128712,40,40,
"Nu: 0.7, Gamma: 0.7",976,29,0,5,97.12871287128712,40,40,
"Nu: 0.7, Gamma: 0.9",976,34,0,0,96.63366336633663,40,40,
"Nu: 0.7, Gamma: 0.99",976,29,0,5,97.12871287128712,40,40,
"Nu: 0.9, Gamma: 1e-05",909,31,67,3,90.2970297029703,40,40,
"Nu: 0.9, Gamma: 2e-05",914,31,62,3,90.79207920792079,40,40,
"Nu: 0.9, Gamma: 3e-05",922,30,54,4,91.68316831683168,40,40,
"Nu: 0.9, Gamma: 4e-05",921,30,55,4,91.58415841584159,40,40,
"Nu: 0.9, Gamma: 5e-05",922,30,54,4,91.68316831683168,40,40,
"Nu: 0.9, Gamma: 6e-05",923,30,53,4,91.78217821782178,40,40,
"Nu: 0.9, Gamma: 7e-05",925,30,51,4,91.98019801980199,40,40,
"Nu: 0.9, Gamma: 8e-05",925,30,51,4,91.98019801980199,40,40,
"Nu: 0.9, Gamma: 9e-05",926,31,50,3,91.98019801980199,40,40,
"Nu: 0.9, Gamma: 0.0001",927,32,49,2,91.98019801980199,40,40,
"Nu: 0.9, Gamma: 0.0002",933,32,43,2,92.57425742574257,40,40,
"Nu: 0.9, Gamma: 0.0003",939,32,37,2,93.16831683168317,40,40,
"Nu: 0.9, Gamma: 0.0004",950,33,26,1,94.15841584158416,40,40,
"Nu: 0.9, Gamma: 0.005",954,27,22,7,95.14851485148515,40,40,
"Nu: 0.9, Gamma: 0.05",969,29,7,5,96.43564356435644,40,40,
"Nu: 0.9, Gamma: 0.0625",970,34,6,0,96.03960396039604,40,40,
"Nu: 0.9, Gamma: 0.1",973,29,3,5,96.83168316831683,40,40,
"Nu: 0.9, Gamma: 0.2",975,29,1,5,97.02970297029702,40,40,
"Nu: 0.9, Gamma: 0.5",976,29,0,5,97.12871287128712,40,40,
"Nu: 0.9, Gamma: 0.7",976,29,0,5,97.12871287128712,40,40,
"Nu: 0.9, Gamma: 0.9",976,34,0,0,96.63366336633663,40,40,
"Nu: 0.9, Gamma: 0.99",976,34,0,0,96.63366336633663,40,40,
"Nu: 0.99, Gamma: 1e-05",974,32,2,2,96.63366336633663,40,40,
"Nu: 0.99, Gamma: 2e-05",963,32,13,2,95.54455445544554,40,40,
"Nu: 0.99, Gamma: 3e-05",959,34,17,0,94.95049504950495,40,40,
"Nu: 0.99, Gamma: 4e-05",956,34,20,0,94.65346534653465,40,40,
"Nu: 0.99, Gamma: 5e-05",950,34,26,0,94.05940594059405,40,40,
"Nu: 0.99, Gamma: 6e-05",949,34,27,0,93.96039603960395,40,40,
"Nu: 0.99, Gamma: 7e-05",951,34,25,0,94.15841584158416,40,40,
"Nu: 0.99, Gamma: 8e-05",951,34,25,0,94.15841584158416,40,40,
"Nu: 0.99, Gamma: 9e-05",949,34,27,0,93.96039603960395,40,40,
"Nu: 0.99, Gamma: 0.0001",950,34,26,0,94.05940594059405,40,40,
"Nu: 0.99, Gamma: 0.0002",963,34,13,0,95.34653465346534,40,40,
"Nu: 0.99, Gamma: 0.0003",969,34,7,0,95.94059405940594,40,40,
"Nu: 0.99, Gamma: 0.0004",971,34,5,0,96.13861386138613,40,40,
"Nu: 0.99, Gamma: 0.005",975,34,1,0,96.53465346534654,40,40,
"Nu: 0.99, Gamma: 0.05",976,29,0,5,97.12871287128712,40,40,
"Nu: 0.99, Gamma: 0.0625",976,34,0,0,96.63366336633663,40,40,
"Nu: 0.99, Gamma: 0.1",976,34,0,0,96.63366336633663,40,40,
"Nu: 0.99, Gamma: 0.2",976,34,0,0,96.63366336633663,40,40,
"Nu: 0.99, Gamma: 0.5",976,34,0,0,96.63366336633663,40,40,
"Nu: 0.99, Gamma: 0.7",976,34,0,0,96.63366336633663,40,40,
"Nu: 0.99, Gamma: 0.9",976,34,0,0,96.63366336633663,40,40,
"Nu: 0.99, Gamma: 0.99",976,34,0,0,96.63366336633663,40,40,
,,,,,,,,
Target Class: bodytrack,TP,FP,FN,TN,ACC (%),Noise Percantages,Upsampling,
"Nu: 5e-05, Gamma: 1e-05",688,63,0,0,91.61118508655126,40,40,
"Nu: 5e-05, Gamma: 2e-05",688,63,0,0,91.61118508655126,40,40,
"Nu: 5e-05, Gamma: 3e-05",688,63,0,0,91.61118508655126,40,40,
"Nu: 5e-05, Gamma: 4e-05",688,63,0,0,91.61118508655126,40,40,
"Nu: 5e-05, Gamma: 5e-05",688,63,0,0,91.61118508655126,40,40,
"Nu: 5e-05, Gamma: 6e-05",688,63,0,0,91.61118508655126,40,40,
"Nu: 5e-05, Gamma: 7e-05",688,63,0,0,91.61118508655126,40,40,
"Nu: 5e-05, Gamma: 8e-05",688,63,0,0,91.61118508655126,40,40,
"Nu: 5e-05, Gamma: 9e-05",688,63,0,0,91.61118508655126,40,40,
"Nu: 5e-05, Gamma: 0.0001",688,63,0,0,91.61118508655126,40,40,
"Nu: 5e-05, Gamma: 0.0002",688,63,0,0,91.61118508655126,40,40,
"Nu: 5e-05, Gamma: 0.0003",688,63,0,0,91.61118508655126,40,40,
"Nu: 5e-05, Gamma: 0.0004",688,63,0,0,91.61118508655126,40,40,
"Nu: 5e-05, Gamma: 0.005",688,63,0,0,91.61118508655126,40,40,
"Nu: 5e-05, Gamma: 0.05",688,63,0,0,91.61118508655126,40,40,
"Nu: 5e-05, Gamma: 0.0625",688,63,0,0,91.61118508655126,40,40,
"Nu: 5e-05, Gamma: 0.1",688,63,0,0,91.61118508655126,40,40,
"Nu: 5e-05, Gamma: 0.2",688,63,0,0,91.61118508655126,40,40,
"Nu: 5e-05, Gamma: 0.5",688,63,0,0,91.61118508655126,40,40,
"Nu: 5e-05, Gamma: 0.7",688,63,0,0,91.61118508655126,40,40,
"Nu: 5e-05, Gamma: 0.9",688,63,0,0,91.61118508655126,40,40,
"Nu: 5e-05, Gamma: 0.99",688,63,0,0,91.61118508655126,40,40,
"Nu: 6e-05, Gamma: 1e-05",688,63,0,0,91.61118508655126,40,40,
"Nu: 6e-05, Gamma: 2e-05",688,63,0,0,91.61118508655126,40,40,
"Nu: 6e-05, Gamma: 3e-05",688,63,0,0,91.61118508655126,40,40,
"Nu: 6e-05, Gamma: 4e-05",688,63,0,0,91.61118508655126,40,40,
"Nu: 6e-05, Gamma: 5e-05",688,63,0,0,91.61118508655126,40,40,
"Nu: 6e-05, Gamma: 6e-05",688,63,0,0,91.61118508655126,40,40,
"Nu: 6e-05, Gamma: 7e-05",688,63,0,0,91.61118508655126,40,40,
"Nu: 6e-05, Gamma: 8e-05",688,63,0,0,91.61118508655126,40,40,
"Nu: 6e-05, Gamma: 9e-05",688,63,0,0,91.61118508655126,40,40,
"Nu: 6e-05, Gamma: 0.0001",688,63,0,0,91.61118508655126,40,40,
"Nu: 6e-05, Gamma: 0.0002",688,63,0,0,91.61118508655126,40,40,
"Nu: 6e-05, Gamma: 0.0003",688,63,0,0,91.61118508655126,40,40,
"Nu: 6e-05, Gamma: 0.0004",688,63,0,0,91.61118508655126,40,40,
"Nu: 6e-05, Gamma: 0.005",688,63,0,0,91.61118508655126,40,40,
"Nu: 6e-05, Gamma: 0.05",688,63,0,0,91.61118508655126,40,40,
"Nu: 6e-05, Gamma: 0.0625",688,63,0,0,91.61118508655126,40,40,
"Nu: 6e-05, Gamma: 0.1",688,63,0,0,91.61118508655126,40,40,
"Nu: 6e-05, Gamma: 0.2",688,63,0,0,91.61118508655126,40,40,
"Nu: 6e-05, Gamma: 0.5",688,63,0,0,91.61118508655126,40,40,
"Nu: 6e-05, Gamma: 0.7",688,63,0,0,91.61118508655126,40,40,
"Nu: 6e-05, Gamma: 0.9",688,63,0,0,91.61118508655126,40,40,
"Nu: 6e-05, Gamma: 0.99",688,63,0,0,91.61118508655126,40,40,
"Nu: 7e-05, Gamma: 1e-05",688,63,0,0,91.61118508655126,40,40,
"Nu: 7e-05, Gamma: 2e-05",688,63,0,0,91.61118508655126,40,40,
"Nu: 7e-05, Gamma: 3e-05",688,63,0,0,91.61118508655126,40,40,
"Nu: 7e-05, Gamma: 4e-05",688,63,0,0,91.61118508655126,40,40,
"Nu: 7e-05, Gamma: 5e-05",688,63,0,0,91.61118508655126,40,40,
"Nu: 7e-05, Gamma: 6e-05",688,63,0,0,91.61118508655126,40,40,
"Nu: 7e-05, Gamma: 7e-05",688,63,0,0,91.61118508655126,40,40,
"Nu: 7e-05, Gamma: 8e-05",688,63,0,0,91.61118508655126,40,40,
"Nu: 7e-05, Gamma: 9e-05",688,63,0,0,91.61118508655126,40,40,
"Nu: 7e-05, Gamma: 0.0001",688,63,0,0,91.61118508655126,40,40,
"Nu: 7e-05, Gamma: 0.0002",688,63,0,0,91.61118508655126,40,40,
"Nu: 7e-05, Gamma: 0.0003",688,63,0,0,91.61118508655126,40,40,
"Nu: 7e-05, Gamma: 0.0004",688,63,0,0,91.61118508655126,40,40,
"Nu: 7e-05, Gamma: 0.005",688,63,0,0,91.61118508655126,40,40,
"Nu: 7e-05, Gamma: 0.05",688,63,0,0,91.61118508655126,40,40,
"Nu: 7e-05, Gamma: 0.0625",688,63,0,0,91.61118508655126,40,40,
"Nu: 7e-05, Gamma: 0.1",688,63,0,0,91.61118508655126,40,40,
"Nu: 7e-05, Gamma: 0.2",688,63,0,0,91.61118508655126,40,40,
"Nu: 7e-05, Gamma: 0.5",688,63,0,0,91.61118508655126,40,40,
"Nu: 7e-05, Gamma: 0.7",688,63,0,0,91.61118508655126,40,40,
"Nu: 7e-05, Gamma: 0.9",688,63,0,0,91.61118508655126,40,40,
"Nu: 7e-05, Gamma: 0.99",688,63,0,0,91.61118508655126,40,40,
"Nu: 8e-05, Gamma: 1e-05",688,63,0,0,91.61118508655126,40,40,
"Nu: 8e-05, Gamma: 2e-05",688,63,0,0,91.61118508655126,40,40,
"Nu: 8e-05, Gamma: 3e-05",688,63,0,0,91.61118508655126,40,40,
"Nu: 8e-05, Gamma: 4e-05",688,63,0,0,91.61118508655126,40,40,
"Nu: 8e-05, Gamma: 5e-05",688,63,0,0,91.61118508655126,40,40,
"Nu: 8e-05, Gamma: 6e-05",688,63,0,0,91.61118508655126,40,40,
"Nu: 8e-05, Gamma: 7e-05",688,63,0,0,91.61118508655126,40,40,
"Nu: 8e-05, Gamma: 8e-05",688,63,0,0,91.61118508655126,40,40,
"Nu: 8e-05, Gamma: 9e-05",688,63,0,0,91.61118508655126,40,40,
"Nu: 8e-05, Gamma: 0.0001",688,63,0,0,91.61118508655126,40,40,
"Nu: 8e-05, Gamma: 0.0002",688,63,0,0,91.61118508655126,40,40,
"Nu: 8e-05, Gamma: 0.0003",688,63,0,0,91.61118508655126,40,40,
"Nu: 8e-05, Gamma: 0.0004",688,63,0,0,91.61118508655126,40,40,
"Nu: 8e-05, Gamma: 0.005",688,63,0,0,91.61118508655126,40,40,
"Nu: 8e-05, Gamma: 0.05",688,63,0,0,91.61118508655126,40,40,
"Nu: 8e-05, Gamma: 0.0625",688,63,0,0,91.61118508655126,40,40,
"Nu: 8e-05, Gamma: 0.1",688,63,0,0,91.61118508655126,40,40,
"Nu: 8e-05, Gamma: 0.2",688,63,0,0,91.61118508655126,40,40,
"Nu: 8e-05, Gamma: 0.5",688,63,0,0,91.61118508655126,40,40,
"Nu: 8e-05, Gamma: 0.7",688,63,0,0,91.61118508655126,40,40,
"Nu: 8e-05, Gamma: 0.9",688,63,0,0,91.61118508655126,40,40,
"Nu: 8e-05, Gamma: 0.99",688,63,0,0,91.61118508655126,40,40,
"Nu: 9e-05, Gamma: 1e-05",688,63,0,0,91.61118508655126,40,40,
"Nu: 9e-05, Gamma: 2e-05",688,63,0,0,91.61118508655126,40,40,
"Nu: 9e-05, Gamma: 3e-05",688,63,0,0,91.61118508655126,40,40,
"Nu: 9e-05, Gamma: 4e-05",688,63,0,0,91.61118508655126,40,40,
"Nu: 9e-05, Gamma: 5e-05",688,63,0,0,91.61118508655126,40,40,
"Nu: 9e-05, Gamma: 6e-05",688,63,0,0,91.61118508655126,40,40,
"Nu: 9e-05, Gamma: 7e-05",688,63,0,0,91.61118508655126,40,40,
"Nu: 9e-05, Gamma: 8e-05",688,63,0,0,91.61118508655126,40,40,
"Nu: 9e-05, Gamma: 9e-05",688,63,0,0,91.61118508655126,40,40,
"Nu: 9e-05, Gamma: 0.0001",688,63,0,0,91.61118508655126,40,40,
"Nu: 9e-05, Gamma: 0.0002",688,63,0,0,91.61118508655126,40,40,
"Nu: 9e-05, Gamma: 0.0003",688,63,0,0,91.61118508655126,40,40,
"Nu: 9e-05, Gamma: 0.0004",688,63,0,0,91.61118508655126,40,40,
"Nu: 9e-05, Gamma: 0.005",688,63,0,0,91.61118508655126,40,40,
"Nu: 9e-05, Gamma: 0.05",688,63,0,0,91.61118508655126,40,40,
"Nu: 9e-05, Gamma: 0.0625",688,63,0,0,91.61118508655126,40,40,
"Nu: 9e-05, Gamma: 0.1",688,63,0,0,91.61118508655126,40,40,
"Nu: 9e-05, Gamma: 0.2",688,63,0,0,91.61118508655126,40,40,
"Nu: 9e-05, Gamma: 0.5",688,63,0,0,91.61118508655126,40,40,
"Nu: 9e-05, Gamma: 0.7",688,63,0,0,91.61118508655126,40,40,
"Nu: 9e-05, Gamma: 0.9",688,63,0,0,91.61118508655126,40,40,
"Nu: 9e-05, Gamma: 0.99",688,63,0,0,91.61118508655126,40,40,
"Nu: 0.0001, Gamma: 1e-05",688,63,0,0,91.61118508655126,40,40,
"Nu: 0.0001, Gamma: 2e-05",688,63,0,0,91.61118508655126,40,40,
"Nu: 0.0001, Gamma: 3e-05",688,63,0,0,91.61118508655126,40,40,
"Nu: 0.0001, Gamma: 4e-05",688,63,0,0,91.61118508655126,40,40,
"Nu: 0.0001, Gamma: 5e-05",688,63,0,0,91.61118508655126,40,40,
"Nu: 0.0001, Gamma: 6e-05",688,63,0,0,91.61118508655126,40,40,
"Nu: 0.0001, Gamma: 7e-05",688,63,0,0,91.61118508655126,40,40,
"Nu: 0.0001, Gamma: 8e-05",688,63,0,0,91.61118508655126,40,40,
"Nu: 0.0001, Gamma: 9e-05",688,63,0,0,91.61118508655126,40,40,
"Nu: 0.0001, Gamma: 0.0001",688,63,0,0,91.61118508655126,40,40,
"Nu: 0.0001, Gamma: 0.0002",688,63,0,0,91.61118508655126,40,40,
"Nu: 0.0001, Gamma: 0.0003",688,63,0,0,91.61118508655126,40,40,
"Nu: 0.0001, Gamma: 0.0004",688,63,0,0,91.61118508655126,40,40,
"Nu: 0.0001, Gamma: 0.005",688,63,0,0,91.61118508655126,40,40,
"Nu: 0.0001, Gamma: 0.05",688,63,0,0,91.61118508655126,40,40,
"Nu: 0.0001, Gamma: 0.0625",688,63,0,0,91.61118508655126,40,40,
"Nu: 0.0001, Gamma: 0.1",688,63,0,0,91.61118508655126,40,40,
"Nu: 0.0001, Gamma: 0.2",688,63,0,0,91.61118508655126,40,40,
"Nu: 0.0001, Gamma: 0.5",688,63,0,0,91.61118508655126,40,40,
"Nu: 0.0001, Gamma: 0.7",688,63,0,0,91.61118508655126,40,40,
"Nu: 0.0001, Gamma: 0.9",688,63,0,0,91.61118508655126,40,40,
"Nu: 0.0001, Gamma: 0.99",688,63,0,0,91.61118508655126,40,40,
"Nu: 0.0002, Gamma: 1e-05",688,48,0,15,93.60852197070572,40,40,
"Nu: 0.0002, Gamma: 2e-05",688,63,0,0,91.61118508655126,40,40,
"Nu: 0.0002, Gamma: 3e-05",688,63,0,0,91.61118508655126,40,40,
"Nu: 0.0002, Gamma: 4e-05",688,63,0,0,91.61118508655126,40,40,
"Nu: 0.0002, Gamma: 5e-05",688,63,0,0,91.61118508655126,40,40,
"Nu: 0.0002, Gamma: 6e-05",688,63,0,0,91.61118508655126,40,40,
"Nu: 0.0002, Gamma: 7e-05",688,63,0,0,91.61118508655126,40,40,
"Nu: 0.0002, Gamma: 8e-05",688,63,0,0,91.61118508655126,40,40,
"Nu: 0.0002, Gamma: 9e-05",688,63,0,0,91.61118508655126,40,40,
"Nu: 0.0002, Gamma: 0.0001",688,63,0,0,91.61118508655126,40,40,
"Nu: 0.0002, Gamma: 0.0002",688,63,0,0,91.61118508655126,40,40,
"Nu: 0.0002, Gamma: 0.0003",688,63,0,0,91.61118508655126,40,40,
"Nu: 0.0002, Gamma: 0.0004",688,63,0,0,91.61118508655126,40,40,
"Nu: 0.0002, Gamma: 0.005",688,63,0,0,91.61118508655126,40,40,
"Nu: 0.0002, Gamma: 0.05",688,63,0,0,91.61118508655126,40,40,
"Nu: 0.0002, Gamma: 0.0625",688,63,0,0,91.61118508655126,40,40,
"Nu: 0.0002, Gamma: 0.1",688,63,0,0,91.61118508655126,40,40,
"Nu: 0.0002, Gamma: 0.2",688,63,0,0,91.61118508655126,40,40,
"Nu: 0.0002, Gamma: 0.5",688,63,0,0,91.61118508655126,40,40,
"Nu: 0.0002, Gamma: 0.7",688,63,0,0,91.61118508655126,40,40,
"Nu: 0.0002, Gamma: 0.9",688,63,0,0,91.61118508655126,40,40,
"Nu: 0.0002, Gamma: 0.99",688,63,0,0,91.61118508655126,40,40,
"Nu: 0.0003, Gamma: 1e-05",688,51,0,12,93.20905459387482,40,40,
"Nu: 0.0003, Gamma: 2e-05",688,57,0,6,92.41011984021304,40,40,
"Nu: 0.0003, Gamma: 3e-05",688,60,0,3,92.01065246338216,40,40,
"Nu: 0.0003, Gamma: 4e-05",688,58,0,5,92.27696404793608,40,40,
"Nu: 0.0003, Gamma: 5e-05",688,62,0,1,91.74434087882824,40,40,
"Nu: 0.0003, Gamma: 6e-05",688,63,0,0,91.61118508655126,40,40,
"Nu: 0.0003, Gamma: 7e-05",688,63,0,0,91.61118508655126,40,40,
"Nu: 0.0003, Gamma: 8e-05",688,63,0,0,91.61118508655126,40,40,
"Nu: 0.0003, Gamma: 9e-05",688,63,0,0,91.61118508655126,40,40,
"Nu: 0.0003, Gamma: 0.0001",688,63,0,0,91.61118508655126,40,40,
"Nu: 0.0003, Gamma: 0.0002",688,63,0,0,91.61118508655126,40,40,
"Nu: 0.0003, Gamma: 0.0003",688,63,0,0,91.61118508655126,40,40,
"Nu: 0.0003, Gamma: 0.0004",688,63,0,0,91.61118508655126,40,40,
"Nu: 0.0003, Gamma: 0.005",688,63,0,0,91.61118508655126,40,40,
"Nu: 0.0003, Gamma: 0.05",688,63,0,0,91.61118508655126,40,40,
"Nu: 0.0003, Gamma: 0.0625",688,63,0,0,91.61118508655126,40,40,
"Nu: 0.0003, Gamma: 0.1",688,63,0,0,91.61118508655126,40,40,
"Nu: 0.0003, Gamma: 0.2",688,63,0,0,91.61118508655126,40,40,
"Nu: 0.0003, Gamma: 0.5",688,63,0,0,91.61118508655126,40,40,
"Nu: 0.0003, Gamma: 0.7",688,63,0,0,91.61118508655126,40,40,
"Nu: 0.0003, Gamma: 0.9",688,63,0,0,91.61118508655126,40,40,
"Nu: 0.0003, Gamma: 0.99",688,63,0,0,91.61118508655126,40,40,
"Nu: 0.0004, Gamma: 1e-05",688,52,0,11,93.07589880159787,40,40,
"Nu: 0.0004, Gamma: 2e-05",688,53,0,10,92.9427430093209,40,40,
"Nu: 0.0004, Gamma: 3e-05",688,58,0,5,92.27696404793608,40,40,
"Nu: 0.0004, Gamma: 4e-05",688,58,0,5,92.27696404793608,40,40,
"Nu: 0.0004, Gamma: 5e-05",688,62,0,1,91.74434087882824,40,40,
"Nu: 0.0004, Gamma: 6e-05",688,63,0,0,91.61118508655126,40,40,
"Nu: 0.0004, Gamma: 7e-05",688,63,0,0,91.61118508655126,40,40,
"Nu: 0.0004, Gamma: 8e-05",688,63,0,0,91.61118508655126,40,40,
"Nu: 0.0004, Gamma: 9e-05",688,63,0,0,91.61118508655126,40,40,
"Nu: 0.0004, Gamma: 0.0001",688,63,0,0,91.61118508655126,40,40,
"Nu: 0.0004, Gamma: 0.0002",688,63,0,0,91.61118508655126,40,40,
"Nu: 0.0004, Gamma: 0.0003",688,63,0,0,91.61118508655126,40,40,
"Nu: 0.0004, Gamma: 0.0004",688,63,0,0,91.61118508655126,40,40,
"Nu: 0.0004, Gamma: 0.005",688,63,0,0,91.61118508655126,40,40,
"Nu: 0.0004, Gamma: 0.05",688,63,0,0,91.61118508655126,40,40,
"Nu: 0.0004, Gamma: 0.0625",688,63,0,0,91.61118508655126,40,40,
"Nu: 0.0004, Gamma: 0.1",688,63,0,0,91.61118508655126,40,40,
"Nu: 0.0004, Gamma: 0.2",688,63,0,0,91.61118508655126,40,40,
"Nu: 0.0004, Gamma: 0.5",688,63,0,0,91.61118508655126,40,40,
"Nu: 0.0004, Gamma: 0.7",688,63,0,0,91.61118508655126,40,40,
"Nu: 0.0004, Gamma: 0.9",688,63,0,0,91.61118508655126,40,40,
"Nu: 0.0004, Gamma: 0.99",688,63,0,0,91.61118508655126,40,40,
"Nu: 0.005, Gamma: 1e-05",688,33,0,30,95.60585885486019,40,40,
"Nu: 0.005, Gamma: 2e-05",688,39,0,24,94.8069241011984,40,40,
"Nu: 0.005, Gamma: 3e-05",688,43,0,20,94.27430093209055,40,40,
"Nu: 0.005, Gamma: 4e-05",688,41,0,22,94.54061251664447,40,40,
"Nu: 0.005, Gamma: 5e-05",688,44,0,19,94.14114513981359,40,40,
"Nu: 0.005, Gamma: 6e-05",688,44,0,19,94.14114513981359,40,40,
"Nu: 0.005, Gamma: 7e-05",688,44,0,19,94.14114513981359,40,40,
"Nu: 0.005, Gamma: 8e-05",688,42,0,21,94.4074567243675,40,40,
"Nu: 0.005, Gamma: 9e-05",688,43,0,20,94.27430093209055,40,40,
"Nu: 0.005, Gamma: 0.0001",688,46,0,17,93.87483355525966,40,40,
"Nu: 0.005, Gamma: 0.0002",688,45,0,18,94.00798934753661,40,40,
"Nu: 0.005, Gamma: 0.0003",688,49,0,14,93.47536617842877,40,40,
"Nu: 0.005, Gamma: 0.0004",688,51,0,12,93.20905459387482,40,40,
"Nu: 0.005, Gamma: 0.005",688,63,0,0,91.61118508655126,40,40,
"Nu: 0.005, Gamma: 0.05",688,63,0,0,91.61118508655126,40,40,
"Nu: 0.005, Gamma: 0.0625",688,63,0,0,91.61118508655126,40,40,
"Nu: 0.005, Gamma: 0.1",688,63,0,0,91.61118508655126,40,40,
"Nu: 0.005, Gamma: 0.2",688,63,0,0,91.61118508655126,40,40,
"Nu: 0.005, Gamma: 0.5",688,63,0,0,91.61118508655126,40,40,
"Nu: 0.005, Gamma: 0.7",688,63,0,0,91.61118508655126,40,40,
"Nu: 0.005, Gamma: 0.9",688,63,0,0,91.61118508655126,40,40,
"Nu: 0.005, Gamma: 0.99",688,63,0,0,91.61118508655126,40,40,
"Nu: 0.05, Gamma: 1e-05",688,32,0,31,95.73901464713715,40,40,
"Nu: 0.05, Gamma: 2e-05",688,35,0,28,95.33954727030626,40,40,
"Nu: 0.05, Gamma: 3e-05",688,40,0,23,94.67376830892144,40,40,
"Nu: 0.05, Gamma: 4e-05",688,39,0,24,94.8069241011984,40,40,
"Nu: 0.05, Gamma: 5e-05",688,40,0,23,94.67376830892144,40,40,
"Nu: 0.05, Gamma: 6e-05",688,41,0,22,94.54061251664447,40,40,
"Nu: 0.05, Gamma: 7e-05",688,42,0,21,94.4074567243675,40,40,
"Nu: 0.05, Gamma: 8e-05",688,42,0,21,94.4074567243675,40,40,
"Nu: 0.05, Gamma: 9e-05",688,46,0,17,93.87483355525966,40,40,
"Nu: 0.05, Gamma: 0.0001",688,45,0,18,94.00798934753661,40,40,
"Nu: 0.05, Gamma: 0.0002",688,46,0,17,93.87483355525966,40,40,
"Nu: 0.05, Gamma: 0.0003",688,47,0,16,93.74167776298269,40,40,
"Nu: 0.05, Gamma: 0.0004",688,50,0,13,93.3422103861518,40,40,
"Nu: 0.05, Gamma: 0.005",688,63,0,0,91.61118508655126,40,40,
"Nu: 0.05, Gamma: 0.05",688,63,0,0,91.61118508655126,40,40,
"Nu: 0.05, Gamma: 0.0625",688,63,0,0,91.61118508655126,40,40,
"Nu: 0.05, Gamma: 0.1",688,63,0,0,91.61118508655126,40,40,
"Nu: 0.05, Gamma: 0.2",688,63,0,0,91.61118508655126,40,40,
"Nu: 0.05, Gamma: 0.5",688,63,0,0,91.61118508655126,40,40,
"Nu: 0.05, Gamma: 0.7",688,63,0,0,91.61118508655126,40,40,
"Nu: 0.05, Gamma: 0.9",688,63,0,0,91.61118508655126,40,40,
"Nu: 0.05, Gamma: 0.99",688,63,0,0,91.61118508655126,40,40,
"Nu: 0.0625, Gamma: 1e-05",688,32,0,31,95.73901464713715,40,40,
"Nu: 0.0625, Gamma: 2e-05",688,35,0,28,95.33954727030626,40,40,
"Nu: 0.0625, Gamma: 3e-05",688,40,0,23,94.67376830892144,40,40,
"Nu: 0.0625, Gamma: 4e-05",688,40,0,23,94.67376830892144,40,40,
"Nu: 0.0625, Gamma: 5e-05",688,40,0,23,94.67376830892144,40,40,
"Nu: 0.0625, Gamma: 6e-05",688,40,0,23,94.67376830892144,40,40,
"Nu: 0.0625, Gamma: 7e-05",688,42,0,21,94.4074567243675,40,40,
"Nu: 0.0625, Gamma: 8e-05",688,43,0,20,94.27430093209055,40,40,
"Nu: 0.0625, Gamma: 9e-05",688,45,0,18,94.00798934753661,40,40,
"Nu: 0.0625, Gamma: 0.0001",688,45,0,18,94.00798934753661,40,40,
"Nu: 0.0625, Gamma: 0.0002",688,46,0,17,93.87483355525966,40,40,
"Nu: 0.0625, Gamma: 0.0003",688,48,0,15,93.60852197070572,40,40,
"Nu: 0.0625, Gamma: 0.0004",688,50,0,13,93.3422103861518,40,40,
"Nu: 0.0625, Gamma: 0.005",688,63,0,0,91.61118508655126,40,40,
"Nu: 0.0625, Gamma: 0.05",688,63,0,0,91.61118508655126,40,40,
"Nu: 0.0625, Gamma: 0.0625",688,63,0,0,91.61118508655126,40,40,
"Nu: 0.0625, Gamma: 0.1",688,63,0,0,91.61118508655126,40,40,
"Nu: 0.0625, Gamma: 0.2",688,63,0,0,91.61118508655126,40,40,
"Nu: 0.0625, Gamma: 0.5",688,63,0,0,91.61118508655126,40,40,
"Nu: 0.0625, Gamma: 0.7",688,63,0,0,91.61118508655126,40,40,
"Nu: 0.0625, Gamma: 0.9",688,63,0,0,91.61118508655126,40,40,
"Nu: 0.0625, Gamma: 0.99",688,63,0,0,91.61118508655126,40,40,
"Nu: 0.1, Gamma: 1e-05",688,32,0,31,95.73901464713715,40,40,
"Nu: 0.1, Gamma: 2e-05",688,35,0,28,95.33954727030626,40,40,
"Nu: 0.1, Gamma: 3e-05",688,40,0,23,94.67376830892144,40,40,
"Nu: 0.1, Gamma: 4e-05",688,40,0,23,94.67376830892144,40,40,
"Nu: 0.1, Gamma: 5e-05",688,40,0,23,94.67376830892144,40,40,
"Nu: 0.1, Gamma: 6e-05",688,40,0,23,94.67376830892144,40,40,
"Nu: 0.1, Gamma: 7e-05",688,42,0,21,94.4074567243675,40,40,
"Nu: 0.1, Gamma: 8e-05",688,43,0,20,94.27430093209055,40,40,
"Nu: 0.1, Gamma: 9e-05",688,45,0,18,94.00798934753661,40,40,
"Nu: 0.1, Gamma: 0.0001",688,45,0,18,94.00798934753661,40,40,
"Nu: 0.1, Gamma: 0.0002",688,46,0,17,93.87483355525966,40,40,
"Nu: 0.1, Gamma: 0.0003",688,48,0,15,93.60852197070572,40,40,
"Nu: 0.1, Gamma: 0.0004",688,50,0,13,93.3422103861518,40,40,
"Nu: 0.1, Gamma: 0.005",688,63,0,0,91.61118508655126,40,40,
"Nu: 0.1, Gamma: 0.05",688,63,0,0,91.61118508655126,40,40,
"Nu: 0.1, Gamma: 0.0625",688,63,0,0,91.61118508655126,40,40,
"Nu: 0.1, Gamma: 0.1",688,63,0,0,91.61118508655126,40,40,
"Nu: 0.1, Gamma: 0.2",688,63,0,0,91.61118508655126,40,40,
"Nu: 0.1, Gamma: 0.5",688,63,0,0,91.61118508655126,40,40,
"Nu: 0.1, Gamma: 0.7",688,63,0,0,91.61118508655126,40,40,
"Nu: 0.1, Gamma: 0.9",688,63,0,0,91.61118508655126,40,40,
"Nu: 0.1, Gamma: 0.99",688,63,0,0,91.61118508655126,40,40,
"Nu: 0.2, Gamma: 1e-05",688,32,0,31,95.73901464713715,40,40,
"Nu: 0.2, Gamma: 2e-05",688,35,0,28,95.33954727030626,40,40,
"Nu: 0.2, Gamma: 3e-05",688,40,0,23,94.67376830892144,40,40,
"Nu: 0.2, Gamma: 4e-05",688,40,0,23,94.67376830892144,40,40,
"Nu: 0.2, Gamma: 5e-05",688,40,0,23,94.67376830892144,40,40,
"Nu: 0.2, Gamma: 6e-05",688,40,0,23,94.67376830892144,40,40,
"Nu: 0.2, Gamma: 7e-05",688,42,0,21,94.4074567243675,40,40,
"Nu: 0.2, Gamma: 8e-05",688,43,0,20,94.27430093209055,40,40,
"Nu: 0.2, Gamma: 9e-05",688,45,0,18,94.00798934753661,40,40,
"Nu: 0.2, Gamma: 0.0001",688,45,0,18,94.00798934753661,40,40,
"Nu: 0.2, Gamma: 0.0002",688,46,0,17,93.87483355525966,40,40,
"Nu: 0.2, Gamma: 0.0003",688,48,0,15,93.60852197070572,40,40,
"Nu: 0.2, Gamma: 0.0004",688,50,0,13,93.3422103861518,40,40,
"Nu: 0.2, Gamma: 0.005",688,63,0,0,91.61118508655126,40,40,
"Nu: 0.2, Gamma: 0.05",688,63,0,0,91.61118508655126,40,40,
"Nu: 0.2, Gamma: 0.0625",688,63,0,0,91.61118508655126,40,40,
"Nu: 0.2, Gamma: 0.1",688,63,0,0,91.61118508655126,40,40,
"Nu: 0.2, Gamma: 0.2",688,63,0,0,91.61118508655126,40,40,
"Nu: 0.2, Gamma: 0.5",688,63,0,0,91.61118508655126,40,40,
"Nu: 0.2, Gamma: 0.7",688,63,0,0,91.61118508655126,40,40,
"Nu: 0.2, Gamma: 0.9",688,63,0,0,91.61118508655126,40,40,
"Nu: 0.2, Gamma: 0.99",688,63,0,0,91.61118508655126,40,40,
"Nu: 0.5, Gamma: 1e-05",688,35,0,28,95.33954727030626,40,40,
"Nu: 0.5, Gamma: 2e-05",688,38,0,25,94.94007989347537,40,40,
"Nu: 0.5, Gamma: 3e-05",688,40,0,23,94.67376830892144,40,40,
"Nu: 0.5, Gamma: 4e-05",688,40,0,23,94.67376830892144,40,40,
"Nu: 0.5, Gamma: 5e-05",688,40,0,23,94.67376830892144,40,40,
"Nu: 0.5, Gamma: 6e-05",688,40,0,23,94.67376830892144,40,40,
"Nu: 0.5, Gamma: 7e-05",688,42,0,21,94.4074567243675,40,40,
"Nu: 0.5, Gamma: 8e-05",688,43,0,20,94.27430093209055,40,40,
"Nu: 0.5, Gamma: 9e-05",688,45,0,18,94.00798934753661,40,40,
"Nu: 0.5, Gamma: 0.0001",688,45,0,18,94.00798934753661,40,40,
"Nu: 0.5, Gamma: 0.0002",688,46,0,17,93.87483355525966,40,40,
"Nu: 0.5, Gamma: 0.0003",688,49,0,14,93.47536617842877,40,40,
"Nu: 0.5, Gamma: 0.0004",688,50,0,13,93.3422103861518,40,40,
"Nu: 0.5, Gamma: 0.005",688,63,0,0,91.61118508655126,40,40,
"Nu: 0.5, Gamma: 0.05",688,63,0,0,91.61118508655126,40,40,
"Nu: 0.5, Gamma: 0.0625",688,63,0,0,91.61118508655126,40,40,
"Nu: 0.5, Gamma: 0.1",688,63,0,0,91.61118508655126,40,40,
"Nu: 0.5, Gamma: 0.2",688,63,0,0,91.61118508655126,40,40,
"Nu: 0.5, Gamma: 0.5",688,63,0,0,91.61118508655126,40,40,
"Nu: 0.5, Gamma: 0.7",688,63,0,0,91.61118508655126,40,40,
"Nu: 0.5, Gamma: 0.9",688,63,0,0,91.61118508655126,40,40,
"Nu: 0.5, Gamma: 0.99",688,63,0,0,91.61118508655126,40,40,
"Nu: 0.7, Gamma: 1e-05",688,43,0,20,94.27430093209055,40,40,
"Nu: 0.7, Gamma: 2e-05",688,45,0,18,94.00798934753661,40,40,
"Nu: 0.7, Gamma: 3e-05",688,48,0,15,93.60852197070572,40,40,
"Nu: 0.7, Gamma: 4e-05",688,46,0,17,93.87483355525966,40,40,
"Nu: 0.7, Gamma: 5e-05",688,46,0,17,93.87483355525966,40,40,
"Nu: 0.7, Gamma: 6e-05",688,44,0,19,94.14114513981359,40,40,
"Nu: 0.7, Gamma: 7e-05",688,45,0,18,94.00798934753661,40,40,
"Nu: 0.7, Gamma: 8e-05",688,45,0,18,94.00798934753661,40,40,
"Nu: 0.7, Gamma: 9e-05",688,46,0,17,93.87483355525966,40,40,
"Nu: 0.7, Gamma: 0.0001",688,46,0,17,93.87483355525966,40,40,
"Nu: 0.7, Gamma: 0.0002",688,46,0,17,93.87483355525966,40,40,
"Nu: 0.7, Gamma: 0.0003",688,48,0,15,93.60852197070572,40,40,
"Nu: 0.7, Gamma: 0.0004",688,50,0,13,93.3422103861518,40,40,
"Nu: 0.7, Gamma: 0.005",688,63,0,0,91.61118508655126,40,40,
"Nu: 0.7, Gamma: 0.05",688,63,0,0,91.61118508655126,40,40,
"Nu: 0.7, Gamma: 0.0625",688,63,0,0,91.61118508655126,40,40,
"Nu: 0.7, Gamma: 0.1",688,63,0,0,91.61118508655126,40,40,
"Nu: 0.7, Gamma: 0.2",688,63,0,0,91.61118508655126,40,40,
"Nu: 0.7, Gamma: 0.5",688,63,0,0,91.61118508655126,40,40,
"Nu: 0.7, Gamma: 0.7",688,63,0,0,91.61118508655126,40,40,
"Nu: 0.7, Gamma: 0.9",688,63,0,0,91.61118508655126,40,40,
"Nu: 0.7, Gamma: 0.99",688,63,0,0,91.61118508655126,40,40,
"Nu: 0.9, Gamma: 1e-05",688,54,0,9,92.80958721704394,40,40,
"Nu: 0.9, Gamma: 2e-05",688,55,0,8,92.67643142476697,40,40,
"Nu: 0.9, Gamma: 3e-05",688,55,0,8,92.67643142476697,40,40,
"Nu: 0.9, Gamma: 4e-05",688,56,0,7,92.54327563249002,40,40,
"Nu: 0.9, Gamma: 5e-05",688,56,0,7,92.54327563249002,40,40,
"Nu: 0.9, Gamma: 6e-05",688,55,0,8,92.67643142476697,40,40,
"Nu: 0.9, Gamma: 7e-05",688,55,0,8,92.67643142476697,40,40,
"Nu: 0.9, Gamma: 8e-05",688,55,0,8,92.67643142476697,40,40,
"Nu: 0.9, Gamma: 9e-05",688,56,0,7,92.54327563249002,40,40,
"Nu: 0.9, Gamma: 0.0001",688,56,0,7,92.54327563249002,40,40,
"Nu: 0.9, Gamma: 0.0002",688,56,0,7,92.54327563249002,40,40,
"Nu: 0.9, Gamma: 0.0003",688,57,0,6,92.41011984021304,40,40,
"Nu: 0.9, Gamma: 0.0004",688,58,0,5,92.27696404793608,40,40,
"Nu: 0.9, Gamma: 0.005",688,63,0,0,91.61118508655126,40,40,
"Nu: 0.9, Gamma: 0.05",688,63,0,0,91.61118508655126,40,40,
"Nu: 0.9, Gamma: 0.0625",688,63,0,0,91.61118508655126,40,40,
"Nu: 0.9, Gamma: 0.1",688,63,0,0,91.61118508655126,40,40,
"Nu: 0.9, Gamma: 0.2",688,63,0,0,91.61118508655126,40,40,
"Nu: 0.9, Gamma: 0.5",688,63,0,0,91.61118508655126,40,40,
"Nu: 0.9, Gamma: 0.7",688,63,0,0,91.61118508655126,40,40,
"Nu: 0.9, Gamma: 0.9",688,63,0,0,91.61118508655126,40,40,
"Nu: 0.9, Gamma: 0.99",688,63,0,0,91.61118508655126,40,40,
"Nu: 0.99, Gamma: 1e-05",688,63,0,0,91.61118508655126,40,40,
"Nu: 0.99, Gamma: 2e-05",688,61,0,2,91.87749667110519,40,40,
"Nu: 0.99, Gamma: 3e-05",688,62,0,1,91.74434087882824,40,40,
"Nu: 0.99, Gamma: 4e-05",688,62,0,1,91.74434087882824,40,40,
"Nu: 0.99, Gamma: 5e-05",688,62,0,1,91.74434087882824,40,40,
"Nu: 0.99, Gamma: 6e-05",688,62,0,1,91.74434087882824,40,40,
"Nu: 0.99, Gamma: 7e-05",688,62,0,1,91.74434087882824,40,40,
"Nu: 0.99, Gamma: 8e-05",688,62,0,1,91.74434087882824,40,40,
"Nu: 0.99, Gamma: 9e-05",688,62,0,1,91.74434087882824,40,40,
"Nu: 0.99, Gamma: 0.0001",688,62,0,1,91.74434087882824,40,40,
"Nu: 0.99, Gamma: 0.0002",688,62,0,1,91.74434087882824,40,40,
"Nu: 0.99, Gamma: 0.0003",688,63,0,0,91.61118508655126,40,40,
"Nu: 0.99, Gamma: 0.0004",688,63,0,0,91.61118508655126,40,40,
"Nu: 0.99, Gamma: 0.005",688,63,0,0,91.61118508655126,40,40,
"Nu: 0.99, Gamma: 0.05",688,63,0,0,91.61118508655126,40,40,
"Nu: 0.99, Gamma: 0.0625",688,63,0,0,91.61118508655126,40,40,
"Nu: 0.99, Gamma: 0.1",688,63,0,0,91.61118508655126,40,40,
"Nu: 0.99, Gamma: 0.2",688,63,0,0,91.61118508655126,40,40,
"Nu: 0.99, Gamma: 0.5",688,63,0,0,91.61118508655126,40,40,
"Nu: 0.99, Gamma: 0.7",688,63,0,0,91.61118508655126,40,40,
"Nu: 0.99, Gamma: 0.9",688,63,0,0,91.61118508655126,40,40,
"Nu: 0.99, Gamma: 0.99",688,63,0,0,91.61118508655126,40,40,
,,,,,,,,
Features: 16,,,,,,,,
Target Class: blackscholes,TP,FP,FN,TN,ACC (%),Noise Percantages,Upsampling,
"Nu: 5e-05, Gamma: 1e-05",960,33,0,3,96.6867469879518,50,40,
"Nu: 5e-05, Gamma: 2e-05",960,36,0,0,96.3855421686747,50,40,
"Nu: 5e-05, Gamma: 3e-05",960,36,0,0,96.3855421686747,50,40,
"Nu: 5e-05, Gamma: 4e-05",960,36,0,0,96.3855421686747,50,40,
"Nu: 5e-05, Gamma: 5e-05",960,36,0,0,96.3855421686747,50,40,
"Nu: 5e-05, Gamma: 6e-05",960,36,0,0,96.3855421686747,50,40,
"Nu: 5e-05, Gamma: 7e-05",960,36,0,0,96.3855421686747,50,40,
"Nu: 5e-05, Gamma: 8e-05",960,36,0,0,96.3855421686747,50,40,
"Nu: 5e-05, Gamma: 9e-05",960,36,0,0,96.3855421686747,50,40,
"Nu: 5e-05, Gamma: 0.0001",960,36,0,0,96.3855421686747,50,40,
"Nu: 5e-05, Gamma: 0.0002",960,36,0,0,96.3855421686747,50,40,
"Nu: 5e-05, Gamma: 0.0003",960,36,0,0,96.3855421686747,50,40,
"Nu: 5e-05, Gamma: 0.0004",960,36,0,0,96.3855421686747,50,40,
"Nu: 5e-05, Gamma: 0.005",960,36,0,0,96.3855421686747,50,40,
"Nu: 5e-05, Gamma: 0.05",960,36,0,0,96.3855421686747,50,40,
"Nu: 5e-05, Gamma: 0.0625",960,36,0,0,96.3855421686747,50,40,
"Nu: 5e-05, Gamma: 0.1",960,36,0,0,96.3855421686747,50,40,
"Nu: 5e-05, Gamma: 0.2",960,36,0,0,96.3855421686747,50,40,
"Nu: 5e-05, Gamma: 0.5",960,36,0,0,96.3855421686747,50,40,
"Nu: 5e-05, Gamma: 0.7",960,36,0,0,96.3855421686747,50,40,
"Nu: 5e-05, Gamma: 0.9",960,36,0,0,96.3855421686747,50,40,
"Nu: 5e-05, Gamma: 0.99",960,36,0,0,96.3855421686747,50,40,
"Nu: 6e-05, Gamma: 1e-05",960,35,0,1,96.4859437751004,50,40,
"Nu: 6e-05, Gamma: 2e-05",960,36,0,0,96.3855421686747,50,40,
"Nu: 6e-05, Gamma: 3e-05",925,25,35,11,93.97590361445783,50,40,
"Nu: 6e-05, Gamma: 4e-05",960,34,0,2,96.5863453815261,50,40,
"Nu: 6e-05, Gamma: 5e-05",960,35,0,1,96.4859437751004,50,40,
"Nu: 6e-05, Gamma: 6e-05",960,36,0,0,96.3855421686747,50,40,
"Nu: 6e-05, Gamma: 7e-05",960,36,0,0,96.3855421686747,50,40,
"Nu: 6e-05, Gamma: 8e-05",960,36,0,0,96.3855421686747,50,40,
"Nu: 6e-05, Gamma: 9e-05",960,36,0,0,96.3855421686747,50,40,
"Nu: 6e-05, Gamma: 0.0001",960,36,0,0,96.3855421686747,50,40,
"Nu: 6e-05, Gamma: 0.0002",960,36,0,0,96.3855421686747,50,40,
"Nu: 6e-05, Gamma: 0.0003",960,36,0,0,96.3855421686747,50,40,
"Nu: 6e-05, Gamma: 0.0004",960,36,0,0,96.3855421686747,50,40,
"Nu: 6e-05, Gamma: 0.005",960,36,0,0,96.3855421686747,50,40,
"Nu: 6e-05, Gamma: 0.05",960,36,0,0,96.3855421686747,50,40,
"Nu: 6e-05, Gamma: 0.0625",960,36,0,0,96.3855421686747,50,40,
"Nu: 6e-05, Gamma: 0.1",960,36,0,0,96.3855421686747,50,40,
"Nu: 6e-05, Gamma: 0.2",960,36,0,0,96.3855421686747,50,40,
"Nu: 6e-05, Gamma: 0.5",960,36,0,0,96.3855421686747,50,40,
"Nu: 6e-05, Gamma: 0.7",960,36,0,0,96.3855421686747,50,40,
"Nu: 6e-05, Gamma: 0.9",960,36,0,0,96.3855421686747,50,40,
"Nu: 6e-05, Gamma: 0.99",960,36,0,0,96.3855421686747,50,40,
"Nu: 7e-05, Gamma: 1e-05",960,35,0,1,96.4859437751004,50,40,
"Nu: 7e-05, Gamma: 2e-05",773,8,187,28,80.42168674698796,50,40,
"Nu: 7e-05, Gamma: 3e-05",925,25,35,11,93.97590361445783,50,40,
"Nu: 7e-05, Gamma: 4e-05",960,34,0,2,96.5863453815261,50,40,
"Nu: 7e-05, Gamma: 5e-05",960,35,0,1,96.4859437751004,50,40,
"Nu: 7e-05, Gamma: 6e-05",960,36,0,0,96.3855421686747,50,40,
"Nu: 7e-05, Gamma: 7e-05",960,36,0,0,96.3855421686747,50,40,
"Nu: 7e-05, Gamma: 8e-05",960,36,0,0,96.3855421686747,50,40,
"Nu: 7e-05, Gamma: 9e-05",960,36,0,0,96.3855421686747,50,40,
"Nu: 7e-05, Gamma: 0.0001",960,36,0,0,96.3855421686747,50,40,
"Nu: 7e-05, Gamma: 0.0002",960,36,0,0,96.3855421686747,50,40,
"Nu: 7e-05, Gamma: 0.0003",960,36,0,0,96.3855421686747,50,40,
"Nu: 7e-05, Gamma: 0.0004",960,36,0,0,96.3855421686747,50,40,
"Nu: 7e-05, Gamma: 0.005",960,36,0,0,96.3855421686747,50,40,
"Nu: 7e-05, Gamma: 0.05",960,36,0,0,96.3855421686747,50,40,
"Nu: 7e-05, Gamma: 0.0625",960,36,0,0,96.3855421686747,50,40,
"Nu: 7e-05, Gamma: 0.1",960,36,0,0,96.3855421686747,50,40,
"Nu: 7e-05, Gamma: 0.2",960,36,0,0,96.3855421686747,50,40,
"Nu: 7e-05, Gamma: 0.5",960,36,0,0,96.3855421686747,50,40,
"Nu: 7e-05, Gamma: 0.7",960,36,0,0,96.3855421686747,50,40,
"Nu: 7e-05, Gamma: 0.9",960,36,0,0,96.3855421686747,50,40,
"Nu: 7e-05, Gamma: 0.99",960,36,0,0,96.3855421686747,50,40,
"Nu: 8e-05, Gamma: 1e-05",960,36,0,0,96.3855421686747,50,40,
"Nu: 8e-05, Gamma: 2e-05",747,6,213,30,78.01204819277109,50,40,
"Nu: 8e-05, Gamma: 3e-05",925,25,35,11,93.97590361445783,50,40,
"Nu: 8e-05, Gamma: 4e-05",960,34,0,2,96.5863453815261,50,40,
"Nu: 8e-05, Gamma: 5e-05",960,35,0,1,96.4859437751004,50,40,
"Nu: 8e-05, Gamma: 6e-05",960,36,0,0,96.3855421686747,50,40,
"Nu: 8e-05, Gamma: 7e-05",960,36,0,0,96.3855421686747,50,40,
"Nu: 8e-05, Gamma: 8e-05",960,36,0,0,96.3855421686747,50,40,
"Nu: 8e-05, Gamma: 9e-05",960,36,0,0,96.3855421686747,50,40,
"Nu: 8e-05, Gamma: 0.0001",960,36,0,0,96.3855421686747,50,40,
"Nu: 8e-05, Gamma: 0.0002",960,36,0,0,96.3855421686747,50,40,
"Nu: 8e-05, Gamma: 0.0003",960,36,0,0,96.3855421686747,50,40,
"Nu: 8e-05, Gamma: 0.0004",960,36,0,0,96.3855421686747,50,40,
"Nu: 8e-05, Gamma: 0.005",960,36,0,0,96.3855421686747,50,40,
"Nu: 8e-05, Gamma: 0.05",960,36,0,0,96.3855421686747,50,40,
"Nu: 8e-05, Gamma: 0.0625",960,36,0,0,96.3855421686747,50,40,
"Nu: 8e-05, Gamma: 0.1",960,36,0,0,96.3855421686747,50,40,
"Nu: 8e-05, Gamma: 0.2",960,36,0,0,96.3855421686747,50,40,
"Nu: 8e-05, Gamma: 0.5",960,36,0,0,96.3855421686747,50,40,
"Nu: 8e-05, Gamma: 0.7",960,36,0,0,96.3855421686747,50,40,
"Nu: 8e-05, Gamma: 0.9",960,36,0,0,96.3855421686747,50,40,
"Nu: 8e-05, Gamma: 0.99",960,36,0,0,96.3855421686747,50,40,
"Nu: 9e-05, Gamma: 1e-05",745,6,215,30,77.81124497991968,50,40,
"Nu: 9e-05, Gamma: 2e-05",747,6,213,30,78.01204819277109,50,40,
"Nu: 9e-05, Gamma: 3e-05",925,25,35,11,93.97590361445783,50,40,
"Nu: 9e-05, Gamma: 4e-05",960,34,0,2,96.5863453815261,50,40,
"Nu: 9e-05, Gamma: 5e-05",960,35,0,1,96.4859437751004,50,40,
"Nu: 9e-05, Gamma: 6e-05",960,36,0,0,96.3855421686747,50,40,
"Nu: 9e-05, Gamma: 7e-05",960,36,0,0,96.3855421686747,50,40,
"Nu: 9e-05, Gamma: 8e-05",960,36,0,0,96.3855421686747,50,40,
"Nu: 9e-05, Gamma: 9e-05",960,36,0,0,96.3855421686747,50,40,
"Nu: 9e-05, Gamma: 0.0001",960,36,0,0,96.3855421686747,50,40,
"Nu: 9e-05, Gamma: 0.0002",960,36,0,0,96.3855421686747,50,40,
"Nu: 9e-05, Gamma: 0.0003",960,36,0,0,96.3855421686747,50,40,
"Nu: 9e-05, Gamma: 0.0004",960,36,0,0,96.3855421686747,50,40,
"Nu: 9e-05, Gamma: 0.005",960,36,0,0,96.3855421686747,50,40,
"Nu: 9e-05, Gamma: 0.05",960,36,0,0,96.3855421686747,50,40,
"Nu: 9e-05, Gamma: 0.0625",960,36,0,0,96.3855421686747,50,40,
"Nu: 9e-05, Gamma: 0.1",960,36,0,0,96.3855421686747,50,40,
"Nu: 9e-05, Gamma: 0.2",960,36,0,0,96.3855421686747,50,40,
"Nu: 9e-05, Gamma: 0.5",960,36,0,0,96.3855421686747,50,40,
"Nu: 9e-05, Gamma: 0.7",960,36,0,0,96.3855421686747,50,40,
"Nu: 9e-05, Gamma: 0.9",960,36,0,0,96.3855421686747,50,40,
"Nu: 9e-05, Gamma: 0.99",960,36,0,0,96.3855421686747,50,40,
"Nu: 0.0001, Gamma: 1e-05",744,6,216,30,77.71084337349397,50,40,
"Nu: 0.0001, Gamma: 2e-05",747,6,213,30,78.01204819277109,50,40,
"Nu: 0.0001, Gamma: 3e-05",925,25,35,11,93.97590361445783,50,40,
"Nu: 0.0001, Gamma: 4e-05",960,34,0,2,96.5863453815261,50,40,
"Nu: 0.0001, Gamma: 5e-05",960,35,0,1,96.4859437751004,50,40,
"Nu: 0.0001, Gamma: 6e-05",960,36,0,0,96.3855421686747,50,40,
"Nu: 0.0001, Gamma: 7e-05",960,36,0,0,96.3855421686747,50,40,
"Nu: 0.0001, Gamma: 8e-05",960,36,0,0,96.3855421686747,50,40,
"Nu: 0.0001, Gamma: 9e-05",960,36,0,0,96.3855421686747,50,40,
"Nu: 0.0001, Gamma: 0.0001",960,36,0,0,96.3855421686747,50,40,
"Nu: 0.0001, Gamma: 0.0002",960,36,0,0,96.3855421686747,50,40,
"Nu: 0.0001, Gamma: 0.0003",960,36,0,0,96.3855421686747,50,40,
"Nu: 0.0001, Gamma: 0.0004",960,36,0,0,96.3855421686747,50,40,
"Nu: 0.0001, Gamma: 0.005",960,36,0,0,96.3855421686747,50,40,
"Nu: 0.0001, Gamma: 0.05",960,36,0,0,96.3855421686747,50,40,
"Nu: 0.0001, Gamma: 0.0625",960,36,0,0,96.3855421686747,50,40,
"Nu: 0.0001, Gamma: 0.1",960,36,0,0,96.3855421686747,50,40,
"Nu: 0.0001, Gamma: 0.2",960,36,0,0,96.3855421686747,50,40,
"Nu: 0.0001, Gamma: 0.5",960,36,0,0,96.3855421686747,50,40,
"Nu: 0.0001, Gamma: 0.7",960,36,0,0,96.3855421686747,50,40,
"Nu: 0.0001, Gamma: 0.9",960,36,0,0,96.3855421686747,50,40,
"Nu: 0.0001, Gamma: 0.99",960,36,0,0,96.3855421686747,50,40,
"Nu: 0.0002, Gamma: 1e-05",742,3,218,33,77.81124497991968,50,40,
"Nu: 0.0002, Gamma: 2e-05",740,4,220,32,77.51004016064257,50,40,
"Nu: 0.0002, Gamma: 3e-05",951,33,9,3,95.78313253012048,50,40,
"Nu: 0.0002, Gamma: 4e-05",956,34,4,2,96.18473895582329,50,40,
"Nu: 0.0002, Gamma: 5e-05",960,34,0,2,96.5863453815261,50,40,
"Nu: 0.0002, Gamma: 6e-05",948,24,12,12,96.3855421686747,50,40,
"Nu: 0.0002, Gamma: 7e-05",923,24,37,12,93.87550200803213,50,40,
"Nu: 0.0002, Gamma: 8e-05",754,6,206,30,78.714859437751,50,40,
"Nu: 0.0002, Gamma: 9e-05",766,7,194,29,79.81927710843374,50,40,
"Nu: 0.0002, Gamma: 0.0001",770,9,190,27,80.02008032128514,50,40,
"Nu: 0.0002, Gamma: 0.0002",904,25,56,11,91.86746987951807,50,40,
"Nu: 0.0002, Gamma: 0.0003",950,34,10,2,95.58232931726907,50,40,
"Nu: 0.0002, Gamma: 0.0004",957,36,3,0,96.08433734939759,50,40,
"Nu: 0.0002, Gamma: 0.005",960,36,0,0,96.3855421686747,50,40,
"Nu: 0.0002, Gamma: 0.05",960,36,0,0,96.3855421686747,50,40,
"Nu: 0.0002, Gamma: 0.0625",960,36,0,0,96.3855421686747,50,40,
"Nu: 0.0002, Gamma: 0.1",960,36,0,0,96.3855421686747,50,40,
"Nu: 0.0002, Gamma: 0.2",960,36,0,0,96.3855421686747,50,40,
"Nu: 0.0002, Gamma: 0.5",960,36,0,0,96.3855421686747,50,40,
"Nu: 0.0002, Gamma: 0.7",960,36,0,0,96.3855421686747,50,40,
"Nu: 0.0002, Gamma: 0.9",960,36,0,0,96.3855421686747,50,40,
"Nu: 0.0002, Gamma: 0.99",960,36,0,0,96.3855421686747,50,40,
"Nu: 0.0003, Gamma: 1e-05",737,3,223,33,77.30923694779116,50,40,
"Nu: 0.0003, Gamma: 2e-05",852,10,108,26,88.15261044176707,50,40,
"Nu: 0.0003, Gamma: 3e-05",900,23,60,13,91.66666666666666,50,40,
"Nu: 0.0003, Gamma: 4e-05",886,20,74,16,90.56224899598394,50,40,
"Nu: 0.0003, Gamma: 5e-05",769,6,191,30,80.22088353413655,50,40,
"Nu: 0.0003, Gamma: 6e-05",895,19,65,17,91.56626506024097,50,40,
"Nu: 0.0003, Gamma: 7e-05",752,3,208,33,78.81526104417671,50,40,
"Nu: 0.0003, Gamma: 8e-05",754,6,206,30,78.714859437751,50,40,
"Nu: 0.0003, Gamma: 9e-05",839,13,121,23,86.54618473895582,50,40,
"Nu: 0.0003, Gamma: 0.0001",892,20,68,16,91.16465863453816,50,40,
"Nu: 0.0003, Gamma: 0.0002",960,35,0,1,96.4859437751004,50,40,
"Nu: 0.0003, Gamma: 0.0003",960,35,0,1,96.4859437751004,50,40,
"Nu: 0.0003, Gamma: 0.0004",960,36,0,0,96.3855421686747,50,40,
"Nu: 0.0003, Gamma: 0.005",958,34,2,2,96.3855421686747,50,40,
"Nu: 0.0003, Gamma: 0.05",960,36,0,0,96.3855421686747,50,40,
"Nu: 0.0003, Gamma: 0.0625",960,36,0,0,96.3855421686747,50,40,
"Nu: 0.0003, Gamma: 0.1",960,36,0,0,96.3855421686747,50,40,
"Nu: 0.0003, Gamma: 0.2",960,36,0,0,96.3855421686747,50,40,
"Nu: 0.0003, Gamma: 0.5",960,36,0,0,96.3855421686747,50,40,
"Nu: 0.0003, Gamma: 0.7",960,36,0,0,96.3855421686747,50,40,
"Nu: 0.0003, Gamma: 0.9",960,36,0,0,96.3855421686747,50,40,
"Nu: 0.0003, Gamma: 0.99",960,36,0,0,96.3855421686747,50,40,
"Nu: 0.0004, Gamma: 1e-05",737,3,223,33,77.30923694779116,50,40,
"Nu: 0.0004, Gamma: 2e-05",738,3,222,33,77.40963855421687,50,40,
"Nu: 0.0004, Gamma: 3e-05",866,10,94,26,89.5582329317269,50,40,
"Nu: 0.0004, Gamma: 4e-05",881,18,79,18,90.26104417670683,50,40,
"Nu: 0.0004, Gamma: 5e-05",762,6,198,30,79.51807228915662,50,40,
"Nu: 0.0004, Gamma: 6e-05",895,19,65,17,91.56626506024097,50,40,
"Nu: 0.0004, Gamma: 7e-05",869,12,91,24,89.65863453815261,50,40,
"Nu: 0.0004, Gamma: 8e-05",804,8,156,28,83.53413654618474,50,40,
"Nu: 0.0004, Gamma: 9e-05",838,13,122,23,86.44578313253012,50,40,
"Nu: 0.0004, Gamma: 0.0001",882,18,78,18,90.36144578313254,50,40,
"Nu: 0.0004, Gamma: 0.0002",958,35,2,1,96.285140562249,50,40,
"Nu: 0.0004, Gamma: 0.0003",950,31,10,5,95.88353413654619,50,40,
"Nu: 0.0004, Gamma: 0.0004",955,31,5,5,96.3855421686747,50,40,
"Nu: 0.0004, Gamma: 0.005",958,34,2,2,96.3855421686747,50,40,
"Nu: 0.0004, Gamma: 0.05",960,36,0,0,96.3855421686747,50,40,
"Nu: 0.0004, Gamma: 0.0625",960,36,0,0,96.3855421686747,50,40,
"Nu: 0.0004, Gamma: 0.1",960,36,0,0,96.3855421686747,50,40,
"Nu: 0.0004, Gamma: 0.2",960,36,0,0,96.3855421686747,50,40,
"Nu: 0.0004, Gamma: 0.5",960,36,0,0,96.3855421686747,50,40,
"Nu: 0.0004, Gamma: 0.7",960,36,0,0,96.3855421686747,50,40,
"Nu: 0.0004, Gamma: 0.9",960,36,0,0,96.3855421686747,50,40,
"Nu: 0.0004, Gamma: 0.99",960,36,0,0,96.3855421686747,50,40,
"Nu: 0.005, Gamma: 1e-05",769,3,191,33,80.52208835341365,50,40,
"Nu: 0.005, Gamma: 2e-05",738,3,222,33,77.40963855421687,50,40,
"Nu: 0.005, Gamma: 3e-05",777,3,183,33,81.32530120481928,50,40,
"Nu: 0.005, Gamma: 4e-05",778,3,182,33,81.42570281124499,50,40,
"Nu: 0.005, Gamma: 5e-05",789,3,171,33,82.53012048192771,50,40,
"Nu: 0.005, Gamma: 6e-05",801,4,159,32,83.63453815261043,50,40,
"Nu: 0.005, Gamma: 7e-05",802,6,158,30,83.53413654618474,50,40,
"Nu: 0.005, Gamma: 8e-05",795,5,165,31,82.93172690763052,50,40,
"Nu: 0.005, Gamma: 9e-05",801,6,159,30,83.43373493975903,50,40,
"Nu: 0.005, Gamma: 0.0001",798,6,162,30,83.13253012048193,50,40,
"Nu: 0.005, Gamma: 0.0002",809,6,151,30,84.23694779116467,50,40,
"Nu: 0.005, Gamma: 0.0003",824,9,136,27,85.4417670682731,50,40,
"Nu: 0.005, Gamma: 0.0004",845,8,115,28,87.65060240963855,50,40,
"Nu: 0.005, Gamma: 0.005",912,24,48,12,92.7710843373494,50,40,
"Nu: 0.005, Gamma: 0.05",947,34,13,2,95.28112449799197,50,40,
"Nu: 0.005, Gamma: 0.0625",948,35,12,1,95.28112449799197,50,40,
"Nu: 0.005, Gamma: 0.1",954,35,6,1,95.88353413654619,50,40,
"Nu: 0.005, Gamma: 0.2",960,36,0,0,96.3855421686747,50,40,
"Nu: 0.005, Gamma: 0.5",960,36,0,0,96.3855421686747,50,40,
"Nu: 0.005, Gamma: 0.7",960,36,0,0,96.3855421686747,50,40,
"Nu: 0.005, Gamma: 0.9",960,36,0,0,96.3855421686747,50,40,
"Nu: 0.005, Gamma: 0.99",960,36,0,0,96.3855421686747,50,40,
"Nu: 0.05, Gamma: 1e-05",769,3,191,33,80.52208835341365,50,40,
"Nu: 0.05, Gamma: 2e-05",773,3,187,33,80.92369477911646,50,40,
"Nu: 0.05, Gamma: 3e-05",777,3,183,33,81.32530120481928,50,40,
"Nu: 0.05, Gamma: 4e-05",778,3,182,33,81.42570281124499,50,40,
"Nu: 0.05, Gamma: 5e-05",783,3,177,33,81.92771084337349,50,40,
"Nu: 0.05, Gamma: 6e-05",787,3,173,33,82.32931726907631,50,40,
"Nu: 0.05, Gamma: 7e-05",792,5,168,31,82.6305220883534,50,40,
"Nu: 0.05, Gamma: 8e-05",795,5,165,31,82.93172690763052,50,40,
"Nu: 0.05, Gamma: 9e-05",797,6,163,30,83.03212851405623,50,40,
"Nu: 0.05, Gamma: 0.0001",798,6,162,30,83.13253012048193,50,40,
"Nu: 0.05, Gamma: 0.0002",806,6,154,30,83.93574297188755,50,40,
"Nu: 0.05, Gamma: 0.0003",830,7,130,29,86.24497991967871,50,40,
"Nu: 0.05, Gamma: 0.0004",847,9,113,27,87.75100401606426,50,40,
"Nu: 0.05, Gamma: 0.005",912,23,48,13,92.8714859437751,50,40,
"Nu: 0.05, Gamma: 0.05",945,33,15,3,95.18072289156626,50,40,
"Nu: 0.05, Gamma: 0.0625",949,35,11,1,95.38152610441767,50,40,
"Nu: 0.05, Gamma: 0.1",955,35,5,1,95.98393574297188,50,40,
"Nu: 0.05, Gamma: 0.2",960,36,0,0,96.3855421686747,50,40,
"Nu: 0.05, Gamma: 0.5",960,36,0,0,96.3855421686747,50,40,
"Nu: 0.05, Gamma: 0.7",960,36,0,0,96.3855421686747,50,40,
"Nu: 0.05, Gamma: 0.9",960,36,0,0,96.3855421686747,50,40,
"Nu: 0.05, Gamma: 0.99",960,36,0,0,96.3855421686747,50,40,
"Nu: 0.0625, Gamma: 1e-05",769,3,191,33,80.52208835341365,50,40,
"Nu: 0.0625, Gamma: 2e-05",773,3,187,33,80.92369477911646,50,40,
"Nu: 0.0625, Gamma: 3e-05",777,3,183,33,81.32530120481928,50,40,
"Nu: 0.0625, Gamma: 4e-05",778,3,182,33,81.42570281124499,50,40,
"Nu: 0.0625, Gamma: 5e-05",783,3,177,33,81.92771084337349,50,40,
"Nu: 0.0625, Gamma: 6e-05",788,3,172,33,82.429718875502,50,40,
"Nu: 0.0625, Gamma: 7e-05",792,5,168,31,82.6305220883534,50,40,
"Nu: 0.0625, Gamma: 8e-05",795,5,165,31,82.93172690763052,50,40,
"Nu: 0.0625, Gamma: 9e-05",797,6,163,30,83.03212851405623,50,40,
"Nu: 0.0625, Gamma: 0.0001",798,6,162,30,83.13253012048193,50,40,
"Nu: 0.0625, Gamma: 0.0002",806,6,154,30,83.93574297188755,50,40,
"Nu: 0.0625, Gamma: 0.0003",829,7,131,29,86.14457831325302,50,40,
"Nu: 0.0625, Gamma: 0.0004",847,9,113,27,87.75100401606426,50,40,
"Nu: 0.0625, Gamma: 0.005",912,23,48,13,92.8714859437751,50,40,
"Nu: 0.0625, Gamma: 0.05",945,33,15,3,95.18072289156626,50,40,
"Nu: 0.0625, Gamma: 0.0625",949,35,11,1,95.38152610441767,50,40,
"Nu: 0.0625, Gamma: 0.1",955,35,5,1,95.98393574297188,50,40,
"Nu: 0.0625, Gamma: 0.2",960,36,0,0,96.3855421686747,50,40,
"Nu: 0.0625, Gamma: 0.5",960,36,0,0,96.3855421686747,50,40,
"Nu: 0.0625, Gamma: 0.7",960,36,0,0,96.3855421686747,50,40,
"Nu: 0.0625, Gamma: 0.9",960,36,0,0,96.3855421686747,50,40,
"Nu: 0.0625, Gamma: 0.99",960,36,0,0,96.3855421686747,50,40,
"Nu: 0.1, Gamma: 1e-05",769,3,191,33,80.52208835341365,50,40,
"Nu: 0.1, Gamma: 2e-05",773,2,187,34,81.02409638554217,50,40,
"Nu: 0.1, Gamma: 3e-05",777,3,183,33,81.32530120481928,50,40,
"Nu: 0.1, Gamma: 4e-05",778,3,182,33,81.42570281124499,50,40,
"Nu: 0.1, Gamma: 5e-05",783,3,177,33,81.92771084337349,50,40,
"Nu: 0.1, Gamma: 6e-05",787,3,173,33,82.32931726907631,50,40,
"Nu: 0.1, Gamma: 7e-05",792,5,168,31,82.6305220883534,50,40,
"Nu: 0.1, Gamma: 8e-05",795,5,165,31,82.93172690763052,50,40,
"Nu: 0.1, Gamma: 9e-05",797,6,163,30,83.03212851405623,50,40,
"Nu: 0.1, Gamma: 0.0001",798,6,162,30,83.13253012048193,50,40,
"Nu: 0.1, Gamma: 0.0002",806,6,154,30,83.93574297188755,50,40,
"Nu: 0.1, Gamma: 0.0003",829,7,131,29,86.14457831325302,50,40,
"Nu: 0.1, Gamma: 0.0004",847,9,113,27,87.75100401606426,50,40,
"Nu: 0.1, Gamma: 0.005",912,23,48,13,92.8714859437751,50,40,
"Nu: 0.1, Gamma: 0.05",945,33,15,3,95.18072289156626,50,40,
"Nu: 0.1, Gamma: 0.0625",949,35,11,1,95.38152610441767,50,40,
"Nu: 0.1, Gamma: 0.1",955,35,5,1,95.98393574297188,50,40,
"Nu: 0.1, Gamma: 0.2",960,36,0,0,96.3855421686747,50,40,
"Nu: 0.1, Gamma: 0.5",960,36,0,0,96.3855421686747,50,40,
"Nu: 0.1, Gamma: 0.7",960,36,0,0,96.3855421686747,50,40,
"Nu: 0.1, Gamma: 0.9",960,36,0,0,96.3855421686747,50,40,
"Nu: 0.1, Gamma: 0.99",960,36,0,0,96.3855421686747,50,40,
"Nu: 0.2, Gamma: 1e-05",771,3,189,33,80.72289156626506,50,40,
"Nu: 0.2, Gamma: 2e-05",778,3,182,33,81.42570281124499,50,40,
"Nu: 0.2, Gamma: 3e-05",777,3,183,33,81.32530120481928,50,40,
"Nu: 0.2, Gamma: 4e-05",779,3,181,33,81.52610441767068,50,40,
"Nu: 0.2, Gamma: 5e-05",782,3,178,33,81.82730923694778,50,40,
"Nu: 0.2, Gamma: 6e-05",788,4,172,32,82.32931726907631,50,40,
"Nu: 0.2, Gamma: 7e-05",791,5,169,31,82.53012048192771,50,40,
"Nu: 0.2, Gamma: 8e-05",796,5,164,31,83.03212851405623,50,40,
"Nu: 0.2, Gamma: 9e-05",796,6,164,30,82.93172690763052,50,40,
"Nu: 0.2, Gamma: 0.0001",798,6,162,30,83.13253012048193,50,40,
"Nu: 0.2, Gamma: 0.0002",805,6,155,30,83.83534136546184,50,40,
"Nu: 0.2, Gamma: 0.0003",830,7,130,29,86.24497991967871,50,40,
"Nu: 0.2, Gamma: 0.0004",847,9,113,27,87.75100401606426,50,40,
"Nu: 0.2, Gamma: 0.005",912,23,48,13,92.8714859437751,50,40,
"Nu: 0.2, Gamma: 0.05",945,33,15,3,95.18072289156626,50,40,
"Nu: 0.2, Gamma: 0.0625",949,35,11,1,95.38152610441767,50,40,
"Nu: 0.2, Gamma: 0.1",955,35,5,1,95.98393574297188,50,40,
"Nu: 0.2, Gamma: 0.2",960,36,0,0,96.3855421686747,50,40,
"Nu: 0.2, Gamma: 0.5",960,36,0,0,96.3855421686747,50,40,
"Nu: 0.2, Gamma: 0.7",960,36,0,0,96.3855421686747,50,40,
"Nu: 0.2, Gamma: 0.9",960,36,0,0,96.3855421686747,50,40,
"Nu: 0.2, Gamma: 0.99",960,36,0,0,96.3855421686747,50,40,
"Nu: 0.5, Gamma: 1e-05",874,15,86,21,89.85943775100401,50,40,
"Nu: 0.5, Gamma: 2e-05",868,16,92,20,89.1566265060241,50,40,
"Nu: 0.5, Gamma: 3e-05",865,14,95,22,89.05622489959839,50,40,
"Nu: 0.5, Gamma: 4e-05",861,15,99,21,88.55421686746988,50,40,
"Nu: 0.5, Gamma: 5e-05",860,15,100,21,88.45381526104418,50,40,
"Nu: 0.5, Gamma: 6e-05",856,14,104,22,88.15261044176707,50,40,
"Nu: 0.5, Gamma: 7e-05",853,16,107,20,87.65060240963855,50,40,
"Nu: 0.5, Gamma: 8e-05",853,16,107,20,87.65060240963855,50,40,
"Nu: 0.5, Gamma: 9e-05",853,15,107,21,87.75100401606426,50,40,
"Nu: 0.5, Gamma: 0.0001",851,14,109,22,87.65060240963855,50,40,
"Nu: 0.5, Gamma: 0.0002",844,16,116,20,86.74698795180723,50,40,
"Nu: 0.5, Gamma: 0.0003",850,16,110,20,87.34939759036145,50,40,
"Nu: 0.5, Gamma: 0.0004",854,16,106,20,87.75100401606426,50,40,
"Nu: 0.5, Gamma: 0.005",913,23,47,13,92.9718875502008,50,40,
"Nu: 0.5, Gamma: 0.05",945,33,15,3,95.18072289156626,50,40,
"Nu: 0.5, Gamma: 0.0625",949,35,11,1,95.38152610441767,50,40,
"Nu: 0.5, Gamma: 0.1",955,35,5,1,95.98393574297188,50,40,
"Nu: 0.5, Gamma: 0.2",960,36,0,0,96.3855421686747,50,40,
"Nu: 0.5, Gamma: 0.5",960,36,0,0,96.3855421686747,50,40,
"Nu: 0.5, Gamma: 0.7",960,36,0,0,96.3855421686747,50,40,
"Nu: 0.5, Gamma: 0.9",960,36,0,0,96.3855421686747,50,40,
"Nu: 0.5, Gamma: 0.99",960,36,0,0,96.3855421686747,50,40,
"Nu: 0.7, Gamma: 1e-05",913,27,47,9,92.570281124498,50,40,
"Nu: 0.7, Gamma: 2e-05",915,28,45,8,92.67068273092369,50,40,
"Nu: 0.7, Gamma: 3e-05",910,28,50,8,92.16867469879519,50,40,
"Nu: 0.7, Gamma: 4e-05",907,28,53,8,91.86746987951807,50,40,
"Nu: 0.7, Gamma: 5e-05",909,28,51,8,92.06827309236948,50,40,
"Nu: 0.7, Gamma: 6e-05",908,28,52,8,91.96787148594377,50,40,
"Nu: 0.7, Gamma: 7e-05",907,28,53,8,91.86746987951807,50,40,
"Nu: 0.7, Gamma: 8e-05",904,28,56,8,91.56626506024097,50,40,
"Nu: 0.7, Gamma: 9e-05",903,28,57,8,91.46586345381526,50,40,
"Nu: 0.7, Gamma: 0.0001",903,28,57,8,91.46586345381526,50,40,
"Nu: 0.7, Gamma: 0.0002",897,27,63,9,90.96385542168674,50,40,
"Nu: 0.7, Gamma: 0.0003",902,25,58,11,91.66666666666666,50,40,
"Nu: 0.7, Gamma: 0.0004",899,25,61,11,91.36546184738957,50,40,
"Nu: 0.7, Gamma: 0.005",919,27,41,9,93.17269076305222,50,40,
"Nu: 0.7, Gamma: 0.05",945,33,15,3,95.18072289156626,50,40,
"Nu: 0.7, Gamma: 0.0625",949,35,11,1,95.38152610441767,50,40,
"Nu: 0.7, Gamma: 0.1",955,35,5,1,95.98393574297188,50,40,
"Nu: 0.7, Gamma: 0.2",960,36,0,0,96.3855421686747,50,40,
"Nu: 0.7, Gamma: 0.5",960,36,0,0,96.3855421686747,50,40,
"Nu: 0.7, Gamma: 0.7",960,36,0,0,96.3855421686747,50,40,
"Nu: 0.7, Gamma: 0.9",960,36,0,0,96.3855421686747,50,40,
"Nu: 0.7, Gamma: 0.99",960,36,0,0,96.3855421686747,50,40,
"Nu: 0.9, Gamma: 1e-05",947,31,13,5,95.58232931726907,50,40,
"Nu: 0.9, Gamma: 2e-05",947,31,13,5,95.58232931726907,50,40,
"Nu: 0.9, Gamma: 3e-05",949,31,11,5,95.78313253012048,50,40,
"Nu: 0.9, Gamma: 4e-05",949,31,11,5,95.78313253012048,50,40,
"Nu: 0.9, Gamma: 5e-05",950,31,10,5,95.88353413654619,50,40,
"Nu: 0.9, Gamma: 6e-05",949,31,11,5,95.78313253012048,50,40,
"Nu: 0.9, Gamma: 7e-05",949,31,11,5,95.78313253012048,50,40,
"Nu: 0.9, Gamma: 8e-05",951,31,9,5,95.98393574297188,50,40,
"Nu: 0.9, Gamma: 9e-05",951,31,9,5,95.98393574297188,50,40,
"Nu: 0.9, Gamma: 0.0001",952,31,8,5,96.08433734939759,50,40,
"Nu: 0.9, Gamma: 0.0002",955,32,5,4,96.285140562249,50,40,
"Nu: 0.9, Gamma: 0.0003",949,32,11,4,95.68273092369478,50,40,
"Nu: 0.9, Gamma: 0.0004",949,32,11,4,95.68273092369478,50,40,
"Nu: 0.9, Gamma: 0.005",933,32,27,4,94.07630522088354,50,40,
"Nu: 0.9, Gamma: 0.05",945,33,15,3,95.18072289156626,50,40,
"Nu: 0.9, Gamma: 0.0625",949,35,11,1,95.38152610441767,50,40,
"Nu: 0.9, Gamma: 0.1",955,35,5,1,95.98393574297188,50,40,
"Nu: 0.9, Gamma: 0.2",960,36,0,0,96.3855421686747,50,40,
"Nu: 0.9, Gamma: 0.5",960,36,0,0,96.3855421686747,50,40,
"Nu: 0.9, Gamma: 0.7",960,36,0,0,96.3855421686747,50,40,
"Nu: 0.9, Gamma: 0.9",960,36,0,0,96.3855421686747,50,40,
"Nu: 0.9, Gamma: 0.99",960,36,0,0,96.3855421686747,50,40,
"Nu: 0.99, Gamma: 1e-05",957,35,3,1,96.18473895582329,50,40,
"Nu: 0.99, Gamma: 2e-05",960,35,0,1,96.4859437751004,50,40,
"Nu: 0.99, Gamma: 3e-05",960,35,0,1,96.4859437751004,50,40,
"Nu: 0.99, Gamma: 4e-05",960,35,0,1,96.4859437751004,50,40,
"Nu: 0.99, Gamma: 5e-05",960,35,0,1,96.4859437751004,50,40,
"Nu: 0.99, Gamma: 6e-05",960,35,0,1,96.4859437751004,50,40,
"Nu: 0.99, Gamma: 7e-05",960,35,0,1,96.4859437751004,50,40,
"Nu: 0.99, Gamma: 8e-05",960,35,0,1,96.4859437751004,50,40,
"Nu: 0.99, Gamma: 9e-05",960,35,0,1,96.4859437751004,50,40,
"Nu: 0.99, Gamma: 0.0001",960,35,0,1,96.4859437751004,50,40,
"Nu: 0.99, Gamma: 0.0002",960,35,0,1,96.4859437751004,50,40,
"Nu: 0.99, Gamma: 0.0003",960,35,0,1,96.4859437751004,50,40,
"Nu: 0.99, Gamma: 0.0004",960,35,0,1,96.4859437751004,50,40,
"Nu: 0.99, Gamma: 0.005",951,34,9,2,95.68273092369478,50,40,
"Nu: 0.99, Gamma: 0.05",960,36,0,0,96.3855421686747,50,40,
"Nu: 0.99, Gamma: 0.0625",960,36,0,0,96.3855421686747,50,40,
"Nu: 0.99, Gamma: 0.1",960,36,0,0,96.3855421686747,50,40,
"Nu: 0.99, Gamma: 0.2",960,36,0,0,96.3855421686747,50,40,
"Nu: 0.99, Gamma: 0.5",960,36,0,0,96.3855421686747,50,40,
"Nu: 0.99, Gamma: 0.7",960,36,0,0,96.3855421686747,50,40,
"Nu: 0.99, Gamma: 0.9",960,36,0,0,96.3855421686747,50,40,
"Nu: 0.99, Gamma: 0.99",960,36,0,0,96.3855421686747,50,40,
,,,,,,,,
Target Class: blackscholes-bodytrack,TP,FP,FN,TN,ACC (%),Noise Percantages,Upsampling,
"Nu: 5e-05, Gamma: 1e-05",976,34,0,0,96.63366336633663,50,40,
"Nu: 5e-05, Gamma: 2e-05",976,34,0,0,96.63366336633663,50,40,
"Nu: 5e-05, Gamma: 3e-05",976,34,0,0,96.63366336633663,50,40,
"Nu: 5e-05, Gamma: 4e-05",976,34,0,0,96.63366336633663,50,40,
"Nu: 5e-05, Gamma: 5e-05",976,34,0,0,96.63366336633663,50,40,
"Nu: 5e-05, Gamma: 6e-05",976,34,0,0,96.63366336633663,50,40,
"Nu: 5e-05, Gamma: 7e-05",976,34,0,0,96.63366336633663,50,40,
"Nu: 5e-05, Gamma: 8e-05",976,34,0,0,96.63366336633663,50,40,
"Nu: 5e-05, Gamma: 9e-05",976,34,0,0,96.63366336633663,50,40,
"Nu: 5e-05, Gamma: 0.0001",976,34,0,0,96.63366336633663,50,40,
"Nu: 5e-05, Gamma: 0.0002",976,34,0,0,96.63366336633663,50,40,
"Nu: 5e-05, Gamma: 0.0003",976,34,0,0,96.63366336633663,50,40,
"Nu: 5e-05, Gamma: 0.0004",976,34,0,0,96.63366336633663,50,40,
"Nu: 5e-05, Gamma: 0.005",976,34,0,0,96.63366336633663,50,40,
"Nu: 5e-05, Gamma: 0.05",976,34,0,0,96.63366336633663,50,40,
"Nu: 5e-05, Gamma: 0.0625",976,34,0,0,96.63366336633663,50,40,
"Nu: 5e-05, Gamma: 0.1",976,34,0,0,96.63366336633663,50,40,
"Nu: 5e-05, Gamma: 0.2",976,34,0,0,96.63366336633663,50,40,
"Nu: 5e-05, Gamma: 0.5",976,34,0,0,96.63366336633663,50,40,
"Nu: 5e-05, Gamma: 0.7",976,34,0,0,96.63366336633663,50,40,
"Nu: 5e-05, Gamma: 0.9",976,34,0,0,96.63366336633663,50,40,
"Nu: 5e-05, Gamma: 0.99",976,34,0,0,96.63366336633663,50,40,
"Nu: 6e-05, Gamma: 1e-05",976,34,0,0,96.63366336633663,50,40,
"Nu: 6e-05, Gamma: 2e-05",976,34,0,0,96.63366336633663,50,40,
"Nu: 6e-05, Gamma: 3e-05",976,34,0,0,96.63366336633663,50,40,
"Nu: 6e-05, Gamma: 4e-05",976,33,0,1,96.73267326732673,50,40,
"Nu: 6e-05, Gamma: 5e-05",976,33,0,1,96.73267326732673,50,40,
"Nu: 6e-05, Gamma: 6e-05",976,34,0,0,96.63366336633663,50,40,
"Nu: 6e-05, Gamma: 7e-05",976,34,0,0,96.63366336633663,50,40,
"Nu: 6e-05, Gamma: 8e-05",976,34,0,0,96.63366336633663,50,40,
"Nu: 6e-05, Gamma: 9e-05",976,34,0,0,96.63366336633663,50,40,
"Nu: 6e-05, Gamma: 0.0001",976,34,0,0,96.63366336633663,50,40,
"Nu: 6e-05, Gamma: 0.0002",976,34,0,0,96.63366336633663,50,40,
"Nu: 6e-05, Gamma: 0.0003",976,34,0,0,96.63366336633663,50,40,
"Nu: 6e-05, Gamma: 0.0004",976,34,0,0,96.63366336633663,50,40,
"Nu: 6e-05, Gamma: 0.005",976,34,0,0,96.63366336633663,50,40,
"Nu: 6e-05, Gamma: 0.05",976,34,0,0,96.63366336633663,50,40,
"Nu: 6e-05, Gamma: 0.0625",976,34,0,0,96.63366336633663,50,40,
"Nu: 6e-05, Gamma: 0.1",976,34,0,0,96.63366336633663,50,40,
"Nu: 6e-05, Gamma: 0.2",976,34,0,0,96.63366336633663,50,40,
"Nu: 6e-05, Gamma: 0.5",976,34,0,0,96.63366336633663,50,40,
"Nu: 6e-05, Gamma: 0.7",976,34,0,0,96.63366336633663,50,40,
"Nu: 6e-05, Gamma: 0.9",976,34,0,0,96.63366336633663,50,40,
"Nu: 6e-05, Gamma: 0.99",976,34,0,0,96.63366336633663,50,40,
"Nu: 7e-05, Gamma: 1e-05",976,34,0,0,96.63366336633663,50,40,
"Nu: 7e-05, Gamma: 2e-05",976,32,0,2,96.83168316831683,50,40,
"Nu: 7e-05, Gamma: 3e-05",976,33,0,1,96.73267326732673,50,40,
"Nu: 7e-05, Gamma: 4e-05",976,33,0,1,96.73267326732673,50,40,
"Nu: 7e-05, Gamma: 5e-05",976,33,0,1,96.73267326732673,50,40,
"Nu: 7e-05, Gamma: 6e-05",976,34,0,0,96.63366336633663,50,40,
"Nu: 7e-05, Gamma: 7e-05",976,34,0,0,96.63366336633663,50,40,
"Nu: 7e-05, Gamma: 8e-05",976,34,0,0,96.63366336633663,50,40,
"Nu: 7e-05, Gamma: 9e-05",976,34,0,0,96.63366336633663,50,40,
"Nu: 7e-05, Gamma: 0.0001",976,34,0,0,96.63366336633663,50,40,
"Nu: 7e-05, Gamma: 0.0002",976,34,0,0,96.63366336633663,50,40,
"Nu: 7e-05, Gamma: 0.0003",976,34,0,0,96.63366336633663,50,40,
"Nu: 7e-05, Gamma: 0.0004",976,34,0,0,96.63366336633663,50,40,
"Nu: 7e-05, Gamma: 0.005",976,34,0,0,96.63366336633663,50,40,
"Nu: 7e-05, Gamma: 0.05",976,34,0,0,96.63366336633663,50,40,
"Nu: 7e-05, Gamma: 0.0625",976,34,0,0,96.63366336633663,50,40,
"Nu: 7e-05, Gamma: 0.1",976,34,0,0,96.63366336633663,50,40,
"Nu: 7e-05, Gamma: 0.2",976,34,0,0,96.63366336633663,50,40,
"Nu: 7e-05, Gamma: 0.5",976,34,0,0,96.63366336633663,50,40,
"Nu: 7e-05, Gamma: 0.7",976,34,0,0,96.63366336633663,50,40,
"Nu: 7e-05, Gamma: 0.9",976,34,0,0,96.63366336633663,50,40,
"Nu: 7e-05, Gamma: 0.99",976,34,0,0,96.63366336633663,50,40,
"Nu: 8e-05, Gamma: 1e-05",976,33,0,1,96.73267326732673,50,40,
"Nu: 8e-05, Gamma: 2e-05",976,32,0,2,96.83168316831683,50,40,
"Nu: 8e-05, Gamma: 3e-05",976,33,0,1,96.73267326732673,50,40,
"Nu: 8e-05, Gamma: 4e-05",976,33,0,1,96.73267326732673,50,40,
"Nu: 8e-05, Gamma: 5e-05",976,33,0,1,96.73267326732673,50,40,
"Nu: 8e-05, Gamma: 6e-05",976,34,0,0,96.63366336633663,50,40,
"Nu: 8e-05, Gamma: 7e-05",976,34,0,0,96.63366336633663,50,40,
"Nu: 8e-05, Gamma: 8e-05",976,34,0,0,96.63366336633663,50,40,
"Nu: 8e-05, Gamma: 9e-05",976,34,0,0,96.63366336633663,50,40,
"Nu: 8e-05, Gamma: 0.0001",976,34,0,0,96.63366336633663,50,40,
"Nu: 8e-05, Gamma: 0.0002",976,34,0,0,96.63366336633663,50,40,
"Nu: 8e-05, Gamma: 0.0003",976,34,0,0,96.63366336633663,50,40,
"Nu: 8e-05, Gamma: 0.0004",976,34,0,0,96.63366336633663,50,40,
"Nu: 8e-05, Gamma: 0.005",976,34,0,0,96.63366336633663,50,40,
"Nu: 8e-05, Gamma: 0.05",976,34,0,0,96.63366336633663,50,40,
"Nu: 8e-05, Gamma: 0.0625",976,34,0,0,96.63366336633663,50,40,
"Nu: 8e-05, Gamma: 0.1",976,34,0,0,96.63366336633663,50,40,
"Nu: 8e-05, Gamma: 0.2",976,34,0,0,96.63366336633663,50,40,
"Nu: 8e-05, Gamma: 0.5",976,34,0,0,96.63366336633663,50,40,
"Nu: 8e-05, Gamma: 0.7",976,34,0,0,96.63366336633663,50,40,
"Nu: 8e-05, Gamma: 0.9",976,34,0,0,96.63366336633663,50,40,
"Nu: 8e-05, Gamma: 0.99",976,34,0,0,96.63366336633663,50,40,
"Nu: 9e-05, Gamma: 1e-05",966,32,10,2,95.84158415841584,50,40,
"Nu: 9e-05, Gamma: 2e-05",976,32,0,2,96.83168316831683,50,40,
"Nu: 9e-05, Gamma: 3e-05",976,33,0,1,96.73267326732673,50,40,
"Nu: 9e-05, Gamma: 4e-05",976,33,0,1,96.73267326732673,50,40,
"Nu: 9e-05, Gamma: 5e-05",976,33,0,1,96.73267326732673,50,40,
"Nu: 9e-05, Gamma: 6e-05",976,34,0,0,96.63366336633663,50,40,
"Nu: 9e-05, Gamma: 7e-05",976,34,0,0,96.63366336633663,50,40,
"Nu: 9e-05, Gamma: 8e-05",976,34,0,0,96.63366336633663,50,40,
"Nu: 9e-05, Gamma: 9e-05",976,34,0,0,96.63366336633663,50,40,
"Nu: 9e-05, Gamma: 0.0001",976,34,0,0,96.63366336633663,50,40,
"Nu: 9e-05, Gamma: 0.0002",976,34,0,0,96.63366336633663,50,40,
"Nu: 9e-05, Gamma: 0.0003",976,34,0,0,96.63366336633663,50,40,
"Nu: 9e-05, Gamma: 0.0004",976,34,0,0,96.63366336633663,50,40,
"Nu: 9e-05, Gamma: 0.005",976,34,0,0,96.63366336633663,50,40,
"Nu: 9e-05, Gamma: 0.05",976,34,0,0,96.63366336633663,50,40,
"Nu: 9e-05, Gamma: 0.0625",976,34,0,0,96.63366336633663,50,40,
"Nu: 9e-05, Gamma: 0.1",976,34,0,0,96.63366336633663,50,40,
"Nu: 9e-05, Gamma: 0.2",976,34,0,0,96.63366336633663,50,40,
"Nu: 9e-05, Gamma: 0.5",976,34,0,0,96.63366336633663,50,40,
"Nu: 9e-05, Gamma: 0.7",976,34,0,0,96.63366336633663,50,40,
"Nu: 9e-05, Gamma: 0.9",976,34,0,0,96.63366336633663,50,40,
"Nu: 9e-05, Gamma: 0.99",976,34,0,0,96.63366336633663,50,40,
"Nu: 0.0001, Gamma: 1e-05",966,32,10,2,95.84158415841584,50,40,
"Nu: 0.0001, Gamma: 2e-05",976,32,0,2,96.83168316831683,50,40,
"Nu: 0.0001, Gamma: 3e-05",976,33,0,1,96.73267326732673,50,40,
"Nu: 0.0001, Gamma: 4e-05",976,33,0,1,96.73267326732673,50,40,
"Nu: 0.0001, Gamma: 5e-05",976,33,0,1,96.73267326732673,50,40,
"Nu: 0.0001, Gamma: 6e-05",976,34,0,0,96.63366336633663,50,40,
"Nu: 0.0001, Gamma: 7e-05",976,34,0,0,96.63366336633663,50,40,
"Nu: 0.0001, Gamma: 8e-05",976,34,0,0,96.63366336633663,50,40,
"Nu: 0.0001, Gamma: 9e-05",976,34,0,0,96.63366336633663,50,40,
"Nu: 0.0001, Gamma: 0.0001",976,34,0,0,96.63366336633663,50,40,
"Nu: 0.0001, Gamma: 0.0002",976,34,0,0,96.63366336633663,50,40,
"Nu: 0.0001, Gamma: 0.0003",976,34,0,0,96.63366336633663,50,40,
"Nu: 0.0001, Gamma: 0.0004",976,34,0,0,96.63366336633663,50,40,
"Nu: 0.0001, Gamma: 0.005",976,34,0,0,96.63366336633663,50,40,
"Nu: 0.0001, Gamma: 0.05",976,34,0,0,96.63366336633663,50,40,
"Nu: 0.0001, Gamma: 0.0625",976,34,0,0,96.63366336633663,50,40,
"Nu: 0.0001, Gamma: 0.1",976,34,0,0,96.63366336633663,50,40,
"Nu: 0.0001, Gamma: 0.2",976,34,0,0,96.63366336633663,50,40,
"Nu: 0.0001, Gamma: 0.5",976,34,0,0,96.63366336633663,50,40,
"Nu: 0.0001, Gamma: 0.7",976,34,0,0,96.63366336633663,50,40,
"Nu: 0.0001, Gamma: 0.9",976,34,0,0,96.63366336633663,50,40,
"Nu: 0.0001, Gamma: 0.99",976,34,0,0,96.63366336633663,50,40,
"Nu: 0.0002, Gamma: 1e-05",883,21,93,13,88.71287128712872,50,40,
"Nu: 0.0002, Gamma: 2e-05",742,9,234,25,75.94059405940594,50,40,
"Nu: 0.0002, Gamma: 3e-05",740,11,236,23,75.54455445544555,50,40,
"Nu: 0.0002, Gamma: 4e-05",967,30,9,4,96.13861386138613,50,40,
"Nu: 0.0002, Gamma: 5e-05",973,32,3,2,96.53465346534654,50,40,
"Nu: 0.0002, Gamma: 6e-05",746,9,230,25,76.33663366336634,50,40,
"Nu: 0.0002, Gamma: 7e-05",748,10,228,24,76.43564356435644,50,40,
"Nu: 0.0002, Gamma: 8e-05",913,23,63,11,91.48514851485149,50,40,
"Nu: 0.0002, Gamma: 9e-05",890,29,86,5,88.61386138613861,50,40,
"Nu: 0.0002, Gamma: 0.0001",954,26,22,8,95.24752475247524,50,40,
"Nu: 0.0002, Gamma: 0.0002",976,34,0,0,96.63366336633663,50,40,
"Nu: 0.0002, Gamma: 0.0003",976,34,0,0,96.63366336633663,50,40,
"Nu: 0.0002, Gamma: 0.0004",976,34,0,0,96.63366336633663,50,40,
"Nu: 0.0002, Gamma: 0.005",976,34,0,0,96.63366336633663,50,40,
"Nu: 0.0002, Gamma: 0.05",976,34,0,0,96.63366336633663,50,40,
"Nu: 0.0002, Gamma: 0.0625",976,34,0,0,96.63366336633663,50,40,
"Nu: 0.0002, Gamma: 0.1",976,34,0,0,96.63366336633663,50,40,
"Nu: 0.0002, Gamma: 0.2",976,34,0,0,96.63366336633663,50,40,
"Nu: 0.0002, Gamma: 0.5",976,34,0,0,96.63366336633663,50,40,
"Nu: 0.0002, Gamma: 0.7",976,34,0,0,96.63366336633663,50,40,
"Nu: 0.0002, Gamma: 0.9",976,34,0,0,96.63366336633663,50,40,
"Nu: 0.0002, Gamma: 0.99",976,34,0,0,96.63366336633663,50,40,
"Nu: 0.0003, Gamma: 1e-05",932,26,44,8,93.06930693069307,50,40,
"Nu: 0.0003, Gamma: 2e-05",720,5,256,29,74.15841584158416,50,40,
"Nu: 0.0003, Gamma: 3e-05",942,29,34,5,93.76237623762376,50,40,
"Nu: 0.0003, Gamma: 4e-05",730,8,246,26,74.85148514851485,50,40,
"Nu: 0.0003, Gamma: 5e-05",733,6,243,28,75.34653465346534,50,40,
"Nu: 0.0003, Gamma: 6e-05",744,9,232,25,76.13861386138613,50,40,
"Nu: 0.0003, Gamma: 7e-05",747,10,229,24,76.33663366336634,50,40,
"Nu: 0.0003, Gamma: 8e-05",895,23,81,11,89.70297029702971,50,40,
"Nu: 0.0003, Gamma: 9e-05",900,30,76,4,89.50495049504951,50,40,
"Nu: 0.0003, Gamma: 0.0001",945,24,31,10,94.55445544554455,50,40,
"Nu: 0.0003, Gamma: 0.0002",976,31,0,3,96.93069306930693,50,40,
"Nu: 0.0003, Gamma: 0.0003",974,33,2,1,96.53465346534654,50,40,
"Nu: 0.0003, Gamma: 0.0004",879,20,97,14,88.41584158415841,50,40,
"Nu: 0.0003, Gamma: 0.005",976,34,0,0,96.63366336633663,50,40,
"Nu: 0.0003, Gamma: 0.05",976,34,0,0,96.63366336633663,50,40,
"Nu: 0.0003, Gamma: 0.0625",976,34,0,0,96.63366336633663,50,40,
"Nu: 0.0003, Gamma: 0.1",976,34,0,0,96.63366336633663,50,40,
"Nu: 0.0003, Gamma: 0.2",976,34,0,0,96.63366336633663,50,40,
"Nu: 0.0003, Gamma: 0.5",976,34,0,0,96.63366336633663,50,40,
"Nu: 0.0003, Gamma: 0.7",976,34,0,0,96.63366336633663,50,40,
"Nu: 0.0003, Gamma: 0.9",976,34,0,0,96.63366336633663,50,40,
"Nu: 0.0003, Gamma: 0.99",976,34,0,0,96.63366336633663,50,40,
"Nu: 0.0004, Gamma: 1e-05",710,4,266,30,73.26732673267327,50,40,
"Nu: 0.0004, Gamma: 2e-05",719,5,257,29,74.05940594059406,50,40,
"Nu: 0.0004, Gamma: 3e-05",729,6,247,28,74.95049504950495,50,40,
"Nu: 0.0004, Gamma: 4e-05",729,8,247,26,74.75247524752476,50,40,
"Nu: 0.0004, Gamma: 5e-05",730,7,246,27,74.95049504950495,50,40,
"Nu: 0.0004, Gamma: 6e-05",737,8,239,26,75.54455445544555,50,40,
"Nu: 0.0004, Gamma: 7e-05",742,10,234,24,75.84158415841584,50,40,
"Nu: 0.0004, Gamma: 8e-05",870,22,106,12,87.32673267326733,50,40,
"Nu: 0.0004, Gamma: 9e-05",896,27,80,7,89.4059405940594,50,40,
"Nu: 0.0004, Gamma: 0.0001",913,27,63,7,91.0891089108911,50,40,
"Nu: 0.0004, Gamma: 0.0002",932,29,44,5,92.77227722772278,50,40,
"Nu: 0.0004, Gamma: 0.0003",849,18,127,16,85.64356435643565,50,40,
"Nu: 0.0004, Gamma: 0.0004",810,15,166,19,82.07920792079207,50,40,
"Nu: 0.0004, Gamma: 0.005",976,34,0,0,96.63366336633663,50,40,
"Nu: 0.0004, Gamma: 0.05",976,34,0,0,96.63366336633663,50,40,
"Nu: 0.0004, Gamma: 0.0625",976,34,0,0,96.63366336633663,50,40,
"Nu: 0.0004, Gamma: 0.1",976,34,0,0,96.63366336633663,50,40,
"Nu: 0.0004, Gamma: 0.2",976,34,0,0,96.63366336633663,50,40,
"Nu: 0.0004, Gamma: 0.5",976,34,0,0,96.63366336633663,50,40,
"Nu: 0.0004, Gamma: 0.7",976,34,0,0,96.63366336633663,50,40,
"Nu: 0.0004, Gamma: 0.9",976,34,0,0,96.63366336633663,50,40,
"Nu: 0.0004, Gamma: 0.99",976,34,0,0,96.63366336633663,50,40,
"Nu: 0.005, Gamma: 1e-05",710,4,266,30,73.26732673267327,50,40,
"Nu: 0.005, Gamma: 2e-05",727,4,249,30,74.95049504950495,50,40,
"Nu: 0.005, Gamma: 3e-05",733,6,243,28,75.34653465346534,50,40,
"Nu: 0.005, Gamma: 4e-05",734,4,242,30,75.64356435643565,50,40,
"Nu: 0.005, Gamma: 5e-05",738,7,238,27,75.74257425742574,50,40,
"Nu: 0.005, Gamma: 6e-05",738,9,238,25,75.54455445544555,50,40,
"Nu: 0.005, Gamma: 7e-05",741,9,235,25,75.84158415841584,50,40,
"Nu: 0.005, Gamma: 8e-05",744,10,232,24,76.03960396039604,50,40,
"Nu: 0.005, Gamma: 9e-05",744,10,232,24,76.03960396039604,50,40,
"Nu: 0.005, Gamma: 0.0001",748,10,228,24,76.43564356435644,50,40,
"Nu: 0.005, Gamma: 0.0002",764,12,212,22,77.82178217821783,50,40,
"Nu: 0.005, Gamma: 0.0003",797,13,179,21,80.990099009901,50,40,
"Nu: 0.005, Gamma: 0.0004",840,15,136,19,85.04950495049505,50,40,
"Nu: 0.005, Gamma: 0.005",937,25,39,9,93.66336633663367,50,40,
"Nu: 0.005, Gamma: 0.05",966,31,10,3,95.94059405940594,50,40,
"Nu: 0.005, Gamma: 0.0625",967,31,9,3,96.03960396039604,50,40,
"Nu: 0.005, Gamma: 0.1",970,30,6,4,96.43564356435644,50,40,
"Nu: 0.005, Gamma: 0.2",976,33,0,1,96.73267326732673,50,40,
"Nu: 0.005, Gamma: 0.5",976,34,0,0,96.63366336633663,50,40,
"Nu: 0.005, Gamma: 0.7",976,34,0,0,96.63366336633663,50,40,
"Nu: 0.005, Gamma: 0.9",976,34,0,0,96.63366336633663,50,40,
"Nu: 0.005, Gamma: 0.99",976,34,0,0,96.63366336633663,50,40,
"Nu: 0.05, Gamma: 1e-05",710,4,266,30,73.26732673267327,50,40,
"Nu: 0.05, Gamma: 2e-05",727,4,249,30,74.95049504950495,50,40,
"Nu: 0.05, Gamma: 3e-05",732,4,244,30,75.44554455445545,50,40,
"Nu: 0.05, Gamma: 4e-05",734,6,242,28,75.44554455445545,50,40,
"Nu: 0.05, Gamma: 5e-05",737,6,239,28,75.74257425742574,50,40,
"Nu: 0.05, Gamma: 6e-05",738,7,238,27,75.74257425742574,50,40,
"Nu: 0.05, Gamma: 7e-05",741,9,235,25,75.84158415841584,50,40,
"Nu: 0.05, Gamma: 8e-05",744,8,232,26,76.23762376237624,50,40,
"Nu: 0.05, Gamma: 9e-05",747,10,229,24,76.33663366336634,50,40,
"Nu: 0.05, Gamma: 0.0001",747,8,229,26,76.53465346534654,50,40,
"Nu: 0.05, Gamma: 0.0002",763,12,213,22,77.72277227722772,50,40,
"Nu: 0.05, Gamma: 0.0003",793,13,183,21,80.5940594059406,50,40,
"Nu: 0.05, Gamma: 0.0004",820,13,156,21,83.26732673267327,50,40,
"Nu: 0.05, Gamma: 0.005",935,22,41,12,93.76237623762376,50,40,
"Nu: 0.05, Gamma: 0.05",966,31,10,3,95.94059405940594,50,40,
"Nu: 0.05, Gamma: 0.0625",968,31,8,3,96.13861386138613,50,40,
"Nu: 0.05, Gamma: 0.1",970,30,6,4,96.43564356435644,50,40,
"Nu: 0.05, Gamma: 0.2",974,31,2,3,96.73267326732673,50,40,
"Nu: 0.05, Gamma: 0.5",976,32,0,2,96.83168316831683,50,40,
"Nu: 0.05, Gamma: 0.7",976,34,0,0,96.63366336633663,50,40,
"Nu: 0.05, Gamma: 0.9",976,34,0,0,96.63366336633663,50,40,
"Nu: 0.05, Gamma: 0.99",976,34,0,0,96.63366336633663,50,40,
"Nu: 0.0625, Gamma: 1e-05",710,4,266,30,73.26732673267327,50,40,
"Nu: 0.0625, Gamma: 2e-05",727,4,249,30,74.95049504950495,50,40,
"Nu: 0.0625, Gamma: 3e-05",730,4,246,30,75.24752475247524,50,40,
"Nu: 0.0625, Gamma: 4e-05",734,4,242,30,75.64356435643565,50,40,
"Nu: 0.0625, Gamma: 5e-05",737,8,239,26,75.54455445544555,50,40,
"Nu: 0.0625, Gamma: 6e-05",738,7,238,27,75.74257425742574,50,40,
"Nu: 0.0625, Gamma: 7e-05",741,9,235,25,75.84158415841584,50,40,
"Nu: 0.0625, Gamma: 8e-05",743,10,233,24,75.94059405940594,50,40,
"Nu: 0.0625, Gamma: 9e-05",747,8,229,26,76.53465346534654,50,40,
"Nu: 0.0625, Gamma: 0.0001",747,8,229,26,76.53465346534654,50,40,
"Nu: 0.0625, Gamma: 0.0002",763,10,213,24,77.92079207920793,50,40,
"Nu: 0.0625, Gamma: 0.0003",793,11,183,23,80.79207920792079,50,40,
"Nu: 0.0625, Gamma: 0.0004",820,13,156,21,83.26732673267327,50,40,
"Nu: 0.0625, Gamma: 0.005",936,24,40,10,93.66336633663367,50,40,
"Nu: 0.0625, Gamma: 0.05",966,29,10,5,96.13861386138613,50,40,
"Nu: 0.0625, Gamma: 0.0625",968,29,8,5,96.33663366336633,50,40,
"Nu: 0.0625, Gamma: 0.1",970,30,6,4,96.43564356435644,50,40,
"Nu: 0.0625, Gamma: 0.2",974,31,2,3,96.73267326732673,50,40,
"Nu: 0.0625, Gamma: 0.5",976,34,0,0,96.63366336633663,50,40,
"Nu: 0.0625, Gamma: 0.7",976,32,0,2,96.83168316831683,50,40,
"Nu: 0.0625, Gamma: 0.9",976,32,0,2,96.83168316831683,50,40,
"Nu: 0.0625, Gamma: 0.99",976,32,0,2,96.83168316831683,50,40,
"Nu: 0.1, Gamma: 1e-05",710,2,266,32,73.46534653465346,50,40,
"Nu: 0.1, Gamma: 2e-05",727,4,249,30,74.95049504950495,50,40,
"Nu: 0.1, Gamma: 3e-05",732,6,244,28,75.24752475247524,50,40,
"Nu: 0.1, Gamma: 4e-05",734,4,242,30,75.64356435643565,50,40,
"Nu: 0.1, Gamma: 5e-05",737,8,239,26,75.54455445544555,50,40,
"Nu: 0.1, Gamma: 6e-05",738,7,238,27,75.74257425742574,50,40,
"Nu: 0.1, Gamma: 7e-05",741,9,235,25,75.84158415841584,50,40,
"Nu: 0.1, Gamma: 8e-05",744,8,232,26,76.23762376237624,50,40,
"Nu: 0.1, Gamma: 9e-05",747,8,229,26,76.53465346534654,50,40,
"Nu: 0.1, Gamma: 0.0001",747,8,229,26,76.53465346534654,50,40,
"Nu: 0.1, Gamma: 0.0002",763,12,213,22,77.72277227722772,50,40,
"Nu: 0.1, Gamma: 0.0003",793,13,183,21,80.5940594059406,50,40,
"Nu: 0.1, Gamma: 0.0004",821,15,155,19,83.16831683168317,50,40,
"Nu: 0.1, Gamma: 0.005",936,22,40,12,93.86138613861385,50,40,
"Nu: 0.1, Gamma: 0.05",966,29,10,5,96.13861386138613,50,40,
"Nu: 0.1, Gamma: 0.0625",968,29,8,5,96.33663366336633,50,40,
"Nu: 0.1, Gamma: 0.1",970,32,6,2,96.23762376237623,50,40,
"Nu: 0.1, Gamma: 0.2",974,33,2,1,96.53465346534654,50,40,
"Nu: 0.1, Gamma: 0.5",976,34,0,0,96.63366336633663,50,40,
"Nu: 0.1, Gamma: 0.7",976,34,0,0,96.63366336633663,50,40,
"Nu: 0.1, Gamma: 0.9",976,34,0,0,96.63366336633663,50,40,
"Nu: 0.1, Gamma: 0.99",976,34,0,0,96.63366336633663,50,40,
"Nu: 0.2, Gamma: 1e-05",711,6,265,28,73.16831683168317,50,40,
"Nu: 0.2, Gamma: 2e-05",727,4,249,30,74.95049504950495,50,40,
"Nu: 0.2, Gamma: 3e-05",731,5,245,29,75.24752475247524,50,40,
"Nu: 0.2, Gamma: 4e-05",735,5,241,29,75.64356435643565,50,40,
"Nu: 0.2, Gamma: 5e-05",737,8,239,26,75.54455445544555,50,40,
"Nu: 0.2, Gamma: 6e-05",738,9,238,25,75.54455445544555,50,40,
"Nu: 0.2, Gamma: 7e-05",741,9,235,25,75.84158415841584,50,40,
"Nu: 0.2, Gamma: 8e-05",744,8,232,26,76.23762376237624,50,40,
"Nu: 0.2, Gamma: 9e-05",747,8,229,26,76.53465346534654,50,40,
"Nu: 0.2, Gamma: 0.0001",747,8,229,26,76.53465346534654,50,40,
"Nu: 0.2, Gamma: 0.0002",763,10,213,24,77.92079207920793,50,40,
"Nu: 0.2, Gamma: 0.0003",793,13,183,21,80.5940594059406,50,40,
"Nu: 0.2, Gamma: 0.0004",820,13,156,21,83.26732673267327,50,40,
"Nu: 0.2, Gamma: 0.005",936,24,40,10,93.66336633663367,50,40,
"Nu: 0.2, Gamma: 0.05",966,29,10,5,96.13861386138613,50,40,
"Nu: 0.2, Gamma: 0.0625",968,29,8,5,96.33663366336633,50,40,
"Nu: 0.2, Gamma: 0.1",970,30,6,4,96.43564356435644,50,40,
"Nu: 0.2, Gamma: 0.2",974,31,2,3,96.73267326732673,50,40,
"Nu: 0.2, Gamma: 0.5",976,34,0,0,96.63366336633663,50,40,
"Nu: 0.2, Gamma: 0.7",976,34,0,0,96.63366336633663,50,40,
"Nu: 0.2, Gamma: 0.9",976,34,0,0,96.63366336633663,50,40,
"Nu: 0.2, Gamma: 0.99",976,34,0,0,96.63366336633663,50,40,
"Nu: 0.5, Gamma: 1e-05",738,14,238,20,75.04950495049505,50,40,
"Nu: 0.5, Gamma: 2e-05",758,12,218,22,77.22772277227723,50,40,
"Nu: 0.5, Gamma: 3e-05",766,14,210,20,77.82178217821783,50,40,
"Nu: 0.5, Gamma: 4e-05",768,14,208,20,78.01980198019803,50,40,
"Nu: 0.5, Gamma: 5e-05",768,12,208,22,78.21782178217822,50,40,
"Nu: 0.5, Gamma: 6e-05",771,15,205,19,78.21782178217822,50,40,
"Nu: 0.5, Gamma: 7e-05",775,16,201,18,78.51485148514851,50,40,
"Nu: 0.5, Gamma: 8e-05",778,14,198,20,79.00990099009901,50,40,
"Nu: 0.5, Gamma: 9e-05",779,14,197,20,79.10891089108911,50,40,
"Nu: 0.5, Gamma: 0.0001",782,14,194,20,79.40594059405942,50,40,
"Nu: 0.5, Gamma: 0.0002",796,16,180,18,80.5940594059406,50,40,
"Nu: 0.5, Gamma: 0.0003",809,16,167,18,81.88118811881188,50,40,
"Nu: 0.5, Gamma: 0.0004",833,16,143,18,84.25742574257426,50,40,
"Nu: 0.5, Gamma: 0.005",936,24,40,10,93.66336633663367,50,40,
"Nu: 0.5, Gamma: 0.05",966,31,10,3,95.94059405940594,50,40,
"Nu: 0.5, Gamma: 0.0625",968,29,8,5,96.33663366336633,50,40,
"Nu: 0.5, Gamma: 0.1",970,30,6,4,96.43564356435644,50,40,
"Nu: 0.5, Gamma: 0.2",974,31,2,3,96.73267326732673,50,40,
"Nu: 0.5, Gamma: 0.5",976,32,0,2,96.83168316831683,50,40,
"Nu: 0.5, Gamma: 0.7",976,34,0,0,96.63366336633663,50,40,
"Nu: 0.5, Gamma: 0.9",976,32,0,2,96.83168316831683,50,40,
"Nu: 0.5, Gamma: 0.99",976,32,0,2,96.83168316831683,50,40,
"Nu: 0.7, Gamma: 1e-05",845,28,131,6,84.25742574257426,50,40,
"Nu: 0.7, Gamma: 2e-05",849,25,127,9,84.95049504950495,50,40,
"Nu: 0.7, Gamma: 3e-05",853,24,123,10,85.44554455445544,50,40,
"Nu: 0.7, Gamma: 4e-05",844,23,132,11,84.65346534653465,50,40,
"Nu: 0.7, Gamma: 5e-05",853,21,123,13,85.74257425742574,50,40,
"Nu: 0.7, Gamma: 6e-05",854,20,122,14,85.94059405940594,50,40,
"Nu: 0.7, Gamma: 7e-05",856,20,120,14,86.13861386138613,50,40,
"Nu: 0.7, Gamma: 8e-05",850,20,126,14,85.54455445544555,50,40,
"Nu: 0.7, Gamma: 9e-05",846,19,130,15,85.24752475247524,50,40,
"Nu: 0.7, Gamma: 0.0001",846,17,130,17,85.44554455445544,50,40,
"Nu: 0.7, Gamma: 0.0002",864,22,112,12,86.73267326732673,50,40,
"Nu: 0.7, Gamma: 0.0003",873,21,103,13,87.72277227722772,50,40,
"Nu: 0.7, Gamma: 0.0004",882,21,94,13,88.61386138613861,50,40,
"Nu: 0.7, Gamma: 0.005",941,26,35,8,93.96039603960395,50,40,
"Nu: 0.7, Gamma: 0.05",966,31,10,3,95.94059405940594,50,40,
"Nu: 0.7, Gamma: 0.0625",968,29,8,5,96.33663366336633,50,40,
"Nu: 0.7, Gamma: 0.1",970,30,6,4,96.43564356435644,50,40,
"Nu: 0.7, Gamma: 0.2",974,33,2,1,96.53465346534654,50,40,
"Nu: 0.7, Gamma: 0.5",976,32,0,2,96.83168316831683,50,40,
"Nu: 0.7, Gamma: 0.7",976,32,0,2,96.83168316831683,50,40,
"Nu: 0.7, Gamma: 0.9",976,34,0,0,96.63366336633663,50,40,
"Nu: 0.7, Gamma: 0.99",976,34,0,0,96.63366336633663,50,40,
"Nu: 0.9, Gamma: 1e-05",910,32,66,2,90.2970297029703,50,40,
"Nu: 0.9, Gamma: 2e-05",913,32,63,2,90.5940594059406,50,40,
"Nu: 0.9, Gamma: 3e-05",921,33,55,1,91.2871287128713,50,40,
"Nu: 0.9, Gamma: 4e-05",925,32,51,2,91.78217821782178,50,40,
"Nu: 0.9, Gamma: 5e-05",921,32,55,2,91.38613861386139,50,40,
"Nu: 0.9, Gamma: 6e-05",924,32,52,2,91.68316831683168,50,40,
"Nu: 0.9, Gamma: 7e-05",924,31,52,3,91.78217821782178,50,40,
"Nu: 0.9, Gamma: 8e-05",926,30,50,4,92.07920792079209,50,40,
"Nu: 0.9, Gamma: 9e-05",925,30,51,4,91.98019801980199,50,40,
"Nu: 0.9, Gamma: 0.0001",926,30,50,4,92.07920792079209,50,40,
"Nu: 0.9, Gamma: 0.0002",935,30,41,4,92.97029702970298,50,40,
"Nu: 0.9, Gamma: 0.0003",933,30,43,4,92.77227722772278,50,40,
"Nu: 0.9, Gamma: 0.0004",944,30,32,4,93.86138613861385,50,40,
"Nu: 0.9, Gamma: 0.005",954,27,22,7,95.14851485148515,50,40,
"Nu: 0.9, Gamma: 0.05",969,32,7,2,96.13861386138613,50,40,
"Nu: 0.9, Gamma: 0.0625",971,32,5,2,96.33663366336633,50,40,
"Nu: 0.9, Gamma: 0.1",972,32,4,2,96.43564356435644,50,40,
"Nu: 0.9, Gamma: 0.2",975,31,1,3,96.83168316831683,50,40,
"Nu: 0.9, Gamma: 0.5",976,32,0,2,96.83168316831683,50,40,
"Nu: 0.9, Gamma: 0.7",976,34,0,0,96.63366336633663,50,40,
"Nu: 0.9, Gamma: 0.9",976,34,0,0,96.63366336633663,50,40,
"Nu: 0.9, Gamma: 0.99",976,34,0,0,96.63366336633663,50,40,
"Nu: 0.99, Gamma: 1e-05",975,34,1,0,96.53465346534654,50,40,
"Nu: 0.99, Gamma: 2e-05",974,34,2,0,96.43564356435644,50,40,
"Nu: 0.99, Gamma: 3e-05",959,34,17,0,94.95049504950495,50,40,
"Nu: 0.99, Gamma: 4e-05",956,34,20,0,94.65346534653465,50,40,
"Nu: 0.99, Gamma: 5e-05",952,34,24,0,94.25742574257426,50,40,
"Nu: 0.99, Gamma: 6e-05",950,34,26,0,94.05940594059405,50,40,
"Nu: 0.99, Gamma: 7e-05",950,34,26,0,94.05940594059405,50,40,
"Nu: 0.99, Gamma: 8e-05",950,34,26,0,94.05940594059405,50,40,
"Nu: 0.99, Gamma: 9e-05",951,34,25,0,94.15841584158416,50,40,
"Nu: 0.99, Gamma: 0.0001",950,34,26,0,94.05940594059405,50,40,
"Nu: 0.99, Gamma: 0.0002",957,34,19,0,94.75247524752474,50,40,
"Nu: 0.99, Gamma: 0.0003",968,34,8,0,95.84158415841584,50,40,
"Nu: 0.99, Gamma: 0.0004",970,34,6,0,96.03960396039604,50,40,
"Nu: 0.99, Gamma: 0.005",973,32,3,2,96.53465346534654,50,40,
"Nu: 0.99, Gamma: 0.05",976,32,0,2,96.83168316831683,50,40,
"Nu: 0.99, Gamma: 0.0625",976,34,0,0,96.63366336633663,50,40,
"Nu: 0.99, Gamma: 0.1",976,34,0,0,96.63366336633663,50,40,
"Nu: 0.99, Gamma: 0.2",976,34,0,0,96.63366336633663,50,40,
"Nu: 0.99, Gamma: 0.5",976,34,0,0,96.63366336633663,50,40,
"Nu: 0.99, Gamma: 0.7",976,34,0,0,96.63366336633663,50,40,
"Nu: 0.99, Gamma: 0.9",976,34,0,0,96.63366336633663,50,40,
"Nu: 0.99, Gamma: 0.99",976,34,0,0,96.63366336633663,50,40,
,,,,,,,,
Target Class: bodytrack,TP,FP,FN,TN,ACC (%),Noise Percantages,Upsampling,
"Nu: 5e-05, Gamma: 1e-05",688,63,0,0,91.61118508655126,50,40,
"Nu: 5e-05, Gamma: 2e-05",688,63,0,0,91.61118508655126,50,40,
"Nu: 5e-05, Gamma: 3e-05",688,63,0,0,91.61118508655126,50,40,
"Nu: 5e-05, Gamma: 4e-05",688,63,0,0,91.61118508655126,50,40,
"Nu: 5e-05, Gamma: 5e-05",688,63,0,0,91.61118508655126,50,40,
"Nu: 5e-05, Gamma: 6e-05",688,63,0,0,91.61118508655126,50,40,
"Nu: 5e-05, Gamma: 7e-05",688,63,0,0,91.61118508655126,50,40,
"Nu: 5e-05, Gamma: 8e-05",688,63,0,0,91.61118508655126,50,40,
"Nu: 5e-05, Gamma: 9e-05",688,63,0,0,91.61118508655126,50,40,
"Nu: 5e-05, Gamma: 0.0001",688,63,0,0,91.61118508655126,50,40,
"Nu: 5e-05, Gamma: 0.0002",688,63,0,0,91.61118508655126,50,40,
"Nu: 5e-05, Gamma: 0.0003",688,63,0,0,91.61118508655126,50,40,
"Nu: 5e-05, Gamma: 0.0004",688,63,0,0,91.61118508655126,50,40,
"Nu: 5e-05, Gamma: 0.005",688,63,0,0,91.61118508655126,50,40,
"Nu: 5e-05, Gamma: 0.05",688,63,0,0,91.61118508655126,50,40,
"Nu: 5e-05, Gamma: 0.0625",688,63,0,0,91.61118508655126,50,40,
"Nu: 5e-05, Gamma: 0.1",688,63,0,0,91.61118508655126,50,40,
"Nu: 5e-05, Gamma: 0.2",688,63,0,0,91.61118508655126,50,40,
"Nu: 5e-05, Gamma: 0.5",688,63,0,0,91.61118508655126,50,40,
"Nu: 5e-05, Gamma: 0.7",688,63,0,0,91.61118508655126,50,40,
"Nu: 5e-05, Gamma: 0.9",688,63,0,0,91.61118508655126,50,40,
"Nu: 5e-05, Gamma: 0.99",688,63,0,0,91.61118508655126,50,40,
"Nu: 6e-05, Gamma: 1e-05",688,61,0,2,91.87749667110519,50,40,
"Nu: 6e-05, Gamma: 2e-05",688,63,0,0,91.61118508655126,50,40,
"Nu: 6e-05, Gamma: 3e-05",688,63,0,0,91.61118508655126,50,40,
"Nu: 6e-05, Gamma: 4e-05",688,63,0,0,91.61118508655126,50,40,
"Nu: 6e-05, Gamma: 5e-05",688,63,0,0,91.61118508655126,50,40,
"Nu: 6e-05, Gamma: 6e-05",688,63,0,0,91.61118508655126,50,40,
"Nu: 6e-05, Gamma: 7e-05",688,63,0,0,91.61118508655126,50,40,
"Nu: 6e-05, Gamma: 8e-05",688,63,0,0,91.61118508655126,50,40,
"Nu: 6e-05, Gamma: 9e-05",688,63,0,0,91.61118508655126,50,40,
"Nu: 6e-05, Gamma: 0.0001",688,63,0,0,91.61118508655126,50,40,
"Nu: 6e-05, Gamma: 0.0002",688,63,0,0,91.61118508655126,50,40,
"Nu: 6e-05, Gamma: 0.0003",688,63,0,0,91.61118508655126,50,40,
"Nu: 6e-05, Gamma: 0.0004",688,63,0,0,91.61118508655126,50,40,
"Nu: 6e-05, Gamma: 0.005",688,63,0,0,91.61118508655126,50,40,
"Nu: 6e-05, Gamma: 0.05",688,63,0,0,91.61118508655126,50,40,
"Nu: 6e-05, Gamma: 0.0625",688,63,0,0,91.61118508655126,50,40,
"Nu: 6e-05, Gamma: 0.1",688,63,0,0,91.61118508655126,50,40,
"Nu: 6e-05, Gamma: 0.2",688,63,0,0,91.61118508655126,50,40,
"Nu: 6e-05, Gamma: 0.5",688,63,0,0,91.61118508655126,50,40,
"Nu: 6e-05, Gamma: 0.7",688,63,0,0,91.61118508655126,50,40,
"Nu: 6e-05, Gamma: 0.9",688,63,0,0,91.61118508655126,50,40,
"Nu: 6e-05, Gamma: 0.99",688,63,0,0,91.61118508655126,50,40,
"Nu: 7e-05, Gamma: 1e-05",688,61,0,2,91.87749667110519,50,40,
"Nu: 7e-05, Gamma: 2e-05",688,63,0,0,91.61118508655126,50,40,
"Nu: 7e-05, Gamma: 3e-05",688,63,0,0,91.61118508655126,50,40,
"Nu: 7e-05, Gamma: 4e-05",688,63,0,0,91.61118508655126,50,40,
"Nu: 7e-05, Gamma: 5e-05",688,63,0,0,91.61118508655126,50,40,
"Nu: 7e-05, Gamma: 6e-05",688,63,0,0,91.61118508655126,50,40,
"Nu: 7e-05, Gamma: 7e-05",688,63,0,0,91.61118508655126,50,40,
"Nu: 7e-05, Gamma: 8e-05",688,63,0,0,91.61118508655126,50,40,
"Nu: 7e-05, Gamma: 9e-05",688,63,0,0,91.61118508655126,50,40,
"Nu: 7e-05, Gamma: 0.0001",688,63,0,0,91.61118508655126,50,40,
"Nu: 7e-05, Gamma: 0.0002",688,63,0,0,91.61118508655126,50,40,
"Nu: 7e-05, Gamma: 0.0003",688,63,0,0,91.61118508655126,50,40,
"Nu: 7e-05, Gamma: 0.0004",688,63,0,0,91.61118508655126,50,40,
"Nu: 7e-05, Gamma: 0.005",688,63,0,0,91.61118508655126,50,40,
"Nu: 7e-05, Gamma: 0.05",688,63,0,0,91.61118508655126,50,40,
"Nu: 7e-05, Gamma: 0.0625",688,63,0,0,91.61118508655126,50,40,
"Nu: 7e-05, Gamma: 0.1",688,63,0,0,91.61118508655126,50,40,
"Nu: 7e-05, Gamma: 0.2",688,63,0,0,91.61118508655126,50,40,
"Nu: 7e-05, Gamma: 0.5",688,63,0,0,91.61118508655126,50,40,
"Nu: 7e-05, Gamma: 0.7",688,63,0,0,91.61118508655126,50,40,
"Nu: 7e-05, Gamma: 0.9",688,63,0,0,91.61118508655126,50,40,
"Nu: 7e-05, Gamma: 0.99",688,63,0,0,91.61118508655126,50,40,
"Nu: 8e-05, Gamma: 1e-05",688,61,0,2,91.87749667110519,50,40,
"Nu: 8e-05, Gamma: 2e-05",688,63,0,0,91.61118508655126,50,40,
"Nu: 8e-05, Gamma: 3e-05",688,63,0,0,91.61118508655126,50,40,
"Nu: 8e-05, Gamma: 4e-05",688,63,0,0,91.61118508655126,50,40,
"Nu: 8e-05, Gamma: 5e-05",688,63,0,0,91.61118508655126,50,40,
"Nu: 8e-05, Gamma: 6e-05",688,63,0,0,91.61118508655126,50,40,
"Nu: 8e-05, Gamma: 7e-05",688,63,0,0,91.61118508655126,50,40,
"Nu: 8e-05, Gamma: 8e-05",688,63,0,0,91.61118508655126,50,40,
"Nu: 8e-05, Gamma: 9e-05",688,63,0,0,91.61118508655126,50,40,
"Nu: 8e-05, Gamma: 0.0001",688,63,0,0,91.61118508655126,50,40,
"Nu: 8e-05, Gamma: 0.0002",688,63,0,0,91.61118508655126,50,40,
"Nu: 8e-05, Gamma: 0.0003",688,63,0,0,91.61118508655126,50,40,
"Nu: 8e-05, Gamma: 0.0004",688,63,0,0,91.61118508655126,50,40,
"Nu: 8e-05, Gamma: 0.005",688,63,0,0,91.61118508655126,50,40,
"Nu: 8e-05, Gamma: 0.05",688,63,0,0,91.61118508655126,50,40,
"Nu: 8e-05, Gamma: 0.0625",688,63,0,0,91.61118508655126,50,40,
"Nu: 8e-05, Gamma: 0.1",688,63,0,0,91.61118508655126,50,40,
"Nu: 8e-05, Gamma: 0.2",688,63,0,0,91.61118508655126,50,40,
"Nu: 8e-05, Gamma: 0.5",688,63,0,0,91.61118508655126,50,40,
"Nu: 8e-05, Gamma: 0.7",688,63,0,0,91.61118508655126,50,40,
"Nu: 8e-05, Gamma: 0.9",688,63,0,0,91.61118508655126,50,40,
"Nu: 8e-05, Gamma: 0.99",688,63,0,0,91.61118508655126,50,40,
"Nu: 9e-05, Gamma: 1e-05",688,61,0,2,91.87749667110519,50,40,
"Nu: 9e-05, Gamma: 2e-05",688,63,0,0,91.61118508655126,50,40,
"Nu: 9e-05, Gamma: 3e-05",688,63,0,0,91.61118508655126,50,40,
"Nu: 9e-05, Gamma: 4e-05",688,63,0,0,91.61118508655126,50,40,
"Nu: 9e-05, Gamma: 5e-05",688,63,0,0,91.61118508655126,50,40,
"Nu: 9e-05, Gamma: 6e-05",688,63,0,0,91.61118508655126,50,40,
"Nu: 9e-05, Gamma: 7e-05",688,63,0,0,91.61118508655126,50,40,
"Nu: 9e-05, Gamma: 8e-05",688,63,0,0,91.61118508655126,50,40,
"Nu: 9e-05, Gamma: 9e-05",688,63,0,0,91.61118508655126,50,40,
"Nu: 9e-05, Gamma: 0.0001",688,63,0,0,91.61118508655126,50,40,
"Nu: 9e-05, Gamma: 0.0002",688,63,0,0,91.61118508655126,50,40,
"Nu: 9e-05, Gamma: 0.0003",688,63,0,0,91.61118508655126,50,40,
"Nu: 9e-05, Gamma: 0.0004",688,63,0,0,91.61118508655126,50,40,
"Nu: 9e-05, Gamma: 0.005",688,63,0,0,91.61118508655126,50,40,
"Nu: 9e-05, Gamma: 0.05",688,63,0,0,91.61118508655126,50,40,
"Nu: 9e-05, Gamma: 0.0625",688,63,0,0,91.61118508655126,50,40,
"Nu: 9e-05, Gamma: 0.1",688,63,0,0,91.61118508655126,50,40,
"Nu: 9e-05, Gamma: 0.2",688,63,0,0,91.61118508655126,50,40,
"Nu: 9e-05, Gamma: 0.5",688,63,0,0,91.61118508655126,50,40,
"Nu: 9e-05, Gamma: 0.7",688,63,0,0,91.61118508655126,50,40,
"Nu: 9e-05, Gamma: 0.9",688,63,0,0,91.61118508655126,50,40,
"Nu: 9e-05, Gamma: 0.99",688,63,0,0,91.61118508655126,50,40,
"Nu: 0.0001, Gamma: 1e-05",688,61,0,2,91.87749667110519,50,40,
"Nu: 0.0001, Gamma: 2e-05",688,63,0,0,91.61118508655126,50,40,
"Nu: 0.0001, Gamma: 3e-05",688,63,0,0,91.61118508655126,50,40,
"Nu: 0.0001, Gamma: 4e-05",688,63,0,0,91.61118508655126,50,40,
"Nu: 0.0001, Gamma: 5e-05",688,63,0,0,91.61118508655126,50,40,
"Nu: 0.0001, Gamma: 6e-05",688,63,0,0,91.61118508655126,50,40,
"Nu: 0.0001, Gamma: 7e-05",688,63,0,0,91.61118508655126,50,40,
"Nu: 0.0001, Gamma: 8e-05",688,63,0,0,91.61118508655126,50,40,
"Nu: 0.0001, Gamma: 9e-05",688,63,0,0,91.61118508655126,50,40,
"Nu: 0.0001, Gamma: 0.0001",688,63,0,0,91.61118508655126,50,40,
"Nu: 0.0001, Gamma: 0.0002",688,63,0,0,91.61118508655126,50,40,
"Nu: 0.0001, Gamma: 0.0003",688,63,0,0,91.61118508655126,50,40,
"Nu: 0.0001, Gamma: 0.0004",688,63,0,0,91.61118508655126,50,40,
"Nu: 0.0001, Gamma: 0.005",688,63,0,0,91.61118508655126,50,40,
"Nu: 0.0001, Gamma: 0.05",688,63,0,0,91.61118508655126,50,40,
"Nu: 0.0001, Gamma: 0.0625",688,63,0,0,91.61118508655126,50,40,
"Nu: 0.0001, Gamma: 0.1",688,63,0,0,91.61118508655126,50,40,
"Nu: 0.0001, Gamma: 0.2",688,63,0,0,91.61118508655126,50,40,
"Nu: 0.0001, Gamma: 0.5",688,63,0,0,91.61118508655126,50,40,
"Nu: 0.0001, Gamma: 0.7",688,63,0,0,91.61118508655126,50,40,
"Nu: 0.0001, Gamma: 0.9",688,63,0,0,91.61118508655126,50,40,
"Nu: 0.0001, Gamma: 0.99",688,63,0,0,91.61118508655126,50,40,
"Nu: 0.0002, Gamma: 1e-05",688,55,0,8,92.67643142476697,50,40,
"Nu: 0.0002, Gamma: 2e-05",688,63,0,0,91.61118508655126,50,40,
"Nu: 0.0002, Gamma: 3e-05",688,63,0,0,91.61118508655126,50,40,
"Nu: 0.0002, Gamma: 4e-05",688,63,0,0,91.61118508655126,50,40,
"Nu: 0.0002, Gamma: 5e-05",688,63,0,0,91.61118508655126,50,40,
"Nu: 0.0002, Gamma: 6e-05",688,63,0,0,91.61118508655126,50,40,
"Nu: 0.0002, Gamma: 7e-05",688,63,0,0,91.61118508655126,50,40,
"Nu: 0.0002, Gamma: 8e-05",688,63,0,0,91.61118508655126,50,40,
"Nu: 0.0002, Gamma: 9e-05",688,63,0,0,91.61118508655126,50,40,
"Nu: 0.0002, Gamma: 0.0001",688,63,0,0,91.61118508655126,50,40,
"Nu: 0.0002, Gamma: 0.0002",688,63,0,0,91.61118508655126,50,40,
"Nu: 0.0002, Gamma: 0.0003",688,63,0,0,91.61118508655126,50,40,
"Nu: 0.0002, Gamma: 0.0004",688,63,0,0,91.61118508655126,50,40,
"Nu: 0.0002, Gamma: 0.005",688,63,0,0,91.61118508655126,50,40,
"Nu: 0.0002, Gamma: 0.05",688,63,0,0,91.61118508655126,50,40,
"Nu: 0.0002, Gamma: 0.0625",688,63,0,0,91.61118508655126,50,40,
"Nu: 0.0002, Gamma: 0.1",688,63,0,0,91.61118508655126,50,40,
"Nu: 0.0002, Gamma: 0.2",688,63,0,0,91.61118508655126,50,40,
"Nu: 0.0002, Gamma: 0.5",688,63,0,0,91.61118508655126,50,40,
"Nu: 0.0002, Gamma: 0.7",688,63,0,0,91.61118508655126,50,40,
"Nu: 0.0002, Gamma: 0.9",688,63,0,0,91.61118508655126,50,40,
"Nu: 0.0002, Gamma: 0.99",688,63,0,0,91.61118508655126,50,40,
"Nu: 0.0003, Gamma: 1e-05",688,44,0,19,94.14114513981359,50,40,
"Nu: 0.0003, Gamma: 2e-05",688,54,0,9,92.80958721704394,50,40,
"Nu: 0.0003, Gamma: 3e-05",688,53,0,10,92.9427430093209,50,40,
"Nu: 0.0003, Gamma: 4e-05",688,56,0,7,92.54327563249002,50,40,
"Nu: 0.0003, Gamma: 5e-05",688,58,0,5,92.27696404793608,50,40,
"Nu: 0.0003, Gamma: 6e-05",688,61,0,2,91.87749667110519,50,40,
"Nu: 0.0003, Gamma: 7e-05",688,62,0,1,91.74434087882824,50,40,
"Nu: 0.0003, Gamma: 8e-05",688,63,0,0,91.61118508655126,50,40,
"Nu: 0.0003, Gamma: 9e-05",688,63,0,0,91.61118508655126,50,40,
"Nu: 0.0003, Gamma: 0.0001",688,63,0,0,91.61118508655126,50,40,
"Nu: 0.0003, Gamma: 0.0002",688,63,0,0,91.61118508655126,50,40,
"Nu: 0.0003, Gamma: 0.0003",688,63,0,0,91.61118508655126,50,40,
"Nu: 0.0003, Gamma: 0.0004",688,63,0,0,91.61118508655126,50,40,
"Nu: 0.0003, Gamma: 0.005",688,63,0,0,91.61118508655126,50,40,
"Nu: 0.0003, Gamma: 0.05",688,63,0,0,91.61118508655126,50,40,
"Nu: 0.0003, Gamma: 0.0625",688,63,0,0,91.61118508655126,50,40,
"Nu: 0.0003, Gamma: 0.1",688,63,0,0,91.61118508655126,50,40,
"Nu: 0.0003, Gamma: 0.2",688,63,0,0,91.61118508655126,50,40,
"Nu: 0.0003, Gamma: 0.5",688,63,0,0,91.61118508655126,50,40,
"Nu: 0.0003, Gamma: 0.7",688,63,0,0,91.61118508655126,50,40,
"Nu: 0.0003, Gamma: 0.9",688,63,0,0,91.61118508655126,50,40,
"Nu: 0.0003, Gamma: 0.99",688,63,0,0,91.61118508655126,50,40,
"Nu: 0.0004, Gamma: 1e-05",688,43,0,20,94.27430093209055,50,40,
"Nu: 0.0004, Gamma: 2e-05",688,53,0,10,92.9427430093209,50,40,
"Nu: 0.0004, Gamma: 3e-05",688,41,0,22,94.54061251664447,50,40,
"Nu: 0.0004, Gamma: 4e-05",688,56,0,7,92.54327563249002,50,40,
"Nu: 0.0004, Gamma: 5e-05",688,58,0,5,92.27696404793608,50,40,
"Nu: 0.0004, Gamma: 6e-05",688,61,0,2,91.87749667110519,50,40,
"Nu: 0.0004, Gamma: 7e-05",688,62,0,1,91.74434087882824,50,40,
"Nu: 0.0004, Gamma: 8e-05",688,63,0,0,91.61118508655126,50,40,
"Nu: 0.0004, Gamma: 9e-05",688,63,0,0,91.61118508655126,50,40,
"Nu: 0.0004, Gamma: 0.0001",688,63,0,0,91.61118508655126,50,40,
"Nu: 0.0004, Gamma: 0.0002",688,63,0,0,91.61118508655126,50,40,
"Nu: 0.0004, Gamma: 0.0003",688,63,0,0,91.61118508655126,50,40,
"Nu: 0.0004, Gamma: 0.0004",688,63,0,0,91.61118508655126,50,40,
"Nu: 0.0004, Gamma: 0.005",688,63,0,0,91.61118508655126,50,40,
"Nu: 0.0004, Gamma: 0.05",688,63,0,0,91.61118508655126,50,40,
"Nu: 0.0004, Gamma: 0.0625",688,63,0,0,91.61118508655126,50,40,
"Nu: 0.0004, Gamma: 0.1",688,63,0,0,91.61118508655126,50,40,
"Nu: 0.0004, Gamma: 0.2",688,63,0,0,91.61118508655126,50,40,
"Nu: 0.0004, Gamma: 0.5",688,63,0,0,91.61118508655126,50,40,
"Nu: 0.0004, Gamma: 0.7",688,63,0,0,91.61118508655126,50,40,
"Nu: 0.0004, Gamma: 0.9",688,63,0,0,91.61118508655126,50,40,
"Nu: 0.0004, Gamma: 0.99",688,63,0,0,91.61118508655126,50,40,
"Nu: 0.005, Gamma: 1e-05",688,29,0,34,96.13848202396804,50,40,
"Nu: 0.005, Gamma: 2e-05",688,31,0,32,95.87217043941412,50,40,
"Nu: 0.005, Gamma: 3e-05",688,40,0,23,94.67376830892144,50,40,
"Nu: 0.005, Gamma: 4e-05",688,39,0,24,94.8069241011984,50,40,
"Nu: 0.005, Gamma: 5e-05",688,42,0,21,94.4074567243675,50,40,
"Nu: 0.005, Gamma: 6e-05",688,38,0,25,94.94007989347537,50,40,
"Nu: 0.005, Gamma: 7e-05",688,40,0,23,94.67376830892144,50,40,
"Nu: 0.005, Gamma: 8e-05",688,43,0,20,94.27430093209055,50,40,
"Nu: 0.005, Gamma: 9e-05",688,44,0,19,94.14114513981359,50,40,
"Nu: 0.005, Gamma: 0.0001",688,44,0,19,94.14114513981359,50,40,
"Nu: 0.005, Gamma: 0.0002",688,46,0,17,93.87483355525966,50,40,
"Nu: 0.005, Gamma: 0.0003",688,53,0,10,92.9427430093209,50,40,
"Nu: 0.005, Gamma: 0.0004",688,54,0,9,92.80958721704394,50,40,
"Nu: 0.005, Gamma: 0.005",688,63,0,0,91.61118508655126,50,40,
"Nu: 0.005, Gamma: 0.05",688,63,0,0,91.61118508655126,50,40,
"Nu: 0.005, Gamma: 0.0625",688,63,0,0,91.61118508655126,50,40,
"Nu: 0.005, Gamma: 0.1",688,63,0,0,91.61118508655126,50,40,
"Nu: 0.005, Gamma: 0.2",688,63,0,0,91.61118508655126,50,40,
"Nu: 0.005, Gamma: 0.5",688,63,0,0,91.61118508655126,50,40,
"Nu: 0.005, Gamma: 0.7",688,63,0,0,91.61118508655126,50,40,
"Nu: 0.005, Gamma: 0.9",688,63,0,0,91.61118508655126,50,40,
"Nu: 0.005, Gamma: 0.99",688,63,0,0,91.61118508655126,50,40,
"Nu: 0.05, Gamma: 1e-05",688,28,0,35,96.271637816245,50,40,
"Nu: 0.05, Gamma: 2e-05",688,29,0,34,96.13848202396804,50,40,
"Nu: 0.05, Gamma: 3e-05",688,34,0,29,95.47270306258322,50,40,
"Nu: 0.05, Gamma: 4e-05",688,36,0,27,95.20639147802929,50,40,
"Nu: 0.05, Gamma: 5e-05",688,39,0,24,94.8069241011984,50,40,
"Nu: 0.05, Gamma: 6e-05",688,41,0,22,94.54061251664447,50,40,
"Nu: 0.05, Gamma: 7e-05",688,41,0,22,94.54061251664447,50,40,
"Nu: 0.05, Gamma: 8e-05",688,43,0,20,94.27430093209055,50,40,
"Nu: 0.05, Gamma: 9e-05",688,42,0,21,94.4074567243675,50,40,
"Nu: 0.05, Gamma: 0.0001",688,42,0,21,94.4074567243675,50,40,
"Nu: 0.05, Gamma: 0.0002",688,47,0,16,93.74167776298269,50,40,
"Nu: 0.05, Gamma: 0.0003",688,50,0,13,93.3422103861518,50,40,
"Nu: 0.05, Gamma: 0.0004",688,50,0,13,93.3422103861518,50,40,
"Nu: 0.05, Gamma: 0.005",688,63,0,0,91.61118508655126,50,40,
"Nu: 0.05, Gamma: 0.05",688,63,0,0,91.61118508655126,50,40,
"Nu: 0.05, Gamma: 0.0625",688,63,0,0,91.61118508655126,50,40,
"Nu: 0.05, Gamma: 0.1",688,63,0,0,91.61118508655126,50,40,
"Nu: 0.05, Gamma: 0.2",688,63,0,0,91.61118508655126,50,40,
"Nu: 0.05, Gamma: 0.5",688,63,0,0,91.61118508655126,50,40,
"Nu: 0.05, Gamma: 0.7",688,63,0,0,91.61118508655126,50,40,
"Nu: 0.05, Gamma: 0.9",688,63,0,0,91.61118508655126,50,40,
"Nu: 0.05, Gamma: 0.99",688,63,0,0,91.61118508655126,50,40,
"Nu: 0.0625, Gamma: 1e-05",688,28,0,35,96.271637816245,50,40,
"Nu: 0.0625, Gamma: 2e-05",688,29,0,34,96.13848202396804,50,40,
"Nu: 0.0625, Gamma: 3e-05",688,34,0,29,95.47270306258322,50,40,
"Nu: 0.0625, Gamma: 4e-05",688,36,0,27,95.20639147802929,50,40,
"Nu: 0.0625, Gamma: 5e-05",688,39,0,24,94.8069241011984,50,40,
"Nu: 0.0625, Gamma: 6e-05",688,41,0,22,94.54061251664447,50,40,
"Nu: 0.0625, Gamma: 7e-05",688,40,0,23,94.67376830892144,50,40,
"Nu: 0.0625, Gamma: 8e-05",688,42,0,21,94.4074567243675,50,40,
"Nu: 0.0625, Gamma: 9e-05",688,42,0,21,94.4074567243675,50,40,
"Nu: 0.0625, Gamma: 0.0001",688,44,0,19,94.14114513981359,50,40,
"Nu: 0.0625, Gamma: 0.0002",688,47,0,16,93.74167776298269,50,40,
"Nu: 0.0625, Gamma: 0.0003",688,50,0,13,93.3422103861518,50,40,
"Nu: 0.0625, Gamma: 0.0004",688,50,0,13,93.3422103861518,50,40,
"Nu: 0.0625, Gamma: 0.005",688,63,0,0,91.61118508655126,50,40,
"Nu: 0.0625, Gamma: 0.05",688,63,0,0,91.61118508655126,50,40,
"Nu: 0.0625, Gamma: 0.0625",688,63,0,0,91.61118508655126,50,40,
"Nu: 0.0625, Gamma: 0.1",688,63,0,0,91.61118508655126,50,40,
"Nu: 0.0625, Gamma: 0.2",688,63,0,0,91.61118508655126,50,40,
"Nu: 0.0625, Gamma: 0.5",688,63,0,0,91.61118508655126,50,40,
"Nu: 0.0625, Gamma: 0.7",688,63,0,0,91.61118508655126,50,40,
"Nu: 0.0625, Gamma: 0.9",688,63,0,0,91.61118508655126,50,40,
"Nu: 0.0625, Gamma: 0.99",688,63,0,0,91.61118508655126,50,40,
"Nu: 0.1, Gamma: 1e-05",688,27,0,36,96.40479360852197,50,40,
"Nu: 0.1, Gamma: 2e-05",688,29,0,34,96.13848202396804,50,40,
"Nu: 0.1, Gamma: 3e-05",688,34,0,29,95.47270306258322,50,40,
"Nu: 0.1, Gamma: 4e-05",688,36,0,27,95.20639147802929,50,40,
"Nu: 0.1, Gamma: 5e-05",688,38,0,25,94.94007989347537,50,40,
"Nu: 0.1, Gamma: 6e-05",688,40,0,23,94.67376830892144,50,40,
"Nu: 0.1, Gamma: 7e-05",688,40,0,23,94.67376830892144,50,40,
"Nu: 0.1, Gamma: 8e-05",688,42,0,21,94.4074567243675,50,40,
"Nu: 0.1, Gamma: 9e-05",688,42,0,21,94.4074567243675,50,40,
"Nu: 0.1, Gamma: 0.0001",688,42,0,21,94.4074567243675,50,40,
"Nu: 0.1, Gamma: 0.0002",688,47,0,16,93.74167776298269,50,40,
"Nu: 0.1, Gamma: 0.0003",688,50,0,13,93.3422103861518,50,40,
"Nu: 0.1, Gamma: 0.0004",688,51,0,12,93.20905459387482,50,40,
"Nu: 0.1, Gamma: 0.005",688,63,0,0,91.61118508655126,50,40,
"Nu: 0.1, Gamma: 0.05",688,63,0,0,91.61118508655126,50,40,
"Nu: 0.1, Gamma: 0.0625",688,63,0,0,91.61118508655126,50,40,
"Nu: 0.1, Gamma: 0.1",688,63,0,0,91.61118508655126,50,40,
"Nu: 0.1, Gamma: 0.2",688,63,0,0,91.61118508655126,50,40,
"Nu: 0.1, Gamma: 0.5",688,63,0,0,91.61118508655126,50,40,
"Nu: 0.1, Gamma: 0.7",688,63,0,0,91.61118508655126,50,40,
"Nu: 0.1, Gamma: 0.9",688,63,0,0,91.61118508655126,50,40,
"Nu: 0.1, Gamma: 0.99",688,63,0,0,91.61118508655126,50,40,
"Nu: 0.2, Gamma: 1e-05",688,27,0,36,96.40479360852197,50,40,
"Nu: 0.2, Gamma: 2e-05",688,29,0,34,96.13848202396804,50,40,
"Nu: 0.2, Gamma: 3e-05",688,34,0,29,95.47270306258322,50,40,
"Nu: 0.2, Gamma: 4e-05",688,36,0,27,95.20639147802929,50,40,
"Nu: 0.2, Gamma: 5e-05",688,39,0,24,94.8069241011984,50,40,
"Nu: 0.2, Gamma: 6e-05",688,40,0,23,94.67376830892144,50,40,
"Nu: 0.2, Gamma: 7e-05",688,40,0,23,94.67376830892144,50,40,
"Nu: 0.2, Gamma: 8e-05",688,42,0,21,94.4074567243675,50,40,
"Nu: 0.2, Gamma: 9e-05",688,42,0,21,94.4074567243675,50,40,
"Nu: 0.2, Gamma: 0.0001",688,42,0,21,94.4074567243675,50,40,
"Nu: 0.2, Gamma: 0.0002",688,47,0,16,93.74167776298269,50,40,
"Nu: 0.2, Gamma: 0.0003",688,50,0,13,93.3422103861518,50,40,
"Nu: 0.2, Gamma: 0.0004",688,50,0,13,93.3422103861518,50,40,
"Nu: 0.2, Gamma: 0.005",688,63,0,0,91.61118508655126,50,40,
"Nu: 0.2, Gamma: 0.05",688,63,0,0,91.61118508655126,50,40,
"Nu: 0.2, Gamma: 0.0625",688,63,0,0,91.61118508655126,50,40,
"Nu: 0.2, Gamma: 0.1",688,63,0,0,91.61118508655126,50,40,
"Nu: 0.2, Gamma: 0.2",688,63,0,0,91.61118508655126,50,40,
"Nu: 0.2, Gamma: 0.5",688,63,0,0,91.61118508655126,50,40,
"Nu: 0.2, Gamma: 0.7",688,63,0,0,91.61118508655126,50,40,
"Nu: 0.2, Gamma: 0.9",688,63,0,0,91.61118508655126,50,40,
"Nu: 0.2, Gamma: 0.99",688,63,0,0,91.61118508655126,50,40,
"Nu: 0.5, Gamma: 1e-05",688,33,0,30,95.60585885486019,50,40,
"Nu: 0.5, Gamma: 2e-05",688,33,0,30,95.60585885486019,50,40,
"Nu: 0.5, Gamma: 3e-05",688,35,0,28,95.33954727030626,50,40,
"Nu: 0.5, Gamma: 4e-05",688,37,0,26,95.07323568575234,50,40,
"Nu: 0.5, Gamma: 5e-05",688,39,0,24,94.8069241011984,50,40,
"Nu: 0.5, Gamma: 6e-05",688,40,0,23,94.67376830892144,50,40,
"Nu: 0.5, Gamma: 7e-05",688,40,0,23,94.67376830892144,50,40,
"Nu: 0.5, Gamma: 8e-05",688,42,0,21,94.4074567243675,50,40,
"Nu: 0.5, Gamma: 9e-05",688,42,0,21,94.4074567243675,50,40,
"Nu: 0.5, Gamma: 0.0001",688,42,0,21,94.4074567243675,50,40,
"Nu: 0.5, Gamma: 0.0002",688,47,0,16,93.74167776298269,50,40,
"Nu: 0.5, Gamma: 0.0003",688,50,0,13,93.3422103861518,50,40,
"Nu: 0.5, Gamma: 0.0004",688,50,0,13,93.3422103861518,50,40,
"Nu: 0.5, Gamma: 0.005",688,63,0,0,91.61118508655126,50,40,
"Nu: 0.5, Gamma: 0.05",688,63,0,0,91.61118508655126,50,40,
"Nu: 0.5, Gamma: 0.0625",688,63,0,0,91.61118508655126,50,40,
"Nu: 0.5, Gamma: 0.1",688,63,0,0,91.61118508655126,50,40,
"Nu: 0.5, Gamma: 0.2",688,63,0,0,91.61118508655126,50,40,
"Nu: 0.5, Gamma: 0.5",688,63,0,0,91.61118508655126,50,40,
"Nu: 0.5, Gamma: 0.7",688,63,0,0,91.61118508655126,50,40,
"Nu: 0.5, Gamma: 0.9",688,63,0,0,91.61118508655126,50,40,
"Nu: 0.5, Gamma: 0.99",688,63,0,0,91.61118508655126,50,40,
"Nu: 0.7, Gamma: 1e-05",688,42,0,21,94.4074567243675,50,40,
"Nu: 0.7, Gamma: 2e-05",688,39,0,24,94.8069241011984,50,40,
"Nu: 0.7, Gamma: 3e-05",688,40,0,23,94.67376830892144,50,40,
"Nu: 0.7, Gamma: 4e-05",688,41,0,22,94.54061251664447,50,40,
"Nu: 0.7, Gamma: 5e-05",688,42,0,21,94.4074567243675,50,40,
"Nu: 0.7, Gamma: 6e-05",688,42,0,21,94.4074567243675,50,40,
"Nu: 0.7, Gamma: 7e-05",688,43,0,20,94.27430093209055,50,40,
"Nu: 0.7, Gamma: 8e-05",688,43,0,20,94.27430093209055,50,40,
"Nu: 0.7, Gamma: 9e-05",688,43,0,20,94.27430093209055,50,40,
"Nu: 0.7, Gamma: 0.0001",688,43,0,20,94.27430093209055,50,40,
"Nu: 0.7, Gamma: 0.0002",688,48,0,15,93.60852197070572,50,40,
"Nu: 0.7, Gamma: 0.0003",688,50,0,13,93.3422103861518,50,40,
"Nu: 0.7, Gamma: 0.0004",688,50,0,13,93.3422103861518,50,40,
"Nu: 0.7, Gamma: 0.005",688,63,0,0,91.61118508655126,50,40,
"Nu: 0.7, Gamma: 0.05",688,63,0,0,91.61118508655126,50,40,
"Nu: 0.7, Gamma: 0.0625",688,63,0,0,91.61118508655126,50,40,
"Nu: 0.7, Gamma: 0.1",688,63,0,0,91.61118508655126,50,40,
"Nu: 0.7, Gamma: 0.2",688,63,0,0,91.61118508655126,50,40,
"Nu: 0.7, Gamma: 0.5",688,63,0,0,91.61118508655126,50,40,
"Nu: 0.7, Gamma: 0.7",688,63,0,0,91.61118508655126,50,40,
"Nu: 0.7, Gamma: 0.9",688,63,0,0,91.61118508655126,50,40,
"Nu: 0.7, Gamma: 0.99",688,63,0,0,91.61118508655126,50,40,
"Nu: 0.9, Gamma: 1e-05",688,56,0,7,92.54327563249002,50,40,
"Nu: 0.9, Gamma: 2e-05",688,56,0,7,92.54327563249002,50,40,
"Nu: 0.9, Gamma: 3e-05",688,57,0,6,92.41011984021304,50,40,
"Nu: 0.9, Gamma: 4e-05",688,57,0,6,92.41011984021304,50,40,
"Nu: 0.9, Gamma: 5e-05",688,59,0,4,92.14380825565912,50,40,
"Nu: 0.9, Gamma: 6e-05",688,59,0,4,92.14380825565912,50,40,
"Nu: 0.9, Gamma: 7e-05",688,59,0,4,92.14380825565912,50,40,
"Nu: 0.9, Gamma: 8e-05",688,59,0,4,92.14380825565912,50,40,
"Nu: 0.9, Gamma: 9e-05",688,60,0,3,92.01065246338216,50,40,
"Nu: 0.9, Gamma: 0.0001",688,60,0,3,92.01065246338216,50,40,
"Nu: 0.9, Gamma: 0.0002",688,57,0,6,92.41011984021304,50,40,
"Nu: 0.9, Gamma: 0.0003",688,57,0,6,92.41011984021304,50,40,
"Nu: 0.9, Gamma: 0.0004",688,57,0,6,92.41011984021304,50,40,
"Nu: 0.9, Gamma: 0.005",688,63,0,0,91.61118508655126,50,40,
"Nu: 0.9, Gamma: 0.05",688,63,0,0,91.61118508655126,50,40,
"Nu: 0.9, Gamma: 0.0625",688,63,0,0,91.61118508655126,50,40,
"Nu: 0.9, Gamma: 0.1",688,63,0,0,91.61118508655126,50,40,
"Nu: 0.9, Gamma: 0.2",688,63,0,0,91.61118508655126,50,40,
"Nu: 0.9, Gamma: 0.5",688,63,0,0,91.61118508655126,50,40,
"Nu: 0.9, Gamma: 0.7",688,63,0,0,91.61118508655126,50,40,
"Nu: 0.9, Gamma: 0.9",688,63,0,0,91.61118508655126,50,40,
"Nu: 0.9, Gamma: 0.99",688,63,0,0,91.61118508655126,50,40,
"Nu: 0.99, Gamma: 1e-05",688,63,0,0,91.61118508655126,50,40,
"Nu: 0.99, Gamma: 2e-05",688,63,0,0,91.61118508655126,50,40,
"Nu: 0.99, Gamma: 3e-05",688,63,0,0,91.61118508655126,50,40,
"Nu: 0.99, Gamma: 4e-05",688,63,0,0,91.61118508655126,50,40,
"Nu: 0.99, Gamma: 5e-05",688,63,0,0,91.61118508655126,50,40,
"Nu: 0.99, Gamma: 6e-05",688,63,0,0,91.61118508655126,50,40,
"Nu: 0.99, Gamma: 7e-05",688,63,0,0,91.61118508655126,50,40,
"Nu: 0.99, Gamma: 8e-05",688,63,0,0,91.61118508655126,50,40,
"Nu: 0.99, Gamma: 9e-05",688,63,0,0,91.61118508655126,50,40,
"Nu: 0.99, Gamma: 0.0001",688,63,0,0,91.61118508655126,50,40,
"Nu: 0.99, Gamma: 0.0002",688,63,0,0,91.61118508655126,50,40,
"Nu: 0.99, Gamma: 0.0003",688,63,0,0,91.61118508655126,50,40,
"Nu: 0.99, Gamma: 0.0004",688,63,0,0,91.61118508655126,50,40,
"Nu: 0.99, Gamma: 0.005",688,63,0,0,91.61118508655126,50,40,
"Nu: 0.99, Gamma: 0.05",688,63,0,0,91.61118508655126,50,40,
"Nu: 0.99, Gamma: 0.0625",688,63,0,0,91.61118508655126,50,40,
"Nu: 0.99, Gamma: 0.1",688,63,0,0,91.61118508655126,50,40,
"Nu: 0.99, Gamma: 0.2",688,63,0,0,91.61118508655126,50,40,
"Nu: 0.99, Gamma: 0.5",688,63,0,0,91.61118508655126,50,40,
"Nu: 0.99, Gamma: 0.7",688,63,0,0,91.61118508655126,50,40,
"Nu: 0.99, Gamma: 0.9",688,63,0,0,91.61118508655126,50,40,
"Nu: 0.99, Gamma: 0.99",688,63,0,0,91.61118508655126,50,40,
,,,,,,,,
