From router 0 to router 0,From router 0 to router 1,From router 0 to router 2,From router 0 to router 3,From router 0 to router 4,From router 0 to router 5,From router 0 to router 6,From router 0 to router 7,From router 0 to router 8,From router 0 to router 9,From router 0 to router 10,From router 0 to router 11,From router 0 to router 12,From router 0 to router 13,From router 0 to router 14,From router 0 to router 15,From router 1 to router 0,From router 1 to router 1,From router 1 to router 2,From router 1 to router 3,From router 1 to router 4,From router 1 to router 5,From router 1 to router 6,From router 1 to router 7,From router 1 to router 8,From router 1 to router 9,From router 1 to router 10,From router 1 to router 11,From router 1 to router 12,From router 1 to router 13,From router 1 to router 14,From router 1 to router 15,From router 2 to router 0,From router 2 to router 1,From router 2 to router 2,From router 2 to router 3,From router 2 to router 4,From router 2 to router 5,From router 2 to router 6,From router 2 to router 7,From router 2 to router 8,From router 2 to router 9,From router 2 to router 10,From router 2 to router 11,From router 2 to router 12,From router 2 to router 13,From router 2 to router 14,From router 2 to router 15,From router 3 to router 0,From router 3 to router 1,From router 3 to router 2,From router 3 to router 3,From router 3 to router 4,From router 3 to router 5,From router 3 to router 6,From router 3 to router 7,From router 3 to router 8,From router 3 to router 9,From router 3 to router 10,From router 3 to router 11,From router 3 to router 12,From router 3 to router 13,From router 3 to router 14,From router 3 to router 15,From router 4 to router 0,From router 4 to router 1,From router 4 to router 2,From router 4 to router 3,From router 4 to router 4,From router 4 to router 5,From router 4 to router 6,From router 4 to router 7,From router 4 to router 8,From router 4 to router 9,From router 4 to router 10,From router 4 to router 11,From router 4 to router 12,From router 4 to router 13,From router 4 to router 14,From router 4 to router 15,From router 5 to router 0,From router 5 to router 1,From router 5 to router 2,From router 5 to router 3,From router 5 to router 4,From router 5 to router 5,From router 5 to router 6,From router 5 to router 7,From router 5 to router 8,From router 5 to router 9,From router 5 to router 10,From router 5 to router 11,From router 5 to router 12,From router 5 to router 13,From router 5 to router 14,From router 5 to router 15,From router 6 to router 0,From router 6 to router 1,From router 6 to router 2,From router 6 to router 3,From router 6 to router 4,From router 6 to router 5,From router 6 to router 6,From router 6 to router 7,From router 6 to router 8,From router 6 to router 9,From router 6 to router 10,From router 6 to router 11,From router 6 to router 12,From router 6 to router 13,From router 6 to router 14,From router 6 to router 15,From router 7 to router 0,From router 7 to router 1,From router 7 to router 2,From router 7 to router 3,From router 7 to router 4,From router 7 to router 5,From router 7 to router 6,From router 7 to router 7,From router 7 to router 8,From router 7 to router 9,From router 7 to router 10,From router 7 to router 11,From router 7 to router 12,From router 7 to router 13,From router 7 to router 14,From router 7 to router 15,From router 8 to router 0,From router 8 to router 1,From router 8 to router 2,From router 8 to router 3,From router 8 to router 4,From router 8 to router 5,From router 8 to router 6,From router 8 to router 7,From router 8 to router 8,From router 8 to router 9,From router 8 to router 10,From router 8 to router 11,From router 8 to router 12,From router 8 to router 13,From router 8 to router 14,From router 8 to router 15,From router 9 to router 0,From router 9 to router 1,From router 9 to router 2,From router 9 to router 3,From router 9 to router 4,From router 9 to router 5,From router 9 to router 6,From router 9 to router 7,From router 9 to router 8,From router 9 to router 9,From router 9 to router 10,From router 9 to router 11,From router 9 to router 12,From router 9 to router 13,From router 9 to router 14,From router 9 to router 15,From router 10 to router 0,From router 10 to router 1,From router 10 to router 2,From router 10 to router 3,From router 10 to router 4,From router 10 to router 5,From router 10 to router 6,From router 10 to router 7,From router 10 to router 8,From router 10 to router 9,From router 10 to router 10,From router 10 to router 11,From router 10 to router 12,From router 10 to router 13,From router 10 to router 14,From router 10 to router 15,From router 11 to router 0,From router 11 to router 1,From router 11 to router 2,From router 11 to router 3,From router 11 to router 4,From router 11 to router 5,From router 11 to router 6,From router 11 to router 7,From router 11 to router 8,From router 11 to router 9,From router 11 to router 10,From router 11 to router 11,From router 11 to router 12,From router 11 to router 13,From router 11 to router 14,From router 11 to router 15,From router 12 to router 0,From router 12 to router 1,From router 12 to router 2,From router 12 to router 3,From router 12 to router 4,From router 12 to router 5,From router 12 to router 6,From router 12 to router 7,From router 12 to router 8,From router 12 to router 9,From router 12 to router 10,From router 12 to router 11,From router 12 to router 12,From router 12 to router 13,From router 12 to router 14,From router 12 to router 15,From router 13 to router 0,From router 13 to router 1,From router 13 to router 2,From router 13 to router 3,From router 13 to router 4,From router 13 to router 5,From router 13 to router 6,From router 13 to router 7,From router 13 to router 8,From router 13 to router 9,From router 13 to router 10,From router 13 to router 11,From router 13 to router 12,From router 13 to router 13,From router 13 to router 14,From router 13 to router 15,From router 14 to router 0,From router 14 to router 1,From router 14 to router 2,From router 14 to router 3,From router 14 to router 4,From router 14 to router 5,From router 14 to router 6,From router 14 to router 7,From router 14 to router 8,From router 14 to router 9,From router 14 to router 10,From router 14 to router 11,From router 14 to router 12,From router 14 to router 13,From router 14 to router 14,From router 14 to router 15,From router 15 to router 0,From router 15 to router 1,From router 15 to router 2,From router 15 to router 3,From router 15 to router 4,From router 15 to router 5,From router 15 to router 6,From router 15 to router 7,From router 15 to router 8,From router 15 to router 9,From router 15 to router 10,From router 15 to router 11,From router 15 to router 12,From router 15 to router 13,From router 15 to router 14,From router 15 to router 15,Applications (Label Classes)
16777,11135,10644,11521,11034,11173,11378,11611,11728,9963,11634,11584,11144,11643,11472,11104,5946,953,942,1550,989,977,1115,1184,1367,112,1542,1761,947,1029,917,977,5732,957,989,1546,945,1012,1016,1143,1328,91,1567,1600,906,997,967,937,5971,1007,1063,1642,1059,1092,1137,1271,1380,157,1594,1810,1101,1095,1090,1123,6052,1032,1061,1692,973,1109,1146,1233,1411,105,1540,1809,1071,1109,1060,1019,6066,991,1032,1802,1016,1057,1213,1345,1473,102,1506,1853,1020,1110,1074,1067,6092,1147,1047,1788,1110,1203,1168,1350,1488,139,1639,1907,1160,1101,1164,1195,6228,1125,1063,1689,1139,1161,1211,1243,1463,145,1638,1837,1120,1110,1124,1120,6159,1067,999,1757,1168,1155,1178,1296,1476,155,1628,1859,1129,1034,1069,1205,5908,986,1022,1687,1102,1098,1184,1203,1379,109,1528,1867,1093,1046,1007,1025,6221,1175,1213,1858,1238,1174,1343,1483,1599,153,1775,2030,1305,1253,1170,1285,6035,1172,1147,1759,1112,1171,1245,1420,1501,155,1653,1907,1189,1064,1078,1142,6056,1056,1030,1656,1006,1068,1156,1292,1460,94,1539,1802,1070,997,1042,1055,6212,1006,1065,1637,1049,1050,1097,1340,1430,103,1475,1836,1104,1061,1066,1051,6076,1043,1025,1668,1021,1021,1180,1220,1441,101,1562,1713,1157,1046,996,1053,5997,1047,1108,1737,1022,1028,1140,1236,1414,94,1485,1719,1066,1168,1094,1035,canneal_halfcache
10790,7455,7251,7365,8381,7226,7289,7344,7279,6627,7358,7018,7212,7159,7441,7467,4098,669,650,683,1809,690,670,743,735,69,750,751,669,662,623,684,4001,728,624,682,1875,672,651,727,777,61,685,697,726,711,737,668,4062,701,662,684,1942,720,647,692,687,69,683,670,699,630,622,693,4039,796,703,667,1939,688,712,682,782,66,664,707,704,664,688,758,4022,688,669,643,1808,767,712,792,737,57,641,684,744,727,707,752,4101,796,682,695,1939,697,695,801,739,66,675,688,855,675,700,770,3990,704,686,658,1860,744,680,696,681,61,693,719,803,679,715,708,4008,741,701,638,1873,706,701,666,670,75,675,728,745,694,678,737,4014,738,671,706,1845,639,623,696,638,21,615,666,685,637,598,672,4192,867,749,731,2023,807,646,777,793,74,787,898,819,761,796,917,3840,781,700,611,1804,687,684,778,697,63,581,703,679,707,707,770,4028,686,748,719,1904,682,669,745,676,69,719,713,654,774,721,706,4027,824,706,662,1862,609,674,781,749,69,667,698,696,684,700,715,4050,763,801,686,1788,653,757,758,685,62,801,716,761,711,837,713,4038,793,767,763,1961,717,674,784,673,71,718,760,811,683,783,767,canneal_halfcache
19939,13596,13502,13511,14167,13949,13833,13517,13808,12440,13697,13201,13551,13670,13809,13488,7403,1365,1429,1482,1695,1429,1510,1389,1479,160,1494,1552,1272,1365,1416,1390,7336,1274,1427,1402,1763,1458,1373,1449,1451,144,1418,1380,1384,1421,1462,1453,7396,1449,1488,1550,1808,1467,1433,1383,1411,141,1439,1511,1381,1459,1421,1454,7691,1497,1466,1598,1843,1473,1609,1484,1609,194,1590,1568,1492,1519,1482,1658,7747,1468,1504,1474,1953,1456,1486,1543,1505,162,1580,1467,1498,1548,1448,1428,7588,1382,1500,1491,1829,1505,1417,1537,1630,163,1536,1402,1498,1569,1561,1495,7355,1498,1524,1394,1837,1449,1424,1564,1481,154,1377,1343,1429,1472,1581,1458,7596,1490,1435,1350,1774,1484,1437,1508,1406,148,1514,1463,1453,1565,1586,1451,7556,1440,1425,1398,1616,1430,1436,1478,1423,57,1436,1380,1422,1310,1461,1324,7784,1765,1683,1644,1901,1715,1647,1593,1635,156,1658,1642,1837,1616,1624,1524,7457,1478,1518,1491,1890,1531,1533,1419,1553,147,1483,1448,1522,1613,1500,1461,7471,1417,1554,1386,1891,1504,1479,1489,1461,140,1430,1424,1441,1529,1397,1476,7464,1519,1453,1425,1764,1496,1545,1506,1351,133,1439,1378,1418,1408,1559,1445,7525,1462,1506,1413,1839,1514,1470,1482,1470,152,1546,1462,1464,1375,1495,1405,7494,1489,1473,1531,1933,1477,1473,1444,1401,143,1477,1471,1441,1512,1469,1491,canneal_halfcache
7786,5221,4851,4908,5032,5286,4956,4971,4837,4331,4719,4840,5020,6643,5116,5190,2804,401,535,447,435,421,444,438,486,82,459,544,465,1920,383,457,2609,424,477,426,402,446,431,377,474,77,408,450,424,1829,368,458,2725,442,446,413,444,431,398,418,519,83,429,493,491,1856,456,530,2769,465,489,425,467,493,415,475,463,70,492,528,476,1919,441,510,2918,472,500,518,510,439,492,450,513,88,486,542,478,2082,471,525,2724,449,480,460,449,435,385,447,603,88,448,515,461,2033,416,535,2763,445,462,454,469,504,468,362,455,85,476,465,488,1928,449,467,2696,480,466,405,442,454,338,398,453,80,365,498,463,1922,428,483,2588,456,413,376,449,414,351,365,470,47,376,424,456,1864,389,496,2706,535,471,418,537,442,459,494,554,86,445,492,507,2132,497,502,2679,471,463,413,429,446,404,426,503,80,379,499,448,2013,408,469,2787,482,528,452,451,446,472,511,458,74,398,468,429,1995,524,522,2836,486,585,420,483,497,554,482,494,81,465,511,495,1911,498,543,2784,475,522,485,505,554,506,562,490,84,444,460,461,1986,514,484,2828,485,515,437,492,519,459,497,476,79,479,482,472,2035,477,505,canneal_halfcache
21486,14583,14579,14531,14639,14938,14650,14729,14618,12895,14913,14705,14505,14481,14570,14545,8011,1430,1582,1459,1574,1577,1610,1579,1586,141,1723,1416,1563,1471,1597,1515,7962,1466,1432,1578,1570,1625,1606,1556,1542,147,1659,1375,1535,1529,1466,1433,7889,1508,1565,1523,1626,1625,1504,1610,1566,153,1708,1541,1542,1580,1576,1465,8012,1523,1577,1568,1559,1660,1519,1587,1527,159,1842,1553,1722,1547,1546,1464,8246,1566,1663,1692,1580,1673,1630,1683,1538,139,1811,1561,1654,1661,1612,1573,7988,1609,1589,1524,1682,1672,1598,1614,1592,168,1788,1563,1580,1608,1594,1591,8091,1582,1526,1503,1538,1613,1603,1561,1535,157,1874,1535,1573,1530,1644,1499,8073,1517,1576,1549,1595,1612,1563,1582,1539,157,1770,1500,1672,1487,1667,1590,7838,1484,1506,1459,1586,1526,1480,1464,1531,70,1738,1406,1392,1550,1405,1437,8165,1786,1748,1699,1783,1855,1821,1830,1766,141,1923,1812,1684,1807,1814,1677,8042,1654,1683,1576,1709,1734,1579,1734,1577,137,1971,1584,1606,1664,1609,1608,7918,1487,1514,1476,1619,1633,1521,1598,1622,149,1956,1605,1554,1577,1516,1571,7954,1480,1556,1504,1727,1657,1586,1659,1587,174,1715,1508,1632,1586,1458,1551,8020,1587,1531,1531,1587,1632,1629,1496,1530,153,1661,1497,1544,1516,1531,1522,8047,1600,1586,1491,1549,1702,1668,1569,1614,133,1771,1524,1618,1635,1565,1574,canneal_halfcache
8327,5531,5357,5534,5779,5563,5478,5690,5622,5136,7021,5411,5683,5593,5769,5534,2998,549,549,480,533,546,512,467,469,85,1970,536,548,545,530,476,2943,548,471,513,511,525,488,448,504,66,1815,500,504,546,456,471,3043,533,495,543,498,507,537,489,558,74,1852,569,490,546,527,515,3171,540,576,561,507,545,542,531,573,86,2102,532,588,523,549,585,3112,553,525,590,575,546,617,533,540,86,1949,540,580,491,599,535,3077,562,498,574,558,568,498,585,540,80,1971,561,539,537,530,547,3096,572,511,479,551,551,481,505,571,75,2047,616,506,553,509,573,3097,543,612,536,505,565,527,556,533,83,2063,567,562,566,564,572,3040,473,493,467,499,462,504,538,543,29,1930,526,510,491,555,545,3123,641,651,615,707,646,626,604,579,101,2133,648,643,681,740,603,2950,552,527,508,587,540,556,583,581,74,2166,559,517,480,551,528,3141,530,519,555,552,523,510,514,550,72,2068,508,547,549,527,575,3038,526,574,543,488,500,600,584,555,75,1929,563,520,546,523,527,3160,535,561,541,514,502,560,562,492,77,2052,513,534,523,592,560,3054,556,557,551,535,564,527,500,517,68,1898,520,521,591,572,505,canneal_halfcache
17287,11909,11760,12075,11646,11753,11830,11964,12597,10669,11492,11578,11808,11770,11736,11745,6369,1226,1226,1273,1189,1168,1185,1253,1773,103,1238,1183,1200,1261,1197,1124,6329,1189,1215,1178,1138,1130,1168,1269,1789,103,1238,1093,1251,1187,1218,1153,6525,1227,1212,1259,1250,1099,1186,1243,1785,90,1278,1156,1291,1161,1155,1208,6439,1226,1216,1314,1201,1325,1186,1250,1802,103,1306,1174,1241,1247,1164,1225,6428,1403,1240,1331,1164,1173,1190,1239,1762,100,1275,1183,1245,1319,1257,1190,6528,1326,1276,1294,1172,1276,1229,1256,1865,89,1230,1260,1280,1198,1242,1260,6472,1298,1210,1345,1208,1239,1129,1200,1777,89,1194,1217,1231,1272,1239,1206,6533,1335,1244,1283,1275,1215,1277,1267,1660,83,1347,1191,1314,1215,1251,1252,6423,1231,1163,1258,1076,1168,1089,1106,1703,27,1220,1113,1132,1203,1195,1118,6460,1410,1299,1440,1348,1363,1280,1298,2027,103,1365,1338,1326,1422,1423,1298,6353,1334,1244,1430,1223,1200,1221,1272,1853,86,1233,1187,1205,1199,1308,1236,6539,1226,1338,1294,1288,1222,1137,1209,1861,91,1215,1202,1246,1195,1157,1172,6451,1281,1266,1311,1198,1221,1087,1244,1810,84,1212,1148,1242,1243,1213,1150,6412,1327,1309,1231,1158,1151,1147,1188,1792,95,1211,1189,1181,1228,1175,1119,6499,1244,1301,1349,1204,1179,1254,1357,1789,96,1336,1162,1273,1200,1304,1256,canneal_halfcache
13819,9482,9296,9476,9295,9332,9137,9383,10439,9222,9288,8750,9575,9560,9357,9708,5123,925,905,899,970,891,939,916,1826,639,857,918,858,970,874,945,5033,895,897,915,826,867,915,896,1832,606,947,874,901,951,885,913,5152,940,932,888,948,1003,946,945,1800,637,943,947,951,944,911,955,5051,866,963,923,953,951,983,950,1878,652,987,908,896,975,915,932,5118,904,981,895,1040,987,1027,949,1991,651,929,926,981,892,841,915,5053,863,984,937,868,992,963,954,1812,697,864,953,999,986,958,909,5138,884,854,957,901,954,965,932,1888,691,946,920,884,925,957,935,5150,980,1042,1011,955,988,1005,1045,1925,665,984,869,968,961,923,960,5174,868,915,915,879,924,900,959,1916,602,923,851,975,848,953,914,5159,1072,1056,1028,1043,962,974,984,2014,792,1060,1023,1075,1086,1053,1076,4771,916,906,926,946,979,987,911,1860,634,925,940,839,936,952,935,5216,918,957,904,895,1019,1042,900,2103,662,907,910,947,984,872,928,5242,881,912,890,1012,1010,969,952,1846,661,862,932,921,981,982,942,5090,926,969,946,946,982,887,809,1787,649,914,852,911,893,909,848,5348,931,957,1008,978,1035,968,980,1962,756,971,910,947,966,1044,1009,canneal_halfcache
21329,14532,14282,14461,14355,14494,14586,14357,14495,14851,14722,14165,14668,14343,14628,14701,7892,1419,1348,1536,1445,1423,1495,1437,1470,1757,1364,1374,1501,1432,1535,1539,7806,1376,1328,1413,1351,1442,1349,1303,1454,1751,1362,1460,1465,1385,1411,1447,7977,1439,1438,1503,1388,1280,1387,1502,1378,1785,1375,1456,1553,1424,1466,1537,7900,1448,1411,1486,1313,1534,1473,1409,1519,1921,1408,1405,1557,1497,1553,1588,8036,1424,1565,1519,1443,1466,1438,1489,1533,1917,1439,1515,1520,1495,1470,1569,7980,1436,1501,1522,1550,1531,1459,1639,1402,1822,1554,1423,1554,1483,1577,1636,7838,1437,1478,1445,1454,1428,1448,1447,1395,1786,1411,1353,1481,1378,1369,1572,8015,1473,1379,1511,1438,1512,1456,1457,1453,1758,1495,1437,1525,1395,1521,1562,8018,1443,1395,1553,1506,1484,1497,1464,1479,1767,1522,1468,1634,1469,1513,1441,8324,1684,1612,1691,1610,1673,1725,1618,1651,2008,1613,1500,1663,1688,1644,1653,8001,1540,1517,1678,1395,1450,1573,1403,1435,2014,1517,1471,1573,1475,1560,1632,7953,1413,1462,1450,1510,1536,1472,1465,1499,1894,1523,1483,1582,1525,1518,1626,7906,1434,1438,1445,1398,1420,1436,1432,1455,1809,1466,1531,1534,1425,1485,1481,8013,1362,1502,1442,1410,1510,1417,1450,1470,1714,1439,1485,1462,1419,1373,1593,8033,1522,1527,1502,1497,1543,1515,1564,1485,1877,1454,1432,1572,1506,1569,1539,canneal_halfcache
23108,15995,15756,15652,15999,15924,15936,15715,15903,15660,16065,15698,15564,15643,16088,15669,8821,1533,1607,1608,1497,1486,1440,1443,1573,1483,1571,1543,1622,1545,1626,1587,8674,1502,1616,1603,1540,1398,1485,1525,1535,1574,1492,1594,1608,1539,1622,1634,8583,1534,1569,1605,1567,1550,1466,1600,1597,1681,1581,1473,1618,1655,1672,1670,8989,1629,1652,1719,1635,1502,1557,1670,1560,1567,1557,1669,1636,1614,1682,1670,8961,1696,1726,1705,1695,1564,1705,1563,1636,1672,1525,1622,1724,1620,1753,1663,8972,1597,1807,1732,1633,1561,1526,1752,1644,1747,1621,1662,1686,1646,1668,1542,8662,1620,1632,1640,1715,1437,1454,1637,1554,1538,1626,1577,1638,1473,1760,1676,8807,1668,1628,1631,1606,1469,1504,1630,1592,1608,1597,1592,1640,1679,1677,1649,8704,1563,1783,1686,1616,1556,1563,1757,1546,1697,1590,1576,1577,1449,1707,1665,9202,1897,1968,1895,1763,1702,1864,1795,1833,1782,1738,1848,1895,1770,1786,1785,8805,1617,1863,1669,1715,1530,1592,1631,1639,1662,1549,1674,1615,1598,1723,1693,8775,1657,1711,1719,1702,1481,1456,1552,1665,1531,1556,1550,1540,1633,1670,1575,8732,1539,1571,1669,1643,1519,1494,1667,1637,1649,1541,1666,1547,1486,1742,1683,8949,1693,1643,1694,1549,1528,1627,1613,1568,1718,1566,1509,1521,1672,1656,1626,8649,1683,1741,1632,1650,1568,1532,1742,1605,1641,1548,1623,1670,1670,1595,1674,canneal_halfcache
0,0,0,0,0,0,0,0,0,0,0,0,0,0,0,0,0,0,0,0,0,0,0,0,0,0,0,0,0,0,0,0,0,0,0,0,0,0,0,0,0,0,0,0,0,0,0,0,0,0,0,0,0,0,0,0,0,0,0,0,0,0,0,0,0,0,0,0,0,0,0,0,0,0,0,0,0,0,0,0,0,0,0,0,0,0,0,0,0,0,0,0,0,0,0,0,0,0,0,0,0,0,0,0,0,0,0,0,0,0,0,0,0,0,0,0,0,0,0,0,0,0,0,0,0,0,0,0,0,0,0,0,0,0,0,0,0,0,0,0,0,0,0,0,0,0,0,0,0,0,0,0,0,0,0,0,0,0,0,0,0,0,0,0,0,0,0,0,0,0,0,0,0,0,0,0,0,0,0,0,0,0,0,0,0,0,0,0,0,0,0,0,0,0,0,0,0,0,0,0,0,0,0,0,0,0,0,0,0,0,0,0,0,0,0,0,0,0,0,0,0,0,0,0,0,0,0,0,0,0,0,0,0,0,0,0,0,0,0,0,0,0,0,0,0,0,0,0,0,0,0,0,0,0,0,0,canneal_halfcache
23990,16278,16134,16458,16314,16524,16113,16279,16077,16271,16064,16032,16345,15965,15819,16237,8922,1582,1572,1656,1674,1705,1725,1577,1528,1775,1535,1680,1506,1660,1579,1645,8845,1619,1566,1580,1552,1663,1622,1520,1504,1703,1547,1628,1570,1544,1526,1559,9015,1640,1596,1690,1583,1687,1570,1525,1651,1675,1766,1589,1674,1652,1614,1672,9088,1587,1699,1711,1667,1730,1640,1583,1625,1711,1674,1610,1656,1599,1572,1745,9127,1707,1651,1776,1742,1671,1557,1694,1677,1812,1723,1717,1670,1648,1607,1722,8965,1625,1670,1592,1770,1774,1546,1521,1675,1767,1641,1641,1753,1561,1636,1675,8949,1650,1690,1738,1649,1651,1573,1501,1577,1832,1573,1687,1688,1646,1520,1678,8918,1628,1612,1669,1600,1621,1556,1652,1507,1838,1674,1793,1530,1659,1519,1690,8957,1652,1673,1649,1626,1721,1624,1608,1710,1720,1684,1696,1742,1792,1684,1781,9194,1853,1832,1949,1866,1821,1682,1859,1673,1874,1842,1842,1829,1804,1886,1881,8932,1599,1674,1748,1687,1728,1589,1705,1590,1750,1691,1700,1743,1719,1687,1738,9182,1712,1746,1739,1768,1766,1677,1821,1582,1798,1586,1714,1555,1628,1512,1698,8923,1599,1649,1746,1717,1624,1627,1567,1656,1650,1535,1592,1624,1666,1516,1739,8686,1626,1675,1793,1579,1645,1618,1603,1548,1612,1633,1633,1500,1667,1525,1683,8924,1682,1592,1722,1711,1766,1721,1661,1646,1744,1683,1739,1560,1512,1585,1660,canneal_halfcache
24386,16693,16474,16572,16811,16649,16847,16994,16586,16309,16205,16299,16899,17002,16515,16527,9148,1624,1594,1587,1571,1692,1689,1624,1686,1658,1556,1684,1705,1653,1618,1640,9002,1513,1685,1666,1651,1714,1675,1649,1536,1532,1537,1694,1644,1716,1662,1513,8970,1672,1760,1672,1600,1669,1731,1698,1736,1486,1612,1571,1687,1795,1589,1654,9230,1676,1749,1700,1709,1785,1747,1723,1696,1792,1623,1688,1800,1800,1696,1648,9111,1828,1744,1739,1782,1718,1795,1768,1748,1593,1528,1714,1749,1806,1810,1667,9365,1685,1729,1775,1761,1774,1681,1801,1700,1726,1673,1816,1701,1757,1767,1689,9279,1646,1740,1797,1688,1814,1752,1667,1587,1687,1670,1649,1740,1753,1863,1559,9086,1632,1642,1639,1720,1725,1695,1644,1553,1761,1772,1821,1681,1755,1730,1650,9092,1718,1669,1652,1656,1707,1744,1806,1676,1726,1613,1670,1680,1745,1666,1663,9094,1744,1916,1886,1860,1774,1880,1797,1736,1866,1838,1977,1878,2057,1898,1772,8934,1721,1686,1697,1692,1644,1660,1600,1619,1806,1712,1726,1714,1847,1730,1644,9284,1756,1799,1686,1667,1699,1800,1659,1695,1758,1695,1783,1740,1773,1685,1733,9247,1667,1749,1685,1764,1691,1767,1737,1735,1752,1640,1727,1811,1681,1735,1669,8984,1606,1584,1598,1638,1705,1665,1669,1654,1605,1585,1726,1648,1707,1664,1589,9177,1712,1692,1795,1799,1772,1774,1765,1671,1723,1604,1808,1737,1791,1701,1681,canneal_halfcache
23857,15920,15891,16008,15880,16492,15671,16252,16282,16124,16405,15647,16262,16063,16297,16391,8670,1445,1558,1542,1575,1600,1621,1477,1642,1639,1632,1598,1588,1607,1553,1615,8649,1433,1618,1537,1576,1620,1592,1574,1631,1703,1561,1491,1468,1620,1706,1553,8618,1518,1588,1568,1558,1740,1602,1620,1644,1638,1547,1490,1669,1607,1680,1569,8627,1569,1576,1518,1617,1821,1680,1565,1697,1638,1567,1650,1655,1679,1707,1633,8901,1583,1638,1641,1663,1732,1678,1593,1675,1788,1661,1678,1715,1705,1880,1705,8625,1640,1581,1503,1694,1706,1690,1673,1661,1716,1699,1622,1688,1579,1729,1710,8788,1680,1630,1567,1623,1725,1636,1482,1692,1678,1682,1531,1649,1586,1741,1663,8920,1664,1575,1724,1625,1699,1654,1628,1671,1676,1677,1606,1515,1578,1726,1734,8845,1556,1571,1623,1756,1651,1622,1676,1628,1612,1691,1696,1655,1626,1797,1714,9170,1777,1790,1935,2036,1945,1829,1944,1956,1889,1752,1837,1934,1948,2009,1947,8664,1728,1661,1730,1617,1726,1689,1696,1693,1738,1725,1619,1762,1631,1807,1729,8854,1647,1642,1679,1647,1734,1818,1732,1604,1578,1624,1697,1561,1610,1737,1600,8868,1598,1660,1598,1639,1768,1598,1676,1636,1636,1530,1587,1654,1513,1722,1691,8850,1530,1663,1640,1667,1690,1615,1725,1686,1636,1577,1604,1581,1620,1690,1566,8968,1632,1658,1780,1689,1765,1675,1645,1728,1819,1587,1619,1727,1523,1768,1709,canneal_halfcache
23809,16468,15993,16113,16312,16539,16177,16113,16287,16419,16327,16154,16357,16456,16220,16611,8995,1589,1662,1639,1586,1620,1599,1635,1563,1755,1590,1574,1547,1611,1667,1682,8731,1596,1619,1612,1642,1638,1541,1646,1603,1599,1477,1497,1490,1636,1578,1608,8728,1622,1612,1652,1721,1546,1702,1605,1582,1570,1641,1590,1593,1611,1626,1746,9027,1633,1712,1759,1675,1773,1660,1632,1583,1725,1620,1625,1654,1648,1727,1674,8982,1641,1865,1741,1735,1770,1770,1766,1614,1745,1757,1690,1722,1735,1655,1795,8869,1595,1677,1739,1772,1656,1741,1752,1602,1627,1688,1687,1650,1577,1699,1789,8960,1733,1659,1651,1755,1634,1731,1672,1583,1617,1621,1498,1531,1589,1617,1620,8987,1691,1654,1696,1686,1575,1736,1653,1557,1702,1612,1601,1650,1729,1702,1668,8971,1649,1625,1772,1651,1735,1676,1620,1693,1722,1630,1632,1683,1691,1745,1766,9118,1954,1863,1845,1907,1868,1901,1848,1768,1816,1877,1869,1789,1804,1873,1722,8967,1791,1729,1647,1640,1796,1691,1736,1623,1684,1711,1692,1701,1666,1783,1860,8808,1707,1673,1737,1674,1723,1641,1702,1725,1756,1599,1669,1689,1698,1699,1837,8971,1650,1649,1721,1747,1834,1746,1676,1644,1772,1652,1624,1565,1651,1702,1833,8801,1543,1669,1642,1662,1618,1686,1615,1646,1549,1571,1582,1578,1745,1608,1696,9012,1606,1800,1697,1696,1792,1791,1713,1674,1736,1663,1708,1766,1790,1768,1776,canneal_halfcache
23693,15914,15811,16352,16111,16110,16209,16212,16380,15988,16196,16137,16306,16189,16241,16350,8744,1501,1477,1699,1621,1673,1580,1533,1513,1671,1593,1680,1624,1583,1611,1640,8624,1536,1485,1648,1539,1488,1653,1579,1570,1595,1525,1516,1614,1683,1547,1629,8903,1559,1603,1562,1617,1592,1685,1641,1556,1671,1704,1571,1721,1665,1639,1744,8768,1661,1573,1637,1663,1639,1621,1599,1565,1727,1589,1606,1671,1779,1668,1791,8805,1603,1547,1645,1675,1636,1795,1623,1593,1629,1663,1670,1662,1734,1730,1820,8900,1691,1657,1567,1706,1700,1645,1628,1660,1655,1702,1775,1635,1774,1758,1781,8938,1636,1652,1564,1688,1655,1716,1495,1600,1686,1643,1632,1643,1671,1688,1725,8842,1682,1590,1738,1585,1662,1663,1684,1633,1777,1716,1563,1741,1712,1690,1767,8731,1663,1512,1701,1636,1683,1696,1594,1575,1682,1672,1695,1647,1732,1607,1759,8963,1937,1779,1936,1819,1865,1773,1824,1811,1864,1832,1864,1851,1815,1832,2027,8854,1669,1717,1704,1661,1732,1726,1642,1651,1759,1699,1611,1804,1671,1648,1807,8819,1635,1638,1725,1663,1665,1671,1622,1579,1658,1691,1635,1726,1614,1640,1833,8857,1675,1488,1539,1587,1649,1652,1625,1548,1757,1630,1644,1648,1664,1685,1750,8857,1752,1609,1582,1623,1610,1536,1545,1559,1687,1632,1616,1566,1669,1649,1626,9079,1710,1673,1739,1679,1866,1768,1640,1664,1765,1674,1645,1742,1862,1723,1674,canneal_halfcache
23867,16034,15852,15774,16208,16266,16148,16112,16100,16026,15917,15721,16414,16019,15942,16354,8853,1530,1643,1629,1520,1528,1744,1662,1570,1609,1559,1499,1682,1537,1591,1662,8634,1590,1537,1438,1622,1506,1598,1507,1548,1559,1510,1617,1677,1583,1538,1569,8745,1514,1647,1565,1606,1474,1711,1568,1568,1630,1654,1645,1670,1572,1569,1645,8816,1571,1627,1601,1545,1640,1801,1708,1702,1723,1680,1578,1801,1612,1657,1688,9064,1592,1747,1683,1699,1581,1736,1663,1770,1721,1732,1698,1945,1668,1590,1746,8829,1537,1665,1636,1601,1633,1713,1695,1671,1828,1610,1634,1862,1712,1614,1754,8885,1500,1532,1658,1530,1589,1672,1656,1697,1625,1670,1603,1826,1720,1673,1621,8798,1558,1740,1573,1620,1586,1618,1601,1612,1618,1706,1592,1700,1644,1718,1608,8701,1607,1725,1712,1574,1619,1575,1776,1609,1671,1659,1759,1705,1693,1695,1709,8882,1642,1801,1785,1916,1693,1813,1872,1769,1866,1846,1839,2030,1799,1903,1726,8668,1476,1718,1687,1621,1586,1803,1818,1666,1714,1529,1766,1793,1679,1615,1740,9044,1600,1732,1695,1725,1572,1708,1663,1702,1611,1635,1747,1581,1673,1647,1673,8826,1536,1685,1655,1646,1521,1749,1648,1550,1657,1601,1592,1740,1607,1594,1709,8872,1526,1688,1626,1573,1527,1642,1606,1599,1590,1584,1551,1737,1631,1494,1693,9147,1492,1694,1687,1718,1574,1682,1758,1631,1713,1711,1585,1839,1732,1728,1726,canneal_halfcache
24818,16588,16584,16825,16845,16718,16574,16681,16158,16016,16155,15942,16619,16517,16781,16962,9110,1601,1642,1678,1641,1672,1637,1655,1709,1670,1662,1678,1645,1636,1691,1750,9055,1751,1648,1702,1729,1598,1547,1711,1655,1611,1603,1521,1607,1513,1698,1641,9313,1670,1698,1620,1771,1574,1625,1745,1638,1669,1659,1574,1632,1721,1714,1660,9299,1692,1905,1619,1753,1728,1514,1757,1720,1671,1687,1727,1679,1687,1769,1757,9319,1875,1758,1744,1621,1685,1662,1818,1654,1684,1691,1717,1740,1825,1649,1757,9025,1708,1903,1720,1768,1730,1714,1861,1710,1703,1720,1669,1786,1720,1620,1619,9120,1826,1849,1724,1751,1666,1723,1773,1660,1655,1760,1637,1601,1696,1648,1618,8956,1789,1752,1600,1756,1565,1667,1753,1582,1637,1661,1596,1626,1534,1686,1645,8759,1773,1689,1655,1724,1677,1508,1694,1717,1684,1694,1655,1784,1727,1676,1760,9158,2007,1972,1761,1905,1877,1794,2023,1802,1844,1711,1849,2005,1879,1735,1754,8775,1717,1750,1639,1771,1584,1704,1824,1669,1794,1603,1677,1743,1766,1691,1670,9199,1771,1771,1704,1671,1584,1598,1728,1684,1598,1712,1663,1783,1669,1686,1653,9075,1741,1750,1654,1717,1593,1557,1804,1545,1593,1618,1693,1654,1709,1653,1637,9055,1685,1753,1580,1679,1603,1597,1758,1600,1653,1615,1601,1662,1697,1687,1672,9320,1826,1728,1735,1907,1717,1661,1738,1664,1687,1750,1712,1780,1774,1737,1745,canneal_halfcache
25278,15904,15609,15880,15958,16068,16156,15923,16110,15794,15841,15631,16431,15932,16114,15649,8612,1660,1600,1520,1522,1563,1769,1540,1477,1651,1545,1488,1660,1621,1605,1514,8476,1691,1526,1502,1460,1461,1706,1429,1553,1529,1493,1509,1525,1485,1508,1445,8665,1678,1602,1495,1480,1704,1592,1576,1582,1641,1640,1529,1613,1577,1519,1651,8721,1767,1513,1568,1625,1537,1545,1729,1555,1702,1587,1654,1629,1473,1643,1517,8769,1807,1677,1646,1477,1571,1750,1636,1551,1649,1627,1666,1745,1586,1663,1617,8695,1701,1657,1628,1547,1617,1629,1703,1624,1596,1615,1475,1738,1598,1683,1565,8672,1583,1513,1564,1511,1573,1729,1593,1552,1541,1688,1562,1651,1591,1612,1518,8811,1639,1663,1711,1540,1621,1679,1652,1606,1546,1570,1549,1716,1531,1760,1470,8743,1574,1654,1575,1618,1597,1665,1629,1581,1771,1702,1551,1745,1562,1737,1613,8873,1737,1777,1784,1631,1804,1789,1742,1816,1661,1729,1781,1923,1812,1813,1814,8686,1583,1566,1662,1682,1747,1682,1805,1607,1627,1665,1589,1807,1675,1678,1577,9045,1601,1689,1716,1601,1667,1639,1616,1629,1552,1704,1478,1657,1598,1611,1633,8769,1664,1572,1649,1533,1552,1705,1614,1510,1512,1701,1515,1593,1669,1626,1508,8904,1728,1598,1587,1537,1480,1573,1559,1594,1623,1729,1476,1732,1555,1590,1664,8651,1654,1608,1478,1595,1601,1719,1559,1594,1611,1695,1669,1719,1517,1585,1519,canneal_halfcache
23521,16223,15868,15811,16163,15957,15957,15831,15836,16043,15791,15529,16186,15930,15913,15558,8767,1599,1587,1642,1659,1543,1822,1608,1626,1691,1595,1611,1644,1566,1593,1591,8640,1577,1477,1542,1545,1508,1718,1523,1560,1507,1615,1556,1554,1647,1496,1511,8643,1577,1573,1481,1487,1494,1749,1514,1504,1616,1643,1673,1589,1659,1639,1676,8685,1624,1562,1653,1658,1675,1762,1641,1664,1753,1575,1671,1678,1554,1602,1653,8848,1588,1604,1664,1744,1673,1863,1657,1641,1695,1671,1571,1691,1581,1571,1652,8763,1664,1698,1789,1724,1703,1972,1724,1694,1800,1760,1845,1668,1849,1819,1653,8682,1595,1671,1504,1603,1627,1806,1616,1629,1591,1605,1560,1629,1645,1616,1597,8663,1506,1658,1612,1509,1647,1736,1652,1649,1740,1562,1565,1580,1580,1609,1633,8840,1788,1648,1698,1714,1651,1888,1720,1691,1756,1626,1655,1679,1848,1716,1597,8905,1803,1827,1840,1980,1981,2063,1932,1830,1911,1841,1836,1690,1779,1805,1897,8498,1629,1613,1758,1693,1643,1800,1731,1629,1615,1727,1656,1637,1775,1562,1654,8814,1697,1742,1704,1586,1734,1779,1625,1654,1574,1627,1637,1541,1701,1581,1532,8662,1709,1540,1525,1608,1656,1731,1612,1663,1646,1569,1605,1499,1633,1650,1558,8688,1637,1563,1612,1607,1707,1853,1672,1600,1648,1521,1599,1634,1636,1577,1587,8616,1562,1674,1734,1638,1610,1765,1568,1658,1763,1664,1589,1633,1693,1652,1744,canneal_halfcache
24144,16585,16482,16351,16592,16339,16213,16057,16358,16546,16142,16363,16608,16303,16328,16509,9084,1597,1663,1618,1665,1667,1557,1648,1712,1728,1512,1700,1648,1564,1746,1735,8994,1647,1557,1656,1631,1612,1620,1587,1669,1677,1513,1557,1676,1576,1704,1709,8856,1636,1565,1656,1727,1616,1662,1696,1746,1711,1471,1700,1645,1561,1730,1761,9068,1671,1730,1625,1696,1640,1748,1739,1739,1693,1541,1814,1714,1696,1744,1683,9166,1836,1716,1674,1640,1654,1773,1689,1731,1749,1609,1737,1752,1667,1773,1766,8888,1744,1696,1719,1713,1640,1797,1692,1774,1756,1639,1842,1648,1756,1767,1868,8749,1583,1613,1701,1720,1662,1701,1678,1640,1646,1542,1761,1685,1565,1720,1773,8897,1756,1653,1699,1631,1699,1689,1714,1581,1577,1628,1777,1636,1552,1704,1847,9151,1913,1869,1810,1828,1725,1879,1792,1855,1756,1561,1736,1789,1763,1796,1877,9239,1976,2086,1914,2049,1942,2059,2008,1998,1884,1775,1854,1975,1890,1984,1929,9017,1756,1901,1653,1776,1724,1766,1730,1707,1691,1502,1698,1690,1637,1778,1703,9011,1679,1733,1753,1720,1720,1662,1664,1741,1683,1633,1671,1715,1656,1803,1706,8889,1643,1560,1612,1643,1634,1729,1614,1676,1697,1625,1792,1656,1610,1772,1611,8877,1674,1675,1673,1722,1691,1734,1706,1735,1689,1600,1759,1699,1629,1790,1757,8988,1747,1650,1846,1838,1740,1771,1764,1879,1909,1598,1769,1709,1712,1768,1852,canneal_halfcache
2490,2020,1904,2161,2018,2008,1827,1890,1906,3992,2108,3088,2956,2117,2017,3673,177,31,32,99,61,37,30,27,33,1950,243,1038,826,129,41,1299,148,30,26,89,49,27,28,23,23,1840,221,1047,821,141,31,1162,222,28,32,91,71,37,24,29,32,1722,215,1052,854,146,66,1372,181,32,32,128,54,35,23,28,35,1751,197,1092,902,134,40,1341,180,31,35,85,45,42,29,29,36,1931,189,1147,923,137,41,1436,97,23,24,73,33,26,22,24,27,1683,179,1031,884,106,25,1242,110,19,20,68,35,23,19,20,22,1634,209,1098,845,123,25,1237,138,28,28,79,49,33,25,28,30,1599,215,1068,900,126,36,1211,155,57,58,130,79,67,40,37,52,1634,250,1172,1026,250,65,1430,115,34,30,83,60,42,31,28,37,1836,221,1107,899,138,42,1387,113,30,30,71,45,33,26,29,31,1730,185,1101,883,117,32,1334,141,37,32,125,53,34,29,25,39,1801,194,1147,874,150,56,1384,188,36,35,133,60,39,25,29,37,1752,192,974,909,131,68,1398,205,24,28,158,34,26,21,21,24,1745,186,1014,835,147,31,1354,245,46,47,159,79,44,32,33,44,2085,247,1212,1070,166,78,1440,canneal_halfcache
23833,16689,16373,16019,16529,16103,16551,16581,16193,16439,16071,16308,16886,16202,16297,16578,9129,1688,1649,1603,1713,1671,1768,1736,1700,1648,1583,1642,1626,1481,1516,1514,9005,1704,1615,1580,1571,1666,1578,1565,1621,1596,1476,1533,1614,1489,1478,1632,8758,1662,1665,1594,1643,1681,1666,1588,1614,1654,1560,1597,1623,1474,1523,1621,9104,1711,1617,1724,1680,1728,1776,1619,1771,1710,1656,1680,1693,1552,1521,1720,8962,1723,1621,1814,1817,1654,1784,1765,1668,1759,1619,1539,1687,1597,1616,1607,9103,1787,1620,1701,1776,1661,1635,1824,1681,1673,1669,1777,1729,1469,1570,1682,9038,1686,1714,1671,1692,1666,1657,1581,1586,1721,1682,1493,1686,1530,1591,1727,8873,1637,1679,1654,1719,1681,1729,1678,1592,1660,1577,1615,1638,1503,1642,1688,9112,1752,1906,1864,1788,1843,1766,1865,1757,1786,1696,1689,1868,1730,1621,1713,9240,1999,1990,2128,2068,2005,2045,2110,1989,1817,1733,1911,1961,1824,1878,2032,9022,1730,1829,1784,1653,1678,1841,1819,1691,1685,1695,1653,1629,1542,1626,1754,9253,1640,1777,1831,1653,1661,1824,1846,1669,1704,1699,1691,1607,1548,1661,1722,9020,1751,1580,1614,1743,1668,1718,1663,1608,1708,1618,1536,1678,1575,1620,1593,8912,1774,1683,1604,1671,1597,1769,1664,1692,1694,1551,1632,1722,1521,1557,1761,9209,1790,1749,1752,1835,1830,1820,1849,1864,1744,1603,1747,1878,1652,1680,1741,canneal_halfcache
24564,16744,16892,16691,16255,16871,16572,16424,16627,16683,16352,15990,16749,16267,16727,16831,9088,1677,1643,1620,1682,1708,1596,1695,1621,1607,1663,1530,1671,1735,1691,1679,9111,1583,1592,1688,1642,1632,1624,1716,1730,1582,1678,1488,1520,1542,1619,1576,9092,1689,1683,1675,1738,1758,1650,1614,1679,1569,1589,1559,1670,1676,1619,1568,8913,1612,1649,1619,1622,1793,1638,1635,1693,1681,1557,1617,1542,1669,1654,1651,9370,1728,1675,1782,1706,1852,1693,1685,1757,1759,1708,1596,1687,1774,1736,1820,9202,1782,1760,1733,1749,1691,1612,1733,1711,1651,1728,1628,1673,1692,1742,1694,8868,1714,1559,1695,1706,1710,1609,1554,1649,1646,1742,1562,1527,1751,1730,1706,9069,1802,1693,1713,1818,1789,1679,1504,1725,1617,1734,1566,1599,1643,1647,1668,9259,1773,1845,1861,1892,1770,1715,1764,1840,1740,1747,1760,1715,1758,1842,1794,9388,1999,2064,2018,2025,2064,1972,2014,2087,2010,1932,1911,1813,1871,2124,1996,8988,1634,1729,1703,1770,1909,1726,1700,1651,1692,1689,1686,1562,1749,1615,1646,9230,1734,1648,1721,1703,1715,1734,1641,1749,1673,1643,1622,1635,1802,1656,1707,8979,1730,1616,1707,1796,1609,1660,1542,1589,1703,1578,1577,1635,1684,1620,1640,9196,1943,1695,1779,1773,1743,1702,1668,1670,1653,1707,1590,1676,1690,1646,1571,9304,1850,1918,1813,1806,1901,1822,1759,1775,1726,1740,1657,1726,1882,1709,1845,canneal_halfcache
24064,16389,16115,16497,16095,16080,15682,16181,15944,16340,16155,16085,16210,16372,16353,16211,9000,1584,1592,1635,1603,1612,1617,1677,1550,1640,1541,1489,1561,1594,1590,1611,8913,1696,1519,1596,1493,1510,1528,1608,1575,1507,1516,1401,1553,1665,1577,1548,9066,1691,1635,1734,1660,1600,1575,1638,1572,1676,1647,1549,1528,1669,1495,1665,9047,1662,1585,1671,1523,1735,1602,1653,1550,1730,1616,1567,1597,1629,1576,1691,8864,1835,1722,1660,1596,1646,1647,1683,1666,1662,1594,1578,1644,1666,1574,1652,8694,1729,1672,1608,1534,1581,1675,1672,1616,1636,1539,1581,1591,1635,1587,1555,8696,1695,1565,1682,1548,1503,1646,1688,1625,1597,1569,1565,1579,1622,1586,1606,8726,1778,1588,1671,1533,1531,1603,1698,1607,1569,1605,1529,1507,1635,1496,1509,9169,1857,1744,1787,1692,1823,1702,1732,1659,1722,1710,1625,1649,1800,1763,1778,9238,2066,1892,2026,1865,1866,1856,2051,1961,1958,1983,1898,1842,1961,1964,2051,8983,1853,1602,1881,1610,1666,1704,1741,1572,1676,1707,1606,1639,1820,1569,1747,9051,1671,1619,1736,1605,1701,1649,1695,1675,1543,1623,1468,1552,1711,1543,1572,8995,1771,1649,1657,1574,1679,1659,1738,1712,1627,1629,1489,1520,1663,1578,1642,9052,1686,1604,1823,1603,1633,1619,1690,1594,1500,1561,1508,1505,1671,1628,1777,9084,1781,1693,1816,1641,1629,1721,1789,1774,1697,1731,1682,1580,1758,1818,1707,canneal_halfcache
23683,15869,16004,16370,15940,16616,16299,16258,16342,16414,16362,16144,16772,16630,16550,16695,8707,1491,1641,1631,1557,1580,1501,1648,1576,1598,1682,1558,1651,1630,1567,1536,8751,1540,1562,1544,1437,1539,1495,1599,1507,1507,1578,1555,1604,1618,1493,1602,8985,1591,1589,1689,1512,1740,1487,1686,1608,1567,1639,1625,1674,1630,1590,1709,8820,1630,1568,1606,1464,1637,1608,1672,1770,1635,1666,1617,1710,1626,1582,1612,9316,1612,1750,1716,1568,1809,1700,1657,1637,1652,1769,1701,1815,1717,1633,1676,9123,1684,1754,1759,1587,1653,1619,1674,1683,1635,1678,1701,1785,1728,1637,1706,8795,1590,1635,1645,1677,1691,1571,1614,1603,1708,1613,1650,1601,1589,1532,1724,8936,1751,1663,1703,1536,1598,1628,1668,1532,1547,1611,1587,1707,1745,1617,1606,9134,1734,1816,1827,1699,1846,1772,1696,1732,1749,1648,1820,1745,1838,1707,1716,9169,2019,1965,2077,2052,2057,1954,1939,1947,2103,1933,2055,1918,1970,1919,1981,9037,1861,1797,1697,1690,1671,1683,1688,1658,1691,1756,1637,1725,1706,1572,1760,9111,1621,1802,1569,1617,1783,1712,1636,1594,1691,1654,1704,1655,1754,1613,1660,9084,1674,1650,1653,1600,1670,1664,1628,1541,1690,1656,1699,1629,1671,1499,1838,9146,1675,1634,1664,1582,1652,1576,1712,1668,1686,1618,1780,1684,1630,1541,1665,9334,1667,1718,1771,1786,1852,1720,1705,1612,1816,1771,1702,1748,1715,1720,1688,canneal_halfcache
24094,16434,16051,16022,16307,16576,16193,16202,16277,16097,16351,16255,16306,16195,16268,16822,8980,1576,1605,1599,1649,1671,1581,1600,1669,1620,1617,1495,1569,1630,1545,1622,8777,1467,1384,1678,1629,1600,1482,1517,1540,1526,1526,1523,1595,1571,1412,1643,8652,1497,1572,1607,1695,1591,1687,1512,1493,1686,1487,1644,1539,1553,1532,1656,8854,1630,1643,1714,1638,1713,1700,1636,1582,1546,1565,1634,1640,1616,1525,1694,9122,1692,1703,1725,1735,1718,1623,1548,1749,1619,1684,1654,1769,1700,1570,1714,8922,1678,1620,1725,1684,1775,1719,1582,1691,1496,1624,1740,1705,1642,1488,1721,8880,1602,1657,1661,1582,1655,1704,1466,1662,1482,1560,1698,1693,1534,1464,1625,8924,1571,1633,1676,1692,1717,1604,1630,1623,1552,1495,1700,1682,1592,1521,1642,8910,1763,1767,1703,1758,1713,1666,1752,1670,1715,1596,1743,1764,1707,1693,1801,9229,2118,2043,2092,1999,1966,1871,1897,1853,1785,1966,1954,1997,1878,1868,1896,8992,1705,1758,1732,1710,1650,1737,1606,1709,1624,1641,1732,1665,1737,1537,1673,8880,1663,1640,1672,1749,1664,1605,1594,1705,1645,1565,1582,1744,1694,1628,1594,8941,1715,1633,1653,1508,1627,1686,1542,1698,1566,1600,1628,1622,1533,1615,1582,9107,1679,1613,1693,1657,1753,1671,1703,1687,1601,1563,1639,1627,1621,1624,1548,9279,1701,1736,1828,1888,1780,1796,1698,1566,1783,1629,1851,1844,1729,1594,1641,canneal_halfcache
24028,16415,16035,16097,15989,16411,16204,16366,16517,16272,16328,16229,16727,16483,16615,16348,8938,1624,1517,1592,1641,1626,1541,1652,1682,1500,1413,1558,1681,1601,1590,1559,8756,1738,1462,1540,1581,1557,1596,1564,1536,1516,1480,1572,1665,1528,1587,1591,8703,1640,1432,1553,1704,1664,1659,1686,1609,1559,1543,1612,1651,1555,1562,1592,8823,1621,1505,1617,1589,1728,1617,1804,1585,1614,1533,1606,1707,1572,1684,1729,9067,1696,1576,1660,1704,1724,1729,1750,1732,1703,1576,1709,1824,1527,1657,1780,8914,1730,1560,1656,1649,1661,1661,1773,1691,1681,1578,1663,1739,1649,1665,1666,8910,1566,1612,1502,1650,1651,1678,1723,1617,1589,1513,1684,1681,1596,1623,1554,9108,1693,1540,1581,1744,1608,1617,1714,1559,1629,1726,1557,1763,1606,1682,1588,9129,1879,1537,1691,1805,1733,1768,1783,1705,1728,1682,1677,1890,1751,1781,1718,9328,2097,1865,2046,1973,2022,1992,2112,1849,1842,1848,1989,2038,1895,1846,1711,8959,1733,1559,1657,1677,1592,1708,1689,1600,1653,1578,1731,1876,1589,1874,1727,9140,1679,1619,1616,1707,1603,1595,1773,1639,1692,1522,1681,1721,1608,1670,1683,8934,1669,1586,1558,1704,1541,1588,1593,1595,1734,1606,1630,1652,1579,1757,1670,9072,1629,1606,1650,1825,1554,1602,1650,1741,1666,1562,1640,1658,1567,1688,1661,8982,1749,1586,1649,1732,1719,1710,1684,1731,1639,1720,1774,1757,1697,1773,1723,canneal_halfcache
24163,16524,16169,16701,16318,16400,16219,16170,16492,16543,16111,15951,16487,16460,16317,16562,9023,1568,1627,1651,1558,1573,1604,1671,1483,1599,1572,1647,1531,1625,1631,1578,8816,1561,1543,1613,1528,1534,1494,1593,1553,1552,1461,1474,1578,1557,1590,1605,9131,1728,1592,1577,1589,1632,1573,1636,1519,1608,1511,1571,1592,1599,1712,1562,8974,1688,1711,1608,1552,1747,1753,1718,1488,1543,1632,1649,1664,1562,1581,1611,9112,1772,1680,1768,1512,1582,1809,1790,1724,1680,1651,1509,1722,1641,1722,1575,9049,1639,1691,1667,1645,1733,1574,1657,1653,1675,1642,1583,1761,1662,1670,1565,8861,1659,1633,1608,1662,1658,1608,1576,1610,1646,1577,1613,1624,1535,1660,1543,9195,1689,1629,1676,1594,1700,1676,1612,1462,1687,1655,1594,1671,1607,1598,1516,9165,1772,1717,1769,1648,1671,1734,1710,1500,1685,1738,1591,1692,1739,1787,1796,9271,1952,1897,1882,1989,1800,2008,2045,1715,1957,1905,1843,1943,1912,1976,1915,8799,1747,1609,1756,1615,1699,1846,1779,1686,1795,1668,1595,1652,1612,1893,1730,9083,1690,1691,1698,1614,1635,1683,1734,1615,1663,1534,1659,1541,1563,1744,1701,8986,1554,1646,1601,1597,1630,1649,1667,1603,1643,1449,1621,1699,1691,1667,1595,9002,1605,1651,1706,1572,1598,1655,1639,1512,1739,1576,1659,1791,1591,1608,1521,9168,1753,1693,1748,1727,1751,1727,1706,1700,1731,1627,1670,1775,1696,1735,1709,canneal_halfcache
23957,16329,15660,16295,16020,16131,16014,15996,16281,16247,16261,16126,16020,16345,16318,16499,8725,1527,1581,1610,1628,1607,1690,1497,1585,1583,1617,1597,1609,1586,1666,1607,8480,1560,1443,1531,1599,1590,1541,1472,1516,1562,1608,1455,1536,1434,1581,1537,8808,1597,1614,1498,1497,1625,1527,1508,1538,1662,1578,1475,1555,1541,1572,1568,8736,1670,1596,1645,1501,1726,1643,1595,1638,1680,1667,1555,1624,1628,1625,1688,8734,1855,1639,1609,1709,1627,1657,1617,1660,1734,1579,1549,1670,1647,1702,1600,8678,1809,1557,1582,1639,1654,1663,1541,1623,1705,1609,1595,1704,1620,1595,1667,8609,1606,1535,1575,1585,1718,1664,1593,1561,1592,1594,1602,1638,1654,1614,1604,8761,1684,1647,1465,1667,1686,1618,1552,1539,1517,1573,1667,1562,1644,1695,1687,8877,1779,1661,1741,1681,1778,1650,1746,1682,1767,1670,1701,1652,1596,1853,1782,9005,2193,1969,1873,1885,1848,1905,2003,1804,1913,1825,1954,1833,1865,2123,1958,8807,1719,1752,1543,1628,1662,1645,1649,1641,1634,1749,1618,1658,1648,1746,1769,8667,1682,1629,1553,1631,1657,1610,1541,1483,1631,1655,1579,1614,1672,1645,1673,8901,1658,1685,1544,1639,1707,1658,1611,1540,1585,1549,1577,1618,1516,1747,1666,8825,1611,1635,1538,1589,1621,1626,1605,1618,1627,1539,1551,1605,1631,1698,1600,8927,1849,1820,1725,1732,1732,1642,1695,1734,1702,1684,1637,1681,1708,1726,1634,canneal_halfcache
23684,16423,16321,16206,16294,16185,16214,16295,16675,16454,16264,16165,16516,16608,16001,16429,8956,1541,1605,1677,1683,1612,1463,1596,1635,1538,1518,1462,1800,1494,1613,1577,8882,1567,1523,1620,1594,1615,1504,1611,1631,1585,1533,1475,1529,1432,1482,1622,8855,1633,1679,1566,1662,1578,1451,1498,1571,1576,1571,1580,1548,1479,1621,1553,8993,1629,1618,1600,1583,1631,1462,1656,1612,1645,1586,1717,1708,1471,1622,1563,8912,1623,1708,1733,1789,1697,1474,1706,1611,1579,1583,1677,1649,1623,1577,1594,9012,1662,1662,1767,1675,1716,1441,1653,1623,1610,1596,1609,1747,1635,1651,1651,8892,1734,1597,1576,1651,1534,1518,1544,1638,1624,1599,1669,1628,1571,1636,1607,9156,1552,1708,1640,1688,1665,1518,1658,1598,1658,1703,1710,1745,1659,1620,1597,9183,1663,1723,1777,1705,1743,1637,1661,1642,1698,1677,1730,1852,1643,1680,1785,9236,1832,1958,1945,2121,2007,1829,1955,1839,2038,1938,1895,2088,1745,1839,1931,8856,1626,1683,1724,1717,1680,1579,1595,1755,1712,1621,1688,1725,1676,1594,1695,8998,1605,1767,1836,1764,1606,1544,1637,1556,1654,1652,1689,1697,1673,1485,1654,9169,1600,1701,1708,1572,1697,1487,1688,1633,1761,1621,1653,1677,1496,1528,1566,8888,1703,1553,1608,1667,1591,1485,1652,1539,1644,1656,1608,1618,1655,1529,1641,9220,1728,1728,1722,1738,1742,1638,1659,1703,1646,1675,1759,1704,1668,1623,1651,canneal_halfcache
24043,16326,16030,16410,16359,16302,16234,16334,16351,16526,16187,16448,16532,16487,16435,16811,8961,1551,1646,1540,1616,1613,1553,1544,1611,1570,1538,1610,1645,1599,1566,1596,8700,1591,1474,1529,1581,1610,1568,1504,1438,1480,1432,1643,1598,1501,1501,1553,8891,1630,1539,1532,1676,1602,1518,1545,1623,1599,1500,1563,1666,1527,1615,1644,9042,1665,1539,1667,1630,1696,1658,1623,1635,1641,1626,1700,1756,1632,1603,1724,8953,1800,1685,1622,1676,1685,1649,1653,1702,1555,1545,1657,1707,1599,1674,1759,9037,1688,1656,1616,1756,1813,1636,1593,1661,1670,1765,1627,1635,1611,1650,1696,8919,1749,1561,1658,1615,1663,1586,1558,1555,1448,1602,1473,1631,1628,1533,1685,9051,1714,1542,1635,1640,1759,1662,1668,1652,1537,1641,1676,1676,1513,1602,1606,9240,1848,1669,1704,1757,1849,1683,1727,1651,1711,1693,1775,1825,1571,1783,1730,9228,2018,1963,1955,2133,1890,1790,2030,1899,1954,2000,1860,1883,1761,1785,2015,8936,1758,1653,1715,1784,1797,1653,1639,1677,1656,1710,1648,1689,1641,1663,1784,9013,1758,1725,1646,1684,1808,1648,1669,1700,1572,1588,1569,1643,1585,1560,1670,9009,1596,1683,1558,1621,1716,1672,1655,1646,1617,1619,1615,1730,1598,1664,1737,9056,1590,1623,1602,1750,1708,1612,1672,1578,1705,1607,1700,1622,1673,1686,1689,9331,1798,1758,1606,1739,1763,1629,1722,1722,1654,1662,1758,1712,1736,1758,1753,canneal_halfcache
4642,3195,3235,3231,3172,3243,3206,3194,3233,4973,3230,4133,4231,3228,3202,4120,1435,23,21,29,22,23,17,19,22,1791,27,795,984,22,22,834,1429,19,15,16,22,18,16,14,19,1777,28,873,1035,13,19,806,1458,32,32,36,35,35,34,34,40,1799,50,903,945,35,31,814,1417,31,37,31,30,32,26,29,31,1787,48,877,954,26,24,847,1461,25,24,22,24,20,21,21,25,1783,44,920,1045,18,19,751,1416,19,18,23,18,17,13,17,17,1780,40,921,994,18,14,869,1432,21,15,21,19,17,18,18,22,1779,37,845,1030,17,17,842,1444,26,25,23,27,27,23,24,24,1781,40,862,1032,22,23,878,1455,82,84,82,86,87,85,83,91,1851,97,997,1074,82,79,952,1439,59,61,74,79,62,61,69,70,1841,86,1003,1241,62,62,1019,1514,68,59,72,71,71,63,63,75,1834,79,1007,1237,67,70,963,1518,74,70,79,72,72,65,69,70,1841,99,1092,1060,66,62,1007,1449,59,50,51,46,47,44,50,54,1815,62,872,1021,47,48,922,1401,22,17,22,23,19,14,18,20,1782,69,884,923,23,19,903,1517,83,77,78,84,81,74,73,75,1851,114,1029,1136,74,79,985,canneal_halfcache
24662,16773,16102,16673,16371,16524,16227,16693,16350,16485,16179,16316,16644,16327,16636,16458,9095,1619,1512,1618,1585,1644,1635,1543,1588,1727,1635,1644,1594,1626,1626,1594,8731,1605,1476,1502,1543,1561,1581,1467,1577,1552,1487,1565,1617,1568,1620,1581,9096,1687,1618,1501,1565,1574,1669,1559,1616,1594,1645,1625,1440,1742,1597,1550,9049,1688,1720,1627,1659,1673,1625,1565,1633,1614,1746,1695,1596,1707,1612,1617,9105,1743,1684,1552,1663,1662,1626,1662,1587,1627,1775,1632,1727,1676,1552,1674,8903,1722,1707,1552,1593,1625,1568,1647,1709,1692,1726,1763,1740,1711,1524,1594,9174,1639,1677,1614,1563,1620,1576,1603,1500,1620,1650,1675,1681,1760,1701,1578,8947,1694,1638,1613,1559,1588,1568,1567,1559,1737,1617,1630,1588,1550,1607,1505,9122,1821,1805,1721,1825,1747,1601,1699,1701,1643,1764,1739,1782,1726,1693,1849,9222,1966,1943,1907,1794,2050,1833,1827,1720,1965,1964,1908,2037,1876,1814,1948,8978,1721,1712,1639,1796,1809,1608,1555,1475,1701,1689,1759,1739,1780,1628,1619,9069,1720,1655,1663,1668,1738,1677,1560,1523,1753,1653,1649,1693,1704,1585,1449,8833,1665,1624,1639,1510,1664,1597,1538,1498,1820,1611,1605,1619,1575,1556,1652,9089,1702,1726,1705,1665,1746,1583,1587,1681,1695,1682,1665,1667,1707,1606,1683,9080,1818,1806,1670,1708,1626,1647,1718,1630,1722,1603,1735,1716,1740,1702,1675,canneal_halfcache
24175,16125,15787,16167,16789,16372,16308,16629,16308,16334,16236,15992,17031,16690,16375,16839,8767,1535,1527,1452,1600,1602,1696,1532,1502,1547,1565,1531,1596,1598,1539,1646,8701,1492,1471,1500,1501,1539,1554,1530,1496,1446,1545,1507,1545,1617,1508,1558,8842,1566,1556,1436,1548,1572,1567,1623,1540,1514,1515,1512,1566,1716,1651,1611,9184,1627,1641,1570,1596,1651,1718,1611,1576,1551,1629,1706,1681,1775,1688,1700,9107,1754,1606,1634,1661,1641,1685,1589,1657,1610,1643,1645,1702,1717,1632,1677,8984,1698,1591,1536,1688,1731,1576,1648,1622,1546,1656,1713,1710,1803,1760,1741,9068,1565,1581,1674,1577,1584,1624,1704,1616,1510,1677,1685,1634,1773,1629,1590,8957,1595,1532,1631,1650,1633,1608,1556,1523,1541,1609,1578,1582,1694,1708,1689,9161,1772,1732,1668,1698,1809,1668,1666,1633,1573,1698,1711,1771,1806,1745,1842,9335,1933,1767,1861,1782,1960,1877,2035,1871,1910,1979,1819,1854,1979,1926,2117,8730,1670,1713,1539,1652,1629,1628,1726,1508,1629,1699,1643,1658,1711,1630,1653,9348,1685,1579,1576,1691,1673,1708,1717,1765,1580,1739,1723,1640,1768,1663,1697,9131,1625,1476,1559,1635,1613,1681,1693,1624,1605,1668,1630,1541,1685,1634,1761,8919,1597,1574,1598,1609,1586,1712,1679,1581,1602,1693,1740,1589,1746,1628,1714,9289,1771,1633,1611,1679,1751,1733,1864,1709,1692,1723,1730,1602,1762,1692,1781,canneal_halfcache
24397,16428,16323,15845,16386,16536,16411,16348,16329,16289,16117,16112,16494,16388,16855,16765,8902,1614,1505,1533,1597,1595,1698,1518,1661,1667,1576,1475,1587,1568,1604,1601,8772,1561,1599,1496,1406,1730,1647,1529,1493,1517,1488,1412,1613,1567,1503,1574,8740,1611,1608,1501,1603,1602,1496,1443,1675,1565,1533,1415,1660,1602,1525,1525,8986,1648,1711,1578,1637,1804,1696,1570,1722,1664,1553,1541,1605,1702,1621,1714,8919,1690,1699,1603,1572,1746,1766,1528,1718,1598,1634,1447,1650,1714,1641,1833,9039,1644,1763,1673,1551,1726,1675,1688,1737,1648,1679,1496,1704,1699,1568,1785,8922,1575,1668,1605,1667,1601,1610,1569,1641,1619,1655,1526,1703,1624,1561,1661,8924,1635,1562,1588,1514,1683,1734,1597,1576,1636,1688,1473,1588,1630,1535,1654,8930,1798,1687,1698,1739,1777,1733,1607,1754,1721,1856,1552,1643,1694,1591,1724,9055,2046,1946,1789,1960,2147,1895,1742,1948,1906,1957,1736,1969,1928,1962,1916,8939,1840,1706,1588,1593,1773,1773,1690,1712,1733,1591,1395,1706,1708,1622,1609,9105,1738,1662,1664,1663,1749,1678,1494,1734,1685,1644,1550,1623,1670,1674,1666,8802,1718,1581,1595,1736,1648,1638,1535,1710,1656,1657,1484,1601,1608,1536,1617,9048,1686,1657,1575,1696,1706,1708,1585,1732,1774,1651,1604,1613,1731,1635,1782,9166,1770,1777,1621,1748,1828,1814,1649,1738,1731,1776,1599,1685,1781,1755,1746,canneal_halfcache
23387,16062,15381,15943,16200,16257,15902,16026,15992,16304,15785,15609,16083,15934,15840,15529,8890,1563,1495,1529,1455,1606,1546,1552,1601,1617,1545,1371,1427,1643,1471,1533,8532,1536,1460,1554,1437,1541,1486,1432,1569,1462,1388,1413,1430,1606,1460,1450,8668,1654,1657,1521,1487,1512,1532,1559,1502,1520,1494,1370,1493,1648,1435,1471,9023,1620,1595,1555,1474,1770,1550,1582,1594,1596,1479,1506,1585,1822,1630,1591,8914,1742,1644,1759,1465,1601,1544,1712,1711,1626,1602,1551,1634,1692,1600,1550,8832,1662,1605,1702,1539,1543,1594,1708,1662,1675,1481,1537,1556,1690,1535,1559,8766,1634,1595,1605,1444,1590,1572,1610,1531,1555,1570,1430,1591,1725,1621,1587,8749,1675,1598,1606,1494,1582,1625,1389,1451,1566,1485,1468,1646,1681,1556,1622,9013,1868,1759,1669,1663,1697,1657,1668,1805,1808,1612,1600,1675,1712,1739,1666,9057,2024,1947,1950,1850,1760,1861,1892,1949,1909,1696,1718,1826,1906,1703,1812,8741,1733,1577,1698,1568,1657,1563,1498,1676,1731,1519,1456,1566,1785,1606,1584,8906,1717,1541,1539,1494,1601,1644,1645,1641,1595,1489,1502,1606,1730,1653,1507,8896,1662,1611,1597,1488,1695,1543,1637,1627,1561,1480,1407,1544,1657,1646,1476,8783,1600,1658,1708,1498,1472,1568,1548,1656,1477,1587,1540,1521,1671,1725,1449,8632,1666,1566,1676,1595,1644,1702,1651,1708,1637,1596,1484,1703,1707,1644,1580,canneal_halfcache
24112,16659,16185,16371,16054,16217,16458,16265,16223,16085,15918,16006,16155,16002,16097,16311,9098,1572,1540,1717,1549,1634,1643,1621,1695,1489,1483,1534,1662,1562,1544,1589,8773,1551,1497,1534,1622,1678,1565,1644,1596,1442,1423,1493,1573,1514,1539,1567,8889,1543,1434,1557,1613,1583,1426,1717,1523,1487,1493,1629,1631,1581,1563,1593,8781,1641,1535,1519,1621,1647,1621,1720,1671,1581,1521,1587,1567,1646,1611,1660,8944,1635,1549,1592,1696,1687,1601,1785,1612,1580,1468,1580,1668,1674,1592,1693,9027,1618,1614,1638,1683,1810,1487,1819,1709,1627,1579,1581,1646,1752,1710,1624,8903,1517,1527,1569,1738,1600,1565,1590,1613,1532,1622,1671,1516,1570,1568,1655,8876,1633,1629,1620,1742,1633,1592,1729,1712,1472,1495,1561,1646,1612,1517,1755,8958,1669,1634,1698,1755,1785,1808,1764,1641,1563,1465,1731,1738,1799,1592,1691,9066,1933,1983,1934,1963,1978,1896,1864,1953,1956,1614,1884,1917,1898,1962,1851,8832,1541,1608,1613,1694,1689,1558,1833,1701,1600,1507,1630,1699,1741,1604,1694,9041,1576,1739,1640,1673,1688,1675,1717,1665,1469,1615,1501,1544,1620,1479,1765,8909,1677,1633,1644,1601,1636,1586,1741,1607,1551,1476,1552,1635,1633,1518,1674,8894,1580,1522,1753,1628,1670,1631,1784,1599,1558,1547,1612,1674,1697,1577,1678,8927,1677,1816,1729,1732,1687,1616,1802,1661,1712,1573,1649,1699,1652,1750,1643,canneal_halfcache
18234,12117,12188,12397,12576,12204,12376,12638,12467,13356,12120,12093,12273,12029,12602,12204,6575,1334,1333,1484,1416,1304,1291,1767,1321,2266,1314,1285,1382,1268,1552,1235,6669,1309,1273,1444,1437,1409,1325,1711,1273,2163,1243,1283,1330,1339,1558,1282,6804,1356,1327,1293,1507,1339,1398,1778,1336,2215,1335,1359,1403,1415,1500,1419,6902,1311,1465,1491,1382,1397,1390,1824,1386,2349,1402,1449,1369,1326,1610,1455,6819,1461,1584,1474,1509,1375,1457,1940,1483,2356,1479,1484,1504,1346,1674,1396,6706,1344,1416,1437,1417,1372,1269,1669,1366,2231,1308,1298,1380,1289,1522,1332,6654,1365,1348,1380,1355,1267,1300,1761,1313,2281,1413,1416,1309,1279,1568,1263,6811,1348,1342,1355,1410,1374,1404,1666,1338,2175,1458,1359,1392,1302,1479,1259,6736,1453,1468,1419,1492,1398,1383,1799,1562,1897,1516,1404,1456,1355,1655,1370,6875,1534,1663,1630,1759,1500,1437,1958,1504,2229,1429,1361,1605,1534,1697,1413,6676,1414,1394,1430,1408,1394,1429,1609,1220,2007,1336,1237,1380,1343,1669,1353,6692,1429,1401,1414,1377,1255,1459,1642,1295,1910,1345,1385,1192,1385,1439,1375,6703,1378,1306,1396,1471,1290,1396,1735,1292,2128,1382,1342,1485,1308,1493,1376,6716,1373,1406,1350,1461,1450,1429,1743,1308,2020,1432,1328,1391,1341,1465,1377,6814,1569,1580,1621,1450,1482,1556,1883,1556,2623,1482,1452,1510,1475,1701,1497,canneal_halfcache
2920,1940,1864,1936,2230,1831,1703,1825,1872,3973,2132,1701,1868,1731,1935,1929,1013,57,64,48,213,60,46,65,55,2138,188,59,48,49,78,69,971,44,45,46,230,46,39,64,50,2204,182,47,50,46,69,60,1032,43,56,39,202,50,50,63,47,2172,186,59,48,50,67,62,1048,56,90,57,244,50,51,91,52,2239,288,74,56,51,79,85,971,43,67,47,219,47,44,66,47,2117,166,69,53,47,68,64,905,40,56,42,192,48,44,60,44,2162,152,53,48,43,59,65,950,41,53,39,198,43,40,58,44,2133,178,68,50,44,72,64,1012,46,57,37,188,44,48,60,53,2192,175,65,53,48,58,67,947,46,66,46,251,47,53,64,61,2133,182,62,57,57,59,60,1024,56,74,46,310,56,53,64,59,2317,195,61,57,57,74,69,904,30,38,31,189,30,36,40,38,2130,165,36,42,39,75,62,976,40,69,35,189,38,45,60,43,2314,160,58,43,43,74,70,920,48,49,39,197,36,37,54,50,2083,154,50,47,52,63,58,1000,45,88,40,183,45,38,89,41,2206,176,87,40,38,108,113,1004,50,81,44,265,42,43,77,47,2212,208,71,44,45,89,81,canneal_halfcache
12,6,4,4,4,2,7,8,13,16,4,1,5,4,6,4,3,0,0,0,0,0,1,0,0,8,0,0,0,0,0,0,2,0,0,0,0,0,0,0,0,9,0,0,0,0,0,0,2,1,0,0,0,0,0,0,0,6,0,0,0,0,0,0,2,0,0,0,0,0,0,0,1,6,0,0,0,0,0,0,1,0,0,0,0,0,0,0,1,13,0,0,0,0,0,0,4,0,0,0,0,0,0,0,1,9,0,0,0,0,0,0,4,0,0,0,0,0,0,0,1,9,0,0,0,0,0,0,6,0,0,0,0,0,0,0,1,12,0,0,0,0,0,0,4,0,0,0,0,0,0,0,1,10,0,0,0,0,0,0,2,0,0,0,0,0,0,0,1,13,0,0,0,0,0,0,0,0,1,0,0,0,1,0,0,7,0,0,0,0,0,0,2,0,0,0,0,0,0,0,1,9,0,0,0,0,0,0,2,0,0,0,0,0,0,0,0,14,0,0,0,0,0,0,3,0,0,0,0,0,1,0,1,8,0,0,0,0,0,0,2,0,0,0,0,0,1,0,1,10,0,0,0,0,0,0,canneal_halfcache
3267,2136,2009,2104,2067,2095,1998,2030,2043,3949,1971,1994,2011,2134,2126,2096,1064,19,13,12,15,10,9,8,49,1899,11,9,14,57,20,28,1013,20,10,10,7,11,6,7,17,1900,4,5,9,37,9,10,1066,22,11,12,13,13,10,9,25,1880,14,12,11,58,12,19,1053,54,9,9,14,11,12,13,37,1908,11,10,11,48,12,16,1063,22,11,9,10,10,8,9,27,1917,13,8,10,42,10,18,1006,18,10,5,6,8,5,6,21,1901,11,7,6,31,6,14,1027,17,7,8,7,6,5,6,20,1893,7,5,8,35,9,11,1029,21,8,10,15,8,7,11,18,1898,12,7,8,44,14,19,1041,52,37,28,31,34,32,32,56,1913,43,33,29,87,35,39,1005,25,11,10,21,10,11,11,20,1912,22,23,24,58,28,26,1032,45,32,34,34,32,34,29,42,1925,28,30,39,72,32,33,1038,65,32,26,32,28,32,33,53,1926,34,33,41,62,32,36,1064,34,24,19,19,22,19,18,25,1911,21,19,21,51,24,27,1073,75,11,9,9,9,8,8,51,1903,8,10,9,43,12,15,1089,88,34,46,49,36,35,33,62,1921,40,42,55,90,58,47,canneal_halfcache
12629,8884,8255,7017,8582,8271,7161,7103,7180,10275,7283,7024,7123,8880,8886,7410,5099,1375,1388,114,1229,1004,136,86,91,3473,92,98,84,1823,1645,92,4846,1374,1210,94,1191,928,127,66,77,3040,71,81,73,1661,1547,80,4898,1334,1164,87,1013,920,78,43,41,2370,42,56,37,1607,1541,41,5051,1514,1240,163,1228,1104,144,97,119,2669,118,135,119,1834,1789,112,5131,1488,1310,114,1283,1006,134,78,89,2941,74,91,72,1618,1699,87,4980,1321,1238,83,1182,965,65,44,46,2500,41,51,39,1663,1567,36,4906,1337,1219,67,1093,881,70,27,28,2327,23,34,23,1636,1574,28,5043,1287,1193,83,1087,948,86,36,35,2306,32,44,35,1622,1567,42,5070,1492,1385,157,1388,1056,203,100,118,2364,119,132,119,1745,1887,131,5240,1549,1329,84,1204,1038,79,30,34,2901,32,38,25,1768,1870,36,4903,1355,1245,91,1231,961,87,49,47,2288,48,42,51,1661,1807,52,5012,1318,1254,96,1156,923,101,46,47,2446,46,74,51,1688,1612,51,4941,1419,1291,121,1209,1098,127,64,64,2460,77,76,66,1739,1680,87,4985,1439,1299,133,1189,1033,126,74,89,2672,93,136,83,1715,1596,108,5243,1441,1350,91,1300,1061,115,41,52,3090,50,76,40,1698,1761,40,canneal_halfcache
6815,4673,4650,4114,4900,5020,4050,4136,3978,5913,4045,4004,4091,4095,4372,4134,2524,504,745,85,809,977,77,84,76,1814,64,53,69,162,345,65,2421,488,616,68,855,930,81,59,60,1789,62,48,63,167,365,49,2454,483,625,40,840,947,63,40,47,1770,40,39,44,143,305,41,2506,508,672,90,925,1021,105,74,77,1804,74,69,67,177,322,68,2514,580,653,74,893,968,90,72,74,1802,68,59,66,187,402,69,2454,486,612,34,790,925,44,34,39,1763,33,34,36,110,310,42,2467,517,676,27,792,903,42,21,30,1750,24,22,27,130,332,26,2410,488,627,33,762,907,50,28,35,1747,25,28,36,122,265,35,2626,543,651,81,853,959,83,66,64,1780,58,59,60,161,322,52,2503,505,695,35,825,1069,42,30,33,1754,29,31,34,132,340,30,2456,495,652,35,797,1041,39,26,30,1753,23,23,29,90,312,29,2509,443,646,34,810,985,59,25,36,1757,27,27,30,118,298,31,2450,489,640,81,753,1021,75,68,65,1802,61,53,74,182,335,62,2470,494,610,80,862,1007,138,72,70,1799,67,54,73,175,344,62,2489,479,680,37,800,975,64,34,34,1764,28,28,35,144,310,34,canneal_halfcache
3123,2054,1939,2046,2011,2040,1960,1980,1977,3879,1923,1944,1979,2053,2049,2038,1045,29,21,31,35,30,33,31,28,1921,27,30,29,29,31,32,983,30,19,26,24,21,22,28,20,1901,23,23,19,21,27,24,1027,8,8,8,16,12,15,7,8,1893,4,6,6,14,10,8,1017,30,24,28,33,32,26,29,22,1910,24,22,27,23,31,27,1045,37,25,30,32,33,32,24,22,1918,25,27,29,28,31,25,984,12,6,7,15,9,14,6,9,1897,8,6,9,7,13,16,991,10,7,6,7,8,12,5,8,1895,4,7,6,6,12,5,995,7,7,12,12,12,12,6,5,1889,5,7,6,17,7,10,1003,2,6,12,12,7,16,4,6,1895,5,3,3,16,9,6,964,11,6,6,12,11,6,4,6,1894,4,9,7,11,8,5,970,9,4,8,10,8,7,5,6,1891,7,6,8,7,10,7,986,9,4,9,11,8,7,8,7,1898,9,9,7,9,10,8,1028,25,17,21,27,23,30,19,19,1909,20,19,18,18,24,27,1033,28,24,26,29,28,27,29,25,1912,26,28,28,22,33,30,1018,9,4,11,11,9,10,7,7,1897,8,9,8,8,11,12,canneal_halfcache
9015,5958,5805,7209,5928,5936,7463,7718,7440,7643,7137,6919,5780,5650,5908,5961,3009,48,49,1170,41,44,1681,1596,1451,2020,1412,1002,45,45,46,41,2935,48,49,1155,46,44,1639,1591,1380,1761,1410,1033,47,43,50,40,2991,66,78,1197,60,61,1824,1669,1470,1445,1397,1064,60,59,74,66,3003,53,50,1282,42,46,1719,1693,1576,1572,1358,1119,51,50,49,40,3020,54,53,1174,49,47,1792,1655,1595,1798,1463,1081,47,52,46,46,2894,73,64,1215,60,69,1761,1651,1504,1521,1417,1030,44,61,60,66,2992,83,64,1241,72,63,1674,1565,1548,1451,1392,998,59,63,80,72,3017,78,68,1247,68,67,1789,1688,1413,1457,1379,1135,64,60,69,63,2948,115,107,1333,105,103,1725,1744,1626,1392,1600,1137,101,102,128,100,2880,76,78,1262,66,63,1726,1669,1575,1884,1555,1245,59,62,72,65,2908,68,57,1216,56,47,1747,1612,1586,1332,1399,1103,47,57,60,57,2903,32,23,1186,21,20,1644,1652,1459,1423,1278,1027,20,27,27,22,2858,44,37,1108,41,34,1640,1589,1436,1366,1322,1029,41,44,36,39,2989,45,38,1152,36,33,1678,1593,1502,1522,1395,1026,41,44,40,39,2990,28,22,1280,19,17,1802,1745,1471,1778,1465,1135,19,25,24,17,canneal_halfcache
8504,5656,5424,5557,5474,5535,6367,5468,5542,6959,6916,6727,6546,6498,7761,6359,2862,57,49,54,69,57,914,53,51,1518,1498,1287,1208,1053,2035,715,2748,47,42,55,61,52,917,52,46,1484,1414,1253,1159,1054,1858,750,2834,71,57,64,73,55,926,57,63,1550,1502,1321,1142,1023,1566,723,2779,66,49,67,68,54,974,53,61,1565,1470,1276,1198,1000,1606,736,2808,67,45,57,60,54,915,61,59,1516,1547,1274,1206,1051,1783,746,2730,48,36,32,41,35,869,32,33,1598,1475,1294,1110,1012,1620,719,2777,65,45,57,63,53,902,65,52,1420,1479,1229,1188,978,1511,659,2813,63,44,76,68,63,916,57,51,1516,1500,1351,1148,1010,1578,756,2752,37,27,40,33,42,966,35,31,1507,1370,1304,1111,994,1529,696,2713,33,32,29,37,31,881,28,20,1607,1295,1260,1153,1089,2037,739,2681,31,22,27,41,24,865,33,20,1546,1458,1221,1226,981,1650,734,2706,37,28,22,42,27,951,23,31,1550,1446,1309,1158,999,1729,696,2734,35,29,28,38,36,870,26,22,1626,1393,1258,1159,970,1750,697,2822,91,65,55,61,67,1077,67,47,1659,1625,1397,1375,1168,1639,744,2809,34,27,37,39,33,972,29,28,1621,1484,1372,1145,1007,1857,712,canneal
14509,9563,9471,9523,9731,9685,10365,9923,9978,9750,9905,9705,10307,10605,9108,10695,5278,919,990,875,966,999,1725,924,1020,1096,1153,1299,1482,1646,122,1750,5083,876,996,997,975,954,1711,1009,943,1088,1123,1250,1412,1683,118,1841,5261,998,966,970,1042,1007,1762,1009,1013,1087,1157,1248,1428,1625,134,1891,5310,1006,1031,971,985,1039,1772,1027,984,1167,1199,1290,1459,1541,144,1871,5193,934,999,1005,1020,929,1714,994,972,1140,1170,1366,1533,1597,121,1921,5332,1096,984,1076,1056,1164,1738,1030,1072,1160,1247,1385,1540,1680,185,2078,5449,1020,986,1024,984,1059,1761,989,1056,1196,1180,1269,1478,1626,125,1839,5530,1007,994,974,1034,1039,1839,957,1046,1196,1196,1308,1540,1574,135,2014,5324,1051,1007,994,1035,1049,1796,1078,1104,1176,1347,1348,1496,1723,179,1998,5341,1075,1031,986,1100,1031,1825,1088,1063,1164,1208,1388,1486,1680,195,2042,5185,1021,929,981,1084,1101,1716,1073,1029,1151,1208,1332,1496,1638,161,1897,5395,1068,1042,1030,1104,1090,1811,1061,1057,1206,1238,1372,1528,1617,221,1930,5520,1092,1049,1029,1044,1072,1784,1112,1078,1166,1224,1405,1617,1588,167,1984,5519,1132,1056,1049,978,1074,1792,1047,1073,1152,1309,1348,1515,1691,216,1928,5454,1041,1108,1083,1026,1135,1859,1117,1068,1197,1254,1324,1521,1691,200,1909,canneal
9599,6417,6350,6300,6139,6258,6381,6135,7385,5998,6230,5963,6200,6293,5555,6346,3600,690,713,646,762,700,690,632,1924,722,713,720,754,779,71,717,3501,741,637,693,735,765,706,693,2035,701,698,719,811,754,76,715,3490,723,698,611,769,711,723,705,2091,747,731,714,740,722,79,749,3432,714,660,675,697,752,685,663,2071,697,713,696,810,696,68,754,3433,749,742,682,756,665,679,613,1991,811,673,765,728,679,71,748,3437,805,721,687,749,770,705,702,2041,660,741,760,769,723,88,720,3445,784,656,710,716,703,691,673,1989,751,715,779,736,681,73,783,3474,744,734,702,748,740,621,748,2019,684,780,694,695,743,95,779,3347,758,688,670,710,787,735,768,1941,681,668,777,754,694,80,755,3517,806,692,713,761,784,653,744,1963,746,632,711,768,743,91,783,3333,689,713,688,750,692,673,645,1890,647,724,711,696,651,72,730,3493,730,802,701,757,706,746,722,2090,690,669,748,717,726,65,774,3533,749,709,726,774,815,688,734,1954,697,694,791,710,699,92,819,3429,760,647,709,663,727,650,749,1858,694,761,757,686,723,41,677,3530,831,723,725,685,768,781,748,2157,740,706,856,739,733,76,797,canneal
15176,10634,10327,10404,10719,10925,11248,10363,10495,10459,10339,10142,10525,10360,9549,10456,6178,1172,1240,1240,1228,1290,2025,1320,1330,1278,1312,1239,1333,1342,159,1307,5889,1293,1247,1270,1235,1199,1929,1352,1325,1266,1195,1334,1322,1270,145,1342,6046,1304,1290,1235,1243,1270,2050,1374,1285,1262,1213,1163,1314,1322,155,1369,6070,1281,1253,1278,1320,1272,1994,1248,1311,1204,1292,1237,1346,1366,158,1441,6224,1328,1284,1282,1337,1295,1972,1329,1380,1236,1295,1333,1362,1392,183,1352,5947,1308,1402,1326,1259,1211,1942,1244,1317,1306,1275,1282,1465,1295,170,1373,5810,1240,1259,1340,1258,1321,1929,1307,1282,1243,1251,1351,1349,1219,153,1331,5922,1356,1229,1378,1340,1364,1918,1314,1268,1282,1268,1371,1354,1317,199,1353,6002,1386,1214,1349,1399,1358,1983,1353,1311,1238,1359,1376,1387,1358,163,1351,5857,1475,1211,1261,1395,1398,1937,1320,1291,1308,1221,1249,1336,1312,190,1240,5738,1272,1248,1225,1371,1309,1914,1292,1300,1271,1297,1139,1400,1199,157,1282,5901,1314,1321,1264,1338,1268,1956,1434,1329,1264,1312,1283,1273,1310,169,1332,5812,1277,1245,1375,1307,1380,1930,1357,1334,1280,1389,1301,1308,1264,171,1287,5999,1222,1138,1204,1153,1217,1914,1215,1271,1177,1149,1191,1176,1234,57,1204,5941,1273,1318,1303,1346,1326,2069,1294,1400,1299,1251,1246,1282,1333,145,1368,canneal
15660,11115,10994,10731,10974,11141,11504,11001,10797,10698,11075,11078,10893,11021,9651,11090,6140,1319,1391,1382,1401,1302,1928,1417,1366,1411,1454,1415,1358,1384,121,1372,6017,1280,1395,1344,1327,1352,1949,1352,1373,1419,1496,1410,1392,1358,138,1340,6045,1319,1327,1360,1350,1383,1904,1401,1415,1367,1365,1415,1374,1326,127,1335,6111,1379,1403,1380,1336,1313,1952,1332,1353,1390,1384,1385,1213,1428,118,1295,6200,1320,1312,1317,1412,1359,2135,1413,1360,1404,1405,1429,1338,1426,134,1428,6165,1365,1407,1392,1398,1465,2048,1425,1482,1389,1429,1434,1444,1445,155,1416,6091,1372,1421,1395,1387,1423,1929,1338,1329,1374,1424,1352,1297,1422,120,1309,6073,1404,1402,1459,1430,1342,1973,1370,1372,1443,1371,1395,1341,1372,136,1356,5947,1267,1407,1316,1378,1389,2020,1412,1444,1385,1399,1320,1409,1441,132,1359,6237,1315,1327,1420,1378,1398,2023,1346,1352,1419,1438,1464,1332,1389,157,1380,6229,1315,1413,1321,1290,1408,2004,1422,1364,1409,1330,1386,1274,1382,135,1431,6107,1365,1446,1327,1297,1365,1992,1331,1378,1360,1375,1417,1320,1496,131,1380,6169,1392,1332,1257,1384,1349,2024,1364,1490,1457,1455,1426,1382,1335,146,1339,5909,1205,1278,1225,1305,1293,1835,1201,1296,1346,1359,1220,1203,1228,47,1243,6151,1343,1376,1390,1391,1437,2009,1373,1319,1442,1450,1291,1329,1385,138,1368,canneal
9232,6358,6248,6196,6243,6286,6155,6506,6399,6355,6195,6122,6160,7632,5730,6239,3476,774,767,708,652,689,741,724,793,748,709,678,685,1947,93,684,3454,808,664,646,656,701,717,718,762,746,702,719,727,2149,82,658,3510,742,798,701,681,697,731,755,717,671,719,713,742,2090,88,700,3450,775,824,695,657,762,686,739,688,774,729,727,809,2095,106,770,3531,817,761,739,793,668,707,714,772,764,784,735,762,2254,131,722,3419,732,727,698,707,672,669,669,748,750,716,736,700,2062,86,749,3679,717,842,679,709,704,729,726,755,737,722,746,733,1993,71,765,3516,741,848,740,661,710,723,800,723,774,672,794,706,2039,99,796,3478,750,763,740,711,675,687,679,738,686,733,810,772,2081,96,759,3483,808,800,748,712,689,754,727,776,744,689,728,697,2060,97,719,3379,734,819,700,664,671,589,706,758,713,727,758,740,1966,79,703,3435,807,808,746,759,753,767,698,793,748,716,746,771,2021,83,765,3478,771,844,772,744,710,779,821,768,741,852,803,793,1999,136,750,3431,685,704,707,706,663,657,710,692,677,707,635,640,1966,22,618,3454,766,741,778,721,742,792,737,781,799,723,765,691,2026,100,750,canneal
11830,8055,7992,8096,8059,7950,7993,7921,7909,7916,7738,7757,8938,7948,7147,8150,4565,941,1034,1001,894,1016,1005,940,999,961,985,1041,2023,1024,127,926,4448,1013,1049,1049,897,961,1023,986,926,919,919,1016,2017,968,100,942,4501,1041,1053,903,981,978,929,936,989,928,969,1006,1961,1027,122,971,4515,1003,1039,926,950,1002,1000,922,949,1041,889,963,1934,972,126,957,4419,948,1021,997,899,1008,981,967,950,989,928,965,1914,1027,131,950,4528,1018,942,979,956,1002,923,955,941,1039,951,956,1966,997,118,945,4444,940,937,962,919,990,981,892,970,1002,883,954,1970,1004,127,962,4538,952,1053,986,922,1029,989,949,996,978,946,978,1964,996,114,948,4495,972,1031,1013,953,1025,1009,972,924,985,948,939,1999,1035,130,986,4318,928,972,1019,952,995,989,908,913,1019,869,913,1987,1001,129,924,4268,911,932,979,923,1005,889,895,915,909,899,938,1888,1056,120,951,4395,975,964,914,1045,943,931,1014,1026,1032,916,968,2050,1053,131,964,4437,996,1036,969,1037,1015,1009,966,960,1051,890,995,1991,1013,150,913,4392,873,939,882,902,981,861,888,856,932,844,840,1825,912,19,867,4555,1005,1058,1040,988,1009,946,990,961,1001,995,1056,2062,1034,118,1022,canneal
17348,11729,11831,12028,11715,11747,11580,11677,11606,11703,11825,11428,12359,11830,10580,12264,6568,1471,1445,1507,1440,1485,1488,1415,1489,1431,1672,1458,1810,1557,177,1592,6680,1511,1537,1505,1514,1482,1487,1499,1369,1451,1632,1425,1807,1553,167,1642,6817,1610,1465,1553,1574,1537,1517,1508,1475,1489,1668,1530,1757,1502,169,1611,6454,1478,1448,1490,1409,1385,1495,1491,1474,1472,1732,1423,1798,1481,193,1615,6675,1549,1481,1405,1536,1395,1470,1539,1605,1536,1702,1512,1832,1453,194,1553,6474,1519,1430,1526,1509,1418,1506,1544,1480,1533,1773,1600,1685,1484,192,1601,6570,1458,1420,1444,1544,1448,1430,1382,1476,1438,1800,1483,1729,1550,181,1640,6495,1478,1454,1513,1532,1525,1436,1475,1433,1471,1721,1555,1797,1571,196,1583,6601,1646,1513,1498,1564,1448,1467,1446,1506,1500,1629,1525,1838,1618,193,1515,6577,1511,1499,1512,1509,1592,1571,1419,1530,1482,1686,1512,1774,1543,224,1595,6403,1399,1495,1490,1500,1415,1425,1395,1370,1435,1604,1351,1653,1546,166,1533,6772,1696,1491,1567,1456,1578,1606,1478,1492,1593,1789,1462,1886,1513,219,1688,6697,1543,1430,1550,1530,1405,1496,1471,1512,1546,1699,1466,1786,1486,184,1573,6539,1340,1387,1376,1384,1340,1288,1363,1327,1411,1510,1350,1629,1395,51,1400,6793,1547,1540,1663,1452,1527,1507,1505,1509,1571,1746,1572,1808,1652,191,1613,canneal
10895,7620,7364,7196,7537,7626,7385,7090,7345,7463,8507,7148,7379,7517,6493,7470,4222,873,864,858,871,940,935,838,957,905,2016,898,941,935,108,880,4129,928,832,838,798,897,929,909,888,935,2050,819,888,896,98,791,4001,943,897,820,876,869,930,873,854,819,2042,921,826,962,94,889,4179,911,914,878,894,919,955,875,874,909,2151,884,936,898,90,897,4214,890,860,869,870,891,874,887,930,921,2101,827,934,893,92,867,4142,877,896,902,887,840,864,892,933,985,2070,907,924,968,93,827,3892,900,939,894,821,903,830,828,919,916,2050,911,870,882,84,836,4096,917,920,860,881,944,924,885,894,887,2038,894,919,932,96,890,4096,963,875,910,867,944,942,926,893,920,2025,894,951,871,101,897,4060,886,898,922,939,955,952,953,961,973,2072,887,956,914,119,867,3986,827,819,830,906,954,842,816,884,908,2067,850,892,937,95,878,4124,909,937,829,999,905,906,927,965,927,2113,922,929,914,120,916,4224,921,911,911,908,860,885,883,905,914,2111,923,949,841,101,854,4012,779,787,765,840,785,818,814,787,857,1913,770,851,755,33,864,4193,917,886,850,971,961,917,917,928,970,2170,917,964,933,105,898,canneal
10387,7185,6909,7173,7043,7284,7164,6959,6877,8188,7026,6919,6957,7119,6738,7207,3975,827,824,865,915,841,854,849,780,2011,828,782,862,848,107,878,3876,826,787,896,851,776,796,853,803,2039,792,808,841,849,104,911,3986,794,854,891,913,846,829,869,832,2020,871,859,838,884,103,973,3921,779,809,855,904,794,773,858,820,2084,771,841,814,880,107,905,4059,869,759,916,944,762,837,822,839,2139,891,822,834,888,100,868,4043,791,892,870,939,822,792,894,835,2157,863,917,835,905,102,795,3890,807,793,919,852,810,802,818,826,1918,807,851,819,855,89,861,3876,818,787,871,967,836,860,798,778,1896,858,829,838,866,88,929,3879,790,828,947,939,816,740,860,847,2081,899,949,826,951,133,899,3969,898,827,896,959,893,825,845,786,2179,792,904,858,938,123,864,3827,826,759,852,938,820,803,881,786,2009,776,787,768,787,102,854,3877,831,782,896,968,856,878,909,831,2021,801,792,764,902,100,883,3964,741,775,901,936,813,825,839,825,2027,852,861,822,877,109,883,4009,727,770,882,840,845,791,817,748,2102,779,792,714,729,32,819,4052,830,830,896,886,853,924,918,903,2123,839,902,867,852,98,968,canneal
0,0,0,0,0,0,0,0,0,0,0,0,0,0,0,0,0,0,0,0,0,0,0,0,0,0,0,0,0,0,0,0,0,0,0,0,0,0,0,0,0,0,0,0,0,0,0,0,0,0,0,0,0,0,0,0,0,0,0,0,0,0,0,0,0,0,0,0,0,0,0,0,0,0,0,0,0,0,0,0,0,0,0,0,0,0,0,0,0,0,0,0,0,0,0,0,0,0,0,0,0,0,0,0,0,0,0,0,0,0,0,0,0,0,0,0,0,0,0,0,0,0,0,0,0,0,0,0,0,0,0,0,0,0,0,0,0,0,0,0,0,0,0,0,0,0,0,0,0,0,0,0,0,0,0,0,0,0,0,0,0,0,0,0,0,0,0,0,0,0,0,0,0,0,0,0,0,0,0,0,0,0,0,0,0,0,0,0,0,0,0,0,0,0,0,0,0,0,0,0,0,0,0,0,0,0,0,0,0,0,0,0,0,0,0,0,0,0,0,0,0,0,0,0,0,0,0,0,0,0,0,0,0,0,0,0,0,0,0,0,0,0,0,0,0,0,0,0,0,0,0,0,0,0,0,0,canneal
15709,10760,10891,10775,10826,10727,10578,10753,10726,10571,10704,11328,10704,10964,9462,10647,6142,1232,1296,1354,1441,1347,1373,1340,1350,1432,1386,1984,1254,1319,149,1270,6265,1331,1292,1390,1476,1395,1407,1300,1295,1356,1401,2008,1320,1307,161,1352,6056,1423,1436,1392,1388,1224,1379,1272,1323,1314,1418,2008,1393,1382,146,1410,6085,1339,1293,1336,1417,1354,1348,1401,1344,1342,1337,1941,1359,1402,141,1370,6106,1340,1317,1339,1374,1355,1300,1284,1365,1323,1399,2010,1318,1343,151,1435,5907,1481,1300,1355,1382,1304,1263,1331,1332,1309,1398,1947,1355,1347,146,1316,6073,1413,1282,1280,1316,1325,1305,1325,1367,1297,1464,1891,1283,1350,145,1417,6213,1240,1378,1275,1370,1332,1360,1357,1322,1283,1520,2055,1316,1388,144,1345,6071,1328,1362,1384,1456,1321,1418,1354,1385,1363,1451,2065,1407,1337,173,1391,6085,1301,1343,1382,1487,1329,1380,1295,1366,1308,1372,1993,1271,1453,158,1319,6178,1327,1301,1313,1370,1236,1365,1335,1284,1318,1348,1910,1300,1317,151,1322,6093,1242,1316,1277,1571,1401,1309,1371,1397,1333,1411,2124,1375,1389,160,1356,6169,1380,1288,1358,1404,1239,1299,1342,1371,1376,1371,2042,1371,1380,158,1496,5961,1133,1231,1170,1298,1265,1246,1211,1084,1215,1221,1856,1123,1275,25,1261,6035,1295,1414,1346,1454,1370,1281,1297,1312,1331,1418,2037,1317,1348,160,1333,canneal
15508,10538,10043,10441,10297,10415,10380,10435,10103,10099,10006,10762,10250,10285,9109,10451,5883,1295,1218,1263,1217,1335,1288,1228,1239,1302,1255,2085,1290,1313,153,1361,5675,1231,1228,1270,1268,1309,1298,1378,1270,1347,1276,2103,1251,1281,150,1233,5788,1257,1362,1262,1282,1380,1481,1419,1206,1304,1213,1985,1360,1309,170,1278,5734,1293,1249,1277,1223,1291,1344,1343,1308,1350,1384,2137,1284,1309,177,1337,5784,1243,1299,1301,1281,1313,1261,1280,1362,1338,1325,2016,1365,1297,161,1247,5839,1232,1244,1284,1317,1361,1241,1313,1345,1264,1363,2039,1318,1322,172,1297,5760,1355,1283,1307,1267,1353,1344,1353,1267,1279,1349,2072,1261,1352,149,1261,5765,1296,1287,1310,1263,1315,1305,1236,1240,1331,1337,1959,1169,1315,158,1267,5605,1269,1292,1311,1306,1418,1327,1285,1289,1299,1329,2023,1343,1261,159,1300,5613,1325,1327,1324,1333,1222,1318,1329,1282,1300,1282,1951,1175,1290,166,1273,5586,1332,1362,1273,1273,1376,1360,1304,1319,1246,1372,1828,1240,1291,168,1262,5758,1340,1323,1325,1357,1360,1381,1322,1306,1339,1375,2014,1303,1263,149,1240,5703,1355,1191,1237,1412,1282,1355,1277,1339,1294,1293,1909,1375,1262,149,1345,5580,1104,1150,1236,1092,1172,1195,1108,1124,1226,1081,1821,1133,1169,24,1142,5873,1282,1287,1275,1260,1343,1364,1242,1331,1335,1345,2058,1296,1345,153,1297,canneal
9057,6271,6133,6079,6262,6283,6217,6141,6063,6001,7225,5814,6083,6258,5571,6338,3476,696,708,714,749,702,758,671,682,731,1992,723,735,666,77,721,3481,688,672,719,689,668,729,682,753,700,2134,739,677,740,89,706,3333,710,696,657,731,683,682,726,690,725,2095,715,719,778,68,724,3476,758,710,746,708,725,730,711,756,708,2071,743,703,726,68,712,3544,724,695,733,733,724,749,707,728,761,2150,715,722,739,94,732,3474,744,673,769,732,655,704,681,751,725,2132,771,709,742,70,707,3428,661,675,739,727,640,713,690,689,691,2011,749,686,767,68,636,3473,712,700,690,665,657,737,671,750,701,2067,689,664,659,63,720,3359,667,702,754,752,692,706,685,682,720,2182,740,661,702,68,711,3419,705,712,727,700,757,832,740,767,743,1999,688,726,734,115,698,3237,701,736,656,738,654,721,624,739,712,1940,644,652,738,70,653,3457,699,734,701,731,747,735,716,744,720,2038,717,633,784,66,802,3479,722,682,775,697,726,736,682,752,789,2098,743,701,687,77,744,3451,644,652,610,685,625,607,571,670,649,2076,668,665,651,19,666,3592,710,755,711,782,781,754,695,788,774,2186,798,751,793,89,748,canneal
12948,8962,8517,8647,8569,9867,8340,8568,8631,8749,8758,8805,8869,8773,7614,8808,5008,990,1095,1129,1020,2002,1045,1047,1057,1089,975,1122,1156,1108,113,1108,4855,1036,994,1154,1047,2024,1035,1066,1099,1129,1076,1067,1072,1036,129,1067,4768,1106,1025,1105,965,1957,1046,1045,1078,1051,1000,1173,1080,1029,140,1048,4844,1110,954,1090,974,2036,1042,1028,1085,1068,985,1155,1076,992,145,1033,5011,1114,1077,1199,1020,2060,1103,1088,1086,1087,1013,1137,1064,1037,139,1094,4749,1027,1048,1120,1047,2004,1003,997,1086,1103,1003,1090,1059,935,135,1053,4825,1057,1033,1145,1009,2047,993,969,1100,1042,1008,1101,1082,1039,136,1126,4824,955,1084,1086,1014,2084,1016,955,1054,1077,1092,1116,1098,1137,115,1138,4961,1029,1125,1142,996,2041,1003,1024,1089,1031,1088,1067,1055,1061,127,1070,4915,1122,1077,1166,1030,2003,1112,1039,1159,1093,1057,1119,1044,1086,138,1075,4889,1027,1039,1176,1017,2044,1015,986,945,1073,1034,1095,1051,1063,113,1083,4962,1015,1038,1161,1006,2075,1003,1048,1042,1116,1107,1165,1007,1090,127,1033,4879,1060,997,1151,1038,2097,942,1044,1077,1051,1070,1155,1031,1014,124,1107,4682,927,873,1046,947,1970,909,925,957,914,930,961,935,928,20,899,4961,1087,1025,1162,999,2233,941,1025,1065,1047,1105,1115,1105,1176,122,1090,canneal
17415,12088,11877,11868,11822,12501,11689,11921,11964,11814,12074,11708,11892,12214,10782,12423,6805,1435,1487,1499,1578,1873,1533,1567,1517,1547,1563,1541,1662,1497,170,1600,6622,1513,1424,1504,1511,1939,1578,1576,1555,1435,1563,1523,1646,1509,163,1502,6678,1468,1489,1515,1447,1844,1545,1575,1517,1582,1553,1466,1683,1573,143,1568,6665,1499,1517,1562,1492,1809,1518,1552,1534,1469,1496,1539,1575,1560,156,1496,6889,1600,1646,1558,1466,2029,1572,1650,1602,1644,1551,1607,1579,1588,183,1580,6652,1620,1528,1474,1460,1910,1325,1534,1610,1598,1634,1510,1678,1585,171,1557,6620,1437,1446,1483,1611,1910,1465,1481,1616,1603,1592,1531,1631,1528,161,1500,6725,1478,1437,1627,1534,1894,1527,1540,1501,1570,1512,1545,1644,1529,159,1582,6731,1553,1531,1635,1515,1902,1467,1491,1595,1455,1559,1537,1671,1534,157,1658,6808,1502,1569,1600,1493,1926,1533,1542,1590,1586,1508,1547,1680,1573,175,1581,6599,1567,1469,1470,1555,1849,1468,1519,1490,1518,1548,1487,1594,1486,154,1611,6666,1534,1491,1600,1378,1847,1568,1534,1583,1485,1605,1511,1672,1530,163,1633,6818,1481,1528,1577,1443,1953,1484,1572,1562,1574,1577,1660,1652,1555,151,1644,6637,1380,1369,1366,1415,1650,1425,1417,1403,1376,1444,1367,1523,1404,23,1432,6962,1599,1544,1644,1476,1935,1593,1604,1596,1554,1556,1596,1660,1588,140,1593,canneal
9758,6629,6598,6772,6571,6748,6714,6641,6524,6507,6572,6738,7900,6518,5935,6705,3659,724,839,778,845,811,772,749,802,802,790,777,2032,812,113,769,3600,814,738,742,757,837,806,725,744,763,857,736,2102,810,106,682,3659,846,850,798,764,747,852,771,807,746,806,746,1942,754,100,861,3634,765,755,799,766,823,823,799,839,813,743,759,2023,764,110,785,3750,832,799,728,803,766,856,764,825,884,865,811,2044,716,118,802,3713,806,876,786,826,868,784,821,798,849,829,778,2001,708,112,790,3640,815,760,782,831,759,824,742,769,852,767,744,2090,774,121,729,3606,850,789,781,804,809,889,763,745,758,780,689,2026,800,110,803,3588,785,779,801,772,783,840,755,740,795,769,811,1996,871,111,787,3727,809,814,776,813,790,839,790,774,772,812,712,2101,892,123,808,3717,817,843,771,784,790,812,797,814,759,800,750,2044,831,103,751,3722,880,779,815,780,877,840,811,794,807,901,788,2003,863,117,871,3688,766,788,805,861,824,816,705,824,738,845,799,1939,765,108,797,3591,727,714,682,690,673,728,672,696,653,696,715,1854,697,23,600,3773,823,762,841,873,794,842,854,764,859,756,839,2007,766,107,741,canneal
9928,6580,6322,6660,6530,6539,6414,6742,6755,6419,7853,6488,6655,6583,5980,6774,3701,723,745,812,712,829,774,727,831,746,2014,863,762,801,95,825,3541,749,756,778,759,744,847,795,717,808,2007,723,751,725,91,853,3771,806,802,768,722,844,804,761,775,801,2059,779,747,644,92,895,3648,731,757,759,724,748,861,767,804,692,2022,788,731,754,97,870,3640,741,768,871,749,719,817,744,799,788,2109,786,722,768,97,830,3624,748,756,832,769,672,828,749,835,716,2103,771,757,724,83,815,3801,739,734,830,797,835,777,740,862,779,2030,827,819,752,111,862,3798,841,803,782,728,806,819,753,823,739,2078,786,779,777,101,888,3629,780,822,772,738,824,792,684,803,748,2073,771,793,758,83,819,3676,794,775,857,888,835,746,795,769,760,2043,755,850,724,109,865,3648,755,766,707,746,752,755,768,733,769,2049,788,718,705,82,843,3743,823,781,802,819,805,796,772,788,791,2038,824,761,797,104,964,3653,724,727,815,752,744,800,757,755,773,2015,837,784,695,97,880,3686,656,679,702,693,759,702,668,735,670,1977,665,717,662,21,743,3719,733,788,762,773,794,861,768,786,838,2148,839,802,796,104,851,canneal
17552,12041,11844,11565,11941,11899,11754,11932,12177,11827,11727,11789,12421,11617,10414,12041,6651,1571,1469,1467,1533,1442,1436,1484,1467,1587,1463,1368,1911,1525,139,1562,6718,1565,1439,1478,1555,1469,1481,1429,1492,1517,1496,1406,1973,1473,140,1499,6606,1522,1506,1444,1592,1481,1409,1533,1439,1586,1466,1427,1906,1453,159,1516,6650,1608,1522,1527,1396,1565,1528,1504,1492,1642,1541,1466,1907,1505,162,1544,6777,1724,1543,1438,1535,1421,1496,1571,1452,1557,1558,1438,1975,1450,174,1604,6662,1569,1473,1540,1476,1535,1509,1460,1410,1577,1510,1450,1908,1470,144,1562,6700,1601,1474,1452,1530,1521,1583,1391,1426,1545,1569,1463,1880,1528,146,1520,6771,1542,1537,1603,1475,1549,1532,1568,1451,1456,1491,1505,1952,1524,164,1484,6721,1531,1484,1449,1434,1540,1558,1611,1488,1445,1577,1482,1973,1549,156,1613,6679,1672,1637,1563,1538,1606,1499,1475,1593,1491,1510,1447,1983,1518,195,1541,6726,1542,1377,1420,1536,1497,1455,1443,1483,1535,1434,1424,1927,1442,166,1538,6788,1495,1516,1506,1573,1509,1510,1532,1570,1556,1572,1491,2041,1570,171,1460,6544,1626,1479,1442,1493,1490,1454,1489,1494,1549,1436,1331,1946,1480,144,1521,6419,1468,1378,1268,1416,1298,1367,1384,1390,1333,1375,1285,1863,1413,24,1435,6750,1649,1527,1592,1596,1532,1516,1541,1604,1505,1547,1513,2009,1517,134,1519,canneal
13504,8881,8739,9113,9318,9284,8944,8847,8718,8674,8711,8900,10015,9031,8018,9289,5022,1084,1101,1114,1119,1099,1115,1068,1075,1154,1095,1124,1966,1200,143,1127,4826,1035,1142,1085,1064,1100,1036,1011,1146,1133,1090,1055,1992,1189,133,1098,4993,1035,1167,1099,1136,1137,1158,1113,1133,1106,1107,1102,1948,1109,145,1063,5161,1095,1134,1098,1110,1093,1068,1179,1061,1086,1183,1138,2015,1114,138,1080,5160,1128,1151,1066,1153,1141,1188,1156,1050,1151,1096,1159,2104,1137,143,1152,4935,1136,1102,1059,1079,1152,1152,1171,1081,1195,1176,1136,2052,1127,141,1041,4911,1136,1141,1078,1183,1079,1151,1106,1085,1181,1081,1164,1983,1075,135,985,4833,1077,1108,1085,1123,1118,1093,1151,1104,1157,1093,1104,1954,1058,141,1125,4891,1118,1144,1175,1083,1169,1122,1090,1092,1050,1075,1205,2024,1110,124,1175,4875,1136,1036,1037,1162,1161,1168,1145,1121,1083,1101,1203,1978,1022,150,1023,4936,1075,1035,1073,1086,1241,1145,1102,1092,1125,1170,1031,1950,1048,155,1103,5063,1198,1179,1149,1219,1159,1149,1146,1119,1162,1187,1119,1973,1139,158,1195,5100,1030,1121,1066,1153,1108,1134,1178,1153,1122,1092,1116,2051,1158,148,1102,4832,978,1014,970,959,1049,1006,1058,980,1066,1045,969,1769,997,28,1008,5166,1189,1142,1168,1135,1102,1211,1109,1185,1148,1128,1098,1929,1206,122,1109,canneal
9469,6649,6433,6747,6523,6650,6402,6578,6408,7652,6260,6106,6575,6512,5853,6576,3667,751,789,785,806,746,740,761,794,1993,736,735,843,750,93,764,3591,751,672,779,754,714,700,790,779,2046,726,738,855,736,86,752,3690,821,715,811,741,774,773,787,828,2003,689,685,853,787,83,792,3619,734,731,814,757,729,798,815,864,1980,703,717,842,733,84,829,3715,854,719,738,745,697,777,752,812,2098,695,699,871,747,83,771,3517,769,735,726,744,726,682,844,817,1986,703,702,872,780,86,779,3667,705,786,714,747,714,691,805,760,2072,749,692,869,773,82,738,3514,760,731,768,737,690,711,764,809,2111,657,681,849,727,87,704,3530,818,739,773,758,790,788,796,805,2023,793,811,862,707,128,755,3556,822,736,722,754,689,792,768,759,2006,673,703,890,717,93,683,3451,763,746,674,724,707,730,767,738,1970,674,649,847,700,82,715,3647,861,711,809,812,728,818,874,840,2108,743,766,823,780,90,733,3712,821,767,798,757,706,830,858,793,2007,632,725,851,743,91,720,3601,767,701,681,676,654,627,713,696,1928,583,662,795,618,25,660,3716,803,775,786,745,781,814,740,849,2151,685,825,861,697,101,784,canneal
0,0,0,0,0,0,0,0,0,0,0,0,0,0,0,0,0,0,0,0,0,0,0,0,0,0,0,0,0,0,0,0,0,0,0,0,0,0,0,0,0,0,0,0,0,0,0,0,0,0,0,0,0,0,0,0,0,0,0,0,0,0,0,0,0,0,0,0,0,0,0,0,0,0,0,0,0,0,0,0,0,0,0,0,0,0,0,0,0,0,0,0,0,0,0,0,0,0,0,0,0,0,0,0,0,0,0,0,0,0,0,0,0,0,0,0,0,0,0,0,0,0,0,0,0,0,0,0,0,0,0,0,0,0,0,0,0,0,0,0,0,0,0,0,0,0,0,0,0,0,0,0,0,0,0,0,0,0,0,0,0,0,0,0,0,0,0,0,0,0,0,0,0,0,0,0,0,0,0,0,0,0,0,0,0,0,0,0,0,0,0,0,0,0,0,0,0,0,0,0,0,0,0,0,0,0,0,0,0,0,0,0,0,0,0,0,0,0,0,0,0,0,0,0,0,0,0,0,0,0,0,0,0,0,0,0,0,0,0,0,0,0,0,0,0,0,0,0,0,0,0,0,0,0,0,0,canneal
16503,10177,10011,10159,10183,10895,9910,9958,10192,10126,9690,9807,10417,9876,9079,9961,5542,1322,1166,1311,1196,2065,1274,1265,1210,1539,1155,1174,1256,1147,157,1179,5596,1282,1223,1240,1215,2070,1156,1286,1205,1506,1258,1078,1153,1172,130,1127,5668,1323,1317,1152,1209,2035,1172,1301,1151,1413,1195,1234,1281,1126,151,1235,5676,1284,1206,1250,1179,1984,1145,1178,1255,1521,1176,1094,1331,1136,130,1167,5726,1381,1265,1212,1186,1952,1157,1302,1155,1554,1161,1151,1296,1227,172,1217,5444,1290,1230,1249,1196,1992,1198,1186,1163,1375,1198,1199,1302,1200,152,1138,5513,1304,1250,1237,1185,2003,1197,1190,1238,1285,1200,1164,1287,1172,129,1126,5563,1368,1208,1338,1224,1991,1188,1271,1177,1372,1233,1175,1298,1294,158,1100,5528,1533,1396,1330,1301,2213,1187,1254,1282,1344,1216,1179,1386,1186,169,1218,5456,1344,1241,1217,1240,1888,1259,1225,1149,1363,1197,1197,1249,1224,142,1172,5509,1348,1250,1218,1199,2043,1169,1149,1221,1248,1191,1218,1352,1234,141,1190,5739,1383,1289,1200,1297,2058,1196,1296,1246,1436,1211,1254,1327,1344,153,1259,5550,1299,1256,1246,1323,1984,1255,1212,1207,1466,1185,1222,1299,1262,154,1162,5474,1237,1159,1141,1177,1889,1045,1074,1057,1355,1100,1020,1085,1072,22,1110,5648,1353,1286,1173,1179,2052,1114,1265,1195,1459,1177,1193,1239,1113,128,1186,canneal
17086,11822,11745,11693,11753,12229,11513,11615,11445,11718,11424,11236,11666,11682,10128,11378,6693,1483,1468,1471,1443,2148,1491,1537,1554,1590,1450,1394,1451,1523,177,1489,6606,1480,1431,1418,1507,2103,1589,1455,1474,1519,1509,1381,1423,1480,170,1430,6599,1502,1538,1516,1489,2055,1514,1473,1415,1542,1461,1392,1426,1485,175,1527,6588,1508,1445,1493,1363,2061,1543,1426,1563,1502,1444,1438,1438,1501,162,1481,6574,1597,1521,1468,1595,2118,1474,1506,1666,1586,1513,1495,1509,1530,209,1516,6610,1446,1464,1496,1421,2126,1511,1471,1442,1458,1438,1369,1443,1522,157,1432,6515,1517,1344,1522,1467,2100,1456,1540,1462,1501,1438,1391,1455,1395,154,1455,6415,1488,1384,1506,1484,2049,1408,1521,1349,1437,1472,1507,1452,1491,169,1496,6614,1623,1532,1610,1638,2210,1735,1597,1634,1701,1541,1529,1650,1677,244,1549,6468,1384,1436,1427,1523,2085,1475,1476,1564,1525,1438,1470,1504,1518,160,1513,6312,1423,1404,1326,1423,1927,1559,1433,1481,1424,1405,1319,1445,1513,156,1389,6621,1464,1470,1447,1453,2055,1558,1583,1414,1626,1513,1575,1418,1617,159,1421,6492,1410,1387,1556,1485,2056,1466,1481,1558,1622,1532,1481,1476,1448,183,1434,6273,1347,1286,1343,1351,1938,1378,1278,1308,1389,1300,1342,1306,1402,27,1300,6410,1466,1544,1468,1510,1964,1544,1504,1436,1460,1470,1400,1367,1593,154,1555,canneal
8697,6083,5894,5794,7365,5930,5643,5759,5797,5891,5693,5801,5821,6031,5271,6152,3377,693,647,749,2129,589,582,629,710,643,722,742,777,618,86,742,3391,682,653,710,2050,630,610,661,694,658,713,655,694,673,105,755,3296,685,653,730,2112,620,628,636,714,646,677,706,674,638,88,789,3448,705,697,767,2058,750,703,742,780,697,748,729,780,609,101,691,3376,726,691,752,2093,681,643,624,701,707,706,726,770,661,98,725,3192,686,612,722,2100,649,604,597,721,629,705,642,721,643,86,720,3245,682,634,714,1998,676,649,653,712,628,668,669,696,674,84,705,3251,639,649,710,2031,638,604,635,718,671,668,676,745,664,81,721,3316,727,601,736,2134,723,657,643,765,758,716,734,735,757,113,782,3114,739,614,684,2036,633,627,675,716,679,728,710,754,642,93,662,3219,714,633,705,1962,644,591,705,676,639,652,640,658,612,79,671,3287,749,655,806,1993,647,636,616,705,681,708,707,696,672,84,685,3500,694,719,730,2109,655,659,581,751,657,725,744,721,680,81,748,3252,635,603,695,1927,630,487,593,671,563,665,570,610,540,20,669,3411,737,673,764,2154,655,659,639,779,665,773,702,757,710,90,812,canneal
11223,7727,7786,7864,7673,7682,8920,7575,7920,7885,7557,7763,7957,7527,6829,7803,4298,879,880,915,948,929,2084,886,961,990,903,878,949,874,130,981,4254,948,862,899,890,978,2110,961,912,984,965,933,963,903,126,968,4374,917,843,873,928,983,1989,945,1021,944,1004,954,984,888,124,1005,4369,956,904,909,868,991,2136,889,951,968,980,881,933,977,139,1017,4318,934,891,848,856,997,2083,931,964,1046,920,882,938,939,142,939,4414,905,874,876,961,940,2062,939,918,1074,936,873,960,910,135,1037,4294,937,838,815,898,912,1942,861,987,958,870,916,961,908,118,1045,4460,960,933,956,855,911,1953,983,949,995,851,929,1002,943,124,1096,4323,957,861,946,970,1015,2109,1037,1053,1019,958,915,938,869,130,1022,4215,901,901,879,870,958,2054,953,1007,1000,881,886,999,955,116,976,4330,886,858,864,844,960,2041,981,945,968,939,915,962,896,112,923,4395,966,920,846,908,980,2033,992,960,964,877,938,878,955,127,1050,4237,934,894,877,915,1017,2095,930,954,961,853,865,911,815,117,943,4191,862,799,811,794,891,1927,797,832,897,807,811,882,786,18,899,4292,932,888,867,981,957,2083,838,917,981,986,974,1020,939,123,984,canneal
17318,12496,11932,11626,11908,11672,12260,11920,11718,11858,11775,11728,11865,11824,10353,12016,6819,1752,1473,1449,1487,1645,1737,1528,1465,1509,1470,1564,1584,1454,186,1481,6627,1795,1415,1449,1517,1458,1717,1505,1471,1522,1503,1629,1498,1505,175,1516,6517,1775,1452,1398,1446,1442,1615,1494,1505,1496,1519,1525,1478,1536,159,1462,6751,1766,1513,1464,1476,1568,1709,1478,1533,1535,1586,1615,1430,1545,171,1513,6424,1785,1499,1488,1550,1438,1733,1373,1557,1496,1464,1488,1561,1621,192,1459,6780,1775,1581,1544,1528,1464,1700,1486,1592,1619,1530,1509,1618,1484,190,1501,6607,1731,1549,1483,1531,1349,1642,1394,1504,1517,1430,1547,1417,1489,171,1474,6605,1773,1424,1474,1513,1462,1588,1521,1477,1450,1464,1521,1474,1455,162,1466,6705,1888,1586,1541,1552,1454,1694,1634,1471,1464,1532,1625,1621,1596,178,1442,6545,1822,1487,1520,1331,1431,1644,1491,1477,1459,1514,1522,1533,1603,170,1485,6526,1638,1486,1428,1440,1493,1712,1530,1450,1394,1444,1395,1573,1539,154,1509,6623,1806,1591,1575,1508,1544,1729,1502,1508,1471,1475,1482,1532,1615,181,1527,6607,1812,1486,1488,1557,1468,1703,1476,1581,1551,1462,1479,1514,1503,149,1487,6394,1610,1329,1309,1323,1376,1460,1307,1372,1392,1360,1384,1310,1340,24,1341,6825,1891,1455,1540,1458,1533,1694,1537,1551,1517,1591,1572,1540,1549,177,1453,canneal
11360,8807,7569,7486,7505,7726,7521,7391,7538,7742,7358,7302,7595,7685,6733,7719,4315,2067,951,900,981,952,933,875,928,978,938,915,965,921,150,926,4210,2006,892,937,876,906,918,865,825,882,965,811,953,906,112,878,4164,2006,861,815,881,922,894,959,947,877,877,886,868,916,119,901,4151,2039,839,892,890,947,870,826,885,909,892,903,884,850,120,885,4271,2089,906,909,984,870,864,856,875,922,899,949,939,874,121,981,4150,1970,899,966,871,908,977,877,892,928,896,830,924,926,111,868,4065,1948,890,925,922,888,834,816,843,906,848,841,796,925,114,853,4139,1991,947,854,933,877,910,823,948,915,897,946,811,858,107,947,4299,2074,896,893,958,866,940,973,942,870,935,886,925,974,111,926,4079,1928,919,900,933,875,975,934,898,875,916,948,850,927,122,861,4142,1898,922,841,938,891,925,899,885,849,824,945,837,874,108,837,4309,1949,912,954,955,951,906,870,831,939,941,911,851,871,115,914,4239,2092,855,938,984,960,905,851,915,923,868,858,832,872,105,830,4080,1831,819,764,863,847,818,770,786,885,806,748,825,770,25,755,4322,2083,943,862,929,888,969,929,898,952,896,892,911,914,109,951,canneal
10011,6756,6648,6810,6545,6716,6314,6514,6495,6569,7888,6404,6620,6525,6178,6689,3683,780,801,767,747,780,836,814,831,849,2072,802,850,811,129,782,3662,776,740,763,740,761,799,766,816,831,2030,768,805,823,149,720,3773,843,794,723,789,735,747,748,823,758,2067,775,819,830,102,786,3546,754,734,748,789,698,769,783,765,749,2077,811,757,802,133,786,3768,748,745,756,826,711,763,775,818,753,2142,814,791,821,132,821,3487,785,741,741,742,768,753,772,793,743,2002,741,724,792,114,747,3572,772,776,733,714,770,714,724,786,802,1991,764,800,783,117,808,3560,733,776,739,729,783,740,797,765,875,1997,739,786,775,108,738,3624,820,740,811,797,784,732,751,822,819,2026,744,776,751,109,789,3638,767,810,766,832,745,765,752,793,869,1915,738,799,803,131,875,3529,808,733,648,738,774,745,699,709,782,1861,738,757,770,126,851,3603,769,795,650,848,852,855,775,780,829,2110,809,785,782,102,795,3589,755,781,730,720,738,770,793,812,863,2009,762,798,815,112,813,3700,680,776,702,679,696,673,718,705,790,1850,721,759,794,20,722,3685,786,887,778,854,863,774,806,789,834,2071,879,833,841,106,830,canneal
15895,10857,11093,11102,10815,10788,10590,10681,10889,11515,10918,10973,10887,11028,9660,10856,6077,1340,1362,1387,1309,1326,1454,1388,1329,1928,1388,1358,1415,1370,170,1368,6165,1400,1356,1300,1293,1329,1432,1424,1247,1946,1455,1346,1385,1287,180,1404,6194,1281,1431,1263,1387,1325,1412,1416,1344,2031,1378,1423,1443,1442,157,1466,6109,1279,1373,1283,1291,1278,1517,1380,1263,1842,1360,1480,1372,1357,177,1343,6092,1397,1376,1328,1250,1266,1398,1431,1249,1979,1446,1402,1342,1279,162,1331,6010,1322,1301,1290,1291,1293,1366,1381,1213,2043,1446,1358,1442,1379,176,1235,6024,1334,1264,1319,1347,1315,1266,1311,1338,1930,1389,1299,1384,1366,168,1319,6145,1386,1330,1291,1326,1315,1296,1288,1300,2066,1407,1311,1406,1395,171,1280,6149,1439,1417,1420,1333,1360,1461,1423,1353,2093,1405,1509,1410,1394,172,1423,6177,1432,1451,1347,1437,1281,1371,1460,1329,2029,1336,1361,1387,1434,179,1329,6172,1400,1376,1277,1331,1324,1375,1332,1316,2006,1349,1313,1299,1428,147,1310,6050,1379,1342,1400,1279,1391,1360,1348,1346,1968,1412,1433,1340,1367,144,1308,6183,1409,1329,1325,1332,1385,1393,1437,1294,2001,1363,1428,1405,1316,154,1407,5988,1145,1181,1196,1174,1228,1293,1180,1249,1795,1198,1188,1190,1231,24,1253,6232,1331,1418,1401,1348,1364,1376,1359,1358,2003,1389,1349,1359,1351,161,1419,canneal
15526,10760,10432,10699,10524,10998,10932,10634,10697,11553,10937,10705,10988,10797,9729,11143,6012,1320,1324,1286,1324,1264,1288,1324,1322,1944,1353,1275,1303,1318,164,1263,5757,1314,1304,1296,1326,1293,1346,1234,1298,1890,1279,1250,1319,1277,149,1367,6017,1331,1294,1281,1316,1327,1362,1244,1300,1988,1313,1314,1325,1362,155,1377,5925,1320,1341,1232,1240,1325,1322,1284,1241,2102,1382,1330,1366,1320,159,1344,6030,1314,1366,1341,1355,1377,1437,1340,1338,1983,1424,1412,1349,1353,177,1223,6067,1299,1331,1286,1319,1400,1392,1420,1367,2043,1372,1265,1325,1338,166,1330,5973,1295,1317,1276,1358,1377,1265,1306,1403,1934,1327,1316,1314,1262,153,1372,5944,1418,1327,1358,1283,1374,1381,1303,1356,1929,1336,1253,1367,1337,163,1363,6111,1409,1292,1412,1426,1452,1454,1389,1494,2024,1388,1484,1357,1426,181,1390,6152,1330,1428,1377,1421,1397,1298,1299,1482,2045,1326,1373,1353,1368,182,1363,5968,1320,1309,1272,1348,1398,1360,1379,1323,1952,1355,1230,1320,1319,144,1370,6142,1388,1315,1265,1409,1368,1388,1371,1399,2085,1331,1443,1317,1240,150,1334,6154,1336,1366,1300,1356,1406,1370,1282,1372,1960,1310,1320,1321,1283,149,1413,6026,1187,1216,1234,1247,1240,1222,1112,1201,1910,1231,1200,1198,1213,27,1161,6243,1346,1395,1434,1420,1372,1399,1369,1421,2031,1329,1447,1313,1359,167,1280,canneal
9959,6750,6432,6498,6499,6548,6347,6459,6381,7675,6562,6383,6452,6536,5911,6701,3709,729,767,736,729,707,819,794,801,2026,720,812,769,778,98,744,3665,735,721,677,760,697,731,644,756,2074,692,809,750,802,82,760,3693,713,668,677,790,813,710,728,766,1928,716,725,711,820,106,780,3672,824,723,764,689,758,754,806,734,1988,701,754,754,787,117,780,3609,831,750,692,714,735,703,715,763,2019,778,760,727,822,94,774,3635,773,733,736,667,809,693,728,780,1977,731,800,702,777,89,724,3682,700,694,687,691,708,766,742,711,1921,745,744,729,798,87,751,3652,743,681,712,744,708,699,794,755,1976,754,778,777,755,91,703,3670,769,708,822,845,781,712,823,766,1966,735,741,782,831,131,760,3697,716,781,777,722,733,742,837,748,2148,752,774,795,831,97,719,3612,757,774,659,712,757,743,774,709,2023,675,699,683,818,92,740,3584,790,728,795,785,756,721,765,774,1996,810,748,733,785,105,764,3734,791,772,747,749,754,753,762,750,2099,762,798,798,833,96,744,3641,641,687,661,689,646,721,648,684,2002,661,728,703,727,21,640,3867,817,805,799,798,829,788,768,855,2052,843,783,738,879,84,735,canneal
2041,1279,1073,1140,1221,1148,1330,1065,1068,1070,1020,1030,1085,1103,2246,2078,572,95,38,36,72,35,244,31,33,36,36,31,36,29,950,568,592,113,26,23,55,27,215,21,22,24,24,25,26,25,863,576,593,100,26,30,61,30,186,30,27,27,28,23,26,26,837,610,614,118,30,31,63,36,304,31,32,34,29,30,33,26,853,589,613,100,32,29,57,32,180,34,32,34,32,26,28,26,866,633,521,79,31,29,95,29,144,31,28,30,33,25,34,22,865,554,537,82,24,21,51,23,170,21,19,31,28,28,22,20,760,577,571,95,25,26,52,29,171,27,27,31,29,28,29,25,773,585,491,90,26,29,57,28,181,28,29,26,31,27,30,31,801,626,496,89,26,25,46,26,199,24,23,26,24,23,23,22,908,582,517,81,17,16,44,16,170,20,20,18,16,15,17,19,774,573,582,106,23,26,48,25,209,24,24,23,21,21,19,24,845,625,542,104,28,30,56,28,188,27,28,30,28,28,29,24,855,672,720,278,46,40,102,35,318,40,33,33,43,34,44,29,921,737,838,158,47,43,82,44,333,42,36,40,49,51,44,39,1036,618,canneal
11441,7828,7588,7653,7526,7996,7638,8887,7956,7647,7619,7697,7855,7768,7070,7931,4307,1030,928,886,932,851,968,2029,940,928,950,932,928,905,123,979,4322,1013,861,922,860,909,907,1897,965,938,1031,890,938,951,124,980,4361,971,880,954,900,893,835,1895,916,928,954,900,980,966,112,929,4209,919,863,925,755,948,830,1892,901,935,892,917,978,936,122,934,4542,919,954,927,870,879,916,2050,920,965,1003,958,918,910,110,961,4294,950,910,902,889,918,885,1904,884,910,894,881,923,918,113,951,4359,981,823,892,844,1025,961,1869,930,980,988,904,964,943,122,938,4388,964,851,1002,839,856,973,2001,962,979,1001,949,1009,903,96,914,4246,992,897,995,917,931,956,1967,985,1019,1010,865,1050,922,134,955,4201,947,916,927,865,797,918,1926,945,1003,918,871,1011,904,107,822,4334,939,886,962,864,888,960,1893,902,879,1047,884,858,889,106,916,4354,984,861,986,900,876,954,1973,920,984,1007,907,929,916,112,904,4316,923,872,1019,885,912,891,2055,940,1013,917,869,955,884,113,961,4285,819,771,945,771,857,871,1946,879,870,797,801,924,855,22,825,4459,994,932,995,905,894,978,1919,963,961,977,990,982,964,113,939,canneal
17597,12001,11686,11982,11751,12011,11774,12228,12000,12095,11864,11880,11900,12123,10476,12200,6701,1466,1364,1532,1439,1463,1465,1960,1485,1455,1521,1447,1577,1513,198,1463,6607,1463,1422,1432,1433,1556,1412,1919,1414,1518,1446,1464,1443,1489,180,1516,6671,1472,1478,1461,1548,1513,1447,1912,1495,1497,1490,1464,1555,1513,173,1469,6539,1450,1444,1427,1465,1509,1518,1881,1365,1432,1433,1463,1574,1525,175,1486,6659,1470,1420,1525,1579,1503,1500,2104,1458,1439,1419,1480,1516,1574,187,1501,6558,1427,1408,1486,1471,1478,1475,2009,1471,1587,1485,1440,1488,1580,181,1436,6715,1405,1528,1551,1563,1517,1476,1872,1489,1428,1488,1486,1596,1477,211,1473,6748,1451,1480,1500,1497,1558,1494,1797,1479,1442,1536,1404,1544,1452,177,1414,6718,1515,1481,1585,1509,1489,1593,1886,1499,1595,1542,1454,1605,1481,198,1512,6699,1402,1462,1457,1480,1550,1460,1858,1409,1546,1554,1497,1614,1506,166,1430,6684,1438,1384,1589,1451,1539,1454,1865,1510,1477,1491,1423,1456,1523,181,1488,6666,1410,1333,1574,1563,1455,1544,1896,1468,1479,1507,1431,1520,1463,173,1557,6790,1473,1362,1582,1557,1435,1568,1975,1495,1483,1465,1418,1425,1458,173,1479,6441,1282,1357,1310,1345,1331,1267,1758,1388,1292,1373,1245,1298,1323,27,1275,6879,1505,1548,1585,1493,1462,1476,2024,1495,1551,1540,1450,1556,1543,158,1493,canneal
11720,8203,7973,8077,8071,8000,7850,9038,8174,8024,8029,7761,8103,7972,7259,8084,4575,947,967,947,968,976,1005,1988,971,999,874,949,919,1024,139,918,4474,943,911,1023,941,867,984,1986,1018,978,996,892,932,1008,140,966,4487,977,914,1011,885,979,1022,1960,951,1005,949,972,882,957,139,939,4488,944,1018,900,846,1030,1002,2005,994,960,959,980,903,856,135,959,4437,1036,967,969,985,1012,902,2056,980,995,994,915,983,1024,139,875,4391,962,1037,906,1009,894,971,2006,946,976,1011,1039,930,902,130,850,4570,994,999,930,970,1029,1024,1965,1043,997,1063,1058,926,931,166,907,4576,935,931,969,957,961,984,1975,1047,1017,994,981,909,982,151,879,4446,1015,1048,939,979,998,1002,2077,961,957,974,964,954,1003,155,1011,4445,993,989,942,978,990,970,2035,1048,949,905,898,916,944,140,998,4398,920,963,972,961,963,902,1768,953,955,924,902,979,954,130,941,4623,900,995,986,1031,976,940,2008,1048,976,953,930,986,982,138,982,4479,981,924,956,1054,984,938,1987,1012,902,1006,941,923,918,135,917,4428,791,848,803,929,896,893,1881,848,794,940,808,800,904,26,769,4531,936,1008,977,968,990,1010,2035,1050,983,1023,1061,943,953,136,974,canneal
13903,9352,9218,9576,9219,9425,9051,9247,9187,9180,9277,9358,9235,9585,10275,9618,5153,1013,1110,1064,1100,1092,998,1062,1049,1059,1107,1077,1030,1021,1904,1107,5085,934,1111,1018,1133,1080,1038,1037,1037,1026,1083,1059,1087,1010,1921,1082,5235,1034,1040,1046,1128,1022,1072,1148,1047,1047,1084,1116,1009,1030,1947,1124,5021,996,1121,1016,1047,1059,1004,1041,1009,1068,1039,1066,969,1054,1903,1163,5151,1033,1009,1019,1128,1009,971,1048,1074,1193,1083,1117,1023,1096,2019,1135,5093,1015,1005,1000,1100,1066,971,1025,1055,1136,1110,1083,1026,1054,1923,1149,5131,1058,1024,1045,1084,1078,961,1014,1016,1064,1124,1092,1056,1067,1969,1101,5123,1088,1061,1077,1022,1079,961,1099,1071,1098,1010,1136,1082,958,1792,1194,5005,1008,1052,1153,1036,1063,1039,1042,1000,1093,1030,1134,1146,1089,1828,1124,5218,1001,1048,1088,1089,1090,982,1163,1007,1143,928,1005,1125,1078,1916,1143,5178,957,1133,1102,998,1020,966,1093,989,997,1043,1005,1046,996,1985,1113,5099,1094,1123,1120,1104,1007,1001,1084,1049,1113,1134,1087,1042,995,1868,1154,5241,1050,1051,1153,1036,1079,1061,1138,1106,1145,1116,1112,1116,984,1925,1130,5194,1044,1022,1106,1048,1020,1050,1055,1002,1077,1040,1086,1075,901,1883,1051,5281,1034,1167,1101,1145,1047,1048,1112,1036,1253,1120,1132,1133,1132,2019,1101,canneal
22096,15349,15027,15046,15423,15093,15229,15181,15430,15525,15113,15125,15143,15797,15322,15461,8516,1758,1780,1833,1788,1743,1832,1834,1865,1800,2025,1840,1879,1910,1876,1804,8342,1710,1824,1790,1791,1700,1885,1873,1770,1794,1792,1870,1836,1877,1850,1872,8460,1750,1816,1798,1820,1645,1914,1917,1807,1801,1786,1812,1753,1871,1820,1767,8609,1713,1784,1846,1772,1679,1860,1879,1722,1849,1922,1833,1908,1872,1813,1819,8479,1820,1768,1822,1765,1688,1767,1889,1866,1847,1722,1884,1821,1834,1772,1691,8460,1841,1820,1748,1874,1708,1817,1742,1857,1891,1909,1812,1737,1908,1807,1833,8491,1792,1806,1823,1855,1735,1811,1793,1824,1921,1858,1796,1784,1801,1820,1797,8724,1883,1872,1856,1881,1734,1761,1954,1883,1779,1868,1839,1875,1742,1840,1808,8708,1815,1765,1892,1912,1894,1909,1861,1861,1835,1937,1880,1806,1897,1799,1909,8453,1701,1923,1739,1948,1784,1778,1810,1931,1799,1996,1893,1872,1885,1793,1782,8424,1833,1832,1718,1913,1745,1745,1852,1776,1853,1848,1767,1832,1852,1880,1874,8522,1881,1822,1664,1922,1768,1838,1866,1932,1755,1892,1842,1760,1940,1692,1916,8839,1744,1771,1825,1990,1752,1862,1945,1800,1845,1900,1930,1941,1868,1836,1837,8450,1865,1838,1747,1788,1686,1938,1792,1865,1796,1808,1775,1758,1816,1760,1830,8717,1940,1843,1898,1795,1777,1851,1949,1837,1915,1846,1935,1855,1935,1913,1812,canneal
22518,15458,14875,15267,14905,15051,15204,15433,14998,15447,14929,15048,15355,15376,15268,15638,8570,1821,1769,1740,1762,1790,1799,1883,1798,1816,1846,1851,1801,1758,1865,1790,8461,1784,1660,1821,1695,1774,1748,1728,1770,1804,1881,1789,1754,1700,1683,1778,8548,1827,1759,1806,1687,1806,1722,1867,1816,1882,1865,1773,1738,1761,1893,1883,8459,1771,1856,1744,1678,1879,1803,1819,1801,1863,1889,1796,1746,1786,1833,1819,8391,1820,1725,1810,1699,1707,1838,1849,1768,1886,1770,1814,1884,1689,1821,1802,8443,1798,1845,1775,1753,1743,1817,1863,1870,1818,1823,1822,1823,1753,1826,1839,8502,1841,1684,1719,1703,1752,1743,1802,1801,1935,1909,1830,1811,1881,1739,1808,8439,1765,1748,1775,1715,1757,1809,1855,1801,1865,1862,1861,1828,1793,1857,1781,8657,1703,1810,1861,1749,1759,1850,1886,1871,1921,1981,1923,1879,1759,1821,1908,8425,1715,1862,1586,1816,1669,1856,1841,1847,1825,1844,1863,1870,1818,1806,1887,8344,1785,1810,1816,1724,1748,1753,1828,1834,1770,1877,1801,1749,1787,1840,1812,8526,1793,1794,1732,1819,1825,1795,1937,1866,1952,1933,1880,1832,1766,1805,1838,8579,1842,1792,1857,1803,1905,1847,1879,1811,1790,1940,1868,1829,1743,1825,1910,8630,1885,1793,1910,1794,1832,1861,1858,1930,1821,1884,1842,1914,1737,1743,1837,8834,1908,1740,1898,1816,1829,1838,1942,1851,2003,1935,1878,1969,1743,1873,1895,canneal
21572,14731,14262,14692,14990,14919,14675,14928,14430,14568,14480,14735,14689,14420,14448,14872,8239,1713,1783,1768,1837,1794,1714,1638,1741,1722,1769,1692,1622,1712,1699,1847,8114,1810,1706,1810,1693,1773,1764,1607,1656,1685,1818,1745,1594,1650,1704,1747,8211,1937,1784,1768,1744,1771,1820,1733,1670,1734,1646,1734,1808,1625,1691,1792,8339,1921,1803,1777,1652,1752,1790,1760,1709,1645,1691,1805,1641,1693,1698,1869,8548,1790,1875,1726,1761,1650,1703,1670,1751,1786,1858,1774,1634,1757,1658,1812,8346,1778,1852,1745,1705,1745,1654,1714,1737,1790,1755,1763,1676,1653,1700,1768,8449,1872,1847,1826,1709,1713,1788,1721,1718,1765,1744,1739,1736,1699,1688,1780,8171,1778,1747,1773,1820,1670,1766,1669,1663,1713,1737,1789,1710,1709,1683,1716,8213,1817,1816,1759,1685,1723,1744,1799,1771,1787,1752,1797,1794,1701,1654,1819,8122,1784,1851,1804,1672,1689,1719,1714,1695,1815,1691,1762,1824,1751,1658,1778,8355,1879,1748,1626,1770,1736,1691,1606,1762,1703,1767,1700,1681,1646,1563,1741,8264,1882,1823,1779,1887,1764,1751,1627,1789,1734,1854,1895,1689,1711,1683,1768,8074,1848,1785,1738,1856,1718,1734,1651,1716,1824,1679,1704,1696,1618,1706,1923,8190,1840,1804,1759,1751,1743,1669,1767,1645,1717,1693,1736,1706,1666,1700,1822,8293,1824,1797,1725,1837,1729,1780,1791,1778,1827,1655,1760,1820,1778,1765,1836,canneal
21818,14782,14557,14660,15255,14627,14784,14497,14319,14514,14137,14400,14917,14445,15074,15145,8169,1707,1736,1688,1913,1881,1774,1653,1691,1817,1639,1770,1714,1664,1698,1709,8108,1778,1647,1720,1841,1734,1689,1802,1650,1742,1715,1860,1757,1639,1707,1691,8111,1879,1743,1790,1897,1690,1798,1782,1738,1756,1725,1778,1676,1588,1824,1669,8260,1772,1719,1769,1904,1863,1701,1788,1688,1696,1647,1835,1726,1696,1787,1788,8040,1744,1722,1683,1928,1809,1679,1755,1687,1730,1628,1745,1686,1666,1755,1830,8091,1752,1751,1788,1881,1736,1645,1750,1722,1740,1745,1752,1734,1678,1792,1735,8112,1771,1847,1661,1858,1683,1703,1688,1728,1623,1748,1662,1723,1625,1715,1715,7948,1730,1826,1676,1884,1758,1810,1640,1596,1691,1690,1731,1700,1647,1608,1823,7989,1737,1780,1708,1888,1741,1759,1754,1665,1735,1628,1762,1737,1705,1706,1824,7817,1769,1812,1712,1903,1674,1807,1623,1637,1724,1700,1837,1688,1715,1698,1706,7854,1671,1707,1706,1845,1677,1624,1776,1646,1813,1723,1726,1734,1619,1711,1604,8357,1745,1833,1826,1937,1823,1742,1680,1752,1800,1686,1827,1732,1608,1878,1773,8171,1735,1709,1665,1948,1788,1661,1641,1726,1780,1674,1728,1734,1667,1884,1667,8332,1812,1788,1742,2003,1722,1696,1710,1747,1743,1650,1731,1768,1658,1755,1787,8460,1783,1865,1849,1978,1810,1817,1740,1800,1875,1674,1808,1789,1647,1758,1825,canneal
21751,15030,14677,14947,15183,15315,15238,14976,15236,15210,14940,15044,15198,15091,15128,14842,8223,1812,1843,1683,1856,1734,1965,1739,1758,1832,1684,1801,1767,1786,1913,1769,8102,1837,1697,1781,1756,1789,1863,1744,1716,1898,1775,1828,1707,1790,1791,1744,8228,1918,1773,1651,1807,1744,1858,1916,1814,1904,1781,1807,1804,1797,1759,1691,8457,1967,1777,1860,1790,1731,1898,1866,1744,1779,1812,1897,1746,1785,1757,1688,8476,1935,1850,1759,1730,1724,1794,1806,1780,1945,1850,1867,1862,1839,1870,1759,8407,1986,1682,1746,1886,1745,1782,1785,1733,1849,1745,1724,1887,1876,1792,1773,8223,1880,1718,1875,1762,1740,1822,1761,1769,1887,1845,1755,1851,1837,1780,1824,8407,1926,1752,1780,1856,1828,1723,1859,1802,1833,1795,1832,1675,1668,1703,1819,8447,1826,1808,1785,1974,1830,1850,1871,1863,1967,1775,1837,1853,1855,1864,1771,8285,1840,1653,1658,1809,1773,1775,1797,1865,1924,1723,1702,1828,1842,1803,1772,8252,1910,1707,1694,1751,1803,1867,1692,1757,1878,1785,1775,1739,1799,1858,1796,8307,1933,1774,1911,1799,1712,1954,1763,1815,1967,1953,1772,1756,1802,1864,1752,8234,1861,1703,1888,1742,1732,1902,1842,1742,1929,1745,1899,1931,1701,1829,1705,8405,1805,1851,1888,1784,1817,1853,1856,1732,1787,1777,1796,1791,1891,1798,1732,8250,1884,1826,1847,1901,1837,1765,1784,1913,1848,1803,1829,1795,1880,1880,1722,canneal
22046,15346,14903,15128,14813,15026,15624,15087,15188,14854,14983,14894,15049,15168,15294,15186,8566,1784,1779,1774,1721,1918,1837,1722,1789,1846,1887,1854,1861,1891,1914,1806,8375,1803,1672,1761,1757,1791,1819,1850,1843,1818,1832,1854,1889,1798,1847,1781,8521,1804,1715,1844,1759,1728,1825,1651,1809,1735,1823,1867,1991,1856,1778,1822,8251,1858,1729,1834,1718,1783,1867,1763,1725,1771,1727,1795,1987,1729,1748,1837,8332,1811,1727,1837,1713,1755,1897,1713,1754,1713,1832,1844,1967,1785,1771,1749,8556,1939,1791,1836,1773,1628,1770,1719,1777,1791,1876,1936,1943,1796,1846,1876,8479,1734,1787,1746,1761,1774,1868,1697,1814,1788,1734,1851,1857,1862,1807,1842,8446,1892,1725,1702,1745,1737,1827,1825,1889,1807,1816,1834,1905,1816,1862,1865,8300,1858,1632,1784,1765,1888,1801,1797,1910,1726,1872,1903,1884,1875,1794,1933,8277,1791,1682,1848,1786,1833,1830,1883,1756,1815,1856,1871,1757,1953,1821,1797,8348,1842,1750,1795,1777,1783,1886,1741,1699,1704,1834,1705,1925,1863,1836,1805,8314,1864,1822,1779,1753,1883,2034,1820,1852,1768,1727,1863,1847,1821,1810,1988,8387,1858,1711,1772,1733,1843,1894,1818,1824,1836,1856,1772,1920,1801,1808,1892,8400,1964,1766,1788,1755,1874,1872,1749,1866,1712,1852,1867,1945,1948,1814,1890,8432,1815,1777,1876,1817,1759,1788,1903,1816,1861,1877,1815,1866,1960,1846,1846,canneal
3293,1921,1819,1931,1906,1918,1880,1829,1844,1856,1850,1876,1890,1886,3711,3289,1270,9,5,7,14,9,6,6,7,6,7,7,9,8,1818,1253,1290,7,2,7,4,5,3,5,4,4,6,2,3,3,1793,1194,1364,9,6,8,8,7,8,5,4,5,5,6,6,7,1791,1235,1307,8,3,8,7,5,3,5,4,6,5,5,9,10,1793,1220,1314,7,5,6,7,6,4,5,4,5,6,8,8,7,1798,1222,1304,10,2,3,12,5,3,3,3,3,3,6,14,11,1814,1320,1305,9,4,6,6,7,4,4,7,4,5,5,7,6,1790,1248,1279,7,4,5,5,5,3,4,5,7,5,6,3,5,1792,1250,1303,4,4,5,5,6,2,3,4,4,7,4,4,3,1795,1249,1265,8,5,7,6,6,0,5,6,5,6,7,5,8,1798,1235,1321,8,4,8,6,7,2,5,4,4,6,4,6,6,1790,1286,1405,7,4,7,6,6,3,4,5,5,6,6,8,13,1795,1285,1214,11,6,8,7,8,7,6,6,5,7,6,9,9,1800,1248,1347,7,6,8,11,6,9,5,7,7,10,10,9,10,1793,1240,1466,12,8,9,9,8,12,11,13,17,11,8,13,10,1801,1300,canneal
10445,6617,6861,6604,6910,7217,6554,6486,6584,6513,6496,6370,6450,6721,8418,6523,3712,813,987,753,882,956,821,840,828,813,774,791,882,856,2124,728,3656,888,990,720,854,1081,840,792,763,802,741,748,789,940,2387,717,3740,877,1045,755,951,1057,891,948,829,854,922,819,860,894,2339,877,3804,803,989,737,838,1026,856,856,824,782,823,867,802,859,2369,742,4009,862,1164,804,971,1067,989,903,884,953,887,869,874,1013,2665,840,3671,758,976,685,886,1010,697,801,781,791,747,735,745,872,2052,689,3624,794,1042,754,864,920,803,875,871,867,780,756,871,843,2200,731,3676,806,1059,686,824,954,798,846,878,961,823,794,788,878,2068,759,3593,821,1118,734,829,899,778,829,878,807,934,820,794,895,1988,741,3617,848,995,853,948,961,886,832,871,847,760,748,1012,1015,2188,711,3495,841,1013,664,861,1068,929,755,773,806,778,726,785,934,2100,826,3683,782,999,756,888,1000,844,812,848,878,761,710,708,912,2083,812,3686,792,1011,783,929,1014,1077,783,806,780,811,796,825,866,2009,797,3709,832,1180,765,984,1118,818,817,859,883,875,814,762,911,2104,774,3768,891,1088,899,960,1116,933,915,939,937,786,842,914,1008,2639,833,canneal
1319,876,915,893,856,882,855,866,860,879,856,939,933,913,2439,984,445,19,14,20,12,18,6,9,11,15,14,21,25,31,1439,44,462,15,13,15,13,18,9,10,12,20,17,26,31,32,1488,48,451,13,13,16,14,20,13,6,12,14,15,29,30,30,1427,41,426,13,15,21,13,17,6,9,9,16,18,29,18,30,1428,52,445,14,17,17,15,23,11,8,12,11,12,26,33,36,1465,49,438,11,13,18,12,16,9,8,5,17,15,22,23,21,1458,35,440,13,15,15,16,15,10,5,11,10,12,27,24,27,1438,44,436,15,19,19,13,16,10,5,16,13,13,23,22,30,1438,41,449,9,15,20,16,19,7,10,16,13,14,35,38,37,1467,53,428,13,21,16,14,15,8,11,11,12,18,23,26,34,1529,34,457,9,16,15,16,15,14,11,8,11,13,21,28,28,1435,51,464,11,12,12,11,22,10,6,13,12,18,48,25,33,1552,47,448,11,20,17,10,17,11,10,13,14,12,27,25,29,1504,36,479,14,16,15,10,24,10,7,17,9,14,62,21,32,1569,73,473,12,15,20,18,17,10,8,13,13,14,42,22,37,1546,67,canneal
1421,1149,1070,1160,1112,1150,1049,1080,1058,1075,1037,1050,1093,1140,3011,1136,167,6,8,8,10,9,5,7,5,6,5,5,7,9,1907,16,124,3,1,4,5,5,1,4,3,3,2,2,4,6,1894,9,180,6,5,9,8,8,5,6,6,5,6,5,5,7,1891,19,141,11,10,8,8,9,5,4,5,5,7,7,6,7,1893,20,165,7,4,9,7,5,5,6,5,4,4,4,5,7,1892,15,119,11,6,11,10,10,7,7,5,12,8,7,9,9,1890,13,124,5,3,5,6,5,3,3,3,1,2,4,4,6,1886,16,109,5,2,5,5,6,2,3,2,2,2,4,5,6,1888,17,126,6,2,4,5,7,2,4,3,4,1,3,3,6,1890,13,111,4,3,6,6,5,1,5,3,2,1,5,5,7,1889,15,107,5,3,4,5,4,2,3,4,3,2,3,7,7,1889,10,131,7,4,6,6,7,2,5,4,6,3,5,5,10,1892,18,152,8,7,9,8,7,4,5,6,6,6,7,8,9,1895,24,142,6,14,9,8,11,8,11,7,8,9,7,8,8,1894,17,147,12,7,12,10,14,9,8,5,7,8,7,11,10,1896,21,canneal
8378,7352,7158,6902,6940,6926,5605,6680,6618,5581,5631,5665,5623,5541,8735,5880,2612,1531,1640,1344,1305,1182,60,1085,887,87,43,32,34,35,2916,31,2534,1644,1521,1304,1267,1124,67,1003,873,101,43,35,30,24,2777,31,2488,1537,1600,1302,1340,1147,58,983,802,76,37,36,29,35,2468,49,2587,1621,1640,1446,1215,1197,63,994,881,97,44,43,41,35,2517,52,2600,1571,1465,1405,1317,1142,48,1025,951,86,36,24,29,27,2702,21,2554,1557,1473,1333,1260,1087,69,960,911,111,73,72,48,44,2373,54,2539,1593,1498,1353,1238,1149,54,945,885,89,35,33,21,17,2264,22,2566,1642,1495,1378,1344,1119,65,991,853,118,35,30,25,20,2345,24,2469,1498,1408,1358,1177,1041,43,949,881,62,24,19,17,10,2214,18,2554,1496,1489,1375,1244,1094,44,969,809,76,14,16,8,9,2755,11,2577,1617,1414,1368,1157,1025,33,907,880,73,16,16,10,9,2324,13,2551,1559,1554,1312,1276,1057,38,913,813,73,16,11,9,10,2403,14,2498,1513,1529,1262,1128,1017,36,957,893,74,19,17,13,10,2399,13,2540,1535,1644,1472,1377,1232,75,1144,1029,163,67,51,62,51,2371,69,2706,1687,1558,1464,1301,1162,68,1084,965,120,43,40,41,39,2711,43,canneal
5214,3426,3443,3703,3874,3896,3244,4121,4002,3389,3254,3206,3290,3218,4990,3353,1718,43,222,346,470,556,40,822,856,39,42,44,38,38,1774,47,1656,48,197,421,449,540,36,735,933,35,40,42,47,48,1774,50,1676,38,191,335,489,525,43,753,909,31,39,38,38,40,1761,49,1715,48,194,352,415,535,59,769,994,39,38,47,41,47,1773,50,1683,41,233,396,462,575,48,749,922,41,43,35,35,42,1766,41,1622,25,151,330,469,482,26,713,854,26,22,21,28,30,1776,28,1689,55,199,377,481,605,36,776,872,40,47,41,39,41,1770,45,1620,51,208,339,517,555,58,748,839,48,55,53,57,62,1777,62,1695,28,165,299,505,530,29,695,905,19,15,20,22,30,1741,24,1622,14,134,346,462,490,21,707,812,7,8,4,8,13,1737,11,1591,12,121,318,449,475,12,679,839,7,5,3,5,11,1727,10,1637,19,138,303,469,446,18,745,889,9,5,8,7,13,1735,11,1598,22,159,313,441,484,20,703,768,10,4,6,9,12,1732,13,1648,48,215,340,463,506,62,753,870,53,48,44,46,49,1766,53,1691,49,195,360,471,524,33,788,844,42,39,46,49,42,1768,44,canneal
3033,1993,1856,1957,1919,1942,1864,1909,1907,1917,1859,1869,1882,1957,3804,1964,1020,33,30,34,25,34,29,29,28,32,28,31,29,32,1866,30,952,32,24,35,23,27,28,35,27,29,27,19,22,30,1857,30,1000,28,22,30,22,24,26,30,24,26,23,21,26,29,1849,30,991,31,26,35,24,34,35,29,26,30,28,23,23,31,1862,35,993,26,22,35,22,29,26,28,25,30,25,24,28,29,1850,30,937,9,11,15,13,12,7,15,14,13,5,12,6,14,1836,11,989,30,26,31,30,30,29,22,24,29,28,21,27,29,1865,42,990,36,35,41,30,39,39,31,34,42,30,32,31,33,1858,34,965,13,16,12,13,14,9,17,12,11,13,8,14,15,1836,20,930,10,8,8,9,11,3,8,9,5,4,7,7,8,1831,9,931,7,7,6,6,9,2,5,7,4,4,5,8,7,1831,7,941,8,5,6,5,10,3,5,8,4,4,4,5,9,1837,8,973,6,5,5,8,6,3,6,8,6,7,5,7,6,1838,8,1000,29,31,34,31,32,31,34,29,34,29,34,34,35,1860,35,1002,23,23,34,27,25,22,19,21,26,22,18,26,27,1857,27,canneal
