From router 0 to router 0,From router 0 to router 1,From router 0 to router 2,From router 0 to router 3,From router 0 to router 4,From router 0 to router 5,From router 0 to router 6,From router 0 to router 7,From router 0 to router 8,From router 0 to router 9,From router 0 to router 10,From router 0 to router 11,From router 0 to router 12,From router 0 to router 13,From router 0 to router 14,From router 0 to router 15,From router 1 to router 0,From router 1 to router 1,From router 1 to router 2,From router 1 to router 3,From router 1 to router 4,From router 1 to router 5,From router 1 to router 6,From router 1 to router 7,From router 1 to router 8,From router 1 to router 9,From router 1 to router 10,From router 1 to router 11,From router 1 to router 12,From router 1 to router 13,From router 1 to router 14,From router 1 to router 15,From router 2 to router 0,From router 2 to router 1,From router 2 to router 2,From router 2 to router 3,From router 2 to router 4,From router 2 to router 5,From router 2 to router 6,From router 2 to router 7,From router 2 to router 8,From router 2 to router 9,From router 2 to router 10,From router 2 to router 11,From router 2 to router 12,From router 2 to router 13,From router 2 to router 14,From router 2 to router 15,From router 3 to router 0,From router 3 to router 1,From router 3 to router 2,From router 3 to router 3,From router 3 to router 4,From router 3 to router 5,From router 3 to router 6,From router 3 to router 7,From router 3 to router 8,From router 3 to router 9,From router 3 to router 10,From router 3 to router 11,From router 3 to router 12,From router 3 to router 13,From router 3 to router 14,From router 3 to router 15,From router 4 to router 0,From router 4 to router 1,From router 4 to router 2,From router 4 to router 3,From router 4 to router 4,From router 4 to router 5,From router 4 to router 6,From router 4 to router 7,From router 4 to router 8,From router 4 to router 9,From router 4 to router 10,From router 4 to router 11,From router 4 to router 12,From router 4 to router 13,From router 4 to router 14,From router 4 to router 15,From router 5 to router 0,From router 5 to router 1,From router 5 to router 2,From router 5 to router 3,From router 5 to router 4,From router 5 to router 5,From router 5 to router 6,From router 5 to router 7,From router 5 to router 8,From router 5 to router 9,From router 5 to router 10,From router 5 to router 11,From router 5 to router 12,From router 5 to router 13,From router 5 to router 14,From router 5 to router 15,From router 6 to router 0,From router 6 to router 1,From router 6 to router 2,From router 6 to router 3,From router 6 to router 4,From router 6 to router 5,From router 6 to router 6,From router 6 to router 7,From router 6 to router 8,From router 6 to router 9,From router 6 to router 10,From router 6 to router 11,From router 6 to router 12,From router 6 to router 13,From router 6 to router 14,From router 6 to router 15,From router 7 to router 0,From router 7 to router 1,From router 7 to router 2,From router 7 to router 3,From router 7 to router 4,From router 7 to router 5,From router 7 to router 6,From router 7 to router 7,From router 7 to router 8,From router 7 to router 9,From router 7 to router 10,From router 7 to router 11,From router 7 to router 12,From router 7 to router 13,From router 7 to router 14,From router 7 to router 15,From router 8 to router 0,From router 8 to router 1,From router 8 to router 2,From router 8 to router 3,From router 8 to router 4,From router 8 to router 5,From router 8 to router 6,From router 8 to router 7,From router 8 to router 8,From router 8 to router 9,From router 8 to router 10,From router 8 to router 11,From router 8 to router 12,From router 8 to router 13,From router 8 to router 14,From router 8 to router 15,From router 9 to router 0,From router 9 to router 1,From router 9 to router 2,From router 9 to router 3,From router 9 to router 4,From router 9 to router 5,From router 9 to router 6,From router 9 to router 7,From router 9 to router 8,From router 9 to router 9,From router 9 to router 10,From router 9 to router 11,From router 9 to router 12,From router 9 to router 13,From router 9 to router 14,From router 9 to router 15,From router 10 to router 0,From router 10 to router 1,From router 10 to router 2,From router 10 to router 3,From router 10 to router 4,From router 10 to router 5,From router 10 to router 6,From router 10 to router 7,From router 10 to router 8,From router 10 to router 9,From router 10 to router 10,From router 10 to router 11,From router 10 to router 12,From router 10 to router 13,From router 10 to router 14,From router 10 to router 15,From router 11 to router 0,From router 11 to router 1,From router 11 to router 2,From router 11 to router 3,From router 11 to router 4,From router 11 to router 5,From router 11 to router 6,From router 11 to router 7,From router 11 to router 8,From router 11 to router 9,From router 11 to router 10,From router 11 to router 11,From router 11 to router 12,From router 11 to router 13,From router 11 to router 14,From router 11 to router 15,From router 12 to router 0,From router 12 to router 1,From router 12 to router 2,From router 12 to router 3,From router 12 to router 4,From router 12 to router 5,From router 12 to router 6,From router 12 to router 7,From router 12 to router 8,From router 12 to router 9,From router 12 to router 10,From router 12 to router 11,From router 12 to router 12,From router 12 to router 13,From router 12 to router 14,From router 12 to router 15,From router 13 to router 0,From router 13 to router 1,From router 13 to router 2,From router 13 to router 3,From router 13 to router 4,From router 13 to router 5,From router 13 to router 6,From router 13 to router 7,From router 13 to router 8,From router 13 to router 9,From router 13 to router 10,From router 13 to router 11,From router 13 to router 12,From router 13 to router 13,From router 13 to router 14,From router 13 to router 15,From router 14 to router 0,From router 14 to router 1,From router 14 to router 2,From router 14 to router 3,From router 14 to router 4,From router 14 to router 5,From router 14 to router 6,From router 14 to router 7,From router 14 to router 8,From router 14 to router 9,From router 14 to router 10,From router 14 to router 11,From router 14 to router 12,From router 14 to router 13,From router 14 to router 14,From router 14 to router 15,From router 15 to router 0,From router 15 to router 1,From router 15 to router 2,From router 15 to router 3,From router 15 to router 4,From router 15 to router 5,From router 15 to router 6,From router 15 to router 7,From router 15 to router 8,From router 15 to router 9,From router 15 to router 10,From router 15 to router 11,From router 15 to router 12,From router 15 to router 13,From router 15 to router 14,From router 15 to router 15,Applications (Label Classes)
164,76,23,8068,76,71,30,37,35,45,5,22,53,51,70,108,39,4,4,7797,6,3,2,3,3,4,3,3,3,6,5,6,18,2,1,7786,3,5,1,1,2,0,1,0,0,4,2,4,43,3,3,8446,4,3,2,4,2,3,2,4,3,3,3,5,46,4,2,8469,3,2,3,4,2,4,4,2,5,5,4,6,38,3,2,8533,7,4,3,3,2,2,3,2,3,3,5,7,16,1,2,8463,3,2,2,1,0,1,1,1,3,1,2,5,25,4,3,8625,5,1,1,3,2,4,0,1,3,3,1,4,20,4,2,8440,4,1,0,3,2,1,1,2,2,4,2,4,26,1,2,8406,4,3,2,2,2,1,0,1,3,5,4,6,6,2,0,8403,4,3,1,0,1,1,0,1,2,0,3,4,16,3,0,8406,4,2,1,0,2,1,0,2,2,2,4,5,32,3,1,8416,5,3,2,3,2,2,0,1,4,2,6,6,31,6,0,8404,7,5,3,2,2,3,1,2,3,2,7,5,43,7,4,8102,6,7,3,3,5,6,4,5,6,5,7,8,59,3,4,7826,5,5,5,3,3,5,5,5,5,5,9,7,vips_IndirectBP
25752,18089,16860,17530,17231,17275,16697,17163,16820,16661,17392,17022,17234,17228,17154,17250,9663,2894,2219,2228,2255,1999,2137,2257,2044,2025,3323,2437,2393,2173,2009,1956,9351,2634,2079,2116,2163,1876,2090,2110,1963,1891,2596,2361,2287,2086,1939,1822,9558,2799,2191,2145,2181,2105,2151,2258,2052,2086,2708,2425,2305,2220,2082,1934,9525,2839,2023,2159,2211,1932,2023,2145,2022,2195,2636,2369,2299,2450,2068,1856,9589,2941,2007,2212,2167,1967,1997,2071,2041,2096,2830,2392,2280,2104,1915,1914,9260,2795,1971,2223,2110,1919,2099,2031,1991,2778,2667,2323,2252,2086,1865,1856,9418,2805,2403,2111,2169,1915,2258,2109,2028,3483,2563,2390,2310,2094,1940,1932,9668,2785,2026,2105,2184,2008,2224,2107,2057,2350,2625,2379,2289,2116,1939,2413,9276,2876,2033,2119,2159,2008,2169,2031,1969,2083,2761,2343,2318,2096,1842,2737,9422,4401,2097,2246,2307,2137,2259,2157,2091,2095,2789,2555,2460,2274,1946,2248,9192,2738,1981,1990,2093,1924,2016,2040,1961,1865,2630,2293,2440,2058,1816,1825,9450,2853,2133,2229,2222,2186,2116,2141,1997,1997,2712,2547,2328,2155,1979,1871,9558,2842,2162,2170,2255,2137,2021,2173,2000,1924,2681,2375,2321,2148,1940,1870,9534,2829,2129,2213,2168,2050,2105,2242,1983,1949,2677,2385,2343,2141,1956,1830,9652,2949,2177,2345,2208,2058,2138,2295,2055,1969,2733,2473,2389,2237,2066,1897,vips_IndirectBP
22252,14798,15483,15484,14986,15311,15433,15411,14862,14945,14588,14276,14565,14951,15378,15580,8435,1484,2349,2124,1945,2027,2384,2289,1700,2320,1918,1591,1593,1946,2259,2379,8260,1834,2359,2100,1908,2001,2403,2332,1801,2229,1819,1589,1599,2034,2274,2360,8433,2743,2375,2057,1949,1996,2315,2271,1718,2230,2487,1600,1617,1962,2284,2294,8397,2535,2442,2167,1992,2043,2412,2300,1693,2304,4885,1675,1688,2640,2313,2343,8369,1538,2381,2064,1926,1970,2373,2265,1670,2260,4503,1633,1604,1963,2269,2368,8098,1364,2395,2007,1919,2006,2343,2236,1657,2219,2052,1610,1509,2025,2263,2314,8279,1537,2972,2156,1938,2092,2386,2285,1734,2312,1869,1697,1618,2018,2270,2420,8941,1552,2507,2110,1992,2083,2444,2342,1786,2324,2026,1861,1628,2032,2303,2389,8009,1384,2349,2024,1825,1897,2257,2165,1598,2229,1675,1799,1481,1899,2222,2255,8131,1695,2418,2139,1963,2047,2412,2257,1697,2349,1847,1701,1585,1991,2286,2397,8011,1314,2338,1989,1809,1946,2316,2162,1601,2199,1696,1569,1513,1939,2185,2306,8268,1468,2384,2077,1856,2032,2340,2240,1733,2269,1813,1964,1610,1995,2240,2286,8191,1425,2371,2094,2013,1995,2316,2246,1673,2275,1740,1612,1580,1992,2260,2310,8201,1452,2337,2036,1861,1976,2285,2224,1678,2250,1756,1511,1518,1941,2206,2302,8389,1513,2425,2153,1891,1995,2452,2308,1684,2296,1749,1537,1540,1981,2297,2307,vips_IndirectBP
25643,17496,16839,17177,16949,16877,16839,16793,17420,16607,17375,16976,17334,16896,16739,16929,10106,2431,1852,1973,2100,1873,2029,1943,2473,1844,2548,2509,2555,2012,1792,1757,10020,2465,1833,2048,2087,1924,2014,1993,2451,1902,2604,2376,2419,2064,1819,1833,10023,2384,1923,1972,2042,1837,2235,1918,2403,1850,2553,2380,2404,2102,1857,1781,9968,2420,1837,2273,2127,1873,2500,1949,2510,1899,2544,2405,2427,2538,1832,1793,10033,2396,1890,2340,2065,1909,2249,2112,2489,2360,2579,2363,2387,1990,1803,1992,9839,2349,1721,1939,2030,2017,2027,1867,2509,2812,2553,2352,2366,2025,1866,2425,9953,2407,1883,1936,2075,1899,2200,1937,2565,2878,2628,2454,2445,2065,1860,2719,10262,2407,1918,2027,2183,1909,2159,1953,2522,2486,2848,2416,2448,2061,1878,2154,9906,2465,1939,2069,2137,1869,2169,1906,2484,2221,2606,2395,2401,2115,1897,1973,9983,2399,1994,1898,2092,1865,2085,1900,2688,1895,2555,2344,2423,2054,1915,2003,9738,2475,2030,1737,1968,1755,1984,1928,2385,1805,2590,2269,2427,1997,1799,1750,10018,2464,2012,1948,2165,1903,2158,2073,2553,1877,2583,2629,2397,2132,1940,1793,9939,2446,1851,1979,2162,1861,2053,2102,2495,1853,2607,2400,2468,2082,1869,1787,10021,2474,1875,1982,2109,1933,2097,2057,2502,1896,2605,2417,2476,2090,1778,1888,10116,2471,1934,2122,2125,1933,2212,2007,2577,1912,2588,2532,2455,2117,1952,1770,vips_IndirectBP
22483,15058,15323,15445,15821,16302,15713,16077,14784,14906,14516,14990,15031,15719,15393,15546,8091,1647,2140,1979,2394,2639,2607,2873,1424,2051,1583,1974,1812,2480,2132,2168,7954,1742,2178,2023,2409,2716,2550,2835,1486,2093,1516,2119,1831,2559,2158,2207,8215,1723,2185,1980,2397,2796,2610,2907,1445,2082,1469,2027,1811,2532,2178,2184,8132,1730,2215,2036,2463,2787,2684,2938,1542,2125,1461,1965,1830,2825,2209,2211,8216,1792,2361,2089,2538,2974,2767,3385,1566,2249,1472,2001,1936,2659,2247,2353,7784,1662,2167,1981,2516,2809,2621,3019,1468,2100,1356,1823,1778,2689,2211,2218,7915,1748,2216,2020,2456,3119,2817,2948,1429,2163,1500,1870,1774,2676,2213,2258,8298,1761,2231,2075,2439,2907,2645,3004,1567,2157,2048,1952,1839,2614,2239,2270,7624,1668,2206,1989,2341,2829,2564,2825,1330,2070,1316,1775,1706,2466,2142,2191,7839,1692,2184,2025,2408,2803,2709,2879,1679,2134,1384,1800,1745,2573,2176,2221,7789,1643,2178,1926,2399,2843,2658,2988,1441,2048,1345,1777,1830,2535,2127,2179,7993,1759,2226,2021,2372,2813,2657,2864,1530,2104,1496,2165,1813,2530,2217,2230,8047,1743,2202,2056,2414,2757,2732,2951,1512,2146,1580,1891,1886,2583,2208,2241,8037,1631,2145,1974,2372,2790,2644,2903,1533,2011,1513,1881,1900,2593,2157,2176,8166,1656,2267,2053,2470,2873,2767,3046,1559,2133,1615,2049,1949,2599,2210,2216,vips_IndirectBP
25431,17022,16503,17214,17025,16618,18379,16433,17471,16374,17484,16663,16975,16686,16606,16630,10140,2063,1834,1941,2322,1777,2381,1844,2642,1857,2842,2146,2195,1949,1746,1634,10056,2091,1852,2060,2233,1834,2512,1879,2594,1960,2806,2122,2184,1922,1749,1649,10109,2026,1965,2117,2115,2690,3389,3071,2635,2006,2763,2097,2180,1979,1805,1647,10145,2352,2019,2005,2150,3971,4426,4001,2707,1916,2862,2142,2231,2742,1874,2013,10129,2089,2315,2120,2223,3193,4368,2372,2774,1972,2935,2200,2207,2757,1868,2450,9960,2008,1946,1931,2161,2493,2214,1983,2750,1864,2942,2145,2245,2631,1820,1687,10074,2050,1854,2056,2161,2330,2051,1949,2768,2104,2902,2215,2290,2347,1846,1764,10306,2125,1900,2019,2112,2023,2342,1996,2790,1908,3572,2236,2303,2399,2014,1898,9943,1955,1784,1961,2074,1920,1861,1804,2647,1774,2805,2128,2164,2109,1906,1648,10141,2018,1816,1920,2086,1815,2206,1805,3137,1818,2893,2190,2250,1977,1924,1690,9872,1947,1735,1824,1993,1756,2920,1784,2601,1788,2809,2080,2159,1871,1836,1632,10066,2161,1877,2020,2065,1868,2423,1930,2733,1925,2872,2488,2269,2094,1886,1784,10017,2119,1790,1993,2061,1768,2596,1849,2717,1819,2841,2136,2179,1978,1763,1707,10088,2124,1809,2087,2092,1751,2949,1749,2674,1787,2793,2101,2189,1890,1716,1602,10061,2037,1740,2147,2098,1786,2597,1819,2726,1772,2869,2117,2180,1925,1686,1586,vips_IndirectBP
23839,16708,16724,17147,16240,16945,19093,16663,16100,16419,15984,15871,16365,17014,16967,17420,8576,2131,2303,2497,1832,2333,2784,2285,1539,2269,1348,1621,1952,2647,2491,2874,8424,2141,2361,2517,1803,2413,2851,2289,1439,2268,1461,1645,1928,2594,2492,2852,8536,2125,2361,2495,1845,2385,3533,2311,1494,2285,1578,1671,1956,2700,2548,2881,8484,2140,2367,2520,1831,2386,3485,2318,1426,2302,1699,1655,1987,2708,2570,2790,8508,2159,2432,2577,1818,2451,2779,2369,1343,2325,1623,1672,1975,2747,2583,2915,8401,2172,2414,2546,1854,2430,1834,2360,1375,2317,1594,1683,1996,2756,2550,2884,8421,2143,2333,2536,1829,2432,1582,2349,1409,2320,1720,1651,1955,2780,2492,2824,8893,2348,2471,2661,1955,2496,2531,2476,1617,2374,2321,1863,2131,2771,2631,2932,8330,2125,2378,2503,1772,2412,1713,2323,1511,2304,1747,1615,1919,2652,2507,2866,8611,2262,2422,2592,1896,2480,2153,2343,2100,2401,1967,1704,2025,2767,2559,2849,8580,2127,2355,2474,1784,2389,3701,2263,1867,2268,1512,1597,2030,2650,2505,2827,8757,2180,2379,2540,1821,2463,2843,2328,1909,2346,1496,1691,1987,2677,2543,2816,8583,2157,2402,2549,1823,2504,3083,2434,1850,2365,1413,1670,1952,2653,2540,2824,8528,2127,2345,2519,1846,2353,4011,2308,1789,2238,1393,1633,1964,2685,2544,2862,8572,2125,2414,2622,1854,2425,3367,2320,1713,2332,1400,1640,2018,2666,2517,2810,vips_IndirectBP
24773,16305,16134,16565,16156,16437,16756,16096,16830,15902,16694,15963,16399,16134,16167,16192,9846,1914,1779,1767,2022,1920,2193,1914,2514,1881,2582,2088,2034,1788,1797,1565,9758,1887,1796,1904,2015,1833,2187,1882,2531,1903,2580,2118,2127,1795,1875,1598,9893,1920,1951,1797,2045,2001,2513,2089,2599,1927,2580,2134,2529,1912,1878,1758,9612,1795,1722,1776,1946,1853,2375,1933,2462,1772,2473,2259,2262,1763,1722,1445,9964,2138,2043,1813,2151,1876,2273,1917,2580,1855,2692,2295,2132,1849,1807,1566,9519,2953,1679,1538,1987,1707,1762,1680,2464,1756,2459,1990,1889,1750,1668,1380,9855,3257,1822,1769,2093,1877,1915,1851,2657,2205,2594,2130,2116,2283,1763,1416,10402,2387,2025,1778,2101,1937,2212,2024,2659,2009,3282,2203,2183,2377,1853,1602,9654,1976,1815,1755,2029,1980,1903,1872,2593,1862,2571,2080,2024,2311,1704,1428,9751,1934,1878,1704,2053,1810,2020,1840,3397,1938,2655,2151,2021,2393,1788,1549,9456,1735,1776,1551,1896,1741,2397,1729,2495,1770,2548,1926,2011,2294,1698,1337,9685,1889,1953,1787,1968,1932,2184,1903,2601,1993,2605,2093,2006,2397,1843,1542,9756,1919,1969,1854,2021,1889,2379,2137,2630,2077,2603,2114,2083,2319,1878,1635,9884,1917,1961,1905,2036,1934,2527,1911,2644,1998,2652,2105,2038,1953,1920,1735,10013,1916,2036,2115,2055,2034,2448,1976,2699,1917,2715,2190,2168,1906,1880,1667,vips_IndirectBP
24654,16904,16599,17007,16878,17188,16583,16378,16241,16325,15752,16475,16545,16486,16737,17057,9179,2224,2313,2418,2382,2379,2370,2121,1776,2311,1651,2500,2201,2076,2334,2462,8935,2217,2296,2425,2329,2350,2250,2127,1864,2322,1603,2514,2241,2076,2324,2456,9259,2308,2352,2446,2401,2417,2341,2168,1935,2327,1676,2562,2239,2121,2405,2438,9499,2294,2339,2452,2462,2399,2317,2146,1964,2356,1705,2615,2275,2120,2377,2423,9309,2366,2386,2486,2515,2458,2397,2216,1945,2445,1753,2773,2354,2173,2439,2516,8864,2214,2283,2404,2433,2391,2303,2161,1805,2374,1573,2413,2237,2122,2331,2420,8941,2229,2340,2402,2378,2379,2313,2155,1838,2334,1662,2510,2217,2153,2358,2429,9354,2401,2450,2560,2511,2512,2446,2346,1973,2505,2054,2683,2421,2258,2472,2538,8706,2260,2316,2449,2325,2376,2340,2137,1760,2345,1638,2592,2220,2090,2379,2450,8992,2345,2392,2515,2519,2416,2407,2221,2224,2495,1739,2558,2401,2188,2455,2510,8822,2349,2417,2502,2547,2472,2391,2185,1856,2411,1728,2546,2360,2227,2444,2507,8947,2357,2364,2502,2503,2469,2332,2168,1844,2373,1702,2573,2346,2174,2415,2478,9033,2370,2348,2452,2381,2398,2342,2165,1813,2380,1658,2540,2251,2116,2363,2457,9080,2276,2317,2434,2353,2376,2325,2152,1807,2326,1661,2555,2246,2109,2347,2405,9153,2348,2434,2512,2441,2506,2361,2203,1851,2414,1667,2570,2385,2191,2473,2478,vips_IndirectBP
22575,15274,15037,15447,15173,14998,14875,14926,15152,14922,15143,15003,15227,15064,14887,15002,8678,1879,1696,1619,2017,1626,1967,1823,1969,1947,2102,2035,2024,1822,1554,1425,8724,2025,1695,1655,1999,1837,1886,1751,1943,1738,2030,1935,1941,1929,1678,1462,11212,2119,2020,1611,2073,1706,1827,1842,2169,1737,1974,2345,1920,1992,2083,1661,10202,2280,2044,1789,2191,1664,1909,1930,2465,1763,2036,2817,2048,2001,2208,1508,8828,2501,1844,1757,2323,1753,1934,1838,2669,1774,2075,2836,2158,2073,1808,1546,8410,2043,1725,1490,2123,1593,1849,1771,2754,1781,1996,2921,2006,1930,1616,1538,8511,1924,1834,1559,2008,1714,1915,1799,2183,2114,2143,2766,2023,2056,1540,1465,8864,2006,2022,1695,2084,1920,1985,2050,2257,1952,2545,2746,2164,2007,1646,1589,8454,1840,1711,1569,1931,1646,1911,1840,2161,1823,2122,2404,2025,1840,1510,1447,8487,1854,1654,1581,1966,1630,1993,1805,2460,1918,2132,2119,2029,1862,1564,1511,8457,1773,1714,1509,1959,1639,1979,1797,2188,1862,2163,2021,2205,1759,1522,1498,8695,1869,1847,1671,2226,1719,2138,1923,2432,1955,2314,2145,2107,1850,1627,1547,8557,1828,1716,1539,1910,1677,2115,1908,2267,1872,2342,1972,1980,1853,1579,1510,8637,1822,1695,1613,1933,1752,2028,1754,2015,1848,2288,1998,1998,1840,1551,1502,8624,1775,1662,1984,1925,1541,1887,1734,1917,1909,2312,1951,1921,1771,1463,1428,vips_IndirectBP
24777,17405,17948,17107,17121,18105,17086,17417,17391,17572,17177,16864,17166,17300,17525,17422,9396,2219,3022,2141,2259,3130,2358,2646,2235,2894,2227,2147,2135,2406,2524,2287,9279,2243,3069,2185,2241,3204,2345,2766,2266,3095,2317,2196,2157,2445,2576,2315,9265,2268,3130,2169,2278,3226,2345,2691,2306,2991,2369,2206,2158,2546,2645,2385,9297,2230,3127,2153,2254,3266,2305,2663,2358,2949,2409,2262,2135,2485,2646,2293,9280,2308,3159,2235,2316,3214,2377,2754,2292,2991,2385,2232,2195,2495,2720,2348,9155,2286,3073,2124,2210,3192,2358,2748,2284,2908,2277,2162,2086,2470,2595,2276,9151,2260,3230,2126,2290,3187,2358,2662,2272,3073,2328,2177,2185,2497,2610,2294,9454,2299,3151,2296,2353,3260,2433,2766,2387,2935,2878,2302,2280,2516,2670,2407,9077,2237,3256,2120,2282,3308,2362,2731,2287,2969,2331,2197,2163,2489,2633,2319,9377,2334,3130,2181,2363,3249,2371,2729,3071,3045,2388,2242,2196,2529,2643,2347,9228,2240,3030,2170,2368,3140,2290,2689,2402,2957,2375,2157,2181,2467,2592,2308,9341,2243,3063,2219,2322,3244,2352,2691,2344,2971,2445,2268,2203,2493,2652,2397,9272,2224,3084,2068,2246,3189,2307,2650,2283,2915,2270,2145,2109,2411,2583,2290,9277,2210,3100,2205,2262,3563,2296,2726,2349,2992,2318,2185,2086,2456,2622,2339,9292,2262,3153,2217,2279,3264,2341,2655,2290,2945,2359,2221,2157,2437,2629,2331,vips_IndirectBP
159,69,21,8723,79,67,19,24,33,32,7,14,22,73,61,103,39,3,3,8454,4,6,4,3,4,4,2,3,6,3,6,5,14,1,0,8437,3,2,1,2,0,3,0,2,2,1,4,4,27,3,0,8469,1,1,2,1,2,2,2,0,0,0,3,3,43,3,3,8479,4,4,2,3,3,3,2,3,4,3,7,5,40,3,3,8529,1,3,2,4,3,3,2,2,2,4,6,4,11,4,1,8468,3,2,0,2,2,1,0,1,0,1,3,2,16,2,0,8610,3,5,1,0,1,1,1,0,1,3,4,1,20,2,1,8428,1,3,1,1,1,2,1,1,1,2,7,4,25,4,1,8129,3,5,1,2,2,2,2,3,1,2,3,4,7,2,1,7768,2,3,0,1,0,1,0,0,0,2,2,3,12,2,1,7811,2,2,0,1,1,3,1,0,1,3,3,3,14,5,0,7790,3,2,1,1,2,3,2,1,0,3,1,2,38,3,5,7782,4,3,0,2,4,2,2,2,2,5,4,6,36,4,4,8531,7,5,3,5,5,2,3,3,2,5,5,5,57,6,4,8469,5,7,3,3,5,4,2,3,3,6,4,6,vips_IndirectBP
21328,14894,14193,15269,14562,15403,14482,14464,14968,14291,14556,14426,14871,14499,14135,14536,8292,2031,1466,2120,2015,1912,2152,1886,2036,1625,1929,1919,2065,1983,1596,1893,8251,2172,1613,2226,1982,2067,2149,1868,2000,1700,2059,1941,2116,1995,1663,1997,8357,2178,2953,2116,1886,3031,2060,1865,2033,1780,1975,1921,2137,1892,1705,1953,8298,1989,4115,2673,1922,4393,2084,1819,2042,1910,2091,1830,2138,1960,1856,2318,8433,2071,2653,2685,1996,2839,2168,1928,1986,1919,2027,1910,2125,1943,1857,2544,8349,2126,1600,2082,1907,1750,1939,1847,1913,1680,1945,1706,2031,1808,1624,1953,8453,1984,1607,2072,1894,1688,2034,1935,2010,1751,1973,1820,2030,1838,1763,1952,8619,2075,1610,2180,2045,1934,2097,2031,2083,1787,2306,1985,2144,1963,2290,2004,8305,2035,1614,2212,2015,2113,2050,1924,2167,1742,2176,1892,2073,1880,2751,2007,8285,1989,1551,2153,2076,1954,1982,1976,2303,1866,2224,1830,2239,1803,1885,1984,8121,1976,1487,1980,2088,2058,1925,2027,2242,1926,2240,1699,2086,1816,1621,1889,8292,2046,1557,2133,2064,1919,2137,2144,2360,2151,2439,1927,2163,1925,1618,1907,8217,2057,1526,2113,1975,2043,2148,2163,2216,2119,2600,1979,2119,1973,1590,1934,8285,2055,1708,2231,1991,2261,2175,2033,2248,2146,2463,2147,2188,2035,1603,1952,8165,1972,1467,2261,1849,1970,2042,1833,2300,1903,2186,1850,1968,1827,1474,1826,vips_IndirectBP
23254,16083,16697,16385,16273,19048,15790,16337,15641,16283,15610,16045,15951,16148,16575,15957,8879,1769,2502,1954,2038,2889,1757,2293,1685,2450,1597,2132,1702,1952,2400,1690,8908,1797,2484,2096,2068,3090,1772,2323,1689,2536,1731,2163,1762,1928,2389,1815,8993,1816,2516,2020,2277,3400,1781,2423,1789,2513,1774,2273,1826,2026,2459,1870,9159,1917,2630,2405,2197,3550,1830,2446,1893,2536,1846,2505,1979,2096,2453,2078,8959,1935,2533,2385,2464,2933,1856,2436,1790,2487,1733,2532,1749,1994,2386,1854,9224,1914,2451,2551,2399,1804,1778,2383,1867,2446,1644,2343,1652,1957,2336,1774,9284,1782,2535,2342,2160,1661,1799,2426,1853,2475,1650,2172,1686,2001,2421,1789,9070,1885,2669,2246,2164,2530,1836,2510,1803,2524,1759,2270,1821,2097,2479,1869,8728,1814,2636,2068,2050,1871,1769,2400,1687,2482,1671,2156,1679,1990,2639,1777,8971,1804,2506,2050,2030,2373,1762,2326,1875,2517,1695,2190,1896,1975,2403,1776,8767,1739,2544,2125,2038,3427,1714,2343,1755,2444,1659,2160,1630,1953,2446,1754,8988,1915,2635,2121,2079,2928,1872,2427,2114,2628,2096,2290,1805,2058,2534,1841,8903,1861,2608,2066,1941,3107,1769,2393,1769,2476,1710,2228,1732,1949,2421,1813,8902,1836,2656,2067,2026,3827,1791,2421,1755,2587,1701,2230,1711,1966,2447,1797,8845,1778,2513,2041,1968,3349,1729,2397,1647,2449,1640,2193,1651,1906,2341,1732,vips_IndirectBP
19211,11648,11142,13042,13352,13215,10667,12245,12695,11226,12588,12647,12513,11250,11532,13455,7874,697,1029,2465,3133,1775,898,1640,2538,1112,2455,2633,2466,1229,941,2755,7750,1092,742,2525,3030,1965,602,1204,2573,1429,2551,2630,2529,990,1205,2823,8045,873,856,2366,2920,2009,643,907,2721,815,2650,2805,2671,687,825,2879,8150,1201,1050,2564,2921,2202,699,1160,2631,1081,2586,2780,2563,967,1057,3076,7782,761,704,2334,2771,1706,505,687,2453,728,2461,2620,2408,710,713,2713,7634,1168,581,2239,2819,1103,355,636,2481,612,2435,2508,2418,711,684,2738,7971,1102,1170,2430,3066,1130,547,775,2553,1573,2552,2645,2499,1066,1188,2878,7918,756,857,2421,2807,1524,503,774,2606,856,2684,2705,2736,604,745,2836,7732,1145,1726,2506,3031,1222,506,1412,2639,1031,2521,2746,2589,1176,1453,2867,7830,727,1150,2354,2832,1414,461,680,2595,844,2534,2622,2529,581,783,2815,7728,660,1330,2407,2919,2056,537,723,2596,1074,2550,2644,2469,550,897,3282,7779,791,1125,2467,2833,1742,512,726,2820,1120,2924,2675,2514,560,933,2838,7881,1160,1222,2346,2998,1906,527,1352,2590,1752,2529,2669,2511,514,1352,2871,7983,1161,1396,2502,3094,2343,605,1477,2632,1650,2581,2756,2559,1026,1107,2870,8078,1065,997,2740,3175,1956,597,1412,2659,1320,2617,2916,2554,774,1114,2868,vips_IndirectBP
6605,3560,3500,6810,5589,3633,7374,3545,5138,3577,5118,4893,5239,3483,3547,4920,2393,70,65,1506,847,101,2058,38,695,60,787,797,886,53,68,696,2394,58,36,1806,828,39,2034,32,677,67,828,784,916,37,37,772,2535,85,81,1690,1849,110,2776,67,800,80,1145,1063,887,72,66,1582,3389,115,78,2351,3342,138,2560,138,1508,294,1530,1924,1739,57,87,2839,2608,47,34,2183,1613,37,2020,42,864,52,851,1013,856,40,51,1276,2582,64,63,1992,890,68,1280,38,735,55,774,867,747,40,45,813,2563,42,46,1598,812,41,1173,40,800,47,880,952,884,32,35,742,3208,86,88,1556,1509,147,1867,159,855,308,1340,1469,1436,67,95,1252,2814,54,52,1482,984,60,1395,41,925,62,976,1235,1000,39,52,875,2983,92,96,1622,1455,121,1918,114,1390,237,997,1485,1519,90,104,1063,2954,68,89,1460,1552,97,2577,131,1507,301,1177,1074,1500,67,75,1145,3020,94,85,2015,1487,123,2340,116,1575,278,1488,1589,1031,70,99,1028,2687,46,41,2078,774,40,2234,31,883,52,946,775,1029,35,39,655,2798,84,43,1892,734,63,2954,31,756,48,1013,767,978,28,40,640,3128,122,86,2123,1644,128,2784,140,1315,283,1434,1195,1310,63,78,761,vips_IndirectBP
1384,661,550,5410,662,587,661,606,889,597,553,604,579,594,634,969,489,16,12,1899,40,17,84,10,177,13,32,29,33,10,16,149,418,10,7,2206,31,6,79,5,174,7,29,22,28,3,4,142,505,19,15,2029,57,27,125,12,223,15,42,45,43,18,23,216,518,23,15,2494,61,32,97,17,240,21,58,61,53,30,34,196,466,13,9,2588,38,11,86,6,194,9,33,29,31,4,13,174,403,8,7,2105,30,8,59,4,155,2,37,27,28,3,10,135,474,9,2,1901,29,10,65,7,183,4,30,29,27,4,6,161,540,24,18,1712,46,28,82,17,216,15,50,50,57,26,29,253,445,7,5,1334,32,7,69,5,180,6,40,35,30,7,3,145,427,15,17,1818,47,20,60,14,175,12,39,61,47,22,36,175,447,17,23,1664,42,24,75,14,188,15,38,35,53,28,33,169,446,15,18,2205,59,20,86,17,204,19,46,56,53,25,39,183,450,14,11,2452,34,11,70,10,180,10,31,32,29,8,11,155,496,11,8,2402,61,12,70,8,193,8,58,55,58,10,12,167,655,29,28,2825,75,37,108,23,292,26,65,69,77,27,29,264,vips_IndirectBP
1641,995,935,5675,904,1187,1141,931,1021,955,882,945,919,901,988,1049,513,11,13,2646,8,132,112,7,35,13,8,4,9,10,6,33,471,6,2,2732,4,146,137,7,32,20,3,5,6,8,8,30,490,16,18,2597,23,213,236,16,46,26,15,15,23,16,26,42,486,35,46,2894,38,158,183,30,83,52,33,38,40,32,41,76,500,8,3,2953,11,141,161,6,37,41,7,11,4,4,9,32,469,6,13,2623,11,157,110,9,41,21,6,9,10,5,6,35,470,9,4,2513,7,120,112,10,31,24,6,7,7,4,9,30,513,20,32,2367,35,153,167,24,62,51,23,21,32,28,34,76,480,2,2,1986,5,131,122,13,44,20,5,6,5,7,9,36,465,28,34,2413,34,157,158,30,61,40,28,31,34,30,29,53,511,35,42,2408,33,164,155,31,58,43,33,35,34,27,35,57,484,30,27,2549,31,159,165,30,68,42,27,27,32,27,27,61,453,7,2,2594,11,128,145,6,33,21,14,10,9,6,8,30,491,8,5,2681,11,147,164,5,63,20,5,11,6,7,5,59,541,37,44,3290,37,194,246,34,92,54,35,38,42,29,35,83,vips_IndirectBP
2156,1429,1594,3957,1386,1362,1315,1323,1323,1336,1237,1293,1324,1374,1694,1416,683,16,151,2107,33,27,23,16,9,8,10,8,12,13,172,14,637,32,162,2226,40,29,28,12,11,13,12,9,15,9,293,15,652,45,216,2082,39,39,49,32,22,25,26,19,17,16,179,25,705,59,192,2193,72,74,69,65,54,48,51,48,52,55,283,58,656,20,152,2175,33,22,20,9,8,6,7,5,7,8,150,10,629,18,117,2099,20,25,18,11,8,6,7,10,7,8,126,12,643,18,134,2184,27,19,23,11,11,7,7,8,11,7,151,7,673,53,205,2294,63,61,63,43,43,39,46,28,36,40,172,44,654,14,132,2075,23,24,23,11,13,7,5,5,7,7,160,9,635,49,221,2141,60,57,58,43,44,38,37,31,35,40,248,40,673,57,193,2176,66,60,64,54,47,42,43,46,41,51,211,50,671,50,182,2197,54,49,50,41,36,33,31,23,28,31,189,39,667,19,125,2002,24,18,19,10,10,7,12,7,12,8,149,6,689,10,155,2067,128,26,20,13,12,8,7,10,9,9,123,23,744,74,299,2364,88,73,70,64,61,51,55,56,60,65,266,62,vips_IndirectBP
34,39,22,617,27,25,11,22,39,26,35,47,28,33,27,38,19,0,0,498,0,0,0,1,0,0,0,0,0,0,0,0,11,0,0,547,0,0,0,0,1,0,1,0,0,0,1,0,14,0,0,586,0,0,0,1,1,0,0,0,0,0,0,1,12,0,0,559,0,1,0,0,1,1,1,0,0,1,1,4,12,0,0,504,0,0,0,0,0,0,0,0,0,0,0,0,5,0,0,452,1,0,0,0,0,0,0,0,0,0,1,1,11,0,0,498,0,0,0,0,0,0,0,0,1,0,0,0,20,1,0,496,0,1,1,1,1,0,0,1,0,0,0,2,13,0,0,550,1,1,0,0,0,0,0,0,0,0,0,0,18,1,0,529,0,1,1,1,1,0,0,1,0,0,0,1,23,0,0,498,1,1,0,0,1,0,1,0,0,0,1,1,16,1,1,502,0,1,1,1,1,0,0,1,0,0,0,1,16,1,0,525,0,0,1,0,0,1,0,0,0,0,0,0,13,1,0,516,0,0,0,0,0,0,0,0,0,0,1,0,17,0,0,534,1,1,0,0,0,1,1,0,0,1,1,4,vips_IndirectBP
196,69,17,8779,83,67,55,40,36,33,4,18,51,45,99,118,39,4,3,8456,5,2,15,6,4,3,4,2,4,6,8,7,14,4,1,8450,4,3,14,1,3,0,1,0,1,3,4,3,30,1,3,8481,4,2,18,1,0,1,2,1,4,2,2,3,46,5,4,8174,8,6,35,2,3,3,3,3,5,4,7,5,38,4,3,7911,8,2,15,0,3,3,2,4,4,4,2,4,16,1,0,7829,6,3,13,3,2,3,1,0,5,4,7,8,26,4,2,7964,2,0,16,2,1,2,1,2,4,3,6,7,27,2,0,7798,3,2,13,2,2,2,1,1,3,1,2,3,18,2,2,8060,2,1,14,2,2,0,0,0,3,2,4,3,8,1,0,8416,4,2,13,1,1,1,0,0,1,1,3,3,15,2,1,8479,2,3,11,2,1,0,0,2,1,1,2,4,31,2,2,8448,5,3,18,4,3,2,1,2,4,2,5,4,27,4,0,8438,2,4,20,4,2,5,0,1,4,3,10,4,55,4,4,8718,6,5,43,3,5,6,5,2,6,4,8,7,64,4,4,8449,6,3,34,5,3,4,4,3,4,3,8,5,vips_IndirectBP
181,64,25,8059,100,63,22,31,46,30,7,18,55,62,69,93,37,4,4,7819,9,8,2,3,3,4,1,2,3,3,4,5,20,1,1,7805,5,1,2,1,0,1,0,1,1,2,5,5,28,2,1,7853,3,1,1,1,3,2,0,2,1,2,3,3,59,3,3,8171,6,4,2,4,4,3,3,3,3,5,5,6,41,4,3,8570,5,4,3,3,1,3,2,1,0,2,6,9,21,3,2,8491,10,4,0,2,0,0,1,1,4,1,11,8,22,3,1,8636,4,3,1,1,4,1,0,1,3,2,4,4,28,5,2,8456,5,4,0,2,3,1,2,3,3,3,5,6,22,2,1,8430,5,3,2,0,1,1,3,1,2,2,4,5,9,1,0,8427,3,1,0,0,2,1,0,1,2,3,2,4,15,1,1,8492,5,2,0,0,2,2,0,0,3,1,2,4,33,4,2,8452,4,3,2,3,3,2,1,2,2,4,4,4,37,3,4,8435,6,3,3,1,4,1,2,1,3,5,5,5,40,5,4,8671,6,7,6,5,6,5,3,4,4,8,3,7,54,5,5,7835,6,7,4,4,6,3,2,5,4,6,6,5,vips_IndirectBP
188,66,20,8657,85,50,20,41,27,43,6,19,97,45,115,82,36,4,2,8458,3,2,3,4,4,2,4,5,17,6,6,2,14,4,1,8470,4,3,0,2,3,3,0,1,18,0,3,1,30,2,1,8523,3,1,1,2,1,1,3,1,19,1,3,2,46,4,3,8531,7,5,3,3,2,5,2,4,24,3,8,6,30,3,1,8613,3,2,2,2,3,3,1,1,20,3,3,3,12,2,1,8521,3,1,1,1,1,2,1,1,26,3,17,3,26,3,1,8670,4,3,2,3,1,2,1,3,17,4,3,5,19,0,1,8461,2,1,0,1,1,2,0,0,15,3,3,4,28,2,2,8352,4,1,1,4,2,2,0,1,17,3,3,2,8,3,1,7800,3,2,0,2,0,1,0,0,13,1,3,3,15,2,1,7852,3,2,1,2,2,0,1,2,12,1,3,2,41,4,2,7805,7,4,1,1,2,2,1,1,19,6,9,3,24,4,1,7808,5,2,1,4,2,3,2,2,16,3,9,3,65,3,5,8016,5,3,3,4,3,4,3,2,43,4,6,8,43,2,2,8431,4,4,2,4,1,3,3,0,23,2,8,6,vips_IndirectBP
180,58,24,8750,60,52,25,37,39,23,9,20,49,58,75,85,34,3,5,8468,4,3,4,4,2,4,2,2,6,3,5,7,17,0,1,8467,1,0,2,0,0,1,1,0,0,4,6,4,30,2,2,8535,3,1,0,1,2,2,0,2,0,0,5,3,37,5,4,8128,3,3,2,3,3,3,3,2,4,6,5,2,31,2,2,7997,7,5,1,2,2,1,1,2,2,2,6,3,21,2,1,7870,4,2,1,1,2,1,1,1,2,1,4,3,27,2,2,8009,5,0,2,0,3,1,2,1,2,3,2,2,27,4,2,7841,3,2,3,3,1,2,1,2,2,2,5,2,19,2,1,7896,3,5,1,1,1,1,1,1,0,2,3,3,10,0,0,8473,2,2,1,1,2,1,0,0,2,1,3,2,15,3,0,8528,3,0,1,2,1,1,0,0,2,1,2,3,37,4,1,8475,10,5,3,5,5,4,2,7,4,3,11,9,34,4,2,8478,4,2,2,3,3,3,2,1,2,3,2,3,43,6,4,8706,8,6,7,4,6,4,5,3,6,4,5,6,49,4,3,8490,3,3,3,3,5,4,2,5,2,4,5,4,vips_IndirectBP
158,85,23,8056,57,60,25,33,65,32,7,24,30,79,75,93,38,11,1,7839,7,3,2,4,7,2,4,5,3,8,5,5,14,10,0,7827,2,2,0,1,4,2,0,1,3,3,0,4,26,7,1,7873,0,1,3,2,0,2,2,1,2,2,1,1,33,6,1,8368,3,3,2,4,2,2,1,2,3,3,4,5,35,14,2,8677,2,1,3,1,4,2,2,1,5,1,4,7,12,7,2,8543,2,3,0,2,1,2,0,1,1,2,3,4,20,5,1,8716,2,5,1,2,3,2,0,1,2,2,4,4,33,10,2,8518,2,4,1,2,2,3,2,2,2,5,3,6,18,6,1,8445,3,1,1,1,4,0,1,0,0,3,4,5,8,5,0,8465,2,1,1,0,1,0,0,1,1,2,2,3,17,5,0,8510,2,3,1,1,2,1,1,1,1,3,3,3,19,6,2,8481,8,3,1,1,3,1,0,0,1,3,5,4,43,6,4,8466,4,4,3,4,5,2,1,3,3,4,7,6,44,5,5,8443,4,5,2,4,3,5,3,4,4,8,7,7,48,8,3,7843,4,5,3,5,5,4,4,3,4,6,6,6,vips_IndirectBP
173,73,19,8718,62,50,19,34,58,31,6,31,41,67,46,97,40,5,6,8491,2,6,5,4,3,4,2,2,6,3,5,7,17,1,0,8471,4,2,2,2,1,0,1,0,0,3,4,4,32,2,2,8535,5,0,0,2,4,2,0,1,1,2,3,3,38,3,2,8526,6,6,4,2,4,3,3,2,4,5,6,4,33,2,2,8639,2,4,1,3,1,4,1,3,0,5,3,2,13,4,0,8537,1,1,2,0,2,1,1,0,2,2,4,2,24,3,2,8743,3,1,0,2,1,2,1,1,2,3,5,3,36,3,2,8508,4,3,1,3,3,1,1,3,2,4,3,3,24,2,2,8062,3,2,2,2,1,2,0,2,4,3,2,1,7,3,1,7830,2,0,0,2,2,2,0,1,1,3,2,2,20,3,1,7885,3,1,0,2,2,2,1,1,2,3,2,5,28,4,2,7847,5,3,2,3,1,2,2,2,2,3,3,4,37,7,1,7848,3,3,2,2,2,4,3,3,5,5,2,3,29,2,3,8302,8,4,5,5,6,3,2,3,5,3,5,6,56,4,4,8503,4,5,4,2,4,2,2,4,5,3,5,6,vips_IndirectBP
183,54,19,8718,63,46,22,29,55,22,5,13,26,64,66,108,35,5,2,8480,5,5,2,2,5,3,4,3,3,6,4,3,15,2,0,8478,2,2,0,2,1,3,0,1,3,1,3,3,27,2,1,8402,1,2,2,2,0,1,2,1,2,0,2,0,37,4,4,7870,4,2,1,2,2,3,1,2,2,2,4,3,28,1,1,8008,6,3,2,3,4,1,2,0,4,2,4,4,17,0,1,7884,5,3,0,2,1,1,0,1,1,3,1,3,20,3,0,8136,3,0,2,0,4,1,1,1,0,3,1,5,36,4,2,7935,3,1,3,1,2,3,2,1,2,3,3,4,16,2,0,8250,3,3,1,2,2,0,2,1,0,2,2,5,10,1,0,8487,2,2,0,0,1,0,0,0,0,2,3,4,15,1,0,8539,2,2,0,0,2,0,0,0,1,3,2,3,21,4,1,8484,3,2,0,0,2,1,0,1,2,2,4,3,38,1,4,8478,6,1,2,3,4,2,1,2,2,0,8,5,40,5,5,8683,5,5,4,2,3,3,5,4,3,6,4,8,61,5,4,8495,5,2,2,6,4,4,2,3,2,5,7,6,vips_IndirectBP
180,61,24,8088,71,69,28,34,61,36,8,20,36,67,116,98,33,3,3,7862,7,3,2,5,4,4,2,3,3,4,14,7,19,3,0,7855,4,2,2,1,4,0,1,0,1,4,17,3,33,1,2,8002,3,2,2,1,2,2,1,1,1,1,14,3,44,2,2,8549,5,4,3,6,3,3,2,3,4,5,17,6,40,7,1,8625,3,3,3,1,3,3,1,3,3,5,10,7,15,3,1,8517,1,1,2,1,2,2,1,0,3,3,17,5,22,1,3,8692,3,5,1,4,1,2,1,1,3,1,13,4,37,1,1,8592,4,4,1,3,4,2,1,1,3,5,15,6,24,3,3,8464,4,3,2,1,2,0,0,2,2,3,9,5,9,2,1,8484,2,2,1,1,1,0,0,1,1,1,9,4,14,2,2,8534,2,2,2,1,1,1,0,0,3,2,4,3,22,0,1,8479,2,1,2,2,3,1,0,2,3,4,29,5,38,5,1,8491,2,5,3,2,3,3,3,3,5,6,13,5,51,2,3,8070,4,4,2,5,4,4,1,1,4,6,44,12,51,3,3,7841,3,6,3,2,3,4,3,3,5,3,34,8,vips_IndirectBP
0,0,0,0,0,0,0,0,0,0,0,0,0,0,0,0,0,0,0,0,0,0,0,0,0,0,0,0,0,0,0,0,0,0,0,0,0,0,0,0,0,0,0,0,0,0,0,0,0,0,0,0,0,0,0,0,0,0,0,0,0,0,0,0,0,0,0,0,0,0,0,0,0,0,0,0,0,0,0,0,0,0,0,0,0,0,0,0,0,0,0,0,0,0,0,0,0,0,0,0,0,0,0,0,0,0,0,0,0,0,0,0,0,0,0,0,0,0,0,0,0,0,0,0,0,0,0,0,0,0,0,0,0,0,0,0,0,0,0,0,0,0,0,0,0,0,0,0,0,0,0,0,0,0,0,0,0,0,0,0,0,0,0,0,0,0,0,0,0,0,0,0,0,0,0,0,0,0,0,0,0,0,0,0,0,0,0,0,0,0,0,0,0,0,0,0,0,0,0,0,0,0,0,0,0,0,0,0,0,0,0,0,0,0,0,0,0,0,0,0,0,0,0,0,0,0,0,0,0,0,0,0,0,0,0,0,0,0,0,0,0,0,0,0,0,0,0,0,0,0,0,0,0,0,0,0,vips_IndirectBP
143,58,15,8787,70,43,18,31,54,37,4,17,35,55,96,88,38,3,5,8523,4,5,3,1,2,4,4,2,6,4,4,5,10,2,0,8504,2,0,0,2,0,2,0,2,1,1,2,3,23,1,1,8537,5,2,0,1,1,1,3,1,2,1,0,2,37,5,3,8573,4,4,3,1,3,4,2,3,4,4,4,4,26,0,3,8698,4,4,2,2,2,3,2,2,3,1,5,1,12,2,1,8523,3,2,0,1,3,2,0,1,0,2,3,1,21,4,0,8717,6,0,1,1,4,2,1,0,1,3,3,3,31,5,2,8404,3,4,1,2,1,2,2,3,3,2,4,4,25,3,0,7827,2,3,1,2,3,1,2,1,1,3,4,2,5,2,0,7845,3,2,0,1,2,2,0,0,0,1,2,2,12,1,0,7896,4,2,1,2,2,2,1,0,0,3,2,2,23,4,2,7849,5,4,3,1,3,2,0,1,1,3,5,5,30,2,3,7855,6,2,1,3,5,2,0,3,4,1,3,4,58,7,8,8516,13,5,7,7,5,7,5,7,10,6,16,14,50,5,4,8494,6,3,3,3,5,5,3,3,5,3,5,8,vips_IndirectBP
213,71,23,8102,63,92,18,27,26,29,6,31,62,60,100,97,42,4,4,8520,3,13,4,3,6,5,3,4,4,4,7,7,19,2,1,8486,3,15,1,2,2,1,0,1,4,2,4,4,36,1,2,8521,1,15,4,2,2,1,0,0,2,2,4,2,42,4,2,8077,4,32,3,3,3,1,2,3,4,2,5,5,41,4,0,7983,6,14,4,3,4,2,2,2,5,4,14,9,13,2,1,7881,4,18,1,2,0,0,0,1,2,1,4,4,19,1,3,8094,1,15,2,1,0,0,0,3,3,3,4,1,19,1,0,7981,1,11,2,1,3,1,0,0,2,2,2,1,18,2,1,8496,5,13,1,2,1,1,0,1,2,1,5,3,9,2,0,8504,1,10,0,0,0,1,0,1,1,3,5,3,23,3,1,8619,3,11,1,1,1,1,1,2,3,3,4,5,37,4,2,8517,4,31,0,3,1,1,1,3,4,5,5,3,36,5,2,8526,3,15,2,1,1,1,2,1,4,3,8,2,61,4,3,8644,8,44,2,4,3,4,4,3,3,7,14,7,56,6,4,8531,3,39,3,3,2,2,3,3,2,4,7,3,vips_IndirectBP
208,74,32,8191,77,61,42,46,53,71,15,60,63,59,89,106,41,6,4,7913,8,6,3,4,1,14,2,12,6,5,5,5,17,3,3,7883,3,4,1,1,0,13,1,11,2,2,3,4,29,2,2,7934,2,3,1,1,1,14,1,13,2,1,0,7,38,2,1,8386,6,8,5,5,4,33,2,28,4,4,5,6,37,6,4,8711,13,2,4,2,1,24,1,14,8,2,18,8,21,4,1,8550,3,1,2,1,2,20,1,14,3,2,4,4,27,3,0,8797,3,4,0,3,2,17,1,11,3,3,5,6,32,4,3,8547,5,1,1,2,1,14,2,8,2,3,3,7,31,3,2,8509,9,1,2,2,2,12,7,29,8,4,17,7,11,2,1,8526,2,1,1,1,2,12,1,13,2,1,2,4,14,2,2,8593,5,4,1,0,1,11,0,8,6,1,6,5,35,3,2,8538,4,4,1,3,3,26,0,25,2,4,4,5,29,3,1,8116,3,2,3,5,3,16,3,13,3,2,3,6,54,3,5,8039,6,4,4,6,5,43,4,42,5,4,9,6,54,3,1,7900,6,3,3,2,4,29,3,33,6,5,5,8,vips_IndirectBP
173,67,16,8772,60,49,17,26,26,27,6,24,38,83,72,86,40,3,4,8527,3,5,4,5,7,4,3,1,5,6,5,6,15,1,0,8510,2,0,1,2,3,2,0,0,1,4,2,3,31,2,0,8589,2,2,2,2,3,0,3,0,1,1,2,1,38,5,2,8572,3,3,2,3,3,4,1,3,4,4,3,4,29,3,2,8781,4,6,0,1,1,3,1,4,0,4,5,2,14,1,1,8559,4,1,0,2,1,1,0,1,0,4,2,4,17,3,2,8818,2,1,2,0,2,1,0,2,2,1,2,1,20,2,0,8012,2,2,2,2,3,0,0,2,2,3,3,2,20,3,1,7841,6,6,1,2,3,0,0,1,2,1,7,7,11,2,1,7847,2,1,1,0,0,0,0,2,1,1,1,4,23,4,0,7930,9,3,2,2,1,4,2,3,3,2,9,10,25,5,1,7854,4,2,2,2,2,0,1,2,1,3,3,2,45,3,4,8305,6,4,3,1,3,4,1,2,5,4,5,3,39,6,3,8646,5,5,3,4,5,3,2,3,4,6,9,5,51,6,4,8511,4,5,4,4,4,4,3,5,2,3,4,2,vips_IndirectBP
158,54,14,8773,56,59,24,37,32,32,6,14,38,94,51,81,29,5,4,8506,6,4,2,3,1,3,2,4,3,4,5,5,11,4,1,8033,2,3,1,1,0,1,1,1,1,3,5,2,29,2,4,7918,2,0,1,2,0,2,0,3,1,3,2,3,35,5,4,8001,5,4,2,2,2,3,3,3,2,5,3,4,38,4,1,8158,6,1,3,5,4,1,1,1,4,4,6,2,13,3,0,7930,1,3,1,0,0,2,1,0,2,2,2,2,25,1,1,8163,4,4,1,3,1,3,0,1,1,6,4,5,18,3,2,8468,1,2,1,0,1,2,1,0,2,2,4,3,20,2,2,8494,7,1,2,2,0,2,0,0,3,4,5,3,6,0,0,8513,2,3,0,1,1,1,0,0,1,4,3,2,12,2,0,8601,5,1,0,2,2,0,1,0,1,3,3,3,26,2,1,8508,3,5,1,2,2,2,0,2,2,4,2,4,52,4,3,8515,4,4,3,4,3,4,4,4,4,4,5,5,33,2,4,8662,5,6,5,5,4,5,3,4,4,6,3,7,46,4,1,8520,6,2,3,3,3,2,3,2,5,5,6,4,vips_IndirectBP
178,76,21,8132,76,54,26,33,24,36,6,13,28,79,55,82,48,4,4,7877,6,5,4,4,5,4,3,4,4,4,3,8,15,1,1,8335,4,1,1,1,1,2,0,0,1,2,2,4,33,2,1,8591,3,4,2,1,2,2,2,1,1,2,2,3,43,3,1,8593,5,4,3,4,3,4,2,4,4,6,4,5,32,3,3,8780,4,5,2,2,1,2,2,2,3,5,5,6,17,2,2,8561,5,0,1,1,3,1,0,0,1,3,2,4,19,4,2,8814,4,1,0,1,2,1,1,1,1,1,2,3,20,3,1,8575,4,2,0,3,3,1,0,1,2,5,2,2,27,5,0,8491,4,4,1,2,3,2,2,3,1,1,5,4,9,2,0,8497,3,0,0,0,1,1,0,0,1,1,2,4,16,1,2,8594,4,3,1,1,0,3,0,0,2,1,5,3,20,4,1,8520,4,1,1,1,1,2,2,1,2,3,3,5,44,5,3,7885,5,5,2,3,3,1,1,1,2,6,4,5,34,6,5,7954,5,5,3,3,2,3,3,2,4,5,3,3,48,6,4,7860,4,5,3,4,3,5,3,4,4,5,2,6,vips_IndirectBP
250,109,79,8900,107,121,77,95,80,90,63,95,91,140,278,166,27,5,3,8533,3,4,3,3,3,4,2,3,3,7,135,22,18,4,1,8513,1,2,1,2,3,1,1,2,1,4,121,25,42,2,3,8595,3,1,1,1,3,1,1,4,1,2,144,24,34,5,3,8644,3,3,2,3,1,3,3,1,2,4,131,31,38,4,1,8839,3,3,2,1,2,4,0,3,2,3,138,31,12,1,1,8575,1,4,0,1,0,2,0,2,1,2,116,26,21,1,2,8624,1,5,2,1,1,2,0,1,3,4,144,21,22,0,1,7937,2,4,2,1,0,2,1,1,1,2,120,35,22,1,3,7866,4,2,1,2,1,2,1,1,1,4,129,29,9,1,1,7864,2,3,1,0,1,1,0,1,1,2,136,25,19,2,0,7939,3,1,1,2,2,1,1,2,1,4,151,34,25,2,1,7886,1,2,2,2,2,2,0,1,2,4,104,32,49,3,2,8498,5,3,3,3,4,3,1,3,4,4,123,31,41,2,4,8629,7,6,2,4,5,6,6,4,5,8,91,46,39,3,4,8529,3,2,3,3,4,2,3,2,3,3,133,20,vips_IndirectBP
255,77,21,8890,87,53,33,52,92,40,12,21,78,94,152,127,62,2,6,8418,6,3,5,4,16,2,3,3,6,3,17,11,30,1,1,7881,3,2,1,1,13,1,0,0,2,2,10,6,59,2,2,7927,2,2,4,2,16,2,3,1,3,3,13,6,75,4,4,7948,7,5,3,2,29,1,3,3,6,4,18,10,43,5,1,8206,5,3,2,3,20,1,4,1,3,3,20,8,37,3,2,7939,4,1,2,0,17,0,1,1,3,3,7,6,40,3,1,8421,5,2,0,3,18,2,1,2,4,5,12,8,31,4,2,8613,6,1,1,3,11,5,2,3,7,4,18,10,34,3,0,8517,3,0,2,2,14,2,1,1,4,3,19,11,21,2,0,8531,3,1,0,2,10,1,0,0,1,2,15,8,25,4,1,8588,2,3,0,2,10,2,0,0,3,3,12,4,68,3,2,8540,6,3,1,3,24,2,2,3,4,6,17,11,60,5,3,8518,3,4,3,5,14,3,3,3,6,6,17,7,112,5,4,8669,6,5,4,5,31,4,4,5,6,5,15,8,96,6,2,8536,5,3,4,5,17,4,5,4,7,7,19,13,vips_IndirectBP
199,36,26,8151,63,58,16,41,33,42,8,21,70,88,129,100,26,4,2,7982,4,7,2,2,2,3,1,3,4,7,6,3,21,4,1,8516,3,1,2,2,0,2,1,1,3,4,5,4,42,2,2,8581,3,4,2,2,2,3,2,3,1,3,4,3,38,3,1,8587,2,3,2,4,3,5,0,2,3,3,4,4,36,2,3,8705,5,6,2,3,1,3,0,2,3,5,5,2,14,1,1,8595,2,2,0,2,2,3,0,1,2,3,4,2,30,4,2,8873,4,2,2,0,1,1,1,2,4,2,3,6,30,2,3,8579,9,3,2,2,1,2,1,0,6,5,16,7,30,1,3,8504,3,4,1,2,2,2,2,1,2,5,6,3,12,0,1,8519,2,0,1,1,1,2,0,0,2,2,4,4,17,0,1,8575,2,2,2,2,2,0,0,2,3,3,4,5,43,2,2,8299,4,5,3,4,4,3,1,3,4,4,6,5,53,2,3,7873,5,4,2,3,4,5,1,4,5,4,6,6,68,3,5,8018,7,8,6,4,5,8,5,4,8,8,8,9,53,3,3,7872,5,4,3,3,4,4,5,5,4,5,8,6,vips_IndirectBP
618,416,355,7595,378,480,408,427,362,370,336,329,375,413,441,499,59,5,7,6217,4,53,36,39,4,22,3,2,4,5,8,7,25,2,3,6126,5,53,38,35,4,20,1,1,2,2,6,4,85,21,15,5983,18,253,124,146,20,81,20,20,18,18,22,24,44,4,4,6082,4,71,44,56,3,24,3,3,4,9,7,8,60,12,2,6177,7,59,61,53,7,24,4,6,8,6,8,13,23,6,2,5829,2,41,38,54,3,18,1,2,6,3,6,8,22,3,3,6079,4,46,44,45,5,23,1,1,5,4,5,5,36,6,1,5974,10,58,47,53,3,34,0,1,2,2,5,3,25,6,2,5777,6,49,25,38,0,16,1,3,3,2,3,7,14,5,0,6083,2,57,33,44,1,19,0,0,1,3,4,5,21,4,0,5849,6,55,35,40,0,24,0,0,2,3,4,5,35,4,4,6182,5,66,46,46,2,28,2,1,2,5,4,4,59,7,4,6471,5,47,38,50,3,23,2,2,5,6,5,5,85,9,6,6613,11,54,45,50,7,30,4,5,6,9,10,8,115,7,7,6626,5,67,54,65,4,31,4,2,5,6,5,9,vips_IndirectBP
19490,1295,813,3490,819,627,563,595,598,597,588,583,579,633,850,647,78,304,193,2865,161,57,69,59,48,46,45,54,53,59,167,74,71,482,139,1897,130,34,43,35,32,39,37,31,33,35,360,40,84,1499,207,1923,174,91,45,50,49,33,37,46,60,51,168,63,82,542,194,1869,117,32,31,36,31,31,32,32,32,31,239,33,56,608,123,2025,87,27,27,29,27,30,27,30,26,27,126,31,41,433,116,1672,79,25,22,28,25,26,28,25,25,25,122,27,37,436,111,1365,80,20,20,24,22,21,23,28,19,28,128,28,44,459,133,1453,100,25,23,28,24,27,26,30,29,29,144,28,48,278,131,1597,96,27,28,27,26,27,28,28,29,31,145,28,38,269,132,1545,91,23,23,24,21,24,24,26,24,24,168,25,38,277,104,1538,78,16,15,16,16,16,17,17,19,19,129,20,37,360,144,1667,102,21,21,22,24,23,23,24,23,26,158,25,51,267,122,1863,98,24,25,25,27,29,29,28,30,26,144,29,75,218,222,1572,232,31,38,28,28,28,31,30,28,32,165,38,54,235,205,2007,114,28,28,26,27,27,26,27,29,27,196,30,vips_IndirectBP
2168,1565,2110,6217,2651,1716,1421,5483,1511,4605,1557,1569,1577,1622,3169,1748,285,12,360,3816,674,109,17,2185,40,1582,56,56,46,53,784,55,257,26,418,3659,740,194,16,2238,50,1994,66,44,61,44,985,53,489,138,660,3115,1042,335,80,3153,198,2479,238,208,228,193,1326,267,282,30,601,3475,957,205,21,2939,58,2423,81,100,77,57,1397,63,281,25,583,3457,878,123,13,2663,48,2490,76,71,76,57,1229,62,185,7,338,2710,576,73,7,1910,35,1654,67,56,47,45,801,42,284,88,447,3498,759,168,31,2020,98,2297,107,85,101,57,967,79,247,9,443,3247,721,133,11,2193,47,1782,76,82,70,66,923,73,210,69,390,3061,666,176,28,2634,71,1710,72,71,96,59,940,74,193,8,392,3404,705,92,18,2397,37,2140,65,64,65,50,968,53,207,8,380,2678,646,83,7,2261,46,1922,61,54,50,49,923,58,224,8,424,3212,636,118,11,2126,53,1876,80,69,62,66,986,62,273,8,431,3011,712,112,14,2396,51,1997,67,70,71,53,966,64,264,52,558,3305,919,182,22,2198,76,1857,115,68,70,57,938,71,339,19,496,3450,729,126,16,2384,62,2180,94,82,73,70,1016,77,vips_IndirectBP
5834,2536,4806,3649,5901,4891,4496,4733,4773,4350,2216,2224,2251,2307,4171,2463,1062,91,1040,1008,1953,1323,1180,1607,1505,1171,37,30,34,33,918,108,1009,168,1417,994,2397,1877,1686,1794,2125,1742,51,18,102,34,1380,123,1157,189,1424,865,2381,1706,1675,1840,1840,1633,118,116,118,103,1262,233,1118,155,2058,1077,2753,2317,2172,2121,2594,1986,66,82,97,41,1611,238,1088,169,1918,974,2868,1865,2029,1929,2415,1950,66,48,88,90,1529,186,965,106,1168,767,1901,1411,1011,1521,1581,1348,54,27,56,30,1014,134,999,248,1160,805,1750,1513,1389,1311,1540,1309,70,42,79,42,1028,141,981,122,1766,885,2465,1834,1669,1776,1700,1600,48,35,78,34,1263,252,954,93,1285,709,1797,1313,1200,1413,1506,1269,39,19,48,32,1098,106,943,61,1234,864,1999,1249,1192,1678,1412,1660,27,23,34,24,1432,105,916,65,1290,704,1931,1266,1154,1503,1291,1344,24,10,27,21,1358,98,927,67,1405,823,2050,1466,1292,1466,1538,1373,66,16,22,35,1168,139,956,52,1433,754,2129,1529,1421,1678,1521,1352,33,21,52,33,1140,112,957,109,1583,857,2194,1674,1426,1611,1746,1449,133,29,71,38,1220,163,957,79,1601,897,2251,1738,1631,1609,1754,1618,51,35,41,56,1227,163,vips_IndirectBP
6298,3500,5045,3493,7083,5216,4849,4980,6844,4852,4560,3229,5203,5290,5340,5662,1939,33,942,36,2213,866,641,831,1863,790,587,25,863,972,973,1082,2037,79,1128,24,2339,1101,910,1114,2367,1160,763,27,1140,1230,1270,1368,2151,100,1153,103,2350,1019,930,1006,2238,951,861,117,1101,1295,1264,1392,2437,110,1307,39,2653,1331,1268,1272,3136,1342,1095,51,1519,1836,1644,2070,2194,105,1221,21,2572,1030,895,1042,2850,1155,864,19,1457,1483,1515,1883,1887,64,853,23,1831,790,585,785,1648,811,614,10,978,1014,993,1220,1966,96,916,71,1838,874,708,787,1633,795,571,35,882,966,1001,1239,2121,115,1362,32,2835,1183,905,1088,2163,1069,788,39,1250,1470,1475,1898,1921,67,975,22,1956,858,671,763,1951,825,565,16,935,1029,1056,1185,1954,54,1138,24,2441,1056,938,1152,2230,1155,626,16,989,1147,1434,1226,1821,15,1090,12,2136,1063,944,1069,1804,1089,605,10,914,984,1140,1139,2092,82,1089,28,2448,1059,787,878,2538,1016,724,10,893,1152,1275,1478,2007,90,1091,33,2613,1067,796,1170,2449,1015,728,23,1164,1076,1325,1540,2177,96,1277,38,2483,1073,799,940,2291,977,883,48,1095,1301,1270,1395,2251,92,1317,37,2671,1256,1197,1074,2679,1271,861,52,1346,1472,1468,1476,vips_IndirectBP
8595,4056,5944,3717,6787,5747,5271,5710,5974,4830,5413,5632,5475,5451,5483,4875,2816,30,878,37,1831,1002,1028,1404,1268,698,841,1115,763,684,704,637,3099,93,1220,55,2163,1297,1300,1667,1849,1089,1216,1367,1103,897,1029,813,2964,102,1205,103,1985,1139,1280,1584,1630,835,1200,1341,889,846,988,743,3417,98,1660,62,2368,1433,1458,1770,1948,1093,1625,2076,1332,1163,1434,998,3429,88,1404,42,2102,1187,1322,1682,1888,1110,1361,1755,1232,966,1055,970,2688,59,917,34,1597,901,820,1492,1290,766,896,1095,731,718,769,663,2689,89,901,64,1573,897,964,1355,1180,704,941,1066,713,727,760,589,2988,79,1309,32,2097,1135,1171,1607,1533,960,1236,1509,1043,976,1035,832,2626,66,1016,31,1652,856,908,1336,1439,759,931,973,782,691,808,686,2816,82,1156,50,2308,1091,1180,1802,1968,1127,850,1320,1031,1067,1176,1005,2782,86,1136,42,2377,1095,1156,1717,1795,1114,1044,1088,1025,1040,1165,1009,2839,75,1296,42,2038,1157,1066,1561,1586,893,1103,1176,830,944,959,791,3044,100,1281,40,2140,1169,1104,1743,1723,903,1059,1370,1031,824,1008,843,2945,86,1353,59,2059,1174,1215,1489,1690,883,1124,1352,826,894,942,793,3055,86,1428,38,2037,1267,1241,1549,1674,1017,1312,1512,975,864,1100,814,vips_IndirectBP
10643,5240,6313,4754,7961,7091,6483,6312,7642,6743,6186,6155,6212,6258,6422,6247,3325,85,690,35,2099,952,902,1198,2081,1685,783,836,850,813,850,996,3425,175,953,60,2256,1319,1278,1349,2531,1946,955,1153,1032,1053,1075,1068,3329,139,797,71,2062,1047,1188,1351,2349,1871,1053,1022,889,1045,975,1075,3619,207,1105,72,2339,1655,1661,1558,2756,2098,1188,1716,1172,1175,1274,1270,3738,237,1059,80,2488,1355,1420,1474,2967,2422,1098,1531,1186,1190,1187,1414,3074,178,872,81,1990,1063,783,1168,2063,1839,900,981,806,886,1037,989,3088,266,699,89,1664,976,909,1157,1770,1772,800,877,766,842,868,948,3387,195,1071,57,2541,1429,1373,1374,2319,1898,1007,1320,1033,1019,1175,1269,2954,144,697,54,1858,849,855,1259,2008,1744,806,811,859,888,924,987,3260,177,944,60,2233,1070,1056,1433,2290,2263,1067,1129,1062,1215,1249,1150,3351,180,1099,63,2384,1186,1050,1458,2028,2153,1121,1039,1026,1090,1311,1190,3199,177,827,51,2176,1174,1015,1292,2359,1810,857,945,802,863,1071,1070,3290,161,822,54,2259,1208,1182,1491,2076,2073,950,1117,873,881,1055,1070,3422,175,894,55,2097,1123,1158,1275,2318,1956,977,1013,1039,1053,1022,1145,3513,159,1051,48,2155,1335,1433,1298,2340,2184,1070,1123,939,1017,1146,1116,vips_IndirectBP
9874,4658,6441,4342,7711,6132,5605,5907,7676,5488,6251,5486,6275,6476,7185,6113,3308,40,1147,33,1995,859,858,1055,2027,861,1124,992,999,1079,1983,852,3490,102,1361,45,2180,1199,1131,1302,2555,1085,1299,1152,1339,1393,2099,1141,3371,49,1186,46,1853,921,977,1210,2194,1081,1292,1084,1092,1292,2145,1027,3603,123,1605,56,2401,1375,1303,1482,2943,1295,1719,1493,1662,1914,2396,1580,3643,115,1537,36,2359,1083,1047,1343,2761,1382,1393,1379,1473,1470,2288,1372,2976,85,1130,26,1755,845,787,1142,1870,946,1168,804,965,1110,2000,903,3094,108,1089,70,1677,865,790,1079,1726,886,1109,901,920,1017,1989,809,3457,136,1562,54,2592,1173,1041,1382,2278,1135,1473,1177,1454,1487,2119,1388,3087,88,1101,35,1613,815,790,988,2051,1014,1004,831,941,1052,1892,856,3379,106,1425,46,2272,1109,1109,1351,2378,1205,1184,1235,1152,1350,2495,1083,3198,86,1494,32,2096,1133,1070,1298,2065,1210,1196,1115,1096,1149,2631,1014,3309,99,1376,59,2202,1134,991,1116,2561,1085,1282,938,993,1217,2257,1081,3366,113,1504,60,2422,1140,1017,1342,2503,1207,1291,1130,1158,1172,2308,1168,3446,93,1606,44,2060,998,980,1156,2277,1097,1310,1124,1162,1231,2312,957,3506,107,1601,50,2392,1263,1240,1131,2606,1124,1440,1140,1247,1528,2475,1123,vips_IndirectBP
13533,6539,8831,6189,10566,9533,8841,8019,8867,7567,8094,8277,8050,8045,7858,7926,4439,39,1599,79,2912,1969,1894,820,1759,1024,1085,1400,1033,970,917,985,4755,98,1726,90,2981,2175,2245,1087,2128,1409,1309,1639,1250,1140,1129,1083,4498,45,1664,82,2767,1975,1956,879,1826,1170,1295,1523,1010,1079,1035,1048,5196,137,1912,117,3085,2599,2355,1408,2187,1284,1685,2171,1382,1261,1335,1311,5153,164,2082,127,3395,2244,2479,1089,2184,1458,1432,1953,1390,1154,1263,1375,4265,125,1704,95,2864,2273,1809,827,1670,1166,1208,1326,1024,1042,1036,1030,4371,192,1812,170,2651,2084,1935,1083,1595,1453,1184,1340,1018,1035,988,1040,4808,119,1874,82,2898,2148,2118,1304,1815,1452,1350,1832,1257,1114,1227,1177,4064,128,1705,87,2478,1805,1797,959,1807,1084,1082,1233,1033,984,945,968,4255,131,1881,101,3174,2176,2232,1011,2047,1321,1120,1493,1169,1226,1269,1215,4418,126,2041,91,3385,2335,2220,1161,1992,1349,1302,1278,1215,1198,1385,1372,4430,121,1876,121,3031,2115,1998,882,2059,1133,1202,1417,1061,1053,1121,1193,4629,113,1951,98,3139,2177,2090,1126,1937,1251,1225,1533,1157,1138,1198,1146,4666,94,1942,123,3051,2242,2063,889,1930,1246,1256,1547,1161,1139,1023,1062,4893,115,1974,137,3160,2298,2510,1006,2138,1209,1493,1616,1211,1252,1104,1176,vips_IndirectBP
17494,9263,10833,9248,11052,11134,10720,11570,12003,11023,11938,11932,12223,11913,11107,11541,6634,41,1437,90,1577,1214,1281,1787,2329,2086,2339,2215,2297,2256,1546,2070,6726,107,1595,150,1662,1452,1573,1862,2625,2272,2525,2352,2425,2342,1734,2109,6756,89,1616,127,1650,1400,1476,2012,2371,2272,2475,2283,2337,2343,1779,2179,6756,153,1597,165,1793,1600,1623,2087,2471,2295,2490,2425,2477,2484,1739,2280,6886,161,1702,140,1881,1464,1586,2090,2550,2389,2591,2590,2579,2471,1808,2312,6592,172,1486,121,1579,1368,1282,1716,2316,2162,2414,2262,2378,2309,1628,2130,6687,176,1614,135,1670,1383,1387,1629,2276,2159,2473,2327,2331,2422,2065,2254,6611,165,1827,109,1570,1438,1403,2056,2269,2382,2435,2293,2417,2345,2219,2015,6450,100,1497,114,1507,1189,1261,1620,2310,2114,2276,2118,2209,2252,1565,2095,6617,152,1483,126,1679,1369,1406,1928,2470,2309,2397,2370,2594,2338,1729,2145,6892,179,1574,110,1676,1417,1431,1792,2334,2143,2583,2367,2515,2351,1788,2210,6670,183,1619,201,1662,1421,1427,1876,2379,2297,2715,2295,2369,2310,1641,2162,6780,165,1700,135,1845,1541,1557,1961,2593,2227,2576,2390,2586,2416,1797,2499,6861,154,2097,214,1714,1486,1489,1896,2466,2337,2483,2366,2457,2453,1673,2129,6880,152,1514,254,1712,1362,1491,1883,2590,2226,2627,2383,2568,2726,1640,2230,vips_IndirectBP
13242,7317,8931,7318,10960,9089,8750,8709,10035,9116,8293,8359,8540,8302,8587,8805,4569,22,1342,81,3099,1464,1498,1138,2407,2365,998,1185,1040,957,1260,1539,4633,91,1459,137,3089,1548,1642,1397,2774,2404,1140,1291,1210,1152,1543,1781,4672,43,1462,112,3053,1481,1624,1303,2414,2483,1186,1325,1116,1077,1405,1626,4738,103,1550,159,3116,1601,1676,1618,2705,2490,1224,1467,1279,1130,1529,1340,4710,89,1543,137,3283,1581,1681,1420,2702,2498,1250,1420,1338,1142,1437,1523,4392,83,1295,105,3003,1547,1995,1113,2389,2413,1074,1147,1055,1005,1234,1618,4496,106,1392,98,3502,1708,2213,1035,2374,2424,1080,1244,1071,972,1325,1559,4508,91,1606,103,3372,1689,1756,1445,2409,2734,1070,1275,1198,1035,1476,1557,4250,97,1348,148,2998,1455,1473,1060,2506,2492,1029,1130,1062,945,1304,1369,4379,110,1425,109,3170,1503,1552,1283,2540,2459,1110,1264,1143,1080,1488,1400,4418,114,1398,112,3172,1456,1530,1236,2477,2366,1180,1278,1244,1035,1378,1532,4433,115,1517,119,3134,1611,1652,1252,2694,2493,1159,1262,1119,987,1411,1407,4576,84,1442,83,3305,1562,1556,1284,2566,2444,1170,1360,1154,1078,1375,1396,4466,78,1706,77,3325,1637,1631,1244,2598,2421,1138,1291,1166,1133,1431,1435,4568,85,1608,190,3429,1554,1672,1198,2609,2447,1124,1279,1126,1002,1474,1497,vips_IndirectBP
12525,7250,9331,7402,9575,10122,9783,8493,8668,7758,8016,7879,8162,8716,9173,8022,4351,19,1935,67,2109,2594,2597,999,1324,863,755,805,873,1006,1910,864,4492,118,2020,169,2202,2676,2666,1132,1604,1020,943,1064,1087,1138,2753,956,4555,47,2003,89,2134,2654,2757,1073,1513,911,941,893,873,1117,1962,900,4551,129,2157,162,2347,2850,2839,1263,1796,977,1080,1204,997,1505,2185,964,4658,84,2136,133,2384,2741,2883,1188,1871,1074,1002,1088,1083,1374,2054,1011,4208,79,2006,96,2011,2732,2552,1018,1344,862,895,803,874,1396,2015,835,4643,69,2028,74,1894,2558,2574,982,1190,790,1029,1074,1026,1404,1982,845,4641,144,2190,134,2291,2790,2725,1134,1450,965,1034,1269,1278,1818,2070,1004,4235,165,2105,178,2078,2673,2749,1068,1494,1000,830,849,988,1840,2036,1055,4221,121,2153,140,2210,2688,2678,1198,1586,1089,840,927,1035,1515,2099,961,4253,147,2190,144,2317,2749,2729,1257,1573,983,893,872,1080,1318,2170,968,4255,139,2095,158,2270,2704,2767,1154,1587,920,904,914,856,1191,2079,956,4495,111,2107,136,2422,2712,2743,1255,1678,930,951,1020,1015,1148,2059,935,4451,123,2976,130,2215,2728,2800,1184,1575,1011,885,1044,981,1145,2080,998,4396,89,2087,178,2209,2758,2865,1123,1502,1124,936,948,1003,1308,2043,960,vips_IndirectBP
9343,659,311,2765,401,366,322,325,333,333,313,324,333,357,368,381,49,136,27,1945,36,15,22,16,10,9,8,11,13,21,15,29,18,208,1,1654,27,3,1,2,2,3,2,2,1,3,10,9,45,650,28,1690,50,25,5,11,16,9,7,9,16,11,11,17,56,235,6,1639,26,8,3,2,2,3,5,5,5,5,12,32,35,295,0,1680,20,3,3,2,5,0,3,1,4,6,3,7,11,197,3,1435,21,3,0,2,0,0,1,1,1,2,4,8,18,211,3,1365,8,2,1,1,3,2,3,1,5,3,6,8,24,230,2,1289,20,4,2,2,2,6,4,3,3,2,5,10,22,143,1,1359,12,2,0,2,3,4,3,1,2,2,2,7,13,125,2,1412,19,4,3,2,3,3,4,5,3,5,2,11,20,133,2,1385,16,4,2,4,4,2,5,4,6,6,4,12,20,176,3,1483,21,5,3,3,3,4,3,2,1,6,4,12,41,129,5,1513,25,4,3,2,5,3,3,5,4,3,12,14,48,79,4,1436,36,6,4,3,4,3,3,3,5,6,11,14,42,107,2,1620,39,3,2,3,0,2,4,5,3,5,2,10,vips_IndirectBP
7359,4220,5564,4242,7072,5041,4772,5077,5327,6078,4646,4603,4725,4723,5513,4769,2534,20,989,50,2644,810,794,814,917,2017,295,315,351,334,963,487,2650,51,1140,105,2583,837,804,819,1092,2125,474,491,500,463,1323,547,2631,30,1180,69,2581,842,896,853,1038,2109,408,360,395,406,1141,545,2820,55,1343,75,2743,874,867,974,1230,2196,567,625,606,458,1372,577,2734,34,1286,72,2728,806,1007,887,1333,2133,443,506,477,379,1172,583,2363,25,1080,61,2484,902,965,831,945,2121,327,307,302,348,1181,430,2462,35,1321,52,2490,979,811,776,812,2058,323,324,363,380,1258,447,2709,44,1512,69,2627,1097,842,862,1026,2153,434,542,519,388,1372,563,2365,34,993,35,2480,782,772,754,1063,2092,338,379,371,352,1046,492,2483,51,1145,66,2776,838,823,983,1132,2161,392,566,416,485,1269,552,2512,53,1184,55,2819,826,805,912,1269,2255,496,412,464,498,1204,539,2513,49,1262,62,2634,865,849,839,1258,2103,404,396,427,385,1171,559,2655,56,1217,60,2718,814,808,940,1362,2131,422,451,445,422,1122,550,2647,55,1248,67,2737,824,826,844,1145,2143,471,436,441,454,1101,511,2715,37,1285,102,2591,773,800,823,1114,2138,483,412,488,471,1151,543,vips_IndirectBP
8329,4722,5597,4532,6680,5683,5347,5608,6023,5205,5101,5005,5420,5219,5396,6615,2839,14,433,38,1840,626,541,702,1112,822,492,514,474,531,411,2156,2949,108,557,101,1912,806,730,815,1299,906,585,567,615,643,558,2265,2781,35,490,49,1861,661,647,756,1196,907,554,482,442,606,529,2255,2959,93,637,121,2065,938,890,873,1540,959,567,628,555,615,633,2368,2956,113,635,114,2175,734,912,852,1566,997,654,699,643,680,585,2359,2677,84,464,72,1903,759,504,716,1145,892,499,447,492,503,466,2214,2729,67,444,66,1853,654,540,674,1395,827,466,498,429,546,476,2181,2862,76,646,81,2078,896,715,820,1387,977,516,569,581,580,548,2370,2687,45,432,77,1584,548,563,636,1037,889,477,449,462,536,435,2214,2782,78,585,71,1757,670,643,813,1164,927,582,718,560,706,634,2248,2721,78,565,55,1762,626,562,829,1085,888,587,536,612,579,700,2224,2832,75,623,58,1804,735,652,773,1259,915,518,501,504,539,583,2251,2808,64,555,54,1939,730,663,859,1251,902,561,524,490,511,504,2220,2863,111,781,82,1898,801,660,764,1226,921,633,638,554,699,544,2265,2820,31,640,83,1811,722,778,779,1219,870,579,551,509,631,588,2161,vips_IndirectBP
11127,5717,7344,5485,8126,7353,6809,6671,8073,6582,6821,6744,7227,7320,7219,7023,3880,16,1088,68,1695,1137,1123,1194,1980,832,1048,1110,1214,1126,1060,1311,4011,155,1304,168,1986,1470,1374,1330,2423,1269,1208,1365,1602,1516,1288,1570,3922,43,1240,75,1754,1214,1294,1339,2231,1062,1274,1285,1325,1380,1249,1497,4221,159,1635,187,3070,1463,1435,1516,2660,1485,1579,1782,1895,1965,1643,1625,4277,184,1568,181,4184,1397,1607,1358,2658,1387,1302,1501,1781,1592,1474,1734,3573,129,1107,109,2916,1043,1000,1216,1871,973,1097,1051,1217,1231,1173,1994,3623,113,1106,133,2138,1124,1128,1744,1802,1159,1118,1091,1180,1083,1061,2238,3943,136,1529,119,2273,1387,1285,1845,2265,1463,1356,1512,1690,1656,1338,1789,3636,168,1158,150,1822,1124,1119,1263,2199,970,1142,1081,1346,1280,1162,1475,3667,112,1230,123,2087,1268,1276,1301,2449,1270,1124,1290,1267,1256,1412,1509,3679,121,1273,110,2013,1244,1192,1338,2001,1171,1200,1203,1383,1291,1410,1524,3772,108,1492,94,2097,1267,1242,1299,2446,1147,1217,1272,1263,1323,1318,1493,3937,124,1367,109,2342,1356,1298,1362,2373,1252,1277,1438,1475,1300,1394,1607,4054,145,1548,109,1799,1471,1363,1314,2332,1066,1255,1371,1562,1443,1309,1477,4139,106,1551,209,1848,1326,1448,1338,2390,1283,1444,1391,1501,1458,1411,1547,vips_IndirectBP
12389,6354,8026,6375,9318,8706,7989,8500,8827,7675,7470,7266,7871,7664,7836,7862,4061,27,952,31,2141,1200,1081,1513,1801,1199,994,1081,997,944,917,1019,4315,210,1249,136,2342,1396,1406,1693,2282,1626,1114,1229,1277,1178,1236,1349,4239,35,1027,45,2184,1228,1227,1755,1880,1524,942,1005,930,1005,995,1097,4580,194,1447,148,2520,1759,1792,2044,2536,1925,1253,1491,1409,1399,1394,1568,4636,212,1306,152,2595,1390,1508,1856,2378,1899,1135,1360,1277,1256,1246,1522,3990,181,1083,148,1989,1338,1083,1551,1709,1345,1019,1013,1021,1077,1043,1147,4130,176,1071,145,1934,1199,1167,1573,1603,1306,959,1049,1002,1029,997,1144,4252,166,1345,96,2684,1339,1361,1845,1915,1727,1039,1174,1150,1084,1181,1610,3996,187,1128,136,2303,1212,1175,1619,2003,1318,1007,1027,1014,1105,1058,1212,4016,129,1164,77,2319,1202,1187,1699,2112,1597,1066,1137,1140,1182,1242,1281,3970,120,1218,76,2144,1232,1172,1601,1832,1444,1111,1172,1172,1194,1290,1229,3960,125,1138,86,2431,1320,1202,1628,2171,1522,980,1006,1006,1078,1054,1251,4023,119,1130,72,2287,1358,1234,1729,1993,1488,978,1098,1020,1076,1056,1236,4275,195,1243,137,2377,1382,1339,1700,2033,1499,1111,1108,1136,1187,1154,1310,4476,212,1459,159,2485,1595,1661,1804,2318,1730,1262,1252,1202,1395,1306,1393,vips_IndirectBP
16905,8588,11063,7971,11292,10919,10310,10557,10685,9357,10725,10350,10958,10725,11008,10275,6124,31,2047,32,2166,1589,1614,2139,2153,1072,2008,2119,1937,2095,2054,1381,6303,184,2178,95,2355,1830,1900,2318,2522,1430,2219,2142,2096,2354,2190,1641,5965,43,1967,24,2128,1523,1618,2205,2206,1115,2018,2087,1900,2153,2054,1454,6274,186,2388,94,2595,1845,1973,2481,2694,1495,2276,2401,2167,2484,2419,2046,6387,193,2390,86,2468,1785,1949,2277,2679,1506,2300,2403,2265,2403,2471,1810,5885,172,2118,95,2056,1931,1549,2213,2072,1194,2152,2017,2085,2237,2312,1383,5860,138,1975,89,1930,1598,1517,2120,1769,1043,2046,1974,1771,2139,2119,1341,5974,171,2252,73,2616,1803,1750,2247,2346,1286,2051,2233,2108,2290,2195,1945,5821,176,1968,83,2083,1576,1542,2098,2155,1103,1952,1890,1851,2108,2097,1418,6000,191,2244,101,2241,1734,1824,2337,2304,1433,2274,2630,2188,2708,2568,1462,5993,191,2334,86,2243,1875,1817,2363,2062,1397,2538,2300,2296,2477,2534,1504,5910,168,2207,70,2310,1713,1643,2140,2379,1272,2093,2062,1906,2272,2301,1549,6027,169,2203,89,2400,1865,1768,2352,2319,1253,2441,2403,2129,2231,2326,1523,6304,184,2347,103,2330,1962,1938,2206,2346,1237,2358,2221,2178,2431,2408,1484,6418,168,2574,95,2553,1941,2085,2319,2531,1452,2372,2425,2136,2446,2510,1592,vips_IndirectBP
16987,9720,11438,9504,12848,11469,11453,11584,12872,12366,11239,11068,11410,11097,11264,12571,6156,39,1474,84,2904,1539,1604,1752,2719,2663,1434,1421,1429,1298,1491,2526,6261,198,1575,176,2863,1669,1721,1861,2871,2845,1579,1516,1534,1391,1658,2608,6155,60,1585,88,2812,1662,1675,1796,2740,2724,1528,1572,1501,1299,1722,2483,6264,212,1787,144,2744,1847,1731,1814,2814,2768,1539,1527,1530,1382,1784,2489,6306,172,1743,142,2932,2028,1779,1783,2673,2965,1593,1566,1507,1323,1867,2640,6143,145,1788,143,2836,2057,1647,2084,2676,2725,1886,1494,1451,1602,1814,2541,6342,173,1824,147,2737,1735,1734,2133,2697,2641,1810,2004,1918,2483,1838,2504,6323,189,1659,119,2919,1737,1881,1951,2606,2690,1582,1579,1754,2269,1542,2455,5912,165,1462,120,2679,1601,1712,1690,2604,2493,1423,1378,1408,1257,1454,2386,5949,184,1542,152,2759,1605,1762,1845,2659,2769,1462,1549,1493,1419,1570,2486,5910,190,1556,142,2845,1567,1738,1863,2633,2646,1684,1354,1485,1367,1532,2561,6071,175,1607,132,2859,1652,1770,1818,2664,2724,1539,1519,1474,1326,1628,2476,6124,190,1667,150,2955,1699,1851,1852,2770,2842,1718,1876,1587,1339,1653,2618,6136,189,1780,168,2915,1665,1739,1892,2692,2689,1483,1502,1512,1365,1548,2509,6078,184,1536,152,3094,1576,1791,1806,2733,2758,1532,1461,1462,1285,1503,2590,vips_IndirectBP
17703,10724,12604,10643,12142,12884,12290,12596,12404,11555,12395,12395,12433,11904,12719,11766,6581,35,1975,54,1386,1776,1471,1974,1503,1092,2028,1957,1973,991,1918,963,6703,301,2261,291,1544,1986,1801,2184,1926,1423,2218,2222,2347,1159,2374,1196,6597,59,2003,60,1302,1850,1533,2055,1477,1217,2037,2031,2015,1112,2001,1015,6635,255,2202,213,1505,2045,1771,2183,1800,1353,2237,2202,2160,1330,2176,1178,6732,236,2215,247,1544,1944,1818,2121,1758,1728,2202,2112,2138,1268,2116,1216,6719,160,2153,169,1395,1866,1477,2042,1529,1496,2084,2070,2087,1012,2093,1135,6640,229,2161,204,1325,1924,1550,2143,1454,1290,2230,2187,2175,1129,2126,1105,6601,215,2217,161,1371,2020,1670,2153,1542,1315,2232,2134,2158,1274,2155,1171,6593,246,2204,239,1336,1839,1621,2108,1537,1363,2215,2135,2149,1126,2132,1121,6577,243,2212,185,1446,1854,1644,2195,1649,1435,2211,2192,2395,1163,2188,1150,6528,231,2132,200,1492,1852,1536,2129,1541,1604,2176,2097,2108,1060,2232,1202,6663,212,2324,160,1404,1954,1656,2156,1596,1579,2259,2161,2166,1176,2181,1169,6586,204,2185,177,1605,2010,1706,2079,1768,1497,2156,2067,2082,1086,2087,1184,6816,283,2321,277,1409,2092,1765,2236,1652,1463,2265,2323,2184,1255,2238,1231,6748,205,2145,187,1425,2034,1752,2157,1704,1341,2177,2126,2141,1208,2108,1102,vips_IndirectBP
21570,12312,14257,12164,15274,14955,14654,14170,15153,14727,14097,14051,14133,14705,14376,14019,8631,27,2062,76,2659,2511,2448,2176,2500,2806,2115,2237,2017,2404,2047,1816,8658,188,2157,212,2607,2683,2618,2275,2723,2976,2306,2345,2414,2466,2654,1948,8577,68,2087,105,2575,2584,2514,2222,2624,2930,2095,2260,2105,2398,2166,1791,8642,158,2187,164,2568,2734,2564,2308,2797,3028,2231,2414,2158,2480,2149,1876,8787,158,2205,198,2657,2770,2670,2290,3007,3062,2324,2397,2182,2498,2241,1970,8676,127,2257,164,2533,2797,2576,2282,2664,3002,2259,2325,2117,2475,2205,1962,8624,119,2259,159,2560,2708,2518,2249,2548,2988,2226,2315,2340,2408,2218,2242,8657,195,2286,157,2922,2963,2667,2257,2641,3043,2373,2484,2344,2510,2302,1991,8447,110,2095,131,2404,2607,2490,2216,2506,2916,2121,2196,2098,2438,2110,1867,8520,163,2247,173,2617,2704,2609,2299,2750,3063,2307,2378,2557,2446,2263,1929,8469,114,2179,145,2761,2655,2559,2308,3241,2993,2254,2291,2121,2398,2242,1765,8613,145,2587,193,2697,2829,2585,2352,3469,3085,2457,2417,2136,2466,2266,1944,8574,129,2161,133,2868,2618,2541,2173,3756,2993,2203,2267,2113,2448,2126,1887,8658,163,2266,202,2818,2696,2573,2258,3564,3104,2343,2728,2187,2548,2197,1947,8680,112,2243,232,2739,2714,2597,2204,3236,3041,2198,2309,2137,2528,2160,1880,vips_IndirectBP
19768,11873,13732,11850,13649,13337,13340,13805,12787,12839,13660,13478,13680,13488,13757,14304,7614,39,2106,105,1870,1143,1547,2068,1038,1199,2109,2068,2030,1765,2048,2511,7670,177,2230,282,2040,1237,1723,2189,1314,1394,2284,2249,2297,1859,2365,2707,7654,83,2067,115,1824,1196,1596,2031,1482,1252,2109,2098,2022,1854,2104,2564,7659,149,2159,203,1774,1296,1642,2060,1719,1373,2185,2138,2086,1946,2152,2662,7794,249,2276,286,1625,1311,1727,2227,1660,1511,2255,2227,2199,1958,2265,2725,7869,213,2211,244,1595,1463,2018,2354,1357,1433,2291,2169,2273,2118,2230,2730,7950,194,2407,212,1494,1811,2589,2114,1223,1395,2646,2496,2244,2060,2440,2686,7759,195,2319,231,1686,1731,1921,2186,1305,1469,2376,2366,2212,1941,2342,2768,7647,202,2270,222,1618,1205,1638,2116,1244,1377,2269,2250,2175,1857,2231,2717,7528,222,2238,258,1624,1290,1640,2398,1186,1433,2306,2305,2207,1884,2249,2703,7507,200,2472,261,1648,1224,1614,2070,1089,1390,2446,2181,2104,1855,2233,2669,7725,187,2357,225,1694,1285,1676,2192,1195,1404,2404,2274,2222,1948,2305,2650,7585,177,2206,222,1743,1293,1592,2107,1172,1375,2203,2144,2103,1908,2161,2603,7704,210,2339,251,1707,1285,1656,2254,1176,1422,2282,2324,2422,2017,2222,2746,7608,158,2187,265,1662,1229,1605,2072,1121,1319,2214,2184,2098,1874,2176,2591,vips_IndirectBP
19261,10905,12649,10820,11842,16656,13858,12996,11757,10696,12215,12549,12957,13207,12787,11135,8033,23,1861,26,992,3063,3115,2324,972,88,1543,1901,2318,2427,2019,407,8039,149,2004,154,1040,3239,3198,2481,997,214,1727,2087,2471,2566,2374,560,8018,44,1962,47,966,3880,3053,2262,965,109,1566,1987,2377,2520,2093,505,8080,140,2039,135,1061,3727,3153,2471,1067,218,1701,2084,2504,2740,2180,525,8134,157,2071,151,1102,3059,3280,2495,1079,223,1749,2105,2563,2567,2191,557,8038,151,2013,136,1003,2044,3198,2489,968,288,1730,2049,2535,2644,2211,621,8025,125,2049,115,1019,1835,3159,2411,1025,231,1679,2069,2484,2526,2131,587,8140,145,2169,142,1200,2747,3247,2462,1100,202,1766,2126,2618,2662,2223,676,8034,153,2029,156,1077,2222,3212,2397,1091,200,1678,2062,2496,2540,2136,554,8020,155,2164,160,1039,2686,3274,2461,1055,228,1703,2350,2588,2648,2289,579,7984,161,2284,160,1022,3822,3167,2448,1036,225,2003,2036,2543,2636,2264,571,8108,146,2057,130,1111,3268,3192,2443,1101,191,1677,2081,2518,2615,2294,565,8087,142,2005,136,1089,3423,3222,2415,1076,194,1673,2032,2422,2539,2104,549,8158,142,2138,142,1080,4554,3191,2428,1039,196,1825,2115,2564,2710,2182,557,8037,128,2006,126,1043,3687,3204,2348,1050,185,1680,1998,2491,2633,2132,531,vips_IndirectBP
314,227,167,802,217,199,169,196,174,176,167,160,186,194,234,239,53,17,5,333,6,4,2,18,5,2,5,3,4,4,9,12,16,12,2,333,7,1,0,15,1,1,3,0,2,1,10,15,28,11,2,432,8,6,3,18,5,5,4,5,5,2,4,14,48,13,4,329,11,3,4,30,4,3,5,3,4,4,11,26,35,12,4,344,5,4,7,16,2,4,5,3,4,2,5,14,20,8,0,316,7,0,2,17,2,2,2,1,2,3,3,13,17,10,2,315,10,5,2,10,10,4,2,3,8,6,15,41,24,15,1,309,4,2,2,14,2,1,2,1,3,4,3,12,25,13,1,312,7,4,1,15,1,0,5,1,4,4,5,17,22,12,2,314,8,3,1,14,4,3,3,4,4,2,5,15,18,7,1,300,3,2,2,11,1,3,1,0,6,0,3,12,31,11,1,338,7,2,1,19,1,2,3,2,5,5,3,23,35,7,2,322,8,4,1,17,2,3,3,0,5,4,6,15,57,16,5,317,7,4,3,41,4,4,5,4,3,2,15,43,38,10,1,328,4,1,1,29,3,4,4,2,4,4,6,24,vips_IndirectBP
5598,3624,3539,3624,4817,7578,4063,3692,4788,3533,3553,3494,3708,5738,3614,3636,1820,14,23,16,1230,2110,590,139,1217,44,33,23,106,2150,26,66,1805,36,29,35,1223,1996,598,200,1243,60,43,31,140,2183,35,79,1823,14,19,18,1227,2369,571,129,1206,40,41,17,135,2244,23,51,1825,46,43,36,1258,2391,592,138,1306,65,80,49,188,2240,44,84,1811,28,36,27,1230,1944,594,137,1263,67,49,34,135,2197,30,78,1766,31,31,31,1237,1295,577,138,1222,63,63,33,127,2227,36,79,1807,37,31,36,1240,1190,601,153,1194,74,59,38,129,2208,39,100,1795,36,36,45,1276,1801,642,158,1244,75,56,44,140,2267,33,110,1773,17,26,24,1220,1698,595,127,1225,37,40,30,115,2173,24,65,1802,40,40,44,1262,1682,707,151,1262,65,59,44,181,2144,51,88,1770,31,24,34,1232,2447,686,132,1208,53,50,34,104,2267,36,79,1823,36,31,38,1283,2085,712,148,1262,61,67,37,148,2251,44,73,1789,30,28,30,1249,2205,623,148,1225,53,46,27,115,2138,28,67,1833,37,30,39,1250,2933,598,138,1254,57,82,40,183,2312,44,87,1810,26,32,26,1246,2331,558,150,1249,59,61,39,147,2214,30,65,vips_IndirectBP
17623,10767,12372,11635,13606,12124,11935,12316,13841,11897,11688,11897,12044,12002,12235,12000,6374,25,1345,803,3122,1337,1371,1639,3158,1322,1192,1186,1335,1419,1323,1245,6509,163,1443,911,3342,1584,1455,1685,3283,1415,1303,1303,1510,1470,1493,1361,6394,45,1371,886,3269,1339,1364,1399,3206,1317,1190,1363,1496,1399,1365,1275,6410,155,1525,1021,3318,1496,1469,1487,3710,1466,1276,1291,1599,1493,1569,1389,6416,102,1672,917,3298,1499,1467,1409,3258,1480,1257,1309,1493,1436,1696,1392,6493,210,1702,903,3278,1620,1530,1479,3353,1544,1257,1224,1529,1604,1580,1565,6571,184,1576,925,3391,1854,1694,1430,3273,1657,1307,1381,1616,1812,1572,1634,6677,146,1498,941,3848,1538,1637,1460,3386,1621,1374,1300,1600,1701,1592,1576,6437,130,1429,809,3248,1451,1956,1332,3360,1408,1182,1192,1488,1669,1446,1338,6871,154,1519,910,3217,1463,1797,1497,3362,1461,1288,1276,1538,1548,1530,1390,6319,170,1510,938,3254,1405,1760,1408,3184,1411,1217,1311,1458,1585,1555,1336,6936,183,1637,1028,3353,1564,1652,1511,3435,1541,1392,1550,1493,1689,1891,1437,6939,224,1647,957,3258,1529,1538,1728,3406,1560,1324,1580,1507,1673,1482,1436,6704,202,1685,1037,3337,1538,1592,1648,3359,1507,1417,1506,1574,1663,1506,1654,6421,100,1494,934,3269,1433,1478,1539,3229,1416,1325,1387,1409,1454,1402,1287,vips_IndirectBP
21811,12540,12429,14141,15061,14966,14655,14835,14697,14811,15148,12440,14794,14689,14877,14980,8911,22,24,1792,2536,2468,2221,2469,2109,2414,2661,279,2472,2334,2435,2470,9021,151,165,2045,2725,2552,2356,2554,2310,2499,2870,433,2595,2463,2536,2568,8935,82,100,2090,2716,2531,2249,2541,2184,2482,2797,364,2438,2461,2455,2483,9110,179,193,2519,2810,2650,2401,2667,2602,2709,2894,449,2667,2634,2599,2578,9089,114,136,2120,2743,2593,2355,2602,2266,2605,2885,412,2625,2517,2535,2587,9082,159,168,2504,2763,2701,2391,2676,2349,2624,2871,407,2572,2592,2619,2566,8996,147,150,2408,2815,2685,2309,2671,2297,2596,2853,413,2589,2580,2543,2561,9159,208,219,2278,3138,2714,2521,2656,2348,2832,2968,436,2900,2570,2893,2680,9083,160,145,1896,2732,2655,2362,2631,2365,2559,2863,401,2663,2661,2608,2580,9241,167,176,1886,2682,2624,2361,2682,2330,2633,2893,434,2588,2540,2564,2563,8929,157,162,1820,2719,2619,2381,2630,2272,2592,2888,413,2514,2552,2576,2618,9099,174,181,1955,2742,2730,2428,2710,2431,2779,2913,457,2619,2667,2810,2626,8979,166,145,1851,2745,2640,2355,2628,2289,2721,2832,435,2532,2553,2595,2611,9130,172,166,1920,2834,2653,2388,2682,2451,2666,2860,431,2659,2620,2578,2613,9089,122,127,1805,2677,2596,2369,2571,2244,2613,2837,351,2522,2529,2562,2509,vips_IndirectBP
19054,11347,12637,13943,11856,12989,11860,12883,11734,12898,13144,12239,12839,12789,12958,12893,6735,33,1410,2659,602,1821,647,1889,596,1753,1188,1342,1794,1732,1768,1781,6723,70,1425,2677,643,1793,743,1860,640,1804,1259,1450,1759,1750,1824,1836,6921,159,1510,2811,769,1900,826,1970,734,1876,1356,1430,1862,1890,1983,1854,6914,169,1593,2894,813,1880,913,1984,771,1907,1466,1510,1927,1896,1915,1899,7155,210,1608,2852,797,1970,907,2037,791,1907,1768,1511,1927,1858,1944,1963,7150,217,1647,2899,861,1979,804,2087,753,2004,1703,1530,1898,1976,2004,1921,7202,165,1546,2864,705,2202,785,2141,726,2187,1459,1409,2085,1984,2058,2160,7120,207,1582,2990,783,2190,1066,2064,805,2111,1535,1509,2176,1986,2237,2147,6844,254,1617,2909,807,1929,852,2008,783,1969,1382,1547,2089,2069,1941,2058,7302,192,1607,2777,783,1887,842,1939,743,1955,1337,1452,1882,1853,1925,1897,6567,59,1501,2690,662,1745,708,1749,646,1698,1237,1312,1696,1723,1782,1722,6860,214,1598,2880,829,1975,883,2000,793,2264,1436,1535,2043,2034,2044,2003,6858,210,1644,2881,857,1963,858,2012,801,2314,1410,1500,2057,1914,1962,2260,6830,190,1595,2944,815,1998,882,1998,794,2003,1346,1462,1966,1933,2015,2102,6834,197,1635,2833,780,1933,879,1947,757,1894,1356,1479,1874,1903,2087,1881,vips_IndirectBP
22918,13676,15428,15371,15472,16551,15250,16330,15326,15661,15839,14963,15967,15583,16154,15956,9050,35,1878,1786,1806,2841,1759,2764,1809,2160,2386,1660,2457,2087,2462,2304,8987,106,1954,1952,1814,2882,1869,2773,1827,2219,2343,1762,2507,2113,2529,2381,9140,143,1986,2295,1882,2857,1898,2745,1935,2282,2420,1733,2567,2226,2564,2425,9077,147,1968,2489,1835,2935,1913,2930,1913,2354,2438,1903,2611,2236,2564,2410,9162,152,1970,2427,1867,2963,1850,3046,1916,2387,2466,1959,2616,2233,2661,2496,9070,146,2122,2221,2147,2937,1911,2875,1922,2356,2482,1911,2601,2302,2600,2485,9155,179,2756,2348,1948,3463,1940,2867,2169,2442,2486,1789,2761,2276,2791,2539,9143,170,2419,2238,2072,3061,2440,2843,2143,2405,2502,1875,2647,2282,2674,2505,9070,163,1990,1901,1937,2984,2497,2944,1950,2408,2472,1752,2693,2423,2696,2522,9312,154,1982,1886,2002,2993,2562,2822,1871,2409,2459,1734,2673,2251,2656,2437,8921,116,2260,1879,2018,2962,2458,2798,1809,2273,2390,1704,2481,2188,2547,2328,9106,127,2002,1917,2241,3074,2401,2947,1949,2398,2505,1809,2617,2236,2684,2391,9011,128,1995,1859,2174,2925,2018,2881,1862,2344,2421,1724,2546,2164,2564,2384,9158,138,2023,1948,2297,3010,1963,3002,1891,2357,2431,1822,2595,2256,2615,2522,9114,138,1990,1907,2283,2999,1862,2900,1897,2377,2451,1751,2654,2266,2651,2406,vips_IndirectBP
21827,13004,14849,15697,15445,14588,15427,14377,15394,14414,15039,14520,14517,14540,14676,14520,8674,35,1992,2727,2730,1534,2541,1576,2568,1687,1993,1962,1709,1695,1694,1637,8540,110,2061,2841,2722,1590,2677,1635,2735,1806,2077,2063,1898,1763,1759,2103,8762,165,2073,2956,2924,1980,2838,1735,2840,2150,2245,2069,2235,2019,1903,2506,8754,175,2127,3021,2830,2589,2840,2149,2833,2172,2180,2032,2094,2251,2044,2464,8800,168,2105,2972,2800,2264,2775,2294,2819,2050,2304,2068,1877,1987,2391,1964,8752,195,2094,2970,2826,1932,2705,2512,3038,2012,2497,2030,1844,1997,2436,1805,8626,158,2318,2984,2781,2038,2702,2445,2782,2095,2634,2066,1892,1857,2130,1766,8770,183,2357,3026,2864,2027,2855,2314,2857,2010,2690,2079,2077,1964,2038,1877,8681,164,2126,2939,2743,1770,2631,1974,2805,1862,2375,2073,1961,2070,1812,2025,9008,151,2120,2881,2730,1741,2669,1956,2805,1784,2199,2075,1868,1803,1931,1800,8530,132,2364,2814,2691,1816,2699,1751,2713,1719,2129,1982,1731,1753,1877,1690,8728,130,2175,2855,2814,1851,2791,1693,2836,1869,2244,2098,1892,1906,2260,1854,8696,136,2093,2764,2797,1708,2651,1654,2713,2047,2107,1991,1773,1781,1935,1828,8803,128,2136,2950,2833,1658,2709,2013,2768,1830,2130,2087,1928,1833,1901,1801,8718,158,2045,2935,2805,1693,2672,1719,2820,1828,2156,2065,2038,1797,1798,1763,vips_IndirectBP
23299,13909,16098,15687,15595,16431,15547,16308,15565,16306,15570,15879,16161,16275,16516,16526,8797,33,2224,1738,1878,2367,1716,2471,1844,2541,1974,2338,2449,2519,2567,2514,8790,165,2399,1809,1861,2505,1749,2517,1959,2732,2078,3290,2499,2605,2615,2559,8885,174,2432,1894,1843,2575,1931,2602,1970,2716,2106,2496,2553,2740,2697,2641,8936,179,2415,1967,1881,2629,1998,2637,1988,2717,2100,2460,2609,2741,2724,2635,9346,174,2490,1822,1873,2629,1925,2623,1954,2730,2112,2542,2616,2748,2728,2617,9488,191,2360,1906,1852,2622,1720,2662,1959,2741,2071,2478,2620,2727,2764,2684,9250,173,2415,2595,1934,2590,2020,2546,2060,2752,2127,2506,2595,2719,2683,2676,9042,169,2509,2253,2095,2612,2177,2616,2389,2755,2166,2586,2608,2734,2721,2636,9009,204,2352,1866,1988,2627,1862,2606,2321,2840,2156,2472,2656,2967,2738,2837,9227,198,2439,1822,1969,2566,1891,2608,2368,2774,2179,2520,2569,2762,2750,2718,8717,126,2935,1833,2106,2540,1711,2585,2337,2691,2054,2402,2500,2615,2618,2600,8948,187,2412,2022,2373,2638,1875,2601,2574,2899,2156,2471,2585,2735,2764,2908,8852,163,2452,1886,2214,2558,1880,2531,2430,2727,2104,2463,2559,2699,2741,2632,8979,169,2431,1905,2179,2602,1896,2622,2205,2839,2175,2465,2594,2748,2767,2714,8948,191,2470,1949,2027,2679,1878,2629,1966,2997,2145,2542,2902,2791,2736,2677,vips_IndirectBP
21929,13080,14881,15482,15081,14455,15458,14641,15481,14506,14830,14599,14540,14556,14619,14652,8475,36,1856,2319,2187,1426,2420,1638,2404,1681,1818,1804,1653,1696,1568,1636,8697,167,2006,2525,2334,1572,2572,1820,2594,1771,2030,2332,1774,1794,1732,1766,8662,97,1928,2448,2224,1564,2440,1784,2459,1742,1933,1868,1771,1792,1677,1675,8661,98,1875,2573,2264,1658,2542,1753,2680,1774,2010,1819,1717,1825,1646,1698,8627,106,1892,2527,2241,1548,2546,1707,2590,1754,2035,1826,1681,1762,1624,1727,8616,99,1926,2559,2222,1570,2493,1736,2588,1861,1967,1751,1819,1733,1693,1961,8710,173,2160,2557,2349,1627,2619,1865,2660,2358,2052,2743,1981,2059,2129,2070,8661,115,2069,2600,2586,1593,2542,2108,2648,2105,2096,2312,1889,2332,2074,1837,8556,240,2001,2629,2345,1545,2667,1790,2610,1865,2015,1914,1813,2084,1715,1867,8851,100,1879,2489,2275,1510,2562,1682,2543,1791,1977,1793,1701,1749,1619,1702,8589,157,2103,2495,2320,1559,2569,1718,2577,1762,2005,1795,1725,1767,1684,1709,8687,210,2040,2547,2378,1663,2708,1789,2643,1942,2124,1920,1912,1924,1811,2116,8633,243,2042,2525,2396,1638,2715,1747,2631,2122,2089,1902,2069,1892,1762,1822,8711,214,2016,2601,2352,1655,2650,1900,2639,1887,2019,1951,1830,1879,1767,1784,8756,203,1977,2615,2323,1589,2700,1805,2636,1795,1984,1872,1787,1807,1900,1756,vips_IndirectBP
23690,14464,16914,16135,17101,17357,15552,16878,16091,16954,16234,16976,16982,17048,17003,16876,8988,35,2454,1811,3009,2913,1391,2598,1855,2633,2023,2836,2662,2715,2607,2460,9028,163,2570,2406,2593,3014,1616,2808,2114,2807,2151,3258,2798,2900,2765,2607,9127,131,2491,2539,2326,3005,1622,2714,2404,2784,2149,2951,2757,2925,2719,2550,10137,129,2548,1923,1827,3006,1694,2759,3109,2798,2304,2915,2756,2951,2718,2550,10413,140,2657,1884,1780,2957,1859,2719,2937,2879,2187,2999,2830,2963,2755,2559,9067,123,2536,1994,1718,3042,1734,2735,2404,2798,2088,3033,2727,3005,2804,2510,9114,144,2584,2109,1734,2979,1522,2728,2342,2822,2161,2944,2815,2986,2712,2593,9010,132,2642,2149,1886,3042,1700,2709,2024,2823,2149,3015,2786,2948,2730,2546,9018,182,2788,2034,1811,3031,1580,2747,2001,2853,2163,3216,2846,3288,2797,2692,8961,112,2636,1762,1756,2908,1456,2685,1863,2877,2132,3000,2753,2891,2720,2558,8868,199,2919,1825,1747,3026,1428,2862,1882,2935,2186,2966,2877,3214,2829,2634,9101,193,2694,1888,1892,3131,1551,2804,1981,3005,2268,3042,2808,3152,2816,2725,9078,226,2776,1865,1873,3099,1473,2814,1977,3211,2214,3190,3219,2990,2793,2736,9071,155,2663,1769,1846,3059,1415,2845,1934,2826,2174,3001,2782,3020,2733,2537,9063,148,2654,1753,1882,3046,1403,2685,1841,2820,2159,3050,2898,2940,2768,2554,vips_IndirectBP
21732,12636,14183,15324,15102,14000,15612,14003,15265,13907,14754,13590,14255,13910,14348,14280,8847,35,1627,2647,2620,1513,3229,1544,2503,1466,2511,1498,1430,1534,1746,1634,8951,171,1791,2813,2698,1566,3340,1693,2621,1697,2782,1902,1592,1638,1890,2466,8986,135,1805,2835,2826,1553,3318,1613,2610,1819,2700,2144,1643,1708,1786,1771,8986,132,1800,2906,2736,1613,3278,1669,2756,1875,2679,1921,1850,1873,1649,1693,9066,169,1762,2806,2734,1620,3351,1658,2765,2325,2732,1893,2204,2035,1662,1671,8771,97,1716,2785,2662,1582,3247,1619,2618,2302,2569,1467,2075,2039,1681,1594,8957,191,2239,2896,2753,1837,3398,1680,2729,2385,2778,1610,2256,2001,1788,1705,9163,138,2573,2863,2791,1986,3375,1830,2726,2208,2677,1649,2128,2055,1773,1813,8894,198,2332,2836,2721,1901,3384,1707,2674,1862,2654,1559,2225,1956,1772,1719,8871,143,1831,2800,2740,1992,3350,1768,2654,1684,2566,1447,1810,1829,1769,1736,8822,169,1849,2864,2728,1908,3340,1851,2743,1575,2620,1459,1802,1838,1817,1812,8988,214,2000,2841,2790,1910,3455,2137,2740,1792,2798,1626,1847,2001,2087,1932,8980,197,1863,2834,2835,1851,3424,1798,2724,1637,2655,1508,1793,1788,2164,1882,9050,227,1852,2889,2795,1778,3454,2113,2770,1716,2713,1514,1707,2082,2072,1940,9040,185,1838,2867,2732,1606,3367,1702,2701,1669,2680,1473,1966,1684,1989,1848,vips_IndirectBP
268,189,158,749,190,186,162,169,165,157,144,153,161,176,176,203,28,3,4,292,5,3,3,3,3,4,4,3,5,4,3,4,15,0,0,294,10,2,2,0,1,1,1,1,0,2,1,3,22,3,1,397,7,3,3,1,2,2,2,0,1,4,3,7,28,3,1,292,7,8,1,4,1,2,3,4,3,1,5,22,27,4,1,289,11,2,2,3,1,3,2,3,1,2,3,4,13,2,1,282,1,2,0,3,2,1,1,0,1,1,0,5,23,4,3,290,9,4,4,0,3,1,3,2,1,1,4,9,18,1,0,285,14,2,1,1,1,3,2,1,1,2,0,3,14,2,2,289,6,0,2,2,1,0,4,1,0,1,0,2,6,6,1,293,15,3,1,2,2,1,2,3,2,2,2,4,11,4,1,282,10,3,0,3,1,0,1,1,2,2,2,6,16,6,2,313,16,2,2,1,1,1,3,1,1,3,2,6,25,6,1,300,13,1,3,1,1,1,2,2,0,2,4,8,22,1,3,297,13,3,4,6,1,3,2,3,1,4,1,10,39,4,6,307,38,6,8,5,7,4,6,7,6,5,10,10,vips_IndirectBP
24091,14912,17546,16234,16242,17077,15879,16900,16521,17225,16729,17061,17102,16917,17307,17701,8951,36,2624,1689,1692,2370,1231,2285,1646,2613,2035,2687,2347,2341,2488,2816,9026,171,2829,1832,1804,2452,1377,2457,1836,2856,2339,2816,2466,2483,2712,3507,9057,210,2789,1809,1864,2515,1366,2477,1864,2849,2287,2809,2487,2571,2709,2985,8942,187,2814,1807,1780,2513,1357,2459,1806,2872,2090,2851,2540,2600,2685,3017,9029,183,2825,1769,1798,2495,1584,2519,1778,2892,1988,2851,2512,2659,2748,2983,9063,191,2887,1948,1772,2530,2044,2476,1769,2875,1960,2807,2495,2595,2761,3063,9404,224,2909,2167,2175,2547,1742,2479,1986,2868,2224,2846,2471,2655,2920,3048,9622,203,2928,2007,2477,2543,1503,2520,1959,2844,2201,2904,2569,2612,2793,3019,8952,244,2909,1827,1882,2568,1392,2508,1811,2890,2058,2900,2546,2549,2686,3220,8959,188,2821,1794,1792,2509,1352,2499,1823,2829,2118,2874,2496,2594,2718,2990,8745,161,2744,1743,1714,2497,1262,2480,1718,2851,2181,2797,2439,2542,2666,2922,9038,226,2808,1878,1859,2619,1500,2546,1859,2929,2752,2895,2583,2638,2748,3001,9019,243,2930,1822,1894,2701,1416,2527,1807,2856,2832,2881,2567,2567,2935,2986,9107,221,2887,1864,1882,2583,1447,2739,1863,2894,2631,2885,2537,2714,2745,3040,9104,222,3246,1792,1847,2584,1340,2529,1827,3047,2432,2868,2539,2590,2839,3062,vips_IndirectBP
22366,12706,13964,15616,15668,15195,15611,13771,16043,13735,15155,13661,13862,13873,13808,13773,9293,34,1338,2862,2899,2432,3240,1367,3066,1358,2726,1499,1349,1553,1288,1302,9341,151,1437,3016,3042,1726,3295,1560,3199,1565,2972,1537,1454,1721,1484,1561,9560,152,1466,3112,3371,1492,3324,1477,3363,1529,2936,1688,1426,1655,1670,1399,9512,146,1442,3465,3099,1526,3363,1498,3377,1489,3099,1607,1476,1460,2236,1431,9360,137,1443,3190,3123,1419,3386,1432,3224,1480,3026,1642,1670,1423,2447,1425,9200,94,1405,3078,2994,1413,3278,1397,3175,1385,2872,1614,1398,1361,2593,1314,9314,133,1925,3154,3162,1489,3288,1413,3197,1691,2881,1594,1502,1403,1952,2011,9730,200,1685,3361,3431,1644,3354,1535,3336,1907,3073,1760,1596,1540,1590,2097,9336,152,1399,3012,3041,1405,3328,1676,3367,1638,2926,1496,1429,1423,1364,1618,9183,94,1365,3068,3291,1383,3308,1387,3228,1401,2881,1591,1393,1345,1359,1379,9153,92,1322,3029,2995,1371,3248,1299,3167,1385,2764,1534,1337,1341,1334,1314,9372,133,1508,3109,3080,1556,3373,1405,3187,1567,2882,1705,1543,1460,1677,1434,9318,140,1465,3043,3030,1797,3358,1407,3177,1492,2860,1456,1438,1404,1501,1667,9359,132,1443,3172,3136,1449,3300,1446,3269,1536,2789,1411,1522,1462,1394,1397,9466,151,1394,3076,2987,1752,3356,1448,3366,1646,2925,1391,1419,1473,1399,1397,vips_IndirectBP
22415,14439,17116,15854,15787,17264,15609,16712,15124,16701,15719,16856,17050,17044,17209,17176,7814,36,2793,1524,1598,2974,1490,2669,815,2569,1783,2922,2855,2983,2914,2722,7915,174,3010,1691,1725,3169,1635,2853,1001,2758,2408,3061,2973,3191,3043,2957,8133,310,3073,1844,2020,3346,1670,2961,1370,2861,3118,3246,3159,3233,3217,3001,8119,292,3072,2349,2466,3271,1694,2967,1772,2871,2734,3214,3145,3319,3230,2981,8175,211,3118,1880,3878,3250,1603,2920,1559,2787,2099,3200,3197,3512,3271,2905,8294,289,3121,2478,3977,3244,1668,2955,1232,2801,1905,3229,3107,3297,3252,2984,8044,186,3080,2809,2267,3210,1572,2814,1026,2752,1910,3154,3054,3199,3071,2954,8387,335,3190,2736,2086,3329,1893,2999,1228,2893,2176,3287,3198,3350,3268,3044,7924,162,3084,1983,1757,3135,2184,3029,945,2696,1852,3142,2992,3151,3092,2946,7919,192,2989,2106,1963,3134,2736,2831,931,2722,1867,3177,3038,3110,3149,2879,7693,141,2984,1996,1662,3174,2346,2823,877,2651,1848,3027,3024,3147,3067,2813,7909,237,3092,2086,1861,3557,2031,2883,1016,2766,2041,3202,3052,3270,3679,2984,7852,203,3133,1890,1784,3433,1796,2822,985,2722,1878,3120,3048,3148,3166,3017,7933,201,3033,1915,1771,3327,1901,2843,975,2745,1883,3108,3344,3281,3207,2924,7953,161,3149,1755,1777,3270,1803,2868,947,2859,1876,3176,3109,3272,3140,2885,vips_IndirectBP
11209,7446,8214,10214,9989,8129,9990,8066,7995,7851,9806,7920,7900,8081,7996,8017,3718,26,926,2838,2781,719,2699,776,715,674,2611,738,636,703,624,588,3747,149,1068,2927,2816,863,2802,966,868,829,2708,842,773,852,757,766,3745,80,1016,2907,2843,796,2926,862,849,755,2779,805,715,764,724,704,3694,79,854,3076,2799,784,2821,812,820,742,2783,818,708,761,742,705,3823,152,890,2921,2851,850,2877,869,925,777,2794,885,767,900,789,743,3660,73,709,3030,2785,1129,2745,728,742,660,2666,848,690,686,678,731,3765,115,864,2961,2864,1498,2829,757,806,835,2810,1071,1108,769,1290,758,3664,68,864,2950,2809,1316,2818,743,850,792,2752,1019,1138,772,1294,746,3664,124,891,2852,2746,1048,2785,864,798,726,2732,799,726,854,718,1170,3634,75,885,2870,2850,1011,2825,662,792,742,2707,775,665,920,662,1027,3634,76,1010,2883,2733,983,2727,676,749,753,2695,762,627,1075,657,990,3732,113,1068,2950,2836,1077,2876,760,933,916,2795,859,739,1321,844,1013,3778,151,1087,2864,2850,1021,2810,864,896,887,2825,863,758,1334,765,882,3770,109,1024,2908,2789,907,2759,796,900,807,2747,887,765,1118,689,815,3779,117,1006,3027,2837,905,2842,840,848,934,2750,823,714,1056,696,746,vips_IndirectBP
4238,2770,2683,3450,3268,2777,9535,2678,2807,2734,2982,2617,2660,2709,2793,2775,1383,20,22,671,549,96,3428,20,130,38,394,22,28,24,55,43,1371,52,37,708,560,38,3396,34,170,57,445,33,41,38,42,56,1409,46,43,703,561,53,3805,44,140,65,408,28,51,41,70,56,1397,66,40,705,570,63,4320,42,148,66,384,34,41,37,67,68,1417,52,43,661,541,52,3373,34,160,79,437,38,49,47,65,73,1354,44,40,707,513,44,2195,33,168,61,594,24,39,31,44,46,1364,36,32,979,639,32,2016,30,309,59,869,23,28,26,37,48,1343,29,24,1038,642,36,3085,29,309,39,556,21,24,19,32,39,1384,35,38,668,509,42,3115,37,495,51,392,28,40,37,58,55,1310,46,32,625,577,37,3041,27,640,48,389,27,35,34,57,45,1323,30,20,602,482,33,4157,24,583,37,430,25,25,29,41,36,1351,47,32,642,547,53,3408,28,445,52,437,23,28,28,60,56,1386,50,45,638,533,47,3776,42,348,58,396,35,49,39,50,57,1412,71,32,644,531,61,5338,33,245,71,403,29,37,36,82,87,1393,64,39,644,524,61,4096,40,182,77,387,36,41,40,67,75,vips_IndirectBP
13555,8113,9103,9239,9000,9652,12295,9015,9492,8990,8887,8824,9182,8914,9091,9039,4999,18,936,936,914,1005,2710,957,964,909,932,892,963,928,935,900,5073,142,1035,1035,1002,1196,2706,1029,1090,1044,1049,1025,1064,1009,1030,1064,5214,203,1067,1190,1380,1444,3017,1192,1262,1169,1057,1106,1149,1113,1114,1092,5199,182,1082,1205,1092,1398,3242,1172,1190,1170,1280,1082,1128,1093,1105,1051,5149,185,1102,1099,1052,1229,2725,1097,1202,1150,1101,1246,1121,1135,1137,1103,4966,166,1037,1088,1062,1019,2065,1023,1050,1024,1015,979,1045,1006,1037,1007,5070,117,1004,1082,990,958,2197,1015,1075,1062,1026,1008,1159,993,1034,950,5311,114,1052,1082,1024,1146,3041,1032,1128,1085,1092,1018,1086,1019,1098,1023,5030,135,1016,1089,1042,983,2528,1008,1048,1014,997,988,1059,1244,1027,1258,5015,141,1083,1070,1122,1121,2539,1083,1122,1106,1060,1040,1067,1033,1036,1043,4987,159,1184,1064,978,1397,3073,1052,1055,1084,1005,991,993,1023,1029,999,5333,161,1128,1157,1063,1224,2858,1245,1197,1170,1145,1071,1090,1120,1142,1059,5010,114,1079,1058,1043,1458,2857,1048,1115,1040,1082,1029,1107,1037,1089,1013,5177,189,1143,1142,1107,1459,3647,1339,1157,1111,1105,1021,1158,1095,1087,1263,5123,118,991,1128,992,1300,3045,1061,1159,1083,974,987,1051,1036,1086,979,vips_IndirectBP
26706,15963,18797,18496,18335,20301,18326,18054,17625,16153,18472,18689,18296,18842,18273,18476,10307,42,2963,2560,2663,2590,2559,2403,1723,337,2733,3086,2385,3086,2393,2577,10424,226,3128,2740,2888,2857,2671,2604,1823,510,3061,3469,2609,3651,2496,2770,10520,176,3177,2742,2813,3431,2638,2538,1833,466,2900,3284,2557,3236,2536,2666,10428,184,3210,2839,2786,3364,2613,2628,1854,484,2971,3296,2586,3278,2536,2749,10537,210,3287,2805,2847,2716,2711,2643,1920,554,3006,3241,2649,3324,2600,2758,10407,146,3202,2705,2735,1777,2643,2570,1775,448,2907,3200,2526,3200,2520,2646,10378,169,3156,2667,2769,1643,2674,2531,1794,431,2843,3142,2680,3242,2543,2667,10490,190,3180,2739,2790,2479,2698,2542,2038,498,2951,3317,2636,3313,2583,2736,10409,197,3178,2742,2820,1807,2664,2585,1921,466,2925,3272,2550,3211,2522,2714,10364,166,3230,2693,2836,2335,2626,2623,1799,472,2876,3278,2602,3296,2523,2753,10269,165,3446,2673,2720,3280,2652,2619,1705,441,2935,3258,2517,3377,2494,2664,10510,183,3264,2706,2855,2770,2688,2615,1893,479,2996,3285,2532,3226,2571,2715,10484,190,3472,2787,2870,3018,2651,2564,1856,499,3027,3475,2621,3243,2581,2780,10478,174,3170,2724,2833,4014,2638,2671,1887,455,2888,3264,2550,3195,2527,2712,10487,161,3144,2765,2832,3170,2672,2552,1784,462,2933,3234,2596,3190,2612,2688,vips_IndirectBP
14496,9604,10946,11394,11080,13347,10990,10845,12265,9362,11061,10786,9488,10913,10925,10929,4876,29,1362,1481,1603,2568,1639,2271,2712,30,1578,1363,26,1395,1647,1317,5000,183,1580,1740,1732,2779,1990,2185,2964,167,1854,1539,181,1495,1909,1548,4962,99,1538,1705,1871,2958,1694,1565,2869,111,1753,1530,98,1567,1617,1626,4907,112,1803,1832,1660,3070,1649,1502,2946,113,1569,1960,111,1592,1506,1611,4878,70,2157,1624,1451,2665,1633,1414,2919,74,1454,2111,73,1649,1470,1622,4823,80,2074,1539,1399,1812,1652,1426,2895,76,1405,1726,79,2035,1418,1571,4869,100,2022,1550,1426,1776,1622,1419,2859,92,1513,1574,97,1995,1596,1906,4851,93,2108,1619,1431,2375,1725,1513,2816,91,1651,1558,85,1988,1498,1604,4769,37,1840,1420,1315,1776,1563,1310,2736,32,1444,1342,41,1562,1311,1431,4907,157,1846,1814,1471,2278,1912,1682,2895,162,1642,1442,137,1579,1521,1546,4901,163,1613,1536,1448,3053,1788,1429,2872,147,1561,1434,152,1604,1511,1600,4941,88,1624,1664,1582,2719,1841,1432,2892,86,1780,1491,86,1611,1504,1585,4958,171,1634,1773,1632,2827,1904,1450,2884,157,1748,1517,156,1557,1503,1576,4914,112,1597,1847,1633,3486,1808,1637,2834,98,1781,1452,84,1455,1493,1608,4941,105,1500,1689,1967,2937,1737,1539,2919,118,1634,1455,116,1434,1453,1407,vips_IndirectBP
20468,13156,16027,16174,15612,16212,13658,15554,14729,13834,15725,13365,13348,15845,16055,15897,7008,30,3006,3130,2825,3053,636,2739,1735,802,2812,603,308,2929,2876,2768,7178,247,3254,3345,3006,3186,817,2960,2029,1001,3018,794,544,3166,3115,2959,7240,278,3299,3468,3027,3415,877,2977,1908,1041,3130,839,539,3258,3345,2995,7168,292,3303,3403,3021,3324,751,2984,2209,1045,3138,814,589,3340,3131,3336,7105,172,3183,3449,2952,3186,749,2912,2332,945,3107,718,485,3124,3200,2912,7123,228,3255,3343,3005,3305,698,2908,2189,947,2951,830,516,3253,3171,2949,7062,220,3226,3314,3013,3286,795,2782,2372,925,3120,720,485,3231,3117,2935,7184,241,3281,3494,3057,3324,873,2955,2507,1057,3119,864,582,3253,3144,2981,6964,59,3144,3155,2832,3077,591,2768,2458,793,2877,633,442,3003,2975,2802,7142,315,3305,3397,3153,3337,853,3438,2898,1081,3120,839,586,3230,3266,3196,6979,202,3265,3261,2966,3182,728,2925,2925,954,3031,786,482,3223,3037,2927,7056,120,3238,3247,2904,3184,731,2803,2646,928,2937,701,429,3113,3002,2836,7132,230,3247,3308,3035,3271,804,2914,2309,1011,3041,815,536,3243,3076,2898,7193,231,3256,4034,3038,3425,866,2975,1960,1020,3245,779,538,3181,3174,2969,7210,251,3276,3442,3135,3366,889,3151,1988,1059,3119,805,566,3281,3083,2981,vips_IndirectBP
19561,11511,12711,13436,12761,13047,13934,12826,13693,13696,12636,11600,13234,12756,12709,12853,7898,27,1319,1579,1426,1557,2646,1517,2433,2340,1408,479,1834,1402,1304,1386,7895,115,1434,1568,1519,1615,2790,1605,2518,2505,1554,558,1947,1442,1436,1514,7997,181,1562,1620,1576,1747,2815,1684,2589,2439,1663,643,2817,1621,1530,1596,8006,129,1488,1621,1563,1801,2790,1695,2512,2357,1619,601,3621,1565,1456,1628,8073,178,1548,1581,1581,2201,2913,1662,2620,2602,1605,615,3471,1526,1504,1595,7806,85,1444,1627,1512,2547,2747,1535,2468,2367,1507,498,3094,1418,1426,1499,7884,141,1790,1903,1924,2037,2723,1653,2580,2513,2048,596,2744,1651,1527,1980,7852,101,1678,2281,1622,1924,2796,1803,2523,2532,1793,584,2301,1652,1925,1953,7860,135,1430,2746,1472,1718,2814,1615,2561,2494,1526,568,1922,1471,2125,1539,7891,159,1496,3039,1903,1686,2876,1757,2669,2596,1590,618,1967,1516,2560,1879,7679,93,1358,2326,1397,1555,2686,1439,2497,2376,1462,489,1743,1437,2664,1467,7915,75,1507,2024,1554,1690,2799,1589,2495,2415,1674,517,1948,1508,1821,1533,7956,130,1552,1887,1513,1682,2842,1572,2547,2505,1511,582,1908,1489,1732,1567,7942,149,1703,1900,1584,1658,2819,1648,2533,2462,1552,595,1905,1478,1495,1533,7955,123,1413,1991,1559,1580,2803,1559,2586,2486,1537,585,1879,1646,1402,1541,vips_IndirectBP
5136,519,295,2869,335,330,311,317,318,309,301,297,306,371,352,334,42,85,18,1926,16,9,16,8,8,7,7,6,8,23,12,15,14,130,1,1824,5,2,0,2,1,1,1,0,2,13,5,4,36,397,20,1935,20,17,8,8,10,3,8,6,15,26,14,8,32,149,0,1888,5,2,1,3,1,0,2,0,2,34,4,1,28,167,1,1986,4,3,3,3,3,1,1,0,3,16,5,4,12,110,1,1575,2,0,1,2,0,0,2,0,1,17,3,1,21,124,2,1636,6,1,1,2,4,3,2,1,4,16,9,3,18,147,3,1475,5,2,0,1,2,3,1,1,1,8,4,2,17,82,1,1492,4,1,0,0,1,2,3,0,2,13,2,2,14,75,2,1629,6,5,2,1,1,1,2,4,3,14,5,3,11,79,0,1684,1,0,0,0,1,0,1,1,4,11,1,2,17,106,0,1611,6,1,0,1,2,2,1,1,1,18,4,3,33,87,3,1660,8,1,0,3,3,1,2,2,4,13,13,10,42,73,2,1590,3,6,3,2,4,2,4,2,4,47,5,4,34,63,0,1799,6,3,0,0,1,0,2,2,1,31,19,6,vips_IndirectBP
22236,13087,16055,14792,15549,16214,13582,15259,14953,13121,13083,14356,15166,15832,16282,16318,8356,29,3175,1467,2640,3074,768,2541,2121,282,357,1735,2339,3012,3218,3133,8360,184,3264,1625,2782,3292,902,2637,2181,439,495,1914,2421,3142,3354,3300,8722,230,3376,1735,2823,3321,978,2708,2488,500,637,1990,2506,3257,3473,3251,8533,223,3304,1823,2802,3392,923,2743,2363,456,535,1974,2533,3246,3363,3250,8475,195,3403,1717,2870,3295,952,2717,2313,446,502,1934,2543,3267,3424,3371,8338,183,3259,1572,2740,3324,863,2688,2247,405,438,1851,2454,3155,3359,3222,8343,155,3257,1560,2782,3259,1225,2612,2256,357,441,1863,2492,3172,3311,3176,8429,109,3254,1593,2704,3307,1042,2615,2255,318,403,1817,2513,3116,3404,3176,8292,176,3289,1605,2694,3222,859,2627,2281,382,470,1884,2422,3216,3356,3192,8438,207,3317,1705,2788,3283,877,2784,2370,469,501,1940,2528,3240,3371,3342,8246,110,3220,1542,2669,3285,710,2619,2209,353,423,1765,2403,3156,3329,3171,8350,97,3300,1679,2672,3246,830,2738,2253,316,397,1825,2431,3175,3395,3125,8482,289,3412,1790,2859,3324,997,2731,2437,524,589,1978,2536,3302,4295,4215,8490,213,3321,1751,2780,3308,899,2652,2316,448,522,1887,2479,3554,3454,3503,8648,230,3553,1829,2840,3388,956,2781,2352,508,584,1995,2577,4107,3761,3364,vips_IndirectBP
19298,11104,12373,13760,11874,12751,11854,12690,12843,11551,12104,11546,12789,12182,12274,12415,7617,31,1460,2077,831,1639,1007,1934,2192,719,1381,784,2289,1350,1287,1329,7804,347,1739,2400,1120,1955,1303,2385,2512,1061,1795,1073,3213,1658,1616,1650,7993,133,1639,2324,961,1642,1158,2042,2503,832,1516,937,2602,1491,1477,1471,8422,224,1690,2427,1048,1798,1180,2095,2126,975,1585,1019,2222,1664,1952,1695,8428,297,1725,2342,1114,2174,1277,2114,2212,1033,1637,1105,2179,1975,2699,1826,8040,96,1544,2091,866,2078,914,1910,1938,778,1431,840,1892,1733,2413,1597,7756,111,1493,2132,887,1666,1051,1848,2000,800,1420,829,1968,1616,1765,1577,7736,114,1561,2338,922,1668,1063,2013,2077,802,1506,894,2044,1739,1789,1632,7451,109,1507,2106,987,1481,1015,1815,1991,761,1461,879,1938,1474,1661,1510,7391,86,1531,2073,870,1535,985,1820,1970,760,1480,809,1919,1372,1508,1446,7473,136,1566,2024,900,1608,1051,1779,1953,844,1511,830,1919,1407,1542,1474,7633,100,1577,2218,896,1660,1061,1795,2022,806,1473,893,1975,1460,1419,1470,7714,352,1745,2371,1162,1926,1266,2068,2230,1087,1679,1048,2215,1685,1972,1837,7803,355,1770,2432,1125,1917,1284,2092,2222,1049,1683,1079,2224,1679,1579,1680,7892,325,1814,2549,1155,1886,1396,2058,2257,1057,1732,1096,2210,1899,1608,1620,vips_IndirectBP
23339,13962,15940,16444,15459,16731,15052,16150,16427,15313,16391,15276,16480,16570,16668,16623,8985,31,1797,2399,1570,2919,1382,2633,2745,1595,2552,2080,2893,2842,2847,2863,9262,175,2019,2585,1793,3075,1631,2697,2861,2431,3258,2171,2989,3040,3026,2967,9131,150,1952,2531,1880,3087,1471,2610,2914,3564,2594,1985,2971,3029,2976,2902,9056,149,1925,2562,1831,3091,1550,2577,2775,3408,2594,1863,2856,2998,2965,2847,9070,111,2015,2548,1618,3101,1486,2691,2833,2065,2614,1798,2889,2979,2994,2873,8976,146,2035,2547,1699,3164,1464,2625,2777,1853,2617,1889,2900,3039,3029,2899,8947,101,2094,2549,1551,2990,1414,2562,2728,1741,2717,1897,2913,2995,2930,2797,9022,155,2046,3086,1724,3196,1505,2668,2908,1766,2711,2010,3047,3041,3081,2918,8931,148,1880,2556,1806,3054,1497,2697,2865,1660,2621,1809,2934,3046,2995,2889,9137,163,2647,2570,1841,3127,1522,2680,3051,1751,2704,1882,2971,3070,3030,2897,8888,118,1968,2519,1803,3113,1442,2674,2767,1798,2576,1773,2919,2990,2961,2855,8951,112,1953,2561,1843,3124,1466,2595,2812,1733,2656,1922,2920,2953,2977,2878,9004,143,1935,2549,1842,3142,1497,2618,2791,1685,2550,1798,2892,2984,3030,3021,9011,120,2050,2542,1854,3241,1470,2667,2791,1698,2628,1899,2984,3066,3044,2937,9111,136,1925,2623,1692,3214,1479,2597,2789,1693,2656,1857,2976,3199,3084,2812,vips_IndirectBP
19815,11752,12543,13990,13164,13077,13653,13307,13500,12874,13067,13891,13319,12874,12868,12971,7839,29,808,2037,1489,1400,1967,1758,1888,1507,1648,2569,1828,1353,1292,1345,7876,127,938,2220,1608,1456,2088,1883,1968,1657,2124,2637,1811,1464,1369,1504,7923,186,986,2078,1609,1567,2213,1939,1991,1676,3320,2692,1957,1560,1502,1550,7797,88,996,1922,1553,1458,2219,1874,2504,1615,3454,2696,1936,1479,1376,1421,7797,188,1010,2016,1597,1561,2315,1998,3198,1653,2566,2811,2307,1548,1457,1595,7618,155,959,2033,1554,1511,2077,2180,2934,1620,2007,2756,2394,1685,1433,1647,7682,205,917,1986,1574,1562,2167,2305,2826,1601,2273,2710,2757,1676,1487,1754,7656,169,958,2195,1603,1923,2200,2148,2505,1634,1944,2735,3036,2154,1710,1911,7501,98,881,2014,1518,1477,2072,1753,2547,1565,1686,2667,2729,1497,1395,1412,7578,181,937,2095,1593,1500,2227,1826,2539,1646,1782,2698,2658,1553,1432,1548,7570,120,873,2006,1474,1402,2140,1739,1900,1558,1769,2662,2328,1440,1350,1443,7819,169,957,2295,1567,1587,2178,1943,2072,1630,1921,2708,2320,1578,1486,1521,8013,191,1022,2237,1634,1525,2184,1852,2033,1640,1790,2786,2092,1498,1477,1882,7981,213,982,2285,1591,1800,2197,1866,2052,1650,1863,2720,1953,1529,1484,1574,7993,203,1001,2353,1600,1484,2317,1911,2020,1685,1824,2692,1909,1533,1548,1524,vips_IndirectBP
22792,13423,14791,15717,15352,16809,14899,14054,15461,14020,16097,14498,15416,16492,16718,15045,8419,26,1554,2191,1810,3235,1588,775,2011,867,3054,1663,2235,3223,3418,1550,8384,113,1754,2340,1881,3237,1705,872,2057,962,3107,1711,2291,3353,3364,1647,8561,129,2218,2332,1866,3440,1660,922,2121,1044,3177,1733,2356,3324,3611,1648,8597,116,3142,2345,1889,3370,1714,918,2130,1025,3135,1716,2411,3429,3496,1657,8641,140,3228,2351,1976,3353,1692,913,2157,1109,3378,1732,2431,3512,3721,1677,8430,163,2312,2333,1906,3286,1443,887,2068,1009,3279,1843,2383,3405,3546,1645,8437,153,2052,2344,1991,3335,1591,890,2127,1027,3318,1931,2369,3413,3522,1677,8510,117,2162,2339,1978,3335,1645,894,2149,1063,3152,2002,2550,3347,3503,1609,8341,110,1818,2284,1836,3299,1544,822,2087,952,3172,1683,2293,3382,3500,1620,8371,175,1843,2356,2023,3400,1673,917,2181,1052,3240,1757,2423,4195,3794,1668,8244,118,1707,2264,1791,3293,2116,839,2101,950,3210,1587,2323,3409,3485,1579,8468,118,1816,2388,1838,3361,2136,857,2268,1009,3184,1755,2348,3302,3520,1644,8567,186,1761,2360,1937,3355,2236,952,2203,1074,3877,1765,2413,3396,3982,1694,8517,184,1753,2377,1872,3528,2070,933,2157,1073,3537,1797,2373,3814,3652,1612,8583,145,1731,2501,1924,3360,1974,937,2165,1081,3211,1697,2449,3511,3566,1651,vips_IndirectBP
22150,13459,16191,15686,15172,14902,16413,14873,15245,15157,14628,16104,15118,14393,14653,16254,8487,39,2900,1883,1827,1451,2173,1705,1776,1880,1429,3088,1787,1339,1318,2654,8528,94,2902,2064,1872,1645,2244,1890,1809,1914,1612,3293,1873,1349,1399,2726,8431,122,3086,2322,1924,2074,2391,2003,2032,1910,2066,3292,2029,1472,1678,2752,8348,150,3028,2409,1847,2794,2601,2934,2374,1878,2421,3308,2368,1522,2683,2841,8465,176,3062,2109,1947,2074,2273,2486,2461,1949,1930,3428,2039,1925,2187,2938,8260,127,2975,1829,1842,1843,1835,2549,2279,1921,1774,3121,1908,2138,1643,2832,8282,107,2860,1843,2272,1658,1774,2443,2135,1860,1886,3142,1895,1775,1691,2816,8723,115,3037,1972,2188,1700,2122,2255,2229,1934,1797,3311,1984,1754,1582,2844,8256,115,2942,1890,1924,1549,1815,1805,1876,1858,1517,3259,1837,1409,1336,2771,8268,174,3100,1970,1955,1730,2114,1722,1830,1924,1639,3257,1896,1470,1450,2898,8162,105,3051,1722,1797,1575,2468,1687,1712,1842,1581,3134,1735,1398,1384,2714,8385,115,2955,2015,1876,1681,2286,1781,1835,1895,1654,3199,1907,1486,1430,2757,8335,190,3023,2022,1969,1838,2508,1806,1850,1925,1622,3283,1925,1506,1704,2850,8433,181,3042,2054,2005,1842,2817,1751,1864,2010,1654,3226,1975,1474,1456,2830,8431,186,3030,2156,1950,1930,2557,1729,1839,1909,1611,3198,1850,1422,1411,2881,vips_IndirectBP
22495,13458,14742,15945,15686,14389,18478,15550,15515,17091,16057,14152,15510,16079,16278,13902,8795,32,1357,2395,2314,998,2900,2417,2131,2585,2906,1171,2144,2802,2904,545,8782,139,1546,2525,2438,1106,2834,2532,2259,2601,2912,1765,2270,2926,2959,702,8970,116,1561,2497,2456,1064,3131,2572,2233,2664,2978,1793,2287,2916,3075,625,8964,143,1441,2512,2423,1067,3399,2571,2275,2927,2981,2225,2369,2953,3072,865,9071,207,1477,2574,2533,1166,2840,2617,2337,2881,3059,2098,2360,3025,3141,1324,8882,122,1403,2490,2421,1099,1871,2540,2186,2651,2882,1472,2274,2954,3020,1368,8801,93,1418,2447,2495,1075,1613,2515,2218,2630,2898,1321,2306,2981,2973,764,9120,123,1492,2504,2559,1125,2531,2592,2300,2788,2981,1398,2499,3007,3076,732,9354,180,1429,2537,2772,1106,1799,2587,2326,2794,3061,1242,2362,3019,3109,647,8810,187,1486,2518,2556,1182,2535,2599,2254,2827,3036,1254,2377,2993,3124,651,8741,178,1772,2507,2481,1080,3456,2564,2212,2802,3007,1224,2296,2998,3097,613,8876,108,1678,2528,2631,1118,3041,2526,2273,2834,2990,1244,2281,2925,3074,615,8879,188,1748,2515,2516,1128,3152,2586,2303,2765,2989,1257,2341,2966,3097,668,8997,203,1567,2547,2577,1220,4152,2658,2345,2810,3146,1234,2357,3078,3176,658,8981,211,1534,2647,2567,1170,3475,2620,2298,2817,3082,1205,2402,3052,3194,660,vips_IndirectBP
18484,11147,12010,11984,12652,12300,15367,12702,12830,12666,12307,11770,12682,12280,12459,12190,7016,26,954,677,1635,1204,3622,1654,1562,1432,1525,939,1499,1387,1346,896,7110,133,1022,830,1651,1278,3480,1744,1651,1577,1647,1188,1749,1536,1463,920,7146,111,1049,841,1709,1271,3808,1758,1627,1623,1646,1016,1635,1543,1577,1004,7217,156,1045,925,1780,1394,3993,1828,1628,2132,1670,1108,1666,1573,1533,1043,7052,95,1012,794,1745,1244,3684,1859,1596,2727,1684,1001,1776,1523,1605,967,7088,70,977,726,1676,1224,3196,2006,1414,2632,1819,934,1794,1733,1996,873,7135,127,1077,832,1773,1268,3167,1998,1591,2639,1862,1048,1658,1821,1872,989,7359,156,1131,982,1688,1378,3571,1953,1750,2343,2065,1108,2032,1855,1854,1058,7430,237,1158,898,1826,1405,3449,2051,1709,2242,1903,1167,1765,1609,1681,1128,7038,142,1099,814,1744,1289,3538,1762,1560,2040,1687,1042,1612,1531,1466,959,6980,93,1087,734,1686,1264,3820,1688,1518,1838,1504,982,1515,1482,1383,1037,7473,146,1283,776,1741,1377,3739,1801,1987,1971,1695,1088,1707,1588,1557,1017,7360,153,1096,837,1700,1327,3836,1752,1907,1770,1652,1028,1642,1516,1620,956,7535,141,1105,868,1748,1353,4124,1793,1948,1715,1652,1072,1717,1552,1476,1006,7134,103,1114,914,1696,1335,3800,1706,1781,1652,1533,1257,1604,1462,1432,1023,vips_IndirectBP
24076,13958,15907,15818,15985,15030,15254,16962,16114,16662,16679,15423,15826,15661,17006,14393,9445,37,2138,1904,2164,1078,1503,3225,2337,3062,3130,2040,2101,1903,3285,422,9478,134,2265,1969,2270,1190,1615,3292,2388,3196,3178,2126,2217,1987,3225,545,9546,151,2298,1994,2360,1183,1746,3307,2406,3185,3276,2142,2238,2088,3469,551,9532,163,2315,2000,2310,1307,1597,3383,2467,3121,3267,2180,2270,2128,3416,588,9642,191,2320,2076,2472,1310,1648,3480,2466,3271,3301,2187,2254,2042,3412,591,9487,143,2271,2002,2397,1187,1780,3368,2405,3108,3280,2115,2192,2003,3432,501,9727,197,2365,2037,2426,1231,2078,3407,2510,3549,3311,2187,2284,2036,3730,603,9669,180,2332,2040,2351,1278,2022,3438,2495,3198,3319,2168,2298,2038,3390,551,9571,212,2326,2084,2347,1281,1839,3602,2522,3293,3367,2236,2322,2090,3740,590,9422,154,2301,1987,2295,1203,1749,3380,2447,3288,3247,2141,2237,1997,3408,533,9263,136,2435,1908,2266,1191,1790,3348,2342,3185,3261,2076,2195,1977,3370,521,9524,169,2376,2072,2287,1274,1841,3405,2531,3165,3270,2180,2292,2116,3364,562,9472,199,2345,2021,2315,1282,1825,3430,2524,3177,3290,2177,2295,2024,3433,668,9522,201,2334,2054,2380,1280,1742,3700,2461,3505,3444,2163,2275,2102,3500,578,9598,177,2316,1996,2372,1349,1771,3399,2453,3137,3280,2166,2241,2158,3370,582,vips_IndirectBP
15258,9208,10848,12517,9545,9069,11053,10267,9881,10371,10164,10749,10780,11485,10201,9106,5742,27,1736,3033,461,33,2180,1257,880,1542,1167,1875,1761,2687,1306,32,5597,67,1782,3012,625,71,2082,1292,1030,1609,1280,1888,1989,2615,1302,63,5594,117,1950,3174,1268,110,2138,1388,1051,1692,1276,2038,1905,2822,1455,111,5497,83,2113,3201,1425,74,2146,1461,1092,1747,1242,2004,2016,2751,1855,73,5510,55,2230,3132,511,50,2181,1612,1113,1675,1213,1895,2012,2754,1889,68,5435,59,2073,3098,596,51,2132,1663,896,1607,1272,1816,1732,2778,1354,58,5492,130,2205,3125,603,113,2362,1621,1031,1727,1321,1985,1888,2768,1448,117,5555,74,2104,3189,610,71,2471,1482,1060,1606,1316,1998,1848,2671,1289,64,5458,130,1866,3174,602,118,2457,1218,1012,1620,1271,1907,1842,2697,1247,127,5477,133,1830,3076,699,117,2409,1191,1012,1650,1293,1911,1840,2782,1248,123,5478,87,2311,3024,597,72,2194,1138,931,1457,1252,1851,1912,2752,1179,88,5543,90,2102,3100,608,80,2304,1173,1361,1541,1303,2006,1853,2756,1287,80,5642,145,1835,3156,806,119,2232,1218,1062,1553,1358,1950,1877,2713,1307,130,5895,165,1874,3138,767,151,2225,1212,1076,1544,1823,1988,1892,2826,1254,156,6052,61,1756,3214,477,53,2121,1066,894,1421,1328,1866,1776,2683,1117,56,vips_IndirectBP
695,592,545,4260,579,571,547,546,542,553,534,536,563,586,579,598,41,13,4,2071,5,2,2,5,3,2,2,2,3,6,5,6,17,9,1,2018,3,0,1,1,1,0,1,1,2,2,1,3,32,10,1,2497,5,2,2,1,1,1,0,3,1,0,2,2,34,11,2,2153,2,1,2,2,3,2,1,1,2,4,6,4,33,11,3,1955,0,2,3,1,1,0,3,0,1,3,4,4,18,8,0,1867,2,3,1,2,1,1,1,2,1,2,3,5,24,7,0,1956,3,4,1,0,2,2,1,0,1,4,4,2,14,14,0,2034,1,2,1,2,0,1,1,0,1,3,2,4,21,15,1,1857,1,3,1,2,3,1,1,0,3,5,3,4,11,7,2,2122,3,2,2,1,1,3,1,1,2,2,1,2,9,5,1,2311,2,1,1,2,0,1,1,0,2,2,3,2,27,7,1,2074,3,5,1,2,2,2,1,1,4,3,3,6,47,8,0,1909,11,5,3,3,2,4,4,1,9,3,11,9,37,7,4,2010,3,4,2,1,3,4,2,1,4,2,7,8,49,13,5,2164,7,4,5,3,4,4,4,3,4,2,10,4,vips_IndirectBP
21760,12944,15152,14711,14416,13974,15475,14374,14271,14325,14302,14968,15523,14243,14735,15008,7999,31,2352,1760,1628,1007,2837,1719,1604,1831,1793,2535,2807,1322,1764,1839,8071,186,2590,1951,1787,1181,3013,1890,1736,1930,1946,2860,3303,1474,1900,2094,8132,182,2574,1927,1817,1254,3082,1913,1709,1982,1937,2751,2920,1728,1946,2063,7992,106,2510,1816,1726,1179,2972,1827,1649,1880,1831,2566,2911,2525,1851,1949,8034,90,2426,1991,1673,1144,2875,1775,1641,1860,1802,2648,2955,3496,1824,2033,7918,143,2524,2017,1655,1123,3003,1811,1619,1868,1820,2741,2993,2984,1849,1985,8020,200,2569,2151,1790,1212,3096,1918,1770,1967,1949,2674,2958,2407,1971,2036,8014,160,2584,2222,1741,1498,3019,1942,1750,1955,1999,2672,3058,2166,1959,2036,7976,217,2566,2138,1792,1251,2954,1889,1746,1984,1966,2723,3046,1800,1930,2057,7985,225,2555,2106,1760,1207,3086,1938,1796,2106,1980,2784,3050,1667,1967,2096,7893,204,2812,1862,1755,1160,3012,1886,1680,1951,1923,2627,3135,1478,1913,2087,8150,213,2785,2104,1805,1260,3075,2005,1823,2028,2051,2908,2961,1614,2051,2101,8113,211,2551,2111,1759,1448,3126,1917,1775,1962,1959,2725,2975,1595,1948,2160,8264,234,2577,2181,1796,1253,3043,1992,1809,2024,2024,2740,3041,1533,2000,2089,8178,78,2437,1897,1727,1131,2895,1874,1677,1910,1878,2595,2911,1454,1874,1955,vips_IndirectBP
22019,12996,14590,15752,15931,15149,14595,14804,15211,14324,14318,14386,14899,14637,14701,14473,8460,33,1782,2416,3090,1958,2055,1954,2507,1743,1729,1858,1987,1745,1770,1368,8523,174,1931,2566,3273,2061,2081,1997,2651,1865,1855,2049,2217,1810,1938,1541,8666,114,1906,2530,3258,2123,2145,2093,2633,1930,1856,1904,1799,1858,1957,1549,8525,85,1805,2561,3152,2029,2046,2037,2666,1887,1831,1811,1767,1782,1885,1458,8595,127,1785,2675,3284,2181,2061,2119,2715,1994,1906,1849,1805,1982,1953,1460,8474,117,1747,2497,3327,2056,1957,2097,2562,1911,1863,1891,1763,1789,2082,1484,8529,89,1760,2425,3207,2097,1933,2041,2580,1883,1858,1906,2091,1810,1948,1437,8474,88,1868,2500,3243,2338,1973,2169,2672,1931,1913,1932,2114,1846,1945,1537,8329,113,1716,2516,3218,2080,1873,2004,2655,1887,2106,1830,1976,1786,1916,1366,8354,90,1730,2548,3377,2041,1950,1990,2660,2021,1834,1833,2015,1826,2009,1392,8377,165,2395,2490,3195,2057,1920,1942,2568,1928,1898,1773,2028,1850,1941,1438,8497,165,1983,2589,3235,2162,2336,2085,2735,1994,1950,1986,2288,1870,2018,1537,8483,106,2064,2556,3138,2126,1971,2001,2695,1879,1828,2059,2171,1844,1928,1425,8558,102,1942,2546,3248,2077,2010,2183,2639,1910,1862,2122,2078,1816,1921,1455,8589,87,1822,2753,3209,2133,1947,2017,2678,1836,1815,1967,2118,1857,1866,1451,vips_IndirectBP
23818,14199,16043,15853,15431,16386,16414,16281,15998,16032,16072,15833,16286,15859,16296,16735,8983,31,1976,1424,1466,1875,2453,2089,1877,2103,2112,2011,2094,1744,2104,2519,8958,127,2079,1530,1638,1936,2476,2160,1933,2188,2186,2123,2211,1836,2159,2586,9057,164,2107,1658,1644,2085,2573,2235,1954,2226,2271,2141,2214,1931,2272,2652,9020,142,2105,1792,1803,2130,2559,2241,1926,2239,2211,2126,2237,1875,2218,2624,9162,101,2083,1852,1919,2091,2475,2206,1930,2172,2165,2111,2196,1941,2177,2577,9029,115,2059,1793,1834,1991,2521,2189,2227,2142,2156,2067,2237,1829,2205,2571,9116,152,2100,1837,1867,2048,2580,2227,2256,2244,2257,2147,2177,1857,2221,2590,9077,150,2129,1845,1817,2108,2545,2309,2265,2278,2281,2126,2274,1934,2268,2652,8942,180,2155,1607,1510,2007,2621,2498,2064,2255,2280,2130,2164,1851,2268,2698,8990,156,2151,1582,1491,2088,2687,2278,2089,2507,2292,2144,2241,1978,2458,2721,8823,119,2300,1436,1511,1978,2553,2105,2025,2145,2177,2079,2181,1788,2154,2641,9143,138,2138,1650,1565,2090,2664,2267,2209,2276,2255,2124,2189,1895,2242,2588,9038,132,2114,1585,1547,2242,2548,2186,1982,2187,2192,2069,2206,1866,2207,2646,9112,124,2121,1602,1494,2007,2498,2271,1962,2218,2335,2129,2206,1854,2254,2630,9061,88,2095,1683,1464,2011,2512,2164,1860,2192,2212,2088,2201,1804,2199,2537,vips_IndirectBP
22214,13062,14756,16292,15967,14666,14693,15199,15174,14851,14967,14325,14589,14571,15170,14796,8882,36,1782,3188,2973,1839,1833,2331,2421,2147,2280,1761,1794,1799,2125,1691,8907,127,1843,3240,3098,1962,1800,2487,2492,2228,2421,2154,1858,2025,2257,1784,8970,114,1867,3239,3156,1946,1758,2474,2488,2330,2475,1927,1888,1967,2353,1824,8928,92,1911,3294,3100,1831,1761,2493,2514,2393,2392,1830,2008,1839,2361,1857,8971,119,2055,3413,3205,1838,1792,2603,2549,2358,2547,2033,2054,2192,2335,1855,8857,100,1859,3221,3115,1843,1771,2555,2488,2330,2471,1980,1849,1866,2279,1816,8961,164,1940,3328,3175,1955,1876,2532,2596,2540,2588,2328,1976,1904,2453,1940,8917,122,1948,3216,3123,1921,1920,2603,2591,2411,2466,2243,2041,1945,2378,1778,8900,207,1977,3398,3260,1940,1940,2771,2641,2422,2917,1930,1956,1918,2605,1906,8899,188,1973,3378,3273,1957,2030,2663,2607,2522,2559,1867,1993,1902,2784,1968,8727,110,1878,3183,3058,1845,2027,2467,2469,2303,2372,1741,1757,1776,2249,1774,8846,98,1922,3211,3054,1915,2153,2408,2617,2265,2464,1896,1961,1880,2308,1803,8888,136,1890,3298,3065,2045,2039,2437,2580,2254,2402,1848,1898,1831,2284,1838,9100,218,1992,3420,3221,2020,2292,2706,2656,2583,3112,1903,1993,1999,2388,2001,8958,107,1821,3299,3082,1889,1987,2464,2526,2326,2425,1756,1786,1873,2430,1757,vips_IndirectBP
22155,13366,15438,15294,14870,15967,15363,14944,15085,14961,14934,15342,15436,15658,14986,15675,7974,31,2252,1960,1775,2559,2347,1953,2091,2112,1932,2546,2362,2567,1602,2002,7902,105,2300,1909,2037,2730,2451,2006,2135,2110,1958,2630,2421,2645,1663,2103,8140,165,2359,1842,2086,2806,2506,2033,2072,2148,2162,2658,2487,2702,1735,2157,7950,146,2355,1982,1936,2802,2542,2011,2022,2115,2821,2712,2462,2739,1572,2088,8055,177,2440,2028,1721,2937,2606,2190,2042,2177,3140,2753,2529,3240,1660,2043,7815,109,2330,1675,1552,2805,2532,2460,1910,2099,2574,2586,2414,2569,1484,1876,8178,209,2428,1821,1492,2714,2562,2703,2057,2294,2442,2744,2561,2736,1484,2004,8101,177,2481,1960,1607,2912,2572,2439,2088,2209,2276,2729,2577,2753,1469,2053,8055,201,2521,1824,1519,2774,2613,2435,2106,2186,2306,2752,2593,2674,1822,2051,8155,240,2453,1818,1606,2830,2644,2634,2125,2532,2212,2748,2659,2788,1616,2156,7943,146,2379,1667,1373,2779,2470,2085,1850,2062,2075,2599,2456,2591,1466,2014,8010,104,2393,1786,1461,2782,2539,2180,2008,2142,2156,2668,2459,2625,1466,2036,8062,203,2418,1802,1541,3304,2521,2140,2100,2136,2068,2728,2514,2687,1520,2071,8152,211,2423,1938,1719,2867,2624,2270,2179,2242,2177,2763,2581,2700,1684,2152,8147,183,2440,2044,1634,2833,2531,2144,2087,2208,2078,2741,2527,2699,1704,2230,vips_IndirectBP
21714,13148,14824,15731,15497,15123,14795,14952,14931,14914,14780,14492,14625,15006,15189,15059,7769,30,1747,2436,2494,1839,1866,1909,1897,1927,1821,1658,1476,1782,1924,1764,7761,143,1943,2503,2582,1877,1902,2039,2031,2035,2018,2117,1594,1911,2030,1910,7893,141,1963,2465,2609,1943,1833,2014,1999,2118,2041,1834,1609,1949,2029,1912,7866,131,1894,2501,2621,1928,1897,2006,2010,2112,2002,1714,1569,1922,2186,1888,7935,187,2029,2569,2674,2026,1994,2036,2092,2152,2013,1824,1734,2026,2155,1984,7690,163,2058,2408,2630,2117,1956,2061,1974,2108,1936,1980,1606,1983,2064,1917,7831,167,2105,2434,2600,2395,1913,2044,2019,2244,2231,2198,1668,1985,2070,1937,7898,133,2000,2534,2612,2810,1956,2086,2074,2145,2054,2127,1693,2058,2110,1997,7797,174,1891,2572,2582,2753,1895,2041,2015,2129,2129,1995,1579,2022,2114,1910,7752,183,1926,2524,2624,2596,1970,2238,2031,2425,2032,1877,1672,2172,2100,1948,7771,163,1913,2398,2646,2380,1830,1994,2001,2135,2020,1838,1679,2163,2118,1939,7976,188,2017,2687,2594,2807,2325,2073,2097,2203,2112,1936,1721,2424,2125,1964,7889,201,1983,2544,2619,2845,1981,2050,2063,2164,2020,1828,1713,2342,2142,1994,7967,164,1974,2551,2691,2494,2001,2045,1997,2200,2033,1816,1672,2463,2172,1923,8056,131,1896,2645,2573,2286,1930,1981,2014,2122,2006,1784,1643,2427,2068,1893,vips_IndirectBP
22767,13289,15784,15399,14557,15513,16129,15130,15073,14963,15049,16237,14054,15144,14314,14368,8800,32,2521,1914,1374,2156,2998,1980,1913,2021,2056,3346,803,1986,1063,850,8823,103,2677,2010,1555,2243,3233,2074,2055,2062,2104,3535,905,2122,1183,1398,8839,81,2720,1990,1559,2307,3023,2039,2168,2078,2095,3469,859,2091,1176,1421,8831,86,2754,2109,1597,2301,3082,2079,2094,2129,2114,3515,874,2129,1342,1002,8889,80,2727,2055,1614,2366,3147,2061,1965,2168,2135,3549,877,2184,1129,1003,8827,132,2946,2026,1923,2420,3170,2104,1931,2128,2146,3911,876,2125,1162,1056,8820,154,2707,1984,2315,2371,3050,2088,2088,2445,2315,3411,879,2115,1127,1006,8797,80,2712,2117,2225,2319,3081,2117,2061,2090,2161,3445,844,2114,1139,1086,8725,108,2715,1947,2068,2229,3187,2080,1975,2101,2220,3404,871,2071,1105,972,8719,112,2656,1991,1827,2310,3077,2290,1959,2221,2073,3572,887,2133,1119,1053,8677,96,2759,1945,1516,2312,3298,2036,1949,2040,2101,3388,868,2127,1099,1032,8916,116,2706,2030,1456,2352,3053,2145,2101,2173,2214,3428,873,2152,1198,1108,8811,83,2698,2019,1407,2350,3092,2043,1943,2069,2112,3418,878,2118,1164,973,8878,90,2623,2109,1496,2258,3121,2073,1942,2106,2097,3434,894,2117,1143,1003,9000,112,2642,2104,1569,2269,3137,2074,2011,2088,2139,3462,926,2192,1142,1026,vips_IndirectBP
24131,14177,15874,16470,16250,17733,15772,16112,16213,16059,15907,15040,17423,15751,16128,16413,9421,31,1705,2035,2142,2394,1863,2243,2326,2159,2096,1346,3059,1816,1996,2170,9459,166,1774,2155,2266,2515,1989,2391,2483,2322,2239,1495,3198,1927,2159,2217,9549,130,1936,2051,2257,2554,1914,2382,2460,2345,2221,2094,3201,1909,2460,2249,9487,89,2020,2044,2213,2652,2001,2293,2442,2338,2208,2137,3281,1881,2506,2251,9545,126,2018,2118,2223,2261,2113,2250,2542,2399,2311,2320,3332,2081,2513,2278,9314,166,1813,1983,2256,1742,2592,2361,2435,2370,2240,1786,3224,2089,2264,2168,9450,217,1999,2163,2289,1653,3110,2368,2514,2709,2723,1726,3277,1904,2177,2252,9402,158,2011,2111,2279,2132,2757,2428,2467,2432,2272,1586,3304,1956,2136,2221,9335,190,1870,2149,2226,2151,2319,2581,2459,2423,2382,1390,3192,1829,2141,2246,9381,204,1899,2233,2305,2224,2241,2912,2541,2721,2335,1502,3293,1898,2174,2325,9243,157,1877,2455,2213,2753,2074,2320,2412,2318,2230,1363,3158,1795,2051,2185,9591,189,2172,2589,2286,2578,2206,2313,2529,2409,2311,1560,3246,1976,2218,2256,9450,166,2243,2180,2222,2717,2125,2276,2440,2375,2201,1416,3266,1884,2126,2271,9456,166,2128,2472,2238,3232,2137,2347,2431,2397,2254,1450,3196,1912,2185,2266,9464,109,2038,2227,2194,2546,2082,2251,2406,2331,2195,1394,3238,1797,2096,2189,vips_IndirectBP
18780,11677,13976,14528,13521,16720,13847,11670,12639,13448,11614,14449,12360,14164,13954,13920,6549,27,2303,2696,1982,2673,2432,268,1076,2035,410,3127,906,2550,2366,2243,6573,86,2369,2740,2010,3313,2484,307,1202,2078,423,3118,1007,2657,2405,2288,6603,72,2377,2743,2015,3565,2430,313,1286,2043,447,3233,1289,2720,2471,2293,6601,74,2437,2770,1986,3649,2474,323,1228,2045,330,3267,1492,2676,2442,2381,6627,108,2462,2855,2070,2899,2523,422,1284,2061,337,3307,1553,2723,2452,2394,6413,65,2380,2659,2019,1864,2484,501,1110,1977,310,3177,1370,2709,2374,2294,6396,108,2415,2814,2008,1739,2531,566,1146,2145,347,3260,1324,2708,2477,2296,6541,114,2481,2854,2085,2665,2517,494,1308,2285,409,3344,1453,2722,2539,2466,6369,101,2427,2782,1970,1909,2474,641,1197,2251,398,3211,1122,2693,2339,2291,6471,115,2437,2814,2093,2528,2531,631,1236,2421,435,3283,1058,2704,2420,2412,6407,66,2382,2648,1956,3621,2439,524,1140,2198,533,3180,965,2648,2292,2304,6832,78,2405,2737,1981,3007,2492,495,1310,2363,593,3195,1061,2699,2377,2287,6946,84,2557,2758,1975,3244,2573,437,1211,2113,475,3223,1012,2633,2375,2294,6810,79,2407,2772,2135,4405,2504,334,1241,2186,507,3300,944,2681,2363,2447,6739,80,2485,2957,2094,3517,2503,358,1232,2206,435,3210,947,2755,2562,2318,vips_IndirectBP
17656,11419,13141,13684,13143,13943,13162,12685,13131,13670,11256,12199,12809,12901,13367,13286,5820,26,1860,2079,1750,2173,2009,1532,1889,2549,199,1379,1510,1726,1786,1784,5814,167,1973,2256,1837,2244,2072,1628,2092,2636,337,1462,1554,2074,1847,1899,5908,150,1962,2305,1894,2285,2136,1633,2044,2777,342,2340,1584,1840,1803,1867,5890,175,2020,2610,1866,2361,2342,1665,2079,2704,358,3223,1646,1904,1776,1868,5854,110,2139,2701,1793,2133,2451,1654,2015,2762,340,2626,1608,1779,1597,1780,5691,143,2127,2487,1805,1934,2235,1607,1924,2712,286,2011,1531,1877,1651,1828,5733,148,2023,2433,1811,1947,2187,1636,2099,2754,342,1844,1571,1854,1740,1820,5791,175,2064,2400,1900,2197,2193,1935,2088,2909,357,1587,1671,2021,1621,1897,5727,149,1959,2224,1769,1941,2094,1593,1977,2783,309,1412,1587,1809,1484,1742,5702,126,1942,2095,1821,2071,2136,1682,1981,2633,293,1376,1571,1803,1575,1872,5623,132,1899,2004,1813,2304,1990,1589,1847,2655,298,1375,1486,1747,1522,1798,5823,142,2032,2308,1970,2317,2185,1678,2113,2745,330,1541,1690,1913,1804,1963,5832,174,2165,2257,2045,2266,2181,1656,2013,2695,355,1476,1643,1821,1696,1884,5947,207,2018,2298,2269,2604,2161,1707,2094,2850,351,1477,1856,1916,1705,2124,5983,203,1984,2424,2028,2402,2161,1716,2072,2762,388,1492,1671,2044,1934,2029,vips_IndirectBP
461,354,316,7189,344,337,305,315,312,315,288,299,339,368,351,374,48,4,4,6435,5,6,5,4,3,4,3,5,7,5,8,8,22,6,1,6405,3,1,1,2,1,4,0,2,2,3,5,4,40,5,2,5934,3,4,3,0,3,3,3,0,2,2,5,5,40,5,4,5801,7,7,3,3,2,3,2,4,5,5,4,6,39,2,0,5861,4,3,1,3,2,4,1,4,4,5,3,6,14,2,2,5795,3,2,0,1,2,2,0,0,2,3,3,2,21,1,2,5903,3,2,2,1,1,0,2,1,2,2,6,5,22,0,1,5873,3,2,2,0,1,3,1,2,3,3,4,2,25,2,1,5764,4,1,1,2,0,2,2,3,2,1,4,3,8,3,1,5762,2,1,0,2,2,0,0,0,2,2,3,3,16,3,2,5855,2,3,1,1,2,2,1,0,1,2,2,2,33,5,3,5843,4,2,3,2,1,2,2,3,2,5,3,3,50,7,5,5777,7,5,3,4,3,3,2,3,5,6,7,5,43,1,3,5969,6,4,5,6,4,3,2,6,5,7,5,5,55,5,2,5823,7,6,1,5,3,4,2,2,5,7,5,8,vips_IndirectBP
24476,15066,17201,17254,16638,17381,16984,16766,16941,16261,15800,16998,16993,17835,17668,17912,8352,257,2561,2552,2056,2571,2566,2153,2232,1950,1098,2694,2182,3165,2807,3005,8390,367,2680,2683,2233,2787,2810,2324,2366,2326,1177,2800,2325,3436,2850,3222,8458,312,2767,2620,2185,2699,2664,2337,2355,4454,1301,2780,2261,3467,2902,3140,8416,368,2746,2710,2218,2826,2684,2511,2413,4649,1208,2816,2446,3367,2923,3098,8547,341,2833,2659,2323,2715,2690,2518,2420,2612,1173,2803,2404,3449,2904,3209,8245,328,2840,2621,2213,2688,2663,2306,2344,2156,1146,2761,2296,3380,2881,3080,8333,364,2706,2649,2276,2864,2733,2370,2727,2085,1301,2821,2377,3376,2854,3040,8544,354,2801,2675,2167,2772,2735,2487,2500,2123,1338,2843,2402,3435,2932,3127,8199,317,2684,2689,2127,2659,2673,2243,2338,1989,1161,2814,2278,3314,2899,3106,8464,278,2626,2632,2167,2696,2703,2290,2406,1984,1197,2863,2350,3348,2874,3178,8145,287,2644,2621,2132,2661,2613,2275,2308,1945,1212,2739,2271,3279,2823,3121,8572,339,2728,2635,2182,2767,2689,2340,2507,2081,1259,2876,2343,3365,2896,3148,8435,415,2828,2715,2181,2756,2810,2385,2426,2051,1304,2855,2370,3448,3022,3727,8541,380,2667,2653,2208,2813,2667,2349,2466,2056,1243,2823,2334,3516,2926,3169,8633,448,2838,2775,2238,2741,2773,2362,2532,2093,1340,2881,2354,3808,3007,3174,vips_IndirectBP
22955,14416,14758,15244,14810,14934,15699,14800,15322,15156,15548,14308,14803,14578,14944,14797,9030,1220,1624,1714,1656,1430,2094,1675,2464,2289,2428,1384,1887,1498,1676,1408,8942,1258,1695,1723,1677,1389,2082,1703,2375,2333,2439,1420,1846,1700,1680,1543,8999,1244,2004,1744,1665,1686,2254,1789,2457,2338,2500,1470,1909,2234,1770,2010,9030,1270,2501,1846,1691,1666,2461,2477,2479,2367,2571,1524,2172,2326,1798,2073,9105,1281,2516,1805,1642,1607,2148,2093,2504,2389,2551,1412,1807,1805,1754,1605,8872,1218,2133,1592,1658,1528,1737,2079,2466,2295,2465,1344,1759,1703,1581,1573,8969,1206,1903,1681,1721,1485,1828,1760,2420,2278,2422,1518,1862,1561,1576,1726,8919,1357,1798,1877,1724,1694,3032,1755,2451,2377,2492,1501,1941,1578,1585,1760,8761,1160,1656,1784,1668,1407,3149,1603,2408,2294,2506,1439,1851,1447,1678,1484,8876,1205,1701,1913,1756,1469,3126,1657,2478,2355,2464,1554,2011,1521,2060,1494,8793,1164,1600,1775,1705,1615,2908,1609,2379,2241,2382,1641,1853,1417,2047,1405,8889,1213,1824,1980,1724,1586,2156,1713,2506,2371,2464,1783,1941,1448,1906,1466,9054,1278,1745,1917,1761,1624,2312,1730,2498,2380,2536,1551,1924,1544,1912,1822,9048,1280,1752,1714,1749,1736,2601,1686,2434,2358,2522,1476,1953,1499,1705,1483,9192,1377,1778,1999,1844,1867,2397,1776,2524,2453,2690,1555,1954,1760,1722,1529,vips_IndirectBP
26585,18088,19058,19281,18683,18940,20240,18576,17794,18057,17537,18634,18718,19120,18688,19578,9671,1729,2916,2797,2609,2766,2973,2698,1968,2179,1728,2875,2689,3024,2244,3261,9422,1704,2845,2763,2584,2713,2641,2656,1843,2000,1873,2853,2659,3034,2201,3252,9621,1814,2989,2764,2573,2800,3053,2732,1858,2053,1991,2906,2627,3042,2287,3253,9541,1858,2942,2771,2557,2784,3341,2957,1907,1950,1959,2875,2737,3007,2263,3220,9564,2218,2899,2811,2626,2761,2541,2709,1811,1995,2399,2945,2661,3082,2229,3384,9372,2656,2904,2762,2642,2832,1825,2750,1854,1961,2451,2902,2694,3043,2261,3109,9590,2622,2904,2731,2666,2766,1592,2650,1828,1961,1857,2914,2851,3040,2211,3185,9712,2682,2927,2787,2621,2898,2414,2736,1903,2025,1852,2898,2817,3062,2277,3192,9464,1848,2897,2782,2546,2756,1875,2662,1938,2002,1651,2874,2617,2955,2195,3130,9452,1723,2926,2812,2634,2801,2321,2676,1929,2062,1662,2884,2696,2972,2231,3269,9233,1597,2934,2692,2547,2759,3235,2666,1867,1997,1619,2835,2544,2981,2142,3189,9593,1769,2954,2808,2873,2842,2724,2927,1931,2226,1847,2887,2635,3044,2270,3202,9445,1697,3078,2822,2625,2843,2972,2729,1955,2157,1749,2931,2717,3006,2299,3725,9557,1694,2972,2803,2594,2803,3845,2745,1940,2192,1720,2884,2646,3106,2285,3228,9653,1696,3142,3055,2615,2906,3344,2788,1871,2162,1708,2954,2700,3679,2324,3191,vips_IndirectBP
23052,15610,14823,15097,14760,14814,16319,14870,15494,15136,15464,14142,14771,14655,14933,14697,9296,2275,1516,1448,1427,1365,2393,1620,2456,2095,2523,1343,1720,1473,1700,1479,9307,2310,1691,1654,1460,1365,2222,1709,2469,2186,2525,1386,1637,1531,1838,1585,9268,2317,2030,2131,1412,1705,2459,1710,2451,2186,2490,1619,1759,3740,1883,2783,9289,2338,2604,2409,1462,1611,2604,1673,2438,2214,2493,1393,1411,4448,1907,3599,9325,2381,2351,2158,1660,1685,2244,1554,2423,2221,2526,1553,1344,2046,1925,2905,9148,2288,2036,1593,1402,1742,1666,1648,2392,2131,2500,2142,1322,1468,1817,2144,9250,2294,1758,1479,1425,1532,1671,1515,2423,2189,2489,1959,1327,1691,1682,1694,9237,2430,1776,1538,1532,1462,2118,1631,2452,2212,2556,1567,1417,1553,1759,1621,9126,2298,1527,1399,1410,1284,1679,1524,2364,2146,2471,1312,1226,1442,1640,1472,9017,2308,1531,1414,1484,1334,2002,1662,2354,2193,2500,1331,1239,1406,1665,1477,9022,2258,1547,1641,1530,1427,2567,1695,2389,2155,2505,1277,1248,1395,1730,1517,9164,2324,1639,1747,1606,1467,2391,1742,2454,2239,2545,1638,1422,1558,1767,1570,9273,2442,1634,1530,1787,1441,2502,1736,2500,2294,2577,1422,1466,1578,1820,1650,9225,2324,1654,1507,1638,1406,2965,1581,2439,2189,2557,1384,1390,1419,1697,1532,9291,2454,1643,1733,1602,1432,2678,1709,2541,2302,2654,1440,1703,1580,1836,1621,vips_IndirectBP
25699,17208,17948,18653,18048,18654,18319,18277,17066,17414,16884,17859,18039,18209,18167,18262,9357,1439,2342,2993,2614,2971,2928,2761,1781,2003,1583,2636,2537,2645,2381,2412,9297,1472,2316,2949,2642,3080,2883,2746,1537,2023,1550,2616,2555,2617,2306,2373,9333,1541,2428,3000,2739,3190,3074,2850,1654,2114,1621,2695,2574,2731,2458,2444,9230,1452,2322,2909,2654,2994,2927,2837,1669,2063,1491,2630,2544,2719,2364,2318,9217,1507,2365,3060,2687,3149,3080,2835,1614,2129,1514,2653,2498,2689,2417,2442,9173,1371,2252,2999,2697,3124,2809,2794,1623,2071,1388,2589,2529,2672,2310,2298,9215,1517,2331,2939,2677,3087,2864,2787,1912,2084,1555,2599,2507,2735,2395,2347,9381,2099,2467,3020,2699,3231,3025,2936,2046,2087,2039,2662,2585,2787,2463,2433,9103,1650,2333,2970,2634,3067,2919,2769,1640,1949,1530,2622,2518,2648,2353,2374,9153,1567,2352,2912,2639,3076,2922,2794,1611,2015,1526,2641,2534,2686,2332,2365,9073,1415,2360,2933,2685,3049,2902,2781,1557,1930,1511,2580,2589,2645,2360,2375,9293,1589,2419,3026,2660,3116,2999,2815,1615,1997,1611,2917,2532,2702,2438,2408,9303,1485,2325,2939,2607,3060,2836,2845,1540,1979,1568,2590,2521,2690,2370,2374,9455,1465,2751,3022,2650,3125,2985,2870,1570,2035,1680,2674,2550,2726,2423,2401,9448,1437,2386,2995,2670,3080,2968,2908,1504,2027,1594,2675,2574,2787,2418,2378,vips_IndirectBP
22646,15988,15114,15049,14619,14974,14281,14563,15587,15158,15685,14071,14404,14658,15171,14875,8729,2622,1950,1601,1458,1636,1497,1525,2717,2237,2784,1325,1297,1510,2052,1636,8567,2586,1921,1660,1456,1633,1517,1574,2597,2286,2732,1276,1281,1492,2067,1672,8733,2623,1973,2086,1470,1724,1513,1551,2616,2313,2844,1398,1356,1585,2061,1603,8628,2554,1892,2441,1828,1672,1532,1493,2653,2282,2752,1325,1356,1550,2011,1602,8729,2627,1900,1815,1926,1706,1559,1558,2659,2312,2724,1329,1321,1555,1995,1659,8319,2568,1921,1831,1701,1702,1456,2333,2642,2273,2769,1241,1300,1521,1887,1590,8407,2523,1862,1992,1536,1624,1498,2763,2565,2251,2688,1325,1316,1791,1866,1602,8687,2688,2003,1956,1560,1773,1574,2388,2657,2374,3501,1396,1598,1974,1962,1743,8518,2569,1784,1790,1382,1584,1432,1754,2655,2275,2741,1488,1402,1833,1830,1643,8559,2669,1881,1594,1415,1613,1436,1593,2816,2293,2881,1495,1368,1744,1863,1653,8484,2576,1888,1574,1437,1601,1403,1473,2581,2273,2818,1332,1517,1641,1906,1684,8814,2671,1991,1689,1736,1693,1544,1542,2685,2315,2811,2050,1442,1587,1999,1739,8705,2601,1985,1707,1389,1708,1483,1517,2609,2246,2804,1371,1308,1549,2058,1668,8662,2644,2184,1598,1506,1669,1537,1520,2649,2311,2760,1334,1322,1484,2096,1683,8669,2689,2003,1704,1437,1656,1542,1457,2741,2270,2881,1286,1350,1486,2086,1621,vips_IndirectBP
25487,16659,17209,17496,17914,17147,16944,17233,16208,16768,16278,17264,17769,17070,17130,17145,9778,1438,2183,2341,3078,2039,2303,2261,1444,2031,1571,2638,2721,2252,2147,2033,9880,1587,2220,2350,3070,2149,2272,2196,1522,2078,1662,2623,2669,2264,2165,2170,9790,1511,2222,2345,3042,2437,2405,2286,1530,2085,1636,2682,2703,2274,2157,2036,9761,1492,2199,2335,3074,2707,2486,2392,1514,2079,1596,2692,2772,2225,2129,2004,9744,1504,2243,2389,3154,2627,2201,2247,1461,2081,1650,2677,2760,2255,2198,2108,9521,1480,2142,2327,3005,2378,2126,2247,1537,2076,1514,2617,2718,2285,2151,1976,9653,1512,2215,2316,3028,2120,2147,2255,1476,2094,1559,2639,2710,2278,2136,1994,9831,1849,2283,2361,2977,2206,2197,2309,1507,2168,1957,2699,2753,2326,2180,2105,9621,1440,2214,2389,3021,2070,2082,2229,1417,2045,1540,2670,2782,2258,2147,2099,9636,1501,2223,2361,3009,2094,2134,2208,1490,2256,1551,2683,2768,2249,2153,2094,9535,1408,2142,2267,3012,2047,2050,2224,1420,2249,1532,2637,2983,2239,2069,2070,9847,1504,2276,2366,3212,2221,2211,2294,1494,2374,1613,2945,2743,2312,2152,2149,9712,1450,2195,2315,3036,2116,2135,2243,1456,2090,1576,2667,2705,2225,2148,2076,9869,1517,2546,2373,3065,2156,2223,2273,1485,2128,1605,2635,2739,2302,2223,2102,9883,1499,2265,2543,3010,2192,2436,2375,1461,2114,1586,2794,2903,2325,2168,2101,vips_IndirectBP
22143,15049,14438,14717,14879,15497,14764,15234,14877,14806,14603,13901,14358,14414,14569,14938,8408,2104,1727,1747,1956,2333,2065,2528,2476,2367,2229,1550,1514,1564,1751,2025,8163,1947,1639,1630,2127,2144,1953,2412,1932,2258,2075,1394,1441,1595,1692,1959,8283,1975,1728,1700,3664,2278,2003,3581,2031,2328,2199,1411,1557,1639,1846,2011,8482,2049,1804,1769,4171,2373,2078,4675,2115,2369,2485,1545,1575,1659,1843,2092,9237,2000,1770,1725,2283,2391,2075,3878,2050,2552,2484,1633,1573,1539,1760,2087,8770,1917,1675,1561,2624,2200,2077,2711,1945,2303,2420,1741,1699,1520,1743,1978,8367,2076,1870,1646,2292,2336,2054,2590,2069,2343,2328,1837,2268,1548,1765,2036,8400,2371,1895,1731,1999,2365,2135,2572,2035,2411,2290,1929,2001,1662,1841,2108,8168,2049,1843,1632,1886,2589,2009,2460,2009,2397,2119,1723,1720,1480,1735,1963,8151,2334,1802,1640,2037,2326,2082,2431,2082,2384,2107,1635,1470,1522,1751,2078,8011,1999,1744,1568,1929,2226,1961,2495,2096,2332,1980,1456,2111,1518,1710,1998,8351,2234,1746,1665,1927,2331,2056,2575,2168,2370,2089,1722,1563,1682,1754,2008,8255,2098,1711,1651,1953,2282,1934,2408,2089,2254,2032,1506,1485,1456,1717,1984,8266,2053,1680,1561,1901,2290,2010,2443,2210,2295,2095,1403,1443,1462,1677,1988,8300,2051,1713,1747,1965,2277,2025,2520,2189,2332,2086,1403,1488,1526,1694,1973,vips_IndirectBP
26326,17779,17456,17837,17555,19943,17225,17361,17635,17245,17034,17712,17926,17649,17445,17595,10161,2089,2018,2148,2259,2707,2138,2104,2805,2007,2023,2576,2526,2219,1914,2038,9967,2107,1985,2232,2178,2702,2044,2313,2175,1938,1872,2530,2444,2156,1945,1965,10112,2115,2213,2163,2217,3032,2045,2607,2187,1983,1866,2543,2418,2233,1987,1971,10080,2127,1955,2131,2181,3154,2042,3551,2193,1858,1869,2524,2466,2146,2025,1905,10063,2164,2019,2136,2241,2681,2098,3292,2244,1917,1878,2523,2531,2176,2018,2019,9861,2055,2064,2056,2175,1691,1947,2296,2221,1811,1819,2496,2439,2097,1872,1931,10025,2150,2206,2171,2272,1697,2085,2047,2182,1969,1902,2551,2465,2197,2180,1971,10162,2263,2148,2134,2251,2286,2215,2128,2280,2023,1953,2558,2505,2189,1898,2142,9932,2082,2080,2113,2182,1767,2208,2044,2244,1910,1838,2565,2521,2136,1884,2078,9908,2676,1957,2092,2215,2182,2152,2037,2267,1919,1843,2552,2480,2149,1852,1941,9896,2089,1903,2012,2190,3135,2038,1988,2274,1938,1840,2536,2622,2105,1811,1909,10045,2208,2019,2190,2243,2587,2164,2133,2298,2054,1888,2623,2498,2211,1912,1972,9981,2101,1960,2095,2183,2970,2075,2038,2216,1962,1828,2482,2445,2112,1873,1935,10158,2090,2015,2131,2221,3409,2093,2072,2222,1978,1802,2551,2492,2236,1889,1878,10186,2116,2003,2307,2234,3028,2043,2084,2315,2267,1845,2604,2561,2209,1886,2009,vips_IndirectBP
23376,15798,15831,16255,15713,18963,15969,15908,15734,15994,15399,14887,15213,15578,16376,16126,8962,1846,2101,2161,1985,2991,2385,2253,1899,2454,2047,1536,1550,1902,2591,2216,8710,1826,2068,2203,1971,2970,2278,2209,1782,2400,1837,1466,1549,1955,2523,2187,8821,1889,2199,2182,1917,3338,2351,2280,1861,2403,1820,1574,1552,1942,2569,2211,8755,1937,2103,2208,1959,3485,2343,2253,1787,2514,1779,1550,1517,2117,2540,2228,9089,2321,2124,2150,1906,2565,2361,2186,1823,2515,1854,1660,1502,1883,2552,2227,9756,2100,2071,2145,1934,1827,2379,2284,1806,2508,1837,1937,1450,1892,2645,2244,9797,1968,2299,2229,1944,1642,2356,2184,1985,2496,1894,2137,1532,1949,2569,2240,8928,2078,2235,2212,1920,2535,2367,2306,2076,2513,2021,1821,1627,1995,2640,2282,8808,1849,2061,2182,1867,2147,2325,2139,1903,2509,1895,1571,1639,1836,2626,2238,9075,2182,2148,2225,1953,2237,2344,2210,2060,2534,2026,1527,1595,1915,2631,2263,8692,1746,2074,2124,1872,3386,2294,2140,1932,2490,1790,1403,1917,1896,2508,2233,8700,1880,2107,2151,2066,2950,2324,2112,1925,2554,1816,1788,1586,2006,2556,2208,8675,1794,2115,2220,2020,3154,2283,2210,1862,2475,1827,1503,1638,1994,2596,2217,8771,1882,2088,2177,2028,3835,2383,2167,1860,2517,1873,1476,1552,1940,2641,2248,8806,1799,2123,2263,1961,3300,2387,2236,1882,2577,1840,1470,1534,1958,2636,2199,vips_IndirectBP
22946,1656,790,811,913,794,723,730,759,744,751,729,875,4537,958,795,94,361,94,57,121,59,57,45,70,62,45,55,153,3773,165,66,36,520,29,23,65,26,28,21,22,21,25,26,103,2635,116,33,40,459,36,22,60,26,24,24,21,20,23,21,100,2550,125,22,51,610,65,26,60,31,26,30,26,22,24,24,113,2517,158,28,43,704,42,25,57,25,27,26,27,28,26,25,95,2770,109,28,30,515,32,23,44,25,22,26,24,24,27,21,90,2210,105,23,23,477,28,18,51,21,19,19,23,21,24,22,88,2026,106,18,33,532,32,24,59,26,24,26,25,29,27,26,101,2085,119,24,33,384,37,26,57,26,27,25,26,25,29,26,105,2180,117,27,27,330,31,22,51,21,22,22,21,22,21,24,105,2442,146,21,23,358,23,14,43,17,16,16,18,16,19,18,92,2161,122,18,48,451,56,30,68,31,34,33,34,30,33,29,90,2371,315,33,80,1623,105,58,136,88,42,35,47,59,50,46,125,2374,153,43,48,284,81,22,105,25,26,20,21,21,26,23,104,2290,114,27,44,274,58,28,60,26,26,25,24,24,24,25,118,2712,146,26,vips
246,82,17,87,57,48,24,32,42,33,7,31,61,9101,68,121,48,5,5,6,6,3,4,5,4,4,2,4,5,8490,4,8,17,3,1,4,2,1,1,0,4,1,0,1,1,8453,3,5,51,4,3,3,7,2,4,1,4,5,2,3,2,8441,4,7,38,2,1,3,5,2,2,4,1,2,2,3,4,8469,4,6,31,3,3,3,4,4,3,2,3,3,0,2,5,8509,2,4,17,3,1,4,3,2,1,1,1,1,0,2,2,8455,2,4,23,2,2,3,5,3,2,3,1,1,1,3,2,8556,3,3,28,1,1,3,4,2,3,1,2,1,1,1,3,8436,3,6,25,2,2,4,3,1,1,3,2,0,1,1,1,8440,1,5,10,2,0,1,2,1,0,2,1,0,0,0,1,8440,2,4,21,3,0,4,3,2,2,2,1,2,0,0,2,8498,2,5,39,4,2,4,4,3,1,1,3,1,1,2,4,8447,5,6,60,4,4,2,4,3,3,3,2,3,2,4,6,8431,5,4,42,5,2,6,3,5,4,4,2,5,2,3,5,8624,8,8,69,5,2,7,4,3,3,3,7,6,3,4,6,8436,7,8,vips
27138,17893,16472,17248,17196,17656,16776,17057,17849,16663,17051,16688,16850,17945,17915,17465,10306,2755,1486,1871,2077,2351,1691,1879,2701,1682,2191,1782,1756,2660,2639,2144,10763,2757,1436,1938,1940,2364,1683,1884,2795,2008,2204,2013,1779,2716,2733,2034,11592,2765,1460,1982,1929,2340,1742,2075,2811,1873,2168,2495,1803,2637,2712,2006,10194,2728,1544,1946,1959,2309,1717,2309,2795,1789,2179,2404,2180,2713,2706,1888,10496,2802,1765,1910,1973,2374,1857,2150,2819,1724,2179,1941,2024,2692,2693,1846,9083,2768,3157,1901,1945,2317,1776,2242,2815,1740,2135,1879,1709,2627,2712,1793,9389,2830,3420,2328,2086,2412,1761,2375,2801,1869,2187,1942,1741,2741,2745,2282,9705,2857,2046,2387,2149,2370,1824,2414,2894,1778,2279,1963,1820,2645,2740,2059,9082,2780,1454,2632,2214,2386,1677,2261,2809,1741,2248,1803,1714,2694,2742,2157,9521,2740,1418,2297,2224,2305,1662,2403,2738,1763,2183,1801,1711,2672,2689,2182,10403,2742,1409,2206,2364,2301,1643,2030,2753,1718,2172,1766,1657,2596,2697,2279,9807,2772,1463,2263,2379,2312,1736,1988,2817,1936,2225,1860,1739,2729,2758,2479,10745,2743,1453,2026,2155,2371,1665,1890,2794,1977,2179,1785,1739,2707,2829,2376,11153,2706,1457,1951,2065,2328,1670,1929,2790,1908,2196,1845,1751,2690,2627,2430,10724,2825,1419,1930,2027,2349,1724,2165,2880,1776,2197,1874,1743,2822,2727,2292,vips
24918,15660,16041,16327,16499,16289,16542,16705,15293,15926,15785,16472,16697,15650,15753,16626,9421,1501,2188,2185,2374,1832,2571,2760,1762,2253,1923,2887,2729,1533,1619,2596,9336,1596,2165,2122,2383,1861,2586,2816,1487,2414,1994,2944,2739,1560,1499,2614,9997,1497,2160,2082,2468,1973,2524,2845,1527,2155,2025,2898,2768,1485,1608,2489,9248,1473,2156,2127,2438,1862,2562,2907,1543,2174,2083,3023,2790,1477,1548,2660,9957,1482,2189,2149,2531,1858,2686,2809,1517,2220,2038,2981,2953,1597,1474,2668,8634,1387,2150,2053,2458,1670,2519,2759,1507,2134,1912,3023,2760,1490,1372,2544,8916,1515,2247,2186,2545,1787,2606,2996,1571,2248,2080,3359,2866,1565,1471,3227,8991,1562,2232,2271,2439,1879,2565,2848,1656,2236,1984,2984,2802,1577,1486,2581,8667,1381,2436,2442,2420,1723,2577,2781,1484,2255,1915,2911,2716,1478,1369,2580,8880,1410,2159,2385,2451,1724,2583,2838,1528,2230,1905,2898,2788,1557,1340,2562,9238,1435,2203,2349,2406,1780,2649,3032,1576,2148,1952,2970,2844,1472,1416,2654,9181,1526,2235,2400,2461,1933,2730,2802,1657,2241,2030,2920,2749,1699,1573,2605,9602,1456,2186,2329,2403,1984,2545,2874,1623,2235,1947,2902,2789,1623,1697,2555,9835,1548,2191,2193,2384,1898,2553,2796,1593,2223,2039,2939,2722,1976,1506,2563,9586,1613,2312,2191,2488,1923,2745,3481,1651,2233,2048,3138,2822,1644,1703,2617,vips
25708,17334,16534,16807,16914,17441,16164,16426,16956,16248,16444,16243,16372,17685,17579,16857,9898,2574,2009,1843,2110,2464,1686,1866,2390,1832,2143,1722,1704,2771,2578,1871,9845,2606,1920,1896,2122,2507,1722,1866,2421,2262,2116,1933,1755,2716,2557,1849,9985,2609,2019,1914,2007,2506,1681,2439,2396,1915,1981,4995,2257,2675,2549,1804,9914,2572,2072,1910,2037,2477,1747,2785,2425,1930,2021,5183,2854,2768,2550,1869,10199,2662,2067,1916,1981,2603,1798,3123,2486,1921,2060,2179,2742,2783,2639,1924,9802,2594,2077,1878,1990,2542,1781,2718,2467,1843,2000,1842,2885,2665,2589,1916,9838,2616,2060,1954,1993,2579,1721,2123,2455,1980,2087,1921,2499,2770,2607,1971,9803,2589,2062,1926,1990,2535,1811,2104,2516,1993,2070,1893,2387,2656,2627,2016,9725,2635,2322,1903,1953,2516,1669,1961,2419,1854,2061,1734,2129,2723,2608,1970,9733,2575,1997,1882,1947,2494,1672,1968,2396,1884,2063,1717,1789,2710,2522,1885,9743,2620,2039,1869,1917,2552,1638,2046,2414,1929,2058,1800,1695,2704,2546,1931,9981,2692,2116,1977,2151,2580,1890,2361,2526,2001,2204,1937,1783,2817,2693,2146,9863,2621,2026,1889,2136,2476,1629,2136,2461,1927,2132,1751,1757,2783,2625,2115,10102,2506,2017,1847,2103,2502,1683,1840,2411,1906,2180,1760,1770,2701,2530,2181,10086,2654,2064,1954,2251,2587,1708,2241,2554,1992,2143,1868,1816,2956,2696,2125,vips
22969,15411,15833,16119,15889,15616,16338,16304,15392,15598,15338,15990,16443,15696,15287,16394,8474,1401,2035,2053,2022,1268,2641,2465,1627,2041,1728,2382,2664,1440,1370,2521,8331,1663,2089,2399,2066,1411,2699,2535,1508,2501,1878,2454,2647,1617,1368,2590,8348,2295,2177,2175,2026,1414,2626,2515,1535,2259,1801,2388,2631,1777,1393,2483,8220,2299,2266,2155,2048,1391,2560,2550,1604,2453,1837,2402,2618,1775,1409,2550,8461,1723,2466,2284,2070,1503,2628,2587,1694,2657,1814,2468,2655,1690,1909,2535,8256,1370,2222,2131,1997,1339,2619,2568,1501,2248,1815,2460,2726,1514,1358,2468,8272,1519,2119,2102,2092,1381,2754,2660,1582,2122,1849,2550,2742,1669,1503,3449,8308,1494,2026,2025,2033,1540,2650,2523,1602,2086,1827,2470,2678,1645,1521,2597,8154,1376,2234,2121,2014,1469,2688,2546,1441,2046,1808,2430,2646,1497,1380,2539,8203,1328,1985,1988,2023,1326,2592,2476,1416,2023,1779,2383,2611,1449,1303,2487,8222,1362,1965,1970,1975,1279,2631,2469,1416,1984,1756,2402,2622,1402,1268,2535,8452,1420,2059,2058,2053,1436,2723,2558,1532,2090,1840,2479,2637,1518,1380,2515,8530,1327,2018,1982,2061,1371,2593,2506,1512,2015,1771,2452,2663,1488,1380,2558,8533,1371,2006,2018,1956,1385,2544,2469,1425,2025,1777,2418,2556,1486,1334,2487,8593,1493,2087,2105,2083,1346,2686,3337,1504,2099,1843,2551,2681,1627,1414,2571,vips
24756,17351,16136,16359,16039,17328,15731,16084,17290,15962,16604,15833,15704,16695,17313,16917,9799,3182,2132,2175,1889,3109,1681,1838,3430,2059,2525,1832,1575,2419,3362,1936,9627,3138,2150,2455,1933,2904,1638,1804,3155,2343,2550,1861,1500,2415,3012,1927,9651,3136,2232,2216,1857,2968,1660,1773,3127,2172,2524,1762,1464,2300,3077,1895,9620,3131,2144,2207,1806,2846,1687,1821,3175,2069,2529,1784,1474,2433,3033,1917,9835,3291,2162,2274,1996,3060,1578,1810,3272,2148,2587,1710,1475,2478,3283,1888,9549,3231,2299,2209,2075,2966,1608,1852,3183,2087,2592,1697,1689,2360,3115,1779,9711,3320,2292,2277,2231,2971,1679,1835,3196,2163,2648,1752,1541,2459,3195,2315,9739,3349,2294,2243,2146,2994,1777,1974,3247,2126,2605,1782,1530,2427,3262,1990,9574,3173,2565,2297,2003,2878,1566,1894,3158,2060,2565,1632,1479,2386,3081,2003,9531,3091,2116,2181,1900,2938,1582,1948,3088,2083,2501,1558,1576,2412,3058,2166,9525,3142,2049,2173,1869,2967,1652,2083,3107,2035,2512,1676,1526,2343,3035,2176,9680,3190,2126,2227,1945,2911,1845,2355,3110,2087,2628,1876,1711,2569,3109,2367,9609,3133,2100,2188,1946,2943,1651,2692,3144,2046,2532,1848,1570,2363,3170,2236,9744,3370,2090,2197,1905,3224,1701,2419,3344,2050,2595,1919,1590,2449,3113,2234,9905,3264,2141,2207,1926,3018,1689,2337,3307,2134,2634,2068,1659,2650,3176,2459,vips
21878,14853,15576,15600,15433,15063,15165,15326,14725,15409,14575,14986,15312,15580,15052,15909,8365,1613,2324,2461,2352,1606,2152,2400,1624,2377,1679,2127,2170,2056,1606,2453,7991,1550,2237,2318,2174,1462,2042,2191,1589,2490,1623,2076,2004,1965,1362,2459,8137,2613,2331,2223,2213,1451,2002,2284,2376,2467,1615,2068,2035,1922,1463,2482,8197,3978,2251,2181,2352,1534,2081,2289,3363,2228,2074,2105,2164,2395,1733,2494,8414,2774,2329,2267,2630,1617,2152,2582,2369,2293,2324,2186,2185,2542,1979,2587,7984,1603,2161,2048,2393,1520,1954,2547,1715,2091,1610,2075,2012,1977,1483,2239,8166,1571,2185,2089,2179,1649,2005,2452,1566,2184,1663,2068,2046,1900,1413,2328,8869,1732,2348,2301,2468,1752,2205,2489,1896,2350,1839,2285,2275,2145,1598,2568,8735,1509,2428,2272,2126,1509,2040,2157,1763,2172,1572,2077,2021,1933,1367,2348,8097,1511,2176,2140,2202,1603,2040,2215,1697,2210,1612,2098,2082,2048,1747,2414,7893,1504,2211,2076,2115,1690,2004,2219,1489,2161,1545,2092,2013,1833,1686,2495,8072,1462,2305,2236,2261,1794,2058,2281,1519,2233,1614,2085,2036,1956,1939,2355,8044,1488,2387,2247,2248,1747,2008,2203,1547,2285,1610,2034,2017,1972,1973,2430,8234,1622,2484,2437,2396,1917,2109,2362,1643,2420,1737,2136,2112,2142,2043,2472,8112,1542,2376,2299,2240,1618,2045,2327,1524,2354,1646,2124,2076,2090,1850,2460,vips
25259,18276,16314,16001,17492,17679,16928,17311,17312,16128,16638,17185,17026,16742,17558,19672,10498,2632,1628,1168,2689,2683,2387,2569,2555,1568,2149,2671,2230,1846,2681,2943,9821,2496,1572,1142,2445,2599,2276,2492,2496,1855,2101,2487,2160,1825,2580,4391,9910,2566,1668,1111,2425,2594,2308,2496,2498,1528,2039,2550,2284,1796,2618,3979,10046,2676,1730,1223,2462,2679,2327,2557,2447,1692,2222,2644,2341,1926,2586,2856,9997,2726,1668,1292,2514,2705,2403,2684,2565,1688,2177,2767,2263,1936,2673,3240,9710,2530,1649,1212,2474,2593,2461,2629,2482,1507,2084,3215,2387,1844,2612,1817,9876,2547,1551,1122,2506,2701,2511,2509,2468,1589,2178,3316,2198,1848,2572,1902,9901,2659,1644,1188,2594,2771,2407,2638,2530,1658,2245,2985,2276,1847,2691,2395,9840,2617,1878,1189,2509,2570,2300,2492,2485,1508,2129,2553,2193,1836,2589,2232,9691,2508,1533,1073,2489,2608,2294,2517,2481,1529,2109,2579,2179,1823,2577,2186,9749,2618,1508,1037,2406,2633,2476,2532,2534,1475,2106,2602,2202,1808,2551,3390,9982,2587,1507,1129,2507,2639,2451,2594,2510,1592,2096,2679,2206,1902,2720,2448,9782,2524,1493,1087,2411,2584,2272,2472,2456,1557,2084,2595,2151,1866,2601,3057,9844,2584,1551,1093,2454,2702,2351,2581,2588,1586,2137,2617,2228,1888,2620,3696,9899,2575,1505,1147,2502,2736,2403,2602,2621,1571,2160,2665,2234,1959,2709,3358,vips
12726,9210,9446,9215,9482,9475,9324,9899,9088,9619,8943,8965,9788,8986,8999,11374,4857,756,2080,1080,1392,1700,1816,1743,1208,2600,1016,1359,1950,587,1102,2588,4354,747,2037,601,890,887,1536,966,933,2554,893,1166,1741,297,694,3352,4745,1248,2062,697,1318,1162,3147,1893,1212,2581,1236,1404,2740,812,1010,3440,5378,1638,2282,1435,1438,1661,4030,2313,1671,2665,1521,1811,3660,1122,1595,2408,4863,1210,2128,1632,1493,926,2470,1945,1433,2668,1283,1565,2658,906,1244,2716,4504,1016,2114,1912,1194,1099,1535,1723,1284,2519,1076,1686,2275,667,1146,1533,5487,1796,2088,2365,2096,1975,2479,2291,2054,2595,1911,2432,2639,1292,1845,1626,4586,1197,2288,1073,1366,1159,1883,2008,1112,2662,1100,1968,2152,617,1225,2020,4116,1045,2146,557,698,690,1415,1007,943,2536,585,1472,1593,301,618,1865,4856,1569,2123,1153,1560,1188,1869,2083,1595,2585,729,1615,2135,926,1160,1820,4623,1445,2044,824,1330,1062,1910,1966,1521,2524,819,1469,2053,635,1318,2777,4858,1446,2112,1050,1358,1183,1988,1953,1570,2629,977,1794,1875,679,1450,2127,4919,1222,2061,1012,1530,1329,1767,1930,1316,2627,1063,1679,1938,331,1414,2644,5012,1139,2045,876,1634,1354,1861,1970,1450,2559,925,1826,2024,691,1150,3121,4840,1060,2051,892,1002,1117,1597,1218,982,2573,902,1361,1760,590,1192,2840,vips
9411,3237,2766,3609,3128,3023,3091,3869,3240,2915,3011,3026,2875,7969,3358,2594,3594,430,399,691,552,499,512,902,421,539,480,502,575,2217,666,97,3397,446,306,522,326,285,451,374,241,889,286,259,356,2307,416,60,4731,723,448,497,716,523,663,1203,577,685,629,567,490,2257,738,65,3951,881,494,1034,572,947,780,1137,701,832,729,736,784,3184,954,88,3843,781,419,850,771,352,629,1006,582,730,509,566,699,3071,718,94,2709,555,391,748,574,392,301,1158,467,686,511,491,506,2659,664,89,3292,1243,460,1521,1022,1032,1280,1406,1052,801,1136,1083,1058,3158,1354,60,3246,612,377,722,553,550,566,1045,374,564,635,538,563,2064,682,59,2884,385,769,493,322,221,422,407,239,655,319,306,347,1589,419,63,3247,775,343,910,703,492,700,1063,612,810,396,551,666,2645,875,81,4056,676,316,704,569,604,624,1041,568,713,586,275,662,1971,784,76,3215,641,369,556,562,473,567,901,477,672,448,611,326,2704,702,107,4202,598,367,686,519,457,585,969,404,550,492,475,598,2601,585,56,4570,639,433,753,607,515,676,992,474,570,518,553,589,2589,442,136,4741,643,508,777,367,311,528,548,430,678,497,437,460,2721,652,74,vips
1287,681,557,603,609,648,542,611,637,623,549,585,642,6800,739,903,483,30,16,21,21,16,21,14,12,16,18,18,46,2687,28,111,417,27,10,20,19,7,7,15,11,11,11,9,41,2835,23,128,448,20,16,12,13,19,8,10,5,5,10,9,37,2541,19,118,429,26,12,11,13,11,8,15,16,11,16,9,53,3502,25,118,481,28,16,19,17,11,14,17,12,19,17,15,45,3070,27,136,393,32,13,17,23,11,13,12,10,13,15,15,42,2626,29,114,422,26,17,17,19,13,15,15,14,12,17,15,39,2873,21,113,430,33,10,18,17,13,16,17,16,17,20,12,46,2492,28,135,443,38,14,14,17,11,17,13,14,14,19,12,50,2059,25,134,394,19,10,6,9,6,2,7,8,8,11,4,40,2821,22,119,426,27,16,18,26,12,19,15,16,14,17,14,45,2304,26,136,470,34,20,21,20,16,16,14,12,18,17,16,44,2874,40,147,521,23,12,12,11,14,13,7,6,8,8,11,38,3124,22,204,509,22,18,19,25,15,14,15,13,19,16,14,76,3195,35,147,504,19,7,9,19,10,10,13,12,7,8,10,59,3339,35,152,vips
207,104,31,84,62,66,19,43,55,31,9,51,55,8745,61,122,59,5,4,5,6,6,2,4,6,4,4,6,6,8626,7,7,20,2,1,1,2,1,2,1,2,3,1,2,2,8467,2,3,48,4,2,4,3,4,1,5,4,2,2,3,4,8456,4,5,33,7,3,5,3,7,2,4,5,3,2,3,2,8470,5,5,40,3,2,4,4,4,1,5,2,1,2,3,3,8516,4,5,16,4,0,1,3,3,0,2,1,2,1,1,2,8453,4,4,27,5,1,4,1,4,0,1,3,2,1,1,2,8578,3,5,29,6,3,4,2,3,1,4,2,2,1,2,3,8458,4,5,20,4,1,5,2,4,0,1,2,1,0,2,2,8446,3,5,9,3,1,2,2,1,1,1,1,1,0,1,2,8448,1,3,28,4,2,3,3,4,2,2,3,2,1,2,3,8504,3,4,31,4,2,3,3,4,2,3,3,2,2,2,2,8450,5,5,59,2,2,4,3,2,2,2,4,3,4,3,5,8437,4,5,34,4,4,4,6,4,3,5,7,2,3,4,6,8625,3,7,66,7,6,6,6,7,5,5,4,5,3,4,5,8447,6,8,vips
2307,1463,1283,1329,1405,1398,1366,1402,1319,1341,1261,1323,1633,4439,1616,1436,763,34,28,31,44,32,31,50,33,29,28,33,165,2258,183,58,666,26,16,23,48,21,17,24,26,21,13,24,140,2373,148,43,683,19,11,14,31,18,20,21,16,13,13,22,140,2391,162,35,722,28,30,23,33,28,26,34,24,19,20,31,156,2373,246,50,727,35,22,27,40,31,25,37,29,24,24,41,140,2380,150,66,713,40,33,35,48,40,35,48,28,33,27,49,129,2462,139,58,721,35,23,29,44,32,25,36,26,21,23,31,143,2481,152,49,687,33,24,29,36,31,27,36,31,23,23,33,151,2444,153,55,704,35,32,35,47,44,37,51,37,35,21,48,151,2218,159,65,647,17,14,16,19,13,12,15,17,10,8,20,162,2264,220,30,687,38,34,39,45,39,31,51,35,31,26,38,168,2275,188,55,708,42,41,43,59,46,39,59,39,39,28,62,151,2213,269,87,699,21,8,15,27,18,16,18,12,14,14,39,157,1939,140,38,697,37,29,28,148,41,31,34,27,26,28,32,159,2228,161,58,714,7,5,9,33,11,10,13,9,6,7,22,146,2408,200,26,vips
819,481,376,452,425,442,377,397,406,385,339,374,360,1897,456,457,243,23,34,25,28,19,17,16,15,18,12,11,28,1316,35,21,189,20,16,30,31,11,14,11,14,11,6,7,17,1328,22,13,225,20,12,23,27,10,3,9,10,6,6,5,21,1280,21,11,217,23,18,13,17,13,11,10,13,12,6,11,26,1328,28,18,233,31,20,17,22,14,16,12,12,14,5,11,24,1326,32,22,192,22,22,25,22,16,10,14,13,14,6,10,21,1291,31,22,212,28,16,22,23,14,15,12,15,18,7,8,21,1288,28,24,208,23,14,22,18,12,13,13,12,16,9,13,22,1272,29,22,204,19,19,17,22,18,14,16,15,15,11,15,27,1182,36,22,178,13,4,11,13,6,6,6,7,7,4,9,23,1186,23,13,211,24,16,21,19,20,14,16,10,16,9,8,15,1190,26,19,186,23,21,21,23,20,10,12,10,14,5,13,18,1223,35,18,219,16,13,11,17,5,5,3,6,4,5,9,20,1161,20,11,235,23,16,20,18,14,13,12,14,11,8,10,17,1296,28,24,232,22,9,16,16,7,8,12,10,10,7,11,20,1287,26,12,vips
226,74,16,78,93,59,14,58,56,23,9,52,81,8775,124,123,39,4,2,4,5,4,6,16,3,3,3,4,4,8455,8,6,11,5,0,3,3,3,0,16,1,1,1,1,3,8463,6,4,44,4,2,5,6,5,3,18,2,4,2,3,4,8455,4,7,54,3,1,5,4,3,3,33,3,3,3,5,8,8476,5,7,34,5,1,4,6,2,3,18,4,2,2,3,4,8563,5,5,12,1,2,4,4,1,1,17,2,0,1,2,1,8476,10,4,19,1,0,1,8,2,1,10,5,1,2,1,3,8656,8,6,35,2,1,2,5,3,1,12,2,2,1,3,4,8471,6,6,15,1,2,2,4,1,2,13,1,1,1,1,2,8460,3,3,10,1,0,2,4,2,0,11,1,0,0,1,2,8461,4,3,31,2,1,2,5,3,1,10,2,1,1,2,2,8528,8,3,47,4,2,4,5,3,1,20,2,2,2,3,4,8467,6,5,62,4,4,3,3,3,2,13,3,2,2,4,6,8481,4,3,67,5,3,4,8,5,3,47,5,2,2,4,6,8689,10,7,67,4,2,5,6,4,2,32,6,3,4,4,5,8491,7,6,vips
185,99,16,79,62,60,26,33,46,34,5,48,75,8747,53,104,58,6,5,7,5,5,2,5,5,4,4,5,6,8648,6,8,16,1,1,3,1,2,1,0,1,0,0,2,2,8458,0,3,46,3,3,3,4,3,3,3,4,4,2,3,4,8462,3,5,39,5,4,5,4,4,2,4,5,5,1,2,3,8497,5,3,36,3,2,4,2,4,2,2,3,4,1,3,3,8572,1,7,18,3,0,2,2,2,1,1,2,2,0,1,1,8477,2,4,23,6,4,4,8,6,3,3,2,2,0,1,1,8604,9,7,28,6,3,4,3,3,3,2,3,1,1,1,3,8493,2,2,25,4,0,4,3,4,2,1,2,3,1,1,3,8461,0,4,9,3,0,2,0,2,0,1,1,1,0,1,2,8464,2,2,29,4,2,3,4,2,1,2,3,1,1,2,3,8514,3,5,43,5,2,4,4,4,2,2,4,3,2,3,4,8466,4,5,57,2,2,3,2,2,4,2,3,3,3,3,5,8469,3,4,31,3,3,5,3,3,3,4,4,4,5,4,5,8641,4,3,61,7,4,5,5,5,5,4,2,3,2,5,4,8472,2,4,vips
198,91,37,116,84,74,22,43,29,33,13,47,113,8804,134,125,45,11,3,5,6,6,4,4,7,3,3,3,19,8401,8,5,23,9,1,4,4,1,2,2,8,3,1,0,19,8472,6,5,66,11,4,5,6,5,3,2,6,5,3,3,20,8483,7,7,46,8,1,4,4,3,3,4,3,2,2,6,30,8512,5,7,43,13,3,4,8,5,1,3,4,3,2,3,20,8606,5,4,18,9,2,4,4,4,0,1,3,1,1,3,21,8486,4,4,26,8,1,4,8,4,0,3,4,1,2,2,28,8680,22,8,17,6,0,4,4,3,1,2,3,2,0,3,17,8493,6,8,22,5,1,5,4,3,1,3,2,3,2,2,19,8481,7,5,12,7,1,3,4,1,1,1,3,1,0,1,15,8473,4,6,29,7,2,4,4,3,2,3,2,2,1,2,15,8516,5,5,49,6,3,5,7,3,2,3,5,3,2,3,26,8491,15,9,51,8,2,2,5,3,3,3,4,2,2,4,13,8469,6,4,72,6,2,6,9,6,4,6,8,4,4,5,52,8649,10,11,65,7,3,6,5,4,2,5,6,3,4,3,26,8475,9,10,vips
174,75,17,101,53,54,18,24,34,28,6,27,70,8774,82,114,41,4,5,8,4,3,4,4,2,3,2,3,5,8570,5,6,13,3,1,4,2,3,0,1,0,0,0,2,2,8477,1,4,54,4,3,6,3,4,3,3,4,2,2,3,6,8472,3,6,32,5,4,4,3,7,1,3,3,3,1,1,5,8485,4,5,33,3,1,3,0,3,3,4,3,3,1,2,2,8595,5,4,13,2,0,2,2,2,1,2,1,1,0,0,1,8485,2,4,18,1,1,2,0,2,2,0,3,2,0,2,2,8734,6,2,23,3,2,2,1,4,1,1,0,1,0,2,2,8564,5,3,16,2,2,3,1,2,1,2,1,0,2,1,2,8486,1,1,7,1,0,2,0,1,0,0,2,2,0,1,2,8494,3,2,19,2,0,3,2,2,1,2,2,0,0,0,2,8508,2,4,42,6,2,6,10,6,2,3,5,6,4,5,5,8481,12,11,46,3,4,2,3,2,2,2,1,3,3,3,4,8483,3,3,46,4,6,7,6,4,3,4,6,4,3,4,7,8657,5,5,64,6,5,5,7,5,5,4,4,4,4,4,6,8484,4,6,vips
205,97,22,105,75,56,12,22,36,43,6,24,62,8804,68,104,53,5,4,4,7,6,2,3,4,5,4,4,5,8469,5,8,16,2,1,2,4,2,1,1,0,1,1,0,2,8500,4,4,61,5,2,5,5,5,3,4,2,5,3,3,5,8472,5,5,44,4,2,5,6,2,3,4,4,4,3,5,5,8503,6,4,34,3,3,5,7,4,3,1,5,3,1,1,3,8587,3,4,11,3,1,2,3,2,1,0,1,2,0,0,2,8502,3,4,16,4,2,3,5,3,1,1,1,2,0,2,1,8783,2,3,20,3,1,5,4,1,0,2,2,1,2,2,3,8611,2,4,29,4,1,5,5,4,2,0,2,4,1,1,2,8496,5,3,8,3,1,4,3,1,0,0,0,1,0,0,2,8492,2,3,17,3,1,3,5,1,0,0,2,2,1,2,1,8531,3,3,41,5,3,4,6,3,1,1,3,2,2,2,2,8498,5,4,46,2,1,3,3,3,1,2,4,1,1,3,5,8497,5,3,40,6,3,5,4,4,3,3,3,4,3,2,4,8751,7,8,58,5,3,7,4,5,2,3,5,3,2,4,4,8515,8,4,vips
227,78,15,98,61,69,27,29,21,43,8,31,62,8820,52,128,45,5,2,5,4,4,6,5,4,3,2,3,3,8537,5,5,14,3,1,4,1,2,1,1,3,2,0,1,2,8519,1,4,57,5,3,5,5,3,2,3,3,4,3,3,3,8491,6,6,38,5,4,3,4,5,3,1,3,3,2,2,3,8537,4,7,40,4,2,4,2,2,2,4,1,1,1,3,3,8599,4,6,20,2,1,4,2,2,1,2,1,2,1,2,2,8505,3,4,21,3,0,5,1,3,1,2,2,0,0,0,3,8708,1,6,15,1,0,2,3,3,2,2,1,1,0,1,1,8509,3,4,24,2,1,3,3,2,1,3,1,0,1,2,3,8478,2,6,10,1,0,2,2,2,1,0,0,1,0,1,2,8503,3,4,22,1,0,2,2,3,2,1,1,2,1,2,3,8503,2,5,38,2,1,4,8,3,3,3,1,3,1,1,4,8486,6,6,43,1,2,3,2,2,4,2,2,2,3,3,2,8491,2,3,33,4,4,5,7,7,4,4,4,4,3,5,7,8677,5,5,71,5,3,4,5,5,5,3,3,4,4,4,6,8487,4,10,vips
243,83,21,97,57,67,21,42,38,36,6,35,52,8855,70,131,46,4,5,8,5,5,2,3,2,6,2,3,6,8513,6,5,16,3,1,3,3,1,1,1,0,1,0,1,1,8490,2,5,54,3,4,6,5,3,3,4,4,3,2,2,3,8474,2,5,32,3,1,5,4,4,4,4,4,4,1,3,2,8513,4,6,41,3,2,4,7,4,4,1,2,3,1,3,4,8589,3,6,15,2,0,2,3,5,1,1,2,1,0,2,2,8494,1,4,27,3,3,2,4,2,1,3,2,3,2,2,3,8750,3,2,23,5,2,3,4,4,0,3,1,3,0,2,2,8515,3,5,25,3,2,4,4,4,2,1,1,2,0,3,2,8510,2,4,9,2,0,2,2,2,1,2,1,0,0,1,1,8508,2,3,22,4,2,3,3,2,1,2,2,3,1,2,2,8593,3,5,30,4,2,3,3,3,1,3,2,2,2,3,2,8483,5,5,51,4,3,3,4,2,1,3,3,2,3,3,6,8507,5,4,40,3,3,6,3,3,4,3,5,3,5,4,6,8690,4,8,73,5,5,6,8,7,4,5,5,6,3,6,5,8512,7,6,vips
265,100,20,111,73,48,21,28,34,39,11,53,67,8134,100,115,55,3,3,5,6,3,4,4,5,5,3,5,5,8523,6,8,16,1,1,2,2,2,1,1,1,2,1,2,1,8520,5,2,62,7,3,5,4,5,3,3,4,4,3,4,5,8502,6,6,44,5,2,5,4,3,1,4,1,2,2,3,4,8546,4,5,29,6,1,3,1,2,1,4,4,3,2,1,0,8626,6,4,16,4,2,3,2,0,0,1,1,1,1,0,1,8516,4,4,19,4,0,4,2,3,2,0,2,1,0,1,2,8760,4,5,21,2,1,5,1,1,3,1,0,0,1,1,3,8540,4,3,24,6,1,3,3,1,0,2,2,1,0,2,3,8514,5,3,10,2,1,3,2,0,0,0,1,2,0,1,2,8519,2,2,32,3,1,4,3,2,1,1,2,2,1,2,3,8584,4,3,39,5,1,4,4,2,1,1,3,3,1,3,2,8522,5,4,37,1,2,2,1,0,4,0,1,3,2,3,2,8541,2,1,55,5,3,5,6,5,5,5,5,7,3,5,6,8731,7,8,64,5,4,5,5,3,5,3,4,3,3,3,4,8586,6,6,vips
5779,387,195,202,212,212,193,190,240,192,180,197,188,1588,210,249,36,63,16,11,14,9,15,8,34,9,9,11,14,1187,14,19,14,112,3,5,2,3,0,3,23,3,3,1,2,864,3,11,19,112,3,4,3,1,1,0,26,4,3,1,3,837,2,6,30,129,4,2,4,5,4,3,30,2,3,1,3,881,3,7,24,166,0,3,3,1,3,1,27,1,1,1,2,955,0,5,11,116,2,3,2,1,1,3,22,1,1,1,0,735,2,10,15,101,2,3,2,2,1,4,21,1,1,4,1,725,4,11,20,141,3,4,3,3,4,1,29,0,2,3,3,712,2,14,16,91,1,1,1,3,1,1,23,0,1,2,1,744,2,6,8,60,3,3,3,1,3,2,25,2,1,4,0,834,7,10,17,80,3,2,3,1,2,5,25,1,1,3,1,808,3,12,14,94,3,4,4,3,2,1,31,2,2,2,3,760,3,11,26,399,20,10,22,16,8,6,42,11,9,9,13,805,12,13,27,48,2,2,4,3,3,4,34,3,3,2,2,754,3,12,32,51,2,3,3,4,4,3,42,4,7,5,2,893,3,6,vips
257,87,19,104,116,71,15,44,42,40,11,51,75,8759,139,143,47,4,4,5,14,6,4,5,4,3,3,5,5,8566,6,7,14,4,0,5,12,3,0,2,2,0,0,1,2,8507,3,5,59,4,2,5,17,4,3,4,4,3,3,4,4,8533,7,5,49,6,3,5,32,9,6,2,6,5,2,5,8,8514,20,15,42,2,3,6,19,5,0,2,3,2,2,1,6,8671,5,8,14,1,0,4,17,1,1,2,0,1,0,1,1,8510,4,5,28,3,1,4,17,3,1,4,3,2,1,1,3,8806,6,4,28,4,1,3,15,3,0,2,1,2,1,2,4,8540,5,5,26,2,1,4,15,3,2,2,2,3,2,2,3,8499,4,5,10,1,0,3,12,2,0,2,1,0,0,1,1,8495,3,5,31,3,1,3,15,3,1,1,1,2,1,2,3,8548,5,6,45,3,1,4,29,5,2,4,4,3,2,3,3,8485,16,5,56,3,3,1,13,4,3,3,2,2,3,3,5,8523,4,6,79,5,5,6,50,6,3,6,5,4,4,6,8,8749,5,9,78,7,3,6,45,8,3,6,5,5,4,6,6,8514,9,8,vips
231,99,25,95,101,59,14,27,30,32,9,47,83,8660,117,122,53,4,4,6,9,4,3,5,5,5,3,4,5,8556,9,7,17,3,2,2,3,3,1,1,1,3,0,2,2,8509,3,3,53,4,3,6,5,5,3,3,2,4,2,3,4,8514,4,5,62,7,5,9,12,4,2,2,5,4,2,4,3,8587,12,8,36,4,1,3,5,2,4,3,3,4,1,4,2,8793,4,3,11,4,1,2,4,3,1,0,2,2,0,1,2,8536,4,2,19,3,2,3,3,2,1,2,1,2,2,2,3,8857,5,3,19,3,2,3,3,3,2,2,3,1,1,2,2,8548,3,3,22,5,1,3,6,3,0,2,2,0,0,1,2,8509,4,4,11,3,0,2,4,2,0,0,0,0,0,1,2,8508,4,3,29,3,2,3,4,2,1,2,2,1,1,2,3,8622,6,4,46,3,3,4,5,3,2,3,2,2,2,3,4,8496,7,6,61,4,2,4,5,2,3,2,3,4,3,4,4,8503,5,4,64,8,5,7,11,6,5,5,5,6,4,6,8,8687,8,7,67,6,5,5,5,4,4,3,3,3,4,4,5,8513,7,7,vips
277,81,16,121,90,56,30,37,42,77,9,43,87,8808,134,130,44,5,2,6,4,7,4,4,4,15,4,3,5,8538,7,6,12,3,0,5,4,0,1,1,2,13,0,1,3,8511,5,4,68,6,3,6,8,4,4,3,6,15,3,3,7,8534,5,7,55,5,3,5,7,5,4,7,3,34,1,4,5,8574,15,7,31,4,4,5,4,4,2,1,2,19,1,2,5,8731,6,6,22,2,1,5,3,3,0,3,2,17,1,3,4,8574,4,4,25,5,0,2,4,3,1,2,0,16,1,2,4,8785,4,5,29,3,1,5,4,3,1,0,4,13,0,1,5,8571,7,5,28,1,2,4,8,1,3,1,1,13,5,2,6,8513,9,6,10,1,1,3,1,0,1,1,1,16,0,1,3,8537,5,4,27,3,1,5,3,1,2,2,2,12,1,2,3,8588,4,4,51,4,2,6,4,4,3,3,4,27,1,3,4,8503,9,5,69,2,4,3,3,4,3,4,3,11,4,5,7,8503,4,6,75,3,3,6,5,6,4,4,5,46,4,5,6,8689,7,9,72,4,2,5,6,4,3,4,4,31,3,4,6,8512,8,5,vips
269,86,16,100,82,65,14,31,34,46,9,28,76,8933,127,145,51,4,5,7,4,4,3,4,5,4,2,4,4,8567,6,9,12,2,1,3,2,2,1,1,1,1,1,0,2,8524,3,6,56,4,4,5,6,4,3,3,2,5,2,3,3,8529,7,5,50,6,2,4,5,4,2,1,4,4,3,4,5,8582,7,5,40,4,0,3,6,4,3,3,2,3,0,4,2,8724,6,7,14,3,0,2,4,1,0,0,1,1,0,0,1,8526,3,4,22,2,1,4,5,2,2,0,3,1,1,1,3,8863,4,4,21,4,1,3,4,2,2,3,2,1,2,2,2,8569,3,4,31,4,2,4,12,5,2,3,2,3,1,2,2,8521,12,10,10,2,0,2,2,3,0,1,1,1,0,0,1,8494,2,4,21,3,1,2,4,5,1,0,1,4,0,1,2,8553,5,6,44,4,2,4,5,4,2,3,3,2,2,2,3,8511,7,6,71,4,3,3,5,3,3,2,3,5,3,4,6,8507,6,5,71,7,6,7,8,7,4,6,4,6,5,7,8,8705,6,9,79,7,4,6,5,7,3,3,4,3,5,6,6,8539,8,10,vips
275,102,30,107,81,63,25,45,37,48,42,19,80,8817,179,146,57,5,3,4,8,5,4,5,3,5,15,5,5,8556,11,6,24,3,1,2,3,3,0,1,1,2,14,2,3,8514,4,5,62,5,3,4,4,3,2,4,4,2,16,2,6,8511,9,7,48,3,3,7,2,6,3,5,2,3,23,3,4,8535,14,8,37,4,2,5,4,5,1,2,3,2,18,0,4,8736,7,5,18,2,2,4,3,3,1,1,2,1,18,2,3,8522,6,5,28,4,2,4,2,3,1,4,2,4,14,0,4,8871,12,6,26,3,2,2,3,2,1,2,2,3,11,1,3,8565,6,5,32,4,2,5,5,1,2,1,3,4,18,1,4,8526,19,6,12,2,1,3,5,1,0,0,1,2,10,4,3,8523,8,5,16,4,2,4,4,2,1,2,1,0,14,1,4,8555,6,6,47,4,3,5,6,2,2,3,2,3,25,3,3,8487,14,5,78,3,4,4,4,3,4,3,4,3,12,3,6,8507,4,5,95,7,4,7,7,6,5,5,5,7,55,5,7,8770,9,8,81,6,5,7,7,5,6,7,5,7,33,4,5,8575,6,6,vips
267,112,30,157,98,61,21,33,42,36,23,29,79,8732,202,172,59,5,4,19,5,4,5,3,6,6,4,3,8,8563,17,16,19,3,1,19,4,2,2,2,2,2,0,0,2,8506,16,14,72,5,2,17,18,7,5,4,2,6,4,2,11,8510,65,28,53,7,4,32,7,6,4,3,3,3,4,2,7,8536,33,34,34,5,3,13,7,2,2,2,1,2,2,3,3,8623,15,16,15,4,0,15,2,2,2,2,1,1,0,0,2,8537,18,16,21,4,2,16,5,3,0,0,2,0,1,2,2,8805,19,14,25,2,0,12,4,3,2,1,2,1,2,1,3,8581,14,14,21,4,0,16,2,3,0,3,1,1,0,2,3,8513,18,15,17,3,2,36,14,2,1,2,1,1,0,0,7,8518,44,17,19,3,1,12,3,0,1,0,1,1,1,2,3,8543,18,14,44,6,2,30,4,3,2,3,3,2,2,3,5,8531,29,32,74,4,4,14,5,3,3,4,3,3,3,5,6,8513,20,13,94,6,6,42,10,6,3,6,6,5,6,5,9,8686,65,70,76,6,4,37,9,4,4,3,4,4,4,5,8,8497,34,38,vips
711,349,264,364,346,319,270,273,304,285,242,281,331,8481,380,567,93,5,5,8,8,5,3,5,4,3,3,5,5,6794,7,54,56,3,1,3,5,4,1,0,0,0,0,2,3,6843,5,54,100,5,5,7,10,3,3,3,4,3,2,4,5,6812,13,60,103,6,2,6,8,4,2,2,5,3,3,3,5,6908,9,76,80,4,2,6,5,4,2,4,2,3,2,1,5,7020,7,86,50,3,0,4,5,4,1,1,2,1,0,1,3,6781,4,47,50,3,3,2,3,2,3,1,2,3,0,0,3,6989,2,48,76,6,3,3,4,3,0,3,2,3,1,2,5,6793,5,70,53,3,2,5,4,4,3,1,3,1,1,0,4,6755,4,58,52,2,1,2,6,3,1,0,2,1,0,1,2,6833,7,64,58,3,1,4,3,3,1,1,2,1,1,2,3,6830,4,65,87,6,3,5,4,6,3,2,5,4,2,3,5,6756,6,81,202,15,18,11,15,14,15,16,15,14,11,13,20,6757,20,244,117,8,6,8,16,7,6,5,6,6,6,7,20,6934,12,77,162,10,5,7,20,13,5,6,9,7,4,7,23,6898,21,98,vips
1716,1332,1315,4971,1318,1597,1310,1332,2637,1211,1214,1211,1945,5431,3398,1402,214,12,46,1707,47,156,55,54,672,37,43,38,439,3836,1090,18,146,6,35,1735,37,171,50,40,795,44,46,34,519,3711,1224,14,225,58,79,1794,102,315,108,79,923,45,57,38,575,3632,1626,67,170,11,48,2200,56,287,75,64,1138,52,47,36,653,3178,1668,20,193,27,58,2213,108,214,89,76,1127,51,52,34,672,3527,1504,32,137,12,40,1598,45,142,55,60,675,44,47,31,406,3056,1036,19,144,11,40,1595,53,147,60,62,717,43,50,35,401,3024,1046,16,131,25,62,1759,97,267,78,97,837,48,62,40,594,3384,1398,24,115,11,34,1608,38,123,56,52,697,31,36,28,369,2906,1030,21,87,12,39,1918,45,152,72,58,763,46,46,36,433,3862,1244,16,108,12,43,1820,50,130,64,53,694,42,39,30,374,2878,1114,13,124,23,66,1887,73,230,71,76,901,49,53,40,447,2920,1346,28,213,156,186,2579,203,379,221,227,1127,176,177,124,751,2980,1743,84,204,65,86,2168,109,261,71,72,1063,49,78,41,629,3390,1199,26,248,13,60,2170,67,201,77,84,883,59,57,42,529,3388,1326,21,vips
5752,1865,1696,4057,1836,4215,2426,1651,3850,1697,1631,1687,4000,3001,4668,3914,1144,62,21,1412,26,1227,340,15,969,39,23,32,1139,1124,1441,1020,1113,66,6,1376,11,1478,375,2,1230,33,4,26,1276,1079,1636,1150,1361,218,45,1397,79,1611,494,20,1241,45,31,32,1414,1059,1982,1460,1561,72,11,1457,18,2034,524,12,1497,63,22,80,1716,1036,2135,1714,1494,161,44,1680,122,1868,530,22,1718,63,22,44,1881,1244,2225,1863,1135,71,21,1191,44,1220,321,11,1006,75,14,27,945,883,1598,1021,1099,67,7,1178,12,1100,349,5,887,59,8,30,822,881,1464,939,1237,122,39,1601,103,1596,373,37,1091,42,22,38,1641,1141,1940,1466,1042,50,11,1269,20,1185,322,7,981,31,10,36,1093,864,1588,1080,1094,40,5,1480,14,1395,362,7,1237,33,8,33,1274,1118,1957,1193,1099,55,6,1248,20,1328,326,10,1093,31,11,16,1048,934,1916,1200,1356,125,47,1654,98,1726,476,22,1386,59,26,79,1227,1019,2101,1544,1320,141,65,1399,97,1598,541,73,1407,104,86,108,1418,931,2000,1408,1543,96,40,1499,75,1594,485,18,1426,81,60,79,1560,1123,1869,1403,1582,84,40,1761,80,1870,549,18,1429,67,52,112,1697,1138,2188,1431,vips
4023,1866,2150,3397,1979,2951,3438,2778,2928,3295,1686,1704,2731,1764,4698,3061,1462,26,187,741,45,455,744,479,679,674,27,40,504,12,1471,494,1630,37,250,867,63,673,1015,608,825,912,27,31,636,14,1722,633,1743,45,290,861,76,583,1080,583,786,959,41,44,517,24,1957,714,2014,23,308,1038,41,698,1391,836,818,1262,55,40,730,16,1957,761,1918,63,275,995,83,794,1210,691,903,1171,35,33,714,11,1926,805,1530,49,283,836,124,434,716,548,731,840,43,35,515,24,1594,531,1421,37,283,732,59,411,813,492,707,742,38,29,431,17,1540,486,1741,51,275,875,58,520,1018,545,801,900,27,25,598,13,1812,655,1582,46,220,855,70,550,928,573,721,673,18,18,518,12,1840,610,1448,15,179,856,34,627,813,505,850,817,20,44,637,9,1718,697,1356,14,148,745,27,759,747,483,739,758,31,16,627,11,1494,775,1592,43,286,858,66,622,1069,621,726,843,34,34,516,25,1842,768,1619,57,251,820,95,539,1014,623,748,858,76,80,545,55,1604,654,1919,73,455,931,112,689,1208,771,1007,1226,83,39,683,37,1721,770,2006,49,352,1048,65,670,1179,729,802,1192,55,48,658,15,1916,691,vips
314,211,164,173,168,194,163,160,169,163,158,166,170,820,182,201,42,6,5,4,5,6,1,4,1,5,4,5,6,317,5,5,22,3,0,4,4,1,2,2,4,1,2,0,2,314,3,1,16,4,3,3,4,1,2,5,1,2,4,2,2,306,3,5,19,5,0,2,2,4,1,0,3,2,2,1,2,310,1,1,35,6,2,4,2,7,5,3,3,5,3,4,3,305,2,2,14,3,0,0,1,0,1,3,0,0,3,1,1,302,1,1,16,6,2,3,2,2,1,1,8,3,3,1,1,304,2,2,21,2,0,1,2,2,1,5,5,4,2,1,0,308,2,3,18,4,0,2,2,4,1,1,4,4,3,1,1,309,1,0,14,4,2,2,2,5,2,1,5,3,4,4,4,309,2,3,18,4,1,1,2,4,1,0,4,2,3,0,5,295,2,1,23,7,0,1,2,3,1,1,5,2,2,1,1,312,3,3,25,3,2,2,5,4,0,1,6,1,2,2,3,319,4,7,31,5,3,4,2,4,2,2,6,2,4,2,3,306,4,4,37,4,3,1,0,1,2,1,3,0,2,2,4,328,2,4,vips
7556,3660,6042,5162,6076,5716,5701,5531,5724,5306,5057,4293,5229,3430,7080,4994,2414,22,1214,822,1079,1205,861,962,982,876,718,512,1088,22,1502,843,2721,68,1371,1054,1448,1535,1404,1434,1386,1508,1050,627,1382,53,2121,996,2574,91,1442,797,1363,1374,1256,1200,1357,1179,923,607,1241,41,1990,974,3047,61,2057,1125,1905,1608,1717,1767,1899,1587,1272,951,1500,22,2577,1170,2779,79,1802,1036,1776,1604,1399,1421,1514,1581,1101,719,1529,19,2090,1275,2467,90,1406,878,1195,1206,904,901,1178,1010,762,454,1050,24,1663,822,2486,76,1317,897,1270,1158,984,741,1102,979,804,540,976,21,1652,795,2562,64,1620,978,1534,1428,1152,1396,1171,1305,936,583,1319,17,2275,1014,2447,67,1429,911,1310,1234,1034,1153,1100,855,805,492,1143,20,2014,903,2670,52,1423,1052,1419,1456,1290,1290,1222,1192,795,574,1343,15,2293,1186,2659,29,1283,1087,1096,1343,1204,1049,1047,983,803,448,1117,23,2299,1105,2518,69,1464,939,1292,1346,1197,1158,1159,1094,842,654,1121,38,2177,1005,2551,106,1483,912,1248,1257,1244,1242,1283,1112,885,629,1108,92,1960,867,2692,94,1687,953,1532,1483,1375,1268,1577,1315,1178,744,1260,60,1897,1070,2922,47,1632,1047,1531,1434,1368,1319,1400,1363,1101,754,1345,16,2249,1023,vips
9339,4336,5714,6833,6246,6239,7254,5632,5687,5636,6059,5833,5893,4196,6953,6266,3093,33,675,1592,828,933,1669,760,806,885,885,964,851,31,1485,989,3257,80,820,1839,967,1263,2032,1015,1053,1189,1301,1148,1169,58,1738,1384,3234,96,782,1687,991,1164,2165,893,867,1001,1127,1130,1031,46,1722,1362,3546,84,1147,1978,1334,1405,2682,1152,1176,1282,1575,1737,1514,37,1928,1810,3554,115,1016,2040,1369,1333,2656,1086,1133,1414,1326,1399,1376,37,1933,1782,3040,82,787,1892,893,1024,1689,745,878,963,937,1073,946,42,1558,1220,3032,86,710,1732,763,886,1732,632,819,877,894,827,787,30,1529,955,3247,65,890,1802,1099,1140,2183,840,937,1112,1120,1284,1314,23,1843,1553,3011,64,764,1640,900,976,1979,782,867,822,925,986,939,34,1599,1127,3321,78,1197,1978,1289,1287,2253,1178,1152,1244,1026,1162,1213,36,2177,1500,3143,89,1046,1987,1128,1276,2030,1063,1227,1134,1023,957,973,65,2075,1241,3281,89,907,1901,1125,1127,2310,883,997,991,1180,1136,973,58,1847,1445,3207,99,868,1833,939,1087,1977,865,980,970,1056,1120,990,97,1650,1211,3300,82,984,1674,966,1083,2229,892,979,1108,1149,1142,1120,58,1817,1328,3605,78,1038,2073,1293,1456,2417,1049,1232,1330,1493,1460,1319,50,2180,1384,vips
9633,4662,5850,5990,5895,5647,7431,5515,5495,5633,5463,5241,5374,4213,8325,5671,2891,76,968,1056,1079,628,1583,1018,959,989,833,754,757,27,2201,714,3063,185,1143,1270,1251,972,2364,1385,1199,1409,1098,1030,991,93,2924,1007,3036,233,1105,1194,1177,716,2191,1295,995,1125,880,801,755,67,2755,839,3296,173,1349,1363,1421,981,2872,1483,1308,1514,1135,1281,1045,62,3137,1145,3191,182,1312,1315,1520,1039,2471,1338,1275,1483,986,936,984,62,2945,1097,2846,207,1199,1288,1253,823,1552,1069,1098,1320,895,791,857,89,2706,885,2613,152,953,1156,1096,672,1701,799,1002,951,881,785,743,58,2393,692,2892,166,1211,1210,1268,720,2413,1234,1084,1197,921,956,872,59,3129,1015,2716,172,1005,1222,1102,716,2058,1051,1007,871,835,788,726,77,2542,865,2834,164,1149,1277,1473,941,2096,1290,1239,1121,1061,1049,992,61,2884,1038,2800,158,1092,1291,1200,1057,1885,1065,1262,948,1014,992,1012,87,2816,1126,2889,153,1108,1172,1051,750,2312,1190,1096,969,838,864,770,61,2694,859,2995,106,1016,1200,993,697,2002,1104,1131,1028,871,849,758,72,2480,799,3206,241,1389,1265,1402,941,2584,1335,1496,1323,1156,1022,983,85,2671,1002,3396,163,1275,1343,1325,948,2436,1190,1340,1410,1074,1090,989,68,3116,1068,vips
10724,5205,7181,6787,6857,7973,8021,6657,7166,6303,6861,6408,7420,4939,8898,6476,3347,40,913,906,931,1554,1644,875,1764,915,1173,1177,1818,27,2120,862,3666,127,1181,1162,1428,1930,2143,1239,1977,1317,1682,1408,2023,83,2639,1141,3486,112,1132,911,1146,1695,2023,1069,1936,1058,1524,1347,1822,64,2431,943,3784,112,1684,1193,1563,2033,2407,1430,2169,1437,1931,1720,2156,54,2765,1192,3815,132,1316,1177,1521,2177,2376,1268,2180,1381,1688,1474,2568,53,2576,1198,3255,127,1014,1011,990,1791,1566,861,1844,1010,1280,1112,1897,40,2227,916,3290,110,922,1211,914,1799,1701,732,1948,994,1249,1052,1787,49,2295,901,3313,105,1299,1232,1298,1764,2100,1148,1924,1175,1652,1410,2018,49,2911,1046,3108,109,1037,926,1050,1668,1861,977,1745,870,1192,1091,1738,50,2343,913,3450,117,1341,1226,1458,2055,2419,1231,2154,1242,1341,1526,2226,54,2923,1248,3491,111,1109,1217,1033,2101,2047,1035,2173,1142,1380,1061,2130,73,2837,1395,3351,111,1210,1033,987,2044,2168,1014,1944,987,1369,1193,1859,55,2497,1024,3390,45,1063,946,917,1713,1949,1002,2018,1035,1175,1213,1802,29,2505,937,3574,150,1323,1064,1148,1861,2209,1077,2385,1192,1568,1413,1969,78,2468,1007,3808,95,1396,1137,1274,1859,2282,1158,2097,1342,1568,1437,2101,44,2874,1186,vips
12063,5715,6900,7215,6996,7061,7861,7002,6644,6823,7030,6849,6498,5553,7764,7739,4603,37,851,737,844,716,1497,921,871,1013,1008,989,819,71,1389,1775,4788,98,971,888,983,923,1895,1091,1064,1207,1255,1207,956,92,1725,1886,4725,155,957,754,931,877,1832,986,990,1103,1126,1138,913,143,1624,1866,4764,101,1074,1022,1079,991,2082,1083,1094,1153,1333,1495,1016,81,1762,2033,5006,114,1035,902,1044,1045,1966,1029,1034,1302,1214,1281,1000,96,1783,2195,4617,113,919,865,932,868,1421,931,941,1164,1093,1164,888,77,1535,1961,4535,102,806,1220,815,756,1428,853,872,1010,976,925,759,80,1392,1896,4599,84,979,1075,875,833,1806,931,930,1125,1147,1160,923,74,1580,1893,4376,101,854,751,829,753,1662,885,838,1024,994,970,815,71,1491,1735,4639,107,1115,995,1137,960,1847,1090,967,1179,1087,1139,1022,84,1674,2031,4667,106,1101,1032,1147,1072,1797,1107,1003,1213,1143,886,971,93,1784,2135,4490,92,942,817,870,800,1798,967,896,1054,1080,1084,893,124,1546,1901,4769,55,940,776,850,850,1694,939,955,1087,1030,1053,914,84,1618,1916,4777,97,1042,858,920,817,1874,970,1115,1167,1152,1242,935,140,1604,1949,4964,93,1162,948,1002,832,1964,995,897,1275,1255,1291,930,116,1693,2047,vips
16705,8963,11584,11707,11981,11305,11722,11618,10665,10804,12051,11396,10819,9670,12421,10603,5587,39,1932,1502,2194,1498,1730,1981,1608,1581,2376,2109,1595,755,2552,1125,5867,141,2133,1678,2636,1723,2117,2351,1784,1867,2785,2377,1732,810,2885,1356,5929,174,2095,1632,2502,1744,2068,2309,1754,1756,2658,2291,1704,837,2789,1327,5928,154,2288,1744,2424,1785,2157,2359,1735,1832,2666,2352,1796,810,2774,1459,6189,137,2235,1718,2585,1873,2027,2336,1816,1892,2723,2309,1952,823,2849,1394,5655,153,2141,1697,2429,1611,1674,2090,1764,1739,2549,2328,1583,757,2764,1441,5675,137,2175,1578,2497,1688,1740,2063,2383,1968,2657,2370,1992,793,2966,1477,5617,116,1985,1787,2389,2036,2091,1904,2662,1612,2608,2233,1886,789,3264,1413,5480,145,1951,1563,2247,1630,1904,2394,1636,1561,2475,2119,1601,813,2699,1185,5612,159,2073,1658,2555,1715,1919,2167,1748,1787,2635,2333,1668,853,3186,1257,5608,136,2109,1518,2448,1680,1840,2195,1621,1662,2631,2275,1612,784,2852,1358,5739,148,2057,1721,2368,2065,2020,2056,1757,1658,2515,2214,1678,945,2721,1228,5717,96,2144,1585,2472,1675,1866,2180,1740,1747,2603,2261,1750,802,2817,1284,5816,197,2199,1722,2472,1756,2114,2071,1802,1797,3009,2335,1721,1031,2770,1315,5898,130,2206,1856,2558,1634,2080,2165,1687,1817,2801,2436,1681,1009,2873,1214,vips
16538,8978,11183,11266,10912,11060,13387,10849,11386,10172,10369,10039,10631,10871,10642,11051,5898,23,1520,1218,1515,1626,3309,1731,2749,1432,1168,1129,1651,1685,1141,1731,5977,141,1756,1565,2020,1833,3795,2200,2871,1690,1519,1356,1799,1832,1473,1862,6108,117,1765,1386,1763,1884,3844,1945,2879,1599,1413,1315,1804,1921,1422,1930,6030,152,2206,1773,1805,1832,3908,1717,3058,1747,1608,1526,1852,1936,1536,1947,6171,129,2081,1757,1880,1910,4268,1730,3019,1934,1591,1334,1904,1850,1476,1982,5790,130,2025,1398,1579,1638,3636,1754,3090,1561,1392,1161,1624,1630,1735,1750,6249,101,1741,1274,1827,1600,3650,1665,2884,1426,1533,1180,1549,1697,1926,1743,6114,91,2275,1597,2034,1758,3689,1885,2972,1728,1567,1329,1872,1815,1604,1992,5616,91,2063,1379,1536,1617,3510,1644,2842,1549,1244,1121,1601,1702,1282,1749,5823,150,2052,1492,1842,1844,3839,1842,2952,1725,1414,1278,1893,1995,1555,1934,5754,135,1860,1396,1639,1722,3802,1843,2840,1710,1390,1301,1681,1811,1557,1858,5965,110,1645,1559,1540,1706,3737,1669,2929,1700,1340,1183,1727,1858,1287,1933,5907,86,1715,1458,1576,1724,3827,1657,2865,1758,1362,1362,1663,1734,1324,1751,6127,145,1877,1444,1589,1772,3803,1718,2949,1717,1505,1367,1764,1875,1384,1872,6204,93,1849,1631,1691,1807,4205,1819,2949,1644,1497,1252,1846,1908,1345,1958,vips
16818,8384,9674,10633,10052,10915,10579,9885,9992,9598,9770,9821,10274,10699,9651,10794,6918,35,798,1329,958,2077,1451,1375,1258,1384,905,1088,2081,2118,870,2478,6987,162,919,1617,1127,2160,1906,1533,1389,1563,1314,1242,2128,2261,1212,2424,7178,91,970,1404,1100,2168,1790,1482,1404,1499,1034,1186,2055,2271,1023,2508,7271,183,1144,1636,1318,2328,2314,1535,1674,1664,1353,1627,2212,2466,1387,2666,7306,148,1076,1795,1271,2367,2155,1523,1547,1698,1200,1291,2550,2644,1230,2738,6874,124,887,1534,1017,2146,1639,1267,1588,1422,940,1154,1973,2181,897,2507,6961,105,834,1480,1036,2240,1581,1183,1618,1375,899,1440,2036,2233,826,2492,6986,166,1021,1484,1250,2266,1850,1532,1632,1594,1111,1945,2245,2326,1288,2605,6851,112,846,1450,1035,2152,1781,1313,1301,1354,968,1083,2005,2197,961,2482,6936,142,1168,1651,1474,2373,1975,1584,1426,1606,1108,1213,2269,2374,1368,2645,6885,143,1056,1692,1318,2276,1902,1446,1465,1436,1014,1009,2092,2271,1242,2630,7013,165,1016,1659,1067,2654,1907,1466,1403,1479,989,1185,2142,2572,1098,2576,7068,135,1013,1577,1093,2380,1973,1397,1435,1493,1069,1252,2344,2286,1033,2561,7030,185,1211,1613,1199,2173,1925,1422,1498,1575,1249,1381,2114,2305,1000,2647,7162,121,1088,1716,1319,2256,1938,1452,1428,1626,1059,1291,2179,2282,1107,2550,vips
11823,6400,7840,8332,8141,7922,8079,8455,7827,8387,7806,7401,7374,7688,7878,7732,4136,30,1052,1539,1126,838,1432,2136,1086,2183,1052,1115,901,959,1141,975,4182,101,1216,1653,1455,1066,1862,2297,1219,2344,1262,1208,1174,1146,1267,1160,4315,123,1297,1580,1317,1023,1732,2318,1190,2436,1188,1168,1052,1211,1277,1122,4490,132,1707,1714,1654,1155,2056,2367,1442,2545,1473,1307,1253,1309,1546,1431,4678,164,1460,1732,1571,1164,1924,2404,1400,2639,1271,1341,1340,1287,1339,1358,4215,106,1130,1612,1163,998,1536,2317,1118,2299,1035,1054,983,1023,1133,1199,4060,81,1066,1532,989,1203,1659,2315,1100,2370,1089,1092,1036,1355,1066,1164,4295,125,1463,1632,1490,1243,1932,2335,1209,2437,1228,1346,1366,1494,1398,1355,4026,89,1069,1517,1073,974,1560,2314,1089,2320,1039,1070,934,1051,1083,1052,4137,107,1260,1586,1318,1066,1743,2329,1293,2408,1170,1206,1080,1169,1395,1265,4031,123,1126,1594,1125,1018,1680,2355,1247,2310,1047,1059,973,1101,1256,1172,4192,126,1339,1674,1301,1039,1788,2280,1199,2374,1159,1198,972,1086,1288,1214,4233,152,1326,1649,1219,1281,1854,2301,1186,2443,1178,1165,1111,1083,1243,1160,4243,124,1405,1555,1258,1054,1803,2229,1273,2263,1315,1241,1111,1088,1196,1114,4515,133,1465,1746,1552,1136,1846,2274,1322,2403,1454,1268,1181,1276,1404,1221,vips
13645,7173,8607,9013,8665,9246,10043,8810,8733,8469,8395,8229,8495,8664,8549,8438,4441,15,945,1372,920,1134,1745,1300,1131,1252,1067,1154,1151,1124,1012,1069,4517,126,1175,1505,1098,1373,2286,1434,1302,1504,1177,1235,1345,1290,1210,1206,4574,168,1104,1571,1068,1345,2458,1483,1333,1532,1060,1214,1315,1451,1128,1300,4611,146,1272,1634,1291,1420,3704,1633,1609,1584,1173,1615,1386,1404,1310,1256,4886,223,1329,1774,1413,1650,5022,1763,1609,1684,1225,1443,1751,1474,1252,1469,4363,182,1136,1591,1191,1293,3422,1388,1331,2030,1104,1272,1224,1150,1045,1155,4337,226,1039,1745,1077,1243,2844,1553,1218,2370,1090,1154,1168,1266,1058,1154,4452,177,1241,1996,1216,1438,2949,1925,1417,1705,1107,1509,1426,1322,1342,1278,4293,224,1149,1690,1057,1315,2372,1487,1290,1351,1023,1137,1290,1282,1125,1220,4502,160,1177,1604,1242,1489,2274,1488,1356,1415,1132,1252,1402,1479,1301,1428,4401,182,1317,1501,1279,1494,2035,1388,1338,1289,1270,1120,1262,1376,1474,1484,4471,201,1229,1688,1091,1435,2367,1475,1317,1388,1107,1270,1270,1401,1189,1385,4467,193,1220,1545,1139,1490,2314,1554,1473,1468,1160,1314,1334,1298,1154,1245,4569,148,1194,1584,1055,1334,2255,1406,1439,1442,1069,1261,1270,1292,1078,1245,4669,187,1371,1760,1225,1451,2484,1487,1481,1577,1277,1472,1457,1577,1331,1379,vips
253,185,159,182,193,183,165,162,171,169,147,173,171,803,197,189,27,2,8,2,4,4,2,1,5,2,5,13,3,320,4,6,17,3,4,5,4,6,3,3,7,4,3,52,4,303,12,5,28,3,0,1,6,4,1,1,3,2,2,14,5,294,3,5,30,1,2,1,1,4,2,2,12,2,3,23,2,299,5,5,26,2,2,1,4,1,2,3,8,2,3,15,2,297,5,5,15,2,0,2,3,2,0,3,1,2,1,13,3,288,2,4,13,2,2,1,2,2,2,0,7,2,2,13,1,293,3,3,17,1,1,1,3,2,0,2,8,2,1,15,3,299,4,13,19,0,2,2,4,0,1,1,12,0,4,14,3,304,3,5,6,5,1,1,4,2,1,2,8,3,2,11,5,309,2,4,6,2,0,3,1,1,1,0,12,1,1,5,5,292,5,7,20,3,2,1,3,3,2,0,11,2,2,17,4,309,5,5,24,5,3,2,3,4,5,1,13,3,2,9,1,310,4,2,33,2,2,3,5,3,2,3,11,4,2,39,6,294,4,8,26,3,0,4,3,3,2,2,17,2,4,24,2,304,3,2,vips
12903,6298,8201,8166,8647,8435,8905,7668,7271,7497,7874,6788,7547,7651,8268,7843,4109,20,1287,1345,1765,934,1690,1206,1085,1183,1453,943,984,933,1407,887,4376,143,1522,1550,2005,1289,2068,1521,1217,1556,1814,932,1209,1208,1665,1098,4313,111,1399,1385,1726,1153,2135,1477,1020,1317,1473,768,1062,1268,1425,1105,4656,122,1789,1555,2054,1508,2480,1664,1259,1720,1724,1051,1390,1457,1699,1412,4885,164,1678,1627,2205,1421,2528,1683,1431,1803,1595,874,1354,1262,1653,1455,4050,121,1460,1404,1883,1153,1658,1185,1088,1405,1497,751,986,1046,1386,998,3943,144,1425,1432,1790,965,1865,1000,993,1249,1470,786,930,931,1332,932,4461,125,1525,1579,1801,1207,2355,1500,1096,1580,1456,951,1233,1133,1630,1301,4053,163,1377,1499,1720,1168,2239,1326,1079,1156,1368,771,1002,1094,1404,1066,4188,162,1802,1621,2347,1333,2465,1493,1282,1534,1595,1015,1258,1286,2267,1238,3932,112,1616,1473,1989,1399,1957,1289,1271,1206,1616,998,1118,1223,1887,1136,4206,140,1499,1569,1772,1115,2545,1390,1112,1242,1437,874,993,1150,1511,1219,4292,140,1597,1492,1933,1185,2158,1430,1167,1324,1504,868,1117,1120,1453,1220,4461,133,1720,1411,1903,1134,2173,1312,1211,1444,1564,853,1107,1129,1425,1137,4800,138,1884,1701,2102,1472,2398,1443,1390,1689,1829,1092,1345,1394,1758,1239,vips
21541,11430,13175,13840,12603,14626,13983,13932,13357,13342,12912,13200,13423,13835,13072,13333,7795,43,1690,2470,1393,2330,2082,2317,2303,2095,1711,2106,2064,2375,1701,2056,7812,233,1792,2574,1600,2546,2313,2577,2487,2222,2102,2312,2218,2590,1882,2199,7745,201,1786,2461,1525,2524,2248,2307,2337,2082,1847,2243,2136,2528,1856,2059,7601,198,1879,2555,1646,2563,2311,2272,2412,2161,2083,2290,2211,2566,1854,2111,7984,254,1935,2645,1608,2767,2439,2448,2500,2304,1883,2361,2392,2801,1853,2290,7778,252,1832,2624,1640,2573,2167,2347,2477,2264,1791,2312,2180,2560,1780,2216,7696,242,1797,2539,1553,2480,2126,2234,2360,2361,1795,2366,2199,2610,1792,2052,7351,202,1743,2530,1613,2402,2270,2219,2242,2157,1848,2205,2096,2425,1798,1979,7363,261,1714,2556,1529,2479,2378,2431,2202,2040,1780,2167,2045,2455,1722,2010,7515,243,2030,2576,1652,2570,2242,2284,2381,2180,1853,2282,2130,2524,1945,2119,7473,189,1748,2587,1533,2492,2162,2319,2313,2091,1796,2232,2133,2449,1786,2141,7544,239,1798,2594,1546,2486,2263,2311,2314,2105,1762,2225,2104,2538,1689,2240,7713,274,1873,2582,1580,2909,2342,2344,2319,2214,1863,2290,2288,2503,1813,2219,7756,198,1876,2506,1590,2565,2248,2282,2387,2148,1817,2360,2160,2575,1697,2157,7804,250,1901,2606,1585,2734,2586,2376,2573,2279,1881,2450,2397,2715,1793,2287,vips
18216,10362,12559,12156,12826,12069,12731,12407,12193,12387,12481,12019,11963,11899,12713,12107,6809,32,1819,1417,1451,1383,1784,1627,1789,1766,1811,1759,1436,1443,1785,1376,7125,257,1930,1585,1633,1587,2069,1958,2346,2027,2414,1904,1639,1655,2055,1557,7016,171,1879,1578,1527,1725,2064,1845,2085,1925,1907,1859,1543,1694,1886,1538,6820,206,2009,1583,1674,1892,2236,1904,2346,2073,2171,1930,1846,1803,2039,1769,6772,255,2081,1658,1821,1901,2316,1959,2245,2227,1987,1966,2198,1900,1932,1700,6644,264,2357,1604,1631,1782,1982,1827,2311,2119,2083,1905,1828,1825,1956,1606,6621,275,2290,1892,2617,1635,2071,1818,2255,2008,2406,2130,1546,1753,2503,1622,6642,223,2123,1703,2488,1643,1995,1766,2126,1975,2182,2220,1630,1660,2542,1760,6511,294,1964,1562,1680,1646,2140,1788,1994,1930,2024,1989,1637,1600,1973,1687,6554,215,2075,1544,1809,1530,2084,1806,1962,1952,1955,1816,1535,1568,2150,1583,6500,158,1856,1484,1425,1434,1904,1817,1886,1879,1842,1803,1470,1443,1852,1547,6634,188,1956,1634,1614,1603,2102,1797,2014,1862,1949,1980,1543,1589,1943,1805,6657,256,1958,1522,1577,1903,2089,1945,2032,2078,2010,1954,1704,1656,1932,1781,6733,195,2061,1571,1683,1494,2041,1739,2034,1941,2076,1886,1533,1566,1911,1607,6736,154,1889,1606,1611,1507,2310,1812,1909,2008,1918,1897,1628,1571,1942,1646,vips
21617,12690,14578,15339,13877,15318,14428,14256,14535,13838,14373,14452,13754,13731,14634,14852,8526,35,2097,3006,1293,2698,1768,1663,2037,1380,2106,2326,1169,1118,2258,2263,8548,241,2252,3077,1423,2871,1940,1640,2851,1602,2818,2507,1357,1317,2433,2395,8448,116,2150,3062,1337,2781,1907,1501,2125,1442,2140,2381,1252,1167,2289,2372,8464,138,2190,3103,1345,2813,2049,1535,2152,1511,2219,2448,1315,1195,2350,2376,8601,151,2279,3145,1423,2878,2026,1580,2293,1845,2285,2448,1320,1216,2408,2446,8430,155,2269,3131,1323,2809,2045,1398,2234,1727,2230,2512,1214,1195,2323,2429,8467,191,2296,3132,1411,2906,2366,1468,2301,2006,2328,2471,1291,1228,2398,2452,8562,223,2482,3120,1428,2955,2234,1690,2388,1617,2376,2616,1381,1307,3154,2478,8498,177,2210,3117,1409,2860,1940,1638,2226,1510,2267,2484,1266,1209,2345,2404,8440,179,2673,3125,1452,2886,1915,1576,2297,1567,2298,2530,1294,1269,2465,2491,8258,132,2214,3079,1340,2782,1844,1618,2161,1551,2257,2388,1250,1096,2390,2346,8497,184,2359,3185,1430,2911,2079,1843,2268,1741,2244,2534,1321,1285,2477,2549,8512,178,2351,3132,1479,3014,2047,1830,2267,1645,2295,2505,1397,1268,2400,2437,8514,171,2300,3075,1392,2823,1950,2043,2439,1648,2277,2539,1321,1277,2364,2448,8687,197,2354,3088,1440,2905,2036,1895,2260,1659,2306,2517,1491,1298,2439,2513,vips
12718,7114,7281,8714,7864,8278,10302,10059,7344,9789,7197,7231,7610,7672,7306,8839,4950,20,216,1339,640,931,3131,2938,240,2797,229,261,578,621,235,1407,5042,97,277,1319,718,971,3256,3101,284,2880,313,333,721,681,316,1529,5054,86,286,1461,701,967,3247,3027,277,2840,291,317,695,704,311,1574,5106,67,297,1367,691,1014,3316,2998,306,2860,290,365,687,688,326,1568,5211,97,312,1405,731,1043,3391,3021,337,2915,322,349,762,675,330,1702,5023,88,283,1659,718,1009,3281,3338,306,2895,299,325,647,666,278,1555,5098,101,294,1520,687,1004,3587,3116,306,2956,297,348,651,650,301,1586,5110,88,295,1487,725,979,3325,3105,286,2891,302,339,761,653,341,1590,4948,85,277,1282,709,987,3294,3149,272,2844,286,303,673,657,300,1502,4967,99,299,1334,745,996,3374,3075,332,2938,306,348,674,671,337,1596,4964,91,292,1303,690,1032,3319,3017,300,2834,319,330,605,647,325,1586,5024,66,298,1501,736,991,3335,3039,312,2872,286,319,663,665,301,1599,4999,67,275,1279,691,992,3294,2959,294,2850,286,310,667,649,284,1544,5094,91,311,1319,702,956,3242,2959,288,2857,289,345,669,684,285,1581,5331,108,306,1480,749,997,3381,2990,307,2870,327,347,700,742,319,1583,vips
20420,12150,13755,15295,14534,13796,13885,14064,13576,13725,13537,13521,14579,14606,13776,14016,7313,33,1610,3113,2086,1564,1354,1371,1589,1362,1558,1541,2429,2408,1614,1386,7401,169,1747,3220,2268,1702,1489,1801,1945,1489,1881,1692,2637,2652,1773,1452,7500,148,1754,3135,2231,1719,1719,1938,1774,1499,1749,1706,2530,2560,1690,1459,7406,157,1723,3233,2223,1721,1626,1998,1779,1478,1758,1699,2672,2831,1710,1474,7536,182,2007,3286,2423,1711,1738,1986,1798,1529,1958,1718,2694,2641,1723,1644,7650,246,1851,3313,2418,1931,1712,2479,1786,1797,1874,1899,2705,2605,1714,2076,8209,257,2055,3305,2353,2098,2002,2029,2049,2069,2012,2011,2838,2667,2112,2356,7684,157,1938,3189,2294,1815,1669,1747,1879,1759,1909,1843,2706,2652,2056,1630,7387,228,1670,3214,2205,1703,1618,1646,1712,1455,1691,1686,2603,2522,1733,1584,7320,181,1759,3259,2400,1874,1525,1485,1713,1440,1763,1707,2653,2674,1819,1463,7317,181,1695,3164,2284,1705,1489,1453,1885,1411,1669,1651,2569,2561,1675,1409,7456,179,1769,3392,2290,1747,1517,1534,1809,1488,1794,1750,2701,2698,1758,1523,7399,185,1716,3132,2410,1711,1453,1485,1753,1444,1679,1680,2684,2586,1706,1480,7481,203,1741,3152,2287,1741,1478,1486,1725,1495,1979,1968,2546,2557,1742,1518,7916,245,1753,3339,2390,1757,1696,1711,1768,1642,1766,1751,2619,2669,1768,1562,vips
26225,15565,17740,16814,17305,17938,18309,18191,18002,18413,17643,17754,17122,17154,18051,18730,10476,39,2356,1301,1893,2369,2916,2874,2668,3075,2423,2752,1715,1778,2560,2870,10417,156,2476,1408,2009,2558,3083,3075,2843,3217,2584,2904,1815,1921,2729,3024,10413,143,2474,1415,1960,2485,3118,2963,2749,3218,2532,2864,1767,1882,2628,2913,10434,166,2566,1559,1952,2570,3154,3039,2841,3235,2638,2885,1854,1958,2701,3041,10559,193,2646,1611,2013,2617,3118,3026,2842,3216,2820,2977,1881,1946,2767,3040,10434,199,2561,1474,2127,2591,3137,3286,2897,3397,2640,2969,2074,2372,2759,3071,10577,224,2631,1577,2379,2661,3631,3089,2932,3313,2705,3024,2566,2912,2837,3239,10538,208,2639,1658,2112,2636,3149,3048,2937,3280,2749,3353,2153,2214,2898,3047,10516,218,2533,1512,2050,2576,3303,3073,2852,3300,2619,2887,1838,1951,2724,3052,10361,205,2628,1471,2024,2769,3144,3076,2896,3291,2660,2993,1822,1924,2931,3080,10339,204,2519,1507,1963,2595,3134,3104,3228,3193,2673,2842,1756,1845,2785,2958,10510,194,2608,1591,2030,2580,3104,3035,2870,3321,2619,2896,1902,1929,2710,3038,10404,191,2509,1482,2012,2535,3103,2972,2851,3299,2616,2892,1831,1923,2741,2975,10447,209,2575,1373,2068,2607,3139,3039,2913,3216,2655,3145,1829,1987,2665,3029,10833,230,2630,1453,2026,2602,3257,3209,2872,3257,2672,3002,1862,1902,2743,3113,vips
17432,10563,11647,13646,12938,12199,12597,11915,11615,11501,11981,11400,13127,12895,11964,11833,6408,29,920,2930,2443,1533,1554,1162,939,1095,1578,993,2663,2456,1281,1162,6498,139,1042,2952,2519,1585,1768,1302,1334,1293,1655,1099,2680,2614,1420,1222,6530,63,1078,3009,2434,1589,1770,1216,1068,1168,1619,1004,2675,2491,1139,1160,6504,97,1195,2960,2496,1638,1990,1343,1157,1231,1653,1081,2761,2631,1229,1302,6695,166,1370,3209,2627,1642,1879,1419,1217,1333,2487,1199,2821,2622,1269,1404,6636,195,1411,3173,2682,1673,1731,1528,1387,1356,1643,1309,2914,2739,1334,1368,6840,183,1159,3200,2645,1770,1989,1619,1410,1309,1746,1266,2909,2638,1218,1665,6984,177,1293,3046,2635,1795,2174,1661,1473,1574,1858,1564,2859,2703,1368,1523,6449,200,1091,3119,2543,1690,1902,1396,1272,1849,1712,1643,2799,2634,1235,1396,6431,152,1096,3077,2553,1889,1862,1427,1304,1697,1697,1605,2784,2630,1457,1291,6419,191,1124,3022,2608,1722,1952,1525,1426,1874,1643,1612,2769,2696,1255,1373,6545,84,1138,3138,2484,1838,2026,1405,1458,1629,1692,1246,2755,2575,1174,1283,6422,97,1089,2933,2543,1764,1970,1429,1422,1334,1717,1128,2782,2589,1162,1234,6540,168,1187,3100,2495,1709,2149,1434,1334,1289,1876,1122,2836,2550,1339,1234,6551,110,1122,3092,2542,1603,2059,1475,1133,1446,1744,1100,2788,2563,1290,1212,vips
23537,13776,14787,15205,14887,16454,15675,16291,16270,16408,16391,16013,15110,14876,16619,16510,9280,34,978,1462,1120,2700,1652,2572,2453,2777,2865,2542,1470,1310,2701,2703,9265,164,1045,1569,1272,2761,1762,2634,2656,2788,2918,2670,1548,1434,2778,2808,9361,119,1040,1483,1252,2787,1756,2586,2616,2798,2871,2658,1470,1411,2666,2785,9368,166,1128,1595,1268,2847,1814,2641,2669,2884,3037,2723,1541,1416,2723,2886,9400,160,1060,1597,1237,2808,1773,2651,2705,2843,3647,2724,1554,1410,2721,2855,9356,211,1100,1706,1378,2858,1800,2677,2753,2859,3047,2786,1684,1438,2835,2864,9571,252,1169,1864,1642,3026,1866,2778,2871,3109,3178,2898,1942,1775,2848,3270,9492,212,1208,1734,1410,2870,1892,2835,2817,3099,3105,3139,1766,1881,2931,3008,9389,215,1119,1537,1269,2938,1850,2687,2758,3002,3103,2914,1610,1482,2897,3261,9361,164,1064,1579,1276,3416,1787,2766,2692,2920,3039,2772,1583,1383,2836,2933,9225,208,1114,1524,1247,2893,1805,2686,2836,3174,3072,2749,1474,1412,2823,2853,9338,156,1124,1590,1278,2855,1839,2708,2722,2907,2985,2780,1577,1395,2798,2901,9249,171,1088,1573,1231,2817,1789,2670,2668,2889,2971,2702,1582,1394,2810,2834,9414,159,1122,1552,1263,2868,1860,2616,2667,2935,2935,2767,1558,1454,2753,2868,9493,233,1163,1530,1352,2927,1901,2841,2779,3182,3035,2873,1601,1496,2869,2959,vips
13194,7876,7689,11267,7756,9675,10063,8929,8843,8830,9179,8698,7668,7781,8896,8977,5177,23,20,3493,26,1746,2362,1148,1143,1291,1660,1112,42,49,1118,1250,5160,58,49,3382,52,1749,2389,1239,1213,1353,1770,1219,78,81,1171,1299,5282,61,70,3450,72,1837,2425,1225,1216,1335,1787,1287,86,101,1173,1317,5255,86,90,3535,91,1836,2477,1295,1283,1381,1835,1326,108,124,1226,1411,5366,131,113,3593,137,1892,2524,1332,1276,1417,2412,1281,160,173,1280,1382,5174,66,72,3499,76,1937,2486,1313,1244,1303,1743,1249,86,103,1230,1323,5233,81,93,3512,95,2175,2512,1308,1246,1375,2109,1277,107,116,1895,1356,5302,113,111,3562,102,1998,2540,1364,1301,1387,2145,1574,132,137,1777,1423,5147,109,118,3529,109,1833,2432,1277,1214,1336,1753,1223,128,137,1247,1291,5117,88,89,3505,102,1819,2489,1321,1246,1310,1742,1218,124,138,1201,1285,5105,94,105,3448,104,1777,2405,1275,1216,1313,1698,1186,120,125,1161,1293,5240,82,91,3478,102,1900,2474,1287,1276,1345,1816,1267,120,122,1252,1332,5208,99,88,3502,107,1811,2445,1266,1281,1351,1775,1229,117,126,1230,1334,5255,130,134,3503,142,1855,2483,1276,1385,1342,1776,1253,193,183,1236,1325,5215,101,123,3446,116,1789,2490,1230,1223,1332,1714,1208,139,163,1200,1277,vips
5260,630,296,341,333,321,303,318,311,297,285,293,293,3613,386,393,79,131,18,12,17,8,11,10,15,9,7,13,16,2782,30,25,35,180,1,2,2,1,2,1,4,1,3,1,0,2648,3,4,50,145,3,5,6,5,5,3,6,4,5,3,3,2586,5,4,61,197,2,5,1,4,1,4,3,1,3,4,3,2733,2,6,47,189,1,3,2,5,5,1,4,2,1,1,3,2682,2,5,35,139,2,2,1,1,2,3,3,0,3,0,2,2274,3,2,39,126,2,5,4,4,2,4,4,3,3,3,4,2310,4,4,46,177,2,6,6,3,3,2,5,4,4,1,3,2017,5,3,29,121,1,1,2,3,1,2,5,0,4,1,1,2079,2,3,30,103,3,5,2,2,2,3,5,2,2,4,1,2634,3,3,51,120,3,0,5,2,1,4,1,2,3,3,4,2486,19,12,43,160,2,4,3,3,3,5,8,2,2,1,2,2227,1,4,61,393,18,9,19,15,4,4,11,8,9,7,15,2168,13,9,98,144,4,5,4,4,4,4,5,2,4,2,4,2264,6,7,93,128,5,2,6,4,2,3,4,3,2,2,5,2586,5,6,vips
21318,12894,14788,14337,15196,15597,15231,14668,14710,14528,15219,14243,15330,15278,14393,14653,7868,33,2011,1490,2422,2697,2001,1416,1423,1375,2747,1370,2583,2578,1528,1353,8015,80,2077,1483,2496,2755,2150,1699,1430,1460,2925,1316,2653,2609,1552,1628,8435,119,2094,1564,2469,2779,2136,2141,1483,1722,2922,1409,2576,2558,1642,2029,8407,77,2122,1617,2413,2732,2070,1936,1499,1750,2874,1436,2707,2660,1626,1881,8288,169,2208,2144,2533,2896,2202,2042,1831,2031,3391,1746,2687,2685,1617,1810,7781,136,2190,2311,2463,2822,2137,1716,1727,1685,2909,1805,2722,2673,1563,1618,8209,189,2201,2167,2589,2943,2271,1797,2025,2055,3033,2049,2756,2692,1756,1922,7937,236,2296,1960,2627,2946,2178,1795,1670,2262,2975,1875,2731,2805,1839,1749,7935,238,2247,1846,2633,2966,2133,1636,1648,1586,3003,1594,2743,2793,1714,1928,7628,151,2128,1851,2586,3127,2059,1508,1533,1503,2983,1435,2679,2718,1624,1659,7734,207,2158,1745,2577,2861,2168,1569,1667,1610,2961,1461,2671,2689,1668,1917,7774,93,2153,1710,2595,2757,2074,1449,1528,1464,2878,1452,2625,2900,1630,1471,7632,98,2082,1616,2510,2820,2128,1417,1480,1401,2783,1411,2960,2634,1579,1429,7842,152,2138,1528,2499,2725,2129,1513,1567,1485,2849,1448,2643,2627,1633,1450,8069,223,2296,1642,2588,2917,2207,1630,1750,1688,2990,1712,2697,2824,1738,1509,vips
21904,12521,13755,15322,13574,14273,14231,15011,14856,14802,13955,14654,13706,13894,15246,15006,8893,34,1438,2893,1170,1704,1403,2599,2548,2504,1685,2514,1278,1336,2683,2517,8879,100,1540,2821,1246,1741,1528,2711,2560,2569,1773,2617,1337,1461,2793,2593,8927,121,1458,2968,1326,1852,1495,2685,2629,2621,1837,2620,1388,1592,2790,2630,8853,138,1600,2948,1654,1855,1519,2696,2625,2613,1862,2652,1862,2285,2784,2641,8977,147,1667,3020,2232,2023,1584,2771,2691,2700,2092,2655,1964,2067,2762,2701,8871,157,1646,2983,2075,2253,1536,2713,2681,2576,1840,2717,2129,1674,2740,2646,9143,164,1640,3097,1733,2581,1571,2842,2823,2761,2007,2881,2337,1652,2870,2733,8911,170,1692,3012,1539,2530,1585,3062,2793,2911,2326,2823,2090,1749,2857,2759,8861,168,1494,2955,1372,2233,1484,2800,2723,2583,2094,2741,1775,1652,2689,2724,8845,157,1577,3034,1446,2546,1572,2818,2748,2690,2223,2712,1750,1597,2817,2726,8821,136,1471,2911,1335,1823,1461,2788,2733,2692,2421,2653,1484,1536,2823,2629,8936,155,1604,3121,1462,1939,1522,2741,2657,2657,2630,2709,1501,1881,2828,2649,8900,179,1502,2936,1485,1888,1550,2694,2640,2708,2509,2652,1582,1622,2698,2658,8956,137,1547,2990,1333,1806,1509,2682,2686,2596,2016,2708,1454,1424,2714,2604,8965,146,1476,2967,1329,1848,1548,2741,2795,2705,1866,2763,1504,1514,2737,2697,vips
11518,7195,9903,8342,7139,9994,7398,7862,7622,7582,9626,7603,7101,7238,7751,12639,4229,20,2718,1135,38,2779,303,653,530,588,2630,575,23,52,494,3332,4202,75,2710,1172,94,2809,357,696,676,689,2648,673,89,72,555,3953,4205,83,2809,1187,96,2849,624,683,673,672,2682,683,87,147,584,4565,4250,104,2820,1245,134,2883,838,754,715,718,2786,706,118,191,584,3410,4245,108,2852,1263,147,2943,628,752,676,696,3069,727,144,164,638,3488,4219,112,2897,1485,156,2890,571,798,717,772,2695,790,127,178,628,2121,4451,166,2936,1641,157,2939,461,1394,1560,960,2849,1243,167,191,783,2052,4341,125,2992,1342,127,2905,416,1168,1222,886,2756,992,137,152,876,2824,4234,130,2835,1222,141,2901,388,789,781,709,2701,709,152,180,962,2089,4283,115,2824,1262,151,3329,456,770,653,656,2777,681,146,169,1211,2736,4546,119,2823,1230,113,2849,914,765,652,658,2666,674,119,164,1299,3773,4734,117,2855,1286,172,2934,1196,823,716,742,2727,745,136,150,1131,2963,4631,128,2788,1302,179,2893,1386,831,673,728,2685,695,160,160,1056,3553,4528,128,2839,1233,185,2926,1260,836,646,707,2811,719,141,184,891,4262,4364,139,2946,1224,162,2959,937,793,661,672,2784,703,146,216,669,3898,vips
11309,6942,8144,7721,7840,7793,7480,7397,7406,7272,7721,7227,7636,7702,7480,11026,3974,13,1046,457,754,883,672,437,502,510,850,453,538,571,514,2760,4099,80,1143,472,774,965,747,487,516,507,922,484,589,629,477,3480,4305,86,1194,536,828,958,745,519,557,575,1034,527,596,602,557,3784,4154,67,1217,509,903,966,804,518,588,570,941,508,800,650,622,2955,4107,145,1483,560,927,976,788,560,641,609,987,575,687,720,584,3265,3862,61,1096,456,761,957,639,464,520,483,985,510,570,600,475,1977,4258,113,1351,554,829,1463,683,539,562,614,1187,568,596,640,592,2304,4076,72,1602,533,915,1474,771,583,575,608,1088,819,669,652,657,3141,3975,77,1127,509,810,921,692,536,824,520,922,520,615,654,557,2034,4055,166,1230,799,878,1338,763,581,637,618,954,587,712,776,568,2552,3962,100,1157,518,773,932,699,781,525,546,875,531,584,580,565,3268,4094,77,1205,515,937,990,756,543,572,598,1026,527,641,859,569,2694,4084,89,1151,509,857,957,795,535,560,578,934,524,892,660,569,3075,4108,78,1165,507,789,919,753,520,586,561,880,530,645,682,516,3666,4116,91,1178,558,854,946,706,524,569,585,900,537,689,691,558,3293,vips
28306,15910,18432,18803,18240,18665,18483,18619,16515,18483,18393,18198,18032,18174,18385,18460,10643,41,2593,2906,2330,2623,2680,2819,675,2586,2648,2647,2368,2477,2410,2422,11207,234,2803,3058,2535,3021,2861,3016,915,2783,2835,2870,2526,2672,2501,2626,12153,227,2824,3014,2538,2906,2828,3116,884,2805,2927,2823,2529,2655,2560,2618,10767,186,2810,3009,2490,2847,2868,2998,842,2888,2903,2871,2581,2698,2553,2612,11080,251,3037,3142,2580,2915,2870,3187,916,2883,2879,2926,2575,2742,2534,2635,9567,181,2804,3028,2523,2843,2827,2964,818,2814,2753,2840,2525,2654,2527,2606,9409,226,2855,3218,2546,2928,2940,3121,869,2863,2981,2980,2589,2729,2620,2668,10263,216,2887,3063,2606,2841,2961,3104,925,2852,2915,3005,2643,2654,2675,2759,9942,193,2734,3016,2616,2864,2896,3042,861,2851,2949,2961,2582,2683,2638,2567,9921,249,2795,3271,2636,3087,2910,3145,914,2887,2923,2968,2606,2742,2628,2637,10901,199,2810,3066,2542,2870,2877,3091,850,2812,2891,2872,2515,2711,2559,2562,10202,200,2851,2982,2615,2866,2937,3087,842,2835,2885,2929,2539,2779,2607,2680,10995,183,2736,2998,2496,2756,2853,2918,811,2758,2860,2821,2522,2636,2520,2576,11968,155,2731,2917,2488,2735,2769,2907,814,2718,2777,2825,2458,2576,2491,2558,11204,180,2782,2992,2583,2852,2878,2966,858,2881,2918,2906,2484,2697,2590,2620,vips
18079,9466,10663,10789,11760,11329,9489,10718,9327,10644,10828,10634,10801,10633,9532,11391,7617,26,1220,1363,2494,1681,257,1292,27,1468,1498,1496,1427,1169,286,1997,7849,190,1380,1519,2181,1926,444,1549,196,2122,1787,1648,1598,1395,427,2132,8663,199,1426,1532,2082,1825,425,1691,216,2128,1677,1726,1602,1451,444,2109,7502,115,1422,1673,1675,1698,348,1693,108,1603,1564,1869,1766,2015,352,2100,7900,196,1486,2077,1618,1688,431,2286,207,1709,1622,1689,1676,2102,447,2142,6406,161,1366,2128,1601,1640,375,2502,154,1674,1526,1708,1533,1394,444,2227,6469,197,1479,2064,1677,1773,434,2493,202,1858,1636,1990,1561,1489,450,2323,6993,33,1413,1886,1540,1704,270,2099,29,1718,1543,2090,1494,1347,296,2307,6783,158,1387,1962,1602,1763,419,1891,164,1637,1646,2061,1610,1352,408,2349,6785,225,1573,1798,1974,1900,448,1599,202,1965,1659,1808,1627,1437,466,2519,7707,154,1579,1641,1543,1811,371,1448,169,1482,1618,1664,1482,1309,393,2398,7124,124,1680,1626,1543,2025,346,1429,110,1898,1756,1698,1568,1406,357,2231,7786,151,1533,1626,1555,2005,376,1475,140,1517,1676,1623,1537,1309,376,2188,8634,96,1319,1424,1494,1922,323,1348,95,1464,1674,1516,1468,1244,342,2130,7996,179,1386,1479,1733,2038,413,1437,184,1548,1676,1605,1573,1385,421,2092,vips
15911,8341,8202,8308,11427,11404,8247,8273,8224,11535,11278,11358,11754,8203,8300,8337,7349,29,28,27,2976,2965,22,30,25,3164,2963,3023,3375,31,21,27,7357,142,145,156,3027,3071,151,143,148,3261,3075,3154,3512,125,142,145,7460,150,148,164,3133,3029,181,163,161,3231,3058,3235,3530,144,162,157,7563,170,179,133,3127,3121,168,140,160,3323,3205,3424,3540,168,158,123,7598,152,147,149,3110,3074,157,162,153,3402,3203,3237,3479,131,138,144,7391,56,59,63,3028,2970,53,63,56,3119,3013,3118,3348,51,58,57,7575,138,141,167,3175,3167,162,159,155,3390,3212,3279,3594,125,136,144,7403,30,23,24,3057,3001,19,28,23,3162,3034,3160,3424,29,24,25,7602,189,201,212,3149,3176,203,204,159,3305,3351,3311,3589,187,196,191,7467,208,200,193,3488,3176,199,188,190,3610,3175,3279,3502,182,193,199,7524,150,146,130,3134,3144,158,145,161,3344,3190,3232,3435,150,136,127,7678,159,147,164,3200,3130,144,148,144,3434,3215,3317,3499,130,142,154,7386,125,120,144,3156,3063,140,132,128,3264,3060,3151,3394,115,134,123,7368,53,54,51,3042,2958,46,54,55,3189,3037,3113,3315,57,52,58,7546,163,165,176,3224,3121,171,174,172,3328,3156,3329,3491,160,178,184,vips
16150,9497,10658,11059,10860,10841,9947,10874,10932,10738,10627,10777,10319,10726,10277,10706,6041,28,1118,1191,1313,1366,667,1138,1394,1399,1273,1357,795,1236,654,1088,6089,41,1140,1190,1343,1332,685,1165,1472,1435,1352,1421,809,1208,707,1058,6235,57,1206,1242,1400,1433,741,1236,1514,1429,1415,1484,846,1257,780,1146,6619,183,1314,1363,1555,1572,864,1313,1616,1502,1500,1818,1031,1394,869,1240,6984,210,1291,1352,1766,1575,831,1292,1634,1640,1770,1551,1003,1436,845,1291,6708,38,1152,1144,1378,1350,680,1082,1447,1406,1375,1478,789,1128,802,1060,6561,54,1217,1215,1864,1665,731,1138,1425,1855,1604,1729,801,1249,681,1143,6616,43,1246,1248,1963,1593,749,1190,1488,1608,1554,1590,885,1271,736,1156,6558,219,1337,1347,1476,1580,839,1298,1666,1584,1647,1512,971,1430,867,1291,6540,187,1337,1319,1592,1602,848,1287,1611,1846,1458,1546,988,1414,862,1249,6432,205,1329,1321,1598,1486,794,1348,1635,1503,1457,1525,970,1371,807,1273,6607,216,1433,1421,1545,1630,890,1361,1665,1637,1525,1629,1021,1471,890,1318,6119,50,1196,1235,1305,1353,660,1170,1472,1390,1304,1402,855,1254,688,1105,6211,46,1195,1261,1349,1368,693,1144,1429,1398,1309,1459,842,1219,706,1180,6225,69,1276,1311,1317,1340,663,1218,1508,1371,1340,1439,854,1387,719,1190,vips
20969,13420,16060,15535,16059,16005,15128,13071,15147,15975,15779,16345,15370,16094,15196,15434,7361,24,2613,2106,2726,2608,2013,38,1986,2880,2661,3320,2094,2870,1955,2066,7374,98,2704,2227,2818,2691,2225,119,2200,2926,2747,3563,2306,3224,2158,2243,7375,115,2707,2205,2786,2722,2549,105,2069,2904,2757,3475,2229,2924,2115,2572,7411,161,2757,2332,2895,2768,3261,179,2105,3031,2900,3529,2082,2916,2149,2244,7418,160,2795,2284,2941,2768,3052,165,2224,3107,2994,3640,1984,3002,2242,2268,7266,141,2859,2264,2849,2748,2518,170,2239,2982,2818,3530,1970,2984,2497,2241,7245,100,2763,2294,2854,2720,2445,94,2269,3035,2833,3555,2071,3017,1938,2214,7264,77,2747,2237,2879,2700,2132,92,2212,2971,2807,3578,1963,2966,2122,2195,7261,135,2707,2236,2843,2778,2109,146,2288,2999,2853,3488,1959,2994,2096,2193,7262,157,2802,2300,2928,2835,2096,152,2275,3192,2898,3484,2184,3057,2045,2220,7199,133,2673,2257,2858,2779,1974,155,2160,2956,2816,3476,2265,2951,1869,2218,7342,122,2747,2279,2847,2776,2109,139,2043,2962,2822,3479,2809,2980,2002,2234,7243,114,2896,2201,2849,2713,1994,120,2104,2960,2790,3447,2890,2941,1917,2240,7357,118,2716,2180,2794,2678,2031,149,2091,2948,2798,3389,2644,3044,1950,2189,7369,97,3001,2486,2872,2734,1976,108,2205,2964,2757,3558,2396,3067,1870,2211,vips
17095,10575,11084,12419,11788,13124,13447,11519,11135,11615,11717,11576,13711,11124,13495,12386,6235,30,484,1804,1408,2368,2848,1108,661,1364,1573,1371,3087,589,2848,1933,6317,142,566,1893,1502,1649,3019,1204,831,1498,1760,1771,3173,721,3011,1903,6335,148,634,1884,1664,1523,3067,1198,780,1646,1745,2120,3144,726,3019,2490,6297,169,682,2085,1551,1525,3138,1248,797,2451,1554,2249,3168,826,3104,2078,6350,146,598,1960,1613,1488,3148,1180,767,2521,1780,1580,3184,726,3202,2026,6342,255,694,2061,1709,1551,3122,1255,911,2513,1569,1594,3511,786,3824,2027,6233,60,518,1795,1451,1506,3106,1101,700,1673,1465,1468,3200,630,3164,1944,6151,71,556,1943,1486,1591,3136,1150,718,1507,1540,1490,3242,681,3045,2022,6247,167,619,1965,1806,1555,3012,1257,830,1443,1526,1503,3234,723,2994,2018,6223,142,616,1921,1597,1677,3143,1236,802,1701,1456,1502,3201,751,3124,1952,6197,165,625,1863,1603,1467,3051,1219,786,1389,1445,1483,3137,704,3067,1943,6418,238,733,2075,1705,1672,3278,1390,875,1610,1676,1612,3286,814,3309,2146,6254,106,607,1864,1407,1462,2890,1205,748,1423,1417,1432,3095,717,2942,1987,6456,245,702,2037,1460,1591,3572,1341,874,1508,1587,1536,3575,813,3113,2033,6302,125,585,1988,1385,1776,2987,1217,747,1409,1456,1403,3317,762,3067,1950,vips
970,885,813,845,829,855,801,817,810,812,785,804,814,4598,876,894,69,16,7,7,9,8,2,4,5,3,4,5,5,1739,9,9,25,15,1,5,3,3,2,2,4,2,2,2,3,1740,6,6,47,11,3,5,4,3,1,4,4,3,1,2,3,1738,3,7,35,17,2,2,2,5,2,1,13,3,2,0,1,1780,4,4,54,11,2,4,2,4,4,3,8,3,5,4,3,1793,7,7,25,11,2,0,2,3,1,4,3,2,1,2,1,1681,5,6,30,11,2,2,3,2,2,1,8,2,2,2,1,1802,3,4,24,15,1,3,3,4,1,2,6,3,1,3,3,1958,4,15,28,17,1,5,1,3,2,2,7,4,5,2,2,1740,5,4,12,13,2,2,3,3,3,3,8,3,3,4,3,1754,5,6,21,9,0,5,7,2,2,2,7,2,2,0,5,1766,6,5,30,14,2,3,2,3,1,0,12,1,2,1,2,1766,5,5,60,13,5,3,1,1,3,2,11,2,3,2,4,1747,7,7,67,13,5,5,5,4,3,5,12,5,4,4,5,1775,5,11,68,15,3,4,5,5,5,3,20,2,6,5,3,1835,7,6,vips
25273,14684,16261,17740,17648,17218,16155,16100,15774,17122,16819,17288,17007,16453,16398,17493,10121,39,1768,2741,3109,2657,1863,1564,1389,2771,2555,3164,2573,1879,1760,2502,10039,114,1749,2790,3198,2749,1891,1708,1883,2871,2646,3353,2678,1885,1791,2665,10416,159,1857,2795,3197,2737,1932,1699,2298,2895,2663,3322,2656,1912,1811,2977,10081,143,1854,2901,3315,2783,2352,1771,2084,2956,2741,3413,2730,1976,1853,2653,10230,132,1811,2826,3256,2760,3667,1725,1876,2926,2667,3432,2797,2045,1928,2645,10154,189,1887,2784,3330,2822,3951,1854,1686,2929,2657,3338,2838,2412,2833,2662,10323,120,2624,2811,3246,2725,2386,1689,1533,2877,2645,3357,2705,2330,2814,2667,10153,102,2772,2801,3313,2775,2008,1768,1612,2928,2644,3348,2684,1981,2552,2644,10140,133,1829,2799,3249,2769,1978,1676,1519,2890,2690,3323,2678,1910,2114,2648,10121,138,1764,2863,3256,2796,1941,1764,1467,2955,2658,3325,2694,1930,2248,2615,9968,137,1772,2788,3277,2812,1848,1689,1426,2908,2631,3361,2710,1805,2087,2600,10104,149,1902,2824,3345,2821,1956,1721,1539,2946,2655,3375,2779,2033,2138,2612,10070,140,1856,2786,3276,2747,1928,1717,1369,2936,2617,3328,2619,1987,2036,2632,10211,172,1841,2736,3282,2754,2057,1764,1435,2931,2673,3373,2707,2014,2037,2561,10600,173,1848,3549,3251,2784,1913,1708,1437,2950,2692,3474,2687,1993,1906,2706,vips
20376,12499,14997,14312,13765,14090,14909,14428,15291,13661,13617,13554,13955,15176,15025,14828,7495,32,2487,1699,1264,1523,2544,1992,3018,1262,1396,1308,1409,2567,2577,1822,7560,88,2598,1759,1381,1640,2561,2070,3077,1337,1514,1433,1480,2763,2648,2027,7914,188,2773,1789,1472,1795,2693,2155,3165,1425,1654,1605,1603,2766,2711,2294,8554,204,2696,1830,1448,1745,2791,2240,3256,1476,1637,1644,1666,2892,2792,2064,8691,200,2741,1825,1362,1721,2782,2128,3203,1415,1925,1516,1604,2845,2857,1944,7760,149,2621,1832,1344,1614,2694,2069,3190,1388,1450,2111,1541,2793,3235,1619,7635,78,2667,1778,1333,1546,2711,2057,3096,1345,1519,2695,1714,2714,2707,1591,7565,66,2622,1913,1351,1506,2697,2122,3115,1420,1611,2254,2037,2603,2638,1647,7470,189,2650,2257,1687,1575,2607,2164,3159,1516,1457,1860,1753,2767,2710,1781,7672,186,2747,2447,1579,1672,2769,2178,3080,1734,1553,1949,1544,2859,2883,1884,7375,179,2670,2168,1745,1584,2703,2117,3146,1672,1569,1886,1487,2660,2687,1987,7627,135,2688,2047,1982,1607,2660,2172,3113,1716,1662,1793,1559,2751,2754,2132,7430,112,2709,1844,1931,1656,2694,2042,3075,1471,1589,1578,1472,2700,2798,1857,7535,136,2633,1935,1791,1666,2925,2117,3089,1398,1529,1643,1478,2734,2706,1988,7662,231,2756,2329,1749,1877,2797,2189,3319,1439,1690,1753,1710,2959,2749,2141,vips
23235,13490,15182,15954,14544,16503,14788,15801,14524,16131,15878,16550,14640,15325,15155,14702,9210,32,1790,2489,1073,2757,1413,2444,1251,2810,2497,3449,1281,1865,1640,981,9244,132,1807,2604,1150,2929,1549,2605,1359,2890,2635,3544,1395,1985,1731,1072,9284,128,1834,2626,1130,2951,1529,2557,1345,2838,2603,3469,1388,1926,1711,1081,9273,156,1894,2694,1221,2944,1534,2644,1442,2932,2706,3535,1582,2042,1736,1239,9404,151,1862,2714,1196,2971,1522,2523,1392,2984,2900,3596,1867,2004,1757,1134,9238,143,2161,2636,1173,2916,1449,2625,1374,2878,2654,3501,1869,2063,1987,1118,9199,91,2368,2721,1101,2938,1886,2633,1490,2910,2677,3554,1658,2180,2302,1025,9217,141,2031,2662,1156,2946,1965,2643,1572,2935,2648,3639,1841,2219,2346,1163,9214,142,1770,2591,1157,2947,1488,2414,1331,2920,2674,3550,1519,1985,1653,1093,9458,158,1848,2699,1190,3135,1527,2533,1324,2981,2760,3603,1561,2083,1756,1108,9073,102,1765,2594,1094,2913,1403,2518,1265,2867,2646,3446,1301,1844,1649,1082,9278,103,1884,2657,1173,2867,1533,2512,1416,2830,2637,3437,1447,2005,1734,1097,9248,173,2218,2642,1225,2920,1510,2427,1362,2971,2667,3544,1375,2023,1695,1126,9234,160,1876,2592,1237,2904,1731,2481,1317,2924,2674,3533,1355,2095,1809,1167,9430,161,1887,2685,1354,2956,1553,2550,1314,2954,2668,3600,1424,2080,1824,1176,vips
20389,12440,15189,13799,15528,14019,12916,13141,15325,13368,13439,13630,15342,15594,15371,16433,7405,26,2682,1079,2896,1011,691,595,3024,1062,2237,1515,2989,2944,2709,2850,7646,127,2921,1266,3395,1129,801,784,3220,1276,2269,1665,3131,3470,2880,3974,7467,99,2793,1272,2923,1523,765,782,3088,1215,1494,1660,3039,3088,2862,3577,7322,197,3313,1328,2952,2454,898,898,3264,1392,1462,1824,3132,3574,2856,3259,7418,144,2974,1295,3177,2356,833,833,3227,1682,1401,1926,3082,3321,2949,3143,7091,129,2942,1237,2886,2004,764,809,3252,1255,1392,2268,3069,3175,2918,2331,7233,108,2860,1406,3123,1625,807,1202,3120,1268,1464,2200,3107,3246,2882,2296,7217,103,2760,1748,3010,1339,767,1250,3211,1226,1484,2276,3203,3041,2832,2671,7123,112,2746,1194,2992,1179,800,745,3137,1192,1327,1875,3087,3135,2843,2286,7680,145,2912,1260,3063,1266,815,741,3171,1291,1402,1762,3095,3210,2911,2617,7003,93,2803,1104,2991,1050,727,691,3161,1268,1311,1698,3017,3215,2831,3131,7263,91,2829,1197,2979,1128,760,827,3244,1372,1394,1725,3074,3124,2814,2705,7244,190,3157,1196,3367,1173,835,792,3206,1327,1362,1751,3073,3116,2859,3125,7295,106,2798,1199,3031,1074,789,782,3127,1201,1392,1584,2991,3069,2774,3580,7255,149,3093,1221,3366,1092,840,860,3290,1191,1393,1607,3114,3350,2800,3257,vips
26071,14990,16359,15949,18119,17821,17619,17056,16269,17244,17631,17294,16227,16447,16456,19257,10455,33,1570,920,3347,2808,2930,2370,1637,2674,3139,2627,1439,1566,1329,2832,10500,246,1677,1073,3357,2964,3008,2590,2023,2795,3358,2770,1668,2115,1514,4569,10549,169,1713,1033,3302,2968,3140,2462,1777,2707,3259,2757,1591,1760,1601,4066,10581,274,2016,1078,3517,3040,3261,2600,1657,2845,3568,2816,1673,2526,1716,3152,10770,211,2139,1048,3353,2998,3075,2509,1460,3098,3288,2838,1563,2638,1520,3246,10282,149,1869,934,3615,2852,3024,2390,1450,2689,3284,2773,1339,2230,1442,1760,10540,160,2107,995,3445,2962,3060,2464,1518,2750,3309,2831,1357,2164,1469,1685,10585,254,2300,1134,3519,3076,3250,2624,1715,2901,3417,2983,1954,2236,1619,2534,10416,204,2256,1016,3385,3257,3063,2484,1512,2822,3327,2897,1390,2065,1401,1746,10280,157,2550,1022,3632,2956,3054,2480,1622,2826,3352,2860,1357,1947,1385,2146,10395,154,2556,946,3409,3012,3120,2463,1597,2835,3307,2813,1308,1757,1401,3319,10577,221,2547,1073,3407,2966,3158,2577,1893,2822,3281,2822,1546,2002,1582,2562,10359,249,2082,1082,3437,2967,3039,2554,1882,2830,3291,2739,1647,1909,1511,3227,10675,208,1704,1137,3381,3000,3072,2479,1852,2817,3341,2832,1654,1869,1531,4070,10650,180,1711,1093,3425,3004,3058,2543,1772,2833,3253,2911,1633,1915,1568,3323,vips
20487,12398,14945,14851,13806,13844,13648,13961,15321,13555,13336,13352,14170,15278,13916,13856,7561,32,2660,2389,1345,1395,1365,1453,2970,1479,1271,1367,1964,2891,1568,1077,7563,127,2773,2601,1538,1556,1531,1542,3216,1650,1445,1541,2044,3372,1600,1595,7588,90,2778,2469,1511,1519,1495,1498,3118,1569,1388,1497,2034,2932,1680,1497,7690,121,2801,2515,1671,1610,2211,1578,3190,1618,1388,1607,2087,3158,1710,1264,7655,160,2832,2531,1811,1548,2134,1654,3192,1858,1497,1760,2130,3078,1770,1283,7706,136,2785,2557,2328,1586,1738,1553,3165,1585,1382,1575,2033,3049,1622,731,8014,122,2811,2539,1754,1947,1593,1497,3184,1705,1594,1974,2053,3056,1749,696,8402,112,2865,2543,1710,1849,1611,1578,3202,1827,2037,2098,2130,3129,1734,996,8679,158,2781,2456,1625,1890,1457,1524,3206,1661,2158,1538,2056,3096,1654,723,8908,123,2810,2572,1509,1694,1476,1526,3140,1699,2361,1468,2080,3020,1762,915,8408,135,2754,2506,1472,1534,1617,1537,3171,1525,2456,1495,1980,3040,1613,1312,8107,127,2841,2546,1542,1552,1528,1579,3210,1598,1795,1558,2054,2988,1748,1004,7858,132,3001,2526,1489,1525,1486,1593,3288,1614,1456,1553,2015,3044,1673,1196,7770,109,2758,2416,1435,1466,1444,1550,3068,1547,1411,1460,2009,2963,1620,1461,7877,113,2836,2504,1467,1480,1443,1487,3177,1505,1378,1494,2019,3140,1692,1259,vips
22819,13359,14725,15238,15450,15867,15223,15147,14510,15608,15616,15525,14980,14819,15307,13356,8903,32,1610,1915,2201,2518,2237,1973,1424,2573,2527,2520,1759,1461,2020,41,8906,196,1710,2070,2296,2625,2365,2230,1644,2670,2666,2599,1983,1605,2178,194,8902,148,1669,2016,2281,2628,2295,2156,1562,2610,2642,2632,1964,1623,2121,147,8880,146,1689,1923,2283,2643,2370,2144,1624,2625,2661,2648,1937,1673,2140,165,8952,184,1708,1904,2314,2687,2348,2177,1594,2913,2771,2670,2052,1676,2236,169,8698,146,1689,1910,2290,2601,2286,2034,1661,2571,2617,2619,1879,1491,2126,163,8821,142,1870,1888,2296,2716,2324,1952,1891,2668,2691,2680,2225,1807,2178,156,8920,224,1936,1952,2437,2711,2407,2084,1910,2761,2785,2809,2167,2195,2230,194,8734,156,1643,1867,2284,2746,2326,1951,1518,2626,2744,2626,1886,1562,2145,142,8793,115,1628,2016,2300,2900,2324,1979,1489,2837,2734,2663,1997,1521,2145,117,8737,168,1625,2067,2292,2643,2333,2018,1541,2656,2702,2594,1868,1516,2162,164,8954,230,1765,2312,2388,2732,2438,2152,1706,2714,2727,2728,2009,1747,2262,242,8871,220,1737,2321,2307,2657,2359,2260,1611,2682,2754,2695,2037,1689,2185,222,8870,101,1645,2106,2241,2588,2287,2233,1514,2607,2639,2597,1894,1522,2049,109,8931,69,1547,2129,2233,2623,2290,2002,1436,2577,2586,2690,1830,1572,2027,80,vips
21029,12357,13611,15445,15649,13770,14407,15352,15502,13457,13406,13328,14523,15812,14215,12357,8374,32,1215,3110,2573,1700,2037,3018,3132,1478,1483,1433,2335,3356,2095,33,8451,138,1345,3217,2744,2580,2142,3090,3366,1606,2001,1767,2337,3527,2240,143,8486,92,1463,3178,2636,2030,2121,3082,3249,1582,1683,1605,2368,3456,1909,94,9775,202,1589,3257,2758,1812,2364,3271,3398,2036,1706,1767,2441,3611,2073,197,8614,111,1265,3268,2746,1515,2154,3320,3440,2303,1441,1570,2367,3584,1816,112,8386,92,1246,3123,2681,1474,2070,3047,3298,1958,1409,1523,2283,3452,1891,97,8500,84,1250,3289,2856,1500,2209,3209,3507,1643,1489,1518,2355,3504,1813,96,8493,99,1360,3300,2669,1565,2150,3218,3367,1729,1557,1649,2445,3710,1891,97,8289,98,1177,3141,2639,1456,2053,3079,3212,1482,1371,1663,2352,3501,1818,89,8253,101,1258,3152,2648,1864,2077,3179,3353,1523,1464,1517,2331,3556,1848,103,8316,66,1189,3148,2601,1414,2064,3199,3301,1379,1374,1470,2289,3506,1736,78,8387,68,1276,3225,2669,1515,2075,3114,3324,1532,1481,1486,2389,3511,1855,70,8328,111,1189,3218,2644,1491,2116,3183,3533,1511,1407,1534,2304,3508,1816,110,8391,70,1334,3088,2592,1409,2076,2966,3290,1425,1416,1393,2231,3354,1795,74,8427,37,1197,3086,2632,1381,2037,3021,3279,1381,1385,1372,2283,3540,1798,31,vips
22196,13238,15892,14971,15004,16151,14987,14779,14306,15581,15872,15576,15351,14941,16279,13313,8556,38,2766,1724,1845,3084,1960,1821,1414,2840,3030,2732,2093,1592,2942,38,8449,135,2859,1816,2185,3228,1975,1972,1803,2867,3562,2774,2340,1726,2978,124,8664,189,2925,1893,3054,3182,2303,1962,1866,2833,3122,2842,2254,1648,3172,195,8975,194,3019,2283,3228,3193,2333,2417,2487,2900,3211,2868,2324,1779,3198,237,9074,205,3169,2840,2503,3207,2076,2372,2205,3331,3433,2902,2181,1972,3278,173,8764,136,2958,2705,2052,3088,1988,2266,2211,2765,3111,2807,2169,1930,3083,140,8841,165,3070,2199,2152,3257,2144,2226,2261,2916,3216,2907,2292,1735,3298,194,8707,195,3103,2282,2121,3259,2225,2270,2050,2949,3240,2988,2385,1694,3184,205,8598,178,2995,2143,1960,3295,2123,2002,1625,2856,3236,2835,2188,1555,3015,131,8430,151,3300,2032,1933,3357,2101,1924,1580,2834,3181,2796,2189,1600,2989,126,8408,124,2909,1795,1897,3137,2063,1864,1504,2854,3143,2739,2507,1543,3039,95,8623,122,2862,1883,2019,3126,2260,1930,1567,2765,3082,2839,2616,1587,3176,128,8562,186,2930,1848,1972,3097,2295,1921,1600,2830,3141,2791,2667,1799,3123,178,8603,207,2920,1878,1948,3248,2166,1967,1549,2886,3177,2873,2631,1798,3009,206,8544,33,2909,1665,1850,3118,1971,1824,1376,2751,3062,2784,2481,1681,3010,30,vips
21772,14083,14285,15188,15145,14134,15228,15099,14851,13933,13824,13845,14868,15205,14369,12688,8529,1271,1520,2446,2456,1384,2225,2481,2250,1478,1359,1442,2344,2401,1827,72,8704,1387,1788,2556,2557,1569,2389,2564,2404,1659,1768,1589,2441,2530,2046,188,8654,1423,1617,2466,2561,1492,2319,2478,2344,1534,1475,1557,2353,2419,2249,125,8712,1410,1549,2509,2591,1583,2375,2620,2380,1654,1921,1669,2405,2474,3045,157,8806,1425,1616,2604,2644,1735,2431,2631,2455,1786,2388,1670,2451,2557,3009,226,8729,1333,1641,2492,2599,1791,2364,2535,2408,1779,1994,1685,2387,2414,2365,155,8693,1353,1548,2559,2645,1988,2407,2542,2385,1826,2053,1759,2326,2427,2095,130,8617,1365,1528,2487,2623,2156,2425,2496,2378,1785,1841,1863,2484,2444,2291,98,8649,1405,1557,2558,2558,2583,2388,2625,2451,1650,2019,1644,2429,2527,2015,206,8691,1401,1935,2605,2701,2610,2473,2664,2501,1648,2008,1897,2473,2544,2035,238,8496,1336,1933,2484,2575,2058,2313,2537,2415,1443,1501,1484,2275,2414,1790,156,8570,1348,1680,2482,2529,1826,2335,2487,2359,1577,1522,1533,2302,2451,1910,84,8556,1298,1753,2465,2540,1626,2301,2541,2412,1557,1423,1555,2352,2473,1835,130,8552,1292,1600,2418,2474,1495,2299,2406,2330,1465,1434,1439,2328,2441,1806,84,8539,1269,1494,2390,2497,1364,2234,2330,2293,1350,1352,1382,2221,2459,1687,26,vips
243,122,34,82,72,89,74,54,61,57,40,38,94,8159,125,140,67,7,9,4,8,3,18,5,4,7,5,4,7,8487,15,9,16,4,1,5,3,3,13,1,3,1,2,1,3,8440,5,5,43,5,3,4,7,3,16,3,5,2,6,5,4,8439,8,7,38,4,2,2,2,5,29,3,4,1,3,3,3,8448,5,5,43,9,2,3,5,4,18,4,5,2,2,2,4,8518,3,7,16,3,1,5,5,4,12,5,3,3,3,1,4,8445,9,5,27,5,2,3,3,4,19,3,2,4,5,2,6,8555,7,6,32,3,3,4,4,1,16,3,4,2,3,3,4,8448,7,5,30,2,2,1,2,2,12,3,4,1,3,3,2,8438,3,5,19,5,3,3,4,3,15,4,5,3,3,5,3,8432,4,5,23,5,2,1,2,4,8,1,2,2,2,2,2,8495,7,3,47,4,1,1,2,4,27,5,8,3,4,2,4,8442,5,4,55,4,3,4,5,4,12,3,5,3,4,4,5,8430,6,6,58,3,4,4,5,6,48,3,4,5,5,4,5,8613,5,8,70,6,2,7,2,6,34,6,4,6,4,3,5,7991,6,6,vips
21556,15208,13727,14445,14572,13973,14502,14540,14071,15190,13601,15195,14488,14192,14926,12705,8106,2410,919,1760,1907,1118,2060,1803,1619,2658,1140,2813,1870,1445,2419,63,8139,2460,963,1810,1958,1243,2152,1920,1835,2703,1256,3020,1958,1506,2318,160,8217,2422,1004,1871,1978,1189,2115,1852,1601,2694,1185,2818,2141,1480,2275,146,8510,2523,1006,1845,1978,1268,2103,2001,1733,2808,1270,2978,2572,1631,2346,146,8309,2606,977,1842,2013,1254,2121,1975,1623,2810,1238,3092,2533,1517,2332,189,8172,2472,925,1713,1939,1138,2068,1779,1624,2713,1154,2963,2396,1442,2321,140,8484,2517,1031,2079,2082,1227,2227,2001,1610,2851,1282,3011,2279,1511,2376,145,8467,2399,901,2039,2286,1144,2348,2039,1521,2720,1162,2969,2202,1492,2292,69,8163,2486,913,1806,2027,1195,2182,1873,1512,2757,1185,3078,1876,1381,2232,133,8079,2506,1099,1779,2028,1266,2175,1939,1620,2802,1242,3009,1935,1516,2365,188,7991,2516,997,1739,1919,1152,2108,1802,1565,2751,1202,2994,1806,1299,2275,154,8177,2396,939,1783,1912,1117,2083,1901,1525,2669,1138,2807,1833,1408,2252,58,8089,2400,971,1742,1948,1138,2097,1881,1782,2699,1152,2849,1789,1386,2229,101,8142,2601,944,1707,1938,1133,2076,1848,1455,2678,1154,2924,1781,1392,2221,73,8088,2404,893,1659,1830,1068,1960,1793,1399,2665,1086,2933,1692,1379,2231,23,vips
24725,16080,14562,16811,17403,17118,17199,17354,16401,15155,17345,15634,16198,16572,15648,14057,10212,1919,636,2952,3222,2764,3321,3097,2677,1545,3211,2137,2409,2674,1808,108,10207,1928,649,2959,3202,2846,3293,3280,2657,1657,3308,2276,2421,2710,1901,134,10224,1951,674,2974,3273,2918,3332,3308,2768,1668,3257,2305,2422,2636,2296,125,10573,1850,725,3031,3254,2964,3522,3445,2801,1957,3277,2374,2437,2707,2252,160,10635,1880,782,3113,3420,3118,3471,3716,2868,1781,3795,2705,2455,2751,1934,216,10143,1787,636,2898,3440,2850,3337,3184,2757,1560,3273,2853,2426,2586,1769,119,10561,1832,817,3085,3504,3322,3565,3312,2932,1731,3852,2673,2521,2778,1963,222,10153,1788,644,2948,3212,2749,3346,3156,2847,1592,3245,2516,2488,2785,1835,122,10065,1694,601,2858,3186,2827,3255,3106,2733,1484,3252,2168,2359,2664,1700,105,10316,1874,756,3151,3332,3048,3273,3609,2819,1601,3385,2353,2571,2785,1858,226,10029,1702,592,2869,3207,2892,3389,3218,2693,1382,3374,2209,2346,2577,1705,83,10119,1868,609,2880,3169,2770,3332,3098,2721,1573,3229,2181,2339,2671,1776,98,10180,2011,676,2981,3239,2834,3322,3200,2912,1511,3259,2226,2383,2689,1773,174,10062,2133,654,2864,3164,2811,3252,3137,2738,1514,3254,2055,2375,2696,1782,101,10091,1855,597,2845,3071,2813,3122,3063,2725,1351,3167,2068,2320,2673,1695,25,vips
20499,14879,15824,14277,14221,13893,14164,14077,13966,14766,13648,14467,14926,14463,15236,12430,7653,2417,3171,1584,1649,1320,1899,1559,1575,2660,1290,2272,2494,1730,2970,81,8148,2518,3226,1753,1789,1513,1906,1598,1755,2657,1412,2229,2483,1862,3145,147,8193,2475,3209,1734,2299,1933,2204,1624,1670,2668,1842,2269,2483,1738,2900,120,8746,2489,3232,1578,3270,1966,3572,1608,1737,2642,2111,2310,2857,1893,2901,101,8349,2565,3547,1579,2486,1518,3254,1775,1784,2711,1942,2455,3636,1747,3010,154,7766,2471,3202,1615,1819,1414,2063,1697,1802,2583,1455,2533,3231,1640,2907,66,7847,2626,3370,1591,1950,1554,2313,1899,1698,2762,1686,2542,3102,1779,3108,153,7819,2502,3242,1601,1910,1575,2138,1949,1775,2716,1514,2381,2754,1860,2954,123,7508,2395,3145,1507,1644,1404,1891,1788,1584,2599,1300,2254,2630,1591,2863,60,7609,2602,3381,1711,1825,2134,1963,1845,1783,2749,1428,2349,2634,1819,3074,172,7521,2416,3176,1498,1610,1414,1809,1630,1675,2584,1252,2164,2537,1608,2864,48,7844,2524,3234,1799,1877,1577,1994,1754,1909,2685,1460,2352,2648,1892,3016,119,7583,2447,3225,1787,1821,1595,1876,1717,1878,2623,1331,2248,2483,1952,2889,97,7702,2586,3354,1690,1854,1522,1909,1690,1864,2655,1344,2233,2518,1887,2916,132,7584,2381,3245,1516,1927,1297,1811,1545,1554,2578,1302,2168,2399,1911,2927,21,vips
24399,15608,15257,16530,17153,16151,16264,15173,15957,15007,16049,15394,15860,16096,15518,14017,9886,1610,1365,2779,2883,2294,2465,1499,2267,1434,2226,1888,2223,2351,2168,145,9877,1715,1394,2783,2827,2313,2500,2679,2247,1601,2271,2063,2157,2349,1701,190,9916,1698,1382,2703,2899,2296,2440,3390,2223,1514,2220,1934,2195,2344,1743,135,10384,1732,1662,2760,2916,2302,2478,3186,2250,1525,2232,2028,2214,2397,1888,135,9851,1862,1997,2835,2956,2303,2527,1881,2294,1615,2250,2056,2208,2409,2698,187,9526,1736,2179,2697,2847,2213,2370,1620,2212,1497,2123,2122,2264,2218,2565,99,9657,1718,1539,2816,2985,2338,2614,1519,2336,1622,2243,2176,2567,2451,2404,171,9649,1774,1509,2797,2964,2362,2623,1549,2397,1632,2361,2146,2640,2630,2266,137,9620,1557,1600,2717,2869,2309,2481,1417,2247,1448,2222,1948,2536,2359,1965,124,9602,1670,1421,2836,2980,2377,2553,1476,2343,1557,2262,1982,2359,2424,1959,188,9649,1532,1310,2663,2847,2256,2416,1336,2205,1388,2163,1902,2279,2255,1688,101,9659,1647,1401,2783,2948,2332,2562,1515,2340,1574,2213,1981,2448,2460,1844,135,9775,1560,1350,2694,2837,2275,2426,1446,2259,1451,2235,1960,2293,2382,1781,138,10021,1622,1341,2758,2952,2297,2454,1474,2320,1497,2242,2032,2218,2365,1736,155,9888,1538,1210,2702,2880,2217,2381,1246,2217,1371,2105,1867,2077,2330,1686,28,vips
26558,17423,17250,15760,15589,15761,15747,17185,15618,16817,15402,15838,16304,16236,17368,14228,9980,3184,3375,1440,1400,1550,1892,3318,1552,3007,1566,2041,2245,1901,3713,157,10445,3367,3158,1463,1324,1665,1837,3335,1608,3007,1647,2009,2217,1922,3319,161,11099,3275,3324,1558,1449,1753,1817,3133,1633,2950,1650,1982,2189,1929,3219,150,9870,3173,3288,1763,1434,1681,1869,3143,2133,2994,1642,2079,2298,2161,3322,166,10132,3306,3254,1445,1499,1511,1880,3130,2027,2955,1591,1986,2174,1960,3373,107,8566,3288,3286,1398,1766,1536,1942,3133,1679,2927,1559,1966,2202,1877,3314,107,8653,3478,3895,1587,1820,1635,2149,3198,1667,3108,1647,2027,2315,1975,3416,168,9301,3164,3253,2151,1896,1607,2189,3131,1647,2875,1667,2039,2281,1948,3300,126,9035,3222,3289,1584,1473,1500,1872,3124,1521,2864,1584,1970,2260,1922,3228,132,8942,3229,3177,1389,1333,1585,1812,3035,1690,2969,1534,1979,2302,1968,3326,135,10043,3255,3282,1361,1276,1517,1735,3076,1533,2955,1503,1909,2171,1790,3299,115,9437,3242,3264,1530,1420,1632,1906,3101,1620,2948,1603,2055,2281,1947,3390,129,10469,3189,3197,1424,1343,1518,1804,3081,1609,2893,1524,1982,2254,1986,3381,137,11043,3799,3280,1445,1341,1584,1806,3237,1576,3017,1586,2041,2191,2032,3298,157,10209,3080,3171,1367,1251,1437,1698,3066,1465,2840,1471,1883,2107,1913,3318,25,vips
25890,16211,15868,17418,17427,17067,17430,15863,16602,16300,16650,16993,16770,16417,15664,14391,9888,1754,1600,3087,3174,2740,3323,1511,2417,2106,2700,2947,2334,2178,1438,158,10384,1823,1601,3031,3191,2723,3259,1622,2460,2105,2684,2874,2112,2126,1423,152,10702,1722,1698,3070,3312,2750,3375,1482,2434,2054,2642,3053,2034,2060,1464,120,9665,1870,2412,3046,3167,2852,3350,1553,2502,2147,2795,3012,2082,2208,1674,117,9956,1770,2147,3027,3344,2679,3351,1485,2475,2147,2690,2999,2033,2234,1716,108,8708,1745,1724,3030,3147,2661,3349,1585,2419,2111,2649,3059,2016,2038,1787,104,8844,1849,2075,3100,3247,2838,3455,1609,2574,2154,2790,3088,2123,2173,2101,185,9258,1718,1662,2970,3216,2797,3387,1608,2563,2096,2877,3141,2114,2138,1687,120,9047,1664,1504,3078,3192,2770,3295,1510,2464,2056,2721,3001,2093,2151,1327,158,8961,1653,1529,3071,3358,2790,3402,1538,2726,2137,2742,2924,2099,2176,1336,142,9816,1547,1478,2976,3112,2682,3349,1471,2419,2049,2696,2951,2026,2018,1264,122,9401,1558,1577,2979,3115,2805,3331,1547,2525,2107,2676,2961,2113,2155,1327,108,10239,1573,1500,3002,3086,2715,3346,1555,2488,2093,2646,3034,2337,2193,1335,123,10756,1571,1726,3026,3186,2736,3319,1886,2507,2056,2724,2922,2325,2158,1268,149,9961,1473,1386,2888,3099,2614,3150,1574,2434,1951,2634,2860,2402,2077,1147,30,vips
20902,15138,15187,14623,14228,14641,14104,15116,14581,14497,14895,14008,14820,15221,15302,13709,7673,2546,2551,1653,1624,1809,1706,2598,2147,1834,2333,1403,2198,2352,2524,907,7754,2561,2547,1666,1754,1872,1712,2642,2224,1936,2174,1459,2244,2488,2592,926,7966,2559,2578,1635,1667,1838,1864,2587,2168,2032,2029,1511,2265,2412,2510,939,7826,2583,2613,1705,1836,1885,1805,2618,2329,3025,2150,1595,2289,2567,2565,934,7884,2564,2558,1617,1909,1669,1694,2553,2211,2577,2059,1620,2185,2376,2471,948,7904,2514,2536,1658,1830,1702,1625,2595,2777,1979,2020,1647,2160,2347,2527,888,7977,2639,2690,1686,1860,1722,1635,2695,2678,1951,2340,1744,2260,2461,2859,927,8144,2652,2698,1799,1878,1815,1788,2716,2538,2023,2575,1747,2361,2459,2647,960,7860,2527,2565,1602,1722,1706,1593,2580,2205,1826,2287,1607,2133,2372,2537,938,7623,2592,2668,1672,1808,1726,1640,2638,2636,1866,2242,1626,2247,2550,2638,1079,7580,2579,2611,1528,1692,1797,2045,2614,2322,1802,2287,1588,2114,2363,2578,928,7774,2556,2574,1678,1726,1894,1656,2651,2242,1747,2369,1519,2222,2353,2569,942,7665,2473,2517,1832,1749,2060,1640,2557,2273,1755,2362,1513,2215,2401,2514,898,7782,2557,2966,2006,1669,1870,1644,2781,2163,1876,2339,1682,2239,2396,2519,972,7542,2438,2482,1609,1508,1556,1548,2515,2108,1690,2279,1336,2050,2363,2483,822,vips
25278,16744,16140,17351,16949,17596,17097,16277,16527,17069,16675,16759,16665,16918,16431,17871,9831,1743,1453,2476,2192,2544,2416,1509,1900,2388,2202,2193,2085,2176,1525,2744,9598,1730,1445,2426,2158,2516,2409,1611,1926,2441,2171,2176,2054,2129,1697,2707,9692,1735,1512,2402,2151,2730,2382,1495,1915,2477,2163,2176,2064,2085,1457,2659,9681,1795,1596,2449,2277,2503,2428,1588,1939,2501,2201,2242,2269,2097,1525,2728,9761,1878,1550,2538,2117,2454,2382,1495,1870,2553,2166,2152,2164,2161,1466,2692,9566,1817,1530,2391,2091,2455,2354,1627,1874,2427,2132,2158,2166,2187,1505,2714,9682,1786,1698,2464,2266,2553,2406,1504,1957,2542,2204,2199,2128,2231,1572,2701,9650,1787,1503,2466,2230,2579,2412,1575,2008,2593,2326,2277,2128,2125,1471,2724,9593,1668,1434,2450,2139,2548,2444,1428,1920,2471,2208,2178,2063,2142,1401,2661,9565,1745,1442,2458,2171,2567,2402,1472,2028,2512,2206,2208,2099,2177,1444,2784,9516,1692,1490,2450,2137,2544,2404,1475,1921,2494,2206,2171,2008,2077,1445,2717,9604,1671,1458,2426,2163,2489,2423,1479,1961,2438,2189,2184,2010,2130,1447,2731,9572,1642,1434,2410,2058,2453,2379,1470,1850,2428,2169,2147,2012,2155,1451,2711,9772,1632,1546,2410,2117,2508,2353,1565,1935,2496,2220,2199,2045,2133,1436,2661,9766,1648,1366,2463,2083,2513,2360,1415,1918,2530,2153,2190,2009,2143,1386,2617,vips
22822,16127,15909,15342,16175,15299,14887,15914,15971,14918,15518,14865,16335,16643,16042,15651,8416,2344,2331,1461,2441,1497,1393,2359,2433,1489,1979,1479,2736,2698,2330,1560,8530,2404,2337,1524,2524,1609,1607,2445,2520,1571,2147,1808,2769,2756,2878,1854,8615,2376,2325,1525,2516,1597,1528,2282,2521,1509,2030,1648,2773,2718,2312,1948,8681,2480,2451,1782,2772,1933,1617,2460,2824,1680,2492,1744,3726,3266,2503,2416,8674,2384,2315,1641,2564,1723,1372,2272,2531,1809,2044,1763,2776,2843,2357,2266,8510,2268,2231,1504,2481,1566,1278,2245,2560,1708,2053,1510,2769,2723,2288,1768,8932,2514,2925,1582,2602,1733,1485,2387,2626,1709,2133,1529,2842,2905,2429,1737,8834,2470,2455,1634,2785,1785,1573,2438,2608,1790,2190,1674,2949,2942,2459,1775,8337,2355,2305,1468,2483,1534,1751,2287,2515,1430,2092,1526,2665,2797,2347,1459,8223,2383,2331,1542,2740,1599,1413,2307,2589,1431,2174,1494,2917,2793,2340,1560,8175,2293,2276,1404,2381,1500,1293,2229,2530,1387,2012,1377,2628,2738,2263,1604,8557,2534,2491,1689,3400,1701,1612,2524,2760,1651,2267,1741,2889,3037,2532,1717,8501,2438,2435,1573,2675,1621,1488,2437,2702,1581,2143,1639,2946,2921,2455,1737,8451,2402,2573,1474,2420,1563,1383,2408,2461,1537,2027,1482,2715,2727,2357,1786,8380,2382,2352,1515,2542,1481,1357,2327,2515,1434,2116,1465,2751,2851,2364,1626,vips
25457,17219,16964,18345,17282,18155,18007,16831,17194,18037,17020,17260,16767,17152,17427,19327,10038,2117,2257,3237,2432,3069,3151,2118,2029,3294,2280,2679,1959,2177,2395,3009,9880,2305,2131,3217,2458,3004,3142,2273,2122,3318,2178,2659,1979,2183,2479,3449,9819,2074,1964,3035,2403,3033,3025,1921,1972,3249,2018,2533,1951,2005,2152,3909,9860,2124,2088,3171,2281,2982,3084,2000,2101,3242,2080,2602,3294,2146,2265,3182,9849,2111,2072,3327,2081,2969,3104,1870,1741,3297,2060,2703,3074,2055,2286,3131,9731,2146,2088,3194,1933,2848,2959,1919,1854,3856,2014,2574,2631,2049,2296,1777,9881,2565,2599,3211,2112,3178,3185,2094,1895,3416,2248,2736,2340,2319,2493,1821,9785,2115,2185,3186,2018,2999,3104,1999,1866,3112,2182,2769,2130,2186,2321,2410,9750,2013,2013,3183,1927,3001,3573,1847,1770,3201,2167,2637,1993,1995,2141,1762,9643,1995,2083,3037,1884,2931,3039,1821,1877,3234,2144,2570,1993,2052,2152,2190,9567,1962,1960,3130,1939,2938,2981,1782,1801,3217,2239,2533,1957,1945,2117,3231,9883,2066,2011,3118,2287,3027,3041,1971,1971,3182,2406,2726,2047,2184,2185,2501,9741,2007,1993,3061,1967,2978,3042,1907,1903,3212,2407,2614,1868,2025,2163,3122,10023,2164,2278,3177,2235,3085,3049,2093,2033,3295,2564,2731,1983,2182,2253,4354,9870,2003,2063,3153,2288,3018,3086,1931,2105,3175,2292,2671,1904,2145,2196,3272,vips
252,96,27,57,60,66,27,33,34,37,11,25,70,8793,73,113,56,4,3,6,7,8,3,4,4,4,3,3,6,8472,5,7,24,3,1,2,1,0,1,2,3,2,1,3,2,8430,4,4,36,8,4,3,3,5,4,2,1,4,1,3,3,8428,5,5,34,4,1,3,3,3,4,2,3,4,2,2,4,8434,5,6,41,1,3,3,3,4,3,3,3,1,3,3,3,8480,4,5,27,5,3,3,10,3,0,2,1,4,0,1,0,8433,8,8,25,3,3,4,3,1,2,2,3,0,1,2,1,8568,3,4,24,4,0,2,2,3,1,2,1,3,0,1,2,8434,5,4,27,4,1,4,2,2,2,1,2,3,2,1,3,8426,4,5,14,3,2,2,3,5,1,2,1,2,1,2,3,8420,3,5,17,2,2,3,3,2,3,2,0,2,1,0,3,8484,4,4,42,5,3,4,4,4,3,2,2,3,1,2,4,8435,6,5,55,3,3,2,2,4,3,2,3,3,3,4,5,8417,5,3,45,5,2,6,3,3,3,7,4,4,4,4,8,8679,7,8,61,5,5,3,5,5,3,2,4,3,4,3,4,8893,6,8,vips
23920,16438,16066,15687,16207,15862,15408,16543,16687,15662,15987,15254,16252,16651,16200,17764,9014,2319,2289,1550,2168,1563,1493,2313,2519,1885,2245,1679,2264,2384,2166,2953,8962,2567,2039,1561,2207,1605,1500,2222,2531,1959,2368,1710,2315,2403,2406,3135,8961,2404,2030,1563,2138,1660,1454,2103,2558,1743,2333,1729,2272,2339,2022,3572,8890,2186,1955,1529,2170,1564,1451,2071,2548,1836,2327,1687,2248,2361,2017,2963,9170,2091,2029,1908,2194,1637,1466,2006,2692,1916,2373,1682,2266,2405,2194,3113,8959,2024,2049,1675,2199,1987,1504,1955,2610,2504,2376,1898,2244,2369,2613,1900,9078,2297,2248,1855,2204,2118,1554,2016,2718,1748,2428,1836,2318,2451,2688,1878,9056,2015,2125,2103,2236,1858,1606,2059,2748,1697,2344,1710,2269,2324,2463,2430,8854,2002,2224,2169,2194,1850,1815,1986,2584,1566,2317,1607,2235,2397,2293,1933,8731,1950,2067,1998,2177,1550,1591,1930,2527,1591,2293,1590,2219,2397,2169,2146,8744,1923,2039,1778,2084,1541,1600,1889,2505,1507,2245,1520,2160,2258,2097,3061,8958,1978,2081,2035,2176,1601,1794,2017,2543,1615,2271,1591,2249,2301,2176,2450,8950,1964,2040,2017,2163,1593,1760,2088,2568,1618,2211,1625,2280,2317,2089,2980,9042,2081,2349,1864,2146,1581,1828,2138,2653,1715,2360,1592,2293,2409,2199,3506,8956,2041,2043,1721,2168,1536,1796,2162,2576,1652,2278,1549,2209,2453,2087,3076,vips
24877,16626,16327,16861,16669,17203,16572,16527,16111,16800,16432,16168,16430,16719,16749,17260,9368,1798,1966,1969,1892,2278,2131,1881,1589,2393,2067,1954,1877,1919,2034,2500,9222,1915,1761,1953,1834,2263,2121,1916,1741,2307,2049,1926,1835,1917,2171,2386,9458,1876,1914,2008,1928,2406,2217,2063,2086,2482,2091,2224,1971,2018,2110,2511,9305,1851,1863,1952,1895,2332,2120,2022,2112,2417,2080,1984,1992,2137,2059,2448,9482,1877,1888,2124,1972,2346,2178,2108,1964,2538,2243,2030,2031,2052,2076,2571,9173,1844,1840,1934,1891,2265,2089,2014,1765,2484,2111,1996,1940,1949,2027,2399,9259,1831,1836,1977,1952,2379,2126,2023,1640,2407,2075,1997,1874,1991,2016,2470,9222,1903,1912,2020,2022,2395,2205,2090,1749,2526,2169,2072,2061,2082,2101,2581,9288,1868,1831,2065,2028,2675,2225,2036,1667,2459,2179,2070,2000,1994,2041,2738,9161,1832,1792,1957,1913,2342,2148,1956,1620,2427,2123,2020,1908,1975,2033,2493,9034,1827,1803,1946,1842,2282,2129,1962,1583,2412,2038,1990,1813,1894,2005,2466,9305,1860,1787,1997,2314,2373,2192,2015,1698,2450,2146,2057,1946,2095,1970,2490,9295,1833,1808,1960,1894,2326,2140,1966,1596,2383,2161,1998,1901,2013,2031,2419,9346,1765,1808,1918,1857,2285,2080,1905,1593,2347,2108,1952,1856,1967,1947,2364,9362,1800,1795,1988,1912,2352,2203,1958,1612,2703,2116,1999,1892,2032,1997,2443,vips
24656,15936,15957,17014,16528,16494,16315,15818,16849,15391,16315,16892,16496,16616,16022,15732,9625,1849,2313,2772,2462,2072,2204,1893,2815,1635,2403,2565,2571,2501,1876,1516,9547,2227,1942,2777,2452,2127,2201,1958,2802,1686,2482,2623,2571,2573,2129,1586,9928,2117,2119,2917,2564,2463,2373,2014,2958,1749,2609,3750,2666,2623,1964,1646,9672,1863,2018,2807,2505,2169,2235,1858,2827,1648,2513,2736,2609,2545,1868,1585,9936,1825,1937,2976,2529,2195,2279,1837,2921,1682,2566,2761,2490,2586,1924,1597,9752,1812,1874,2819,2426,2137,2134,1837,2831,1557,2456,2698,2517,2475,2132,1602,9589,1847,1952,2802,2537,2113,2196,1874,2827,1644,2541,2749,2617,2558,2531,1668,9626,1837,1941,2732,2481,2184,2186,1898,2882,1677,2472,2712,2575,2477,2628,1656,9557,1765,1871,2683,2427,2145,2138,1808,2840,1594,2492,2592,2492,2474,2540,1613,9640,1830,1881,2827,2518,2112,2223,1848,2864,1619,2475,2630,2508,2558,2224,1687,9659,1891,1979,3320,2558,2313,2288,1888,2934,1655,2540,2700,2586,2613,1970,1859,9592,1807,1964,2726,2576,2079,2225,1903,2839,1630,2465,2612,2540,2508,1911,1706,9582,1753,1886,2685,2416,2029,2114,1844,2814,1673,2422,2627,2525,2469,1887,1588,9654,1879,1942,2708,2450,2067,2142,2042,2856,1675,2478,2612,2532,2567,1877,1566,9688,1786,1894,2709,2443,2097,2214,1833,2890,2006,2492,2723,2517,2561,1829,1497,vips
24695,16927,16789,16411,16505,16826,16424,16980,15841,16389,16317,15889,16336,16561,17055,16505,8973,2492,2607,1895,1968,2109,1925,2774,1418,1975,2009,1902,1756,1967,2735,2053,8783,2550,2507,1882,1920,2061,1959,2697,1513,1938,2016,1897,1695,1978,2739,2029,9179,2599,2698,2606,2227,2303,2010,2830,1592,2083,2161,2337,1870,2160,2830,2125,9456,2690,2719,3007,1966,2546,2116,2864,1707,2065,2187,2612,2180,2297,2876,2155,9325,2609,2667,2604,1835,2337,1910,2773,1535,2042,2032,2404,1786,2048,2789,2032,9280,2595,2627,2124,1789,2134,1947,2779,1584,1939,1967,2282,1865,1849,2707,1979,9632,2620,2770,1995,1860,2312,1877,2825,1489,1990,2131,2268,1956,1939,3046,2009,9577,2614,2693,1983,1918,2298,2058,2849,1592,2104,2316,2383,2066,2059,2859,2144,9193,2517,2528,1863,1853,2218,1944,2713,1503,1993,2229,2084,1955,2088,2685,2344,9122,2608,2640,1880,2029,2209,2229,2829,1558,2078,2356,2053,2018,2071,2800,2114,8966,2586,2533,1888,2175,2308,2055,2793,1526,1977,2378,2010,2069,2031,2748,2165,9404,2696,2669,2022,2385,2485,2310,2862,1592,2169,2486,2178,2122,2243,2853,2269,9250,2572,2617,1920,2051,2297,2270,2795,1573,2093,2190,1990,1911,2169,2747,2119,9284,2628,2596,1890,2079,2333,2184,3034,1531,2110,2177,1877,1831,2047,2714,2060,9297,2468,2646,1850,1935,2385,1936,2762,1458,2201,2200,1882,1814,2121,2761,2066,vips
25537,16151,16606,16779,16670,16940,17062,15919,16545,16616,16546,16376,16573,17414,15948,16616,9586,1702,2285,2169,2429,2157,2817,1984,2175,2508,2538,2354,2394,2996,1834,2137,9404,1702,2281,2085,2325,2080,2701,1453,2031,2384,2486,2313,2302,2880,1617,2003,9665,1725,2229,2091,2310,2135,2754,1583,2094,2462,2580,2295,2331,2797,1679,1977,9599,1681,1994,2170,2360,2144,2731,1683,2084,2543,2694,2409,2369,2938,1895,2055,9884,1662,1872,2180,2395,2182,2940,1572,2055,2577,2795,2366,2342,2918,2183,2453,9496,1612,2057,2119,2436,2161,2755,1502,2071,2492,2630,2454,2322,2812,2184,2083,9486,1665,2115,2146,2433,2231,2882,1576,2077,2577,2741,2404,2380,2858,2330,2092,9523,1718,2180,2137,2427,2186,2833,1703,2119,2536,2669,2396,2382,2848,1782,2104,9373,1560,1812,2097,2316,2119,2813,1459,1944,2461,2595,2308,2285,2898,1533,2036,9346,1641,1896,2169,2338,2289,2826,1515,2101,2574,2620,2370,2347,2894,1573,2146,9320,1662,1926,2096,2302,2143,2852,1448,2149,2420,2548,2319,2309,2798,1460,2047,9580,1724,1976,2107,2317,2127,2803,1580,2160,2492,2539,2354,2289,2835,1643,2045,9491,1789,1917,2128,2379,2216,2739,1606,2073,2453,2596,2358,2395,2924,1597,2064,9477,1797,2028,2131,2350,2139,2815,1995,2151,2486,2634,2380,2301,2900,1690,2054,9737,1855,2281,2180,2463,2885,2875,1747,2361,2637,2701,2434,2396,3104,1664,2092,vips
25927,17585,17240,16628,16545,16906,16264,17872,16852,16415,16400,16259,16492,16525,17854,16729,9588,2941,2399,1686,1636,1974,1639,4046,2136,1799,1780,1730,1746,1493,3252,1964,9637,2842,2311,1570,1581,1783,1903,3116,2047,1692,1828,1640,1641,1437,2914,1832,10445,2926,2400,1662,1814,2010,3923,3293,2181,1765,2529,1853,1880,1516,3018,1913,9807,2959,2493,1838,1843,2209,3926,3298,2200,1846,3342,1852,2197,1747,3077,2005,10021,3043,2565,1676,1996,2380,2232,3434,2283,1908,3025,1711,1992,1642,3156,2577,8990,2968,2495,1718,2247,2122,1875,3313,2245,1875,2500,1754,1940,1658,3165,2140,8865,3480,2468,1917,2313,2108,1741,3354,2127,1864,2192,1736,1758,1525,3209,1994,9298,2898,2508,1918,2134,1964,1751,3312,2226,2021,1861,1854,1845,1528,3031,1940,9238,2999,2503,1972,1869,2056,1654,3302,2315,1835,2052,1852,1789,1590,3063,2007,9109,2988,2448,1824,1805,1927,1699,3255,2130,1799,1816,2009,1757,1565,2954,1993,9710,3027,2427,1628,1639,1879,1657,3259,2120,1700,1787,1904,1693,1496,2965,1877,9414,3031,2541,2059,1750,2070,1846,3306,2092,1828,1914,1882,1817,1554,3060,2039,9925,2858,2359,1689,1651,1947,1636,3214,2101,1774,1789,1785,1721,1561,2992,1917,10268,3101,2333,1624,1585,1911,1618,3384,2088,1757,1819,1725,1712,1493,2989,1872,9910,2901,2402,1668,1713,2099,1677,3402,2239,1905,1849,1682,1781,1570,3155,1928,vips
27813,16944,17126,18312,17948,17707,17797,16678,17081,17269,17215,17563,17744,17524,16759,17942,10230,1596,1911,2947,2713,2381,2836,1867,1742,2440,2436,2829,2720,2355,1542,2558,10420,1609,1739,2794,2560,2264,2652,1494,1620,2316,2302,2692,2568,2060,1476,2407,11848,2171,1956,2828,2560,2268,2732,1589,1640,2323,2338,3208,2596,2128,1808,2435,10400,2380,2022,2830,2530,2305,2701,1633,1620,2312,2398,2754,2542,2113,2273,2464,10680,1791,1840,2896,2554,2300,2689,1557,1722,2395,2419,2807,2626,2093,2276,3074,9170,1766,1785,2757,2515,2270,2656,1488,1620,2298,2317,2732,2584,1868,1990,2459,9215,2018,2001,2891,2602,2397,2729,1573,1762,2450,2459,2819,2707,2145,1746,2614,9892,1960,2186,2835,2564,2327,2670,1614,1799,2422,2376,2789,2710,2161,1632,2596,9443,1613,2062,2749,2564,2298,2673,1429,1801,2345,2324,2736,2552,2310,1386,2456,9523,1506,1883,2841,2542,2325,2672,1437,1955,2372,2316,2770,2572,2477,1448,2510,10529,1445,1991,3495,2570,2346,2694,1508,1880,2327,2342,2829,2540,2467,1489,2478,9993,1487,1969,2778,2560,2255,2693,1483,1803,2322,2352,2758,2574,2639,1510,2457,10753,1465,1880,2699,2539,2260,2615,1514,1682,2307,2347,2705,2587,2390,1444,2503,11455,1456,1887,2811,2533,2234,2679,1492,1728,2333,2326,2805,2516,2209,1463,2427,10889,1484,1871,2853,2585,2617,2700,1508,1722,2333,2437,2874,2586,2164,1451,2511,vips
24257,16155,16546,16098,15672,15995,15431,16019,16457,15434,15693,15005,15834,16837,16568,15815,8842,2026,2531,1818,1401,1891,1706,2074,2516,1740,1947,1450,2052,2371,2507,1811,9394,2010,2514,1750,1368,1818,1730,2211,2658,1725,1849,1524,1916,2336,2514,1774,10179,2152,2718,2015,1544,2077,1890,3399,2731,1923,1993,2306,2120,2569,2772,1891,9255,2014,2572,1909,1469,1847,1690,3091,2610,1773,1842,2272,1713,2464,2606,1814,9828,2080,2648,1658,1473,1919,1625,2430,2654,1811,1900,2214,1662,2525,2669,2198,9125,2031,2602,1660,1387,1827,1697,2227,2656,1739,1763,1950,1564,2367,2501,1807,8647,2010,2616,1591,1458,1938,1630,2263,2636,1755,1826,1632,1559,2423,2623,1959,8775,2035,2666,1571,1496,2012,1667,2173,2714,1880,1950,1638,1617,2297,2643,2907,8597,2066,2549,1575,1434,2122,1619,2049,2661,1949,1922,1492,1826,2431,2553,3244,8573,2058,2547,1561,1465,2226,1764,2035,2585,1902,1882,1509,1560,2496,2604,2777,8979,2096,2646,1709,1627,2186,1812,2121,2693,2053,1951,1589,1639,2449,2679,2275,8870,2062,2567,1625,1569,2197,1777,2061,2611,2080,2098,1563,1682,2440,2629,1967,9128,1978,2564,1576,1586,1958,1723,2006,2575,1787,1903,1500,1632,2443,2578,1833,9465,1984,2524,1529,1450,1853,1627,1991,2521,1714,1954,1400,1566,2395,2552,1776,9207,2080,2582,1789,1497,1942,1821,2155,2693,1717,1978,1474,1897,2718,2603,1796,vips
25455,17575,16079,16653,17173,17058,17183,16419,16054,16870,16321,16647,17017,16390,16801,16883,9898,2676,1748,2009,2635,2219,2806,2060,1482,2627,2161,2492,2645,1797,2654,2289,9537,2570,1540,1909,2477,2139,2706,1942,1671,2486,2083,2418,2589,1815,2079,2241,9707,2699,1712,1952,2505,2222,2715,2001,1469,2502,2112,2617,2546,2131,2129,2191,9701,2605,1756,1904,2495,2201,2620,2008,1747,2529,2183,2494,2562,2539,2186,2242,9758,2704,1926,1910,2535,2226,2701,2000,1821,2588,2174,2482,2558,2239,2240,2335,9566,2633,2523,1854,2471,2176,2584,1958,1823,2510,2089,2513,2561,1945,2071,2147,9592,2759,2317,1937,2538,2278,2755,2002,1629,2545,2171,2500,2560,1737,2157,2233,9700,2665,1879,1961,2560,2264,2800,1990,1615,2609,2158,2614,2646,1875,2143,2309,9567,2608,1658,1925,2534,2189,2651,1908,1401,2509,2107,2464,2604,1772,2039,2181,9427,2588,1601,1882,2519,2200,2679,1873,1348,2514,2133,2446,2508,1768,2067,2220,9434,2682,1591,1898,2488,2200,2717,1893,1379,2504,2121,2409,2503,1619,2097,2161,9631,2604,1659,1919,2521,2177,2755,1909,1480,2514,2080,2504,2517,1820,2072,2226,9605,2568,1661,1925,2504,2245,2672,1920,1459,2490,2160,2462,2535,1725,2115,2220,9723,3209,1637,1969,2564,2178,2752,2019,1475,2586,2145,2528,2562,1826,2108,2202,9756,2617,1619,1968,2567,2276,2696,2016,1434,2587,2240,2522,2536,1773,2099,2167,vips
22816,15603,16312,16801,15272,15644,15184,15590,16269,14805,14986,14858,15214,16812,15623,15521,8231,1947,2605,2771,1560,1789,1754,2250,2704,1418,1711,1535,1622,2732,2069,1743,8290,1947,2544,2851,1449,1818,1723,1962,2670,1352,1746,1532,1584,2750,1846,1724,8407,3582,2512,2747,1531,1817,2117,1998,2638,1357,1704,1529,1584,2662,2721,1781,8459,3949,2598,2695,1524,1808,2516,2007,2672,1394,1723,1942,1620,2906,3918,1755,8342,2324,2582,2902,1512,1883,1889,2041,2698,1432,1685,2009,1479,2774,3297,1807,8156,1928,2588,2776,1402,1798,1939,1961,2651,1291,1674,1938,1469,2705,2493,1816,8247,1912,2584,2917,1506,1914,2229,2019,2650,1418,1754,1692,1461,2713,2170,2069,8425,1971,2594,2879,1590,1832,2104,2014,2769,1642,1926,1679,1615,2699,2004,2306,8172,1945,2535,2789,1692,1751,1924,1945,2716,1460,1852,1506,1451,2738,1895,1976,8101,1898,2582,2826,1920,1770,1722,1948,2706,1407,1782,1522,1544,2829,1862,1864,8064,1833,2513,2768,1632,1707,1693,1926,2663,1321,1657,1461,1624,2641,1876,1738,8310,1945,2569,2806,1623,1773,1787,1973,2657,1535,1809,1617,1660,2765,1985,1786,8248,1902,2697,2783,1539,1791,1767,2001,2667,1473,1720,1520,1692,2822,1921,1747,8250,2305,2596,2841,1471,1787,1724,2041,2687,1531,1747,1535,1662,2741,1922,1751,8316,1942,2682,2716,1493,1786,1695,2019,2760,1473,1908,1492,1554,3007,1992,1673,vips
200,77,19,75,61,43,19,28,47,23,10,37,56,9238,64,105,43,3,4,5,6,3,4,3,5,3,2,4,4,8502,5,6,12,2,0,3,4,4,1,3,0,1,0,0,2,8447,1,2,42,5,2,3,4,3,2,5,4,2,3,3,5,8431,3,5,35,5,3,4,2,4,2,2,3,3,3,4,3,8453,4,4,26,4,0,3,4,1,1,1,2,2,2,1,2,8485,4,4,11,2,2,2,6,1,1,0,2,0,1,1,2,8439,4,2,17,4,0,1,2,3,1,2,1,2,0,1,2,8551,2,4,26,3,3,5,2,3,0,2,3,2,2,1,2,8423,2,4,14,3,1,1,5,1,2,0,3,0,0,2,2,8426,3,3,8,1,0,4,2,1,1,0,2,1,0,1,1,8412,2,2,22,4,1,2,4,1,1,1,2,0,1,2,1,8504,1,3,32,4,1,3,2,2,1,2,2,2,2,2,2,8441,5,4,53,2,2,4,4,2,2,2,3,3,3,3,4,8429,2,3,36,2,6,4,8,5,5,3,5,3,3,4,6,8597,4,6,59,7,3,5,6,4,4,5,4,4,4,4,5,8438,5,6,vips
25799,17366,16284,16890,17622,17869,16848,17127,16287,17629,17443,16687,17168,16721,17340,18157,10092,2255,1571,1810,2669,2727,2012,2246,1461,2811,2859,2123,2332,1534,2720,2882,9796,2212,1514,1850,2548,2608,1945,2107,1478,2828,2835,2021,2225,1983,2194,2786,9992,2186,1598,2382,2578,2628,1945,2104,1442,2734,2811,1991,2237,1511,2185,2781,9875,2167,1512,2701,2551,2629,1861,2139,1504,2775,2817,2023,2240,1561,2236,2863,10004,2222,1579,2638,2545,2635,1911,2080,1445,2773,2774,1997,2241,1583,2184,2806,9775,2224,1544,1952,2544,2648,1868,2132,1498,2689,2796,2035,2203,2225,2172,2757,9944,2685,1760,1852,2661,2741,1988,2150,1481,2837,2850,2088,2288,2865,2442,2760,9848,2174,1998,1791,2629,2666,1984,2163,1662,2921,2890,2063,2316,2347,2235,2819,9805,2121,1857,1723,2583,2639,1908,2071,1528,2818,2829,2030,2238,1833,2180,2793,9736,2228,1783,1727,2634,2726,1919,2109,1631,2795,2922,2055,2238,1680,2206,3063,9741,2211,1672,1670,2595,2642,1961,2114,1612,2756,2914,2002,2337,1452,2205,2749,9908,2220,1584,1751,2562,2638,1971,2091,1631,2775,2859,2093,2243,1581,2225,2815,9940,2144,1558,1728,2582,2650,1966,2102,1669,2824,2862,2025,2219,1550,2264,2789,9963,2355,1521,1776,2570,2621,1910,2190,1549,2768,2808,2098,2242,1560,2195,2740,10120,2157,1504,1834,2729,2725,2039,2196,1474,2874,3263,2116,2305,1607,2274,2887,vips
22768,15368,15604,15612,14940,15028,14860,15120,15640,14449,14530,15464,15597,16186,15263,15266,8297,2031,2440,2146,1603,1501,1792,2097,2540,1480,1678,2418,2441,2752,2077,1605,8199,1857,2395,2040,1476,1433,1771,1818,2440,1463,1733,2385,2323,2737,1838,1605,8432,1923,2419,2033,1474,1509,1775,1849,2454,1414,1864,2417,2323,2584,1951,1577,8404,1856,2446,2088,1598,1431,1823,1878,2527,1525,2329,2488,2417,2740,1941,1680,8551,1886,2431,2110,1679,1436,1921,1919,2482,2731,2177,2598,2482,2681,1830,1643,8585,1796,2403,2028,1752,1359,1762,1859,2475,2311,2028,2422,2279,2565,1739,1471,9354,1897,2449,2139,1913,1482,1828,1933,2529,1631,1907,2593,2493,2633,2067,1633,8904,1816,2451,2064,1903,1493,1850,1916,2520,1716,1718,2556,2392,2575,1875,1569,8485,1780,2428,2076,1791,1414,1789,1853,2493,1556,1677,2519,2368,2665,1768,1589,8195,1894,2482,2153,1794,1495,1856,2083,2548,1523,1700,2417,2374,2761,1843,2130,8346,1943,2550,2224,1720,1617,1951,2238,2615,1561,1718,2535,3230,2725,1958,1756,8517,2025,2562,2196,1752,1687,1972,2301,2573,1576,1742,3115,2587,2803,2065,1861,8260,1880,2458,2064,1555,1511,1774,1986,2489,1495,1650,2414,2471,2723,1930,1727,8356,2307,2490,2133,1555,1607,1841,2362,2585,1536,1706,2468,2432,2742,2000,1954,8497,2099,2635,2217,1824,1627,1922,2021,2670,1560,1974,2537,2481,2924,2162,1832,vips
25230,17200,16234,16840,17397,17987,16676,17026,16288,17384,16916,16423,16788,16470,17230,18854,9464,2172,1472,1765,2548,2881,2064,2380,1554,2683,2351,1881,1996,1459,2260,2713,9220,2132,1353,1740,2458,2843,2031,2211,1559,2638,2270,1903,2056,1457,2125,4004,9439,2138,1634,1849,2446,2854,2071,2228,1495,2616,2272,3427,2789,1402,2170,3598,9277,2175,1791,1713,2469,2896,2043,2259,1744,2729,2338,4821,3233,1545,2210,2620,9425,2191,1681,1745,2435,2895,1981,2283,1634,2778,2309,3936,2118,1472,2212,2891,9104,2134,1577,1678,2473,2820,1929,2333,1599,2615,2283,2438,2517,1703,2186,1708,9267,2312,1547,1766,2565,2888,2077,2271,1660,2722,2384,1897,2007,1809,2505,1868,9214,2186,1582,1720,2567,2898,2075,2303,1958,2697,2391,1918,1963,1862,2192,2233,9162,2139,1484,1685,2516,3040,1997,2266,1771,2708,2369,1860,1954,1897,2123,1725,9151,2212,1443,1725,2605,2917,2013,2280,1690,2743,2381,1848,1975,1586,2211,2211,9141,2147,1435,1727,2570,2907,2043,2311,1604,2690,2381,1881,2275,1380,2199,3006,9416,2173,1443,1780,2587,2919,2122,2255,1642,2729,2398,1979,1946,1547,2224,2355,9244,2101,1396,1709,2494,2876,2004,2205,1575,2693,2318,1900,1933,1478,2148,2772,9432,2234,1434,1776,2563,2901,2048,2687,1515,2711,2367,1917,1970,1522,2244,3478,9590,2257,1451,1807,2686,3037,2155,2347,1618,2842,2465,1953,2056,1570,2311,3140,vips
24871,16278,17342,17361,16206,16297,16521,16209,17027,15811,15677,16317,16766,17319,16421,19102,9305,1732,2983,2576,1581,1341,2181,1842,2568,1509,1480,2129,2239,2682,1914,3074,9266,1741,2874,2618,1566,1412,2186,1718,2434,1560,1527,2131,2210,2660,1633,4381,9434,1774,3126,2538,1591,1451,2158,1773,2510,1553,1499,2162,2186,2611,1676,4014,9424,1780,2906,2560,1620,1478,2154,1727,2514,1711,1580,2197,2223,2743,1701,2858,9451,1750,2934,2571,1736,1585,2167,1661,2550,2343,1579,2167,2177,2686,1665,3266,9225,1716,2960,2555,2067,1581,2124,1667,2523,1866,1561,2272,2260,2647,1665,1793,9301,1884,2924,2646,2218,1536,2178,1746,2581,1717,1676,2195,2315,2702,1896,1992,9350,1912,2991,2569,1838,1689,2247,1857,2680,1797,1678,2211,2224,2828,1864,2459,9139,1875,2969,2576,1677,1598,2172,1739,2594,1534,1856,2158,2200,2746,1746,1737,9130,1758,2906,2609,1643,1597,2140,1708,2540,1524,1645,2161,2157,2791,1723,2258,9123,1712,2879,2543,1497,1509,2104,1725,2560,1447,1531,2113,2342,2619,1744,3359,9390,1761,2919,2571,1597,1539,2216,1840,2565,1547,1544,2257,2220,2674,2004,2616,9274,1670,2934,2596,1550,1453,2133,1805,2599,1561,1499,2117,2249,2677,1924,3175,9374,2106,2915,2604,1592,1487,2204,2260,2695,1573,1562,2205,2255,2764,1817,4035,9449,1746,3071,2640,1584,1428,2215,1860,2703,1584,1551,2225,2224,2850,1806,3521,vips
22083,16680,14649,15180,15646,14524,15159,15435,14915,14223,15406,14909,15228,15264,15876,16228,7947,3318,1493,1698,2367,940,2086,2240,1704,1045,2353,1967,1998,1789,2703,2597,7884,3178,1497,1712,2304,913,2058,2138,1736,956,2307,1919,1871,1820,2486,2634,8055,3244,1600,1816,2294,926,2054,2166,1748,990,2333,1918,1915,1836,2473,2653,7915,3348,1402,1648,2267,907,2021,2170,1817,967,2318,1903,1923,1876,2541,2604,8034,3486,1436,1604,2354,968,2014,2216,1798,1061,2350,1933,1922,1879,2602,2621,7870,3396,1477,1505,2318,902,1945,2223,1986,951,2314,2175,1887,1815,2599,2422,7928,3450,1451,1600,2313,917,1984,2187,1981,1011,2356,1938,1884,1862,2809,2514,8061,3312,1467,1705,2376,1004,2123,2285,2199,1084,2439,2057,2050,2298,2589,2695,7927,3355,1355,1604,2402,999,2063,2231,1861,1039,2445,1955,1967,1848,2584,2616,7877,3472,1357,1610,2360,947,2107,2211,1785,1023,2377,1957,1943,1803,2578,2665,7811,3510,1399,1581,2306,919,2038,2172,1695,976,2325,1937,2107,1730,2569,2573,8288,3431,1424,1776,2393,947,2234,2243,1805,1069,2368,2198,2084,1849,2596,2640,7927,3336,1504,1707,2337,972,2193,2219,1828,1031,2358,2116,2002,1853,2584,2616,7970,3479,1573,1670,2330,944,2081,2269,1720,1056,2366,2028,2025,1819,2503,2674,8048,3401,1497,1704,2344,959,2081,2249,1695,1046,2377,2027,1949,1879,2669,2660,vips
21860,14823,16059,16139,14706,14970,14910,13680,14312,14247,14364,14903,15152,15543,14833,14862,8222,1698,2953,2928,1541,1673,1938,746,1349,1470,1567,2114,2263,2455,1783,1651,8122,2117,2968,3156,1568,1671,1978,694,1365,1435,1605,2169,2286,2368,1685,1667,8225,3984,3190,2898,1704,1673,2005,734,1374,1430,1741,2235,2275,2360,1806,1618,8144,3514,3038,2885,1769,1674,2020,744,1313,1437,1678,2268,2275,2467,2005,1822,8348,1852,3027,2958,1684,1739,2004,729,1409,1485,1610,2187,2278,2272,1833,2037,8024,1594,2948,2853,1534,1650,1922,670,1326,1405,1495,2232,2292,2176,2598,2930,8052,1640,2966,2897,1641,1708,2022,712,1359,1465,1629,2206,2285,2269,3314,2794,8143,1782,3033,2921,1703,1759,2061,771,1455,1482,1674,2324,2367,2280,2271,2112,8027,1590,2916,2910,1499,1703,1984,637,1396,1465,1541,2149,2204,2257,1837,2058,7964,1552,2977,2881,1550,1678,1973,660,1305,1448,1503,2147,2205,2276,1681,2341,7956,1505,2922,2876,1519,1682,1920,652,1274,1451,1525,2164,2270,2061,1617,1977,8102,1660,2975,2927,1628,1684,2023,679,1322,1461,1644,2230,2326,2347,1767,1704,8052,1559,2951,2831,1548,1676,1975,682,1328,1433,1597,2186,2237,2426,1716,1673,8155,1605,2931,2829,1508,1645,1922,722,1351,1460,1522,2064,2210,2430,1714,1630,8188,1552,3110,2963,1554,1645,1974,696,1336,1492,1557,2158,2205,2468,1687,1620,vips
24395,16976,15513,16089,17047,17197,16066,16200,16435,15533,16519,16007,16247,16621,16859,16797,8873,2603,1329,1449,2592,2184,1938,1993,2189,1523,2479,1992,1879,1982,2491,2423,8805,2590,1313,1665,2550,2330,1922,2011,2196,1757,2516,1994,1890,2048,2418,2421,9061,2568,1522,1564,2531,2402,1943,2044,2231,1611,2504,1939,1926,2028,2419,2379,8972,2561,1885,1586,2529,2351,1934,2028,2256,1620,2550,1989,1945,2143,2425,2431,9498,2735,1642,1636,2611,2488,2056,2045,2299,1610,2593,2041,1946,2114,2479,2425,8784,2629,1444,1325,2504,2324,1933,2103,2262,1573,2466,1905,1842,2009,2447,2337,8886,2643,1428,1484,2542,2331,2370,2193,2288,1608,2540,1988,1859,2086,2514,2427,8902,2591,1515,1521,2588,2351,2086,2815,2337,1705,2539,2074,2004,2040,2574,2411,8694,2552,1401,1585,2548,2297,2031,2885,2176,1457,2490,1997,1973,2008,2378,2319,8705,2610,1260,1601,2607,2302,1961,2440,2219,1515,2496,2022,1945,2061,2423,2458,8701,2613,1291,1738,2518,2317,1968,2106,2212,1479,2465,1960,2071,1968,2406,2350,9015,2593,1370,1726,2611,2283,2037,2090,2259,1595,2514,2092,1974,2083,2431,2446,8863,2544,1302,1525,2511,2364,1946,2020,2228,1520,2447,2096,1883,2083,2411,2346,8939,2558,1263,1418,2543,2294,1902,2030,2209,1506,2449,2008,1900,1999,2399,2376,9017,2596,1293,1513,2648,2349,1957,2125,2321,1558,2568,2027,1872,2170,2471,2420,vips
24557,15465,16644,17214,15729,16374,16120,16085,15262,16622,15008,15800,16227,16330,15612,15948,9072,1477,2814,2898,1663,1839,2374,2158,1646,3011,1452,2305,2412,1935,1627,1762,8980,1501,2796,3352,1777,1942,2378,2231,1700,2904,1600,2311,2485,1873,1574,1842,9249,1518,3215,2893,1811,2930,2374,2254,1709,3058,1551,2318,2438,1899,1550,1767,9179,1549,2868,2904,1757,6007,2350,2217,2249,3031,1616,2358,2475,1955,1675,2057,9319,1854,2890,2970,1735,5325,2394,2218,2275,3004,1604,2373,2440,2085,2191,1842,8857,2197,2884,2897,1552,2301,2315,2214,1774,2913,1556,2350,2522,1967,2566,1804,8970,2257,2844,2952,1649,1860,2340,2217,1688,3089,1544,2423,2466,1936,2586,1774,8948,1959,2893,2931,1711,1953,2408,2305,1821,3137,1654,2389,2488,2047,2836,1874,8842,1678,2841,2929,1569,1841,2348,2177,1619,2965,1628,2271,2365,1886,1889,1729,8947,1811,2791,2926,1683,1895,2363,2182,1611,3041,1672,2327,2352,1978,1649,1819,9025,1514,2836,2902,1730,1880,2390,2249,1585,3034,1554,2257,2461,1855,1503,1722,9346,1529,2808,2879,1756,1926,2472,2190,1672,3025,1797,2386,2390,1963,1672,1786,9448,1454,2797,2927,1869,1912,2372,2224,1684,2988,1641,2349,2417,1947,1608,1866,9314,1475,2797,2929,1693,1932,2355,2217,1659,3086,1528,2295,2357,1983,1600,1914,9310,1446,2935,2950,1832,1913,2341,2217,1669,3132,1516,2348,2452,2080,1582,1866,vips
26072,17093,16168,16541,16824,18701,16208,16712,16936,15908,16697,16214,16483,17267,16966,16877,10095,2399,1641,1499,2215,2576,1934,2159,2443,1600,2345,1905,2013,2247,2236,2072,10061,2448,1658,1749,2174,2796,1963,2170,2502,1979,2382,2017,2153,2313,2278,2121,10287,2496,1622,1696,2237,2790,1969,2193,2515,2672,2410,2024,2118,2353,2262,2136,10216,2444,1583,2340,2175,2768,1843,2113,2474,3301,2381,1948,1865,2348,2260,2101,11230,2622,1655,2496,2336,3044,2002,2171,2663,3644,2497,2147,2047,2526,2410,2162,9975,2431,1534,2138,2110,2687,1761,2042,2481,2002,2299,2003,1820,2202,2225,1986,10101,2424,1384,1972,2172,2739,1798,2064,2468,1970,2370,1919,1811,2265,2230,2055,10016,2463,1522,2034,2259,2762,1937,2134,2568,1891,2428,1958,1904,2244,2299,2159,9929,2485,1461,1851,2265,2801,1877,2033,2482,1746,2397,1856,1862,2318,2268,2117,9916,2422,1409,1670,2217,2751,1848,2051,2489,1708,2344,1848,1844,2380,2230,2066,9996,2433,1419,1484,2182,2761,1739,2032,2422,1598,2359,1859,1780,2226,2189,2065,10122,2436,1487,1688,2247,2741,1971,2146,2491,1677,2393,1940,1828,2319,2279,2209,10153,2461,1548,1697,2236,2784,2033,2283,2590,1689,2413,2012,1969,2345,2356,2156,10091,2383,1479,1485,2124,2616,1960,2190,2474,1558,2351,2063,1980,2236,2202,2135,10375,2463,1512,1594,2263,2827,1919,2339,2566,1646,2433,2108,2128,2487,2298,2158,vips
24311,15444,16471,16638,15833,15914,15860,16494,15321,16176,15146,15973,15850,16058,15628,16284,9124,1375,2502,2512,1775,1701,2018,2583,1407,2469,1518,2254,2002,1912,1541,2248,9478,1418,2487,2897,1858,1745,2025,2516,1674,2481,1648,2253,1992,2075,1698,2211,11173,1484,2676,2547,1893,3187,2011,2685,1737,2750,1624,2298,2032,2177,1904,2260,11557,1932,2515,2601,1879,5095,2074,2762,1573,2484,1755,2419,2041,2222,1681,2425,10167,2180,2554,2604,1868,4041,2048,2582,1604,2496,1700,2306,2003,2340,1533,2309,8411,1409,2507,2487,1868,2499,1976,2627,1463,2383,1545,2285,1948,2071,1536,2219,8575,1469,2582,2643,1984,2326,2085,2653,1537,2478,1701,2357,2069,2002,1651,2621,8836,1561,2588,2595,1930,2013,2064,2694,1537,2488,1937,2374,2053,2031,1617,2375,8237,1395,2535,2615,1817,1803,2030,2530,1403,2497,1912,2281,1973,1842,1473,2193,8446,1391,2525,2535,1923,1750,2026,2518,1394,2449,1785,2278,1967,1952,1535,2241,9142,1286,2475,2493,1860,1735,2014,2516,1387,2449,1671,2279,1948,1835,1537,2196,8807,1352,2475,2523,1863,1813,2028,2544,1431,2431,1705,2285,1991,1970,1574,2273,9385,1348,2493,2496,1831,1736,2030,2512,1448,2428,1629,2256,2000,1893,1562,2271,9569,1332,2451,2488,1819,1736,1982,2488,1523,2432,1564,2233,1955,1951,1546,2196,9354,1393,2570,2594,2005,1791,2102,2958,1467,2504,1601,2452,2051,2092,1666,2308,vips
