From router 0 to router 0,From router 0 to router 1,From router 0 to router 2,From router 0 to router 3,From router 0 to router 4,From router 0 to router 5,From router 0 to router 6,From router 0 to router 7,From router 0 to router 8,From router 0 to router 9,From router 0 to router 10,From router 0 to router 11,From router 0 to router 12,From router 0 to router 13,From router 0 to router 14,From router 0 to router 15,From router 1 to router 0,From router 1 to router 1,From router 1 to router 2,From router 1 to router 3,From router 1 to router 4,From router 1 to router 5,From router 1 to router 6,From router 1 to router 7,From router 1 to router 8,From router 1 to router 9,From router 1 to router 10,From router 1 to router 11,From router 1 to router 12,From router 1 to router 13,From router 1 to router 14,From router 1 to router 15,From router 2 to router 0,From router 2 to router 1,From router 2 to router 2,From router 2 to router 3,From router 2 to router 4,From router 2 to router 5,From router 2 to router 6,From router 2 to router 7,From router 2 to router 8,From router 2 to router 9,From router 2 to router 10,From router 2 to router 11,From router 2 to router 12,From router 2 to router 13,From router 2 to router 14,From router 2 to router 15,From router 3 to router 0,From router 3 to router 1,From router 3 to router 2,From router 3 to router 3,From router 3 to router 4,From router 3 to router 5,From router 3 to router 6,From router 3 to router 7,From router 3 to router 8,From router 3 to router 9,From router 3 to router 10,From router 3 to router 11,From router 3 to router 12,From router 3 to router 13,From router 3 to router 14,From router 3 to router 15,From router 4 to router 0,From router 4 to router 1,From router 4 to router 2,From router 4 to router 3,From router 4 to router 4,From router 4 to router 5,From router 4 to router 6,From router 4 to router 7,From router 4 to router 8,From router 4 to router 9,From router 4 to router 10,From router 4 to router 11,From router 4 to router 12,From router 4 to router 13,From router 4 to router 14,From router 4 to router 15,From router 5 to router 0,From router 5 to router 1,From router 5 to router 2,From router 5 to router 3,From router 5 to router 4,From router 5 to router 5,From router 5 to router 6,From router 5 to router 7,From router 5 to router 8,From router 5 to router 9,From router 5 to router 10,From router 5 to router 11,From router 5 to router 12,From router 5 to router 13,From router 5 to router 14,From router 5 to router 15,From router 6 to router 0,From router 6 to router 1,From router 6 to router 2,From router 6 to router 3,From router 6 to router 4,From router 6 to router 5,From router 6 to router 6,From router 6 to router 7,From router 6 to router 8,From router 6 to router 9,From router 6 to router 10,From router 6 to router 11,From router 6 to router 12,From router 6 to router 13,From router 6 to router 14,From router 6 to router 15,From router 7 to router 0,From router 7 to router 1,From router 7 to router 2,From router 7 to router 3,From router 7 to router 4,From router 7 to router 5,From router 7 to router 6,From router 7 to router 7,From router 7 to router 8,From router 7 to router 9,From router 7 to router 10,From router 7 to router 11,From router 7 to router 12,From router 7 to router 13,From router 7 to router 14,From router 7 to router 15,From router 8 to router 0,From router 8 to router 1,From router 8 to router 2,From router 8 to router 3,From router 8 to router 4,From router 8 to router 5,From router 8 to router 6,From router 8 to router 7,From router 8 to router 8,From router 8 to router 9,From router 8 to router 10,From router 8 to router 11,From router 8 to router 12,From router 8 to router 13,From router 8 to router 14,From router 8 to router 15,From router 9 to router 0,From router 9 to router 1,From router 9 to router 2,From router 9 to router 3,From router 9 to router 4,From router 9 to router 5,From router 9 to router 6,From router 9 to router 7,From router 9 to router 8,From router 9 to router 9,From router 9 to router 10,From router 9 to router 11,From router 9 to router 12,From router 9 to router 13,From router 9 to router 14,From router 9 to router 15,From router 10 to router 0,From router 10 to router 1,From router 10 to router 2,From router 10 to router 3,From router 10 to router 4,From router 10 to router 5,From router 10 to router 6,From router 10 to router 7,From router 10 to router 8,From router 10 to router 9,From router 10 to router 10,From router 10 to router 11,From router 10 to router 12,From router 10 to router 13,From router 10 to router 14,From router 10 to router 15,From router 11 to router 0,From router 11 to router 1,From router 11 to router 2,From router 11 to router 3,From router 11 to router 4,From router 11 to router 5,From router 11 to router 6,From router 11 to router 7,From router 11 to router 8,From router 11 to router 9,From router 11 to router 10,From router 11 to router 11,From router 11 to router 12,From router 11 to router 13,From router 11 to router 14,From router 11 to router 15,From router 12 to router 0,From router 12 to router 1,From router 12 to router 2,From router 12 to router 3,From router 12 to router 4,From router 12 to router 5,From router 12 to router 6,From router 12 to router 7,From router 12 to router 8,From router 12 to router 9,From router 12 to router 10,From router 12 to router 11,From router 12 to router 12,From router 12 to router 13,From router 12 to router 14,From router 12 to router 15,From router 13 to router 0,From router 13 to router 1,From router 13 to router 2,From router 13 to router 3,From router 13 to router 4,From router 13 to router 5,From router 13 to router 6,From router 13 to router 7,From router 13 to router 8,From router 13 to router 9,From router 13 to router 10,From router 13 to router 11,From router 13 to router 12,From router 13 to router 13,From router 13 to router 14,From router 13 to router 15,From router 14 to router 0,From router 14 to router 1,From router 14 to router 2,From router 14 to router 3,From router 14 to router 4,From router 14 to router 5,From router 14 to router 6,From router 14 to router 7,From router 14 to router 8,From router 14 to router 9,From router 14 to router 10,From router 14 to router 11,From router 14 to router 12,From router 14 to router 13,From router 14 to router 14,From router 14 to router 15,From router 15 to router 0,From router 15 to router 1,From router 15 to router 2,From router 15 to router 3,From router 15 to router 4,From router 15 to router 5,From router 15 to router 6,From router 15 to router 7,From router 15 to router 8,From router 15 to router 9,From router 15 to router 10,From router 15 to router 11,From router 15 to router 12,From router 15 to router 13,From router 15 to router 14,From router 15 to router 15,Applications (Label Classes)
3763,2437,2344,7008,2417,2471,4377,6106,2349,2349,2291,2311,2339,2387,2413,2521,1240,13,25,3647,31,52,2415,1745,30,29,22,31,27,44,36,32,1185,6,5,3643,23,43,1236,1921,26,23,25,17,25,22,22,23,1335,146,73,3106,163,259,2010,2850,120,134,104,112,143,210,179,196,1214,14,26,3274,26,53,698,2198,28,25,23,27,32,41,34,39,1233,25,27,3285,40,53,784,2183,45,34,36,37,41,57,48,48,1207,52,63,3097,59,75,2291,1781,62,62,51,46,49,54,53,64,1222,42,41,3533,73,55,1508,1737,48,26,50,27,67,45,46,49,1183,9,19,2900,20,48,1423,1780,28,23,25,22,28,30,27,37,1181,11,16,2543,21,37,3887,1703,22,20,28,20,18,29,19,29,1142,6,14,3448,20,28,3167,1944,14,15,17,23,18,25,16,21,1154,10,15,2820,18,27,2065,1976,11,11,15,19,22,26,22,22,1173,9,23,2997,19,41,2541,2103,28,26,23,28,29,46,28,35,1186,12,19,3106,22,52,2090,2046,25,24,25,31,33,50,38,40,1208,12,23,3185,23,55,1891,2031,31,21,23,24,28,40,26,29,1269,10,19,3331,23,35,2585,2236,21,19,22,18,24,34,33,32,ferret_pipeline
111,1042,12,42,101,40,14,24,18,21,11,15,35,36,1103,60,16,4316,4,1,11,1,2,1,2,1,1,1,2,2,4329,2,12,10755,0,2,14,0,0,0,1,1,1,1,3,1,10056,4,27,7176,0,2,16,2,0,2,1,1,2,1,1,2,4107,3,35,3844,2,4,31,4,3,2,3,3,3,4,6,2,4075,10,23,1718,2,3,11,1,1,2,1,2,0,0,3,1,2857,5,10,1150,0,0,20,2,0,0,0,0,1,0,1,1,1839,2,16,878,0,1,15,1,2,1,0,1,0,1,3,1,1101,3,14,809,0,0,11,1,1,1,0,1,0,0,1,1,1010,2,15,802,0,2,8,1,0,1,0,0,0,0,1,2,976,2,9,796,1,2,15,0,0,0,0,0,1,0,1,1,970,2,12,786,0,1,9,0,1,1,0,0,0,0,1,2,972,2,22,780,1,0,27,3,1,2,1,2,1,1,2,2,984,3,23,791,2,0,13,0,2,2,0,3,0,1,2,0,984,3,22,787,2,1,46,1,2,2,2,4,2,2,2,1,965,2,34,801,1,3,58,2,2,4,4,2,3,2,3,3,990,4,ferret_pipeline
125,1156,15,50,86,43,13,17,16,47,10,18,59,31,845,70,18,4795,1,1,5,2,1,1,2,8,1,1,5,2,4190,3,13,10404,0,1,2,2,1,2,0,6,1,0,6,2,11592,2,30,7343,1,4,4,0,1,0,3,10,0,2,10,2,14385,4,52,4077,4,7,12,1,2,2,3,25,2,0,24,4,7860,7,29,2503,0,2,5,3,2,1,1,10,0,1,5,4,2940,4,13,1322,0,2,5,1,1,0,2,10,0,0,6,2,691,2,13,1086,0,3,4,1,0,1,1,4,0,0,6,1,671,2,11,1002,1,4,4,1,0,0,2,10,0,1,7,0,626,3,19,980,1,0,9,3,0,0,1,1,1,3,28,0,602,10,9,965,0,1,2,1,0,0,0,7,0,0,7,0,598,4,15,982,1,2,4,1,0,1,0,9,0,2,5,0,634,4,25,984,2,1,6,3,0,2,1,21,1,1,22,3,618,7,22,992,0,4,6,3,0,0,1,5,1,1,7,4,596,1,24,963,1,1,6,4,3,1,2,32,1,1,35,2,601,1,42,987,3,4,9,5,2,0,2,17,2,2,23,1,651,4,ferret_pipeline
94,1706,19,27,61,33,17,23,25,24,14,16,49,35,1337,52,16,4056,1,1,4,1,1,2,1,1,1,2,3,2,4130,1,13,7541,0,4,2,0,0,0,0,0,2,1,2,1,10126,1,19,4046,0,1,3,2,1,3,0,2,1,1,0,2,7256,1,35,3072,2,4,4,4,2,3,2,4,1,5,5,2,4361,3,19,2753,2,1,0,3,1,1,1,1,1,0,4,0,2829,1,11,1899,0,0,2,1,1,0,0,0,0,0,0,0,1421,2,14,1712,2,1,0,1,0,0,2,1,0,0,0,2,1268,1,15,1604,0,0,3,0,1,2,0,1,1,0,2,2,1196,2,17,1571,1,3,6,1,2,4,1,1,0,0,6,1,1177,6,10,1530,0,0,1,1,0,0,1,0,0,1,1,1,1158,1,11,1549,1,1,1,0,0,0,1,0,1,0,1,0,1150,0,31,1545,1,4,7,4,1,3,1,2,1,2,8,2,1210,8,19,1547,2,0,1,2,3,2,2,1,1,0,3,0,1177,1,19,1517,3,4,3,1,1,2,2,3,1,1,4,2,1149,2,30,1513,1,2,3,2,2,3,2,2,1,2,3,1,1156,1,ferret_pipeline
88,1633,8,38,60,27,14,18,11,10,8,7,54,39,844,21,10,3959,1,2,2,1,2,1,2,3,2,1,1,1,4634,1,10,8662,1,2,1,1,1,0,2,2,0,0,1,1,12129,1,23,5954,3,3,2,2,1,2,1,0,1,3,1,1,10429,2,34,4158,2,2,3,2,3,3,2,2,2,3,2,2,5873,1,19,3081,0,2,1,3,2,1,0,1,1,1,1,3,2237,1,15,1803,0,1,2,0,0,2,0,1,0,2,2,0,761,2,12,1508,0,1,5,2,1,0,0,1,0,1,1,1,668,1,10,1406,0,0,0,1,0,0,0,0,0,0,2,1,611,0,10,1359,0,1,5,1,0,1,0,1,0,0,1,1,605,0,8,1347,0,1,2,0,0,0,0,0,0,0,2,2,603,0,7,1354,0,2,4,1,2,1,0,0,0,0,2,3,627,0,30,1350,1,2,7,1,1,1,2,1,2,2,2,4,620,1,25,1344,1,3,3,1,0,1,0,0,2,2,4,2,626,1,18,1323,1,2,2,2,1,3,2,1,1,2,2,3,619,1,14,1337,1,2,2,0,0,1,1,0,0,0,1,1,675,1,ferret_pipeline
109,1669,15,28,55,84,14,27,35,30,10,8,51,38,1530,40,14,2956,2,2,4,16,1,2,1,1,1,1,3,1,3556,2,13,6794,1,2,3,16,0,2,1,0,0,1,2,0,8515,2,21,2316,0,1,4,14,2,1,1,0,0,0,3,1,4923,2,32,1867,0,2,5,28,1,2,3,1,2,1,7,3,4131,5,31,1921,3,2,5,7,1,2,2,3,2,1,4,5,2898,8,9,1846,1,1,3,13,0,0,1,1,0,0,1,3,2354,1,17,1705,1,1,4,13,1,3,0,1,1,0,1,0,1484,1,20,1608,1,2,4,12,1,0,2,3,1,1,1,2,1396,2,20,1536,1,0,2,12,1,0,2,0,0,1,2,1,1363,2,10,1532,0,1,2,12,1,1,1,1,0,0,1,2,1364,2,8,1546,0,1,2,8,0,0,1,1,0,0,1,0,1339,2,30,1546,1,2,4,36,2,1,2,2,1,1,2,1,1388,1,24,1531,1,1,3,12,1,1,3,1,1,1,2,2,1380,2,34,1525,3,1,4,44,3,2,3,3,2,2,1,2,1359,1,23,1518,0,2,3,28,3,2,2,2,2,1,2,1,1364,4,ferret_pipeline
114,1152,20,30,54,48,15,58,20,20,9,12,27,23,1200,38,15,3841,3,1,3,1,1,5,2,3,1,1,4,2,4389,2,17,9997,0,3,1,1,0,9,0,0,0,0,3,1,10283,1,19,6320,2,3,3,3,1,15,1,2,0,1,3,3,6608,2,33,3209,2,2,2,3,2,24,1,3,3,0,3,5,4151,2,31,1928,4,5,9,3,3,13,1,0,3,1,6,1,3139,5,12,1100,0,3,1,2,1,12,1,0,1,0,2,1,1145,2,21,1082,1,1,4,3,1,4,2,3,2,3,4,2,1079,4,16,1001,2,0,2,2,1,11,0,0,1,0,2,2,1012,2,17,972,0,1,2,1,0,7,1,1,1,0,2,0,987,2,7,959,0,2,2,0,0,7,1,0,0,1,1,1,958,2,10,995,2,1,2,0,0,6,0,0,0,2,1,1,977,1,20,977,1,2,5,3,1,17,1,2,1,1,2,2,1012,2,19,983,1,0,3,3,2,6,1,1,2,0,2,0,985,1,30,961,3,5,2,4,2,43,3,2,3,2,3,4,970,4,21,982,2,1,2,3,1,16,1,2,2,2,2,1,989,2,ferret_pipeline
97,1351,12,43,45,40,23,33,23,18,6,14,45,41,1530,36,17,4528,1,2,1,2,2,2,2,1,2,1,2,1,5165,1,11,9832,0,2,1,1,0,0,0,0,0,1,1,4,9660,1,27,6781,1,2,2,1,2,2,0,4,3,0,3,1,6393,3,26,3780,2,3,2,2,0,4,2,1,0,3,2,0,4962,3,25,3093,0,2,2,2,1,3,2,3,1,0,2,2,3387,1,16,1378,0,1,0,2,1,1,3,0,0,0,0,1,2191,3,22,1299,4,3,8,4,4,0,1,1,0,0,4,1,1484,5,15,1221,0,1,2,1,2,1,1,0,1,1,1,1,1387,0,15,1202,0,2,2,1,0,1,0,1,0,0,1,1,1349,2,8,1153,1,1,1,1,0,0,1,0,0,0,1,0,1342,1,12,1156,0,1,1,0,0,0,0,0,1,0,1,1,1354,0,31,1178,2,3,3,1,1,2,1,1,1,1,2,2,1368,2,23,1192,0,4,2,2,1,1,2,1,1,0,2,2,1351,1,23,1155,2,1,1,1,2,2,1,3,2,3,3,1,1362,2,22,1157,1,3,4,1,2,1,1,1,1,0,2,1,1374,0,ferret_pipeline
91,1668,16,36,53,45,28,28,27,26,5,12,54,41,2072,43,18,4303,1,3,2,2,1,2,2,1,1,2,2,2,3910,2,13,7525,0,2,1,2,1,2,0,2,1,0,0,1,6569,1,23,3085,1,2,3,4,1,0,0,0,0,1,2,1,3196,1,33,2607,1,3,1,2,0,1,3,1,3,2,2,3,3203,1,31,2482,1,1,6,2,2,2,1,2,0,2,2,0,3177,2,20,2140,2,1,3,1,1,1,0,2,0,1,1,2,2494,1,21,1716,1,1,3,1,1,1,0,1,1,0,1,3,2085,2,16,1602,1,2,1,1,1,0,1,0,0,1,2,3,1998,1,17,1557,0,2,2,3,1,1,2,2,1,0,1,1,1919,0,5,1556,0,0,2,0,0,1,0,1,0,0,1,1,1899,0,9,1537,0,0,1,2,1,0,2,0,0,0,1,1,1921,2,30,1518,1,2,1,3,1,1,2,1,1,1,2,3,1929,2,24,1530,5,1,2,0,2,2,1,0,1,2,3,4,1902,2,22,1525,1,2,3,3,2,2,2,1,2,1,1,2,1882,1,24,1513,0,2,1,2,0,3,1,1,0,2,2,1,1919,2,ferret_pipeline
105,1109,15,54,60,50,18,21,24,25,8,10,57,42,1404,37,18,3938,4,1,4,1,2,2,1,2,2,1,5,3,3872,2,13,10061,0,1,4,1,1,1,1,0,1,1,1,1,9302,2,31,10226,2,1,3,2,1,2,3,2,2,1,2,2,7344,5,34,5005,1,2,3,3,4,2,2,1,1,2,4,4,4414,5,28,1645,3,5,4,3,2,1,2,1,1,0,4,5,2632,4,14,908,0,2,1,1,1,2,1,0,1,0,2,1,1287,3,17,887,1,3,5,1,1,1,0,1,0,1,2,0,1250,1,16,815,0,1,3,2,0,0,2,1,0,1,1,2,1191,3,18,785,2,3,2,2,3,0,1,2,0,1,1,2,1146,3,9,791,1,2,2,1,1,1,1,0,0,0,2,2,1130,1,9,817,1,0,4,1,0,2,2,1,0,0,2,3,1168,1,36,793,1,3,4,4,2,2,1,1,2,2,2,2,1180,3,26,783,0,1,4,2,1,1,3,2,0,1,1,1,1176,3,24,782,3,3,3,1,2,3,2,3,2,2,3,5,1150,3,22,835,1,3,2,4,4,2,3,2,1,1,3,5,1185,6,ferret_pipeline
100,1865,17,47,75,37,17,20,46,17,10,9,50,25,1005,58,16,2939,1,2,4,1,1,2,9,1,1,2,4,1,3518,2,13,6573,0,4,3,1,0,0,10,1,0,1,3,0,10910,2,30,3302,3,4,3,2,1,4,13,1,1,2,4,3,7834,3,43,2499,4,3,4,5,1,4,21,4,4,2,7,4,4367,4,27,2273,1,1,3,3,2,2,5,2,1,1,3,4,2503,2,12,2146,0,0,1,2,1,0,9,1,0,0,2,2,1122,2,16,1946,0,1,5,1,0,2,8,0,1,0,2,1,909,2,18,1822,1,2,4,1,2,1,3,1,0,1,4,0,837,4,16,1728,1,1,4,3,0,1,3,0,2,0,1,1,798,3,9,1711,0,1,3,2,0,0,6,1,0,0,1,0,807,3,9,1723,0,3,2,0,0,0,7,0,0,0,1,0,799,2,30,1713,1,2,6,1,1,1,26,1,1,1,2,2,822,3,19,1713,0,2,2,5,2,0,5,1,1,1,1,2,808,1,33,1690,1,1,2,2,2,2,42,2,2,3,1,2,788,2,31,1686,2,3,6,2,2,0,20,3,3,2,3,1,801,3,ferret_pipeline
5769,3717,3682,7298,3689,3655,5298,8603,7378,3539,3499,3519,3518,3589,3679,3734,1881,17,56,2902,43,38,1177,3624,1946,35,16,18,24,21,25,37,1831,20,54,2905,33,23,1169,3911,2270,17,9,5,10,9,23,23,1959,136,152,2514,189,150,1356,4347,2390,108,31,28,53,43,81,166,1845,16,47,2731,71,52,1039,4131,2312,31,13,16,26,19,30,37,1850,20,60,2644,60,45,1013,4269,2405,54,16,16,21,17,25,42,1801,68,73,2569,61,55,1169,3776,2094,39,31,33,38,24,51,55,1804,76,57,2543,65,29,1111,3681,2233,20,34,4,40,13,39,21,1803,87,66,2767,92,59,1339,4220,1892,33,17,32,43,12,43,32,1763,15,39,2139,30,25,1356,3556,1695,20,14,8,17,16,15,25,1768,16,39,2649,25,21,1341,3869,2122,23,6,6,15,14,14,17,1772,14,39,2282,24,19,1060,3914,2139,16,9,4,12,13,12,17,1778,13,42,2373,44,27,1485,3899,2195,27,14,6,14,14,17,27,1817,19,42,2460,51,32,1236,3948,2479,33,23,17,25,24,22,37,1856,14,49,2556,69,25,1164,3827,2360,20,17,10,17,16,20,36,1887,19,49,2650,60,26,1258,3942,2402,23,10,10,16,15,25,29,ferret_pipeline
126,2065,50,37,60,43,13,17,20,21,7,13,47,70,1729,67,15,3305,8,1,2,2,2,3,1,1,1,1,3,3,3959,4,21,5847,9,0,3,3,1,2,1,1,1,4,7,27,8010,10,25,2657,6,2,3,3,0,0,1,1,1,0,4,10,3683,4,38,2485,24,3,2,2,1,3,1,3,0,1,4,21,3183,5,26,2487,2,2,4,1,1,1,2,2,2,1,2,9,2918,5,10,2184,5,0,2,1,1,0,0,1,0,1,1,10,2044,3,12,2101,3,3,2,2,0,0,0,0,0,1,3,10,1724,2,23,2002,20,1,6,1,2,0,0,1,1,0,5,14,1615,7,15,1934,5,1,2,1,1,0,1,2,0,0,2,10,1536,2,8,1894,6,1,2,1,1,0,0,0,0,1,2,10,1530,2,11,1926,3,1,1,1,0,0,1,0,1,0,2,6,1549,3,29,1912,26,2,4,2,2,2,2,1,1,0,2,18,1555,3,28,1901,6,3,7,1,1,1,1,1,1,2,5,6,1541,7,37,1881,36,4,4,5,3,3,4,3,5,3,2,39,1519,2,40,1886,35,3,4,3,2,2,1,1,1,2,2,16,1556,4,ferret_pipeline
134,1872,26,25,61,41,15,23,12,13,11,19,36,48,1143,66,18,3418,2,1,5,1,1,1,2,2,1,2,2,1,3935,1,16,7570,1,2,7,0,2,1,0,1,0,1,0,1,11011,5,16,2561,1,0,3,2,1,2,1,0,0,1,1,2,11055,1,33,2556,1,4,5,3,3,1,1,2,1,1,3,5,7127,4,25,2521,4,1,5,3,2,1,1,0,0,3,2,2,2253,2,13,2373,2,2,3,2,0,1,0,0,0,1,1,1,1070,1,15,1950,3,1,3,1,1,2,0,2,1,0,1,1,869,2,11,1791,0,0,5,0,0,2,0,1,0,2,0,2,813,2,11,1732,2,0,3,2,0,1,2,0,0,1,1,2,801,1,10,1738,1,0,1,0,0,1,0,0,0,0,1,0,786,1,15,1734,1,0,2,2,2,1,1,0,0,2,2,1,803,2,23,1711,1,2,3,3,2,1,1,1,2,2,1,2,804,3,32,1716,2,2,9,4,2,2,2,5,2,2,5,1,818,15,29,1693,5,3,5,1,2,4,1,1,2,1,2,4,798,3,36,1695,2,2,3,3,2,3,3,1,1,2,3,4,863,2,ferret_pipeline
121,1690,25,41,63,30,17,19,20,21,15,54,54,48,2109,57,20,2741,1,2,2,1,3,2,1,1,1,11,5,1,2932,4,19,4819,0,2,4,1,0,0,1,0,1,9,2,2,4971,2,29,2295,1,1,3,0,2,1,2,0,0,13,3,2,4387,4,40,2043,2,3,3,3,1,2,1,3,1,22,4,2,3485,5,21,1991,0,2,1,2,1,1,0,2,0,10,4,2,2891,3,14,1881,0,2,3,0,0,1,2,0,0,12,2,3,2111,3,14,1721,0,0,0,2,1,1,2,0,0,6,2,3,2089,3,14,1610,1,3,2,1,2,0,1,0,0,6,2,3,2025,3,13,1551,0,2,3,0,0,1,0,1,0,5,2,2,1910,5,11,1521,1,1,3,1,0,0,0,0,0,6,2,1,1887,3,18,1563,0,0,2,1,0,1,0,1,1,0,5,3,1920,3,32,1530,1,2,4,2,1,1,1,2,1,19,2,1,1937,5,30,1547,1,1,8,2,3,2,4,1,2,11,3,2,1889,2,36,1518,1,1,2,3,2,2,2,2,1,35,2,2,1873,2,34,1523,3,1,6,2,2,1,2,4,1,22,4,2,1898,5,ferret_pipeline
108,1686,28,66,49,35,28,27,24,30,12,30,39,46,2217,53,21,4328,2,3,3,3,1,2,2,1,1,1,3,1,2309,2,20,8295,2,11,1,2,0,1,1,1,0,2,2,0,3869,2,25,3247,1,4,5,3,2,3,1,4,1,4,4,4,2155,12,27,2564,2,20,4,0,1,2,2,1,2,2,0,1,2236,4,21,2450,0,5,2,1,0,3,0,0,1,0,0,4,2309,1,18,1839,0,5,1,2,1,0,0,2,0,1,1,0,2203,0,18,1698,1,3,1,0,1,0,1,0,0,2,1,2,2168,1,16,1608,0,4,1,0,0,2,1,1,1,2,0,1,2110,2,21,1535,0,3,0,1,2,0,1,0,1,1,0,0,2034,1,10,1540,1,2,0,0,0,1,1,2,0,0,0,2,2005,1,22,1556,2,22,9,2,2,4,3,3,1,2,0,1,2060,6,23,1558,2,19,2,2,1,2,2,2,1,1,1,3,2052,2,27,1541,2,9,0,1,1,2,1,1,2,2,1,2,2012,2,33,1528,3,33,3,3,1,2,3,4,4,3,2,3,2006,2,30,1520,4,26,2,2,2,4,1,1,2,1,2,2,2029,5,ferret_pipeline
111,1719,20,41,57,55,30,23,33,29,26,33,57,46,1580,59,19,4974,2,1,2,1,1,1,1,1,1,2,2,1,3606,2,14,9508,1,1,1,1,0,1,0,3,0,1,1,1,7090,2,21,4600,0,2,3,3,0,0,1,1,0,0,2,0,3144,3,31,3930,1,2,3,3,1,1,1,2,2,2,2,3,2824,2,33,3636,2,3,1,3,1,0,3,2,1,2,3,1,2728,4,18,2274,0,0,0,2,1,1,1,0,0,0,1,2,2091,2,18,1722,1,1,2,1,0,0,1,1,0,0,1,0,1601,1,20,1603,0,0,3,2,0,1,0,2,0,0,2,2,1495,1,18,1578,0,1,2,2,0,0,1,0,0,1,3,0,1454,1,16,1545,0,0,2,1,0,0,0,0,0,1,2,1,1418,2,20,1541,1,0,5,1,1,0,0,1,1,0,1,2,1432,2,32,1557,2,1,2,2,2,1,1,2,1,2,2,2,1425,2,28,1583,0,0,4,4,0,2,0,0,0,3,3,0,1429,2,25,1518,4,5,3,2,4,4,2,1,1,2,3,1,1408,1,32,1538,2,3,2,4,1,1,2,1,1,2,2,3,1434,0,ferret_pipeline
101,1670,18,32,37,28,16,16,17,22,10,15,76,47,1509,49,12,3532,1,2,1,1,1,1,1,3,1,1,2,1,3516,1,14,6803,1,1,2,2,1,0,0,1,0,0,1,0,8196,0,26,2266,1,3,6,1,1,2,1,0,1,1,2,4,3604,1,28,2121,1,1,2,1,1,2,1,2,0,1,2,3,3059,1,18,2029,0,0,1,1,1,1,0,1,1,1,2,2,2777,1,11,1822,0,1,2,0,1,0,0,1,0,0,2,1,1814,1,11,1684,0,0,1,0,0,0,1,0,0,1,2,3,1504,1,12,1585,0,0,2,1,1,0,2,0,0,0,2,1,1409,0,15,1540,2,2,2,0,2,1,0,2,0,0,2,2,1362,0,8,1534,0,1,0,1,0,0,0,0,0,0,1,1,1348,1,18,1549,0,0,4,1,0,0,0,1,0,0,3,2,1363,1,44,1535,1,3,2,1,2,2,2,1,2,2,4,3,1374,4,28,1537,1,1,4,1,3,2,3,2,1,1,3,0,1350,3,24,1575,1,1,1,2,2,1,3,3,3,1,1,1,1333,2,29,1521,1,0,2,1,2,1,0,0,2,1,2,2,1368,4,ferret_pipeline
104,1325,14,23,50,31,14,19,19,15,9,20,52,47,1331,27,13,4687,1,2,2,1,2,3,1,1,2,2,2,1,3850,1,13,9569,0,2,2,1,1,2,0,1,0,1,2,3,8417,1,20,6143,1,1,1,1,0,1,0,2,0,0,1,2,2835,1,25,4013,3,2,0,1,2,3,2,2,0,1,4,0,2498,1,19,2881,2,2,4,1,1,1,0,1,0,1,2,2,2285,3,12,1447,1,2,0,2,0,0,0,0,0,2,1,2,1869,1,13,1277,0,3,2,1,0,2,0,0,0,0,1,1,1336,0,14,1205,2,1,0,2,0,1,0,2,0,0,2,1,1261,0,13,1172,0,0,2,1,1,0,1,0,0,2,1,1,1194,2,9,1158,0,0,1,0,0,0,0,0,0,0,1,1,1213,0,17,1170,1,1,2,0,1,1,1,0,0,2,1,2,1223,0,30,1175,1,1,2,3,2,1,2,3,1,1,2,3,1233,1,29,1168,0,5,2,2,0,2,0,1,2,3,2,4,1211,2,18,1146,1,3,2,4,1,1,2,2,1,2,1,2,1201,2,17,1168,0,1,1,1,0,0,0,2,1,0,3,2,1215,2,ferret_pipeline
440,1653,146,156,531,347,132,119,106,101,134,135,173,157,1587,131,149,1535,2,3,278,70,5,2,3,3,14,5,4,2,4497,4,161,2143,0,4,238,78,5,1,3,3,10,4,4,1,7253,1,170,1406,0,2,225,91,3,2,2,1,4,0,3,1,3304,2,197,1428,1,6,245,83,1,5,1,1,12,4,6,6,2754,4,186,1476,5,4,255,87,4,5,3,1,7,2,6,3,2751,3,126,1423,0,2,225,63,2,0,1,3,7,0,3,4,2287,1,139,1399,2,2,210,75,2,0,0,0,4,2,2,5,1455,1,133,1352,1,4,206,74,1,0,2,2,4,2,4,4,1363,1,125,1284,1,2,208,84,0,0,1,0,0,0,5,3,1315,3,128,1316,0,3,248,91,0,1,3,0,3,1,3,1,1308,4,142,1328,1,2,217,78,2,0,0,0,2,1,2,2,1317,1,155,1307,3,3,273,80,1,2,2,1,6,2,7,3,1312,3,149,1315,3,2,242,56,3,2,3,2,4,3,4,5,1309,4,152,1338,5,3,232,67,4,3,2,3,7,3,4,2,1301,2,176,1328,1,2,265,88,2,0,1,2,5,5,5,3,1332,1,ferret_pipeline
208,124,28,63,89,78,29,55,39,36,31,32,43,57,1714,71,56,30,5,7,28,20,4,22,3,5,7,9,7,7,3220,14,30,32,1,3,17,15,0,5,1,0,2,0,0,3,7432,3,53,46,2,4,14,18,3,14,5,5,3,9,5,8,2648,6,56,65,2,3,15,17,3,14,3,4,3,2,6,2,2626,3,48,43,2,3,18,13,3,7,0,3,4,3,3,3,2564,5,25,41,0,1,11,12,0,11,2,0,3,3,1,1,1958,4,38,47,1,6,15,15,4,6,5,3,6,4,3,3,1684,4,35,43,3,1,15,15,2,13,1,3,3,0,2,0,1594,3,38,42,2,4,19,16,0,11,1,2,4,2,2,2,1563,1,26,42,1,0,15,14,2,14,4,3,3,5,3,6,1543,5,28,30,2,3,7,13,0,9,1,2,2,1,5,3,1545,5,37,48,1,3,12,13,2,12,2,3,2,3,2,4,1559,1,49,38,2,3,14,15,4,14,3,3,4,3,4,3,1545,2,42,71,3,1,14,13,4,10,2,4,2,2,3,2,1536,4,56,56,4,6,13,19,3,10,2,2,3,4,2,2,1539,3,ferret_pipeline
123,42,13,34,40,49,27,22,19,19,16,20,23,39,2002,27,25,3,4,3,3,2,2,2,3,1,2,2,1,3,2800,3,15,5,0,4,3,3,1,0,0,1,1,0,2,3,7295,1,24,9,4,4,3,1,0,3,1,1,2,0,2,1,2208,1,29,2,0,1,3,7,2,2,2,1,2,2,0,3,2256,2,31,3,3,1,3,1,5,0,3,1,1,0,3,2,2269,1,18,2,0,1,1,3,2,3,2,2,2,0,2,0,2180,0,18,4,2,2,0,0,0,1,2,1,0,1,1,1,1983,1,15,0,1,2,1,1,1,1,0,3,1,0,1,2,1910,1,13,0,1,0,0,3,1,1,1,0,3,0,1,2,1839,1,15,1,2,3,2,3,2,1,2,1,3,3,1,2,1846,2,14,1,0,1,3,1,1,0,1,1,2,1,2,1,1871,0,16,3,0,2,1,4,2,1,2,1,1,0,1,4,1871,0,25,6,3,2,0,2,0,1,0,1,2,2,1,3,1826,3,18,3,3,4,1,2,1,3,2,1,2,2,2,2,1817,3,17,1,2,2,2,2,1,2,1,1,2,0,0,3,1847,0,ferret_pipeline
3391,2206,2132,3993,2144,2158,4090,2308,2406,2171,2034,2080,2087,2155,2179,2211,1111,15,27,1829,21,17,2214,141,175,39,12,11,12,17,13,16,1060,15,24,1825,18,15,1387,145,212,62,13,11,14,17,13,18,1107,18,41,1827,20,20,1778,167,171,58,13,17,16,14,22,24,1084,16,37,1824,19,23,918,150,179,54,11,8,16,19,15,17,1094,23,30,1831,20,17,851,153,206,57,15,13,10,22,18,21,1069,32,58,1834,36,34,1381,149,189,90,30,28,30,38,31,35,1085,11,27,1816,11,9,1361,133,155,53,9,10,15,11,9,14,1078,20,45,1829,15,20,2298,129,157,54,10,10,12,12,16,21,1071,13,43,1821,13,13,3581,143,156,36,10,4,4,9,10,10,1024,7,28,1818,13,8,2785,140,160,54,6,5,5,8,7,9,1046,8,19,1810,12,8,1890,128,173,55,4,3,9,7,6,8,1055,11,27,1820,13,11,2767,124,178,53,8,8,9,12,10,11,1084,13,35,1822,18,17,1877,156,207,60,10,5,9,10,13,12,1100,16,32,1817,20,14,1940,150,206,53,10,10,7,11,13,16,1114,18,29,1820,16,11,2452,171,194,38,10,10,8,15,11,11,ferret_pipeline
114,31,10,38,35,22,15,40,19,18,19,9,20,32,2137,29,15,2,4,5,5,2,3,3,3,4,3,1,1,3,2302,2,8,0,0,3,1,1,0,7,0,1,2,1,0,0,4146,0,20,1,2,2,1,3,4,29,3,1,4,2,1,1,2128,2,21,1,3,5,2,3,0,14,1,1,2,2,3,1,2189,1,15,1,1,5,1,3,3,7,0,1,1,0,1,1,2249,0,13,0,1,6,1,1,0,5,0,0,1,0,0,1,2188,1,16,1,0,19,8,3,1,11,4,1,6,3,2,3,2109,2,11,1,0,3,1,0,0,9,0,2,2,1,0,1,2052,0,12,0,1,2,2,0,1,8,0,0,3,0,0,1,1966,0,14,2,2,4,2,1,2,14,2,1,3,4,3,1,1948,2,10,3,0,2,3,0,0,5,0,0,1,0,2,1,1994,0,14,2,2,1,3,1,0,13,0,0,3,0,2,3,1998,3,17,1,1,4,2,2,0,12,1,2,1,1,1,0,1953,2,20,2,3,4,1,1,2,8,1,1,4,1,1,3,1937,4,17,3,1,4,0,0,1,5,2,0,1,0,2,2,1970,2,ferret_pipeline
417,144,93,91,358,262,67,73,86,71,62,63,74,86,1735,52,128,14,5,2,146,72,2,4,1,1,4,5,5,3,3758,1,117,19,3,5,116,70,0,0,1,1,2,0,1,2,7823,1,123,16,1,1,109,78,2,1,0,1,1,0,1,0,2809,2,157,19,1,5,138,83,4,6,2,2,6,5,3,3,2678,1,142,22,5,1,113,80,4,4,2,1,1,3,1,4,2746,4,90,17,1,0,89,50,0,1,2,0,1,1,0,3,2013,1,106,14,5,1,111,70,0,0,2,0,1,0,0,2,1635,0,118,7,2,0,95,71,1,0,1,4,2,0,1,1,1519,1,105,4,0,0,100,73,1,0,2,0,5,0,1,2,1478,1,101,16,2,1,126,86,1,2,2,2,2,3,1,5,1494,3,105,8,2,0,114,74,1,1,1,0,1,0,3,2,1493,1,99,10,1,0,136,65,1,0,1,0,2,1,0,4,1491,0,109,7,2,1,132,56,2,0,2,1,2,0,0,3,1501,1,99,15,3,4,169,64,4,2,3,2,5,7,1,3,1472,4,126,15,0,2,132,69,0,0,0,2,3,1,2,1,1509,0,ferret_pipeline
2357,1413,1367,5625,1646,1568,1332,1365,1392,1285,1228,1237,1302,1237,1522,1272,805,15,9,2549,128,81,11,13,15,8,13,6,12,13,155,15,803,20,9,2568,144,88,18,17,16,20,17,15,16,17,139,19,826,4,2,2531,125,95,2,37,1,5,8,5,5,4,137,3,868,12,10,3117,126,95,9,26,15,8,13,11,13,7,194,19,824,11,7,2640,146,94,8,22,5,9,5,13,7,8,145,13,752,12,9,2481,104,59,5,10,7,6,7,6,12,10,121,7,771,12,2,2569,123,85,11,13,10,4,5,10,9,8,139,9,814,11,5,2328,138,93,8,21,10,10,5,10,8,9,157,13,744,12,5,2124,118,101,4,17,5,9,8,9,9,13,129,8,704,12,7,2303,126,97,8,28,10,12,7,11,9,8,141,13,709,10,11,2594,120,89,7,22,7,9,4,11,9,11,130,12,745,18,9,2476,118,89,7,27,12,10,13,12,9,15,139,13,711,15,7,2373,118,69,8,28,12,12,9,9,11,9,134,13,802,18,11,2891,207,84,14,38,21,14,18,12,19,10,182,19,798,22,10,3963,121,99,10,19,11,11,16,10,15,14,165,18,ferret_pipeline
1366,886,750,1589,863,860,807,843,858,830,796,738,807,795,827,781,461,8,9,853,11,19,9,6,4,8,18,12,8,10,8,10,398,5,4,795,10,21,8,5,3,8,19,14,11,11,9,6,427,7,3,791,8,22,4,3,4,3,19,4,6,6,14,4,439,6,10,831,13,22,7,8,5,9,29,5,6,5,8,9,446,9,6,841,11,17,14,6,3,5,13,7,7,6,9,6,415,5,5,826,10,13,4,6,4,6,17,6,4,6,8,3,439,8,3,853,10,15,3,5,9,6,16,4,5,13,7,6,448,7,6,895,11,17,10,8,8,10,16,8,6,8,5,7,435,3,6,890,7,22,7,9,8,3,13,6,6,6,5,7,401,9,7,804,8,19,6,6,3,3,9,9,12,7,6,9,381,2,4,780,8,13,9,4,5,3,8,6,5,4,6,4,415,6,5,819,6,21,10,9,8,7,25,8,4,11,8,4,414,5,6,790,10,18,10,11,10,4,10,7,5,8,12,5,428,7,5,769,16,14,12,10,12,9,47,8,19,13,19,11,412,6,5,801,9,22,10,8,9,6,24,12,8,12,9,2,ferret_pipeline
3072,1944,1928,3799,1904,1913,1858,1876,1891,1881,1833,1855,1858,1923,1993,1955,986,9,14,1840,10,10,34,11,17,16,8,10,7,10,8,9,957,7,20,1843,19,10,51,14,7,11,3,11,17,11,24,16,999,25,41,1834,27,29,63,20,45,31,31,34,29,31,37,22,985,9,49,1837,18,12,62,15,22,17,10,13,10,10,17,10,972,7,23,1842,18,12,46,21,24,18,10,7,17,10,12,7,946,20,30,1839,21,19,41,23,28,24,20,17,24,24,26,14,960,22,31,1833,19,21,51,18,22,27,20,15,17,20,23,17,962,21,30,1838,27,20,48,14,25,28,19,18,19,26,24,19,960,8,21,1827,13,11,37,12,14,14,11,6,13,10,11,6,930,9,21,1830,14,11,35,14,18,14,4,11,8,9,9,6,937,7,12,1835,13,12,17,12,15,9,9,10,10,8,12,8,967,10,42,1839,16,10,47,13,19,18,7,12,10,15,10,8,988,11,20,1841,16,13,32,12,18,19,6,12,13,15,15,10,1045,11,53,1839,16,14,67,17,26,18,11,12,12,12,14,16,1015,15,43,1838,16,12,53,12,26,17,8,10,17,13,13,11,ferret_pipeline
6581,4241,4122,7724,4104,4175,6241,6104,7285,7637,4145,4090,4185,4210,4266,4311,2122,20,27,2827,17,18,1832,1437,1284,1820,38,52,37,38,40,53,2060,23,32,2833,25,23,1276,1518,1228,1967,28,54,36,37,47,58,2116,140,101,2419,83,55,1930,1574,1514,2185,132,123,139,125,150,193,2052,28,35,2546,16,25,1576,2023,1433,2005,36,47,36,43,48,60,2093,23,37,2554,24,26,903,1699,1416,2037,53,53,45,40,39,70,2094,75,85,2635,81,69,1210,1483,1289,2083,59,57,75,59,87,96,2104,31,36,2239,29,26,1383,1717,1223,1654,54,64,44,37,51,67,2068,81,32,2641,49,35,1459,1750,1199,1936,37,61,59,32,55,63,2082,90,39,2505,50,47,2577,2061,1397,1498,41,34,49,26,47,61,2056,17,23,2674,13,14,2139,1864,1344,1790,15,40,19,23,26,39,2016,16,35,2262,16,16,1555,1730,1395,1728,21,25,27,21,24,38,2073,15,29,2337,13,18,1765,2340,1297,1752,26,34,27,35,34,58,2086,19,36,2432,19,19,1844,1865,1277,2003,34,46,30,26,43,48,2115,15,34,2468,17,18,1592,1526,1238,2066,20,34,31,32,32,79,2133,19,36,2736,28,25,2613,1603,1577,2232,42,46,46,43,61,81,ferret_pipeline
3224,2157,2021,3905,2066,2066,3421,2051,2041,2042,2044,1986,2023,2067,2073,2074,1088,14,12,1837,16,13,1279,26,26,25,37,12,18,20,17,14,1023,8,6,1832,9,7,1057,21,21,21,27,5,11,8,10,11,1054,10,13,1833,14,11,1098,23,19,21,45,10,15,17,18,19,1041,12,11,1829,12,13,1159,23,18,16,23,9,10,15,14,14,1041,11,9,1827,12,10,780,24,18,19,28,7,11,16,15,16,1021,34,29,1843,30,25,1043,45,42,46,72,31,28,29,21,27,1033,10,11,1822,13,10,945,23,24,16,42,8,9,17,11,14,1022,14,12,1825,11,11,1011,30,22,15,43,8,9,21,13,10,1029,11,14,1829,16,11,1562,31,23,20,36,5,9,19,15,14,1002,9,8,1821,10,9,1836,21,17,17,37,7,7,6,6,7,995,7,7,1814,6,7,1234,11,12,12,39,4,8,9,10,7,1009,6,8,1828,6,6,1738,17,17,18,33,5,8,16,16,11,1037,11,13,1827,10,12,1128,18,18,15,39,9,16,19,22,16,1037,10,11,1824,14,11,1228,22,18,16,35,8,7,13,9,15,1041,10,9,1829,14,10,1504,23,18,13,30,9,7,12,12,12,ferret_pipeline
3012,1967,1876,3816,1912,1941,1855,1972,1955,1951,1867,1852,1879,1941,1953,1945,991,10,10,1866,10,9,25,52,58,40,40,7,8,8,10,12,945,12,7,1872,12,6,23,37,63,36,28,3,4,12,10,11,981,18,15,1850,16,14,36,50,86,51,33,13,17,21,22,19,966,9,6,1869,9,7,29,64,54,39,34,4,6,10,7,10,979,13,7,1861,9,6,30,64,63,39,29,7,8,10,10,9,943,13,17,1879,12,13,27,37,52,47,28,10,10,17,14,15,972,17,13,1875,11,12,29,39,68,35,37,11,16,13,19,18,961,20,16,1890,19,12,30,79,55,77,33,11,12,14,18,19,976,30,20,1867,26,18,37,84,63,41,48,13,13,22,21,27,921,7,3,1865,8,5,25,60,41,50,23,3,4,7,7,8,932,9,5,1858,7,8,12,54,34,37,25,3,6,7,5,10,944,10,6,1854,8,7,17,63,56,31,29,3,9,11,9,8,979,13,7,1856,9,8,16,65,51,47,34,7,9,12,10,14,989,14,8,1873,13,11,20,58,59,47,29,8,10,13,11,12,986,13,10,1874,12,13,21,45,61,52,27,6,10,14,9,14,ferret_pipeline
8219,5289,5166,7563,5202,5080,6903,9702,10468,8134,8631,4974,5118,5246,5238,5255,2623,76,43,1889,40,19,1540,4390,3707,1477,1939,32,14,25,22,28,2597,79,28,1819,39,21,1454,3613,3884,1546,2262,24,14,13,24,21,2755,289,162,1453,158,56,1905,4209,4039,1669,2307,121,49,59,81,79,2640,81,44,1611,36,19,1342,4658,3853,1561,2125,28,14,18,21,21,2583,87,36,1585,37,24,791,4105,4144,1574,2132,23,12,18,17,21,2566,147,124,1577,124,97,1126,4043,4018,1557,2138,87,102,91,94,94,2530,87,44,1311,45,19,1076,3518,3768,1419,1882,40,20,21,24,21,2505,138,76,1627,69,31,1325,3436,3775,1650,2251,55,33,27,43,22,2442,124,56,1401,52,46,1997,3435,3878,1320,1934,28,32,24,44,24,2464,138,76,1909,70,47,2481,3206,4160,1827,1847,32,38,31,54,32,2496,69,29,1295,25,15,1273,3067,3866,1490,1896,17,15,17,18,15,2595,64,40,1408,30,16,1723,3960,4016,1482,2110,24,15,21,16,22,2665,75,39,1460,37,20,1387,4656,4045,1522,2215,30,17,16,24,20,2655,65,43,1527,36,18,1488,4257,3911,1508,2266,25,20,23,19,24,2685,96,34,1708,37,17,1859,4245,4236,1642,2234,28,18,19,20,18,ferret_pipeline
7819,4972,4845,5133,5155,4974,7159,11044,9656,10707,8998,7291,4947,5034,4837,4954,2497,39,38,49,44,32,2126,5080,4001,4024,2338,1322,28,31,37,33,2427,30,29,49,33,23,1941,4357,4335,4162,2404,1330,27,28,25,29,2601,70,74,82,85,80,2205,4266,4582,4015,2345,1248,70,65,61,74,2581,33,34,50,31,27,1755,7660,4524,4045,2398,1464,22,28,26,25,2493,28,27,40,27,16,1507,6545,4374,4186,2343,1342,22,20,19,21,2470,83,71,102,88,83,1739,4950,3994,4190,2421,1330,68,65,59,65,2426,41,32,41,31,33,1662,5174,4506,3899,2235,1086,35,23,27,18,2530,64,42,57,47,40,1785,5474,5101,4157,2450,1204,38,33,30,32,2431,113,47,67,51,47,2608,4773,4611,3841,2582,1194,42,31,41,30,2402,104,52,68,61,43,2202,3982,4595,4513,2345,1474,41,29,44,33,2434,75,41,31,64,34,2148,4638,4381,4223,2582,1180,32,23,32,39,2477,23,22,33,23,17,2085,7180,3984,3971,2376,1232,14,20,18,20,2524,31,26,36,31,22,2080,8053,3765,4073,2330,1344,21,24,24,22,2422,30,27,32,27,20,1728,5818,3174,4113,2379,1490,22,21,21,23,2486,32,29,47,35,21,2540,7285,4084,4365,2602,1360,21,22,20,24,ferret_pipeline
6901,4185,4201,4197,4084,4079,7607,5994,11796,7359,8992,7357,4035,4067,4199,4317,2105,27,39,22,35,33,3488,1452,5955,2391,3442,1682,32,28,28,25,2115,28,35,26,30,25,3421,1337,6378,2775,3722,1763,28,23,27,26,2139,46,61,38,56,42,3299,1427,6427,2580,3636,1645,36,47,45,39,2049,33,49,23,41,29,3366,2316,6693,2514,3456,1755,34,25,46,38,2057,29,39,23,30,28,3065,1888,6246,2732,3750,1927,26,25,21,26,2020,100,114,89,108,92,3026,1533,5873,2669,3578,1756,109,84,80,93,2000,56,54,34,54,38,2705,1342,5991,2364,3464,1744,32,25,26,34,2027,35,63,28,31,25,2906,1534,5481,2620,3682,1607,27,26,24,34,2018,58,61,39,38,36,3110,1367,5104,2406,3532,1612,42,38,34,41,2061,95,61,36,39,31,3459,1494,5427,2526,3755,1935,41,35,38,38,2078,107,74,48,51,47,3241,1700,7191,2620,3705,1715,44,41,44,48,2027,24,32,16,41,23,3116,2152,8241,2440,3330,1749,16,21,19,18,2047,26,33,19,25,24,3365,2243,8174,2615,3445,1800,20,18,20,20,2114,22,37,18,63,22,2979,1631,8069,2580,3368,1824,20,19,19,22,2175,24,34,19,48,24,3547,1992,8151,2846,3742,2076,19,19,20,23,ferret_pipeline
0,0,0,0,0,0,0,0,0,0,0,0,0,0,0,0,0,0,0,0,0,0,0,0,0,0,0,0,0,0,0,0,0,0,0,0,0,0,0,0,0,0,0,0,0,0,0,0,0,0,0,0,0,0,0,0,0,0,0,0,0,0,0,0,0,0,0,0,0,0,0,0,0,0,0,0,0,0,0,0,0,0,0,0,0,0,0,0,0,0,0,0,0,0,0,0,0,0,0,0,0,0,0,0,0,0,0,0,0,0,0,0,0,0,0,0,0,0,0,0,0,0,0,0,0,0,0,0,0,0,0,0,0,0,0,0,0,0,0,0,0,0,0,0,0,0,0,0,0,0,0,0,0,0,0,0,0,0,0,0,0,0,0,0,0,0,0,0,0,0,0,0,0,0,0,0,0,0,0,0,0,0,0,0,0,0,0,0,0,0,0,0,0,0,0,0,0,0,0,0,0,0,0,0,0,0,0,0,0,0,0,0,0,0,0,0,0,0,0,0,0,0,0,0,0,0,0,0,0,0,0,0,0,0,0,0,0,0,0,0,0,0,0,0,0,0,0,0,0,0,0,0,0,0,0,0,ferret_pipeline
7439,4770,4625,4780,4867,6119,5970,4470,11787,10334,9149,9047,7503,4826,4810,4698,2397,25,23,24,30,1025,1028,30,4874,5300,4200,3182,1381,27,27,27,2326,21,15,24,28,1066,1030,28,6011,5180,4444,3298,1415,24,24,21,2410,34,34,26,38,1044,1036,28,5454,5548,4842,3084,1384,30,28,26,2443,26,23,25,29,1007,1010,30,6790,6383,4563,3245,1636,26,23,23,2402,49,29,29,44,1023,1040,33,7432,6083,4461,3518,1650,42,36,29,2331,66,72,88,81,1046,1006,69,6115,5645,4503,3332,1466,79,71,70,2276,49,46,48,52,979,982,50,6031,5611,4180,3162,1273,55,60,49,2326,25,34,27,38,1011,949,35,5799,5677,4457,3116,1304,24,33,26,2308,33,38,31,35,918,977,41,4964,6001,4733,3057,1243,30,33,29,2309,42,40,33,42,1006,1009,41,5347,6161,4570,3302,1370,30,35,32,2349,61,43,36,52,1066,1009,38,6967,5651,4291,3337,1536,32,42,34,2503,76,42,42,66,1187,1028,32,7757,5559,4890,3599,1495,33,48,40,2423,19,18,14,28,1000,1026,23,8409,6138,4260,3398,1398,20,20,18,2418,21,19,20,26,981,935,25,8547,5522,3902,3311,1506,21,19,21,2359,17,14,12,26,1032,1127,23,7289,5547,4044,3460,1612,17,16,16,ferret_pipeline
8696,5516,5459,5583,6776,9251,7435,5435,9281,12329,12004,8936,9506,5624,5495,5580,2776,31,44,37,597,3287,2092,31,2441,6101,6538,2470,1754,29,26,30,2743,33,48,35,602,3356,1402,33,3225,6677,5370,2667,1951,27,38,30,2828,44,59,50,616,3168,2362,50,2754,6749,5782,2657,1828,42,35,45,2795,53,66,40,668,3225,972,34,2965,8116,5955,3150,2030,30,33,34,2931,111,112,106,753,3144,1051,97,3456,7154,6245,3210,2056,98,98,101,2814,126,135,122,678,3194,1421,123,2668,5524,6440,2764,1870,103,88,99,2774,72,81,74,536,3323,1659,76,2684,5812,6024,2417,1588,65,54,56,2742,49,72,58,603,3340,1362,56,2872,6270,5592,2551,1673,45,40,46,2737,55,70,53,504,3074,2769,55,2700,6519,5933,2752,1618,44,42,48,2669,59,85,61,579,3289,2571,56,2478,8111,5199,2605,1733,51,49,51,2773,76,78,62,632,3292,1871,67,3472,6409,4867,2937,1915,52,48,50,2917,121,121,90,785,3158,2336,80,3683,6537,6525,3020,1928,74,78,83,2833,31,46,37,563,3256,1900,31,3882,6594,7217,2639,1859,26,26,28,2769,29,50,33,595,3023,1729,29,3656,4935,6611,2561,1782,25,23,30,2811,28,44,36,700,3255,2413,26,3202,6537,6635,2791,2248,27,23,29,ferret_pipeline
7451,4754,4570,4718,7936,6043,7279,4592,5482,7547,11341,9585,8536,4600,4649,4604,2385,24,19,22,1789,1340,1866,18,554,2208,6349,5679,2409,26,18,19,2301,21,17,24,1934,1306,1790,18,588,2705,7054,5847,2450,21,18,20,2373,23,17,20,1694,1188,1656,14,631,2811,6039,5316,2372,22,18,21,2309,86,50,39,1946,1313,2034,28,778,3127,5697,4787,2818,36,45,36,2336,44,52,48,2198,1356,1834,44,776,2408,8852,4979,2831,47,55,55,2390,119,94,92,2081,1263,1677,70,658,2567,5643,5874,2538,87,74,94,2309,26,15,20,1612,1233,1546,19,544,2352,6163,5809,2226,19,14,16,2370,56,40,37,1796,1403,1661,28,642,2485,6609,5059,2597,37,34,39,2334,49,27,24,1650,1264,1634,24,495,2305,6755,6201,2383,22,19,19,2343,23,20,23,1858,1389,1617,17,609,3451,5749,6251,2403,20,13,15,2390,20,21,25,1780,1294,1644,15,644,2759,4808,5333,2488,18,16,20,2289,72,42,32,2147,1233,1734,28,824,2595,7675,4832,2429,30,31,32,2314,24,19,20,1874,1308,1720,15,616,2277,8236,5223,2406,23,21,18,2338,18,16,17,1952,1252,1584,11,597,2044,5680,5745,2394,22,12,17,2317,21,11,16,2238,1279,1791,10,676,2684,7171,5209,2630,20,15,14,ferret_pipeline
4371,2771,2595,2756,5719,2751,5426,2692,2680,5646,4536,8477,5831,2822,2834,2720,1399,15,15,19,1905,26,3094,16,18,2736,1719,8378,1994,70,19,17,1313,10,7,11,1922,21,2685,11,18,2417,1655,8546,2176,82,15,11,1397,13,9,14,1887,28,2452,15,17,2768,1714,8405,2115,89,19,14,1397,48,25,26,2021,37,2316,21,30,847,2072,8158,2302,153,32,29,1405,38,32,39,2025,42,2450,29,35,1110,2055,7009,2468,88,38,30,1387,52,51,47,1951,58,3236,52,54,1809,1625,7719,2191,97,55,54,1361,14,8,12,1860,22,3188,17,23,1709,1544,8109,1934,83,21,18,1360,31,20,25,1926,34,2500,25,28,2757,1680,7151,2025,86,31,23,1378,37,23,23,1913,45,2370,23,35,4255,2037,8939,2049,85,38,31,1357,28,22,18,2089,33,2319,18,26,3894,1720,8797,2296,127,25,21,1306,10,7,13,1918,21,2337,17,16,3008,1675,7142,2033,80,14,10,1410,47,25,20,2081,27,2342,20,36,2868,2733,8779,2123,149,39,27,1363,16,11,15,1897,20,2377,15,17,2933,1938,7215,2121,82,22,15,1426,12,11,11,1924,21,2244,14,16,2104,1598,8247,2400,210,19,12,1370,13,6,13,1963,16,2330,11,13,3256,1642,8476,2291,135,16,8,ferret_pipeline
3942,2339,3731,2263,4561,2259,4761,2187,2211,4434,2198,5838,2861,4109,2466,3043,1180,9,1029,9,1398,14,3077,8,11,1331,36,5196,429,1110,12,320,1117,18,1050,9,1561,23,2997,8,7,1626,41,4693,479,1277,55,406,1142,12,1033,10,1377,15,2463,6,9,1557,35,4579,416,1115,11,355,1204,28,1282,11,1525,27,2226,9,10,1335,58,4861,442,1384,23,468,1138,13,1222,13,1638,18,2433,11,15,1097,45,4118,467,1157,14,364,1088,17,1099,9,1442,23,3057,10,16,1535,52,5006,427,1026,22,282,1111,9,925,5,1399,10,2637,4,9,1024,36,4461,377,865,10,267,1125,15,959,11,1429,14,2427,8,7,1421,34,3429,418,930,11,276,1122,15,1170,15,1380,19,2239,11,11,1732,47,4999,407,1001,19,285,1098,11,1085,11,1454,16,2188,10,6,2412,31,4632,434,1077,33,310,1116,5,1013,2,1465,5,2235,2,4,1262,28,3501,380,929,9,288,1195,13,1188,9,1528,17,2227,5,9,1484,55,4647,396,1078,16,416,1221,43,1359,19,1613,37,2416,16,20,1361,57,3844,476,1082,77,574,1246,11,1279,13,1501,17,2234,8,10,1466,70,5516,417,1331,11,473,1229,26,1318,17,1708,27,2278,11,13,1722,63,4708,456,1483,34,497,ferret_pipeline
3549,1942,2334,1867,2559,1867,3041,1825,1865,3289,1767,2342,1843,2689,2099,4564,1233,11,337,11,401,10,1544,9,10,1816,11,405,19,508,54,2242,1248,15,350,11,425,10,1556,5,9,1366,8,410,33,612,123,2276,1208,9,335,9,372,9,1350,8,8,2199,12,400,14,559,58,2347,1385,16,459,8,394,13,1173,5,8,849,10,425,25,624,85,2534,1213,13,304,11,536,8,1226,10,6,1152,11,420,19,588,53,2509,1083,10,265,11,481,6,1913,7,6,1323,22,381,24,492,62,2215,1120,8,329,7,392,4,1403,7,5,1546,5,367,16,478,51,2178,1189,12,331,5,407,7,1299,10,7,1101,8,389,23,524,51,2323,1123,22,393,22,406,15,1224,18,17,2638,22,416,37,466,83,2367,1104,13,338,11,439,10,1174,16,13,1573,13,403,17,531,56,2381,1173,9,397,4,422,4,1194,4,4,1911,7,396,21,496,66,2394,1201,13,432,13,410,11,1216,9,10,1371,11,346,21,496,71,2371,1295,24,387,19,502,24,1215,12,17,1793,13,434,35,527,82,2383,1373,9,518,7,428,7,1169,7,8,1050,13,408,18,555,91,2320,1457,24,508,11,485,17,1156,8,22,1769,19,433,44,713,124,2341,ferret_pipeline
8030,3851,6172,3664,4894,3606,4689,3487,3398,5098,3434,4248,3692,4118,4839,6997,3775,13,2043,14,913,48,2829,9,8,1449,9,448,13,213,357,3119,3761,30,2115,33,974,78,2772,26,24,1902,25,538,52,292,661,3215,3663,15,2126,15,866,61,2679,10,9,2263,9,482,15,242,394,3117,3842,28,2279,23,892,93,1922,11,16,930,12,551,27,332,647,3112,3702,24,2182,22,922,56,1885,14,14,952,11,552,19,300,411,3201,3514,45,2135,32,843,58,1475,23,18,1156,17,512,33,246,399,3146,3528,16,2074,15,839,46,1243,12,17,1137,11,421,13,176,271,3018,3643,22,2084,24,848,51,1045,17,13,1134,19,477,20,224,278,3016,3585,47,2064,50,855,93,1008,38,30,2013,43,498,38,208,270,3124,3491,34,2104,29,901,69,991,24,21,1666,22,515,27,256,384,3161,3700,32,2150,22,948,70,1055,19,12,1424,17,477,34,264,402,3228,3750,39,2144,32,873,80,995,28,25,1330,29,500,30,224,491,3283,3684,53,2186,29,900,81,1058,25,23,1441,23,546,40,230,453,3166,3776,49,2409,32,1029,133,1045,20,20,1207,24,642,62,360,671,2973,3816,30,2390,30,952,87,1016,27,23,1443,20,568,31,335,656,2958,ferret_pipeline
8840,3122,4979,3360,4757,4744,6906,3049,3051,4778,3002,2892,2916,3480,4477,4837,5423,15,2197,19,1097,709,3983,14,15,2154,12,32,13,219,844,1607,5295,37,4276,44,1331,822,4438,26,36,931,31,70,35,276,987,1687,5141,13,2946,18,1161,784,3750,13,15,1890,14,45,11,257,902,1663,5241,39,2837,34,1257,1146,3231,23,25,1362,39,58,30,389,1152,1643,5483,52,4549,35,1693,889,3442,22,41,804,25,89,50,427,1135,1708,5414,27,4096,37,1204,671,4533,26,32,1130,29,60,24,262,775,1644,5248,9,2339,15,1115,594,3873,9,13,1445,9,39,10,216,753,1535,5443,12,1990,18,1163,614,3506,20,17,1060,16,45,15,226,776,1649,5365,43,2441,59,1088,549,3361,46,52,3241,58,89,46,252,736,1712,5195,22,4244,21,1187,640,3231,23,26,2365,18,55,19,303,778,1646,5140,24,2308,35,1048,602,3308,32,28,1942,29,45,39,328,810,1544,5111,24,1661,32,1080,707,3294,24,25,1520,20,60,21,236,747,1537,5195,42,1493,38,1197,799,3326,36,35,2012,30,59,48,237,882,1659,5168,48,1633,49,1463,1193,3262,32,37,1113,41,87,30,352,851,1592,5261,37,1628,54,1406,899,3290,31,35,1933,30,81,36,364,967,1617,ferret_pipeline
5824,2947,3896,2996,6774,4704,5426,2873,3019,5405,2737,2797,2898,4162,4263,2999,2160,13,1227,15,3032,819,3448,11,13,1358,12,12,11,625,744,24,2210,17,4152,29,3253,976,4470,31,22,1836,19,25,18,743,776,36,2215,15,2055,13,3144,848,3589,9,12,1362,10,13,12,653,686,22,2288,37,1764,35,3157,1137,2732,22,28,2028,41,28,20,805,840,36,2287,74,3415,39,3436,1030,2785,23,46,1615,26,27,37,927,833,38,2072,14,2188,21,2963,751,3322,30,20,1571,21,28,19,648,645,26,2148,11,1509,9,3043,721,3026,8,10,1254,10,8,6,632,561,16,2247,14,1060,10,3250,769,2608,11,10,1741,9,10,7,595,569,20,2245,60,1502,62,3140,891,2482,55,68,1375,48,49,54,700,681,61,2088,14,4902,12,2872,853,2380,16,17,2046,11,16,9,659,734,21,2052,20,1635,19,3050,837,2420,15,21,1337,19,19,15,712,724,16,2116,16,645,13,3173,812,2423,12,16,1949,7,13,6,668,636,26,2182,46,483,21,3178,902,2463,20,24,1439,21,20,23,718,730,33,2209,45,482,21,3118,920,2392,25,28,2106,34,24,25,798,680,35,2317,28,723,29,3107,1020,2415,30,33,1545,20,21,27,869,841,35,ferret_pipeline
8646,4454,4572,4268,8026,6741,6157,4230,4238,6885,4197,4229,4136,6032,6063,4216,3339,18,317,15,3769,1237,2439,12,11,1774,13,13,13,1021,1077,13,3270,56,426,42,3619,1463,6699,31,37,2211,34,38,34,1192,1276,36,3137,18,371,15,3446,1253,4684,9,13,1807,11,14,9,1035,1005,14,3280,64,360,44,3432,1354,2244,37,43,1860,48,55,44,1045,1137,42,3544,111,381,35,3402,1497,3545,28,37,2223,32,36,32,1397,1218,33,3149,29,311,21,3515,1202,4410,24,17,2151,27,26,25,1035,1013,15,3043,19,299,14,3485,1187,2411,12,17,1645,18,17,14,1036,889,12,3269,29,331,23,3519,1142,2041,17,16,1654,21,21,22,960,853,18,3293,125,372,98,3568,1246,1964,76,80,1673,92,97,88,1018,953,77,3111,33,406,28,3558,1298,1903,18,19,1626,22,26,20,1007,1046,19,3181,35,342,23,3548,1287,1927,26,25,1648,27,28,23,1078,1128,29,3088,34,337,21,3412,1215,1897,15,23,1601,24,21,19,1012,983,18,3358,75,347,25,3420,1441,1907,25,27,1741,25,28,28,1149,1190,26,3434,97,355,36,3319,1421,1865,34,30,1645,41,34,39,1147,1069,33,3440,43,345,34,3363,1514,1817,31,34,1677,33,36,42,1308,1294,36,ferret_pipeline
5624,1584,1286,3623,1420,1599,3299,1302,1312,1278,1283,1251,1286,1246,1269,1312,148,135,83,2012,111,150,1366,85,68,60,63,68,67,35,40,43,134,205,55,2033,112,131,1345,89,62,68,60,66,68,25,36,32,189,218,85,1678,101,142,1528,126,134,130,131,151,141,52,57,74,175,272,70,1723,93,152,1304,90,54,52,53,70,59,27,36,43,154,238,58,1770,123,132,1421,97,63,60,63,61,62,29,32,39,138,449,83,1894,98,117,1069,164,59,55,61,60,68,31,40,41,116,150,56,1618,78,130,1033,63,59,49,55,62,45,26,27,26,131,211,68,1659,86,131,1103,94,62,70,67,71,71,25,29,30,137,156,67,1617,74,131,1121,80,52,50,57,52,52,31,31,31,117,136,67,1894,78,129,1131,82,53,55,53,66,59,22,28,25,107,141,59,1612,66,115,1199,68,47,45,45,49,52,15,19,23,116,160,68,1705,84,109,1396,77,59,55,54,59,53,18,22,20,127,135,68,1704,76,103,1600,87,55,57,57,65,60,25,27,26,149,119,92,1792,100,101,1216,79,56,52,56,61,55,26,26,28,194,124,74,1735,99,137,1358,78,56,63,57,71,59,25,27,28,ferret_pipeline
7086,3589,3421,3497,5034,6211,5984,3340,3388,5157,3375,3437,3539,4798,4927,3516,2770,14,36,14,1376,2055,3349,11,12,2615,13,12,13,684,810,18,2772,31,44,30,1356,2182,5855,34,22,2925,26,30,37,685,841,26,2632,12,36,8,1427,2085,3885,8,9,3178,12,9,10,655,778,14,2710,31,53,30,1455,2124,2537,21,30,2726,22,25,29,710,853,25,2849,47,54,35,1465,2086,2937,21,25,2472,22,22,32,792,935,42,2637,13,50,15,1375,1921,3535,11,17,1246,18,18,17,631,726,17,2522,9,27,9,1333,1966,2658,6,11,1182,7,9,7,617,707,14,2619,15,35,8,1360,2148,2572,8,9,1259,9,6,11,636,751,12,2657,78,100,63,1384,2184,2458,44,79,1303,67,70,89,726,819,67,2583,13,38,8,1262,1956,2304,8,11,1295,10,11,12,697,797,14,2688,14,33,13,1335,1978,2374,6,9,1256,9,9,14,720,773,8,2662,15,37,17,1481,1943,2366,9,16,1293,13,10,14,658,738,14,2832,64,48,16,1457,2067,2413,11,16,1367,13,12,22,680,854,18,2809,60,50,28,1375,2142,2299,18,26,1199,38,15,27,793,743,25,2981,26,44,22,1445,2117,2346,13,17,1171,18,20,16,742,856,17,ferret_pipeline
583,363,219,301,306,872,2642,273,291,2459,300,233,284,292,415,353,193,14,16,11,28,546,2866,10,9,2376,44,10,13,22,39,18,136,18,8,5,13,538,5054,4,7,6242,49,3,7,14,22,7,175,15,10,6,16,511,3952,8,6,3021,64,5,5,15,19,7,171,36,12,8,15,559,2366,6,6,2592,76,4,7,19,22,6,179,24,9,6,16,566,2707,7,4,4177,99,4,9,20,24,10,121,9,4,2,9,482,4472,4,0,3962,46,0,1,8,12,1,150,15,5,6,13,520,3198,7,7,2383,58,3,4,13,13,3,166,11,6,5,16,547,2472,6,4,2237,58,3,4,13,19,3,165,14,8,7,17,469,2339,6,8,2116,51,3,8,16,28,8,136,73,11,14,22,578,2322,10,9,2141,59,7,14,19,42,13,129,12,5,5,5,578,2355,5,3,2115,48,3,4,10,13,7,164,22,7,4,15,556,2354,4,4,2116,68,2,3,16,17,2,164,21,9,8,16,556,2340,6,4,2144,64,5,7,18,21,7,225,43,9,8,20,588,2296,7,6,2122,98,4,6,19,19,11,196,38,9,10,10,550,2260,8,8,2080,81,6,7,13,21,5,ferret_pipeline
4317,2102,5070,2011,2089,3729,4871,1978,2008,4683,2528,1949,2052,3033,3193,2135,1537,10,2268,11,14,1431,3795,5,10,2765,248,6,6,443,458,9,1592,38,2241,17,52,2001,4792,11,31,3680,418,18,32,537,560,40,1503,5,2169,5,10,1476,3857,3,8,2644,309,3,6,426,419,7,1566,18,2407,14,22,1286,2939,9,20,2542,394,10,17,501,470,12,1541,49,2494,15,28,1656,3214,12,21,3393,387,10,20,501,485,19,1405,3,2047,4,6,1767,3246,5,12,3913,293,3,5,444,384,3,1412,6,2046,4,6,1277,3506,2,8,2760,293,3,3,410,386,9,1448,7,2273,9,11,1244,2942,2,7,2637,288,3,5,456,389,5,1459,17,2291,10,18,1182,2738,15,20,2504,245,10,24,417,420,24,1527,24,2414,18,29,1305,2673,14,16,2484,208,11,20,521,500,21,1442,7,2206,2,7,1211,2682,2,8,2505,218,0,6,481,446,5,1483,7,2290,5,7,1155,2696,2,10,2502,272,0,5,450,408,6,1546,56,2249,7,21,1224,2742,3,14,2543,323,4,13,419,469,15,1692,27,2654,9,14,1209,2629,4,11,2445,439,6,16,518,440,16,1641,12,2328,5,14,1211,2624,6,8,2471,390,6,9,470,467,12,ferret_pipeline
2154,1068,2765,1034,1048,3040,4247,973,996,2651,1792,966,1009,2094,1518,1045,714,11,1596,4,11,2791,4142,7,8,2876,616,4,9,924,199,11,726,19,1098,11,25,5105,3404,9,13,3720,660,11,20,1036,253,21,699,10,1472,6,11,3547,3127,5,7,3055,531,4,6,942,180,7,725,12,829,10,9,2618,2957,14,12,2518,581,13,11,984,244,12,726,26,1276,17,21,3613,3007,11,19,3490,607,8,19,1045,213,16,642,3,1118,5,5,3239,3649,2,0,2578,534,1,6,920,189,3,643,6,1084,4,9,1995,3769,4,6,1755,521,3,5,899,138,5,668,6,1097,4,6,1844,3361,3,3,1678,522,2,6,973,193,9,659,9,2375,10,13,1781,3134,4,7,1575,538,6,10,897,162,9,712,18,2198,14,20,1776,3033,6,8,1581,515,5,17,962,251,15,653,6,1549,8,8,1766,3089,3,2,1555,488,3,5,893,183,9,671,7,1564,3,6,1735,3076,3,4,1585,559,4,3,890,219,9,714,14,1571,13,32,1836,3096,11,7,1612,627,11,13,921,214,18,773,18,1372,9,9,1731,3032,5,6,1557,621,5,11,970,216,17,746,9,1714,7,6,1757,3017,9,8,1546,590,6,6,946,217,14,ferret_pipeline
1106,678,2022,637,644,2686,2306,638,629,651,589,572,640,674,643,780,355,8,1278,11,8,2279,2082,7,7,23,22,9,9,22,20,52,329,10,1297,17,9,6564,4153,5,6,34,22,14,9,16,22,99,342,5,1275,3,7,3347,2983,4,3,22,15,5,7,15,19,60,347,10,884,11,13,2444,1662,11,7,29,26,10,9,24,20,93,347,12,919,11,7,3862,2037,12,7,35,25,12,13,31,25,73,308,3,1299,2,1,3614,3146,4,3,25,20,3,2,13,14,55,334,5,1212,5,5,2264,2078,5,6,26,16,4,5,12,11,53,333,7,1090,7,3,2074,1702,6,4,29,18,3,4,19,13,57,343,7,1599,8,6,1955,1566,4,6,25,24,6,7,22,20,60,310,7,1510,6,9,1960,1573,5,7,29,16,7,11,24,25,83,293,4,1412,6,3,1938,1598,4,4,20,9,3,6,13,6,53,339,7,1324,6,4,1940,1595,5,4,29,13,3,4,19,17,78,352,7,1421,8,6,1930,1595,5,8,24,19,7,7,18,20,65,339,9,1271,7,9,1901,1551,7,7,28,18,5,6,20,19,130,361,10,1295,10,12,1890,1534,9,8,33,30,12,14,30,37,94,ferret_pipeline
3915,2101,6131,1993,2601,3744,2892,1883,1891,2582,5301,1896,1985,2664,3341,3856,1230,7,3441,11,302,1492,2184,2,7,207,2827,3,5,287,1049,1098,1310,53,2659,34,482,5193,2151,23,23,355,2810,23,29,322,1131,1387,1197,7,3109,7,324,2502,2266,4,5,279,2673,2,4,319,1028,1239,1369,49,1895,32,534,1865,2314,26,26,474,2791,30,55,519,1199,1608,1212,48,2005,24,514,2673,1525,20,36,444,2800,25,42,467,1168,1590,1147,14,3138,5,238,2219,1691,4,5,266,2687,8,15,277,986,1339,1113,7,2795,6,216,1348,930,1,5,232,2702,2,5,242,966,997,1141,6,2125,6,345,1390,744,1,4,234,2812,3,6,266,1009,1239,1188,41,4447,15,338,1330,714,7,20,181,2771,17,35,290,1048,1268,1300,30,3852,14,446,1405,728,4,10,392,2669,18,36,405,1132,1401,1233,6,2933,5,255,1378,734,3,3,331,2621,3,8,374,1002,1209,1161,8,2637,8,322,1300,709,2,5,234,2694,3,7,283,987,1373,1265,27,3203,8,376,1382,743,5,12,281,2737,14,21,282,1072,1410,1276,22,2580,22,501,1325,707,6,16,337,2779,17,25,355,1050,1454,1457,42,3782,35,735,1594,837,21,34,457,2882,60,63,488,1304,1458,ferret_pipeline
1699,1082,1041,1126,1231,1153,3395,1042,1066,1046,7665,1083,1045,973,1066,5491,556,6,27,6,34,25,4329,8,5,21,6981,7,8,21,25,4591,554,18,27,20,47,30,5398,19,22,34,6720,18,18,36,36,4997,590,11,20,8,28,22,4597,7,8,19,6388,7,8,20,20,4872,619,9,29,15,56,29,3232,5,12,21,6233,13,17,30,34,6442,608,11,29,14,45,23,3077,8,19,32,6193,12,15,31,30,6105,475,2,16,4,30,16,3581,4,5,16,6335,5,5,11,10,5752,532,3,18,3,24,17,2741,4,6,16,6642,5,3,9,16,4630,546,4,23,5,21,22,2499,5,3,17,6946,4,3,14,13,4069,540,10,28,15,38,24,2369,6,10,24,6727,11,13,24,32,5504,509,4,22,7,25,17,2293,9,9,12,6338,12,6,11,18,6274,545,3,11,7,16,10,2335,5,5,12,6335,7,5,7,12,5484,533,5,15,6,38,13,2351,6,6,17,6511,7,3,10,14,6002,495,6,20,11,28,15,2368,7,7,18,6423,11,10,22,20,5728,541,7,21,10,71,17,2285,8,6,18,6280,9,10,21,21,5600,597,8,26,13,52,21,2257,7,12,16,6267,13,14,22,20,5063,ferret_pipeline
7249,3643,6519,3573,4944,5091,6088,3434,3390,5918,8775,3657,3569,4857,5170,10389,2805,13,3078,15,663,687,3063,10,10,3513,5125,160,24,856,991,7227,3009,97,2710,110,1064,870,3947,77,81,5518,5762,270,135,948,1155,8652,2754,11,2531,11,708,728,2966,7,7,6181,5029,170,21,842,998,6464,3020,89,2762,62,845,984,2505,40,53,2921,4771,398,101,1033,1137,8261,2910,120,2584,51,905,816,2776,37,57,2529,4898,283,76,1181,1200,8644,2672,17,2562,16,538,646,3367,11,8,3394,4866,121,34,882,935,7398,2628,13,2491,11,463,631,3627,9,12,4663,4705,105,20,813,898,6289,2718,14,2611,15,717,687,2713,9,8,286,4852,180,26,846,964,6396,2646,55,2445,30,614,625,2546,30,31,268,4983,149,54,843,898,6990,2755,47,2396,34,759,773,2509,21,20,326,4765,242,52,957,1129,8437,2641,23,2382,26,763,817,2526,19,12,331,4632,141,35,1005,1110,6334,2755,21,2439,18,693,648,2525,10,12,317,4717,193,45,833,909,6988,2795,71,2406,23,810,762,2533,16,17,1402,4766,194,53,890,1037,7063,2974,72,2591,28,837,728,2498,21,20,2428,4738,287,79,908,986,6348,2852,41,2453,42,749,815,2480,33,35,1998,4708,240,66,968,1040,6332,ferret_pipeline
11010,5334,9939,5161,7539,8020,8042,6009,5022,6896,6385,5151,5145,7177,7635,7979,4593,22,6027,27,2498,1690,3752,466,17,2290,3379,184,23,1469,1972,2801,4470,73,4785,76,1586,1816,4455,544,78,2901,9523,222,74,1656,1961,3816,4472,18,4560,21,2016,1697,3598,513,17,3059,8764,177,23,1558,1857,2640,4552,56,4554,61,1001,1824,2927,698,48,2403,5267,226,62,1590,1967,4141,4809,93,4574,68,1085,1826,3156,653,59,2726,2136,235,69,1946,2100,4870,4372,29,4655,25,1520,1632,3768,427,29,3550,1119,170,34,1550,1915,3409,4402,30,5004,31,1465,1771,3438,383,18,3531,1071,144,30,1596,1731,2655,4345,24,5146,28,2311,1649,3147,484,20,1971,993,165,30,1583,1738,2459,4326,39,4939,44,3368,1594,2962,437,45,1847,957,178,51,1541,1819,2655,4371,53,4625,38,3320,1748,2857,497,30,1847,955,185,52,1653,1976,3656,4496,66,4644,68,2192,1703,2956,484,49,1868,1018,163,68,1597,1982,3317,4495,27,4669,34,2772,1664,2930,579,27,1872,990,207,32,1649,1877,3658,4612,59,4707,34,2753,1734,2928,549,32,1883,1029,201,44,1692,2062,3484,4560,67,4634,30,2181,1786,2856,749,28,1804,977,236,36,1859,1924,2866,4763,43,4612,40,2718,1862,2863,718,36,1828,1050,253,48,1790,2120,2363,ferret_pipeline
14011,6806,11000,6723,8294,11298,10368,10248,7751,9630,8807,6437,6681,9367,9534,8250,5893,26,5099,20,990,3061,5365,2158,689,5272,2577,15,22,1376,1547,795,5974,69,4122,64,985,3031,4415,2288,776,5593,5995,79,68,1570,1520,935,6117,29,5446,18,992,2967,4268,2096,694,4847,2575,15,22,1407,1443,846,5814,154,3863,162,980,3208,3800,2420,1014,4159,2481,149,152,1630,1406,1046,6417,154,3935,102,1071,3467,3583,2569,919,4496,3076,86,93,1977,1963,1052,5767,37,4045,41,998,3033,3531,2054,671,3278,2869,44,42,1604,1524,858,5778,140,4093,79,946,3086,3405,1876,851,2880,2095,49,68,1358,1473,969,5788,58,3874,32,992,2938,3296,2162,664,2833,1991,21,34,1403,1421,907,5718,49,3622,46,1012,2821,3014,1857,623,2664,1882,58,58,1425,1070,779,5603,49,3557,46,1516,3071,2948,2192,670,2671,1913,52,54,1802,1477,874,5580,64,3580,53,1014,3012,3048,2173,676,2690,1890,45,46,1328,1979,854,5873,31,3486,22,1049,2850,2991,2243,728,2667,1939,19,23,1483,1409,815,6073,54,3694,37,1100,3018,3179,2358,745,2875,2022,58,51,1922,1905,949,5885,62,3453,52,1004,3051,2972,2417,970,2638,1924,124,56,2148,1605,913,6475,74,3822,71,1431,3639,3251,3037,1095,2861,2326,76,71,1899,2380,1110,ferret_pipeline
1200,1065,984,2899,1005,1028,1080,987,983,977,958,973,983,1022,1030,1040,85,22,18,1897,20,23,101,15,11,11,12,11,11,7,8,8,42,15,20,1898,30,13,108,11,9,6,11,10,9,5,6,8,80,20,17,1890,10,16,83,11,8,10,7,8,11,4,5,9,62,15,41,1902,17,19,93,17,13,12,12,10,12,8,17,12,68,11,17,1892,13,12,100,16,12,11,9,10,9,10,10,8,32,6,8,1878,11,10,69,14,7,6,8,6,8,7,7,9,37,13,9,1885,12,16,82,12,10,6,8,6,6,5,5,6,49,18,18,1886,10,15,99,17,11,11,13,11,11,8,7,4,47,16,19,1891,13,18,93,16,6,6,8,8,6,4,4,4,29,10,18,1884,14,14,89,11,7,10,8,11,8,8,7,4,31,7,13,1879,10,11,69,6,5,4,6,6,7,7,8,6,37,13,20,1885,16,12,92,12,9,11,9,8,7,14,6,8,67,11,22,1888,16,14,73,19,12,15,12,15,15,8,12,9,69,8,19,1887,12,11,91,15,10,9,8,9,8,9,10,10,82,20,9,1883,8,16,103,15,13,14,14,15,18,6,8,7,ferret_pipeline
14555,8158,12311,8342,10168,12413,11404,10755,11119,10603,9941,7669,7393,10141,10746,7451,6515,36,4881,37,1463,4247,4503,2106,2710,3126,3564,31,31,1912,3471,34,7089,74,3793,101,1218,4361,4038,2096,2712,6108,9231,88,63,2274,3606,81,7233,33,4664,31,1390,4004,3393,2055,2535,2952,4096,24,25,2009,3844,32,7433,110,3564,144,1015,2942,3306,2182,2695,2950,3341,121,88,2201,4239,107,6788,95,3558,97,1064,2110,3392,2375,2717,4408,3315,151,77,2234,3947,89,6221,50,3830,63,1162,1629,4378,2062,2690,3449,2402,70,43,2298,2888,56,6111,109,4165,112,1128,1982,3958,2093,2882,2262,1675,79,63,1838,2908,87,6319,85,3800,104,1072,1613,3664,2128,2790,2141,1592,97,80,2005,3527,88,7190,64,3447,71,1853,1557,3345,2119,2603,1976,1472,84,52,1984,3868,76,6857,62,3386,79,2029,1663,3268,2106,2735,2003,1509,80,53,2326,4039,66,6344,50,3444,63,1444,2133,3376,2108,2782,2059,1497,50,45,1790,3528,64,6483,39,3393,41,1380,1514,3318,2036,2776,2015,1500,36,33,1523,2964,56,6894,64,3545,67,1565,2504,3498,2174,2871,2096,1586,73,57,2322,2990,67,6810,60,3335,65,1281,3038,3304,2123,2767,1976,1493,101,57,2357,1945,72,6711,97,3518,102,1884,3594,3503,2537,2998,2194,1735,79,81,2087,2301,101,ferret_pipeline
15437,5669,8894,5785,6522,7396,6683,7739,8563,7320,7220,8061,5328,7227,9338,5275,8182,32,4616,30,438,2007,1884,1599,2900,2882,2814,1397,21,2284,6283,25,7385,49,3769,45,490,5493,1499,1729,2885,7912,6258,1664,40,2621,5789,48,7288,29,3552,23,445,5179,1378,1711,2753,3466,3128,1432,19,2394,6184,20,8250,127,3587,107,560,2805,1458,2021,2955,3031,2751,1824,125,2856,9606,120,7700,71,3420,72,543,3543,1439,1838,2881,4905,2956,1694,65,2453,5033,64,7295,62,3647,54,445,4798,1490,1591,2829,3906,2478,1336,39,2783,3168,45,7331,105,3727,69,513,5634,1608,1568,2896,1807,1834,1770,68,1501,3912,75,6949,39,3655,43,471,1539,1560,1651,2907,1690,1738,1386,35,1747,5617,47,7812,45,3398,39,417,1151,1454,1561,2799,1598,1662,1267,39,2851,8560,39,7564,43,3257,36,449,1173,1402,1736,2788,1602,1659,1443,30,2366,7211,31,6301,92,3336,67,503,1242,1447,2139,2937,1638,1677,1331,67,1880,5090,59,7333,25,3245,22,413,1118,1444,1647,2872,1591,1680,1445,21,2631,5552,20,6991,41,3306,32,451,1128,1437,1822,2874,1642,1695,1534,35,3503,2537,38,7560,34,3246,24,411,1087,1399,1767,2779,1596,1655,1642,32,2783,1487,34,8691,41,3217,30,452,1175,1413,1846,2794,1587,1678,1708,30,1551,2233,34,ferret_pipeline
14265,4960,8461,4805,7271,7562,4605,7244,7482,6733,6487,7703,4702,5229,6058,4887,6856,24,5251,30,2092,3054,21,1766,2591,3380,3325,1690,73,357,1463,111,7218,36,3958,26,1409,4459,38,1909,2550,8434,7587,1856,110,395,1600,141,7085,19,5184,13,1979,3532,20,1858,2545,4423,4509,1710,76,382,1501,121,8252,85,3657,78,804,3004,85,2233,2510,4442,3850,1862,217,469,2515,339,9490,61,3735,57,865,3547,66,2116,2017,4838,3183,1754,159,508,1489,203,7734,42,3924,40,1430,3249,48,1874,2528,3355,2110,1607,119,433,1121,146,9155,64,4150,38,1348,3104,54,1888,2552,1923,1783,1763,124,389,1231,202,7488,43,3923,24,1351,2930,47,1857,2590,1767,1724,1590,129,366,1426,213,7396,40,3647,28,3251,2756,39,1815,2644,1660,1614,1460,98,369,1610,132,9211,34,3559,20,2983,2730,33,1920,2458,1709,1606,1629,86,423,1870,169,8626,105,3638,63,2314,2761,62,2082,2295,1738,1651,1675,149,400,1590,233,9920,24,3551,14,2839,2730,25,1941,2168,1660,1697,1703,157,388,1439,317,8657,60,3624,43,2072,2799,54,1998,2695,1771,1710,1903,122,412,1029,223,7583,40,3516,28,1748,2715,42,2035,2419,1684,1647,1931,291,429,879,371,9144,33,3530,19,2370,2710,29,2131,2303,1708,1703,2062,287,448,1130,250,ferret_pipeline
5382,2413,6284,2393,3390,4706,2393,3800,6051,5773,3788,3802,2602,2946,3437,4012,2061,16,4944,16,484,4408,13,854,4125,3125,1054,825,93,229,285,867,2125,14,4485,22,497,6369,11,835,4183,6280,2343,943,132,236,305,979,2116,15,3937,14,479,4788,12,978,4119,3424,1207,866,130,312,313,998,2828,66,3947,54,548,3167,37,1226,5401,3418,1230,1231,321,391,669,1206,2746,17,3632,18,562,3626,14,1136,4776,4599,1444,1116,202,404,506,1215,2041,12,3763,10,381,2681,10,822,5673,4347,1291,798,159,254,313,973,2256,35,4721,38,525,1910,34,900,3876,3001,1088,912,214,329,374,1107,2032,19,3792,14,462,1726,21,949,3547,2786,1095,895,213,261,393,1029,2038,42,3482,36,457,1653,31,997,4377,2619,1014,904,162,312,315,1017,2799,34,3484,26,525,1646,38,1164,4605,2888,1049,980,243,423,486,1126,2243,37,3473,34,489,1655,44,1031,3915,2839,1133,867,213,355,439,1191,2833,22,3422,21,443,1616,24,1062,4049,2644,1110,955,236,309,453,1194,2351,35,3561,37,474,1690,32,1095,5110,2833,1084,890,189,300,373,1196,2330,56,3398,49,821,1630,52,1043,5023,2778,1140,1128,426,335,405,1168,2380,48,3541,38,594,1775,37,1111,3747,3019,1167,1334,390,571,585,1214,ferret_pipeline
9127,5318,9027,5115,5846,6808,4868,7860,7261,9051,7843,7739,5536,6055,5484,5571,3317,23,5015,23,551,4992,19,2449,3203,2548,2148,1591,206,683,58,186,3140,27,4435,21,573,7179,18,2625,6069,3025,2193,1810,245,760,71,216,3207,22,5425,13,531,5806,16,2558,2078,2403,2184,1530,247,747,60,219,3337,89,3915,88,590,3696,89,2709,4670,2499,2405,1803,422,855,174,354,3374,34,3838,24,564,4074,27,2466,6129,2915,2222,1750,364,818,121,297,3084,21,3941,19,501,2455,15,2134,6318,2901,2078,1521,252,683,83,199,3234,58,4163,49,567,1654,53,2404,2452,2443,2145,1562,300,735,98,251,3189,25,4004,28,530,1478,19,2491,2335,2394,2038,1516,318,725,86,282,3236,125,3801,68,587,1492,67,2449,2814,2074,2129,1820,262,793,111,298,3205,68,3639,46,595,1480,50,2447,6290,2474,2177,1758,366,807,154,305,3092,111,3665,52,552,1466,58,2180,2152,2481,2178,1777,301,717,131,289,3202,39,3653,40,518,1431,42,2015,2127,2223,2166,1710,371,756,158,305,3230,50,3776,57,609,1528,50,2128,2769,2515,2168,1876,352,754,131,353,3417,65,3601,68,560,1449,64,2195,3773,2492,2303,1808,513,777,112,353,3531,97,3729,77,704,1541,78,2413,2445,2689,2387,2376,501,978,156,337,ferret_pipeline
3989,2477,4748,2501,2495,4039,2447,7325,2659,3891,5688,2463,2682,2487,2513,2552,1330,14,2546,16,58,4235,27,4920,170,3760,3208,103,135,35,30,30,1315,12,2178,21,79,9893,29,5154,173,6877,3137,135,146,41,35,24,1357,10,2089,14,60,6918,28,4422,153,6913,3170,106,166,37,30,35,1353,54,2163,52,104,5220,66,4636,339,7481,3168,156,264,110,115,76,1329,13,2127,18,101,4105,25,3564,225,4223,3107,115,267,65,92,63,1296,11,2125,14,57,1834,20,4329,209,2630,3312,98,195,58,68,45,1320,38,2295,34,60,1387,41,4006,198,1606,3220,119,208,52,45,42,1306,30,2428,25,89,1321,48,4692,181,1506,3060,120,318,71,112,59,1303,44,2333,39,80,1320,42,5430,201,1469,3201,123,157,66,58,59,1298,38,2171,41,86,1294,35,4327,222,1452,3119,127,241,69,80,44,1327,35,2158,40,72,1280,41,3765,192,1441,3284,119,172,51,52,50,1336,25,2208,24,106,1290,42,4337,385,1440,3215,132,209,51,108,69,1358,53,2212,43,89,1304,48,4030,276,1464,3240,140,229,58,65,63,1351,48,2169,40,83,1255,79,3819,458,1421,3054,134,273,65,65,91,1415,41,2166,36,89,1303,70,4985,379,1419,3105,139,222,62,132,54,ferret_pipeline
2454,1583,1546,1545,1626,2868,1489,2218,1493,3816,3289,1716,1572,1739,1633,1603,803,10,36,12,19,4387,8,689,9,2958,1745,204,65,100,11,9,773,10,28,13,23,8245,6,869,14,6409,1631,215,84,114,21,22,783,9,36,9,12,5197,9,621,9,4850,1624,195,63,152,9,9,838,34,78,38,34,4608,27,666,30,4727,1768,226,92,161,33,28,799,10,33,16,15,3751,12,486,11,4175,1661,214,60,142,14,11,756,9,33,10,14,2150,7,550,6,3163,1582,178,50,119,7,3,791,15,40,19,28,1494,14,552,19,2371,1715,196,91,116,19,14,763,15,45,14,25,1334,14,795,10,2369,1626,206,63,121,15,15,752,20,51,22,23,1302,26,870,27,2218,1616,197,64,150,29,21,762,20,51,24,27,1266,25,651,24,2420,1695,219,53,144,26,23,748,22,33,26,29,1231,17,555,19,2364,1721,216,75,143,18,15,773,21,62,20,29,1243,13,552,23,2370,1667,244,79,139,15,16,824,28,41,32,33,1281,31,432,27,2491,1730,221,77,149,40,24,836,21,96,25,32,1234,21,489,23,2369,1716,206,77,159,25,22,833,28,68,28,30,1220,19,622,23,2324,1634,211,71,138,32,25,ferret_pipeline
8274,5434,5379,5420,5579,6999,5305,7832,6271,8415,8091,7522,9236,7159,8970,6084,2699,13,21,14,69,2258,12,1578,669,2517,4531,1315,3112,2870,3094,453,2686,37,45,36,105,8691,46,1701,798,2816,7442,1347,3001,3264,2889,469,2694,15,35,10,87,3396,16,1562,768,2424,4746,1247,2825,3222,2716,481,2754,66,84,44,193,2112,53,1671,905,2463,3315,1418,2845,2817,2771,647,2702,44,63,53,165,3402,63,1742,900,2288,3042,1326,2796,1739,2738,549,2631,15,52,15,98,3225,19,1470,848,2268,4799,1233,2726,1163,2654,476,2671,85,57,35,121,1829,36,1465,710,2134,2861,1337,2874,1049,2839,496,2656,49,70,39,222,1706,42,1553,755,2125,718,1371,3015,1055,2895,551,2607,112,68,40,100,1623,49,1560,743,1976,371,1473,2900,1040,2833,501,2610,53,63,37,133,1624,50,1608,828,2129,435,1345,2876,1026,2732,513,2621,126,89,44,139,1623,54,1625,775,2235,425,1281,2832,1047,2783,512,2703,83,77,42,245,1607,45,1621,842,2131,1061,1441,2846,1131,2839,590,2706,100,92,51,179,1622,57,1759,856,2299,1807,1373,3028,1052,2964,497,2792,97,68,41,195,1597,42,1765,926,2156,2288,1443,2912,1093,2739,610,2750,44,55,38,226,1559,41,2169,880,2275,2138,1603,2921,1089,2773,613,ferret_pipeline
7440,4659,4640,4697,4893,6400,4570,7243,4695,8944,6243,8212,7951,7052,9588,5242,2335,23,27,17,80,4419,16,1522,74,3495,3491,2214,3257,3785,5601,282,2326,26,27,24,111,7932,25,1571,72,3583,5953,2235,3186,4273,4561,307,2357,19,25,14,97,5457,13,1548,86,3323,7531,2141,3082,2728,4395,328,2407,36,45,46,186,4503,42,1650,160,3301,4693,2278,3163,2365,4579,498,2386,21,32,22,129,4186,26,1672,122,3441,2379,2283,3183,2758,5166,437,2293,15,19,14,117,2728,12,1469,83,3234,1614,2148,3165,3400,4123,384,2342,101,57,46,187,1810,42,1422,122,3480,1602,2373,3212,2635,3840,434,2354,49,61,61,182,1678,49,1610,112,3269,1579,2194,3333,2380,3865,436,2238,92,49,42,93,1593,40,1604,89,3216,1488,2273,3308,2220,3783,343,2227,32,32,37,129,1588,36,1492,104,3299,1482,2174,3222,2252,3531,394,2211,87,43,30,101,1600,40,1683,76,3374,1483,2158,3102,2233,3561,381,2275,41,43,42,154,1582,38,1507,138,3180,1533,2193,3163,2282,3607,457,2317,42,51,45,169,1624,48,1624,120,3414,1503,2203,3229,2285,3703,372,2372,60,50,41,172,1532,42,1794,120,3294,1449,2307,3201,2234,3694,519,2427,52,63,43,211,1568,40,1811,147,3423,1569,2381,3352,2315,3831,518,ferret_pipeline
8578,5567,9189,5808,5507,7531,5759,10055,5644,9313,8143,8683,9058,8123,10842,5465,2780,20,2544,31,25,4221,20,3204,28,2753,2644,2855,2920,3786,5604,24,2789,94,2517,82,85,7464,61,3335,93,3093,5630,3671,2936,5541,4918,67,2894,20,2656,31,36,5118,30,3260,43,2925,2624,3381,2869,3250,5236,46,2803,54,2584,93,62,4335,61,3236,74,2756,2376,3049,2927,2406,4731,57,2842,28,2703,48,40,4494,37,3499,65,3283,2957,2796,2971,3210,4728,32,2888,29,2412,44,33,2689,28,3078,48,3194,2885,2110,2887,3383,4856,31,2950,134,2573,101,97,1830,93,3147,103,3049,2421,1830,3053,2247,5281,86,2859,69,2352,94,81,1683,79,3256,89,3361,2376,1672,3187,2067,5040,74,2913,87,2396,73,74,1628,86,3253,175,2901,2285,1609,3051,1920,4906,63,2806,41,2427,63,55,1554,48,3154,78,3156,2245,1565,3061,1891,4627,53,2813,107,2590,62,72,1599,69,3414,92,3184,2247,1586,2933,1880,4673,55,2957,85,2458,118,90,1589,97,3204,120,3335,2353,1624,3225,1994,4829,105,2964,48,2550,71,59,1646,66,3477,99,3437,2334,1644,3167,2008,4998,57,2814,49,2549,105,61,1518,65,3331,106,2850,2219,1621,3138,1915,4793,62,2783,64,2807,111,70,1696,70,3903,81,2918,2438,1840,3226,2117,4946,83,ferret_pipeline
1263,1064,987,2986,1030,1030,1178,982,977,975,948,966,1022,1083,1064,1075,91,9,8,1980,10,6,105,4,5,5,5,6,18,15,7,7,45,4,4,1988,5,7,101,4,2,5,3,3,20,13,8,4,81,5,10,1897,6,5,142,4,5,1,6,5,21,15,7,8,67,8,7,1934,8,8,113,3,4,3,4,5,33,28,10,7,75,14,10,1919,5,8,123,4,4,2,4,4,17,15,6,8,40,13,10,1939,5,10,112,7,5,2,6,3,16,18,8,8,56,9,9,1910,5,5,84,7,9,5,7,5,16,17,9,11,42,6,10,1919,4,6,87,2,3,7,3,2,14,10,7,8,37,8,8,1899,6,5,110,3,3,2,4,2,12,15,6,6,32,10,7,1969,9,12,112,5,3,3,3,5,14,13,5,8,35,9,8,1900,5,4,106,5,4,4,4,4,16,15,7,9,62,6,8,1926,10,8,114,3,3,2,3,4,33,66,28,14,87,9,12,1916,10,8,118,3,4,1,6,4,21,15,11,11,94,9,8,1930,9,10,96,4,7,5,7,7,54,50,5,10,94,4,7,1912,8,7,108,4,4,5,5,6,36,37,7,7,ferret_pipeline
6215,3950,6231,4047,3983,5608,3418,4651,3742,10019,5212,5736,6780,6274,8680,4787,2110,23,2115,26,24,3864,18,641,20,5497,4426,3057,3138,3500,5448,2679,2043,55,2035,53,56,5563,41,709,43,4648,8333,4968,3114,3996,4797,4508,2180,28,2255,26,25,4076,17,703,19,4458,5752,3023,3075,2885,4518,3645,2157,35,2219,37,33,2828,25,674,31,5068,4854,2452,3003,2587,4400,3188,2016,28,2165,33,31,3617,25,781,32,4368,3292,3329,2995,3098,4440,3710,1836,21,2045,23,22,3287,18,648,20,4606,2016,3633,2877,3583,4611,1712,2043,54,2115,55,46,2136,47,778,50,4532,1536,2235,3076,2834,4945,875,2016,38,2160,38,36,1810,26,684,33,4440,1449,2054,3246,2619,4883,806,1969,48,2291,55,39,1761,35,725,48,4460,1436,1949,3108,2447,4647,797,1829,36,2054,37,39,1716,33,690,33,4368,1389,1951,3064,2453,4332,776,1877,34,2109,43,34,1698,23,678,34,3982,1415,1982,3056,2452,4383,828,1952,52,2153,51,42,1719,48,697,52,3875,1457,1977,3207,2477,4508,858,1897,39,2065,47,39,1744,35,812,43,4812,1459,1984,3225,2531,4592,843,2072,35,2235,42,40,1699,30,1080,39,5640,1385,1944,3187,2444,4483,828,2096,45,2358,43,38,1772,26,842,37,5992,1504,2065,3238,2597,4509,883,ferret_pipeline
1100,684,564,665,681,2357,551,644,628,10045,1798,2818,6692,3460,5649,2845,367,12,19,11,13,2643,9,21,11,9810,3922,2916,6296,3681,5673,2657,310,11,26,16,13,5419,8,16,10,9399,8800,4228,5946,3460,4984,4586,356,8,17,7,13,3380,6,13,8,9271,5616,3004,5787,3123,5239,2768,376,8,22,12,9,2422,6,17,6,8861,3808,2657,5636,2878,4626,2496,359,9,18,8,5,3289,9,19,9,7381,2704,3725,5622,3543,4640,3748,292,6,13,5,3,2733,3,13,3,7261,1907,3424,5791,3904,4862,4321,340,10,19,15,8,2059,6,18,10,7594,1299,2410,5984,3172,5214,2422,332,10,17,9,8,1717,8,17,8,8606,1215,2253,6119,2858,5091,2240,345,5,19,8,5,1623,4,17,10,9347,1152,2125,6142,2710,4829,2085,277,5,13,6,5,1606,4,15,6,8012,1182,2107,5870,2667,4563,2101,282,6,12,8,4,1623,4,10,6,7987,1182,2135,5811,2674,4623,2145,331,9,19,12,6,1614,7,17,8,6280,1195,2169,5902,2691,4724,2120,314,6,15,7,5,1636,5,16,7,6011,1191,2163,5894,2698,4768,2109,391,7,20,10,7,1576,6,18,6,6554,1164,2107,5826,2717,4694,2070,377,10,27,9,9,1569,7,19,8,7333,1170,2116,5702,2719,4614,2088,ferret_pipeline
7049,2251,4669,2179,2146,4280,2044,3628,2200,7639,3755,4399,5576,4048,7673,4476,4556,10,2604,11,21,4967,7,994,14,6404,5040,2358,3490,3073,5852,3194,4122,39,3867,41,66,5768,20,1159,27,6213,8677,5951,3275,7667,5196,5312,3940,10,2998,9,23,5373,7,1067,17,5251,6313,2752,3161,3800,5592,4101,3856,22,2342,9,37,4360,7,1033,22,5625,4713,2321,3135,1822,4982,4080,3920,12,1987,11,23,3913,10,1249,20,5156,2983,3838,3149,2886,4872,3976,3807,12,1623,6,16,2754,4,1029,16,4624,1815,4155,3136,3752,4980,3597,3974,29,1590,16,28,2537,23,1215,40,4275,1520,2341,3238,1853,5427,2296,4099,19,1478,12,25,2044,9,1102,15,5739,1425,2122,3384,1676,5357,2096,3949,13,1412,8,18,1931,13,1141,13,5954,1367,1973,3502,1556,5161,1954,3748,11,1417,9,16,1914,12,1199,20,4550,1363,1983,3283,1565,4780,1969,3764,12,1433,11,12,1919,8,1112,16,5577,1365,2012,3178,1585,4847,1961,3839,33,1470,21,51,1918,25,1145,33,4029,1443,2058,3274,1605,5001,2021,3962,15,1500,13,20,1970,12,1280,23,3658,1444,2069,3333,1649,5114,2055,3983,15,1476,15,57,1884,11,1778,18,3602,1351,1976,3270,1584,5039,1938,4076,23,1572,19,54,1981,19,1310,25,3293,1511,2139,3284,1762,5074,2031,ferret_pipeline
12266,4464,8022,4499,4889,7092,4077,7939,5003,6716,5892,6340,7367,6110,6995,6986,7864,18,4198,17,204,3368,13,3937,484,2157,4504,3254,2490,5330,2964,2760,7131,50,3811,43,236,6752,37,4419,518,2356,8258,5854,2846,7167,2622,3502,7006,19,3412,20,238,3828,16,3317,489,2668,5632,4560,2462,6417,2502,2521,6929,45,3114,48,337,3084,38,2220,546,2638,4699,4906,2511,3871,2490,2628,6899,27,3327,35,307,3892,32,2489,561,2655,3609,3535,2713,4261,2486,3304,6658,14,4070,15,202,3351,11,2256,468,2248,2142,2818,2549,3235,2500,3889,6965,35,4107,20,220,2402,30,2284,484,2145,1649,1953,2506,1969,2644,2807,7151,30,3404,37,267,2205,30,3511,553,2788,1557,1877,2548,1790,2768,2595,6942,66,3160,54,311,2169,56,2641,638,2398,1519,1783,2709,1731,2685,2509,6550,31,3108,32,283,2146,25,2181,513,2508,1474,1741,2554,1660,2432,2430,6550,27,3195,26,192,2080,19,1647,466,2485,1424,1763,2493,1629,2461,2403,6695,59,3239,53,368,2122,48,1046,489,2462,1527,1796,2503,1707,2568,2475,6762,36,3255,28,281,2148,22,1032,513,2426,1557,1818,2693,1740,2591,2520,6939,45,3166,40,435,2025,31,1408,486,2428,1488,1740,2718,1689,2530,2425,7135,48,3382,35,445,2241,33,1635,625,2290,1656,1920,3046,1847,2587,2534,ferret_pipeline
11334,4056,8280,4004,4253,6306,3952,6799,4095,10561,5360,7304,6273,6606,7052,6554,7123,25,4985,25,85,3456,23,2518,292,6377,4255,3340,1404,3545,2553,2302,6366,36,4026,50,116,6974,46,2040,306,6605,10327,4227,1597,6575,2591,6249,7717,19,3816,17,88,5064,18,1424,286,5941,4353,3212,1664,3143,2625,2611,6203,74,3801,67,227,4235,76,1437,566,6414,3233,3181,1608,2271,2816,2412,6240,51,3854,60,170,3632,62,1303,370,6940,3574,3297,2047,3414,2641,4074,6044,21,4426,17,129,3141,18,1108,322,6973,2209,3629,1555,4218,2374,3588,6277,42,4552,58,247,2117,41,1260,318,5908,1309,3332,1557,2190,2498,2246,6180,63,4234,67,363,1962,71,2300,348,6391,1255,3239,1433,2006,2750,2205,5937,58,3964,71,140,1873,65,1574,305,5871,1198,3065,1522,1883,2561,2005,5801,33,3872,37,154,1842,40,1557,357,7094,1202,3006,2176,1913,2733,2038,5846,28,3916,27,94,1813,32,1206,287,6434,1159,3092,1883,1868,2652,1945,6065,43,3950,44,198,1828,57,892,398,7164,1292,3170,1889,1985,2708,2062,6180,37,3983,45,168,1875,44,841,305,7053,1283,3177,2169,1963,2762,2109,6068,38,3896,50,227,1781,40,850,434,6970,1220,3017,1679,1850,2582,1938,6289,38,4054,42,235,1932,40,1367,501,6986,1411,3216,1740,2132,2876,2135,ferret_pipeline
11265,7240,7615,4653,4437,6731,4369,4484,4408,13572,5423,5655,8488,5478,7420,6112,7425,2001,3729,47,50,2451,43,50,55,8057,5660,3989,4111,5039,3011,4894,6762,2038,4383,39,51,4998,45,58,61,8373,9862,7399,4290,5947,2998,6949,6833,1840,4201,20,35,2825,15,33,30,7398,5903,3913,4170,4880,2898,5968,6396,1881,3418,54,55,2311,61,82,78,6378,4459,2868,4266,2748,3143,5659,6472,1876,3415,37,55,3522,48,58,68,7281,3727,4522,3849,3305,3018,5854,6468,1948,4168,23,26,3529,15,34,32,7807,1947,3279,4310,2828,2925,3126,6797,1932,3571,92,88,2588,79,93,104,8361,1446,1814,4331,1690,3113,1948,6873,1899,3254,51,60,2263,54,77,69,7760,1354,1714,4502,1503,3225,1825,6439,1845,3049,45,61,2119,58,63,69,6320,1336,1612,4363,1449,2902,1776,6126,1828,2979,32,44,2081,40,64,56,7594,1328,1606,4131,1411,3051,1744,6127,1855,3044,23,30,2052,38,35,40,6692,1290,1589,3743,1389,3169,1694,6108,1895,3127,64,76,2099,77,77,84,7095,1388,1641,2990,1430,3137,1737,6227,1894,3110,36,41,2078,46,52,65,6807,1363,1664,2898,1456,3234,1861,6445,1888,3062,61,55,2045,49,58,74,8429,1300,1607,4344,1407,2937,1800,6442,1946,3092,65,81,2076,64,86,99,9085,1377,1636,4852,1491,3171,1778,ferret_pipeline
9096,9513,5554,2631,3001,5240,2535,2740,2719,10277,3352,3864,11584,4643,5417,4380,6874,6935,3479,48,206,2555,41,38,35,5754,3668,3989,9259,3363,2798,2404,6201,6643,4224,36,158,6975,33,31,32,6019,9404,8328,7793,6736,2750,8369,6404,6518,3507,22,143,3069,18,18,18,5871,6227,4622,8464,3505,2621,3245,5926,6461,2950,34,206,2491,28,29,28,4905,4570,3487,7934,2232,2792,2551,5843,6554,3374,29,202,3839,34,34,33,6428,3286,4530,5218,3263,2711,6022,5793,6884,4137,16,122,3794,11,15,12,6342,1727,2992,6406,4328,2637,4677,6113,6455,3390,44,158,2655,35,44,37,7516,1176,1751,9092,2417,2771,1804,6251,6497,2885,39,165,2405,32,32,41,5955,1074,1630,9454,2242,2805,1662,5973,6486,2701,38,150,2299,31,38,39,4928,1041,1541,8193,2117,2511,1576,5547,6177,2688,23,151,2284,30,27,32,5892,1025,1534,6519,2098,2746,1579,5606,6113,2722,29,145,2267,27,25,26,6021,1018,1542,7120,2120,2729,1593,5708,6170,2739,40,222,2271,36,32,37,6108,1041,1570,5412,2117,2742,1589,5825,6321,2759,27,161,2250,31,26,35,6143,1057,1575,3151,2101,2900,1603,5988,6330,2726,43,281,2219,40,45,35,6228,1009,1540,6229,2131,2825,1590,6068,6269,2687,39,237,2242,34,35,38,7956,1044,1531,8617,2146,2927,1557,ferret_pipeline
5788,2603,3868,1345,1706,2893,1117,1193,1183,4418,2430,2755,8246,2916,1332,2946,4712,2804,3916,19,175,3794,21,14,69,2854,4981,3251,8546,4745,39,2690,4152,5408,4893,16,175,9311,14,19,64,2949,9560,7638,6660,6474,27,8875,4086,2338,4833,12,171,5961,12,11,70,2952,7352,3559,7751,6250,36,5658,4098,1979,3758,37,296,4084,31,27,203,2508,5547,3098,7446,5369,89,5208,4031,1993,3835,20,221,4512,17,22,91,3169,3847,4516,6066,3386,48,4598,3924,1607,3850,7,188,2992,8,11,80,3190,1927,3756,4556,2815,32,2819,4103,1443,3088,12,223,1555,13,11,85,2898,1336,1962,7372,1945,26,1672,4238,1379,2682,14,269,1403,18,10,84,2909,1287,1840,7680,1767,50,1593,4079,1284,2512,21,270,1417,23,15,112,2344,1242,1737,7876,1710,46,1536,3793,1268,2499,8,222,1402,15,13,79,2552,1240,1743,6778,1654,38,1499,3778,1306,2558,5,155,1342,5,4,51,3062,1217,1747,6205,1616,25,1495,3997,1282,2561,11,294,1349,15,10,116,3017,1296,1756,5202,1701,38,1526,3956,1267,2580,11,219,1381,18,12,110,3272,1292,1763,2833,1662,49,1520,4263,1275,2535,29,326,1332,29,24,164,2994,1225,1724,3809,1655,47,1478,4224,1275,2511,18,362,1370,19,14,153,3033,1276,1723,5573,1673,56,1473,ferret_pipeline
4345,3883,5017,1644,1815,3280,1542,1572,1661,1484,2746,2831,4418,4000,1719,3270,2480,3731,4340,17,95,3482,14,14,85,62,4571,3072,2643,5557,48,1504,2340,7014,5182,12,106,8744,10,8,74,62,10232,9148,2420,6445,36,2880,2389,3087,4362,10,102,4477,5,7,86,44,4289,4214,2493,5122,35,1531,2365,2767,3765,39,177,2878,22,28,248,61,2911,3977,2976,3678,99,1606,2384,2752,3968,22,195,4026,21,21,142,83,2977,4296,2574,4298,79,2343,2334,2526,5039,6,125,3177,2,6,95,59,2208,3042,1926,3000,38,2349,2326,2288,3978,10,124,1787,7,10,135,62,1397,1540,3196,2555,37,1633,2286,2156,3495,17,293,1660,18,15,115,64,1331,1428,2987,2371,89,1625,2287,2117,3271,33,115,1581,20,22,72,66,1273,1371,2533,2245,49,1519,2242,2078,3219,10,151,1564,11,9,140,65,1280,1359,2377,2232,41,1455,2292,2096,3282,4,75,1573,6,4,65,53,1259,1386,2354,2186,34,1453,2243,2090,3331,16,227,1562,17,15,193,60,1328,1369,1919,2269,83,1479,2365,2082,3321,11,189,1582,16,12,143,56,1363,1382,1402,2272,82,1497,2444,2071,3270,25,193,1544,22,16,229,65,1310,1348,1766,2274,71,1500,2443,2083,3301,19,203,1543,11,11,206,74,1307,1371,2726,2245,84,1505,ferret_pipeline
6305,3262,4721,1640,2037,3286,1596,1716,2942,1548,3119,3700,1582,3368,1756,2654,4192,4127,3900,12,228,1791,16,16,2851,41,3988,3481,59,3081,40,793,4109,7070,3256,15,288,8151,9,25,6115,38,9183,5574,79,6677,35,843,4373,2989,3414,12,253,3427,10,16,3776,48,5413,4161,64,3172,43,855,4337,2949,2970,42,340,2083,29,35,4028,84,3790,3865,122,2071,136,1043,4328,2841,3083,21,369,3868,22,32,4688,65,3500,4135,95,3053,82,1007,4279,2105,4187,6,232,3292,2,13,2525,27,2563,3535,63,3719,31,864,4237,1728,3748,13,226,1727,11,21,1308,45,1547,2227,61,1885,26,808,4197,1614,3213,18,271,1576,10,17,1216,62,1470,2102,100,1751,79,812,4189,1571,2978,26,247,1473,21,28,1187,32,1402,1994,59,1656,47,822,4321,1574,2909,14,332,1462,10,12,1176,52,1420,1998,71,1630,62,905,4358,1574,2989,10,223,1449,6,11,1160,34,1406,1979,73,1660,43,936,4225,1569,3006,34,321,1460,22,29,1182,57,1470,2012,76,1673,81,998,4373,1594,3037,19,280,1448,12,16,1198,52,1426,2025,62,1625,66,914,4465,1558,2956,22,344,1453,23,31,1198,56,1431,1967,68,1648,67,974,4359,1575,2976,26,362,1477,19,22,1233,53,1464,2010,91,1701,86,910,ferret_pipeline
4328,1149,867,5649,1005,1059,2911,881,856,893,851,867,894,1052,1042,1226,244,74,18,4047,75,67,2431,35,21,33,21,27,31,64,68,51,183,117,4,3894,68,72,1207,20,12,36,9,13,22,61,63,46,359,198,39,3110,232,215,2014,139,113,126,116,110,127,228,264,172,193,167,18,3153,64,80,823,31,25,59,27,18,31,75,65,45,225,153,36,3451,77,70,999,21,21,43,22,22,21,67,68,52,166,301,32,3530,62,63,1674,28,22,33,29,21,39,56,56,45,160,80,10,3139,54,56,1371,24,26,29,20,21,20,54,57,40,154,125,10,3116,66,66,1265,26,21,42,22,19,28,75,72,51,155,91,11,2963,53,47,2852,16,12,27,18,15,18,49,53,44,150,79,10,3818,53,56,2786,14,9,30,13,22,18,56,56,46,155,74,8,3021,60,52,1824,17,14,21,14,15,19,47,52,38,184,101,15,3305,65,59,2078,23,15,43,14,17,22,67,68,48,229,87,13,3343,74,79,1985,24,22,42,22,22,30,59,88,53,214,73,16,3541,58,74,1631,23,21,70,19,16,28,55,55,46,319,79,10,3550,80,67,2406,26,17,51,17,14,20,56,60,42,ferret_pipeline
5537,3227,5027,1787,2835,4206,1617,1668,4277,2028,3364,4017,2130,4426,2438,2546,2530,3527,3856,25,496,2212,19,12,4208,74,4022,3621,185,5053,191,274,2786,8118,3580,34,543,9925,24,15,8191,111,8116,7402,285,7241,264,351,2648,5629,3858,9,571,4092,5,7,6564,82,5096,4580,235,5743,273,284,3158,3435,3875,55,681,2689,42,19,6887,174,3713,4128,378,4530,488,571,3082,2201,3485,27,768,4336,28,15,4818,255,2986,5099,381,4080,483,547,2493,1631,3095,9,493,3527,4,6,2709,91,1812,3501,176,3217,201,260,2575,1305,2962,14,490,1775,9,11,1858,61,1456,1924,172,2251,177,245,2856,1259,2970,39,662,1874,24,16,1914,157,1452,1852,296,2289,409,361,2612,1206,2754,27,521,1651,23,23,1697,60,1412,1765,201,2142,263,279,2738,1190,2768,48,691,1787,22,14,1816,140,1357,1853,435,2230,344,319,2604,1196,2781,10,539,1590,18,8,1682,71,1376,1717,244,2042,377,328,2769,1212,2820,40,711,1746,36,25,1857,137,1464,1819,242,2242,347,372,2803,1197,2925,32,656,1713,20,7,1955,127,1443,1875,281,2202,336,430,3089,1201,2927,30,762,1792,32,17,1949,121,1393,1807,290,2347,289,488,3210,1373,3188,35,962,1994,34,22,1983,205,1557,1987,367,2388,442,490,ferret_pipeline
4664,3072,5624,1622,1682,3411,3959,1526,3607,1526,2798,2704,1374,3749,1521,1482,2686,4332,3689,15,54,3583,2955,12,3783,51,4095,6369,55,4971,50,40,2961,7395,3737,24,59,7424,3730,13,6051,69,9175,8907,47,4521,34,33,2597,3258,3567,11,59,6697,3034,10,5085,29,7186,7470,32,4127,38,29,2468,2860,3821,38,82,4838,2641,26,4562,48,5123,7100,66,3144,94,54,2865,2626,3901,18,146,3886,3059,5,4508,92,3548,5276,59,2999,73,39,3288,1742,3706,11,58,2901,3951,8,3357,61,2321,2504,41,3737,54,34,2472,1614,3786,7,69,1918,2932,10,2091,48,1569,1371,35,2618,42,31,2418,1536,3927,32,120,1795,2529,18,2002,57,1515,1299,87,2311,81,55,2376,1488,3835,30,76,1663,2321,22,1909,43,1437,1235,54,2185,49,44,2235,1460,3667,19,80,1625,2305,11,1916,53,1431,1225,58,2161,54,47,2282,1468,3637,10,62,1630,2324,4,1897,37,1417,1207,40,2147,33,24,2297,1480,3548,34,101,1668,2339,18,1946,49,1457,1266,50,2196,73,40,2354,1460,3812,26,96,1636,2337,11,1946,52,1465,1256,56,2159,62,42,2415,1448,3642,35,105,1620,2365,17,1897,58,1407,1221,45,2154,49,45,2405,1457,3962,32,89,1632,2328,28,1869,69,1441,1193,47,2195,58,42,ferret_pipeline
5612,3063,3722,1440,2717,3772,4344,1315,3360,1581,3153,3949,1844,3790,2478,1558,3544,4624,1622,40,565,4409,3360,9,3546,189,4742,2975,206,3503,972,160,4438,10010,1853,66,814,6911,5254,21,8304,266,8977,5663,346,4784,2516,186,3648,6965,1989,9,715,6066,4156,6,4531,187,5654,4452,239,3520,984,163,3498,4271,2160,94,664,5610,2853,19,3534,201,4387,4089,392,2894,1198,206,3568,2982,2275,63,1044,5052,3103,12,5175,242,3389,3615,469,3697,1220,244,4437,1437,1619,30,554,2930,4474,5,3887,180,1619,3289,212,3950,1029,129,3295,1219,1604,10,536,1917,2905,8,1678,139,1391,2189,169,2397,949,135,3208,1137,1812,29,644,1801,2487,5,1569,246,1407,2089,304,2252,932,177,3064,1141,1906,35,570,1791,2346,13,1516,138,1493,2132,265,2162,875,155,3072,1096,1753,39,991,1795,2339,8,1517,221,1394,2007,390,2196,979,171,3066,1098,1657,30,628,1811,2422,5,1537,189,1337,2008,278,2165,980,230,3269,1120,1813,38,646,1801,2432,17,1533,212,1411,2055,268,2196,940,262,3005,1123,1792,47,638,1813,2410,7,1560,183,1431,2025,272,2204,913,164,3188,1087,2027,48,664,1731,2344,16,1484,194,1323,1960,271,2160,915,200,3274,1385,2063,46,826,2029,2740,18,1734,216,1663,2281,387,2453,1217,231,ferret_pipeline
3113,1850,298,382,437,1894,3881,319,2628,278,2224,2093,539,1748,1438,304,2947,3802,33,9,41,4250,4383,25,3166,20,2606,3380,196,6149,3981,20,2789,8060,28,15,29,9508,4907,34,4563,20,5828,5405,281,8686,9159,27,2630,4633,24,8,34,6751,4503,37,3202,17,2737,4342,225,6312,3731,16,2429,4065,31,12,36,5802,3825,30,3002,20,2207,4413,228,3584,2657,22,2532,2830,33,9,45,4895,4090,30,4091,24,2580,3713,259,3714,2326,19,3096,1632,23,3,25,3058,4182,36,3898,13,2534,3654,186,3076,1509,17,2732,1546,21,9,28,1648,4215,26,2557,21,2102,2069,171,1538,1140,18,2606,1433,26,3,41,1470,3695,37,2374,18,2009,1821,209,1432,1081,23,2450,1365,27,7,35,1423,3451,30,2201,20,1924,1745,172,1376,1044,20,2402,1378,25,3,29,1422,3382,43,2196,21,1931,1744,218,1353,1034,17,2426,1383,16,2,25,1394,3410,33,2208,13,1950,1744,181,1354,1025,11,2441,1385,27,9,54,1392,3461,31,2222,22,1981,1745,179,1368,1051,17,2463,1359,23,6,34,1399,3494,32,2249,17,1949,1767,203,1350,1029,22,2482,1360,25,7,23,1377,3433,35,2181,16,1911,1723,202,1354,1028,18,2464,1374,30,9,27,1373,3401,32,2178,16,1928,1718,213,1363,1063,15,ferret_pipeline
4659,2863,530,580,613,2237,5021,524,2196,531,1917,2953,526,2065,2282,515,4938,3525,14,6,21,2935,5320,7,3783,6,4111,2655,19,3715,3862,7,5438,7272,14,17,33,8614,4920,11,7864,10,7464,5695,25,9302,8172,14,7495,4873,7,6,22,5546,4443,7,5086,7,6279,2779,19,4751,4151,5,4952,3011,8,9,30,4375,4102,15,4588,7,4885,2514,25,3081,3770,15,3138,2489,10,8,21,3012,4155,13,4195,10,3032,3343,26,4473,3568,8,2874,2366,7,0,18,2376,4461,4,2736,2,1862,3525,16,3764,2044,2,5683,2243,7,9,21,1743,4736,8,1734,8,1514,2614,18,1659,1719,5,1783,2146,6,4,17,1646,4657,8,1639,12,1423,2493,27,1469,1621,9,1646,2094,9,7,17,1564,4336,13,1546,9,1364,2354,20,1399,1569,8,1594,2082,5,2,18,1543,4197,9,1543,5,1360,2344,19,1390,1547,7,1685,2103,5,3,17,1555,4328,5,1537,9,1368,2366,14,1392,1564,5,1755,2092,9,9,26,1559,4381,10,1556,8,1396,2370,16,1415,1592,13,2138,2065,7,5,25,1560,4353,15,1574,6,1386,2391,20,1438,1554,9,3044,2050,9,9,20,1525,4310,11,1522,9,1351,2330,17,1416,1551,13,3551,2052,10,10,28,1519,4309,10,1495,7,1363,2330,24,1393,1582,11,ferret_pipeline
3185,2589,240,295,331,2110,3913,241,2066,231,1826,1783,267,2254,2124,280,3161,3930,8,6,15,3082,4544,11,2399,6,1965,3950,17,3401,2960,15,3627,6503,8,9,18,7728,3702,7,5876,8,5986,8325,20,8121,6990,18,2981,3919,4,5,22,4276,3436,12,4007,3,2402,5427,15,5133,2885,18,2601,3442,7,8,19,3452,3302,16,3976,7,1815,4188,20,3678,2954,13,2811,3275,8,3,19,4357,3409,13,4152,5,2454,6181,20,3888,2938,13,3435,2633,1,1,24,3580,4038,6,3779,2,2381,3693,14,3820,2049,7,2969,2259,5,9,18,1999,4237,9,1978,4,1744,1683,18,1818,1883,16,2784,2178,6,7,15,1861,3750,24,1845,5,1645,1548,11,1719,1777,9,2643,2131,4,7,15,1791,3483,14,1769,6,1559,1503,14,1655,1708,10,2605,2090,4,5,16,1732,3393,11,1752,2,1552,1489,20,1606,1670,10,2623,2124,3,4,15,1742,3495,10,1761,3,1563,1475,19,1617,1686,10,2628,2117,6,8,19,1772,3520,14,1771,4,1590,1478,21,1671,1717,15,2608,2096,6,4,22,1766,3537,15,1779,4,1592,1519,13,1642,1695,15,2674,2063,9,8,17,1707,3509,15,1724,6,1557,1454,18,1624,1661,20,2642,2052,7,9,22,1689,3478,11,1714,6,1573,1452,21,1630,1690,12,ferret_pipeline
3545,1595,462,474,754,2942,615,443,2582,395,2163,1921,456,2823,2213,574,3251,4284,24,5,134,4315,141,5,4498,9,3179,3727,18,4443,3923,21,6270,9978,31,8,142,4697,151,8,5764,8,6902,9343,20,7264,7763,22,4711,8238,14,7,113,4411,173,7,5665,7,3219,4375,8,5947,2609,17,3816,5225,26,20,165,3297,220,16,5580,6,2490,2901,34,4877,2464,48,4653,2837,25,10,146,3135,184,10,3637,4,2665,4677,17,2868,2435,26,3791,1329,20,5,140,2548,129,7,2552,3,2222,3424,23,2895,1990,51,2701,1052,12,2,120,2478,133,8,2169,6,1880,1567,10,1873,1710,21,2581,983,14,4,118,2229,155,4,2092,3,1809,1446,12,1703,1613,25,2526,963,14,7,127,2136,139,6,1928,5,1709,1358,7,1616,1547,24,2445,946,18,3,119,2111,143,6,1961,5,1688,1369,7,1590,1552,18,2481,941,10,2,118,2079,154,2,1943,2,1718,1395,7,1601,1567,18,2533,967,23,7,176,2110,200,11,1978,5,1752,1394,13,1625,1577,44,2507,949,17,5,141,2133,160,10,1970,5,1753,1431,14,1601,1566,34,2598,923,20,7,173,2051,232,10,1896,7,1686,1352,12,1593,1535,45,2620,946,22,6,173,2076,225,10,1912,6,1733,1373,22,1641,1580,44,ferret_pipeline
2326,1087,179,205,229,1836,121,161,3324,157,1768,1748,144,2409,1647,237,4441,4052,8,5,10,3259,6,8,3301,8,2514,2677,10,3412,4929,6,6583,10559,2,10,4,8548,8,8,3536,8,6461,9856,12,6097,9604,10,5052,9227,2,6,6,5287,8,11,3037,9,2620,5504,9,3658,5387,11,3234,4959,5,12,13,3810,4,16,3049,9,2231,5414,4,2697,4214,13,3438,2148,1,7,4,3335,6,7,3384,7,2532,4257,5,3330,3628,8,3736,900,0,9,7,2597,3,7,3743,11,2355,2839,3,3601,1579,11,1990,810,2,11,4,1788,3,10,3335,15,1787,1373,6,2238,1398,8,1909,747,2,5,6,1661,5,10,3199,11,1657,1280,5,2044,1304,9,1811,724,3,9,6,1576,6,23,3009,6,1599,1221,5,1945,1285,6,1794,725,3,5,5,1557,4,18,3001,6,1584,1195,6,1928,1260,5,1824,723,1,6,7,1548,4,7,3021,6,1584,1214,7,1915,1262,4,1812,734,6,8,11,1558,5,13,3069,9,1613,1219,10,1929,1303,12,1816,739,5,7,10,1553,7,14,3081,9,1602,1215,9,1935,1266,18,1875,713,6,9,5,1559,8,13,2972,10,1578,1194,7,1943,1250,12,1863,738,6,12,10,1526,9,14,2958,7,1586,1192,18,1945,1282,21,ferret_pipeline
2350,1701,189,279,290,2624,136,157,2193,162,1404,2565,202,2227,3418,287,2159,4991,6,6,14,3530,5,6,2204,10,4689,3617,9,5203,7458,7,5772,9931,5,7,18,5406,2,4,4964,11,9669,5101,3,6726,7345,4,3355,4993,5,8,18,3697,6,5,2421,15,7306,4169,4,5960,5492,7,2003,3507,7,6,32,3159,6,9,2142,11,5316,4320,8,5199,4482,19,3172,3263,4,5,7,3963,7,7,3591,12,3310,4862,3,3908,6457,6,3733,1607,3,5,10,3489,2,4,3550,7,1711,3237,2,3234,4964,5,1987,1449,3,5,11,2605,2,4,2160,9,1293,2528,4,1972,3597,5,1867,1321,3,4,8,2487,2,3,2028,12,1215,2423,5,1818,1143,8,1769,1303,4,7,9,2341,6,5,1916,7,1207,2309,4,1764,1922,8,1730,1291,2,3,6,2295,6,4,1921,8,1178,2304,1,1730,178,1,1767,1300,1,3,4,2289,3,1,1920,6,1170,2301,3,1744,730,2,1791,1282,5,7,37,2308,5,8,1937,10,1224,2318,5,1742,1306,7,1795,1298,5,6,13,2316,6,8,1944,11,1228,2342,6,1754,2040,5,1887,1274,7,8,64,2226,4,8,1923,11,1166,2270,6,1739,2151,7,1802,1287,7,5,41,2252,4,4,1887,13,1204,2236,7,1762,2611,9,ferret_pipeline
2204,1378,124,199,218,2803,99,139,2202,184,1355,1541,185,1909,1691,171,3381,4122,9,6,9,2793,5,6,2144,22,5583,4815,19,4694,3854,10,6540,9327,4,8,5,4928,2,5,5991,18,9835,9421,15,9627,7270,7,4437,11355,5,5,10,3084,2,3,2849,24,5744,7367,20,8117,3088,9,2972,5870,6,9,13,2643,3,4,2097,31,4109,7523,26,6019,2671,8,4407,2981,6,5,6,3629,5,4,4000,25,3460,5372,17,3757,2812,6,4374,1127,2,4,3,3665,2,3,4247,23,1753,2298,17,2576,2472,7,1995,1091,4,2,7,2900,2,3,2183,16,1266,1304,13,1176,1972,7,1804,1025,4,3,5,2684,5,6,2066,18,1181,1203,15,1096,1626,4,1743,997,4,4,9,2511,2,5,1947,17,1159,1169,31,1053,1590,12,1719,975,3,1,4,2490,1,3,1935,14,1171,1181,17,1017,1367,3,1745,996,4,1,3,2485,1,3,1954,9,1159,1173,15,1024,1356,3,1733,972,5,3,7,2506,2,6,1978,33,1186,1172,37,1050,1374,12,1746,981,4,4,6,2493,4,7,1980,17,1213,1203,11,1052,1336,5,1797,960,7,6,6,2458,5,7,1907,49,1169,1163,47,1035,1346,6,1746,978,4,6,5,2438,3,5,1935,37,1178,1172,43,1058,1361,6,ferret_pipeline
2515,1705,1616,4889,1663,1695,2847,3328,1641,1617,1603,1562,1580,1597,1703,1769,635,11,18,2888,33,34,974,854,27,28,25,17,17,15,17,18,601,10,4,2807,20,28,969,899,13,23,10,7,9,8,13,16,741,58,33,2467,117,56,937,1212,112,118,95,28,35,34,54,130,610,12,14,2500,26,45,735,996,27,28,22,12,17,14,18,33,631,14,18,2692,37,25,774,981,42,37,32,17,21,16,39,51,593,22,19,2548,26,33,1126,875,19,23,29,12,11,13,15,24,613,20,22,2697,35,37,788,813,36,36,38,14,25,14,25,28,610,9,6,2477,16,19,882,832,22,25,22,10,13,8,10,34,577,12,11,2332,13,22,1102,741,21,23,22,7,8,7,11,19,568,11,6,2784,16,21,1759,826,15,15,11,5,6,9,9,21,556,11,4,2390,17,17,944,875,14,17,10,6,7,6,10,18,572,6,8,2561,16,42,1378,926,22,24,17,13,9,12,19,14,581,10,12,2556,21,28,973,1090,33,31,28,16,16,16,17,28,631,13,10,2614,24,61,1066,971,27,29,27,14,14,15,18,23,647,10,8,2633,27,47,992,1020,19,26,16,11,9,11,16,20,ferret_pipeline
2710,969,126,151,189,2389,130,170,3142,169,1171,1574,142,2324,2023,184,4105,3985,9,6,11,2420,13,10,3153,6,3784,3521,4,4414,3055,5,5004,10483,5,5,14,6507,13,9,3015,5,10865,8192,3,6563,7138,3,4023,10299,5,3,9,3348,12,9,2804,5,6128,5352,9,4759,3052,6,3097,4998,4,6,12,2441,11,31,2829,7,4647,5082,5,3408,2668,9,3322,2158,6,2,12,3710,14,12,3054,3,3774,3741,6,3447,2841,4,3150,700,3,5,17,3560,8,8,3589,5,2029,2657,4,3772,2048,5,2561,672,4,8,18,2396,12,10,3152,6,1128,1490,5,2230,1878,6,2313,622,3,2,10,2252,8,15,2972,5,1044,1412,3,2017,1782,4,2220,617,4,5,18,2146,5,16,2797,5,1016,1356,8,1950,1708,8,2147,590,2,2,11,2104,11,18,2795,2,994,1346,3,1927,1689,3,2170,607,2,2,10,2110,7,9,2803,2,996,1351,5,1931,1719,3,2203,618,4,4,23,2128,13,20,2837,7,1035,1383,11,1939,1726,11,2208,613,5,4,14,2126,10,18,2847,10,1052,1390,9,1938,1699,6,2230,598,7,4,16,2099,11,13,2775,8,996,1339,10,1932,1678,9,2195,623,6,5,12,2074,13,11,2762,8,996,1350,7,1958,1716,10,ferret_pipeline
3127,1846,284,339,756,3761,286,240,1874,258,1550,2528,321,2465,2748,333,4225,4267,9,3,158,3225,15,6,1536,5,6027,2407,10,3691,3906,7,5426,8263,7,8,193,3428,16,10,1538,6,10283,6940,7,5284,6050,10,4914,3710,4,6,183,2991,8,3,1411,2,8019,3048,4,4056,3232,3,3400,2387,9,13,249,3027,23,13,1537,3,5567,2763,18,3330,3272,19,3359,2154,11,7,242,3307,22,7,1588,2,3632,4733,5,3681,3282,8,3360,1908,5,3,173,3475,10,8,1680,3,1961,4131,5,3135,2812,13,2354,1501,6,7,196,3191,6,3,1477,4,1276,2351,4,2217,2314,8,2206,1408,9,9,242,3187,15,6,1471,2,1188,2241,9,2054,2242,18,2133,1384,6,5,150,2932,6,7,1368,4,1163,2087,4,1977,2154,8,2093,1368,5,2,210,2949,9,0,1371,3,1168,2111,1,1911,2123,3,2088,1349,2,4,178,2902,6,1,1359,2,1167,2126,3,1921,2171,3,2186,1380,7,8,262,2942,16,7,1425,4,1225,2126,7,1950,2181,8,2170,1387,7,6,198,2962,15,3,1433,4,1244,2143,5,1986,2128,8,2238,1361,9,7,286,2864,11,7,1435,5,1179,2086,4,1942,2110,11,2263,1379,7,7,289,2916,18,7,1390,5,1223,2084,5,1980,2168,8,ferret_pipeline
2161,1242,108,173,176,267,114,143,137,111,1210,2086,108,1953,1314,118,4343,5740,6,5,15,41,5,8,19,5,4579,3763,6,4239,5221,8,7499,10827,3,7,13,40,3,5,12,4,12273,8274,4,6846,9709,2,6342,5650,3,6,14,48,4,9,15,5,6854,3488,6,3775,6800,5,5701,4290,10,9,17,69,5,17,14,4,4614,3093,9,1887,4528,10,4820,3567,6,9,21,42,12,31,19,5,3881,4076,7,2553,3071,10,4173,1247,4,4,12,45,1,2,11,2,2153,3311,2,3371,1495,3,1944,1094,2,6,12,47,4,9,15,8,1143,2094,4,1950,1090,4,1744,1011,5,5,15,44,4,21,13,4,1038,2007,4,1801,1025,3,1659,988,3,4,20,38,4,13,22,2,1013,1906,3,1720,992,4,1622,972,2,1,14,40,1,15,9,1,1007,1886,2,1703,971,2,1645,977,1,2,6,32,1,6,7,1,1007,1901,2,1730,968,1,1663,994,4,5,11,68,2,13,15,3,1023,1915,3,1716,1029,2,1629,1026,5,4,13,38,4,12,9,4,1042,1940,3,1711,996,5,1676,981,5,7,13,81,6,13,11,8,999,1872,7,1715,981,8,1635,974,7,4,13,64,8,8,9,5,1023,1863,3,1737,999,7,ferret_pipeline
2575,1035,88,108,134,117,70,139,92,84,1138,2312,117,2144,901,121,3620,4992,6,4,6,6,8,14,4,3,4780,2348,4,5719,4073,6,5230,11264,1,7,3,7,6,17,3,1,9652,5063,2,5777,10850,4,4306,7917,3,5,9,14,7,19,8,1,7501,2650,4,5741,10691,4,3121,4459,4,4,8,8,10,33,7,4,4951,2504,3,4970,5517,5,3906,2972,3,3,13,9,8,24,7,4,3466,3581,6,3235,2365,7,4200,1018,2,3,3,5,7,21,10,1,1641,3391,2,2231,789,3,2431,896,3,5,5,8,8,13,13,5,1068,2392,8,2064,672,8,2251,808,3,3,4,5,6,20,5,1,1006,2240,4,1868,607,4,2174,815,1,3,6,4,4,16,3,2,975,2105,3,1790,613,2,2122,787,2,2,2,3,8,15,6,1,982,2093,1,1737,601,1,2142,788,1,1,2,3,4,6,3,1,965,2121,3,1738,602,1,2150,800,2,3,6,6,7,35,4,3,1003,2122,5,1767,630,3,2139,806,1,3,3,7,6,15,8,2,1018,2134,4,1755,638,2,2188,789,3,4,3,6,6,47,5,2,971,2093,4,1730,613,9,2124,790,3,4,6,5,3,32,6,2,977,2092,3,1753,632,5,ferret_pipeline
2616,1273,70,115,136,124,72,108,101,73,1386,2214,89,3176,1584,148,4502,4445,6,1,5,5,6,6,8,3,4258,3547,6,3822,4517,6,5133,10952,2,8,4,3,4,12,10,2,9034,5249,2,3386,9375,7,4488,8041,3,5,6,6,1,12,9,5,6365,4581,3,2899,3885,8,3682,4514,5,4,4,8,3,17,12,6,5046,5186,5,2775,3118,5,3858,2644,5,4,7,6,3,15,11,4,3592,3230,5,3213,2967,6,3289,1161,1,2,2,3,2,10,12,3,1747,2793,2,3741,1888,5,2516,1103,1,8,8,7,1,13,22,2,1290,2272,7,3276,1488,10,2327,1028,1,5,6,3,3,30,9,4,1205,2128,1,3039,1372,4,2234,982,2,2,2,6,2,12,6,4,1193,1999,2,2905,1339,4,2209,973,2,1,1,2,1,13,10,0,1178,2019,3,2837,1343,5,2205,987,2,0,1,3,1,6,8,1,1168,2006,2,2854,1335,2,2212,991,1,4,5,5,3,16,12,1,1190,2027,4,2839,1361,6,2220,983,4,4,4,5,3,13,11,4,1215,2037,5,2854,1338,6,2238,996,5,7,3,7,6,14,11,6,1187,1981,4,2866,1335,7,2208,990,4,7,5,7,6,11,9,5,1179,1975,7,2855,1356,8,ferret_pipeline
3383,1083,86,102,140,123,82,105,92,84,1561,3132,127,2561,1262,151,3453,5470,8,3,6,10,5,4,5,5,4488,3181,7,4142,3319,6,3378,11175,2,8,5,19,1,5,1,1,9926,3090,3,4206,7910,5,3056,8401,2,1,7,13,4,5,6,1,6133,2905,3,3091,8359,5,2871,5050,2,5,7,12,5,9,4,2,4547,2927,3,2792,4422,7,3078,2969,1,5,4,21,6,6,2,3,4172,3079,4,3108,2219,9,4448,995,2,3,5,13,4,4,5,3,2145,3428,4,3242,1180,6,3349,879,4,4,7,13,5,7,6,6,1505,3220,6,2611,1105,8,3076,818,3,3,6,9,1,5,2,5,1411,3073,5,2382,1051,4,2935,810,1,3,6,6,3,8,2,4,1349,2899,3,2240,998,8,2897,789,1,2,3,11,1,3,1,2,1360,2882,2,2231,999,2,2924,782,0,1,2,11,1,0,0,1,1372,2915,4,2238,997,2,2936,802,2,3,4,18,4,10,3,3,1404,2950,5,2249,1011,7,2902,794,3,3,4,14,4,6,6,3,1401,2955,4,2238,992,4,2966,790,4,3,6,11,3,4,3,2,1360,2878,6,2216,987,7,2923,808,5,7,6,18,6,7,4,3,1389,2855,6,2245,1030,5,ferret_pipeline
2188,1430,99,123,129,116,54,121,72,108,821,2488,125,3048,1442,111,3707,4254,5,3,3,8,4,7,2,6,5180,2569,9,3804,4627,7,6024,9355,2,8,5,4,2,4,3,3,10836,4866,2,4186,9288,4,4590,7216,5,2,8,5,1,6,4,6,7948,2747,1,3036,4644,5,3091,4108,4,5,5,7,5,16,1,6,5694,2522,4,2641,3961,2,3812,2787,5,5,5,5,8,11,3,5,2041,4219,5,3245,2867,3,3834,1495,1,1,5,5,0,5,1,6,848,4133,3,3935,1845,1,2062,1300,3,9,6,6,2,10,3,19,727,2613,6,3114,1322,6,1889,1208,2,4,1,5,3,8,2,8,669,2420,2,2901,1251,2,1810,1171,3,3,5,4,4,24,3,4,681,2302,4,2749,1230,3,1793,1166,2,1,1,5,1,16,2,4,658,2297,1,2706,1211,1,1791,1168,3,0,0,1,1,7,1,4,640,2293,2,2710,1208,1,1818,1152,4,3,4,7,3,13,4,6,682,2293,4,2730,1237,5,1814,1157,4,3,4,4,4,9,2,7,696,2327,4,2721,1209,3,1824,1147,4,3,2,3,5,10,4,5,661,2286,2,2703,1207,5,1797,1171,3,3,4,3,2,5,2,8,676,2264,5,2743,1234,2,ferret_pipeline
2442,1965,157,170,414,400,109,150,216,154,1222,2362,211,1562,1363,228,4535,4054,8,5,85,113,5,4,21,5,5803,2365,9,1515,4732,8,8502,8142,3,9,100,117,0,5,25,4,10868,3334,5,1342,10896,5,7876,3966,3,5,95,120,2,5,26,5,8215,2323,6,1286,8162,6,6457,3532,5,8,116,138,5,10,37,6,4894,2222,8,1180,5373,13,4917,3258,5,6,111,128,5,10,29,5,3309,3204,4,1278,3465,9,3060,2146,3,3,84,98,2,5,23,2,1574,3757,6,1531,1270,7,1776,1750,3,4,97,123,4,5,23,4,1048,2422,5,1328,1053,5,1676,1628,3,6,108,105,3,4,16,7,966,2233,11,1259,975,18,1600,1570,2,3,88,111,1,5,15,1,936,2099,4,1169,953,6,1578,1555,2,2,108,128,2,3,16,3,937,2087,1,1184,932,3,1568,1551,1,1,98,108,0,1,11,1,937,2119,3,1164,929,2,1686,1566,3,4,146,107,4,7,35,2,959,2126,5,1184,965,8,1642,1576,4,4,148,101,5,5,15,4,982,2134,6,1199,981,6,1699,1549,4,5,135,95,4,4,51,2,944,2076,4,1203,930,9,1680,1558,3,6,140,122,1,3,49,3,985,2130,5,1229,960,8,ferret_pipeline
2181,1013,115,111,146,113,68,105,90,116,1678,2477,123,187,1476,116,2665,4946,12,4,22,15,4,6,8,6,3840,2598,8,30,4832,9,6991,10635,13,6,25,19,3,8,3,3,8686,3737,9,49,9925,9,4122,6189,16,6,12,20,3,6,8,5,4437,2475,5,35,7512,5,2676,3698,53,8,20,20,4,26,5,6,2888,2464,11,53,4670,9,4192,2367,17,6,14,18,5,14,3,4,3155,3292,7,44,2931,6,4535,1097,15,2,11,17,1,5,4,3,2455,3759,2,41,1719,2,2062,877,11,6,14,18,2,8,4,16,1700,2572,6,49,1296,5,1868,809,15,2,14,17,2,19,2,7,1604,2419,5,37,1214,2,1796,812,13,5,22,20,4,29,3,4,1550,2268,3,49,1169,3,1759,786,9,1,14,12,1,25,4,4,1556,2274,4,38,1186,3,1815,774,3,1,11,13,1,10,0,4,1547,2289,4,34,1180,1,1819,789,29,3,14,12,4,16,9,7,1578,2309,3,60,1197,4,1811,806,19,4,20,16,6,30,6,7,1592,2318,9,42,1188,13,1851,783,54,2,14,12,4,14,5,8,1523,2248,6,63,1168,2,1830,791,42,2,8,18,7,10,8,7,1551,2252,6,56,1204,2,ferret_pipeline
2775,1473,104,101,385,348,101,123,125,114,1848,2345,111,180,1511,154,3388,3827,5,5,86,80,2,1,5,4,3482,2290,5,15,4517,6,6950,9138,4,7,102,94,0,3,1,3,7115,2284,2,13,10046,4,5062,3579,3,6,90,102,3,3,1,3,3220,2113,2,16,5119,5,5057,2418,6,8,134,143,7,8,6,5,2424,2193,11,17,4107,12,4546,2110,6,1,108,101,8,8,3,5,2533,2419,1,20,3742,5,4795,1472,3,1,88,65,0,4,2,3,2206,2656,3,13,1966,3,2224,1309,3,5,107,83,3,5,7,3,1805,2292,4,12,1301,4,2080,1206,4,3,104,87,2,5,4,5,1719,2180,1,8,1207,5,1990,1200,4,3,82,96,1,6,3,3,1653,2096,3,13,1187,4,1951,1180,3,1,112,106,1,4,2,3,1652,2098,1,10,1177,1,1986,1182,5,2,130,89,2,0,2,5,1665,2095,5,10,1204,4,2011,1177,3,3,138,92,1,4,1,3,1695,2107,4,14,1200,3,1975,1184,9,7,121,78,6,8,7,8,1700,2153,6,16,1228,12,2011,1171,6,5,125,122,3,4,4,4,1643,2103,4,10,1187,6,2013,1187,3,6,143,107,2,4,3,4,1666,2107,3,10,1206,5,ferret_pipeline
2918,1905,1796,3694,1858,1875,1806,1839,1866,1830,1780,1797,1810,1848,1912,1867,927,25,19,1866,24,16,40,35,30,22,16,16,17,17,24,17,862,13,7,1851,9,7,43,27,29,13,9,13,8,9,20,11,896,19,25,1844,11,20,38,28,35,13,22,14,12,14,30,19,902,17,19,1855,15,14,38,29,48,15,18,7,8,15,39,11,922,22,23,1862,27,16,55,27,44,23,21,20,20,16,35,13,891,35,48,1870,33,36,57,42,45,36,34,36,34,35,58,32,893,15,20,1843,9,14,36,17,23,8,14,10,10,15,25,15,887,9,22,1844,11,7,33,20,19,13,12,6,8,8,48,9,880,10,13,1847,9,7,34,25,27,11,8,5,7,11,23,9,849,9,16,1841,8,8,32,22,25,9,6,9,7,9,25,12,861,10,12,1833,5,8,25,14,14,5,10,7,10,10,21,10,869,12,20,1841,7,7,28,14,44,10,8,6,6,13,35,10,888,13,15,1846,11,13,25,21,29,15,15,6,12,7,26,12,903,13,13,1840,7,10,27,19,58,14,12,8,13,10,45,18,903,12,8,1843,10,10,31,21,39,15,11,11,9,12,42,15,ferret_pipeline
2369,1174,48,116,127,97,58,95,68,62,1589,85,59,82,1518,92,3733,4481,8,2,16,14,2,5,1,5,4060,33,7,3,4145,8,5798,12224,1,6,12,14,2,5,3,0,9424,24,1,4,9944,8,4246,11257,3,3,15,19,0,8,2,6,4023,36,6,6,6103,8,3000,6329,4,7,16,18,3,15,4,4,2959,48,8,4,4129,12,3613,2650,7,12,22,15,4,7,1,4,3100,39,8,5,3121,13,3711,952,1,3,11,13,2,4,3,2,2400,32,2,3,1790,10,2366,894,4,7,13,14,3,7,3,3,1649,36,3,4,1439,16,2184,819,2,2,14,15,2,8,1,4,1516,35,2,7,1341,10,2095,780,3,4,19,19,4,8,2,2,1466,38,3,5,1285,5,2051,793,1,1,14,14,1,10,2,2,1486,39,4,2,1299,7,2069,811,1,3,10,14,1,15,2,1,1473,21,9,6,1318,11,2063,803,2,4,13,13,3,12,1,2,1491,45,1,5,1341,10,2040,803,3,4,13,14,4,14,4,2,1500,32,4,9,1307,12,2080,803,1,2,14,12,2,12,2,4,1449,66,4,4,1300,11,2041,810,4,4,10,20,4,21,3,3,1457,46,4,5,1309,6,ferret_pipeline
2396,1235,42,144,91,79,41,58,41,67,1710,44,61,105,1428,73,4265,3819,5,15,5,4,3,1,5,4,3745,2,6,10,4991,6,6923,9672,2,16,5,2,0,4,1,1,9394,3,2,22,9155,2,6917,9013,4,15,12,8,5,3,6,5,5088,5,5,14,3901,17,6113,4880,3,37,6,7,2,7,1,3,4401,3,3,13,3246,2,5077,2226,1,18,5,3,3,4,3,4,3983,5,3,15,2827,3,4026,1202,2,15,3,4,3,4,0,2,2716,2,1,11,1962,2,2076,1090,2,21,7,3,3,4,5,3,1709,3,3,11,1374,3,1934,1016,2,12,3,3,1,2,1,4,1604,1,2,13,1266,0,1885,985,1,15,4,2,2,6,2,2,1547,2,1,7,1249,3,1853,967,2,11,4,3,1,3,2,1,1542,3,2,9,1234,2,1891,990,3,18,11,3,2,2,1,4,1543,1,5,13,1214,4,1896,993,1,30,6,5,2,5,3,3,1588,2,4,21,1232,2,1872,988,3,18,6,7,1,3,3,5,1597,7,5,4,1246,4,1905,953,4,44,4,3,2,2,4,1,1528,4,1,5,1212,4,1862,977,1,36,3,3,3,2,1,3,1547,3,2,13,1209,2,ferret_pipeline
1557,1558,37,70,63,70,35,49,27,30,1300,23,47,75,1228,61,2579,4785,5,2,2,1,2,5,2,2,4127,2,1,3,5352,2,8593,9389,1,9,2,3,1,4,0,1,8230,1,0,2,10962,1,5179,5502,3,2,7,3,2,6,0,3,7129,3,1,5,6537,6,3715,3596,1,2,4,4,2,10,2,2,4944,1,1,1,4449,5,3848,2945,2,3,4,4,4,6,2,2,2658,1,2,6,2554,6,3811,1661,0,1,1,3,2,4,2,2,1635,1,2,1,1728,3,1440,1502,2,3,2,4,1,7,2,0,1310,4,2,5,1098,17,1352,1399,1,2,1,2,0,11,0,2,1211,0,2,3,1006,3,1299,1370,0,2,3,2,0,6,0,0,1162,1,1,5,990,5,1287,1354,1,1,1,1,1,11,2,1,1172,3,2,4,989,3,1323,1335,1,1,2,2,0,7,1,0,1178,0,4,1,978,3,1302,1368,2,3,2,3,2,10,1,1,1195,2,2,7,1003,2,1304,1370,2,4,3,4,3,11,2,0,1200,3,2,6,1002,5,1309,1349,1,3,2,2,4,9,2,2,1155,1,1,2,981,7,1292,1328,2,2,4,2,2,21,1,3,1187,3,1,3,1024,5,ferret_pipeline
2214,1392,45,76,87,70,45,43,42,41,1890,37,72,77,1354,63,3828,4780,7,4,7,5,4,3,3,2,2889,7,6,4,4480,4,5903,9338,2,4,3,3,0,2,1,1,5379,8,2,3,9604,2,4475,3636,6,6,9,4,3,1,4,3,3750,9,4,4,5488,5,3359,3025,1,4,5,5,1,6,3,4,3282,8,3,4,3952,4,3373,2609,3,4,1,3,4,4,1,2,2979,11,3,2,2890,3,3220,1626,1,3,3,2,1,3,1,1,2155,5,1,2,1877,1,2179,1320,1,4,3,1,2,3,5,2,1881,7,3,2,1276,3,1980,1207,1,2,2,2,1,2,0,4,1807,4,0,2,1198,2,1902,1209,1,3,2,5,1,3,1,0,1743,3,3,1,1160,2,1870,1188,1,2,2,1,2,3,1,1,1724,9,2,1,1173,2,1901,1175,0,2,2,2,1,0,0,1,1727,7,4,2,1170,1,1926,1182,1,4,2,4,2,4,2,2,1764,5,2,5,1197,3,1895,1190,1,4,5,4,2,6,3,3,1755,7,4,2,1163,4,1910,1161,4,4,5,5,2,4,2,2,1703,7,3,4,1172,7,1884,1168,2,4,4,7,1,3,4,1,1727,6,2,5,1178,6,ferret_pipeline
2505,1774,36,67,141,64,54,83,53,40,2340,46,71,85,1584,70,3093,3690,6,4,14,2,2,5,4,3,3242,6,5,3,4135,4,4092,7973,2,5,13,1,2,4,2,0,5501,0,2,2,9863,4,3113,4568,0,2,21,3,1,5,1,1,2905,1,2,2,4841,3,2587,3229,2,3,24,7,4,14,3,2,2762,3,6,6,3794,13,3032,2528,1,3,12,3,3,5,3,2,2970,2,3,4,3353,4,3234,2088,0,1,9,0,0,3,1,1,2673,0,2,4,1814,4,2551,1746,1,3,14,4,1,8,1,2,2362,4,2,4,1461,14,2349,1609,1,1,8,3,2,7,2,6,2269,0,2,4,1384,4,2213,1545,1,1,8,1,2,6,2,2,2171,2,2,2,1349,2,2191,1548,1,2,3,1,1,10,2,2,2177,4,1,1,1324,3,2179,1561,1,2,10,2,0,7,2,2,2194,0,3,1,1349,3,2198,1540,1,3,32,4,1,11,2,4,2237,1,1,5,1374,1,2201,1529,4,4,15,4,2,10,3,3,2215,1,3,6,1347,3,2225,1508,3,3,47,3,3,9,3,3,2143,1,2,3,1327,5,2174,1535,0,2,25,3,2,20,3,2,2169,2,2,2,1375,2,ferret_pipeline
2765,1679,36,61,98,72,45,60,58,40,2165,21,55,62,1727,62,3027,3515,6,3,4,5,3,1,2,3,2361,3,4,4,3381,2,5705,8059,1,3,2,1,1,2,1,2,5453,0,2,1,7502,0,3706,3681,2,3,8,4,3,3,1,3,2576,3,3,4,2482,3,2534,2511,6,4,10,4,2,4,4,3,2238,3,2,3,2543,6,3187,2249,2,1,4,2,4,5,2,3,2780,1,3,4,2549,2,4522,2007,1,3,1,3,2,2,4,1,2605,0,3,2,2367,2,2895,1661,2,4,4,2,2,2,4,2,2229,1,4,3,1715,3,2626,1545,2,3,3,1,2,3,2,2,2127,3,1,3,1617,2,2494,1489,1,2,4,1,0,3,2,1,2020,0,1,3,1582,1,2461,1486,1,1,2,1,1,3,2,1,2015,3,1,1,1556,1,2477,1479,0,2,3,1,2,2,1,0,2030,0,4,2,1558,1,2458,1495,1,2,4,4,2,3,1,1,2055,1,4,5,1571,3,2429,1490,1,3,7,3,3,5,3,3,2046,2,4,1,1540,2,2486,1467,2,2,4,2,3,3,4,2,1999,5,4,2,1535,4,2453,1457,3,2,4,1,2,1,2,1,2013,0,3,2,1562,2,ferret_pipeline
2248,1575,28,60,58,57,31,59,36,42,2243,36,35,56,1315,31,5126,4282,5,3,2,2,1,2,2,1,2437,2,3,2,4659,3,5585,9032,1,1,3,5,2,1,1,2,6007,1,2,4,9615,1,5572,3654,2,2,5,4,1,4,3,0,2796,2,3,7,3671,2,5553,3487,2,1,3,2,1,3,1,1,2287,1,2,3,3288,2,3696,3269,1,4,1,3,2,2,0,2,2844,1,1,1,2964,2,2340,1948,1,1,2,1,2,1,0,1,2928,4,1,1,1784,2,2142,1636,2,2,2,3,1,4,1,1,2287,1,0,2,1301,2,2066,1479,1,1,1,3,0,1,0,2,2201,0,0,1,1196,0,2012,1420,1,0,1,4,2,1,1,0,2104,0,0,2,1189,1,1928,1412,1,1,1,1,1,1,1,2,2105,1,1,2,1175,0,1948,1410,0,0,1,1,1,1,0,1,2118,0,0,1,1157,0,1956,1406,0,3,0,0,1,1,0,0,2151,2,0,1,1181,0,1957,1419,2,3,3,1,2,3,2,2,2126,1,0,2,1176,1,1958,1396,3,3,2,1,3,2,1,4,2068,1,1,1,1162,1,1926,1387,0,1,1,2,1,2,0,1,2093,1,0,1,1165,1,ferret_pipeline
3213,1694,34,48,55,59,35,44,44,40,2338,31,43,64,1402,49,3388,4028,2,2,2,1,1,2,4,3,2893,2,3,2,4670,3,3185,8354,1,5,2,1,0,1,2,1,5852,1,0,3,11229,2,2969,3047,0,2,1,2,3,1,1,2,2879,0,2,3,9993,4,2758,2620,2,2,3,3,2,2,2,2,2706,1,1,2,5827,4,2870,2748,3,2,1,3,1,1,2,1,2897,2,2,3,2173,4,3523,2329,1,1,2,0,1,2,1,2,2680,1,1,2,1219,2,3223,1727,1,2,2,2,1,1,2,0,2302,2,2,3,1094,1,3044,1623,2,1,2,1,1,0,2,2,2252,0,2,4,1009,3,2896,1545,2,2,2,2,1,0,2,0,2167,3,1,2,980,2,2853,1530,0,0,1,0,0,0,0,0,2169,0,0,0,971,1,2883,1538,2,0,2,0,1,0,0,2,2217,0,2,0,998,1,2849,1542,2,3,1,2,1,1,2,1,2257,1,4,3,989,1,2850,1535,3,3,3,4,1,1,3,2,2229,0,4,3,983,6,2900,1518,3,3,4,4,2,1,3,2,2148,2,3,2,973,3,2853,1528,1,3,4,5,1,0,0,1,2167,0,0,6,1043,4,ferret_pipeline
2835,1128,30,62,74,88,34,48,43,45,1782,29,63,69,1344,57,2993,5475,1,1,5,8,3,3,1,2,2026,1,2,1,3436,5,4310,10359,0,5,4,12,1,1,0,1,5566,1,1,2,8599,1,3272,4076,2,2,3,13,1,2,0,2,2469,1,3,2,4932,2,2504,3125,2,3,4,24,2,2,2,3,1964,4,4,7,3307,5,2992,2639,1,3,8,7,1,2,3,5,2500,2,5,6,2647,8,4540,1170,0,2,3,10,0,0,1,0,2361,2,2,3,1750,3,3109,1091,1,3,3,8,2,1,0,1,1882,1,1,2,1289,3,2671,1014,1,2,3,8,1,3,2,1,1743,0,2,2,1199,1,2548,1013,0,1,4,7,1,1,0,1,1656,0,1,2,1172,2,2497,975,0,0,1,2,0,0,0,0,1658,0,0,0,1160,0,2528,968,0,2,3,9,1,3,2,0,1677,0,2,2,1155,2,2544,972,0,1,5,24,1,3,1,1,1704,2,3,3,1179,1,2492,1001,2,3,4,10,3,3,2,1,1684,1,3,3,1167,3,2537,974,3,4,5,33,3,4,1,2,1664,2,2,1,1163,2,2511,973,2,4,4,23,4,3,4,3,1679,2,3,3,1167,2,ferret_pipeline
2481,1327,67,128,402,356,106,82,80,105,1786,99,130,98,2085,146,2132,4720,3,4,91,85,1,2,4,2,3351,9,10,2,2096,3,1974,9962,1,5,104,90,4,3,3,0,6660,8,3,4,7749,2,1923,7196,3,3,90,92,2,0,1,1,4027,7,3,3,2128,4,1962,4801,3,5,129,138,7,5,4,2,3346,9,18,2,2177,14,1949,2737,11,6,118,105,4,5,1,4,2673,10,5,2,2300,8,1996,1271,1,4,88,58,3,3,2,1,1962,5,2,3,2066,4,2029,1096,0,1,101,83,1,2,0,2,1672,3,5,2,1890,2,1999,1002,0,3,90,84,3,3,1,1,1617,2,5,2,1804,5,1911,1005,1,2,80,98,2,1,1,3,1543,4,4,3,1746,3,1879,968,0,0,98,103,0,1,0,0,1518,1,2,0,1705,0,1913,985,1,1,88,81,2,3,1,2,1560,2,3,2,1745,5,1923,1001,2,1,126,117,3,2,3,1,1614,5,4,3,1766,4,1931,1013,1,4,93,68,3,2,3,1,1610,6,6,4,1739,4,2049,962,1,3,140,125,4,3,4,3,1527,6,5,3,1716,2,1980,993,2,2,142,125,2,3,4,1,1559,6,3,3,1747,3,ferret_pipeline
3288,2121,2003,4679,2052,2075,2467,3025,2035,2037,1971,2038,2056,2064,2075,2104,1068,19,20,2287,23,23,241,524,18,17,17,37,33,22,35,23,1008,13,5,2319,9,8,268,567,7,7,3,14,23,7,28,13,1056,39,33,2183,41,36,372,776,23,29,16,99,112,20,119,38,1033,18,18,2195,14,20,275,681,17,17,13,30,24,16,38,20,1057,23,19,2195,21,27,269,713,23,25,22,44,39,22,42,22,1051,64,50,2233,59,54,265,599,63,41,39,50,58,47,55,60,1051,39,24,2268,36,26,265,524,22,19,20,38,39,15,54,32,1027,17,8,2113,16,16,252,545,10,11,11,20,26,12,36,21,1026,15,14,2020,9,11,239,525,14,11,14,24,20,10,25,11,995,16,11,2247,11,15,253,573,11,10,10,19,20,11,26,10,1020,13,9,2105,8,14,256,594,6,9,7,16,28,9,25,13,1025,15,14,2148,9,14,259,682,12,10,10,20,21,11,29,9,1039,13,15,2162,11,16,293,672,12,13,12,24,26,10,33,10,1048,17,12,2201,23,16,246,671,15,12,12,26,29,14,48,29,1058,14,9,2212,7,17,265,715,12,18,11,16,20,10,28,10,ferret_pipeline
608,1301,97,106,306,299,74,123,74,81,2376,82,98,108,1673,116,195,4617,2,2,92,87,4,7,2,5,2499,6,5,3,4259,5,192,10523,4,7,92,90,0,6,0,3,5343,4,1,3,9089,0,210,7713,4,4,88,109,3,5,4,1,2694,2,3,6,4287,4,269,5500,5,8,108,96,6,11,4,6,2371,7,6,6,3424,6,258,2926,6,5,128,92,5,7,3,5,2708,2,12,1,3288,11,163,1245,2,1,84,61,1,4,0,1,2650,2,2,4,1642,2,194,1095,9,6,94,84,2,6,6,1,2246,5,4,3,1522,4,208,1028,3,2,88,91,2,8,2,2,2165,2,1,3,1410,4,193,994,2,2,94,96,2,13,1,1,2066,2,1,1,1386,2,176,1000,1,2,143,109,3,14,1,4,2086,7,2,3,1366,2,162,980,3,2,80,85,0,6,2,2,2125,1,4,2,1371,2,206,1010,2,4,116,83,1,13,1,2,2128,3,2,5,1385,3,197,1006,4,2,93,68,3,11,2,3,2121,2,3,1,1384,3,246,985,5,4,87,79,4,8,6,7,2101,5,3,3,1359,6,236,1002,5,6,105,96,2,6,2,3,2116,5,3,6,1374,3,ferret_pipeline
226,1109,35,59,118,62,35,42,42,29,65,32,60,70,1544,66,51,5034,6,4,21,14,3,2,2,4,32,2,2,3,3684,2,37,11028,4,5,11,13,1,2,1,0,28,0,3,1,8401,3,51,7339,1,3,12,22,2,4,3,3,40,2,3,2,2506,3,74,4195,3,5,13,14,1,3,3,2,51,1,4,2,2097,6,49,2701,1,2,19,16,3,2,1,1,41,2,3,5,2169,3,38,1205,0,0,11,11,1,1,3,2,38,1,1,1,1789,3,38,989,3,3,12,13,2,3,2,1,38,2,2,4,1516,2,46,924,0,1,14,15,1,0,2,4,41,0,4,2,1410,4,41,895,3,0,18,14,0,0,1,0,35,3,2,3,1357,3,25,885,1,2,14,13,1,0,2,1,31,4,4,2,1351,5,32,903,0,3,8,12,0,1,1,3,28,1,1,2,1358,3,47,912,1,2,12,13,1,3,3,1,47,1,2,7,1355,2,55,927,2,4,14,12,3,5,3,2,37,1,4,6,1341,3,63,897,4,4,15,10,4,3,3,3,67,2,3,3,1340,5,61,890,3,2,7,18,2,4,4,3,58,3,2,2,1348,2,ferret_pipeline
155,1264,20,54,71,53,21,50,29,31,33,17,41,45,1391,58,34,4241,5,4,6,5,3,19,4,2,4,3,3,2,4798,4,16,10246,0,1,2,2,1,7,0,1,2,1,0,2,10495,2,32,7851,3,2,7,3,2,5,2,2,5,3,3,5,8191,2,40,5188,2,4,5,10,1,12,3,1,5,3,3,3,5635,2,28,3276,3,5,4,3,5,7,3,3,3,1,1,2,3706,1,17,1338,0,2,2,3,0,5,1,0,3,1,0,1,1462,0,25,1180,1,7,2,3,2,6,4,2,5,3,3,3,1261,3,19,1099,1,1,1,2,1,11,0,3,2,2,1,2,1189,1,17,1055,0,2,1,1,1,10,1,2,5,1,1,0,1185,3,21,1048,1,4,13,8,5,20,5,6,2,3,4,3,1164,8,12,1054,0,0,3,1,2,6,1,0,3,0,4,1,1155,1,25,1070,2,2,4,4,0,11,1,1,4,2,1,5,1194,2,26,1066,2,4,4,4,2,11,0,0,3,3,4,0,1187,2,20,1050,3,3,2,2,1,8,1,1,5,3,2,3,1160,3,34,1049,1,3,4,2,2,2,3,3,3,2,2,2,1190,2,ferret_pipeline
160,1195,31,42,71,43,24,14,18,21,12,16,22,43,1225,46,31,4655,6,1,2,1,1,2,1,3,3,1,2,1,5607,2,28,9857,0,4,2,3,0,0,0,1,1,0,1,2,11486,2,37,5114,2,1,6,2,1,0,1,1,3,1,2,1,10811,3,44,3666,3,2,4,4,2,3,1,2,3,1,3,5,7157,4,37,3046,1,1,3,5,2,0,2,0,2,0,0,0,3744,1,24,1294,1,1,0,1,0,1,1,1,2,0,1,2,884,0,17,1144,2,2,2,1,0,0,1,0,1,0,2,1,612,1,19,1058,0,1,3,0,0,0,2,2,2,0,0,1,574,1,17,1036,2,1,1,1,0,0,1,2,3,1,1,3,566,1,17,993,2,4,3,2,1,1,2,1,2,3,1,2,564,2,18,992,1,2,2,0,0,0,0,1,1,0,2,2,563,0,24,1026,1,2,3,0,1,1,0,1,1,0,1,3,575,1,33,1015,2,1,2,2,2,1,3,3,2,2,1,2,575,1,27,987,2,2,2,1,1,1,4,1,4,1,3,1,601,3,31,986,3,2,3,0,0,2,1,1,1,0,1,1,628,4,ferret_pipeline
115,1133,29,38,66,40,13,28,12,11,27,20,19,34,1067,23,16,5279,7,2,2,1,2,4,1,1,6,3,2,2,4623,3,11,10515,6,2,5,3,1,23,1,1,12,1,1,2,11098,0,22,5024,8,3,4,2,3,12,3,2,11,2,2,1,8728,2,36,3739,7,5,3,5,1,14,1,1,6,3,3,3,6250,1,26,3173,10,2,4,0,3,6,0,3,10,2,2,3,3814,3,9,1294,8,2,2,1,2,4,0,1,7,0,1,0,1286,1,15,1093,19,9,8,3,2,9,3,1,11,4,1,2,950,2,9,1008,5,1,1,1,1,10,0,3,5,0,1,1,882,1,10,987,3,0,2,3,1,9,1,0,4,0,0,1,863,0,10,978,7,1,4,3,3,16,1,1,7,4,1,1,842,2,13,971,7,1,2,2,0,6,0,0,6,0,3,1,836,1,17,987,7,2,3,1,1,10,1,0,4,1,0,2,893,1,19,1000,8,2,3,2,0,9,0,1,5,1,0,4,859,1,20,967,6,2,2,1,3,9,2,3,6,2,1,2,849,4,15,970,6,1,2,2,0,2,0,0,7,1,1,1,870,0,ferret_pipeline
132,2409,49,46,85,50,32,16,24,25,17,15,23,41,1126,44,25,5563,4,2,4,2,2,2,3,2,5,1,1,2,5303,2,19,10268,0,2,1,1,0,1,0,1,1,2,0,0,11002,0,29,5976,2,1,4,1,0,0,0,0,2,0,1,2,5810,3,48,4798,2,1,3,5,2,1,3,0,3,3,3,3,3996,3,29,2965,1,1,2,3,3,1,0,0,2,1,2,3,3410,1,20,1751,0,0,1,0,1,1,3,0,1,1,0,4,1543,1,13,1514,1,2,1,1,0,0,2,1,0,2,1,0,1086,2,15,1408,1,2,3,1,1,1,2,3,1,2,1,0,976,0,14,1383,1,3,1,0,2,0,0,2,3,2,0,1,995,0,14,1388,2,2,3,1,1,0,3,1,2,4,2,3,965,1,10,1362,1,1,2,0,0,1,1,1,2,1,2,2,954,1,15,1356,1,1,2,3,0,1,1,0,2,1,2,5,994,1,25,1377,1,1,4,3,3,1,1,0,1,3,3,2,1007,2,19,1369,3,1,3,3,2,3,3,2,5,4,2,2,974,4,25,1364,1,3,2,2,1,1,1,0,1,2,1,2,984,0,ferret_pipeline
74,1162,18,36,55,33,11,25,13,18,4,8,17,22,963,22,22,3674,4,6,1,1,2,2,2,3,3,2,1,3,4803,2,12,9377,1,12,2,2,0,4,0,1,2,1,1,2,10648,5,23,4325,0,8,6,4,2,22,3,3,4,3,1,3,7802,2,31,3976,3,9,4,1,1,15,2,1,2,1,2,2,5579,3,19,2432,0,9,1,4,3,7,4,2,2,1,1,0,3404,1,10,1327,0,9,1,2,1,2,1,0,1,0,1,1,1371,1,10,1155,2,27,3,6,1,6,3,1,3,3,2,1,885,2,10,1066,0,7,1,3,0,5,0,2,2,0,1,1,831,0,14,1028,2,2,2,1,0,6,2,0,3,1,0,2,796,0,6,1020,1,6,3,2,1,14,2,1,2,3,2,1,794,3,6,1018,0,6,2,1,1,5,0,1,1,0,3,1,796,0,14,1019,0,6,3,1,1,11,0,0,2,0,2,2,837,0,12,1026,1,6,2,1,1,8,1,2,3,1,0,0,829,0,20,1021,3,7,3,2,2,7,1,3,3,1,3,2,802,4,16,1013,0,6,3,1,2,3,0,0,2,0,0,0,820,2,ferret_pipeline
113,1099,15,45,69,36,11,18,11,17,7,10,18,38,1573,28,12,4719,3,1,3,1,1,2,2,1,2,1,2,1,5146,1,14,12136,1,4,3,0,0,3,1,0,1,0,1,2,10509,1,23,13251,2,3,6,3,1,4,2,0,3,1,3,1,6812,3,39,7332,2,2,3,4,1,2,1,1,3,3,2,3,5461,2,20,3189,2,2,3,1,3,1,0,0,0,0,2,3,4740,2,10,900,1,1,2,1,0,1,0,1,0,0,0,1,1989,2,14,838,3,2,2,1,1,2,0,1,0,0,1,1,1502,2,10,769,0,1,1,0,0,1,0,1,1,0,0,2,1410,0,14,758,0,1,1,2,0,1,0,1,1,0,1,0,1395,1,9,760,1,3,4,0,1,1,1,1,2,1,1,3,1348,1,9,763,1,0,2,0,0,0,0,0,1,0,1,0,1353,0,12,750,1,2,2,2,0,0,1,1,0,2,0,3,1390,0,24,755,1,3,4,2,1,1,1,1,2,0,3,2,1362,2,27,760,2,4,2,1,2,2,3,1,4,3,3,3,1339,2,19,794,4,2,3,1,1,2,0,1,2,0,0,2,1354,0,ferret_pipeline
121,943,17,43,81,46,40,14,18,23,5,8,38,41,1342,90,14,4744,1,1,4,2,5,1,2,2,1,1,2,1,4445,3,13,10333,0,3,3,1,9,1,0,0,0,1,2,1,9435,8,32,8109,1,3,3,2,12,1,1,2,1,2,1,2,5016,10,47,4520,3,5,4,2,21,2,2,3,2,1,3,2,3274,22,29,2057,2,4,4,3,9,1,2,1,0,1,2,4,3001,8,19,924,0,2,6,1,6,2,2,1,2,1,8,1,1620,47,11,889,0,2,4,0,8,0,0,1,0,0,2,0,1284,10,13,822,1,2,4,3,9,0,1,1,1,0,2,1,1198,13,16,803,1,2,3,0,7,1,0,1,0,1,2,2,1193,10,8,768,2,1,4,3,16,0,1,0,0,1,3,0,1182,6,9,769,1,4,3,1,9,0,0,1,0,0,2,2,1176,8,21,788,1,1,3,1,24,2,1,1,1,1,3,2,1190,17,27,793,2,0,4,4,10,0,2,2,0,2,3,6,1158,9,35,776,2,1,5,2,34,2,2,1,1,2,3,2,1148,31,36,799,0,1,5,2,26,1,2,1,1,2,4,2,1180,23,ferret_pipeline
108,1151,7,43,47,23,23,21,12,14,4,8,27,35,2601,61,11,3518,1,3,2,1,1,2,1,1,1,1,2,1,5029,2,7,10440,0,1,2,3,0,0,0,0,0,0,0,1,10873,0,25,5788,3,2,4,2,3,0,1,1,1,1,2,2,5530,2,28,4137,1,2,4,2,0,3,1,1,1,1,2,5,5183,5,17,2737,0,0,3,2,0,0,0,0,4,0,1,1,3352,0,15,1170,1,4,5,2,0,2,0,0,0,1,1,3,2309,4,15,1097,1,1,3,1,1,2,2,1,1,0,1,1,1481,2,11,1034,0,1,1,0,0,1,1,0,0,0,1,0,1396,1,11,1003,0,1,3,1,0,1,2,0,0,0,1,1,1373,1,7,952,0,1,2,1,1,1,0,0,0,0,1,2,1396,2,8,970,0,2,2,0,0,0,0,0,1,0,0,1,1353,0,19,996,1,3,3,2,2,1,2,1,2,1,1,1,1363,2,22,997,1,4,4,3,2,0,0,0,2,1,2,0,1354,1,21,968,2,3,2,3,3,2,2,2,1,2,2,1,1357,4,40,977,1,4,7,2,1,1,5,1,4,2,5,3,1392,13,ferret_pipeline
5522,3636,3485,3575,3581,3573,3489,3517,7327,3508,5129,7798,6758,3508,3511,3597,1812,44,42,44,35,38,35,39,3196,26,968,2497,1661,32,20,27,1733,23,20,25,23,27,21,17,3030,15,982,2474,2045,13,12,11,1791,43,29,35,38,30,29,29,2616,30,1010,2532,1826,30,24,26,1788,42,28,34,30,34,34,28,2856,32,1055,2808,1985,31,19,18,1782,36,31,38,36,28,36,42,3072,40,1034,2714,2042,34,16,16,1726,22,15,30,23,17,18,21,2738,17,1034,2379,1892,16,15,14,1754,32,30,38,26,24,32,37,2440,25,934,2476,1606,26,13,17,1777,183,158,122,176,124,104,115,2466,121,1125,2950,2168,120,84,71,1754,30,25,31,24,23,28,32,2473,27,948,2333,1646,27,13,15,1773,76,52,62,48,59,46,52,3017,52,1013,2701,2054,33,36,50,1730,82,56,30,73,44,18,60,2901,21,987,2582,2178,22,34,24,1732,93,63,67,73,48,30,38,3246,28,1093,2998,1843,25,36,33,1753,41,28,37,30,29,29,36,2700,32,927,2490,2018,26,22,23,1762,24,22,31,27,18,31,28,2708,23,931,2473,1871,27,14,16,1815,40,26,35,27,29,37,21,2963,25,1013,2756,2091,26,12,15,ferret
3811,2499,2409,2533,2460,2496,2394,2467,4245,2446,4456,3414,3129,2497,2504,2493,1262,19,17,32,24,24,19,19,1828,22,2508,667,394,42,21,26,1212,14,9,40,10,12,8,11,1817,18,1409,732,450,41,10,14,1250,19,11,44,17,28,13,23,1823,28,1919,782,417,60,36,31,1236,17,14,67,19,21,16,18,1821,21,896,710,399,42,20,21,1255,17,14,38,17,17,13,17,1822,21,823,871,501,44,22,18,1208,12,7,38,13,16,13,19,1820,26,1998,737,455,33,10,13,1244,20,15,39,19,23,15,21,1815,29,1530,685,412,40,18,18,1228,24,20,47,12,18,16,14,1811,31,2497,720,382,48,17,26,1225,18,15,55,20,21,8,21,1822,23,3954,661,410,46,17,15,1207,40,29,56,32,31,35,34,1837,38,4125,710,456,94,25,33,1189,28,14,37,12,16,12,12,1807,23,2087,687,462,57,21,23,1210,39,16,65,15,21,13,19,1822,24,3196,829,431,42,20,17,1230,16,13,40,17,26,12,18,1825,25,2079,757,469,45,21,18,1261,14,13,70,19,20,10,15,1820,20,1544,700,414,49,16,17,1250,17,8,53,15,20,12,16,1823,22,2644,773,452,38,18,20,ferret
3037,1969,1852,1922,1916,1925,1856,1890,3723,1898,1965,1857,1875,1948,1938,1951,998,11,15,19,11,15,14,13,1839,12,113,12,15,20,16,15,936,5,6,13,7,10,6,8,1823,6,97,6,4,10,9,9,972,13,12,15,13,14,13,9,1832,11,117,12,16,22,20,12,971,14,12,19,11,12,10,12,1833,8,117,8,7,17,13,14,976,13,8,16,10,10,8,10,1832,10,119,11,10,21,8,10,932,8,6,9,8,8,6,7,1831,5,120,7,6,13,6,9,957,10,10,17,9,12,8,8,1831,9,118,12,9,19,10,10,964,16,22,25,20,20,30,25,1844,19,119,28,22,29,24,24,953,11,8,16,9,9,14,10,1829,12,117,8,10,17,10,16,940,24,16,20,16,25,19,13,1838,17,98,17,17,20,20,17,951,21,19,19,17,16,16,14,1833,13,87,17,21,16,29,20,959,20,21,24,21,20,18,14,1839,12,89,15,12,20,24,16,985,12,11,20,10,13,9,12,1832,13,94,8,9,24,15,13,983,13,9,16,10,13,10,11,1833,10,105,11,11,19,11,15,985,16,12,12,12,10,9,8,1831,9,107,10,10,21,12,11,ferret
6751,4330,4318,4395,4302,4333,4150,4178,7336,4243,5901,6891,7386,7923,4375,4382,2183,31,49,54,26,24,17,23,2566,17,1785,2182,1339,1685,40,44,2142,27,35,49,23,15,11,14,2550,16,908,2231,1346,1977,36,38,2196,35,52,54,24,22,18,23,2217,19,1514,2312,1292,1836,45,43,2171,27,54,59,17,23,13,18,2476,20,1138,2499,1363,1896,39,35,2194,25,46,55,22,23,18,18,2573,15,1109,2541,1332,2110,40,41,2092,23,35,45,17,14,8,17,2230,12,1081,2315,1131,1919,25,29,2110,23,43,42,19,19,20,18,2052,16,1223,2277,1151,1636,38,34,2224,75,164,130,87,43,36,37,2141,40,1188,2339,1627,1998,152,154,2149,21,40,53,17,17,11,14,2187,15,2305,2297,1221,1646,36,36,2126,71,90,104,80,79,75,54,2520,67,1697,2530,1457,2154,89,85,2112,34,49,53,33,18,24,24,2287,37,1446,2247,1418,1919,44,39,2111,70,75,82,51,37,20,22,2603,20,1344,2526,1385,2028,61,47,2167,85,73,65,77,43,22,50,2699,48,1864,2440,1563,1950,81,65,2188,22,80,50,17,17,13,19,2434,15,1072,2276,1233,2009,30,50,2219,25,63,70,22,22,17,20,2552,15,2411,2428,1544,2141,39,37,ferret
3326,2164,2039,2143,2147,2150,2037,2077,3902,2094,3790,2038,2058,2116,2228,2134,1090,13,11,17,13,11,8,9,1838,14,1352,22,25,36,43,12,1033,11,4,9,8,6,5,5,1820,8,1182,14,19,32,39,6,1085,16,9,10,9,9,7,8,1829,11,1150,12,22,39,39,9,1081,11,5,12,8,9,5,4,1822,7,1466,19,18,44,32,8,1082,10,6,13,11,8,8,7,1825,8,971,20,22,42,32,8,1025,9,2,8,4,5,1,5,1821,4,1557,13,14,34,30,6,1052,11,5,10,8,9,7,7,1826,9,982,12,19,31,45,9,1046,17,8,12,7,10,7,7,1821,11,1182,23,17,37,35,8,1057,11,5,13,8,10,5,5,1823,7,1641,18,25,40,37,7,1049,26,21,29,31,33,24,21,1834,25,2802,37,37,48,84,21,1023,11,7,11,5,10,5,2,1821,8,1304,12,14,28,44,5,1032,14,7,17,10,12,9,9,1832,11,2101,23,15,45,43,10,1051,21,15,20,12,16,10,10,1831,14,1131,21,27,39,59,14,1093,14,9,11,11,11,9,8,1827,11,1160,17,20,77,45,9,1075,12,6,12,11,9,6,8,1829,11,1635,26,21,50,39,10,ferret
2991,1960,1886,1926,1930,1957,1846,1905,3808,1917,1864,1912,1951,1965,1967,1956,983,8,7,6,9,10,6,5,1872,9,24,29,56,37,10,9,949,6,4,9,10,12,4,7,1881,7,17,22,54,26,9,8,973,8,6,12,14,12,9,10,1866,10,23,30,75,42,11,6,968,7,5,7,12,12,4,6,1881,7,21,27,51,33,10,11,982,8,6,6,9,10,7,7,1872,7,19,29,49,34,9,9,929,4,3,5,9,7,1,5,1868,5,17,22,43,27,8,4,957,7,4,7,9,8,2,5,1860,9,22,17,44,18,7,8,972,16,22,16,21,18,15,18,1872,18,37,33,95,42,26,15,963,7,5,8,10,11,6,7,1862,7,23,20,44,31,9,8,939,13,12,11,18,17,12,6,1881,14,28,27,53,27,7,11,945,18,9,4,20,14,10,9,1888,14,22,27,55,31,13,14,956,19,19,12,21,19,11,10,1893,12,23,41,72,42,11,15,991,19,19,14,32,19,12,12,1899,17,23,42,87,36,31,28,991,9,6,7,13,10,6,14,1892,10,18,35,57,40,10,11,987,9,6,8,12,12,5,12,1884,8,20,29,59,35,12,10,ferret
8307,5452,5199,5312,5413,5287,5252,5234,6946,5260,7243,8628,10732,9250,10448,5404,2701,66,21,30,56,21,47,18,1465,21,1709,3032,3790,1517,1982,66,2615,70,16,23,31,12,27,13,1373,17,1404,2509,3920,1538,2300,20,2669,75,18,28,49,15,42,21,1111,22,1883,2806,3889,1495,2045,48,2693,98,14,34,25,14,45,13,1261,14,1294,3312,3866,1501,2001,37,2657,53,11,25,41,10,36,9,1433,11,984,2969,3885,1581,2257,40,2613,49,14,23,23,13,16,11,1174,14,1335,2856,3808,1455,2046,34,2635,51,11,25,36,8,30,9,1014,11,1127,2570,3661,1424,1786,26,2663,188,50,77,138,29,122,29,1054,38,1208,2638,3725,1668,2092,151,2645,43,12,24,32,11,20,12,1102,11,2111,3091,3656,1414,1724,31,2655,119,96,93,121,91,107,85,1387,89,2789,2538,4005,1760,2331,95,2589,62,28,26,41,13,41,15,1036,71,1388,2428,3845,1543,2004,27,2672,161,21,44,41,18,35,18,1247,32,1789,3760,3878,1727,2127,35,2707,134,37,43,60,24,55,30,1306,41,1519,3527,4208,1542,2498,62,2701,215,41,41,75,32,38,37,1508,40,1339,3009,4003,1754,2158,48,2689,120,13,25,36,10,43,10,1452,13,2120,2895,4154,1844,2405,47,ferret
7832,5040,4935,5031,5142,5005,4891,4919,4997,4906,7322,11729,9441,11153,10382,7690,2535,35,37,38,47,29,40,31,36,38,2154,6336,3905,4055,2232,1265,2482,20,17,27,25,21,26,12,22,21,2038,4920,4196,4266,2339,1386,2532,32,23,33,36,26,34,25,34,32,2354,5064,4474,4024,2240,1239,2593,28,25,37,36,28,28,22,31,32,1976,7186,4429,4098,2358,1381,2516,27,16,25,27,18,23,15,25,24,1504,6584,4066,4065,2320,1364,2460,27,21,33,32,24,30,21,33,27,2022,5855,3732,4107,2211,1258,2473,24,17,28,31,23,24,17,25,30,1750,6057,4262,3823,2153,1021,2545,57,55,63,77,71,79,66,69,70,1799,5876,4761,3983,2294,1243,2471,25,22,27,31,24,26,17,25,33,2584,5363,4375,3838,2121,1124,2462,75,74,88,87,73,73,60,76,85,2659,4221,4582,4395,2396,1416,2454,31,28,29,40,30,40,31,41,39,2012,3925,4151,3956,2268,1242,2512,46,28,36,47,32,54,27,53,34,2311,6198,3769,4118,2427,1289,2586,96,45,51,57,41,48,41,58,45,1935,7205,3778,4097,2609,1654,2452,104,61,52,70,49,46,46,55,42,1692,6136,3179,4383,2284,1623,2518,88,62,35,73,42,46,25,47,31,2613,7348,3861,4667,2873,1531,ferret
7103,4361,4463,4429,4387,4291,4190,4051,4196,4226,7692,7178,11808,7917,9906,9131,2196,26,30,42,32,29,28,33,31,31,3408,1966,5894,2463,3539,1823,2243,20,22,34,26,25,21,23,20,20,3097,1934,6354,2631,3925,1850,2228,27,30,46,35,33,29,28,27,26,3150,2110,6343,2501,3605,1692,2202,23,27,40,29,29,23,29,24,22,3167,4415,6457,2524,3444,1719,2155,23,23,33,28,21,25,22,25,21,3060,3511,6131,2703,3753,1865,2107,23,25,38,30,22,22,27,22,23,2898,2073,5671,2596,3625,1726,2038,22,19,32,24,22,23,20,26,19,2517,1852,5827,2317,3360,1623,2125,57,49,61,44,47,46,54,59,58,2720,2279,5219,2283,3532,1713,2127,26,22,40,28,24,26,22,28,19,3032,2069,4800,2430,3419,1638,2186,119,107,120,110,98,107,96,93,99,3503,2514,5319,2843,3981,1939,2173,33,34,56,35,31,32,30,31,31,3117,3056,6868,2526,3570,1775,2192,41,40,48,42,33,38,35,41,35,3067,4665,7883,2529,3389,1695,2263,60,53,56,51,49,59,42,48,50,3349,4627,7914,2663,3591,1888,2256,94,58,63,47,43,51,44,48,45,2953,2786,7844,2816,3387,2025,2297,115,66,75,48,49,46,49,56,53,3564,3397,7939,3007,4170,2306,ferret
2651,1608,1512,1617,1713,1735,1954,1488,1555,1516,2263,2266,8931,7792,2157,2268,827,9,11,8,10,15,248,10,8,10,529,501,5151,5739,289,266,776,2,5,9,7,8,276,7,6,6,537,419,6352,5560,370,288,830,10,11,15,16,13,296,12,10,12,525,550,5820,5994,393,278,897,10,9,16,10,13,284,12,10,10,544,608,7039,6719,403,293,884,9,9,13,11,11,275,9,10,9,574,681,7664,6445,497,307,760,15,18,22,28,19,207,10,12,15,566,616,6323,5928,370,262,764,8,5,7,10,12,180,8,12,9,460,448,6281,6022,306,215,798,7,13,14,13,12,196,12,8,11,489,520,5797,6034,336,286,773,7,5,13,7,11,214,7,6,9,483,460,4899,6534,342,241,764,23,29,33,28,31,291,21,27,22,495,524,5440,6596,382,309,758,20,22,18,36,27,349,15,9,34,537,469,6965,6021,583,454,785,6,9,15,10,12,260,9,9,17,533,482,7649,5998,424,311,800,8,13,12,8,12,259,11,6,18,497,487,8753,6642,315,281,821,18,13,19,15,19,242,16,11,16,509,618,8801,5871,328,321,793,22,22,25,20,24,384,14,13,16,630,700,7522,5969,446,426,ferret
5508,1386,1098,1163,1407,1160,1113,1242,3395,1233,3072,1104,1149,1188,1198,1287,112,142,48,42,118,50,67,170,1975,161,1414,102,91,92,77,85,56,161,22,31,91,27,60,133,1822,125,1229,92,79,67,58,57,83,160,25,32,94,27,57,143,1501,142,1162,85,77,67,55,59,111,229,39,38,100,38,61,160,1652,149,1208,113,84,76,69,67,99,206,32,34,96,32,64,133,1739,136,1394,95,87,76,61,69,49,173,26,28,64,28,50,123,1656,115,1193,65,76,64,55,57,78,153,36,35,102,26,62,169,1494,321,995,83,81,67,67,62,107,214,55,50,138,47,147,199,1496,154,1239,139,176,163,158,176,69,133,30,34,104,38,52,173,1485,146,1085,82,80,73,55,64,70,374,46,41,101,45,71,179,1998,147,1071,110,98,83,79,69,61,135,29,30,101,26,52,140,1425,134,1119,79,74,74,71,69,72,166,30,32,100,37,62,142,1598,145,1211,161,74,79,77,74,84,138,27,32,106,29,55,133,1565,150,1334,95,83,73,69,65,99,132,31,29,92,29,55,143,1727,125,1143,113,96,69,62,69,121,136,32,39,110,29,72,159,1821,187,1361,120,93,83,64,71,ferret
1781,1060,958,1068,1026,1012,1435,1023,1002,1055,1349,1040,4454,8009,2587,1750,536,10,7,22,8,8,174,6,8,7,198,23,2262,6012,1279,469,484,6,3,23,4,8,183,2,1,4,173,18,3035,6749,1412,472,533,9,5,24,14,7,211,4,7,5,185,20,2639,6914,1675,489,520,7,5,38,10,8,246,5,5,7,195,18,2779,7864,1583,490,513,7,5,22,3,8,203,6,5,4,233,22,3185,6807,1438,502,518,15,17,66,26,13,135,7,8,6,271,26,2429,5364,1471,547,517,5,2,19,5,6,127,4,6,4,175,18,2495,5689,1443,389,507,7,7,24,6,7,138,5,6,9,184,21,2609,6182,1479,393,529,6,4,17,7,4,111,3,3,3,124,22,2291,6525,1621,387,509,15,10,35,13,21,180,10,12,7,189,33,2155,8375,1751,450,521,7,3,25,8,10,137,3,6,3,154,18,3097,6479,1469,422,533,1,4,38,6,2,210,3,4,0,181,22,3172,6689,1555,399,552,3,4,25,8,2,162,5,7,6,161,24,3531,6445,1334,457,546,12,10,74,14,13,288,9,10,6,196,39,3349,4928,1108,493,535,11,15,43,23,10,389,3,13,7,317,33,2814,6862,1327,503,ferret
5258,2950,2730,2870,2914,2768,6001,2629,2653,2690,3977,2634,3823,4671,8881,5616,1971,24,15,17,16,19,1885,17,15,29,818,16,739,1421,6026,1670,1888,13,5,7,9,9,2128,4,7,20,1112,6,796,1732,5075,1759,1959,19,8,21,17,17,2060,12,10,36,1079,11,873,1698,5842,1715,2040,13,6,14,9,12,2035,7,10,39,821,6,843,1985,5775,1792,1884,15,9,14,12,11,1988,11,9,28,710,8,858,1512,5536,1857,2104,42,46,28,50,28,1884,17,18,41,1219,20,941,1602,6158,1811,1732,13,4,8,10,11,1696,6,7,19,634,9,685,1553,5401,1578,1807,17,8,16,12,11,1848,6,9,22,869,10,759,1555,5351,1670,1766,13,4,12,7,9,1829,5,7,19,1138,5,694,1628,5509,1643,1806,37,52,47,52,40,1957,29,38,57,1566,36,876,2222,5349,1797,1751,27,14,26,18,12,1804,13,15,28,749,13,802,1790,5027,1720,1931,33,26,41,32,30,2175,7,23,39,882,19,769,1720,6158,1826,1855,22,17,18,19,12,1942,8,9,25,780,9,905,1565,6130,1727,2104,16,13,24,16,14,1828,9,10,56,895,13,846,1277,5794,1695,2132,39,26,31,41,30,2284,14,24,62,1090,28,1007,1670,5629,1832,ferret
12949,5991,7911,6048,8645,6074,9408,5975,5789,8683,7057,5711,6023,6809,13461,10375,4840,21,1315,22,1159,20,3314,15,18,2298,1472,12,22,329,7087,2854,5057,52,1316,38,1384,34,3341,28,25,2483,1226,23,39,334,7099,3158,4760,25,1332,22,1155,18,3208,21,23,2396,1704,17,27,442,6622,2804,5051,73,1475,23,1200,39,3094,18,32,2442,958,21,33,368,6458,3213,4936,23,1304,20,1240,19,3073,12,17,2422,1102,10,28,431,8780,3208,4698,47,1315,61,1081,67,3289,46,49,2559,1181,47,52,352,6656,3055,4483,18,1204,15,953,17,3248,10,18,2279,1265,8,16,296,6953,2706,4451,25,1259,18,1061,23,3191,16,21,2302,972,10,22,317,6883,2813,4610,61,1348,68,1102,61,3413,43,52,2265,1893,52,61,445,7427,2871,4816,68,1328,91,1291,92,3423,72,80,2399,1341,80,88,538,6332,3052,4637,34,1218,31,1121,34,3247,26,33,2289,1458,26,35,390,5169,2952,4814,51,1373,48,1202,37,3258,35,37,2337,1133,39,48,408,7893,2980,5007,57,1351,51,1247,59,3224,48,37,2463,1427,46,62,422,8667,3182,4785,25,1363,21,1167,29,2967,22,25,2330,927,25,35,415,6708,2938,5557,66,1589,36,1483,50,3157,38,43,2560,1546,47,51,502,7735,3334,ferret
14415,10018,9914,8352,11040,6853,7411,6503,6655,7256,8598,6680,6830,6715,10526,10197,5904,2005,2981,860,2045,51,743,48,40,476,1766,52,58,40,3556,2894,5578,1992,2907,822,1834,64,748,60,55,507,2319,71,89,62,3771,2663,5697,1960,2815,822,1731,31,696,26,20,460,1832,25,44,26,3184,2626,5891,2176,2985,953,1679,46,677,26,40,460,1321,53,55,36,3481,2981,5668,1840,3023,784,1807,19,721,21,15,457,1408,15,23,23,4770,3188,5411,2164,2965,841,1676,80,697,72,70,458,1786,80,93,78,3123,3054,5328,1652,2735,730,1536,21,645,21,15,416,1361,16,25,23,3239,2696,5415,1627,2908,767,1583,21,735,22,15,431,1270,18,26,27,3346,2617,5549,1737,2995,830,1633,59,772,54,55,456,2496,65,74,65,3632,3031,5533,1701,2990,866,1879,100,864,98,89,510,2287,124,117,109,3131,2916,5523,1688,2905,781,1711,34,707,30,30,414,1667,28,44,38,2705,3267,5565,1771,3048,887,1758,40,684,40,41,429,1505,38,45,44,4547,2547,5585,1817,2868,815,1875,45,734,47,48,470,1710,42,62,56,4353,2701,5617,1819,2687,956,1744,32,663,29,27,422,1338,50,41,30,2869,2654,6083,2085,3167,872,2223,37,787,37,34,513,2122,124,57,47,3612,2912,ferret
6025,5431,5646,7646,4138,3224,2947,2992,2967,2862,3397,2809,2889,2868,4127,8172,2179,2833,2729,4568,407,230,33,34,28,26,511,35,38,35,749,6769,2181,2520,2600,3783,445,194,35,23,27,30,477,38,23,26,750,6968,2263,2287,2520,3741,556,213,48,36,25,21,493,34,24,22,1004,6463,2331,2256,2540,3783,456,227,23,23,34,21,483,24,34,20,889,5716,2238,2409,2637,3695,439,149,16,14,11,13,489,13,16,11,952,5402,2085,2760,2694,3773,340,142,30,29,32,30,520,29,19,31,767,6557,2083,3119,2745,3674,318,123,16,14,14,13,451,11,13,13,694,6856,2203,2383,2710,3679,401,121,14,12,9,14,460,10,11,10,727,5679,2056,2232,2628,3584,376,140,27,28,20,26,488,24,25,25,689,7224,2198,2238,2702,3601,518,182,50,45,36,44,491,51,47,38,833,7544,2139,2236,2555,3456,461,127,15,18,12,16,422,18,12,20,849,6659,2092,2336,2540,3559,375,188,20,18,13,17,472,20,14,20,763,6302,2067,2289,2572,3691,362,136,21,19,15,22,469,23,17,19,794,5813,2196,2330,2545,3729,483,316,30,22,21,16,512,51,25,15,781,6865,2306,2304,2713,3670,493,211,24,21,18,25,514,34,16,19,842,6201,ferret
2302,1919,900,5581,1647,2098,933,931,928,903,1342,884,884,928,1028,6328,1088,1288,26,5516,255,587,28,7,9,8,495,9,15,12,49,7719,1040,1396,17,4443,300,645,28,9,7,7,301,3,12,9,39,7682,1031,1100,20,4378,245,648,32,8,8,10,506,9,15,6,45,7870,1102,890,19,4215,308,812,38,9,9,8,243,7,14,9,60,7723,1130,1020,18,4220,411,691,60,9,9,7,255,9,27,5,86,6876,962,1191,15,4432,266,609,25,8,8,7,480,5,9,4,49,7584,923,1007,13,4725,215,528,20,5,5,5,435,4,4,6,33,7280,955,957,16,4824,278,584,17,4,5,5,363,3,7,5,33,6670,996,896,20,4593,233,545,18,5,7,6,711,2,8,8,40,8518,967,875,32,4348,318,628,36,12,13,22,736,19,25,18,85,8793,961,876,8,4288,227,544,14,3,4,5,462,2,7,4,26,6375,1001,874,13,4357,286,604,29,4,4,6,511,4,5,6,48,8401,975,904,14,4347,250,585,23,3,5,7,444,5,9,7,38,6954,1065,877,19,4257,309,731,49,8,6,5,400,4,16,10,72,7721,1146,863,10,4282,266,695,38,5,7,6,640,4,8,4,52,7935,ferret
8707,7458,3639,7620,9022,6730,3647,3637,3554,3557,5034,3508,3604,3648,3675,6216,4033,3427,39,4636,3813,3896,25,33,34,33,1242,35,30,29,52,3509,3722,3346,51,4034,3855,4311,43,43,47,44,1083,51,41,47,47,2850,3699,2956,32,5258,3753,4263,33,30,26,32,1418,30,29,23,37,2803,3877,2960,33,3612,3750,3807,24,18,23,21,934,20,28,23,35,3196,3968,3060,42,3758,3952,3212,45,37,35,41,966,33,37,35,65,2632,3896,3950,47,4026,3805,2718,32,36,37,31,1131,31,27,41,41,3383,3588,3180,11,4082,3671,2096,9,9,9,8,1106,8,8,11,19,2921,3608,2916,10,3867,3734,2024,13,10,9,15,945,9,9,11,16,2317,3643,2798,31,3646,3716,2013,26,26,35,30,1410,28,21,35,26,3586,3904,2818,53,3567,3876,2043,72,53,59,55,1294,59,74,70,75,3302,3510,2728,15,3521,3715,2031,14,14,12,16,1175,15,12,17,21,2426,3707,2888,23,3529,3755,2092,20,13,14,21,1214,16,11,21,29,2974,3824,2925,22,3564,3839,2129,24,18,17,19,1177,20,16,21,35,2254,4068,2943,44,3503,3817,2123,40,45,36,45,1041,42,44,49,60,3832,3993,2934,31,3523,4011,2056,32,22,31,27,1292,33,37,23,49,3005,ferret
4624,4712,1552,5367,2474,3703,1516,1543,1577,1604,2285,1464,1484,1595,1644,3743,1893,5000,14,4565,624,2253,19,11,13,13,718,15,15,13,18,1170,1791,4584,15,3778,658,6475,16,13,12,21,489,15,16,18,17,1178,1717,4398,8,4837,619,3021,7,12,7,12,709,17,10,11,15,1129,1832,3602,11,3475,620,2463,14,11,9,19,542,12,15,17,27,1161,1894,3640,10,3522,622,4054,14,12,8,6,612,10,8,12,10,1253,1851,3583,14,3940,669,3809,12,13,10,18,615,13,10,11,13,1169,1656,3432,4,4217,645,2235,4,6,8,10,536,5,4,7,7,993,1674,2992,4,3871,635,2077,2,3,5,12,569,4,5,10,8,991,1771,2868,9,3580,639,1974,11,11,11,13,952,15,13,9,10,1029,1800,2810,28,3482,687,1992,32,27,24,35,914,27,28,33,25,1182,1618,2790,3,3493,504,1964,2,5,5,9,663,4,4,11,6,1078,1785,2848,6,3509,567,1985,5,4,8,11,620,4,4,9,8,1134,1864,2867,8,3537,578,2022,6,7,8,12,683,7,8,13,11,1219,2005,2784,10,3399,717,1966,10,11,12,16,477,14,15,17,11,1199,2261,2833,9,3420,821,1955,7,8,11,12,924,17,13,11,18,1397,ferret
10595,7300,4162,8477,7605,7300,4141,4163,4113,7489,5903,4222,4292,4187,4268,8081,4163,3502,37,5425,2552,2992,22,25,23,1377,1449,27,28,30,25,1710,4066,5000,27,4415,2545,3403,24,23,22,1379,1145,25,27,23,31,1748,3954,3952,29,4483,2865,2553,16,24,23,1240,1412,20,24,21,21,1699,4279,2950,37,4048,2859,2621,31,21,23,1564,1362,36,28,24,30,1982,4431,3159,31,3965,2965,3458,21,20,20,1450,1278,31,25,30,21,1868,4248,4160,21,4179,2725,3954,14,15,10,1328,1387,15,14,19,20,1624,3829,3146,10,4210,2417,2777,7,10,9,1158,1109,8,12,15,15,1529,3847,2759,9,4105,2347,2636,7,10,6,1158,1225,8,10,11,11,1624,4324,2656,39,3830,2920,2537,31,21,21,1218,1730,28,30,22,34,1921,4244,2576,68,3746,3291,2526,58,48,44,1420,1780,70,50,52,41,1836,3978,2564,10,3739,2765,2521,5,7,7,1182,1460,8,12,15,13,1705,4169,2596,15,3723,2968,2545,8,10,10,1364,1513,11,14,20,15,1774,4160,2636,22,3849,3002,2603,15,18,14,1306,1412,15,23,23,22,1801,4185,2551,27,3698,2571,2482,23,23,18,1584,1270,21,23,22,21,1795,5005,2783,39,3869,2939,2622,17,14,26,2332,1667,52,47,20,50,2043,ferret
12247,7682,5989,8906,10920,8644,4862,4838,4966,9345,7974,4837,4959,4930,5012,9440,5432,3223,934,4894,5839,4382,36,39,45,1942,2669,44,43,42,45,3115,5380,3894,975,3907,6316,5271,28,24,30,1974,1865,28,34,38,37,3125,5358,3109,1024,4715,5527,4499,38,39,40,1795,2804,43,40,50,45,3111,5445,2345,1045,3488,7442,3575,38,42,40,1771,1321,37,44,46,38,3172,5634,2850,995,3577,7133,4181,43,40,44,2013,1473,44,49,48,46,3270,5371,3667,907,3877,6601,3038,17,26,24,1915,3549,20,27,27,21,3147,5136,2961,864,4443,5467,2225,9,14,19,1725,1904,12,13,14,11,3020,5319,2537,975,3891,4982,2013,16,20,19,1722,1802,17,20,20,17,3091,5602,2484,1069,3636,6433,1992,50,49,57,1763,4336,49,66,58,70,3283,5453,2380,1117,3603,7249,1994,85,92,86,1959,3916,87,91,93,70,3165,5186,2358,971,3531,5902,1945,15,23,21,1745,2798,13,18,18,17,3077,5256,2369,954,3532,6353,1998,18,23,24,1746,1939,19,21,23,23,3118,5257,2357,886,3568,6684,2630,18,25,25,1880,2476,23,21,24,24,3242,5388,2301,921,3458,6747,2879,24,27,36,1767,1807,25,26,33,31,3204,5575,2364,991,3477,6443,2817,33,34,45,2762,2820,48,51,47,49,3322,ferret
1252,1119,1010,1145,1261,1076,1007,1048,2942,1029,1292,989,1031,1080,1147,1119,98,19,8,30,45,10,11,19,1911,8,164,6,10,9,17,21,35,18,2,23,41,6,4,16,1900,1,177,3,4,2,8,15,91,15,4,28,30,11,9,24,1908,5,206,7,10,8,12,25,67,17,2,34,26,7,7,32,1906,6,180,5,6,7,13,20,72,16,4,27,37,5,8,20,1905,6,235,5,6,7,14,21,27,13,3,27,28,5,5,18,1903,2,166,1,3,4,10,16,33,19,1,33,23,6,5,11,1898,4,143,3,4,6,14,23,44,18,2,33,43,4,12,16,1899,5,155,2,3,4,11,18,40,17,2,37,32,4,6,13,1897,1,217,3,2,4,8,11,21,16,2,34,28,8,8,16,1897,3,163,4,3,5,16,19,21,13,1,28,15,6,4,9,1892,4,178,1,3,6,8,16,46,12,2,38,29,4,8,37,1905,5,313,5,6,8,14,19,74,17,5,44,31,5,15,13,1908,6,303,4,3,7,20,27,102,14,6,37,30,9,10,60,1900,7,170,5,7,11,16,23,84,21,4,57,25,8,11,33,1910,6,278,7,5,8,20,20,ferret
12689,8293,8836,9565,11964,8288,5766,5671,5482,10971,7405,5655,5799,5973,5766,8156,5494,2681,2934,4407,6314,3142,65,64,47,3007,917,57,71,66,61,1408,5284,7044,2971,4434,7907,6066,65,59,55,2926,958,54,69,58,57,1443,5120,4928,3018,4059,5892,7015,66,68,55,2805,995,64,69,62,59,1343,5078,2299,2876,3748,7540,3330,60,49,45,2938,960,54,63,56,55,1436,5462,3443,3023,3475,8380,3496,67,67,62,3070,966,69,84,84,69,1807,5260,4073,2919,3630,6565,5217,42,38,40,3060,909,33,41,46,36,1515,4892,2203,2777,4187,5405,6713,25,21,26,2869,813,19,24,30,23,1225,4655,1951,2765,3627,5384,929,32,26,28,2912,836,24,36,37,31,1233,5005,1928,2891,3373,5868,883,68,62,57,2923,939,73,74,65,63,1438,5316,1926,3071,3376,7690,976,124,110,77,3135,941,115,140,129,102,1477,5158,1850,2914,3291,5876,943,29,27,29,2962,780,25,29,42,30,1433,5530,1930,2802,3328,6200,928,38,34,34,2911,875,32,37,45,34,1691,5599,1927,2873,3398,6335,1223,36,36,38,2912,867,34,45,50,41,1858,5435,1835,2758,3249,5088,2018,50,39,41,2959,880,40,48,54,45,2123,5939,2049,2923,3506,5052,1905,69,60,49,3900,1209,105,76,63,57,1473,ferret
12251,9045,9260,10437,8357,9300,5779,6110,5750,9669,8338,5400,5411,5851,5450,7909,6005,3511,3080,4769,2054,3408,157,433,62,2803,2589,45,44,52,48,2081,5955,5652,3030,4471,2531,3147,166,384,59,2642,1599,36,47,43,47,2367,6239,3796,3164,5293,1863,2930,154,373,54,2812,2238,42,39,43,46,2120,6261,2464,3182,4007,2873,2980,199,472,56,2465,1224,38,45,40,43,2135,6368,2787,3190,4056,3346,3225,182,490,59,2728,1541,43,44,46,44,2202,5257,3455,3081,4071,2368,3457,127,384,38,2625,2065,19,26,38,36,2384,5281,2834,2921,4225,1933,3198,143,377,40,2617,2382,23,23,29,37,1827,5863,2593,3010,4250,1861,3117,112,322,31,2861,1443,20,24,32,31,1936,5958,2458,3045,4089,1964,2961,170,451,144,2418,3577,60,57,54,61,2024,6063,2379,3122,3866,2810,2935,206,489,118,2898,4133,86,85,92,81,2254,5733,2416,3040,3846,2317,2941,113,342,30,2596,2696,18,24,33,30,1810,5510,2496,3050,3893,2634,3004,118,423,33,2472,2782,16,22,36,36,1551,5746,2505,3095,4044,2631,3138,132,469,38,2578,2340,25,30,39,42,2358,4634,2343,2960,3838,2162,2924,142,473,40,2513,1668,24,31,39,40,2472,5265,2670,3339,4216,2264,3176,190,563,71,3255,3321,72,53,42,42,2255,ferret
12307,8008,5858,8149,7940,7413,5766,6509,5170,8056,6776,4743,4735,4900,4797,6692,8842,3030,406,2805,2248,4319,433,1503,28,2825,1100,30,32,42,35,2327,8431,4480,454,3748,2272,7259,518,2045,47,2773,935,44,47,48,52,2673,9016,3580,451,2718,2259,4142,473,1693,40,3017,1038,32,38,45,35,2483,11600,2381,424,2400,2260,3292,521,1780,38,3071,812,30,26,35,35,2893,8099,2729,458,2898,2268,4738,487,2387,30,2071,816,30,28,41,34,2480,6312,3969,445,3244,2282,3346,476,2085,42,3077,1126,36,40,48,61,2907,6709,3531,421,2573,2308,2035,490,1576,41,2756,898,44,42,46,53,1556,8061,2567,395,2557,2219,1860,420,1267,16,2639,841,16,19,19,21,1732,10830,2427,439,2429,2232,1797,442,1723,44,3057,1399,32,33,42,35,2879,9938,2447,568,2435,2337,1882,536,2149,100,2785,1898,99,90,110,92,2560,7230,2372,395,2307,2214,1787,386,1410,17,2328,1017,16,15,19,20,1829,7661,2469,382,2343,2239,1812,504,1175,22,2356,1133,24,17,26,24,2736,5325,2461,419,2406,2262,1871,440,1231,25,2898,1057,21,23,26,29,3624,4310,2349,439,2326,2249,1769,522,1242,25,2508,878,21,20,27,26,2841,4902,2439,425,2448,2356,1821,596,1243,26,2265,1229,27,25,29,26,1585,ferret
4990,5492,2238,4045,4650,5046,2418,3896,2214,5871,3726,3429,2215,2269,2300,2659,3063,4211,22,2532,1654,3032,24,2029,15,4789,1195,837,29,16,16,410,3018,4920,20,6117,1709,6538,31,6314,20,6541,1183,880,31,13,22,435,3138,4073,23,3503,1649,3123,28,3289,15,4155,1215,873,29,16,15,415,5025,3261,29,2419,1704,2982,31,2727,25,6330,1027,1065,41,22,26,415,2896,3485,36,3398,1678,4740,29,5461,22,7454,1050,992,38,20,30,438,2155,3532,34,3021,1667,3693,40,4205,32,7807,1279,826,37,26,21,433,2490,3700,33,1819,1644,2541,45,2453,37,4060,1052,929,85,23,59,405,2965,3278,13,1671,1655,2168,17,1699,14,3776,1066,799,24,14,13,386,3818,3116,19,1609,1644,2121,28,2240,19,4762,1337,823,26,10,16,414,3895,3025,43,1627,1752,2136,48,7324,24,7008,1481,922,43,29,35,449,3080,3057,21,1604,1712,2171,15,2661,19,4067,1156,759,41,16,56,405,3053,3045,14,1599,1679,2096,15,1069,13,4083,1264,940,39,12,34,401,1904,3068,15,1564,1653,2103,14,695,12,5302,1138,798,26,12,18,406,1601,2978,14,1558,1676,2090,15,845,11,6098,1170,1040,49,13,14,414,1868,2991,25,1581,1692,2062,28,1057,18,3888,1246,1023,53,16,18,417,ferret
3964,4596,1959,4181,2511,4980,2046,4960,2143,2953,4539,2805,2193,2007,2281,2134,1507,3248,6,2215,194,3574,10,2183,6,1394,2449,440,56,7,14,9,1475,3775,8,6669,210,5295,11,2784,11,2658,1563,476,79,11,8,7,1551,3314,10,3687,175,3946,11,2324,8,719,2292,484,61,15,18,11,1611,2387,16,2572,262,3726,16,2417,22,1979,1209,670,97,12,29,18,1604,2510,13,4456,231,4030,15,2652,13,2298,1333,574,72,8,35,20,1503,3978,10,3887,140,3193,11,2526,4,2883,2191,417,56,8,13,9,1575,3156,42,2182,310,2667,31,1985,31,1150,1774,653,104,21,74,56,1572,2622,4,2047,187,2493,5,2052,4,937,1599,439,50,6,8,7,1449,2431,10,1968,201,2358,10,1971,5,1120,3505,410,55,6,12,11,1421,2398,22,1953,251,2474,27,2207,14,2613,3533,498,102,22,27,22,1518,2460,23,1927,319,2464,14,2388,13,806,3082,342,80,13,53,29,1540,2437,9,1933,189,2532,15,2187,9,920,2107,475,85,8,29,16,1487,2423,5,1914,151,2415,7,2069,6,1220,2014,420,63,6,10,5,1628,2359,8,1930,187,2379,7,2233,7,1480,1480,590,104,10,12,13,1572,2346,16,1917,224,2404,17,2230,16,1026,2123,619,90,15,20,10,ferret
3801,3758,2241,4030,2521,6036,2128,3845,2134,3135,4901,3229,2452,2106,2413,2220,1216,2817,10,1402,106,3806,10,3290,9,572,2440,598,211,11,18,12,1142,3766,10,3230,142,3701,6,8600,6,621,1731,590,264,11,14,18,1198,3361,18,1778,171,3643,17,4300,14,660,2362,750,284,12,53,47,1188,2839,19,1546,192,3450,16,4287,18,614,862,836,312,21,32,23,1160,2353,16,1829,155,3422,20,4985,15,621,803,620,242,14,11,14,1082,2192,6,1653,107,3621,5,3619,9,654,2489,466,176,13,11,16,1115,1619,29,1351,141,3607,23,1822,33,539,1449,495,175,24,44,34,1085,1312,7,1348,142,3527,3,1646,4,566,1753,559,202,7,9,9,1180,1305,28,1450,137,3689,19,1603,31,536,3933,558,272,15,47,33,1136,1247,20,1350,172,3804,25,1583,20,604,3838,597,198,19,23,18,1128,1281,27,1408,244,3687,18,1598,20,647,2773,493,348,19,48,39,1083,1245,19,1387,167,3536,7,1588,15,632,2920,699,243,13,32,21,1071,1270,9,1361,126,3346,5,1602,7,541,2561,509,189,10,15,14,1268,1211,10,1422,131,3394,7,1567,9,573,1886,765,319,10,16,18,1160,1217,15,1463,136,3340,18,1565,20,636,2799,691,330,17,24,27,ferret
5594,5678,3365,4480,3886,6458,3278,5355,3218,5459,4283,6259,4600,5717,3663,3537,1710,2997,19,611,258,2558,18,2243,20,2047,795,2329,569,1367,25,24,1682,4399,8,698,304,2589,14,6575,10,2094,887,2441,735,1479,15,14,1762,3629,42,712,266,2618,27,3112,34,2058,844,2402,790,1569,71,48,1747,3067,28,775,322,2746,23,2650,41,2080,860,2537,873,1727,57,38,1701,3012,49,739,321,2725,40,4456,42,2197,893,2728,819,1585,63,53,1643,3945,12,636,173,2639,14,4280,16,2075,911,2386,449,1393,18,20,1686,2723,49,634,223,2555,54,2302,43,2094,828,2227,455,1366,54,64,1612,2303,4,597,250,2593,10,2120,6,2033,836,2414,641,1343,12,12,1624,2217,50,591,258,2592,49,2051,37,2000,832,2406,621,1525,62,60,1627,2153,50,678,356,2665,37,2013,38,2122,953,2532,646,1547,44,48,1661,2214,46,726,429,2689,32,2004,42,2156,800,2345,724,1498,62,49,1765,2240,51,745,349,2925,30,1998,52,2195,932,2620,620,1708,80,42,1756,2241,39,825,326,2690,26,2002,41,2169,781,2652,883,1537,81,54,1838,2124,13,688,233,2696,17,1945,15,2045,900,2511,737,1866,16,16,1774,2122,16,805,281,2820,25,1949,21,2091,851,2606,750,1833,25,28,ferret
6167,6009,3818,3929,4394,4320,3662,5360,3195,3490,4856,5512,5191,7471,5128,4281,1862,4233,99,226,593,453,84,3587,11,230,1512,1511,1412,3424,812,426,2046,4706,167,350,742,474,275,5301,12,273,1226,1747,1547,3517,1204,638,2050,3782,305,291,689,526,196,6183,24,300,1518,1858,1536,3509,1089,567,2248,2577,415,494,812,558,437,6965,13,295,823,2095,1601,3591,1381,634,2454,2799,360,480,936,617,311,3729,26,337,906,2124,1658,3665,1324,815,2027,3300,337,340,886,491,228,2172,15,237,1382,1905,1445,3508,1135,518,2137,3340,258,269,761,593,171,1630,41,232,1056,1827,1413,3425,1000,565,1898,2710,207,256,700,391,116,1480,5,225,910,1893,1446,3641,981,399,1840,2582,157,253,725,428,111,1466,44,246,2104,1830,1501,3634,988,464,2067,2550,347,413,915,567,278,1529,65,327,1764,2114,1725,3746,1203,594,2081,2580,275,364,744,560,245,1502,30,304,1537,1759,1689,3637,1093,584,2084,2614,321,305,742,494,330,1494,33,284,1307,2060,1574,3618,1246,577,1973,2591,187,307,745,465,179,1469,30,326,1616,1825,1537,3596,1186,569,2204,2558,472,462,971,584,456,1440,41,346,1604,2052,1767,3696,1247,706,2410,2603,512,415,901,763,386,1696,19,328,1673,1986,1725,3846,1414,696,ferret
1299,1116,999,1057,1042,1033,955,1021,2913,1005,985,963,1007,1056,1080,1076,115,14,9,5,9,9,7,14,1895,7,6,6,6,7,9,13,58,4,2,7,4,3,4,9,1891,4,3,1,3,5,4,3,93,10,8,10,8,7,8,14,1888,5,7,4,8,8,10,8,68,7,4,6,5,6,2,16,1892,4,6,3,4,5,6,5,72,9,4,9,10,5,6,15,1887,2,6,1,3,5,2,6,25,4,2,7,6,2,2,10,1886,3,4,1,2,4,4,6,64,6,6,8,19,5,4,13,1881,6,3,4,8,4,14,8,51,3,2,8,4,3,3,6,1889,4,4,2,1,2,3,3,55,8,5,8,7,5,2,8,1887,4,6,1,4,3,7,4,37,9,5,12,7,6,4,10,1889,4,8,5,6,4,7,9,28,5,3,5,5,2,1,10,1887,3,4,2,4,6,5,4,54,12,4,13,11,6,4,9,1903,4,4,4,4,4,6,8,83,9,4,7,9,6,4,8,1894,5,6,4,8,6,10,10,95,9,7,9,9,6,5,14,1902,7,6,6,8,8,10,13,103,7,6,5,9,7,3,18,1894,5,4,4,6,7,8,9,ferret
4298,1155,1045,1098,972,1078,883,954,5474,978,2783,893,925,999,1016,1222,248,83,64,45,23,54,8,48,3818,37,1507,41,37,44,30,41,210,99,40,45,5,46,2,42,3523,27,957,23,23,18,22,24,228,102,51,35,9,42,3,40,2901,36,1198,27,26,32,29,47,230,144,60,51,8,43,6,44,3121,39,862,38,31,32,29,40,236,139,62,52,5,48,6,53,3365,43,1145,29,20,27,20,36,152,96,40,45,2,34,2,32,3178,30,1506,13,11,11,15,22,158,78,53,39,12,44,2,31,2902,37,944,32,24,26,26,29,365,181,226,134,34,144,27,128,2785,120,1091,109,124,117,155,153,172,86,47,40,5,43,3,28,2982,27,1453,21,17,23,14,30,162,263,74,58,29,58,13,39,3772,44,2045,33,30,26,28,33,134,66,45,52,5,39,3,26,2833,28,1194,12,22,21,15,30,154,94,50,51,8,42,2,40,2964,39,1463,24,18,29,20,35,198,83,55,50,8,47,4,41,2931,38,1193,34,30,36,30,36,209,63,53,46,11,44,7,38,3180,25,880,27,24,27,24,39,336,81,58,74,11,54,7,47,3523,47,1424,29,19,27,24,28,ferret
1997,1348,1187,1312,1313,1304,1209,1279,4979,1233,3002,1719,1193,1245,1312,1490,474,11,20,20,34,27,25,31,3388,27,2045,304,22,25,23,20,389,9,2,12,19,12,22,15,3079,13,1197,247,22,16,13,18,463,11,10,18,37,29,27,31,2740,29,1658,297,20,30,22,25,445,16,10,20,37,44,42,36,2788,32,960,358,23,34,28,26,431,14,11,15,37,33,38,44,2993,34,1031,304,26,24,39,36,386,13,4,13,20,20,21,23,2895,17,1990,261,10,18,16,16,424,15,11,21,38,29,26,30,2605,30,1366,268,23,24,32,25,465,65,28,37,118,122,106,125,2562,111,1366,559,126,119,129,129,397,13,6,24,29,26,24,24,2669,26,2683,238,19,30,29,27,390,14,21,29,38,24,31,35,3130,35,3621,315,30,30,34,36,377,15,13,15,30,22,16,34,2694,17,1795,253,27,17,23,21,375,11,9,17,26,25,25,31,2646,23,1928,242,19,24,24,21,406,12,14,17,34,29,27,28,2642,30,1857,288,26,26,29,25,445,14,11,17,31,22,19,24,2846,23,1356,278,17,22,19,27,550,14,14,18,27,27,24,19,3102,25,2231,305,22,23,29,17,ferret
2710,1781,1697,1800,1780,1769,1697,1742,3597,1739,1683,1707,1730,1737,1756,1770,826,12,15,18,18,15,16,17,1874,11,26,16,14,12,14,16,781,6,8,5,5,8,0,4,1854,4,16,7,6,6,12,11,839,14,11,11,11,13,8,9,1863,8,20,9,12,9,12,13,823,11,15,13,10,14,9,11,1861,11,26,10,14,13,19,18,817,13,10,10,8,10,6,6,1850,5,22,9,9,8,10,10,776,7,8,10,7,8,2,7,1850,8,19,8,5,4,11,9,812,19,20,19,22,18,19,17,1861,24,37,22,20,19,22,24,792,11,8,12,8,14,12,10,1858,12,26,15,7,9,14,12,813,20,19,17,20,18,21,18,1866,18,43,19,21,18,20,20,787,40,40,40,37,47,26,32,1871,33,47,29,28,36,32,37,782,12,12,15,15,19,6,8,1858,9,23,14,12,17,14,17,798,11,11,10,12,11,8,7,1863,9,18,11,10,14,9,10,795,7,5,9,7,7,6,5,1864,6,19,9,10,8,12,12,797,9,10,14,12,11,8,9,1866,7,19,13,10,14,13,16,812,8,7,10,10,11,6,7,1862,6,15,9,9,12,10,13,ferret
3195,2069,1988,2039,2057,2017,1947,1982,4198,2010,2289,2594,1968,2013,2029,2068,1052,16,32,27,45,14,22,17,2161,24,151,312,14,22,14,20,988,16,12,12,27,9,11,8,2127,9,143,268,10,6,7,9,1030,12,24,16,26,10,12,12,2002,17,181,306,12,12,12,11,1030,18,27,18,30,14,13,14,2049,14,175,386,17,12,14,11,1019,8,29,9,31,7,10,7,2090,12,184,378,8,8,9,9,989,10,10,7,15,4,10,8,2012,7,174,308,8,7,4,8,1014,21,33,29,44,21,20,23,1995,19,150,326,18,13,21,19,1023,31,114,25,111,23,20,27,1986,27,197,419,37,27,35,36,1025,18,27,26,39,21,20,20,2012,24,156,271,22,19,23,25,1025,49,51,48,66,63,47,39,2169,54,185,438,45,47,54,53,1007,35,31,24,56,26,14,25,2120,18,238,312,30,24,23,15,997,12,21,11,22,9,11,12,2022,11,160,287,12,9,9,7,1024,12,25,12,30,9,10,9,2032,12,159,325,14,11,10,13,1029,15,22,8,27,14,10,11,2050,14,151,296,15,9,13,14,1050,14,27,13,23,11,11,10,2124,11,180,337,8,7,12,10,ferret
4039,2590,2395,2578,2433,2490,2429,2481,7276,2445,4577,6262,2392,2434,2486,2713,1292,57,22,60,26,39,43,31,3806,35,2351,2039,34,26,34,33,1221,53,10,43,12,20,42,17,3557,27,1178,2142,18,15,23,23,1290,50,14,53,20,31,47,36,3134,36,1810,2053,24,30,30,27,1258,48,15,59,14,34,58,29,3360,37,703,2420,25,25,31,32,1267,69,10,48,14,37,39,41,3601,45,760,2765,31,28,32,38,1217,41,10,49,9,19,20,13,3244,27,2823,2136,15,17,23,25,1265,58,13,65,24,30,46,31,2672,46,1411,2173,30,31,35,31,1399,225,63,178,98,154,116,158,2808,195,1503,2904,174,119,173,185,1250,60,15,62,24,31,47,32,2845,34,3784,1871,42,34,39,39,1226,82,51,96,63,47,62,70,3576,70,3924,2256,54,52,51,67,1211,89,36,65,80,38,28,65,3549,27,2024,2111,35,23,46,38,1218,45,9,68,10,27,55,26,3209,36,2489,2228,23,30,30,30,1247,62,15,68,13,29,38,27,3130,35,1973,2299,18,17,32,26,1268,47,9,49,9,29,66,26,3174,36,1345,2121,19,25,23,35,1396,73,14,49,11,32,59,25,3665,46,2506,2493,20,27,23,26,ferret
