From router 0 to router 0,From router 0 to router 1,From router 0 to router 2,From router 0 to router 3,From router 0 to router 4,From router 0 to router 5,From router 0 to router 6,From router 0 to router 7,From router 0 to router 8,From router 0 to router 9,From router 0 to router 10,From router 0 to router 11,From router 0 to router 12,From router 0 to router 13,From router 0 to router 14,From router 0 to router 15,From router 1 to router 0,From router 1 to router 1,From router 1 to router 2,From router 1 to router 3,From router 1 to router 4,From router 1 to router 5,From router 1 to router 6,From router 1 to router 7,From router 1 to router 8,From router 1 to router 9,From router 1 to router 10,From router 1 to router 11,From router 1 to router 12,From router 1 to router 13,From router 1 to router 14,From router 1 to router 15,From router 2 to router 0,From router 2 to router 1,From router 2 to router 2,From router 2 to router 3,From router 2 to router 4,From router 2 to router 5,From router 2 to router 6,From router 2 to router 7,From router 2 to router 8,From router 2 to router 9,From router 2 to router 10,From router 2 to router 11,From router 2 to router 12,From router 2 to router 13,From router 2 to router 14,From router 2 to router 15,From router 3 to router 0,From router 3 to router 1,From router 3 to router 2,From router 3 to router 3,From router 3 to router 4,From router 3 to router 5,From router 3 to router 6,From router 3 to router 7,From router 3 to router 8,From router 3 to router 9,From router 3 to router 10,From router 3 to router 11,From router 3 to router 12,From router 3 to router 13,From router 3 to router 14,From router 3 to router 15,From router 4 to router 0,From router 4 to router 1,From router 4 to router 2,From router 4 to router 3,From router 4 to router 4,From router 4 to router 5,From router 4 to router 6,From router 4 to router 7,From router 4 to router 8,From router 4 to router 9,From router 4 to router 10,From router 4 to router 11,From router 4 to router 12,From router 4 to router 13,From router 4 to router 14,From router 4 to router 15,From router 5 to router 0,From router 5 to router 1,From router 5 to router 2,From router 5 to router 3,From router 5 to router 4,From router 5 to router 5,From router 5 to router 6,From router 5 to router 7,From router 5 to router 8,From router 5 to router 9,From router 5 to router 10,From router 5 to router 11,From router 5 to router 12,From router 5 to router 13,From router 5 to router 14,From router 5 to router 15,From router 6 to router 0,From router 6 to router 1,From router 6 to router 2,From router 6 to router 3,From router 6 to router 4,From router 6 to router 5,From router 6 to router 6,From router 6 to router 7,From router 6 to router 8,From router 6 to router 9,From router 6 to router 10,From router 6 to router 11,From router 6 to router 12,From router 6 to router 13,From router 6 to router 14,From router 6 to router 15,From router 7 to router 0,From router 7 to router 1,From router 7 to router 2,From router 7 to router 3,From router 7 to router 4,From router 7 to router 5,From router 7 to router 6,From router 7 to router 7,From router 7 to router 8,From router 7 to router 9,From router 7 to router 10,From router 7 to router 11,From router 7 to router 12,From router 7 to router 13,From router 7 to router 14,From router 7 to router 15,From router 8 to router 0,From router 8 to router 1,From router 8 to router 2,From router 8 to router 3,From router 8 to router 4,From router 8 to router 5,From router 8 to router 6,From router 8 to router 7,From router 8 to router 8,From router 8 to router 9,From router 8 to router 10,From router 8 to router 11,From router 8 to router 12,From router 8 to router 13,From router 8 to router 14,From router 8 to router 15,From router 9 to router 0,From router 9 to router 1,From router 9 to router 2,From router 9 to router 3,From router 9 to router 4,From router 9 to router 5,From router 9 to router 6,From router 9 to router 7,From router 9 to router 8,From router 9 to router 9,From router 9 to router 10,From router 9 to router 11,From router 9 to router 12,From router 9 to router 13,From router 9 to router 14,From router 9 to router 15,From router 10 to router 0,From router 10 to router 1,From router 10 to router 2,From router 10 to router 3,From router 10 to router 4,From router 10 to router 5,From router 10 to router 6,From router 10 to router 7,From router 10 to router 8,From router 10 to router 9,From router 10 to router 10,From router 10 to router 11,From router 10 to router 12,From router 10 to router 13,From router 10 to router 14,From router 10 to router 15,From router 11 to router 0,From router 11 to router 1,From router 11 to router 2,From router 11 to router 3,From router 11 to router 4,From router 11 to router 5,From router 11 to router 6,From router 11 to router 7,From router 11 to router 8,From router 11 to router 9,From router 11 to router 10,From router 11 to router 11,From router 11 to router 12,From router 11 to router 13,From router 11 to router 14,From router 11 to router 15,From router 12 to router 0,From router 12 to router 1,From router 12 to router 2,From router 12 to router 3,From router 12 to router 4,From router 12 to router 5,From router 12 to router 6,From router 12 to router 7,From router 12 to router 8,From router 12 to router 9,From router 12 to router 10,From router 12 to router 11,From router 12 to router 12,From router 12 to router 13,From router 12 to router 14,From router 12 to router 15,From router 13 to router 0,From router 13 to router 1,From router 13 to router 2,From router 13 to router 3,From router 13 to router 4,From router 13 to router 5,From router 13 to router 6,From router 13 to router 7,From router 13 to router 8,From router 13 to router 9,From router 13 to router 10,From router 13 to router 11,From router 13 to router 12,From router 13 to router 13,From router 13 to router 14,From router 13 to router 15,From router 14 to router 0,From router 14 to router 1,From router 14 to router 2,From router 14 to router 3,From router 14 to router 4,From router 14 to router 5,From router 14 to router 6,From router 14 to router 7,From router 14 to router 8,From router 14 to router 9,From router 14 to router 10,From router 14 to router 11,From router 14 to router 12,From router 14 to router 13,From router 14 to router 14,From router 14 to router 15,From router 15 to router 0,From router 15 to router 1,From router 15 to router 2,From router 15 to router 3,From router 15 to router 4,From router 15 to router 5,From router 15 to router 6,From router 15 to router 7,From router 15 to router 8,From router 15 to router 9,From router 15 to router 10,From router 15 to router 11,From router 15 to router 12,From router 15 to router 13,From router 15 to router 14,From router 15 to router 15,Applications (Label Classes)
22971.0,1657.0,756.0,814.0,835.0,804.0,728.0,930.0,756.0,4625.0,924.0,716.0,727.0,741.0,762.0,802.0,94.0,357.0,79.0,68.0,104.0,66.0,58.0,161.0,50.0,3549.0,167.0,42.0,70.0,55.0,56.0,66.0,39.0,601.0,20.0,28.0,45.0,29.0,26.0,119.0,23.0,2720.0,115.0,21.0,22.0,21.0,23.0,24.0,43.0,506.0,24.0,22.0,36.0,24.0,25.0,139.0,23.0,2536.0,140.0,22.0,22.0,23.0,26.0,23.0,45.0,672.0,31.0,25.0,37.0,28.0,28.0,150.0,26.0,2535.0,176.0,24.0,23.0,21.0,21.0,25.0,49.0,760.0,25.0,25.0,38.0,25.0,25.0,141.0,27.0,2868.0,138.0,25.0,25.0,27.0,26.0,25.0,36.0,572.0,23.0,23.0,35.0,27.0,22.0,116.0,23.0,2411.0,121.0,22.0,24.0,25.0,24.0,23.0,56.0,410.0,42.0,31.0,53.0,35.0,38.0,159.0,31.0,1978.0,341.0,26.0,28.0,32.0,36.0,33.0,39.0,515.0,26.0,23.0,38.0,27.0,24.0,140.0,24.0,2073.0,131.0,27.0,29.0,25.0,27.0,25.0,100.0,1546.0,76.0,67.0,128.0,86.0,49.0,152.0,38.0,2227.0,154.0,39.0,77.0,45.0,52.0,45.0,37.0,336.0,28.0,23.0,71.0,27.0,31.0,160.0,24.0,2384.0,140.0,24.0,23.0,24.0,29.0,28.0,28.0,330.0,21.0,18.0,26.0,20.0,17.0,107.0,18.0,2042.0,128.0,16.0,20.0,23.0,21.0,21.0,32.0,441.0,21.0,20.0,30.0,22.0,21.0,113.0,22.0,2211.0,128.0,22.0,20.0,21.0,24.0,22.0,43.0,311.0,26.0,25.0,34.0,26.0,27.0,131.0,27.0,2384.0,128.0,28.0,29.0,26.0,30.0,30.0,52.0,297.0,24.0,19.0,27.0,21.0,22.0,107.0,21.0,2206.0,118.0,22.0,19.0,22.0,23.0,27.0,55.0,269.0,30.0,27.0,38.0,25.0,24.0,156.0,24.0,2588.0,157.0,25.0,25.0,25.0,27.0,27.0,vips
197.0,89.0,15.0,61.0,76.0,91.0,25.0,28.0,33.0,8757.0,6.0,13.0,26.0,68.0,65.0,77.0,51.0,4.0,4.0,4.0,8.0,7.0,4.0,2.0,5.0,8451.0,2.0,3.0,4.0,5.0,8.0,3.0,13.0,2.0,0.0,3.0,2.0,2.0,0.0,0.0,2.0,8465.0,0.0,1.0,1.0,3.0,4.0,5.0,36.0,4.0,1.0,4.0,4.0,3.0,3.0,2.0,1.0,9084.0,2.0,1.0,2.0,4.0,5.0,4.0,48.0,5.0,1.0,2.0,3.0,4.0,4.0,3.0,4.0,9140.0,1.0,2.0,2.0,5.0,4.0,4.0,52.0,3.0,5.0,5.0,6.0,6.0,2.0,2.0,5.0,9178.0,3.0,1.0,4.0,5.0,5.0,7.0,19.0,3.0,1.0,3.0,1.0,3.0,2.0,1.0,1.0,9102.0,1.0,0.0,1.0,2.0,2.0,2.0,19.0,3.0,1.0,2.0,2.0,3.0,2.0,2.0,1.0,9247.0,1.0,2.0,1.0,3.0,3.0,5.0,22.0,2.0,1.0,2.0,4.0,2.0,1.0,2.0,0.0,9068.0,2.0,1.0,2.0,1.0,3.0,4.0,20.0,2.0,1.0,1.0,1.0,3.0,1.0,1.0,1.0,8509.0,1.0,0.0,1.0,2.0,2.0,3.0,10.0,2.0,0.0,1.0,2.0,3.0,1.0,0.0,0.0,8436.0,0.0,0.0,0.0,3.0,2.0,2.0,14.0,3.0,0.0,3.0,3.0,2.0,0.0,0.0,0.0,8493.0,0.0,0.0,2.0,1.0,2.0,3.0,19.0,4.0,1.0,2.0,2.0,3.0,2.0,0.0,0.0,8426.0,1.0,1.0,2.0,4.0,1.0,3.0,40.0,4.0,2.0,3.0,4.0,4.0,1.0,2.0,3.0,8441.0,3.0,1.0,3.0,5.0,5.0,3.0,40.0,6.0,3.0,5.0,7.0,6.0,4.0,3.0,3.0,8629.0,4.0,3.0,3.0,6.0,7.0,8.0,42.0,4.0,1.0,3.0,4.0,3.0,4.0,6.0,4.0,8451.0,3.0,2.0,4.0,3.0,7.0,3.0,vips
25503.0,17677.0,16590.0,17256.0,17504.0,17428.0,16645.0,16892.0,16937.0,17528.0,17410.0,16321.0,17052.0,17110.0,17385.0,17515.0,9353.0,2407.0,1319.0,2047.0,2475.0,2165.0,1956.0,1993.0,2130.0,2741.0,2701.0,1846.0,1829.0,2159.0,1744.0,2355.0,9263.0,2485.0,1430.0,2006.0,2436.0,2194.0,1929.0,1982.0,2050.0,2699.0,2666.0,1836.0,1948.0,2168.0,1798.0,2336.0,9362.0,2529.0,1548.0,2112.0,2529.0,2295.0,2010.0,2511.0,2129.0,2781.0,2673.0,1865.0,2045.0,2152.0,1972.0,2349.0,9200.0,2401.0,1445.0,2001.0,2426.0,2179.0,2192.0,2008.0,2136.0,2693.0,2578.0,1838.0,1893.0,2123.0,2000.0,2244.0,9433.0,2519.0,1670.0,1987.0,2459.0,2259.0,2266.0,1997.0,2125.0,2740.0,2679.0,2385.0,1909.0,2220.0,1973.0,2330.0,9362.0,2414.0,2487.0,1968.0,2525.0,2141.0,1999.0,1987.0,2104.0,2714.0,2630.0,2820.0,1852.0,2133.0,1814.0,2294.0,9262.0,2510.0,2533.0,2110.0,2580.0,2192.0,2265.0,2087.0,2139.0,2744.0,2671.0,2856.0,1967.0,2208.0,1964.0,2320.0,9233.0,2451.0,1745.0,2036.0,2534.0,2182.0,1995.0,2011.0,2160.0,2736.0,2622.0,2543.0,1956.0,2131.0,1910.0,2285.0,9152.0,2453.0,1609.0,1986.0,2427.0,2165.0,1904.0,2058.0,2079.0,2693.0,2657.0,2145.0,1957.0,2114.0,1802.0,2232.0,9104.0,2488.0,1781.0,2033.0,2415.0,2137.0,1881.0,2151.0,2042.0,2726.0,2624.0,1837.0,1961.0,2128.0,1797.0,2294.0,8929.0,2483.0,1427.0,2130.0,2368.0,2109.0,1827.0,2182.0,2017.0,2673.0,2630.0,1714.0,1865.0,2063.0,1733.0,2213.0,9364.0,2529.0,1539.0,2353.0,2534.0,2235.0,2059.0,2277.0,2223.0,2830.0,2732.0,1920.0,2052.0,2270.0,1946.0,2347.0,9306.0,2506.0,1434.0,2289.0,2476.0,2317.0,1956.0,1984.0,2111.0,2785.0,2652.0,1842.0,1933.0,2125.0,1862.0,2483.0,9388.0,2511.0,1435.0,2279.0,2558.0,2186.0,2028.0,2136.0,2137.0,2834.0,2689.0,1916.0,2259.0,2224.0,1913.0,2305.0,9393.0,2516.0,1376.0,2161.0,2567.0,2307.0,1952.0,2014.0,2143.0,2782.0,2656.0,1830.0,1926.0,2398.0,1932.0,2287.0,vips
24147.0,15388.0,15897.0,16172.0,15389.0,15454.0,16310.0,15782.0,15529.0,14616.0,14567.0,14983.0,15709.0,15225.0,15516.0,15362.0,9377.0,1797.0,2419.0,2525.0,2031.0,1779.0,3040.0,2545.0,2421.0,1631.0,1535.0,2006.0,2165.0,1787.0,2156.0,1776.0,9323.0,1821.0,2363.0,2590.0,2274.0,1745.0,2996.0,2511.0,2356.0,1641.0,1658.0,2003.0,2173.0,1904.0,2180.0,1835.0,9578.0,1842.0,2462.0,2656.0,2157.0,1817.0,3255.0,3042.0,2542.0,1733.0,1762.0,2048.0,2239.0,1920.0,2213.0,1922.0,9366.0,1657.0,2431.0,2558.0,2052.0,1735.0,2999.0,2594.0,2480.0,1609.0,1556.0,2018.0,2242.0,1892.0,2156.0,1798.0,9720.0,1761.0,2443.0,2643.0,2059.0,1780.0,3054.0,2583.0,2401.0,1718.0,1587.0,2005.0,2289.0,2011.0,2188.0,2234.0,9468.0,1684.0,2445.0,2878.0,2007.0,1753.0,3023.0,2713.0,2490.0,1745.0,1559.0,2033.0,2218.0,1798.0,2203.0,1744.0,9309.0,1730.0,2460.0,2792.0,1907.0,1742.0,3107.0,2610.0,2359.0,1577.0,1627.0,2057.0,2240.0,1762.0,2174.0,1735.0,9295.0,1762.0,2436.0,2605.0,2063.0,1824.0,3015.0,2559.0,2412.0,1599.0,1558.0,2043.0,2249.0,1810.0,2184.0,1864.0,9248.0,1578.0,2403.0,2506.0,1836.0,1817.0,2943.0,2531.0,2311.0,1453.0,1414.0,1969.0,2225.0,1660.0,2137.0,1666.0,9148.0,1674.0,2372.0,2516.0,1849.0,1787.0,2880.0,2560.0,2279.0,1581.0,1480.0,1946.0,2237.0,1718.0,2126.0,1755.0,9084.0,1557.0,2275.0,2432.0,1764.0,1639.0,2866.0,2500.0,2260.0,1436.0,1405.0,1875.0,2037.0,1632.0,2081.0,1694.0,9473.0,1760.0,2432.0,2549.0,1920.0,1975.0,3064.0,2561.0,2347.0,1570.0,1612.0,2002.0,2269.0,1808.0,2220.0,1825.0,9494.0,1843.0,2472.0,2597.0,1990.0,1980.0,2973.0,2559.0,2352.0,1680.0,1627.0,2079.0,2328.0,1758.0,2189.0,2069.0,9372.0,1832.0,2482.0,2572.0,1966.0,1744.0,2969.0,2567.0,2403.0,1691.0,1675.0,1976.0,2193.0,1927.0,2101.0,1865.0,9612.0,1826.0,2536.0,2607.0,2086.0,1864.0,3102.0,2666.0,2476.0,1702.0,1606.0,2043.0,2274.0,2090.0,2222.0,1878.0,vips
25950.0,18613.0,17085.0,17562.0,17690.0,18021.0,17048.0,17187.0,17345.0,17466.0,17864.0,16746.0,18579.0,18127.0,17379.0,18014.0,9450.0,3136.0,1569.0,1901.0,2245.0,2269.0,1857.0,1937.0,2238.0,2401.0,2803.0,1823.0,2420.0,2912.0,1914.0,2537.0,9285.0,2962.0,1551.0,1878.0,2151.0,2219.0,1856.0,2102.0,2165.0,2343.0,2720.0,1884.0,2716.0,2637.0,1914.0,2434.0,11020.0,3104.0,1804.0,2033.0,2265.0,2311.0,3412.0,2599.0,2124.0,2462.0,2793.0,2103.0,2944.0,2853.0,2087.0,2483.0,12075.0,3065.0,2240.0,2523.0,2178.0,2219.0,4316.0,3515.0,2110.0,2394.0,2806.0,1811.0,2300.0,2743.0,2037.0,2389.0,11002.0,3155.0,2335.0,2591.0,2226.0,2254.0,2280.0,3891.0,2100.0,2402.0,2833.0,1829.0,2207.0,2934.0,2172.0,2586.0,9692.0,3152.0,1660.0,2791.0,2340.0,2297.0,1827.0,2347.0,2119.0,2477.0,2797.0,1802.0,1713.0,2842.0,1989.0,2449.0,9706.0,3055.0,1668.0,2482.0,2289.0,2312.0,1965.0,2315.0,2071.0,2467.0,2822.0,1820.0,1583.0,2816.0,1865.0,2498.0,9382.0,3094.0,1703.0,2201.0,2272.0,2247.0,1882.0,2160.0,2111.0,2456.0,2794.0,1873.0,2093.0,2781.0,1912.0,2431.0,9218.0,3035.0,1552.0,2010.0,2223.0,2239.0,1807.0,2035.0,2052.0,2390.0,2799.0,1749.0,1873.0,2705.0,1789.0,2379.0,9150.0,3041.0,1585.0,1927.0,2224.0,2236.0,1800.0,1924.0,2088.0,2448.0,2804.0,1801.0,1908.0,2774.0,1818.0,2479.0,9065.0,2961.0,1456.0,1846.0,2139.0,2137.0,1745.0,1800.0,1986.0,2324.0,2734.0,1706.0,2485.0,2637.0,2029.0,2373.0,9303.0,3066.0,1571.0,2028.0,2265.0,2312.0,1959.0,1995.0,2158.0,2492.0,2831.0,1832.0,2252.0,2825.0,1905.0,2457.0,9374.0,3266.0,1645.0,1954.0,2281.0,2355.0,1814.0,1955.0,2113.0,2462.0,2810.0,1838.0,2461.0,2768.0,1849.0,2630.0,9501.0,3059.0,1643.0,1958.0,2330.0,2249.0,1904.0,1921.0,2141.0,2442.0,2814.0,1941.0,2848.0,2779.0,1905.0,2431.0,9545.0,3378.0,1610.0,2010.0,2316.0,2480.0,1906.0,1960.0,2183.0,2544.0,2919.0,1936.0,2663.0,3080.0,1897.0,2478.0,vips
23598.0,15148.0,15920.0,16028.0,15262.0,15480.0,15787.0,16188.0,15478.0,14814.0,15016.0,15732.0,18093.0,15320.0,16109.0,15199.0,9201.0,1433.0,2122.0,2252.0,1547.0,1545.0,2247.0,2609.0,2117.0,1479.0,1479.0,2434.0,3161.0,1712.0,2323.0,1537.0,9193.0,1467.0,2069.0,2231.0,1643.0,1544.0,2239.0,2558.0,2051.0,1488.0,1646.0,2472.0,3046.0,1601.0,2332.0,1546.0,9262.0,1651.0,2057.0,2339.0,1677.0,1586.0,2281.0,2729.0,2089.0,1561.0,1940.0,2436.0,3838.0,1554.0,2353.0,1568.0,9204.0,1739.0,2036.0,2256.0,1669.0,1500.0,2204.0,2661.0,2061.0,1748.0,1840.0,2417.0,2828.0,1447.0,2297.0,1504.0,9402.0,1758.0,2199.0,2296.0,1760.0,1595.0,2300.0,2640.0,2103.0,1692.0,1666.0,2470.0,2748.0,1500.0,2387.0,2329.0,9143.0,1650.0,2058.0,2385.0,1735.0,1492.0,2245.0,2835.0,2132.0,1509.0,1517.0,2412.0,1791.0,1321.0,2316.0,1535.0,9200.0,1911.0,2129.0,2747.0,1671.0,1625.0,2468.0,2724.0,2085.0,1531.0,1490.0,2535.0,1659.0,1479.0,2404.0,1614.0,9080.0,1979.0,2059.0,2300.0,1695.0,1835.0,2231.0,2615.0,2117.0,1572.0,1433.0,2443.0,2472.0,1610.0,2316.0,1683.0,9062.0,1834.0,2119.0,2291.0,1531.0,1654.0,2255.0,2610.0,2012.0,1381.0,1751.0,2437.0,2191.0,1617.0,2364.0,1620.0,9029.0,2000.0,2150.0,2257.0,1590.0,1600.0,2228.0,2649.0,2084.0,1630.0,1483.0,2433.0,2163.0,1703.0,2356.0,1620.0,8999.0,1547.0,1953.0,2278.0,1518.0,1489.0,2192.0,2607.0,1980.0,1392.0,1404.0,2420.0,3336.0,1704.0,2305.0,1721.0,9145.0,1554.0,2069.0,2257.0,1623.0,1664.0,2287.0,2623.0,2064.0,1524.0,1510.0,2474.0,2722.0,1899.0,2369.0,1782.0,9216.0,1471.0,2148.0,2282.0,1639.0,1574.0,2278.0,2635.0,2093.0,1472.0,1588.0,2529.0,3036.0,1823.0,2358.0,1726.0,9222.0,1451.0,2184.0,2257.0,1606.0,1546.0,2226.0,2598.0,2036.0,1450.0,1508.0,2359.0,3756.0,1760.0,2287.0,1683.0,9208.0,1498.0,2226.0,2281.0,1553.0,1547.0,2276.0,2643.0,2036.0,1449.0,1486.0,2421.0,3372.0,1873.0,2386.0,1591.0,vips
25767.0,18855.0,18116.0,17399.0,17529.0,18386.0,17190.0,17167.0,17275.0,18508.0,18518.0,16945.0,18333.0,18365.0,17512.0,18343.0,9466.0,3281.0,2309.0,1827.0,1971.0,2825.0,2014.0,1846.0,2088.0,3693.0,3017.0,1955.0,2340.0,3202.0,1823.0,2887.0,9456.0,3249.0,2240.0,1776.0,1899.0,2729.0,1966.0,1770.0,1993.0,3177.0,2962.0,1843.0,2249.0,3027.0,1824.0,2782.0,9620.0,3343.0,2470.0,1853.0,2029.0,2824.0,2163.0,2122.0,2104.0,3279.0,3041.0,1972.0,2835.0,3137.0,1904.0,2836.0,9431.0,3209.0,2353.0,1790.0,1903.0,2791.0,1867.0,1782.0,2001.0,3250.0,2941.0,1914.0,2332.0,3059.0,1743.0,2736.0,9435.0,3234.0,2405.0,1813.0,1960.0,2832.0,1915.0,1828.0,2296.0,3291.0,3103.0,1836.0,2291.0,3178.0,1813.0,3341.0,9352.0,3291.0,2419.0,2165.0,1974.0,2777.0,1853.0,1761.0,3336.0,3369.0,2955.0,1707.0,1849.0,3159.0,1844.0,2806.0,9442.0,3324.0,2405.0,1847.0,2022.0,2766.0,1864.0,2218.0,3833.0,3388.0,3008.0,1735.0,1814.0,3080.0,1818.0,2776.0,9383.0,3267.0,2347.0,1887.0,1997.0,2765.0,1901.0,2419.0,2566.0,3312.0,2975.0,1812.0,2101.0,2986.0,1823.0,2751.0,9338.0,3698.0,2357.0,1853.0,1970.0,2785.0,1846.0,2525.0,2103.0,3228.0,3102.0,1728.0,1965.0,3192.0,1776.0,2857.0,9388.0,3292.0,2319.0,1883.0,1981.0,2731.0,1868.0,2411.0,2054.0,3317.0,2983.0,1758.0,1998.0,3052.0,1828.0,2762.0,9282.0,3255.0,2295.0,1907.0,2038.0,2742.0,1812.0,2364.0,2087.0,3259.0,2962.0,1758.0,2599.0,3112.0,2135.0,2797.0,9606.0,3252.0,2411.0,2016.0,2036.0,2746.0,1915.0,2406.0,2116.0,3263.0,3034.0,1889.0,2150.0,3059.0,1982.0,2758.0,9499.0,3510.0,2401.0,2034.0,1975.0,2858.0,2019.0,2173.0,2091.0,3341.0,3102.0,1807.0,2276.0,3050.0,1938.0,2867.0,9709.0,3289.0,2428.0,1961.0,2000.0,2730.0,1992.0,1899.0,2101.0,3303.0,3060.0,1910.0,2560.0,3077.0,1926.0,2752.0,9664.0,3461.0,2541.0,1898.0,2041.0,3133.0,1959.0,1812.0,2102.0,3424.0,3076.0,1967.0,2426.0,3210.0,1878.0,2754.0,vips
23493.0,14895.0,15371.0,15680.0,15654.0,15151.0,15324.0,15408.0,15328.0,14436.0,14537.0,15093.0,15522.0,14954.0,15678.0,15005.0,9105.0,1557.0,2059.0,2160.0,2217.0,1596.0,2380.0,2259.0,2422.0,1748.0,1686.0,2327.0,2557.0,1639.0,2410.0,1574.0,8854.0,1549.0,2046.0,2116.0,2183.0,1612.0,2294.0,2121.0,2279.0,1677.0,1633.0,2183.0,2483.0,1546.0,2267.0,1571.0,9080.0,1986.0,2034.0,2146.0,2250.0,1439.0,2394.0,2184.0,2372.0,3760.0,1894.0,2204.0,2469.0,1494.0,2343.0,1529.0,9017.0,2067.0,1942.0,2149.0,2180.0,1343.0,2352.0,2117.0,2473.0,3507.0,2454.0,2198.0,2476.0,1568.0,2353.0,1496.0,9253.0,2478.0,1976.0,2238.0,2298.0,1461.0,2445.0,2256.0,2481.0,1803.0,2523.0,2254.0,2591.0,1771.0,2450.0,2289.0,8766.0,2302.0,1888.0,2274.0,2285.0,1294.0,2312.0,2132.0,2377.0,1537.0,2372.0,2183.0,2462.0,1434.0,2299.0,1373.0,8900.0,1667.0,1870.0,2172.0,2150.0,1356.0,2302.0,2130.0,2310.0,1507.0,2049.0,2239.0,2460.0,1558.0,2340.0,1311.0,8814.0,1826.0,1893.0,2196.0,2329.0,1478.0,2332.0,2184.0,2387.0,1584.0,2274.0,2255.0,2546.0,1703.0,2337.0,1432.0,8884.0,2116.0,1909.0,2203.0,2233.0,1464.0,2394.0,2237.0,2384.0,1521.0,2110.0,2287.0,2585.0,1648.0,2424.0,1384.0,8828.0,1779.0,1941.0,2186.0,2327.0,1466.0,2418.0,2216.0,2478.0,1521.0,1667.0,2220.0,2576.0,1633.0,2366.0,1481.0,8718.0,1633.0,1801.0,2083.0,2071.0,1305.0,2278.0,2046.0,2303.0,1439.0,1515.0,2108.0,2380.0,1492.0,2261.0,1280.0,8807.0,1914.0,1900.0,2184.0,2193.0,1523.0,2376.0,2128.0,2381.0,1552.0,1626.0,2212.0,2504.0,1664.0,2312.0,1407.0,9034.0,1885.0,2113.0,2196.0,2246.0,1552.0,2455.0,2221.0,2469.0,1536.0,1674.0,2277.0,2495.0,1777.0,2385.0,1569.0,8943.0,1537.0,2153.0,2122.0,2222.0,1660.0,2310.0,2158.0,2321.0,1473.0,1587.0,2156.0,2457.0,1765.0,2295.0,1573.0,9144.0,1499.0,2195.0,2188.0,2306.0,1633.0,2411.0,2207.0,2427.0,1550.0,1626.0,2284.0,2540.0,1779.0,2406.0,1588.0,vips
24947.0,17826.0,17421.0,16793.0,16916.0,17567.0,16398.0,16502.0,16502.0,17248.0,17131.0,16211.0,16582.0,17926.0,16727.0,17550.0,8979.0,2852.0,2398.0,1863.0,2168.0,2561.0,1944.0,1917.0,2170.0,2900.0,2693.0,1867.0,1779.0,3279.0,1724.0,2650.0,8968.0,2732.0,2317.0,1848.0,2095.0,2643.0,1887.0,1798.0,2065.0,2667.0,2544.0,1737.0,1618.0,3068.0,1717.0,2566.0,9635.0,2873.0,2503.0,2097.0,2231.0,2546.0,2315.0,2248.0,2356.0,2815.0,2670.0,1835.0,1721.0,3210.0,2132.0,2539.0,9486.0,2788.0,2468.0,1974.0,2197.0,2467.0,2233.0,1902.0,2284.0,2722.0,2557.0,1875.0,1601.0,3136.0,2020.0,2562.0,9215.0,2847.0,2456.0,2056.0,2275.0,2495.0,2452.0,1914.0,2488.0,2738.0,2597.0,1900.0,1674.0,3137.0,1927.0,2586.0,8756.0,2826.0,2418.0,2170.0,2267.0,2499.0,2076.0,1811.0,2294.0,2805.0,2578.0,1782.0,1671.0,3187.0,1819.0,2510.0,8778.0,2834.0,2409.0,1827.0,2142.0,2459.0,1848.0,1873.0,2144.0,2791.0,2621.0,1895.0,1633.0,3093.0,1890.0,2521.0,8732.0,2818.0,2355.0,1879.0,2179.0,2484.0,1905.0,2027.0,2094.0,2773.0,2659.0,2128.0,1748.0,3167.0,1989.0,2546.0,8732.0,3068.0,2381.0,1817.0,2154.0,2566.0,1874.0,2010.0,2106.0,2777.0,2688.0,1935.0,1683.0,3511.0,1775.0,2580.0,8704.0,2858.0,2448.0,1777.0,2174.0,2524.0,1853.0,1861.0,2109.0,2825.0,2588.0,1787.0,1850.0,3109.0,1716.0,2612.0,8573.0,2754.0,2249.0,1721.0,2078.0,2424.0,1716.0,1758.0,2017.0,2733.0,2527.0,1707.0,1705.0,3104.0,1810.0,2513.0,9140.0,2857.0,2438.0,1894.0,2183.0,2529.0,1954.0,1995.0,2156.0,2874.0,2734.0,1929.0,1907.0,3202.0,1859.0,2626.0,8996.0,2958.0,2491.0,1838.0,2170.0,2536.0,1860.0,1924.0,2115.0,3091.0,2635.0,1901.0,1838.0,3150.0,1762.0,2720.0,9052.0,2820.0,2521.0,1843.0,2213.0,2461.0,1881.0,1867.0,2131.0,2771.0,2580.0,1856.0,1993.0,3114.0,1756.0,2523.0,9017.0,2835.0,2594.0,1843.0,2208.0,2550.0,1872.0,1878.0,2167.0,2903.0,2647.0,1883.0,1877.0,3306.0,1819.0,2570.0,vips
23916.0,15435.0,15248.0,15920.0,15625.0,15376.0,15615.0,15952.0,15488.0,14803.0,14950.0,16249.0,16614.0,15380.0,16592.0,15169.0,9486.0,1716.0,1415.0,2336.0,2144.0,1411.0,2391.0,2629.0,2213.0,1724.0,1833.0,3157.0,3220.0,1702.0,3100.0,1412.0,9314.0,1751.0,1450.0,2383.0,2109.0,2079.0,2407.0,2544.0,2225.0,1711.0,1892.0,3114.0,3173.0,1567.0,3092.0,1534.0,9407.0,1778.0,1619.0,2420.0,2181.0,1418.0,2414.0,2640.0,2289.0,1676.0,1896.0,3095.0,3164.0,1524.0,3139.0,1429.0,9382.0,1757.0,1677.0,2368.0,2178.0,1406.0,2342.0,2522.0,2258.0,1631.0,1852.0,3092.0,3246.0,1564.0,3178.0,1446.0,9520.0,1822.0,1856.0,2397.0,2179.0,1501.0,2377.0,2614.0,2205.0,1556.0,1812.0,3099.0,3194.0,1468.0,3093.0,1635.0,9192.0,1679.0,1362.0,2428.0,2156.0,1448.0,2404.0,2661.0,2230.0,1511.0,1786.0,3007.0,3121.0,1470.0,3088.0,1694.0,9291.0,1755.0,1382.0,2503.0,2168.0,1430.0,2472.0,2581.0,2201.0,1555.0,1847.0,3326.0,3135.0,1480.0,3189.0,1705.0,9248.0,1850.0,1434.0,2366.0,2241.0,1463.0,2425.0,2544.0,2217.0,1598.0,1804.0,3057.0,3160.0,1605.0,3097.0,1699.0,9169.0,1852.0,1316.0,2348.0,2138.0,1325.0,2385.0,2474.0,2117.0,1434.0,1829.0,3080.0,3174.0,1765.0,3067.0,1491.0,9121.0,1956.0,1348.0,2385.0,2134.0,1364.0,2375.0,2534.0,2158.0,1458.0,1763.0,3114.0,3186.0,1865.0,3053.0,1503.0,9118.0,2010.0,1304.0,2355.0,2144.0,1379.0,2265.0,2632.0,2122.0,1527.0,1875.0,2999.0,3166.0,1968.0,3318.0,1430.0,9361.0,2247.0,1452.0,2415.0,2178.0,1454.0,2422.0,2567.0,2225.0,1713.0,1991.0,3191.0,3165.0,1949.0,3259.0,1507.0,9410.0,2285.0,1544.0,2368.0,2252.0,1492.0,2384.0,2587.0,2217.0,2222.0,1910.0,3216.0,3228.0,1805.0,3199.0,1596.0,9350.0,2024.0,1492.0,2406.0,2160.0,1436.0,2333.0,2599.0,2169.0,1775.0,1886.0,3464.0,3373.0,1853.0,3126.0,1482.0,9494.0,1944.0,1466.0,2329.0,2147.0,1455.0,2358.0,2509.0,2197.0,1658.0,1789.0,3063.0,3222.0,2110.0,3188.0,1415.0,vips
21432.0,15752.0,15700.0,14766.0,15669.0,15545.0,15001.0,14354.0,15469.0,15531.0,15437.0,15934.0,14118.0,15631.0,14169.0,15649.0,7916.0,2424.0,2140.0,1714.0,2438.0,2316.0,1966.0,1322.0,2376.0,2541.0,2485.0,2102.0,962.0,2681.0,1036.0,2450.0,8024.0,2516.0,2132.0,1666.0,2348.0,3023.0,2050.0,1360.0,2389.0,2506.0,2534.0,2117.0,1083.0,2584.0,1104.0,2446.0,8078.0,2462.0,2205.0,1676.0,2391.0,2349.0,2131.0,1349.0,2457.0,2555.0,2543.0,2126.0,1890.0,2643.0,2440.0,2480.0,8088.0,2434.0,2233.0,1641.0,2372.0,2362.0,1969.0,1274.0,2399.0,2502.0,2539.0,2418.0,2750.0,2602.0,4186.0,2403.0,7996.0,2411.0,2401.0,1525.0,2274.0,2343.0,1953.0,1287.0,2259.0,2516.0,2515.0,2130.0,1582.0,2643.0,2407.0,2387.0,7821.0,2407.0,2202.0,1804.0,2354.0,2333.0,1916.0,1414.0,2274.0,2536.0,2478.0,1726.0,1095.0,2627.0,1158.0,2455.0,8000.0,2489.0,2214.0,1526.0,2394.0,2347.0,1976.0,1496.0,2315.0,2583.0,2522.0,1659.0,1104.0,2646.0,1145.0,2434.0,8352.0,2489.0,2222.0,1667.0,2458.0,2429.0,2010.0,1451.0,2303.0,2645.0,2607.0,1957.0,1095.0,2646.0,1155.0,2506.0,8374.0,2449.0,2090.0,1530.0,2393.0,2355.0,1915.0,1335.0,2238.0,2529.0,2669.0,1671.0,1190.0,2661.0,1083.0,2429.0,7944.0,2438.0,2145.0,1515.0,2677.0,2312.0,1876.0,1510.0,2305.0,2590.0,2498.0,2166.0,1100.0,2614.0,1016.0,2446.0,7918.0,2534.0,2188.0,1596.0,2634.0,2390.0,1984.0,1646.0,2414.0,2639.0,2592.0,2607.0,1007.0,2709.0,1159.0,2499.0,8237.0,2639.0,2274.0,1791.0,2694.0,2507.0,2178.0,1839.0,2463.0,2716.0,2639.0,2646.0,1109.0,2773.0,1243.0,2573.0,7915.0,2613.0,2167.0,1663.0,2463.0,2369.0,2132.0,1584.0,2383.0,2602.0,2540.0,2874.0,1021.0,2551.0,1115.0,2480.0,8059.0,2826.0,2319.0,1795.0,2515.0,2443.0,2158.0,1604.0,2461.0,2615.0,2565.0,2973.0,1092.0,2639.0,1100.0,2515.0,7935.0,2642.0,2288.0,1529.0,2386.0,2331.0,1984.0,1343.0,2344.0,2491.0,2447.0,2530.0,877.0,2557.0,970.0,2362.0,vips
19993.0,12981.0,12750.0,12547.0,12946.0,13286.0,13046.0,12221.0,12789.0,11645.0,12858.0,15908.0,12567.0,13058.0,12366.0,11884.0,8296.0,1598.0,1056.0,1133.0,1775.0,1943.0,1959.0,925.0,1675.0,577.0,1715.0,3252.0,1057.0,1878.0,964.0,549.0,8215.0,1698.0,1006.0,1214.0,1682.0,1993.0,1973.0,955.0,1625.0,598.0,1802.0,3433.0,1175.0,1950.0,1002.0,641.0,8264.0,1660.0,1132.0,1168.0,1816.0,2018.0,2000.0,938.0,1830.0,625.0,1698.0,3443.0,1173.0,1887.0,1011.0,651.0,8178.0,1676.0,1099.0,1162.0,1879.0,2158.0,2181.0,927.0,1899.0,626.0,1725.0,3100.0,1081.0,1913.0,935.0,568.0,8185.0,1782.0,1127.0,1153.0,1775.0,2365.0,2080.0,939.0,1724.0,580.0,1834.0,2872.0,1089.0,2302.0,952.0,560.0,7970.0,1850.0,982.0,1145.0,1657.0,1964.0,1890.0,862.0,1636.0,552.0,2443.0,1921.0,1011.0,2347.0,894.0,542.0,8227.0,1851.0,982.0,1166.0,1667.0,1934.0,1913.0,896.0,1649.0,541.0,2647.0,1719.0,1068.0,2002.0,959.0,569.0,8166.0,1764.0,1029.0,1135.0,1773.0,2005.0,2012.0,932.0,1684.0,594.0,1971.0,2636.0,1139.0,1832.0,950.0,620.0,8170.0,1640.0,976.0,1184.0,1659.0,1957.0,1934.0,942.0,1614.0,551.0,1727.0,1799.0,1090.0,1835.0,976.0,631.0,8087.0,1665.0,1011.0,1163.0,1633.0,1973.0,1913.0,909.0,1587.0,558.0,1714.0,2459.0,1113.0,1791.0,959.0,547.0,8042.0,1553.0,946.0,1166.0,1642.0,1938.0,1866.0,899.0,1580.0,552.0,1656.0,3608.0,1073.0,1728.0,910.0,561.0,8344.0,1714.0,1043.0,1234.0,1754.0,2019.0,2030.0,959.0,1763.0,626.0,1765.0,2858.0,1095.0,1822.0,967.0,595.0,8257.0,1678.0,1131.0,1182.0,1728.0,1977.0,1995.0,961.0,1645.0,620.0,1923.0,4077.0,1086.0,1798.0,943.0,617.0,8157.0,1609.0,1065.0,1205.0,1596.0,1968.0,1894.0,938.0,1543.0,531.0,1723.0,4049.0,1073.0,1773.0,942.0,564.0,8254.0,1612.0,1189.0,1248.0,1635.0,2016.0,1989.0,983.0,1625.0,764.0,1716.0,3698.0,1134.0,1835.0,1012.0,609.0,vips
220.0,88.0,27.0,95.0,143.0,90.0,24.0,52.0,42.0,8662.0,12.0,26.0,43.0,72.0,174.0,169.0,48.0,5.0,2.0,22.0,13.0,5.0,4.0,5.0,4.0,8454.0,4.0,5.0,5.0,5.0,19.0,16.0,16.0,4.0,2.0,12.0,14.0,3.0,0.0,3.0,1.0,8465.0,1.0,0.0,1.0,2.0,4.0,11.0,39.0,2.0,2.0,12.0,54.0,5.0,3.0,4.0,4.0,8946.0,3.0,1.0,8.0,2.0,36.0,32.0,59.0,4.0,4.0,30.0,38.0,10.0,2.0,6.0,5.0,8512.0,5.0,4.0,7.0,5.0,30.0,49.0,54.0,5.0,1.0,16.0,14.0,3.0,3.0,3.0,4.0,8564.0,2.0,5.0,4.0,2.0,6.0,16.0,13.0,1.0,1.0,16.0,15.0,3.0,0.0,2.0,2.0,8462.0,0.0,1.0,3.0,3.0,8.0,19.0,34.0,4.0,2.0,17.0,14.0,4.0,1.0,2.0,3.0,8577.0,2.0,1.0,3.0,2.0,8.0,15.0,25.0,4.0,2.0,13.0,12.0,5.0,2.0,1.0,1.0,8454.0,0.0,0.0,4.0,3.0,4.0,18.0,13.0,2.0,0.0,12.0,14.0,1.0,0.0,2.0,2.0,9037.0,1.0,1.0,2.0,0.0,5.0,12.0,10.0,3.0,1.0,17.0,14.0,1.0,1.0,2.0,1.0,9089.0,0.0,1.0,2.0,0.0,6.0,18.0,14.0,3.0,1.0,11.0,12.0,4.0,1.0,3.0,1.0,9164.0,0.0,2.0,2.0,3.0,7.0,17.0,28.0,2.0,2.0,26.0,29.0,5.0,1.0,4.0,4.0,9065.0,2.0,1.0,2.0,2.0,5.0,23.0,42.0,1.0,3.0,14.0,17.0,3.0,3.0,4.0,2.0,9091.0,1.0,4.0,5.0,7.0,6.0,17.0,93.0,3.0,4.0,49.0,48.0,4.0,4.0,6.0,6.0,8828.0,4.0,5.0,7.0,6.0,8.0,50.0,76.0,4.0,4.0,24.0,37.0,6.0,3.0,4.0,4.0,8447.0,4.0,3.0,6.0,5.0,14.0,37.0,vips
22786.0,15688.0,16397.0,14890.0,15874.0,16021.0,16061.0,15037.0,15738.0,15175.0,15520.0,15028.0,16327.0,15762.0,15471.0,16169.0,7733.0,2202.0,2668.0,1204.0,2605.0,2286.0,2896.0,1749.0,2726.0,2279.0,2155.0,1459.0,2592.0,2182.0,2052.0,2621.0,7752.0,2332.0,2752.0,1193.0,2501.0,2269.0,2856.0,1827.0,2701.0,2310.0,2235.0,1678.0,2611.0,2227.0,2070.0,2628.0,7807.0,2288.0,2745.0,1283.0,2620.0,2312.0,2904.0,1774.0,2761.0,2278.0,2194.0,1611.0,2578.0,2228.0,2051.0,2661.0,7982.0,2342.0,2841.0,1396.0,2626.0,2326.0,2832.0,1749.0,3044.0,2392.0,2241.0,1437.0,2718.0,2241.0,2096.0,2879.0,8226.0,2329.0,2838.0,1580.0,2622.0,2286.0,2899.0,1880.0,2758.0,2604.0,2332.0,1384.0,2590.0,2919.0,2348.0,3008.0,7647.0,2223.0,2667.0,1314.0,2623.0,2156.0,2817.0,1725.0,2689.0,2999.0,2134.0,871.0,2467.0,2115.0,2047.0,2663.0,7619.0,2138.0,2757.0,1207.0,2517.0,2307.0,2895.0,1749.0,2717.0,2744.0,2125.0,831.0,2457.0,2210.0,2050.0,2571.0,7476.0,2327.0,2831.0,1244.0,2988.0,2496.0,2971.0,1804.0,2775.0,2488.0,2204.0,1234.0,2533.0,2180.0,2061.0,2654.0,7410.0,2235.0,2763.0,1183.0,2538.0,2722.0,2948.0,1756.0,2755.0,2347.0,2209.0,924.0,2594.0,2221.0,2040.0,2852.0,7566.0,2237.0,2724.0,1182.0,2622.0,2767.0,2892.0,1710.0,2678.0,2329.0,2215.0,1152.0,2514.0,2624.0,2031.0,2647.0,7588.0,2148.0,2534.0,1128.0,2497.0,2918.0,2821.0,1625.0,2720.0,2273.0,2195.0,1644.0,2409.0,2236.0,1925.0,2530.0,8264.0,2355.0,2729.0,1240.0,2697.0,2804.0,2962.0,1799.0,2826.0,2352.0,2289.0,1368.0,2640.0,2441.0,2066.0,2627.0,8320.0,2281.0,2854.0,1290.0,2717.0,3043.0,2950.0,1916.0,2849.0,2331.0,2985.0,1871.0,2644.0,2328.0,2110.0,2701.0,8550.0,2233.0,2740.0,1215.0,2549.0,2421.0,2836.0,1762.0,2714.0,2257.0,2377.0,1850.0,2433.0,2207.0,1981.0,2579.0,8659.0,2296.0,2951.0,1282.0,2646.0,2508.0,3005.0,1813.0,2916.0,2437.0,2248.0,1703.0,2640.0,2144.0,2080.0,2673.0,vips
5331.0,3684.0,7656.0,3200.0,4008.0,3615.0,3855.0,3613.0,3761.0,3754.0,3138.0,2928.0,6604.0,3315.0,3440.0,4668.0,1570.0,482.0,2260.0,69.0,495.0,247.0,809.0,388.0,592.0,715.0,208.0,56.0,2228.0,252.0,261.0,1094.0,1588.0,426.0,2168.0,81.0,488.0,272.0,853.0,260.0,592.0,725.0,212.0,76.0,2373.0,282.0,245.0,1232.0,1651.0,421.0,2052.0,45.0,492.0,283.0,2143.0,280.0,2170.0,739.0,270.0,41.0,2660.0,294.0,274.0,1303.0,1709.0,481.0,2809.0,79.0,612.0,344.0,2427.0,406.0,2687.0,776.0,244.0,60.0,2205.0,399.0,330.0,1446.0,1635.0,424.0,2678.0,46.0,727.0,315.0,1493.0,502.0,1409.0,758.0,224.0,53.0,2135.0,445.0,278.0,1332.0,1497.0,371.0,2354.0,55.0,721.0,236.0,836.0,230.0,554.0,775.0,194.0,64.0,1421.0,229.0,227.0,1163.0,1603.0,575.0,1925.0,44.0,845.0,371.0,812.0,295.0,496.0,695.0,248.0,30.0,1342.0,383.0,276.0,1229.0,1603.0,469.0,1695.0,65.0,885.0,265.0,825.0,284.0,575.0,844.0,221.0,50.0,1969.0,252.0,266.0,1227.0,1479.0,487.0,1538.0,56.0,789.0,206.0,736.0,253.0,464.0,756.0,202.0,45.0,1914.0,260.0,213.0,1322.0,1506.0,497.0,1845.0,48.0,787.0,266.0,771.0,261.0,504.0,688.0,178.0,43.0,1998.0,329.0,341.0,1478.0,1497.0,451.0,1558.0,31.0,701.0,257.0,808.0,229.0,423.0,606.0,161.0,32.0,2641.0,225.0,214.0,1358.0,1572.0,651.0,2611.0,121.0,956.0,257.0,841.0,269.0,526.0,693.0,212.0,50.0,2323.0,284.0,224.0,1352.0,1515.0,622.0,2786.0,56.0,865.0,420.0,850.0,378.0,544.0,768.0,252.0,40.0,2589.0,233.0,399.0,1254.0,1637.0,661.0,2646.0,45.0,916.0,230.0,745.0,274.0,512.0,704.0,255.0,45.0,2978.0,485.0,240.0,1170.0,1752.0,710.0,2867.0,61.0,734.0,340.0,922.0,421.0,678.0,877.0,297.0,52.0,3041.0,410.0,336.0,1360.0,vips
1388.0,891.0,7438.0,808.0,856.0,823.0,788.0,802.0,845.0,814.0,717.0,749.0,1881.0,801.0,948.0,913.0,461.0,33.0,2351.0,23.0,44.0,22.0,44.0,31.0,41.0,41.0,23.0,15.0,685.0,19.0,27.0,38.0,418.0,25.0,2909.0,37.0,43.0,32.0,39.0,26.0,44.0,35.0,14.0,22.0,860.0,21.0,21.0,26.0,407.0,17.0,2739.0,12.0,34.0,8.0,33.0,19.0,36.0,34.0,11.0,8.0,863.0,10.0,9.0,21.0,431.0,39.0,3170.0,26.0,60.0,29.0,85.0,41.0,72.0,54.0,19.0,14.0,658.0,20.0,37.0,35.0,427.0,24.0,3494.0,18.0,48.0,17.0,35.0,27.0,41.0,36.0,10.0,14.0,633.0,12.0,14.0,26.0,398.0,28.0,2802.0,19.0,42.0,18.0,35.0,32.0,65.0,40.0,19.0,12.0,422.0,17.0,29.0,35.0,405.0,25.0,2534.0,13.0,37.0,11.0,37.0,17.0,41.0,32.0,8.0,6.0,361.0,9.0,14.0,23.0,425.0,38.0,2124.0,20.0,45.0,26.0,47.0,33.0,45.0,56.0,20.0,14.0,567.0,21.0,32.0,35.0,408.0,25.0,1735.0,22.0,44.0,12.0,41.0,26.0,49.0,40.0,17.0,10.0,652.0,18.0,32.0,44.0,370.0,28.0,2510.0,18.0,36.0,17.0,40.0,26.0,43.0,44.0,14.0,9.0,550.0,14.0,20.0,28.0,383.0,15.0,2017.0,9.0,24.0,6.0,21.0,11.0,25.0,21.0,6.0,4.0,757.0,10.0,7.0,17.0,416.0,25.0,2795.0,52.0,64.0,20.0,50.0,29.0,58.0,48.0,12.0,9.0,643.0,19.0,28.0,36.0,421.0,30.0,3224.0,15.0,41.0,21.0,36.0,31.0,43.0,33.0,16.0,10.0,693.0,18.0,24.0,26.0,485.0,30.0,2916.0,16.0,78.0,17.0,74.0,27.0,80.0,68.0,14.0,9.0,910.0,14.0,16.0,24.0,490.0,35.0,3181.0,21.0,62.0,21.0,62.0,28.0,63.0,58.0,18.0,11.0,879.0,21.0,47.0,40.0,vips
2054.0,1322.0,5491.0,1245.0,1269.0,1233.0,1143.0,1440.0,1169.0,1189.0,1395.0,1392.0,1315.0,1132.0,1171.0,1250.0,691.0,34.0,2489.0,31.0,52.0,30.0,30.0,149.0,26.0,25.0,173.0,144.0,136.0,23.0,26.0,31.0,616.0,44.0,2618.0,34.0,75.0,36.0,34.0,221.0,32.0,22.0,176.0,222.0,216.0,24.0,35.0,32.0,639.0,18.0,2845.0,15.0,33.0,15.0,16.0,151.0,20.0,10.0,150.0,143.0,130.0,13.0,14.0,17.0,676.0,39.0,2857.0,39.0,66.0,47.0,43.0,174.0,38.0,39.0,259.0,174.0,135.0,27.0,39.0,45.0,656.0,24.0,2744.0,23.0,39.0,18.0,17.0,151.0,25.0,17.0,164.0,180.0,137.0,19.0,19.0,20.0,609.0,36.0,2597.0,28.0,64.0,36.0,32.0,123.0,32.0,25.0,136.0,161.0,138.0,25.0,38.0,31.0,618.0,26.0,2668.0,20.0,42.0,23.0,19.0,140.0,28.0,17.0,272.0,152.0,135.0,19.0,23.0,28.0,632.0,36.0,2659.0,32.0,58.0,35.0,28.0,152.0,28.0,26.0,140.0,162.0,148.0,18.0,33.0,35.0,633.0,26.0,2221.0,21.0,43.0,22.0,17.0,150.0,24.0,14.0,144.0,148.0,136.0,15.0,30.0,21.0,601.0,30.0,2557.0,26.0,136.0,28.0,25.0,190.0,20.0,22.0,194.0,148.0,148.0,16.0,19.0,33.0,603.0,9.0,2387.0,10.0,26.0,8.0,5.0,136.0,3.0,6.0,170.0,124.0,102.0,2.0,6.0,12.0,629.0,35.0,2573.0,37.0,63.0,28.0,36.0,137.0,32.0,32.0,162.0,234.0,143.0,22.0,45.0,47.0,608.0,28.0,2577.0,29.0,44.0,22.0,27.0,133.0,30.0,24.0,139.0,171.0,149.0,19.0,19.0,23.0,617.0,26.0,2660.0,22.0,38.0,21.0,20.0,144.0,26.0,22.0,141.0,167.0,132.0,17.0,18.0,28.0,673.0,40.0,2977.0,35.0,59.0,35.0,31.0,189.0,39.0,28.0,200.0,183.0,158.0,24.0,36.0,27.0,vips
1386.0,921.0,2819.0,854.0,767.0,842.0,795.0,874.0,831.0,829.0,780.0,806.0,748.0,864.0,876.0,923.0,494.0,29.0,1918.0,26.0,33.0,28.0,31.0,40.0,24.0,33.0,40.0,40.0,28.0,23.0,33.0,34.0,440.0,32.0,1885.0,32.0,24.0,23.0,27.0,35.0,24.0,28.0,38.0,37.0,24.0,18.0,25.0,27.0,437.0,14.0,1792.0,14.0,16.0,10.0,10.0,19.0,8.0,9.0,22.0,22.0,13.0,7.0,14.0,10.0,416.0,31.0,1904.0,22.0,33.0,24.0,29.0,45.0,23.0,29.0,48.0,63.0,28.0,17.0,29.0,28.0,453.0,27.0,1908.0,23.0,26.0,15.0,22.0,36.0,21.0,28.0,29.0,31.0,17.0,12.0,19.0,26.0,431.0,30.0,1966.0,27.0,25.0,22.0,26.0,34.0,22.0,26.0,41.0,42.0,23.0,16.0,26.0,27.0,454.0,13.0,1855.0,14.0,14.0,10.0,13.0,20.0,9.0,10.0,24.0,27.0,8.0,7.0,15.0,10.0,455.0,31.0,1909.0,22.0,31.0,22.0,26.0,40.0,25.0,26.0,44.0,38.0,22.0,17.0,32.0,26.0,440.0,24.0,1843.0,15.0,24.0,17.0,17.0,32.0,22.0,21.0,38.0,36.0,20.0,15.0,26.0,17.0,416.0,20.0,1789.0,16.0,22.0,20.0,19.0,28.0,15.0,23.0,29.0,33.0,19.0,13.0,22.0,21.0,401.0,10.0,1778.0,8.0,12.0,8.0,8.0,15.0,10.0,7.0,17.0,13.0,10.0,7.0,13.0,9.0,405.0,27.0,1900.0,22.0,27.0,24.0,26.0,35.0,26.0,26.0,35.0,53.0,27.0,23.0,35.0,33.0,467.0,24.0,1790.0,22.0,27.0,22.0,25.0,32.0,20.0,24.0,30.0,32.0,23.0,19.0,29.0,27.0,457.0,20.0,1917.0,17.0,26.0,21.0,24.0,28.0,20.0,21.0,26.0,60.0,16.0,15.0,26.0,26.0,500.0,33.0,1912.0,27.0,31.0,24.0,20.0,36.0,24.0,30.0,40.0,55.0,29.0,22.0,29.0,21.0,vips
186.0,93.0,12.0,70.0,96.0,96.0,27.0,26.0,39.0,9397.0,6.0,17.0,52.0,92.0,94.0,104.0,51.0,4.0,5.0,3.0,6.0,5.0,3.0,4.0,5.0,9101.0,3.0,3.0,4.0,5.0,7.0,7.0,13.0,1.0,0.0,3.0,3.0,3.0,2.0,2.0,2.0,8934.0,0.0,1.0,2.0,3.0,1.0,6.0,40.0,6.0,1.0,2.0,9.0,5.0,2.0,3.0,1.0,9055.0,1.0,5.0,3.0,6.0,4.0,5.0,59.0,5.0,4.0,7.0,10.0,5.0,3.0,4.0,3.0,8537.0,3.0,2.0,3.0,6.0,5.0,6.0,51.0,5.0,2.0,6.0,7.0,5.0,3.0,4.0,3.0,8607.0,2.0,2.0,4.0,5.0,4.0,4.0,18.0,4.0,0.0,4.0,3.0,2.0,2.0,0.0,1.0,8472.0,1.0,2.0,2.0,2.0,4.0,3.0,15.0,2.0,0.0,3.0,2.0,3.0,1.0,0.0,1.0,8592.0,1.0,1.0,2.0,5.0,0.0,3.0,23.0,3.0,0.0,2.0,3.0,2.0,1.0,2.0,1.0,8465.0,2.0,2.0,3.0,4.0,3.0,4.0,22.0,2.0,1.0,2.0,2.0,3.0,2.0,2.0,1.0,8463.0,1.0,0.0,2.0,3.0,2.0,2.0,9.0,2.0,0.0,1.0,3.0,2.0,0.0,0.0,1.0,8462.0,0.0,0.0,1.0,3.0,3.0,3.0,14.0,4.0,1.0,5.0,3.0,2.0,1.0,0.0,1.0,8528.0,1.0,0.0,2.0,5.0,3.0,2.0,31.0,3.0,1.0,5.0,3.0,3.0,3.0,1.0,4.0,8444.0,2.0,2.0,3.0,5.0,3.0,5.0,53.0,6.0,3.0,6.0,4.0,7.0,3.0,3.0,3.0,8464.0,3.0,2.0,6.0,3.0,5.0,7.0,52.0,9.0,4.0,8.0,8.0,8.0,5.0,4.0,3.0,9134.0,5.0,3.0,3.0,7.0,8.0,7.0,57.0,4.0,2.0,4.0,15.0,6.0,5.0,5.0,3.0,9126.0,4.0,4.0,13.0,6.0,16.0,13.0,vips
207.0,70.0,25.0,57.0,80.0,69.0,23.0,34.0,50.0,8700.0,10.0,29.0,63.0,45.0,104.0,108.0,38.0,5.0,2.0,4.0,4.0,4.0,4.0,4.0,3.0,8487.0,3.0,5.0,3.0,5.0,5.0,4.0,17.0,4.0,1.0,3.0,3.0,2.0,0.0,1.0,1.0,8643.0,0.0,1.0,2.0,3.0,6.0,2.0,37.0,1.0,3.0,3.0,8.0,3.0,3.0,1.0,4.0,9730.0,2.0,2.0,3.0,1.0,6.0,5.0,49.0,4.0,3.0,4.0,6.0,3.0,3.0,4.0,5.0,9232.0,3.0,4.0,5.0,2.0,8.0,6.0,44.0,4.0,4.0,5.0,4.0,4.0,1.0,3.0,2.0,9254.0,1.0,2.0,5.0,5.0,5.0,7.0,16.0,2.0,1.0,0.0,3.0,3.0,0.0,3.0,2.0,9124.0,0.0,0.0,3.0,1.0,3.0,3.0,24.0,3.0,3.0,1.0,5.0,2.0,1.0,1.0,2.0,8936.0,1.0,2.0,3.0,1.0,4.0,3.0,30.0,2.0,3.0,4.0,4.0,6.0,2.0,2.0,1.0,8480.0,1.0,2.0,2.0,2.0,5.0,4.0,16.0,1.0,1.0,2.0,4.0,2.0,0.0,2.0,2.0,8461.0,0.0,2.0,1.0,2.0,1.0,1.0,7.0,1.0,1.0,2.0,3.0,3.0,0.0,1.0,1.0,8470.0,0.0,1.0,1.0,1.0,4.0,4.0,20.0,2.0,1.0,2.0,4.0,3.0,1.0,2.0,2.0,8526.0,0.0,2.0,2.0,0.0,2.0,4.0,39.0,2.0,1.0,2.0,5.0,5.0,3.0,2.0,2.0,8446.0,1.0,3.0,3.0,2.0,5.0,4.0,27.0,2.0,2.0,2.0,4.0,2.0,2.0,1.0,3.0,8465.0,0.0,2.0,2.0,4.0,4.0,2.0,61.0,3.0,4.0,5.0,9.0,6.0,5.0,4.0,8.0,8647.0,4.0,5.0,7.0,5.0,9.0,8.0,62.0,5.0,6.0,5.0,6.0,6.0,3.0,3.0,5.0,8474.0,3.0,4.0,4.0,2.0,6.0,6.0,vips
193.0,110.0,19.0,79.0,93.0,65.0,24.0,35.0,30.0,8697.0,9.0,16.0,53.0,66.0,103.0,96.0,51.0,13.0,4.0,5.0,7.0,5.0,3.0,4.0,5.0,8499.0,4.0,3.0,4.0,5.0,8.0,6.0,15.0,10.0,1.0,3.0,3.0,2.0,2.0,0.0,1.0,8480.0,1.0,0.0,2.0,1.0,3.0,4.0,47.0,9.0,4.0,4.0,4.0,5.0,2.0,1.0,5.0,9160.0,3.0,2.0,3.0,3.0,7.0,7.0,55.0,13.0,4.0,5.0,4.0,6.0,3.0,2.0,3.0,8556.0,2.0,3.0,3.0,5.0,5.0,6.0,36.0,10.0,2.0,3.0,3.0,4.0,3.0,2.0,3.0,8609.0,3.0,2.0,2.0,3.0,6.0,4.0,17.0,10.0,2.0,3.0,3.0,2.0,2.0,0.0,0.0,8502.0,0.0,1.0,1.0,3.0,4.0,5.0,20.0,5.0,0.0,1.0,2.0,4.0,2.0,2.0,1.0,8989.0,1.0,1.0,1.0,3.0,5.0,5.0,18.0,8.0,0.0,2.0,3.0,0.0,1.0,2.0,1.0,9132.0,0.0,1.0,3.0,3.0,4.0,3.0,13.0,10.0,1.0,2.0,2.0,3.0,1.0,0.0,0.0,9123.0,1.0,0.0,0.0,1.0,3.0,1.0,8.0,7.0,0.0,2.0,3.0,1.0,1.0,1.0,1.0,9117.0,0.0,0.0,1.0,2.0,4.0,3.0,14.0,3.0,0.0,2.0,1.0,2.0,1.0,2.0,1.0,9205.0,1.0,0.0,2.0,3.0,5.0,4.0,31.0,6.0,3.0,3.0,3.0,3.0,1.0,4.0,1.0,8733.0,1.0,1.0,2.0,5.0,6.0,5.0,40.0,10.0,2.0,2.0,4.0,4.0,1.0,4.0,1.0,8478.0,1.0,3.0,5.0,0.0,6.0,7.0,58.0,8.0,5.0,7.0,6.0,6.0,3.0,5.0,3.0,8702.0,5.0,5.0,3.0,7.0,6.0,6.0,51.0,10.0,3.0,6.0,8.0,5.0,5.0,4.0,3.0,8494.0,3.0,4.0,4.0,7.0,7.0,6.0,vips
210.0,93.0,22.0,83.0,90.0,75.0,23.0,27.0,48.0,9362.0,8.0,19.0,53.0,50.0,61.0,79.0,49.0,4.0,3.0,5.0,6.0,7.0,5.0,4.0,4.0,8483.0,3.0,4.0,6.0,3.0,6.0,7.0,18.0,3.0,1.0,3.0,4.0,3.0,1.0,3.0,1.0,8494.0,1.0,1.0,1.0,2.0,1.0,5.0,47.0,6.0,1.0,5.0,5.0,3.0,2.0,1.0,2.0,9210.0,1.0,3.0,4.0,5.0,5.0,2.0,50.0,5.0,2.0,6.0,7.0,5.0,3.0,6.0,2.0,8576.0,3.0,4.0,4.0,4.0,6.0,5.0,45.0,4.0,2.0,4.0,6.0,4.0,4.0,2.0,3.0,8638.0,0.0,4.0,5.0,3.0,3.0,8.0,14.0,2.0,1.0,2.0,4.0,2.0,0.0,1.0,3.0,8498.0,1.0,0.0,3.0,3.0,1.0,4.0,21.0,4.0,1.0,2.0,4.0,1.0,1.0,1.0,3.0,8684.0,1.0,1.0,3.0,2.0,2.0,4.0,29.0,4.0,2.0,4.0,4.0,3.0,2.0,1.0,3.0,8538.0,2.0,2.0,2.0,3.0,1.0,5.0,19.0,1.0,0.0,2.0,3.0,2.0,1.0,2.0,2.0,8489.0,1.0,0.0,1.0,2.0,0.0,1.0,9.0,2.0,1.0,3.0,3.0,2.0,0.0,2.0,1.0,8498.0,0.0,0.0,2.0,0.0,1.0,4.0,14.0,4.0,0.0,3.0,5.0,3.0,1.0,1.0,1.0,8547.0,0.0,1.0,1.0,3.0,2.0,4.0,33.0,4.0,1.0,4.0,4.0,3.0,2.0,1.0,4.0,8828.0,2.0,1.0,2.0,3.0,1.0,3.0,31.0,2.0,2.0,4.0,4.0,3.0,3.0,1.0,5.0,9129.0,2.0,1.0,2.0,4.0,2.0,2.0,37.0,5.0,4.0,8.0,7.0,5.0,3.0,5.0,3.0,9314.0,2.0,4.0,5.0,3.0,4.0,7.0,46.0,4.0,3.0,4.0,3.0,5.0,2.0,3.0,4.0,9126.0,4.0,3.0,3.0,1.0,4.0,3.0,vips
214.0,111.0,21.0,78.0,91.0,103.0,19.0,42.0,25.0,8794.0,7.0,12.0,96.0,56.0,136.0,88.0,61.0,6.0,4.0,5.0,8.0,5.0,5.0,5.0,4.0,9139.0,4.0,3.0,19.0,5.0,9.0,6.0,13.0,3.0,1.0,3.0,2.0,2.0,1.0,0.0,1.0,9152.0,0.0,0.0,20.0,2.0,3.0,3.0,44.0,4.0,2.0,2.0,5.0,4.0,1.0,6.0,3.0,9746.0,3.0,3.0,18.0,1.0,6.0,9.0,51.0,6.0,3.0,2.0,6.0,4.0,4.0,1.0,5.0,9224.0,2.0,1.0,29.0,4.0,7.0,5.0,55.0,6.0,4.0,4.0,5.0,6.0,1.0,4.0,3.0,8922.0,3.0,3.0,17.0,6.0,9.0,6.0,11.0,5.0,1.0,3.0,3.0,4.0,2.0,2.0,2.0,8517.0,0.0,1.0,19.0,1.0,4.0,2.0,25.0,2.0,2.0,4.0,5.0,5.0,2.0,2.0,0.0,8647.0,1.0,1.0,15.0,3.0,6.0,3.0,17.0,3.0,1.0,3.0,3.0,4.0,0.0,2.0,1.0,8578.0,0.0,0.0,15.0,1.0,5.0,4.0,17.0,1.0,2.0,2.0,3.0,3.0,1.0,2.0,0.0,8493.0,1.0,2.0,15.0,0.0,6.0,1.0,9.0,3.0,0.0,2.0,2.0,2.0,0.0,0.0,0.0,8506.0,0.0,1.0,16.0,2.0,4.0,1.0,12.0,2.0,1.0,2.0,3.0,3.0,0.0,1.0,1.0,8551.0,1.0,1.0,11.0,1.0,3.0,3.0,40.0,5.0,3.0,2.0,6.0,4.0,2.0,2.0,2.0,8465.0,1.0,2.0,19.0,8.0,12.0,9.0,35.0,4.0,1.0,3.0,3.0,7.0,2.0,3.0,0.0,8495.0,0.0,3.0,17.0,0.0,6.0,5.0,75.0,7.0,3.0,3.0,7.0,6.0,3.0,4.0,4.0,8677.0,5.0,3.0,48.0,6.0,9.0,5.0,51.0,5.0,4.0,6.0,5.0,8.0,3.0,4.0,4.0,8499.0,1.0,3.0,32.0,6.0,12.0,8.0,vips
194.0,91.0,18.0,71.0,78.0,77.0,24.0,36.0,46.0,8787.0,6.0,16.0,38.0,62.0,82.0,85.0,50.0,3.0,4.0,7.0,4.0,6.0,3.0,5.0,5.0,8535.0,3.0,4.0,5.0,5.0,6.0,4.0,16.0,3.0,0.0,1.0,2.0,4.0,1.0,3.0,2.0,8499.0,1.0,0.0,1.0,2.0,3.0,2.0,42.0,3.0,4.0,5.0,3.0,6.0,4.0,2.0,3.0,9116.0,2.0,1.0,2.0,6.0,3.0,1.0,47.0,3.0,2.0,5.0,3.0,4.0,1.0,4.0,1.0,8600.0,1.0,3.0,3.0,3.0,5.0,5.0,47.0,5.0,1.0,4.0,4.0,3.0,3.0,3.0,5.0,8971.0,1.0,2.0,5.0,5.0,1.0,4.0,17.0,3.0,1.0,2.0,3.0,2.0,0.0,2.0,1.0,9152.0,1.0,0.0,1.0,2.0,3.0,4.0,25.0,6.0,2.0,2.0,1.0,2.0,3.0,1.0,2.0,9317.0,2.0,1.0,1.0,2.0,2.0,4.0,25.0,3.0,1.0,2.0,5.0,4.0,3.0,2.0,3.0,9159.0,1.0,2.0,0.0,3.0,3.0,3.0,11.0,3.0,0.0,2.0,1.0,2.0,0.0,0.0,3.0,9123.0,0.0,0.0,2.0,1.0,0.0,0.0,6.0,2.0,1.0,1.0,1.0,2.0,1.0,2.0,2.0,8750.0,0.0,0.0,1.0,2.0,4.0,3.0,13.0,3.0,0.0,2.0,1.0,3.0,1.0,1.0,3.0,8533.0,1.0,0.0,0.0,2.0,3.0,3.0,30.0,5.0,2.0,5.0,10.0,9.0,3.0,4.0,5.0,8471.0,5.0,6.0,3.0,2.0,13.0,7.0,36.0,3.0,2.0,3.0,6.0,4.0,3.0,2.0,4.0,8484.0,3.0,1.0,1.0,6.0,6.0,3.0,48.0,7.0,3.0,5.0,6.0,6.0,5.0,5.0,5.0,8718.0,4.0,3.0,6.0,5.0,5.0,8.0,50.0,5.0,1.0,4.0,5.0,5.0,3.0,4.0,5.0,8485.0,4.0,3.0,3.0,2.0,8.0,2.0,vips
193.0,85.0,21.0,86.0,83.0,71.0,18.0,32.0,44.0,8763.0,7.0,16.0,56.0,73.0,69.0,49.0,49.0,5.0,4.0,3.0,5.0,5.0,4.0,3.0,4.0,8511.0,3.0,3.0,5.0,5.0,6.0,7.0,16.0,2.0,1.0,2.0,4.0,0.0,1.0,1.0,1.0,8499.0,0.0,0.0,3.0,1.0,3.0,3.0,50.0,6.0,1.0,3.0,5.0,3.0,2.0,4.0,2.0,9317.0,1.0,3.0,5.0,3.0,6.0,6.0,48.0,5.0,3.0,5.0,4.0,5.0,4.0,4.0,6.0,8588.0,4.0,2.0,3.0,7.0,5.0,5.0,42.0,3.0,3.0,5.0,4.0,4.0,2.0,3.0,2.0,8636.0,4.0,3.0,2.0,4.0,7.0,4.0,14.0,2.0,1.0,3.0,3.0,0.0,1.0,1.0,1.0,8518.0,0.0,1.0,3.0,3.0,2.0,2.0,21.0,1.0,2.0,5.0,5.0,4.0,0.0,2.0,4.0,8678.0,0.0,1.0,2.0,3.0,4.0,3.0,26.0,4.0,2.0,4.0,2.0,4.0,1.0,2.0,1.0,8499.0,1.0,2.0,3.0,5.0,3.0,3.0,26.0,1.0,1.0,2.0,4.0,1.0,2.0,3.0,1.0,8505.0,1.0,2.0,0.0,3.0,4.0,2.0,10.0,2.0,0.0,3.0,4.0,2.0,0.0,0.0,1.0,8906.0,0.0,0.0,1.0,1.0,2.0,1.0,14.0,2.0,0.0,3.0,5.0,2.0,0.0,0.0,1.0,9265.0,0.0,1.0,2.0,2.0,2.0,1.0,36.0,3.0,1.0,4.0,6.0,3.0,2.0,3.0,3.0,9120.0,1.0,1.0,4.0,5.0,8.0,5.0,43.0,6.0,3.0,5.0,5.0,5.0,1.0,3.0,1.0,9166.0,1.0,3.0,4.0,4.0,3.0,4.0,41.0,3.0,4.0,8.0,7.0,5.0,3.0,3.0,4.0,9338.0,4.0,4.0,5.0,6.0,7.0,3.0,29.0,3.0,4.0,4.0,6.0,4.0,3.0,3.0,2.0,8549.0,1.0,2.0,4.0,5.0,2.0,4.0,vips
261.0,105.0,31.0,89.0,118.0,99.0,43.0,43.0,47.0,8838.0,43.0,46.0,71.0,54.0,145.0,106.0,53.0,5.0,2.0,6.0,9.0,6.0,4.0,6.0,5.0,9193.0,18.0,12.0,3.0,4.0,7.0,4.0,20.0,3.0,1.0,4.0,4.0,3.0,1.0,2.0,1.0,9182.0,14.0,10.0,2.0,3.0,4.0,5.0,49.0,3.0,3.0,4.0,6.0,5.0,4.0,2.0,4.0,9411.0,21.0,14.0,3.0,3.0,6.0,4.0,64.0,6.0,3.0,3.0,8.0,4.0,3.0,2.0,2.0,8589.0,33.0,35.0,6.0,3.0,8.0,5.0,51.0,6.0,2.0,2.0,6.0,5.0,2.0,4.0,3.0,8669.0,16.0,16.0,4.0,3.0,7.0,6.0,21.0,3.0,2.0,3.0,5.0,6.0,1.0,1.0,2.0,8571.0,21.0,13.0,2.0,2.0,6.0,4.0,27.0,3.0,0.0,2.0,4.0,2.0,2.0,1.0,2.0,8697.0,14.0,12.0,3.0,2.0,5.0,5.0,26.0,2.0,1.0,3.0,6.0,2.0,1.0,1.0,3.0,8515.0,15.0,9.0,4.0,0.0,5.0,5.0,14.0,2.0,1.0,2.0,3.0,6.0,1.0,0.0,1.0,8525.0,18.0,11.0,2.0,0.0,4.0,3.0,19.0,4.0,2.0,1.0,4.0,2.0,1.0,1.0,1.0,8538.0,11.0,34.0,3.0,3.0,18.0,10.0,15.0,3.0,0.0,2.0,4.0,4.0,1.0,1.0,0.0,8619.0,6.0,9.0,5.0,2.0,8.0,7.0,44.0,4.0,3.0,3.0,5.0,3.0,2.0,1.0,3.0,8497.0,36.0,30.0,1.0,3.0,16.0,5.0,30.0,2.0,0.0,2.0,6.0,2.0,3.0,3.0,5.0,8552.0,13.0,8.0,3.0,4.0,3.0,5.0,81.0,6.0,3.0,3.0,8.0,8.0,4.0,6.0,4.0,8742.0,54.0,47.0,4.0,3.0,10.0,7.0,60.0,7.0,2.0,5.0,5.0,4.0,3.0,3.0,4.0,9163.0,32.0,31.0,5.0,5.0,7.0,6.0,vips
5776.0,418.0,194.0,224.0,243.0,235.0,183.0,209.0,207.0,1694.0,178.0,192.0,185.0,214.0,213.0,226.0,41.0,84.0,20.0,14.0,41.0,10.0,10.0,4.0,6.0,1111.0,5.0,6.0,15.0,8.0,10.0,20.0,16.0,156.0,2.0,4.0,22.0,1.0,2.0,2.0,1.0,927.0,2.0,2.0,3.0,2.0,4.0,11.0,27.0,137.0,4.0,1.0,25.0,3.0,3.0,4.0,4.0,854.0,2.0,2.0,1.0,3.0,2.0,8.0,28.0,184.0,3.0,5.0,30.0,6.0,3.0,4.0,3.0,904.0,2.0,2.0,4.0,5.0,3.0,17.0,38.0,211.0,3.0,1.0,27.0,5.0,4.0,2.0,3.0,969.0,3.0,3.0,0.0,3.0,3.0,10.0,14.0,138.0,2.0,2.0,24.0,3.0,1.0,6.0,1.0,775.0,3.0,1.0,1.0,1.0,3.0,10.0,28.0,115.0,3.0,3.0,24.0,4.0,1.0,3.0,3.0,732.0,5.0,1.0,2.0,3.0,5.0,11.0,19.0,116.0,3.0,5.0,29.0,2.0,2.0,3.0,3.0,695.0,3.0,2.0,0.0,3.0,2.0,11.0,32.0,383.0,12.0,9.0,49.0,20.0,5.0,5.0,3.0,731.0,6.0,3.0,13.0,6.0,9.0,11.0,12.0,62.0,0.0,4.0,33.0,5.0,3.0,3.0,3.0,799.0,5.0,5.0,0.0,4.0,4.0,10.0,15.0,81.0,2.0,2.0,26.0,1.0,2.0,7.0,2.0,715.0,4.0,1.0,1.0,4.0,3.0,12.0,13.0,108.0,0.0,1.0,30.0,2.0,2.0,4.0,1.0,766.0,1.0,2.0,1.0,2.0,1.0,8.0,30.0,68.0,1.0,2.0,36.0,3.0,2.0,4.0,3.0,798.0,4.0,3.0,1.0,4.0,4.0,9.0,29.0,66.0,4.0,6.0,33.0,3.0,2.0,4.0,3.0,828.0,5.0,3.0,1.0,4.0,5.0,10.0,28.0,60.0,2.0,3.0,49.0,3.0,5.0,3.0,3.0,819.0,5.0,4.0,0.0,5.0,3.0,8.0,vips
214.0,85.0,12.0,74.0,89.0,93.0,20.0,51.0,39.0,8761.0,15.0,26.0,51.0,65.0,77.0,58.0,51.0,3.0,6.0,6.0,6.0,6.0,3.0,3.0,3.0,8519.0,4.0,4.0,6.0,7.0,6.0,6.0,13.0,2.0,0.0,1.0,3.0,3.0,2.0,0.0,1.0,8516.0,1.0,0.0,0.0,1.0,1.0,1.0,43.0,3.0,3.0,3.0,4.0,3.0,2.0,4.0,3.0,9606.0,1.0,1.0,3.0,4.0,4.0,1.0,50.0,5.0,4.0,7.0,4.0,6.0,4.0,3.0,5.0,9258.0,4.0,5.0,4.0,7.0,5.0,5.0,52.0,2.0,2.0,6.0,4.0,4.0,4.0,3.0,3.0,9406.0,4.0,3.0,4.0,5.0,4.0,3.0,16.0,3.0,0.0,2.0,2.0,1.0,0.0,3.0,1.0,9191.0,1.0,1.0,3.0,1.0,1.0,1.0,31.0,5.0,2.0,3.0,2.0,4.0,1.0,4.0,3.0,9374.0,1.0,2.0,2.0,4.0,2.0,2.0,20.0,5.0,1.0,3.0,3.0,2.0,1.0,3.0,1.0,8519.0,0.0,2.0,1.0,3.0,3.0,1.0,19.0,3.0,1.0,3.0,3.0,1.0,1.0,2.0,3.0,8491.0,0.0,0.0,1.0,3.0,1.0,0.0,10.0,1.0,0.0,3.0,5.0,5.0,2.0,2.0,0.0,8493.0,0.0,1.0,4.0,2.0,6.0,3.0,17.0,3.0,1.0,4.0,8.0,4.0,1.0,3.0,3.0,8580.0,3.0,1.0,6.0,2.0,7.0,5.0,32.0,4.0,1.0,3.0,4.0,4.0,3.0,4.0,1.0,8464.0,1.0,3.0,4.0,4.0,2.0,4.0,40.0,4.0,3.0,5.0,2.0,6.0,2.0,3.0,1.0,8512.0,1.0,2.0,6.0,6.0,5.0,3.0,45.0,4.0,5.0,8.0,5.0,6.0,4.0,5.0,5.0,8745.0,4.0,5.0,6.0,7.0,4.0,6.0,34.0,3.0,3.0,2.0,3.0,5.0,2.0,3.0,4.0,8498.0,2.0,3.0,4.0,1.0,4.0,4.0,vips
213.0,76.0,21.0,79.0,98.0,91.0,22.0,48.0,41.0,8746.0,6.0,20.0,54.0,87.0,92.0,85.0,42.0,5.0,4.0,3.0,6.0,3.0,5.0,4.0,5.0,8509.0,2.0,4.0,4.0,3.0,5.0,7.0,15.0,2.0,1.0,3.0,2.0,1.0,0.0,3.0,2.0,8533.0,1.0,1.0,3.0,4.0,4.0,4.0,45.0,5.0,1.0,4.0,7.0,5.0,1.0,2.0,4.0,9222.0,2.0,4.0,4.0,4.0,4.0,7.0,55.0,5.0,2.0,4.0,6.0,4.0,3.0,4.0,3.0,8717.0,3.0,4.0,4.0,4.0,7.0,5.0,52.0,7.0,3.0,3.0,6.0,6.0,2.0,5.0,3.0,8801.0,1.0,3.0,3.0,4.0,9.0,5.0,14.0,3.0,1.0,3.0,5.0,2.0,0.0,1.0,2.0,8597.0,0.0,0.0,1.0,5.0,5.0,3.0,29.0,2.0,2.0,3.0,5.0,4.0,2.0,1.0,1.0,8717.0,1.0,1.0,2.0,4.0,5.0,4.0,27.0,1.0,1.0,3.0,4.0,4.0,3.0,2.0,2.0,9183.0,1.0,2.0,3.0,3.0,4.0,2.0,15.0,1.0,1.0,1.0,4.0,4.0,1.0,1.0,0.0,9171.0,0.0,2.0,0.0,1.0,1.0,2.0,9.0,1.0,1.0,2.0,5.0,1.0,0.0,1.0,1.0,9184.0,0.0,0.0,2.0,2.0,4.0,3.0,19.0,2.0,1.0,3.0,7.0,4.0,1.0,1.0,1.0,9288.0,1.0,2.0,1.0,3.0,5.0,4.0,33.0,3.0,1.0,4.0,5.0,5.0,1.0,2.0,3.0,8891.0,1.0,1.0,2.0,3.0,6.0,6.0,47.0,5.0,2.0,4.0,8.0,4.0,3.0,5.0,2.0,8514.0,3.0,4.0,2.0,5.0,5.0,5.0,54.0,4.0,3.0,3.0,8.0,7.0,4.0,4.0,4.0,8693.0,5.0,6.0,6.0,6.0,7.0,7.0,48.0,4.0,3.0,5.0,7.0,5.0,4.0,4.0,2.0,8521.0,2.0,3.0,5.0,7.0,6.0,6.0,vips
174.0,84.0,13.0,82.0,82.0,92.0,23.0,64.0,42.0,9485.0,4.0,15.0,64.0,88.0,69.0,78.0,49.0,4.0,3.0,7.0,6.0,8.0,2.0,6.0,3.0,8931.0,2.0,3.0,5.0,8.0,5.0,3.0,13.0,3.0,1.0,3.0,2.0,5.0,1.0,2.0,1.0,8511.0,0.0,1.0,2.0,2.0,2.0,3.0,47.0,3.0,2.0,5.0,3.0,4.0,4.0,4.0,3.0,9108.0,2.0,2.0,4.0,6.0,3.0,4.0,50.0,6.0,3.0,4.0,3.0,5.0,3.0,4.0,4.0,8643.0,2.0,3.0,5.0,6.0,5.0,5.0,53.0,3.0,1.0,5.0,4.0,3.0,4.0,3.0,4.0,8741.0,2.0,3.0,4.0,6.0,3.0,5.0,19.0,1.0,0.0,3.0,2.0,4.0,1.0,2.0,1.0,8574.0,1.0,1.0,2.0,0.0,3.0,4.0,38.0,4.0,1.0,4.0,2.0,4.0,2.0,3.0,4.0,8734.0,1.0,2.0,3.0,3.0,4.0,3.0,23.0,4.0,2.0,4.0,4.0,3.0,1.0,3.0,2.0,8503.0,0.0,1.0,3.0,3.0,3.0,4.0,19.0,3.0,1.0,3.0,3.0,2.0,1.0,3.0,2.0,8505.0,1.0,0.0,1.0,3.0,1.0,0.0,10.0,3.0,0.0,2.0,3.0,4.0,1.0,2.0,2.0,8522.0,0.0,0.0,1.0,2.0,2.0,1.0,14.0,2.0,1.0,2.0,3.0,1.0,0.0,2.0,3.0,8615.0,0.0,0.0,3.0,2.0,3.0,3.0,39.0,4.0,3.0,4.0,4.0,3.0,2.0,1.0,3.0,8737.0,2.0,3.0,4.0,6.0,3.0,3.0,54.0,4.0,3.0,4.0,4.0,6.0,2.0,3.0,5.0,9148.0,2.0,1.0,5.0,3.0,5.0,3.0,41.0,5.0,4.0,7.0,5.0,7.0,5.0,6.0,5.0,9335.0,2.0,2.0,4.0,6.0,5.0,7.0,47.0,5.0,2.0,6.0,4.0,4.0,2.0,4.0,2.0,9169.0,2.0,4.0,4.0,3.0,5.0,4.0,vips
195.0,100.0,38.0,120.0,107.0,98.0,20.0,89.0,52.0,8805.0,11.0,24.0,56.0,126.0,162.0,84.0,57.0,4.0,5.0,4.0,7.0,4.0,6.0,19.0,5.0,8770.0,4.0,5.0,6.0,13.0,17.0,7.0,25.0,3.0,2.0,4.0,6.0,2.0,1.0,15.0,2.0,9162.0,0.0,2.0,1.0,14.0,13.0,4.0,67.0,6.0,4.0,4.0,6.0,5.0,3.0,22.0,5.0,9755.0,3.0,3.0,6.0,15.0,18.0,5.0,59.0,3.0,2.0,8.0,6.0,6.0,3.0,27.0,3.0,9301.0,3.0,3.0,3.0,25.0,32.0,6.0,56.0,5.0,4.0,5.0,7.0,5.0,2.0,17.0,3.0,9393.0,3.0,1.0,6.0,17.0,17.0,6.0,16.0,4.0,2.0,3.0,5.0,3.0,1.0,18.0,2.0,8795.0,0.0,1.0,4.0,17.0,16.0,2.0,41.0,5.0,3.0,4.0,10.0,4.0,2.0,14.0,5.0,8797.0,2.0,2.0,6.0,38.0,38.0,8.0,30.0,3.0,1.0,4.0,4.0,4.0,2.0,18.0,2.0,8518.0,2.0,2.0,3.0,13.0,13.0,4.0,18.0,1.0,0.0,2.0,3.0,3.0,0.0,11.0,1.0,8523.0,1.0,1.0,2.0,18.0,15.0,2.0,10.0,2.0,1.0,3.0,4.0,1.0,0.0,14.0,0.0,8517.0,0.0,1.0,2.0,16.0,22.0,4.0,20.0,4.0,1.0,3.0,4.0,4.0,0.0,13.0,1.0,8575.0,1.0,0.0,2.0,14.0,19.0,3.0,33.0,5.0,1.0,5.0,5.0,5.0,1.0,33.0,1.0,8468.0,1.0,1.0,3.0,27.0,31.0,5.0,57.0,5.0,3.0,6.0,9.0,5.0,2.0,14.0,3.0,8512.0,2.0,5.0,9.0,15.0,42.0,10.0,74.0,5.0,3.0,6.0,11.0,6.0,4.0,55.0,4.0,8752.0,3.0,6.0,8.0,38.0,54.0,13.0,46.0,3.0,6.0,6.0,6.0,6.0,3.0,35.0,5.0,8516.0,3.0,2.0,3.0,31.0,40.0,8.0,vips
193.0,94.0,16.0,80.0,89.0,72.0,15.0,38.0,36.0,8787.0,5.0,19.0,44.0,97.0,103.0,85.0,53.0,5.0,4.0,5.0,5.0,8.0,2.0,4.0,4.0,8536.0,3.0,4.0,5.0,7.0,9.0,7.0,12.0,2.0,1.0,3.0,3.0,2.0,0.0,1.0,2.0,8528.0,1.0,0.0,3.0,2.0,2.0,3.0,46.0,4.0,2.0,3.0,5.0,4.0,4.0,2.0,2.0,9320.0,2.0,3.0,3.0,6.0,4.0,7.0,53.0,6.0,4.0,6.0,4.0,7.0,3.0,6.0,5.0,8603.0,4.0,2.0,5.0,6.0,6.0,4.0,39.0,5.0,3.0,3.0,4.0,2.0,2.0,2.0,4.0,8740.0,2.0,4.0,4.0,2.0,6.0,4.0,11.0,3.0,1.0,2.0,1.0,3.0,1.0,0.0,2.0,9079.0,0.0,0.0,0.0,2.0,3.0,2.0,26.0,3.0,1.0,3.0,12.0,2.0,1.0,2.0,3.0,9421.0,0.0,1.0,3.0,3.0,6.0,6.0,21.0,4.0,0.0,4.0,3.0,2.0,1.0,2.0,2.0,9173.0,1.0,1.0,1.0,2.0,5.0,4.0,16.0,2.0,1.0,2.0,2.0,3.0,2.0,0.0,2.0,9163.0,0.0,1.0,1.0,2.0,2.0,2.0,5.0,1.0,0.0,2.0,3.0,2.0,0.0,1.0,1.0,9160.0,0.0,0.0,1.0,2.0,3.0,3.0,12.0,2.0,1.0,2.0,3.0,2.0,1.0,0.0,1.0,8621.0,0.0,0.0,4.0,2.0,4.0,3.0,29.0,3.0,2.0,4.0,3.0,4.0,2.0,2.0,2.0,8493.0,1.0,3.0,2.0,5.0,6.0,5.0,61.0,5.0,5.0,5.0,14.0,4.0,4.0,2.0,4.0,8507.0,3.0,2.0,9.0,3.0,13.0,13.0,65.0,6.0,5.0,6.0,15.0,5.0,4.0,5.0,8.0,8696.0,3.0,4.0,12.0,8.0,15.0,15.0,48.0,6.0,2.0,5.0,6.0,4.0,2.0,6.0,4.0,8536.0,4.0,3.0,4.0,6.0,6.0,6.0,vips
160.0,109.0,16.0,71.0,95.0,100.0,24.0,41.0,43.0,8849.0,3.0,25.0,60.0,73.0,92.0,90.0,61.0,5.0,4.0,7.0,8.0,4.0,6.0,4.0,4.0,8505.0,5.0,3.0,6.0,5.0,5.0,5.0,15.0,3.0,0.0,3.0,3.0,5.0,2.0,2.0,0.0,8509.0,1.0,1.0,1.0,2.0,5.0,2.0,41.0,4.0,2.0,4.0,6.0,4.0,1.0,4.0,4.0,9074.0,1.0,2.0,3.0,3.0,5.0,4.0,52.0,5.0,3.0,4.0,6.0,4.0,3.0,3.0,2.0,8556.0,2.0,5.0,5.0,5.0,7.0,6.0,58.0,5.0,2.0,3.0,7.0,3.0,3.0,5.0,2.0,8706.0,3.0,1.0,4.0,6.0,6.0,6.0,19.0,3.0,1.0,2.0,3.0,1.0,1.0,2.0,3.0,8536.0,1.0,2.0,3.0,3.0,3.0,5.0,27.0,3.0,3.0,3.0,7.0,3.0,2.0,1.0,1.0,8782.0,2.0,3.0,2.0,4.0,8.0,4.0,24.0,3.0,3.0,2.0,4.0,4.0,3.0,2.0,1.0,8548.0,0.0,1.0,3.0,3.0,2.0,3.0,20.0,2.0,1.0,2.0,4.0,2.0,1.0,3.0,1.0,8521.0,2.0,1.0,1.0,2.0,1.0,2.0,5.0,4.0,1.0,1.0,3.0,3.0,1.0,1.0,1.0,8562.0,0.0,1.0,2.0,1.0,1.0,3.0,17.0,5.0,0.0,3.0,4.0,3.0,2.0,3.0,2.0,9252.0,0.0,2.0,1.0,3.0,4.0,5.0,33.0,6.0,2.0,2.0,5.0,4.0,3.0,2.0,2.0,9143.0,2.0,2.0,3.0,3.0,4.0,4.0,42.0,5.0,1.0,3.0,8.0,4.0,1.0,5.0,4.0,9147.0,1.0,2.0,5.0,5.0,5.0,3.0,53.0,7.0,4.0,7.0,10.0,10.0,6.0,6.0,5.0,9331.0,3.0,5.0,6.0,5.0,7.0,8.0,52.0,6.0,3.0,6.0,4.0,6.0,4.0,3.0,4.0,9169.0,1.0,4.0,5.0,3.0,6.0,4.0,vips
1230.0,849.0,753.0,903.0,774.0,802.0,711.0,736.0,811.0,6855.0,705.0,843.0,807.0,2397.0,1705.0,1036.0,149.0,11.0,10.0,40.0,5.0,7.0,4.0,6.0,43.0,4847.0,3.0,58.0,33.0,805.0,406.0,37.0,88.0,4.0,2.0,38.0,2.0,3.0,2.0,2.0,37.0,4763.0,1.0,51.0,37.0,814.0,445.0,41.0,137.0,7.0,5.0,39.0,3.0,6.0,3.0,5.0,46.0,4748.0,3.0,55.0,32.0,911.0,469.0,49.0,113.0,8.0,4.0,44.0,7.0,8.0,3.0,3.0,39.0,4703.0,3.0,76.0,33.0,1123.0,653.0,54.0,136.0,4.0,5.0,47.0,5.0,7.0,3.0,2.0,47.0,4751.0,4.0,71.0,37.0,1016.0,595.0,55.0,69.0,5.0,2.0,40.0,4.0,7.0,1.0,1.0,36.0,4552.0,1.0,49.0,32.0,772.0,419.0,40.0,87.0,4.0,6.0,43.0,5.0,6.0,4.0,2.0,39.0,4455.0,4.0,50.0,37.0,751.0,455.0,47.0,104.0,5.0,0.0,56.0,4.0,6.0,1.0,2.0,50.0,4468.0,1.0,71.0,55.0,816.0,455.0,65.0,199.0,68.0,42.0,123.0,63.0,52.0,29.0,42.0,134.0,4270.0,28.0,249.0,152.0,1226.0,693.0,172.0,71.0,6.0,4.0,39.0,4.0,7.0,4.0,2.0,37.0,4843.0,0.0,62.0,41.0,856.0,522.0,58.0,81.0,7.0,3.0,45.0,7.0,9.0,4.0,8.0,38.0,4215.0,4.0,59.0,57.0,718.0,452.0,47.0,93.0,6.0,3.0,47.0,5.0,8.0,2.0,3.0,42.0,4355.0,1.0,77.0,43.0,708.0,416.0,56.0,147.0,25.0,23.0,57.0,32.0,24.0,11.0,18.0,71.0,4805.0,13.0,72.0,62.0,803.0,733.0,69.0,146.0,22.0,13.0,55.0,31.0,21.0,9.0,15.0,62.0,4598.0,21.0,66.0,53.0,1003.0,502.0,76.0,209.0,7.0,9.0,58.0,9.0,14.0,5.0,7.0,52.0,4617.0,5.0,75.0,46.0,919.0,576.0,65.0,vips
5141.0,2251.0,2241.0,2311.0,2287.0,2357.0,2090.0,4909.0,2033.0,5635.0,3808.0,3090.0,2585.0,5880.0,5295.0,5267.0,647.0,68.0,77.0,47.0,75.0,83.0,57.0,1342.0,36.0,3215.0,730.0,564.0,298.0,2138.0,1655.0,1434.0,573.0,82.0,58.0,31.0,95.0,82.0,47.0,1514.0,32.0,3282.0,965.0,648.0,369.0,2200.0,1898.0,1874.0,650.0,72.0,91.0,45.0,77.0,81.0,50.0,1543.0,41.0,2789.0,951.0,643.0,397.0,2281.0,1977.0,1664.0,649.0,91.0,88.0,72.0,94.0,106.0,60.0,2148.0,75.0,3050.0,1283.0,880.0,488.0,2498.0,2339.0,2200.0,657.0,86.0,85.0,65.0,91.0,93.0,57.0,2114.0,69.0,3225.0,1285.0,807.0,458.0,2416.0,2197.0,2254.0,510.0,70.0,62.0,44.0,76.0,82.0,48.0,1408.0,41.0,2803.0,996.0,598.0,328.0,2044.0,1635.0,1553.0,565.0,127.0,116.0,101.0,206.0,152.0,60.0,1411.0,85.0,2795.0,1265.0,720.0,418.0,2091.0,1952.0,1937.0,528.0,82.0,85.0,49.0,96.0,95.0,81.0,1582.0,34.0,2832.0,965.0,629.0,385.0,2211.0,1875.0,1815.0,641.0,236.0,220.0,168.0,304.0,280.0,204.0,1696.0,160.0,2402.0,1161.0,779.0,540.0,2310.0,2116.0,2005.0,511.0,84.0,88.0,52.0,154.0,155.0,75.0,1644.0,56.0,3258.0,879.0,722.0,417.0,2396.0,2090.0,1848.0,476.0,76.0,53.0,41.0,98.0,92.0,41.0,1386.0,35.0,2395.0,951.0,555.0,336.0,2111.0,1905.0,1812.0,522.0,66.0,77.0,49.0,100.0,95.0,60.0,1438.0,58.0,2612.0,965.0,570.0,318.0,2004.0,1658.0,1739.0,565.0,246.0,116.0,76.0,177.0,140.0,96.0,1880.0,100.0,3039.0,1131.0,722.0,423.0,2127.0,2491.0,2326.0,565.0,118.0,124.0,46.0,151.0,146.0,51.0,1637.0,100.0,2974.0,1021.0,574.0,357.0,2622.0,2100.0,2005.0,689.0,118.0,115.0,56.0,183.0,147.0,67.0,2055.0,89.0,3278.0,1122.0,811.0,458.0,2715.0,2467.0,1890.0,vips
6642.0,3481.0,5332.0,5943.0,6572.0,3641.0,3307.0,5479.0,3327.0,3252.0,6627.0,5973.0,6016.0,5838.0,6092.0,5862.0,2152.0,35.0,808.0,1072.0,1385.0,75.0,28.0,1012.0,43.0,46.0,1371.0,1327.0,1083.0,1156.0,1391.0,1244.0,2440.0,75.0,1081.0,1469.0,2042.0,144.0,32.0,1376.0,58.0,53.0,1902.0,1704.0,1855.0,1639.0,1852.0,1796.0,2408.0,74.0,1309.0,1291.0,1851.0,168.0,36.0,1248.0,111.0,52.0,1792.0,1712.0,1555.0,1496.0,1710.0,1783.0,2790.0,104.0,1621.0,1942.0,2130.0,197.0,74.0,1710.0,91.0,64.0,2574.0,2140.0,2131.0,1976.0,2211.0,1931.0,2560.0,35.0,1285.0,1576.0,1985.0,87.0,31.0,1640.0,46.0,39.0,2210.0,1710.0,1739.0,1495.0,1805.0,1869.0,2123.0,18.0,823.0,1197.0,1442.0,88.0,19.0,981.0,36.0,33.0,1626.0,1239.0,1229.0,1264.0,1410.0,1389.0,2135.0,77.0,853.0,1254.0,1609.0,180.0,28.0,936.0,62.0,50.0,1682.0,1340.0,1334.0,1129.0,1557.0,1319.0,2279.0,21.0,1101.0,1376.0,1692.0,77.0,39.0,1255.0,22.0,37.0,1689.0,1470.0,1520.0,1444.0,1599.0,1705.0,2170.0,113.0,877.0,1191.0,1404.0,173.0,108.0,1101.0,114.0,126.0,1446.0,1222.0,1278.0,1231.0,1390.0,1423.0,2257.0,96.0,1114.0,1387.0,2066.0,237.0,74.0,1471.0,66.0,67.0,1648.0,1495.0,1590.0,1668.0,1924.0,1769.0,2262.0,77.0,1018.0,1284.0,1795.0,135.0,22.0,1439.0,51.0,37.0,1804.0,1285.0,1539.0,1574.0,1840.0,1628.0,2230.0,78.0,1059.0,1421.0,1824.0,174.0,22.0,1310.0,94.0,46.0,1879.0,1451.0,1353.0,1328.0,1667.0,1641.0,2458.0,113.0,1089.0,1590.0,1957.0,172.0,60.0,1246.0,102.0,105.0,1916.0,1605.0,1703.0,1310.0,1969.0,1752.0,2271.0,81.0,1232.0,1393.0,1825.0,177.0,30.0,1299.0,69.0,59.0,1951.0,1523.0,1604.0,1551.0,1828.0,1733.0,2510.0,84.0,1285.0,1663.0,1897.0,195.0,26.0,1372.0,42.0,85.0,2006.0,1641.0,1605.0,1519.0,1962.0,1644.0,vips
4686.0,1806.0,3202.0,2660.0,2521.0,3019.0,1591.0,2712.0,2000.0,1610.0,3321.0,2490.0,2378.0,2502.0,2432.0,2757.0,1722.0,17.0,645.0,355.0,301.0,495.0,22.0,554.0,202.0,13.0,842.0,569.0,342.0,418.0,402.0,415.0,2071.0,42.0,728.0,545.0,528.0,737.0,18.0,740.0,270.0,10.0,1078.0,680.0,570.0,601.0,566.0,643.0,1971.0,51.0,862.0,439.0,438.0,653.0,17.0,758.0,271.0,24.0,1094.0,638.0,410.0,481.0,449.0,678.0,2316.0,31.0,997.0,637.0,497.0,806.0,21.0,884.0,309.0,14.0,1200.0,651.0,533.0,569.0,571.0,738.0,2202.0,53.0,986.0,523.0,507.0,784.0,27.0,843.0,273.0,12.0,1484.0,696.0,486.0,585.0,531.0,744.0,1665.0,9.0,675.0,360.0,336.0,562.0,7.0,637.0,181.0,8.0,1001.0,454.0,309.0,407.0,337.0,443.0,1812.0,40.0,714.0,453.0,375.0,565.0,21.0,573.0,236.0,19.0,1120.0,546.0,316.0,397.0,434.0,511.0,1924.0,19.0,782.0,497.0,441.0,650.0,15.0,713.0,204.0,12.0,1128.0,677.0,414.0,555.0,451.0,672.0,1684.0,42.0,606.0,395.0,350.0,514.0,48.0,627.0,217.0,62.0,916.0,524.0,374.0,436.0,402.0,472.0,1896.0,36.0,730.0,561.0,576.0,683.0,31.0,736.0,253.0,14.0,979.0,662.0,494.0,562.0,561.0,597.0,1739.0,28.0,668.0,467.0,520.0,572.0,11.0,629.0,204.0,12.0,1005.0,534.0,488.0,560.0,561.0,514.0,1760.0,34.0,688.0,493.0,402.0,570.0,9.0,648.0,291.0,10.0,1017.0,517.0,336.0,440.0,418.0,550.0,1854.0,50.0,769.0,498.0,386.0,650.0,20.0,727.0,277.0,35.0,971.0,453.0,425.0,481.0,463.0,607.0,1843.0,39.0,774.0,455.0,400.0,593.0,15.0,697.0,324.0,14.0,1114.0,556.0,363.0,499.0,488.0,575.0,2093.0,50.0,903.0,626.0,509.0,760.0,15.0,782.0,296.0,29.0,1174.0,600.0,493.0,551.0,538.0,569.0,vips
313.0,231.0,198.0,191.0,196.0,209.0,175.0,181.0,185.0,947.0,169.0,167.0,190.0,192.0,224.0,226.0,48.0,3.0,17.0,6.0,8.0,8.0,2.0,3.0,5.0,323.0,2.0,4.0,5.0,6.0,7.0,6.0,19.0,3.0,9.0,3.0,7.0,7.0,2.0,2.0,1.0,325.0,3.0,4.0,9.0,5.0,7.0,11.0,27.0,2.0,17.0,6.0,8.0,2.0,5.0,4.0,2.0,303.0,5.0,4.0,4.0,5.0,4.0,7.0,37.0,2.0,27.0,1.0,7.0,0.0,2.0,4.0,1.0,315.0,3.0,1.0,3.0,1.0,5.0,5.0,40.0,3.0,17.0,8.0,6.0,2.0,5.0,4.0,3.0,304.0,3.0,3.0,8.0,6.0,5.0,5.0,15.0,2.0,14.0,1.0,1.0,0.0,1.0,3.0,2.0,304.0,1.0,1.0,2.0,1.0,1.0,3.0,18.0,7.0,12.0,3.0,4.0,3.0,1.0,4.0,6.0,305.0,3.0,3.0,4.0,2.0,3.0,3.0,24.0,1.0,12.0,1.0,11.0,2.0,1.0,2.0,2.0,302.0,2.0,2.0,2.0,1.0,4.0,4.0,24.0,0.0,14.0,1.0,13.0,4.0,3.0,2.0,0.0,307.0,4.0,3.0,2.0,1.0,3.0,2.0,13.0,5.0,14.0,3.0,4.0,3.0,1.0,4.0,2.0,317.0,2.0,4.0,6.0,2.0,5.0,5.0,17.0,4.0,10.0,2.0,4.0,3.0,1.0,0.0,1.0,311.0,3.0,2.0,5.0,1.0,2.0,1.0,27.0,3.0,23.0,1.0,6.0,5.0,3.0,2.0,3.0,326.0,3.0,2.0,3.0,5.0,2.0,3.0,29.0,7.0,16.0,4.0,7.0,4.0,2.0,0.0,1.0,330.0,2.0,1.0,4.0,3.0,4.0,3.0,42.0,3.0,52.0,2.0,7.0,3.0,3.0,3.0,5.0,389.0,4.0,2.0,3.0,3.0,4.0,9.0,39.0,5.0,30.0,3.0,6.0,4.0,1.0,1.0,4.0,335.0,2.0,3.0,3.0,2.0,7.0,4.0,vips
5352.0,2401.0,3027.0,3094.0,3209.0,3642.0,3125.0,3250.0,3932.0,2060.0,4345.0,3211.0,3028.0,3695.0,3103.0,3070.0,1682.0,15.0,393.0,316.0,501.0,499.0,401.0,485.0,857.0,13.0,1096.0,634.0,508.0,942.0,366.0,375.0,1769.0,30.0,531.0,498.0,611.0,745.0,592.0,613.0,1215.0,9.0,1332.0,741.0,683.0,1156.0,531.0,612.0,1835.0,56.0,466.0,388.0,559.0,714.0,628.0,590.0,1093.0,14.0,1403.0,809.0,634.0,1040.0,459.0,491.0,2041.0,26.0,544.0,601.0,594.0,871.0,735.0,796.0,1505.0,5.0,1590.0,869.0,620.0,1110.0,555.0,583.0,2085.0,55.0,569.0,501.0,706.0,785.0,704.0,771.0,1421.0,14.0,1759.0,763.0,774.0,1187.0,582.0,613.0,1743.0,25.0,421.0,365.0,552.0,721.0,436.0,584.0,1001.0,10.0,1467.0,665.0,537.0,1155.0,406.0,476.0,1641.0,45.0,407.0,383.0,566.0,652.0,512.0,515.0,1080.0,20.0,1413.0,606.0,534.0,947.0,419.0,416.0,1789.0,51.0,520.0,461.0,684.0,855.0,634.0,820.0,1102.0,16.0,1694.0,778.0,782.0,1086.0,657.0,629.0,1600.0,58.0,383.0,363.0,484.0,490.0,391.0,491.0,937.0,59.0,1157.0,577.0,601.0,980.0,385.0,463.0,1745.0,62.0,583.0,576.0,755.0,701.0,687.0,631.0,1369.0,18.0,1176.0,703.0,712.0,1256.0,657.0,618.0,1618.0,36.0,545.0,571.0,563.0,521.0,467.0,543.0,1117.0,8.0,1170.0,584.0,552.0,1104.0,611.0,621.0,1619.0,26.0,419.0,391.0,515.0,633.0,528.0,562.0,1125.0,7.0,1292.0,582.0,534.0,1007.0,434.0,503.0,1840.0,44.0,479.0,388.0,497.0,741.0,554.0,639.0,1294.0,39.0,1397.0,739.0,516.0,1060.0,493.0,579.0,1755.0,38.0,502.0,444.0,565.0,646.0,565.0,614.0,1367.0,12.0,1494.0,640.0,639.0,1089.0,485.0,492.0,1820.0,29.0,574.0,478.0,574.0,765.0,645.0,601.0,1219.0,21.0,1327.0,773.0,579.0,1122.0,552.0,564.0,vips
9043.0,4237.0,5372.0,5456.0,5749.0,5883.0,5493.0,5087.0,6648.0,3590.0,6864.0,5366.0,5439.0,5662.0,6314.0,4998.0,2717.0,72.0,786.0,905.0,905.0,640.0,752.0,617.0,1497.0,26.0,1277.0,813.0,802.0,1225.0,1635.0,589.0,2892.0,165.0,1130.0,1083.0,1224.0,1015.0,1072.0,917.0,2028.0,31.0,1872.0,1136.0,1162.0,1462.0,1981.0,917.0,2780.0,122.0,1026.0,1005.0,1108.0,749.0,1112.0,714.0,1897.0,35.0,1740.0,1108.0,1101.0,1290.0,1854.0,671.0,3266.0,150.0,1239.0,1309.0,1316.0,1115.0,1538.0,1046.0,2443.0,32.0,2262.0,1518.0,1318.0,1559.0,2047.0,903.0,3194.0,177.0,1204.0,1190.0,1334.0,967.0,1327.0,1000.0,2398.0,26.0,2241.0,1252.0,1178.0,1540.0,2192.0,894.0,2605.0,148.0,779.0,920.0,1079.0,844.0,936.0,709.0,1826.0,26.0,1652.0,1054.0,1158.0,1293.0,1800.0,661.0,2551.0,140.0,740.0,867.0,955.0,682.0,915.0,610.0,1588.0,38.0,1523.0,927.0,819.0,1168.0,1805.0,579.0,2786.0,172.0,1056.0,1142.0,1377.0,954.0,1320.0,782.0,1915.0,33.0,1927.0,1221.0,1261.0,1478.0,1955.0,853.0,2501.0,116.0,705.0,927.0,850.0,696.0,812.0,669.0,1671.0,62.0,1360.0,773.0,849.0,1325.0,1642.0,671.0,2798.0,169.0,1160.0,1209.0,1285.0,1046.0,1122.0,940.0,2139.0,55.0,1599.0,1110.0,1165.0,1550.0,2227.0,862.0,2696.0,151.0,997.0,1124.0,1101.0,1034.0,994.0,1011.0,1871.0,39.0,1937.0,770.0,970.0,1421.0,2207.0,1009.0,2727.0,132.0,857.0,1072.0,1115.0,831.0,1105.0,737.0,2008.0,26.0,1811.0,959.0,900.0,1383.0,1803.0,766.0,2750.0,235.0,732.0,985.0,1070.0,843.0,1092.0,717.0,2179.0,60.0,1757.0,935.0,1017.0,1409.0,2059.0,850.0,2760.0,126.0,959.0,1053.0,1054.0,742.0,1026.0,679.0,2190.0,28.0,1812.0,967.0,980.0,1342.0,1965.0,749.0,2828.0,146.0,994.0,1131.0,1036.0,898.0,1037.0,830.0,1858.0,42.0,1744.0,1161.0,1129.0,1426.0,2112.0,922.0,vips
10235.0,5105.0,7187.0,7167.0,6864.0,6922.0,6439.0,6725.0,7699.0,4385.0,7501.0,6049.0,6566.0,6476.0,6491.0,7628.0,3409.0,44.0,1090.0,933.0,880.0,1085.0,883.0,1267.0,1697.0,23.0,1422.0,956.0,940.0,1109.0,984.0,2024.0,3583.0,175.0,1464.0,1428.0,1483.0,1361.0,1405.0,1589.0,2530.0,65.0,1984.0,1337.0,1563.0,1493.0,1327.0,2457.0,3586.0,155.0,1812.0,1230.0,1246.0,1163.0,1257.0,1498.0,2439.0,54.0,1914.0,1054.0,1281.0,1279.0,1199.0,2462.0,3772.0,137.0,1963.0,1773.0,1315.0,1371.0,1409.0,1614.0,2616.0,56.0,1960.0,1272.0,1625.0,1406.0,1417.0,2416.0,3757.0,129.0,1728.0,1345.0,1285.0,1276.0,1217.0,1649.0,2365.0,39.0,2279.0,1014.0,1421.0,1371.0,1327.0,2496.0,3111.0,134.0,1400.0,1108.0,1037.0,1100.0,946.0,1385.0,1887.0,46.0,1823.0,854.0,1133.0,1195.0,1066.0,2103.0,3127.0,125.0,1121.0,1106.0,982.0,1081.0,971.0,1288.0,1893.0,51.0,1712.0,839.0,1012.0,1021.0,1083.0,2181.0,3365.0,155.0,1818.0,1554.0,1552.0,1414.0,1278.0,1583.0,2260.0,52.0,1931.0,1120.0,1502.0,1444.0,1277.0,2346.0,3029.0,74.0,988.0,908.0,844.0,953.0,930.0,1249.0,1773.0,50.0,1488.0,857.0,967.0,1132.0,1003.0,2096.0,3314.0,124.0,1362.0,1125.0,1175.0,1294.0,1276.0,1502.0,2253.0,46.0,1848.0,1071.0,1270.0,1381.0,1261.0,2426.0,3268.0,116.0,1187.0,977.0,1101.0,1208.0,1247.0,1579.0,1965.0,43.0,1780.0,1069.0,1171.0,1250.0,1285.0,2591.0,3304.0,130.0,1328.0,1251.0,1262.0,1116.0,1216.0,1394.0,2248.0,43.0,1881.0,966.0,1060.0,1113.0,1140.0,2436.0,3330.0,109.0,1417.0,1343.0,1121.0,1038.0,1095.0,1493.0,2301.0,81.0,1758.0,961.0,1225.0,1193.0,1224.0,2475.0,3465.0,117.0,1400.0,1207.0,1052.0,1107.0,1078.0,1434.0,2397.0,39.0,1899.0,907.0,1216.0,1255.0,1204.0,2349.0,3454.0,126.0,1649.0,1484.0,1152.0,1227.0,1123.0,1698.0,2111.0,68.0,2025.0,1151.0,1327.0,1264.0,1177.0,2536.0,vips
10762.0,5084.0,6469.0,6408.0,6450.0,7483.0,6635.0,6875.0,7726.0,4192.0,8454.0,6740.0,6022.0,6264.0,6553.0,6353.0,3635.0,28.0,824.0,752.0,729.0,948.0,1117.0,1592.0,1622.0,25.0,1701.0,1733.0,762.0,483.0,815.0,883.0,3707.0,110.0,1200.0,1041.0,1185.0,1546.0,1525.0,1775.0,2208.0,29.0,2223.0,1881.0,1171.0,913.0,1218.0,1213.0,3832.0,111.0,967.0,800.0,817.0,1277.0,1531.0,1727.0,1868.0,29.0,2264.0,1671.0,895.0,657.0,984.0,1113.0,4229.0,103.0,1214.0,1065.0,1022.0,1612.0,1759.0,1888.0,2305.0,30.0,2584.0,1968.0,1082.0,1143.0,1240.0,1330.0,4303.0,139.0,1300.0,1066.0,1203.0,1411.0,1655.0,2129.0,2427.0,41.0,3038.0,2051.0,1112.0,866.0,1248.0,1388.0,3581.0,93.0,889.0,796.0,933.0,1315.0,1207.0,1783.0,1772.0,37.0,2381.0,1780.0,864.0,611.0,870.0,1016.0,3365.0,81.0,729.0,755.0,802.0,1107.0,1220.0,1535.0,1585.0,31.0,2194.0,1681.0,726.0,780.0,1076.0,950.0,3826.0,113.0,1084.0,961.0,1070.0,1551.0,1587.0,1841.0,1874.0,30.0,2744.0,1864.0,1089.0,1012.0,1364.0,1259.0,3183.0,32.0,744.0,735.0,729.0,821.0,1059.0,1518.0,1628.0,27.0,1650.0,1610.0,804.0,473.0,770.0,955.0,3671.0,143.0,1279.0,1088.0,1306.0,1513.0,1571.0,1923.0,2387.0,54.0,1854.0,1924.0,1205.0,966.0,1314.0,1214.0,3290.0,87.0,1060.0,1029.0,1055.0,1051.0,1155.0,1894.0,1973.0,21.0,1834.0,1904.0,1056.0,901.0,1187.0,1247.0,3470.0,102.0,909.0,871.0,835.0,1175.0,1385.0,1725.0,2021.0,24.0,2150.0,1692.0,861.0,614.0,889.0,1120.0,3809.0,143.0,1068.0,973.0,965.0,1384.0,1388.0,1864.0,2253.0,89.0,2298.0,1755.0,957.0,614.0,1234.0,1387.0,3859.0,110.0,1046.0,876.0,908.0,1226.0,1404.0,1743.0,2177.0,30.0,2501.0,1780.0,957.0,785.0,1090.0,1082.0,3843.0,74.0,1210.0,1076.0,990.0,1361.0,1310.0,1765.0,2066.0,42.0,2279.0,1984.0,1043.0,746.0,1003.0,1143.0,vips
13689.0,7196.0,9403.0,9765.0,9954.0,9115.0,9002.0,8317.0,9691.0,6819.0,10268.0,7901.0,9723.0,9214.0,8797.0,8850.0,4580.0,40.0,1404.0,1835.0,2309.0,1081.0,1104.0,969.0,2012.0,88.0,1975.0,923.0,2148.0,1170.0,1290.0,1389.0,4721.0,130.0,1712.0,2264.0,2715.0,1281.0,1386.0,1207.0,2570.0,128.0,2457.0,979.0,2589.0,1500.0,1383.0,1716.0,4681.0,145.0,1708.0,1935.0,2348.0,1131.0,1290.0,1151.0,2310.0,141.0,2383.0,931.0,2394.0,1399.0,1407.0,1668.0,4654.0,132.0,1561.0,1983.0,2279.0,1165.0,1360.0,1083.0,2280.0,130.0,2407.0,973.0,2455.0,1479.0,1339.0,1650.0,4830.0,137.0,1674.0,2113.0,2551.0,1161.0,1358.0,1181.0,2322.0,108.0,2600.0,989.0,2519.0,1436.0,1402.0,1690.0,4689.0,124.0,1526.0,1972.0,2455.0,1163.0,1158.0,1137.0,2219.0,110.0,2356.0,929.0,2296.0,1283.0,1278.0,1555.0,4435.0,88.0,1402.0,1931.0,2296.0,1077.0,1133.0,1226.0,2097.0,102.0,2204.0,894.0,2180.0,1288.0,1496.0,1787.0,4470.0,123.0,1625.0,2015.0,2422.0,1192.0,1360.0,1250.0,2057.0,105.0,2158.0,932.0,2425.0,1618.0,1503.0,2145.0,4362.0,79.0,1381.0,1878.0,2349.0,1062.0,1077.0,970.0,2067.0,105.0,2077.0,826.0,2273.0,1141.0,1321.0,1473.0,4552.0,168.0,1659.0,2222.0,2559.0,1216.0,1299.0,1043.0,2351.0,145.0,2129.0,923.0,2366.0,1405.0,1413.0,1571.0,4442.0,86.0,1489.0,1906.0,2295.0,1129.0,1160.0,974.0,2106.0,76.0,2212.0,915.0,2377.0,1222.0,1285.0,1545.0,4515.0,108.0,1423.0,1932.0,2399.0,1120.0,1226.0,1008.0,2200.0,147.0,2194.0,917.0,2305.0,1277.0,1310.0,1480.0,4718.0,170.0,1687.0,2297.0,2645.0,1293.0,1354.0,1263.0,2465.0,155.0,2497.0,1014.0,2454.0,1272.0,1490.0,1764.0,4667.0,84.0,1595.0,2103.0,2401.0,1122.0,1225.0,1052.0,2258.0,197.0,2399.0,901.0,2324.0,1444.0,1365.0,1515.0,4670.0,93.0,1634.0,2137.0,2403.0,1198.0,1242.0,1066.0,2294.0,234.0,2437.0,979.0,2377.0,1417.0,1397.0,1531.0,vips
269.0,188.0,135.0,165.0,163.0,155.0,96.0,131.0,139.0,132.0,70.0,248.0,116.0,151.0,185.0,197.0,112.0,7.0,16.0,21.0,21.0,22.0,19.0,15.0,16.0,12.0,17.0,118.0,18.0,16.0,20.0,19.0,85.0,5.0,17.0,16.0,15.0,24.0,20.0,16.0,15.0,6.0,13.0,136.0,14.0,15.0,12.0,15.0,100.0,12.0,16.0,16.0,15.0,24.0,20.0,16.0,16.0,15.0,14.0,120.0,15.0,13.0,21.0,19.0,98.0,9.0,18.0,23.0,18.0,19.0,20.0,19.0,17.0,14.0,19.0,137.0,18.0,16.0,21.0,23.0,101.0,10.0,21.0,16.0,16.0,20.0,13.0,17.0,17.0,12.0,14.0,137.0,11.0,16.0,21.0,14.0,58.0,3.0,11.0,12.0,11.0,14.0,13.0,8.0,12.0,7.0,14.0,118.0,10.0,9.0,11.0,11.0,78.0,3.0,11.0,11.0,13.0,15.0,13.0,11.0,9.0,11.0,11.0,124.0,11.0,9.0,13.0,16.0,82.0,7.0,15.0,14.0,13.0,18.0,16.0,14.0,14.0,9.0,15.0,132.0,16.0,14.0,14.0,19.0,87.0,3.0,14.0,21.0,18.0,17.0,20.0,18.0,21.0,8.0,21.0,116.0,25.0,20.0,16.0,21.0,51.0,3.0,15.0,13.0,14.0,14.0,11.0,10.0,10.0,9.0,12.0,103.0,17.0,14.0,21.0,17.0,53.0,5.0,7.0,6.0,9.0,7.0,5.0,8.0,6.0,7.0,7.0,118.0,6.0,8.0,11.0,9.0,72.0,5.0,13.0,13.0,12.0,12.0,8.0,10.0,11.0,10.0,13.0,128.0,12.0,13.0,16.0,13.0,92.0,10.0,17.0,15.0,16.0,16.0,15.0,15.0,13.0,13.0,13.0,145.0,18.0,11.0,17.0,16.0,107.0,10.0,18.0,16.0,20.0,20.0,17.0,14.0,14.0,13.0,14.0,134.0,17.0,20.0,20.0,16.0,115.0,12.0,24.0,17.0,21.0,21.0,17.0,23.0,17.0,17.0,16.0,127.0,23.0,18.0,20.0,20.0,vips
9828.0,4591.0,5536.0,5627.0,5583.0,7153.0,6956.0,5456.0,5541.0,4271.0,6089.0,5145.0,5537.0,5834.0,6567.0,5844.0,3928.0,16.0,613.0,649.0,662.0,1730.0,1672.0,866.0,781.0,40.0,963.0,540.0,740.0,866.0,1665.0,957.0,4146.0,53.0,764.0,745.0,846.0,1943.0,1896.0,938.0,1011.0,65.0,1169.0,633.0,1069.0,977.0,1812.0,1057.0,4151.0,52.0,691.0,719.0,761.0,1791.0,1800.0,898.0,886.0,68.0,1023.0,623.0,898.0,1010.0,1860.0,1130.0,4046.0,44.0,700.0,748.0,795.0,1772.0,1774.0,1003.0,916.0,73.0,1177.0,710.0,941.0,1107.0,1852.0,1153.0,4261.0,68.0,766.0,736.0,871.0,1924.0,2124.0,1082.0,947.0,69.0,1338.0,690.0,1046.0,1130.0,1908.0,1187.0,4065.0,81.0,655.0,691.0,748.0,1975.0,1829.0,911.0,865.0,71.0,1199.0,579.0,851.0,970.0,1809.0,991.0,3878.0,49.0,634.0,681.0,714.0,1725.0,1682.0,971.0,812.0,79.0,1078.0,536.0,676.0,866.0,1769.0,955.0,3939.0,51.0,693.0,716.0,764.0,1830.0,1763.0,1076.0,882.0,58.0,1154.0,635.0,940.0,1169.0,1936.0,1167.0,3733.0,31.0,590.0,662.0,694.0,1618.0,1661.0,917.0,795.0,48.0,1053.0,551.0,809.0,852.0,1728.0,987.0,3942.0,51.0,650.0,666.0,787.0,1804.0,1753.0,967.0,837.0,53.0,1051.0,592.0,858.0,1036.0,1844.0,1141.0,3882.0,42.0,642.0,683.0,760.0,1878.0,1858.0,909.0,845.0,54.0,1077.0,628.0,766.0,881.0,1754.0,1022.0,3896.0,55.0,631.0,705.0,912.0,1770.0,1790.0,916.0,883.0,67.0,1169.0,540.0,728.0,988.0,1812.0,1076.0,4082.0,76.0,721.0,840.0,918.0,1996.0,1862.0,1000.0,954.0,72.0,1354.0,752.0,980.0,923.0,1819.0,1154.0,4154.0,37.0,730.0,760.0,834.0,1835.0,1787.0,1035.0,1014.0,85.0,1293.0,637.0,890.0,1042.0,1857.0,1145.0,4272.0,59.0,687.0,708.0,765.0,2053.0,1837.0,975.0,906.0,90.0,1337.0,606.0,829.0,1107.0,1805.0,1167.0,vips
15389.0,8444.0,10210.0,10572.0,10159.0,10322.0,9668.0,10291.0,10734.0,10361.0,10263.0,9751.0,10258.0,10286.0,10428.0,10993.0,5232.0,20.0,1214.0,1246.0,1332.0,1104.0,951.0,1725.0,1873.0,1540.0,1462.0,1256.0,1528.0,1166.0,1790.0,2628.0,5503.0,93.0,1506.0,1613.0,1487.0,1368.0,1285.0,1851.0,2532.0,1669.0,2032.0,1437.0,1668.0,1470.0,1883.0,2671.0,5523.0,150.0,1728.0,1415.0,1484.0,1267.0,1232.0,1892.0,2346.0,1685.0,1673.0,1374.0,1754.0,1399.0,2059.0,2798.0,5486.0,88.0,1499.0,2292.0,1315.0,1245.0,1203.0,1891.0,1942.0,1817.0,1669.0,1376.0,1707.0,1446.0,2027.0,2831.0,5671.0,129.0,1695.0,3214.0,1474.0,1336.0,1281.0,1956.0,2062.0,1864.0,1864.0,1382.0,1757.0,1534.0,2049.0,2883.0,5195.0,127.0,1418.0,2601.0,1428.0,1175.0,1086.0,1860.0,2001.0,1731.0,1684.0,1470.0,2186.0,1327.0,1860.0,2805.0,5169.0,70.0,1318.0,2128.0,1823.0,1122.0,1034.0,1725.0,1923.0,1592.0,1615.0,1546.0,2446.0,1192.0,1929.0,2724.0,5194.0,101.0,1481.0,1806.0,1705.0,1238.0,1198.0,1908.0,2093.0,1508.0,1846.0,1526.0,1910.0,1566.0,2097.0,2732.0,5087.0,89.0,1343.0,1306.0,1353.0,1096.0,1010.0,1768.0,1851.0,1420.0,1571.0,1179.0,1596.0,1223.0,1840.0,2704.0,5150.0,96.0,1407.0,1281.0,1410.0,1132.0,1102.0,1818.0,1891.0,1531.0,1527.0,1303.0,1551.0,1394.0,1869.0,2738.0,5187.0,77.0,1540.0,1295.0,1327.0,1153.0,1099.0,1728.0,1785.0,1609.0,1522.0,1313.0,1462.0,1264.0,1806.0,2696.0,5250.0,81.0,1438.0,1378.0,1412.0,1150.0,1051.0,1804.0,1842.0,1656.0,1584.0,1259.0,1643.0,1291.0,1951.0,2748.0,5475.0,123.0,1705.0,1669.0,1514.0,1360.0,1273.0,1895.0,2155.0,1736.0,1841.0,1443.0,1747.0,1307.0,2004.0,2789.0,5431.0,133.0,1495.0,1481.0,1448.0,1195.0,1128.0,1905.0,1950.0,1920.0,1766.0,1382.0,1733.0,1442.0,1905.0,2823.0,5360.0,89.0,1441.0,1494.0,1466.0,1220.0,1155.0,1963.0,2067.0,1961.0,1652.0,1403.0,1662.0,1338.0,1972.0,2750.0,vips
17450.0,9621.0,11767.0,11508.0,12897.0,11985.0,11493.0,11535.0,12384.0,10972.0,11660.0,11118.0,11979.0,12429.0,11478.0,11375.0,5986.0,29.0,1960.0,1089.0,3291.0,1276.0,1251.0,2225.0,1831.0,1285.0,2086.0,1845.0,2675.0,2118.0,1089.0,1092.0,6237.0,115.0,2093.0,1280.0,3411.0,1683.0,1778.0,2331.0,2450.0,1565.0,2345.0,2025.0,2874.0,2461.0,1558.0,1545.0,6325.0,150.0,2167.0,1317.0,3432.0,1514.0,1671.0,2374.0,2428.0,1497.0,2379.0,2047.0,2890.0,2339.0,1426.0,1428.0,6301.0,91.0,2114.0,1409.0,3439.0,1477.0,1743.0,2381.0,2443.0,1649.0,2396.0,2065.0,2804.0,2451.0,1624.0,1504.0,6626.0,167.0,2233.0,1467.0,3630.0,1586.0,1852.0,2453.0,2566.0,1884.0,2402.0,1995.0,3001.0,2592.0,1629.0,1610.0,6181.0,152.0,1976.0,1109.0,3414.0,1602.0,1435.0,2294.0,2248.0,1542.0,2331.0,1828.0,2740.0,2499.0,1263.0,1488.0,6046.0,62.0,1896.0,1113.0,3236.0,1621.0,1501.0,2349.0,1883.0,1304.0,2249.0,1794.0,2672.0,2013.0,1445.0,1391.0,6525.0,178.0,2352.0,1508.0,3646.0,1977.0,2166.0,2460.0,2183.0,1579.0,2455.0,2144.0,2987.0,2481.0,1873.0,1743.0,5725.0,111.0,1985.0,1200.0,3379.0,1399.0,1405.0,2222.0,2030.0,1256.0,2215.0,1827.0,2792.0,2169.0,1239.0,1254.0,5812.0,102.0,2119.0,1451.0,3407.0,1386.0,1477.0,2360.0,2218.0,1483.0,2207.0,1906.0,2879.0,2495.0,1576.0,1388.0,5716.0,85.0,1973.0,1337.0,3285.0,1339.0,1386.0,2206.0,2074.0,1399.0,2152.0,1730.0,2706.0,2409.0,1368.0,1357.0,5862.0,82.0,2001.0,1312.0,3311.0,1389.0,1490.0,2244.0,2161.0,1328.0,2267.0,1851.0,2726.0,2549.0,1193.0,1365.0,6221.0,140.0,1993.0,1270.0,3469.0,1618.0,1688.0,2325.0,2472.0,1646.0,2184.0,1845.0,3162.0,2361.0,1482.0,1499.0,6208.0,175.0,2191.0,1454.0,3624.0,1500.0,1621.0,2247.0,2742.0,1594.0,2490.0,1998.0,2789.0,2539.0,1542.0,1434.0,6225.0,130.0,2290.0,1586.0,3343.0,1647.0,1620.0,2340.0,2455.0,1697.0,2384.0,2121.0,2883.0,2528.0,1562.0,1384.0,vips
13361.0,7238.0,9500.0,9431.0,8620.0,9305.0,8215.0,8841.0,10302.0,9499.0,8898.0,9096.0,8742.0,8663.0,9076.0,9117.0,4616.0,20.0,2242.0,1157.0,1058.0,1253.0,874.0,896.0,1803.0,1347.0,1684.0,2214.0,1133.0,1277.0,1127.0,1060.0,4811.0,155.0,2514.0,1412.0,1399.0,1581.0,1259.0,1288.0,2441.0,1763.0,2051.0,2792.0,1553.0,1506.0,1464.0,1401.0,4906.0,137.0,2636.0,1410.0,1423.0,1495.0,1189.0,1363.0,2592.0,1771.0,2000.0,2475.0,1500.0,1478.0,1493.0,1535.0,4776.0,100.0,2548.0,1777.0,1452.0,1518.0,1091.0,1424.0,2575.0,2027.0,1936.0,2439.0,1709.0,1543.0,1746.0,1628.0,4996.0,149.0,2583.0,1666.0,1575.0,1647.0,1291.0,1431.0,2475.0,2216.0,2060.0,2435.0,1692.0,1582.0,1563.0,1737.0,4538.0,138.0,3207.0,1301.0,1456.0,1345.0,809.0,1258.0,2002.0,2001.0,1990.0,2448.0,1402.0,1418.0,1242.0,1264.0,4522.0,132.0,3296.0,1374.0,1485.0,1396.0,946.0,1490.0,2045.0,1926.0,2305.0,2345.0,1500.0,1466.0,1277.0,1212.0,4687.0,137.0,2688.0,1968.0,1659.0,1657.0,1211.0,1673.0,2277.0,2320.0,2284.0,2419.0,1888.0,1816.0,1621.0,1617.0,4446.0,136.0,2429.0,1326.0,1369.0,1395.0,968.0,1121.0,2151.0,2023.0,1869.0,2333.0,1480.0,1483.0,1297.0,1326.0,4616.0,119.0,2629.0,1316.0,1330.0,1439.0,1127.0,1189.0,2196.0,1943.0,1867.0,2349.0,1383.0,1443.0,1418.0,1329.0,4533.0,118.0,2664.0,1283.0,1243.0,1279.0,1012.0,1178.0,2129.0,1569.0,1877.0,2289.0,1277.0,1296.0,1318.0,1258.0,4648.0,132.0,2419.0,1525.0,1395.0,1394.0,1052.0,1265.0,2253.0,1604.0,1862.0,2356.0,1404.0,1440.0,1302.0,1421.0,4514.0,128.0,2398.0,1601.0,1437.0,1389.0,974.0,1321.0,2650.0,1767.0,1968.0,2350.0,1554.0,1442.0,1444.0,1509.0,4755.0,141.0,2369.0,1596.0,1409.0,1456.0,966.0,1249.0,2664.0,1775.0,1930.0,2304.0,1527.0,1469.0,1521.0,1484.0,4864.0,118.0,2446.0,1730.0,1467.0,1563.0,1088.0,1387.0,2413.0,2084.0,1880.0,2344.0,1672.0,1544.0,1639.0,1550.0,vips
230.0,183.0,149.0,184.0,192.0,186.0,147.0,151.0,153.0,869.0,146.0,159.0,166.0,189.0,186.0,191.0,27.0,5.0,4.0,5.0,2.0,2.0,3.0,5.0,4.0,301.0,7.0,2.0,3.0,2.0,6.0,4.0,16.0,5.0,1.0,5.0,14.0,2.0,2.0,1.0,1.0,300.0,1.0,0.0,0.0,2.0,2.0,4.0,30.0,4.0,2.0,3.0,10.0,7.0,0.0,3.0,1.0,294.0,2.0,1.0,3.0,3.0,5.0,3.0,26.0,1.0,4.0,3.0,11.0,8.0,1.0,0.0,2.0,299.0,2.0,5.0,2.0,1.0,4.0,17.0,31.0,2.0,4.0,1.0,13.0,6.0,4.0,1.0,2.0,293.0,2.0,1.0,1.0,0.0,2.0,2.0,7.0,3.0,1.0,0.0,7.0,4.0,0.0,3.0,0.0,282.0,1.0,0.0,0.0,1.0,2.0,4.0,13.0,0.0,0.0,1.0,6.0,1.0,2.0,0.0,3.0,287.0,2.0,1.0,0.0,0.0,1.0,3.0,12.0,0.0,0.0,1.0,11.0,2.0,1.0,2.0,0.0,291.0,2.0,0.0,1.0,3.0,2.0,1.0,11.0,1.0,1.0,2.0,9.0,1.0,2.0,0.0,1.0,302.0,3.0,0.0,1.0,0.0,3.0,4.0,9.0,3.0,1.0,2.0,14.0,3.0,1.0,2.0,1.0,300.0,2.0,3.0,1.0,3.0,4.0,4.0,11.0,1.0,2.0,1.0,12.0,1.0,0.0,1.0,0.0,293.0,1.0,0.0,3.0,2.0,2.0,4.0,14.0,1.0,1.0,3.0,13.0,2.0,0.0,0.0,0.0,306.0,1.0,1.0,0.0,4.0,4.0,4.0,29.0,0.0,4.0,2.0,9.0,2.0,0.0,1.0,2.0,298.0,2.0,2.0,2.0,3.0,8.0,5.0,29.0,3.0,2.0,3.0,14.0,4.0,3.0,1.0,2.0,353.0,2.0,3.0,4.0,6.0,4.0,6.0,29.0,2.0,0.0,3.0,25.0,2.0,3.0,3.0,0.0,296.0,5.0,2.0,3.0,3.0,1.0,3.0,vips
16492.0,7720.0,9659.0,9537.0,9365.0,10676.0,9637.0,9312.0,9849.0,9092.0,9178.0,8916.0,9119.0,9443.0,9089.0,8957.0,5023.0,23.0,1127.0,1087.0,1181.0,1160.0,1324.0,1368.0,1654.0,1181.0,1101.0,1239.0,1174.0,1515.0,1050.0,996.0,5308.0,271.0,1515.0,1377.0,1750.0,1866.0,1864.0,1712.0,2157.0,1715.0,1479.0,1882.0,1632.0,1912.0,1425.0,1478.0,5145.0,145.0,1388.0,1122.0,1300.0,1389.0,1688.0,1587.0,1732.0,1501.0,1286.0,1491.0,1426.0,1688.0,1098.0,1136.0,5415.0,190.0,1633.0,1424.0,1393.0,1714.0,1941.0,1911.0,2047.0,1729.0,1557.0,1658.0,1551.0,1890.0,1393.0,1263.0,5784.0,194.0,1734.0,1303.0,1569.0,1483.0,1902.0,1996.0,1998.0,1893.0,1584.0,1602.0,1658.0,1937.0,1350.0,1337.0,4902.0,184.0,1310.0,1125.0,1256.0,1481.0,1467.0,1524.0,1793.0,1396.0,1368.0,1341.0,1296.0,1651.0,1081.0,1103.0,4745.0,185.0,1198.0,1141.0,1347.0,1342.0,1569.0,1344.0,1606.0,1334.0,1323.0,1261.0,1347.0,1520.0,1110.0,1089.0,4963.0,136.0,1511.0,1218.0,1475.0,1544.0,1794.0,1833.0,1683.0,1539.0,1470.0,1619.0,1508.0,1847.0,1240.0,1254.0,4637.0,167.0,1249.0,1160.0,1318.0,1328.0,1416.0,1390.0,1717.0,1178.0,1262.0,1334.0,1471.0,1665.0,1025.0,1097.0,4862.0,224.0,1726.0,1410.0,1696.0,1537.0,1721.0,1644.0,1949.0,1651.0,1326.0,1416.0,1547.0,1917.0,1414.0,1372.0,4772.0,209.0,1375.0,1491.0,1549.0,1504.0,1695.0,1470.0,2048.0,1605.0,1285.0,1269.0,1450.0,1593.0,1431.0,1441.0,4858.0,189.0,1307.0,1321.0,1450.0,1429.0,1741.0,1525.0,1987.0,1767.0,1353.0,1374.0,1359.0,1637.0,1174.0,1205.0,5052.0,174.0,1437.0,1409.0,1462.0,1433.0,1709.0,1651.0,2264.0,1477.0,1387.0,1379.0,1455.0,1672.0,1229.0,1372.0,5115.0,163.0,1519.0,1301.0,1425.0,1398.0,1605.0,1699.0,2120.0,1521.0,1375.0,1431.0,1434.0,1704.0,1196.0,1179.0,5205.0,159.0,1637.0,1460.0,1402.0,1536.0,1692.0,1731.0,2240.0,1723.0,1420.0,1570.0,1467.0,1788.0,1327.0,1302.0,vips
19145.0,9232.0,11432.0,11616.0,11164.0,12391.0,11552.0,10375.0,12180.0,10308.0,10964.0,10437.0,10397.0,11536.0,11716.0,11415.0,6531.0,30.0,1525.0,2233.0,1313.0,1951.0,1932.0,1017.0,2503.0,1170.0,1337.0,1488.0,1101.0,2483.0,1960.0,1836.0,6805.0,243.0,1778.0,2544.0,1912.0,2509.0,2319.0,1398.0,3053.0,1502.0,1797.0,1948.0,1599.0,2702.0,2377.0,2282.0,6420.0,158.0,1822.0,2301.0,1457.0,1955.0,1980.0,1116.0,2730.0,1266.0,1600.0,1650.0,1244.0,2531.0,2164.0,2170.0,6710.0,212.0,2093.0,2463.0,1745.0,2066.0,2123.0,1321.0,2807.0,1545.0,2033.0,2055.0,1611.0,2676.0,2263.0,2142.0,6986.0,205.0,2089.0,2537.0,1619.0,2196.0,2193.0,1291.0,2888.0,1563.0,1773.0,1865.0,1435.0,2640.0,2282.0,2242.0,6518.0,175.0,1706.0,2305.0,1399.0,2141.0,2014.0,1106.0,2660.0,1316.0,1615.0,1531.0,1175.0,2633.0,1937.0,1983.0,6295.0,187.0,1612.0,2292.0,1425.0,2052.0,1881.0,1028.0,2563.0,1203.0,1592.0,1504.0,1107.0,2541.0,1973.0,1831.0,6336.0,195.0,2081.0,2612.0,1725.0,2123.0,2070.0,1269.0,2599.0,1436.0,1771.0,1958.0,1423.0,2559.0,2515.0,2216.0,6106.0,195.0,1650.0,2300.0,1405.0,1989.0,1859.0,1080.0,2508.0,1180.0,1506.0,1491.0,1218.0,2502.0,1883.0,1907.0,6433.0,216.0,1806.0,2544.0,1669.0,2192.0,2165.0,1279.0,2856.0,1415.0,1469.0,1541.0,1332.0,2692.0,2279.0,2209.0,6388.0,215.0,1790.0,2452.0,1622.0,2317.0,2182.0,1390.0,2830.0,1424.0,1587.0,1434.0,1355.0,2672.0,2312.0,2344.0,6337.0,205.0,1755.0,2436.0,1531.0,2079.0,2097.0,1141.0,2757.0,1311.0,1669.0,1619.0,1167.0,2551.0,2041.0,2054.0,6743.0,173.0,1817.0,2536.0,1535.0,2160.0,2093.0,1215.0,3000.0,1428.0,1696.0,1641.0,1290.0,2491.0,2239.0,2175.0,6720.0,235.0,1866.0,2569.0,1558.0,2127.0,2025.0,1130.0,3235.0,1498.0,1789.0,1735.0,1341.0,2605.0,2168.0,2737.0,6757.0,182.0,1926.0,2622.0,1591.0,2391.0,2142.0,1173.0,3078.0,1622.0,1666.0,1709.0,1403.0,2559.0,2559.0,2258.0,vips
18588.0,10471.0,14043.0,12266.0,13350.0,12218.0,12332.0,13448.0,12178.0,12777.0,13755.0,13309.0,13035.0,11873.0,12251.0,12089.0,6547.0,36.0,2621.0,1274.0,2317.0,1436.0,1522.0,2334.0,1398.0,2052.0,2655.0,2502.0,2039.0,1520.0,1400.0,1342.0,6730.0,187.0,2864.0,1411.0,2664.0,1624.0,1768.0,2635.0,1571.0,2227.0,3105.0,2824.0,2322.0,1618.0,1525.0,1523.0,6737.0,184.0,2744.0,1391.0,2340.0,1550.0,1642.0,2439.0,1594.0,2172.0,2748.0,2604.0,2061.0,1532.0,1673.0,1598.0,6633.0,180.0,2653.0,1351.0,2247.0,1474.0,1701.0,2464.0,1512.0,2063.0,2673.0,2567.0,2093.0,1523.0,1467.0,1498.0,6824.0,166.0,2951.0,1340.0,2459.0,1535.0,1770.0,2625.0,1641.0,2292.0,2893.0,2588.0,2182.0,1559.0,1533.0,1530.0,6837.0,174.0,2740.0,1566.0,2360.0,1454.0,1881.0,2624.0,1898.0,2250.0,2794.0,2603.0,2135.0,1574.0,1556.0,1539.0,6695.0,174.0,2627.0,2625.0,2426.0,1701.0,1821.0,2419.0,1774.0,2214.0,2673.0,2476.0,2057.0,1515.0,1996.0,1899.0,6490.0,193.0,2713.0,2543.0,2317.0,1793.0,1733.0,2541.0,1622.0,2072.0,2613.0,2562.0,2072.0,1690.0,1793.0,1894.0,6300.0,186.0,2571.0,1257.0,2338.0,1491.0,1538.0,2568.0,1428.0,1957.0,2513.0,2467.0,2123.0,1553.0,1410.0,1319.0,6373.0,201.0,2932.0,1309.0,2410.0,1448.0,1568.0,2441.0,1482.0,2014.0,2585.0,2562.0,2118.0,1689.0,1428.0,1394.0,6270.0,179.0,2636.0,1222.0,2319.0,1373.0,1474.0,2392.0,1413.0,2074.0,2642.0,2522.0,1974.0,2290.0,1398.0,1312.0,6473.0,167.0,2618.0,1320.0,2276.0,1462.0,1558.0,2424.0,1441.0,2178.0,2659.0,2529.0,2065.0,2608.0,1431.0,1390.0,6528.0,114.0,2828.0,1436.0,2492.0,1628.0,1623.0,2591.0,1610.0,2286.0,2804.0,2619.0,2202.0,2897.0,1537.0,1502.0,6541.0,194.0,2738.0,1452.0,2394.0,1514.0,1625.0,2595.0,1699.0,2197.0,2791.0,2654.0,2119.0,2754.0,1478.0,1973.0,6493.0,175.0,2836.0,1389.0,2377.0,1547.0,1661.0,2621.0,1706.0,2369.0,2800.0,2890.0,2135.0,2158.0,1637.0,1424.0,vips
8761.0,5561.0,5501.0,5583.0,5702.0,6379.0,5578.0,5749.0,8494.0,5659.0,5702.0,5328.0,5741.0,5780.0,8535.0,8323.0,2893.0,20.0,96.0,117.0,353.0,890.0,198.0,321.0,3096.0,263.0,380.0,92.0,361.0,498.0,2979.0,2768.0,2965.0,170.0,236.0,270.0,476.0,1009.0,374.0,458.0,3099.0,409.0,572.0,228.0,527.0,558.0,3114.0,2896.0,2888.0,49.0,137.0,152.0,426.0,947.0,317.0,383.0,3019.0,327.0,453.0,129.0,450.0,505.0,3106.0,2859.0,2871.0,111.0,176.0,248.0,412.0,959.0,352.0,398.0,3084.0,345.0,523.0,171.0,464.0,542.0,3123.0,2882.0,2940.0,111.0,186.0,255.0,447.0,964.0,351.0,441.0,3160.0,365.0,523.0,161.0,482.0,601.0,3097.0,2929.0,2891.0,142.0,196.0,250.0,448.0,976.0,301.0,405.0,3133.0,376.0,525.0,191.0,467.0,514.0,3122.0,2960.0,2947.0,148.0,196.0,261.0,440.0,1011.0,348.0,417.0,3142.0,400.0,538.0,193.0,481.0,561.0,3138.0,2979.0,2929.0,149.0,207.0,336.0,464.0,1106.0,381.0,441.0,3191.0,412.0,529.0,198.0,513.0,643.0,3360.0,3718.0,2878.0,115.0,180.0,229.0,413.0,964.0,293.0,417.0,3119.0,324.0,485.0,176.0,454.0,559.0,3067.0,2926.0,2881.0,151.0,217.0,251.0,465.0,1027.0,337.0,429.0,3155.0,365.0,526.0,210.0,480.0,552.0,3171.0,2902.0,2837.0,132.0,218.0,214.0,442.0,946.0,284.0,407.0,3113.0,332.0,506.0,191.0,426.0,534.0,3134.0,2865.0,2842.0,89.0,151.0,201.0,401.0,983.0,276.0,381.0,3181.0,307.0,466.0,152.0,422.0,550.0,3175.0,2992.0,2860.0,118.0,184.0,210.0,423.0,1194.0,321.0,405.0,3173.0,359.0,529.0,153.0,492.0,543.0,3086.0,2894.0,2949.0,153.0,200.0,250.0,441.0,1001.0,343.0,432.0,3270.0,396.0,500.0,203.0,476.0,591.0,3165.0,3456.0,2969.0,165.0,241.0,284.0,458.0,1014.0,350.0,458.0,3594.0,412.0,527.0,223.0,491.0,637.0,3865.0,3075.0,vips
18853.0,10991.0,12277.0,13143.0,12877.0,13668.0,12651.0,12475.0,12417.0,12361.0,12534.0,12226.0,12650.0,13353.0,12431.0,12368.0,7098.0,22.0,1163.0,1375.0,1924.0,2635.0,1763.0,1312.0,1462.0,1520.0,1641.0,1202.0,1277.0,2600.0,1416.0,1411.0,7176.0,115.0,1321.0,1522.0,2100.0,2764.0,1857.0,1456.0,1776.0,1642.0,1620.0,1518.0,1456.0,2659.0,1541.0,1554.0,7164.0,116.0,1327.0,1489.0,1952.0,2722.0,1909.0,1704.0,1602.0,1629.0,1551.0,1307.0,1455.0,2680.0,1503.0,1534.0,7166.0,113.0,1347.0,1555.0,1777.0,2713.0,1863.0,2120.0,1667.0,1858.0,1530.0,1466.0,1696.0,2636.0,1585.0,1572.0,7168.0,108.0,1604.0,1493.0,1629.0,2765.0,1885.0,1856.0,1649.0,2118.0,1568.0,1331.0,1477.0,2772.0,1556.0,1522.0,7206.0,135.0,1590.0,1494.0,1704.0,2818.0,1796.0,1729.0,1620.0,1965.0,1529.0,1517.0,1395.0,2706.0,1504.0,1545.0,7146.0,123.0,1240.0,1484.0,1826.0,2867.0,1881.0,1473.0,1789.0,1715.0,1543.0,1617.0,1531.0,2628.0,1788.0,1708.0,7251.0,191.0,1452.0,1663.0,1766.0,2885.0,2048.0,1589.0,1911.0,1788.0,1647.0,1525.0,1680.0,2793.0,1783.0,1984.0,6943.0,123.0,1262.0,1458.0,1588.0,2766.0,1874.0,1414.0,1590.0,1598.0,1562.0,1281.0,1656.0,2608.0,1499.0,1452.0,7050.0,114.0,1295.0,1513.0,1676.0,2771.0,1864.0,1457.0,1629.0,1570.0,1553.0,1281.0,1474.0,2744.0,1518.0,1491.0,6957.0,95.0,1343.0,1413.0,1601.0,2744.0,1776.0,1312.0,1545.0,1493.0,1647.0,1182.0,1460.0,2547.0,1493.0,1438.0,7147.0,134.0,1432.0,1629.0,1778.0,2751.0,1920.0,1473.0,1605.0,1828.0,1777.0,1279.0,1498.0,2652.0,1531.0,1507.0,7070.0,113.0,1418.0,1558.0,1728.0,2754.0,1858.0,1464.0,1675.0,1640.0,1827.0,1384.0,1571.0,2590.0,1545.0,1525.0,7293.0,204.0,1384.0,1705.0,1819.0,2782.0,1971.0,1573.0,1709.0,1718.0,1957.0,1461.0,1581.0,2719.0,1608.0,1743.0,7229.0,222.0,1380.0,1745.0,1779.0,2890.0,1991.0,1543.0,1688.0,1769.0,1914.0,1391.0,1606.0,2739.0,1715.0,1561.0,vips
25441.0,14743.0,17087.0,17577.0,17518.0,16274.0,17481.0,17722.0,17310.0,17358.0,17499.0,16513.0,17611.0,16260.0,17206.0,17352.0,9661.0,32.0,2372.0,2581.0,2764.0,1315.0,2465.0,2784.0,2674.0,2733.0,2853.0,2168.0,2757.0,1745.0,2480.0,2563.0,9669.0,165.0,2482.0,2911.0,2922.0,1580.0,2623.0,3002.0,2836.0,2904.0,3086.0,2291.0,3015.0,1858.0,2579.0,2706.0,9718.0,142.0,2454.0,2805.0,2994.0,1537.0,2570.0,3054.0,2790.0,3022.0,3112.0,2287.0,2898.0,1822.0,2566.0,2696.0,9764.0,177.0,2478.0,2748.0,2956.0,1499.0,2643.0,3074.0,2746.0,3137.0,3111.0,2357.0,3021.0,1923.0,2613.0,2756.0,9887.0,154.0,2480.0,2893.0,2974.0,1612.0,2632.0,3094.0,2780.0,3021.0,3029.0,2340.0,2994.0,2074.0,2556.0,2749.0,10199.0,183.0,2545.0,2847.0,2925.0,1801.0,2653.0,3036.0,2753.0,3003.0,3066.0,2306.0,2906.0,2105.0,2559.0,2786.0,9809.0,177.0,2576.0,2842.0,3030.0,1896.0,2697.0,3038.0,2820.0,3072.0,3125.0,2359.0,3059.0,2447.0,2629.0,2721.0,9727.0,187.0,2645.0,2775.0,2961.0,1686.0,2690.0,3105.0,2928.0,3027.0,3094.0,2381.0,3080.0,1986.0,2651.0,2927.0,9617.0,218.0,2539.0,2785.0,3099.0,1477.0,2643.0,3062.0,2767.0,2953.0,3404.0,2360.0,3125.0,1869.0,2651.0,2758.0,9640.0,172.0,2538.0,2790.0,2909.0,1509.0,2658.0,3029.0,2786.0,3041.0,3062.0,2315.0,3011.0,1912.0,2639.0,2800.0,9474.0,137.0,2416.0,2781.0,2859.0,1375.0,2506.0,2872.0,2746.0,2897.0,2998.0,2248.0,2841.0,1780.0,2555.0,2741.0,9638.0,172.0,2510.0,2846.0,2902.0,1486.0,2648.0,2978.0,2830.0,3084.0,3093.0,2400.0,2997.0,1907.0,2692.0,2791.0,9597.0,110.0,2485.0,2844.0,2877.0,1474.0,2581.0,2995.0,2678.0,2959.0,3058.0,2310.0,2926.0,1834.0,2515.0,2687.0,9789.0,200.0,2533.0,2865.0,2825.0,1557.0,2635.0,2988.0,2824.0,3042.0,3099.0,2464.0,2957.0,1897.0,2640.0,3168.0,9857.0,196.0,2469.0,2986.0,2983.0,1536.0,2575.0,3069.0,2881.0,3106.0,3097.0,2464.0,3081.0,1963.0,2949.0,2883.0,vips
19893.0,11823.0,13858.0,13400.0,13286.0,14671.0,13632.0,13199.0,13466.0,13359.0,13433.0,13865.0,13441.0,14324.0,13419.0,13402.0,7741.0,30.0,1932.0,1358.0,1531.0,2710.0,2072.0,1371.0,1706.0,1193.0,1099.0,1921.0,1241.0,2410.0,1555.0,1597.0,7933.0,204.0,2167.0,1529.0,1645.0,2793.0,2216.0,1505.0,2118.0,1333.0,1305.0,2075.0,1425.0,2567.0,1782.0,1866.0,7898.0,178.0,2126.0,1575.0,1661.0,2866.0,2149.0,1514.0,2224.0,1325.0,1343.0,2188.0,1421.0,2593.0,1756.0,1920.0,7824.0,192.0,2132.0,1576.0,1705.0,2803.0,2136.0,1549.0,2287.0,1366.0,1353.0,2336.0,1420.0,2523.0,1884.0,1980.0,7926.0,125.0,2063.0,1467.0,1667.0,2809.0,2149.0,1486.0,2028.0,1370.0,1236.0,2162.0,1414.0,2974.0,1830.0,1812.0,8069.0,137.0,2018.0,1561.0,1907.0,2757.0,2365.0,1856.0,2133.0,1867.0,1361.0,2217.0,1735.0,2506.0,1758.0,1839.0,7997.0,209.0,2288.0,1816.0,2230.0,2917.0,2566.0,2584.0,2217.0,1858.0,1969.0,2223.0,2182.0,2580.0,1867.0,1910.0,7975.0,258.0,2430.0,1761.0,1869.0,2961.0,2356.0,1877.0,2179.0,1566.0,1615.0,2246.0,1757.0,2691.0,2087.0,2235.0,7818.0,257.0,2135.0,1537.0,1735.0,2892.0,2290.0,1583.0,1966.0,1311.0,1645.0,2167.0,1868.0,2549.0,1934.0,1864.0,7807.0,259.0,2151.0,1553.0,1657.0,2939.0,2258.0,1554.0,1970.0,1627.0,1324.0,2164.0,1588.0,2614.0,1876.0,1891.0,7612.0,141.0,1935.0,1450.0,1540.0,2700.0,2033.0,1399.0,1774.0,1245.0,1216.0,1933.0,1249.0,2469.0,1754.0,1736.0,7898.0,260.0,2161.0,1695.0,1801.0,2900.0,2290.0,1633.0,1966.0,1548.0,1669.0,2225.0,1395.0,2587.0,1974.0,1942.0,7749.0,111.0,2022.0,1466.0,1628.0,2954.0,2121.0,1499.0,1830.0,1253.0,1228.0,2185.0,1396.0,2459.0,1749.0,1781.0,7835.0,175.0,2058.0,1523.0,1651.0,2861.0,2179.0,1529.0,1969.0,1301.0,1252.0,2223.0,1363.0,2578.0,1738.0,1893.0,7815.0,211.0,2134.0,1557.0,1668.0,2878.0,2174.0,1557.0,2042.0,1339.0,1285.0,2249.0,1350.0,2590.0,1888.0,1797.0,vips
25315.0,14694.0,16773.0,17826.0,17582.0,15985.0,17161.0,17807.0,16884.0,17430.0,17175.0,16477.0,17310.0,16586.0,17193.0,17024.0,10005.0,42.0,2260.0,3118.0,3011.0,1311.0,2370.0,3228.0,2320.0,2890.0,2767.0,2051.0,2712.0,1912.0,2456.0,2226.0,10075.0,151.0,2307.0,3303.0,3143.0,1455.0,2506.0,3438.0,2407.0,3038.0,2785.0,2167.0,2818.0,2021.0,2481.0,2349.0,10117.0,135.0,2317.0,3472.0,3107.0,1493.0,2531.0,3612.0,2382.0,3116.0,2783.0,2176.0,2703.0,2002.0,2528.0,2346.0,10035.0,135.0,2305.0,3336.0,3003.0,1422.0,2445.0,3518.0,2352.0,3046.0,2729.0,2178.0,2703.0,1917.0,2472.0,2361.0,10184.0,142.0,2306.0,3274.0,3142.0,1446.0,2610.0,3407.0,2368.0,3039.0,2838.0,2185.0,2809.0,2444.0,2530.0,2369.0,10274.0,124.0,2290.0,3263.0,3083.0,1404.0,2486.0,3467.0,2367.0,3004.0,2790.0,2141.0,2732.0,1954.0,2516.0,2354.0,10017.0,134.0,2344.0,3418.0,3217.0,1449.0,2482.0,3458.0,2398.0,3043.0,2836.0,2228.0,2820.0,1845.0,2561.0,2350.0,10149.0,184.0,2431.0,3325.0,3174.0,1588.0,2628.0,3551.0,2531.0,3196.0,2975.0,2286.0,2893.0,2097.0,2626.0,2608.0,10043.0,183.0,2391.0,3340.0,3177.0,1464.0,2560.0,3509.0,2498.0,3078.0,3104.0,2227.0,3381.0,1940.0,2618.0,2414.0,10012.0,180.0,2373.0,3357.0,3125.0,1533.0,2533.0,3525.0,2487.0,3253.0,2840.0,2222.0,3200.0,2036.0,2560.0,2415.0,9872.0,119.0,2245.0,3303.0,3053.0,1479.0,2391.0,3320.0,2410.0,3038.0,2781.0,2190.0,2682.0,1960.0,2488.0,2329.0,10065.0,173.0,2422.0,3306.0,3159.0,1794.0,2556.0,3511.0,2504.0,3205.0,3242.0,2351.0,2852.0,2024.0,2626.0,2448.0,10037.0,119.0,2293.0,3275.0,3073.0,1742.0,2529.0,3511.0,2388.0,2971.0,2806.0,2133.0,2678.0,2047.0,2526.0,2356.0,10129.0,162.0,2395.0,3428.0,3099.0,1609.0,2423.0,3405.0,2578.0,3204.0,2837.0,2181.0,2819.0,2065.0,2559.0,2367.0,10203.0,193.0,2633.0,3394.0,3127.0,1498.0,2468.0,3392.0,2494.0,3228.0,2888.0,2263.0,2856.0,2136.0,2572.0,2452.0,vips
19916.0,12055.0,13909.0,13714.0,13322.0,14272.0,14462.0,13358.0,13750.0,13222.0,13293.0,13853.0,13417.0,13993.0,13708.0,13892.0,7835.0,31.0,1848.0,1504.0,1408.0,2249.0,2102.0,1405.0,1744.0,1488.0,1417.0,2131.0,1458.0,1955.0,1736.0,1862.0,7967.0,157.0,2000.0,1578.0,1564.0,2338.0,2223.0,1589.0,1989.0,1612.0,1636.0,2319.0,1679.0,2048.0,1922.0,2158.0,7946.0,168.0,1995.0,1631.0,1573.0,2400.0,2054.0,1500.0,1981.0,1919.0,1654.0,2332.0,1643.0,2039.0,1910.0,2086.0,7815.0,152.0,2007.0,1656.0,1482.0,2292.0,1952.0,1608.0,1970.0,1638.0,1637.0,2322.0,1647.0,1988.0,1889.0,2042.0,7919.0,118.0,2051.0,1630.0,1566.0,2316.0,1957.0,1488.0,2003.0,1596.0,1588.0,2264.0,1622.0,2232.0,1889.0,2009.0,7901.0,167.0,2074.0,1601.0,1660.0,2297.0,1955.0,1562.0,1997.0,1730.0,1617.0,2388.0,1579.0,2176.0,1942.0,2188.0,8038.0,151.0,2186.0,1627.0,1786.0,2396.0,1997.0,1483.0,2075.0,1939.0,1817.0,2533.0,1760.0,1943.0,2104.0,2330.0,8192.0,208.0,2124.0,1913.0,1951.0,2507.0,2099.0,1911.0,2441.0,1979.0,2060.0,2387.0,1874.0,2159.0,2122.0,2477.0,8238.0,237.0,2057.0,1775.0,1764.0,2452.0,2020.0,2334.0,2065.0,1662.0,1900.0,2341.0,1749.0,2123.0,1903.0,2035.0,8322.0,172.0,2003.0,1817.0,1703.0,2380.0,1990.0,2343.0,1999.0,1654.0,1612.0,2270.0,1860.0,2065.0,1884.0,2013.0,8255.0,170.0,1918.0,1948.0,1578.0,2329.0,1947.0,2386.0,1978.0,1702.0,1608.0,2194.0,1543.0,2014.0,1842.0,1968.0,8163.0,178.0,2134.0,2301.0,2198.0,2429.0,2082.0,2335.0,1980.0,1843.0,1691.0,2327.0,1672.0,2049.0,2040.0,2074.0,7977.0,138.0,1997.0,2039.0,2144.0,2430.0,2119.0,1817.0,2034.0,1756.0,1624.0,2241.0,1609.0,2054.0,1934.0,2056.0,7958.0,193.0,1997.0,2152.0,1835.0,2382.0,2084.0,1708.0,2093.0,1753.0,1571.0,2273.0,1590.0,2145.0,1895.0,2112.0,7969.0,224.0,2195.0,1988.0,1639.0,2444.0,2237.0,1553.0,2007.0,1635.0,1648.0,2324.0,1622.0,2145.0,1929.0,2056.0,vips
25080.0,15033.0,17182.0,17861.0,17612.0,16926.0,17102.0,17875.0,17235.0,17310.0,17230.0,17024.0,17139.0,16905.0,17547.0,17250.0,9579.0,43.0,2322.0,2829.0,2659.0,2027.0,2075.0,3060.0,2331.0,2505.0,2425.0,2386.0,2312.0,2134.0,2575.0,2139.0,9781.0,206.0,2376.0,2983.0,2870.0,2169.0,2242.0,3152.0,2507.0,2660.0,2555.0,2673.0,2400.0,2291.0,2748.0,2245.0,9771.0,179.0,2391.0,3025.0,2807.0,2200.0,2152.0,3177.0,2435.0,2762.0,2537.0,2483.0,2394.0,2256.0,2723.0,2289.0,9666.0,117.0,2308.0,2918.0,2761.0,2154.0,2167.0,3177.0,2361.0,2591.0,2467.0,2411.0,2330.0,2201.0,2597.0,2227.0,9817.0,198.0,2447.0,2983.0,2839.0,2189.0,2317.0,3153.0,2433.0,2723.0,2569.0,2513.0,2422.0,2993.0,2729.0,2307.0,9984.0,176.0,2361.0,2971.0,2860.0,2224.0,2198.0,3167.0,2398.0,2690.0,2545.0,2496.0,2376.0,2308.0,2629.0,2305.0,9638.0,140.0,2386.0,3075.0,2779.0,2253.0,2131.0,3223.0,2390.0,2902.0,2561.0,2513.0,2400.0,2126.0,2683.0,2262.0,9726.0,191.0,2518.0,3043.0,2861.0,2295.0,2277.0,3345.0,2467.0,2786.0,2645.0,2570.0,2423.0,2367.0,2795.0,2579.0,9664.0,190.0,2401.0,3144.0,2936.0,2204.0,2235.0,3372.0,2461.0,2713.0,2703.0,2493.0,2432.0,2273.0,2718.0,2321.0,9615.0,147.0,2380.0,3074.0,2875.0,2186.0,2171.0,3203.0,2503.0,2759.0,2563.0,2451.0,2532.0,2223.0,2771.0,2285.0,9535.0,154.0,2432.0,2900.0,2785.0,2125.0,2104.0,3097.0,2453.0,2616.0,2497.0,2405.0,2329.0,2171.0,2712.0,2197.0,9664.0,139.0,2436.0,3080.0,2874.0,2150.0,2304.0,3235.0,2528.0,2759.0,2631.0,2537.0,2431.0,2227.0,2907.0,2379.0,9701.0,222.0,2451.0,3032.0,2843.0,2819.0,2211.0,3228.0,2494.0,2730.0,2624.0,2544.0,2443.0,2303.0,2786.0,2342.0,9681.0,160.0,2402.0,3021.0,2870.0,2101.0,2150.0,3180.0,2487.0,2685.0,2597.0,2491.0,2392.0,2182.0,2679.0,2310.0,9825.0,199.0,2647.0,3077.0,2894.0,2177.0,2251.0,3192.0,2472.0,2771.0,2651.0,2505.0,2408.0,2274.0,2788.0,2297.0,vips
5159.0,540.0,285.0,352.0,329.0,313.0,286.0,307.0,301.0,3851.0,285.0,285.0,285.0,319.0,324.0,313.0,50.0,112.0,16.0,11.0,18.0,9.0,10.0,6.0,8.0,2711.0,7.0,9.0,13.0,11.0,9.0,13.0,22.0,174.0,1.0,4.0,3.0,1.0,0.0,1.0,1.0,2747.0,2.0,2.0,1.0,1.0,5.0,3.0,44.0,130.0,5.0,3.0,6.0,3.0,4.0,2.0,5.0,2853.0,4.0,3.0,2.0,2.0,5.0,5.0,36.0,175.0,1.0,7.0,8.0,6.0,2.0,4.0,2.0,2733.0,3.0,0.0,0.0,3.0,3.0,4.0,32.0,198.0,1.0,1.0,3.0,2.0,4.0,4.0,3.0,2833.0,2.0,3.0,1.0,2.0,4.0,3.0,15.0,153.0,1.0,4.0,2.0,1.0,0.0,4.0,0.0,2256.0,3.0,1.0,1.0,3.0,3.0,1.0,21.0,112.0,3.0,4.0,3.0,4.0,2.0,2.0,3.0,2328.0,3.0,1.0,2.0,6.0,5.0,5.0,16.0,153.0,3.0,5.0,3.0,3.0,0.0,0.0,2.0,2204.0,1.0,1.0,1.0,1.0,2.0,3.0,22.0,378.0,10.0,8.0,25.0,17.0,7.0,2.0,4.0,2206.0,5.0,3.0,12.0,6.0,6.0,5.0,16.0,95.0,3.0,4.0,6.0,2.0,2.0,2.0,2.0,2599.0,4.0,5.0,2.0,3.0,3.0,3.0,16.0,91.0,1.0,3.0,2.0,2.0,1.0,0.0,1.0,2545.0,3.0,1.0,3.0,1.0,2.0,2.0,15.0,130.0,0.0,1.0,5.0,2.0,0.0,1.0,1.0,2262.0,1.0,1.0,0.0,3.0,0.0,1.0,29.0,89.0,2.0,3.0,5.0,2.0,3.0,5.0,2.0,2354.0,4.0,0.0,2.0,2.0,2.0,3.0,32.0,89.0,4.0,7.0,5.0,6.0,3.0,7.0,3.0,2415.0,7.0,4.0,2.0,2.0,5.0,8.0,26.0,93.0,3.0,4.0,4.0,3.0,2.0,3.0,3.0,2582.0,2.0,3.0,2.0,2.0,4.0,4.0,vips
19802.0,11567.0,13826.0,13048.0,12998.0,13556.0,14050.0,13238.0,13675.0,12619.0,12665.0,13342.0,13310.0,13418.0,13189.0,13667.0,7226.0,30.0,2147.0,1446.0,1441.0,2011.0,1564.0,1529.0,2083.0,1463.0,1423.0,2026.0,1656.0,1981.0,1674.0,2067.0,7467.0,273.0,2345.0,1865.0,1659.0,2197.0,1816.0,1866.0,2468.0,1813.0,1704.0,2249.0,2326.0,2235.0,2029.0,2873.0,7378.0,126.0,2231.0,1984.0,1595.0,2079.0,1673.0,1903.0,2401.0,2035.0,1724.0,2171.0,2405.0,2114.0,1870.0,2288.0,7344.0,100.0,2269.0,1852.0,1465.0,2021.0,1674.0,2006.0,2772.0,1963.0,1881.0,2115.0,2386.0,2084.0,2034.0,2600.0,7629.0,155.0,2562.0,1671.0,1699.0,2099.0,2048.0,2152.0,2743.0,1840.0,1705.0,2217.0,2062.0,2669.0,2239.0,2730.0,7865.0,104.0,2758.0,1592.0,1752.0,2041.0,1747.0,1904.0,2388.0,1799.0,1688.0,2389.0,1883.0,2096.0,2247.0,2870.0,7484.0,130.0,2548.0,1572.0,1904.0,2374.0,1695.0,2019.0,2357.0,1938.0,1624.0,2491.0,1784.0,2683.0,2136.0,2914.0,7512.0,222.0,2712.0,1820.0,1902.0,2406.0,1852.0,2026.0,2682.0,1798.0,1786.0,2815.0,2066.0,2593.0,2219.0,3056.0,7183.0,125.0,2347.0,1749.0,1527.0,2127.0,1648.0,1625.0,2335.0,1520.0,1849.0,2341.0,1834.0,2063.0,1879.0,2518.0,7158.0,112.0,2355.0,1799.0,1499.0,2047.0,1631.0,1647.0,2328.0,1632.0,1470.0,2147.0,1781.0,2064.0,1891.0,2573.0,7232.0,182.0,2308.0,1678.0,1554.0,2076.0,1649.0,1592.0,2520.0,1538.0,1551.0,2135.0,1765.0,2122.0,1921.0,2440.0,7353.0,165.0,2418.0,1648.0,1618.0,2194.0,1793.0,1627.0,2459.0,1619.0,1621.0,2191.0,1851.0,2154.0,2031.0,2344.0,7236.0,118.0,2323.0,1575.0,1556.0,2105.0,1613.0,1711.0,2254.0,1542.0,1545.0,2157.0,1818.0,2029.0,1938.0,2329.0,7327.0,150.0,2293.0,1538.0,1578.0,2078.0,1691.0,1667.0,2237.0,1554.0,1527.0,2193.0,1781.0,2106.0,1881.0,2335.0,7424.0,256.0,2655.0,1606.0,1620.0,2205.0,1778.0,1712.0,2301.0,1631.0,1628.0,2242.0,1910.0,2223.0,1971.0,2434.0,vips
22605.0,12809.0,12667.0,15576.0,16257.0,15308.0,16003.0,15683.0,14826.0,15559.0,15705.0,15139.0,12682.0,15017.0,15614.0,12905.0,9365.0,34.0,41.0,2726.0,3193.0,2390.0,3132.0,3035.0,1928.0,2879.0,2977.0,2684.0,68.0,2421.0,2757.0,76.0,9464.0,158.0,135.0,2818.0,3293.0,2641.0,3212.0,3157.0,2128.0,3008.0,3119.0,2738.0,190.0,2636.0,2778.0,204.0,9525.0,185.0,162.0,2953.0,3371.0,2664.0,3288.0,3228.0,2052.0,3129.0,3227.0,2811.0,201.0,2647.0,2976.0,199.0,9677.0,145.0,120.0,2860.0,3237.0,2541.0,3154.0,3089.0,1994.0,2965.0,3022.0,2745.0,178.0,2544.0,2868.0,184.0,9631.0,234.0,216.0,2908.0,3399.0,2661.0,3240.0,3244.0,2114.0,3118.0,3174.0,2840.0,241.0,3874.0,2910.0,253.0,9605.0,149.0,152.0,2891.0,3374.0,2575.0,3146.0,3063.0,2013.0,3020.0,3110.0,2776.0,182.0,2549.0,2803.0,197.0,9475.0,154.0,149.0,2940.0,3401.0,2554.0,3187.0,3154.0,1973.0,3125.0,3342.0,2750.0,172.0,2463.0,2901.0,173.0,9493.0,163.0,163.0,3013.0,3422.0,2657.0,3218.0,3245.0,2126.0,3117.0,3223.0,2893.0,210.0,2597.0,2925.0,209.0,9522.0,169.0,180.0,2869.0,3368.0,2622.0,3214.0,3162.0,2094.0,3023.0,3258.0,2769.0,223.0,2485.0,2865.0,174.0,9459.0,192.0,185.0,3055.0,3409.0,2700.0,3153.0,3264.0,2093.0,3198.0,3152.0,2853.0,217.0,2571.0,2878.0,194.0,9313.0,140.0,183.0,2840.0,3294.0,2531.0,3173.0,3135.0,2162.0,2961.0,3092.0,2756.0,198.0,2533.0,2808.0,201.0,9424.0,169.0,166.0,3018.0,3319.0,2619.0,3257.0,3194.0,2095.0,3139.0,3196.0,2829.0,218.0,2604.0,2920.0,320.0,9462.0,248.0,222.0,2941.0,3409.0,3767.0,3312.0,3273.0,2168.0,3172.0,3156.0,2835.0,247.0,2591.0,2928.0,256.0,9508.0,145.0,172.0,3071.0,3278.0,2480.0,3212.0,3144.0,2109.0,3056.0,3205.0,2973.0,232.0,2508.0,2882.0,250.0,9570.0,168.0,153.0,2973.0,3424.0,2654.0,3272.0,3185.0,2032.0,3122.0,3173.0,2864.0,253.0,2569.0,2944.0,266.0,vips
8879.0,5327.0,5240.0,6576.0,5870.0,5614.0,5920.0,6286.0,7732.0,6228.0,6146.0,6557.0,5527.0,5553.0,6520.0,5262.0,3277.0,17.0,20.0,1203.0,619.0,291.0,803.0,976.0,2270.0,1069.0,997.0,1436.0,74.0,279.0,1173.0,25.0,3269.0,20.0,25.0,1200.0,621.0,310.0,730.0,1014.0,2270.0,1122.0,1061.0,1440.0,132.0,282.0,1211.0,35.0,3334.0,58.0,55.0,1302.0,713.0,371.0,734.0,1016.0,2302.0,1198.0,1104.0,1555.0,156.0,353.0,1321.0,72.0,3368.0,61.0,55.0,1302.0,647.0,335.0,705.0,1060.0,2295.0,1197.0,1108.0,1526.0,206.0,330.0,1284.0,69.0,3352.0,93.0,90.0,1388.0,724.0,369.0,750.0,1075.0,2392.0,1214.0,1148.0,1560.0,253.0,568.0,1323.0,113.0,3489.0,100.0,89.0,1567.0,745.0,407.0,795.0,1130.0,2419.0,1159.0,1285.0,1560.0,191.0,410.0,1402.0,107.0,3869.0,45.0,43.0,1554.0,1443.0,425.0,763.0,1232.0,2362.0,1466.0,1606.0,1994.0,110.0,429.0,1394.0,58.0,3517.0,54.0,45.0,1368.0,1133.0,604.0,879.0,1191.0,2684.0,1626.0,1361.0,1893.0,167.0,559.0,1329.0,67.0,3217.0,49.0,55.0,1224.0,658.0,589.0,779.0,989.0,2289.0,1105.0,1057.0,1432.0,125.0,641.0,1224.0,63.0,3178.0,56.0,57.0,1258.0,636.0,687.0,852.0,966.0,2299.0,1151.0,1057.0,1430.0,168.0,791.0,1198.0,72.0,3198.0,41.0,42.0,1190.0,611.0,806.0,974.0,934.0,2363.0,1033.0,1024.0,1347.0,161.0,778.0,1174.0,52.0,3368.0,41.0,35.0,1297.0,710.0,909.0,1121.0,1063.0,2322.0,1114.0,1113.0,1459.0,77.0,644.0,1272.0,66.0,3428.0,93.0,88.0,1345.0,696.0,917.0,1191.0,1080.0,2440.0,1164.0,1127.0,1525.0,162.0,618.0,1276.0,98.0,3378.0,52.0,50.0,1306.0,603.0,466.0,949.0,994.0,2282.0,1085.0,1053.0,1464.0,129.0,523.0,1215.0,63.0,3309.0,22.0,26.0,1198.0,595.0,349.0,820.0,986.0,2370.0,1065.0,1024.0,1406.0,117.0,342.0,1204.0,36.0,vips
1402.0,873.0,830.0,1001.0,951.0,881.0,814.0,871.0,4097.0,874.0,839.0,859.0,831.0,889.0,958.0,891.0,455.0,7.0,7.0,34.0,28.0,6.0,16.0,17.0,2182.0,27.0,22.0,28.0,9.0,6.0,23.0,10.0,429.0,6.0,4.0,27.0,16.0,2.0,12.0,8.0,2470.0,17.0,23.0,15.0,4.0,5.0,14.0,5.0,496.0,11.0,7.0,31.0,65.0,22.0,18.0,17.0,2511.0,32.0,34.0,31.0,20.0,13.0,36.0,19.0,468.0,10.0,8.0,51.0,52.0,11.0,18.0,21.0,2383.0,60.0,40.0,54.0,14.0,10.0,31.0,12.0,459.0,13.0,14.0,54.0,41.0,13.0,20.0,16.0,2453.0,34.0,29.0,33.0,14.0,12.0,21.0,14.0,416.0,8.0,5.0,28.0,30.0,7.0,13.0,12.0,2539.0,33.0,32.0,24.0,7.0,6.0,17.0,11.0,442.0,8.0,8.0,29.0,27.0,7.0,16.0,14.0,2459.0,28.0,28.0,27.0,5.0,6.0,16.0,9.0,444.0,8.0,7.0,29.0,23.0,5.0,15.0,16.0,2379.0,33.0,27.0,31.0,6.0,4.0,18.0,9.0,442.0,7.0,6.0,45.0,35.0,8.0,16.0,18.0,2250.0,31.0,52.0,42.0,11.0,10.0,32.0,10.0,417.0,6.0,6.0,34.0,27.0,8.0,12.0,14.0,2278.0,26.0,24.0,39.0,9.0,7.0,23.0,8.0,421.0,8.0,5.0,26.0,24.0,9.0,12.0,9.0,2341.0,18.0,23.0,16.0,9.0,9.0,20.0,10.0,422.0,8.0,4.0,43.0,39.0,7.0,12.0,15.0,2330.0,38.0,42.0,44.0,10.0,7.0,19.0,7.0,461.0,13.0,10.0,31.0,29.0,13.0,21.0,21.0,2757.0,28.0,27.0,29.0,14.0,11.0,19.0,15.0,489.0,12.0,8.0,74.0,75.0,15.0,17.0,16.0,2385.0,60.0,58.0,69.0,16.0,10.0,24.0,13.0,459.0,10.0,7.0,52.0,40.0,6.0,16.0,23.0,2483.0,47.0,51.0,49.0,13.0,10.0,26.0,9.0,vips
2859.0,1866.0,1789.0,1862.0,1884.0,1854.0,1765.0,1830.0,2212.0,1843.0,1773.0,6978.0,1867.0,1864.0,1895.0,1863.0,934.0,6.0,4.0,9.0,10.0,9.0,5.0,9.0,249.0,9.0,6.0,3453.0,17.0,8.0,9.0,7.0,902.0,5.0,2.0,5.0,6.0,7.0,4.0,5.0,275.0,5.0,2.0,3503.0,12.0,9.0,8.0,5.0,944.0,14.0,11.0,8.0,18.0,12.0,10.0,13.0,270.0,16.0,10.0,3874.0,31.0,11.0,23.0,10.0,949.0,11.0,5.0,13.0,18.0,15.0,7.0,10.0,296.0,13.0,10.0,3260.0,43.0,10.0,18.0,10.0,941.0,19.0,8.0,18.0,22.0,19.0,16.0,17.0,291.0,18.0,21.0,2683.0,40.0,19.0,15.0,12.0,898.0,17.0,5.0,11.0,14.0,14.0,11.0,16.0,312.0,17.0,14.0,1952.0,22.0,14.0,12.0,11.0,919.0,12.0,4.0,12.0,11.0,8.0,8.0,9.0,601.0,12.0,6.0,1770.0,14.0,13.0,12.0,11.0,923.0,12.0,9.0,16.0,19.0,10.0,14.0,7.0,555.0,17.0,18.0,2842.0,53.0,17.0,18.0,18.0,932.0,15.0,4.0,13.0,17.0,8.0,11.0,8.0,278.0,11.0,8.0,1996.0,33.0,11.0,25.0,12.0,896.0,12.0,5.0,12.0,15.0,9.0,5.0,9.0,229.0,12.0,4.0,2557.0,25.0,9.0,25.0,6.0,910.0,7.0,7.0,11.0,14.0,14.0,8.0,7.0,229.0,10.0,8.0,3828.0,24.0,7.0,26.0,6.0,919.0,12.0,5.0,10.0,7.0,7.0,6.0,7.0,284.0,7.0,4.0,3063.0,19.0,12.0,12.0,10.0,947.0,20.0,11.0,16.0,25.0,21.0,16.0,20.0,294.0,22.0,19.0,4145.0,35.0,20.0,27.0,22.0,958.0,14.0,12.0,12.0,14.0,14.0,9.0,12.0,293.0,11.0,12.0,4172.0,19.0,14.0,15.0,11.0,938.0,9.0,5.0,7.0,10.0,10.0,5.0,6.0,273.0,7.0,4.0,3862.0,23.0,11.0,11.0,11.0,vips
3031.0,1974.0,1897.0,1974.0,1951.0,1938.0,1871.0,1960.0,1947.0,1931.0,1871.0,5014.0,5068.0,1987.0,2058.0,1983.0,989.0,8.0,6.0,6.0,9.0,6.0,4.0,24.0,6.0,7.0,5.0,2039.0,1903.0,16.0,23.0,11.0,949.0,7.0,1.0,7.0,6.0,4.0,3.0,23.0,5.0,3.0,2.0,2032.0,1820.0,16.0,21.0,9.0,998.0,22.0,16.0,26.0,18.0,12.0,13.0,35.0,21.0,16.0,12.0,2354.0,2695.0,26.0,43.0,24.0,992.0,14.0,15.0,21.0,20.0,7.0,13.0,44.0,12.0,17.0,12.0,1924.0,1880.0,40.0,64.0,22.0,989.0,20.0,19.0,24.0,18.0,12.0,20.0,33.0,24.0,24.0,11.0,1588.0,1947.0,32.0,45.0,21.0,955.0,21.0,18.0,22.0,22.0,9.0,16.0,31.0,17.0,22.0,16.0,1149.0,1123.0,29.0,43.0,21.0,983.0,11.0,14.0,22.0,21.0,13.0,13.0,27.0,21.0,19.0,10.0,1069.0,997.0,55.0,53.0,33.0,997.0,17.0,14.0,21.0,19.0,12.0,11.0,34.0,15.0,17.0,8.0,1665.0,1766.0,25.0,49.0,29.0,991.0,15.0,11.0,23.0,18.0,12.0,15.0,30.0,12.0,15.0,11.0,1138.0,1095.0,33.0,43.0,20.0,960.0,15.0,12.0,19.0,20.0,8.0,10.0,29.0,15.0,18.0,15.0,1574.0,1401.0,30.0,56.0,21.0,976.0,20.0,19.0,32.0,24.0,16.0,19.0,29.0,18.0,30.0,17.0,2302.0,2454.0,29.0,52.0,27.0,970.0,7.0,5.0,6.0,9.0,8.0,4.0,34.0,6.0,5.0,4.0,1807.0,1788.0,36.0,40.0,11.0,997.0,17.0,18.0,29.0,19.0,13.0,18.0,30.0,24.0,21.0,13.0,2512.0,2007.0,26.0,66.0,25.0,1023.0,20.0,13.0,25.0,21.0,13.0,15.0,76.0,19.0,18.0,11.0,2519.0,2417.0,46.0,79.0,30.0,993.0,8.0,4.0,10.0,9.0,7.0,5.0,44.0,9.0,7.0,6.0,2293.0,2222.0,30.0,51.0,14.0,vips
5831.0,3689.0,3973.0,3786.0,3823.0,3881.0,3756.0,3964.0,3800.0,3648.0,3652.0,3656.0,9716.0,3955.0,3820.0,3922.0,1971.0,7.0,221.0,133.0,180.0,199.0,197.0,158.0,115.0,146.0,151.0,133.0,3535.0,210.0,140.0,225.0,1985.0,20.0,234.0,139.0,183.0,203.0,222.0,185.0,111.0,152.0,177.0,143.0,3669.0,228.0,154.0,430.0,2031.0,71.0,306.0,213.0,266.0,269.0,285.0,267.0,196.0,203.0,218.0,260.0,5054.0,286.0,207.0,279.0,2160.0,92.0,333.0,260.0,303.0,302.0,423.0,291.0,249.0,241.0,236.0,261.0,3534.0,298.0,234.0,336.0,2027.0,73.0,309.0,213.0,263.0,289.0,408.0,258.0,194.0,238.0,234.0,228.0,3510.0,314.0,205.0,295.0,1931.0,80.0,294.0,177.0,259.0,251.0,279.0,235.0,196.0,218.0,214.0,211.0,2202.0,267.0,192.0,294.0,2063.0,97.0,332.0,205.0,291.0,304.0,302.0,255.0,205.0,229.0,349.0,224.0,2080.0,286.0,224.0,299.0,2059.0,115.0,366.0,252.0,310.0,342.0,319.0,278.0,263.0,257.0,252.0,245.0,3423.0,319.0,240.0,344.0,1959.0,93.0,324.0,219.0,270.0,293.0,275.0,251.0,226.0,227.0,238.0,228.0,2152.0,278.0,291.0,310.0,1965.0,90.0,338.0,222.0,291.0,289.0,317.0,288.0,231.0,335.0,249.0,224.0,2841.0,294.0,226.0,326.0,1940.0,88.0,312.0,220.0,267.0,285.0,275.0,248.0,256.0,211.0,221.0,217.0,4120.0,281.0,201.0,301.0,1998.0,30.0,572.0,157.0,221.0,250.0,222.0,173.0,129.0,166.0,182.0,173.0,3118.0,233.0,169.0,259.0,2086.0,72.0,317.0,204.0,274.0,411.0,294.0,248.0,200.0,214.0,244.0,219.0,3788.0,261.0,238.0,296.0,2049.0,75.0,314.0,253.0,267.0,270.0,287.0,265.0,207.0,214.0,223.0,197.0,4532.0,287.0,228.0,298.0,1989.0,25.0,262.0,130.0,211.0,215.0,201.0,190.0,120.0,158.0,171.0,136.0,4171.0,411.0,165.0,210.0,vips
25945.0,15710.0,17807.0,17891.0,18006.0,17953.0,17751.0,17920.0,17845.0,17725.0,17742.0,17514.0,17929.0,17845.0,17886.0,18142.0,9603.0,30.0,2242.0,2107.0,2331.0,2294.0,2194.0,2343.0,2147.0,2203.0,2160.0,2152.0,2088.0,2414.0,2138.0,2213.0,9534.0,177.0,2352.0,2213.0,2421.0,2454.0,2331.0,2539.0,2282.0,2288.0,2296.0,2328.0,2245.0,2585.0,2206.0,2693.0,9776.0,250.0,2393.0,2305.0,2559.0,2453.0,2341.0,2498.0,2392.0,2428.0,2326.0,2569.0,2306.0,2589.0,2367.0,2416.0,9866.0,238.0,2418.0,2337.0,2551.0,2481.0,2592.0,2554.0,2382.0,2404.0,2369.0,2401.0,2335.0,2561.0,2298.0,2482.0,9768.0,222.0,2378.0,2265.0,2587.0,2470.0,2506.0,2503.0,2320.0,2383.0,2314.0,2357.0,2257.0,2723.0,2271.0,2388.0,9601.0,217.0,2347.0,2293.0,2536.0,2425.0,2327.0,2488.0,2288.0,2388.0,2278.0,2384.0,2237.0,2576.0,2236.0,2459.0,9765.0,258.0,2533.0,2334.0,2597.0,2578.0,2451.0,2602.0,2339.0,2493.0,2620.0,2456.0,2304.0,2671.0,2378.0,2545.0,9791.0,258.0,2506.0,2382.0,2651.0,2582.0,2460.0,2682.0,2475.0,2532.0,2484.0,2450.0,2394.0,2632.0,2364.0,2569.0,9731.0,288.0,2467.0,2349.0,2625.0,2556.0,2429.0,2662.0,2401.0,2469.0,2581.0,2470.0,2340.0,2629.0,2648.0,2500.0,9597.0,281.0,2465.0,2342.0,2533.0,2526.0,2472.0,2590.0,2368.0,2675.0,2422.0,2492.0,2251.0,2528.0,2412.0,2490.0,9641.0,346.0,2421.0,2390.0,2634.0,2542.0,2363.0,2610.0,2692.0,2529.0,2432.0,2455.0,2361.0,2647.0,2365.0,2567.0,9735.0,222.0,2549.0,2373.0,2626.0,2531.0,2440.0,2533.0,2367.0,2485.0,2481.0,2419.0,2332.0,2597.0,2344.0,2486.0,9723.0,243.0,2592.0,2292.0,2621.0,2628.0,2390.0,2513.0,2325.0,2415.0,2386.0,2337.0,2313.0,2512.0,2315.0,2562.0,9803.0,259.0,2436.0,2488.0,2562.0,2475.0,2444.0,2487.0,2373.0,2453.0,2405.0,2371.0,2297.0,2570.0,2313.0,2404.0,9737.0,160.0,2425.0,2275.0,2511.0,2435.0,2376.0,2453.0,2259.0,2305.0,2334.0,2327.0,2260.0,2696.0,2260.0,2451.0,vips
19971.0,10924.0,12410.0,13086.0,12600.0,13233.0,12401.0,12756.0,12744.0,12889.0,12778.0,12748.0,12443.0,12489.0,13141.0,12532.0,8094.0,22.0,1440.0,2024.0,1662.0,2270.0,1596.0,1903.0,1919.0,2172.0,2062.0,2102.0,1621.0,1643.0,2103.0,1531.0,8207.0,79.0,1503.0,2175.0,2202.0,2239.0,1771.0,1993.0,2113.0,2255.0,2183.0,2196.0,1830.0,1868.0,2192.0,1936.0,8290.0,132.0,1562.0,2191.0,2172.0,1976.0,1780.0,1995.0,2103.0,2366.0,2383.0,2212.0,1776.0,2068.0,2339.0,1758.0,8216.0,92.0,1679.0,2096.0,1803.0,1577.0,1789.0,2030.0,2102.0,2367.0,2411.0,2038.0,1866.0,2420.0,2337.0,2244.0,8254.0,75.0,1670.0,2006.0,1832.0,1563.0,1957.0,2019.0,2060.0,2319.0,2590.0,2010.0,1801.0,2361.0,2493.0,2320.0,8131.0,63.0,1488.0,1955.0,1908.0,1566.0,1822.0,2047.0,2062.0,2430.0,2719.0,2105.0,1744.0,1997.0,2473.0,1709.0,8165.0,109.0,1546.0,2080.0,1943.0,1552.0,1620.0,2299.0,2124.0,2428.0,2924.0,2006.0,1742.0,1886.0,2568.0,1727.0,8213.0,128.0,1595.0,2134.0,2010.0,1708.0,1834.0,2550.0,2277.0,2518.0,2866.0,2252.0,1845.0,1856.0,2631.0,1766.0,8223.0,169.0,1567.0,2106.0,1954.0,1628.0,1751.0,2537.0,2149.0,2524.0,2684.0,2124.0,1765.0,1725.0,2710.0,1657.0,8146.0,155.0,1544.0,2111.0,1783.0,1612.0,1696.0,2129.0,2289.0,2565.0,2340.0,2128.0,1771.0,1757.0,2498.0,1699.0,8034.0,126.0,1464.0,2085.0,1730.0,1506.0,1562.0,1983.0,2577.0,2432.0,2190.0,2132.0,1662.0,1665.0,2371.0,1638.0,8040.0,69.0,1556.0,2160.0,1756.0,1564.0,1654.0,2082.0,2422.0,2478.0,2209.0,2273.0,1706.0,1709.0,2367.0,1691.0,8198.0,92.0,1548.0,2207.0,1766.0,1668.0,1676.0,2092.0,2209.0,2363.0,2169.0,2298.0,1759.0,1673.0,2436.0,1740.0,8195.0,169.0,1554.0,2197.0,1778.0,1621.0,1680.0,2080.0,2245.0,2659.0,2351.0,2353.0,1822.0,1709.0,2328.0,1717.0,8310.0,86.0,1538.0,2147.0,1761.0,1735.0,1641.0,2016.0,2089.0,2375.0,2145.0,2308.0,1784.0,1752.0,2268.0,1632.0,vips
24702.0,15160.0,16943.0,16996.0,16957.0,17014.0,16784.0,16943.0,16833.0,16964.0,16793.0,17020.0,17056.0,16853.0,17038.0,17062.0,9178.0,32.0,1975.0,1883.0,1952.0,1971.0,2006.0,2037.0,1888.0,1978.0,1856.0,1849.0,2012.0,1990.0,1919.0,1842.0,9362.0,204.0,2120.0,2027.0,2073.0,2141.0,2187.0,2244.0,2029.0,2150.0,2047.0,2077.0,2112.0,2123.0,2078.0,2056.0,9822.0,218.0,2211.0,2135.0,2199.0,2162.0,2233.0,2305.0,2224.0,2214.0,2078.0,2134.0,2213.0,2175.0,2147.0,2101.0,9623.0,234.0,2199.0,2322.0,2181.0,2140.0,2191.0,2465.0,2068.0,2367.0,2157.0,2087.0,2195.0,2154.0,2200.0,2067.0,9596.0,247.0,2199.0,2025.0,2145.0,2145.0,2218.0,2167.0,2042.0,2563.0,2411.0,1928.0,2165.0,2383.0,2359.0,1969.0,9148.0,238.0,2357.0,2033.0,2110.0,2294.0,2164.0,2231.0,2018.0,2569.0,2343.0,1960.0,2106.0,2127.0,2395.0,2057.0,9305.0,285.0,2166.0,2101.0,2246.0,2240.0,2244.0,2348.0,2046.0,2534.0,2245.0,2112.0,2261.0,2439.0,2351.0,2110.0,9443.0,233.0,2307.0,2248.0,2242.0,2204.0,2276.0,2366.0,2133.0,2513.0,2195.0,2174.0,2279.0,2212.0,2370.0,2156.0,9319.0,257.0,2207.0,2130.0,2215.0,2237.0,2288.0,2322.0,2128.0,2321.0,2129.0,2027.0,2240.0,2209.0,2372.0,2076.0,9164.0,302.0,2255.0,2178.0,2190.0,2265.0,2308.0,2376.0,2114.0,2322.0,2137.0,2230.0,2220.0,2250.0,2488.0,2134.0,9066.0,267.0,2164.0,2104.0,2161.0,2173.0,2180.0,2201.0,2041.0,2233.0,2205.0,2101.0,2160.0,2172.0,2152.0,2062.0,9321.0,176.0,2178.0,2107.0,2206.0,2169.0,2205.0,2224.0,2051.0,2200.0,2118.0,2133.0,2191.0,2119.0,2095.0,2068.0,9204.0,257.0,2177.0,2112.0,2181.0,2208.0,2194.0,2230.0,2105.0,2197.0,2070.0,2144.0,2168.0,2154.0,2097.0,2033.0,9325.0,325.0,2300.0,2163.0,2230.0,2285.0,2294.0,2348.0,2165.0,2581.0,2318.0,2184.0,2268.0,2274.0,2221.0,2160.0,9312.0,228.0,2343.0,2123.0,2192.0,2212.0,2253.0,2283.0,2016.0,2176.0,2102.0,2215.0,2385.0,2171.0,2119.0,2116.0,vips
970.0,873.0,819.0,863.0,842.0,847.0,802.0,820.0,819.0,5166.0,794.0,803.0,817.0,858.0,853.0,846.0,51.0,12.0,4.0,7.0,6.0,4.0,3.0,6.0,5.0,2306.0,4.0,2.0,4.0,7.0,5.0,2.0,30.0,18.0,1.0,6.0,6.0,2.0,1.0,2.0,1.0,2315.0,3.0,0.0,3.0,4.0,6.0,3.0,57.0,15.0,1.0,5.0,7.0,6.0,1.0,4.0,2.0,2374.0,2.0,4.0,4.0,7.0,2.0,7.0,39.0,17.0,2.0,3.0,13.0,4.0,1.0,3.0,1.0,1717.0,2.0,5.0,5.0,3.0,4.0,17.0,42.0,15.0,3.0,5.0,12.0,2.0,3.0,2.0,2.0,1740.0,4.0,2.0,2.0,5.0,4.0,5.0,13.0,11.0,1.0,4.0,4.0,3.0,2.0,2.0,2.0,1670.0,1.0,0.0,2.0,2.0,2.0,6.0,26.0,12.0,2.0,3.0,7.0,4.0,1.0,3.0,4.0,2168.0,1.0,2.0,1.0,2.0,4.0,3.0,23.0,13.0,0.0,2.0,13.0,1.0,1.0,1.0,2.0,1680.0,3.0,1.0,2.0,4.0,3.0,5.0,19.0,15.0,1.0,4.0,9.0,2.0,0.0,1.0,0.0,1674.0,4.0,3.0,1.0,0.0,0.0,2.0,14.0,10.0,3.0,5.0,15.0,5.0,1.0,3.0,3.0,1683.0,2.0,3.0,2.0,3.0,1.0,6.0,18.0,6.0,2.0,2.0,7.0,3.0,1.0,3.0,2.0,1836.0,1.0,1.0,4.0,4.0,4.0,4.0,28.0,11.0,3.0,4.0,14.0,0.0,2.0,2.0,3.0,1722.0,4.0,1.0,2.0,6.0,3.0,3.0,51.0,11.0,3.0,4.0,12.0,4.0,2.0,1.0,2.0,1722.0,3.0,4.0,3.0,5.0,8.0,5.0,49.0,8.0,3.0,3.0,11.0,3.0,4.0,1.0,5.0,1717.0,2.0,2.0,4.0,7.0,6.0,7.0,41.0,13.0,2.0,2.0,25.0,4.0,4.0,1.0,3.0,1686.0,3.0,2.0,2.0,4.0,4.0,2.0,vips
19676.0,11425.0,13435.0,13572.0,13348.0,13444.0,13190.0,13184.0,13188.0,12862.0,12807.0,12875.0,13273.0,13362.0,13346.0,13512.0,7823.0,25.0,2074.0,2104.0,1899.0,1993.0,1882.0,2005.0,1924.0,1824.0,1745.0,1808.0,2082.0,2019.0,1977.0,2259.0,7965.0,180.0,2314.0,2304.0,2145.0,2206.0,2169.0,2242.0,2150.0,1997.0,1949.0,1966.0,2283.0,2334.0,2199.0,2520.0,7991.0,170.0,2290.0,2412.0,2142.0,2295.0,2132.0,2230.0,2181.0,2094.0,2001.0,1983.0,2290.0,2315.0,2246.0,2638.0,7925.0,148.0,2241.0,2364.0,2062.0,2146.0,2155.0,2180.0,2075.0,2003.0,1962.0,1945.0,2228.0,2267.0,2199.0,2454.0,7944.0,159.0,2279.0,2388.0,2118.0,2188.0,2316.0,2128.0,2157.0,2030.0,1970.0,1966.0,2266.0,2252.0,2232.0,2495.0,7900.0,156.0,2455.0,2391.0,2184.0,2260.0,2105.0,2136.0,2142.0,2058.0,1952.0,1985.0,2317.0,2318.0,2180.0,2487.0,7867.0,183.0,2333.0,2365.0,2364.0,2162.0,2152.0,2186.0,2130.0,2049.0,1995.0,1950.0,2262.0,2485.0,2232.0,2491.0,7832.0,151.0,2190.0,2382.0,2146.0,2222.0,2087.0,2211.0,2177.0,2078.0,1999.0,2006.0,2340.0,2232.0,2250.0,2538.0,7694.0,93.0,2116.0,2212.0,1989.0,2034.0,1922.0,2068.0,1932.0,1850.0,1872.0,1820.0,2198.0,2141.0,2338.0,2407.0,7663.0,75.0,2073.0,2226.0,1969.0,2088.0,1940.0,2063.0,1999.0,1927.0,1880.0,1832.0,2078.0,2153.0,2098.0,2271.0,7675.0,79.0,2070.0,2142.0,1925.0,2025.0,1950.0,2031.0,1999.0,1869.0,1843.0,1789.0,2022.0,2111.0,2072.0,2242.0,7837.0,156.0,2214.0,2286.0,2116.0,2175.0,2117.0,2211.0,2078.0,2076.0,1981.0,1922.0,2222.0,2277.0,2159.0,2705.0,7993.0,213.0,2323.0,2340.0,2183.0,2462.0,2171.0,2494.0,2116.0,2045.0,2040.0,1994.0,2282.0,2274.0,2176.0,2517.0,7821.0,82.0,2167.0,2221.0,1955.0,2093.0,1982.0,2089.0,2027.0,1959.0,1842.0,1853.0,2147.0,2184.0,2055.0,2383.0,7965.0,198.0,2330.0,2352.0,2126.0,2210.0,2111.0,2175.0,2134.0,2032.0,1962.0,1993.0,2438.0,2246.0,2237.0,2465.0,vips
25280.0,14447.0,16238.0,16256.0,16004.0,16190.0,15970.0,16190.0,16268.0,16249.0,16015.0,16021.0,16331.0,16161.0,16278.0,16577.0,10520.0,37.0,1909.0,1895.0,1753.0,1820.0,1901.0,1925.0,1924.0,2305.0,1900.0,1947.0,1934.0,1922.0,1869.0,2010.0,9321.0,299.0,2076.0,2060.0,1994.0,2043.0,2106.0,2129.0,2369.0,2502.0,2228.0,2119.0,2180.0,2157.0,2124.0,2399.0,9024.0,272.0,2094.0,2078.0,1951.0,2021.0,2127.0,2153.0,2465.0,2400.0,2145.0,2107.0,2122.0,2406.0,2338.0,2277.0,8941.0,213.0,2074.0,2139.0,1928.0,2260.0,2095.0,2226.0,2061.0,2142.0,2130.0,2162.0,2122.0,2112.0,2864.0,2147.0,9017.0,204.0,2087.0,2095.0,2031.0,1991.0,2321.0,2297.0,2110.0,2096.0,2117.0,2158.0,2121.0,2052.0,3225.0,2086.0,8791.0,211.0,2121.0,2068.0,1949.0,1954.0,2023.0,2846.0,2052.0,2080.0,2048.0,2114.0,2092.0,2096.0,3041.0,2084.0,8939.0,197.0,2438.0,2661.0,2208.0,2413.0,2318.0,2444.0,2235.0,2148.0,2075.0,2131.0,2306.0,2390.0,2445.0,2075.0,9080.0,195.0,2238.0,2667.0,2015.0,2484.0,2210.0,2135.0,2376.0,2177.0,2098.0,2091.0,2545.0,2188.0,2085.0,2049.0,8897.0,197.0,2073.0,2096.0,1920.0,1969.0,2077.0,2126.0,2253.0,2059.0,2262.0,2350.0,2679.0,2011.0,2103.0,2053.0,8868.0,217.0,2168.0,2071.0,1933.0,1974.0,1996.0,2110.0,2093.0,2142.0,2046.0,2131.0,2936.0,2059.0,2038.0,2135.0,8776.0,160.0,1990.0,2008.0,1866.0,1830.0,1994.0,2038.0,2080.0,2014.0,2049.0,2061.0,2593.0,1950.0,2266.0,2235.0,9082.0,265.0,2168.0,2155.0,1966.0,2040.0,2200.0,2201.0,2132.0,2229.0,2210.0,2220.0,2369.0,2171.0,2134.0,2800.0,8924.0,241.0,2106.0,2123.0,2153.0,2097.0,2110.0,2225.0,2082.0,2145.0,2128.0,2168.0,2169.0,2080.0,2055.0,2791.0,9066.0,231.0,2093.0,2106.0,1964.0,2006.0,2113.0,2132.0,2070.0,2113.0,2150.0,2155.0,2457.0,2054.0,2062.0,2479.0,9371.0,272.0,2131.0,2109.0,1949.0,2024.0,2102.0,2181.0,2123.0,2203.0,2135.0,2177.0,2323.0,2103.0,2093.0,2308.0,vips
22307.0,12939.0,15137.0,15384.0,15746.0,15963.0,15234.0,14643.0,15204.0,14464.0,14606.0,14566.0,15055.0,15257.0,15247.0,15188.0,8979.0,30.0,2235.0,2450.0,2731.0,2826.0,2351.0,1956.0,2479.0,1941.0,2025.0,2068.0,2455.0,2513.0,2387.0,2269.0,9057.0,116.0,2381.0,2572.0,2832.0,2877.0,2591.0,2071.0,2645.0,2116.0,2208.0,2205.0,2566.0,2682.0,2529.0,2417.0,9077.0,143.0,2413.0,2722.0,2879.0,2989.0,2645.0,2077.0,2643.0,2128.0,2191.0,2264.0,2719.0,2859.0,2554.0,2554.0,9077.0,143.0,2349.0,2699.0,2893.0,3022.0,2525.0,2077.0,2604.0,2110.0,2184.0,2251.0,2589.0,2658.0,2608.0,2479.0,9148.0,141.0,2391.0,2761.0,3005.0,2968.0,2610.0,2086.0,2593.0,2126.0,2170.0,2237.0,2641.0,2664.0,2604.0,2455.0,9033.0,108.0,2394.0,2728.0,2844.0,2928.0,2514.0,2074.0,2586.0,2069.0,2208.0,2291.0,2555.0,2686.0,2540.0,2507.0,8961.0,104.0,2373.0,2634.0,2847.0,2913.0,2580.0,1998.0,2520.0,2187.0,2180.0,2179.0,2550.0,2582.0,2485.0,2426.0,8992.0,125.0,2490.0,2846.0,2949.0,3025.0,2659.0,2149.0,2653.0,2148.0,2252.0,2280.0,2705.0,2734.0,2622.0,2563.0,8879.0,126.0,2400.0,2621.0,2923.0,3022.0,2563.0,2286.0,2517.0,1987.0,2215.0,2231.0,2555.0,2570.0,2487.0,2352.0,8914.0,96.0,2319.0,2666.0,2871.0,2972.0,2497.0,2000.0,2602.0,2062.0,2088.0,2232.0,2525.0,2637.0,2458.0,2411.0,8842.0,103.0,2311.0,2640.0,2792.0,2883.0,2417.0,2002.0,2524.0,2005.0,2168.0,2136.0,2513.0,2550.0,2520.0,2361.0,8965.0,133.0,2353.0,2730.0,2865.0,2920.0,2608.0,2076.0,2631.0,2060.0,2155.0,2212.0,2581.0,2655.0,2632.0,2504.0,9083.0,166.0,2442.0,3091.0,2914.0,3024.0,2589.0,2140.0,2621.0,2067.0,2189.0,2279.0,2629.0,2590.0,2647.0,2471.0,9050.0,106.0,2282.0,2617.0,2821.0,2894.0,2404.0,2011.0,2508.0,2010.0,2072.0,2217.0,2644.0,2624.0,2462.0,2376.0,9042.0,98.0,2362.0,2601.0,2895.0,3005.0,2570.0,2006.0,2564.0,2053.0,2116.0,2194.0,2685.0,2599.0,2479.0,2372.0,vips
20190.0,12125.0,15075.0,13891.0,13609.0,13753.0,13641.0,13840.0,13730.0,13866.0,13757.0,13305.0,13888.0,13630.0,14058.0,13265.0,7570.0,35.0,2229.0,1553.0,1557.0,1657.0,1948.0,2051.0,1633.0,1940.0,1991.0,1280.0,1380.0,1542.0,1581.0,691.0,7947.0,343.0,2630.0,1854.0,1925.0,1964.0,2790.0,2287.0,2019.0,2207.0,2330.0,1573.0,1964.0,1894.0,2042.0,1265.0,8022.0,406.0,2993.0,1874.0,1964.0,2163.0,3023.0,2403.0,1900.0,2334.0,2281.0,1660.0,1926.0,2177.0,1950.0,1159.0,7899.0,376.0,2695.0,1922.0,1951.0,2851.0,2689.0,2339.0,1864.0,2334.0,2318.0,1666.0,1775.0,2263.0,1913.0,1112.0,7916.0,353.0,2468.0,2003.0,2164.0,2471.0,2263.0,2399.0,1937.0,2202.0,2244.0,1615.0,1727.0,3434.0,1841.0,1064.0,7668.0,305.0,2289.0,2331.0,2216.0,2057.0,2132.0,2345.0,1878.0,2158.0,2136.0,1596.0,1963.0,3439.0,1704.0,1027.0,8215.0,168.0,2149.0,2548.0,1927.0,1819.0,2070.0,2118.0,1678.0,2138.0,2220.0,1401.0,2170.0,2030.0,1645.0,1358.0,8606.0,426.0,2671.0,2519.0,2111.0,2140.0,2292.0,2405.0,2077.0,2392.0,2265.0,1664.0,2278.0,2216.0,2296.0,1907.0,7639.0,214.0,2298.0,1880.0,1880.0,1818.0,2049.0,2189.0,2158.0,2067.0,2399.0,1830.0,1813.0,1677.0,1713.0,921.0,7656.0,240.0,2440.0,1923.0,1874.0,1836.0,2106.0,2315.0,2250.0,2304.0,2052.0,1796.0,2000.0,1725.0,1902.0,939.0,7596.0,198.0,2237.0,1848.0,1741.0,1714.0,2010.0,2132.0,2043.0,2180.0,2037.0,1669.0,1849.0,1653.0,2112.0,936.0,8043.0,351.0,2812.0,2113.0,1958.0,2013.0,2241.0,2380.0,2128.0,2481.0,2288.0,1870.0,1971.0,1949.0,2527.0,1221.0,7862.0,408.0,2749.0,2231.0,1965.0,1999.0,2220.0,2234.0,2138.0,2398.0,2322.0,1734.0,1895.0,1833.0,2504.0,1188.0,7971.0,332.0,2818.0,1907.0,1812.0,1915.0,2188.0,2185.0,2168.0,2234.0,2280.0,1561.0,1874.0,1918.0,2236.0,1336.0,7972.0,307.0,2856.0,1918.0,1808.0,1840.0,2136.0,2136.0,2085.0,2279.0,2205.0,1608.0,1959.0,1960.0,2311.0,1218.0,vips
25454.0,15811.0,16827.0,16633.0,17699.0,17856.0,16600.0,16654.0,16800.0,16409.0,16477.0,15346.0,17994.0,16518.0,16836.0,15462.0,10356.0,809.0,2352.0,2112.0,3098.0,3075.0,2307.0,2289.0,2340.0,2373.0,2211.0,1292.0,3071.0,2168.0,2196.0,912.0,10348.0,938.0,2416.0,2307.0,3155.0,3223.0,2353.0,2383.0,2551.0,2460.0,2389.0,1327.0,3190.0,2309.0,2301.0,845.0,10459.0,977.0,2526.0,2232.0,3291.0,3281.0,2401.0,2417.0,2473.0,2467.0,2444.0,1318.0,3093.0,2408.0,2362.0,848.0,10426.0,916.0,2387.0,2183.0,3161.0,3274.0,2371.0,2373.0,2413.0,2433.0,2348.0,1311.0,3047.0,2220.0,2249.0,792.0,10648.0,936.0,2480.0,2242.0,3277.0,3294.0,2456.0,2384.0,2464.0,2430.0,2388.0,1303.0,3317.0,2270.0,2366.0,844.0,10348.0,896.0,2379.0,2231.0,3179.0,3257.0,2392.0,2585.0,2428.0,2640.0,2438.0,1314.0,3050.0,2265.0,2276.0,788.0,10372.0,929.0,2434.0,2290.0,3188.0,3276.0,2561.0,2493.0,2489.0,2851.0,2932.0,1345.0,3174.0,2318.0,2326.0,878.0,10418.0,964.0,2501.0,2272.0,3273.0,3254.0,2502.0,2456.0,2524.0,2485.0,2446.0,1345.0,3160.0,2271.0,2378.0,877.0,10223.0,851.0,2418.0,2210.0,3204.0,3281.0,2548.0,2809.0,2463.0,2414.0,2792.0,1373.0,3120.0,2254.0,2334.0,819.0,10252.0,895.0,2458.0,2251.0,3205.0,3213.0,2454.0,2833.0,2495.0,2402.0,2370.0,1342.0,3181.0,2335.0,2312.0,833.0,10124.0,825.0,2333.0,2172.0,3147.0,3155.0,2266.0,2298.0,2423.0,2317.0,2331.0,1299.0,3015.0,2241.0,2260.0,802.0,10550.0,977.0,2358.0,2265.0,3373.0,3368.0,2481.0,2496.0,2452.0,2445.0,2424.0,1382.0,3119.0,2339.0,2286.0,884.0,10337.0,958.0,2553.0,2329.0,3167.0,3170.0,2414.0,2434.0,2519.0,2410.0,2449.0,1312.0,3161.0,2239.0,2338.0,829.0,10453.0,988.0,2452.0,2241.0,3172.0,3171.0,2350.0,2343.0,2422.0,2408.0,2330.0,1341.0,3039.0,2278.0,2280.0,855.0,10460.0,1228.0,2416.0,2220.0,3174.0,3206.0,2397.0,2411.0,2397.0,2450.0,2361.0,1340.0,3160.0,2217.0,2288.0,856.0,vips
21580.0,15897.0,15542.0,15184.0,14965.0,14819.0,14949.0,14785.0,14846.0,15049.0,14948.0,15422.0,14771.0,14941.0,14986.0,15713.0,7926.0,1602.0,1895.0,2075.0,1426.0,1487.0,1957.0,1599.0,1714.0,2012.0,1944.0,2340.0,1484.0,2675.0,1773.0,2452.0,8056.0,1665.0,2032.0,2288.0,1574.0,1494.0,1984.0,1578.0,1887.0,1945.0,1971.0,2339.0,2121.0,2491.0,1852.0,2527.0,8131.0,1789.0,2168.0,2056.0,1637.0,1529.0,1992.0,1656.0,2299.0,2039.0,2029.0,2412.0,2828.0,2214.0,1896.0,2552.0,8252.0,1933.0,2206.0,2007.0,2162.0,2041.0,2106.0,1804.0,2878.0,2140.0,2159.0,2580.0,3053.0,2020.0,2087.0,2660.0,8502.0,1854.0,2240.0,1969.0,2322.0,2355.0,2142.0,1804.0,2871.0,2158.0,2150.0,2523.0,2020.0,1960.0,1958.0,2740.0,8530.0,1716.0,1951.0,1748.0,1739.0,1961.0,1921.0,1615.0,2485.0,1988.0,2129.0,2405.0,1628.0,1725.0,1776.0,2533.0,8280.0,1724.0,2031.0,1816.0,1736.0,1967.0,2255.0,1870.0,2235.0,2220.0,2642.0,2404.0,1640.0,1772.0,1869.0,2547.0,8187.0,1872.0,2295.0,1904.0,1720.0,2072.0,2470.0,1902.0,2066.0,2174.0,2214.0,2414.0,1713.0,1953.0,1944.0,2589.0,8036.0,1759.0,1963.0,1794.0,1559.0,1994.0,2346.0,1704.0,1811.0,2022.0,2169.0,2285.0,1584.0,1788.0,1857.0,2531.0,7855.0,1610.0,2090.0,1804.0,1516.0,1756.0,2029.0,1738.0,1788.0,1999.0,1968.0,2347.0,1540.0,1733.0,1845.0,2540.0,7840.0,1677.0,2033.0,1823.0,1532.0,1551.0,1959.0,1633.0,1740.0,1975.0,2010.0,2314.0,1538.0,1751.0,1838.0,2551.0,8203.0,1871.0,2352.0,1997.0,1770.0,1816.0,2192.0,1846.0,1957.0,2233.0,2237.0,2515.0,1776.0,1976.0,2018.0,2651.0,7951.0,2129.0,2030.0,1870.0,1506.0,1616.0,1990.0,1643.0,2005.0,2014.0,1982.0,2342.0,1513.0,1730.0,1826.0,2528.0,7960.0,1773.0,2014.0,2092.0,1556.0,1613.0,2015.0,1642.0,1784.0,1948.0,1993.0,2390.0,1521.0,1748.0,1852.0,2490.0,7899.0,1972.0,1931.0,1731.0,1476.0,1521.0,1906.0,1596.0,1657.0,1930.0,1955.0,2317.0,1498.0,1716.0,1774.0,2488.0,vips
26974.0,19266.0,18446.0,18308.0,18636.0,18684.0,18323.0,17828.0,18251.0,17875.0,17758.0,19517.0,18550.0,18303.0,18037.0,17118.0,10738.0,2800.0,2809.0,2646.0,2874.0,3048.0,2979.0,2516.0,2850.0,2549.0,2295.0,2871.0,2899.0,3002.0,2310.0,1453.0,10703.0,2891.0,2719.0,2630.0,2877.0,3029.0,2764.0,2491.0,2823.0,2443.0,2239.0,2927.0,2875.0,2977.0,2340.0,1603.0,10733.0,2766.0,2751.0,2626.0,2894.0,3046.0,2735.0,2463.0,2757.0,2448.0,2301.0,3492.0,2917.0,2956.0,2374.0,1686.0,10749.0,2631.0,2696.0,2563.0,2896.0,2958.0,2718.0,2437.0,2726.0,2408.0,2232.0,2630.0,2905.0,2846.0,2292.0,1644.0,10623.0,2867.0,2684.0,2569.0,2848.0,2949.0,2712.0,2469.0,2698.0,2425.0,2287.0,2185.0,2836.0,2952.0,2309.0,1458.0,10675.0,3117.0,2749.0,2699.0,2894.0,3070.0,2802.0,2465.0,2719.0,2767.0,2400.0,1769.0,2878.0,2990.0,2366.0,1584.0,10545.0,2781.0,2662.0,2651.0,2899.0,3000.0,2722.0,2450.0,2713.0,2384.0,2219.0,2076.0,2885.0,2876.0,2338.0,1403.0,10613.0,2920.0,2876.0,2666.0,2955.0,3065.0,2679.0,2497.0,2822.0,2449.0,2230.0,2767.0,2927.0,3105.0,2384.0,1541.0,10637.0,2856.0,2790.0,2652.0,2963.0,3100.0,3152.0,2492.0,2761.0,2413.0,2655.0,1767.0,2947.0,2931.0,2349.0,1443.0,10604.0,2827.0,2810.0,2666.0,2845.0,3129.0,2858.0,2464.0,2785.0,3032.0,2196.0,2191.0,2883.0,2920.0,2317.0,1477.0,10471.0,2613.0,2649.0,2574.0,2904.0,3022.0,2551.0,2384.0,2727.0,2406.0,2159.0,2977.0,2894.0,2821.0,2291.0,1367.0,10682.0,2648.0,2713.0,2607.0,2940.0,3003.0,2710.0,2459.0,2710.0,2455.0,2174.0,2416.0,2953.0,2884.0,2321.0,1461.0,10618.0,3109.0,2787.0,2658.0,2930.0,2986.0,2717.0,2457.0,2852.0,2420.0,2238.0,3134.0,2863.0,2897.0,2338.0,1471.0,10723.0,2762.0,2695.0,2625.0,2846.0,3000.0,2574.0,2393.0,2704.0,2385.0,2157.0,3336.0,2845.0,2930.0,2239.0,1504.0,10739.0,2992.0,2765.0,2528.0,2914.0,3089.0,2724.0,2430.0,2677.0,2459.0,2186.0,2990.0,2907.0,2858.0,2316.0,1373.0,vips
22110.0,15103.0,15785.0,15297.0,15283.0,14917.0,15109.0,15442.0,15046.0,15706.0,15119.0,17757.0,15098.0,15277.0,15392.0,16412.0,8293.0,1502.0,1814.0,1774.0,1602.0,1452.0,1963.0,2128.0,1665.0,2108.0,1947.0,3230.0,1656.0,1911.0,1972.0,3008.0,8255.0,1586.0,1838.0,1719.0,1533.0,1665.0,1915.0,2096.0,1765.0,2079.0,1961.0,3095.0,1616.0,1789.0,1903.0,3024.0,8372.0,1599.0,1930.0,1834.0,1712.0,1517.0,1860.0,2189.0,2075.0,2064.0,1976.0,3950.0,1743.0,1982.0,1900.0,3037.0,8257.0,1508.0,1807.0,1749.0,1577.0,1423.0,2108.0,2068.0,1701.0,1869.0,1986.0,2944.0,1665.0,1805.0,1867.0,2962.0,8269.0,1891.0,1758.0,1717.0,1616.0,1432.0,2337.0,2012.0,1678.0,1786.0,2028.0,2456.0,1652.0,1715.0,1843.0,3068.0,8173.0,2340.0,1696.0,1685.0,1528.0,1483.0,2203.0,1916.0,1634.0,1783.0,1902.0,1916.0,1633.0,1948.0,1847.0,3020.0,8475.0,2204.0,1872.0,1789.0,1781.0,1856.0,2306.0,1863.0,2040.0,1874.0,1869.0,1702.0,1955.0,2106.0,2040.0,2996.0,8399.0,1928.0,1965.0,2102.0,1806.0,1955.0,2440.0,2017.0,2096.0,2028.0,1988.0,2601.0,1861.0,2688.0,2009.0,3163.0,8129.0,1686.0,1712.0,2124.0,1588.0,1438.0,2594.0,1848.0,1644.0,1813.0,2024.0,1827.0,1599.0,2553.0,1854.0,3006.0,8069.0,1598.0,1876.0,2267.0,1502.0,1475.0,3101.0,1885.0,1668.0,2403.0,1887.0,2359.0,1556.0,2857.0,1948.0,3114.0,7935.0,1395.0,1440.0,2218.0,1405.0,1286.0,2509.0,1749.0,1512.0,1766.0,1770.0,3438.0,1441.0,2279.0,1823.0,2851.0,8284.0,1490.0,1746.0,2014.0,1630.0,1488.0,2502.0,2036.0,1705.0,2187.0,1971.0,2728.0,1658.0,2142.0,2087.0,3048.0,8274.0,1677.0,1824.0,1895.0,1667.0,1509.0,2201.0,2154.0,1788.0,2130.0,2057.0,3783.0,1699.0,2046.0,2163.0,3100.0,8230.0,1516.0,1795.0,1917.0,1518.0,1444.0,1907.0,2199.0,1669.0,2054.0,1937.0,3812.0,1575.0,2057.0,1948.0,3031.0,8066.0,1324.0,1802.0,1529.0,1432.0,1293.0,1742.0,1994.0,1552.0,1986.0,1760.0,3324.0,1468.0,1943.0,1853.0,2883.0,vips
22481.0,13268.0,16194.0,13000.0,15986.0,16249.0,14711.0,14834.0,12718.0,14505.0,14585.0,12531.0,15639.0,15908.0,15189.0,14325.0,9173.0,611.0,3484.0,347.0,3213.0,3480.0,2266.0,2358.0,181.0,2065.0,2130.0,266.0,3008.0,3380.0,2391.0,1478.0,9172.0,671.0,3448.0,352.0,3295.0,4061.0,2300.0,2378.0,175.0,2064.0,2182.0,250.0,3019.0,3833.0,2408.0,1630.0,9194.0,650.0,3489.0,346.0,3289.0,3492.0,2292.0,2339.0,172.0,2130.0,2192.0,275.0,2990.0,3351.0,2443.0,1636.0,9170.0,614.0,3466.0,272.0,3230.0,3391.0,2214.0,2308.0,139.0,2065.0,2122.0,201.0,3038.0,3366.0,2421.0,1590.0,9219.0,651.0,3993.0,328.0,3315.0,3444.0,2293.0,2404.0,169.0,2075.0,2219.0,259.0,2988.0,3889.0,2454.0,1592.0,9107.0,596.0,3419.0,317.0,3264.0,3393.0,2253.0,2395.0,154.0,1969.0,2837.0,191.0,2935.0,3356.0,2402.0,1546.0,9199.0,595.0,3460.0,269.0,3269.0,3465.0,2241.0,2339.0,96.0,2013.0,2180.0,147.0,2995.0,3293.0,2408.0,1835.0,9214.0,647.0,3529.0,359.0,3368.0,3552.0,2314.0,2414.0,174.0,2173.0,2200.0,271.0,3122.0,3357.0,2489.0,1790.0,9063.0,634.0,3529.0,366.0,3297.0,3540.0,2252.0,2285.0,193.0,2014.0,2213.0,215.0,3026.0,3328.0,2420.0,1458.0,9077.0,618.0,3501.0,319.0,3233.0,3405.0,2917.0,2418.0,149.0,2036.0,2190.0,205.0,3010.0,3413.0,2466.0,1493.0,8931.0,559.0,3412.0,281.0,3231.0,3361.0,2176.0,2238.0,99.0,2010.0,2069.0,216.0,2915.0,3326.0,2336.0,1359.0,9171.0,607.0,3407.0,265.0,3358.0,3484.0,2263.0,2350.0,107.0,2090.0,2125.0,192.0,2986.0,3223.0,2340.0,1493.0,9197.0,666.0,4129.0,349.0,3310.0,4039.0,2300.0,2419.0,220.0,2051.0,2258.0,280.0,3002.0,3324.0,2477.0,1531.0,9202.0,629.0,3442.0,262.0,3179.0,3417.0,2179.0,2261.0,109.0,1971.0,2103.0,219.0,2958.0,3320.0,2327.0,1435.0,9212.0,593.0,3486.0,288.0,3214.0,3442.0,2208.0,2262.0,98.0,2010.0,2068.0,199.0,3034.0,3313.0,2388.0,1371.0,vips
17292.0,10204.0,11958.0,10142.0,11853.0,11626.0,11900.0,11912.0,9964.0,12405.0,11848.0,9827.0,11680.0,11590.0,12002.0,13234.0,6847.0,36.0,1529.0,47.0,1623.0,1429.0,1891.0,2110.0,59.0,2390.0,1963.0,42.0,1582.0,1554.0,1905.0,2973.0,7058.0,199.0,1774.0,193.0,1855.0,1620.0,2084.0,2817.0,233.0,2524.0,2237.0,192.0,1902.0,1664.0,2274.0,3148.0,6938.0,42.0,1651.0,37.0,1581.0,1538.0,2064.0,2319.0,49.0,2413.0,1984.0,33.0,1622.0,1581.0,1975.0,3016.0,7117.0,183.0,1889.0,193.0,1708.0,1878.0,2444.0,2167.0,211.0,2510.0,2061.0,187.0,1999.0,1890.0,2079.0,3078.0,7199.0,238.0,2214.0,234.0,2038.0,2571.0,2565.0,2062.0,268.0,2482.0,2036.0,214.0,1773.0,2054.0,2070.0,3208.0,6872.0,132.0,1919.0,146.0,1976.0,2423.0,2481.0,2027.0,123.0,2323.0,2414.0,117.0,1571.0,1797.0,1971.0,3197.0,6945.0,93.0,1808.0,81.0,1702.0,1819.0,2122.0,1919.0,97.0,2286.0,1914.0,70.0,1552.0,1763.0,2037.0,3177.0,6869.0,35.0,1713.0,38.0,1624.0,1877.0,2095.0,1945.0,51.0,2295.0,1935.0,33.0,1567.0,1699.0,2054.0,3167.0,6863.0,109.0,1557.0,106.0,1560.0,1842.0,1928.0,1918.0,117.0,2235.0,1892.0,97.0,1574.0,1672.0,1956.0,3074.0,6856.0,149.0,1623.0,149.0,1615.0,1639.0,2262.0,2005.0,119.0,2295.0,1927.0,125.0,1629.0,1563.0,2231.0,3147.0,6731.0,22.0,1363.0,22.0,1465.0,1437.0,1755.0,1768.0,32.0,2221.0,1769.0,15.0,1735.0,1441.0,1843.0,2913.0,6951.0,127.0,1668.0,122.0,1726.0,1622.0,2030.0,2007.0,138.0,2364.0,2013.0,112.0,1972.0,1654.0,2024.0,3107.0,7070.0,216.0,1741.0,207.0,1811.0,1966.0,2030.0,2042.0,242.0,2538.0,2023.0,207.0,2110.0,1627.0,2043.0,3187.0,6937.0,122.0,1616.0,89.0,1725.0,1539.0,1978.0,2205.0,116.0,2456.0,1896.0,78.0,1903.0,1560.0,1955.0,3150.0,6854.0,41.0,1636.0,39.0,1605.0,1441.0,1901.0,1865.0,58.0,2460.0,1832.0,37.0,1763.0,1495.0,1834.0,3134.0,vips
244.0,102.0,34.0,86.0,79.0,92.0,66.0,49.0,45.0,8675.0,44.0,28.0,53.0,78.0,115.0,105.0,58.0,7.0,8.0,6.0,7.0,6.0,13.0,6.0,4.0,8440.0,4.0,5.0,7.0,4.0,9.0,8.0,23.0,6.0,5.0,6.0,9.0,7.0,47.0,3.0,4.0,8432.0,4.0,4.0,4.0,5.0,11.0,3.0,42.0,6.0,5.0,5.0,4.0,5.0,15.0,3.0,6.0,8921.0,6.0,3.0,3.0,4.0,8.0,5.0,45.0,5.0,0.0,4.0,6.0,5.0,26.0,3.0,4.0,9094.0,3.0,0.0,2.0,6.0,6.0,6.0,53.0,5.0,2.0,5.0,3.0,5.0,15.0,6.0,3.0,9164.0,3.0,2.0,4.0,4.0,6.0,4.0,22.0,2.0,2.0,0.0,3.0,2.0,9.0,6.0,5.0,9087.0,3.0,2.0,3.0,3.0,5.0,7.0,33.0,8.0,2.0,4.0,3.0,3.0,16.0,3.0,1.0,9209.0,4.0,3.0,6.0,4.0,6.0,5.0,29.0,4.0,2.0,3.0,1.0,4.0,12.0,2.0,3.0,9062.0,2.0,2.0,3.0,4.0,6.0,3.0,22.0,3.0,2.0,3.0,6.0,3.0,13.0,2.0,2.0,8557.0,4.0,0.0,2.0,4.0,4.0,2.0,28.0,5.0,2.0,3.0,4.0,5.0,13.0,3.0,3.0,8408.0,4.0,5.0,3.0,5.0,7.0,3.0,18.0,6.0,0.0,3.0,4.0,3.0,8.0,1.0,1.0,8443.0,3.0,0.0,4.0,0.0,1.0,5.0,32.0,6.0,1.0,2.0,4.0,5.0,23.0,2.0,1.0,8399.0,2.0,3.0,2.0,7.0,2.0,3.0,44.0,7.0,2.0,5.0,6.0,3.0,13.0,6.0,5.0,8408.0,4.0,1.0,5.0,5.0,7.0,2.0,64.0,3.0,2.0,7.0,2.0,8.0,49.0,6.0,4.0,8608.0,5.0,5.0,4.0,4.0,5.0,8.0,51.0,2.0,1.0,5.0,3.0,3.0,33.0,5.0,4.0,8426.0,5.0,5.0,4.0,3.0,4.0,6.0,vips
22545.0,13807.0,16503.0,15890.0,16229.0,16217.0,15969.0,15471.0,14657.0,15333.0,15755.0,13076.0,14145.0,15922.0,15670.0,14955.0,8689.0,288.0,3155.0,2574.0,3000.0,2905.0,2794.0,2442.0,1547.0,2216.0,2758.0,85.0,798.0,2804.0,2444.0,1583.0,8906.0,350.0,3168.0,2634.0,3142.0,3038.0,2799.0,2494.0,1574.0,2327.0,2755.0,134.0,898.0,2903.0,2454.0,1813.0,8834.0,270.0,3154.0,2584.0,3038.0,2912.0,2718.0,2413.0,1488.0,2280.0,2715.0,63.0,775.0,2816.0,2370.0,1590.0,9186.0,313.0,3234.0,2691.0,3108.0,2939.0,2818.0,2444.0,1579.0,2355.0,2749.0,134.0,873.0,2836.0,2434.0,1525.0,9172.0,350.0,3257.0,2691.0,3153.0,3000.0,2852.0,2478.0,1565.0,2396.0,2802.0,140.0,921.0,2936.0,2482.0,1521.0,9204.0,340.0,3266.0,2667.0,3121.0,3014.0,2827.0,2577.0,1517.0,2390.0,3314.0,161.0,835.0,2905.0,2629.0,1649.0,9189.0,306.0,3166.0,2664.0,3099.0,2993.0,2854.0,2446.0,1553.0,2343.0,2859.0,115.0,876.0,2879.0,2542.0,1545.0,8911.0,279.0,3179.0,2542.0,3078.0,3020.0,2791.0,2454.0,1530.0,2319.0,2733.0,91.0,929.0,2816.0,2448.0,1655.0,8652.0,349.0,3234.0,2649.0,3205.0,3021.0,2842.0,2407.0,1578.0,2339.0,2714.0,152.0,929.0,2912.0,2453.0,1574.0,8553.0,400.0,3263.0,2673.0,3172.0,3061.0,3235.0,2464.0,1559.0,2406.0,2800.0,177.0,898.0,2956.0,3078.0,1776.0,8384.0,221.0,3035.0,2529.0,2941.0,2783.0,2593.0,2269.0,1415.0,2196.0,2599.0,18.0,689.0,2736.0,2276.0,1677.0,8704.0,374.0,3208.0,2625.0,3160.0,2986.0,2853.0,2510.0,1691.0,2367.0,2775.0,157.0,956.0,2894.0,2420.0,1906.0,8628.0,426.0,3288.0,2680.0,3165.0,3077.0,2797.0,2473.0,1546.0,2343.0,2714.0,132.0,894.0,2845.0,2399.0,1883.0,8671.0,436.0,3232.0,2647.0,3061.0,3009.0,3007.0,2727.0,1601.0,2342.0,3100.0,145.0,914.0,2851.0,2433.0,1780.0,8609.0,325.0,3243.0,2613.0,3040.0,2948.0,2766.0,2371.0,1570.0,2259.0,2736.0,66.0,827.0,2814.0,2371.0,1633.0,vips
19432.0,12792.0,13413.0,13112.0,12797.0,12975.0,13003.0,13127.0,13188.0,12911.0,13009.0,11106.0,12776.0,12801.0,13356.0,12868.0,7429.0,1138.0,1556.0,1481.0,1371.0,1483.0,1660.0,1812.0,1918.0,1945.0,1578.0,36.0,1091.0,1539.0,1792.0,1293.0,7641.0,1301.0,1743.0,1691.0,1559.0,1645.0,1846.0,2000.0,2104.0,2045.0,1809.0,197.0,1335.0,1715.0,1970.0,1455.0,7672.0,1273.0,1769.0,2103.0,1563.0,1658.0,1813.0,2008.0,2095.0,1870.0,1799.0,168.0,1275.0,1675.0,1967.0,1442.0,7630.0,1291.0,1688.0,1983.0,1546.0,1616.0,2193.0,1983.0,2108.0,1805.0,1811.0,178.0,1368.0,1688.0,1974.0,1460.0,7640.0,1310.0,1777.0,1747.0,1576.0,1658.0,2555.0,2035.0,2108.0,1762.0,1949.0,206.0,1355.0,1678.0,2030.0,1447.0,7532.0,1390.0,1658.0,1783.0,1590.0,1661.0,2575.0,2129.0,2189.0,1838.0,2323.0,242.0,1301.0,1816.0,2252.0,1490.0,7538.0,1262.0,1734.0,1681.0,1664.0,1697.0,2490.0,2202.0,2118.0,1809.0,2353.0,192.0,1242.0,1787.0,2481.0,1398.0,7443.0,1179.0,1940.0,1697.0,1646.0,1844.0,2087.0,2202.0,2021.0,1753.0,2316.0,59.0,1190.0,1957.0,2040.0,1323.0,7459.0,1221.0,1690.0,1708.0,1521.0,1637.0,2296.0,1925.0,2049.0,1656.0,2356.0,151.0,1326.0,1884.0,1944.0,1411.0,7543.0,1390.0,1747.0,1796.0,1611.0,1680.0,2761.0,2013.0,2157.0,1803.0,2556.0,256.0,1395.0,1715.0,1968.0,1497.0,7241.0,1026.0,1258.0,1561.0,1268.0,1368.0,1553.0,1689.0,1864.0,1539.0,2088.0,15.0,1070.0,1399.0,1682.0,1239.0,7494.0,1248.0,1585.0,1787.0,1504.0,1594.0,1839.0,1917.0,2033.0,1765.0,2088.0,86.0,1202.0,1522.0,1933.0,1401.0,7589.0,1396.0,1797.0,1964.0,1573.0,1964.0,1884.0,2044.0,2135.0,1825.0,1939.0,244.0,1353.0,1646.0,2020.0,1482.0,7698.0,1489.0,1772.0,1793.0,1617.0,1730.0,2229.0,2407.0,2139.0,1896.0,2002.0,242.0,1370.0,1762.0,1989.0,1500.0,7559.0,1299.0,1672.0,1557.0,1379.0,1529.0,1743.0,1898.0,2004.0,1674.0,1733.0,88.0,1305.0,1546.0,1852.0,1365.0,vips
24292.0,16780.0,16464.0,16578.0,17566.0,17660.0,16882.0,16055.0,15921.0,17360.0,17254.0,13770.0,15951.0,14675.0,16410.0,17068.0,9268.0,2458.0,2088.0,2264.0,3307.0,3370.0,2772.0,2057.0,1982.0,3413.0,3115.0,92.0,1651.0,567.0,2158.0,2557.0,9315.0,2521.0,2134.0,2304.0,3373.0,3338.0,2747.0,2065.0,1973.0,3511.0,3155.0,126.0,1667.0,638.0,2195.0,2662.0,9155.0,2473.0,2178.0,2366.0,3429.0,3404.0,2824.0,2054.0,1935.0,3445.0,3144.0,106.0,1694.0,573.0,2182.0,2520.0,9005.0,2508.0,2135.0,2264.0,3354.0,3261.0,2733.0,2048.0,1889.0,3536.0,3071.0,92.0,1564.0,559.0,2190.0,2494.0,9125.0,2551.0,2190.0,2312.0,3539.0,3513.0,3149.0,2155.0,1910.0,4071.0,3753.0,155.0,1816.0,630.0,2290.0,2624.0,8928.0,2627.0,2184.0,2360.0,3391.0,3661.0,2898.0,2150.0,1949.0,3652.0,3484.0,189.0,1713.0,632.0,2207.0,2598.0,8999.0,2483.0,2122.0,2312.0,3297.0,3444.0,2882.0,2146.0,1957.0,3600.0,3297.0,104.0,1724.0,558.0,2509.0,2683.0,8977.0,2543.0,2117.0,2329.0,3393.0,3331.0,2734.0,2074.0,1957.0,3498.0,3095.0,86.0,1677.0,547.0,2167.0,2462.0,8954.0,2509.0,2144.0,2300.0,3440.0,3746.0,2936.0,2057.0,1877.0,3549.0,3443.0,147.0,1678.0,595.0,2174.0,2537.0,8944.0,2625.0,2164.0,2353.0,3402.0,3759.0,2920.0,2168.0,1939.0,3800.0,3180.0,183.0,1904.0,648.0,2243.0,2674.0,8685.0,2344.0,1928.0,2151.0,3252.0,3266.0,2690.0,1921.0,1729.0,3422.0,3027.0,15.0,1482.0,442.0,2076.0,2410.0,9105.0,2540.0,2222.0,2323.0,3388.0,3410.0,2762.0,2048.0,1944.0,3383.0,3150.0,95.0,1643.0,578.0,2188.0,2844.0,9036.0,2577.0,2242.0,2351.0,3434.0,3489.0,2867.0,2176.0,1928.0,3576.0,3216.0,158.0,1696.0,623.0,2308.0,2594.0,9054.0,2571.0,2230.0,2302.0,3301.0,3384.0,2805.0,2378.0,1924.0,3495.0,3118.0,119.0,1650.0,604.0,2137.0,2593.0,9197.0,2627.0,2286.0,2331.0,3355.0,3338.0,2903.0,2130.0,1925.0,3661.0,3203.0,108.0,1992.0,641.0,2270.0,2635.0,vips
21449.0,15783.0,15704.0,14987.0,13768.0,13789.0,13647.0,14012.0,14536.0,13741.0,13585.0,12000.0,13720.0,15496.0,14107.0,13702.0,8781.0,3243.0,2782.0,2511.0,1520.0,1546.0,1521.0,1905.0,2345.0,1758.0,1518.0,139.0,1527.0,3537.0,1854.0,1399.0,8851.0,3216.0,2785.0,2802.0,1953.0,1617.0,1630.0,1993.0,2437.0,1735.0,1540.0,145.0,1608.0,3418.0,1900.0,1787.0,8897.0,3364.0,3184.0,2740.0,1879.0,1818.0,1976.0,2216.0,2428.0,1777.0,1796.0,134.0,1560.0,3361.0,1941.0,2333.0,8775.0,3202.0,2839.0,2693.0,2077.0,2680.0,2052.0,2105.0,2415.0,1738.0,2211.0,114.0,1556.0,3317.0,1963.0,2421.0,8799.0,3260.0,2917.0,2655.0,2114.0,2480.0,1529.0,1904.0,2370.0,2198.0,1884.0,116.0,1612.0,3460.0,1925.0,2142.0,8622.0,3163.0,2836.0,2572.0,1751.0,1739.0,1573.0,1867.0,2353.0,2556.0,1937.0,112.0,1484.0,3379.0,1895.0,1687.0,8629.0,3151.0,2826.0,2500.0,1604.0,1737.0,1504.0,1846.0,2340.0,2066.0,1741.0,91.0,1886.0,3293.0,2356.0,1529.0,8690.0,3157.0,2735.0,2586.0,1599.0,1647.0,1622.0,1836.0,2378.0,1993.0,1609.0,67.0,1808.0,3292.0,1909.0,1516.0,8614.0,3191.0,2743.0,2542.0,1553.0,1661.0,1571.0,1796.0,2323.0,1679.0,1494.0,113.0,1547.0,3297.0,1833.0,1425.0,8690.0,3239.0,2807.0,2566.0,1595.0,1558.0,2054.0,1905.0,2369.0,1728.0,1517.0,146.0,1551.0,3406.0,1846.0,1533.0,8428.0,3063.0,2532.0,2477.0,1383.0,1278.0,1431.0,1667.0,2194.0,1502.0,1322.0,14.0,1255.0,3205.0,1657.0,1276.0,8578.0,3185.0,2779.0,2507.0,1534.0,1506.0,1667.0,1822.0,2317.0,1646.0,1501.0,66.0,1528.0,3213.0,1853.0,1450.0,8712.0,3532.0,3016.0,2672.0,1569.0,1544.0,1906.0,1840.0,2387.0,1700.0,1525.0,111.0,1582.0,3354.0,1842.0,1496.0,8667.0,3140.0,2794.0,2492.0,1467.0,1516.0,1618.0,2062.0,2332.0,1625.0,1424.0,78.0,1503.0,3218.0,1804.0,1383.0,8660.0,3124.0,2929.0,2460.0,1439.0,1446.0,1492.0,1805.0,2294.0,1580.0,1364.0,60.0,1451.0,3327.0,1752.0,1383.0,vips
24109.0,16049.0,16764.0,16605.0,16584.0,17186.0,16977.0,16899.0,16419.0,17401.0,16643.0,13965.0,17816.0,15661.0,16889.0,16735.0,9157.0,1640.0,1913.0,2109.0,2321.0,2797.0,2872.0,2958.0,1917.0,3199.0,2738.0,249.0,2789.0,1584.0,2528.0,2482.0,9413.0,1797.0,2089.0,2175.0,2374.0,2861.0,2908.0,2934.0,2022.0,3367.0,2790.0,308.0,2981.0,1698.0,2597.0,2511.0,9255.0,1975.0,2242.0,2097.0,2343.0,2804.0,2825.0,2906.0,1904.0,3285.0,2688.0,217.0,2987.0,1550.0,2633.0,2474.0,9003.0,2540.0,2659.0,1994.0,2284.0,2759.0,2716.0,2877.0,1805.0,3197.0,2674.0,195.0,2637.0,1733.0,2520.0,2425.0,9036.0,2212.0,2818.0,2096.0,2283.0,2759.0,2794.0,3018.0,1745.0,3326.0,2656.0,203.0,2487.0,2145.0,2668.0,2402.0,8903.0,1669.0,2257.0,2270.0,2268.0,2726.0,2732.0,2854.0,1678.0,3273.0,2651.0,193.0,1937.0,2123.0,2520.0,2395.0,8876.0,1606.0,2077.0,2431.0,2357.0,2799.0,2846.0,2814.0,1762.0,3475.0,2654.0,187.0,1835.0,1542.0,2917.0,2433.0,8944.0,1709.0,2745.0,2590.0,2331.0,2783.0,2916.0,2896.0,1804.0,3291.0,2718.0,215.0,2362.0,1665.0,2625.0,2520.0,8892.0,1570.0,2018.0,2390.0,2299.0,2832.0,2868.0,3063.0,1677.0,3243.0,2713.0,198.0,2183.0,1465.0,2567.0,2418.0,8847.0,1621.0,1997.0,2379.0,2342.0,2809.0,3047.0,2907.0,1737.0,3307.0,2679.0,231.0,2340.0,1515.0,2501.0,2489.0,8538.0,1247.0,1509.0,2096.0,2080.0,2521.0,2544.0,2706.0,1570.0,3038.0,2468.0,16.0,2658.0,1190.0,2278.0,2244.0,9119.0,1605.0,1820.0,2275.0,2322.0,2699.0,2809.0,2861.0,2039.0,3258.0,2680.0,139.0,2489.0,1437.0,2407.0,2464.0,9116.0,1836.0,1998.0,2251.0,2330.0,2807.0,2844.0,3012.0,2068.0,3323.0,2740.0,224.0,2730.0,1478.0,2540.0,2404.0,9144.0,1774.0,2015.0,2269.0,2430.0,2772.0,2887.0,4642.0,2139.0,3350.0,2786.0,270.0,3198.0,1569.0,2528.0,2424.0,8939.0,1655.0,1917.0,2127.0,2317.0,2761.0,2805.0,2839.0,2121.0,3299.0,2647.0,113.0,2837.0,1376.0,2493.0,2389.0,vips
21848.0,15685.0,15440.0,15366.0,15206.0,14589.0,14317.0,14440.0,14755.0,14279.0,14280.0,12666.0,17489.0,15314.0,13738.0,15087.0,8540.0,2686.0,2249.0,2350.0,2234.0,1502.0,1607.0,1561.0,1940.0,1605.0,1576.0,96.0,3196.0,2512.0,795.0,2094.0,8534.0,2622.0,2256.0,2392.0,2304.0,1539.0,1659.0,1567.0,1980.0,1608.0,1641.0,106.0,3594.0,2566.0,896.0,2132.0,8602.0,2683.0,2340.0,2427.0,2326.0,1610.0,1628.0,1632.0,2037.0,1703.0,1632.0,129.0,3534.0,2595.0,906.0,2210.0,8588.0,2697.0,2394.0,2442.0,2342.0,1563.0,1658.0,2036.0,2056.0,1711.0,1686.0,134.0,2983.0,2599.0,921.0,2285.0,8700.0,2630.0,2327.0,2431.0,2366.0,1671.0,1690.0,2790.0,2005.0,2837.0,1711.0,126.0,2518.0,2543.0,886.0,2295.0,8461.0,2693.0,2333.0,2437.0,2426.0,1693.0,1790.0,2607.0,2036.0,2682.0,1982.0,134.0,1866.0,2594.0,1026.0,2531.0,8604.0,2741.0,2384.0,2444.0,2483.0,1913.0,1931.0,2564.0,2100.0,2427.0,1867.0,188.0,1748.0,2596.0,1239.0,2502.0,8509.0,2698.0,2315.0,2472.0,2504.0,1619.0,1846.0,2223.0,2024.0,2077.0,1683.0,94.0,2607.0,2543.0,928.0,2501.0,8471.0,2743.0,2360.0,2406.0,2464.0,1584.0,1669.0,2095.0,2053.0,1904.0,1628.0,157.0,2336.0,2601.0,915.0,2268.0,8450.0,2695.0,2342.0,2427.0,2250.0,1538.0,1897.0,1870.0,2013.0,1804.0,1619.0,130.0,2433.0,2576.0,871.0,2156.0,8279.0,2500.0,2090.0,2224.0,2114.0,1343.0,1376.0,1637.0,1859.0,1495.0,1450.0,16.0,3364.0,2436.0,785.0,1997.0,8481.0,2704.0,2292.0,2403.0,2279.0,1618.0,1620.0,1828.0,2012.0,1658.0,1637.0,101.0,2657.0,2539.0,1107.0,2115.0,8465.0,2768.0,2306.0,2396.0,2239.0,1527.0,1606.0,1714.0,1962.0,1640.0,1605.0,85.0,3111.0,2509.0,1217.0,2125.0,8554.0,2729.0,2405.0,2381.0,2358.0,1595.0,1667.0,2187.0,2072.0,1667.0,1684.0,177.0,3985.0,2603.0,1263.0,2209.0,8595.0,2750.0,2430.0,2439.0,2404.0,1533.0,1611.0,1651.0,2056.0,1684.0,1622.0,137.0,3499.0,2586.0,948.0,2244.0,vips
23755.0,15671.0,15837.0,16108.0,16153.0,17319.0,17020.0,17049.0,15768.0,17286.0,17018.0,13807.0,17321.0,15283.0,15349.0,16192.0,8762.0,1479.0,1369.0,1795.0,1982.0,3228.0,3092.0,3083.0,1483.0,3353.0,3202.0,119.0,2895.0,1412.0,1156.0,1946.0,8826.0,1545.0,1423.0,1820.0,1919.0,3211.0,2986.0,3135.0,1559.0,3225.0,3102.0,133.0,2938.0,1535.0,1082.0,1959.0,8982.0,1562.0,1548.0,1856.0,1989.0,3173.0,3163.0,3100.0,1598.0,3378.0,3306.0,126.0,2966.0,1489.0,1153.0,1920.0,9409.0,1733.0,1499.0,1907.0,1987.0,3255.0,3049.0,3013.0,1531.0,3415.0,3185.0,131.0,2788.0,1840.0,1141.0,1933.0,9380.0,1851.0,1487.0,1922.0,2022.0,3371.0,3239.0,3846.0,1590.0,3739.0,3281.0,191.0,2897.0,1833.0,1192.0,1977.0,8996.0,1529.0,1403.0,1822.0,1921.0,3311.0,3121.0,3167.0,1519.0,3512.0,3407.0,161.0,2570.0,1448.0,1091.0,1906.0,9159.0,1566.0,1432.0,1966.0,2075.0,3736.0,3220.0,3228.0,1577.0,3784.0,3391.0,203.0,2760.0,1460.0,1220.0,1966.0,9029.0,1592.0,1493.0,2243.0,2005.0,3228.0,3079.0,3171.0,1600.0,3214.0,3178.0,119.0,2761.0,1459.0,1174.0,1964.0,8747.0,1563.0,1428.0,1976.0,2101.0,3534.0,3244.0,3483.0,1450.0,3327.0,3472.0,217.0,2772.0,1423.0,1237.0,2037.0,8595.0,1511.0,1417.0,1781.0,1953.0,3278.0,3141.0,3156.0,1450.0,3567.0,3149.0,166.0,2702.0,1405.0,1137.0,1956.0,8449.0,1247.0,1147.0,1646.0,1846.0,3127.0,2854.0,2947.0,1274.0,3225.0,3042.0,14.0,2753.0,1203.0,1007.0,1775.0,8853.0,1534.0,1478.0,1840.0,2045.0,3511.0,3149.0,3316.0,1518.0,3479.0,3213.0,116.0,2740.0,1373.0,1162.0,1977.0,8605.0,1569.0,1529.0,1793.0,1983.0,3297.0,3023.0,3071.0,1404.0,3286.0,3123.0,107.0,2830.0,1332.0,1136.0,1924.0,8819.0,1558.0,1530.0,1785.0,1954.0,3203.0,3061.0,3074.0,1490.0,3373.0,3138.0,140.0,3073.0,1406.0,1144.0,1952.0,8906.0,1476.0,1586.0,1856.0,2271.0,3348.0,3128.0,3056.0,1604.0,3507.0,3199.0,131.0,3019.0,1445.0,1199.0,1919.0,vips
23240.0,16067.0,15089.0,16440.0,15931.0,14913.0,14762.0,14807.0,16030.0,14498.0,14423.0,12610.0,14402.0,16101.0,15726.0,16040.0,9047.0,2785.0,1667.0,2985.0,2718.0,1559.0,1618.0,1733.0,2979.0,1480.0,1630.0,68.0,1413.0,3133.0,2497.0,2711.0,9058.0,2799.0,1781.0,3098.0,2756.0,1549.0,1649.0,1753.0,3006.0,1557.0,1725.0,88.0,1502.0,3214.0,2547.0,2694.0,9259.0,2864.0,2130.0,3208.0,2877.0,1743.0,1637.0,1759.0,3085.0,1592.0,1837.0,87.0,1510.0,3169.0,2557.0,2844.0,9129.0,2890.0,2361.0,3145.0,2855.0,1867.0,1682.0,1963.0,3026.0,1615.0,2572.0,136.0,1542.0,3265.0,2611.0,3342.0,9156.0,2802.0,2365.0,3150.0,2853.0,2080.0,1736.0,1895.0,3069.0,1635.0,2464.0,100.0,1745.0,3211.0,2589.0,2798.0,8975.0,2815.0,2250.0,3140.0,2817.0,1999.0,1639.0,1853.0,3053.0,1618.0,2103.0,100.0,1525.0,3188.0,2572.0,2764.0,9058.0,2882.0,2113.0,3176.0,2854.0,2027.0,1671.0,1774.0,3013.0,1627.0,1788.0,119.0,1508.0,3192.0,2618.0,2831.0,9058.0,2883.0,2082.0,3183.0,2845.0,1950.0,1726.0,1753.0,3041.0,1700.0,1733.0,108.0,1593.0,3288.0,2629.0,2867.0,8985.0,2903.0,1828.0,3123.0,2766.0,1594.0,1705.0,1725.0,3093.0,1521.0,1623.0,142.0,1520.0,3231.0,2691.0,2765.0,8900.0,2902.0,1814.0,3200.0,2834.0,1500.0,1764.0,1635.0,3009.0,1520.0,1543.0,106.0,1451.0,3201.0,2592.0,2681.0,8658.0,2675.0,1457.0,2899.0,2599.0,1339.0,1461.0,1414.0,2829.0,1344.0,1432.0,12.0,1246.0,2978.0,2417.0,2571.0,9016.0,2822.0,1708.0,3080.0,2749.0,2086.0,1729.0,1566.0,2990.0,1519.0,1632.0,63.0,1486.0,3204.0,2525.0,2695.0,8991.0,2852.0,1639.0,3018.0,2792.0,1526.0,1696.0,1703.0,3076.0,1564.0,1561.0,73.0,1463.0,3214.0,2550.0,2776.0,9033.0,2792.0,1716.0,3086.0,2710.0,1450.0,1647.0,1545.0,2984.0,1485.0,1542.0,62.0,1457.0,3148.0,2454.0,2605.0,9158.0,2925.0,1847.0,3112.0,2966.0,1573.0,1894.0,1651.0,3125.0,1548.0,1614.0,101.0,1444.0,3247.0,2557.0,2712.0,vips
19213.0,12918.0,14872.0,12584.0,12856.0,14406.0,14038.0,14055.0,12734.0,13702.0,13913.0,11867.0,14395.0,12764.0,13027.0,12744.0,6963.0,1255.0,3105.0,965.0,1095.0,2639.0,2609.0,2588.0,1247.0,2210.0,2594.0,249.0,2710.0,1199.0,1120.0,950.0,6924.0,1293.0,2982.0,991.0,1098.0,2615.0,2513.0,2620.0,1186.0,2199.0,2519.0,305.0,2690.0,1172.0,1058.0,966.0,7122.0,1471.0,3226.0,1166.0,1390.0,2782.0,2741.0,2765.0,1379.0,2574.0,2727.0,404.0,2774.0,1417.0,1147.0,1121.0,7116.0,1493.0,3213.0,1278.0,1255.0,2765.0,2696.0,2769.0,1384.0,3608.0,2714.0,587.0,2765.0,1418.0,1382.0,1297.0,6963.0,1447.0,3243.0,1253.0,1196.0,2703.0,2679.0,2666.0,1271.0,3194.0,2658.0,353.0,3318.0,1300.0,1143.0,1275.0,6760.0,1487.0,3170.0,1315.0,1190.0,2714.0,2655.0,2653.0,1359.0,2558.0,2667.0,318.0,2763.0,1811.0,1153.0,1282.0,6795.0,1391.0,3201.0,1223.0,1033.0,2681.0,2685.0,2693.0,1292.0,2427.0,2693.0,311.0,2686.0,1684.0,1091.0,1275.0,6912.0,1401.0,3253.0,1197.0,1189.0,2767.0,2769.0,2845.0,1395.0,2489.0,2767.0,389.0,2817.0,1613.0,1196.0,1443.0,6812.0,1290.0,3212.0,1057.0,1094.0,2725.0,2703.0,2664.0,1193.0,2313.0,2699.0,305.0,2736.0,1349.0,1114.0,1187.0,6688.0,1288.0,3113.0,1046.0,1097.0,2692.0,2675.0,2702.0,1230.0,2290.0,2697.0,333.0,2766.0,1372.0,1112.0,1169.0,6710.0,1129.0,2911.0,855.0,979.0,2507.0,2433.0,2446.0,997.0,2030.0,2469.0,130.0,2539.0,1192.0,1035.0,935.0,7122.0,1297.0,3084.0,1028.0,1069.0,2971.0,2746.0,2623.0,1259.0,2260.0,2682.0,364.0,2711.0,1334.0,1103.0,1060.0,7313.0,1612.0,3242.0,1173.0,1241.0,2740.0,2703.0,2730.0,1563.0,2319.0,2729.0,375.0,2795.0,1325.0,1238.0,1209.0,7114.0,1329.0,3279.0,976.0,1152.0,2699.0,2635.0,2687.0,1461.0,2282.0,2666.0,483.0,2712.0,1245.0,1291.0,1227.0,7241.0,1403.0,3366.0,1052.0,1349.0,2825.0,2812.0,2796.0,1480.0,2356.0,2805.0,603.0,2873.0,1398.0,1579.0,1082.0,vips
16616.0,11002.0,12814.0,11239.0,11078.0,11393.0,11079.0,11441.0,10901.0,11618.0,11226.0,9705.0,11226.0,10785.0,11037.0,11043.0,6131.0,1145.0,2397.0,1291.0,1150.0,1436.0,1564.0,1800.0,1253.0,1911.0,1584.0,141.0,1519.0,1094.0,1143.0,1134.0,6098.0,1200.0,2090.0,1294.0,1203.0,1547.0,1650.0,1793.0,1286.0,2003.0,1688.0,225.0,1601.0,1110.0,1186.0,1170.0,6098.0,1183.0,1972.0,1273.0,1207.0,1521.0,1588.0,1780.0,1319.0,2050.0,1700.0,155.0,1578.0,1093.0,1140.0,1138.0,6079.0,1174.0,2020.0,1335.0,1172.0,1511.0,1576.0,1870.0,1242.0,2055.0,1697.0,253.0,1548.0,1112.0,1291.0,1227.0,6134.0,1200.0,2052.0,1327.0,1188.0,1574.0,1724.0,1964.0,1309.0,2138.0,1765.0,231.0,2117.0,1095.0,1180.0,1149.0,5899.0,1152.0,1954.0,1228.0,1187.0,1570.0,1553.0,1889.0,1278.0,2010.0,1810.0,147.0,1626.0,1031.0,1136.0,1071.0,6022.0,1216.0,2469.0,1291.0,1186.0,1552.0,1628.0,1856.0,1303.0,1993.0,1636.0,193.0,1601.0,1077.0,1188.0,1119.0,5995.0,1197.0,2391.0,1338.0,1195.0,1593.0,1633.0,1824.0,1318.0,2135.0,1693.0,159.0,1644.0,1073.0,1185.0,1146.0,6006.0,1246.0,2289.0,1329.0,1245.0,1514.0,1602.0,1796.0,1343.0,1992.0,1651.0,195.0,1614.0,1139.0,1204.0,1153.0,5914.0,1195.0,2302.0,1205.0,1188.0,1454.0,1529.0,1708.0,1281.0,1958.0,1573.0,176.0,1519.0,1045.0,1172.0,1136.0,5787.0,1056.0,2285.0,1165.0,1068.0,1345.0,1395.0,1646.0,1160.0,1835.0,1489.0,84.0,1328.0,945.0,1067.0,1043.0,6070.0,1263.0,2533.0,1315.0,1251.0,1805.0,1919.0,1863.0,1329.0,2069.0,1739.0,214.0,1590.0,1114.0,1217.0,1205.0,6016.0,1210.0,2544.0,1292.0,1170.0,1497.0,1586.0,1850.0,1268.0,1976.0,1648.0,138.0,1543.0,1011.0,1156.0,1113.0,6142.0,1183.0,2474.0,1272.0,1239.0,1484.0,1550.0,1716.0,1310.0,2016.0,1550.0,208.0,1516.0,1063.0,1166.0,1152.0,6208.0,1235.0,2680.0,1331.0,1332.0,1491.0,1599.0,1803.0,1359.0,2097.0,1652.0,229.0,1512.0,1136.0,1275.0,1166.0,vips
212.0,132.0,28.0,81.0,89.0,96.0,39.0,25.0,47.0,8711.0,11.0,19.0,52.0,74.0,103.0,104.0,60.0,13.0,6.0,9.0,11.0,6.0,4.0,4.0,7.0,8449.0,7.0,6.0,7.0,11.0,21.0,18.0,18.0,17.0,2.0,3.0,3.0,2.0,1.0,3.0,3.0,8440.0,2.0,0.0,1.0,2.0,6.0,5.0,50.0,20.0,0.0,5.0,4.0,6.0,3.0,7.0,2.0,8968.0,4.0,3.0,5.0,5.0,5.0,7.0,47.0,33.0,4.0,4.0,4.0,5.0,5.0,2.0,1.0,8465.0,2.0,3.0,3.0,2.0,6.0,4.0,53.0,18.0,3.0,4.0,6.0,4.0,5.0,2.0,4.0,8518.0,2.0,2.0,2.0,5.0,5.0,5.0,28.0,40.0,2.0,7.0,13.0,4.0,2.0,1.0,1.0,8439.0,2.0,0.0,6.0,2.0,28.0,7.0,18.0,11.0,1.0,5.0,4.0,4.0,1.0,2.0,2.0,8555.0,0.0,1.0,1.0,3.0,1.0,3.0,23.0,14.0,2.0,3.0,6.0,3.0,1.0,1.0,1.0,8418.0,2.0,0.0,2.0,2.0,2.0,4.0,19.0,10.0,1.0,2.0,3.0,3.0,0.0,1.0,1.0,8920.0,1.0,1.0,2.0,1.0,3.0,3.0,11.0,16.0,2.0,3.0,6.0,2.0,2.0,1.0,2.0,9053.0,1.0,1.0,3.0,2.0,3.0,4.0,13.0,12.0,1.0,4.0,3.0,2.0,1.0,1.0,1.0,9127.0,0.0,2.0,1.0,4.0,3.0,3.0,31.0,30.0,2.0,5.0,5.0,3.0,2.0,2.0,3.0,9049.0,2.0,0.0,3.0,3.0,4.0,3.0,45.0,20.0,3.0,4.0,7.0,6.0,2.0,0.0,2.0,9058.0,2.0,3.0,6.0,3.0,7.0,8.0,56.0,51.0,4.0,5.0,9.0,5.0,6.0,4.0,6.0,9290.0,4.0,3.0,5.0,8.0,9.0,8.0,60.0,42.0,3.0,4.0,8.0,6.0,3.0,3.0,3.0,8435.0,2.0,3.0,4.0,7.0,9.0,7.0,vips
26806.0,18894.0,18124.0,18699.0,18175.0,19182.0,18911.0,18856.0,19090.0,17676.0,18613.0,18795.0,19247.0,18669.0,18043.0,18468.0,10201.0,2725.0,2071.0,2671.0,2057.0,3013.0,3032.0,2947.0,3664.0,1876.0,2886.0,2451.0,3185.0,2998.0,1926.0,2073.0,10103.0,2739.0,2076.0,2550.0,2053.0,2986.0,3080.0,2991.0,3083.0,1940.0,2887.0,2778.0,3193.0,2890.0,1955.0,2070.0,10147.0,2940.0,2099.0,2526.0,2053.0,3010.0,3005.0,2953.0,3207.0,1886.0,2831.0,2804.0,3129.0,2965.0,1921.0,2019.0,10136.0,2826.0,2045.0,2498.0,1991.0,3059.0,2979.0,2871.0,3134.0,1910.0,2822.0,2157.0,3140.0,2857.0,2003.0,2017.0,10185.0,2849.0,2110.0,2522.0,2047.0,3035.0,3103.0,3017.0,3155.0,2115.0,2874.0,1948.0,3361.0,2914.0,1962.0,2032.0,9987.0,2769.0,2065.0,2547.0,2079.0,3099.0,3008.0,2963.0,3209.0,2109.0,2866.0,1384.0,3225.0,2983.0,1932.0,2001.0,10037.0,2731.0,2079.0,2553.0,2021.0,3063.0,3054.0,2990.0,3042.0,2109.0,2913.0,1258.0,3131.0,2870.0,1912.0,1993.0,10121.0,3366.0,2156.0,2646.0,2087.0,3099.0,3086.0,3088.0,3154.0,2189.0,2908.0,1869.0,3211.0,3010.0,1975.0,2057.0,10007.0,2788.0,2104.0,2586.0,2015.0,3084.0,3066.0,3001.0,3096.0,1879.0,2924.0,1393.0,3186.0,2875.0,1955.0,2033.0,9961.0,2765.0,2029.0,2569.0,1990.0,2987.0,3047.0,2931.0,3170.0,1878.0,2840.0,1751.0,3130.0,2881.0,1906.0,2001.0,9828.0,2604.0,1992.0,2477.0,1977.0,2950.0,2933.0,2798.0,2969.0,1825.0,2762.0,2418.0,3021.0,2851.0,1855.0,1976.0,10117.0,2791.0,2185.0,2575.0,2061.0,3166.0,3237.0,2973.0,3117.0,2014.0,2976.0,2004.0,3110.0,2916.0,1965.0,2052.0,10020.0,2850.0,2032.0,2556.0,2020.0,3016.0,2967.0,2918.0,3210.0,1831.0,2873.0,2402.0,3096.0,2854.0,1918.0,2046.0,10079.0,2632.0,2043.0,2423.0,2087.0,2951.0,2969.0,2898.0,2980.0,1861.0,2845.0,2706.0,3040.0,2778.0,1841.0,1970.0,10222.0,2757.0,2096.0,2534.0,2154.0,3021.0,3053.0,2915.0,3143.0,1893.0,2890.0,2514.0,3130.0,2792.0,1923.0,1979.0,vips
21445.0,14851.0,16233.0,14960.0,14611.0,14814.0,14348.0,14709.0,14230.0,15298.0,14338.0,16844.0,14436.0,14674.0,14815.0,14693.0,8234.0,1916.0,2795.0,1814.0,1736.0,1736.0,1657.0,1946.0,1901.0,2761.0,1741.0,3374.0,1646.0,1692.0,1769.0,1782.0,8368.0,2145.0,2848.0,1789.0,1844.0,1826.0,1728.0,2110.0,1627.0,2795.0,1820.0,3839.0,1697.0,1855.0,1853.0,1856.0,8313.0,2130.0,2894.0,1702.0,1835.0,1694.0,1607.0,2044.0,1693.0,2720.0,1695.0,3934.0,1569.0,1773.0,1775.0,1759.0,8508.0,1869.0,2896.0,1726.0,1788.0,1675.0,1546.0,1904.0,2389.0,2735.0,1706.0,2927.0,1586.0,1814.0,1921.0,2009.0,8501.0,1841.0,3006.0,1777.0,1992.0,1803.0,1692.0,1849.0,3003.0,2891.0,1882.0,2533.0,1888.0,1605.0,1771.0,1950.0,8167.0,1689.0,2820.0,1724.0,2051.0,1735.0,1670.0,1744.0,2422.0,2722.0,1680.0,1888.0,2244.0,1541.0,1727.0,1826.0,8321.0,1705.0,2861.0,1734.0,2264.0,1786.0,1804.0,1639.0,1967.0,2764.0,1660.0,1715.0,2059.0,1576.0,1783.0,1829.0,8386.0,2325.0,2811.0,1892.0,2255.0,1895.0,1826.0,1737.0,1956.0,2845.0,1733.0,2599.0,2064.0,1729.0,1896.0,1972.0,8099.0,1581.0,2771.0,1757.0,1809.0,1619.0,1752.0,1628.0,1670.0,2715.0,1573.0,1869.0,1817.0,1516.0,1743.0,1785.0,8139.0,1627.0,2898.0,1805.0,1762.0,1817.0,1796.0,1656.0,1695.0,2781.0,1609.0,2322.0,2001.0,1677.0,1732.0,1858.0,7935.0,1515.0,2553.0,1773.0,1607.0,1523.0,1517.0,1467.0,1532.0,2607.0,1420.0,3393.0,1512.0,1502.0,1552.0,1623.0,8354.0,1809.0,2778.0,2094.0,1837.0,1795.0,1786.0,1778.0,1789.0,2808.0,1886.0,2799.0,1807.0,1723.0,1897.0,1905.0,8201.0,1606.0,2839.0,2004.0,1724.0,1721.0,1686.0,1711.0,1582.0,2757.0,1684.0,3653.0,1677.0,1554.0,1753.0,1743.0,8225.0,1743.0,2768.0,2009.0,1920.0,1566.0,1584.0,1603.0,1434.0,2588.0,1571.0,3761.0,1576.0,1600.0,1630.0,1789.0,8159.0,1869.0,2812.0,1868.0,1744.0,1714.0,1567.0,1693.0,1474.0,2724.0,1596.0,3478.0,1514.0,1840.0,2023.0,1748.0,vips
26457.0,18260.0,17634.0,18084.0,17976.0,18043.0,17828.0,17710.0,17974.0,17261.0,17474.0,15749.0,17657.0,18005.0,18094.0,18415.0,10382.0,2688.0,2239.0,2628.0,2490.0,2340.0,2510.0,2578.0,2663.0,1858.0,2372.0,612.0,2419.0,2754.0,2635.0,2796.0,10339.0,2699.0,2210.0,2701.0,2537.0,2401.0,2537.0,2560.0,2686.0,1876.0,2374.0,708.0,2425.0,2795.0,2651.0,2887.0,10329.0,2647.0,2083.0,2675.0,2495.0,2252.0,2447.0,2485.0,2618.0,1787.0,2337.0,649.0,2329.0,2777.0,2614.0,2773.0,10609.0,2649.0,2185.0,2719.0,2452.0,2263.0,2495.0,2525.0,2669.0,1796.0,2336.0,544.0,2319.0,2770.0,2941.0,2957.0,10414.0,2744.0,2346.0,2780.0,2542.0,2403.0,2584.0,2593.0,2698.0,1878.0,2434.0,579.0,2419.0,2869.0,2770.0,2969.0,10291.0,2676.0,2113.0,2795.0,2576.0,2352.0,2493.0,2558.0,2712.0,1891.0,2380.0,482.0,2394.0,2852.0,2642.0,2901.0,10221.0,2657.0,2053.0,2736.0,2517.0,2251.0,2473.0,2501.0,2612.0,1830.0,2376.0,384.0,2379.0,2780.0,2677.0,2731.0,10332.0,2713.0,2131.0,2788.0,2621.0,2396.0,2562.0,2659.0,2703.0,1971.0,2412.0,529.0,2455.0,2811.0,2658.0,2916.0,10297.0,2675.0,2113.0,2696.0,2536.0,2307.0,2501.0,2558.0,2641.0,1910.0,2394.0,395.0,2378.0,2781.0,2646.0,2788.0,10210.0,2718.0,2056.0,2796.0,2520.0,2323.0,2497.0,2535.0,2646.0,1981.0,2411.0,494.0,2370.0,2835.0,2666.0,2801.0,10023.0,2542.0,1940.0,2614.0,2427.0,2176.0,2320.0,2369.0,2518.0,1944.0,2255.0,546.0,2281.0,2673.0,2541.0,2748.0,10294.0,2714.0,2146.0,2785.0,2538.0,2379.0,2556.0,2569.0,2713.0,2261.0,2449.0,583.0,2456.0,2827.0,2674.0,2861.0,10256.0,2684.0,2071.0,2666.0,2473.0,2347.0,2447.0,2502.0,2651.0,2180.0,2361.0,621.0,2324.0,2733.0,2677.0,2775.0,10417.0,2756.0,2203.0,2784.0,2616.0,2379.0,2559.0,2570.0,2708.0,2383.0,2425.0,742.0,2408.0,2881.0,2701.0,4065.0,10479.0,2699.0,2155.0,2728.0,2650.0,2378.0,2492.0,2491.0,2697.0,2208.0,2382.0,643.0,2393.0,2785.0,2838.0,2806.0,vips
19076.0,12885.0,14180.0,13288.0,13125.0,13127.0,12912.0,13008.0,12701.0,13891.0,12756.0,11264.0,13080.0,13006.0,13022.0,13055.0,7140.0,1468.0,2361.0,1505.0,1492.0,1610.0,1703.0,1585.0,1765.0,2776.0,1570.0,112.0,1558.0,1533.0,1519.0,1375.0,7138.0,1500.0,2321.0,1494.0,1546.0,1704.0,1789.0,1679.0,1424.0,2751.0,1806.0,115.0,1651.0,1492.0,1512.0,1392.0,7503.0,1523.0,2447.0,1582.0,1674.0,1749.0,2133.0,1686.0,1498.0,2810.0,1871.0,153.0,1771.0,1595.0,1613.0,1498.0,7785.0,1520.0,2593.0,1763.0,1609.0,1677.0,2147.0,1749.0,1501.0,2859.0,1757.0,188.0,1731.0,1656.0,1960.0,1521.0,7296.0,1489.0,2422.0,1586.0,1572.0,1652.0,2247.0,1681.0,1453.0,2790.0,1577.0,126.0,1605.0,1606.0,1575.0,1511.0,7100.0,1492.0,2477.0,1614.0,1825.0,1807.0,1806.0,1846.0,1489.0,2819.0,1585.0,185.0,1583.0,1508.0,1806.0,1570.0,7176.0,1485.0,2429.0,1515.0,1659.0,1801.0,1716.0,2070.0,1419.0,2786.0,1607.0,107.0,1573.0,1481.0,1877.0,1819.0,7183.0,1619.0,2489.0,1617.0,1641.0,1697.0,1808.0,2155.0,1483.0,2814.0,1678.0,106.0,1697.0,1606.0,1922.0,2604.0,6999.0,1451.0,2335.0,1501.0,1443.0,1572.0,1711.0,2108.0,1377.0,2754.0,1541.0,119.0,1539.0,1459.0,1690.0,2387.0,6912.0,1403.0,2420.0,1478.0,1496.0,1519.0,1638.0,1852.0,1383.0,2735.0,1525.0,93.0,1782.0,1388.0,1494.0,2115.0,6947.0,1290.0,2171.0,1414.0,1378.0,1486.0,1557.0,1511.0,1297.0,2631.0,1463.0,24.0,1393.0,1339.0,1486.0,1778.0,7271.0,1521.0,2354.0,1579.0,1524.0,1637.0,1696.0,1605.0,1459.0,2809.0,1638.0,84.0,1605.0,1509.0,1635.0,2075.0,7301.0,1535.0,2497.0,1605.0,1561.0,1590.0,1696.0,1651.0,1492.0,2782.0,1614.0,122.0,1617.0,1480.0,1597.0,2021.0,7304.0,1772.0,2490.0,1648.0,1578.0,1669.0,1795.0,1688.0,1510.0,2799.0,1617.0,190.0,1628.0,1569.0,1679.0,2106.0,7331.0,1487.0,2576.0,1634.0,1544.0,1663.0,1757.0,1693.0,1505.0,2887.0,1654.0,172.0,1640.0,1614.0,1622.0,1741.0,vips
27289.0,19213.0,17390.0,18442.0,18335.0,18478.0,17606.0,17629.0,18642.0,17083.0,18296.0,15405.0,18113.0,18631.0,19121.0,19026.0,10848.0,3146.0,1682.0,2681.0,2260.0,2821.0,2093.0,2186.0,3269.0,1627.0,2937.0,194.0,2380.0,3057.0,3162.0,3164.0,10571.0,3017.0,1701.0,2517.0,2277.0,2684.0,2021.0,2150.0,2834.0,1558.0,2804.0,144.0,2350.0,2941.0,3115.0,3021.0,10882.0,3270.0,1760.0,2583.0,2322.0,2704.0,2022.0,2197.0,3036.0,1512.0,2834.0,188.0,2336.0,2946.0,3151.0,3043.0,10723.0,3105.0,1794.0,2618.0,2351.0,2686.0,2067.0,2214.0,2969.0,1619.0,2873.0,211.0,2375.0,2976.0,3317.0,3020.0,10642.0,3129.0,1710.0,2586.0,2244.0,2720.0,2079.0,2132.0,2843.0,1479.0,2850.0,149.0,2287.0,2981.0,3164.0,2886.0,10503.0,3155.0,1622.0,2603.0,2276.0,2642.0,1966.0,2132.0,2863.0,1479.0,2791.0,156.0,2262.0,2953.0,3100.0,2943.0,10471.0,3013.0,1667.0,2569.0,2240.0,2800.0,1986.0,2145.0,2848.0,1383.0,2805.0,143.0,2316.0,2889.0,3107.0,2934.0,10691.0,3768.0,1810.0,2700.0,2338.0,2832.0,2100.0,2220.0,2934.0,1614.0,2877.0,173.0,2391.0,2983.0,3221.0,3146.0,10556.0,3152.0,1664.0,2493.0,2268.0,2683.0,2009.0,2123.0,2847.0,1450.0,2789.0,138.0,2293.0,2905.0,3033.0,2960.0,10414.0,3009.0,1731.0,2508.0,2265.0,2645.0,1958.0,2089.0,2817.0,1484.0,2773.0,114.0,2303.0,2919.0,3048.0,2906.0,10214.0,2820.0,1996.0,2383.0,2082.0,2471.0,1778.0,1931.0,2629.0,1396.0,2615.0,13.0,2125.0,2748.0,2883.0,2804.0,10575.0,2962.0,1961.0,2522.0,2319.0,2709.0,2055.0,2145.0,2831.0,1887.0,2788.0,119.0,2327.0,2914.0,3057.0,2929.0,10606.0,3150.0,1703.0,2545.0,2274.0,2722.0,2001.0,2115.0,2886.0,1932.0,2753.0,151.0,2353.0,2881.0,3137.0,2978.0,10655.0,3100.0,1768.0,2601.0,2467.0,2785.0,2077.0,2228.0,2888.0,1813.0,2877.0,214.0,2386.0,2955.0,3171.0,3031.0,10803.0,3280.0,1682.0,2638.0,2385.0,2810.0,2047.0,2166.0,3020.0,1585.0,2842.0,170.0,2371.0,2991.0,3254.0,2993.0,vips
17984.0,12419.0,13983.0,12179.0,13372.0,12854.0,13234.0,12888.0,12163.0,13620.0,11889.0,10552.0,13065.0,12003.0,12514.0,11966.0,6695.0,1328.0,3042.0,1314.0,2487.0,1875.0,2562.0,2154.0,1389.0,3026.0,1328.0,119.0,2133.0,1399.0,1513.0,1209.0,6595.0,1263.0,2934.0,1280.0,2466.0,1818.0,2532.0,2138.0,1300.0,3105.0,1382.0,66.0,2111.0,1360.0,1500.0,1182.0,6719.0,1297.0,3019.0,1306.0,2579.0,1845.0,2553.0,2132.0,1791.0,3053.0,1436.0,94.0,2149.0,1363.0,1572.0,1308.0,6793.0,1437.0,3018.0,1355.0,2605.0,1669.0,2554.0,2237.0,1417.0,3100.0,1436.0,133.0,2268.0,1340.0,1643.0,1235.0,6755.0,1479.0,2952.0,1279.0,2546.0,1601.0,2564.0,2138.0,1342.0,3022.0,1307.0,76.0,2217.0,1224.0,1535.0,1197.0,6503.0,1650.0,2950.0,1245.0,2562.0,1654.0,2453.0,2138.0,1334.0,3110.0,1275.0,79.0,2176.0,1170.0,1504.0,1349.0,6567.0,1955.0,2993.0,1258.0,2405.0,1693.0,2549.0,2136.0,1371.0,3037.0,1325.0,72.0,2063.0,1161.0,1499.0,1338.0,6684.0,1896.0,2992.0,1714.0,2621.0,1771.0,2670.0,2283.0,1599.0,3170.0,1410.0,126.0,2327.0,1376.0,1664.0,1622.0,6432.0,1485.0,3046.0,1209.0,2364.0,1527.0,2492.0,2046.0,1445.0,3051.0,1316.0,66.0,2098.0,1189.0,1467.0,1292.0,6440.0,1492.0,2999.0,1275.0,2492.0,1555.0,2492.0,2173.0,1504.0,3071.0,1308.0,87.0,2163.0,1307.0,1492.0,1408.0,6357.0,1259.0,2789.0,1164.0,2359.0,1429.0,2332.0,1994.0,1417.0,2934.0,1229.0,15.0,1968.0,1327.0,1382.0,1305.0,6729.0,1546.0,2970.0,1447.0,2457.0,1713.0,2536.0,2216.0,1673.0,3184.0,1478.0,98.0,2158.0,1446.0,1560.0,1351.0,6666.0,1611.0,2999.0,1442.0,2557.0,1647.0,2520.0,2206.0,1660.0,3073.0,1385.0,108.0,2152.0,1407.0,1560.0,1445.0,6726.0,1635.0,3094.0,1411.0,2532.0,1643.0,2522.0,2168.0,1469.0,3088.0,1371.0,130.0,2201.0,1414.0,1556.0,1293.0,6699.0,1634.0,3114.0,1325.0,2473.0,1829.0,2605.0,2178.0,1649.0,3196.0,1307.0,113.0,2145.0,1696.0,1529.0,1192.0,vips
11568.0,8870.0,9558.0,10446.0,7883.0,9022.0,7711.0,7772.0,10159.0,8971.0,8696.0,7190.0,8113.0,8626.0,7915.0,8880.0,3875.0,1243.0,1770.0,2877.0,447.0,1400.0,483.0,500.0,2959.0,1695.0,1348.0,140.0,613.0,1341.0,464.0,1360.0,3844.0,1278.0,1829.0,2861.0,505.0,1301.0,522.0,431.0,2981.0,1646.0,1295.0,93.0,597.0,1270.0,449.0,1322.0,3887.0,1227.0,1961.0,2883.0,894.0,1270.0,595.0,405.0,3222.0,1713.0,1270.0,82.0,545.0,1297.0,630.0,1313.0,3871.0,1284.0,2037.0,2930.0,941.0,1337.0,805.0,468.0,3031.0,1732.0,1269.0,118.0,632.0,1280.0,819.0,1318.0,3931.0,1247.0,2022.0,2894.0,1049.0,1340.0,1069.0,435.0,2950.0,1785.0,1484.0,112.0,598.0,1310.0,886.0,1323.0,3717.0,1213.0,1882.0,2925.0,712.0,1319.0,1108.0,393.0,2977.0,1783.0,1293.0,109.0,555.0,1267.0,760.0,1263.0,3720.0,1217.0,1846.0,2921.0,542.0,1274.0,937.0,359.0,2974.0,1763.0,1307.0,90.0,554.0,1264.0,765.0,1269.0,3737.0,1303.0,2001.0,3243.0,542.0,1387.0,631.0,446.0,3059.0,1836.0,1320.0,148.0,551.0,1335.0,723.0,1393.0,3785.0,1200.0,1840.0,2895.0,420.0,1309.0,507.0,413.0,2928.0,1590.0,1297.0,87.0,528.0,1265.0,562.0,1281.0,3793.0,1249.0,1881.0,2905.0,421.0,1449.0,495.0,422.0,2998.0,1618.0,1294.0,108.0,629.0,1304.0,541.0,1311.0,3613.0,1089.0,1591.0,2769.0,308.0,1153.0,341.0,330.0,2838.0,1495.0,1166.0,9.0,490.0,1158.0,394.0,1181.0,3803.0,1243.0,1897.0,2898.0,491.0,1417.0,576.0,551.0,2995.0,1730.0,1297.0,116.0,646.0,1324.0,540.0,1320.0,3859.0,1283.0,2057.0,2955.0,446.0,1369.0,538.0,632.0,3107.0,1625.0,1380.0,140.0,640.0,1282.0,492.0,1409.0,3915.0,1325.0,2048.0,2928.0,477.0,1403.0,555.0,615.0,3008.0,1653.0,1363.0,123.0,647.0,1350.0,462.0,1369.0,3906.0,1290.0,1990.0,2935.0,432.0,1339.0,530.0,571.0,2998.0,1663.0,1343.0,119.0,647.0,1326.0,435.0,1346.0,vips
18447.0,13314.0,14309.0,12793.0,11892.0,13704.0,11663.0,12345.0,12602.0,14535.0,13443.0,11033.0,11969.0,13914.0,12481.0,13988.0,6447.0,2033.0,3201.0,1526.0,802.0,2316.0,807.0,1349.0,1601.0,3362.0,2469.0,156.0,801.0,2725.0,1313.0,2781.0,6310.0,2049.0,3211.0,1515.0,734.0,2305.0,771.0,1267.0,1521.0,3685.0,2475.0,130.0,757.0,2620.0,1208.0,2711.0,6459.0,2056.0,3281.0,1528.0,799.0,2280.0,804.0,1241.0,2089.0,3527.0,2510.0,119.0,844.0,2717.0,1223.0,2718.0,6330.0,1985.0,3241.0,1626.0,732.0,2221.0,895.0,1278.0,1812.0,3431.0,2476.0,134.0,844.0,2657.0,1237.0,2693.0,6435.0,2094.0,3275.0,1735.0,759.0,2315.0,757.0,1283.0,2013.0,3486.0,2510.0,136.0,792.0,2746.0,1257.0,2831.0,6203.0,1938.0,3295.0,1649.0,755.0,2252.0,734.0,1221.0,1771.0,3406.0,2427.0,119.0,711.0,2651.0,1159.0,2706.0,6297.0,1962.0,3214.0,1586.0,745.0,2217.0,775.0,1231.0,1657.0,3393.0,2471.0,107.0,812.0,2698.0,1334.0,2764.0,6311.0,2017.0,3294.0,1830.0,805.0,2262.0,774.0,1300.0,1642.0,3498.0,2533.0,126.0,867.0,2756.0,1285.0,2798.0,6251.0,1945.0,3374.0,1461.0,728.0,2245.0,727.0,1252.0,1466.0,3334.0,2463.0,106.0,755.0,2592.0,1212.0,2757.0,6220.0,1965.0,3134.0,1440.0,757.0,2253.0,774.0,1272.0,1496.0,3407.0,2512.0,133.0,768.0,2736.0,1211.0,2759.0,6139.0,1823.0,3011.0,1315.0,607.0,2089.0,622.0,1079.0,1333.0,3219.0,2336.0,13.0,649.0,2516.0,1071.0,2625.0,6384.0,1981.0,3218.0,1599.0,961.0,2242.0,810.0,1294.0,1584.0,3383.0,2402.0,125.0,847.0,2698.0,1288.0,2715.0,6460.0,2089.0,3228.0,1590.0,811.0,2343.0,802.0,1339.0,1601.0,3453.0,2558.0,165.0,824.0,2700.0,1327.0,3325.0,6370.0,1940.0,3195.0,1505.0,754.0,2253.0,797.0,1388.0,1485.0,3384.0,2405.0,114.0,752.0,2703.0,1230.0,2699.0,6510.0,2082.0,3353.0,1565.0,808.0,2394.0,823.0,1376.0,1584.0,3587.0,2598.0,182.0,846.0,3079.0,1317.0,2820.0,vips
25491.0,16473.0,16419.0,17543.0,17493.0,16566.0,17576.0,16828.0,17321.0,15772.0,15794.0,14224.0,18152.0,16226.0,17108.0,16301.0,9873.0,1819.0,1522.0,2780.0,2796.0,1793.0,3117.0,2519.0,2974.0,1599.0,1562.0,148.0,2777.0,2023.0,2435.0,1556.0,9977.0,2144.0,1668.0,2839.0,2838.0,1837.0,3183.0,2512.0,3014.0,2106.0,1728.0,171.0,2755.0,1866.0,2491.0,1931.0,9981.0,1940.0,1941.0,2779.0,2860.0,1851.0,3184.0,2449.0,3085.0,2681.0,1658.0,122.0,3043.0,2402.0,2419.0,3318.0,9953.0,1754.0,2249.0,2832.0,2844.0,1732.0,3100.0,2436.0,3057.0,2711.0,1722.0,130.0,2634.0,3345.0,2455.0,3302.0,9981.0,1817.0,2374.0,2805.0,2871.0,1787.0,3228.0,2536.0,2986.0,1974.0,1907.0,145.0,2389.0,3153.0,2493.0,2019.0,9732.0,1743.0,2026.0,2799.0,2849.0,1728.0,3025.0,2416.0,2999.0,1773.0,1829.0,108.0,1935.0,2537.0,2395.0,1619.0,9737.0,1767.0,1725.0,2777.0,2769.0,2065.0,2994.0,2451.0,3015.0,1754.0,1663.0,114.0,1838.0,2251.0,2707.0,1524.0,9817.0,1887.0,1711.0,3108.0,2966.0,2169.0,3180.0,2571.0,3087.0,1812.0,1681.0,133.0,2373.0,1900.0,2468.0,1648.0,9732.0,1790.0,1577.0,2831.0,2864.0,2130.0,3138.0,2459.0,2989.0,1600.0,1624.0,154.0,2207.0,1759.0,2479.0,1547.0,9637.0,1761.0,1616.0,2841.0,2862.0,2244.0,3214.0,2435.0,3017.0,1608.0,1645.0,158.0,2266.0,1727.0,2476.0,1568.0,9442.0,1585.0,1320.0,2641.0,2647.0,1621.0,2942.0,2267.0,2809.0,1385.0,1447.0,21.0,2664.0,1568.0,2285.0,1364.0,9940.0,1857.0,1622.0,2801.0,2950.0,1950.0,3174.0,2437.0,3009.0,1599.0,1685.0,153.0,2653.0,1810.0,2459.0,1637.0,9924.0,1806.0,1716.0,2939.0,2905.0,1900.0,3189.0,2523.0,3113.0,1600.0,1676.0,193.0,2854.0,1754.0,2532.0,2113.0,9817.0,1800.0,1540.0,2784.0,2772.0,1774.0,3028.0,2750.0,2985.0,1485.0,1551.0,99.0,3057.0,1692.0,2415.0,1532.0,10150.0,1836.0,1651.0,2947.0,2926.0,1906.0,3236.0,2610.0,3167.0,1579.0,1857.0,209.0,3147.0,1864.0,2533.0,1639.0,vips
22540.0,16087.0,16093.0,15198.0,15190.0,16424.0,15056.0,15219.0,14798.0,15381.0,16051.0,13353.0,18239.0,15910.0,15461.0,16509.0,8212.0,2169.0,2044.0,1399.0,1407.0,2549.0,1564.0,1639.0,1407.0,1943.0,2616.0,72.0,3163.0,2545.0,1706.0,2835.0,8543.0,2303.0,2068.0,1420.0,1602.0,2595.0,1687.0,1725.0,1452.0,2261.0,2702.0,113.0,3262.0,2405.0,1760.0,2818.0,8642.0,2240.0,2126.0,1544.0,1554.0,2548.0,2195.0,1818.0,1795.0,1992.0,2604.0,128.0,3929.0,2376.0,1745.0,2795.0,8473.0,2171.0,2083.0,1485.0,1599.0,2463.0,2307.0,1935.0,1493.0,1987.0,2607.0,102.0,2979.0,2341.0,1665.0,2778.0,8980.0,2317.0,2076.0,1396.0,1475.0,2515.0,1736.0,2184.0,1397.0,1969.0,2589.0,87.0,2409.0,2450.0,1647.0,2759.0,8861.0,2189.0,2040.0,1342.0,1479.0,2544.0,1782.0,2630.0,1389.0,1958.0,2578.0,91.0,1816.0,2362.0,1579.0,2785.0,8296.0,2275.0,2051.0,1517.0,1511.0,2556.0,1854.0,2657.0,1591.0,2042.0,2585.0,127.0,1663.0,2358.0,2133.0,2768.0,8187.0,2281.0,2058.0,1660.0,1789.0,2614.0,1922.0,2321.0,2468.0,2044.0,2651.0,129.0,2519.0,2359.0,1810.0,2794.0,8046.0,2271.0,2134.0,1555.0,1636.0,2558.0,1642.0,1817.0,2670.0,1995.0,2639.0,91.0,2182.0,2358.0,1810.0,2766.0,8027.0,2253.0,2021.0,1636.0,1545.0,2527.0,1522.0,1645.0,2235.0,1955.0,2591.0,92.0,2199.0,2308.0,1835.0,2771.0,7935.0,2087.0,1850.0,1516.0,1444.0,2380.0,1363.0,1462.0,1613.0,1855.0,2460.0,12.0,3381.0,2202.0,1671.0,2657.0,8213.0,2213.0,2032.0,1744.0,1547.0,2526.0,1605.0,1758.0,1497.0,2042.0,2658.0,92.0,2699.0,2354.0,1821.0,2768.0,8202.0,2413.0,2113.0,1576.0,1547.0,2637.0,1619.0,1686.0,1429.0,2002.0,2615.0,99.0,3214.0,2321.0,1727.0,2745.0,8278.0,2246.0,2123.0,1394.0,1580.0,2483.0,1530.0,1890.0,1405.0,2010.0,2589.0,113.0,3810.0,2335.0,1814.0,2764.0,8265.0,2229.0,2197.0,1419.0,1429.0,2528.0,1568.0,1619.0,1349.0,1993.0,2704.0,98.0,3617.0,2344.0,1668.0,2762.0,vips
179.0,79.0,16.0,54.0,88.0,86.0,18.0,41.0,42.0,9462.0,6.0,19.0,43.0,59.0,94.0,85.0,45.0,5.0,4.0,3.0,12.0,5.0,2.0,4.0,3.0,9104.0,4.0,3.0,3.0,2.0,12.0,5.0,15.0,2.0,1.0,2.0,4.0,3.0,2.0,0.0,1.0,9101.0,0.0,1.0,3.0,1.0,1.0,0.0,31.0,6.0,4.0,3.0,5.0,3.0,2.0,1.0,5.0,9545.0,1.0,3.0,1.0,3.0,4.0,2.0,47.0,5.0,4.0,5.0,8.0,6.0,2.0,4.0,4.0,8488.0,3.0,4.0,4.0,3.0,5.0,6.0,50.0,4.0,1.0,3.0,4.0,4.0,3.0,5.0,2.0,8541.0,2.0,4.0,4.0,3.0,5.0,4.0,16.0,2.0,0.0,2.0,6.0,3.0,0.0,2.0,2.0,8457.0,0.0,2.0,2.0,3.0,5.0,3.0,25.0,2.0,2.0,2.0,3.0,3.0,1.0,0.0,2.0,8556.0,1.0,1.0,3.0,2.0,4.0,3.0,25.0,3.0,2.0,4.0,1.0,5.0,2.0,2.0,2.0,8426.0,0.0,1.0,2.0,4.0,6.0,5.0,19.0,2.0,1.0,1.0,2.0,2.0,2.0,2.0,2.0,8429.0,0.0,2.0,1.0,2.0,0.0,0.0,8.0,2.0,0.0,2.0,1.0,3.0,0.0,2.0,1.0,8420.0,0.0,0.0,1.0,1.0,3.0,2.0,15.0,1.0,1.0,0.0,2.0,3.0,2.0,2.0,1.0,8500.0,0.0,0.0,1.0,1.0,4.0,4.0,27.0,2.0,2.0,2.0,4.0,3.0,1.0,3.0,3.0,8412.0,0.0,2.0,2.0,3.0,5.0,5.0,32.0,5.0,1.0,4.0,1.0,3.0,2.0,4.0,4.0,8442.0,0.0,2.0,1.0,6.0,2.0,4.0,54.0,6.0,5.0,5.0,5.0,7.0,3.0,5.0,5.0,8643.0,3.0,5.0,5.0,3.0,5.0,6.0,45.0,5.0,4.0,6.0,6.0,6.0,2.0,3.0,6.0,9096.0,4.0,4.0,3.0,4.0,5.0,8.0,vips
25073.0,16324.0,17345.0,17498.0,17772.0,16574.0,16354.0,16850.0,17564.0,16707.0,15561.0,14008.0,17550.0,16276.0,16997.0,16089.0,9684.0,1694.0,2832.0,2830.0,3175.0,2266.0,2267.0,2508.0,3376.0,2537.0,1432.0,128.0,2743.0,1996.0,2528.0,1470.0,9593.0,1683.0,2756.0,2842.0,3111.0,1894.0,2182.0,2495.0,3331.0,2753.0,1403.0,114.0,2737.0,1774.0,2468.0,1601.0,9690.0,1719.0,2896.0,2873.0,3180.0,1961.0,2196.0,2544.0,3429.0,2610.0,1438.0,118.0,2893.0,1771.0,2520.0,1552.0,9651.0,1685.0,2916.0,2874.0,3131.0,1769.0,2189.0,2538.0,3866.0,2615.0,1494.0,160.0,2638.0,1801.0,2567.0,1539.0,9666.0,1723.0,2878.0,2859.0,3222.0,1774.0,2195.0,2565.0,3538.0,2516.0,1465.0,115.0,2526.0,1759.0,2527.0,1449.0,9415.0,1627.0,2767.0,2861.0,3184.0,1581.0,2148.0,2477.0,3294.0,2513.0,1357.0,97.0,2286.0,1677.0,2497.0,1469.0,9523.0,1665.0,2753.0,2893.0,3132.0,1676.0,2188.0,2525.0,3356.0,2522.0,1451.0,101.0,2231.0,1642.0,2590.0,1452.0,9592.0,1738.0,2865.0,2969.0,3744.0,1807.0,2246.0,2584.0,3403.0,2543.0,1533.0,172.0,2597.0,1820.0,2591.0,1613.0,9434.0,1733.0,3131.0,2808.0,3158.0,1643.0,2211.0,2525.0,3344.0,2506.0,1391.0,112.0,2379.0,1743.0,2512.0,1387.0,9421.0,1810.0,2821.0,2837.0,3187.0,1637.0,2205.0,2538.0,3425.0,2579.0,1385.0,123.0,2421.0,1802.0,2486.0,2059.0,9194.0,1849.0,2561.0,2701.0,2971.0,1503.0,2042.0,2368.0,3282.0,2440.0,1352.0,17.0,2633.0,1617.0,2368.0,1404.0,9528.0,1947.0,2728.0,2826.0,3061.0,1761.0,2216.0,2469.0,3364.0,2544.0,1541.0,92.0,2501.0,1852.0,2486.0,1567.0,9614.0,2221.0,2854.0,2891.0,3246.0,1971.0,2248.0,2556.0,3484.0,2597.0,1651.0,112.0,2729.0,1894.0,2568.0,1585.0,9571.0,1639.0,2744.0,2865.0,3126.0,1683.0,2185.0,2535.0,3326.0,2482.0,1436.0,96.0,2833.0,1889.0,2438.0,1574.0,9718.0,1676.0,2898.0,2860.0,3288.0,1904.0,2249.0,2583.0,3386.0,2572.0,1466.0,105.0,2902.0,1849.0,2553.0,1547.0,vips
21265.0,15140.0,15220.0,14152.0,14135.0,15172.0,14318.0,14078.0,13705.0,14052.0,14907.0,12274.0,13977.0,14893.0,14280.0,15250.0,7829.0,2403.0,2092.0,1386.0,1446.0,2414.0,1981.0,1537.0,1434.0,1746.0,2636.0,117.0,1423.0,2403.0,1613.0,2572.0,7886.0,2439.0,2080.0,1414.0,1582.0,2421.0,2098.0,1694.0,1460.0,2096.0,2683.0,137.0,1429.0,2433.0,1711.0,2654.0,8019.0,2399.0,2166.0,1413.0,3091.0,2366.0,2084.0,1936.0,2267.0,2207.0,2599.0,91.0,1686.0,2333.0,1687.0,2553.0,8039.0,2469.0,2180.0,1521.0,3495.0,2449.0,2121.0,2325.0,3156.0,2719.0,2680.0,190.0,1489.0,2413.0,1897.0,2625.0,8009.0,2515.0,1961.0,1520.0,1850.0,2428.0,2063.0,1997.0,2553.0,2468.0,2608.0,104.0,1420.0,2491.0,1911.0,2524.0,7688.0,2368.0,1878.0,1953.0,1466.0,2369.0,2015.0,1726.0,2056.0,2144.0,2546.0,93.0,1302.0,2298.0,1982.0,2551.0,7713.0,2416.0,2047.0,1746.0,1461.0,2382.0,2077.0,1624.0,1604.0,1920.0,2604.0,106.0,1417.0,2334.0,1828.0,2564.0,7772.0,2488.0,1968.0,1679.0,1891.0,2500.0,2042.0,1731.0,1560.0,1982.0,2713.0,181.0,1570.0,2442.0,1778.0,2659.0,7614.0,2427.0,2352.0,1442.0,1475.0,2440.0,1981.0,1643.0,1356.0,1733.0,2735.0,142.0,1519.0,2331.0,1799.0,2593.0,7614.0,2383.0,1850.0,1352.0,1400.0,2384.0,1902.0,1559.0,1364.0,1715.0,2559.0,122.0,1579.0,2346.0,1575.0,2578.0,7427.0,2243.0,1627.0,1216.0,1253.0,2248.0,1753.0,1388.0,1258.0,1577.0,2488.0,16.0,1416.0,2204.0,1461.0,2438.0,7830.0,2377.0,1903.0,1416.0,1430.0,2377.0,1954.0,1605.0,1446.0,1785.0,2591.0,75.0,1537.0,2334.0,1633.0,2542.0,7753.0,2455.0,1989.0,1386.0,1444.0,2515.0,2032.0,1577.0,1453.0,1745.0,2626.0,106.0,1459.0,2348.0,1658.0,2550.0,7844.0,2362.0,2074.0,1392.0,1415.0,2394.0,1921.0,1950.0,1393.0,1931.0,2657.0,126.0,1442.0,2334.0,1686.0,2568.0,7887.0,2457.0,2076.0,1358.0,1431.0,2458.0,1960.0,1576.0,1394.0,1759.0,2668.0,120.0,1469.0,2360.0,1622.0,2602.0,vips
25314.0,16129.0,17054.0,17503.0,16981.0,16220.0,16696.0,17610.0,17189.0,16714.0,15804.0,14189.0,17157.0,16054.0,17456.0,16119.0,10096.0,1368.0,2536.0,2817.0,2499.0,1565.0,2326.0,3056.0,2906.0,2372.0,1533.0,135.0,2777.0,1588.0,2857.0,1421.0,9873.0,1473.0,2550.0,2887.0,2554.0,1614.0,2373.0,3149.0,2850.0,2430.0,1644.0,153.0,2780.0,1623.0,2897.0,1453.0,10044.0,1408.0,2642.0,2863.0,2550.0,1603.0,2389.0,3097.0,2866.0,2403.0,1582.0,108.0,2825.0,1777.0,2896.0,1427.0,9926.0,1333.0,2572.0,2951.0,2540.0,1555.0,2260.0,3034.0,2892.0,2411.0,1608.0,125.0,2771.0,1777.0,2802.0,1476.0,10005.0,1639.0,2611.0,2864.0,2532.0,1575.0,2335.0,3176.0,2874.0,2459.0,1618.0,135.0,2757.0,2052.0,2888.0,1501.0,9844.0,1346.0,2585.0,2863.0,2516.0,1511.0,2327.0,3086.0,2837.0,2398.0,1688.0,103.0,2725.0,1679.0,2794.0,1407.0,9868.0,1422.0,2596.0,2908.0,2493.0,1587.0,2361.0,3127.0,2869.0,2428.0,1570.0,129.0,2737.0,1998.0,2938.0,1422.0,9915.0,1561.0,2634.0,2955.0,2640.0,1841.0,2374.0,3199.0,2888.0,2463.0,1637.0,133.0,2785.0,2165.0,2899.0,1688.0,9890.0,1548.0,2562.0,2874.0,2550.0,1638.0,2370.0,3143.0,2834.0,2432.0,1545.0,140.0,2786.0,1758.0,3148.0,1545.0,9762.0,1416.0,2485.0,2856.0,2490.0,1548.0,2322.0,3103.0,2787.0,2361.0,1499.0,83.0,2745.0,1581.0,2776.0,1444.0,9655.0,1223.0,2376.0,2698.0,2396.0,1379.0,2191.0,2892.0,2687.0,2227.0,1399.0,14.0,2568.0,1434.0,2713.0,1312.0,9901.0,1484.0,2593.0,2902.0,2534.0,1665.0,2350.0,3061.0,2824.0,2425.0,1585.0,97.0,2772.0,1630.0,2918.0,1476.0,9946.0,1494.0,2591.0,2923.0,2534.0,2018.0,2303.0,3131.0,2866.0,2421.0,1609.0,141.0,2793.0,1560.0,2873.0,1486.0,10001.0,1376.0,2668.0,2935.0,2539.0,1699.0,2391.0,3204.0,2877.0,2514.0,1582.0,131.0,2738.0,1573.0,2838.0,1400.0,10048.0,1320.0,2625.0,2934.0,2556.0,1619.0,2349.0,3043.0,2864.0,2380.0,1522.0,93.0,2827.0,1563.0,2804.0,1368.0,vips
21901.0,16199.0,14847.0,14573.0,14628.0,16074.0,14789.0,14450.0,14306.0,14387.0,14790.0,13541.0,14384.0,15648.0,14492.0,15735.0,8153.0,3009.0,1307.0,1281.0,1471.0,2860.0,1982.0,1542.0,1658.0,1660.0,2160.0,563.0,1242.0,2611.0,1325.0,2641.0,8223.0,3010.0,1425.0,1315.0,1581.0,2799.0,2023.0,1725.0,1600.0,1655.0,2158.0,651.0,1356.0,2608.0,1444.0,2717.0,8298.0,3090.0,1548.0,1363.0,1590.0,2814.0,2073.0,2180.0,1774.0,1795.0,2203.0,662.0,1496.0,2634.0,2044.0,2671.0,8126.0,3035.0,1677.0,1362.0,1503.0,2856.0,2044.0,2259.0,1894.0,1711.0,2165.0,687.0,1383.0,2625.0,2129.0,2637.0,8126.0,2986.0,1643.0,1366.0,1517.0,2826.0,2013.0,2152.0,1515.0,1622.0,2121.0,679.0,1351.0,2939.0,1505.0,2624.0,7842.0,3037.0,1620.0,1940.0,1624.0,2790.0,1966.0,1691.0,1408.0,1566.0,2019.0,505.0,1285.0,2629.0,1635.0,2572.0,8142.0,3032.0,1531.0,2467.0,1545.0,2755.0,2000.0,1643.0,1459.0,1658.0,2109.0,602.0,1508.0,2618.0,1761.0,2660.0,7904.0,3129.0,1444.0,2129.0,1695.0,2822.0,2041.0,1656.0,1552.0,1774.0,2256.0,623.0,1766.0,2585.0,1658.0,2754.0,7805.0,3026.0,1346.0,1669.0,1565.0,2820.0,1961.0,1513.0,1397.0,1840.0,2167.0,574.0,1614.0,2548.0,1666.0,2664.0,7750.0,3053.0,1404.0,1406.0,1679.0,2792.0,2105.0,1458.0,1374.0,1834.0,2130.0,526.0,1598.0,2601.0,1335.0,2617.0,7846.0,3003.0,1323.0,1249.0,1631.0,2700.0,2080.0,1399.0,1377.0,1690.0,2126.0,512.0,1445.0,2545.0,1290.0,2596.0,8175.0,3072.0,1453.0,1439.0,1646.0,2844.0,2319.0,1626.0,1591.0,1824.0,2339.0,701.0,1381.0,2606.0,1394.0,2744.0,8197.0,3080.0,1456.0,1334.0,1667.0,3186.0,2135.0,1595.0,1588.0,1704.0,2307.0,646.0,1351.0,2615.0,1467.0,2663.0,8116.0,2987.0,1583.0,1733.0,1629.0,2755.0,2054.0,1581.0,1571.0,1625.0,2220.0,629.0,1392.0,2567.0,1382.0,2638.0,8120.0,3122.0,1495.0,1278.0,1468.0,2851.0,1985.0,1503.0,1597.0,1641.0,2114.0,595.0,1274.0,2586.0,1278.0,2631.0,vips
25607.0,16444.0,17030.0,18351.0,17289.0,16668.0,16966.0,17224.0,17169.0,17494.0,16798.0,16545.0,17082.0,16256.0,18334.0,16488.0,9773.0,1556.0,2215.0,3307.0,2370.0,1561.0,2268.0,2462.0,2384.0,2766.0,2136.0,2076.0,2228.0,1474.0,3140.0,1282.0,9695.0,1604.0,2215.0,3302.0,2392.0,1581.0,2235.0,2434.0,2402.0,2770.0,2157.0,2098.0,2256.0,1523.0,3142.0,1412.0,9798.0,1632.0,2277.0,3362.0,2441.0,1618.0,2313.0,2489.0,2460.0,2824.0,2221.0,2104.0,2262.0,1516.0,3944.0,1365.0,9720.0,1597.0,2251.0,3392.0,2408.0,1599.0,2244.0,2425.0,2557.0,2802.0,2203.0,2100.0,2204.0,1490.0,3126.0,1437.0,9785.0,1620.0,2248.0,3454.0,2380.0,1522.0,2210.0,2387.0,2373.0,2786.0,2176.0,2060.0,2194.0,1416.0,3192.0,2340.0,9588.0,1470.0,2190.0,3204.0,2418.0,1403.0,2163.0,2371.0,2394.0,2780.0,2122.0,2024.0,2170.0,1383.0,3075.0,2154.0,9744.0,1533.0,2231.0,3293.0,2386.0,1512.0,2260.0,2434.0,2421.0,2799.0,2139.0,2080.0,2230.0,1362.0,3138.0,1408.0,9719.0,1629.0,2292.0,3269.0,2506.0,1524.0,2315.0,2470.0,2424.0,2791.0,2201.0,2124.0,2318.0,1508.0,3170.0,1504.0,9569.0,1477.0,2226.0,3391.0,2388.0,1433.0,2213.0,2380.0,2359.0,2764.0,2087.0,2031.0,2206.0,1375.0,3128.0,1319.0,9558.0,1465.0,2173.0,3233.0,2361.0,1445.0,2198.0,2374.0,2360.0,2764.0,2077.0,2026.0,2157.0,1378.0,3014.0,1317.0,9436.0,1476.0,2135.0,3267.0,2349.0,1473.0,2165.0,2324.0,2327.0,2766.0,2070.0,1967.0,2125.0,1396.0,3044.0,1277.0,9716.0,1565.0,2266.0,3396.0,2457.0,1670.0,2342.0,2458.0,2465.0,2803.0,2136.0,2123.0,2273.0,1570.0,3175.0,1369.0,9689.0,1571.0,2269.0,3443.0,2412.0,1991.0,2206.0,2408.0,2394.0,2799.0,2186.0,2097.0,2236.0,1560.0,3182.0,1426.0,9926.0,1603.0,2322.0,3844.0,2509.0,1739.0,2333.0,2532.0,2456.0,2798.0,2120.0,2151.0,2271.0,1559.0,3184.0,1378.0,9937.0,1557.0,2339.0,3425.0,2488.0,1859.0,2344.0,2479.0,2508.0,2926.0,2237.0,2128.0,2262.0,2107.0,3231.0,1401.0,vips
22144.0,15352.0,15410.0,14616.0,14505.0,15793.0,14886.0,14436.0,14253.0,14143.0,14745.0,15291.0,14469.0,15359.0,14717.0,15530.0,8193.0,2233.0,1825.0,1504.0,1489.0,2496.0,1919.0,1586.0,1502.0,1629.0,2186.0,2552.0,1545.0,2494.0,1512.0,2522.0,8316.0,2190.0,1780.0,1625.0,1521.0,2419.0,1921.0,1567.0,1498.0,1479.0,2041.0,2501.0,1544.0,2400.0,1619.0,2434.0,8353.0,2445.0,2030.0,2506.0,1831.0,2523.0,2030.0,1707.0,1603.0,1686.0,2138.0,2595.0,1655.0,2508.0,3137.0,2521.0,8250.0,2599.0,1896.0,2792.0,1993.0,2459.0,1872.0,1633.0,2171.0,1631.0,2024.0,2624.0,1596.0,2397.0,3840.0,2426.0,8328.0,2567.0,1914.0,1819.0,1766.0,2538.0,1998.0,1718.0,1542.0,1647.0,2259.0,2691.0,1605.0,2704.0,3443.0,2840.0,8069.0,2440.0,1781.0,2089.0,1585.0,2441.0,1887.0,1559.0,1733.0,1948.0,2359.0,2514.0,1560.0,2426.0,1897.0,2431.0,8082.0,2296.0,1781.0,1503.0,1540.0,2481.0,1893.0,1612.0,1679.0,2525.0,2478.0,2523.0,1475.0,2395.0,1598.0,2380.0,8181.0,2148.0,1758.0,1557.0,1684.0,2525.0,1935.0,1764.0,1755.0,2298.0,2333.0,2550.0,1561.0,2419.0,1520.0,2463.0,8027.0,2096.0,1700.0,1432.0,1501.0,2519.0,1911.0,1635.0,1587.0,1754.0,2311.0,2497.0,1446.0,2398.0,1418.0,2420.0,8059.0,2367.0,1800.0,1447.0,1510.0,2518.0,1972.0,1576.0,1542.0,1487.0,2224.0,2494.0,1596.0,2435.0,1471.0,2434.0,8002.0,2123.0,1662.0,1459.0,1494.0,2473.0,1971.0,1486.0,1490.0,1468.0,2109.0,2464.0,1434.0,2384.0,1568.0,2435.0,8188.0,2119.0,1764.0,1707.0,1516.0,2535.0,2228.0,1613.0,1558.0,1584.0,2189.0,2509.0,1498.0,2406.0,1569.0,2463.0,8250.0,2197.0,1973.0,1557.0,1613.0,2701.0,2194.0,1658.0,1569.0,1599.0,2224.0,2695.0,1591.0,2400.0,1586.0,2784.0,8363.0,2273.0,1934.0,1582.0,1563.0,2558.0,2058.0,1634.0,1585.0,1547.0,2182.0,2621.0,1675.0,2493.0,1568.0,2509.0,8242.0,2197.0,1937.0,1529.0,1517.0,2809.0,2082.0,1600.0,1481.0,1566.0,2163.0,2658.0,1580.0,2606.0,1574.0,2526.0,vips
25642.0,17575.0,16884.0,17747.0,17590.0,16899.0,16986.0,17452.0,17574.0,17718.0,16671.0,18210.0,17547.0,16720.0,17770.0,17008.0,9658.0,2216.0,1853.0,2491.0,2477.0,1511.0,2071.0,2513.0,2586.0,2666.0,1856.0,2639.0,2489.0,1722.0,2439.0,1556.0,9765.0,2307.0,1911.0,2528.0,2562.0,1560.0,2076.0,2434.0,2608.0,2771.0,1960.0,2888.0,2507.0,1717.0,2444.0,1653.0,9643.0,2333.0,1961.0,2563.0,2547.0,1622.0,2095.0,2548.0,2618.0,2725.0,1919.0,2829.0,2599.0,1755.0,2608.0,1642.0,9506.0,2265.0,1845.0,2464.0,2546.0,1685.0,2014.0,2445.0,2691.0,2722.0,1922.0,2558.0,2464.0,1662.0,2414.0,1670.0,9701.0,2344.0,1922.0,2475.0,2539.0,2080.0,2066.0,2472.0,2626.0,2672.0,1937.0,2398.0,2518.0,1842.0,2453.0,2007.0,9325.0,2220.0,1833.0,2473.0,2521.0,1853.0,1978.0,2439.0,2600.0,2702.0,1922.0,1657.0,2438.0,1676.0,2369.0,1648.0,9472.0,2318.0,1896.0,2561.0,2473.0,1616.0,2074.0,2451.0,2611.0,2728.0,1901.0,1597.0,2509.0,1626.0,2647.0,1712.0,9537.0,2337.0,1898.0,2550.0,2630.0,1682.0,2082.0,2530.0,2640.0,2770.0,1951.0,2239.0,2556.0,1765.0,2490.0,1895.0,9448.0,2240.0,1861.0,2446.0,2510.0,1486.0,2021.0,2429.0,2534.0,2674.0,1832.0,1841.0,2451.0,1662.0,2412.0,1693.0,9338.0,2252.0,1799.0,2464.0,2498.0,1448.0,2013.0,2421.0,2528.0,2708.0,1860.0,2287.0,2443.0,1654.0,2390.0,1718.0,9343.0,2221.0,1840.0,2475.0,2500.0,1427.0,1994.0,2406.0,2530.0,2715.0,1868.0,3090.0,2448.0,1658.0,2399.0,1731.0,9557.0,2247.0,1924.0,2683.0,2540.0,1527.0,2112.0,2486.0,2638.0,2716.0,1922.0,2587.0,2578.0,1735.0,2493.0,1725.0,9529.0,2319.0,1896.0,2485.0,2528.0,1567.0,2064.0,2460.0,2602.0,2797.0,1895.0,2942.0,2433.0,1732.0,2466.0,1825.0,9635.0,2311.0,1929.0,2566.0,2542.0,1554.0,2095.0,2555.0,2665.0,2772.0,1860.0,3048.0,2503.0,1735.0,2490.0,1641.0,9726.0,2379.0,1934.0,2598.0,2644.0,1638.0,2115.0,2535.0,2725.0,2823.0,1925.0,2733.0,2571.0,2088.0,2528.0,1651.0,vips
23344.0,15861.0,16737.0,15499.0,15321.0,15984.0,15444.0,15565.0,15090.0,14749.0,15920.0,17674.0,15252.0,15749.0,15557.0,15736.0,8943.0,1948.0,2574.0,1674.0,1503.0,2107.0,1922.0,1883.0,1558.0,1446.0,1893.0,3133.0,1656.0,2204.0,1787.0,2088.0,8893.0,1968.0,2577.0,1682.0,1614.0,2113.0,1947.0,1995.0,1586.0,1438.0,2023.0,3421.0,1687.0,2161.0,1881.0,2078.0,8955.0,1968.0,2607.0,1707.0,1604.0,2066.0,1978.0,2000.0,1704.0,1454.0,2001.0,3281.0,1954.0,2212.0,1926.0,2064.0,8965.0,1917.0,2625.0,1717.0,1589.0,2011.0,1955.0,1825.0,2101.0,1371.0,1917.0,2919.0,1664.0,2207.0,1812.0,2044.0,9047.0,2302.0,2680.0,1701.0,1591.0,2077.0,1955.0,1849.0,1611.0,1555.0,1990.0,2756.0,1624.0,2170.0,1746.0,2306.0,8982.0,3037.0,2612.0,1623.0,1669.0,2032.0,1941.0,1803.0,1508.0,1864.0,1891.0,1760.0,1640.0,2107.0,1686.0,1958.0,8831.0,2978.0,2619.0,1662.0,1528.0,2068.0,1929.0,1799.0,1544.0,1937.0,2019.0,1599.0,1618.0,2155.0,1827.0,2031.0,8838.0,2152.0,2659.0,1730.0,1670.0,2086.0,2037.0,1809.0,1637.0,1644.0,2017.0,2630.0,1681.0,2213.0,1758.0,2102.0,8697.0,2191.0,2579.0,1626.0,1617.0,2026.0,2027.0,1716.0,1460.0,1459.0,1952.0,1675.0,1572.0,2130.0,1674.0,2050.0,8704.0,2377.0,2634.0,1625.0,1700.0,2075.0,2015.0,1728.0,1541.0,1405.0,1979.0,2396.0,1624.0,2120.0,1703.0,2042.0,8632.0,2037.0,2392.0,1589.0,1714.0,1965.0,1858.0,1671.0,1529.0,1281.0,1933.0,3413.0,1526.0,2082.0,1626.0,1951.0,8846.0,1924.0,2510.0,1888.0,1628.0,2084.0,1997.0,1858.0,1705.0,1395.0,1939.0,2624.0,1793.0,2202.0,1826.0,2126.0,8832.0,1957.0,2647.0,1755.0,1644.0,2104.0,1964.0,1947.0,1724.0,1372.0,1986.0,3508.0,1817.0,2140.0,1957.0,2422.0,8918.0,1941.0,2715.0,1741.0,1572.0,2081.0,1941.0,1992.0,1511.0,1368.0,1951.0,3918.0,1704.0,2138.0,1812.0,2048.0,8978.0,1934.0,2859.0,1654.0,1536.0,2088.0,2020.0,1982.0,1610.0,1334.0,2044.0,3495.0,1736.0,2338.0,1856.0,2125.0,vips
26578.0,17479.0,17466.0,17723.0,17747.0,18218.0,16898.0,17277.0,17290.0,17505.0,16935.0,17225.0,17153.0,17586.0,17460.0,18344.0,9800.0,1914.0,2014.0,2162.0,2322.0,2284.0,2051.0,2180.0,2205.0,2432.0,1998.0,2206.0,1917.0,2134.0,1987.0,2485.0,9642.0,1957.0,2051.0,2194.0,2347.0,2377.0,2053.0,2125.0,2188.0,2479.0,1974.0,2271.0,1938.0,2164.0,2003.0,2480.0,9871.0,1992.0,2188.0,2321.0,2485.0,2500.0,2086.0,2481.0,2353.0,2502.0,2003.0,2241.0,2200.0,2149.0,2050.0,2596.0,9703.0,1935.0,2244.0,2208.0,2335.0,2405.0,1960.0,2117.0,2424.0,2474.0,1944.0,2187.0,1892.0,2175.0,1945.0,2567.0,10056.0,2247.0,2240.0,2418.0,2629.0,2844.0,2279.0,2404.0,2458.0,2681.0,2279.0,2413.0,2208.0,2682.0,2250.0,4017.0,9483.0,1885.0,1835.0,2152.0,2336.0,2363.0,1972.0,2107.0,2156.0,2451.0,1901.0,1874.0,1825.0,2188.0,1913.0,2517.0,9754.0,1919.0,1988.0,2260.0,2444.0,2298.0,2145.0,2225.0,2276.0,2445.0,1988.0,1938.0,1953.0,2222.0,2285.0,2582.0,9741.0,1967.0,1999.0,2273.0,2502.0,2400.0,2605.0,2186.0,2257.0,2500.0,1919.0,2153.0,1965.0,2133.0,2015.0,2554.0,9681.0,1860.0,1875.0,2175.0,2360.0,2389.0,2655.0,2150.0,2150.0,2424.0,1965.0,1923.0,1881.0,2137.0,1966.0,2457.0,9525.0,1964.0,1820.0,2171.0,2378.0,2361.0,2231.0,2157.0,2235.0,2472.0,1872.0,2046.0,1931.0,2160.0,1986.0,2561.0,9296.0,1900.0,1760.0,2170.0,2303.0,2386.0,1970.0,2063.0,2176.0,2409.0,1866.0,2127.0,1859.0,2091.0,1963.0,2468.0,9719.0,1946.0,2030.0,2284.0,2448.0,2507.0,2036.0,2215.0,2282.0,2523.0,1986.0,2223.0,1979.0,2224.0,2018.0,2549.0,9819.0,2076.0,2224.0,2292.0,2519.0,3184.0,2092.0,2308.0,2332.0,2611.0,2120.0,2399.0,2045.0,2277.0,2125.0,3077.0,9837.0,1942.0,2114.0,2271.0,2458.0,2420.0,2044.0,2223.0,2260.0,2472.0,1932.0,2397.0,1965.0,2175.0,2058.0,2536.0,10062.0,2180.0,2335.0,2471.0,2672.0,3462.0,2276.0,2438.0,2543.0,2751.0,2205.0,2475.0,2186.0,2624.0,2258.0,2805.0,vips
22088.0,14893.0,15879.0,14932.0,14432.0,14927.0,14627.0,14814.0,14510.0,13914.0,14332.0,14799.0,14772.0,14599.0,15046.0,14650.0,8268.0,1863.0,2767.0,1833.0,1486.0,1776.0,1872.0,1981.0,1770.0,1488.0,1861.0,2317.0,2003.0,1833.0,2118.0,1658.0,8277.0,1918.0,2723.0,1768.0,1593.0,1711.0,1873.0,2049.0,1783.0,1449.0,1942.0,2250.0,2069.0,1836.0,2188.0,2276.0,8500.0,2111.0,2849.0,1962.0,1689.0,2556.0,2044.0,2953.0,1944.0,1628.0,1902.0,2349.0,2166.0,2019.0,2313.0,3457.0,8306.0,1805.0,2765.0,1805.0,1612.0,4484.0,1861.0,2058.0,1978.0,1566.0,1688.0,2225.0,2032.0,1971.0,2213.0,2773.0,8424.0,1934.0,2795.0,1894.0,1739.0,4388.0,1926.0,2123.0,1826.0,1616.0,1760.0,2342.0,2125.0,1954.0,2286.0,1876.0,8145.0,1762.0,2734.0,1763.0,1719.0,1975.0,1819.0,1994.0,1727.0,1432.0,1708.0,2230.0,2054.0,2440.0,2126.0,1561.0,8275.0,1897.0,2783.0,2114.0,1666.0,1800.0,1962.0,2062.0,1866.0,1480.0,1826.0,2339.0,2115.0,3391.0,2233.0,1744.0,8188.0,1887.0,2765.0,1892.0,1829.0,1723.0,1935.0,2100.0,1989.0,1466.0,1753.0,2293.0,2110.0,2286.0,2224.0,1726.0,8025.0,1787.0,2701.0,1757.0,1784.0,1617.0,1824.0,1993.0,1856.0,1342.0,1720.0,2203.0,2005.0,1935.0,2064.0,1587.0,8085.0,1851.0,2764.0,1804.0,1695.0,1664.0,1860.0,1980.0,1814.0,1406.0,1703.0,2208.0,2043.0,1859.0,2159.0,1662.0,8012.0,1756.0,2613.0,1749.0,1563.0,1626.0,1769.0,1908.0,1690.0,1305.0,1629.0,2155.0,1914.0,1725.0,2095.0,1585.0,8245.0,1936.0,2740.0,1906.0,1605.0,1792.0,1913.0,2052.0,1951.0,1459.0,1757.0,2280.0,2076.0,1883.0,2291.0,1767.0,8215.0,1856.0,2799.0,1829.0,1583.0,1763.0,1900.0,2030.0,1924.0,1444.0,1877.0,2290.0,2021.0,1755.0,2131.0,1749.0,8234.0,1930.0,2780.0,1854.0,1543.0,1749.0,1859.0,1938.0,1770.0,1434.0,1800.0,2279.0,2105.0,1879.0,2162.0,1705.0,8364.0,1971.0,2933.0,1905.0,1550.0,2090.0,1945.0,2106.0,1816.0,1451.0,1773.0,2329.0,2080.0,1959.0,2309.0,1775.0,vips
