From router 0 to router 0,From router 0 to router 1,From router 0 to router 2,From router 0 to router 3,From router 0 to router 4,From router 0 to router 5,From router 0 to router 6,From router 0 to router 7,From router 0 to router 8,From router 0 to router 9,From router 0 to router 10,From router 0 to router 11,From router 0 to router 12,From router 0 to router 13,From router 0 to router 14,From router 0 to router 15,From router 1 to router 0,From router 1 to router 1,From router 1 to router 2,From router 1 to router 3,From router 1 to router 4,From router 1 to router 5,From router 1 to router 6,From router 1 to router 7,From router 1 to router 8,From router 1 to router 9,From router 1 to router 10,From router 1 to router 11,From router 1 to router 12,From router 1 to router 13,From router 1 to router 14,From router 1 to router 15,From router 2 to router 0,From router 2 to router 1,From router 2 to router 2,From router 2 to router 3,From router 2 to router 4,From router 2 to router 5,From router 2 to router 6,From router 2 to router 7,From router 2 to router 8,From router 2 to router 9,From router 2 to router 10,From router 2 to router 11,From router 2 to router 12,From router 2 to router 13,From router 2 to router 14,From router 2 to router 15,From router 3 to router 0,From router 3 to router 1,From router 3 to router 2,From router 3 to router 3,From router 3 to router 4,From router 3 to router 5,From router 3 to router 6,From router 3 to router 7,From router 3 to router 8,From router 3 to router 9,From router 3 to router 10,From router 3 to router 11,From router 3 to router 12,From router 3 to router 13,From router 3 to router 14,From router 3 to router 15,From router 4 to router 0,From router 4 to router 1,From router 4 to router 2,From router 4 to router 3,From router 4 to router 4,From router 4 to router 5,From router 4 to router 6,From router 4 to router 7,From router 4 to router 8,From router 4 to router 9,From router 4 to router 10,From router 4 to router 11,From router 4 to router 12,From router 4 to router 13,From router 4 to router 14,From router 4 to router 15,From router 5 to router 0,From router 5 to router 1,From router 5 to router 2,From router 5 to router 3,From router 5 to router 4,From router 5 to router 5,From router 5 to router 6,From router 5 to router 7,From router 5 to router 8,From router 5 to router 9,From router 5 to router 10,From router 5 to router 11,From router 5 to router 12,From router 5 to router 13,From router 5 to router 14,From router 5 to router 15,From router 6 to router 0,From router 6 to router 1,From router 6 to router 2,From router 6 to router 3,From router 6 to router 4,From router 6 to router 5,From router 6 to router 6,From router 6 to router 7,From router 6 to router 8,From router 6 to router 9,From router 6 to router 10,From router 6 to router 11,From router 6 to router 12,From router 6 to router 13,From router 6 to router 14,From router 6 to router 15,From router 7 to router 0,From router 7 to router 1,From router 7 to router 2,From router 7 to router 3,From router 7 to router 4,From router 7 to router 5,From router 7 to router 6,From router 7 to router 7,From router 7 to router 8,From router 7 to router 9,From router 7 to router 10,From router 7 to router 11,From router 7 to router 12,From router 7 to router 13,From router 7 to router 14,From router 7 to router 15,From router 8 to router 0,From router 8 to router 1,From router 8 to router 2,From router 8 to router 3,From router 8 to router 4,From router 8 to router 5,From router 8 to router 6,From router 8 to router 7,From router 8 to router 8,From router 8 to router 9,From router 8 to router 10,From router 8 to router 11,From router 8 to router 12,From router 8 to router 13,From router 8 to router 14,From router 8 to router 15,From router 9 to router 0,From router 9 to router 1,From router 9 to router 2,From router 9 to router 3,From router 9 to router 4,From router 9 to router 5,From router 9 to router 6,From router 9 to router 7,From router 9 to router 8,From router 9 to router 9,From router 9 to router 10,From router 9 to router 11,From router 9 to router 12,From router 9 to router 13,From router 9 to router 14,From router 9 to router 15,From router 10 to router 0,From router 10 to router 1,From router 10 to router 2,From router 10 to router 3,From router 10 to router 4,From router 10 to router 5,From router 10 to router 6,From router 10 to router 7,From router 10 to router 8,From router 10 to router 9,From router 10 to router 10,From router 10 to router 11,From router 10 to router 12,From router 10 to router 13,From router 10 to router 14,From router 10 to router 15,From router 11 to router 0,From router 11 to router 1,From router 11 to router 2,From router 11 to router 3,From router 11 to router 4,From router 11 to router 5,From router 11 to router 6,From router 11 to router 7,From router 11 to router 8,From router 11 to router 9,From router 11 to router 10,From router 11 to router 11,From router 11 to router 12,From router 11 to router 13,From router 11 to router 14,From router 11 to router 15,From router 12 to router 0,From router 12 to router 1,From router 12 to router 2,From router 12 to router 3,From router 12 to router 4,From router 12 to router 5,From router 12 to router 6,From router 12 to router 7,From router 12 to router 8,From router 12 to router 9,From router 12 to router 10,From router 12 to router 11,From router 12 to router 12,From router 12 to router 13,From router 12 to router 14,From router 12 to router 15,From router 13 to router 0,From router 13 to router 1,From router 13 to router 2,From router 13 to router 3,From router 13 to router 4,From router 13 to router 5,From router 13 to router 6,From router 13 to router 7,From router 13 to router 8,From router 13 to router 9,From router 13 to router 10,From router 13 to router 11,From router 13 to router 12,From router 13 to router 13,From router 13 to router 14,From router 13 to router 15,From router 14 to router 0,From router 14 to router 1,From router 14 to router 2,From router 14 to router 3,From router 14 to router 4,From router 14 to router 5,From router 14 to router 6,From router 14 to router 7,From router 14 to router 8,From router 14 to router 9,From router 14 to router 10,From router 14 to router 11,From router 14 to router 12,From router 14 to router 13,From router 14 to router 14,From router 14 to router 15,From router 15 to router 0,From router 15 to router 1,From router 15 to router 2,From router 15 to router 3,From router 15 to router 4,From router 15 to router 5,From router 15 to router 6,From router 15 to router 7,From router 15 to router 8,From router 15 to router 9,From router 15 to router 10,From router 15 to router 11,From router 15 to router 12,From router 15 to router 13,From router 15 to router 14,From router 15 to router 15,Applications (Label Classes)
22971,1657,756,814,835,804,728,930,756,4625,924,716,727,741,762,802,94,357,79,68,104,66,58,161,50,3549,167,42,70,55,56,66,39,601,20,28,45,29,26,119,23,2720,115,21,22,21,23,24,43,506,24,22,36,24,25,139,23,2536,140,22,22,23,26,23,45,672,31,25,37,28,28,150,26,2535,176,24,23,21,21,25,49,760,25,25,38,25,25,141,27,2868,138,25,25,27,26,25,36,572,23,23,35,27,22,116,23,2411,121,22,24,25,24,23,56,410,42,31,53,35,38,159,31,1978,341,26,28,32,36,33,39,515,26,23,38,27,24,140,24,2073,131,27,29,25,27,25,100,1546,76,67,128,86,49,152,38,2227,154,39,77,45,52,45,37,336,28,23,71,27,31,160,24,2384,140,24,23,24,29,28,28,330,21,18,26,20,17,107,18,2042,128,16,20,23,21,21,32,441,21,20,30,22,21,113,22,2211,128,22,20,21,24,22,43,311,26,25,34,26,27,131,27,2384,128,28,29,26,30,30,52,297,24,19,27,21,22,107,21,2206,118,22,19,22,23,27,55,269,30,27,38,25,24,156,24,2588,157,25,25,25,27,27,vips_MRURP
197,89,15,61,76,91,25,28,33,8757,6,13,26,68,65,77,51,4,4,4,8,7,4,2,5,8451,2,3,4,5,8,3,13,2,0,3,2,2,0,0,2,8465,0,1,1,3,4,5,36,4,1,4,4,3,3,2,1,9084,2,1,2,4,5,4,48,5,1,2,3,4,4,3,4,9140,1,2,2,5,4,4,52,3,5,5,6,6,2,2,5,9178,3,1,4,5,5,7,19,3,1,3,1,3,2,1,1,9102,1,0,1,2,2,2,19,3,1,2,2,3,2,2,1,9247,1,2,1,3,3,5,22,2,1,2,4,2,1,2,0,9068,2,1,2,1,3,4,20,2,1,1,1,3,1,1,1,8509,1,0,1,2,2,3,10,2,0,1,2,3,1,0,0,8436,0,0,0,3,2,2,14,3,0,3,3,2,0,0,0,8493,0,0,2,1,2,3,19,4,1,2,2,3,2,0,0,8426,1,1,2,4,1,3,40,4,2,3,4,4,1,2,3,8441,3,1,3,5,5,3,40,6,3,5,7,6,4,3,3,8629,4,3,3,6,7,8,42,4,1,3,4,3,4,6,4,8451,3,2,4,3,7,3,vips_MRURP
25503,17677,16590,17256,17504,17428,16645,16892,16937,17528,17410,16321,17052,17110,17385,17515,9353,2407,1319,2047,2475,2165,1956,1993,2130,2741,2701,1846,1829,2159,1744,2355,9263,2485,1430,2006,2436,2194,1929,1982,2050,2699,2666,1836,1948,2168,1798,2336,9362,2529,1548,2112,2529,2295,2010,2511,2129,2781,2673,1865,2045,2152,1972,2349,9200,2401,1445,2001,2426,2179,2192,2008,2136,2693,2578,1838,1893,2123,2000,2244,9433,2519,1670,1987,2459,2259,2266,1997,2125,2740,2679,2385,1909,2220,1973,2330,9362,2414,2487,1968,2525,2141,1999,1987,2104,2714,2630,2820,1852,2133,1814,2294,9262,2510,2533,2110,2580,2192,2265,2087,2139,2744,2671,2856,1967,2208,1964,2320,9233,2451,1745,2036,2534,2182,1995,2011,2160,2736,2622,2543,1956,2131,1910,2285,9152,2453,1609,1986,2427,2165,1904,2058,2079,2693,2657,2145,1957,2114,1802,2232,9104,2488,1781,2033,2415,2137,1881,2151,2042,2726,2624,1837,1961,2128,1797,2294,8929,2483,1427,2130,2368,2109,1827,2182,2017,2673,2630,1714,1865,2063,1733,2213,9364,2529,1539,2353,2534,2235,2059,2277,2223,2830,2732,1920,2052,2270,1946,2347,9306,2506,1434,2289,2476,2317,1956,1984,2111,2785,2652,1842,1933,2125,1862,2483,9388,2511,1435,2279,2558,2186,2028,2136,2137,2834,2689,1916,2259,2224,1913,2305,9393,2516,1376,2161,2567,2307,1952,2014,2143,2782,2656,1830,1926,2398,1932,2287,vips_MRURP
24147,15388,15897,16172,15389,15454,16310,15782,15529,14616,14567,14983,15709,15225,15516,15362,9377,1797,2419,2525,2031,1779,3040,2545,2421,1631,1535,2006,2165,1787,2156,1776,9323,1821,2363,2590,2274,1745,2996,2511,2356,1641,1658,2003,2173,1904,2180,1835,9578,1842,2462,2656,2157,1817,3255,3042,2542,1733,1762,2048,2239,1920,2213,1922,9366,1657,2431,2558,2052,1735,2999,2594,2480,1609,1556,2018,2242,1892,2156,1798,9720,1761,2443,2643,2059,1780,3054,2583,2401,1718,1587,2005,2289,2011,2188,2234,9468,1684,2445,2878,2007,1753,3023,2713,2490,1745,1559,2033,2218,1798,2203,1744,9309,1730,2460,2792,1907,1742,3107,2610,2359,1577,1627,2057,2240,1762,2174,1735,9295,1762,2436,2605,2063,1824,3015,2559,2412,1599,1558,2043,2249,1810,2184,1864,9248,1578,2403,2506,1836,1817,2943,2531,2311,1453,1414,1969,2225,1660,2137,1666,9148,1674,2372,2516,1849,1787,2880,2560,2279,1581,1480,1946,2237,1718,2126,1755,9084,1557,2275,2432,1764,1639,2866,2500,2260,1436,1405,1875,2037,1632,2081,1694,9473,1760,2432,2549,1920,1975,3064,2561,2347,1570,1612,2002,2269,1808,2220,1825,9494,1843,2472,2597,1990,1980,2973,2559,2352,1680,1627,2079,2328,1758,2189,2069,9372,1832,2482,2572,1966,1744,2969,2567,2403,1691,1675,1976,2193,1927,2101,1865,9612,1826,2536,2607,2086,1864,3102,2666,2476,1702,1606,2043,2274,2090,2222,1878,vips_MRURP
25950,18613,17085,17562,17690,18021,17048,17187,17345,17466,17864,16746,18579,18127,17379,18014,9450,3136,1569,1901,2245,2269,1857,1937,2238,2401,2803,1823,2420,2912,1914,2537,9285,2962,1551,1878,2151,2219,1856,2102,2165,2343,2720,1884,2716,2637,1914,2434,11020,3104,1804,2033,2265,2311,3412,2599,2124,2462,2793,2103,2944,2853,2087,2483,12075,3065,2240,2523,2178,2219,4316,3515,2110,2394,2806,1811,2300,2743,2037,2389,11002,3155,2335,2591,2226,2254,2280,3891,2100,2402,2833,1829,2207,2934,2172,2586,9692,3152,1660,2791,2340,2297,1827,2347,2119,2477,2797,1802,1713,2842,1989,2449,9706,3055,1668,2482,2289,2312,1965,2315,2071,2467,2822,1820,1583,2816,1865,2498,9382,3094,1703,2201,2272,2247,1882,2160,2111,2456,2794,1873,2093,2781,1912,2431,9218,3035,1552,2010,2223,2239,1807,2035,2052,2390,2799,1749,1873,2705,1789,2379,9150,3041,1585,1927,2224,2236,1800,1924,2088,2448,2804,1801,1908,2774,1818,2479,9065,2961,1456,1846,2139,2137,1745,1800,1986,2324,2734,1706,2485,2637,2029,2373,9303,3066,1571,2028,2265,2312,1959,1995,2158,2492,2831,1832,2252,2825,1905,2457,9374,3266,1645,1954,2281,2355,1814,1955,2113,2462,2810,1838,2461,2768,1849,2630,9501,3059,1643,1958,2330,2249,1904,1921,2141,2442,2814,1941,2848,2779,1905,2431,9545,3378,1610,2010,2316,2480,1906,1960,2183,2544,2919,1936,2663,3080,1897,2478,vips_MRURP
23598,15148,15920,16028,15262,15480,15787,16188,15478,14814,15016,15732,18093,15320,16109,15199,9201,1433,2122,2252,1547,1545,2247,2609,2117,1479,1479,2434,3161,1712,2323,1537,9193,1467,2069,2231,1643,1544,2239,2558,2051,1488,1646,2472,3046,1601,2332,1546,9262,1651,2057,2339,1677,1586,2281,2729,2089,1561,1940,2436,3838,1554,2353,1568,9204,1739,2036,2256,1669,1500,2204,2661,2061,1748,1840,2417,2828,1447,2297,1504,9402,1758,2199,2296,1760,1595,2300,2640,2103,1692,1666,2470,2748,1500,2387,2329,9143,1650,2058,2385,1735,1492,2245,2835,2132,1509,1517,2412,1791,1321,2316,1535,9200,1911,2129,2747,1671,1625,2468,2724,2085,1531,1490,2535,1659,1479,2404,1614,9080,1979,2059,2300,1695,1835,2231,2615,2117,1572,1433,2443,2472,1610,2316,1683,9062,1834,2119,2291,1531,1654,2255,2610,2012,1381,1751,2437,2191,1617,2364,1620,9029,2000,2150,2257,1590,1600,2228,2649,2084,1630,1483,2433,2163,1703,2356,1620,8999,1547,1953,2278,1518,1489,2192,2607,1980,1392,1404,2420,3336,1704,2305,1721,9145,1554,2069,2257,1623,1664,2287,2623,2064,1524,1510,2474,2722,1899,2369,1782,9216,1471,2148,2282,1639,1574,2278,2635,2093,1472,1588,2529,3036,1823,2358,1726,9222,1451,2184,2257,1606,1546,2226,2598,2036,1450,1508,2359,3756,1760,2287,1683,9208,1498,2226,2281,1553,1547,2276,2643,2036,1449,1486,2421,3372,1873,2386,1591,vips_MRURP
25767,18855,18116,17399,17529,18386,17190,17167,17275,18508,18518,16945,18333,18365,17512,18343,9466,3281,2309,1827,1971,2825,2014,1846,2088,3693,3017,1955,2340,3202,1823,2887,9456,3249,2240,1776,1899,2729,1966,1770,1993,3177,2962,1843,2249,3027,1824,2782,9620,3343,2470,1853,2029,2824,2163,2122,2104,3279,3041,1972,2835,3137,1904,2836,9431,3209,2353,1790,1903,2791,1867,1782,2001,3250,2941,1914,2332,3059,1743,2736,9435,3234,2405,1813,1960,2832,1915,1828,2296,3291,3103,1836,2291,3178,1813,3341,9352,3291,2419,2165,1974,2777,1853,1761,3336,3369,2955,1707,1849,3159,1844,2806,9442,3324,2405,1847,2022,2766,1864,2218,3833,3388,3008,1735,1814,3080,1818,2776,9383,3267,2347,1887,1997,2765,1901,2419,2566,3312,2975,1812,2101,2986,1823,2751,9338,3698,2357,1853,1970,2785,1846,2525,2103,3228,3102,1728,1965,3192,1776,2857,9388,3292,2319,1883,1981,2731,1868,2411,2054,3317,2983,1758,1998,3052,1828,2762,9282,3255,2295,1907,2038,2742,1812,2364,2087,3259,2962,1758,2599,3112,2135,2797,9606,3252,2411,2016,2036,2746,1915,2406,2116,3263,3034,1889,2150,3059,1982,2758,9499,3510,2401,2034,1975,2858,2019,2173,2091,3341,3102,1807,2276,3050,1938,2867,9709,3289,2428,1961,2000,2730,1992,1899,2101,3303,3060,1910,2560,3077,1926,2752,9664,3461,2541,1898,2041,3133,1959,1812,2102,3424,3076,1967,2426,3210,1878,2754,vips_MRURP
23493,14895,15371,15680,15654,15151,15324,15408,15328,14436,14537,15093,15522,14954,15678,15005,9105,1557,2059,2160,2217,1596,2380,2259,2422,1748,1686,2327,2557,1639,2410,1574,8854,1549,2046,2116,2183,1612,2294,2121,2279,1677,1633,2183,2483,1546,2267,1571,9080,1986,2034,2146,2250,1439,2394,2184,2372,3760,1894,2204,2469,1494,2343,1529,9017,2067,1942,2149,2180,1343,2352,2117,2473,3507,2454,2198,2476,1568,2353,1496,9253,2478,1976,2238,2298,1461,2445,2256,2481,1803,2523,2254,2591,1771,2450,2289,8766,2302,1888,2274,2285,1294,2312,2132,2377,1537,2372,2183,2462,1434,2299,1373,8900,1667,1870,2172,2150,1356,2302,2130,2310,1507,2049,2239,2460,1558,2340,1311,8814,1826,1893,2196,2329,1478,2332,2184,2387,1584,2274,2255,2546,1703,2337,1432,8884,2116,1909,2203,2233,1464,2394,2237,2384,1521,2110,2287,2585,1648,2424,1384,8828,1779,1941,2186,2327,1466,2418,2216,2478,1521,1667,2220,2576,1633,2366,1481,8718,1633,1801,2083,2071,1305,2278,2046,2303,1439,1515,2108,2380,1492,2261,1280,8807,1914,1900,2184,2193,1523,2376,2128,2381,1552,1626,2212,2504,1664,2312,1407,9034,1885,2113,2196,2246,1552,2455,2221,2469,1536,1674,2277,2495,1777,2385,1569,8943,1537,2153,2122,2222,1660,2310,2158,2321,1473,1587,2156,2457,1765,2295,1573,9144,1499,2195,2188,2306,1633,2411,2207,2427,1550,1626,2284,2540,1779,2406,1588,vips_MRURP
24947,17826,17421,16793,16916,17567,16398,16502,16502,17248,17131,16211,16582,17926,16727,17550,8979,2852,2398,1863,2168,2561,1944,1917,2170,2900,2693,1867,1779,3279,1724,2650,8968,2732,2317,1848,2095,2643,1887,1798,2065,2667,2544,1737,1618,3068,1717,2566,9635,2873,2503,2097,2231,2546,2315,2248,2356,2815,2670,1835,1721,3210,2132,2539,9486,2788,2468,1974,2197,2467,2233,1902,2284,2722,2557,1875,1601,3136,2020,2562,9215,2847,2456,2056,2275,2495,2452,1914,2488,2738,2597,1900,1674,3137,1927,2586,8756,2826,2418,2170,2267,2499,2076,1811,2294,2805,2578,1782,1671,3187,1819,2510,8778,2834,2409,1827,2142,2459,1848,1873,2144,2791,2621,1895,1633,3093,1890,2521,8732,2818,2355,1879,2179,2484,1905,2027,2094,2773,2659,2128,1748,3167,1989,2546,8732,3068,2381,1817,2154,2566,1874,2010,2106,2777,2688,1935,1683,3511,1775,2580,8704,2858,2448,1777,2174,2524,1853,1861,2109,2825,2588,1787,1850,3109,1716,2612,8573,2754,2249,1721,2078,2424,1716,1758,2017,2733,2527,1707,1705,3104,1810,2513,9140,2857,2438,1894,2183,2529,1954,1995,2156,2874,2734,1929,1907,3202,1859,2626,8996,2958,2491,1838,2170,2536,1860,1924,2115,3091,2635,1901,1838,3150,1762,2720,9052,2820,2521,1843,2213,2461,1881,1867,2131,2771,2580,1856,1993,3114,1756,2523,9017,2835,2594,1843,2208,2550,1872,1878,2167,2903,2647,1883,1877,3306,1819,2570,vips_MRURP
23916,15435,15248,15920,15625,15376,15615,15952,15488,14803,14950,16249,16614,15380,16592,15169,9486,1716,1415,2336,2144,1411,2391,2629,2213,1724,1833,3157,3220,1702,3100,1412,9314,1751,1450,2383,2109,2079,2407,2544,2225,1711,1892,3114,3173,1567,3092,1534,9407,1778,1619,2420,2181,1418,2414,2640,2289,1676,1896,3095,3164,1524,3139,1429,9382,1757,1677,2368,2178,1406,2342,2522,2258,1631,1852,3092,3246,1564,3178,1446,9520,1822,1856,2397,2179,1501,2377,2614,2205,1556,1812,3099,3194,1468,3093,1635,9192,1679,1362,2428,2156,1448,2404,2661,2230,1511,1786,3007,3121,1470,3088,1694,9291,1755,1382,2503,2168,1430,2472,2581,2201,1555,1847,3326,3135,1480,3189,1705,9248,1850,1434,2366,2241,1463,2425,2544,2217,1598,1804,3057,3160,1605,3097,1699,9169,1852,1316,2348,2138,1325,2385,2474,2117,1434,1829,3080,3174,1765,3067,1491,9121,1956,1348,2385,2134,1364,2375,2534,2158,1458,1763,3114,3186,1865,3053,1503,9118,2010,1304,2355,2144,1379,2265,2632,2122,1527,1875,2999,3166,1968,3318,1430,9361,2247,1452,2415,2178,1454,2422,2567,2225,1713,1991,3191,3165,1949,3259,1507,9410,2285,1544,2368,2252,1492,2384,2587,2217,2222,1910,3216,3228,1805,3199,1596,9350,2024,1492,2406,2160,1436,2333,2599,2169,1775,1886,3464,3373,1853,3126,1482,9494,1944,1466,2329,2147,1455,2358,2509,2197,1658,1789,3063,3222,2110,3188,1415,vips_MRURP
21432,15752,15700,14766,15669,15545,15001,14354,15469,15531,15437,15934,14118,15631,14169,15649,7916,2424,2140,1714,2438,2316,1966,1322,2376,2541,2485,2102,962,2681,1036,2450,8024,2516,2132,1666,2348,3023,2050,1360,2389,2506,2534,2117,1083,2584,1104,2446,8078,2462,2205,1676,2391,2349,2131,1349,2457,2555,2543,2126,1890,2643,2440,2480,8088,2434,2233,1641,2372,2362,1969,1274,2399,2502,2539,2418,2750,2602,4186,2403,7996,2411,2401,1525,2274,2343,1953,1287,2259,2516,2515,2130,1582,2643,2407,2387,7821,2407,2202,1804,2354,2333,1916,1414,2274,2536,2478,1726,1095,2627,1158,2455,8000,2489,2214,1526,2394,2347,1976,1496,2315,2583,2522,1659,1104,2646,1145,2434,8352,2489,2222,1667,2458,2429,2010,1451,2303,2645,2607,1957,1095,2646,1155,2506,8374,2449,2090,1530,2393,2355,1915,1335,2238,2529,2669,1671,1190,2661,1083,2429,7944,2438,2145,1515,2677,2312,1876,1510,2305,2590,2498,2166,1100,2614,1016,2446,7918,2534,2188,1596,2634,2390,1984,1646,2414,2639,2592,2607,1007,2709,1159,2499,8237,2639,2274,1791,2694,2507,2178,1839,2463,2716,2639,2646,1109,2773,1243,2573,7915,2613,2167,1663,2463,2369,2132,1584,2383,2602,2540,2874,1021,2551,1115,2480,8059,2826,2319,1795,2515,2443,2158,1604,2461,2615,2565,2973,1092,2639,1100,2515,7935,2642,2288,1529,2386,2331,1984,1343,2344,2491,2447,2530,877,2557,970,2362,vips_MRURP
19993,12981,12750,12547,12946,13286,13046,12221,12789,11645,12858,15908,12567,13058,12366,11884,8296,1598,1056,1133,1775,1943,1959,925,1675,577,1715,3252,1057,1878,964,549,8215,1698,1006,1214,1682,1993,1973,955,1625,598,1802,3433,1175,1950,1002,641,8264,1660,1132,1168,1816,2018,2000,938,1830,625,1698,3443,1173,1887,1011,651,8178,1676,1099,1162,1879,2158,2181,927,1899,626,1725,3100,1081,1913,935,568,8185,1782,1127,1153,1775,2365,2080,939,1724,580,1834,2872,1089,2302,952,560,7970,1850,982,1145,1657,1964,1890,862,1636,552,2443,1921,1011,2347,894,542,8227,1851,982,1166,1667,1934,1913,896,1649,541,2647,1719,1068,2002,959,569,8166,1764,1029,1135,1773,2005,2012,932,1684,594,1971,2636,1139,1832,950,620,8170,1640,976,1184,1659,1957,1934,942,1614,551,1727,1799,1090,1835,976,631,8087,1665,1011,1163,1633,1973,1913,909,1587,558,1714,2459,1113,1791,959,547,8042,1553,946,1166,1642,1938,1866,899,1580,552,1656,3608,1073,1728,910,561,8344,1714,1043,1234,1754,2019,2030,959,1763,626,1765,2858,1095,1822,967,595,8257,1678,1131,1182,1728,1977,1995,961,1645,620,1923,4077,1086,1798,943,617,8157,1609,1065,1205,1596,1968,1894,938,1543,531,1723,4049,1073,1773,942,564,8254,1612,1189,1248,1635,2016,1989,983,1625,764,1716,3698,1134,1835,1012,609,vips_MRURP
220,88,27,95,143,90,24,52,42,8662,12,26,43,72,174,169,48,5,2,22,13,5,4,5,4,8454,4,5,5,5,19,16,16,4,2,12,14,3,0,3,1,8465,1,0,1,2,4,11,39,2,2,12,54,5,3,4,4,8946,3,1,8,2,36,32,59,4,4,30,38,10,2,6,5,8512,5,4,7,5,30,49,54,5,1,16,14,3,3,3,4,8564,2,5,4,2,6,16,13,1,1,16,15,3,0,2,2,8462,0,1,3,3,8,19,34,4,2,17,14,4,1,2,3,8577,2,1,3,2,8,15,25,4,2,13,12,5,2,1,1,8454,0,0,4,3,4,18,13,2,0,12,14,1,0,2,2,9037,1,1,2,0,5,12,10,3,1,17,14,1,1,2,1,9089,0,1,2,0,6,18,14,3,1,11,12,4,1,3,1,9164,0,2,2,3,7,17,28,2,2,26,29,5,1,4,4,9065,2,1,2,2,5,23,42,1,3,14,17,3,3,4,2,9091,1,4,5,7,6,17,93,3,4,49,48,4,4,6,6,8828,4,5,7,6,8,50,76,4,4,24,37,6,3,4,4,8447,4,3,6,5,14,37,vips_MRURP
22786,15688,16397,14890,15874,16021,16061,15037,15738,15175,15520,15028,16327,15762,15471,16169,7733,2202,2668,1204,2605,2286,2896,1749,2726,2279,2155,1459,2592,2182,2052,2621,7752,2332,2752,1193,2501,2269,2856,1827,2701,2310,2235,1678,2611,2227,2070,2628,7807,2288,2745,1283,2620,2312,2904,1774,2761,2278,2194,1611,2578,2228,2051,2661,7982,2342,2841,1396,2626,2326,2832,1749,3044,2392,2241,1437,2718,2241,2096,2879,8226,2329,2838,1580,2622,2286,2899,1880,2758,2604,2332,1384,2590,2919,2348,3008,7647,2223,2667,1314,2623,2156,2817,1725,2689,2999,2134,871,2467,2115,2047,2663,7619,2138,2757,1207,2517,2307,2895,1749,2717,2744,2125,831,2457,2210,2050,2571,7476,2327,2831,1244,2988,2496,2971,1804,2775,2488,2204,1234,2533,2180,2061,2654,7410,2235,2763,1183,2538,2722,2948,1756,2755,2347,2209,924,2594,2221,2040,2852,7566,2237,2724,1182,2622,2767,2892,1710,2678,2329,2215,1152,2514,2624,2031,2647,7588,2148,2534,1128,2497,2918,2821,1625,2720,2273,2195,1644,2409,2236,1925,2530,8264,2355,2729,1240,2697,2804,2962,1799,2826,2352,2289,1368,2640,2441,2066,2627,8320,2281,2854,1290,2717,3043,2950,1916,2849,2331,2985,1871,2644,2328,2110,2701,8550,2233,2740,1215,2549,2421,2836,1762,2714,2257,2377,1850,2433,2207,1981,2579,8659,2296,2951,1282,2646,2508,3005,1813,2916,2437,2248,1703,2640,2144,2080,2673,vips_MRURP
5331,3684,7656,3200,4008,3615,3855,3613,3761,3754,3138,2928,6604,3315,3440,4668,1570,482,2260,69,495,247,809,388,592,715,208,56,2228,252,261,1094,1588,426,2168,81,488,272,853,260,592,725,212,76,2373,282,245,1232,1651,421,2052,45,492,283,2143,280,2170,739,270,41,2660,294,274,1303,1709,481,2809,79,612,344,2427,406,2687,776,244,60,2205,399,330,1446,1635,424,2678,46,727,315,1493,502,1409,758,224,53,2135,445,278,1332,1497,371,2354,55,721,236,836,230,554,775,194,64,1421,229,227,1163,1603,575,1925,44,845,371,812,295,496,695,248,30,1342,383,276,1229,1603,469,1695,65,885,265,825,284,575,844,221,50,1969,252,266,1227,1479,487,1538,56,789,206,736,253,464,756,202,45,1914,260,213,1322,1506,497,1845,48,787,266,771,261,504,688,178,43,1998,329,341,1478,1497,451,1558,31,701,257,808,229,423,606,161,32,2641,225,214,1358,1572,651,2611,121,956,257,841,269,526,693,212,50,2323,284,224,1352,1515,622,2786,56,865,420,850,378,544,768,252,40,2589,233,399,1254,1637,661,2646,45,916,230,745,274,512,704,255,45,2978,485,240,1170,1752,710,2867,61,734,340,922,421,678,877,297,52,3041,410,336,1360,vips_MRURP
1388,891,7438,808,856,823,788,802,845,814,717,749,1881,801,948,913,461,33,2351,23,44,22,44,31,41,41,23,15,685,19,27,38,418,25,2909,37,43,32,39,26,44,35,14,22,860,21,21,26,407,17,2739,12,34,8,33,19,36,34,11,8,863,10,9,21,431,39,3170,26,60,29,85,41,72,54,19,14,658,20,37,35,427,24,3494,18,48,17,35,27,41,36,10,14,633,12,14,26,398,28,2802,19,42,18,35,32,65,40,19,12,422,17,29,35,405,25,2534,13,37,11,37,17,41,32,8,6,361,9,14,23,425,38,2124,20,45,26,47,33,45,56,20,14,567,21,32,35,408,25,1735,22,44,12,41,26,49,40,17,10,652,18,32,44,370,28,2510,18,36,17,40,26,43,44,14,9,550,14,20,28,383,15,2017,9,24,6,21,11,25,21,6,4,757,10,7,17,416,25,2795,52,64,20,50,29,58,48,12,9,643,19,28,36,421,30,3224,15,41,21,36,31,43,33,16,10,693,18,24,26,485,30,2916,16,78,17,74,27,80,68,14,9,910,14,16,24,490,35,3181,21,62,21,62,28,63,58,18,11,879,21,47,40,vips_MRURP
2054,1322,5491,1245,1269,1233,1143,1440,1169,1189,1395,1392,1315,1132,1171,1250,691,34,2489,31,52,30,30,149,26,25,173,144,136,23,26,31,616,44,2618,34,75,36,34,221,32,22,176,222,216,24,35,32,639,18,2845,15,33,15,16,151,20,10,150,143,130,13,14,17,676,39,2857,39,66,47,43,174,38,39,259,174,135,27,39,45,656,24,2744,23,39,18,17,151,25,17,164,180,137,19,19,20,609,36,2597,28,64,36,32,123,32,25,136,161,138,25,38,31,618,26,2668,20,42,23,19,140,28,17,272,152,135,19,23,28,632,36,2659,32,58,35,28,152,28,26,140,162,148,18,33,35,633,26,2221,21,43,22,17,150,24,14,144,148,136,15,30,21,601,30,2557,26,136,28,25,190,20,22,194,148,148,16,19,33,603,9,2387,10,26,8,5,136,3,6,170,124,102,2,6,12,629,35,2573,37,63,28,36,137,32,32,162,234,143,22,45,47,608,28,2577,29,44,22,27,133,30,24,139,171,149,19,19,23,617,26,2660,22,38,21,20,144,26,22,141,167,132,17,18,28,673,40,2977,35,59,35,31,189,39,28,200,183,158,24,36,27,vips_MRURP
1386,921,2819,854,767,842,795,874,831,829,780,806,748,864,876,923,494,29,1918,26,33,28,31,40,24,33,40,40,28,23,33,34,440,32,1885,32,24,23,27,35,24,28,38,37,24,18,25,27,437,14,1792,14,16,10,10,19,8,9,22,22,13,7,14,10,416,31,1904,22,33,24,29,45,23,29,48,63,28,17,29,28,453,27,1908,23,26,15,22,36,21,28,29,31,17,12,19,26,431,30,1966,27,25,22,26,34,22,26,41,42,23,16,26,27,454,13,1855,14,14,10,13,20,9,10,24,27,8,7,15,10,455,31,1909,22,31,22,26,40,25,26,44,38,22,17,32,26,440,24,1843,15,24,17,17,32,22,21,38,36,20,15,26,17,416,20,1789,16,22,20,19,28,15,23,29,33,19,13,22,21,401,10,1778,8,12,8,8,15,10,7,17,13,10,7,13,9,405,27,1900,22,27,24,26,35,26,26,35,53,27,23,35,33,467,24,1790,22,27,22,25,32,20,24,30,32,23,19,29,27,457,20,1917,17,26,21,24,28,20,21,26,60,16,15,26,26,500,33,1912,27,31,24,20,36,24,30,40,55,29,22,29,21,vips_MRURP
186,93,12,70,96,96,27,26,39,9397,6,17,52,92,94,104,51,4,5,3,6,5,3,4,5,9101,3,3,4,5,7,7,13,1,0,3,3,3,2,2,2,8934,0,1,2,3,1,6,40,6,1,2,9,5,2,3,1,9055,1,5,3,6,4,5,59,5,4,7,10,5,3,4,3,8537,3,2,3,6,5,6,51,5,2,6,7,5,3,4,3,8607,2,2,4,5,4,4,18,4,0,4,3,2,2,0,1,8472,1,2,2,2,4,3,15,2,0,3,2,3,1,0,1,8592,1,1,2,5,0,3,23,3,0,2,3,2,1,2,1,8465,2,2,3,4,3,4,22,2,1,2,2,3,2,2,1,8463,1,0,2,3,2,2,9,2,0,1,3,2,0,0,1,8462,0,0,1,3,3,3,14,4,1,5,3,2,1,0,1,8528,1,0,2,5,3,2,31,3,1,5,3,3,3,1,4,8444,2,2,3,5,3,5,53,6,3,6,4,7,3,3,3,8464,3,2,6,3,5,7,52,9,4,8,8,8,5,4,3,9134,5,3,3,7,8,7,57,4,2,4,15,6,5,5,3,9126,4,4,13,6,16,13,vips_MRURP
207,70,25,57,80,69,23,34,50,8700,10,29,63,45,104,108,38,5,2,4,4,4,4,4,3,8487,3,5,3,5,5,4,17,4,1,3,3,2,0,1,1,8643,0,1,2,3,6,2,37,1,3,3,8,3,3,1,4,9730,2,2,3,1,6,5,49,4,3,4,6,3,3,4,5,9232,3,4,5,2,8,6,44,4,4,5,4,4,1,3,2,9254,1,2,5,5,5,7,16,2,1,0,3,3,0,3,2,9124,0,0,3,1,3,3,24,3,3,1,5,2,1,1,2,8936,1,2,3,1,4,3,30,2,3,4,4,6,2,2,1,8480,1,2,2,2,5,4,16,1,1,2,4,2,0,2,2,8461,0,2,1,2,1,1,7,1,1,2,3,3,0,1,1,8470,0,1,1,1,4,4,20,2,1,2,4,3,1,2,2,8526,0,2,2,0,2,4,39,2,1,2,5,5,3,2,2,8446,1,3,3,2,5,4,27,2,2,2,4,2,2,1,3,8465,0,2,2,4,4,2,61,3,4,5,9,6,5,4,8,8647,4,5,7,5,9,8,62,5,6,5,6,6,3,3,5,8474,3,4,4,2,6,6,vips_MRURP
193,110,19,79,93,65,24,35,30,8697,9,16,53,66,103,96,51,13,4,5,7,5,3,4,5,8499,4,3,4,5,8,6,15,10,1,3,3,2,2,0,1,8480,1,0,2,1,3,4,47,9,4,4,4,5,2,1,5,9160,3,2,3,3,7,7,55,13,4,5,4,6,3,2,3,8556,2,3,3,5,5,6,36,10,2,3,3,4,3,2,3,8609,3,2,2,3,6,4,17,10,2,3,3,2,2,0,0,8502,0,1,1,3,4,5,20,5,0,1,2,4,2,2,1,8989,1,1,1,3,5,5,18,8,0,2,3,0,1,2,1,9132,0,1,3,3,4,3,13,10,1,2,2,3,1,0,0,9123,1,0,0,1,3,1,8,7,0,2,3,1,1,1,1,9117,0,0,1,2,4,3,14,3,0,2,1,2,1,2,1,9205,1,0,2,3,5,4,31,6,3,3,3,3,1,4,1,8733,1,1,2,5,6,5,40,10,2,2,4,4,1,4,1,8478,1,3,5,0,6,7,58,8,5,7,6,6,3,5,3,8702,5,5,3,7,6,6,51,10,3,6,8,5,5,4,3,8494,3,4,4,7,7,6,vips_MRURP
210,93,22,83,90,75,23,27,48,9362,8,19,53,50,61,79,49,4,3,5,6,7,5,4,4,8483,3,4,6,3,6,7,18,3,1,3,4,3,1,3,1,8494,1,1,1,2,1,5,47,6,1,5,5,3,2,1,2,9210,1,3,4,5,5,2,50,5,2,6,7,5,3,6,2,8576,3,4,4,4,6,5,45,4,2,4,6,4,4,2,3,8638,0,4,5,3,3,8,14,2,1,2,4,2,0,1,3,8498,1,0,3,3,1,4,21,4,1,2,4,1,1,1,3,8684,1,1,3,2,2,4,29,4,2,4,4,3,2,1,3,8538,2,2,2,3,1,5,19,1,0,2,3,2,1,2,2,8489,1,0,1,2,0,1,9,2,1,3,3,2,0,2,1,8498,0,0,2,0,1,4,14,4,0,3,5,3,1,1,1,8547,0,1,1,3,2,4,33,4,1,4,4,3,2,1,4,8828,2,1,2,3,1,3,31,2,2,4,4,3,3,1,5,9129,2,1,2,4,2,2,37,5,4,8,7,5,3,5,3,9314,2,4,5,3,4,7,46,4,3,4,3,5,2,3,4,9126,4,3,3,1,4,3,vips_MRURP
214,111,21,78,91,103,19,42,25,8794,7,12,96,56,136,88,61,6,4,5,8,5,5,5,4,9139,4,3,19,5,9,6,13,3,1,3,2,2,1,0,1,9152,0,0,20,2,3,3,44,4,2,2,5,4,1,6,3,9746,3,3,18,1,6,9,51,6,3,2,6,4,4,1,5,9224,2,1,29,4,7,5,55,6,4,4,5,6,1,4,3,8922,3,3,17,6,9,6,11,5,1,3,3,4,2,2,2,8517,0,1,19,1,4,2,25,2,2,4,5,5,2,2,0,8647,1,1,15,3,6,3,17,3,1,3,3,4,0,2,1,8578,0,0,15,1,5,4,17,1,2,2,3,3,1,2,0,8493,1,2,15,0,6,1,9,3,0,2,2,2,0,0,0,8506,0,1,16,2,4,1,12,2,1,2,3,3,0,1,1,8551,1,1,11,1,3,3,40,5,3,2,6,4,2,2,2,8465,1,2,19,8,12,9,35,4,1,3,3,7,2,3,0,8495,0,3,17,0,6,5,75,7,3,3,7,6,3,4,4,8677,5,3,48,6,9,5,51,5,4,6,5,8,3,4,4,8499,1,3,32,6,12,8,vips_MRURP
194,91,18,71,78,77,24,36,46,8787,6,16,38,62,82,85,50,3,4,7,4,6,3,5,5,8535,3,4,5,5,6,4,16,3,0,1,2,4,1,3,2,8499,1,0,1,2,3,2,42,3,4,5,3,6,4,2,3,9116,2,1,2,6,3,1,47,3,2,5,3,4,1,4,1,8600,1,3,3,3,5,5,47,5,1,4,4,3,3,3,5,8971,1,2,5,5,1,4,17,3,1,2,3,2,0,2,1,9152,1,0,1,2,3,4,25,6,2,2,1,2,3,1,2,9317,2,1,1,2,2,4,25,3,1,2,5,4,3,2,3,9159,1,2,0,3,3,3,11,3,0,2,1,2,0,0,3,9123,0,0,2,1,0,0,6,2,1,1,1,2,1,2,2,8750,0,0,1,2,4,3,13,3,0,2,1,3,1,1,3,8533,1,0,0,2,3,3,30,5,2,5,10,9,3,4,5,8471,5,6,3,2,13,7,36,3,2,3,6,4,3,2,4,8484,3,1,1,6,6,3,48,7,3,5,6,6,5,5,5,8718,4,3,6,5,5,8,50,5,1,4,5,5,3,4,5,8485,4,3,3,2,8,2,vips_MRURP
193,85,21,86,83,71,18,32,44,8763,7,16,56,73,69,49,49,5,4,3,5,5,4,3,4,8511,3,3,5,5,6,7,16,2,1,2,4,0,1,1,1,8499,0,0,3,1,3,3,50,6,1,3,5,3,2,4,2,9317,1,3,5,3,6,6,48,5,3,5,4,5,4,4,6,8588,4,2,3,7,5,5,42,3,3,5,4,4,2,3,2,8636,4,3,2,4,7,4,14,2,1,3,3,0,1,1,1,8518,0,1,3,3,2,2,21,1,2,5,5,4,0,2,4,8678,0,1,2,3,4,3,26,4,2,4,2,4,1,2,1,8499,1,2,3,5,3,3,26,1,1,2,4,1,2,3,1,8505,1,2,0,3,4,2,10,2,0,3,4,2,0,0,1,8906,0,0,1,1,2,1,14,2,0,3,5,2,0,0,1,9265,0,1,2,2,2,1,36,3,1,4,6,3,2,3,3,9120,1,1,4,5,8,5,43,6,3,5,5,5,1,3,1,9166,1,3,4,4,3,4,41,3,4,8,7,5,3,3,4,9338,4,4,5,6,7,3,29,3,4,4,6,4,3,3,2,8549,1,2,4,5,2,4,vips_MRURP
261,105,31,89,118,99,43,43,47,8838,43,46,71,54,145,106,53,5,2,6,9,6,4,6,5,9193,18,12,3,4,7,4,20,3,1,4,4,3,1,2,1,9182,14,10,2,3,4,5,49,3,3,4,6,5,4,2,4,9411,21,14,3,3,6,4,64,6,3,3,8,4,3,2,2,8589,33,35,6,3,8,5,51,6,2,2,6,5,2,4,3,8669,16,16,4,3,7,6,21,3,2,3,5,6,1,1,2,8571,21,13,2,2,6,4,27,3,0,2,4,2,2,1,2,8697,14,12,3,2,5,5,26,2,1,3,6,2,1,1,3,8515,15,9,4,0,5,5,14,2,1,2,3,6,1,0,1,8525,18,11,2,0,4,3,19,4,2,1,4,2,1,1,1,8538,11,34,3,3,18,10,15,3,0,2,4,4,1,1,0,8619,6,9,5,2,8,7,44,4,3,3,5,3,2,1,3,8497,36,30,1,3,16,5,30,2,0,2,6,2,3,3,5,8552,13,8,3,4,3,5,81,6,3,3,8,8,4,6,4,8742,54,47,4,3,10,7,60,7,2,5,5,4,3,3,4,9163,32,31,5,5,7,6,vips_MRURP
5776,418,194,224,243,235,183,209,207,1694,178,192,185,214,213,226,41,84,20,14,41,10,10,4,6,1111,5,6,15,8,10,20,16,156,2,4,22,1,2,2,1,927,2,2,3,2,4,11,27,137,4,1,25,3,3,4,4,854,2,2,1,3,2,8,28,184,3,5,30,6,3,4,3,904,2,2,4,5,3,17,38,211,3,1,27,5,4,2,3,969,3,3,0,3,3,10,14,138,2,2,24,3,1,6,1,775,3,1,1,1,3,10,28,115,3,3,24,4,1,3,3,732,5,1,2,3,5,11,19,116,3,5,29,2,2,3,3,695,3,2,0,3,2,11,32,383,12,9,49,20,5,5,3,731,6,3,13,6,9,11,12,62,0,4,33,5,3,3,3,799,5,5,0,4,4,10,15,81,2,2,26,1,2,7,2,715,4,1,1,4,3,12,13,108,0,1,30,2,2,4,1,766,1,2,1,2,1,8,30,68,1,2,36,3,2,4,3,798,4,3,1,4,4,9,29,66,4,6,33,3,2,4,3,828,5,3,1,4,5,10,28,60,2,3,49,3,5,3,3,819,5,4,0,5,3,8,vips_MRURP
214,85,12,74,89,93,20,51,39,8761,15,26,51,65,77,58,51,3,6,6,6,6,3,3,3,8519,4,4,6,7,6,6,13,2,0,1,3,3,2,0,1,8516,1,0,0,1,1,1,43,3,3,3,4,3,2,4,3,9606,1,1,3,4,4,1,50,5,4,7,4,6,4,3,5,9258,4,5,4,7,5,5,52,2,2,6,4,4,4,3,3,9406,4,3,4,5,4,3,16,3,0,2,2,1,0,3,1,9191,1,1,3,1,1,1,31,5,2,3,2,4,1,4,3,9374,1,2,2,4,2,2,20,5,1,3,3,2,1,3,1,8519,0,2,1,3,3,1,19,3,1,3,3,1,1,2,3,8491,0,0,1,3,1,0,10,1,0,3,5,5,2,2,0,8493,0,1,4,2,6,3,17,3,1,4,8,4,1,3,3,8580,3,1,6,2,7,5,32,4,1,3,4,4,3,4,1,8464,1,3,4,4,2,4,40,4,3,5,2,6,2,3,1,8512,1,2,6,6,5,3,45,4,5,8,5,6,4,5,5,8745,4,5,6,7,4,6,34,3,3,2,3,5,2,3,4,8498,2,3,4,1,4,4,vips_MRURP
213,76,21,79,98,91,22,48,41,8746,6,20,54,87,92,85,42,5,4,3,6,3,5,4,5,8509,2,4,4,3,5,7,15,2,1,3,2,1,0,3,2,8533,1,1,3,4,4,4,45,5,1,4,7,5,1,2,4,9222,2,4,4,4,4,7,55,5,2,4,6,4,3,4,3,8717,3,4,4,4,7,5,52,7,3,3,6,6,2,5,3,8801,1,3,3,4,9,5,14,3,1,3,5,2,0,1,2,8597,0,0,1,5,5,3,29,2,2,3,5,4,2,1,1,8717,1,1,2,4,5,4,27,1,1,3,4,4,3,2,2,9183,1,2,3,3,4,2,15,1,1,1,4,4,1,1,0,9171,0,2,0,1,1,2,9,1,1,2,5,1,0,1,1,9184,0,0,2,2,4,3,19,2,1,3,7,4,1,1,1,9288,1,2,1,3,5,4,33,3,1,4,5,5,1,2,3,8891,1,1,2,3,6,6,47,5,2,4,8,4,3,5,2,8514,3,4,2,5,5,5,54,4,3,3,8,7,4,4,4,8693,5,6,6,6,7,7,48,4,3,5,7,5,4,4,2,8521,2,3,5,7,6,6,vips_MRURP
174,84,13,82,82,92,23,64,42,9485,4,15,64,88,69,78,49,4,3,7,6,8,2,6,3,8931,2,3,5,8,5,3,13,3,1,3,2,5,1,2,1,8511,0,1,2,2,2,3,47,3,2,5,3,4,4,4,3,9108,2,2,4,6,3,4,50,6,3,4,3,5,3,4,4,8643,2,3,5,6,5,5,53,3,1,5,4,3,4,3,4,8741,2,3,4,6,3,5,19,1,0,3,2,4,1,2,1,8574,1,1,2,0,3,4,38,4,1,4,2,4,2,3,4,8734,1,2,3,3,4,3,23,4,2,4,4,3,1,3,2,8503,0,1,3,3,3,4,19,3,1,3,3,2,1,3,2,8505,1,0,1,3,1,0,10,3,0,2,3,4,1,2,2,8522,0,0,1,2,2,1,14,2,1,2,3,1,0,2,3,8615,0,0,3,2,3,3,39,4,3,4,4,3,2,1,3,8737,2,3,4,6,3,3,54,4,3,4,4,6,2,3,5,9148,2,1,5,3,5,3,41,5,4,7,5,7,5,6,5,9335,2,2,4,6,5,7,47,5,2,6,4,4,2,4,2,9169,2,4,4,3,5,4,vips_MRURP
195,100,38,120,107,98,20,89,52,8805,11,24,56,126,162,84,57,4,5,4,7,4,6,19,5,8770,4,5,6,13,17,7,25,3,2,4,6,2,1,15,2,9162,0,2,1,14,13,4,67,6,4,4,6,5,3,22,5,9755,3,3,6,15,18,5,59,3,2,8,6,6,3,27,3,9301,3,3,3,25,32,6,56,5,4,5,7,5,2,17,3,9393,3,1,6,17,17,6,16,4,2,3,5,3,1,18,2,8795,0,1,4,17,16,2,41,5,3,4,10,4,2,14,5,8797,2,2,6,38,38,8,30,3,1,4,4,4,2,18,2,8518,2,2,3,13,13,4,18,1,0,2,3,3,0,11,1,8523,1,1,2,18,15,2,10,2,1,3,4,1,0,14,0,8517,0,1,2,16,22,4,20,4,1,3,4,4,0,13,1,8575,1,0,2,14,19,3,33,5,1,5,5,5,1,33,1,8468,1,1,3,27,31,5,57,5,3,6,9,5,2,14,3,8512,2,5,9,15,42,10,74,5,3,6,11,6,4,55,4,8752,3,6,8,38,54,13,46,3,6,6,6,6,3,35,5,8516,3,2,3,31,40,8,vips_MRURP
193,94,16,80,89,72,15,38,36,8787,5,19,44,97,103,85,53,5,4,5,5,8,2,4,4,8536,3,4,5,7,9,7,12,2,1,3,3,2,0,1,2,8528,1,0,3,2,2,3,46,4,2,3,5,4,4,2,2,9320,2,3,3,6,4,7,53,6,4,6,4,7,3,6,5,8603,4,2,5,6,6,4,39,5,3,3,4,2,2,2,4,8740,2,4,4,2,6,4,11,3,1,2,1,3,1,0,2,9079,0,0,0,2,3,2,26,3,1,3,12,2,1,2,3,9421,0,1,3,3,6,6,21,4,0,4,3,2,1,2,2,9173,1,1,1,2,5,4,16,2,1,2,2,3,2,0,2,9163,0,1,1,2,2,2,5,1,0,2,3,2,0,1,1,9160,0,0,1,2,3,3,12,2,1,2,3,2,1,0,1,8621,0,0,4,2,4,3,29,3,2,4,3,4,2,2,2,8493,1,3,2,5,6,5,61,5,5,5,14,4,4,2,4,8507,3,2,9,3,13,13,65,6,5,6,15,5,4,5,8,8696,3,4,12,8,15,15,48,6,2,5,6,4,2,6,4,8536,4,3,4,6,6,6,vips_MRURP
160,109,16,71,95,100,24,41,43,8849,3,25,60,73,92,90,61,5,4,7,8,4,6,4,4,8505,5,3,6,5,5,5,15,3,0,3,3,5,2,2,0,8509,1,1,1,2,5,2,41,4,2,4,6,4,1,4,4,9074,1,2,3,3,5,4,52,5,3,4,6,4,3,3,2,8556,2,5,5,5,7,6,58,5,2,3,7,3,3,5,2,8706,3,1,4,6,6,6,19,3,1,2,3,1,1,2,3,8536,1,2,3,3,3,5,27,3,3,3,7,3,2,1,1,8782,2,3,2,4,8,4,24,3,3,2,4,4,3,2,1,8548,0,1,3,3,2,3,20,2,1,2,4,2,1,3,1,8521,2,1,1,2,1,2,5,4,1,1,3,3,1,1,1,8562,0,1,2,1,1,3,17,5,0,3,4,3,2,3,2,9252,0,2,1,3,4,5,33,6,2,2,5,4,3,2,2,9143,2,2,3,3,4,4,42,5,1,3,8,4,1,5,4,9147,1,2,5,5,5,3,53,7,4,7,10,10,6,6,5,9331,3,5,6,5,7,8,52,6,3,6,4,6,4,3,4,9169,1,4,5,3,6,4,vips_MRURP
1230,849,753,903,774,802,711,736,811,6855,705,843,807,2397,1705,1036,149,11,10,40,5,7,4,6,43,4847,3,58,33,805,406,37,88,4,2,38,2,3,2,2,37,4763,1,51,37,814,445,41,137,7,5,39,3,6,3,5,46,4748,3,55,32,911,469,49,113,8,4,44,7,8,3,3,39,4703,3,76,33,1123,653,54,136,4,5,47,5,7,3,2,47,4751,4,71,37,1016,595,55,69,5,2,40,4,7,1,1,36,4552,1,49,32,772,419,40,87,4,6,43,5,6,4,2,39,4455,4,50,37,751,455,47,104,5,0,56,4,6,1,2,50,4468,1,71,55,816,455,65,199,68,42,123,63,52,29,42,134,4270,28,249,152,1226,693,172,71,6,4,39,4,7,4,2,37,4843,0,62,41,856,522,58,81,7,3,45,7,9,4,8,38,4215,4,59,57,718,452,47,93,6,3,47,5,8,2,3,42,4355,1,77,43,708,416,56,147,25,23,57,32,24,11,18,71,4805,13,72,62,803,733,69,146,22,13,55,31,21,9,15,62,4598,21,66,53,1003,502,76,209,7,9,58,9,14,5,7,52,4617,5,75,46,919,576,65,vips_MRURP
5141,2251,2241,2311,2287,2357,2090,4909,2033,5635,3808,3090,2585,5880,5295,5267,647,68,77,47,75,83,57,1342,36,3215,730,564,298,2138,1655,1434,573,82,58,31,95,82,47,1514,32,3282,965,648,369,2200,1898,1874,650,72,91,45,77,81,50,1543,41,2789,951,643,397,2281,1977,1664,649,91,88,72,94,106,60,2148,75,3050,1283,880,488,2498,2339,2200,657,86,85,65,91,93,57,2114,69,3225,1285,807,458,2416,2197,2254,510,70,62,44,76,82,48,1408,41,2803,996,598,328,2044,1635,1553,565,127,116,101,206,152,60,1411,85,2795,1265,720,418,2091,1952,1937,528,82,85,49,96,95,81,1582,34,2832,965,629,385,2211,1875,1815,641,236,220,168,304,280,204,1696,160,2402,1161,779,540,2310,2116,2005,511,84,88,52,154,155,75,1644,56,3258,879,722,417,2396,2090,1848,476,76,53,41,98,92,41,1386,35,2395,951,555,336,2111,1905,1812,522,66,77,49,100,95,60,1438,58,2612,965,570,318,2004,1658,1739,565,246,116,76,177,140,96,1880,100,3039,1131,722,423,2127,2491,2326,565,118,124,46,151,146,51,1637,100,2974,1021,574,357,2622,2100,2005,689,118,115,56,183,147,67,2055,89,3278,1122,811,458,2715,2467,1890,vips_MRURP
6642,3481,5332,5943,6572,3641,3307,5479,3327,3252,6627,5973,6016,5838,6092,5862,2152,35,808,1072,1385,75,28,1012,43,46,1371,1327,1083,1156,1391,1244,2440,75,1081,1469,2042,144,32,1376,58,53,1902,1704,1855,1639,1852,1796,2408,74,1309,1291,1851,168,36,1248,111,52,1792,1712,1555,1496,1710,1783,2790,104,1621,1942,2130,197,74,1710,91,64,2574,2140,2131,1976,2211,1931,2560,35,1285,1576,1985,87,31,1640,46,39,2210,1710,1739,1495,1805,1869,2123,18,823,1197,1442,88,19,981,36,33,1626,1239,1229,1264,1410,1389,2135,77,853,1254,1609,180,28,936,62,50,1682,1340,1334,1129,1557,1319,2279,21,1101,1376,1692,77,39,1255,22,37,1689,1470,1520,1444,1599,1705,2170,113,877,1191,1404,173,108,1101,114,126,1446,1222,1278,1231,1390,1423,2257,96,1114,1387,2066,237,74,1471,66,67,1648,1495,1590,1668,1924,1769,2262,77,1018,1284,1795,135,22,1439,51,37,1804,1285,1539,1574,1840,1628,2230,78,1059,1421,1824,174,22,1310,94,46,1879,1451,1353,1328,1667,1641,2458,113,1089,1590,1957,172,60,1246,102,105,1916,1605,1703,1310,1969,1752,2271,81,1232,1393,1825,177,30,1299,69,59,1951,1523,1604,1551,1828,1733,2510,84,1285,1663,1897,195,26,1372,42,85,2006,1641,1605,1519,1962,1644,vips_MRURP
4686,1806,3202,2660,2521,3019,1591,2712,2000,1610,3321,2490,2378,2502,2432,2757,1722,17,645,355,301,495,22,554,202,13,842,569,342,418,402,415,2071,42,728,545,528,737,18,740,270,10,1078,680,570,601,566,643,1971,51,862,439,438,653,17,758,271,24,1094,638,410,481,449,678,2316,31,997,637,497,806,21,884,309,14,1200,651,533,569,571,738,2202,53,986,523,507,784,27,843,273,12,1484,696,486,585,531,744,1665,9,675,360,336,562,7,637,181,8,1001,454,309,407,337,443,1812,40,714,453,375,565,21,573,236,19,1120,546,316,397,434,511,1924,19,782,497,441,650,15,713,204,12,1128,677,414,555,451,672,1684,42,606,395,350,514,48,627,217,62,916,524,374,436,402,472,1896,36,730,561,576,683,31,736,253,14,979,662,494,562,561,597,1739,28,668,467,520,572,11,629,204,12,1005,534,488,560,561,514,1760,34,688,493,402,570,9,648,291,10,1017,517,336,440,418,550,1854,50,769,498,386,650,20,727,277,35,971,453,425,481,463,607,1843,39,774,455,400,593,15,697,324,14,1114,556,363,499,488,575,2093,50,903,626,509,760,15,782,296,29,1174,600,493,551,538,569,vips_MRURP
313,231,198,191,196,209,175,181,185,947,169,167,190,192,224,226,48,3,17,6,8,8,2,3,5,323,2,4,5,6,7,6,19,3,9,3,7,7,2,2,1,325,3,4,9,5,7,11,27,2,17,6,8,2,5,4,2,303,5,4,4,5,4,7,37,2,27,1,7,0,2,4,1,315,3,1,3,1,5,5,40,3,17,8,6,2,5,4,3,304,3,3,8,6,5,5,15,2,14,1,1,0,1,3,2,304,1,1,2,1,1,3,18,7,12,3,4,3,1,4,6,305,3,3,4,2,3,3,24,1,12,1,11,2,1,2,2,302,2,2,2,1,4,4,24,0,14,1,13,4,3,2,0,307,4,3,2,1,3,2,13,5,14,3,4,3,1,4,2,317,2,4,6,2,5,5,17,4,10,2,4,3,1,0,1,311,3,2,5,1,2,1,27,3,23,1,6,5,3,2,3,326,3,2,3,5,2,3,29,7,16,4,7,4,2,0,1,330,2,1,4,3,4,3,42,3,52,2,7,3,3,3,5,389,4,2,3,3,4,9,39,5,30,3,6,4,1,1,4,335,2,3,3,2,7,4,vips_MRURP
5352,2401,3027,3094,3209,3642,3125,3250,3932,2060,4345,3211,3028,3695,3103,3070,1682,15,393,316,501,499,401,485,857,13,1096,634,508,942,366,375,1769,30,531,498,611,745,592,613,1215,9,1332,741,683,1156,531,612,1835,56,466,388,559,714,628,590,1093,14,1403,809,634,1040,459,491,2041,26,544,601,594,871,735,796,1505,5,1590,869,620,1110,555,583,2085,55,569,501,706,785,704,771,1421,14,1759,763,774,1187,582,613,1743,25,421,365,552,721,436,584,1001,10,1467,665,537,1155,406,476,1641,45,407,383,566,652,512,515,1080,20,1413,606,534,947,419,416,1789,51,520,461,684,855,634,820,1102,16,1694,778,782,1086,657,629,1600,58,383,363,484,490,391,491,937,59,1157,577,601,980,385,463,1745,62,583,576,755,701,687,631,1369,18,1176,703,712,1256,657,618,1618,36,545,571,563,521,467,543,1117,8,1170,584,552,1104,611,621,1619,26,419,391,515,633,528,562,1125,7,1292,582,534,1007,434,503,1840,44,479,388,497,741,554,639,1294,39,1397,739,516,1060,493,579,1755,38,502,444,565,646,565,614,1367,12,1494,640,639,1089,485,492,1820,29,574,478,574,765,645,601,1219,21,1327,773,579,1122,552,564,vips_MRURP
9043,4237,5372,5456,5749,5883,5493,5087,6648,3590,6864,5366,5439,5662,6314,4998,2717,72,786,905,905,640,752,617,1497,26,1277,813,802,1225,1635,589,2892,165,1130,1083,1224,1015,1072,917,2028,31,1872,1136,1162,1462,1981,917,2780,122,1026,1005,1108,749,1112,714,1897,35,1740,1108,1101,1290,1854,671,3266,150,1239,1309,1316,1115,1538,1046,2443,32,2262,1518,1318,1559,2047,903,3194,177,1204,1190,1334,967,1327,1000,2398,26,2241,1252,1178,1540,2192,894,2605,148,779,920,1079,844,936,709,1826,26,1652,1054,1158,1293,1800,661,2551,140,740,867,955,682,915,610,1588,38,1523,927,819,1168,1805,579,2786,172,1056,1142,1377,954,1320,782,1915,33,1927,1221,1261,1478,1955,853,2501,116,705,927,850,696,812,669,1671,62,1360,773,849,1325,1642,671,2798,169,1160,1209,1285,1046,1122,940,2139,55,1599,1110,1165,1550,2227,862,2696,151,997,1124,1101,1034,994,1011,1871,39,1937,770,970,1421,2207,1009,2727,132,857,1072,1115,831,1105,737,2008,26,1811,959,900,1383,1803,766,2750,235,732,985,1070,843,1092,717,2179,60,1757,935,1017,1409,2059,850,2760,126,959,1053,1054,742,1026,679,2190,28,1812,967,980,1342,1965,749,2828,146,994,1131,1036,898,1037,830,1858,42,1744,1161,1129,1426,2112,922,vips_MRURP
10235,5105,7187,7167,6864,6922,6439,6725,7699,4385,7501,6049,6566,6476,6491,7628,3409,44,1090,933,880,1085,883,1267,1697,23,1422,956,940,1109,984,2024,3583,175,1464,1428,1483,1361,1405,1589,2530,65,1984,1337,1563,1493,1327,2457,3586,155,1812,1230,1246,1163,1257,1498,2439,54,1914,1054,1281,1279,1199,2462,3772,137,1963,1773,1315,1371,1409,1614,2616,56,1960,1272,1625,1406,1417,2416,3757,129,1728,1345,1285,1276,1217,1649,2365,39,2279,1014,1421,1371,1327,2496,3111,134,1400,1108,1037,1100,946,1385,1887,46,1823,854,1133,1195,1066,2103,3127,125,1121,1106,982,1081,971,1288,1893,51,1712,839,1012,1021,1083,2181,3365,155,1818,1554,1552,1414,1278,1583,2260,52,1931,1120,1502,1444,1277,2346,3029,74,988,908,844,953,930,1249,1773,50,1488,857,967,1132,1003,2096,3314,124,1362,1125,1175,1294,1276,1502,2253,46,1848,1071,1270,1381,1261,2426,3268,116,1187,977,1101,1208,1247,1579,1965,43,1780,1069,1171,1250,1285,2591,3304,130,1328,1251,1262,1116,1216,1394,2248,43,1881,966,1060,1113,1140,2436,3330,109,1417,1343,1121,1038,1095,1493,2301,81,1758,961,1225,1193,1224,2475,3465,117,1400,1207,1052,1107,1078,1434,2397,39,1899,907,1216,1255,1204,2349,3454,126,1649,1484,1152,1227,1123,1698,2111,68,2025,1151,1327,1264,1177,2536,vips_MRURP
10762,5084,6469,6408,6450,7483,6635,6875,7726,4192,8454,6740,6022,6264,6553,6353,3635,28,824,752,729,948,1117,1592,1622,25,1701,1733,762,483,815,883,3707,110,1200,1041,1185,1546,1525,1775,2208,29,2223,1881,1171,913,1218,1213,3832,111,967,800,817,1277,1531,1727,1868,29,2264,1671,895,657,984,1113,4229,103,1214,1065,1022,1612,1759,1888,2305,30,2584,1968,1082,1143,1240,1330,4303,139,1300,1066,1203,1411,1655,2129,2427,41,3038,2051,1112,866,1248,1388,3581,93,889,796,933,1315,1207,1783,1772,37,2381,1780,864,611,870,1016,3365,81,729,755,802,1107,1220,1535,1585,31,2194,1681,726,780,1076,950,3826,113,1084,961,1070,1551,1587,1841,1874,30,2744,1864,1089,1012,1364,1259,3183,32,744,735,729,821,1059,1518,1628,27,1650,1610,804,473,770,955,3671,143,1279,1088,1306,1513,1571,1923,2387,54,1854,1924,1205,966,1314,1214,3290,87,1060,1029,1055,1051,1155,1894,1973,21,1834,1904,1056,901,1187,1247,3470,102,909,871,835,1175,1385,1725,2021,24,2150,1692,861,614,889,1120,3809,143,1068,973,965,1384,1388,1864,2253,89,2298,1755,957,614,1234,1387,3859,110,1046,876,908,1226,1404,1743,2177,30,2501,1780,957,785,1090,1082,3843,74,1210,1076,990,1361,1310,1765,2066,42,2279,1984,1043,746,1003,1143,vips_MRURP
13689,7196,9403,9765,9954,9115,9002,8317,9691,6819,10268,7901,9723,9214,8797,8850,4580,40,1404,1835,2309,1081,1104,969,2012,88,1975,923,2148,1170,1290,1389,4721,130,1712,2264,2715,1281,1386,1207,2570,128,2457,979,2589,1500,1383,1716,4681,145,1708,1935,2348,1131,1290,1151,2310,141,2383,931,2394,1399,1407,1668,4654,132,1561,1983,2279,1165,1360,1083,2280,130,2407,973,2455,1479,1339,1650,4830,137,1674,2113,2551,1161,1358,1181,2322,108,2600,989,2519,1436,1402,1690,4689,124,1526,1972,2455,1163,1158,1137,2219,110,2356,929,2296,1283,1278,1555,4435,88,1402,1931,2296,1077,1133,1226,2097,102,2204,894,2180,1288,1496,1787,4470,123,1625,2015,2422,1192,1360,1250,2057,105,2158,932,2425,1618,1503,2145,4362,79,1381,1878,2349,1062,1077,970,2067,105,2077,826,2273,1141,1321,1473,4552,168,1659,2222,2559,1216,1299,1043,2351,145,2129,923,2366,1405,1413,1571,4442,86,1489,1906,2295,1129,1160,974,2106,76,2212,915,2377,1222,1285,1545,4515,108,1423,1932,2399,1120,1226,1008,2200,147,2194,917,2305,1277,1310,1480,4718,170,1687,2297,2645,1293,1354,1263,2465,155,2497,1014,2454,1272,1490,1764,4667,84,1595,2103,2401,1122,1225,1052,2258,197,2399,901,2324,1444,1365,1515,4670,93,1634,2137,2403,1198,1242,1066,2294,234,2437,979,2377,1417,1397,1531,vips_MRURP
269,188,135,165,163,155,96,131,139,132,70,248,116,151,185,197,112,7,16,21,21,22,19,15,16,12,17,118,18,16,20,19,85,5,17,16,15,24,20,16,15,6,13,136,14,15,12,15,100,12,16,16,15,24,20,16,16,15,14,120,15,13,21,19,98,9,18,23,18,19,20,19,17,14,19,137,18,16,21,23,101,10,21,16,16,20,13,17,17,12,14,137,11,16,21,14,58,3,11,12,11,14,13,8,12,7,14,118,10,9,11,11,78,3,11,11,13,15,13,11,9,11,11,124,11,9,13,16,82,7,15,14,13,18,16,14,14,9,15,132,16,14,14,19,87,3,14,21,18,17,20,18,21,8,21,116,25,20,16,21,51,3,15,13,14,14,11,10,10,9,12,103,17,14,21,17,53,5,7,6,9,7,5,8,6,7,7,118,6,8,11,9,72,5,13,13,12,12,8,10,11,10,13,128,12,13,16,13,92,10,17,15,16,16,15,15,13,13,13,145,18,11,17,16,107,10,18,16,20,20,17,14,14,13,14,134,17,20,20,16,115,12,24,17,21,21,17,23,17,17,16,127,23,18,20,20,vips_MRURP
9828,4591,5536,5627,5583,7153,6956,5456,5541,4271,6089,5145,5537,5834,6567,5844,3928,16,613,649,662,1730,1672,866,781,40,963,540,740,866,1665,957,4146,53,764,745,846,1943,1896,938,1011,65,1169,633,1069,977,1812,1057,4151,52,691,719,761,1791,1800,898,886,68,1023,623,898,1010,1860,1130,4046,44,700,748,795,1772,1774,1003,916,73,1177,710,941,1107,1852,1153,4261,68,766,736,871,1924,2124,1082,947,69,1338,690,1046,1130,1908,1187,4065,81,655,691,748,1975,1829,911,865,71,1199,579,851,970,1809,991,3878,49,634,681,714,1725,1682,971,812,79,1078,536,676,866,1769,955,3939,51,693,716,764,1830,1763,1076,882,58,1154,635,940,1169,1936,1167,3733,31,590,662,694,1618,1661,917,795,48,1053,551,809,852,1728,987,3942,51,650,666,787,1804,1753,967,837,53,1051,592,858,1036,1844,1141,3882,42,642,683,760,1878,1858,909,845,54,1077,628,766,881,1754,1022,3896,55,631,705,912,1770,1790,916,883,67,1169,540,728,988,1812,1076,4082,76,721,840,918,1996,1862,1000,954,72,1354,752,980,923,1819,1154,4154,37,730,760,834,1835,1787,1035,1014,85,1293,637,890,1042,1857,1145,4272,59,687,708,765,2053,1837,975,906,90,1337,606,829,1107,1805,1167,vips_MRURP
15389,8444,10210,10572,10159,10322,9668,10291,10734,10361,10263,9751,10258,10286,10428,10993,5232,20,1214,1246,1332,1104,951,1725,1873,1540,1462,1256,1528,1166,1790,2628,5503,93,1506,1613,1487,1368,1285,1851,2532,1669,2032,1437,1668,1470,1883,2671,5523,150,1728,1415,1484,1267,1232,1892,2346,1685,1673,1374,1754,1399,2059,2798,5486,88,1499,2292,1315,1245,1203,1891,1942,1817,1669,1376,1707,1446,2027,2831,5671,129,1695,3214,1474,1336,1281,1956,2062,1864,1864,1382,1757,1534,2049,2883,5195,127,1418,2601,1428,1175,1086,1860,2001,1731,1684,1470,2186,1327,1860,2805,5169,70,1318,2128,1823,1122,1034,1725,1923,1592,1615,1546,2446,1192,1929,2724,5194,101,1481,1806,1705,1238,1198,1908,2093,1508,1846,1526,1910,1566,2097,2732,5087,89,1343,1306,1353,1096,1010,1768,1851,1420,1571,1179,1596,1223,1840,2704,5150,96,1407,1281,1410,1132,1102,1818,1891,1531,1527,1303,1551,1394,1869,2738,5187,77,1540,1295,1327,1153,1099,1728,1785,1609,1522,1313,1462,1264,1806,2696,5250,81,1438,1378,1412,1150,1051,1804,1842,1656,1584,1259,1643,1291,1951,2748,5475,123,1705,1669,1514,1360,1273,1895,2155,1736,1841,1443,1747,1307,2004,2789,5431,133,1495,1481,1448,1195,1128,1905,1950,1920,1766,1382,1733,1442,1905,2823,5360,89,1441,1494,1466,1220,1155,1963,2067,1961,1652,1403,1662,1338,1972,2750,vips_MRURP
17450,9621,11767,11508,12897,11985,11493,11535,12384,10972,11660,11118,11979,12429,11478,11375,5986,29,1960,1089,3291,1276,1251,2225,1831,1285,2086,1845,2675,2118,1089,1092,6237,115,2093,1280,3411,1683,1778,2331,2450,1565,2345,2025,2874,2461,1558,1545,6325,150,2167,1317,3432,1514,1671,2374,2428,1497,2379,2047,2890,2339,1426,1428,6301,91,2114,1409,3439,1477,1743,2381,2443,1649,2396,2065,2804,2451,1624,1504,6626,167,2233,1467,3630,1586,1852,2453,2566,1884,2402,1995,3001,2592,1629,1610,6181,152,1976,1109,3414,1602,1435,2294,2248,1542,2331,1828,2740,2499,1263,1488,6046,62,1896,1113,3236,1621,1501,2349,1883,1304,2249,1794,2672,2013,1445,1391,6525,178,2352,1508,3646,1977,2166,2460,2183,1579,2455,2144,2987,2481,1873,1743,5725,111,1985,1200,3379,1399,1405,2222,2030,1256,2215,1827,2792,2169,1239,1254,5812,102,2119,1451,3407,1386,1477,2360,2218,1483,2207,1906,2879,2495,1576,1388,5716,85,1973,1337,3285,1339,1386,2206,2074,1399,2152,1730,2706,2409,1368,1357,5862,82,2001,1312,3311,1389,1490,2244,2161,1328,2267,1851,2726,2549,1193,1365,6221,140,1993,1270,3469,1618,1688,2325,2472,1646,2184,1845,3162,2361,1482,1499,6208,175,2191,1454,3624,1500,1621,2247,2742,1594,2490,1998,2789,2539,1542,1434,6225,130,2290,1586,3343,1647,1620,2340,2455,1697,2384,2121,2883,2528,1562,1384,vips_MRURP
13361,7238,9500,9431,8620,9305,8215,8841,10302,9499,8898,9096,8742,8663,9076,9117,4616,20,2242,1157,1058,1253,874,896,1803,1347,1684,2214,1133,1277,1127,1060,4811,155,2514,1412,1399,1581,1259,1288,2441,1763,2051,2792,1553,1506,1464,1401,4906,137,2636,1410,1423,1495,1189,1363,2592,1771,2000,2475,1500,1478,1493,1535,4776,100,2548,1777,1452,1518,1091,1424,2575,2027,1936,2439,1709,1543,1746,1628,4996,149,2583,1666,1575,1647,1291,1431,2475,2216,2060,2435,1692,1582,1563,1737,4538,138,3207,1301,1456,1345,809,1258,2002,2001,1990,2448,1402,1418,1242,1264,4522,132,3296,1374,1485,1396,946,1490,2045,1926,2305,2345,1500,1466,1277,1212,4687,137,2688,1968,1659,1657,1211,1673,2277,2320,2284,2419,1888,1816,1621,1617,4446,136,2429,1326,1369,1395,968,1121,2151,2023,1869,2333,1480,1483,1297,1326,4616,119,2629,1316,1330,1439,1127,1189,2196,1943,1867,2349,1383,1443,1418,1329,4533,118,2664,1283,1243,1279,1012,1178,2129,1569,1877,2289,1277,1296,1318,1258,4648,132,2419,1525,1395,1394,1052,1265,2253,1604,1862,2356,1404,1440,1302,1421,4514,128,2398,1601,1437,1389,974,1321,2650,1767,1968,2350,1554,1442,1444,1509,4755,141,2369,1596,1409,1456,966,1249,2664,1775,1930,2304,1527,1469,1521,1484,4864,118,2446,1730,1467,1563,1088,1387,2413,2084,1880,2344,1672,1544,1639,1550,vips_MRURP
230,183,149,184,192,186,147,151,153,869,146,159,166,189,186,191,27,5,4,5,2,2,3,5,4,301,7,2,3,2,6,4,16,5,1,5,14,2,2,1,1,300,1,0,0,2,2,4,30,4,2,3,10,7,0,3,1,294,2,1,3,3,5,3,26,1,4,3,11,8,1,0,2,299,2,5,2,1,4,17,31,2,4,1,13,6,4,1,2,293,2,1,1,0,2,2,7,3,1,0,7,4,0,3,0,282,1,0,0,1,2,4,13,0,0,1,6,1,2,0,3,287,2,1,0,0,1,3,12,0,0,1,11,2,1,2,0,291,2,0,1,3,2,1,11,1,1,2,9,1,2,0,1,302,3,0,1,0,3,4,9,3,1,2,14,3,1,2,1,300,2,3,1,3,4,4,11,1,2,1,12,1,0,1,0,293,1,0,3,2,2,4,14,1,1,3,13,2,0,0,0,306,1,1,0,4,4,4,29,0,4,2,9,2,0,1,2,298,2,2,2,3,8,5,29,3,2,3,14,4,3,1,2,353,2,3,4,6,4,6,29,2,0,3,25,2,3,3,0,296,5,2,3,3,1,3,vips_MRURP
16492,7720,9659,9537,9365,10676,9637,9312,9849,9092,9178,8916,9119,9443,9089,8957,5023,23,1127,1087,1181,1160,1324,1368,1654,1181,1101,1239,1174,1515,1050,996,5308,271,1515,1377,1750,1866,1864,1712,2157,1715,1479,1882,1632,1912,1425,1478,5145,145,1388,1122,1300,1389,1688,1587,1732,1501,1286,1491,1426,1688,1098,1136,5415,190,1633,1424,1393,1714,1941,1911,2047,1729,1557,1658,1551,1890,1393,1263,5784,194,1734,1303,1569,1483,1902,1996,1998,1893,1584,1602,1658,1937,1350,1337,4902,184,1310,1125,1256,1481,1467,1524,1793,1396,1368,1341,1296,1651,1081,1103,4745,185,1198,1141,1347,1342,1569,1344,1606,1334,1323,1261,1347,1520,1110,1089,4963,136,1511,1218,1475,1544,1794,1833,1683,1539,1470,1619,1508,1847,1240,1254,4637,167,1249,1160,1318,1328,1416,1390,1717,1178,1262,1334,1471,1665,1025,1097,4862,224,1726,1410,1696,1537,1721,1644,1949,1651,1326,1416,1547,1917,1414,1372,4772,209,1375,1491,1549,1504,1695,1470,2048,1605,1285,1269,1450,1593,1431,1441,4858,189,1307,1321,1450,1429,1741,1525,1987,1767,1353,1374,1359,1637,1174,1205,5052,174,1437,1409,1462,1433,1709,1651,2264,1477,1387,1379,1455,1672,1229,1372,5115,163,1519,1301,1425,1398,1605,1699,2120,1521,1375,1431,1434,1704,1196,1179,5205,159,1637,1460,1402,1536,1692,1731,2240,1723,1420,1570,1467,1788,1327,1302,vips_MRURP
19145,9232,11432,11616,11164,12391,11552,10375,12180,10308,10964,10437,10397,11536,11716,11415,6531,30,1525,2233,1313,1951,1932,1017,2503,1170,1337,1488,1101,2483,1960,1836,6805,243,1778,2544,1912,2509,2319,1398,3053,1502,1797,1948,1599,2702,2377,2282,6420,158,1822,2301,1457,1955,1980,1116,2730,1266,1600,1650,1244,2531,2164,2170,6710,212,2093,2463,1745,2066,2123,1321,2807,1545,2033,2055,1611,2676,2263,2142,6986,205,2089,2537,1619,2196,2193,1291,2888,1563,1773,1865,1435,2640,2282,2242,6518,175,1706,2305,1399,2141,2014,1106,2660,1316,1615,1531,1175,2633,1937,1983,6295,187,1612,2292,1425,2052,1881,1028,2563,1203,1592,1504,1107,2541,1973,1831,6336,195,2081,2612,1725,2123,2070,1269,2599,1436,1771,1958,1423,2559,2515,2216,6106,195,1650,2300,1405,1989,1859,1080,2508,1180,1506,1491,1218,2502,1883,1907,6433,216,1806,2544,1669,2192,2165,1279,2856,1415,1469,1541,1332,2692,2279,2209,6388,215,1790,2452,1622,2317,2182,1390,2830,1424,1587,1434,1355,2672,2312,2344,6337,205,1755,2436,1531,2079,2097,1141,2757,1311,1669,1619,1167,2551,2041,2054,6743,173,1817,2536,1535,2160,2093,1215,3000,1428,1696,1641,1290,2491,2239,2175,6720,235,1866,2569,1558,2127,2025,1130,3235,1498,1789,1735,1341,2605,2168,2737,6757,182,1926,2622,1591,2391,2142,1173,3078,1622,1666,1709,1403,2559,2559,2258,vips_MRURP
18588,10471,14043,12266,13350,12218,12332,13448,12178,12777,13755,13309,13035,11873,12251,12089,6547,36,2621,1274,2317,1436,1522,2334,1398,2052,2655,2502,2039,1520,1400,1342,6730,187,2864,1411,2664,1624,1768,2635,1571,2227,3105,2824,2322,1618,1525,1523,6737,184,2744,1391,2340,1550,1642,2439,1594,2172,2748,2604,2061,1532,1673,1598,6633,180,2653,1351,2247,1474,1701,2464,1512,2063,2673,2567,2093,1523,1467,1498,6824,166,2951,1340,2459,1535,1770,2625,1641,2292,2893,2588,2182,1559,1533,1530,6837,174,2740,1566,2360,1454,1881,2624,1898,2250,2794,2603,2135,1574,1556,1539,6695,174,2627,2625,2426,1701,1821,2419,1774,2214,2673,2476,2057,1515,1996,1899,6490,193,2713,2543,2317,1793,1733,2541,1622,2072,2613,2562,2072,1690,1793,1894,6300,186,2571,1257,2338,1491,1538,2568,1428,1957,2513,2467,2123,1553,1410,1319,6373,201,2932,1309,2410,1448,1568,2441,1482,2014,2585,2562,2118,1689,1428,1394,6270,179,2636,1222,2319,1373,1474,2392,1413,2074,2642,2522,1974,2290,1398,1312,6473,167,2618,1320,2276,1462,1558,2424,1441,2178,2659,2529,2065,2608,1431,1390,6528,114,2828,1436,2492,1628,1623,2591,1610,2286,2804,2619,2202,2897,1537,1502,6541,194,2738,1452,2394,1514,1625,2595,1699,2197,2791,2654,2119,2754,1478,1973,6493,175,2836,1389,2377,1547,1661,2621,1706,2369,2800,2890,2135,2158,1637,1424,vips_MRURP
8761,5561,5501,5583,5702,6379,5578,5749,8494,5659,5702,5328,5741,5780,8535,8323,2893,20,96,117,353,890,198,321,3096,263,380,92,361,498,2979,2768,2965,170,236,270,476,1009,374,458,3099,409,572,228,527,558,3114,2896,2888,49,137,152,426,947,317,383,3019,327,453,129,450,505,3106,2859,2871,111,176,248,412,959,352,398,3084,345,523,171,464,542,3123,2882,2940,111,186,255,447,964,351,441,3160,365,523,161,482,601,3097,2929,2891,142,196,250,448,976,301,405,3133,376,525,191,467,514,3122,2960,2947,148,196,261,440,1011,348,417,3142,400,538,193,481,561,3138,2979,2929,149,207,336,464,1106,381,441,3191,412,529,198,513,643,3360,3718,2878,115,180,229,413,964,293,417,3119,324,485,176,454,559,3067,2926,2881,151,217,251,465,1027,337,429,3155,365,526,210,480,552,3171,2902,2837,132,218,214,442,946,284,407,3113,332,506,191,426,534,3134,2865,2842,89,151,201,401,983,276,381,3181,307,466,152,422,550,3175,2992,2860,118,184,210,423,1194,321,405,3173,359,529,153,492,543,3086,2894,2949,153,200,250,441,1001,343,432,3270,396,500,203,476,591,3165,3456,2969,165,241,284,458,1014,350,458,3594,412,527,223,491,637,3865,3075,vips_MRURP
18853,10991,12277,13143,12877,13668,12651,12475,12417,12361,12534,12226,12650,13353,12431,12368,7098,22,1163,1375,1924,2635,1763,1312,1462,1520,1641,1202,1277,2600,1416,1411,7176,115,1321,1522,2100,2764,1857,1456,1776,1642,1620,1518,1456,2659,1541,1554,7164,116,1327,1489,1952,2722,1909,1704,1602,1629,1551,1307,1455,2680,1503,1534,7166,113,1347,1555,1777,2713,1863,2120,1667,1858,1530,1466,1696,2636,1585,1572,7168,108,1604,1493,1629,2765,1885,1856,1649,2118,1568,1331,1477,2772,1556,1522,7206,135,1590,1494,1704,2818,1796,1729,1620,1965,1529,1517,1395,2706,1504,1545,7146,123,1240,1484,1826,2867,1881,1473,1789,1715,1543,1617,1531,2628,1788,1708,7251,191,1452,1663,1766,2885,2048,1589,1911,1788,1647,1525,1680,2793,1783,1984,6943,123,1262,1458,1588,2766,1874,1414,1590,1598,1562,1281,1656,2608,1499,1452,7050,114,1295,1513,1676,2771,1864,1457,1629,1570,1553,1281,1474,2744,1518,1491,6957,95,1343,1413,1601,2744,1776,1312,1545,1493,1647,1182,1460,2547,1493,1438,7147,134,1432,1629,1778,2751,1920,1473,1605,1828,1777,1279,1498,2652,1531,1507,7070,113,1418,1558,1728,2754,1858,1464,1675,1640,1827,1384,1571,2590,1545,1525,7293,204,1384,1705,1819,2782,1971,1573,1709,1718,1957,1461,1581,2719,1608,1743,7229,222,1380,1745,1779,2890,1991,1543,1688,1769,1914,1391,1606,2739,1715,1561,vips_MRURP
25441,14743,17087,17577,17518,16274,17481,17722,17310,17358,17499,16513,17611,16260,17206,17352,9661,32,2372,2581,2764,1315,2465,2784,2674,2733,2853,2168,2757,1745,2480,2563,9669,165,2482,2911,2922,1580,2623,3002,2836,2904,3086,2291,3015,1858,2579,2706,9718,142,2454,2805,2994,1537,2570,3054,2790,3022,3112,2287,2898,1822,2566,2696,9764,177,2478,2748,2956,1499,2643,3074,2746,3137,3111,2357,3021,1923,2613,2756,9887,154,2480,2893,2974,1612,2632,3094,2780,3021,3029,2340,2994,2074,2556,2749,10199,183,2545,2847,2925,1801,2653,3036,2753,3003,3066,2306,2906,2105,2559,2786,9809,177,2576,2842,3030,1896,2697,3038,2820,3072,3125,2359,3059,2447,2629,2721,9727,187,2645,2775,2961,1686,2690,3105,2928,3027,3094,2381,3080,1986,2651,2927,9617,218,2539,2785,3099,1477,2643,3062,2767,2953,3404,2360,3125,1869,2651,2758,9640,172,2538,2790,2909,1509,2658,3029,2786,3041,3062,2315,3011,1912,2639,2800,9474,137,2416,2781,2859,1375,2506,2872,2746,2897,2998,2248,2841,1780,2555,2741,9638,172,2510,2846,2902,1486,2648,2978,2830,3084,3093,2400,2997,1907,2692,2791,9597,110,2485,2844,2877,1474,2581,2995,2678,2959,3058,2310,2926,1834,2515,2687,9789,200,2533,2865,2825,1557,2635,2988,2824,3042,3099,2464,2957,1897,2640,3168,9857,196,2469,2986,2983,1536,2575,3069,2881,3106,3097,2464,3081,1963,2949,2883,vips_MRURP
19893,11823,13858,13400,13286,14671,13632,13199,13466,13359,13433,13865,13441,14324,13419,13402,7741,30,1932,1358,1531,2710,2072,1371,1706,1193,1099,1921,1241,2410,1555,1597,7933,204,2167,1529,1645,2793,2216,1505,2118,1333,1305,2075,1425,2567,1782,1866,7898,178,2126,1575,1661,2866,2149,1514,2224,1325,1343,2188,1421,2593,1756,1920,7824,192,2132,1576,1705,2803,2136,1549,2287,1366,1353,2336,1420,2523,1884,1980,7926,125,2063,1467,1667,2809,2149,1486,2028,1370,1236,2162,1414,2974,1830,1812,8069,137,2018,1561,1907,2757,2365,1856,2133,1867,1361,2217,1735,2506,1758,1839,7997,209,2288,1816,2230,2917,2566,2584,2217,1858,1969,2223,2182,2580,1867,1910,7975,258,2430,1761,1869,2961,2356,1877,2179,1566,1615,2246,1757,2691,2087,2235,7818,257,2135,1537,1735,2892,2290,1583,1966,1311,1645,2167,1868,2549,1934,1864,7807,259,2151,1553,1657,2939,2258,1554,1970,1627,1324,2164,1588,2614,1876,1891,7612,141,1935,1450,1540,2700,2033,1399,1774,1245,1216,1933,1249,2469,1754,1736,7898,260,2161,1695,1801,2900,2290,1633,1966,1548,1669,2225,1395,2587,1974,1942,7749,111,2022,1466,1628,2954,2121,1499,1830,1253,1228,2185,1396,2459,1749,1781,7835,175,2058,1523,1651,2861,2179,1529,1969,1301,1252,2223,1363,2578,1738,1893,7815,211,2134,1557,1668,2878,2174,1557,2042,1339,1285,2249,1350,2590,1888,1797,vips_MRURP
25315,14694,16773,17826,17582,15985,17161,17807,16884,17430,17175,16477,17310,16586,17193,17024,10005,42,2260,3118,3011,1311,2370,3228,2320,2890,2767,2051,2712,1912,2456,2226,10075,151,2307,3303,3143,1455,2506,3438,2407,3038,2785,2167,2818,2021,2481,2349,10117,135,2317,3472,3107,1493,2531,3612,2382,3116,2783,2176,2703,2002,2528,2346,10035,135,2305,3336,3003,1422,2445,3518,2352,3046,2729,2178,2703,1917,2472,2361,10184,142,2306,3274,3142,1446,2610,3407,2368,3039,2838,2185,2809,2444,2530,2369,10274,124,2290,3263,3083,1404,2486,3467,2367,3004,2790,2141,2732,1954,2516,2354,10017,134,2344,3418,3217,1449,2482,3458,2398,3043,2836,2228,2820,1845,2561,2350,10149,184,2431,3325,3174,1588,2628,3551,2531,3196,2975,2286,2893,2097,2626,2608,10043,183,2391,3340,3177,1464,2560,3509,2498,3078,3104,2227,3381,1940,2618,2414,10012,180,2373,3357,3125,1533,2533,3525,2487,3253,2840,2222,3200,2036,2560,2415,9872,119,2245,3303,3053,1479,2391,3320,2410,3038,2781,2190,2682,1960,2488,2329,10065,173,2422,3306,3159,1794,2556,3511,2504,3205,3242,2351,2852,2024,2626,2448,10037,119,2293,3275,3073,1742,2529,3511,2388,2971,2806,2133,2678,2047,2526,2356,10129,162,2395,3428,3099,1609,2423,3405,2578,3204,2837,2181,2819,2065,2559,2367,10203,193,2633,3394,3127,1498,2468,3392,2494,3228,2888,2263,2856,2136,2572,2452,vips_MRURP
19916,12055,13909,13714,13322,14272,14462,13358,13750,13222,13293,13853,13417,13993,13708,13892,7835,31,1848,1504,1408,2249,2102,1405,1744,1488,1417,2131,1458,1955,1736,1862,7967,157,2000,1578,1564,2338,2223,1589,1989,1612,1636,2319,1679,2048,1922,2158,7946,168,1995,1631,1573,2400,2054,1500,1981,1919,1654,2332,1643,2039,1910,2086,7815,152,2007,1656,1482,2292,1952,1608,1970,1638,1637,2322,1647,1988,1889,2042,7919,118,2051,1630,1566,2316,1957,1488,2003,1596,1588,2264,1622,2232,1889,2009,7901,167,2074,1601,1660,2297,1955,1562,1997,1730,1617,2388,1579,2176,1942,2188,8038,151,2186,1627,1786,2396,1997,1483,2075,1939,1817,2533,1760,1943,2104,2330,8192,208,2124,1913,1951,2507,2099,1911,2441,1979,2060,2387,1874,2159,2122,2477,8238,237,2057,1775,1764,2452,2020,2334,2065,1662,1900,2341,1749,2123,1903,2035,8322,172,2003,1817,1703,2380,1990,2343,1999,1654,1612,2270,1860,2065,1884,2013,8255,170,1918,1948,1578,2329,1947,2386,1978,1702,1608,2194,1543,2014,1842,1968,8163,178,2134,2301,2198,2429,2082,2335,1980,1843,1691,2327,1672,2049,2040,2074,7977,138,1997,2039,2144,2430,2119,1817,2034,1756,1624,2241,1609,2054,1934,2056,7958,193,1997,2152,1835,2382,2084,1708,2093,1753,1571,2273,1590,2145,1895,2112,7969,224,2195,1988,1639,2444,2237,1553,2007,1635,1648,2324,1622,2145,1929,2056,vips_MRURP
25080,15033,17182,17861,17612,16926,17102,17875,17235,17310,17230,17024,17139,16905,17547,17250,9579,43,2322,2829,2659,2027,2075,3060,2331,2505,2425,2386,2312,2134,2575,2139,9781,206,2376,2983,2870,2169,2242,3152,2507,2660,2555,2673,2400,2291,2748,2245,9771,179,2391,3025,2807,2200,2152,3177,2435,2762,2537,2483,2394,2256,2723,2289,9666,117,2308,2918,2761,2154,2167,3177,2361,2591,2467,2411,2330,2201,2597,2227,9817,198,2447,2983,2839,2189,2317,3153,2433,2723,2569,2513,2422,2993,2729,2307,9984,176,2361,2971,2860,2224,2198,3167,2398,2690,2545,2496,2376,2308,2629,2305,9638,140,2386,3075,2779,2253,2131,3223,2390,2902,2561,2513,2400,2126,2683,2262,9726,191,2518,3043,2861,2295,2277,3345,2467,2786,2645,2570,2423,2367,2795,2579,9664,190,2401,3144,2936,2204,2235,3372,2461,2713,2703,2493,2432,2273,2718,2321,9615,147,2380,3074,2875,2186,2171,3203,2503,2759,2563,2451,2532,2223,2771,2285,9535,154,2432,2900,2785,2125,2104,3097,2453,2616,2497,2405,2329,2171,2712,2197,9664,139,2436,3080,2874,2150,2304,3235,2528,2759,2631,2537,2431,2227,2907,2379,9701,222,2451,3032,2843,2819,2211,3228,2494,2730,2624,2544,2443,2303,2786,2342,9681,160,2402,3021,2870,2101,2150,3180,2487,2685,2597,2491,2392,2182,2679,2310,9825,199,2647,3077,2894,2177,2251,3192,2472,2771,2651,2505,2408,2274,2788,2297,vips_MRURP
5159,540,285,352,329,313,286,307,301,3851,285,285,285,319,324,313,50,112,16,11,18,9,10,6,8,2711,7,9,13,11,9,13,22,174,1,4,3,1,0,1,1,2747,2,2,1,1,5,3,44,130,5,3,6,3,4,2,5,2853,4,3,2,2,5,5,36,175,1,7,8,6,2,4,2,2733,3,0,0,3,3,4,32,198,1,1,3,2,4,4,3,2833,2,3,1,2,4,3,15,153,1,4,2,1,0,4,0,2256,3,1,1,3,3,1,21,112,3,4,3,4,2,2,3,2328,3,1,2,6,5,5,16,153,3,5,3,3,0,0,2,2204,1,1,1,1,2,3,22,378,10,8,25,17,7,2,4,2206,5,3,12,6,6,5,16,95,3,4,6,2,2,2,2,2599,4,5,2,3,3,3,16,91,1,3,2,2,1,0,1,2545,3,1,3,1,2,2,15,130,0,1,5,2,0,1,1,2262,1,1,0,3,0,1,29,89,2,3,5,2,3,5,2,2354,4,0,2,2,2,3,32,89,4,7,5,6,3,7,3,2415,7,4,2,2,5,8,26,93,3,4,4,3,2,3,3,2582,2,3,2,2,4,4,vips_MRURP
19802,11567,13826,13048,12998,13556,14050,13238,13675,12619,12665,13342,13310,13418,13189,13667,7226,30,2147,1446,1441,2011,1564,1529,2083,1463,1423,2026,1656,1981,1674,2067,7467,273,2345,1865,1659,2197,1816,1866,2468,1813,1704,2249,2326,2235,2029,2873,7378,126,2231,1984,1595,2079,1673,1903,2401,2035,1724,2171,2405,2114,1870,2288,7344,100,2269,1852,1465,2021,1674,2006,2772,1963,1881,2115,2386,2084,2034,2600,7629,155,2562,1671,1699,2099,2048,2152,2743,1840,1705,2217,2062,2669,2239,2730,7865,104,2758,1592,1752,2041,1747,1904,2388,1799,1688,2389,1883,2096,2247,2870,7484,130,2548,1572,1904,2374,1695,2019,2357,1938,1624,2491,1784,2683,2136,2914,7512,222,2712,1820,1902,2406,1852,2026,2682,1798,1786,2815,2066,2593,2219,3056,7183,125,2347,1749,1527,2127,1648,1625,2335,1520,1849,2341,1834,2063,1879,2518,7158,112,2355,1799,1499,2047,1631,1647,2328,1632,1470,2147,1781,2064,1891,2573,7232,182,2308,1678,1554,2076,1649,1592,2520,1538,1551,2135,1765,2122,1921,2440,7353,165,2418,1648,1618,2194,1793,1627,2459,1619,1621,2191,1851,2154,2031,2344,7236,118,2323,1575,1556,2105,1613,1711,2254,1542,1545,2157,1818,2029,1938,2329,7327,150,2293,1538,1578,2078,1691,1667,2237,1554,1527,2193,1781,2106,1881,2335,7424,256,2655,1606,1620,2205,1778,1712,2301,1631,1628,2242,1910,2223,1971,2434,vips_MRURP
22605,12809,12667,15576,16257,15308,16003,15683,14826,15559,15705,15139,12682,15017,15614,12905,9365,34,41,2726,3193,2390,3132,3035,1928,2879,2977,2684,68,2421,2757,76,9464,158,135,2818,3293,2641,3212,3157,2128,3008,3119,2738,190,2636,2778,204,9525,185,162,2953,3371,2664,3288,3228,2052,3129,3227,2811,201,2647,2976,199,9677,145,120,2860,3237,2541,3154,3089,1994,2965,3022,2745,178,2544,2868,184,9631,234,216,2908,3399,2661,3240,3244,2114,3118,3174,2840,241,3874,2910,253,9605,149,152,2891,3374,2575,3146,3063,2013,3020,3110,2776,182,2549,2803,197,9475,154,149,2940,3401,2554,3187,3154,1973,3125,3342,2750,172,2463,2901,173,9493,163,163,3013,3422,2657,3218,3245,2126,3117,3223,2893,210,2597,2925,209,9522,169,180,2869,3368,2622,3214,3162,2094,3023,3258,2769,223,2485,2865,174,9459,192,185,3055,3409,2700,3153,3264,2093,3198,3152,2853,217,2571,2878,194,9313,140,183,2840,3294,2531,3173,3135,2162,2961,3092,2756,198,2533,2808,201,9424,169,166,3018,3319,2619,3257,3194,2095,3139,3196,2829,218,2604,2920,320,9462,248,222,2941,3409,3767,3312,3273,2168,3172,3156,2835,247,2591,2928,256,9508,145,172,3071,3278,2480,3212,3144,2109,3056,3205,2973,232,2508,2882,250,9570,168,153,2973,3424,2654,3272,3185,2032,3122,3173,2864,253,2569,2944,266,vips_MRURP
8879,5327,5240,6576,5870,5614,5920,6286,7732,6228,6146,6557,5527,5553,6520,5262,3277,17,20,1203,619,291,803,976,2270,1069,997,1436,74,279,1173,25,3269,20,25,1200,621,310,730,1014,2270,1122,1061,1440,132,282,1211,35,3334,58,55,1302,713,371,734,1016,2302,1198,1104,1555,156,353,1321,72,3368,61,55,1302,647,335,705,1060,2295,1197,1108,1526,206,330,1284,69,3352,93,90,1388,724,369,750,1075,2392,1214,1148,1560,253,568,1323,113,3489,100,89,1567,745,407,795,1130,2419,1159,1285,1560,191,410,1402,107,3869,45,43,1554,1443,425,763,1232,2362,1466,1606,1994,110,429,1394,58,3517,54,45,1368,1133,604,879,1191,2684,1626,1361,1893,167,559,1329,67,3217,49,55,1224,658,589,779,989,2289,1105,1057,1432,125,641,1224,63,3178,56,57,1258,636,687,852,966,2299,1151,1057,1430,168,791,1198,72,3198,41,42,1190,611,806,974,934,2363,1033,1024,1347,161,778,1174,52,3368,41,35,1297,710,909,1121,1063,2322,1114,1113,1459,77,644,1272,66,3428,93,88,1345,696,917,1191,1080,2440,1164,1127,1525,162,618,1276,98,3378,52,50,1306,603,466,949,994,2282,1085,1053,1464,129,523,1215,63,3309,22,26,1198,595,349,820,986,2370,1065,1024,1406,117,342,1204,36,vips_MRURP
1402,873,830,1001,951,881,814,871,4097,874,839,859,831,889,958,891,455,7,7,34,28,6,16,17,2182,27,22,28,9,6,23,10,429,6,4,27,16,2,12,8,2470,17,23,15,4,5,14,5,496,11,7,31,65,22,18,17,2511,32,34,31,20,13,36,19,468,10,8,51,52,11,18,21,2383,60,40,54,14,10,31,12,459,13,14,54,41,13,20,16,2453,34,29,33,14,12,21,14,416,8,5,28,30,7,13,12,2539,33,32,24,7,6,17,11,442,8,8,29,27,7,16,14,2459,28,28,27,5,6,16,9,444,8,7,29,23,5,15,16,2379,33,27,31,6,4,18,9,442,7,6,45,35,8,16,18,2250,31,52,42,11,10,32,10,417,6,6,34,27,8,12,14,2278,26,24,39,9,7,23,8,421,8,5,26,24,9,12,9,2341,18,23,16,9,9,20,10,422,8,4,43,39,7,12,15,2330,38,42,44,10,7,19,7,461,13,10,31,29,13,21,21,2757,28,27,29,14,11,19,15,489,12,8,74,75,15,17,16,2385,60,58,69,16,10,24,13,459,10,7,52,40,6,16,23,2483,47,51,49,13,10,26,9,vips_MRURP
2859,1866,1789,1862,1884,1854,1765,1830,2212,1843,1773,6978,1867,1864,1895,1863,934,6,4,9,10,9,5,9,249,9,6,3453,17,8,9,7,902,5,2,5,6,7,4,5,275,5,2,3503,12,9,8,5,944,14,11,8,18,12,10,13,270,16,10,3874,31,11,23,10,949,11,5,13,18,15,7,10,296,13,10,3260,43,10,18,10,941,19,8,18,22,19,16,17,291,18,21,2683,40,19,15,12,898,17,5,11,14,14,11,16,312,17,14,1952,22,14,12,11,919,12,4,12,11,8,8,9,601,12,6,1770,14,13,12,11,923,12,9,16,19,10,14,7,555,17,18,2842,53,17,18,18,932,15,4,13,17,8,11,8,278,11,8,1996,33,11,25,12,896,12,5,12,15,9,5,9,229,12,4,2557,25,9,25,6,910,7,7,11,14,14,8,7,229,10,8,3828,24,7,26,6,919,12,5,10,7,7,6,7,284,7,4,3063,19,12,12,10,947,20,11,16,25,21,16,20,294,22,19,4145,35,20,27,22,958,14,12,12,14,14,9,12,293,11,12,4172,19,14,15,11,938,9,5,7,10,10,5,6,273,7,4,3862,23,11,11,11,vips_MRURP
3031,1974,1897,1974,1951,1938,1871,1960,1947,1931,1871,5014,5068,1987,2058,1983,989,8,6,6,9,6,4,24,6,7,5,2039,1903,16,23,11,949,7,1,7,6,4,3,23,5,3,2,2032,1820,16,21,9,998,22,16,26,18,12,13,35,21,16,12,2354,2695,26,43,24,992,14,15,21,20,7,13,44,12,17,12,1924,1880,40,64,22,989,20,19,24,18,12,20,33,24,24,11,1588,1947,32,45,21,955,21,18,22,22,9,16,31,17,22,16,1149,1123,29,43,21,983,11,14,22,21,13,13,27,21,19,10,1069,997,55,53,33,997,17,14,21,19,12,11,34,15,17,8,1665,1766,25,49,29,991,15,11,23,18,12,15,30,12,15,11,1138,1095,33,43,20,960,15,12,19,20,8,10,29,15,18,15,1574,1401,30,56,21,976,20,19,32,24,16,19,29,18,30,17,2302,2454,29,52,27,970,7,5,6,9,8,4,34,6,5,4,1807,1788,36,40,11,997,17,18,29,19,13,18,30,24,21,13,2512,2007,26,66,25,1023,20,13,25,21,13,15,76,19,18,11,2519,2417,46,79,30,993,8,4,10,9,7,5,44,9,7,6,2293,2222,30,51,14,vips_MRURP
5831,3689,3973,3786,3823,3881,3756,3964,3800,3648,3652,3656,9716,3955,3820,3922,1971,7,221,133,180,199,197,158,115,146,151,133,3535,210,140,225,1985,20,234,139,183,203,222,185,111,152,177,143,3669,228,154,430,2031,71,306,213,266,269,285,267,196,203,218,260,5054,286,207,279,2160,92,333,260,303,302,423,291,249,241,236,261,3534,298,234,336,2027,73,309,213,263,289,408,258,194,238,234,228,3510,314,205,295,1931,80,294,177,259,251,279,235,196,218,214,211,2202,267,192,294,2063,97,332,205,291,304,302,255,205,229,349,224,2080,286,224,299,2059,115,366,252,310,342,319,278,263,257,252,245,3423,319,240,344,1959,93,324,219,270,293,275,251,226,227,238,228,2152,278,291,310,1965,90,338,222,291,289,317,288,231,335,249,224,2841,294,226,326,1940,88,312,220,267,285,275,248,256,211,221,217,4120,281,201,301,1998,30,572,157,221,250,222,173,129,166,182,173,3118,233,169,259,2086,72,317,204,274,411,294,248,200,214,244,219,3788,261,238,296,2049,75,314,253,267,270,287,265,207,214,223,197,4532,287,228,298,1989,25,262,130,211,215,201,190,120,158,171,136,4171,411,165,210,vips_MRURP
25945,15710,17807,17891,18006,17953,17751,17920,17845,17725,17742,17514,17929,17845,17886,18142,9603,30,2242,2107,2331,2294,2194,2343,2147,2203,2160,2152,2088,2414,2138,2213,9534,177,2352,2213,2421,2454,2331,2539,2282,2288,2296,2328,2245,2585,2206,2693,9776,250,2393,2305,2559,2453,2341,2498,2392,2428,2326,2569,2306,2589,2367,2416,9866,238,2418,2337,2551,2481,2592,2554,2382,2404,2369,2401,2335,2561,2298,2482,9768,222,2378,2265,2587,2470,2506,2503,2320,2383,2314,2357,2257,2723,2271,2388,9601,217,2347,2293,2536,2425,2327,2488,2288,2388,2278,2384,2237,2576,2236,2459,9765,258,2533,2334,2597,2578,2451,2602,2339,2493,2620,2456,2304,2671,2378,2545,9791,258,2506,2382,2651,2582,2460,2682,2475,2532,2484,2450,2394,2632,2364,2569,9731,288,2467,2349,2625,2556,2429,2662,2401,2469,2581,2470,2340,2629,2648,2500,9597,281,2465,2342,2533,2526,2472,2590,2368,2675,2422,2492,2251,2528,2412,2490,9641,346,2421,2390,2634,2542,2363,2610,2692,2529,2432,2455,2361,2647,2365,2567,9735,222,2549,2373,2626,2531,2440,2533,2367,2485,2481,2419,2332,2597,2344,2486,9723,243,2592,2292,2621,2628,2390,2513,2325,2415,2386,2337,2313,2512,2315,2562,9803,259,2436,2488,2562,2475,2444,2487,2373,2453,2405,2371,2297,2570,2313,2404,9737,160,2425,2275,2511,2435,2376,2453,2259,2305,2334,2327,2260,2696,2260,2451,vips_MRURP
19971,10924,12410,13086,12600,13233,12401,12756,12744,12889,12778,12748,12443,12489,13141,12532,8094,22,1440,2024,1662,2270,1596,1903,1919,2172,2062,2102,1621,1643,2103,1531,8207,79,1503,2175,2202,2239,1771,1993,2113,2255,2183,2196,1830,1868,2192,1936,8290,132,1562,2191,2172,1976,1780,1995,2103,2366,2383,2212,1776,2068,2339,1758,8216,92,1679,2096,1803,1577,1789,2030,2102,2367,2411,2038,1866,2420,2337,2244,8254,75,1670,2006,1832,1563,1957,2019,2060,2319,2590,2010,1801,2361,2493,2320,8131,63,1488,1955,1908,1566,1822,2047,2062,2430,2719,2105,1744,1997,2473,1709,8165,109,1546,2080,1943,1552,1620,2299,2124,2428,2924,2006,1742,1886,2568,1727,8213,128,1595,2134,2010,1708,1834,2550,2277,2518,2866,2252,1845,1856,2631,1766,8223,169,1567,2106,1954,1628,1751,2537,2149,2524,2684,2124,1765,1725,2710,1657,8146,155,1544,2111,1783,1612,1696,2129,2289,2565,2340,2128,1771,1757,2498,1699,8034,126,1464,2085,1730,1506,1562,1983,2577,2432,2190,2132,1662,1665,2371,1638,8040,69,1556,2160,1756,1564,1654,2082,2422,2478,2209,2273,1706,1709,2367,1691,8198,92,1548,2207,1766,1668,1676,2092,2209,2363,2169,2298,1759,1673,2436,1740,8195,169,1554,2197,1778,1621,1680,2080,2245,2659,2351,2353,1822,1709,2328,1717,8310,86,1538,2147,1761,1735,1641,2016,2089,2375,2145,2308,1784,1752,2268,1632,vips_MRURP
24702,15160,16943,16996,16957,17014,16784,16943,16833,16964,16793,17020,17056,16853,17038,17062,9178,32,1975,1883,1952,1971,2006,2037,1888,1978,1856,1849,2012,1990,1919,1842,9362,204,2120,2027,2073,2141,2187,2244,2029,2150,2047,2077,2112,2123,2078,2056,9822,218,2211,2135,2199,2162,2233,2305,2224,2214,2078,2134,2213,2175,2147,2101,9623,234,2199,2322,2181,2140,2191,2465,2068,2367,2157,2087,2195,2154,2200,2067,9596,247,2199,2025,2145,2145,2218,2167,2042,2563,2411,1928,2165,2383,2359,1969,9148,238,2357,2033,2110,2294,2164,2231,2018,2569,2343,1960,2106,2127,2395,2057,9305,285,2166,2101,2246,2240,2244,2348,2046,2534,2245,2112,2261,2439,2351,2110,9443,233,2307,2248,2242,2204,2276,2366,2133,2513,2195,2174,2279,2212,2370,2156,9319,257,2207,2130,2215,2237,2288,2322,2128,2321,2129,2027,2240,2209,2372,2076,9164,302,2255,2178,2190,2265,2308,2376,2114,2322,2137,2230,2220,2250,2488,2134,9066,267,2164,2104,2161,2173,2180,2201,2041,2233,2205,2101,2160,2172,2152,2062,9321,176,2178,2107,2206,2169,2205,2224,2051,2200,2118,2133,2191,2119,2095,2068,9204,257,2177,2112,2181,2208,2194,2230,2105,2197,2070,2144,2168,2154,2097,2033,9325,325,2300,2163,2230,2285,2294,2348,2165,2581,2318,2184,2268,2274,2221,2160,9312,228,2343,2123,2192,2212,2253,2283,2016,2176,2102,2215,2385,2171,2119,2116,vips_MRURP
970,873,819,863,842,847,802,820,819,5166,794,803,817,858,853,846,51,12,4,7,6,4,3,6,5,2306,4,2,4,7,5,2,30,18,1,6,6,2,1,2,1,2315,3,0,3,4,6,3,57,15,1,5,7,6,1,4,2,2374,2,4,4,7,2,7,39,17,2,3,13,4,1,3,1,1717,2,5,5,3,4,17,42,15,3,5,12,2,3,2,2,1740,4,2,2,5,4,5,13,11,1,4,4,3,2,2,2,1670,1,0,2,2,2,6,26,12,2,3,7,4,1,3,4,2168,1,2,1,2,4,3,23,13,0,2,13,1,1,1,2,1680,3,1,2,4,3,5,19,15,1,4,9,2,0,1,0,1674,4,3,1,0,0,2,14,10,3,5,15,5,1,3,3,1683,2,3,2,3,1,6,18,6,2,2,7,3,1,3,2,1836,1,1,4,4,4,4,28,11,3,4,14,0,2,2,3,1722,4,1,2,6,3,3,51,11,3,4,12,4,2,1,2,1722,3,4,3,5,8,5,49,8,3,3,11,3,4,1,5,1717,2,2,4,7,6,7,41,13,2,2,25,4,4,1,3,1686,3,2,2,4,4,2,vips_MRURP
19676,11425,13435,13572,13348,13444,13190,13184,13188,12862,12807,12875,13273,13362,13346,13512,7823,25,2074,2104,1899,1993,1882,2005,1924,1824,1745,1808,2082,2019,1977,2259,7965,180,2314,2304,2145,2206,2169,2242,2150,1997,1949,1966,2283,2334,2199,2520,7991,170,2290,2412,2142,2295,2132,2230,2181,2094,2001,1983,2290,2315,2246,2638,7925,148,2241,2364,2062,2146,2155,2180,2075,2003,1962,1945,2228,2267,2199,2454,7944,159,2279,2388,2118,2188,2316,2128,2157,2030,1970,1966,2266,2252,2232,2495,7900,156,2455,2391,2184,2260,2105,2136,2142,2058,1952,1985,2317,2318,2180,2487,7867,183,2333,2365,2364,2162,2152,2186,2130,2049,1995,1950,2262,2485,2232,2491,7832,151,2190,2382,2146,2222,2087,2211,2177,2078,1999,2006,2340,2232,2250,2538,7694,93,2116,2212,1989,2034,1922,2068,1932,1850,1872,1820,2198,2141,2338,2407,7663,75,2073,2226,1969,2088,1940,2063,1999,1927,1880,1832,2078,2153,2098,2271,7675,79,2070,2142,1925,2025,1950,2031,1999,1869,1843,1789,2022,2111,2072,2242,7837,156,2214,2286,2116,2175,2117,2211,2078,2076,1981,1922,2222,2277,2159,2705,7993,213,2323,2340,2183,2462,2171,2494,2116,2045,2040,1994,2282,2274,2176,2517,7821,82,2167,2221,1955,2093,1982,2089,2027,1959,1842,1853,2147,2184,2055,2383,7965,198,2330,2352,2126,2210,2111,2175,2134,2032,1962,1993,2438,2246,2237,2465,vips_MRURP
25280,14447,16238,16256,16004,16190,15970,16190,16268,16249,16015,16021,16331,16161,16278,16577,10520,37,1909,1895,1753,1820,1901,1925,1924,2305,1900,1947,1934,1922,1869,2010,9321,299,2076,2060,1994,2043,2106,2129,2369,2502,2228,2119,2180,2157,2124,2399,9024,272,2094,2078,1951,2021,2127,2153,2465,2400,2145,2107,2122,2406,2338,2277,8941,213,2074,2139,1928,2260,2095,2226,2061,2142,2130,2162,2122,2112,2864,2147,9017,204,2087,2095,2031,1991,2321,2297,2110,2096,2117,2158,2121,2052,3225,2086,8791,211,2121,2068,1949,1954,2023,2846,2052,2080,2048,2114,2092,2096,3041,2084,8939,197,2438,2661,2208,2413,2318,2444,2235,2148,2075,2131,2306,2390,2445,2075,9080,195,2238,2667,2015,2484,2210,2135,2376,2177,2098,2091,2545,2188,2085,2049,8897,197,2073,2096,1920,1969,2077,2126,2253,2059,2262,2350,2679,2011,2103,2053,8868,217,2168,2071,1933,1974,1996,2110,2093,2142,2046,2131,2936,2059,2038,2135,8776,160,1990,2008,1866,1830,1994,2038,2080,2014,2049,2061,2593,1950,2266,2235,9082,265,2168,2155,1966,2040,2200,2201,2132,2229,2210,2220,2369,2171,2134,2800,8924,241,2106,2123,2153,2097,2110,2225,2082,2145,2128,2168,2169,2080,2055,2791,9066,231,2093,2106,1964,2006,2113,2132,2070,2113,2150,2155,2457,2054,2062,2479,9371,272,2131,2109,1949,2024,2102,2181,2123,2203,2135,2177,2323,2103,2093,2308,vips_MRURP
22307,12939,15137,15384,15746,15963,15234,14643,15204,14464,14606,14566,15055,15257,15247,15188,8979,30,2235,2450,2731,2826,2351,1956,2479,1941,2025,2068,2455,2513,2387,2269,9057,116,2381,2572,2832,2877,2591,2071,2645,2116,2208,2205,2566,2682,2529,2417,9077,143,2413,2722,2879,2989,2645,2077,2643,2128,2191,2264,2719,2859,2554,2554,9077,143,2349,2699,2893,3022,2525,2077,2604,2110,2184,2251,2589,2658,2608,2479,9148,141,2391,2761,3005,2968,2610,2086,2593,2126,2170,2237,2641,2664,2604,2455,9033,108,2394,2728,2844,2928,2514,2074,2586,2069,2208,2291,2555,2686,2540,2507,8961,104,2373,2634,2847,2913,2580,1998,2520,2187,2180,2179,2550,2582,2485,2426,8992,125,2490,2846,2949,3025,2659,2149,2653,2148,2252,2280,2705,2734,2622,2563,8879,126,2400,2621,2923,3022,2563,2286,2517,1987,2215,2231,2555,2570,2487,2352,8914,96,2319,2666,2871,2972,2497,2000,2602,2062,2088,2232,2525,2637,2458,2411,8842,103,2311,2640,2792,2883,2417,2002,2524,2005,2168,2136,2513,2550,2520,2361,8965,133,2353,2730,2865,2920,2608,2076,2631,2060,2155,2212,2581,2655,2632,2504,9083,166,2442,3091,2914,3024,2589,2140,2621,2067,2189,2279,2629,2590,2647,2471,9050,106,2282,2617,2821,2894,2404,2011,2508,2010,2072,2217,2644,2624,2462,2376,9042,98,2362,2601,2895,3005,2570,2006,2564,2053,2116,2194,2685,2599,2479,2372,vips_MRURP
20190,12125,15075,13891,13609,13753,13641,13840,13730,13866,13757,13305,13888,13630,14058,13265,7570,35,2229,1553,1557,1657,1948,2051,1633,1940,1991,1280,1380,1542,1581,691,7947,343,2630,1854,1925,1964,2790,2287,2019,2207,2330,1573,1964,1894,2042,1265,8022,406,2993,1874,1964,2163,3023,2403,1900,2334,2281,1660,1926,2177,1950,1159,7899,376,2695,1922,1951,2851,2689,2339,1864,2334,2318,1666,1775,2263,1913,1112,7916,353,2468,2003,2164,2471,2263,2399,1937,2202,2244,1615,1727,3434,1841,1064,7668,305,2289,2331,2216,2057,2132,2345,1878,2158,2136,1596,1963,3439,1704,1027,8215,168,2149,2548,1927,1819,2070,2118,1678,2138,2220,1401,2170,2030,1645,1358,8606,426,2671,2519,2111,2140,2292,2405,2077,2392,2265,1664,2278,2216,2296,1907,7639,214,2298,1880,1880,1818,2049,2189,2158,2067,2399,1830,1813,1677,1713,921,7656,240,2440,1923,1874,1836,2106,2315,2250,2304,2052,1796,2000,1725,1902,939,7596,198,2237,1848,1741,1714,2010,2132,2043,2180,2037,1669,1849,1653,2112,936,8043,351,2812,2113,1958,2013,2241,2380,2128,2481,2288,1870,1971,1949,2527,1221,7862,408,2749,2231,1965,1999,2220,2234,2138,2398,2322,1734,1895,1833,2504,1188,7971,332,2818,1907,1812,1915,2188,2185,2168,2234,2280,1561,1874,1918,2236,1336,7972,307,2856,1918,1808,1840,2136,2136,2085,2279,2205,1608,1959,1960,2311,1218,vips_MRURP
25454,15811,16827,16633,17699,17856,16600,16654,16800,16409,16477,15346,17994,16518,16836,15462,10356,809,2352,2112,3098,3075,2307,2289,2340,2373,2211,1292,3071,2168,2196,912,10348,938,2416,2307,3155,3223,2353,2383,2551,2460,2389,1327,3190,2309,2301,845,10459,977,2526,2232,3291,3281,2401,2417,2473,2467,2444,1318,3093,2408,2362,848,10426,916,2387,2183,3161,3274,2371,2373,2413,2433,2348,1311,3047,2220,2249,792,10648,936,2480,2242,3277,3294,2456,2384,2464,2430,2388,1303,3317,2270,2366,844,10348,896,2379,2231,3179,3257,2392,2585,2428,2640,2438,1314,3050,2265,2276,788,10372,929,2434,2290,3188,3276,2561,2493,2489,2851,2932,1345,3174,2318,2326,878,10418,964,2501,2272,3273,3254,2502,2456,2524,2485,2446,1345,3160,2271,2378,877,10223,851,2418,2210,3204,3281,2548,2809,2463,2414,2792,1373,3120,2254,2334,819,10252,895,2458,2251,3205,3213,2454,2833,2495,2402,2370,1342,3181,2335,2312,833,10124,825,2333,2172,3147,3155,2266,2298,2423,2317,2331,1299,3015,2241,2260,802,10550,977,2358,2265,3373,3368,2481,2496,2452,2445,2424,1382,3119,2339,2286,884,10337,958,2553,2329,3167,3170,2414,2434,2519,2410,2449,1312,3161,2239,2338,829,10453,988,2452,2241,3172,3171,2350,2343,2422,2408,2330,1341,3039,2278,2280,855,10460,1228,2416,2220,3174,3206,2397,2411,2397,2450,2361,1340,3160,2217,2288,856,vips_MRURP
21580,15897,15542,15184,14965,14819,14949,14785,14846,15049,14948,15422,14771,14941,14986,15713,7926,1602,1895,2075,1426,1487,1957,1599,1714,2012,1944,2340,1484,2675,1773,2452,8056,1665,2032,2288,1574,1494,1984,1578,1887,1945,1971,2339,2121,2491,1852,2527,8131,1789,2168,2056,1637,1529,1992,1656,2299,2039,2029,2412,2828,2214,1896,2552,8252,1933,2206,2007,2162,2041,2106,1804,2878,2140,2159,2580,3053,2020,2087,2660,8502,1854,2240,1969,2322,2355,2142,1804,2871,2158,2150,2523,2020,1960,1958,2740,8530,1716,1951,1748,1739,1961,1921,1615,2485,1988,2129,2405,1628,1725,1776,2533,8280,1724,2031,1816,1736,1967,2255,1870,2235,2220,2642,2404,1640,1772,1869,2547,8187,1872,2295,1904,1720,2072,2470,1902,2066,2174,2214,2414,1713,1953,1944,2589,8036,1759,1963,1794,1559,1994,2346,1704,1811,2022,2169,2285,1584,1788,1857,2531,7855,1610,2090,1804,1516,1756,2029,1738,1788,1999,1968,2347,1540,1733,1845,2540,7840,1677,2033,1823,1532,1551,1959,1633,1740,1975,2010,2314,1538,1751,1838,2551,8203,1871,2352,1997,1770,1816,2192,1846,1957,2233,2237,2515,1776,1976,2018,2651,7951,2129,2030,1870,1506,1616,1990,1643,2005,2014,1982,2342,1513,1730,1826,2528,7960,1773,2014,2092,1556,1613,2015,1642,1784,1948,1993,2390,1521,1748,1852,2490,7899,1972,1931,1731,1476,1521,1906,1596,1657,1930,1955,2317,1498,1716,1774,2488,vips_MRURP
26974,19266,18446,18308,18636,18684,18323,17828,18251,17875,17758,19517,18550,18303,18037,17118,10738,2800,2809,2646,2874,3048,2979,2516,2850,2549,2295,2871,2899,3002,2310,1453,10703,2891,2719,2630,2877,3029,2764,2491,2823,2443,2239,2927,2875,2977,2340,1603,10733,2766,2751,2626,2894,3046,2735,2463,2757,2448,2301,3492,2917,2956,2374,1686,10749,2631,2696,2563,2896,2958,2718,2437,2726,2408,2232,2630,2905,2846,2292,1644,10623,2867,2684,2569,2848,2949,2712,2469,2698,2425,2287,2185,2836,2952,2309,1458,10675,3117,2749,2699,2894,3070,2802,2465,2719,2767,2400,1769,2878,2990,2366,1584,10545,2781,2662,2651,2899,3000,2722,2450,2713,2384,2219,2076,2885,2876,2338,1403,10613,2920,2876,2666,2955,3065,2679,2497,2822,2449,2230,2767,2927,3105,2384,1541,10637,2856,2790,2652,2963,3100,3152,2492,2761,2413,2655,1767,2947,2931,2349,1443,10604,2827,2810,2666,2845,3129,2858,2464,2785,3032,2196,2191,2883,2920,2317,1477,10471,2613,2649,2574,2904,3022,2551,2384,2727,2406,2159,2977,2894,2821,2291,1367,10682,2648,2713,2607,2940,3003,2710,2459,2710,2455,2174,2416,2953,2884,2321,1461,10618,3109,2787,2658,2930,2986,2717,2457,2852,2420,2238,3134,2863,2897,2338,1471,10723,2762,2695,2625,2846,3000,2574,2393,2704,2385,2157,3336,2845,2930,2239,1504,10739,2992,2765,2528,2914,3089,2724,2430,2677,2459,2186,2990,2907,2858,2316,1373,vips_MRURP
22110,15103,15785,15297,15283,14917,15109,15442,15046,15706,15119,17757,15098,15277,15392,16412,8293,1502,1814,1774,1602,1452,1963,2128,1665,2108,1947,3230,1656,1911,1972,3008,8255,1586,1838,1719,1533,1665,1915,2096,1765,2079,1961,3095,1616,1789,1903,3024,8372,1599,1930,1834,1712,1517,1860,2189,2075,2064,1976,3950,1743,1982,1900,3037,8257,1508,1807,1749,1577,1423,2108,2068,1701,1869,1986,2944,1665,1805,1867,2962,8269,1891,1758,1717,1616,1432,2337,2012,1678,1786,2028,2456,1652,1715,1843,3068,8173,2340,1696,1685,1528,1483,2203,1916,1634,1783,1902,1916,1633,1948,1847,3020,8475,2204,1872,1789,1781,1856,2306,1863,2040,1874,1869,1702,1955,2106,2040,2996,8399,1928,1965,2102,1806,1955,2440,2017,2096,2028,1988,2601,1861,2688,2009,3163,8129,1686,1712,2124,1588,1438,2594,1848,1644,1813,2024,1827,1599,2553,1854,3006,8069,1598,1876,2267,1502,1475,3101,1885,1668,2403,1887,2359,1556,2857,1948,3114,7935,1395,1440,2218,1405,1286,2509,1749,1512,1766,1770,3438,1441,2279,1823,2851,8284,1490,1746,2014,1630,1488,2502,2036,1705,2187,1971,2728,1658,2142,2087,3048,8274,1677,1824,1895,1667,1509,2201,2154,1788,2130,2057,3783,1699,2046,2163,3100,8230,1516,1795,1917,1518,1444,1907,2199,1669,2054,1937,3812,1575,2057,1948,3031,8066,1324,1802,1529,1432,1293,1742,1994,1552,1986,1760,3324,1468,1943,1853,2883,vips_MRURP
22481,13268,16194,13000,15986,16249,14711,14834,12718,14505,14585,12531,15639,15908,15189,14325,9173,611,3484,347,3213,3480,2266,2358,181,2065,2130,266,3008,3380,2391,1478,9172,671,3448,352,3295,4061,2300,2378,175,2064,2182,250,3019,3833,2408,1630,9194,650,3489,346,3289,3492,2292,2339,172,2130,2192,275,2990,3351,2443,1636,9170,614,3466,272,3230,3391,2214,2308,139,2065,2122,201,3038,3366,2421,1590,9219,651,3993,328,3315,3444,2293,2404,169,2075,2219,259,2988,3889,2454,1592,9107,596,3419,317,3264,3393,2253,2395,154,1969,2837,191,2935,3356,2402,1546,9199,595,3460,269,3269,3465,2241,2339,96,2013,2180,147,2995,3293,2408,1835,9214,647,3529,359,3368,3552,2314,2414,174,2173,2200,271,3122,3357,2489,1790,9063,634,3529,366,3297,3540,2252,2285,193,2014,2213,215,3026,3328,2420,1458,9077,618,3501,319,3233,3405,2917,2418,149,2036,2190,205,3010,3413,2466,1493,8931,559,3412,281,3231,3361,2176,2238,99,2010,2069,216,2915,3326,2336,1359,9171,607,3407,265,3358,3484,2263,2350,107,2090,2125,192,2986,3223,2340,1493,9197,666,4129,349,3310,4039,2300,2419,220,2051,2258,280,3002,3324,2477,1531,9202,629,3442,262,3179,3417,2179,2261,109,1971,2103,219,2958,3320,2327,1435,9212,593,3486,288,3214,3442,2208,2262,98,2010,2068,199,3034,3313,2388,1371,vips_MRURP
17292,10204,11958,10142,11853,11626,11900,11912,9964,12405,11848,9827,11680,11590,12002,13234,6847,36,1529,47,1623,1429,1891,2110,59,2390,1963,42,1582,1554,1905,2973,7058,199,1774,193,1855,1620,2084,2817,233,2524,2237,192,1902,1664,2274,3148,6938,42,1651,37,1581,1538,2064,2319,49,2413,1984,33,1622,1581,1975,3016,7117,183,1889,193,1708,1878,2444,2167,211,2510,2061,187,1999,1890,2079,3078,7199,238,2214,234,2038,2571,2565,2062,268,2482,2036,214,1773,2054,2070,3208,6872,132,1919,146,1976,2423,2481,2027,123,2323,2414,117,1571,1797,1971,3197,6945,93,1808,81,1702,1819,2122,1919,97,2286,1914,70,1552,1763,2037,3177,6869,35,1713,38,1624,1877,2095,1945,51,2295,1935,33,1567,1699,2054,3167,6863,109,1557,106,1560,1842,1928,1918,117,2235,1892,97,1574,1672,1956,3074,6856,149,1623,149,1615,1639,2262,2005,119,2295,1927,125,1629,1563,2231,3147,6731,22,1363,22,1465,1437,1755,1768,32,2221,1769,15,1735,1441,1843,2913,6951,127,1668,122,1726,1622,2030,2007,138,2364,2013,112,1972,1654,2024,3107,7070,216,1741,207,1811,1966,2030,2042,242,2538,2023,207,2110,1627,2043,3187,6937,122,1616,89,1725,1539,1978,2205,116,2456,1896,78,1903,1560,1955,3150,6854,41,1636,39,1605,1441,1901,1865,58,2460,1832,37,1763,1495,1834,3134,vips_MRURP
244,102,34,86,79,92,66,49,45,8675,44,28,53,78,115,105,58,7,8,6,7,6,13,6,4,8440,4,5,7,4,9,8,23,6,5,6,9,7,47,3,4,8432,4,4,4,5,11,3,42,6,5,5,4,5,15,3,6,8921,6,3,3,4,8,5,45,5,0,4,6,5,26,3,4,9094,3,0,2,6,6,6,53,5,2,5,3,5,15,6,3,9164,3,2,4,4,6,4,22,2,2,0,3,2,9,6,5,9087,3,2,3,3,5,7,33,8,2,4,3,3,16,3,1,9209,4,3,6,4,6,5,29,4,2,3,1,4,12,2,3,9062,2,2,3,4,6,3,22,3,2,3,6,3,13,2,2,8557,4,0,2,4,4,2,28,5,2,3,4,5,13,3,3,8408,4,5,3,5,7,3,18,6,0,3,4,3,8,1,1,8443,3,0,4,0,1,5,32,6,1,2,4,5,23,2,1,8399,2,3,2,7,2,3,44,7,2,5,6,3,13,6,5,8408,4,1,5,5,7,2,64,3,2,7,2,8,49,6,4,8608,5,5,4,4,5,8,51,2,1,5,3,3,33,5,4,8426,5,5,4,3,4,6,vips_MRURP
22545,13807,16503,15890,16229,16217,15969,15471,14657,15333,15755,13076,14145,15922,15670,14955,8689,288,3155,2574,3000,2905,2794,2442,1547,2216,2758,85,798,2804,2444,1583,8906,350,3168,2634,3142,3038,2799,2494,1574,2327,2755,134,898,2903,2454,1813,8834,270,3154,2584,3038,2912,2718,2413,1488,2280,2715,63,775,2816,2370,1590,9186,313,3234,2691,3108,2939,2818,2444,1579,2355,2749,134,873,2836,2434,1525,9172,350,3257,2691,3153,3000,2852,2478,1565,2396,2802,140,921,2936,2482,1521,9204,340,3266,2667,3121,3014,2827,2577,1517,2390,3314,161,835,2905,2629,1649,9189,306,3166,2664,3099,2993,2854,2446,1553,2343,2859,115,876,2879,2542,1545,8911,279,3179,2542,3078,3020,2791,2454,1530,2319,2733,91,929,2816,2448,1655,8652,349,3234,2649,3205,3021,2842,2407,1578,2339,2714,152,929,2912,2453,1574,8553,400,3263,2673,3172,3061,3235,2464,1559,2406,2800,177,898,2956,3078,1776,8384,221,3035,2529,2941,2783,2593,2269,1415,2196,2599,18,689,2736,2276,1677,8704,374,3208,2625,3160,2986,2853,2510,1691,2367,2775,157,956,2894,2420,1906,8628,426,3288,2680,3165,3077,2797,2473,1546,2343,2714,132,894,2845,2399,1883,8671,436,3232,2647,3061,3009,3007,2727,1601,2342,3100,145,914,2851,2433,1780,8609,325,3243,2613,3040,2948,2766,2371,1570,2259,2736,66,827,2814,2371,1633,vips_MRURP
19432,12792,13413,13112,12797,12975,13003,13127,13188,12911,13009,11106,12776,12801,13356,12868,7429,1138,1556,1481,1371,1483,1660,1812,1918,1945,1578,36,1091,1539,1792,1293,7641,1301,1743,1691,1559,1645,1846,2000,2104,2045,1809,197,1335,1715,1970,1455,7672,1273,1769,2103,1563,1658,1813,2008,2095,1870,1799,168,1275,1675,1967,1442,7630,1291,1688,1983,1546,1616,2193,1983,2108,1805,1811,178,1368,1688,1974,1460,7640,1310,1777,1747,1576,1658,2555,2035,2108,1762,1949,206,1355,1678,2030,1447,7532,1390,1658,1783,1590,1661,2575,2129,2189,1838,2323,242,1301,1816,2252,1490,7538,1262,1734,1681,1664,1697,2490,2202,2118,1809,2353,192,1242,1787,2481,1398,7443,1179,1940,1697,1646,1844,2087,2202,2021,1753,2316,59,1190,1957,2040,1323,7459,1221,1690,1708,1521,1637,2296,1925,2049,1656,2356,151,1326,1884,1944,1411,7543,1390,1747,1796,1611,1680,2761,2013,2157,1803,2556,256,1395,1715,1968,1497,7241,1026,1258,1561,1268,1368,1553,1689,1864,1539,2088,15,1070,1399,1682,1239,7494,1248,1585,1787,1504,1594,1839,1917,2033,1765,2088,86,1202,1522,1933,1401,7589,1396,1797,1964,1573,1964,1884,2044,2135,1825,1939,244,1353,1646,2020,1482,7698,1489,1772,1793,1617,1730,2229,2407,2139,1896,2002,242,1370,1762,1989,1500,7559,1299,1672,1557,1379,1529,1743,1898,2004,1674,1733,88,1305,1546,1852,1365,vips_MRURP
24292,16780,16464,16578,17566,17660,16882,16055,15921,17360,17254,13770,15951,14675,16410,17068,9268,2458,2088,2264,3307,3370,2772,2057,1982,3413,3115,92,1651,567,2158,2557,9315,2521,2134,2304,3373,3338,2747,2065,1973,3511,3155,126,1667,638,2195,2662,9155,2473,2178,2366,3429,3404,2824,2054,1935,3445,3144,106,1694,573,2182,2520,9005,2508,2135,2264,3354,3261,2733,2048,1889,3536,3071,92,1564,559,2190,2494,9125,2551,2190,2312,3539,3513,3149,2155,1910,4071,3753,155,1816,630,2290,2624,8928,2627,2184,2360,3391,3661,2898,2150,1949,3652,3484,189,1713,632,2207,2598,8999,2483,2122,2312,3297,3444,2882,2146,1957,3600,3297,104,1724,558,2509,2683,8977,2543,2117,2329,3393,3331,2734,2074,1957,3498,3095,86,1677,547,2167,2462,8954,2509,2144,2300,3440,3746,2936,2057,1877,3549,3443,147,1678,595,2174,2537,8944,2625,2164,2353,3402,3759,2920,2168,1939,3800,3180,183,1904,648,2243,2674,8685,2344,1928,2151,3252,3266,2690,1921,1729,3422,3027,15,1482,442,2076,2410,9105,2540,2222,2323,3388,3410,2762,2048,1944,3383,3150,95,1643,578,2188,2844,9036,2577,2242,2351,3434,3489,2867,2176,1928,3576,3216,158,1696,623,2308,2594,9054,2571,2230,2302,3301,3384,2805,2378,1924,3495,3118,119,1650,604,2137,2593,9197,2627,2286,2331,3355,3338,2903,2130,1925,3661,3203,108,1992,641,2270,2635,vips_MRURP
21449,15783,15704,14987,13768,13789,13647,14012,14536,13741,13585,12000,13720,15496,14107,13702,8781,3243,2782,2511,1520,1546,1521,1905,2345,1758,1518,139,1527,3537,1854,1399,8851,3216,2785,2802,1953,1617,1630,1993,2437,1735,1540,145,1608,3418,1900,1787,8897,3364,3184,2740,1879,1818,1976,2216,2428,1777,1796,134,1560,3361,1941,2333,8775,3202,2839,2693,2077,2680,2052,2105,2415,1738,2211,114,1556,3317,1963,2421,8799,3260,2917,2655,2114,2480,1529,1904,2370,2198,1884,116,1612,3460,1925,2142,8622,3163,2836,2572,1751,1739,1573,1867,2353,2556,1937,112,1484,3379,1895,1687,8629,3151,2826,2500,1604,1737,1504,1846,2340,2066,1741,91,1886,3293,2356,1529,8690,3157,2735,2586,1599,1647,1622,1836,2378,1993,1609,67,1808,3292,1909,1516,8614,3191,2743,2542,1553,1661,1571,1796,2323,1679,1494,113,1547,3297,1833,1425,8690,3239,2807,2566,1595,1558,2054,1905,2369,1728,1517,146,1551,3406,1846,1533,8428,3063,2532,2477,1383,1278,1431,1667,2194,1502,1322,14,1255,3205,1657,1276,8578,3185,2779,2507,1534,1506,1667,1822,2317,1646,1501,66,1528,3213,1853,1450,8712,3532,3016,2672,1569,1544,1906,1840,2387,1700,1525,111,1582,3354,1842,1496,8667,3140,2794,2492,1467,1516,1618,2062,2332,1625,1424,78,1503,3218,1804,1383,8660,3124,2929,2460,1439,1446,1492,1805,2294,1580,1364,60,1451,3327,1752,1383,vips_MRURP
24109,16049,16764,16605,16584,17186,16977,16899,16419,17401,16643,13965,17816,15661,16889,16735,9157,1640,1913,2109,2321,2797,2872,2958,1917,3199,2738,249,2789,1584,2528,2482,9413,1797,2089,2175,2374,2861,2908,2934,2022,3367,2790,308,2981,1698,2597,2511,9255,1975,2242,2097,2343,2804,2825,2906,1904,3285,2688,217,2987,1550,2633,2474,9003,2540,2659,1994,2284,2759,2716,2877,1805,3197,2674,195,2637,1733,2520,2425,9036,2212,2818,2096,2283,2759,2794,3018,1745,3326,2656,203,2487,2145,2668,2402,8903,1669,2257,2270,2268,2726,2732,2854,1678,3273,2651,193,1937,2123,2520,2395,8876,1606,2077,2431,2357,2799,2846,2814,1762,3475,2654,187,1835,1542,2917,2433,8944,1709,2745,2590,2331,2783,2916,2896,1804,3291,2718,215,2362,1665,2625,2520,8892,1570,2018,2390,2299,2832,2868,3063,1677,3243,2713,198,2183,1465,2567,2418,8847,1621,1997,2379,2342,2809,3047,2907,1737,3307,2679,231,2340,1515,2501,2489,8538,1247,1509,2096,2080,2521,2544,2706,1570,3038,2468,16,2658,1190,2278,2244,9119,1605,1820,2275,2322,2699,2809,2861,2039,3258,2680,139,2489,1437,2407,2464,9116,1836,1998,2251,2330,2807,2844,3012,2068,3323,2740,224,2730,1478,2540,2404,9144,1774,2015,2269,2430,2772,2887,4642,2139,3350,2786,270,3198,1569,2528,2424,8939,1655,1917,2127,2317,2761,2805,2839,2121,3299,2647,113,2837,1376,2493,2389,vips_MRURP
21848,15685,15440,15366,15206,14589,14317,14440,14755,14279,14280,12666,17489,15314,13738,15087,8540,2686,2249,2350,2234,1502,1607,1561,1940,1605,1576,96,3196,2512,795,2094,8534,2622,2256,2392,2304,1539,1659,1567,1980,1608,1641,106,3594,2566,896,2132,8602,2683,2340,2427,2326,1610,1628,1632,2037,1703,1632,129,3534,2595,906,2210,8588,2697,2394,2442,2342,1563,1658,2036,2056,1711,1686,134,2983,2599,921,2285,8700,2630,2327,2431,2366,1671,1690,2790,2005,2837,1711,126,2518,2543,886,2295,8461,2693,2333,2437,2426,1693,1790,2607,2036,2682,1982,134,1866,2594,1026,2531,8604,2741,2384,2444,2483,1913,1931,2564,2100,2427,1867,188,1748,2596,1239,2502,8509,2698,2315,2472,2504,1619,1846,2223,2024,2077,1683,94,2607,2543,928,2501,8471,2743,2360,2406,2464,1584,1669,2095,2053,1904,1628,157,2336,2601,915,2268,8450,2695,2342,2427,2250,1538,1897,1870,2013,1804,1619,130,2433,2576,871,2156,8279,2500,2090,2224,2114,1343,1376,1637,1859,1495,1450,16,3364,2436,785,1997,8481,2704,2292,2403,2279,1618,1620,1828,2012,1658,1637,101,2657,2539,1107,2115,8465,2768,2306,2396,2239,1527,1606,1714,1962,1640,1605,85,3111,2509,1217,2125,8554,2729,2405,2381,2358,1595,1667,2187,2072,1667,1684,177,3985,2603,1263,2209,8595,2750,2430,2439,2404,1533,1611,1651,2056,1684,1622,137,3499,2586,948,2244,vips_MRURP
23755,15671,15837,16108,16153,17319,17020,17049,15768,17286,17018,13807,17321,15283,15349,16192,8762,1479,1369,1795,1982,3228,3092,3083,1483,3353,3202,119,2895,1412,1156,1946,8826,1545,1423,1820,1919,3211,2986,3135,1559,3225,3102,133,2938,1535,1082,1959,8982,1562,1548,1856,1989,3173,3163,3100,1598,3378,3306,126,2966,1489,1153,1920,9409,1733,1499,1907,1987,3255,3049,3013,1531,3415,3185,131,2788,1840,1141,1933,9380,1851,1487,1922,2022,3371,3239,3846,1590,3739,3281,191,2897,1833,1192,1977,8996,1529,1403,1822,1921,3311,3121,3167,1519,3512,3407,161,2570,1448,1091,1906,9159,1566,1432,1966,2075,3736,3220,3228,1577,3784,3391,203,2760,1460,1220,1966,9029,1592,1493,2243,2005,3228,3079,3171,1600,3214,3178,119,2761,1459,1174,1964,8747,1563,1428,1976,2101,3534,3244,3483,1450,3327,3472,217,2772,1423,1237,2037,8595,1511,1417,1781,1953,3278,3141,3156,1450,3567,3149,166,2702,1405,1137,1956,8449,1247,1147,1646,1846,3127,2854,2947,1274,3225,3042,14,2753,1203,1007,1775,8853,1534,1478,1840,2045,3511,3149,3316,1518,3479,3213,116,2740,1373,1162,1977,8605,1569,1529,1793,1983,3297,3023,3071,1404,3286,3123,107,2830,1332,1136,1924,8819,1558,1530,1785,1954,3203,3061,3074,1490,3373,3138,140,3073,1406,1144,1952,8906,1476,1586,1856,2271,3348,3128,3056,1604,3507,3199,131,3019,1445,1199,1919,vips_MRURP
23240,16067,15089,16440,15931,14913,14762,14807,16030,14498,14423,12610,14402,16101,15726,16040,9047,2785,1667,2985,2718,1559,1618,1733,2979,1480,1630,68,1413,3133,2497,2711,9058,2799,1781,3098,2756,1549,1649,1753,3006,1557,1725,88,1502,3214,2547,2694,9259,2864,2130,3208,2877,1743,1637,1759,3085,1592,1837,87,1510,3169,2557,2844,9129,2890,2361,3145,2855,1867,1682,1963,3026,1615,2572,136,1542,3265,2611,3342,9156,2802,2365,3150,2853,2080,1736,1895,3069,1635,2464,100,1745,3211,2589,2798,8975,2815,2250,3140,2817,1999,1639,1853,3053,1618,2103,100,1525,3188,2572,2764,9058,2882,2113,3176,2854,2027,1671,1774,3013,1627,1788,119,1508,3192,2618,2831,9058,2883,2082,3183,2845,1950,1726,1753,3041,1700,1733,108,1593,3288,2629,2867,8985,2903,1828,3123,2766,1594,1705,1725,3093,1521,1623,142,1520,3231,2691,2765,8900,2902,1814,3200,2834,1500,1764,1635,3009,1520,1543,106,1451,3201,2592,2681,8658,2675,1457,2899,2599,1339,1461,1414,2829,1344,1432,12,1246,2978,2417,2571,9016,2822,1708,3080,2749,2086,1729,1566,2990,1519,1632,63,1486,3204,2525,2695,8991,2852,1639,3018,2792,1526,1696,1703,3076,1564,1561,73,1463,3214,2550,2776,9033,2792,1716,3086,2710,1450,1647,1545,2984,1485,1542,62,1457,3148,2454,2605,9158,2925,1847,3112,2966,1573,1894,1651,3125,1548,1614,101,1444,3247,2557,2712,vips_MRURP
19213,12918,14872,12584,12856,14406,14038,14055,12734,13702,13913,11867,14395,12764,13027,12744,6963,1255,3105,965,1095,2639,2609,2588,1247,2210,2594,249,2710,1199,1120,950,6924,1293,2982,991,1098,2615,2513,2620,1186,2199,2519,305,2690,1172,1058,966,7122,1471,3226,1166,1390,2782,2741,2765,1379,2574,2727,404,2774,1417,1147,1121,7116,1493,3213,1278,1255,2765,2696,2769,1384,3608,2714,587,2765,1418,1382,1297,6963,1447,3243,1253,1196,2703,2679,2666,1271,3194,2658,353,3318,1300,1143,1275,6760,1487,3170,1315,1190,2714,2655,2653,1359,2558,2667,318,2763,1811,1153,1282,6795,1391,3201,1223,1033,2681,2685,2693,1292,2427,2693,311,2686,1684,1091,1275,6912,1401,3253,1197,1189,2767,2769,2845,1395,2489,2767,389,2817,1613,1196,1443,6812,1290,3212,1057,1094,2725,2703,2664,1193,2313,2699,305,2736,1349,1114,1187,6688,1288,3113,1046,1097,2692,2675,2702,1230,2290,2697,333,2766,1372,1112,1169,6710,1129,2911,855,979,2507,2433,2446,997,2030,2469,130,2539,1192,1035,935,7122,1297,3084,1028,1069,2971,2746,2623,1259,2260,2682,364,2711,1334,1103,1060,7313,1612,3242,1173,1241,2740,2703,2730,1563,2319,2729,375,2795,1325,1238,1209,7114,1329,3279,976,1152,2699,2635,2687,1461,2282,2666,483,2712,1245,1291,1227,7241,1403,3366,1052,1349,2825,2812,2796,1480,2356,2805,603,2873,1398,1579,1082,vips_MRURP
16616,11002,12814,11239,11078,11393,11079,11441,10901,11618,11226,9705,11226,10785,11037,11043,6131,1145,2397,1291,1150,1436,1564,1800,1253,1911,1584,141,1519,1094,1143,1134,6098,1200,2090,1294,1203,1547,1650,1793,1286,2003,1688,225,1601,1110,1186,1170,6098,1183,1972,1273,1207,1521,1588,1780,1319,2050,1700,155,1578,1093,1140,1138,6079,1174,2020,1335,1172,1511,1576,1870,1242,2055,1697,253,1548,1112,1291,1227,6134,1200,2052,1327,1188,1574,1724,1964,1309,2138,1765,231,2117,1095,1180,1149,5899,1152,1954,1228,1187,1570,1553,1889,1278,2010,1810,147,1626,1031,1136,1071,6022,1216,2469,1291,1186,1552,1628,1856,1303,1993,1636,193,1601,1077,1188,1119,5995,1197,2391,1338,1195,1593,1633,1824,1318,2135,1693,159,1644,1073,1185,1146,6006,1246,2289,1329,1245,1514,1602,1796,1343,1992,1651,195,1614,1139,1204,1153,5914,1195,2302,1205,1188,1454,1529,1708,1281,1958,1573,176,1519,1045,1172,1136,5787,1056,2285,1165,1068,1345,1395,1646,1160,1835,1489,84,1328,945,1067,1043,6070,1263,2533,1315,1251,1805,1919,1863,1329,2069,1739,214,1590,1114,1217,1205,6016,1210,2544,1292,1170,1497,1586,1850,1268,1976,1648,138,1543,1011,1156,1113,6142,1183,2474,1272,1239,1484,1550,1716,1310,2016,1550,208,1516,1063,1166,1152,6208,1235,2680,1331,1332,1491,1599,1803,1359,2097,1652,229,1512,1136,1275,1166,vips_MRURP
212,132,28,81,89,96,39,25,47,8711,11,19,52,74,103,104,60,13,6,9,11,6,4,4,7,8449,7,6,7,11,21,18,18,17,2,3,3,2,1,3,3,8440,2,0,1,2,6,5,50,20,0,5,4,6,3,7,2,8968,4,3,5,5,5,7,47,33,4,4,4,5,5,2,1,8465,2,3,3,2,6,4,53,18,3,4,6,4,5,2,4,8518,2,2,2,5,5,5,28,40,2,7,13,4,2,1,1,8439,2,0,6,2,28,7,18,11,1,5,4,4,1,2,2,8555,0,1,1,3,1,3,23,14,2,3,6,3,1,1,1,8418,2,0,2,2,2,4,19,10,1,2,3,3,0,1,1,8920,1,1,2,1,3,3,11,16,2,3,6,2,2,1,2,9053,1,1,3,2,3,4,13,12,1,4,3,2,1,1,1,9127,0,2,1,4,3,3,31,30,2,5,5,3,2,2,3,9049,2,0,3,3,4,3,45,20,3,4,7,6,2,0,2,9058,2,3,6,3,7,8,56,51,4,5,9,5,6,4,6,9290,4,3,5,8,9,8,60,42,3,4,8,6,3,3,3,8435,2,3,4,7,9,7,vips_MRURP
26806,18894,18124,18699,18175,19182,18911,18856,19090,17676,18613,18795,19247,18669,18043,18468,10201,2725,2071,2671,2057,3013,3032,2947,3664,1876,2886,2451,3185,2998,1926,2073,10103,2739,2076,2550,2053,2986,3080,2991,3083,1940,2887,2778,3193,2890,1955,2070,10147,2940,2099,2526,2053,3010,3005,2953,3207,1886,2831,2804,3129,2965,1921,2019,10136,2826,2045,2498,1991,3059,2979,2871,3134,1910,2822,2157,3140,2857,2003,2017,10185,2849,2110,2522,2047,3035,3103,3017,3155,2115,2874,1948,3361,2914,1962,2032,9987,2769,2065,2547,2079,3099,3008,2963,3209,2109,2866,1384,3225,2983,1932,2001,10037,2731,2079,2553,2021,3063,3054,2990,3042,2109,2913,1258,3131,2870,1912,1993,10121,3366,2156,2646,2087,3099,3086,3088,3154,2189,2908,1869,3211,3010,1975,2057,10007,2788,2104,2586,2015,3084,3066,3001,3096,1879,2924,1393,3186,2875,1955,2033,9961,2765,2029,2569,1990,2987,3047,2931,3170,1878,2840,1751,3130,2881,1906,2001,9828,2604,1992,2477,1977,2950,2933,2798,2969,1825,2762,2418,3021,2851,1855,1976,10117,2791,2185,2575,2061,3166,3237,2973,3117,2014,2976,2004,3110,2916,1965,2052,10020,2850,2032,2556,2020,3016,2967,2918,3210,1831,2873,2402,3096,2854,1918,2046,10079,2632,2043,2423,2087,2951,2969,2898,2980,1861,2845,2706,3040,2778,1841,1970,10222,2757,2096,2534,2154,3021,3053,2915,3143,1893,2890,2514,3130,2792,1923,1979,vips_MRURP
21445,14851,16233,14960,14611,14814,14348,14709,14230,15298,14338,16844,14436,14674,14815,14693,8234,1916,2795,1814,1736,1736,1657,1946,1901,2761,1741,3374,1646,1692,1769,1782,8368,2145,2848,1789,1844,1826,1728,2110,1627,2795,1820,3839,1697,1855,1853,1856,8313,2130,2894,1702,1835,1694,1607,2044,1693,2720,1695,3934,1569,1773,1775,1759,8508,1869,2896,1726,1788,1675,1546,1904,2389,2735,1706,2927,1586,1814,1921,2009,8501,1841,3006,1777,1992,1803,1692,1849,3003,2891,1882,2533,1888,1605,1771,1950,8167,1689,2820,1724,2051,1735,1670,1744,2422,2722,1680,1888,2244,1541,1727,1826,8321,1705,2861,1734,2264,1786,1804,1639,1967,2764,1660,1715,2059,1576,1783,1829,8386,2325,2811,1892,2255,1895,1826,1737,1956,2845,1733,2599,2064,1729,1896,1972,8099,1581,2771,1757,1809,1619,1752,1628,1670,2715,1573,1869,1817,1516,1743,1785,8139,1627,2898,1805,1762,1817,1796,1656,1695,2781,1609,2322,2001,1677,1732,1858,7935,1515,2553,1773,1607,1523,1517,1467,1532,2607,1420,3393,1512,1502,1552,1623,8354,1809,2778,2094,1837,1795,1786,1778,1789,2808,1886,2799,1807,1723,1897,1905,8201,1606,2839,2004,1724,1721,1686,1711,1582,2757,1684,3653,1677,1554,1753,1743,8225,1743,2768,2009,1920,1566,1584,1603,1434,2588,1571,3761,1576,1600,1630,1789,8159,1869,2812,1868,1744,1714,1567,1693,1474,2724,1596,3478,1514,1840,2023,1748,vips_MRURP
26457,18260,17634,18084,17976,18043,17828,17710,17974,17261,17474,15749,17657,18005,18094,18415,10382,2688,2239,2628,2490,2340,2510,2578,2663,1858,2372,612,2419,2754,2635,2796,10339,2699,2210,2701,2537,2401,2537,2560,2686,1876,2374,708,2425,2795,2651,2887,10329,2647,2083,2675,2495,2252,2447,2485,2618,1787,2337,649,2329,2777,2614,2773,10609,2649,2185,2719,2452,2263,2495,2525,2669,1796,2336,544,2319,2770,2941,2957,10414,2744,2346,2780,2542,2403,2584,2593,2698,1878,2434,579,2419,2869,2770,2969,10291,2676,2113,2795,2576,2352,2493,2558,2712,1891,2380,482,2394,2852,2642,2901,10221,2657,2053,2736,2517,2251,2473,2501,2612,1830,2376,384,2379,2780,2677,2731,10332,2713,2131,2788,2621,2396,2562,2659,2703,1971,2412,529,2455,2811,2658,2916,10297,2675,2113,2696,2536,2307,2501,2558,2641,1910,2394,395,2378,2781,2646,2788,10210,2718,2056,2796,2520,2323,2497,2535,2646,1981,2411,494,2370,2835,2666,2801,10023,2542,1940,2614,2427,2176,2320,2369,2518,1944,2255,546,2281,2673,2541,2748,10294,2714,2146,2785,2538,2379,2556,2569,2713,2261,2449,583,2456,2827,2674,2861,10256,2684,2071,2666,2473,2347,2447,2502,2651,2180,2361,621,2324,2733,2677,2775,10417,2756,2203,2784,2616,2379,2559,2570,2708,2383,2425,742,2408,2881,2701,4065,10479,2699,2155,2728,2650,2378,2492,2491,2697,2208,2382,643,2393,2785,2838,2806,vips_MRURP
19076,12885,14180,13288,13125,13127,12912,13008,12701,13891,12756,11264,13080,13006,13022,13055,7140,1468,2361,1505,1492,1610,1703,1585,1765,2776,1570,112,1558,1533,1519,1375,7138,1500,2321,1494,1546,1704,1789,1679,1424,2751,1806,115,1651,1492,1512,1392,7503,1523,2447,1582,1674,1749,2133,1686,1498,2810,1871,153,1771,1595,1613,1498,7785,1520,2593,1763,1609,1677,2147,1749,1501,2859,1757,188,1731,1656,1960,1521,7296,1489,2422,1586,1572,1652,2247,1681,1453,2790,1577,126,1605,1606,1575,1511,7100,1492,2477,1614,1825,1807,1806,1846,1489,2819,1585,185,1583,1508,1806,1570,7176,1485,2429,1515,1659,1801,1716,2070,1419,2786,1607,107,1573,1481,1877,1819,7183,1619,2489,1617,1641,1697,1808,2155,1483,2814,1678,106,1697,1606,1922,2604,6999,1451,2335,1501,1443,1572,1711,2108,1377,2754,1541,119,1539,1459,1690,2387,6912,1403,2420,1478,1496,1519,1638,1852,1383,2735,1525,93,1782,1388,1494,2115,6947,1290,2171,1414,1378,1486,1557,1511,1297,2631,1463,24,1393,1339,1486,1778,7271,1521,2354,1579,1524,1637,1696,1605,1459,2809,1638,84,1605,1509,1635,2075,7301,1535,2497,1605,1561,1590,1696,1651,1492,2782,1614,122,1617,1480,1597,2021,7304,1772,2490,1648,1578,1669,1795,1688,1510,2799,1617,190,1628,1569,1679,2106,7331,1487,2576,1634,1544,1663,1757,1693,1505,2887,1654,172,1640,1614,1622,1741,vips_MRURP
27289,19213,17390,18442,18335,18478,17606,17629,18642,17083,18296,15405,18113,18631,19121,19026,10848,3146,1682,2681,2260,2821,2093,2186,3269,1627,2937,194,2380,3057,3162,3164,10571,3017,1701,2517,2277,2684,2021,2150,2834,1558,2804,144,2350,2941,3115,3021,10882,3270,1760,2583,2322,2704,2022,2197,3036,1512,2834,188,2336,2946,3151,3043,10723,3105,1794,2618,2351,2686,2067,2214,2969,1619,2873,211,2375,2976,3317,3020,10642,3129,1710,2586,2244,2720,2079,2132,2843,1479,2850,149,2287,2981,3164,2886,10503,3155,1622,2603,2276,2642,1966,2132,2863,1479,2791,156,2262,2953,3100,2943,10471,3013,1667,2569,2240,2800,1986,2145,2848,1383,2805,143,2316,2889,3107,2934,10691,3768,1810,2700,2338,2832,2100,2220,2934,1614,2877,173,2391,2983,3221,3146,10556,3152,1664,2493,2268,2683,2009,2123,2847,1450,2789,138,2293,2905,3033,2960,10414,3009,1731,2508,2265,2645,1958,2089,2817,1484,2773,114,2303,2919,3048,2906,10214,2820,1996,2383,2082,2471,1778,1931,2629,1396,2615,13,2125,2748,2883,2804,10575,2962,1961,2522,2319,2709,2055,2145,2831,1887,2788,119,2327,2914,3057,2929,10606,3150,1703,2545,2274,2722,2001,2115,2886,1932,2753,151,2353,2881,3137,2978,10655,3100,1768,2601,2467,2785,2077,2228,2888,1813,2877,214,2386,2955,3171,3031,10803,3280,1682,2638,2385,2810,2047,2166,3020,1585,2842,170,2371,2991,3254,2993,vips_MRURP
17984,12419,13983,12179,13372,12854,13234,12888,12163,13620,11889,10552,13065,12003,12514,11966,6695,1328,3042,1314,2487,1875,2562,2154,1389,3026,1328,119,2133,1399,1513,1209,6595,1263,2934,1280,2466,1818,2532,2138,1300,3105,1382,66,2111,1360,1500,1182,6719,1297,3019,1306,2579,1845,2553,2132,1791,3053,1436,94,2149,1363,1572,1308,6793,1437,3018,1355,2605,1669,2554,2237,1417,3100,1436,133,2268,1340,1643,1235,6755,1479,2952,1279,2546,1601,2564,2138,1342,3022,1307,76,2217,1224,1535,1197,6503,1650,2950,1245,2562,1654,2453,2138,1334,3110,1275,79,2176,1170,1504,1349,6567,1955,2993,1258,2405,1693,2549,2136,1371,3037,1325,72,2063,1161,1499,1338,6684,1896,2992,1714,2621,1771,2670,2283,1599,3170,1410,126,2327,1376,1664,1622,6432,1485,3046,1209,2364,1527,2492,2046,1445,3051,1316,66,2098,1189,1467,1292,6440,1492,2999,1275,2492,1555,2492,2173,1504,3071,1308,87,2163,1307,1492,1408,6357,1259,2789,1164,2359,1429,2332,1994,1417,2934,1229,15,1968,1327,1382,1305,6729,1546,2970,1447,2457,1713,2536,2216,1673,3184,1478,98,2158,1446,1560,1351,6666,1611,2999,1442,2557,1647,2520,2206,1660,3073,1385,108,2152,1407,1560,1445,6726,1635,3094,1411,2532,1643,2522,2168,1469,3088,1371,130,2201,1414,1556,1293,6699,1634,3114,1325,2473,1829,2605,2178,1649,3196,1307,113,2145,1696,1529,1192,vips_MRURP
11568,8870,9558,10446,7883,9022,7711,7772,10159,8971,8696,7190,8113,8626,7915,8880,3875,1243,1770,2877,447,1400,483,500,2959,1695,1348,140,613,1341,464,1360,3844,1278,1829,2861,505,1301,522,431,2981,1646,1295,93,597,1270,449,1322,3887,1227,1961,2883,894,1270,595,405,3222,1713,1270,82,545,1297,630,1313,3871,1284,2037,2930,941,1337,805,468,3031,1732,1269,118,632,1280,819,1318,3931,1247,2022,2894,1049,1340,1069,435,2950,1785,1484,112,598,1310,886,1323,3717,1213,1882,2925,712,1319,1108,393,2977,1783,1293,109,555,1267,760,1263,3720,1217,1846,2921,542,1274,937,359,2974,1763,1307,90,554,1264,765,1269,3737,1303,2001,3243,542,1387,631,446,3059,1836,1320,148,551,1335,723,1393,3785,1200,1840,2895,420,1309,507,413,2928,1590,1297,87,528,1265,562,1281,3793,1249,1881,2905,421,1449,495,422,2998,1618,1294,108,629,1304,541,1311,3613,1089,1591,2769,308,1153,341,330,2838,1495,1166,9,490,1158,394,1181,3803,1243,1897,2898,491,1417,576,551,2995,1730,1297,116,646,1324,540,1320,3859,1283,2057,2955,446,1369,538,632,3107,1625,1380,140,640,1282,492,1409,3915,1325,2048,2928,477,1403,555,615,3008,1653,1363,123,647,1350,462,1369,3906,1290,1990,2935,432,1339,530,571,2998,1663,1343,119,647,1326,435,1346,vips_MRURP
18447,13314,14309,12793,11892,13704,11663,12345,12602,14535,13443,11033,11969,13914,12481,13988,6447,2033,3201,1526,802,2316,807,1349,1601,3362,2469,156,801,2725,1313,2781,6310,2049,3211,1515,734,2305,771,1267,1521,3685,2475,130,757,2620,1208,2711,6459,2056,3281,1528,799,2280,804,1241,2089,3527,2510,119,844,2717,1223,2718,6330,1985,3241,1626,732,2221,895,1278,1812,3431,2476,134,844,2657,1237,2693,6435,2094,3275,1735,759,2315,757,1283,2013,3486,2510,136,792,2746,1257,2831,6203,1938,3295,1649,755,2252,734,1221,1771,3406,2427,119,711,2651,1159,2706,6297,1962,3214,1586,745,2217,775,1231,1657,3393,2471,107,812,2698,1334,2764,6311,2017,3294,1830,805,2262,774,1300,1642,3498,2533,126,867,2756,1285,2798,6251,1945,3374,1461,728,2245,727,1252,1466,3334,2463,106,755,2592,1212,2757,6220,1965,3134,1440,757,2253,774,1272,1496,3407,2512,133,768,2736,1211,2759,6139,1823,3011,1315,607,2089,622,1079,1333,3219,2336,13,649,2516,1071,2625,6384,1981,3218,1599,961,2242,810,1294,1584,3383,2402,125,847,2698,1288,2715,6460,2089,3228,1590,811,2343,802,1339,1601,3453,2558,165,824,2700,1327,3325,6370,1940,3195,1505,754,2253,797,1388,1485,3384,2405,114,752,2703,1230,2699,6510,2082,3353,1565,808,2394,823,1376,1584,3587,2598,182,846,3079,1317,2820,vips_MRURP
25491,16473,16419,17543,17493,16566,17576,16828,17321,15772,15794,14224,18152,16226,17108,16301,9873,1819,1522,2780,2796,1793,3117,2519,2974,1599,1562,148,2777,2023,2435,1556,9977,2144,1668,2839,2838,1837,3183,2512,3014,2106,1728,171,2755,1866,2491,1931,9981,1940,1941,2779,2860,1851,3184,2449,3085,2681,1658,122,3043,2402,2419,3318,9953,1754,2249,2832,2844,1732,3100,2436,3057,2711,1722,130,2634,3345,2455,3302,9981,1817,2374,2805,2871,1787,3228,2536,2986,1974,1907,145,2389,3153,2493,2019,9732,1743,2026,2799,2849,1728,3025,2416,2999,1773,1829,108,1935,2537,2395,1619,9737,1767,1725,2777,2769,2065,2994,2451,3015,1754,1663,114,1838,2251,2707,1524,9817,1887,1711,3108,2966,2169,3180,2571,3087,1812,1681,133,2373,1900,2468,1648,9732,1790,1577,2831,2864,2130,3138,2459,2989,1600,1624,154,2207,1759,2479,1547,9637,1761,1616,2841,2862,2244,3214,2435,3017,1608,1645,158,2266,1727,2476,1568,9442,1585,1320,2641,2647,1621,2942,2267,2809,1385,1447,21,2664,1568,2285,1364,9940,1857,1622,2801,2950,1950,3174,2437,3009,1599,1685,153,2653,1810,2459,1637,9924,1806,1716,2939,2905,1900,3189,2523,3113,1600,1676,193,2854,1754,2532,2113,9817,1800,1540,2784,2772,1774,3028,2750,2985,1485,1551,99,3057,1692,2415,1532,10150,1836,1651,2947,2926,1906,3236,2610,3167,1579,1857,209,3147,1864,2533,1639,vips_MRURP
22540,16087,16093,15198,15190,16424,15056,15219,14798,15381,16051,13353,18239,15910,15461,16509,8212,2169,2044,1399,1407,2549,1564,1639,1407,1943,2616,72,3163,2545,1706,2835,8543,2303,2068,1420,1602,2595,1687,1725,1452,2261,2702,113,3262,2405,1760,2818,8642,2240,2126,1544,1554,2548,2195,1818,1795,1992,2604,128,3929,2376,1745,2795,8473,2171,2083,1485,1599,2463,2307,1935,1493,1987,2607,102,2979,2341,1665,2778,8980,2317,2076,1396,1475,2515,1736,2184,1397,1969,2589,87,2409,2450,1647,2759,8861,2189,2040,1342,1479,2544,1782,2630,1389,1958,2578,91,1816,2362,1579,2785,8296,2275,2051,1517,1511,2556,1854,2657,1591,2042,2585,127,1663,2358,2133,2768,8187,2281,2058,1660,1789,2614,1922,2321,2468,2044,2651,129,2519,2359,1810,2794,8046,2271,2134,1555,1636,2558,1642,1817,2670,1995,2639,91,2182,2358,1810,2766,8027,2253,2021,1636,1545,2527,1522,1645,2235,1955,2591,92,2199,2308,1835,2771,7935,2087,1850,1516,1444,2380,1363,1462,1613,1855,2460,12,3381,2202,1671,2657,8213,2213,2032,1744,1547,2526,1605,1758,1497,2042,2658,92,2699,2354,1821,2768,8202,2413,2113,1576,1547,2637,1619,1686,1429,2002,2615,99,3214,2321,1727,2745,8278,2246,2123,1394,1580,2483,1530,1890,1405,2010,2589,113,3810,2335,1814,2764,8265,2229,2197,1419,1429,2528,1568,1619,1349,1993,2704,98,3617,2344,1668,2762,vips_MRURP
179,79,16,54,88,86,18,41,42,9462,6,19,43,59,94,85,45,5,4,3,12,5,2,4,3,9104,4,3,3,2,12,5,15,2,1,2,4,3,2,0,1,9101,0,1,3,1,1,0,31,6,4,3,5,3,2,1,5,9545,1,3,1,3,4,2,47,5,4,5,8,6,2,4,4,8488,3,4,4,3,5,6,50,4,1,3,4,4,3,5,2,8541,2,4,4,3,5,4,16,2,0,2,6,3,0,2,2,8457,0,2,2,3,5,3,25,2,2,2,3,3,1,0,2,8556,1,1,3,2,4,3,25,3,2,4,1,5,2,2,2,8426,0,1,2,4,6,5,19,2,1,1,2,2,2,2,2,8429,0,2,1,2,0,0,8,2,0,2,1,3,0,2,1,8420,0,0,1,1,3,2,15,1,1,0,2,3,2,2,1,8500,0,0,1,1,4,4,27,2,2,2,4,3,1,3,3,8412,0,2,2,3,5,5,32,5,1,4,1,3,2,4,4,8442,0,2,1,6,2,4,54,6,5,5,5,7,3,5,5,8643,3,5,5,3,5,6,45,5,4,6,6,6,2,3,6,9096,4,4,3,4,5,8,vips_MRURP
25073,16324,17345,17498,17772,16574,16354,16850,17564,16707,15561,14008,17550,16276,16997,16089,9684,1694,2832,2830,3175,2266,2267,2508,3376,2537,1432,128,2743,1996,2528,1470,9593,1683,2756,2842,3111,1894,2182,2495,3331,2753,1403,114,2737,1774,2468,1601,9690,1719,2896,2873,3180,1961,2196,2544,3429,2610,1438,118,2893,1771,2520,1552,9651,1685,2916,2874,3131,1769,2189,2538,3866,2615,1494,160,2638,1801,2567,1539,9666,1723,2878,2859,3222,1774,2195,2565,3538,2516,1465,115,2526,1759,2527,1449,9415,1627,2767,2861,3184,1581,2148,2477,3294,2513,1357,97,2286,1677,2497,1469,9523,1665,2753,2893,3132,1676,2188,2525,3356,2522,1451,101,2231,1642,2590,1452,9592,1738,2865,2969,3744,1807,2246,2584,3403,2543,1533,172,2597,1820,2591,1613,9434,1733,3131,2808,3158,1643,2211,2525,3344,2506,1391,112,2379,1743,2512,1387,9421,1810,2821,2837,3187,1637,2205,2538,3425,2579,1385,123,2421,1802,2486,2059,9194,1849,2561,2701,2971,1503,2042,2368,3282,2440,1352,17,2633,1617,2368,1404,9528,1947,2728,2826,3061,1761,2216,2469,3364,2544,1541,92,2501,1852,2486,1567,9614,2221,2854,2891,3246,1971,2248,2556,3484,2597,1651,112,2729,1894,2568,1585,9571,1639,2744,2865,3126,1683,2185,2535,3326,2482,1436,96,2833,1889,2438,1574,9718,1676,2898,2860,3288,1904,2249,2583,3386,2572,1466,105,2902,1849,2553,1547,vips_MRURP
21265,15140,15220,14152,14135,15172,14318,14078,13705,14052,14907,12274,13977,14893,14280,15250,7829,2403,2092,1386,1446,2414,1981,1537,1434,1746,2636,117,1423,2403,1613,2572,7886,2439,2080,1414,1582,2421,2098,1694,1460,2096,2683,137,1429,2433,1711,2654,8019,2399,2166,1413,3091,2366,2084,1936,2267,2207,2599,91,1686,2333,1687,2553,8039,2469,2180,1521,3495,2449,2121,2325,3156,2719,2680,190,1489,2413,1897,2625,8009,2515,1961,1520,1850,2428,2063,1997,2553,2468,2608,104,1420,2491,1911,2524,7688,2368,1878,1953,1466,2369,2015,1726,2056,2144,2546,93,1302,2298,1982,2551,7713,2416,2047,1746,1461,2382,2077,1624,1604,1920,2604,106,1417,2334,1828,2564,7772,2488,1968,1679,1891,2500,2042,1731,1560,1982,2713,181,1570,2442,1778,2659,7614,2427,2352,1442,1475,2440,1981,1643,1356,1733,2735,142,1519,2331,1799,2593,7614,2383,1850,1352,1400,2384,1902,1559,1364,1715,2559,122,1579,2346,1575,2578,7427,2243,1627,1216,1253,2248,1753,1388,1258,1577,2488,16,1416,2204,1461,2438,7830,2377,1903,1416,1430,2377,1954,1605,1446,1785,2591,75,1537,2334,1633,2542,7753,2455,1989,1386,1444,2515,2032,1577,1453,1745,2626,106,1459,2348,1658,2550,7844,2362,2074,1392,1415,2394,1921,1950,1393,1931,2657,126,1442,2334,1686,2568,7887,2457,2076,1358,1431,2458,1960,1576,1394,1759,2668,120,1469,2360,1622,2602,vips_MRURP
25314,16129,17054,17503,16981,16220,16696,17610,17189,16714,15804,14189,17157,16054,17456,16119,10096,1368,2536,2817,2499,1565,2326,3056,2906,2372,1533,135,2777,1588,2857,1421,9873,1473,2550,2887,2554,1614,2373,3149,2850,2430,1644,153,2780,1623,2897,1453,10044,1408,2642,2863,2550,1603,2389,3097,2866,2403,1582,108,2825,1777,2896,1427,9926,1333,2572,2951,2540,1555,2260,3034,2892,2411,1608,125,2771,1777,2802,1476,10005,1639,2611,2864,2532,1575,2335,3176,2874,2459,1618,135,2757,2052,2888,1501,9844,1346,2585,2863,2516,1511,2327,3086,2837,2398,1688,103,2725,1679,2794,1407,9868,1422,2596,2908,2493,1587,2361,3127,2869,2428,1570,129,2737,1998,2938,1422,9915,1561,2634,2955,2640,1841,2374,3199,2888,2463,1637,133,2785,2165,2899,1688,9890,1548,2562,2874,2550,1638,2370,3143,2834,2432,1545,140,2786,1758,3148,1545,9762,1416,2485,2856,2490,1548,2322,3103,2787,2361,1499,83,2745,1581,2776,1444,9655,1223,2376,2698,2396,1379,2191,2892,2687,2227,1399,14,2568,1434,2713,1312,9901,1484,2593,2902,2534,1665,2350,3061,2824,2425,1585,97,2772,1630,2918,1476,9946,1494,2591,2923,2534,2018,2303,3131,2866,2421,1609,141,2793,1560,2873,1486,10001,1376,2668,2935,2539,1699,2391,3204,2877,2514,1582,131,2738,1573,2838,1400,10048,1320,2625,2934,2556,1619,2349,3043,2864,2380,1522,93,2827,1563,2804,1368,vips_MRURP
21901,16199,14847,14573,14628,16074,14789,14450,14306,14387,14790,13541,14384,15648,14492,15735,8153,3009,1307,1281,1471,2860,1982,1542,1658,1660,2160,563,1242,2611,1325,2641,8223,3010,1425,1315,1581,2799,2023,1725,1600,1655,2158,651,1356,2608,1444,2717,8298,3090,1548,1363,1590,2814,2073,2180,1774,1795,2203,662,1496,2634,2044,2671,8126,3035,1677,1362,1503,2856,2044,2259,1894,1711,2165,687,1383,2625,2129,2637,8126,2986,1643,1366,1517,2826,2013,2152,1515,1622,2121,679,1351,2939,1505,2624,7842,3037,1620,1940,1624,2790,1966,1691,1408,1566,2019,505,1285,2629,1635,2572,8142,3032,1531,2467,1545,2755,2000,1643,1459,1658,2109,602,1508,2618,1761,2660,7904,3129,1444,2129,1695,2822,2041,1656,1552,1774,2256,623,1766,2585,1658,2754,7805,3026,1346,1669,1565,2820,1961,1513,1397,1840,2167,574,1614,2548,1666,2664,7750,3053,1404,1406,1679,2792,2105,1458,1374,1834,2130,526,1598,2601,1335,2617,7846,3003,1323,1249,1631,2700,2080,1399,1377,1690,2126,512,1445,2545,1290,2596,8175,3072,1453,1439,1646,2844,2319,1626,1591,1824,2339,701,1381,2606,1394,2744,8197,3080,1456,1334,1667,3186,2135,1595,1588,1704,2307,646,1351,2615,1467,2663,8116,2987,1583,1733,1629,2755,2054,1581,1571,1625,2220,629,1392,2567,1382,2638,8120,3122,1495,1278,1468,2851,1985,1503,1597,1641,2114,595,1274,2586,1278,2631,vips_MRURP
25607,16444,17030,18351,17289,16668,16966,17224,17169,17494,16798,16545,17082,16256,18334,16488,9773,1556,2215,3307,2370,1561,2268,2462,2384,2766,2136,2076,2228,1474,3140,1282,9695,1604,2215,3302,2392,1581,2235,2434,2402,2770,2157,2098,2256,1523,3142,1412,9798,1632,2277,3362,2441,1618,2313,2489,2460,2824,2221,2104,2262,1516,3944,1365,9720,1597,2251,3392,2408,1599,2244,2425,2557,2802,2203,2100,2204,1490,3126,1437,9785,1620,2248,3454,2380,1522,2210,2387,2373,2786,2176,2060,2194,1416,3192,2340,9588,1470,2190,3204,2418,1403,2163,2371,2394,2780,2122,2024,2170,1383,3075,2154,9744,1533,2231,3293,2386,1512,2260,2434,2421,2799,2139,2080,2230,1362,3138,1408,9719,1629,2292,3269,2506,1524,2315,2470,2424,2791,2201,2124,2318,1508,3170,1504,9569,1477,2226,3391,2388,1433,2213,2380,2359,2764,2087,2031,2206,1375,3128,1319,9558,1465,2173,3233,2361,1445,2198,2374,2360,2764,2077,2026,2157,1378,3014,1317,9436,1476,2135,3267,2349,1473,2165,2324,2327,2766,2070,1967,2125,1396,3044,1277,9716,1565,2266,3396,2457,1670,2342,2458,2465,2803,2136,2123,2273,1570,3175,1369,9689,1571,2269,3443,2412,1991,2206,2408,2394,2799,2186,2097,2236,1560,3182,1426,9926,1603,2322,3844,2509,1739,2333,2532,2456,2798,2120,2151,2271,1559,3184,1378,9937,1557,2339,3425,2488,1859,2344,2479,2508,2926,2237,2128,2262,2107,3231,1401,vips_MRURP
22144,15352,15410,14616,14505,15793,14886,14436,14253,14143,14745,15291,14469,15359,14717,15530,8193,2233,1825,1504,1489,2496,1919,1586,1502,1629,2186,2552,1545,2494,1512,2522,8316,2190,1780,1625,1521,2419,1921,1567,1498,1479,2041,2501,1544,2400,1619,2434,8353,2445,2030,2506,1831,2523,2030,1707,1603,1686,2138,2595,1655,2508,3137,2521,8250,2599,1896,2792,1993,2459,1872,1633,2171,1631,2024,2624,1596,2397,3840,2426,8328,2567,1914,1819,1766,2538,1998,1718,1542,1647,2259,2691,1605,2704,3443,2840,8069,2440,1781,2089,1585,2441,1887,1559,1733,1948,2359,2514,1560,2426,1897,2431,8082,2296,1781,1503,1540,2481,1893,1612,1679,2525,2478,2523,1475,2395,1598,2380,8181,2148,1758,1557,1684,2525,1935,1764,1755,2298,2333,2550,1561,2419,1520,2463,8027,2096,1700,1432,1501,2519,1911,1635,1587,1754,2311,2497,1446,2398,1418,2420,8059,2367,1800,1447,1510,2518,1972,1576,1542,1487,2224,2494,1596,2435,1471,2434,8002,2123,1662,1459,1494,2473,1971,1486,1490,1468,2109,2464,1434,2384,1568,2435,8188,2119,1764,1707,1516,2535,2228,1613,1558,1584,2189,2509,1498,2406,1569,2463,8250,2197,1973,1557,1613,2701,2194,1658,1569,1599,2224,2695,1591,2400,1586,2784,8363,2273,1934,1582,1563,2558,2058,1634,1585,1547,2182,2621,1675,2493,1568,2509,8242,2197,1937,1529,1517,2809,2082,1600,1481,1566,2163,2658,1580,2606,1574,2526,vips_MRURP
25642,17575,16884,17747,17590,16899,16986,17452,17574,17718,16671,18210,17547,16720,17770,17008,9658,2216,1853,2491,2477,1511,2071,2513,2586,2666,1856,2639,2489,1722,2439,1556,9765,2307,1911,2528,2562,1560,2076,2434,2608,2771,1960,2888,2507,1717,2444,1653,9643,2333,1961,2563,2547,1622,2095,2548,2618,2725,1919,2829,2599,1755,2608,1642,9506,2265,1845,2464,2546,1685,2014,2445,2691,2722,1922,2558,2464,1662,2414,1670,9701,2344,1922,2475,2539,2080,2066,2472,2626,2672,1937,2398,2518,1842,2453,2007,9325,2220,1833,2473,2521,1853,1978,2439,2600,2702,1922,1657,2438,1676,2369,1648,9472,2318,1896,2561,2473,1616,2074,2451,2611,2728,1901,1597,2509,1626,2647,1712,9537,2337,1898,2550,2630,1682,2082,2530,2640,2770,1951,2239,2556,1765,2490,1895,9448,2240,1861,2446,2510,1486,2021,2429,2534,2674,1832,1841,2451,1662,2412,1693,9338,2252,1799,2464,2498,1448,2013,2421,2528,2708,1860,2287,2443,1654,2390,1718,9343,2221,1840,2475,2500,1427,1994,2406,2530,2715,1868,3090,2448,1658,2399,1731,9557,2247,1924,2683,2540,1527,2112,2486,2638,2716,1922,2587,2578,1735,2493,1725,9529,2319,1896,2485,2528,1567,2064,2460,2602,2797,1895,2942,2433,1732,2466,1825,9635,2311,1929,2566,2542,1554,2095,2555,2665,2772,1860,3048,2503,1735,2490,1641,9726,2379,1934,2598,2644,1638,2115,2535,2725,2823,1925,2733,2571,2088,2528,1651,vips_MRURP
23344,15861,16737,15499,15321,15984,15444,15565,15090,14749,15920,17674,15252,15749,15557,15736,8943,1948,2574,1674,1503,2107,1922,1883,1558,1446,1893,3133,1656,2204,1787,2088,8893,1968,2577,1682,1614,2113,1947,1995,1586,1438,2023,3421,1687,2161,1881,2078,8955,1968,2607,1707,1604,2066,1978,2000,1704,1454,2001,3281,1954,2212,1926,2064,8965,1917,2625,1717,1589,2011,1955,1825,2101,1371,1917,2919,1664,2207,1812,2044,9047,2302,2680,1701,1591,2077,1955,1849,1611,1555,1990,2756,1624,2170,1746,2306,8982,3037,2612,1623,1669,2032,1941,1803,1508,1864,1891,1760,1640,2107,1686,1958,8831,2978,2619,1662,1528,2068,1929,1799,1544,1937,2019,1599,1618,2155,1827,2031,8838,2152,2659,1730,1670,2086,2037,1809,1637,1644,2017,2630,1681,2213,1758,2102,8697,2191,2579,1626,1617,2026,2027,1716,1460,1459,1952,1675,1572,2130,1674,2050,8704,2377,2634,1625,1700,2075,2015,1728,1541,1405,1979,2396,1624,2120,1703,2042,8632,2037,2392,1589,1714,1965,1858,1671,1529,1281,1933,3413,1526,2082,1626,1951,8846,1924,2510,1888,1628,2084,1997,1858,1705,1395,1939,2624,1793,2202,1826,2126,8832,1957,2647,1755,1644,2104,1964,1947,1724,1372,1986,3508,1817,2140,1957,2422,8918,1941,2715,1741,1572,2081,1941,1992,1511,1368,1951,3918,1704,2138,1812,2048,8978,1934,2859,1654,1536,2088,2020,1982,1610,1334,2044,3495,1736,2338,1856,2125,vips_MRURP
26578,17479,17466,17723,17747,18218,16898,17277,17290,17505,16935,17225,17153,17586,17460,18344,9800,1914,2014,2162,2322,2284,2051,2180,2205,2432,1998,2206,1917,2134,1987,2485,9642,1957,2051,2194,2347,2377,2053,2125,2188,2479,1974,2271,1938,2164,2003,2480,9871,1992,2188,2321,2485,2500,2086,2481,2353,2502,2003,2241,2200,2149,2050,2596,9703,1935,2244,2208,2335,2405,1960,2117,2424,2474,1944,2187,1892,2175,1945,2567,10056,2247,2240,2418,2629,2844,2279,2404,2458,2681,2279,2413,2208,2682,2250,4017,9483,1885,1835,2152,2336,2363,1972,2107,2156,2451,1901,1874,1825,2188,1913,2517,9754,1919,1988,2260,2444,2298,2145,2225,2276,2445,1988,1938,1953,2222,2285,2582,9741,1967,1999,2273,2502,2400,2605,2186,2257,2500,1919,2153,1965,2133,2015,2554,9681,1860,1875,2175,2360,2389,2655,2150,2150,2424,1965,1923,1881,2137,1966,2457,9525,1964,1820,2171,2378,2361,2231,2157,2235,2472,1872,2046,1931,2160,1986,2561,9296,1900,1760,2170,2303,2386,1970,2063,2176,2409,1866,2127,1859,2091,1963,2468,9719,1946,2030,2284,2448,2507,2036,2215,2282,2523,1986,2223,1979,2224,2018,2549,9819,2076,2224,2292,2519,3184,2092,2308,2332,2611,2120,2399,2045,2277,2125,3077,9837,1942,2114,2271,2458,2420,2044,2223,2260,2472,1932,2397,1965,2175,2058,2536,10062,2180,2335,2471,2672,3462,2276,2438,2543,2751,2205,2475,2186,2624,2258,2805,vips_MRURP
22088,14893,15879,14932,14432,14927,14627,14814,14510,13914,14332,14799,14772,14599,15046,14650,8268,1863,2767,1833,1486,1776,1872,1981,1770,1488,1861,2317,2003,1833,2118,1658,8277,1918,2723,1768,1593,1711,1873,2049,1783,1449,1942,2250,2069,1836,2188,2276,8500,2111,2849,1962,1689,2556,2044,2953,1944,1628,1902,2349,2166,2019,2313,3457,8306,1805,2765,1805,1612,4484,1861,2058,1978,1566,1688,2225,2032,1971,2213,2773,8424,1934,2795,1894,1739,4388,1926,2123,1826,1616,1760,2342,2125,1954,2286,1876,8145,1762,2734,1763,1719,1975,1819,1994,1727,1432,1708,2230,2054,2440,2126,1561,8275,1897,2783,2114,1666,1800,1962,2062,1866,1480,1826,2339,2115,3391,2233,1744,8188,1887,2765,1892,1829,1723,1935,2100,1989,1466,1753,2293,2110,2286,2224,1726,8025,1787,2701,1757,1784,1617,1824,1993,1856,1342,1720,2203,2005,1935,2064,1587,8085,1851,2764,1804,1695,1664,1860,1980,1814,1406,1703,2208,2043,1859,2159,1662,8012,1756,2613,1749,1563,1626,1769,1908,1690,1305,1629,2155,1914,1725,2095,1585,8245,1936,2740,1906,1605,1792,1913,2052,1951,1459,1757,2280,2076,1883,2291,1767,8215,1856,2799,1829,1583,1763,1900,2030,1924,1444,1877,2290,2021,1755,2131,1749,8234,1930,2780,1854,1543,1749,1859,1938,1770,1434,1800,2279,2105,1879,2162,1705,8364,1971,2933,1905,1550,2090,1945,2106,1816,1451,1773,2329,2080,1959,2309,1775,vips_MRURP
0,0,0,0,0,0,0,0,0,0,0,0,0,0,0,0,0,0,0,0,0,0,0,0,0,0,0,0,0,0,0,0,0,0,0,0,0,0,0,0,0,0,0,0,0,0,0,0,0,0,0,0,0,0,0,0,0,0,0,0,0,0,0,0,0,0,0,0,0,0,0,0,0,0,0,0,0,0,0,0,0,0,0,0,0,0,0,0,0,0,0,0,0,0,0,0,0,0,0,0,0,0,0,0,0,0,0,0,0,0,0,0,0,0,0,0,0,0,0,0,0,0,0,0,0,0,0,0,0,0,0,0,0,0,0,0,0,0,0,0,0,0,0,0,0,0,0,0,0,0,0,0,0,0,0,0,0,0,0,0,0,0,0,0,0,0,0,0,0,0,0,0,0,0,0,0,0,0,0,0,0,0,0,0,0,0,0,0,0,0,0,0,0,0,0,0,0,0,0,0,0,0,0,0,0,0,0,0,0,0,0,0,0,0,0,0,0,0,0,0,0,0,0,0,0,0,0,0,0,0,0,0,0,0,0,0,0,0,0,0,0,0,0,0,0,0,0,0,0,0,0,0,0,0,0,0,vips
743,640,572,613,609,620,579,5039,593,588,574,583,597,627,683,649,51,14,1,7,4,4,4,1888,6,5,4,1,5,5,22,8,14,19,1,1,2,3,0,1939,10,1,2,1,1,2,15,2,40,14,4,4,4,4,5,2093,5,2,3,3,4,3,21,5,34,17,2,5,5,1,2,2010,12,3,3,1,2,3,24,3,41,10,1,1,6,5,1,1949,12,2,2,2,3,6,18,8,22,8,1,3,4,3,2,1830,8,2,1,2,2,1,21,5,34,10,2,2,3,3,4,2024,12,2,2,2,5,2,20,3,25,12,1,4,2,1,2,1877,11,7,3,2,2,4,16,4,26,14,1,3,2,3,1,2012,5,2,3,1,3,4,24,5,17,10,1,3,4,2,1,2219,11,2,3,4,4,4,18,5,18,5,0,1,3,3,0,2082,8,0,2,2,5,2,16,4,34,9,2,3,7,3,1,2047,13,2,2,2,1,5,38,4,51,9,1,5,2,6,3,1917,13,4,1,0,4,5,19,6,64,6,2,6,7,4,4,1961,13,5,2,4,5,8,37,11,62,14,4,3,8,5,3,2022,8,3,3,1,3,4,38,7,vips
23593,15510,15750,16107,15792,15878,15636,15887,15461,14813,13409,15368,15777,15735,16103,15350,8586,1843,2201,2347,1961,2024,2284,2298,2100,1558,254,2241,2305,2116,2291,1545,8470,1726,2161,2276,1959,1910,2263,2136,2070,1499,225,2155,2205,1992,2219,1955,8675,1895,2210,2265,1949,1949,2403,2186,2025,2262,236,2153,2296,2038,2451,3098,8628,1965,2185,2212,1923,1890,2211,2105,2011,4482,172,2030,2134,2084,2267,2735,8794,1918,2184,2269,1986,1962,2303,2176,2098,4268,237,2088,2148,1986,2284,1588,8420,2587,2151,2279,1961,1907,2273,2145,2153,1854,204,2051,2078,1863,2385,1475,8467,3412,2288,2299,1947,2065,2340,2179,2222,1578,259,2174,2128,1959,2298,1576,8559,2148,2303,2316,2077,2844,2368,2246,2281,1711,280,2084,2191,2060,2399,1555,8455,1916,2262,2424,2022,2636,2373,2352,2235,1602,286,2154,2137,2006,2358,1894,8371,1748,2171,2296,1977,2169,2254,2315,2083,1464,179,2049,2082,1925,2313,1464,8263,1704,2205,2251,1972,1949,2260,2259,1973,1457,220,2029,2060,1801,2230,1476,8611,1838,2311,2327,2021,1994,2364,2796,2158,1586,284,2212,2268,2037,2345,1596,8604,2018,2233,2355,2053,1950,2305,2364,2083,1596,251,2248,2291,2068,2324,1618,8618,1799,2206,2384,1992,1956,2772,2322,2094,1570,287,2309,2191,2009,2310,1528,8765,1829,2353,2401,2029,2031,2419,2442,2158,1725,323,2322,2271,2097,2382,1619,vips
22332,15528,14926,14759,15047,15410,14489,15494,14739,15111,12734,14560,15252,15306,14691,15433,8651,2362,2032,1535,1963,2316,1633,2308,1968,2448,95,1953,2496,2400,1612,2379,8692,2383,1935,1585,2016,2256,1771,2378,1979,2401,125,1961,2607,2434,1728,2396,8718,2370,2035,1643,2133,2237,1909,2415,1952,2423,106,1951,2504,2405,1872,2333,8532,2404,2023,1711,1964,2245,1794,2460,2055,2416,134,1968,2528,2418,1831,2341,8566,2389,2097,1661,1981,2280,1705,2373,2001,2435,97,1948,2498,2424,1716,2341,8439,2370,2030,1508,1939,2233,1796,2403,2021,2363,133,1931,2518,2417,1961,2350,8562,2348,1999,1512,1935,2231,1660,2276,1969,2402,124,1964,2384,2433,1716,2396,8420,2384,2021,1554,1942,2254,1787,2410,1998,2502,101,1931,2482,2423,1842,2368,8397,2367,1966,1533,2015,2264,1753,2358,1966,2441,135,1900,2432,2416,1742,2411,8316,2303,1944,1465,1930,2211,1666,2311,1892,2350,41,1908,2421,2396,1675,2335,8297,2305,1931,1441,1862,2173,1670,2330,1917,2382,84,1883,2420,2416,1613,2308,8474,2366,2132,1583,1951,2292,1764,2399,2011,2477,126,1959,2489,2400,1739,2436,8458,2360,1950,1549,1948,2233,1683,2346,1977,2408,120,1930,2355,2394,1716,2361,8546,2307,1990,1486,1967,2202,1945,2339,1949,2424,137,1916,2328,2372,1668,2390,8598,2373,2073,1521,1994,2260,1704,2534,1960,2754,132,1922,2443,2431,1742,2413,vips
22880,15154,15304,15553,15856,15302,15249,15220,15177,14878,13070,15085,15293,15151,15637,15217,8904,1829,2036,2254,2598,1690,2214,1948,1784,1827,163,2061,2106,2133,2231,1755,8863,1837,1946,2232,2632,1649,2130,2047,1785,1806,133,2027,2360,1850,2168,1869,8880,1778,1989,2154,2536,1638,2254,2040,1750,1844,138,2013,2083,1898,2547,1662,8848,1772,1989,2117,2491,1621,2179,2203,1833,1758,143,2315,2097,1853,2205,1798,9007,1878,2022,2215,2641,2204,2239,2388,2080,1882,196,2515,2116,2130,2236,1854,8692,1794,1949,2128,2591,2543,2167,2054,1910,1735,166,2007,2050,2578,2395,1728,8719,1806,2006,2173,2530,2657,2232,2029,1725,1775,164,2106,2046,2766,2261,1745,8741,1827,2001,2163,2546,2407,2209,2103,1850,1839,124,2088,2107,2167,2233,1774,8771,1911,1989,2213,2589,1906,2174,2055,1738,1745,151,2062,2165,2014,2183,2025,8654,1872,1898,2101,2539,1528,2037,1981,1747,1652,28,1916,2119,2004,2116,1615,8778,1787,2113,2138,2611,1551,2140,2004,1816,1782,131,1960,2281,1823,2209,1686,8895,1942,2280,2244,2634,1662,2293,2098,1984,1871,164,2371,2294,1950,2272,1776,8867,1899,2244,2204,2575,1661,2213,2017,1801,1910,159,2047,2018,1809,2219,1785,8883,1812,2175,2200,2555,1630,2235,1971,1874,1855,169,2018,2094,1825,2218,1726,8884,1754,2093,2195,2492,1630,2221,2065,1808,1932,131,2026,2021,1792,2249,1775,vips
23553,15642,15882,15469,15113,15875,15270,15571,15520,15323,13177,16139,15869,15553,15506,15595,8880,2062,2454,1873,1541,2210,2028,2049,2251,2128,94,2936,2566,2119,1894,2023,8750,2119,2563,1902,1720,2244,2102,2111,2233,2142,145,3076,2655,2149,2050,2047,8814,2080,2552,1897,1723,2278,2304,2109,2253,2168,130,2943,2609,2161,2470,2037,8702,2037,2575,1867,1624,2184,2129,2174,2199,2163,97,3024,2584,2137,2058,2024,8776,2127,2622,1950,1592,2321,2194,2167,2259,2196,130,3125,2596,2188,2019,2038,8533,2091,2631,2302,1557,2232,2210,2185,2241,2084,156,2945,2625,2148,2217,1954,8646,2045,2471,1834,1518,2167,2075,2064,2199,2074,104,2937,2520,2134,1903,2025,8701,2093,2562,1894,1762,2226,2133,2151,2316,2276,145,2956,2572,2186,2079,2075,8564,2125,2496,1867,1561,2246,2086,2156,2398,2187,131,3039,2595,2218,1919,2349,8421,1988,2427,1827,1544,2092,1993,2075,2139,2040,28,2887,2575,2062,1791,1939,8542,2095,2701,1855,1593,2293,2099,2150,2217,2093,169,3075,2805,2176,1937,2049,8725,2104,2683,1897,1758,2256,2079,2209,2291,2207,136,3104,2607,2176,1920,2107,8793,2074,2528,1880,1717,2200,2004,2138,2226,2101,117,2902,2507,2151,1919,2016,8866,2088,2589,2112,1954,2193,2738,2102,2290,2188,164,2948,2598,2157,1963,2146,8905,2097,2578,1865,1703,2248,2073,2201,2213,2222,101,3090,2639,2171,1958,2056,vips
23117,15145,15135,15557,16562,15243,15152,15269,14604,14700,12930,14865,15005,14942,15546,15476,9099,1760,1951,2064,3348,2058,2147,1949,1679,1824,107,1921,1906,1816,2200,2022,9057,1882,1893,2125,3278,1960,2136,2343,1683,1876,152,1984,2155,1797,2308,2133,9167,2050,2021,2090,3283,2094,2229,2204,1690,1932,153,3510,2922,1841,2231,2059,9060,1776,2624,2039,3209,2033,2046,1989,1671,1906,108,4770,3794,2089,2082,2020,9224,1916,2807,2080,3306,2253,2070,2163,1769,1963,187,2754,3927,2600,2150,2131,8919,1764,2688,2372,3322,2001,2041,1990,1764,1942,197,1901,2321,1803,2249,2154,9105,1804,2345,2059,3245,1882,1995,1943,1766,1911,143,1965,2161,1863,2021,2099,8960,1861,2322,2034,3301,1910,2051,1991,1847,2303,100,1944,2124,1893,2078,2093,8789,1730,2127,1964,3148,1808,1956,1939,1886,1906,89,1873,1994,1776,2025,2021,8809,1668,1902,1911,3192,1817,1891,1882,1631,1846,21,1838,1809,1728,1970,1970,8849,1740,1932,2028,3258,1825,2019,1978,1694,1920,150,1880,1850,1732,1983,2028,9081,1895,2318,2105,3279,1949,2130,2066,1783,2005,163,2033,1917,1834,2113,2054,9048,1737,1930,2100,3261,1848,2018,1965,1707,1889,117,1880,1802,1748,2109,2013,9060,1835,1956,2318,3250,1933,2430,1986,1659,1933,186,1955,1868,1799,2226,2086,9249,1739,1941,2173,3285,1844,2077,1980,1631,1860,102,1901,1808,1721,2208,2016,vips
23210,16021,16029,15931,14987,16160,15070,16035,15489,15403,13253,15405,15659,16027,15329,15703,8960,2371,2585,2317,1352,2410,1777,2367,2190,2040,105,2251,2254,2456,1758,2093,8701,2379,2605,2297,1456,2526,1818,2366,2150,2036,112,2340,2378,2531,1781,1995,8778,2321,2672,2237,1681,2404,1882,2345,2129,2006,94,2195,2270,2507,1784,1944,8645,2357,2679,2311,1780,2411,1883,2406,2163,1994,108,2218,2221,2511,1839,1993,8712,2417,2729,2328,1706,2477,1872,2429,2237,2031,129,2286,2266,2605,1792,2031,8392,2366,2736,2516,1675,2410,1845,2395,2134,1966,112,2185,2266,2527,1868,1974,8724,2412,2732,2265,1915,2509,1823,2364,2134,2015,119,2275,2221,2523,1748,2069,8783,2399,2698,2279,2073,2448,1914,2393,2214,2462,144,2231,2309,2550,1871,2145,8836,2409,2654,2221,1937,2505,1805,2424,2263,2142,130,2240,2236,2563,1735,2158,8686,2312,2671,2253,2037,2385,1730,2297,2079,2013,28,2144,2181,2453,1684,2033,8825,2363,2757,2299,1648,2515,1756,2364,2065,2047,109,2167,2201,2538,1728,2249,9110,2405,2888,2307,1540,2469,1805,2339,2178,2078,106,2210,2267,2531,1768,2328,9119,2361,2651,2262,1428,2485,1778,2383,2162,2008,114,2246,2206,2530,1745,2181,9056,2288,2640,2255,1496,2336,2068,2347,2158,2048,113,2186,2196,2468,1715,2133,9085,2378,2645,2285,1510,2444,1792,2442,2159,2037,109,2224,2170,2546,1755,2031,vips
22362,14762,14549,14797,15992,14758,13877,14836,14497,14716,12526,14267,14541,14569,14816,15237,9157,1911,1887,1987,3253,2332,1406,1901,2078,2248,139,2034,2030,1788,2003,2418,9010,1825,1829,1979,3243,1910,1395,1941,2061,2223,120,2005,1933,1766,1963,2402,8978,1771,1835,2358,3155,1904,1367,1928,1946,2183,97,1962,1916,1827,1984,2381,9004,1730,1786,2205,3080,1872,1589,1909,1968,2229,93,1862,1881,1755,1983,2389,9111,1850,1862,2023,3179,1946,1516,2206,2042,2310,132,1982,2167,1833,2086,2546,8869,1746,1859,1969,3160,1744,1387,1987,1990,2180,136,1761,3189,1692,2313,2490,8959,1803,2246,1952,3237,1820,1416,1940,2073,2206,142,1838,3898,1855,2066,2438,8812,1893,2453,1915,3228,1852,1422,1989,2030,2532,117,1844,2492,1893,2084,2458,8891,1754,2415,1878,3121,1767,1358,1945,1978,2212,105,1771,1909,1719,1955,2463,8788,1751,2504,1787,3166,1723,1289,1998,1894,2124,19,1695,1798,1751,1887,2277,8891,2099,2677,1880,3230,1828,1303,2103,1971,2266,139,1746,1856,1785,1971,2398,8884,1940,2683,1956,3155,1925,1382,2144,2008,2232,99,1885,1875,1891,2034,2343,9031,1889,2427,1873,3242,1856,1371,2158,2068,2223,128,1982,1884,1822,1982,2356,9051,1820,1932,1891,3191,1918,1561,2006,1947,2133,118,1870,1903,1821,1982,2324,9033,1784,1813,1929,3243,1958,1331,2015,2028,2151,103,1864,1869,1869,1974,2320,vips
21748,14992,14973,15235,13876,15318,13885,15051,14635,13648,12490,14485,15082,15097,16124,15043,8279,2248,2363,2400,1184,2522,1054,2361,2198,1153,108,2213,2557,2460,3209,2252,8185,2200,2332,2397,1163,2468,1044,2324,2123,1164,100,2182,2477,2382,3242,2253,8256,2202,2414,2369,1196,2413,1091,2373,2113,1096,132,2202,2713,2442,3641,2149,8238,2191,2414,2399,1206,2444,1180,2380,2087,1029,94,2159,2539,2439,3396,2094,8423,2301,2447,2395,1192,2504,1086,2399,2126,1079,112,2252,2672,2472,3257,2116,8138,2220,2379,2371,1220,2442,1017,2374,2040,1067,111,2146,2599,2412,3411,2043,8264,2211,2363,2370,1197,2426,959,2378,2045,1098,113,2178,2501,2451,3350,2047,8300,2280,2422,2387,1211,2482,1097,2436,2083,1320,130,2203,2566,2447,3420,2212,8217,2243,2359,2335,1216,2455,1063,2400,2233,1050,130,2218,2555,2461,3202,2081,8076,2167,2316,2351,1109,2405,940,2283,1977,1026,23,2112,2510,2341,3265,1983,8048,2186,2400,2395,1127,2371,981,2291,2061,1071,103,2135,2556,2417,3290,2016,8306,2177,2370,2526,1143,2445,1026,2374,2146,1167,99,2160,2558,2412,3195,2140,8416,2230,2442,2384,1191,2440,1070,2390,2173,1105,117,2189,2524,2450,3236,2245,8505,2195,2393,2619,1184,2367,1144,2321,2216,1255,100,2149,2506,2380,3331,2220,8417,2216,2389,2391,1187,2426,1150,2484,2167,1212,104,2176,2521,2457,3414,2226,vips
22455,14936,14894,15109,14812,15129,15453,14877,14566,15424,12742,14401,14854,14755,14969,14935,8736,1823,1872,1986,1682,2129,2699,1771,1876,2728,163,1903,1989,1760,1879,1807,8726,1777,1989,1910,1810,1835,2776,1816,1864,2675,184,2275,1986,1727,2047,1848,8757,1828,2241,1891,2264,1850,2740,1902,1911,2715,148,2102,2305,2058,5477,1840,8758,1874,2460,2018,2386,1834,2848,2203,1890,2719,179,2077,2268,2132,4243,1912,8725,2208,2496,2136,2618,1833,2931,1941,1862,2780,216,2241,2355,1921,2210,1878,8498,1790,2200,1992,2230,1781,2715,1849,1749,2662,142,1997,2185,1811,1896,1867,8571,1831,1828,1883,1903,1766,2729,1841,1827,2676,159,1873,1980,1867,1881,1812,8516,1972,1894,1923,1963,1879,2716,1896,1851,2642,112,1843,1962,1934,1910,2063,8493,1849,1719,1881,1788,1822,2621,1803,1767,2696,132,1778,1854,1717,1831,1815,8432,1703,1705,1779,1814,1810,2610,1734,1693,2626,25,1694,1750,1635,1749,1724,8446,1822,1887,1846,1898,2175,2817,1806,1761,2716,190,1777,1870,1646,1846,1816,8572,1868,1880,1945,2139,2093,2675,1859,1837,2709,125,1874,1925,1730,1871,1813,8732,1824,1876,1914,2392,2030,2837,1883,1929,2731,194,1821,1856,1706,1906,1828,8642,1777,1771,1885,1737,1964,2804,1778,1796,2685,116,1800,1899,1674,1842,1777,8654,1653,1822,1842,1670,1975,2707,1807,1774,2695,108,1754,1893,1616,1841,1772,vips
22804,16344,15976,16367,16649,16292,15443,17157,15674,14257,13590,15758,15931,16395,16201,15738,8483,2486,2375,2499,2929,2402,1735,3257,2023,767,116,2428,2274,2619,2442,1979,8411,2457,2362,2514,2860,2374,1740,3229,1952,973,107,2351,2274,2597,2435,1916,8517,2487,2381,2507,2918,2454,2230,3279,2091,1920,162,2347,2472,2660,3180,2026,8509,2495,2399,2543,2899,2436,3246,3449,2185,1970,156,2424,2336,2690,2544,1990,8612,2508,2403,2485,2906,2421,3286,3215,2126,1015,123,2411,2299,2642,2518,1993,8629,2507,2364,2450,2965,2410,3016,3333,2019,778,118,2347,2329,2619,2490,1944,8691,2508,2412,2497,3032,2410,2397,3244,2029,789,135,2378,2299,2686,2518,2029,8677,2519,2443,2534,2940,2384,2455,3263,2093,795,135,2382,2312,2603,2550,2216,8394,2463,2373,2475,2807,2376,2089,3336,2001,720,99,2408,2257,2648,2441,1969,8280,2400,2292,2419,2848,2312,1764,3223,1899,661,24,2306,2238,2583,2390,1842,8256,2407,2478,2543,2871,2366,1679,3222,1940,727,118,2390,2299,2608,2471,1947,8533,2491,2446,2740,2888,2377,1756,3313,2066,805,121,2351,2385,2633,2763,2056,8520,2457,2379,2500,2890,2401,1725,3280,1995,772,141,2397,2289,2602,2475,1974,8492,2446,2352,3526,2903,2341,1793,3365,2058,801,159,2351,2496,2626,2519,2014,8505,2455,2383,2504,2862,2400,1723,3385,2284,766,146,2384,2342,2591,2550,1986,vips
449,348,277,330,309,332,268,7634,300,294,272,273,289,326,353,327,63,7,10,3,5,7,4,6377,6,4,5,6,6,7,8,6,25,1,1,5,3,2,2,6339,1,3,1,1,3,3,4,5,58,6,2,4,9,5,2,6340,6,2,4,3,2,6,6,5,45,6,3,2,5,7,4,6357,6,1,3,2,2,4,10,4,56,9,4,5,2,4,5,6374,5,4,4,4,3,3,6,2,19,4,1,3,1,2,1,6334,1,2,2,0,1,3,6,2,30,4,3,2,5,6,3,6475,3,0,2,2,3,4,4,2,37,4,3,4,3,3,1,6336,1,2,1,1,2,2,6,3,36,7,2,4,3,3,2,6350,4,2,4,2,1,3,5,3,24,6,4,5,4,4,2,6368,4,3,1,2,1,3,5,3,21,6,2,4,1,2,1,6370,2,3,1,0,0,3,2,2,31,8,1,3,6,3,3,6358,8,2,0,1,4,2,4,3,48,7,4,3,5,3,2,6372,6,2,4,4,3,2,3,4,73,5,4,6,15,8,6,6455,7,6,9,5,9,8,15,13,51,5,2,5,6,6,2,6362,4,3,3,4,4,5,6,6,vips
12839,7291,7208,7482,7465,7381,8988,7577,9216,6207,6218,7046,7219,7176,7226,9519,5730,762,835,672,827,818,2542,951,2800,54,56,797,784,889,575,2720,5780,852,766,542,804,784,2522,935,2732,55,55,824,763,862,598,2710,5956,823,837,575,763,882,2572,1044,2759,66,69,720,737,834,771,2784,6502,851,792,538,762,767,2686,1454,2872,63,76,726,595,784,595,2800,6366,920,774,564,765,773,2611,1240,2744,51,60,799,574,734,562,2749,5902,735,739,500,821,666,2552,968,2713,50,51,646,571,668,598,2686,5783,752,690,541,863,682,2538,922,2735,60,58,686,528,710,614,2784,5961,791,798,635,914,746,2668,963,2778,83,74,746,633,809,705,3076,5659,679,655,724,786,662,2567,937,2688,61,66,704,526,688,653,2685,5689,622,691,768,836,643,2547,1118,2723,23,21,758,483,647,774,2679,5626,749,799,792,982,663,2591,1318,2636,46,49,757,568,670,930,2655,5833,850,893,1094,1089,766,2578,1438,2686,48,56,905,722,842,1169,2660,5712,885,795,796,1044,800,2576,1432,2741,48,51,763,711,798,1182,2697,5788,885,865,981,1050,809,2547,1361,2702,56,57,809,969,928,1061,2661,6048,850,782,1029,863,861,2657,1316,3074,88,84,809,821,839,922,2788,vips
3484,2199,2170,2260,2240,2214,2461,2276,2481,2171,2093,8886,2163,2162,2247,2355,1237,31,29,44,46,33,367,61,199,21,28,3181,30,30,36,161,1232,24,20,37,30,30,372,45,212,16,22,3477,28,27,27,176,2097,29,34,40,45,44,404,73,1071,24,29,3903,34,34,36,1055,3158,31,32,45,39,44,521,125,1905,18,31,3474,34,39,39,2042,2447,26,22,37,39,33,452,65,846,21,24,3213,31,30,35,1162,1547,24,14,29,29,32,367,61,308,16,23,2085,26,25,23,257,1580,25,35,45,48,46,475,51,297,23,30,1930,39,34,49,210,1362,29,43,56,64,60,946,108,263,37,43,2981,38,44,59,253,1242,13,7,14,24,14,852,44,439,11,8,2302,7,11,13,136,1169,4,1,4,12,4,446,47,300,4,0,2925,2,4,4,112,1189,20,20,32,36,31,337,71,170,19,21,4477,28,27,37,134,1211,25,23,35,44,33,340,69,236,23,23,3080,28,26,36,179,1217,31,26,38,45,37,340,54,175,21,25,3739,31,33,40,157,1252,31,28,43,50,36,338,101,259,26,27,5160,39,35,42,191,1257,37,35,57,55,53,353,106,292,31,36,4111,39,43,45,180,vips
15299,10174,10220,10163,10000,10213,9679,9965,9962,10411,11703,13348,10263,10020,10319,10064,5598,1133,1204,1187,1115,1252,1040,1139,1116,1191,1951,2730,1164,1284,1194,1076,5557,1117,1114,1136,1098,1203,999,1088,1091,1148,1837,2869,1159,1098,1142,1093,5605,1112,1193,1143,1098,1263,1041,1126,1099,1188,2141,3013,1322,1166,1191,1125,5578,1167,1235,1210,1139,1338,1094,1375,1172,1241,1901,2793,1196,1179,1287,1120,5573,1117,1165,1167,1086,1278,1022,1149,1263,1222,1777,2675,1178,1128,1225,1101,5432,1084,1164,1132,1126,1210,1055,1129,1130,1147,1220,2040,1107,1107,1198,1182,5560,1151,1210,1132,1114,1358,1067,1156,1061,1184,1172,2040,1146,1138,1252,1113,5626,1268,1279,1273,1250,1333,1147,1226,1160,1307,1677,2624,1234,1256,1296,1290,5363,1024,1032,1044,1010,1134,912,982,947,1026,1132,2009,1020,1012,1098,958,5328,987,1003,982,968,1079,895,959,954,1039,1379,2419,974,995,1050,915,5522,1290,1201,1114,1103,1179,1056,1141,1056,1159,2439,3147,1136,1098,1194,1096,5664,1139,1224,1307,1120,1338,1080,1137,1104,1333,1681,2679,1167,1188,1228,1119,5458,1229,1210,1179,1323,1286,1034,1155,1063,1163,2001,2955,1134,1146,1221,1125,5633,1168,1196,1130,1198,1257,1052,1165,1128,1418,2762,3697,1294,1174,1259,1122,5672,1206,1238,1249,1224,1311,1160,1230,1261,1302,2463,3134,1228,1195,1274,1166,vips
23644,16269,16047,16360,16031,16361,16540,16064,16256,16714,18836,15898,16456,16338,16537,16609,9067,1873,1884,2189,1856,2023,2359,1845,2309,2154,2908,1906,2279,1825,2232,2365,9040,1893,1851,2205,1924,1987,2272,1843,2324,2113,2833,1909,2195,1846,2194,2416,8977,1915,1904,2148,1878,2045,2359,1841,2363,2129,3179,1874,2248,1881,2281,2385,9022,1918,1930,2185,1918,2128,2378,1892,2351,2182,2888,1891,2226,1878,2292,2342,9135,1965,1936,2238,1898,2069,2354,1933,2478,2272,2833,1902,2310,1923,2296,2379,9082,1925,1931,2201,1937,2082,2318,1897,2380,2204,1877,1872,2262,1850,2349,2467,8920,1867,1855,2089,1839,1978,2319,1769,2387,2170,1678,1815,2201,1848,2145,2247,9041,1985,1994,2308,2010,2227,2484,2001,2480,2315,2536,1942,2359,1954,2375,2661,9027,1904,1858,2141,1857,2038,2371,1857,2287,2149,1775,1857,2218,1869,2281,2341,8902,1835,1855,2144,1855,1975,2319,1821,2261,2130,2252,1851,2182,1834,2183,2288,8936,1862,1934,2230,1933,1998,2375,1871,2325,2212,3490,1900,2224,1870,2273,2370,9109,1946,1967,2264,1922,2095,2413,1901,2362,2264,2744,1881,2259,1914,2300,2396,8973,1899,1875,2157,1884,1991,2291,1878,2316,2140,3124,1879,2128,1861,2240,2368,9048,1881,1869,2109,1856,2020,2316,1823,2304,2232,4457,1818,2303,1861,2255,2298,9057,1886,1895,2143,1905,2040,2307,1843,2479,2178,3858,1862,2218,1869,2278,2406,vips
21367,14220,14022,12818,14096,14194,12345,14577,12847,14060,12642,13987,12952,14287,14160,13223,8262,2529,2497,614,2485,2201,646,2504,1104,2760,946,2715,900,2735,2375,650,8187,2517,2432,668,2645,2045,726,2477,809,2588,926,2995,994,2583,2324,667,8336,2623,2503,978,2669,2162,1358,2499,1237,2655,990,2661,1567,2655,2377,1186,8361,2609,3115,933,2493,2027,932,2518,915,2887,922,2711,1293,2789,2565,861,8476,2554,2555,985,2591,2283,743,2558,850,2919,934,2678,1383,2698,2666,709,8108,2536,2703,1724,2634,2107,712,2565,1120,2646,718,2577,1669,2627,2576,1041,8105,2430,2598,916,2371,1998,642,2390,627,2546,554,2510,981,2537,2299,613,8227,2614,2604,1219,2680,2108,1137,2605,770,2781,903,2675,1325,2730,2511,1421,8346,2686,2484,601,2559,2050,593,2529,610,2716,628,2635,838,2724,2402,576,7950,2441,2432,596,2387,1895,552,2395,556,2550,646,2524,941,2567,2291,649,8009,2439,2799,606,2407,1982,612,2367,574,2674,1033,2518,827,2641,2248,993,8316,2600,2609,1358,2674,2172,1341,2621,1051,2736,1021,2704,1016,2690,2473,1230,8171,2835,2535,656,2592,2051,860,2517,824,2856,1032,3141,895,2628,2331,957,8311,2616,2570,710,2620,2011,1043,2476,993,2815,1415,2645,1084,2820,2406,1048,8607,2635,2628,1293,2669,2150,1425,2690,1701,2805,1287,2792,1421,2704,2494,1185,vips
10065,7232,6987,5737,6931,7313,5519,8025,5496,6414,5450,8895,5626,7012,6910,5694,4237,1347,1450,152,1332,1622,117,1807,134,1254,104,2223,105,1662,996,134,4238,1411,1308,128,1258,1667,134,1699,149,1052,110,2277,134,1222,1039,122,4165,1321,2096,114,1268,1613,113,1665,124,1059,99,3452,107,1251,1062,119,4228,1528,2927,124,1436,1654,118,1911,134,1099,111,4193,130,1412,1204,124,4185,1291,1812,106,1234,1699,95,1909,108,1065,90,3060,94,1334,1094,98,3946,1136,1380,116,1185,2075,100,1739,115,1040,96,1850,103,1381,961,106,4127,1363,1347,93,1206,2235,105,1647,108,1075,92,1873,94,1418,967,103,4089,1352,1384,115,1239,1763,97,1614,122,1254,90,2097,117,1547,1204,127,4008,1397,1260,119,1476,1563,121,1616,129,1373,126,2097,116,1578,1099,115,4082,1306,1246,61,1457,1526,59,1719,59,1436,46,2073,66,1277,952,66,4183,1320,1441,141,1478,1657,133,1893,137,1548,125,2444,152,1439,978,139,4324,1508,1350,130,1306,1643,112,1961,130,1416,102,2185,112,1517,971,128,4334,1844,1400,132,1286,1627,129,2117,144,1333,121,2495,145,1523,971,130,4203,1884,1236,98,1193,1542,100,1911,113,1120,97,2732,95,1544,999,118,4101,1599,1230,113,1164,1580,97,1787,119,1129,89,2613,112,1381,1056,129,vips
2541,1207,1843,1325,2557,1881,1042,6490,1264,1997,1068,3473,1029,1853,1182,1366,836,45,219,32,491,305,24,1719,26,299,38,1186,33,194,69,49,945,59,244,215,971,759,47,2430,50,561,64,1351,45,628,74,45,948,22,418,7,703,421,9,1778,11,452,17,1537,10,387,22,11,1278,61,746,240,1053,927,62,3259,51,1002,80,1586,52,645,84,53,969,76,558,189,1140,399,56,2850,31,706,37,1504,42,408,69,36,657,21,183,7,372,218,5,1972,7,244,17,772,8,151,19,7,1115,54,573,201,1070,648,47,1763,38,622,54,897,50,445,62,45,841,27,257,11,505,286,10,1437,9,331,16,1116,5,249,21,9,940,62,433,209,997,577,50,1547,47,251,54,1057,42,485,87,65,746,23,277,8,522,298,6,1726,6,314,17,1022,5,313,30,14,780,54,261,80,798,350,32,1480,37,334,56,1431,39,239,73,56,686,26,183,7,439,239,8,2013,10,259,37,1102,4,203,21,8,994,57,537,183,823,466,54,2591,49,545,54,1366,38,188,84,51,757,23,225,19,506,237,14,2188,14,332,60,1724,14,198,23,24,950,26,287,12,645,351,9,2230,13,533,34,1686,8,252,25,13,vips
1205,774,646,704,654,749,621,6635,667,665,620,897,711,684,738,731,395,21,22,20,25,19,17,2785,18,13,19,122,42,20,14,19,335,34,21,27,33,24,23,3009,21,16,20,144,63,23,24,22,351,8,12,7,15,8,4,2579,4,8,5,127,34,6,8,5,344,28,26,23,25,24,19,3397,20,15,16,164,51,22,30,19,375,19,16,12,19,19,15,3222,7,9,14,153,53,16,13,10,312,6,8,3,14,6,2,2650,5,5,5,98,35,5,6,6,333,16,12,14,27,21,13,2489,11,11,13,175,40,15,12,10,335,5,11,4,20,4,1,2355,2,5,4,112,45,3,5,4,361,26,21,26,28,26,19,2063,17,15,18,125,47,22,22,19,313,6,11,2,18,6,3,2461,9,8,5,109,31,4,11,8,372,32,22,25,25,27,23,2268,17,13,14,126,45,21,25,21,335,7,18,8,17,13,5,2856,5,7,8,128,34,6,5,6,366,31,23,25,27,24,22,3058,16,19,21,145,52,27,22,18,370,11,18,14,21,17,15,3235,8,11,11,133,35,14,9,10,365,7,13,6,12,5,4,3151,5,5,7,135,35,5,5,5,vips
2280,1453,1348,1399,1386,1356,1650,4708,1349,1664,1486,1402,1412,1354,1383,1451,742,46,40,44,56,29,168,2289,38,190,137,55,46,35,44,37,711,65,45,51,72,43,253,2382,46,193,155,61,53,49,56,53,689,8,4,7,25,6,179,2288,4,161,114,15,7,5,6,8,720,55,52,48,63,37,204,2304,45,283,143,59,47,42,55,55,700,31,32,32,48,19,188,2356,34,176,148,45,31,19,29,32,670,15,15,11,34,16,119,2215,10,270,116,25,7,11,15,10,726,51,40,44,49,31,233,2291,32,178,221,45,41,20,31,29,661,6,1,6,18,7,155,2243,5,144,108,16,2,6,7,5,736,53,56,48,161,42,278,2261,47,179,139,61,48,34,53,57,658,4,5,8,25,9,228,2197,3,202,110,17,4,6,9,9,724,56,41,51,52,41,210,2281,41,212,163,56,55,42,58,54,693,5,1,3,15,7,167,2181,3,160,108,18,5,6,5,6,715,57,55,53,55,37,205,2285,51,174,164,71,58,43,56,55,691,19,15,14,24,10,168,2226,20,147,132,32,18,14,23,22,721,8,5,8,28,8,207,2418,2,218,131,14,7,5,9,10,vips
650,396,390,399,423,394,404,1852,397,391,395,389,394,412,412,417,207,7,13,9,9,13,12,1271,14,11,15,10,12,13,9,11,200,10,13,18,18,22,15,1348,20,12,18,16,15,16,16,18,195,0,0,0,0,1,2,1261,0,0,0,0,2,0,2,0,216,7,12,13,15,21,13,1292,16,12,19,14,11,14,14,16,198,6,10,7,7,15,9,1329,12,9,12,10,8,6,8,11,196,1,0,2,1,1,2,1312,1,1,0,1,0,0,1,0,203,3,10,7,10,9,7,1194,13,8,11,8,6,11,8,10,190,1,0,0,1,1,1,1165,0,0,0,0,1,0,1,0,201,6,13,9,10,15,12,1191,15,10,13,10,12,13,8,14,190,3,3,2,4,3,4,1222,2,6,3,3,3,5,4,3,200,7,13,11,18,17,17,1193,18,11,19,17,13,16,11,18,190,2,0,0,0,1,2,1200,1,2,1,1,1,1,4,0,212,8,14,8,15,16,14,1132,18,11,17,10,12,15,12,19,207,3,4,7,3,8,7,1163,6,3,5,4,6,1,2,3,202,0,1,0,0,1,1,1186,0,1,0,0,0,1,1,0,vips
184,63,18,53,45,57,29,8961,29,30,5,20,62,92,73,76,37,4,2,7,5,4,4,8762,3,4,3,1,3,6,5,5,12,4,1,2,3,3,0,8423,2,0,1,0,1,2,3,2,34,3,4,4,2,3,4,8423,0,3,0,1,3,2,3,4,26,3,0,5,4,2,0,8440,0,3,1,0,2,3,2,6,31,3,3,2,5,3,2,8437,2,1,1,2,3,5,2,6,19,3,1,2,2,0,1,8409,1,0,1,1,3,5,2,5,27,2,1,1,3,1,1,8576,0,2,1,1,2,1,2,3,16,2,0,3,1,4,2,8410,2,0,1,0,2,2,3,2,18,1,1,2,3,3,1,8415,2,2,0,1,3,3,4,2,8,3,1,2,2,3,2,8420,1,2,0,0,2,2,2,4,13,2,0,1,3,3,1,8436,1,0,0,2,3,3,4,3,35,4,2,2,3,4,2,8410,1,3,2,3,4,4,3,5,52,4,2,5,4,4,4,8443,3,4,1,2,3,8,7,6,46,6,5,6,7,3,3,8607,2,6,2,5,4,7,5,7,41,4,3,3,6,4,5,8450,3,4,3,2,4,6,6,6,vips
183,75,30,54,80,54,29,8699,33,31,6,21,67,120,121,85,44,6,5,3,4,5,6,8799,4,3,3,4,4,18,5,6,21,1,1,1,2,2,2,8624,1,1,0,2,3,15,5,4,27,6,1,5,7,2,0,8423,2,1,1,2,3,18,4,5,46,4,4,4,5,4,4,8442,4,2,3,3,5,30,10,4,34,4,1,2,4,3,0,8439,3,3,2,1,3,17,7,3,22,3,2,1,4,3,1,8403,1,3,1,2,2,17,10,2,21,1,1,2,2,1,1,8540,2,1,1,2,1,17,3,2,24,3,1,2,3,1,2,8413,0,3,0,2,4,13,3,5,22,4,1,1,1,2,2,8417,2,0,2,0,3,18,8,6,8,2,0,3,5,2,1,8415,1,0,0,1,3,16,3,3,18,3,2,3,2,2,2,8433,1,3,0,0,2,12,5,4,40,4,2,3,5,4,3,8423,4,1,1,2,5,22,11,4,48,5,3,3,5,4,3,8456,2,2,3,3,5,14,10,7,68,4,5,4,9,6,6,8548,5,4,5,4,6,52,22,6,49,5,4,3,4,2,2,8455,4,3,3,4,4,28,11,4,vips
162,52,21,50,48,60,16,8803,41,38,5,13,37,91,77,105,31,4,3,3,4,4,2,8501,3,5,2,2,4,4,8,7,13,2,1,2,2,1,1,8765,0,2,1,0,2,3,3,4,34,3,0,1,1,2,1,8435,3,3,3,1,2,3,6,4,32,3,2,2,3,4,3,8452,1,3,1,1,2,7,3,6,37,2,1,3,4,1,4,8470,3,1,2,3,3,5,4,7,10,1,0,3,1,2,0,8434,2,2,0,0,1,3,2,5,18,2,1,0,1,0,1,8562,0,1,1,0,2,3,2,3,23,2,2,2,2,3,1,8421,3,1,2,1,1,4,4,3,24,1,1,5,4,3,1,8442,2,2,0,2,1,4,3,3,8,2,1,1,1,2,0,8434,1,1,0,0,0,3,3,4,11,1,1,0,0,2,0,8478,1,0,1,1,3,3,2,5,23,2,3,4,1,1,1,8458,2,3,2,2,1,3,4,5,57,4,3,4,10,7,3,8472,6,5,2,5,10,5,12,13,45,3,4,5,5,6,4,8569,3,4,2,3,4,6,5,6,56,4,4,7,5,8,4,8429,4,6,3,4,5,6,5,10,vips
223,90,35,56,79,83,34,8661,40,54,10,17,59,88,113,108,60,5,4,7,5,5,5,8491,4,1,4,3,5,5,6,7,37,2,1,1,5,3,1,8517,3,2,1,2,2,3,5,3,46,2,3,5,4,4,4,8473,2,3,0,2,4,4,4,3,73,3,2,4,4,6,3,8487,4,4,3,3,3,3,8,3,61,4,3,3,5,5,1,8499,4,5,3,2,4,5,5,3,44,4,2,2,5,3,2,8448,3,1,1,1,3,4,3,4,29,0,1,0,4,1,1,8597,1,1,1,2,0,1,3,1,38,4,0,3,4,4,1,8459,1,4,1,0,3,3,4,5,46,4,2,1,5,3,3,8442,2,2,1,1,3,4,4,3,19,1,1,0,2,3,2,8461,1,0,0,0,1,1,1,2,22,2,0,2,4,2,1,8479,0,1,0,1,3,3,3,2,68,2,5,3,5,5,2,8488,3,3,1,2,1,1,0,3,63,4,4,3,10,3,4,8492,2,4,3,3,3,2,12,6,101,8,5,8,8,6,5,8584,5,6,3,4,3,4,6,6,93,5,6,4,6,4,4,8432,2,3,3,3,3,6,5,4,vips
207,67,23,59,78,101,23,8677,37,31,6,23,60,101,93,95,39,2,4,4,4,7,3,8475,4,6,2,3,3,6,6,6,15,3,2,4,0,4,1,8571,0,2,0,0,2,3,3,3,34,6,1,2,3,2,1,8499,4,3,2,3,3,4,4,7,42,3,4,5,3,4,3,8484,4,4,2,3,1,6,3,9,54,6,2,3,4,6,5,8497,3,3,2,3,3,4,7,7,14,3,1,3,2,2,1,8443,1,1,0,1,1,2,5,3,26,1,1,2,2,1,1,8636,1,1,1,0,2,4,2,5,24,1,2,2,3,4,2,8488,2,0,1,2,1,4,5,3,19,1,2,3,2,3,0,8441,1,2,1,2,2,3,5,3,8,3,0,3,2,3,0,8473,1,1,0,1,2,1,4,4,17,2,1,4,3,4,0,8484,2,1,1,0,2,3,4,3,34,4,1,4,3,3,2,8495,2,4,2,2,3,7,5,4,58,5,3,5,7,5,2,8506,4,3,1,2,5,7,6,4,52,3,5,4,5,8,3,8642,5,3,3,6,6,8,7,7,51,4,2,6,6,6,3,8460,6,3,3,3,5,4,8,8,vips
197,59,95,56,97,82,28,8669,32,46,9,20,55,91,122,110,35,4,15,6,8,5,4,8485,4,2,4,5,4,5,7,6,36,3,13,6,12,2,1,8449,2,1,3,4,9,8,14,15,34,2,17,3,5,4,3,8664,1,3,1,1,3,4,4,4,54,5,34,1,8,5,5,8470,2,2,4,2,6,6,6,3,49,3,16,4,5,6,1,8502,3,3,2,3,4,5,5,5,20,2,13,3,5,5,1,8452,2,2,1,1,1,3,4,4,18,2,12,1,2,1,1,8594,1,1,1,2,0,2,2,2,20,5,10,3,3,2,2,8509,1,3,0,1,2,3,4,4,28,5,16,3,5,4,2,8448,2,1,1,2,2,4,4,5,8,2,12,1,4,1,1,8480,1,1,0,0,2,4,1,3,13,3,10,0,3,2,2,8492,1,3,0,2,1,3,2,5,33,4,31,2,3,4,2,8496,1,2,0,0,2,2,5,3,52,4,16,5,5,5,5,8491,4,4,2,4,5,3,12,7,60,6,60,6,7,4,5,8606,4,4,4,3,4,5,7,5,59,7,38,6,7,5,4,8459,3,4,3,4,4,7,5,6,vips
210,66,54,61,72,76,24,8737,26,30,11,32,61,81,79,107,35,13,5,2,5,6,3,8516,3,4,2,3,5,5,4,6,37,11,2,2,5,4,2,8485,2,2,1,2,2,3,10,4,35,8,1,3,3,4,1,8522,3,3,2,2,3,3,4,7,40,8,5,5,3,4,2,8530,2,3,2,4,3,4,4,8,41,14,3,3,4,2,4,8516,3,3,1,3,3,4,6,5,15,9,1,3,4,1,1,8472,1,1,0,1,3,2,5,4,19,8,2,1,0,0,0,8640,1,0,1,0,1,4,3,2,18,7,2,2,2,3,1,8504,3,1,1,1,2,2,4,5,22,3,1,4,1,2,1,8475,2,3,1,0,1,3,4,3,10,6,1,2,2,2,0,8491,0,2,0,1,1,1,3,2,22,5,3,3,3,3,0,8506,0,0,1,0,2,3,5,4,36,4,3,2,4,2,2,8509,2,2,2,3,2,4,3,6,44,8,4,3,4,2,2,8506,3,3,4,2,3,2,5,5,44,5,4,4,5,5,3,8612,7,5,3,3,4,5,5,9,59,8,4,5,5,6,4,8467,6,3,3,5,5,5,8,8,vips
271,54,48,59,65,93,41,8692,22,40,9,16,55,92,80,115,32,2,4,4,4,2,4,8512,5,3,3,4,2,4,4,7,32,2,2,4,6,3,2,8469,1,1,1,1,2,4,5,4,36,2,3,6,5,5,4,8472,2,2,2,2,3,5,4,3,41,5,3,5,5,4,3,8488,3,2,3,1,4,5,6,4,56,5,5,5,5,8,3,8532,4,2,2,1,4,5,4,8,27,3,2,3,2,4,1,8502,0,2,1,1,3,5,2,5,20,1,1,0,3,1,2,8702,1,2,1,1,1,2,1,3,15,2,2,1,3,5,1,8555,0,1,0,0,2,2,2,4,23,2,2,2,3,5,2,8491,1,2,1,2,3,2,3,5,10,0,1,1,3,1,1,8486,0,1,0,0,1,2,3,4,12,2,1,2,1,2,2,8503,2,2,0,2,2,2,3,4,32,1,2,3,4,6,2,8545,2,2,1,1,3,4,5,4,53,3,3,4,5,6,5,8557,2,3,1,2,5,8,4,7,49,2,5,6,7,7,6,8642,3,4,5,3,5,5,7,6,62,4,4,3,6,7,4,8479,2,4,3,2,4,6,4,7,vips
0,0,0,0,0,0,0,0,0,0,0,0,0,0,0,0,0,0,0,0,0,0,0,0,0,0,0,0,0,0,0,0,0,0,0,0,0,0,0,0,0,0,0,0,0,0,0,0,0,0,0,0,0,0,0,0,0,0,0,0,0,0,0,0,0,0,0,0,0,0,0,0,0,0,0,0,0,0,0,0,0,0,0,0,0,0,0,0,0,0,0,0,0,0,0,0,0,0,0,0,0,0,0,0,0,0,0,0,0,0,0,0,0,0,0,0,0,0,0,0,0,0,0,0,0,0,0,0,0,0,0,0,0,0,0,0,0,0,0,0,0,0,0,0,0,0,0,0,0,0,0,0,0,0,0,0,0,0,0,0,0,0,0,0,0,0,0,0,0,0,0,0,0,0,0,0,0,0,0,0,0,0,0,0,0,0,0,0,0,0,0,0,0,0,0,0,0,0,0,0,0,0,0,0,0,0,0,0,0,0,0,0,0,0,0,0,0,0,0,0,0,0,0,0,0,0,0,0,0,0,0,0,0,0,0,0,0,0,0,0,0,0,0,0,0,0,0,0,0,0,0,0,0,0,0,0,vips
286,65,37,47,60,65,46,8750,38,62,8,19,56,114,71,92,41,4,2,5,6,7,4,8504,3,4,2,3,5,6,7,5,26,4,1,3,3,3,2,8493,1,2,1,2,3,3,6,5,30,3,3,2,4,3,3,8421,1,4,1,3,1,3,4,6,37,3,4,3,4,5,3,8491,2,3,1,3,4,4,6,4,37,3,2,3,5,2,2,8534,3,6,1,4,3,3,2,4,29,1,2,2,5,3,2,8491,3,3,1,1,2,3,4,3,31,1,2,2,3,2,2,8752,2,1,2,0,1,4,3,2,26,2,2,3,4,2,1,8606,4,1,0,2,3,5,2,4,40,4,2,3,4,3,3,8487,1,4,1,2,3,5,4,4,10,3,1,1,2,3,1,8515,1,1,0,0,1,3,1,2,17,2,1,3,4,2,1,8519,1,2,0,0,3,4,2,2,36,5,3,1,4,2,3,8516,2,3,1,2,3,6,3,3,64,3,4,4,6,5,2,8528,5,5,4,4,5,5,7,6,42,6,6,5,6,4,3,8716,2,6,2,5,5,8,5,6,53,5,4,7,5,4,4,8482,5,6,2,4,4,7,6,5,vips
270,62,29,64,69,81,36,8812,31,59,9,51,56,121,133,117,36,4,5,5,6,6,1,8555,2,4,4,16,5,4,6,7,21,0,2,1,1,2,0,8513,3,4,0,18,3,5,8,4,37,4,2,3,4,3,1,8433,4,2,1,16,4,6,5,6,42,4,2,5,4,3,3,8505,3,2,2,29,4,5,6,8,47,4,3,6,4,6,4,8526,2,2,2,19,4,6,7,8,24,2,1,1,3,4,2,8493,0,2,1,19,2,4,6,5,35,2,1,3,2,1,2,8660,1,1,1,18,3,3,5,4,22,4,0,2,2,2,2,8545,0,3,1,14,3,3,6,7,35,1,2,3,3,3,2,8480,2,2,2,17,5,4,6,6,11,2,1,1,3,1,1,8509,0,1,0,15,2,4,5,4,18,2,2,0,3,3,1,8517,0,1,0,10,7,2,6,8,35,2,2,4,5,4,2,8538,3,3,1,21,2,6,7,7,68,7,5,6,4,5,5,8532,2,4,2,13,5,7,6,7,74,5,3,5,7,7,5,8654,7,4,5,47,6,7,10,9,65,4,3,3,5,6,3,8473,4,4,4,26,6,6,8,8,vips
275,85,37,114,59,67,18,8806,27,56,8,19,48,108,102,98,49,4,2,15,2,5,5,8556,5,4,2,3,6,7,7,7,23,5,1,17,3,3,2,8497,1,2,1,1,3,3,5,3,47,3,2,15,12,6,3,8386,4,3,2,3,10,8,17,14,34,4,1,32,3,4,2,8495,2,4,1,3,3,5,6,4,40,5,2,12,1,4,3,8555,4,6,1,1,3,3,4,3,17,3,1,15,2,2,1,8494,2,1,1,0,3,2,0,3,30,1,1,11,2,1,1,8670,1,2,2,1,1,5,3,3,18,2,3,11,2,5,0,8543,1,1,0,0,0,4,3,1,35,4,2,15,1,5,1,8489,3,2,1,1,1,5,1,3,10,1,0,13,0,2,1,8530,0,1,0,0,2,2,3,3,16,3,1,22,8,2,0,8553,3,4,0,1,3,2,18,9,30,5,2,28,2,3,2,8554,1,3,2,1,3,5,3,2,62,4,5,21,5,3,2,8540,5,4,4,3,6,4,6,6,59,7,5,46,5,5,4,8680,3,5,4,5,5,6,4,7,53,7,4,42,5,5,2,8490,5,4,2,3,3,6,7,6,vips
256,74,54,64,84,108,32,8136,42,65,10,24,63,105,118,112,39,4,6,4,9,16,3,8556,3,4,4,4,4,5,6,5,32,1,3,2,5,14,2,8380,1,3,1,2,2,4,4,6,39,7,2,3,15,21,1,8477,2,4,1,2,3,4,20,8,49,2,4,5,6,27,3,8530,3,4,2,4,5,4,7,5,42,5,3,5,15,12,6,8565,1,1,3,4,6,6,11,13,19,3,2,2,3,17,1,8526,1,2,0,1,3,4,5,4,31,1,2,1,2,13,1,8724,2,1,1,1,2,2,4,3,23,2,0,2,3,12,2,8563,1,3,1,2,2,3,6,5,35,4,2,3,6,18,2,8528,2,3,2,2,3,3,7,5,9,3,1,1,2,13,1,8522,2,2,0,0,2,2,4,4,16,2,1,3,8,15,2,8611,3,2,0,1,3,3,11,4,33,2,2,2,6,32,1,8632,3,3,1,3,2,3,2,4,56,4,3,4,7,16,4,8638,2,4,2,3,4,4,5,6,64,1,5,5,9,47,4,8765,5,5,4,3,4,6,7,6,58,3,2,3,6,38,4,8556,3,4,3,3,5,7,6,8,vips
213,59,39,64,76,83,36,8801,45,55,7,25,36,132,75,108,36,3,2,5,2,6,4,8556,2,5,2,2,2,4,6,7,24,5,1,2,2,3,1,8612,2,2,0,1,1,4,3,3,43,2,2,4,4,7,3,8518,4,2,1,2,3,6,5,2,44,5,3,5,5,5,5,8499,2,3,1,1,3,8,3,5,54,5,8,5,12,7,2,8539,5,4,1,3,3,4,12,7,25,1,1,2,4,3,1,8491,4,2,1,1,2,4,3,3,36,3,1,1,4,2,2,8727,1,2,2,2,1,3,1,4,28,2,2,4,6,3,3,8538,1,2,1,2,4,4,2,5,36,1,3,5,5,2,2,8502,2,3,1,2,2,4,3,5,12,0,1,0,3,3,0,8525,0,1,0,1,1,4,2,2,20,3,2,1,5,5,1,8542,1,2,0,2,1,4,4,3,24,4,1,3,4,4,3,8531,1,2,2,1,2,5,3,4,74,4,4,7,6,8,4,8550,6,4,3,3,5,8,6,7,44,8,3,7,6,4,5,8756,6,6,2,4,4,6,7,8,61,5,6,6,7,8,5,8543,7,4,4,4,3,5,6,8,vips
163,45,20,62,31,47,41,8796,29,64,6,18,29,108,73,121,26,3,5,4,5,4,3,8553,4,3,1,3,5,5,3,6,17,1,1,2,3,0,3,8552,1,1,1,0,2,2,5,4,37,2,2,2,4,4,1,8701,2,5,3,1,2,6,6,6,19,2,1,3,3,4,1,8517,4,4,2,4,1,2,7,6,30,3,3,3,4,1,2,8554,1,3,3,2,2,4,8,6,27,2,2,2,1,3,2,8506,2,3,1,2,1,4,3,5,28,1,1,2,1,1,1,8706,1,3,1,1,1,5,3,4,22,0,1,2,1,3,1,8564,3,2,2,1,0,3,3,5,37,4,1,3,2,2,2,8495,3,2,2,1,3,5,5,5,6,2,0,3,0,2,1,8500,2,2,0,0,1,3,3,5,12,0,0,3,0,1,2,8565,2,2,1,0,1,3,1,5,21,1,1,2,1,1,1,8523,3,3,1,1,1,5,4,4,60,4,4,5,3,3,4,8535,2,4,3,4,5,5,5,6,44,1,4,4,4,7,5,8674,4,4,5,3,4,7,9,7,65,5,3,4,4,4,4,8494,3,5,4,3,5,8,6,7,vips
178,72,21,88,46,60,24,8845,27,52,6,25,33,117,78,97,45,4,3,4,4,5,3,8565,2,7,4,4,2,6,7,6,17,2,1,4,1,4,0,8523,1,3,0,2,1,4,2,5,50,7,3,6,3,2,4,8731,3,3,2,4,3,3,6,5,31,4,4,4,4,2,2,8544,1,2,1,2,3,5,1,3,38,4,0,6,2,6,4,8583,4,2,2,1,2,6,5,4,17,4,1,3,3,1,1,8525,2,2,1,1,3,3,2,2,23,2,1,1,1,1,1,8734,1,2,2,1,2,2,0,2,16,4,1,3,3,2,2,8549,2,2,0,2,2,3,5,3,31,4,2,3,2,3,3,8534,1,3,1,3,2,4,2,3,8,2,0,3,2,1,1,8561,0,1,0,0,1,3,1,2,19,2,1,4,2,3,1,8621,2,2,0,3,2,3,3,3,21,2,3,2,3,3,2,8552,1,1,1,1,1,4,3,4,66,5,2,4,4,4,3,8538,3,4,3,3,4,7,4,5,46,5,6,5,5,5,3,8681,3,5,2,4,6,5,5,6,53,5,4,6,5,5,3,8532,5,4,3,5,4,5,5,7,vips
223,86,17,84,55,57,23,8766,37,53,6,18,20,105,101,106,47,4,4,9,3,5,3,8562,5,3,3,4,5,5,8,5,11,2,0,3,2,1,0,8509,2,1,0,0,1,3,3,4,47,2,2,5,4,6,2,8805,3,2,3,2,3,6,5,6,31,4,0,3,3,3,2,8584,4,3,1,2,0,4,9,5,35,3,3,2,4,4,1,8595,2,4,2,4,1,3,5,6,17,1,1,3,1,4,2,8524,0,1,0,1,0,4,5,5,20,1,2,1,1,1,1,8722,1,1,0,2,0,1,3,3,26,2,2,3,2,1,2,8506,2,1,1,1,1,5,2,6,33,3,3,2,3,3,2,8517,2,3,1,2,2,3,6,4,9,2,1,2,1,2,1,8525,2,2,0,1,0,2,3,4,14,4,1,1,3,1,1,8555,0,1,1,0,2,2,5,4,17,4,0,3,1,2,2,8552,1,2,0,2,0,4,3,4,59,4,3,5,6,4,3,8555,5,4,3,2,4,4,7,6,58,8,4,7,7,7,5,8694,6,7,4,5,3,8,9,9,59,5,3,5,4,6,2,8507,5,4,3,4,4,5,8,6,vips
200,84,28,73,50,61,16,8794,25,58,6,16,24,120,86,95,47,4,4,2,8,6,4,8558,3,5,4,2,4,6,5,5,20,4,2,0,3,4,2,8504,1,2,1,1,2,3,5,3,43,5,4,5,5,2,3,8510,1,3,2,2,3,4,6,2,31,4,4,5,5,5,2,8746,1,3,2,4,5,5,4,5,36,5,2,6,4,3,3,8620,3,2,1,1,2,6,8,4,12,3,0,2,2,1,0,8505,1,3,1,0,1,3,3,2,13,0,0,0,2,0,1,8786,0,1,2,0,1,3,1,2,17,4,1,3,1,5,0,8521,1,3,1,2,1,3,3,3,36,4,1,5,5,4,2,8522,2,2,2,2,1,4,5,5,8,2,0,2,1,1,0,8531,0,1,0,1,1,4,3,3,14,1,1,3,3,2,0,8544,1,3,1,0,0,4,3,2,15,3,0,4,2,1,0,8533,2,2,1,1,0,5,4,4,66,5,4,6,5,4,4,8519,3,4,3,4,5,6,6,6,50,3,4,6,7,5,4,8739,2,5,3,5,5,7,5,4,53,5,5,4,5,4,4,8526,3,5,3,2,4,7,3,8,vips
218,70,27,57,70,67,30,8759,58,62,11,20,54,108,118,84,42,4,4,4,5,4,3,8548,16,5,2,2,5,6,6,7,20,2,2,3,4,1,0,8506,17,2,0,2,2,3,5,4,37,3,0,2,2,4,1,8516,17,5,1,3,3,6,7,8,44,4,2,3,3,3,1,8845,33,3,2,2,1,6,4,6,38,4,4,2,5,2,2,8548,22,4,1,1,4,4,13,6,25,3,2,2,3,3,2,8504,19,1,0,2,2,4,5,3,23,1,1,2,1,2,1,8756,14,0,0,1,2,3,4,3,22,2,1,1,5,1,1,8532,9,5,1,2,3,4,5,6,38,3,1,3,3,3,2,8510,16,4,1,2,4,3,5,5,11,1,0,2,2,2,1,8528,12,1,0,0,2,2,2,2,17,2,1,2,2,2,1,8537,12,2,0,0,2,2,6,4,33,2,3,1,4,4,2,8546,28,2,1,2,4,5,5,5,63,4,3,4,4,7,4,8517,13,4,3,2,4,6,5,4,65,6,5,7,5,7,3,8688,54,5,4,3,5,5,9,5,50,3,4,4,4,6,3,8534,27,6,3,2,5,4,5,4,vips
0,0,0,0,0,0,0,0,0,0,0,0,0,0,0,0,0,0,0,0,0,0,0,0,0,0,0,0,0,0,0,0,0,0,0,0,0,0,0,0,0,0,0,0,0,0,0,0,0,0,0,0,0,0,0,0,0,0,0,0,0,0,0,0,0,0,0,0,0,0,0,0,0,0,0,0,0,0,0,0,0,0,0,0,0,0,0,0,0,0,0,0,0,0,0,0,0,0,0,0,0,0,0,0,0,0,0,0,0,0,0,0,0,0,0,0,0,0,0,0,0,0,0,0,0,0,0,0,0,0,0,0,0,0,0,0,0,0,0,0,0,0,0,0,0,0,0,0,0,0,0,0,0,0,0,0,0,0,0,0,0,0,0,0,0,0,0,0,0,0,0,0,0,0,0,0,0,0,0,0,0,0,0,0,0,0,0,0,0,0,0,0,0,0,0,0,0,0,0,0,0,0,0,0,0,0,0,0,0,0,0,0,0,0,0,0,0,0,0,0,0,0,0,0,0,0,0,0,0,0,0,0,0,0,0,0,0,0,0,0,0,0,0,0,0,0,0,0,0,0,0,0,0,0,0,0,vips
220,104,53,71,59,89,30,8948,51,72,20,53,72,135,85,112,50,3,3,7,6,7,4,7943,6,4,4,5,5,4,5,5,19,3,1,1,4,4,2,7940,1,2,1,0,4,4,5,3,24,4,2,2,4,4,4,7950,2,3,2,1,0,3,7,3,26,4,1,3,3,5,3,8074,3,4,1,2,4,4,4,4,45,3,2,4,6,6,2,8644,1,3,2,4,4,8,6,4,12,3,0,3,2,2,0,8561,3,3,1,1,2,3,1,4,17,1,1,1,2,1,0,8830,1,1,2,1,0,1,2,2,23,3,3,3,13,5,5,8642,0,2,0,1,5,2,8,7,34,4,3,1,3,2,2,8594,2,2,2,1,1,5,3,5,8,3,1,2,1,2,0,8638,0,2,0,1,1,2,4,3,18,3,2,1,1,4,1,8665,2,2,1,1,2,4,2,4,30,4,2,3,3,3,0,8646,4,2,2,2,2,6,3,4,61,5,3,3,6,6,2,8592,3,3,2,3,6,4,4,7,37,5,4,3,4,6,5,8753,6,5,3,3,5,6,6,7,51,6,1,4,6,4,4,8609,3,4,2,6,4,7,6,8,vips
1524,1119,1047,1228,1109,1168,992,5996,1017,1400,1105,1042,4013,2030,1223,1311,158,11,13,50,45,44,8,4129,27,229,61,42,1534,490,68,51,127,7,3,46,39,63,3,3760,36,222,56,38,1685,483,59,50,174,10,5,44,41,48,6,3085,25,230,59,35,1521,486,69,55,140,10,7,60,35,57,3,3391,30,312,72,43,1779,673,89,59,158,11,6,56,46,54,6,3713,38,309,66,40,1805,610,87,61,90,7,9,43,32,40,4,3225,27,211,50,31,1249,450,71,46,246,104,80,172,190,179,52,3171,157,409,267,142,1998,747,276,209,107,8,2,58,43,55,4,3216,34,222,64,53,1377,481,93,70,98,17,14,47,48,49,5,3082,35,190,53,36,1375,510,62,53,87,9,3,51,41,52,7,3742,25,231,62,56,1446,532,70,56,88,11,3,52,38,45,3,2981,23,195,53,36,1264,471,57,56,105,41,32,74,71,75,20,4044,65,326,58,52,1411,656,105,85,157,28,22,81,70,63,17,3553,45,396,71,54,1701,535,94,76,178,8,8,68,50,56,12,3315,33,216,53,38,1387,519,74,68,231,11,9,72,55,59,7,3514,30,262,67,51,1511,519,99,59,vips
5028,2079,2060,2113,2133,2041,3796,4320,5352,5548,1941,2376,4198,4298,4895,2059,664,93,84,50,62,47,1011,2135,1923,1808,68,329,1646,1309,1509,47,648,103,55,61,46,40,1153,2019,2530,2266,55,347,1699,1498,1748,34,730,99,80,44,60,43,1162,1628,2180,1953,68,341,1510,1345,1567,45,742,112,111,77,58,47,1649,1871,3000,2623,90,534,1727,1799,2190,88,676,98,86,51,60,38,1548,1912,3246,2700,74,389,1875,1616,1812,49,591,111,127,71,113,54,909,1617,2106,1896,68,347,1352,1345,1323,53,667,202,234,168,189,132,1203,1551,2246,2007,206,422,1397,1437,1569,182,594,158,167,91,199,93,1400,1985,2239,2521,82,496,1818,1679,1905,89,573,145,101,69,132,139,1102,1741,2445,1821,111,410,1653,1634,1661,79,556,65,72,46,50,58,1144,1905,2127,2521,42,326,1795,1749,1581,42,533,83,67,43,75,28,1008,1476,2096,2161,57,283,1572,1442,1331,57,629,225,101,62,111,71,1171,1842,2288,2317,80,473,1643,1487,1785,79,603,143,118,77,138,92,1395,1939,2643,2534,69,421,1767,1388,1971,67,694,156,121,104,139,99,1349,1859,2692,2543,166,556,1904,1751,1639,134,700,80,103,74,91,39,1256,1709,2167,2359,104,492,1651,1489,1740,68,vips
1989,1391,1245,1326,1925,1327,2188,1315,2951,3125,1206,2659,2369,2144,2095,2355,625,26,20,20,269,23,495,47,929,997,18,744,617,593,451,595,557,26,7,9,270,9,568,32,1151,1088,5,810,788,623,513,631,600,26,8,11,273,17,554,40,1010,1087,8,746,662,561,410,597,625,54,18,25,480,24,844,50,1507,1388,21,1174,853,701,646,924,589,16,8,7,336,16,697,30,1450,1391,7,1099,782,657,494,781,547,53,38,18,314,24,420,22,957,1019,12,764,563,571,432,589,602,38,32,49,291,44,494,59,818,952,47,717,537,507,375,537,597,72,51,27,479,40,699,39,1112,1383,31,1084,828,687,554,774,584,85,24,22,414,58,568,33,1196,979,35,867,694,611,441,672,530,17,11,14,288,16,552,31,1105,1368,9,868,605,765,566,560,550,64,29,19,352,29,549,34,1155,1206,13,734,575,643,603,663,549,68,36,28,412,33,626,38,1217,1246,13,932,549,669,538,718,546,38,19,10,353,26,632,21,1082,1171,11,909,717,487,501,694,537,56,14,13,442,23,572,50,1059,1165,22,874,644,681,512,725,586,75,45,17,539,22,720,46,1081,1292,15,994,704,718,510,714,vips
6947,3317,5518,5282,5953,3631,4468,3056,6023,6124,3893,4764,4568,5288,5091,5112,2344,29,1166,998,1261,208,741,18,1474,1732,371,834,752,1127,1111,926,2476,80,1300,1197,1648,270,961,17,2132,2029,491,1229,1027,1611,1350,1256,2522,73,1436,977,1371,258,957,23,1948,1983,559,907,724,1453,1203,1169,3007,85,1999,1640,1838,321,1261,30,2372,2218,752,1556,1134,1783,1494,1629,2560,31,1560,1365,1555,199,1140,15,2272,2215,598,1176,925,1481,1269,1349,2138,58,1134,941,1084,204,730,30,1424,1695,481,757,675,1099,1010,847,2170,101,1177,925,1024,241,773,109,1387,1588,536,832,665,1034,975,841,2481,95,1628,1167,1649,227,937,21,1773,2210,529,1297,903,1590,1273,1291,2217,96,1268,983,1291,247,775,32,1670,1713,508,1005,777,1321,1090,1021,2283,41,1406,1096,1393,205,1022,18,2003,2610,437,1122,933,1521,1366,1005,2299,83,1360,1063,1230,212,1004,56,2053,2177,428,1004,1033,1183,1310,1033,2392,81,1385,1229,1264,238,917,25,1769,2249,500,982,743,1337,1174,1159,2512,90,1548,1396,1611,309,913,20,1884,2016,567,1082,823,1197,1209,1256,2553,69,1566,1185,1434,311,935,18,1777,2036,564,1042,785,1342,1207,1062,2668,82,1777,1432,1556,292,995,15,1798,2233,622,1116,919,1426,1286,1113,vips
8623,3961,5073,5530,5362,6313,5489,3569,6491,6758,5652,4827,5678,5296,5807,5002,2901,35,651,857,702,1122,1079,27,1764,1718,866,849,1224,746,902,759,3012,70,727,1013,845,1419,1335,24,2392,2038,1069,846,1541,961,1214,871,3049,90,705,804,688,1275,1325,27,2198,2073,1126,882,1254,781,1055,813,3356,65,940,1237,992,1663,1596,22,2362,2213,1552,1136,1480,972,1394,954,3487,94,883,1152,948,1635,1522,22,2562,2390,1355,1092,1560,881,1136,891,2767,106,718,719,805,1084,940,37,1953,1796,1003,732,1305,740,822,781,2718,110,620,702,607,1152,1001,109,1626,1611,1005,752,1150,712,815,719,3180,80,944,1096,841,1344,1456,31,2021,2240,1287,935,1456,927,1179,846,2849,120,712,907,780,1203,1128,45,1923,1598,1141,760,1317,813,980,801,3059,78,947,1110,1090,1301,1346,32,2165,2513,981,1014,1512,1015,1110,914,2762,74,816,925,836,1119,983,55,1797,1726,872,959,1479,990,871,942,2942,85,800,1024,747,1140,1131,50,2010,2046,992,833,1301,848,984,824,3015,72,740,998,751,1218,1247,24,1882,1856,1045,682,1359,776,1012,780,3112,92,892,889,879,1336,1292,27,2144,2175,1074,913,1378,956,968,882,3113,66,813,918,759,1243,1250,20,1874,2081,1106,861,1418,872,1079,794,vips
9701,4643,5696,5659,6030,6014,5506,3953,7185,7372,5520,5864,6391,5673,5937,6155,2967,64,884,830,1045,726,759,22,1953,1959,657,1157,1459,776,755,1161,3137,162,937,921,1159,1175,969,49,2676,2310,827,1403,1772,997,979,1355,2933,149,905,808,1064,871,973,46,2282,2159,791,1290,1477,762,748,1223,3233,171,1073,1133,1262,1209,1264,52,2722,2498,1149,1798,1752,1066,1071,1372,3192,207,1130,1150,1230,1050,1132,59,2933,2582,1110,1607,1823,948,914,1480,2625,161,858,836,970,795,712,60,2038,1850,852,1073,1454,786,759,952,2649,132,787,693,862,730,768,65,1642,1687,821,984,1303,666,664,918,2986,186,1234,908,1335,1235,1222,57,2315,2665,1026,1753,1735,978,888,1422,2721,204,970,803,1122,909,842,73,2307,1822,782,1223,1629,901,756,1267,2961,151,1161,1025,1332,1148,987,51,2203,2516,946,1424,1789,1063,994,1250,3009,182,1116,1101,1268,1271,839,86,2270,2227,1152,1013,1820,1203,1124,1237,2909,272,964,843,1107,886,827,55,2120,2212,830,1258,1561,868,870,1233,2982,161,841,730,984,825,888,42,2217,2271,771,1371,1621,806,767,1217,3099,170,1064,863,1134,911,904,51,2187,2219,855,1252,1538,910,778,1247,3242,168,1027,972,1171,981,972,48,2214,2618,950,1441,1631,1002,964,1165,vips
8056,3930,5383,5401,5608,4917,4595,3379,5863,5728,4857,4856,4688,5712,5165,5238,2843,40,950,1060,984,784,666,21,1421,1237,912,803,779,1561,942,931,2904,117,1079,1377,1276,1049,849,30,2065,1574,1139,1022,1125,1741,1194,1232,2764,101,1136,1074,1100,954,780,30,1700,1334,1129,884,928,1758,930,1063,2949,101,1485,1560,1331,1103,1131,30,2083,1608,1184,1271,1056,1836,1172,1405,2920,105,1173,1387,1116,965,905,34,1978,1562,1259,1051,1068,1899,1071,1279,2427,93,886,920,798,684,685,28,1310,1181,960,734,792,1670,891,837,2392,48,802,844,635,694,626,31,1142,1081,938,684,656,1572,795,739,2709,105,1406,1295,1295,952,786,37,1515,1514,1208,1166,988,1614,1069,1222,2524,105,1020,1016,912,737,654,36,1419,1255,875,762,932,1651,865,864,2722,82,1109,1232,1160,934,918,31,1605,1766,1055,965,1006,2035,1105,946,2655,94,913,1064,854,929,923,48,1667,1658,1037,847,993,1940,1216,997,2617,83,1010,1254,926,799,753,34,1464,1468,945,851,831,1620,968,967,2577,67,1072,1167,1013,653,720,26,1582,1441,906,947,914,1747,1064,1023,2822,85,1203,1126,951,845,814,31,1607,1477,1030,983,916,1736,1038,988,2930,114,1395,1316,1259,945,955,35,1693,1882,1044,1158,927,1901,1085,1004,vips
10910,5423,7149,7224,7154,7945,8009,4950,8038,8107,7652,6482,7020,6867,8180,6906,3841,27,1025,991,949,1428,2083,25,1633,1862,1177,953,831,1020,2095,978,4161,93,1123,1230,1092,1945,2345,50,2272,2029,1442,1026,1144,1232,2261,1199,3896,96,1060,948,955,1627,2124,34,1859,1856,1401,898,879,1131,2177,987,4253,88,1237,1364,1169,1831,2605,39,2111,2028,1850,1285,1049,1369,2322,1187,4308,155,1338,1445,1287,1813,2736,61,2611,2415,1962,1247,1204,1356,2362,1305,3593,81,939,913,862,1259,2172,49,1672,1963,1212,854,843,1067,2140,875,3427,26,897,828,729,1184,2060,30,1422,1627,1186,813,914,977,1994,810,4166,92,1345,1120,1008,2081,2306,51,1885,1915,1684,981,1584,1147,2272,1064,3561,108,947,940,878,1427,2127,56,1676,1684,1121,856,838,1099,1974,921,3909,143,1271,1288,1274,1854,2424,58,2137,2445,1181,1187,1137,1366,2530,1220,3453,97,1135,1146,1131,1194,2374,57,2031,2270,1031,1174,1060,1240,2465,1218,3846,127,1071,1133,984,1396,2237,55,1959,2182,1215,975,882,1190,2269,1047,3799,65,1124,1097,961,1421,2187,30,1865,1953,1328,960,932,1136,2268,982,3919,72,1226,1049,953,1458,2321,34,1967,2128,1336,997,913,1135,2235,1122,4196,77,1264,1186,1035,1470,2426,34,2033,2485,1472,1102,959,1102,2230,1148,vips
19088,9688,12695,12907,12281,12902,11459,9892,12792,12896,12582,11931,12208,11285,11508,12042,7144,45,2318,2601,2110,2343,1367,416,2833,2882,2259,2110,1574,1546,1336,1894,7423,169,2320,2847,2227,2514,1676,489,3094,3012,2505,2235,1846,1710,1593,2083,7203,177,2481,2552,2192,2369,1523,502,2977,2943,2367,2064,1675,1610,1434,1926,7107,178,2392,2611,2216,2350,1621,515,2974,3006,2449,2348,1749,1551,1474,1895,7425,181,2436,2836,2282,2521,1652,501,3136,3162,2549,2454,1821,1708,1448,1958,7023,150,2266,2619,2172,2329,1491,446,2840,2914,2415,2244,1452,1509,1279,1737,6977,101,2265,2435,2187,2361,1453,454,2810,2830,2372,2098,1573,1687,1964,1765,6984,174,2314,2647,2147,2349,1524,478,2752,3052,2377,2158,2128,2061,1872,1773,6802,197,2288,2491,2159,2287,1411,497,3055,2934,2296,2573,1609,1644,1417,1943,7214,201,2308,2607,2199,2348,1504,510,2936,3034,2299,2147,1610,1664,1458,1820,7003,191,2373,2662,2252,2466,1459,525,3086,3530,2400,2153,1494,1630,1433,2177,7029,233,2358,2737,2246,2424,1520,582,3022,3149,2343,2104,1572,1816,1503,1857,7037,148,2444,2660,2211,2363,1546,532,2962,3033,2396,2189,1941,1595,1523,1932,7277,125,2370,2575,2168,2356,1581,577,2882,2990,2389,2177,1687,1616,1421,1854,7481,164,2431,2749,2285,2366,1486,629,3066,3155,2528,2467,1795,1596,1378,1807,vips
0,0,0,0,0,0,0,0,0,0,0,0,0,0,0,0,0,0,0,0,0,0,0,0,0,0,0,0,0,0,0,0,0,0,0,0,0,0,0,0,0,0,0,0,0,0,0,0,0,0,0,0,0,0,0,0,0,0,0,0,0,0,0,0,0,0,0,0,0,0,0,0,0,0,0,0,0,0,0,0,0,0,0,0,0,0,0,0,0,0,0,0,0,0,0,0,0,0,0,0,0,0,0,0,0,0,0,0,0,0,0,0,0,0,0,0,0,0,0,0,0,0,0,0,0,0,0,0,0,0,0,0,0,0,0,0,0,0,0,0,0,0,0,0,0,0,0,0,0,0,0,0,0,0,0,0,0,0,0,0,0,0,0,0,0,0,0,0,0,0,0,0,0,0,0,0,0,0,0,0,0,0,0,0,0,0,0,0,0,0,0,0,0,0,0,0,0,0,0,0,0,0,0,0,0,0,0,0,0,0,0,0,0,0,0,0,0,0,0,0,0,0,0,0,0,0,0,0,0,0,0,0,0,0,0,0,0,0,0,0,0,0,0,0,0,0,0,0,0,0,0,0,0,0,0,0,vips
17108,9544,11696,11550,11937,11479,11490,11619,11827,11097,11050,11135,11988,12633,11992,11396,5961,26,1570,1435,1945,1375,2038,1427,1848,1594,1257,1617,1700,2893,2122,1651,6204,190,1852,1971,2366,1737,2168,1686,2467,1864,1616,1787,2103,3142,2259,1917,6114,193,1977,1550,2079,1594,2229,1633,2126,1726,1496,1747,1876,3156,2221,1930,6222,130,1869,1565,1919,1614,2225,1842,2251,1725,1717,2726,2084,3204,2230,1888,6339,205,2018,1720,1972,1683,2263,1789,2458,1902,1726,3818,2127,3210,2176,2115,5708,83,1801,1462,1993,1326,2104,1382,2529,1670,1419,3062,1604,2852,1910,1567,5824,132,1827,1673,2014,1431,2335,1333,2739,2023,1376,2671,1597,2987,1987,1569,5923,154,2300,1802,2194,1507,2474,1493,2140,2054,1484,2068,1989,3340,2225,1852,5817,171,2074,1379,1918,1411,2087,1486,1997,1685,1343,1596,1788,3032,2043,2170,5984,171,1969,1496,2051,1490,2194,1692,2179,1798,1423,1732,1829,3179,2309,1746,5905,140,1714,1506,1985,1484,1973,1585,2109,1724,1425,1703,1613,2938,2109,1940,5950,150,1668,1522,1997,1448,2189,1525,2062,1818,1329,1687,1703,3096,2247,1910,6017,97,1683,1432,1917,1478,2066,1644,2193,1638,1487,1669,1807,3022,2068,1966,6063,83,1668,1361,1946,1436,2100,1589,2040,1629,1369,1645,1832,3022,2122,1750,6130,142,1693,1518,2049,1459,2076,1644,2065,1750,1327,1877,1817,3054,2176,1662,vips
11001,6114,7209,7328,7505,7516,8450,7137,7965,6975,6988,7148,6887,7154,8221,7278,3831,21,676,758,1118,806,2645,821,1656,954,783,1030,695,1172,2328,1010,4000,126,785,947,1152,1162,2690,993,2088,1095,1008,1075,873,1271,2374,1099,4055,117,887,833,1150,987,2753,1007,1912,1083,938,1126,755,1288,2355,1141,4043,84,869,996,1082,1005,2851,1066,1952,1090,1071,1161,810,1260,2386,1108,4138,114,928,1006,1136,1060,2791,1058,2112,1196,996,1156,891,1300,2377,1212,3638,56,601,709,881,747,2640,734,1659,876,841,931,631,1172,2371,851,3820,71,685,755,941,1048,2664,1130,1662,850,1165,950,596,1594,2275,889,3926,85,935,901,1185,1251,2777,1385,1771,1051,1273,1131,766,1585,2294,1138,3673,105,720,790,1038,833,2564,813,1775,946,748,1011,743,1220,2227,1051,3774,89,860,911,1187,960,2766,938,1881,1096,757,1120,846,1231,2321,1042,3722,94,746,931,975,855,2608,896,1840,1026,771,985,832,1161,2252,984,3700,77,785,887,1082,859,2630,808,1808,1086,796,1041,737,1230,2361,1056,3840,100,833,911,1069,905,2699,1024,1833,985,905,1035,793,1200,2352,1008,3794,52,810,826,1069,893,2627,854,1841,1034,802,1089,779,1132,2263,1011,4014,100,923,1011,1195,940,2671,1002,1846,1232,892,1237,877,1186,2270,1065,vips
10581,6175,6605,6864,8201,7181,7064,7053,9516,7798,6804,7707,7540,7179,7283,7872,3459,19,473,520,2074,460,638,579,2964,1890,439,1884,1315,563,811,1946,3423,82,464,557,2168,611,766,616,3300,1955,521,1923,1449,733,884,1897,3518,110,492,526,2230,585,833,713,3249,1957,554,2023,1422,783,882,1993,3615,67,460,591,2225,623,945,761,3285,1964,613,2050,1405,825,1012,2056,3671,137,574,710,2270,665,987,768,3522,2026,662,2009,1598,880,934,2058,3299,138,418,479,2235,467,798,574,3155,1920,508,1962,1518,682,1020,1981,3356,93,400,486,2253,521,1054,515,2996,1895,453,1984,1250,697,1002,1956,3505,116,552,567,2242,677,1101,762,3179,2040,527,1973,1366,948,1081,1988,3383,121,444,501,2263,472,723,607,3081,1993,487,2115,1477,703,797,2489,3550,134,634,660,2315,814,835,705,3281,2051,605,2000,1546,961,922,2034,3418,117,473,578,2299,608,688,590,3150,2034,555,1981,1454,652,781,2488,3429,63,465,534,2160,537,733,608,3085,2023,492,1998,1379,738,836,1941,3591,172,456,548,2258,665,912,789,3322,2020,674,1973,1507,793,1048,1965,3554,145,529,597,2218,633,900,719,3278,1935,640,1976,1497,902,946,2027,3578,126,555,641,2250,625,851,687,3156,2286,583,2600,1444,806,965,1974,vips
9873,5502,6413,6726,7065,6409,6034,6159,7077,6671,5833,6682,6209,6092,6253,6900,3421,16,713,973,1305,625,635,641,1590,1224,566,1309,776,537,558,1331,3290,77,691,1206,1403,671,684,589,1882,1367,560,1301,860,573,615,1358,3415,104,919,938,1567,800,757,724,1993,1383,677,1427,891,663,670,1497,3344,140,953,1265,1556,659,753,664,2049,1528,640,1666,917,617,600,1571,3464,100,822,1312,1487,652,761,692,2103,1494,693,1512,897,610,593,1514,3069,92,704,834,1865,509,572,519,1700,1362,564,1525,788,485,661,1391,3148,88,686,888,1907,637,565,546,1999,1410,568,1299,745,595,472,1455,3266,118,945,1433,1760,732,734,707,2265,1692,666,1612,857,612,566,1631,3148,121,765,934,1439,607,643,606,1655,1375,544,1382,855,584,531,1509,3220,78,749,951,1440,708,729,703,1719,1452,650,1330,827,717,669,1386,3144,123,751,809,1478,627,682,649,1666,1389,558,1345,918,638,623,1447,3187,88,778,1110,1373,656,670,660,1696,1386,553,1354,818,584,505,1394,3198,111,818,1189,1421,521,693,566,1786,1366,503,1349,882,446,550,1408,3424,89,826,1077,1371,648,753,598,1688,1386,632,1362,817,551,591,1392,3410,140,899,1091,1462,698,726,687,1731,1548,634,1405,918,640,661,1431,vips
11135,5518,6803,6737,6632,7250,6412,6437,7502,6088,6580,6028,6291,7057,7002,6470,3802,14,858,923,838,1155,1046,1133,1700,748,1083,795,1199,1127,1166,750,3862,106,952,1032,925,1487,1176,1042,2091,939,1200,800,1346,1367,1307,778,3689,89,979,865,838,1235,1211,1139,2004,800,1178,849,1241,1268,1238,814,4084,206,1266,1323,1075,1561,1600,1459,2383,1139,1634,1372,1461,1631,1587,1174,4042,150,1096,1159,906,1378,1434,1267,2573,1021,1440,954,1351,1486,1308,907,3304,99,822,796,653,1005,990,937,1671,668,1235,607,1192,1122,1093,595,3253,95,781,721,601,1077,985,856,1733,633,1090,642,1283,1036,997,619,3838,162,1322,976,1016,1516,1338,1297,2249,922,1587,972,1645,1620,1372,1028,3388,178,896,884,823,1234,1097,1025,1916,771,1135,921,1407,1392,1058,797,3565,112,1100,1074,1131,1297,1325,1216,2154,1168,1128,1062,1356,1614,1404,927,3386,145,1114,1108,942,1193,1054,1076,2041,1103,1172,1001,1329,1261,1172,943,3486,107,961,994,819,1143,1160,1080,1944,932,1118,838,1276,1252,1184,831,3801,130,1030,1041,960,1251,1266,1155,2167,904,1331,824,1316,1225,1266,894,3792,109,1078,978,889,1220,1349,1090,1992,857,1247,893,1310,1364,1161,831,3992,164,1178,1108,960,1266,1262,1171,1975,1118,1259,1052,1354,1321,1260,852,vips
14353,7481,8978,9445,9471,9342,8671,8498,9268,8778,8447,8525,8407,8630,9031,9220,4712,22,1154,1525,1523,1123,1115,1173,1695,1325,1068,1305,1265,1124,1150,1407,4624,116,1062,1518,1510,1215,1142,1010,1845,1480,1109,1212,1436,1122,1163,1393,4566,111,1061,1405,1462,1036,1154,1033,1887,1386,1068,1325,1369,1073,1069,1462,4850,201,1293,1760,1702,1324,1363,1220,1989,1728,1332,1708,1486,1279,1321,1742,4933,144,1226,1703,1665,1128,1303,1070,2134,1624,1299,1420,1583,1193,1164,1613,4342,124,1057,1438,1314,979,1069,937,1505,1198,1082,1151,1142,1077,1028,1168,4277,118,1002,1324,1285,1004,1004,888,1587,1191,1050,1107,1116,945,988,1166,4444,160,1316,1494,1831,1183,1192,1089,1835,1638,1206,1496,1738,1136,1175,1598,4318,198,1147,1433,1533,1116,1132,1045,1775,1316,1141,1344,1362,1141,1077,1414,4490,121,1195,1634,1475,1133,1179,1117,1893,1535,1111,1317,1414,1204,1186,1326,4385,159,1288,1678,1352,1214,1226,1098,1812,1410,1188,1178,1283,1198,1225,1253,4335,163,1213,1634,1479,1100,1204,1053,2018,1584,1153,1324,1297,1185,1143,1495,4491,130,1190,1572,1471,1080,1178,1036,1637,1390,1099,1239,1266,1078,1120,1418,4726,128,1278,1556,1518,1124,1198,1064,1784,1438,1168,1344,1387,1163,1102,1449,4922,179,1344,1830,1721,1214,1332,1176,1892,1683,1262,1473,1475,1232,1255,1461,vips
21880,11133,13761,13108,13457,14249,14031,13830,13047,13142,13454,12745,13054,13702,13965,13100,7740,31,2264,1901,1902,2289,2417,2545,1908,2078,2349,1827,2107,2487,2146,1893,7810,204,2388,2452,1959,2361,2603,2543,2304,2089,2559,1823,2297,2532,2403,1859,7584,207,2747,1932,1809,2374,2459,2411,2060,2052,2431,1717,2173,2428,2220,1851,7705,243,2399,2130,1883,2287,2597,2471,2344,2073,2461,1933,2260,2518,2167,2050,8410,251,2569,2150,1980,2444,2891,2597,2354,2198,2647,1915,2293,2658,2315,1938,7643,245,2373,2045,1912,2435,2514,2524,1960,2085,2546,1866,2138,2707,2401,1771,7474,221,2347,1941,1809,2286,2422,2299,1852,2035,2327,1759,2004,2355,2181,1736,7405,248,2374,1940,1979,2358,2569,2456,2186,2087,2535,1841,2320,2480,2303,1890,7220,237,2303,1825,1756,2151,2426,2283,2080,2036,2278,1695,2164,2290,2038,1721,7515,238,2552,2029,1931,2541,2583,2488,2077,2228,2357,1797,2194,2580,2146,1839,7352,239,2473,2016,1942,2403,2495,2453,1927,2149,2451,1795,2145,2436,2224,1870,7394,201,2327,1981,1933,2273,2425,2371,2107,2064,2345,1790,2105,2395,2139,1802,7536,244,2479,2002,1985,2378,2743,2414,2187,2166,2480,1823,2245,2412,2284,1857,7846,249,2497,2029,1933,2255,3056,2496,2128,2129,2391,1898,2172,2525,2184,1823,7787,250,2627,2083,2369,2366,2725,2654,2120,2247,2643,1920,2179,2558,2245,1870,vips
12416,7166,8822,8904,9317,8379,7971,8526,9854,8558,8248,9014,8672,7893,8145,9216,4413,25,1133,945,1901,925,940,1080,2212,1311,975,1765,1658,970,1043,1835,4530,142,1104,1183,2030,1112,1084,1279,2317,1335,1192,1814,1755,1036,1094,1935,4589,145,1520,929,1925,1076,1376,1271,2225,1301,1213,1778,1665,1168,1062,1851,4500,174,1178,991,1904,1055,1695,1448,2259,1398,1153,1941,1792,1223,1335,2041,4790,137,1338,1026,2072,1041,1440,1380,2346,1413,1169,1884,1733,1260,1555,2017,4328,117,1562,1344,1980,995,1232,1421,2254,1335,1161,1841,1733,1363,1390,1817,4608,119,1388,2160,2005,1364,1063,1345,2115,1309,1355,1805,1638,1217,1063,1750,4622,123,1190,2185,1958,1212,1128,1174,2056,1316,1211,1708,1726,1033,1098,1723,4314,102,1025,884,1860,959,1015,1096,2058,1281,971,1663,1653,976,1105,1731,4340,139,1168,1034,1950,1174,1049,1188,2274,1382,998,1796,1755,1013,1091,1837,4187,140,1046,894,2131,946,980,1125,2175,1392,1013,1729,1707,963,1036,1793,4348,110,1142,956,1905,1012,1012,1175,2169,1394,1039,1767,1769,1019,1076,1788,4369,122,1125,950,1993,1029,1015,1232,2282,1355,1062,1763,1693,1023,1162,1885,4423,90,1066,990,1897,995,978,1165,2180,1297,1008,1739,1689,1062,1041,1746,4409,159,1121,958,1991,1030,966,1183,2264,1364,1053,1925,1777,1001,1061,1862,vips
21445,12463,14319,14176,14152,14578,14307,13957,14455,13952,14611,13687,13873,14441,14600,13899,8167,22,2016,1085,1675,2090,2190,1274,1786,1638,2173,1511,1322,1979,2192,1296,8105,107,2073,960,1562,2168,2207,1355,1895,1806,2249,1518,1435,2075,2262,1314,8247,128,2083,998,1576,2143,2298,1385,2100,1755,2287,1497,1450,2126,2291,1383,8310,298,2287,1298,1658,2289,2494,1636,2216,2223,2577,1853,1566,2305,2492,1543,8503,199,2369,1221,1579,2239,2376,1419,2144,1677,2477,1622,1494,2181,2375,1872,8070,204,2164,942,1559,2217,2338,1402,1892,1637,2393,1590,1477,2213,2396,1646,8179,216,2211,1054,1575,2229,2378,1360,1895,1582,2423,1636,1616,2176,2362,1358,8233,183,2234,1304,1717,2241,2430,1454,2124,1669,2454,1671,1611,2246,2447,1489,8196,226,2224,1090,1614,2287,2386,1414,1989,1625,2402,1953,1475,2234,2375,1452,8199,159,2171,1119,1626,2255,2321,1539,1910,1688,2427,1653,1403,2203,2328,1385,8107,223,2189,1095,1806,2197,2347,1467,2013,1668,2380,2059,1432,2192,2327,1540,8283,216,2270,1327,2065,2290,2439,1510,2019,1723,2504,2285,1501,2267,2383,1682,8271,214,2204,1194,1892,2250,2354,1476,2144,1665,2396,2535,1502,2179,2352,1615,8317,164,2206,1184,2131,2228,2392,1578,2076,1684,2416,2380,1495,2264,2333,1450,8344,249,2242,1263,1986,2253,2434,1519,2060,1715,2526,2091,1630,2245,2358,1488,vips
14328,8328,9543,8316,10742,9761,9501,8319,11366,10688,10112,10509,8248,9607,9711,11386,5359,19,1301,73,2471,1327,1296,133,3159,2511,1412,2449,85,1436,1365,3016,5420,145,1414,177,2607,1491,1472,226,3270,2695,1491,2562,188,1501,1503,3173,5368,95,1358,127,2528,1341,1311,204,3194,2561,1482,2476,143,1466,1398,3067,5383,128,1421,177,2572,1367,1472,266,3322,2738,1561,2573,163,1575,1477,3155,5785,180,1815,207,2684,1482,1530,278,3337,2642,1623,2595,202,1642,1553,3195,5478,154,1562,176,2601,1560,1438,253,3206,2629,1572,2591,178,1584,1609,3071,5416,103,1379,138,2547,1422,1410,168,3203,2591,1479,2506,146,1531,1452,3126,5437,114,1460,152,2688,1425,1414,255,3278,2692,1593,2602,171,1460,1457,3448,5395,136,1448,152,2643,1394,1418,196,3241,2700,1485,2615,168,1556,1432,3148,5471,147,1467,189,2670,1442,1467,236,3329,2690,1521,2633,206,1571,1459,3179,5289,124,1403,144,2649,1434,1397,181,3309,2814,1532,2493,170,1562,1458,3280,5396,100,1391,137,2574,1425,1392,198,3280,2624,1512,2532,138,1465,1438,3101,5384,125,1457,147,2606,1462,1409,211,3201,2612,1473,2520,155,1484,1514,3025,5561,148,1533,171,2612,1546,1657,239,3258,2671,1588,2556,200,1592,1407,3129,5518,121,1451,145,2602,1486,1413,228,3586,2695,1585,2608,189,1538,1459,3080,vips
19541,1357,662,704,815,689,847,3603,691,909,651,614,611,665,757,751,96,267,73,51,168,61,184,2898,84,187,81,55,75,64,89,96,40,479,22,24,89,27,166,1806,58,151,30,22,24,25,28,29,40,433,25,25,83,26,156,1814,58,170,33,24,26,25,31,29,72,569,35,31,102,30,181,1854,77,261,42,29,30,25,45,41,54,607,30,28,88,31,137,1942,65,174,40,28,28,32,33,34,69,484,39,36,84,39,134,1657,67,366,57,36,36,35,57,46,73,1474,79,69,148,79,176,1400,72,162,46,41,65,49,69,57,47,435,28,34,98,30,170,1402,73,168,47,29,35,30,41,34,70,336,30,30,144,36,219,1622,78,162,41,34,35,32,56,48,43,306,26,26,95,26,173,1608,69,196,32,26,30,31,43,35,40,294,16,14,63,16,131,1459,51,153,29,18,19,17,22,22,43,423,22,22,85,23,151,1659,71,183,45,23,24,26,25,26,60,305,25,25,82,28,144,1764,74,154,44,28,33,30,33,32,96,286,28,25,111,25,180,1638,69,217,66,26,25,27,29,29,78,302,28,30,98,27,204,2007,63,242,55,28,30,29,31,29,vips
17846,10652,11718,13599,12338,12006,11578,13537,12169,12059,11462,12181,13277,11521,11626,12116,6384,28,1120,2590,1149,1101,1128,2649,1371,1175,1103,1213,2734,1124,1151,1294,6459,150,1252,2643,1293,1345,1290,2987,1566,1184,1215,1265,2892,1372,1353,1581,6472,87,1185,2514,1200,1201,1144,2772,1580,1184,1205,1240,2824,1154,1148,1698,6578,231,1360,2567,1377,1365,1329,2970,1876,1423,1365,1552,2886,1270,1326,2044,6670,133,1444,2769,1393,1248,1308,2963,1661,1278,1302,1323,2879,1460,1247,1800,6283,164,1442,2635,1815,1338,1395,2831,1649,1378,1546,1318,2859,1452,1613,1723,6654,117,1397,2473,1742,1432,1333,2696,1653,1565,1519,1492,2998,1214,1395,1698,6559,209,1345,2575,1677,1386,1295,3054,1641,1698,1425,1707,2909,1307,1236,1829,6275,226,1184,2529,1455,1232,1194,2755,1653,1192,1236,1384,2849,1237,1175,1381,6479,140,1213,2629,1321,1195,1232,2890,1640,1210,1216,1249,2842,1199,1216,1273,6251,196,1225,2548,1392,1212,1183,2786,1818,1293,1199,1243,2836,1169,1151,1409,6318,84,1161,2518,1188,1189,1142,2851,1495,1171,1151,1225,2914,1151,1197,1262,6328,128,1221,2536,1280,1290,1206,2788,1545,1210,1189,1280,2729,1206,1232,1300,6285,143,1300,2532,1235,1213,1231,2786,1446,1202,1206,1272,2782,1231,1208,1310,6434,239,1244,2673,1411,1273,1188,2958,1636,1345,1249,1414,2847,1184,1226,1338,vips
25552,15114,17360,16896,16764,17499,17465,16239,16913,16926,17874,16689,16207,17356,17567,17057,10193,40,2468,1728,2004,2631,2637,1244,2182,2159,2918,2075,1357,2494,2587,2071,10203,211,2605,1859,2151,2761,2815,1491,2326,2308,3054,2247,1586,2651,2752,2219,10181,183,2581,1809,2142,2698,2754,1428,2277,2273,3032,2227,1450,2597,2738,2201,10197,269,2709,1955,2248,2790,2880,1674,2640,2522,3081,2363,1591,2721,2793,2308,10219,204,2664,1968,2134,2708,2922,1498,2357,2315,3140,2267,1532,2665,2817,2211,10122,249,2688,2074,2101,2824,2845,1870,2313,2308,3351,2268,1708,2709,2984,2199,10250,261,2731,2106,2174,2785,2901,2304,2391,2349,3190,2323,2374,2696,2806,2271,10175,205,2703,1913,2232,2780,2896,1677,2379,2358,3176,2341,1663,2656,2877,2245,10224,223,2714,1874,2336,2788,2900,1479,2453,2370,3114,2351,1482,2667,2816,2391,10727,255,2732,1928,2245,2859,2959,1446,2438,2436,3177,2297,1526,2751,2872,2248,10041,212,2605,1848,2137,2678,2826,1381,2287,2333,3045,2268,1383,2635,2741,2214,10209,236,2743,1903,2283,2880,2897,1837,2452,2419,3101,2362,1494,2722,2799,2293,10160,195,2694,1872,2177,2758,2865,1465,2326,2298,3073,2265,1494,2578,2773,2227,10249,257,2774,1887,2118,2792,3011,1453,2351,2347,3124,2307,1485,2857,2747,2267,10300,258,2754,1904,2188,2821,2957,1441,2365,2434,3214,2586,1465,2733,2794,2308,vips
19832,12136,13372,14337,14467,13536,13451,14816,14189,13924,13190,13653,14728,13229,13467,13913,7451,26,1409,2286,2348,1456,1626,2674,2217,2155,1421,2131,2751,1362,1425,2112,7510,124,1492,2300,2488,1704,1743,2732,2416,2234,1516,2141,2715,1571,1632,2186,7459,87,1472,2271,2440,1497,1514,2749,2405,2197,1559,2126,2736,1480,1404,2067,7587,217,1559,2418,2570,1727,1698,2854,2533,2466,1636,2256,2748,1674,1524,2303,7538,125,1495,2348,2489,1708,1567,2803,2396,2256,1580,2192,2832,1641,1476,2221,7508,160,1590,2285,2566,1627,1624,2823,2438,2347,1700,2189,2789,1716,1458,2145,7694,142,1532,2303,2581,1571,1549,2689,2424,2520,1691,2330,3231,1587,1389,2325,7762,177,1598,2400,2732,1744,1644,2911,2687,2595,1804,2572,2808,1633,1481,2361,7518,235,1528,2448,2750,1706,1597,2905,2911,2382,1862,2374,2816,1586,1494,2670,7470,186,1546,2370,2615,1672,1577,2904,2984,2300,2084,2194,2792,1544,1476,2219,7297,159,1548,2306,2692,1584,1527,2806,2981,2488,1993,2155,2798,1501,1372,2493,7753,127,1659,2377,2523,1668,1552,3245,2769,2441,1731,2112,2833,1579,1524,2146,7822,135,1861,2324,2605,1739,1684,2825,2605,2320,1593,2116,2716,1519,1725,2098,7546,141,1665,2308,2571,1548,1673,2767,2352,2376,1518,2070,2745,1571,1578,2107,7497,165,1463,2327,2541,1561,1627,2888,2345,2409,1507,2436,2788,1486,1633,2144,vips
20869,12429,14946,14727,13460,14928,14757,13876,14190,13266,14168,12966,13784,14848,13810,13562,8067,31,2772,2333,1130,2540,2724,1581,1673,1062,1947,997,1551,2767,1205,1100,8093,146,2780,2402,1270,2796,3012,1847,1827,1128,2092,1144,1813,3010,1320,1218,8076,149,2820,2381,1196,2514,2861,1781,1727,1144,2068,1093,1716,2794,1319,1178,8132,162,2894,2568,1223,2563,2891,1911,1816,1175,2180,1133,1722,2902,1331,1239,8087,157,2982,2515,1237,2574,2950,1803,1842,1164,2103,1132,1683,2846,1340,1206,7957,180,3016,2619,1171,2620,2899,1798,1702,1095,2117,1119,1711,3396,1230,1155,7971,156,2963,2899,1201,2557,2958,1927,1753,1171,2091,1132,2011,2922,1269,1260,8143,182,2941,2623,1296,2655,2935,2166,1817,1401,2216,1184,1899,2891,1433,1257,8124,219,2915,2443,1339,2645,2934,1738,1968,1217,2142,1422,1680,2992,1312,1236,8201,207,2976,2497,1266,2668,2916,1742,1728,1189,2157,1188,1629,2956,1423,1230,7852,157,2831,2371,1283,2528,2812,1691,1706,1100,2038,1071,1611,2853,1244,1307,8124,168,2958,2566,1461,2636,2971,2196,1803,1221,2148,1164,1664,2929,1318,1232,8086,186,3381,2489,1449,2697,3316,1831,1812,1213,2136,1194,1693,2854,1313,1257,8160,228,2910,2501,1608,2601,2958,1684,1865,1186,2355,1198,1613,2940,1360,1246,8160,152,2939,2492,1706,2596,2998,1770,1772,1159,2124,1239,1629,2870,1369,1221,vips
19761,11739,13147,12597,14035,13420,13037,12433,14177,14042,13531,13712,12443,12905,12327,13935,7854,25,1570,851,2501,1717,1481,720,2784,2684,1870,2439,891,1449,851,2350,7994,177,1681,957,2656,2072,1600,884,2837,2798,2095,2538,912,1566,940,2414,7994,122,1691,864,2585,1842,1541,889,2801,2753,2112,2483,924,1567,1004,2407,7971,114,1714,894,2605,1826,1602,818,2857,2808,2130,2582,833,1572,953,2530,8076,192,1861,991,2654,1913,1612,872,2893,2865,2298,2616,992,1599,993,2495,8017,190,1918,917,2640,1943,1662,900,2897,2792,2258,2597,901,2078,963,2441,7927,127,1940,928,2582,2387,1687,838,2860,2772,2109,2570,861,1750,922,2372,8002,155,1969,961,2693,2291,1606,855,2898,2862,2223,2579,942,1645,976,2447,7886,163,1621,937,2658,1857,1506,844,3134,2804,2053,2575,911,1524,943,2484,8365,163,1654,972,2718,1878,1535,914,2921,2889,2110,2644,946,1551,976,2442,7771,119,1567,841,2560,1747,1441,835,2819,2768,2021,2536,818,1465,887,2355,7854,122,1665,925,2559,1894,1554,918,2828,2792,2026,2562,955,1549,946,2397,7856,167,1688,937,2605,1878,1804,821,2865,2794,2064,2558,906,1566,954,2430,7814,113,1584,968,2524,1768,1446,846,2747,2678,1990,2509,916,1466,899,2351,7902,128,1548,904,2749,1812,1416,894,2849,2876,2020,2630,988,1468,909,2447,vips
24549,14557,17284,17647,16007,17390,17203,17336,15582,15863,16940,15677,17238,17397,16288,16148,8838,39,2909,3084,1582,2994,2997,2966,1404,1692,1663,1558,2984,3161,1972,1710,8836,188,3083,3248,2099,3504,3069,3162,1525,1970,1730,1719,3096,3241,2044,1789,8843,153,3034,3108,2371,3114,3076,3344,1639,2138,1780,2030,3424,3217,2010,1966,8893,219,3115,3304,2391,3165,3164,3116,1913,2049,1947,2225,3097,3292,2114,2173,9138,190,3151,3225,1951,3098,3138,3192,1939,1877,2078,1882,3118,3328,2031,2021,9050,174,3113,3202,1738,3055,3123,3099,1630,1787,2064,1882,3119,3267,2158,1815,9141,143,3024,3356,1622,3072,3101,3087,1851,1845,1891,1820,3438,3196,1940,1823,9041,233,3168,3246,1948,3200,3281,3341,1922,2069,1960,1886,3254,3396,2206,1983,8826,249,3129,3297,2020,3127,3194,3274,1693,1960,1870,1749,3159,3349,2065,1899,9334,174,3180,3245,1743,3128,3181,3249,1525,1902,1837,1678,3216,3289,2136,1748,8699,187,3085,3197,1831,3167,3133,3135,1502,1939,1816,1618,3182,3265,2007,1855,8785,145,3117,3791,1730,3162,3124,3616,1516,1772,1822,1670,3134,3197,2101,1811,8728,158,3023,3229,1675,3028,3196,3116,1464,1774,1762,1620,3032,3204,1981,1759,8756,112,2997,3127,1599,3010,3033,3044,1364,1712,1716,1587,2984,3160,1951,1663,8905,186,3147,3206,1848,3147,3221,3207,1503,1808,1846,1853,3089,3275,2014,1757,vips
21444,12224,13385,13652,15003,13527,13212,13219,15138,14851,14891,14606,13368,13245,14233,15088,8740,25,1272,1318,2704,1265,1157,927,3025,2772,2732,2735,1316,1236,2097,2765,8853,170,1425,1449,2824,1472,1312,1137,3075,2850,2817,2831,1383,1338,2114,2880,8855,148,1426,1427,2831,1387,1335,1249,3130,2841,2861,2861,1866,1334,2185,2872,8892,127,1381,1719,2771,1372,1360,1289,3026,3010,2771,2850,2043,1363,2213,2942,8963,172,1484,1957,2867,1442,1401,1579,3185,2909,2805,2906,1928,1721,2261,2897,8825,151,1474,2050,2753,1339,1569,1590,3115,2846,2832,2831,1574,1973,2128,2888,8902,151,1509,2167,2790,1500,1728,1280,3195,2907,2784,2849,1701,1705,2184,2944,8770,79,1660,1960,2788,1538,1661,1179,3109,2832,2797,2833,1646,1541,2210,2825,8783,118,1549,1751,2805,1604,1474,1041,3102,2834,2739,2834,1448,1424,2134,2972,9098,125,1700,1780,2832,1764,1312,1158,3157,2906,2763,2888,1505,1511,2122,2865,8680,100,1723,1477,2824,1672,1230,1071,3031,2842,2782,2746,1456,1337,2074,2820,8798,164,1843,2043,2869,1734,1355,1535,3242,2882,2823,2898,1571,1475,2255,2904,8723,164,1730,1520,2844,1671,1260,1155,3110,2870,2755,2851,1408,1413,2109,2850,8735,77,1381,1436,2671,1433,1151,1049,3094,2742,2727,2754,1308,1217,2059,2833,8933,121,1326,1449,2890,1336,1199,1024,3131,2998,2838,2900,1297,1262,2144,2842,vips
9447,5796,5748,8856,6322,5790,5639,5805,6276,6231,6328,6194,8946,5707,8175,8502,3491,21,19,2946,588,26,25,38,606,591,688,587,3372,26,2480,2087,3515,90,90,2938,709,97,98,111,683,650,764,655,3312,95,2411,2270,3544,100,123,3007,656,120,119,147,675,713,734,705,3598,88,2497,2216,3494,76,83,2927,693,92,76,131,681,636,714,781,3360,69,2425,2158,3542,78,90,2987,662,94,102,143,700,681,748,669,3431,97,2497,2270,3497,77,84,2938,685,103,98,114,918,666,736,651,3384,81,2504,2349,4136,79,89,2954,858,98,106,108,1014,1460,771,918,3293,92,2666,2534,3737,37,45,2982,829,53,50,77,714,1138,779,1120,3365,45,2544,2281,3448,87,89,2933,735,97,91,112,646,671,726,659,3341,78,2341,2005,3682,94,114,2958,659,121,114,148,671,673,875,645,3456,102,2470,2118,3419,74,73,2960,634,81,74,99,628,612,1144,616,3284,66,2312,2205,3576,113,113,3342,712,120,119,139,729,737,1090,695,3440,99,2540,2162,3539,88,89,2968,661,105,110,118,656,653,961,616,3307,93,2441,2161,3518,36,37,2869,563,45,41,71,578,566,825,551,3257,38,2408,2122,3539,75,89,2992,628,84,86,129,650,627,724,678,3297,70,2432,2163,vips
2303,1501,1354,2167,1423,1418,1353,1475,1393,1376,1694,1346,2026,1427,1508,3800,750,6,6,717,8,7,6,27,5,5,215,6,631,8,20,1593,688,12,9,685,11,9,12,17,9,6,231,10,651,14,24,1731,748,21,19,711,26,17,22,63,20,18,270,20,722,16,43,1753,712,11,10,678,8,5,7,48,7,5,247,4,616,13,21,1603,726,20,12,733,16,14,15,48,15,12,236,18,627,20,27,1699,682,17,10,658,13,9,13,32,9,14,169,12,639,16,18,1792,716,21,12,785,24,18,24,22,15,14,185,14,1096,16,26,1959,694,11,6,1001,7,5,8,28,5,4,183,7,1072,9,19,1708,690,8,11,675,9,8,4,18,7,5,202,7,573,13,25,1577,674,19,8,654,7,6,8,40,9,5,220,8,569,14,29,1581,674,10,8,610,4,5,5,28,4,3,262,3,568,11,20,1560,718,21,15,715,23,14,21,60,19,14,286,14,622,10,37,1610,724,13,16,673,26,15,19,28,14,17,227,12,574,17,30,1648,751,9,13,689,10,8,8,21,6,8,285,7,607,11,20,1610,739,14,9,630,15,5,13,56,12,4,301,8,597,8,30,1650,vips
2919,1929,1855,1910,1885,1906,1849,1896,1903,1891,8195,1864,1875,1931,1925,1939,970,8,4,6,7,7,4,13,5,8,3906,4,5,7,5,24,939,16,8,9,7,13,18,13,16,19,3719,15,14,18,17,29,968,19,28,22,23,22,26,20,25,20,4609,18,19,13,30,40,957,12,11,15,12,16,10,16,12,11,3602,11,10,15,11,31,958,18,11,16,9,17,11,19,17,19,3827,19,23,15,20,26,933,11,9,10,8,15,16,12,13,14,2167,14,14,11,22,21,954,11,9,9,10,14,9,11,14,12,2108,10,16,14,16,23,958,9,11,15,13,16,12,8,10,10,3108,14,10,11,11,27,958,17,11,12,13,14,10,9,13,14,2034,9,11,12,17,31,921,7,9,7,5,11,9,9,12,14,2755,9,10,9,17,21,940,11,14,17,12,13,15,11,12,10,4756,10,10,10,13,19,950,13,24,19,23,21,24,21,23,19,3936,13,22,13,27,37,970,16,11,13,11,18,13,18,19,23,3965,16,22,14,14,32,962,12,11,16,11,14,12,12,11,7,5887,11,10,11,17,24,973,11,12,12,10,11,15,13,11,7,4979,13,12,10,13,25,vips
9309,590,287,301,300,320,297,2916,292,300,288,295,298,306,337,342,44,100,25,11,21,11,12,1914,14,8,8,10,23,17,19,25,14,184,1,5,0,2,4,1480,3,3,3,2,2,3,4,4,20,175,2,2,7,3,4,1382,1,3,2,1,1,2,3,2,19,226,2,0,1,5,2,1540,5,3,3,0,0,3,3,1,24,282,1,2,2,2,4,1622,4,5,2,1,3,2,4,2,15,190,1,2,5,1,2,1336,4,2,2,0,0,2,6,4,28,635,27,15,28,22,8,1275,9,10,9,11,23,14,16,13,15,183,1,1,1,2,1,1195,5,5,3,2,1,3,1,4,22,145,3,3,5,5,3,1402,8,0,3,1,2,1,11,6,18,107,2,3,5,4,2,1374,5,4,3,4,3,2,7,4,13,116,1,1,2,3,1,1311,4,2,3,2,7,4,4,5,19,167,2,4,1,2,2,1427,7,7,4,3,2,6,4,4,27,109,3,1,3,1,3,1394,10,5,4,2,3,3,5,2,42,90,2,4,4,4,4,1390,6,5,5,2,2,5,4,8,43,102,3,3,2,3,2,1640,3,3,3,2,2,2,5,4,vips
14019,8324,9596,8316,9533,9630,9420,9644,8149,9676,11599,11785,8173,9599,8310,8352,5376,17,1368,18,1341,1419,1377,1337,15,1251,2601,2005,16,1408,19,17,5404,139,1443,105,1437,1738,1448,1390,147,1317,2815,2137,157,1498,153,117,5551,224,1567,201,1506,1559,1571,1578,232,1379,3052,2798,217,1545,228,218,5480,154,1511,164,1429,1506,1554,1550,180,1392,2655,2338,171,1528,169,178,5424,133,1464,127,1416,1475,1470,1466,136,1353,2840,2192,142,1498,129,139,5227,125,1440,123,1339,1421,1471,1445,112,1256,2153,1464,107,1746,136,149,5390,134,1532,121,1378,1489,1850,1508,117,1329,2145,1362,132,1490,139,146,5470,158,1550,149,1444,1531,1581,1575,162,1391,2569,1987,161,1582,157,164,5465,167,1535,195,1789,1509,1554,1527,224,1379,2144,1804,203,1548,205,219,5527,193,1507,193,1510,1651,1503,1533,216,1400,2411,2193,204,1589,162,204,5327,151,1479,153,1404,1467,1489,1506,169,1290,3046,2770,161,1447,165,165,5545,224,1631,224,1527,1585,1633,1643,249,1488,2776,2211,243,1624,232,242,5411,130,1748,103,1434,1490,1544,1426,151,1346,2717,2434,152,1513,144,120,5530,179,1528,175,1505,1517,1536,1518,184,1391,3443,3155,185,1563,178,191,5584,216,1604,221,1519,1559,1596,1599,242,1426,3181,2742,230,1555,233,241,vips
19635,11390,13587,11286,13986,13628,13324,13274,12019,14647,13249,16143,11207,13514,11345,12035,7994,29,2322,31,2582,2136,2067,2030,791,3307,2088,2668,27,2181,29,785,8055,145,2407,103,2775,2467,2234,2148,893,3411,2193,2843,146,2403,140,859,8020,66,2306,70,2565,2156,2112,2121,822,3291,2147,3603,74,2248,63,761,8131,119,2475,129,2705,2240,2271,2260,927,3455,2235,3041,130,2459,127,851,8192,138,2517,126,2723,2263,2249,2237,922,3460,2365,2904,147,2365,137,896,8106,142,2511,136,2691,2284,2254,2322,869,3511,2309,1918,111,2528,144,857,7995,113,2421,114,2692,2238,2191,2171,884,3390,2220,1684,105,2320,119,864,8018,74,2422,76,2725,2174,2182,2192,869,3422,2247,2602,80,2251,82,1092,8096,126,2372,153,2827,2237,2165,2192,898,3527,2203,2236,153,2293,150,887,8166,168,2511,159,2817,2372,2241,2276,947,3565,2307,2571,188,2476,154,920,7949,105,2374,117,2699,2265,2160,2165,876,3420,2190,3893,119,2333,99,768,7958,56,2403,68,2618,2220,2170,2198,874,3344,2152,2669,65,2284,59,831,8048,161,2580,136,2725,2264,2321,2168,888,3393,2227,3253,134,2309,158,889,7969,57,2323,61,2580,2121,2109,2106,868,3300,2113,4356,57,2168,54,837,8086,104,2398,105,2639,2244,2195,2172,1140,3434,2242,3516,82,2350,96,804,vips
18341,10992,12654,10822,12920,13327,12518,12935,14028,12232,12474,10770,10772,12613,10873,14313,7301,36,1870,39,1857,2685,1887,1919,3218,1510,1877,104,31,1896,30,3322,7792,157,2099,169,2076,2657,2050,2097,3328,1795,2190,239,192,1962,165,3387,7563,39,2117,35,1822,2185,1852,1933,3171,1945,2013,99,32,1955,29,3328,7402,165,2589,166,2025,1964,2157,2156,3451,1934,2264,235,166,2599,152,3558,7604,161,2669,152,2011,2007,2096,2106,3494,1963,2370,230,160,2694,164,3582,7261,136,2209,115,1969,1896,1951,2462,3412,1663,2312,152,151,2131,136,3471,7465,146,2211,143,2258,1972,2072,2039,3446,1639,2066,188,161,2043,133,3488,7470,132,2095,129,2595,2027,2062,2132,3367,1737,2160,206,119,2096,125,4152,7395,170,1945,172,2547,1981,2002,2084,3396,1668,2039,216,182,2032,156,3494,7231,156,1950,171,2143,2051,1957,2345,3485,1616,2032,232,174,2053,122,3496,7115,93,1853,106,1925,1856,1878,1908,3282,1427,1883,169,106,1921,98,3425,7252,36,1867,35,2014,1922,1907,1964,3307,1533,1937,97,32,1958,26,3330,7224,171,2148,187,2051,1981,2007,2121,3317,1583,2192,250,207,1986,159,3467,7142,35,1794,37,1862,1861,1860,1919,3256,1432,1870,115,31,1848,25,3320,7272,154,1924,150,1912,2129,1963,2099,4539,1486,1962,249,156,1982,157,3460,vips
17851,10187,12488,9977,12667,12873,12687,12491,11167,13055,12280,9682,9883,12393,9876,11290,7608,31,2575,32,2475,2753,2685,2423,1279,3120,2460,25,26,2403,30,1375,7569,119,2680,144,2564,2921,2806,2558,1368,3098,2640,99,123,2549,117,1451,7484,33,2567,25,2434,2807,2693,2508,1500,3102,2483,26,27,2427,27,1347,8094,153,2715,154,2630,2962,2963,2670,1819,3195,2639,131,130,2620,139,1716,7863,153,2748,152,2692,2908,2967,2634,2172,3217,2643,131,138,2597,137,1953,7635,158,2737,153,2750,2958,2838,2750,2316,3202,2829,125,164,2729,149,1917,7685,162,2629,146,2662,2922,2877,2591,2305,3223,2709,122,148,2600,130,1782,7611,152,2732,148,2711,2870,2875,2710,2124,3246,2698,143,164,2643,142,2529,7495,102,2565,107,2491,2838,2744,2549,1575,3183,2531,86,98,2449,88,1658,7581,166,2664,172,2686,2870,3002,2844,1423,3314,2637,146,153,2769,135,1690,7417,33,2518,26,2574,2724,2674,2408,1228,3134,2535,25,31,2470,28,1484,7487,26,2620,22,2528,2805,2647,2454,1296,3153,2477,22,22,2502,23,1653,7641,155,2663,170,2655,2866,2958,2749,1382,3291,2865,135,173,2529,155,1581,7442,32,2492,23,2428,2653,2625,2428,1239,3091,2422,24,24,2366,24,1441,7654,139,2615,140,2581,2900,2762,2639,1708,3234,2623,132,148,2529,111,1468,vips
18025,10707,12506,10638,12444,12536,12562,12616,13533,12013,12487,10334,10492,12527,10652,13843,7120,29,1887,36,1861,1965,1815,1893,2995,1543,2034,17,23,1940,31,3104,7415,262,2035,216,2104,2283,1998,2137,3205,1706,2203,205,241,2120,240,3248,7110,35,1838,34,1808,1988,1860,1868,2986,1545,1956,17,23,1935,28,3097,7225,230,2040,229,1977,2226,2554,2093,3120,1725,2081,219,172,2112,227,3281,7293,310,2459,277,2190,2058,2775,2098,3249,1817,2160,266,267,2196,293,3316,7158,292,2220,288,2240,2048,2699,2171,3255,1734,2196,293,289,2136,289,3372,7625,225,2293,221,2211,2073,2570,1996,3244,2161,2178,208,210,2160,199,3277,7416,236,2386,244,2189,2079,2507,2121,3273,2411,2234,222,211,2304,199,4360,7136,190,2265,187,1985,1971,2384,2073,3127,1698,2101,167,171,2152,169,3219,7136,234,2505,249,2073,2084,2294,2462,3275,1694,2209,251,253,2274,243,3339,6882,21,2140,27,1777,1937,1938,1893,2974,1499,2019,9,18,2190,23,3100,7057,31,2041,31,1877,2272,2028,1955,3023,1613,2177,16,26,2328,28,3066,7228,225,2180,249,2044,2512,2194,2185,3229,1728,2799,258,259,2266,224,3377,7032,28,1927,32,1827,2178,1884,1957,3067,1493,2171,15,25,1993,28,3083,7221,200,2053,222,1985,2172,2039,2144,3974,1678,2371,194,187,2162,165,3284,vips
19754,12444,13822,12341,13651,14098,13464,13761,12726,13758,13832,11223,12134,13905,12268,12926,7834,803,2180,839,2054,2353,2099,2311,1421,2527,2521,62,797,2415,1242,1394,8001,898,2259,819,2203,2574,2202,2378,1449,2617,2598,138,854,2479,858,1468,7801,817,2201,781,2073,2332,2128,2318,1293,2459,2529,68,1016,2394,957,1397,7978,941,2389,859,2214,2629,2282,2547,1485,2658,2786,152,863,2572,877,1462,8031,936,2552,864,2359,2555,2264,2513,1714,2659,2740,168,895,2563,944,1551,7791,866,2307,831,2204,2506,2214,2461,2448,2622,2702,158,835,2515,860,1496,7859,956,2322,905,2218,2539,2179,2415,2105,2621,2870,186,866,2562,879,1408,7922,1046,2412,920,2278,2556,2293,2566,1616,2707,2772,186,927,2660,918,1659,7672,838,2142,780,2127,2402,2100,2342,1372,2571,2531,108,789,2415,832,1379,7915,928,2432,943,2376,2609,2287,2903,1540,2724,2748,236,935,2796,968,1555,7642,763,2149,699,2077,2347,2007,2299,1239,2498,2414,18,673,2336,693,1225,7692,834,2211,769,2089,2400,2107,2328,1372,2477,2471,24,728,2356,757,1362,7874,926,2299,871,2271,2482,2207,2433,1466,2654,2887,187,863,2552,952,1452,7686,816,2144,813,1991,2240,2038,2347,1303,2443,2477,33,721,2337,755,1326,7950,995,2317,920,2209,2540,2240,2491,1503,2707,2708,199,904,2543,940,1399,vips
25492,18066,16631,18096,16414,16705,16237,16637,17670,16308,16211,14389,17860,16404,17928,18090,10332,3198,2047,3325,1871,1886,1896,1950,3619,1965,1933,197,3834,2054,3018,3283,9446,3291,2051,3237,1872,1967,1935,1961,3125,1867,1926,204,3180,1953,3032,3227,9130,3238,2003,3167,1854,2082,1886,1982,3229,2000,1997,170,3324,1969,3210,3311,9083,3134,1871,3272,1928,2712,2032,2297,3235,1945,1973,219,3247,2021,3087,3295,9143,3324,1863,3210,1896,3014,1920,2029,3241,2044,1969,191,3310,2055,3086,3355,8941,3271,2119,3218,1860,3034,1940,2204,3225,2030,2009,234,3319,2026,3080,3344,9100,3166,1889,3195,1875,2377,1977,2154,3262,1919,2676,201,3209,2483,3043,3306,9113,3672,1919,3321,1934,1981,1958,2313,3253,2057,2563,173,3498,2223,3079,3346,9006,3220,1763,3254,1876,1831,1846,2151,3153,1908,1930,176,3140,2032,3040,3215,8960,3236,1773,3308,2182,1861,1917,2152,3287,2066,1902,220,3357,2040,3123,3348,8731,3081,1618,3048,1683,1631,1709,1731,3023,1833,1738,26,3097,1802,2863,3132,9139,3733,1873,3297,1897,1881,1911,2007,3491,2130,1960,164,3198,2080,3036,3420,8933,3131,1742,3180,1801,1792,1847,2001,3178,1800,1924,160,3105,1975,3020,3186,9116,3012,1793,3377,1834,1787,1875,1918,3144,1742,1922,158,3179,1909,3046,3275,9537,3362,1831,3428,1860,1838,1928,1967,3421,1765,1952,213,3318,1978,3158,3259,vips
21218,13608,14938,13868,14501,14969,14762,14678,13658,14623,14348,11946,13473,14544,13944,13821,8698,1459,2787,1711,2394,2629,2770,2494,2220,2782,2445,196,1905,2544,1757,1632,8581,2048,2763,1677,2310,2609,2744,2495,1454,2718,2378,131,1528,2534,1672,1631,8657,2668,2839,1725,2327,2581,2730,2543,1489,2795,2493,158,1581,2502,1744,1576,8619,1857,2726,1734,2285,2596,2826,2512,1460,2666,2434,86,1847,2488,1650,1575,8879,1478,2866,1935,2323,2665,2797,2491,1487,2772,2452,118,3373,2556,1663,1719,8534,1335,2770,1979,2316,2621,2765,2536,1508,2784,2474,131,3635,2532,1610,2330,8536,1333,2718,1834,2243,2565,2674,2412,1433,2738,2370,91,1955,2487,1587,2796,8617,1647,2795,1856,2409,2622,2813,2567,1629,2808,2537,155,1759,2611,1727,2371,8382,1305,2657,1723,2223,2531,2614,2430,1926,2716,2311,67,1400,2483,1555,1740,8483,1332,2679,1747,2309,2650,2711,2470,1973,2770,2369,95,1420,2538,1637,1850,8354,1237,2642,1447,2208,2444,2652,2339,1741,2632,2296,14,1336,2380,1474,1621,8509,1470,2775,1740,2340,2682,2775,2561,1854,2793,2442,142,1512,2516,1716,1865,8530,1347,2732,1632,2310,2633,2758,2517,1657,2724,2441,130,1447,2538,1686,1723,8513,1336,2776,1624,2267,2573,2757,2520,1746,2678,2428,152,1497,2464,1715,1737,8660,1360,2816,1618,2304,2648,2714,2633,1681,2805,2442,162,1471,2594,1716,1587,vips
23293,16835,16106,16276,15905,15844,15859,16134,16627,15668,16066,13703,16633,15830,16043,16736,9070,2843,1917,2244,2116,1939,2162,2044,3509,2056,2242,302,3471,2282,2244,2629,8967,2782,1904,2117,2051,1900,2177,2458,2872,2025,2232,310,2804,2332,2241,2608,8963,2689,1931,2082,2014,1884,2045,2036,2910,1987,2173,263,2817,2175,2379,2525,8852,2679,1809,1999,1965,1847,2034,1972,2779,1921,2559,173,2829,2045,2688,2456,9252,2676,1860,2091,1991,1843,2042,2069,2868,1987,2214,244,2797,1968,2707,2540,8779,2730,2229,2075,1963,2057,1962,2018,2812,2104,2077,267,2886,1986,2315,2525,9154,2735,2592,2027,1925,2677,1976,1934,2847,2206,2087,224,2766,1954,2213,2555,9384,2980,2343,2068,2060,2783,2034,2069,2964,2210,2151,250,2853,2041,2174,2530,8748,2659,2063,2048,1947,1752,2017,2094,2816,1940,2028,207,2689,2051,2138,2456,8794,2657,2180,2083,2112,1859,2459,2494,2861,2014,2004,229,2790,2201,2140,2554,8418,2492,1845,1841,1803,1599,2146,2217,2651,1648,1794,18,2523,1955,1857,2321,8898,2951,2100,2127,2124,1866,2618,2311,2936,2043,2159,259,2778,2214,2149,2659,8773,2687,2031,2036,2399,1834,2588,2080,2883,2018,2265,228,2724,2182,2148,2557,8848,2682,1896,2054,2069,1842,2388,2022,2854,2011,2120,244,2731,2190,2106,2517,8890,2799,1953,2136,2071,1814,2218,2048,2897,1946,2161,246,2862,2209,2120,2555,vips
24243,15456,16880,15622,15876,17334,16133,17108,15277,17054,15829,14134,15419,16004,15915,15646,10016,1619,3079,1928,2154,3247,2355,3261,1964,3085,2245,853,1847,2330,2197,2019,9890,1609,2984,1960,2188,3338,2366,3280,1647,3117,2129,813,1767,2327,2199,1945,9760,1652,3000,1922,2206,3076,2283,3192,1603,3034,2207,751,1746,2457,2362,1927,9764,1661,2970,1916,2170,3031,2357,3114,1647,3034,2256,759,1698,2424,2161,1926,10020,1668,3180,1991,2208,3289,2416,3341,1673,3249,2296,862,1716,2398,2204,2039,9743,1592,3012,1902,2173,3147,2314,3164,1896,3118,2212,870,1694,2335,2166,1901,9864,1734,3183,1901,2201,3375,2367,3103,2201,3209,2228,1306,2015,2387,2205,2108,9942,2112,3069,1981,2226,3209,2354,3299,1774,3059,2292,1018,2210,2384,2251,2343,10152,1576,3059,1888,2158,3365,2306,3265,1580,3098,2130,822,1663,2311,2172,1963,9819,1533,2974,1874,2215,3210,2368,3231,1554,3079,2204,759,1629,2339,2204,1941,9473,1414,2859,1762,2099,3021,2204,3081,1467,3017,2093,628,1584,2257,2080,1726,9754,1681,3010,1920,2211,3207,2310,3180,1709,3098,2238,862,1755,2330,2183,2024,9769,1569,2979,1914,2293,3156,2376,3106,1560,2937,2207,779,1585,2292,2221,1888,9744,1493,2977,1901,2142,3089,2303,3145,1546,2947,2156,810,1599,2297,2102,1842,9809,1565,3068,1877,2139,3241,2392,3218,1617,3051,2311,814,1745,2330,2147,1865,vips
283,184,164,168,177,182,158,1000,165,158,154,165,171,187,202,240,29,1,6,3,5,2,2,322,6,4,4,4,4,3,5,18,11,2,1,2,2,2,2,305,8,2,2,0,2,1,2,11,17,2,1,3,4,4,2,302,4,1,4,3,6,4,4,17,23,1,1,3,2,4,3,323,10,0,1,3,2,1,4,21,18,1,2,2,2,1,3,325,8,1,3,2,1,3,1,15,11,2,0,1,4,3,0,318,1,0,3,1,2,2,2,16,15,2,2,4,3,2,2,321,20,1,3,3,5,1,5,19,14,3,2,3,2,2,2,321,11,6,2,4,2,1,5,15,16,3,1,0,8,0,0,308,12,0,3,0,2,1,3,19,14,4,3,3,4,3,3,306,8,3,3,4,2,2,4,18,17,3,2,3,3,3,2,301,8,1,2,1,3,0,3,14,21,1,2,2,3,2,1,314,11,3,1,1,3,5,3,18,30,3,1,3,5,3,2,331,15,1,2,0,2,3,6,16,39,0,5,3,2,2,3,311,9,3,4,3,6,3,5,41,38,0,1,0,2,2,2,331,2,1,2,2,1,3,3,34,vips
24459,17563,16255,17219,16807,16384,16332,16571,17106,16553,19513,17450,17089,16536,16755,16957,9141,2628,1428,2152,3319,1528,1937,1596,2852,1696,2964,3040,2582,1929,2010,2025,9182,2690,1627,2253,3194,2282,2066,1891,2590,1782,2940,3027,2559,1985,2094,2172,9198,2517,1496,2257,1954,2950,2059,1695,2371,1656,3453,2871,2420,2336,2135,2066,9041,2467,1534,2178,1908,2840,2087,2228,2398,1981,2871,2910,2437,3475,2069,1951,9423,2696,1866,2156,2103,1963,2206,2456,2564,2494,3171,3104,2566,3389,2094,2142,9369,2525,2069,2023,1887,1563,2002,1806,2441,2168,1819,2837,2413,2923,1948,1945,9702,2622,1841,2157,2048,1662,2156,1815,2582,2273,1777,3020,2529,2738,2104,2162,9668,2855,1630,2071,2010,1578,2069,1662,2513,2127,2475,2973,2766,2158,2013,2088,9403,2709,1571,2133,2113,1570,2150,1760,2571,2174,1910,3023,2519,2035,2092,2111,8936,2616,1451,2050,1994,1483,2003,1630,2524,2014,2521,2917,2465,1874,1956,2025,8955,2557,1297,1905,1786,1324,2085,1442,2459,1682,3536,2745,2443,1736,1843,1924,9121,2652,1412,2068,1978,1558,2220,1679,2854,1891,2615,2980,2477,1912,1965,2087,9035,2508,1430,2016,1959,1458,2262,1630,2442,1715,3201,2804,2369,1841,1987,1959,8985,2538,1348,2021,1900,1428,1874,1546,2487,1735,4626,2829,2357,1839,1938,1980,9049,2553,1378,2066,1888,1444,1866,1651,2507,1711,3600,2895,2444,1839,1975,1984,vips
24572,16586,16534,16825,16807,17392,16733,16306,16006,17144,18142,15689,15921,16461,16944,16470,10025,2081,2022,2536,2569,3032,2589,2007,2045,2864,2807,1970,1889,2451,2788,2154,9861,2111,1945,2537,2550,3037,2546,2099,1961,2825,2531,1760,1755,2409,2748,2115,9894,2060,1956,2558,2606,3072,2595,2026,2053,2869,3054,1746,1863,2462,2871,2170,9936,1975,1966,2542,2623,3049,2638,2016,1992,2924,2675,1970,1825,2655,2929,2149,9865,1857,1879,2525,2544,2995,2563,1965,1860,2844,2644,2055,1792,2460,2763,2110,9811,1860,1900,2478,2573,2966,2598,1930,1808,2883,1729,1908,1768,2446,2723,2163,9796,1841,2064,2521,2573,3014,2568,2024,1738,2872,1645,1988,1655,2408,2770,2101,9826,2236,2048,2608,2766,3068,2650,2089,1804,2941,2364,2215,2121,2538,2926,2244,10001,1885,1908,2553,2522,3064,2520,1987,1681,2891,1674,2247,1639,2470,2673,2060,9732,1915,1960,2607,2610,2998,2677,1996,1710,2839,2278,2334,1667,2525,2729,2076,9717,2149,1903,2551,2648,3092,2633,1967,1846,2966,3311,2292,1796,2458,2661,2092,9832,2221,2010,2564,2533,3120,2543,2046,2078,2917,2443,2241,1763,2451,2754,2104,9765,2072,1961,2541,2722,2962,2518,2003,1763,2876,2938,1875,1817,2441,2872,2061,9932,2104,2061,2654,2787,2995,2630,2070,1869,2853,4142,1800,1816,2589,2857,2080,9965,2043,1997,2454,2534,3059,2626,2026,1864,2912,3224,1762,1680,2466,2725,2101,vips
23328,16449,16406,16077,15971,15816,15637,16621,16153,15507,15759,15923,16183,15958,16077,16422,8490,2195,2339,1824,1869,1539,1803,2017,2121,1644,2433,2256,2171,1911,1870,2114,8468,2203,2364,1840,1997,1596,1815,2307,2115,1621,2660,2145,2190,1942,1814,2152,8560,2101,2376,1823,1858,1597,1781,2196,2109,1633,2448,2156,2108,1884,1804,2079,8500,2158,2437,1847,1850,1612,1833,2246,2111,1630,2039,2279,2133,2228,1813,2070,8577,2148,2504,1802,1889,1557,1806,2155,2102,1676,2003,2376,2155,1896,1760,2041,8341,2087,2345,1708,1831,1536,1850,2168,2094,1566,1932,2278,2109,1806,1892,1899,8746,2166,2363,1856,2275,1824,2133,2108,2096,1745,1969,2409,2051,1970,2073,2007,8671,2290,2451,2091,2265,1769,2284,2081,2181,1883,2078,2584,2238,2196,2410,2003,8599,2199,2343,2291,1917,1537,1761,2148,2124,1637,1923,2345,2138,1948,2670,2037,8246,2124,2372,2322,2020,1400,1739,2162,2066,1512,1859,2329,2094,1805,2980,2039,8198,2178,2284,2304,1796,1457,1736,2006,2134,1522,1889,2325,2040,1827,2404,2079,8502,2552,2446,2065,1887,1668,1868,2118,2471,1761,1990,2415,2101,1963,2269,2215,8398,2168,2372,1846,1852,1548,1796,2091,2168,1649,1919,2332,2077,1871,2293,2262,8507,2246,2341,1841,1905,1533,2118,2072,2291,1661,1992,2205,2158,1946,2072,2152,8458,2162,2298,1812,1856,1523,1740,2203,2236,1541,1876,2167,2093,1832,2008,2141,vips
26296,17200,17092,18372,17744,17881,18240,17137,16879,18118,17694,16705,16899,17788,18176,18116,10632,1765,1814,3099,2634,2654,3024,2237,1888,3022,2704,1941,2110,2726,3149,2710,10492,1761,1828,3131,2560,2555,3109,2399,1877,3013,2668,1873,1869,2692,3037,2675,10516,1853,1911,3048,2671,2618,3113,2054,1942,3041,2801,1966,2006,2782,3217,2767,10543,1938,1984,3197,2727,2707,3271,2024,2045,3120,3477,2058,2030,3521,3167,2870,10527,1810,1798,3093,2645,2576,3164,1868,1913,3016,2799,1932,1870,2705,3110,2727,10437,1878,1903,3187,2713,2579,3212,1994,1988,3116,2772,1938,1937,2769,3343,2750,10394,1829,2155,3136,2621,2620,3169,1931,1926,3010,2677,1914,1862,2725,3162,2718,10434,1914,2024,3064,2664,2649,3128,1925,1901,3077,2739,2156,2096,2793,3183,2590,10463,1776,1823,3084,2610,2608,3008,1879,1821,3041,2614,1868,1830,2738,3084,2648,10528,1900,1938,3332,3168,2643,3264,2040,1982,3108,2831,1988,2027,3012,3202,2790,10363,1885,1853,3088,2694,2625,3109,1903,2197,3082,2723,1855,2043,2713,3065,2700,10406,1989,1940,3119,2596,2630,3116,1969,2022,3063,2638,1958,1942,2767,3162,2625,10413,1885,1889,3156,3036,2640,3204,1946,1869,3101,2897,1925,1910,2805,3144,2808,10453,1798,1906,3110,2622,2638,3255,1980,1903,2996,2719,1852,1913,2755,3028,2676,10574,1776,1881,3178,2687,2676,3163,1989,1857,3022,2777,1890,1858,2823,3152,2729,vips
21348,15265,15546,14662,14597,14959,14163,16065,14745,14632,14550,14887,14823,14725,14645,14500,8060,2243,2463,1433,1725,1869,1537,2874,2309,1733,1798,2142,2303,1786,1469,1396,8056,2222,2510,1700,1862,1812,1762,3371,2785,1753,1839,2343,2009,1779,1591,1480,8105,2288,2640,2402,1861,1964,1840,3023,2515,1692,2060,2306,2290,1967,1903,1810,7987,2210,2619,2455,1961,1858,2240,3111,2237,1708,2287,2264,2492,2535,2321,1695,7907,2058,2577,1898,2107,1675,2026,3022,2005,1893,2130,2172,2368,2707,2222,1470,7852,2122,2753,1679,2182,1753,2070,3218,2132,2094,2186,2175,2550,2807,1881,1601,7816,2090,2749,1520,1922,1702,2116,2972,2023,1678,2080,2128,2160,2205,1648,1517,7803,2156,2623,1482,2021,1747,1919,2946,2012,1619,2040,2459,2368,2163,1780,1525,7791,2159,2554,1502,1876,1737,1623,3095,2062,1612,1986,2226,2092,2291,1618,1589,7804,2116,2633,1554,2017,1734,1573,3176,2097,1762,1936,2262,2080,2150,1599,1571,7794,1987,2471,1336,1680,1586,1453,2847,1998,1496,1852,2005,1960,1822,1374,1476,8112,2212,2532,1467,1786,1822,1600,2880,2144,1650,1901,2130,1996,1881,1516,1522,8206,2164,2628,1546,1885,1935,1611,3074,2109,1764,1999,2205,2075,1894,1545,1588,8243,2178,2683,1564,1849,1916,1867,3153,2169,1857,1951,2260,2117,1974,1591,1605,8019,2052,2604,1493,1753,1806,1496,3099,1995,1688,1843,2118,1982,1794,1522,1516,vips
26843,18080,17329,18026,18234,17945,18174,17325,17822,18308,17896,18042,17641,18080,18168,18157,10441,2373,1875,2464,2761,2251,2707,1758,2606,2762,2632,3063,2703,2685,2655,2286,10328,2377,1898,2439,2677,2217,2726,2350,2428,2762,2667,2842,2290,2686,2637,2312,10250,2363,1766,2384,2649,2191,2663,1783,2281,2713,2611,2771,2227,2642,2601,2221,10364,2382,1672,2468,2733,2258,2774,2345,2413,2739,2841,2860,2262,2900,2633,2323,10368,2333,1565,2376,2672,2173,2692,2605,2416,2714,2599,2860,2266,2702,2575,2260,10205,2338,1685,2362,2736,2134,2736,2399,2356,2667,2647,2752,2300,2686,2595,2177,10327,2371,1854,2402,2697,2208,2748,2313,2396,2733,2684,2890,2251,2700,2681,2227,10311,2561,1795,2453,2763,2237,2754,2132,2392,2791,2748,3086,2698,2668,2726,2296,10239,2389,1693,2437,2695,2257,2718,2126,2344,2761,2657,2762,2240,2811,2637,2407,10257,2447,1760,2440,3155,2253,2778,2242,2392,2832,2694,2881,2283,2804,2638,2255,10205,2476,1866,2449,2789,2225,2713,1799,2580,2743,2622,2855,2428,2734,2602,2297,10270,2601,1965,2443,2724,2277,2726,1858,2892,2774,2620,2866,2321,2652,2608,2288,10238,2293,1863,2428,2833,2194,2711,1767,2309,2732,2664,2736,2190,2691,2605,2289,10251,2301,1735,2355,2672,2178,2735,1755,2369,2720,2645,2825,2213,2606,2562,2161,10480,2374,1810,2452,2757,2249,2806,1789,2355,2915,2709,2883,2270,2693,2629,2294,vips
21414,14883,16446,14615,14580,15351,14084,16566,14217,14282,14473,15274,14874,14761,14424,14527,7938,1847,3467,1543,1552,2367,1451,3477,1437,1601,1690,1997,1843,1711,1461,1595,7901,1716,3394,1514,1541,2262,1405,3907,1255,1468,1609,1943,1754,1626,1414,1531,8189,1737,3358,1355,1513,2346,1467,3325,1231,1540,1614,1920,1674,1648,1632,1472,8377,1849,3374,1427,1639,2384,1681,3518,1289,1578,1735,2064,1765,1857,1597,1556,8271,1792,3576,1366,1542,2364,1521,3556,1269,1570,1709,2281,1737,1651,1390,1555,8099,1894,3486,1311,1565,2396,1460,3470,1565,1429,1660,2055,1806,1633,1449,1487,8071,1908,4061,1393,1604,2404,1501,3411,1589,1741,1730,2293,1833,1823,1366,1482,8181,2604,3502,1482,1971,2363,1608,3545,1454,1888,2034,2656,2150,1996,1447,1625,7796,1863,3470,1343,1625,2321,1378,3543,1246,1548,1687,2608,1715,1681,1299,1534,7855,1835,3469,1408,2021,2292,1455,3651,1327,1516,1671,2702,1750,1734,1361,1560,7683,1720,3446,1316,1576,2322,1409,3558,1262,1481,1614,2553,1599,1642,1304,1459,7959,2221,3404,1513,1613,2328,1505,3393,1423,1615,1748,2399,1681,1810,1446,1592,7913,1758,3390,1374,1778,2342,1383,3547,1253,1576,1633,2154,1686,1687,1374,1516,7913,1784,3462,1568,1538,2276,1637,3418,1254,1517,1620,2188,1669,1655,1370,1484,7810,1753,3405,1311,1535,2323,1318,3627,1275,1786,1574,2014,1638,1631,1367,1402,vips
27852,19628,17807,19616,19114,17926,19005,17611,16994,18656,19300,21632,19440,18896,19400,18981,10857,3210,1584,3137,3091,1820,2987,1423,893,2659,3285,3036,4000,2746,3344,2591,10720,3087,1520,3112,2943,1745,2879,1473,844,2596,3153,3015,3267,2757,3181,2535,10833,3144,2011,3074,2878,2466,2969,1531,811,2575,3334,3199,3297,2718,3381,2550,10833,3230,2740,3176,2975,2616,3069,1612,975,2662,3613,2847,3527,2726,3376,2562,10646,3203,1911,3028,2878,1727,2930,1879,813,2548,3325,2541,3229,2662,3241,2490,10590,3123,1736,3076,2916,1677,2967,2211,819,2494,3328,1749,3240,2580,3296,2485,10739,3166,1806,3163,2808,1814,2961,1890,829,2605,3116,1612,3230,2701,3264,2528,10719,3149,1627,3128,2919,1919,3045,1762,835,2639,3230,2362,3237,2673,3335,2552,10650,3104,1438,3099,2828,1814,2946,1394,863,2626,3161,1963,3198,2642,3286,2554,10741,3173,1524,3305,3143,1888,3120,1491,904,2690,3207,2359,3437,2716,3475,2610,10623,3199,1512,3209,2866,1837,2981,1447,888,2703,3278,3418,3317,2693,3306,2589,10812,3773,1579,3203,3064,1975,3006,1519,874,2706,3243,2515,3334,2841,3348,2634,10724,3254,1488,3134,2910,2063,2896,1371,856,2575,3244,2920,3462,2669,3242,2515,10726,3134,1468,3301,2880,1867,3011,1342,845,2612,3311,4074,3166,2667,3223,2565,10843,3031,1398,3110,2821,1729,2964,1354,812,2593,3120,3278,3062,2645,3179,2479,vips
22176,15296,16520,15124,15215,16183,14898,17030,16831,14928,15067,18186,15181,15283,15380,15026,8223,1436,2903,1485,1548,2577,1531,3259,3295,1568,1618,2786,1558,1588,1457,1546,8208,1365,2844,1356,1574,2502,1416,3136,3267,1515,1600,2801,1629,1553,1341,1480,8342,1763,2992,1560,1753,2630,1554,3412,3401,1637,1806,2957,2393,1597,1505,1690,8343,3156,3021,1645,1657,2534,1549,3345,3339,1662,1968,2737,2729,1531,1878,1661,8296,2693,2856,2306,1455,2527,1438,3233,3583,1606,1655,2340,1836,1411,2435,1583,8785,1690,2974,2419,1621,2648,1689,3396,3430,1842,1921,1849,1706,1490,2892,1633,8163,1670,2952,2016,1498,2576,1426,3151,3219,1636,1927,1624,1494,1381,2250,1551,8168,1527,2917,1878,1602,2785,1499,3268,3255,1652,1936,2291,1565,1528,1972,1625,8046,1372,2944,1716,1531,2614,1412,3329,3184,1557,1815,2128,1482,1447,1767,1499,8156,1468,2985,1706,1762,2686,1578,3464,3421,1681,1930,2376,1659,1610,1734,1618,7892,1357,2890,1368,1518,2528,1468,3291,3241,1543,1823,3041,1464,1501,1516,1441,8287,1495,3005,1590,1672,2637,1790,3348,3264,1679,1809,2469,1600,1700,1678,1686,8088,1720,2838,1448,1655,2521,1783,3297,3311,1546,1647,2732,1589,1719,1515,1491,8318,1493,3091,1841,1726,2651,1999,3381,3335,1672,1757,3769,1758,1917,1520,1595,8090,1397,3036,1448,1534,2565,1495,3590,3387,1793,1605,3083,1925,1686,1414,1490,vips
26780,18327,17369,18374,17630,17642,17935,17355,16938,18499,17881,18395,18386,18517,18075,18129,10383,2292,1800,2627,2041,1869,2302,1580,1478,3013,2459,3169,2810,2796,2432,2364,10167,2244,1663,2509,2039,1778,2304,1569,1486,2942,2426,3134,2773,2714,2369,2362,10281,2305,1782,2536,2071,1809,2329,1693,1527,2998,2556,3267,2888,2764,2428,2323,10191,2286,1803,2557,1973,1748,2368,1752,1764,2970,2547,3220,2781,2788,2402,2334,10291,2247,1746,2528,1963,1885,2320,1782,2212,3017,2434,3343,2803,2771,2370,2301,10312,2224,1940,2544,1948,1957,2351,2118,2454,2993,2479,3134,2840,2765,2440,2293,10185,2235,1903,2575,1969,2045,2316,1916,1630,2971,2473,3135,2780,2700,2403,2356,10168,2302,2129,2537,2026,2127,2365,2196,1520,3059,2463,3279,2810,2779,2469,2378,10209,2310,1890,2641,2026,1882,2373,1800,1493,2990,2657,3340,2962,2765,2438,2486,10170,2310,1749,2618,2059,1846,2390,1662,1485,3230,2455,3170,2872,2811,2432,2496,10015,2200,1650,2548,1964,1637,2281,1463,1334,3141,2413,3211,2875,2866,2345,2309,10244,2310,1745,2692,2085,1871,2352,1715,1539,3173,2475,3236,2863,2868,2412,2412,10180,2261,1685,2650,1988,1744,2331,1628,1434,3018,2430,3379,2832,2762,2390,2347,10435,2289,1727,2613,2057,1818,2409,1572,1454,3068,2562,3121,2764,2740,2414,2362,10292,2254,1689,2578,2034,1742,2366,1577,1352,3109,2543,3075,2732,2794,2359,2370,vips
261,186,155,188,175,174,159,961,156,158,149,163,188,179,186,191,32,6,3,4,4,6,3,320,2,3,3,2,14,1,6,2,13,3,1,4,3,0,1,301,1,0,1,1,15,2,4,2,33,3,4,3,7,1,4,302,3,2,2,2,13,3,3,2,21,1,1,2,2,3,1,311,2,1,3,1,27,4,3,3,27,2,1,3,2,3,3,303,3,1,1,2,16,3,2,3,15,0,2,1,3,0,0,306,2,1,1,1,19,1,5,4,14,1,2,2,4,3,4,291,6,0,1,1,14,2,5,2,14,0,1,2,0,1,0,293,1,4,1,0,12,0,3,2,16,1,0,3,1,1,1,297,4,2,5,2,15,4,4,4,10,6,1,2,2,2,2,307,5,2,2,3,14,2,2,2,12,2,1,3,1,2,1,297,0,2,1,1,11,5,3,3,12,4,1,2,3,2,1,314,5,1,2,2,14,4,8,6,29,2,2,3,4,4,1,315,8,4,2,1,15,0,6,2,29,5,2,2,5,4,4,303,6,5,3,4,36,6,4,5,35,4,3,4,8,5,4,324,7,4,7,5,37,6,11,12,vips
21390,14686,14945,14803,15945,16152,14140,15184,15090,14723,14946,14162,14825,14389,14350,15333,8064,1500,2018,1506,3030,2934,1404,2137,2255,2018,2422,1479,1766,1435,1477,2333,7876,1491,1946,1477,2845,2857,1477,2076,2233,2045,2303,1454,1585,1401,1437,2389,8019,1485,1984,1506,2917,2899,1494,2088,2269,2065,2518,1509,1562,1486,1491,2389,8417,1571,2062,1668,3050,2999,1560,2158,2343,2271,3119,1589,1668,1508,1886,2423,8414,1521,2017,1648,3031,3025,1512,2111,2309,2393,2935,1579,1576,1495,1925,2452,8078,1512,1947,1425,3061,2934,1378,2105,2263,2322,2508,1462,1497,1563,1577,2308,8188,1477,2032,1487,2988,2928,1391,2070,2276,2320,2430,1449,1510,1485,1444,2326,8025,1528,2036,1536,2856,2866,1416,2245,2343,2295,2419,1513,1591,1997,1482,2353,7893,1574,2089,1539,2974,2975,1501,2269,2386,2065,2833,1573,1597,1645,1497,2603,7819,1552,2079,1597,3192,2967,1525,2246,2353,2426,2328,1573,1655,1462,1543,2653,7615,1407,1979,1436,3030,2886,1353,2049,2283,1955,2284,1396,1541,1354,1376,2311,7827,1480,2046,1531,2964,2851,1433,2185,2329,2031,2305,1482,1604,1444,1473,2320,7932,1480,2035,1578,2955,2914,1887,2148,2335,1970,2250,1512,1627,1413,1559,2379,7805,1619,1985,1525,2902,2857,1470,2120,2286,1925,2273,1395,1726,1426,1466,2307,7901,1507,2092,1514,3019,2959,1411,2262,2387,2109,2491,1500,2070,1476,1561,2361,vips
25045,17409,16871,17216,15757,16409,16711,17056,16560,15248,16319,15101,16598,16966,17269,16550,9849,2898,2603,2700,1192,1812,2670,2656,2332,1007,2145,1117,2463,2867,3163,2170,9881,2998,2799,2761,1424,1962,2780,3317,2624,1047,2256,1651,2559,2874,3034,2309,9897,2850,2618,2598,1457,1751,2643,2724,2392,973,2137,1438,2473,2766,2940,2046,9864,2934,2652,2655,2176,1806,2773,2877,2447,1051,2266,1682,2515,2767,3031,2210,9852,2957,2738,2689,2082,1824,2660,2847,2506,1066,2217,1597,2549,2815,3033,2215,9626,2837,2668,2585,1381,1715,2637,2778,2399,849,2125,1203,2432,2874,3104,2108,9920,3106,4034,2855,1569,1970,2878,2926,2822,1175,2425,1426,2630,2932,3176,2324,9866,3068,3158,2782,1542,1909,2824,3220,2476,1127,2309,1321,2573,2826,3181,2196,9835,3032,2657,2757,1491,1945,2717,2768,2419,1086,2338,1255,2565,2890,3110,2212,9821,3054,2745,2782,1326,1921,2727,2884,2374,1132,2224,1200,2546,2876,2948,2161,9625,2837,2544,2625,1258,1806,2646,2707,2385,987,2153,1089,2464,2758,2916,1946,9682,2914,2610,2632,1203,1806,2668,2639,2322,1025,2192,1142,2497,2704,2865,1982,9713,2922,2588,2657,1220,1834,2831,2733,2384,887,2138,1076,2457,2759,3033,2021,9797,3244,2613,2692,1266,1830,2860,2757,2301,954,2169,1124,2416,2931,2899,2014,9944,3052,2706,2753,1372,2056,2752,2853,2421,1066,2275,1146,2516,2812,2926,2048,vips
22971,15579,15253,15376,16126,16083,14947,15520,15132,15947,15314,15811,15043,15176,15549,15834,8432,1781,1886,1614,2413,2426,1776,2092,1970,2729,2114,2858,1672,1828,2089,2163,8326,1723,1840,1531,2467,2394,1811,2393,1932,2683,2050,2731,1698,1697,1743,2134,8607,1699,1787,1532,2367,2327,1765,2119,1795,2646,2108,2696,1699,1623,1555,2183,8324,1679,1872,1536,2363,2336,1665,2041,1798,2605,2153,2738,1676,1633,1623,2203,8387,1720,1866,1633,2357,2295,1516,1958,1959,2649,2098,2805,1630,1610,1593,2237,8239,1992,2007,1664,2356,2308,1568,1930,2005,2626,2082,2674,1706,1814,1734,2150,8282,1945,2119,1518,2316,2333,1557,1858,2250,2635,2092,2724,1623,1725,1957,2156,8249,1887,2565,1604,2397,2370,1594,2150,2159,2750,2221,2774,1714,1745,1912,2183,8027,1663,1704,1468,2325,2322,1436,1881,1957,2654,1932,2786,1564,1540,1753,2135,8010,1834,1748,1479,2405,2305,1494,1902,1908,2679,2057,2707,1575,1537,1804,2154,7887,1758,1737,1406,2272,2246,1583,1775,1767,2692,1971,2658,1554,1505,1774,2192,8144,1689,1827,1513,2293,2266,1760,1906,1862,2646,2038,2687,1631,1597,1958,2135,8207,1744,1843,1519,2401,2364,1868,1924,1897,2667,2050,2803,1608,1821,2038,2193,8217,1882,1798,1506,2377,2363,1759,1929,1993,2695,2070,2797,1668,1913,1906,2159,8282,1623,1797,1506,2374,2381,1577,1965,1859,2760,2091,2855,1650,1721,2023,2238,vips
24966,17203,16885,17334,16412,16422,16868,17446,16829,16049,17596,16014,17100,17071,17224,16923,9449,2311,2153,2359,1605,1616,2375,2419,2143,1448,2321,1492,2395,2507,2515,2004,9300,2154,2054,2250,2052,1600,2245,2421,2403,1416,2330,1408,2234,2223,2262,1867,9391,2211,2030,2271,1824,1701,2268,2401,2073,1463,2305,1500,2359,2270,2379,1962,9292,2158,2053,2189,1495,1514,2248,2452,2083,1384,2343,1431,2259,2251,2269,1860,9287,2151,2061,2156,1455,1438,2252,2389,2098,1414,2463,1794,2271,2211,2254,2060,9165,2229,2150,2308,1614,1464,2370,2494,2152,1494,2095,1587,2708,2432,2367,2092,9280,2188,2102,2232,1464,1523,2270,2363,2088,1474,1924,1453,2229,2229,2291,2059,9247,2216,2310,2265,1508,1567,2315,2434,2120,1491,2219,1478,2287,2304,2327,2135,9199,2196,2020,2291,1469,1481,2241,2441,2061,1356,1943,1368,2256,2241,2289,1909,9139,2195,2085,2292,1522,1490,2303,2513,2078,1418,2069,1431,2239,2268,2242,1829,9160,2126,2009,2216,1468,1431,2269,2385,2071,1383,2441,1366,2209,2234,2206,1833,9322,2249,2126,2419,1525,1595,2668,2455,2134,1426,2340,1559,2323,2296,2369,1978,9281,2394,2137,2318,1539,1530,2328,2469,2045,1421,2467,1437,2278,2299,2342,1971,9440,2408,2075,2325,1580,1446,2340,2410,2099,1495,2837,1455,2304,2350,2321,1918,9360,2201,2087,2267,1512,1502,2307,2550,2125,1407,2627,1407,2248,2252,2236,1893,vips
24571,16872,15845,16214,17237,17475,16259,15737,15721,17226,18446,16850,16163,16363,16489,16835,9649,2362,1734,1899,3019,3225,2329,1713,1735,3135,2564,3126,2245,2207,2328,2556,9459,2378,1634,1814,2934,3170,2240,1707,1925,3091,3029,3050,2066,2150,2210,2564,9566,2314,1657,1839,2914,3100,2661,1725,1829,3056,3294,2997,2235,2223,2292,2554,9557,2380,1735,1849,2913,3107,2321,1943,1735,3146,2782,3040,2199,2268,2122,2536,9567,2389,1785,1821,2918,3174,2373,1850,1852,3229,2885,3211,2136,2208,2182,2626,9514,2490,1768,1998,2935,3196,2491,1713,1960,3176,1843,3005,2523,2424,2301,2672,9358,2291,1655,1800,2939,3084,2256,1721,2088,2999,1605,2994,2118,2187,2252,2561,9411,2430,2294,1876,3030,3079,2323,1896,2105,3232,2442,3045,2260,2273,2363,2599,9382,2309,1607,1807,2967,3210,2206,1693,1739,3086,1785,3064,2114,2187,2151,2586,9341,2419,1642,1903,2983,3231,2361,1748,1695,3159,2138,3047,2247,2195,2226,2608,9300,2286,1590,1842,2910,3224,2137,1609,1602,3136,3517,2974,2083,2126,2125,2530,9437,2316,1746,1985,3006,3126,2596,1790,1743,3142,2646,3050,2217,2179,2311,2588,9521,2515,1688,1900,2995,3151,2287,1728,1706,3104,3132,3066,2168,2218,2290,2614,9506,2330,1667,1870,2968,3138,2355,1633,1660,3088,4407,2973,2149,2198,2192,2520,9486,2279,1617,1826,2909,3108,2233,1609,1616,3188,3613,3071,2092,2149,2188,2569,vips
24759,16820,17272,16984,16423,16499,16530,17910,17209,16142,18022,15852,17215,16988,16931,16869,9369,2201,2714,2162,1557,1854,2150,2979,2643,1573,2600,1602,2337,2303,2208,2278,9278,2015,2588,1991,1447,1626,1931,2892,2966,1509,2588,1379,2250,2114,2028,2253,9417,2042,2634,2079,1628,1633,2330,3006,2553,1584,2836,1492,2441,2113,2275,2412,9445,2127,2733,2110,1687,1724,3085,3077,2623,1989,2694,1541,2307,2162,2139,2236,9388,2301,2786,2102,1711,1887,3353,3103,2680,1689,2573,1654,2341,2181,2150,2128,9133,2575,2755,2100,1898,1615,2740,3131,2676,1705,2102,1597,2232,2289,2172,1993,9141,2541,2658,1967,1829,1515,2208,2867,2520,1771,1816,1420,2034,2053,2268,1791,9241,2372,3220,2007,1842,1626,2159,2977,2590,2200,2335,1568,2043,2090,2244,1866,9201,2368,2755,2136,1879,1633,2218,3107,2693,2264,2075,1642,2116,2175,2340,2027,9056,2154,2669,1996,1492,1426,2027,2944,2514,1984,2118,1536,1932,2033,2104,1806,9074,2210,2683,2211,1685,1995,2151,2996,2630,1931,3246,1656,2150,2087,2158,1922,9368,2599,2808,2341,1741,1803,2321,3162,2665,2280,2643,1897,2178,2282,2284,2051,9358,2223,2750,2292,1765,1622,2377,3070,2638,2142,2957,1848,2191,2155,2222,2049,9392,2253,2723,2545,1667,1647,2125,3040,2641,1997,3649,1895,2258,2210,2123,2025,9427,2162,2745,2238,1611,1659,2096,3148,2671,1792,3111,1782,2278,2156,2147,2004,vips
24261,16174,15467,16200,16605,16971,16036,15415,15294,16466,16345,16580,15837,16326,16063,16165,9459,1854,1351,1994,2603,2792,2025,1443,1416,2655,2442,2837,1869,2229,1965,2027,9273,1893,1365,1984,2533,2745,2061,1503,1733,2647,2437,2747,1868,2227,1959,2071,9333,1860,1404,2036,2536,2721,2095,1380,1436,2678,2493,2753,1829,2161,1977,2024,9327,1891,1434,1991,2569,2772,2158,1387,1451,2703,2536,2824,1902,2272,1998,2084,9408,1928,1371,2009,2638,2735,2112,1470,1469,2712,2435,2794,1817,2276,1916,2081,9259,1878,1398,2013,2547,2703,2091,1478,1590,2573,2515,2770,1838,2189,2081,2027,9198,1843,1385,1972,2537,2712,2127,1373,1539,2655,2488,2758,1787,2200,1881,2049,9238,1913,2028,2054,2595,2753,2202,1545,1527,2665,2579,2868,1885,2334,2032,2077,9228,1874,1310,1978,2604,2822,2057,1455,1398,2715,2469,2818,1845,2275,1910,2066,9190,1877,1403,2022,2546,2735,2111,1451,1342,2628,2448,2790,1803,2360,1966,2033,9128,1818,1419,1952,2532,2715,1991,1367,1360,2636,2364,2741,1800,2177,1852,2029,9248,1894,1526,2009,2565,2760,2060,1397,1433,2656,2467,2792,1839,2196,1952,2046,9359,1902,1504,2013,2553,2744,2058,1520,1435,2646,2621,2820,1788,2176,2003,2088,9323,1792,1438,2204,2527,2679,2204,1422,1366,2650,2547,2756,1787,2155,1899,2020,9318,1814,1465,1939,2508,2743,2049,1451,1317,2614,2441,2767,1761,2166,1911,2039,vips
24213,16521,17497,16653,16182,16211,16209,17947,17352,16198,16344,15574,16490,16315,16562,16413,8928,1830,3092,2022,1512,1595,2008,3215,3002,1843,2264,1537,2096,1867,2002,1806,8903,1978,3063,1981,1630,1621,1997,3536,3788,1911,2247,1522,2042,1943,1990,1893,9005,1946,3002,1945,1594,1586,2095,3125,2960,1993,2146,1466,2042,2194,1973,1853,9030,1926,3128,1966,1598,1668,2078,3287,3114,2069,2167,1516,1994,2196,2023,1912,9136,1846,3150,1988,1599,1564,2084,3293,3088,2238,1986,1587,1990,2061,2036,1845,9033,1834,3118,2262,1659,1633,2055,3309,3076,1962,1965,1396,2004,1901,2285,1729,9492,1873,3555,2003,1584,1587,2070,3173,3855,1959,2054,1543,2017,1934,2027,1781,9702,1942,4463,2072,1708,1687,2141,3621,3110,2109,2106,1627,2049,1984,2108,1909,9553,1841,3085,1992,1567,1666,2019,3375,3060,1923,1975,1503,1965,1832,2032,1808,9075,1848,3211,1968,1636,1666,1979,3389,3030,1923,2000,1562,1924,1843,2000,1798,8718,1748,3039,1902,1584,1578,1933,3150,2976,1851,1893,1810,1875,1764,1898,1680,8955,2159,3072,2034,1666,1836,2073,3253,2998,1948,1994,1878,1984,1818,2003,1819,8911,1870,3045,2011,1826,1981,2076,3285,2993,1904,2406,1577,1921,1820,2027,1832,8919,1891,3008,2073,1735,1784,1981,3311,3028,1849,2002,1504,2171,1898,1935,1789,8881,1804,3106,1937,1529,1612,2006,3465,3140,1865,2066,1427,1915,1797,1949,1725,vips
25663,17691,15944,17146,16820,16938,16814,16154,15894,16568,16700,17198,16942,17260,16969,17561,10248,2811,1549,2486,2159,2224,2506,1492,1501,2137,2557,2964,2500,2704,2477,2922,10130,2840,1579,2564,2134,2265,2583,1601,1925,2177,2581,2959,2542,2721,2496,2997,10063,2696,1515,2461,2107,2241,2519,1452,1517,2137,2562,2889,2459,2581,2379,2883,10058,2757,1537,2472,2018,2303,2539,1502,1600,2229,2534,2924,2446,2613,2385,2832,10098,2826,1505,2500,2120,2174,2481,1523,1521,2273,2553,2930,2496,2648,2414,2935,9926,2762,1557,2515,2012,2138,2506,1673,1520,2060,2542,2950,2451,2624,2607,2813,10083,2802,1746,2548,2132,2264,2519,1800,1590,2230,2633,2973,2439,2650,2452,2994,10081,2883,1666,2577,2193,2324,2597,1966,1645,2298,2715,3038,2483,2701,2504,3013,9939,2756,1401,2468,2073,2248,2433,1666,1476,2141,2476,2989,2374,2581,2367,2913,9888,2796,1441,2505,2071,2198,2411,1597,1440,2128,2517,2929,2443,2646,2366,2879,9836,2709,1385,2416,1963,2164,2378,1538,1422,2095,2387,2864,2388,2533,2257,2819,10049,2766,1499,2518,2161,2321,2462,1641,1545,2298,2574,2977,2437,2616,2426,2854,9979,2811,1452,2439,2024,2218,2369,1714,1480,2145,2479,2861,2304,2581,2351,2821,10102,2751,1433,2458,2044,2189,2534,1703,1444,2249,2433,2932,2410,2552,2343,2865,10103,2723,1407,2450,2065,2214,2425,1656,1424,2223,2563,2984,2358,2551,2345,2927,vips
22459,15073,15437,15710,15418,15675,15059,15892,15369,15599,15269,14678,15185,14831,15513,14949,8230,1726,2101,2116,2067,2177,2105,2264,2164,2622,2215,1692,1917,1598,2266,1649,8251,1694,2078,2079,2106,2208,2094,2280,2482,2626,2277,1714,1961,1667,2153,1718,8463,1693,2368,2042,2086,2211,2052,2227,2335,2730,2215,1688,2316,1641,2210,1746,8378,1601,2516,2011,2088,2291,2050,2333,2482,2643,2009,1785,1906,1549,2084,1946,8422,1628,2601,1974,2108,2387,2040,2346,2481,2709,1909,1776,1866,1551,2017,2186,8093,1659,2221,1923,2156,2304,2175,2746,2542,2633,2106,1684,1899,1538,2099,2162,8204,1560,2328,1998,2098,2250,2262,3101,2564,2673,2139,1626,1858,1581,2024,2021,8357,1748,2228,2230,2186,2256,2324,2766,2474,2846,2147,1879,1925,1706,2482,1826,8092,1554,1956,2177,2082,2078,2212,2473,2290,2605,1911,1686,1915,1489,2106,1609,8126,1718,2006,2275,2161,2172,2289,2595,2307,2730,1970,1790,1932,1633,2160,1634,7946,1611,1984,2154,2047,2097,2303,2312,2199,2634,1977,1522,1876,1550,2203,1622,8348,1758,2068,2352,2112,2221,2346,2470,2393,2705,2303,1843,2000,1748,2355,1675,8342,2002,2014,2126,2093,2186,2202,2353,2209,2642,2015,1712,1881,1672,2258,1650,8469,1753,2035,2153,2092,2157,2509,2411,2286,2754,2100,1679,1952,1757,2304,1654,8416,1736,2096,2186,2106,2135,2151,2506,2233,2637,2240,1949,1886,1686,2185,1639,vips
5162,558,304,336,348,346,323,3258,313,307,291,323,338,359,363,353,37,112,18,8,14,8,9,2111,8,3,5,8,17,13,11,18,11,135,0,5,1,2,1,2007,0,1,1,1,2,2,2,4,27,138,0,3,5,4,0,1811,3,5,3,3,4,4,5,5,30,163,2,2,1,7,2,2000,4,1,1,2,5,2,4,4,36,167,2,3,1,2,4,2065,1,3,3,3,4,2,8,2,22,132,0,2,1,2,2,1698,1,2,1,1,0,4,2,2,28,411,16,15,20,16,3,1826,5,1,3,4,14,9,11,7,15,139,0,2,3,4,0,1614,0,0,2,3,4,3,4,3,18,107,1,2,2,2,1,1778,2,0,0,2,1,0,3,2,10,92,2,2,2,3,2,1808,2,1,1,2,3,4,3,4,21,87,1,1,1,3,2,1815,1,1,1,0,2,2,1,2,36,137,1,3,6,4,3,1762,4,2,3,3,6,4,10,12,41,93,2,1,2,1,3,1742,2,0,4,5,4,5,3,5,46,91,5,5,6,6,3,1788,3,3,3,3,6,4,6,6,49,99,1,4,5,1,2,1976,1,4,3,2,5,4,8,2,vips
26864,18606,17288,17895,17407,17675,16989,17949,17215,16977,17059,17923,17908,18167,17398,18049,10026,3071,2164,2281,2106,2112,2054,2661,2166,1997,2152,3287,2889,2868,2255,2612,9740,3053,2113,2194,2001,2020,1990,2616,2122,1991,2121,3036,2832,2833,2195,2561,9991,3022,2175,2200,2045,2009,2010,2786,2218,2784,2216,3086,2795,2833,2167,2562,9829,3001,2210,2251,2109,2074,2092,2677,2185,3418,2201,3104,2841,2914,2227,2591,9926,3049,2235,2227,2252,2138,2059,2828,2173,3090,2186,3166,2895,2908,2152,2562,9607,2957,2132,2230,2114,1966,2051,2733,2411,2590,2206,3062,2851,2810,2255,2496,9753,2920,2103,2298,2109,2060,2008,2802,2240,2327,2168,3048,2859,2787,2241,2542,9760,3062,2240,2304,2097,2102,2131,2867,2228,2098,2205,3118,2818,2870,2569,2591,9674,3007,2221,2225,2083,2098,2007,2806,2156,1958,2108,3099,2863,2867,2139,2537,9637,3079,2141,2302,2044,1998,2022,2633,2197,1947,2122,3029,2842,2887,2069,2553,9549,3244,2131,2240,1990,1991,1984,2631,2180,1950,2123,3010,2795,2828,2101,2570,9751,2999,2146,2233,2109,2092,1986,2707,2134,2038,2096,3057,2804,2886,2108,2571,9881,3002,2160,2274,2103,2071,2027,2721,2176,1927,2158,3027,2841,2813,2256,2618,9888,2996,2162,2232,2018,2016,2169,2808,2594,1987,2132,3039,2775,2819,2124,2587,10014,3109,2249,2254,2102,2087,2082,2847,2208,2061,2255,3177,2828,2890,2220,2625,vips
22718,14921,15010,15517,15545,15677,14947,15168,14805,15248,14780,16632,14723,14775,15018,16002,8709,1601,1831,2110,2115,2332,1894,1826,1829,2361,1781,2650,1733,1544,1813,2552,8705,1680,1923,1960,2158,2326,2088,2171,1785,2357,1972,2678,1614,1646,1788,2639,8747,1919,1897,1965,2120,2273,1859,4297,1778,2326,1789,2625,1692,1638,1790,2606,8793,1987,1892,1937,2116,2296,1841,4216,1816,2446,1772,2494,1741,1718,1871,2598,8803,1645,2108,1937,2130,2265,1863,2292,1939,2407,1740,2593,1614,1593,1992,2713,8558,1581,2201,1938,2074,2236,1922,1929,2031,2361,1834,1923,1440,1503,2553,2504,8775,1639,1874,2002,2195,2263,2186,1886,1816,2407,1824,1860,1567,1580,2375,2588,9012,1588,1920,2051,2196,2288,2239,1927,1817,2395,1853,2271,1626,1647,2424,2626,9042,1585,1722,2038,2157,2255,2014,1837,1731,2330,1824,2054,1688,1694,1915,2550,9025,1562,1845,2303,2241,2245,2052,1774,1789,2378,1968,2095,1831,1678,1800,2482,8768,1521,1724,2002,2114,2252,1875,1803,1712,2299,1924,2885,1837,1613,1701,2518,8709,1561,1774,2064,2144,2250,1937,1913,1781,2354,1900,2502,1965,1678,1782,2485,8671,1571,1768,1975,2105,2254,1826,1846,1726,2344,1802,2603,1759,1593,1713,2563,8616,1510,1824,2012,2139,2178,2003,1783,2079,2302,1842,3316,1614,1626,1747,2523,8761,1558,1790,1980,2098,2304,1896,1840,1784,2409,1822,3057,1608,1607,1764,2634,vips
27419,18545,19098,18665,18010,18508,18342,18894,18869,18150,18823,20299,18920,19474,18859,18228,10092,1940,2811,2142,1711,1971,2311,2630,2701,1929,2742,2724,2786,3265,2554,1925,10017,2062,2879,2220,1847,1979,2404,2724,2719,1833,3143,2926,2836,3294,2624,2193,10024,2056,2823,2206,1719,1938,2777,2696,2691,1802,2858,2995,2837,3250,2612,2978,9965,2300,2875,2139,1756,1950,2321,2756,2737,1892,2833,2799,2822,3334,2565,2938,9880,2004,2898,2221,1687,1913,2307,2730,2665,1785,2813,2804,2850,3436,2522,2196,9714,2116,2920,2646,1715,1880,2339,2742,2773,1658,2870,1802,2876,3202,2613,2056,9894,2239,2789,2198,1726,1949,2342,2680,2630,1722,2758,1615,2796,3253,2532,2005,10493,2195,2915,2175,1837,2019,2439,2785,2707,1874,2853,2380,2786,3250,2583,2035,10750,2054,2833,2205,2159,2129,2318,2728,2743,1893,2820,2035,2875,3306,2582,1955,10443,2061,3857,2308,2044,2244,2486,2814,2833,1882,2937,2252,2928,3421,2653,1994,9888,1850,2766,2195,1987,2077,2293,2672,2653,1748,2821,3429,2811,3273,2457,1769,9859,1937,2835,2141,1984,2221,2245,2698,2697,1972,2773,2790,2808,3247,2528,1858,9856,1936,2758,2146,1782,2029,2289,2701,2656,1842,2764,2955,2794,3263,2548,1909,9930,1952,2841,2113,1708,1917,2255,2679,2684,1833,2815,4155,2733,3211,2479,1903,10039,1913,2840,2258,1679,1911,2284,2836,2673,1796,2818,3556,2723,3183,2454,1804,vips
22303,15964,14653,14788,15106,15095,14553,14544,14241,14887,14024,14946,14206,14353,14201,15140,8614,3014,1884,1824,2316,2200,2109,1571,1671,2384,1551,1884,1543,1643,1525,2362,8463,2808,1789,1895,2297,2164,2046,1551,1633,2379,1860,2009,1492,1681,1510,2368,8572,2864,1764,2374,2262,2140,2490,1608,1591,2345,1820,2157,1463,2545,1432,2237,8481,2784,1740,2682,2262,2140,1750,1806,1478,2334,2266,2245,1473,3904,1456,2302,8611,2998,1549,2282,2275,2170,1680,1833,1497,2412,2194,2241,1631,3087,1451,2289,8308,2844,1548,2306,2233,2086,1620,2279,1571,2339,1916,1752,2688,2328,1361,2223,8372,2835,1514,1703,2215,2081,1677,1748,1489,2304,1659,1612,2194,1799,1503,2241,8359,2900,1602,1822,2253,2146,1751,1562,1512,2392,1717,1837,1947,1669,1537,2333,8266,2838,1439,1663,2299,2089,1610,1482,1467,2311,1490,1634,1381,1556,1388,2231,8403,2879,1835,1770,2383,2190,1674,1634,1677,2424,1513,1766,1474,1593,1519,2295,8231,2797,1504,1654,2217,2048,1580,1478,1614,2325,1444,2088,1279,1496,1531,2186,8489,2837,1671,1761,2264,2099,1690,1542,1679,2344,1514,1995,1437,1557,1661,2255,8445,2842,1592,1722,2340,2151,1752,1561,1640,2393,1501,2151,1426,1634,1813,2305,8326,2764,1598,1743,2212,2026,1643,1768,1549,2349,1431,2375,1412,1505,1613,2198,8525,2914,1644,1769,2273,2165,1842,1574,1539,2388,1442,2165,1363,1557,1584,2215,vips
26473,17887,18635,18505,17570,18099,18277,19082,18892,17420,18457,17891,18475,18261,18731,17897,9598,1886,2774,2449,1626,2018,2633,3060,2951,1676,2694,2432,2662,2298,2667,2014,9522,1916,2739,2435,1736,2044,2611,3095,3121,1657,2707,2338,2702,2271,2676,1695,9612,3989,2697,2375,1649,2038,2698,2997,2958,1668,2649,2354,2731,2281,2777,1789,9624,4635,2826,2404,1721,2102,2571,3016,2980,1808,2743,2360,2723,2278,2670,1796,9664,2347,2756,2363,1689,2076,2571,3082,3045,1612,2699,2341,2718,2261,2693,1749,9383,1810,2744,2466,1643,2095,2564,3042,3024,1530,2693,2331,2749,2193,2774,1726,9481,1861,2793,2395,1700,2097,2561,3039,3082,1675,2680,2381,2719,2262,2715,2101,9521,1911,2848,2369,1943,2037,2622,3141,3078,1904,2754,2414,2701,2307,2716,2240,9447,1868,2807,2338,2166,1980,2614,3123,3054,1789,2726,2384,2738,2320,2705,1933,9458,1870,2883,2459,1858,1990,2595,3115,3112,1693,2721,2390,2698,2344,2684,1772,9212,1778,2727,2397,1685,1929,2515,3046,2980,1620,2635,2310,2665,2227,2554,1764,9479,1871,2807,2341,1803,2042,2570,3151,3013,1824,2651,2409,2714,2287,2634,1793,9563,1837,2783,2425,1755,1987,2572,3117,3040,1743,2738,2537,2698,2286,2697,1713,9629,1850,2761,2379,1686,1973,2703,3065,3040,1701,2695,2369,2644,2244,2608,1661,9796,1889,2930,2437,1654,2040,2664,3189,3008,1733,2836,2389,2641,2355,2674,1720,vips
23610,15911,14906,14936,16510,15971,14667,15052,14737,15723,14780,15028,14672,15095,14660,16032,9577,2303,1472,1359,2992,2414,1544,1487,1641,2637,1516,2179,1421,1768,1333,2636,9404,2315,1460,1261,2999,2358,1629,1625,1674,2688,1645,1996,1446,1791,1348,2591,9563,2311,1482,1379,3050,2419,1598,2094,1704,2679,1624,2140,1461,1795,1987,2648,9580,2302,1496,1348,2979,2401,1648,2419,1750,2679,1731,2052,1806,1835,1405,2613,9522,2361,1532,1369,2896,2406,1541,1762,1702,2666,1684,2012,1902,1806,1288,2632,9337,2294,2157,1312,2984,2394,1559,1989,1609,2598,1664,1795,1774,1740,1262,2630,9299,2286,2745,1347,2872,2358,1566,1917,1635,2629,1743,1899,1539,1805,1319,2621,9296,2337,2217,1649,3027,2353,1598,1861,1704,2738,1963,1932,1496,1882,1391,2601,9316,2330,1658,1545,2945,2363,1532,1736,1622,2698,1891,1858,1370,1910,1524,2612,9347,2342,1680,1475,3099,2410,1636,1792,1641,2704,1954,1852,1414,1901,1644,2687,9227,2279,1459,1325,2991,2351,1578,1612,1640,2688,1766,1840,1294,2001,1429,2622,9322,2277,1514,1432,2956,2399,1681,1631,1669,2689,1849,1938,1381,1876,1501,2616,9379,2275,1433,1324,2969,2339,1731,1566,1649,2636,1631,2028,1288,1890,1365,2624,9345,2264,1338,1291,2869,2349,1584,1485,1598,2649,1549,1978,1433,1773,1289,2544,9487,2286,1401,1335,2982,2400,1456,1559,1597,2693,1486,2039,1342,1744,1355,2627,vips
24823,16838,16839,17582,16400,17029,16810,17234,16692,15799,17356,16418,17499,16838,17584,16456,9102,1950,2198,2673,1695,2215,2344,2413,2111,1357,2391,2125,2966,2102,2820,1545,8956,1932,2161,2676,1785,2091,2350,2373,2130,1356,2362,2006,2917,2074,2773,1568,9005,1922,2133,2672,1991,2102,2297,2361,2659,1348,2321,2038,2870,2024,3303,1574,8986,1955,2181,2718,2393,2056,2355,2423,3011,1433,2550,2076,2967,2068,2807,1476,9063,1925,2147,2669,2172,2004,2335,2411,2978,2370,2500,2056,3005,2085,2847,1465,8719,1872,2155,2617,2068,1921,2365,2416,2225,2013,2308,1962,2802,2029,2789,1397,8811,1964,2212,2693,1863,2000,2386,2407,2126,1564,2393,2093,2819,2072,2901,1489,8770,2001,2212,2655,1746,2051,2408,2464,2120,1547,2454,2131,2803,2101,2860,1534,8793,1890,2171,2685,1591,1953,2360,2456,2103,1414,2375,2087,2873,2097,2817,1428,8848,2254,2269,2749,1644,2024,2442,2532,2091,1458,2446,2065,3002,2189,2900,1516,8661,2256,2137,2718,1580,2004,2363,2340,2072,1345,2353,2013,2878,2045,2843,1448,8935,2226,2211,2635,1553,2144,2395,2460,2170,1388,2503,2099,2921,2111,2779,1585,9097,1983,2230,2717,1660,2146,2404,2417,2151,1386,2458,2320,2966,2119,2858,1547,9152,1979,2168,3102,1685,2056,2376,2409,2048,1362,2381,2050,2892,2101,2704,1541,9041,1885,2230,2755,1609,2137,2433,2575,2097,1471,2503,2101,2844,2098,2855,1549,vips
23590,15840,14719,14727,15358,15725,14577,14879,15164,15709,15366,14564,15136,14997,14601,16237,9041,2444,1528,1355,2147,2269,1520,1622,2078,2769,2471,1899,1974,1787,1374,2944,8874,2447,1584,1311,2158,2257,1531,1873,2076,2753,2376,1849,2073,1774,1321,2917,9033,2403,1637,1313,2095,2246,1760,1783,2089,2709,2843,1876,3029,1833,1601,2876,8894,2405,1604,1354,2104,2252,2090,1728,2164,2760,3210,1933,3595,1854,1395,2914,8980,2452,1594,1464,2121,2306,1674,1660,2127,2744,3173,1942,2249,1827,1366,2873,8732,2413,1597,1594,2039,2141,1582,1609,2108,2666,2633,1772,2545,1753,1513,2824,8855,2355,1502,1643,2024,2200,1570,1584,1994,2706,2434,1809,1952,1804,1953,2815,8850,2424,1570,1728,2154,2263,1674,1607,2092,2753,2532,1849,1952,1772,1846,2900,8772,2452,1516,1633,2132,2265,1527,1626,2035,2802,2467,1762,1953,1770,1507,2968,8874,2549,1575,1648,2274,2347,1592,1730,2198,2924,2486,1903,2427,1887,1390,3024,8620,2357,1479,1361,2018,2159,1474,1552,1991,2742,2371,1750,1912,1759,1186,2900,8949,2485,1621,1603,2260,2374,1608,1721,2153,2896,3144,1869,2055,1845,1442,2974,8875,2358,1522,1385,2105,2217,1507,1642,2008,2741,2424,1819,1956,1794,1361,2909,8940,2376,1507,1883,2132,2214,1481,1598,2072,2775,2393,1825,1876,1731,1297,2878,9020,2430,1528,1287,2085,2287,1535,1665,2090,2890,2471,1820,1961,1801,1359,2995,vips
24781,17048,17301,17627,17148,17127,17141,17279,16875,16159,19327,16710,16921,16818,17659,16548,8994,1879,2346,2533,2083,2001,2546,2314,2091,1421,2846,2111,2191,1920,2545,1369,8968,1761,2350,2508,2065,1823,2603,2384,1997,1475,2887,2001,2114,1871,2538,1394,9048,1909,2402,2502,2109,1979,2599,2345,2074,1534,3754,2031,2224,1973,2982,1487,9059,1792,2374,2496,2132,1907,2523,2236,2067,1714,4405,1988,2141,1928,2550,1481,9139,1753,2375,2516,2105,1945,2548,2320,2058,2308,4007,2018,2147,1965,2526,1539,8784,1660,2406,2476,2072,1792,2500,2222,1968,1948,2006,1927,2065,1990,2547,1398,8939,1779,2392,2444,2084,1911,2527,2232,1996,1583,1698,2023,2097,2058,2553,1557,9115,1936,2408,2485,2228,2007,2606,2302,2219,1672,2323,2216,2134,2172,2634,1733,8904,1822,2383,2519,2085,1989,2525,2380,2193,1493,1667,2161,2112,2153,2585,1578,9085,1916,2490,2604,2259,2048,2626,2454,2148,1596,2318,2138,2187,2063,2615,1610,8857,1881,2397,2491,2099,2024,2526,2265,2068,1468,3468,1979,2098,2275,2562,1519,8910,1956,2489,2502,2082,2281,2602,2400,2164,1519,2580,2218,2097,1974,2549,1582,8955,1943,2331,2478,2143,2306,2510,2345,2158,1494,3014,2017,2089,1916,2584,1457,9066,1861,2407,2892,2151,2069,2634,2341,2107,1548,4157,2048,2120,1927,2608,1459,9003,1951,2431,2550,2137,2084,2596,2426,2062,1522,3533,2022,2110,1911,2532,1438,vips
24001,16925,15920,15693,16198,16578,15663,16194,16356,17266,18664,15976,16105,16595,15717,17712,9040,2557,1797,1430,2001,2248,1572,1966,2359,3088,2781,2286,2120,2566,1487,3336,8872,2470,1793,1424,1999,2192,1624,2056,2250,3103,2982,2178,2063,2522,1457,3221,9033,2455,1767,1421,1989,2226,1825,2007,2315,3150,3283,2286,2135,2528,1845,3296,8966,2553,1807,1463,1987,2268,1857,2069,2359,3105,2819,2227,2135,2536,1578,3347,8962,2563,1747,1413,2316,2223,1636,2029,2381,3170,2763,2240,2087,2585,1677,3372,8764,2548,1796,1413,3189,2226,1598,2040,2389,3114,1748,2225,2085,2554,2082,3297,8893,2596,1704,1392,3112,2217,1618,1999,2314,3086,1623,2231,2126,2565,2146,3319,8885,2503,1807,1465,2295,2283,1672,1969,2340,3215,2395,2224,2122,2649,1729,3323,8858,2622,1688,1573,2364,2285,1619,2033,2288,3170,1706,2250,2082,2640,1538,3942,8766,2587,1768,1529,2643,2268,1644,2093,2370,3265,2220,2221,2131,2648,1463,3426,8781,2566,1677,1432,2234,2171,1631,2014,2341,3108,3517,2110,2093,2525,1352,3374,8900,2555,1925,1497,2022,2276,1786,2028,2325,3271,2540,2220,2091,2517,1548,3402,8886,2539,1924,1471,1990,2226,1749,1981,2274,3223,3046,2158,2030,2515,1538,3350,8953,2501,1823,1722,2009,2164,1654,2042,2362,3162,4417,2106,2011,2542,1410,3315,9001,2651,1819,1394,2023,2292,1668,2078,2367,3875,3735,2196,2069,2628,1507,3489,vips
