From router 0 to router 0,From router 0 to router 1,From router 0 to router 2,From router 0 to router 3,From router 0 to router 4,From router 0 to router 5,From router 0 to router 6,From router 0 to router 7,From router 0 to router 8,From router 0 to router 9,From router 0 to router 10,From router 0 to router 11,From router 0 to router 12,From router 0 to router 13,From router 0 to router 14,From router 0 to router 15,From router 1 to router 0,From router 1 to router 1,From router 1 to router 2,From router 1 to router 3,From router 1 to router 4,From router 1 to router 5,From router 1 to router 6,From router 1 to router 7,From router 1 to router 8,From router 1 to router 9,From router 1 to router 10,From router 1 to router 11,From router 1 to router 12,From router 1 to router 13,From router 1 to router 14,From router 1 to router 15,From router 2 to router 0,From router 2 to router 1,From router 2 to router 2,From router 2 to router 3,From router 2 to router 4,From router 2 to router 5,From router 2 to router 6,From router 2 to router 7,From router 2 to router 8,From router 2 to router 9,From router 2 to router 10,From router 2 to router 11,From router 2 to router 12,From router 2 to router 13,From router 2 to router 14,From router 2 to router 15,From router 3 to router 0,From router 3 to router 1,From router 3 to router 2,From router 3 to router 3,From router 3 to router 4,From router 3 to router 5,From router 3 to router 6,From router 3 to router 7,From router 3 to router 8,From router 3 to router 9,From router 3 to router 10,From router 3 to router 11,From router 3 to router 12,From router 3 to router 13,From router 3 to router 14,From router 3 to router 15,From router 4 to router 0,From router 4 to router 1,From router 4 to router 2,From router 4 to router 3,From router 4 to router 4,From router 4 to router 5,From router 4 to router 6,From router 4 to router 7,From router 4 to router 8,From router 4 to router 9,From router 4 to router 10,From router 4 to router 11,From router 4 to router 12,From router 4 to router 13,From router 4 to router 14,From router 4 to router 15,From router 5 to router 0,From router 5 to router 1,From router 5 to router 2,From router 5 to router 3,From router 5 to router 4,From router 5 to router 5,From router 5 to router 6,From router 5 to router 7,From router 5 to router 8,From router 5 to router 9,From router 5 to router 10,From router 5 to router 11,From router 5 to router 12,From router 5 to router 13,From router 5 to router 14,From router 5 to router 15,From router 6 to router 0,From router 6 to router 1,From router 6 to router 2,From router 6 to router 3,From router 6 to router 4,From router 6 to router 5,From router 6 to router 6,From router 6 to router 7,From router 6 to router 8,From router 6 to router 9,From router 6 to router 10,From router 6 to router 11,From router 6 to router 12,From router 6 to router 13,From router 6 to router 14,From router 6 to router 15,From router 7 to router 0,From router 7 to router 1,From router 7 to router 2,From router 7 to router 3,From router 7 to router 4,From router 7 to router 5,From router 7 to router 6,From router 7 to router 7,From router 7 to router 8,From router 7 to router 9,From router 7 to router 10,From router 7 to router 11,From router 7 to router 12,From router 7 to router 13,From router 7 to router 14,From router 7 to router 15,From router 8 to router 0,From router 8 to router 1,From router 8 to router 2,From router 8 to router 3,From router 8 to router 4,From router 8 to router 5,From router 8 to router 6,From router 8 to router 7,From router 8 to router 8,From router 8 to router 9,From router 8 to router 10,From router 8 to router 11,From router 8 to router 12,From router 8 to router 13,From router 8 to router 14,From router 8 to router 15,From router 9 to router 0,From router 9 to router 1,From router 9 to router 2,From router 9 to router 3,From router 9 to router 4,From router 9 to router 5,From router 9 to router 6,From router 9 to router 7,From router 9 to router 8,From router 9 to router 9,From router 9 to router 10,From router 9 to router 11,From router 9 to router 12,From router 9 to router 13,From router 9 to router 14,From router 9 to router 15,From router 10 to router 0,From router 10 to router 1,From router 10 to router 2,From router 10 to router 3,From router 10 to router 4,From router 10 to router 5,From router 10 to router 6,From router 10 to router 7,From router 10 to router 8,From router 10 to router 9,From router 10 to router 10,From router 10 to router 11,From router 10 to router 12,From router 10 to router 13,From router 10 to router 14,From router 10 to router 15,From router 11 to router 0,From router 11 to router 1,From router 11 to router 2,From router 11 to router 3,From router 11 to router 4,From router 11 to router 5,From router 11 to router 6,From router 11 to router 7,From router 11 to router 8,From router 11 to router 9,From router 11 to router 10,From router 11 to router 11,From router 11 to router 12,From router 11 to router 13,From router 11 to router 14,From router 11 to router 15,From router 12 to router 0,From router 12 to router 1,From router 12 to router 2,From router 12 to router 3,From router 12 to router 4,From router 12 to router 5,From router 12 to router 6,From router 12 to router 7,From router 12 to router 8,From router 12 to router 9,From router 12 to router 10,From router 12 to router 11,From router 12 to router 12,From router 12 to router 13,From router 12 to router 14,From router 12 to router 15,From router 13 to router 0,From router 13 to router 1,From router 13 to router 2,From router 13 to router 3,From router 13 to router 4,From router 13 to router 5,From router 13 to router 6,From router 13 to router 7,From router 13 to router 8,From router 13 to router 9,From router 13 to router 10,From router 13 to router 11,From router 13 to router 12,From router 13 to router 13,From router 13 to router 14,From router 13 to router 15,From router 14 to router 0,From router 14 to router 1,From router 14 to router 2,From router 14 to router 3,From router 14 to router 4,From router 14 to router 5,From router 14 to router 6,From router 14 to router 7,From router 14 to router 8,From router 14 to router 9,From router 14 to router 10,From router 14 to router 11,From router 14 to router 12,From router 14 to router 13,From router 14 to router 14,From router 14 to router 15,From router 15 to router 0,From router 15 to router 1,From router 15 to router 2,From router 15 to router 3,From router 15 to router 4,From router 15 to router 5,From router 15 to router 6,From router 15 to router 7,From router 15 to router 8,From router 15 to router 9,From router 15 to router 10,From router 15 to router 11,From router 15 to router 12,From router 15 to router 13,From router 15 to router 14,From router 15 to router 15,Applications (Label Classes)
5089,3254,3138,3192,3195,3190,7296,4477,3071,7346,3049,6322,3122,3134,3192,3324,1635,40,39,41,33,41,3558,1453,23,2334,13,1537,49,35,29,31,1560,23,18,27,21,17,3751,941,7,2447,5,1820,35,19,16,20,1611,36,26,33,35,33,3077,1369,20,2386,11,1557,39,28,28,27,1617,38,37,30,26,45,3175,953,14,2584,11,1842,50,33,35,39,1616,43,32,35,36,35,3191,1007,15,2572,11,1761,41,34,37,39,1673,190,165,91,165,123,2996,1041,50,2825,21,2174,159,136,165,173,1589,71,58,56,57,49,2894,1106,41,2313,31,1454,58,51,56,54,1566,28,45,26,33,29,2861,900,15,2366,13,1582,45,33,27,28,1558,79,43,23,59,73,2958,1985,32,2209,8,1728,70,34,72,48,1535,25,21,19,17,19,3292,942,16,2451,6,1532,33,24,20,18,1569,73,52,25,72,46,3182,1676,28,2861,4,1683,45,25,48,51,1566,27,23,24,30,23,2860,908,8,2376,13,1556,50,41,53,36,1580,36,33,32,29,34,2930,1349,14,2393,13,1729,52,33,45,32,1600,28,26,19,24,24,2882,868,13,2495,13,1675,55,30,36,34,1686,34,34,25,23,22,3221,1480,12,2821,15,1884,51,28,37,28,ferret_IndirectBP
111,65,24,1675,1060,42,28,24,17,28,15,19,28,71,51,37,38,4,5,2635,4618,3,3,1,3,3,1,2,5,11,6,5,17,1,1,7025,10719,1,2,2,0,2,0,0,1,7,3,1,26,3,0,1889,7345,0,2,0,0,1,0,2,3,10,2,2,26,0,0,1833,3867,1,0,1,0,1,1,0,1,23,1,1,28,3,1,1835,1752,1,1,1,2,1,1,1,1,11,3,4,20,3,1,1778,1132,2,1,1,1,0,0,0,1,9,3,3,15,0,0,1678,862,1,0,1,1,0,1,1,2,7,0,2,14,3,0,1591,804,2,1,0,0,1,0,0,2,6,2,1,18,4,2,1556,795,0,0,0,0,2,0,0,1,6,0,2,11,1,0,1545,802,1,1,0,0,0,0,0,1,7,3,1,14,1,1,1545,788,1,1,1,0,0,0,0,1,3,2,1,21,2,0,1556,796,0,0,1,0,0,1,0,1,20,9,2,26,3,2,1558,783,1,2,1,0,1,1,2,1,4,4,3,29,2,2,1521,784,5,3,1,3,1,3,1,3,36,5,3,22,2,0,1510,796,1,2,2,1,0,0,0,0,17,3,2,ferret_IndirectBP
72,60,12,2054,1145,42,16,22,23,36,8,6,18,38,38,32,34,3,3,2809,4749,4,2,2,4,4,3,2,3,2,4,5,9,1,1,6052,10666,2,0,1,1,0,0,1,0,0,2,1,21,0,0,2235,7423,2,1,1,1,1,2,1,1,1,1,1,23,2,1,2181,4078,1,0,2,1,0,1,2,2,2,3,3,27,3,2,2251,2467,3,3,0,2,2,2,2,0,1,2,2,13,1,0,2185,1269,0,0,0,0,0,1,1,0,1,2,2,15,3,1,2082,1053,1,2,0,0,1,0,1,1,1,4,3,14,1,0,1981,986,3,1,2,2,2,1,0,0,1,2,2,23,2,1,1936,987,3,0,2,3,0,1,0,1,3,3,3,8,1,0,1926,958,2,0,0,1,2,0,0,2,2,1,1,7,1,0,1928,969,2,0,0,0,1,0,0,0,0,1,1,14,3,1,1931,983,1,0,1,1,1,1,0,1,2,4,1,23,3,0,1951,975,3,4,1,6,5,4,5,8,1,9,8,23,3,3,1918,955,1,3,3,2,4,2,2,4,4,7,7,19,5,2,1879,979,4,2,3,3,3,2,2,3,2,6,2,ferret_IndirectBP
116,72,21,1658,1700,54,15,31,27,21,13,19,17,23,28,30,44,4,3,3353,3674,5,3,4,4,2,3,2,4,3,4,3,16,0,0,7230,7015,1,1,1,0,0,1,0,0,1,0,1,19,0,1,2481,3938,0,1,2,0,0,0,1,1,0,1,3,21,2,2,2298,3126,1,3,1,3,1,1,0,1,1,1,1,31,2,2,2259,2763,4,1,2,2,3,2,0,2,1,2,3,11,4,1,1836,1872,3,0,2,0,2,0,0,0,2,1,0,20,1,2,1707,1705,2,1,2,3,2,1,0,0,3,1,0,20,4,1,1591,1622,0,1,1,0,0,0,0,1,2,1,0,18,2,0,1560,1567,1,1,0,0,2,1,1,0,1,0,1,10,2,1,1549,1540,2,0,2,0,0,0,0,0,0,0,1,14,2,0,1545,1551,1,0,0,0,0,0,0,0,0,0,0,14,2,0,1552,1572,2,0,0,1,0,0,0,0,2,0,2,19,2,0,1569,1543,2,1,3,2,0,2,0,0,1,1,1,20,5,2,1528,1522,2,2,3,3,1,1,1,1,1,1,1,18,1,0,1515,1504,3,1,1,0,2,1,0,1,1,0,0,ferret_IndirectBP
279,162,120,1241,1607,602,117,114,310,102,106,98,136,128,195,131,88,6,3,1507,4180,288,5,9,87,4,3,3,5,6,7,5,65,4,1,3258,8752,325,2,7,92,1,1,1,4,1,5,2,74,3,3,1319,5644,394,4,14,107,1,5,2,6,3,8,4,63,1,1,1243,3660,334,1,8,120,3,2,0,1,2,6,2,68,5,2,1179,2525,314,3,11,115,1,3,1,5,6,14,4,65,1,3,1108,1540,264,1,6,72,2,2,2,3,1,6,3,57,4,0,1063,1303,290,1,6,84,1,5,1,4,0,7,3,66,2,2,989,1262,312,5,6,78,4,3,4,11,3,26,11,55,1,2,959,1159,290,3,1,73,3,1,0,3,2,5,3,57,3,0,975,1182,317,2,4,107,1,0,0,2,2,7,3,56,3,1,948,1187,310,2,6,84,1,0,0,3,3,10,4,74,3,3,961,1207,345,1,5,102,1,1,2,3,3,16,4,74,4,2,999,1198,329,3,5,82,1,0,1,6,5,19,4,98,2,2,973,1178,332,4,7,146,6,4,3,5,4,9,5,72,5,4,992,1186,348,2,7,113,3,2,2,4,2,10,3,ferret_IndirectBP
165,90,26,123,1868,52,22,34,52,35,16,13,24,39,69,56,51,4,4,41,3064,17,2,4,16,4,3,3,4,6,5,10,20,1,1,34,6758,15,0,5,13,0,2,1,2,1,5,4,31,2,2,34,2598,23,2,4,19,5,5,6,7,6,35,7,29,1,2,58,2273,14,2,1,13,0,2,3,0,1,13,2,36,5,3,54,2360,14,4,0,17,2,3,4,5,3,29,7,12,1,1,36,1922,11,1,3,13,0,1,1,1,1,4,1,17,2,0,35,1847,13,3,1,14,3,2,2,3,4,5,3,25,2,4,46,1791,15,2,1,14,2,3,0,1,2,19,3,24,5,0,39,1706,18,0,1,14,1,3,0,0,3,11,3,12,3,1,39,1695,14,1,3,12,1,2,3,1,2,17,4,10,3,0,31,1724,10,0,0,8,0,1,0,2,1,8,2,17,3,2,51,1733,13,3,2,12,2,3,2,1,5,16,4,24,4,1,40,1704,12,1,0,17,2,5,1,2,5,20,3,28,4,3,86,1680,12,8,3,13,3,7,7,3,3,14,8,30,4,1,65,1685,18,4,7,18,3,3,4,4,5,9,7,ferret_IndirectBP
118,77,39,37,1165,36,13,33,24,25,11,8,20,27,58,52,41,4,7,6,3865,7,3,4,2,3,4,3,6,2,4,4,9,3,4,7,9835,8,2,2,2,2,3,3,3,5,6,9,29,6,20,5,5684,4,0,3,0,0,2,0,3,1,11,6,17,1,19,1,3338,5,1,1,2,1,1,0,0,2,2,0,21,2,13,5,2147,4,3,1,0,2,1,1,2,1,7,2,14,3,13,3,1257,5,0,3,1,2,2,0,1,1,4,3,20,3,13,4,1107,5,0,1,4,0,2,0,2,1,2,4,14,4,6,0,1014,1,1,0,0,3,1,0,2,2,5,1,14,3,4,0,1003,2,0,1,1,0,4,1,2,1,3,2,9,4,10,3,991,4,1,3,3,2,2,3,2,1,4,3,8,2,7,1,1000,4,0,0,2,1,1,0,3,1,2,1,13,3,17,2,1010,4,1,2,3,1,3,2,2,4,1,3,20,3,6,5,1011,3,0,2,0,2,1,2,2,0,2,3,38,3,51,7,992,7,1,3,1,4,3,1,2,2,8,5,30,5,26,8,990,3,2,2,2,3,4,1,2,2,5,2,ferret_IndirectBP
89,103,16,32,1347,28,16,21,10,27,6,5,35,43,36,62,43,8,6,2,4194,5,4,2,3,6,5,6,6,9,11,14,15,16,1,2,9574,2,1,0,2,0,1,0,0,0,8,3,19,13,2,0,7378,2,3,0,4,1,3,0,1,2,3,1,19,25,2,1,4010,4,0,1,0,1,1,1,1,0,1,0,19,12,2,2,3052,1,2,1,0,1,1,1,1,1,5,2,11,10,2,2,1351,0,0,3,2,0,1,0,1,3,2,1,15,8,0,0,1287,0,0,3,0,2,1,1,1,2,1,1,12,7,0,1,1208,0,1,3,0,1,0,0,1,1,3,2,19,5,1,0,1198,1,3,2,1,1,1,1,1,1,2,3,7,8,1,2,1148,2,1,1,1,2,1,1,2,3,2,3,8,4,0,2,1146,2,0,1,0,1,0,0,1,0,2,2,23,29,1,2,1201,3,1,1,2,0,0,0,3,1,3,3,25,9,3,1,1189,1,3,1,2,1,1,0,1,2,4,4,21,52,2,1,1163,3,3,1,3,3,1,3,4,4,4,3,36,36,2,1,1161,2,2,3,2,3,3,1,3,4,2,4,ferret_IndirectBP
59,72,12,35,1573,22,13,16,22,14,13,7,24,25,38,33,39,2,3,7,4271,2,3,2,2,3,4,3,3,4,10,4,14,2,2,4,7706,0,0,0,0,0,1,0,1,2,11,1,15,3,0,3,3227,5,2,3,5,3,3,2,2,2,25,3,8,1,1,6,2493,2,0,0,0,0,1,1,0,0,12,0,10,3,0,6,2264,2,2,0,4,0,1,0,1,1,9,2,11,1,0,5,1912,1,1,2,0,1,1,1,0,1,3,0,9,3,1,3,1598,2,2,1,4,1,2,1,2,2,6,2,14,3,1,8,1532,1,0,0,2,2,1,1,1,2,12,2,9,2,0,6,1474,0,0,0,0,2,3,0,0,2,12,0,11,3,2,8,1481,1,2,1,1,1,3,3,2,1,13,1,6,1,0,7,1475,0,1,0,1,0,1,0,3,1,7,0,16,2,1,4,1478,1,0,1,3,0,2,0,0,3,14,0,16,5,2,5,1449,0,1,1,0,2,2,1,2,2,14,0,17,6,4,22,1453,3,3,4,2,3,6,3,2,2,11,5,19,3,2,5,1442,1,0,0,1,0,0,1,0,0,5,0,ferret_IndirectBP
70,65,10,35,1185,31,9,17,21,17,8,6,16,22,17,29,33,2,7,8,4204,3,2,3,4,3,3,2,3,2,3,3,8,1,0,12,9892,1,0,1,0,1,1,0,0,1,1,1,12,3,1,10,9491,0,0,0,2,0,1,1,1,3,1,2,12,0,1,6,4745,3,1,0,0,0,2,0,0,1,0,1,18,2,0,13,1872,3,4,2,1,2,2,1,1,0,1,2,6,1,0,8,1068,1,1,3,0,0,1,0,0,0,0,2,11,2,1,9,956,1,0,0,2,0,1,0,1,2,0,1,13,2,0,8,890,4,0,0,2,3,1,0,0,0,3,1,14,1,0,2,864,3,0,0,1,0,4,0,0,1,0,2,7,2,1,7,870,3,1,1,2,2,2,3,3,1,0,4,6,2,0,3,871,1,0,1,0,0,1,0,2,1,1,2,12,2,0,5,875,2,0,1,0,0,2,1,1,3,0,2,15,2,2,2,867,0,1,3,2,1,1,1,1,0,1,3,11,1,1,5,876,2,1,1,4,1,1,3,1,2,1,4,16,3,1,5,884,2,1,2,1,1,3,2,2,2,2,2,ferret_IndirectBP
53,57,14,33,1666,18,9,9,7,42,9,4,21,29,52,38,33,3,4,6,3020,2,2,3,4,12,3,3,4,2,11,4,13,2,0,3,6952,2,2,1,0,11,1,1,1,0,6,2,16,2,0,1,4095,2,3,1,1,11,4,2,3,1,22,2,19,0,0,4,2811,3,1,0,2,22,1,0,2,1,14,1,14,1,2,2,2061,1,2,1,0,6,2,1,2,2,10,1,7,2,1,2,1873,2,0,2,0,7,1,0,1,1,7,1,7,1,0,4,1674,1,1,0,3,7,1,2,2,1,3,2,8,1,0,1,1604,0,0,0,0,6,3,0,1,1,7,2,14,2,1,3,1538,2,0,2,1,3,6,2,2,1,11,8,9,2,1,3,1527,1,1,1,1,12,3,3,2,3,12,4,5,2,1,2,1545,1,0,0,0,5,1,0,3,1,5,1,12,1,0,3,1544,0,0,0,0,14,3,1,1,4,17,5,16,1,0,6,1525,1,0,0,0,8,3,1,1,4,10,3,25,2,2,21,1517,2,2,3,1,40,4,3,5,1,10,6,23,2,1,2,1514,0,1,0,1,16,2,1,3,1,4,3,ferret_IndirectBP
4393,2933,2824,2922,2864,2883,4620,5577,2852,4388,2818,4148,2877,2875,2882,2872,1476,30,24,26,19,22,1835,2574,26,1029,25,679,48,23,21,22,1422,18,10,13,16,12,1820,1526,21,1102,21,805,46,10,10,11,1476,30,15,15,18,21,1824,1995,21,1015,34,706,49,18,21,21,1449,25,18,15,18,24,1827,955,20,1023,25,667,36,12,18,20,1451,23,15,17,15,15,1823,875,18,1109,23,811,41,9,14,17,1409,16,13,14,11,14,1819,1592,26,1008,38,690,41,13,17,11,1474,61,41,35,36,40,1843,1578,43,1047,49,728,83,34,41,40,1426,22,18,20,16,22,1820,2546,21,1074,56,695,42,12,10,15,1422,48,18,14,13,14,1817,4029,17,999,27,766,40,7,14,13,1408,14,9,13,12,9,1822,3339,24,994,25,664,47,6,13,13,1411,46,17,8,11,12,1809,2690,15,1190,34,769,39,7,16,16,1422,16,18,13,12,13,1815,2771,21,1019,23,664,38,7,16,16,1449,23,19,16,14,13,1819,2152,22,1096,26,773,44,10,18,19,1450,18,14,15,13,15,1817,1642,23,1006,24,721,47,9,13,16,1448,25,15,15,13,10,1826,2695,22,1148,13,823,34,12,17,17,ferret_IndirectBP
48,63,10,25,2028,19,12,27,17,13,9,5,24,26,13,23,37,3,5,3,3147,3,4,2,2,5,3,3,2,4,3,4,9,1,0,2,5615,1,0,1,0,0,1,0,0,1,2,1,14,3,1,2,2691,0,0,1,0,0,1,0,2,0,2,0,12,0,0,2,2516,0,0,0,0,2,0,1,0,0,0,1,11,1,2,0,2453,0,1,0,0,0,0,0,2,1,0,0,10,2,1,0,2110,0,0,1,0,0,0,0,2,1,1,0,17,3,3,1,2058,0,1,2,1,0,1,0,0,1,1,1,10,4,0,0,1988,0,0,1,0,0,0,0,0,1,0,0,11,4,1,1,1936,2,2,2,4,1,0,1,4,2,2,6,8,2,1,2,1904,1,1,2,1,1,1,1,2,1,2,2,6,1,0,1,1940,1,0,0,0,0,0,0,1,0,0,1,16,2,1,2,1937,1,2,1,1,1,0,1,2,3,0,1,18,2,0,0,1896,2,2,1,1,1,0,0,1,0,1,1,10,1,1,3,1877,1,1,2,1,5,2,1,1,2,4,1,17,3,1,1,1882,1,1,1,1,1,2,1,1,1,0,2,ferret_IndirectBP
68,56,11,16,1842,52,18,23,13,26,6,7,12,22,50,17,30,2,2,3,3683,9,2,3,3,3,2,2,3,3,8,4,12,2,2,0,7571,10,0,0,1,0,1,0,2,0,3,2,10,1,0,4,2669,10,1,0,0,1,1,1,1,1,3,1,11,2,0,0,2606,22,0,0,0,0,1,1,1,0,2,1,17,3,0,0,2520,4,2,2,2,2,0,3,4,3,9,4,14,1,0,3,2353,7,1,1,1,2,1,0,1,1,1,2,14,1,1,1,1913,6,1,2,1,0,0,1,2,0,1,2,12,2,0,0,1789,7,0,2,0,0,0,0,2,2,2,1,20,3,0,0,1720,17,2,0,0,2,1,1,1,1,19,2,8,2,2,0,1725,2,1,1,0,1,0,0,0,1,1,0,7,1,0,0,1740,3,0,1,0,1,0,0,1,2,0,1,9,2,0,1,1744,13,1,2,2,1,1,1,2,1,0,2,15,4,1,0,1696,10,0,0,1,2,0,2,3,0,1,1,29,2,2,1,1705,39,3,2,2,3,3,1,2,1,3,2,10,3,0,2,1689,17,2,3,1,2,1,1,2,1,2,2,ferret_IndirectBP
60,53,13,21,1843,37,17,21,18,19,8,13,20,29,27,19,34,2,4,3,2150,3,2,2,3,3,3,3,4,2,4,2,10,2,0,0,4587,1,1,1,0,1,0,0,0,1,2,1,15,1,0,0,2150,1,2,2,0,0,0,0,1,2,1,1,14,0,0,0,2292,1,0,1,1,0,1,0,2,0,1,0,24,2,1,6,2209,3,2,2,1,2,1,1,0,0,4,2,11,1,0,1,2051,0,1,1,0,0,0,1,1,0,1,0,13,3,0,2,1884,0,0,0,2,1,1,0,2,2,1,0,12,2,1,0,1806,1,1,0,2,0,0,1,0,1,3,0,17,1,0,1,1738,2,0,1,0,0,1,0,3,0,2,0,7,2,0,1,1700,1,0,0,1,1,0,0,1,0,1,1,12,2,0,0,1742,0,1,0,1,0,0,0,1,0,2,0,14,3,1,1,1745,1,1,0,0,1,0,0,1,0,1,0,18,1,0,3,1737,2,1,1,2,0,1,1,1,1,3,1,16,4,2,2,1695,6,2,2,3,3,2,3,3,4,3,2,12,2,2,1,1696,0,0,0,0,0,1,0,1,1,1,0,ferret_IndirectBP
91,24,13,18,1472,34,35,16,11,16,5,4,17,25,26,23,17,1,3,1,4977,2,4,2,2,1,2,2,2,2,2,4,13,1,0,0,8632,0,7,1,0,0,0,1,1,0,1,2,13,0,0,2,3457,1,5,1,1,0,1,0,1,0,1,3,20,0,2,1,2386,1,22,1,1,0,0,0,2,1,1,1,27,1,2,1,2214,2,13,1,3,2,0,0,3,1,10,2,11,1,2,1,1574,2,4,1,2,2,2,1,4,4,6,2,9,0,0,1,1455,3,5,0,0,1,0,0,0,2,2,2,9,0,0,1,1401,3,7,1,0,3,0,0,1,0,1,2,15,1,1,0,1328,2,4,1,2,2,0,0,1,0,3,1,7,1,1,0,1349,1,8,0,1,0,0,0,1,1,2,1,6,0,1,0,1347,1,3,1,0,0,0,0,1,1,0,1,15,0,0,0,1372,1,13,1,1,1,1,1,2,2,1,2,18,2,1,1,1344,1,5,1,0,0,1,0,2,3,0,2,18,0,2,1,1350,2,37,1,2,1,2,2,2,1,1,5,15,2,1,1,1322,2,12,2,2,1,1,1,2,2,4,2,ferret_IndirectBP
64,33,17,22,1689,21,21,53,14,22,11,6,23,27,31,48,22,1,3,3,4508,3,2,9,2,1,1,2,3,2,1,3,12,1,0,0,9007,1,0,9,0,0,0,0,2,1,1,3,15,2,0,3,4028,3,0,9,0,2,0,0,2,2,1,3,18,0,0,0,3684,0,3,21,1,0,0,0,2,1,2,4,12,2,0,0,3391,1,0,9,1,0,1,1,2,1,4,3,17,1,1,3,2256,5,0,13,1,0,1,0,3,1,6,5,15,0,1,0,1688,0,0,4,2,1,2,3,3,0,4,6,11,0,0,0,1594,1,0,8,0,0,1,0,1,1,3,3,16,1,0,1,1573,0,1,3,1,0,0,1,1,1,4,2,10,0,0,0,1545,0,0,6,1,0,0,0,1,1,1,2,7,2,1,1,1546,0,0,5,0,1,0,0,1,0,0,4,15,1,1,3,1578,2,1,15,1,1,1,1,2,1,1,4,17,2,0,1,1541,0,2,7,1,1,0,1,1,0,0,3,19,0,1,1,1531,2,2,49,2,2,1,2,3,1,3,3,26,1,1,4,1540,3,1,14,2,2,2,3,4,2,3,5,ferret_IndirectBP
81,28,17,25,1659,18,13,22,18,16,5,10,11,27,23,43,18,1,1,3,3649,2,2,2,2,4,2,2,1,3,2,1,14,0,2,0,7153,1,0,0,0,0,1,0,0,0,0,2,15,2,0,1,2814,1,1,0,1,1,0,0,0,1,2,0,10,0,0,0,2362,0,0,1,1,1,1,1,0,0,1,1,14,0,0,3,2208,1,1,0,0,0,0,0,0,2,1,2,12,1,0,0,1752,1,0,0,0,2,1,0,0,0,2,0,12,2,5,3,1663,2,2,2,0,0,0,0,0,0,4,6,13,1,0,1,1582,0,0,0,0,0,1,0,1,2,0,1,14,2,0,2,1536,0,2,1,0,0,0,1,1,0,2,2,5,1,1,0,1524,0,1,0,0,0,0,0,0,1,2,1,9,0,0,0,1548,0,0,0,0,1,0,0,0,1,2,1,11,1,1,2,1550,1,1,1,0,1,0,0,0,1,2,1,16,1,1,2,1522,2,1,0,2,1,1,1,1,0,1,1,17,0,1,3,1525,1,1,2,2,2,1,1,2,1,2,2,25,2,2,1,1519,2,1,3,2,2,1,1,1,1,1,2,ferret_IndirectBP
51,27,5,16,1163,27,12,20,19,13,4,6,9,21,13,46,19,1,2,1,4618,1,2,2,2,2,1,1,1,3,3,3,6,0,0,0,9561,0,0,1,2,0,0,1,0,0,2,1,13,0,0,2,6052,1,0,0,0,1,1,0,1,0,1,1,14,1,1,1,3838,0,0,0,0,1,0,1,0,0,2,1,17,2,1,0,2626,0,1,1,0,0,1,2,0,0,3,2,11,1,0,1,1279,1,1,0,0,0,0,0,0,0,1,3,14,1,0,1,1106,1,0,0,2,2,0,0,0,1,3,1,13,3,1,1,1056,0,0,2,0,0,0,0,1,1,0,1,9,1,0,1,1036,0,0,0,1,2,0,0,0,1,3,1,5,0,0,1,1024,1,0,0,0,0,0,0,0,1,1,1,7,0,0,0,1016,2,0,0,0,0,0,0,1,0,0,1,7,2,0,0,1063,0,0,1,2,0,0,0,0,1,0,2,16,2,0,0,1030,2,0,0,0,0,1,0,1,1,3,1,10,2,1,1,1018,2,2,2,1,2,3,1,1,4,1,3,26,2,2,1,1003,2,2,1,1,1,1,2,2,1,2,2,ferret_IndirectBP
949,569,575,555,2815,998,3033,586,775,550,513,497,628,515,545,582,296,3,6,16,2353,243,1035,5,86,5,3,8,7,5,6,6,293,6,6,10,3545,261,1096,2,85,6,1,6,3,2,5,5,279,3,4,8,2139,234,1200,3,94,2,6,5,5,7,5,5,357,10,7,23,2132,422,1726,7,133,5,10,7,15,7,22,20,301,8,6,17,2261,250,1386,8,108,4,6,12,18,7,24,24,288,4,2,7,1928,201,1179,3,57,0,1,2,2,2,10,6,306,8,3,19,1918,209,1528,7,79,11,9,11,8,11,13,10,309,1,8,4,1899,218,1014,6,68,4,5,7,7,4,15,14,281,3,1,7,1832,198,963,5,71,2,6,4,4,8,9,11,265,5,4,10,1829,227,1049,3,94,2,3,5,4,7,2,6,252,5,3,8,1812,219,1321,2,82,4,4,0,3,6,4,5,320,3,1,7,1847,272,1183,6,105,5,3,4,3,7,2,6,264,5,6,12,1801,236,1063,8,71,5,7,5,5,8,6,10,280,3,4,9,1891,322,1278,4,134,4,6,4,5,5,7,8,298,9,9,18,1893,280,2256,7,127,6,9,6,5,8,9,15,ferret_IndirectBP
2311,1559,1445,1492,1783,1601,3936,1492,1750,1547,1409,1386,1484,1427,1512,1436,780,12,12,7,129,27,2072,14,84,9,12,7,13,13,14,12,728,8,6,8,149,26,2041,8,88,7,5,5,5,7,7,10,748,13,9,7,135,33,2093,9,107,12,13,6,8,12,11,10,801,14,14,17,142,33,2336,12,136,10,15,9,18,13,30,16,804,9,9,11,148,26,2165,8,90,11,11,11,12,11,39,11,762,4,4,4,133,23,1987,3,59,2,4,2,2,3,11,3,743,8,8,4,135,22,2034,11,79,7,8,5,6,8,9,6,800,12,12,11,160,38,2109,10,84,7,11,11,13,10,24,14,780,9,13,9,123,38,2097,9,82,12,12,14,8,10,17,8,706,9,8,4,144,28,1999,11,108,13,8,8,9,9,24,5,695,6,8,10,94,21,1950,6,94,5,6,3,14,5,11,6,747,10,6,10,111,30,1985,2,100,8,10,7,7,10,19,6,722,11,12,16,113,34,1961,10,85,13,16,23,13,16,20,15,756,13,12,15,128,41,2067,22,112,9,15,17,13,17,13,16,722,14,15,12,149,38,2230,11,123,14,12,19,10,17,10,11,ferret_IndirectBP
141,96,94,96,96,94,187,95,92,90,95,93,92,96,95,94,50,3,0,2,3,1,97,1,1,1,3,1,2,0,0,1,48,0,0,1,2,1,97,1,0,0,1,3,1,0,0,1,48,0,0,1,2,1,95,1,0,0,1,1,3,0,0,1,48,0,0,2,3,1,95,2,0,0,2,2,4,0,0,0,47,0,0,1,1,0,96,1,0,0,1,1,1,0,2,0,47,0,0,1,0,0,95,0,0,0,0,0,0,0,0,0,48,0,0,1,3,0,92,2,0,0,1,3,1,1,0,0,46,1,0,1,2,1,95,1,0,0,1,1,1,0,0,0,46,0,0,1,0,1,97,0,0,0,0,1,1,2,1,0,48,0,0,1,2,1,96,1,0,0,1,2,2,0,0,1,47,0,2,1,0,1,94,0,1,0,3,0,0,0,0,0,46,0,0,1,0,1,94,0,2,0,1,0,0,0,0,0,48,0,1,2,0,0,93,0,1,0,1,0,0,1,1,1,48,0,0,1,0,1,93,0,0,0,2,3,1,1,0,0,47,0,0,1,0,0,91,0,0,0,1,2,1,1,1,0,ferret_IndirectBP
3123,1998,1896,1995,1961,1973,3738,2210,1939,1935,1942,1898,1913,1959,2030,2004,1025,13,17,16,14,19,1865,230,11,32,20,22,19,16,17,15,965,7,11,16,11,15,1847,207,8,15,17,22,15,12,14,13,1022,7,18,15,14,17,1848,219,12,17,21,21,22,8,10,9,1021,9,9,14,11,14,1852,215,12,22,34,21,20,11,14,11,1008,8,14,13,9,8,1852,244,13,26,24,23,16,8,15,9,968,12,22,16,14,18,1858,226,16,25,29,30,18,25,20,22,982,19,23,19,15,20,1860,254,22,27,31,27,21,21,18,18,987,10,10,13,9,11,1853,228,10,21,24,24,14,9,16,9,990,14,19,16,15,19,1857,180,19,27,27,32,15,24,14,17,964,10,12,13,10,13,1851,190,10,23,17,21,18,10,19,16,966,19,21,22,12,23,1851,168,16,19,20,25,16,22,21,17,994,9,12,12,11,12,1847,184,10,19,23,17,17,14,15,11,998,13,11,16,11,16,1844,183,17,17,19,21,23,11,16,11,1065,9,12,15,15,14,1852,195,16,20,40,24,21,15,16,16,1039,14,11,14,9,18,1850,232,10,22,30,23,20,14,16,15,ferret_IndirectBP
6751,4255,4121,4295,4150,4296,7208,5775,4212,6700,4091,6806,7101,4231,4216,4261,2160,22,24,23,21,18,2743,1165,38,1999,31,1202,1601,34,39,24,2086,23,16,23,21,20,2761,850,29,2105,30,1139,1965,29,32,20,2171,23,14,21,26,22,2371,1071,35,2079,33,1153,1619,32,37,26,2099,19,11,18,18,25,2478,1020,37,2222,37,1413,1732,31,41,19,2188,22,14,25,21,25,2519,710,49,2194,43,1222,1901,46,39,25,2179,102,56,33,68,37,2397,953,130,2215,117,1475,1891,132,146,67,2142,81,52,63,75,70,2424,949,78,2123,68,1160,1617,72,74,52,2129,18,10,20,20,22,2358,977,35,2172,36,1124,1585,37,33,20,2091,45,22,26,30,35,2196,1425,75,2042,40,1066,1738,40,52,37,2069,23,14,23,29,22,2623,1306,40,2223,28,1148,1560,37,46,28,2065,72,25,28,45,38,2414,1277,53,2142,25,1169,2093,31,52,42,2068,82,42,18,60,36,2652,1175,65,2234,39,1371,1687,31,50,33,2138,20,13,18,16,19,2412,1261,36,2145,33,1089,1910,32,47,26,2120,18,13,22,16,17,2352,1006,34,2101,31,1118,1715,41,35,23,2168,24,18,24,24,23,2507,1424,41,2254,39,1268,1943,40,54,31,ferret_IndirectBP
3658,2382,2279,2369,2384,2314,4097,4389,2302,2473,2257,2439,2467,2387,2347,2320,1200,17,11,15,12,15,1847,1921,19,154,23,150,118,52,19,13,1154,14,6,6,8,7,1838,1279,11,158,15,122,138,53,11,9,1201,19,11,10,11,11,1843,1567,14,178,27,146,119,66,16,12,1205,16,11,8,9,5,1843,1437,11,200,25,106,126,51,12,11,1167,16,10,6,9,7,1842,865,12,146,20,141,143,57,13,9,1143,16,11,8,7,5,1841,1281,13,142,19,100,108,51,11,9,1180,47,41,34,44,35,1868,1222,40,181,53,168,144,91,35,36,1162,17,15,13,14,16,1838,1260,18,176,28,109,125,58,12,13,1177,11,17,11,8,4,1841,2444,15,162,22,141,126,65,13,9,1123,14,7,14,7,10,1842,2546,12,208,21,123,114,65,17,9,1131,17,13,9,12,5,1836,1996,9,192,40,134,152,57,17,9,1162,18,20,11,11,12,1841,1843,16,208,24,122,122,58,23,15,1172,18,11,10,13,11,1836,1539,16,146,25,148,139,48,27,15,1189,15,15,12,11,11,1835,1262,14,155,32,103,126,78,15,14,1172,17,10,11,10,12,1839,2481,18,164,24,127,134,51,13,9,ferret_IndirectBP
3031,1987,1881,1958,1934,1953,3722,1932,1919,1913,1879,1887,1912,1918,1981,1945,992,9,9,21,11,9,1872,29,7,9,8,8,8,18,10,10,945,5,4,22,8,6,1859,21,5,4,6,4,4,10,5,8,970,6,4,19,17,10,1858,25,9,8,8,7,12,15,18,17,973,4,3,36,7,9,1861,35,7,9,10,6,5,16,7,9,985,8,5,19,10,8,1861,29,7,14,12,8,11,13,9,7,936,5,14,24,13,13,1868,35,12,21,16,15,17,19,13,11,971,12,8,27,19,16,1873,34,16,19,16,8,10,19,15,12,967,8,5,18,11,8,1860,28,10,11,13,7,9,14,12,7,968,16,12,23,14,18,1870,36,13,17,18,10,11,22,12,13,941,8,3,18,11,10,1862,31,10,10,10,8,10,16,6,8,953,11,15,19,13,10,1857,21,11,15,16,10,10,13,10,12,968,18,18,45,19,12,1872,28,15,23,21,11,16,30,17,18,972,7,6,34,17,9,1864,21,4,11,11,6,18,17,23,16,999,9,4,51,11,9,1865,26,11,10,15,7,12,18,8,11,977,8,5,36,10,8,1863,26,8,6,9,6,5,11,9,7,ferret_IndirectBP
8168,5259,5094,5274,5216,5241,7746,7298,5091,8246,5076,9898,8085,9304,5167,5262,2620,42,42,44,49,48,2220,1594,16,2675,36,3597,1478,1912,18,52,2539,31,23,44,26,30,2312,1355,11,2308,26,3588,1691,2230,15,28,2630,51,39,48,43,44,1817,1583,15,2480,47,3652,1529,2174,26,52,2603,37,25,36,31,38,1874,1198,12,2964,43,3822,1618,2303,10,44,2603,41,35,42,32,33,1991,829,13,2650,42,3711,1704,2455,10,48,2591,188,142,105,161,152,1768,1141,39,2584,100,3832,1721,2358,63,150,2626,118,97,108,121,109,1880,1066,79,2400,87,3536,1425,2032,79,116,2557,35,40,36,30,34,1715,1197,14,2736,42,3408,1491,1713,17,47,2562,46,38,41,41,50,1553,2011,86,2840,39,3404,1500,1862,25,42,2535,41,22,33,28,26,2010,2035,16,2322,37,3602,1518,1902,20,43,2495,87,40,29,41,43,1672,1678,34,2416,43,3657,1842,2152,30,35,2563,107,55,47,55,49,1941,1341,54,3467,44,3774,1523,2180,35,58,2633,121,52,61,82,48,2130,1591,52,3129,82,3808,1928,2078,45,74,2602,33,28,39,29,31,1699,1165,14,2576,44,3486,1442,1974,17,38,2618,50,55,45,34,49,2066,1914,13,2580,47,3936,1803,2436,15,58,ferret_IndirectBP
7705,4909,4937,4958,5097,4942,4748,7073,4844,11910,4726,9507,10102,9151,6830,4897,2474,34,33,37,40,34,44,1915,30,6375,32,4237,4065,2290,1078,34,2492,28,24,26,26,26,50,1605,24,5084,24,4468,4035,2459,1212,26,2507,31,33,30,37,36,44,1848,27,5263,29,4742,3939,2383,1245,30,2567,32,28,26,33,36,50,1527,24,7246,28,4677,4031,2450,1429,24,2489,34,32,34,34,35,45,1513,27,6580,30,4461,4070,2497,1324,24,2425,62,64,57,68,63,72,1263,64,6043,59,4030,3994,2369,1313,79,2489,92,83,92,95,79,71,1470,83,6252,89,4695,3743,2292,1150,74,2437,23,18,26,24,22,35,1233,20,6139,29,5152,3745,2256,1032,19,2420,31,35,33,31,37,52,2163,43,5431,38,4828,3687,2235,973,34,2383,25,24,28,31,28,36,2069,28,4127,29,4470,3956,2374,1078,29,2427,51,36,28,36,39,49,2083,28,4103,40,4451,4035,2445,1107,36,2405,85,70,49,52,50,53,1756,36,5926,35,4048,3929,2551,1363,34,2501,97,75,51,68,58,44,1936,43,7171,63,3935,4180,2360,1510,43,2407,83,43,33,64,58,77,1334,34,6114,50,3250,4202,2641,1128,48,2465,30,23,23,25,27,48,2207,25,7454,27,4077,4236,2610,1259,22,ferret_IndirectBP
7276,4441,4456,4501,4438,4378,4225,8013,4212,7355,4337,11881,7487,9394,8003,4631,2229,30,27,25,26,27,23,3591,28,2167,39,6038,2403,3479,1776,31,2243,24,21,25,22,22,20,3657,23,2106,29,6385,2701,3700,1923,30,2267,26,23,24,23,24,24,3525,24,2129,38,6307,2519,3530,1944,29,2239,29,23,26,23,23,22,3548,23,4598,47,6572,2491,3503,1990,28,2205,24,20,25,22,19,21,3149,24,3742,30,6173,2651,3756,2201,25,2147,47,47,48,42,45,45,3376,57,2301,64,5816,2432,3450,1892,52,2169,109,101,104,101,107,94,2948,91,2061,117,5931,2333,3432,1812,109,2119,27,19,22,20,21,18,3220,20,2618,37,5428,2311,3389,1718,23,2183,45,38,42,34,36,37,3380,42,2138,62,4896,2368,3430,1745,45,2186,31,22,30,26,28,23,3777,32,2583,34,5172,2610,3708,1867,30,2214,45,32,36,30,32,33,3434,35,3230,60,6973,2518,3520,1808,41,2226,66,37,39,30,34,44,3417,40,4964,112,7935,2467,3395,1923,49,2293,100,46,48,37,47,37,3388,44,5241,78,7941,2622,3389,2122,60,2330,126,60,66,50,58,48,3266,51,3062,121,7856,2614,3547,1808,74,2329,26,20,25,20,20,19,3649,20,3691,36,7937,2643,3678,2156,26,ferret_IndirectBP
5544,3500,3401,3569,3682,3626,3219,4418,4203,4216,3361,10637,9253,5880,5499,5170,1759,21,22,22,20,24,19,837,548,519,18,5138,5246,1595,1377,801,1713,17,17,21,19,20,15,884,546,580,13,6349,5123,1998,1372,871,1797,21,20,21,23,24,17,916,561,556,15,5674,5357,2081,1424,874,1851,18,16,19,14,22,11,920,602,588,18,7058,6039,2120,1477,988,1820,18,17,20,15,20,17,967,564,683,16,7739,5979,2220,1483,946,1625,17,24,22,23,22,21,853,465,527,20,6329,5409,1761,1291,712,1677,48,46,57,58,52,40,870,466,534,51,6115,5440,1803,1378,737,1692,24,21,21,29,28,13,835,436,557,21,5822,5565,1943,1342,850,1726,39,40,34,38,47,28,818,456,453,35,4794,5788,2089,1441,788,1694,20,18,20,17,22,14,837,470,491,17,5255,5838,2290,1410,752,1657,11,18,16,15,18,17,794,500,488,29,6795,5501,1900,1428,736,1774,16,24,20,21,24,21,849,538,502,37,7543,5544,1955,1350,940,1732,42,41,38,46,47,41,891,601,658,57,8372,6171,1729,1483,1118,1766,47,35,30,43,37,33,866,548,642,61,8720,5601,1750,1388,1154,1733,61,37,24,50,44,16,1106,708,763,31,7558,5704,2023,1819,1163,ferret_IndirectBP
834,590,625,649,672,568,1078,1231,799,656,684,620,635,584,606,583,32,0,31,29,59,0,558,357,134,81,64,68,64,29,29,0,37,0,29,24,81,2,514,427,131,75,63,65,69,22,25,5,40,0,29,22,57,0,407,438,138,69,69,62,59,22,24,1,35,1,43,22,67,6,391,447,160,64,111,63,61,20,23,8,30,0,29,25,67,0,427,431,115,92,58,64,67,26,26,0,44,14,44,28,62,13,488,450,116,96,78,127,134,26,29,21,44,12,32,32,54,13,502,326,133,126,82,69,67,29,26,6,47,9,40,32,93,9,411,438,139,87,105,76,81,32,33,12,39,2,29,27,52,2,388,355,129,74,79,71,57,29,27,4,35,5,28,26,100,5,558,345,152,81,81,67,65,26,29,9,28,2,20,14,50,2,362,325,124,63,68,50,66,14,17,5,28,1,23,17,56,1,378,367,120,69,82,57,56,17,19,3,33,1,25,22,61,0,385,380,108,70,82,59,61,22,25,2,33,0,26,21,59,0,397,334,116,69,104,55,58,19,20,2,44,0,29,26,69,0,427,408,149,88,70,72,70,23,25,0,ferret_IndirectBP
8816,5826,5653,5719,5616,5843,5607,7470,8520,5517,5468,9328,12586,10949,10396,9038,2929,35,37,35,27,29,29,1674,2955,36,133,2579,6271,5229,3350,1811,2842,31,30,32,22,21,22,1221,2984,31,148,3423,6624,4708,3564,1893,2879,35,33,35,29,28,28,2063,3050,34,166,2951,6829,5307,3443,1784,2830,33,31,33,23,29,29,793,2906,35,150,3291,7692,5450,3700,1787,2943,33,31,35,27,26,27,856,2881,37,131,3582,6824,5029,3751,1883,2830,43,48,52,35,52,50,1228,3045,58,130,2760,5357,5323,3464,1748,2917,147,144,157,127,150,141,1670,3211,132,252,2820,5888,4990,3457,1753,2799,108,109,125,94,118,109,1296,3038,107,208,3038,6367,4970,3428,1663,2836,101,89,107,77,91,84,2506,3003,93,140,2641,6565,5134,3404,1759,2672,44,36,43,32,33,38,2141,3002,40,112,2364,8050,4905,3286,1723,2736,54,57,55,42,57,61,1798,2905,58,146,3635,6432,4718,3296,1869,2907,56,63,63,50,65,62,1416,3060,66,152,3522,6627,5568,3461,1863,2987,100,104,103,79,99,87,1650,3098,92,180,3985,6796,5359,3650,1946,2963,96,85,79,61,70,77,1338,2773,70,211,3773,4994,4901,3434,1962,2931,127,93,100,68,93,86,1903,2927,70,288,3204,6491,4987,3875,2137,ferret_IndirectBP
8952,5803,6889,5755,5800,5770,5587,7705,8474,5612,9092,6777,8766,12638,8654,9240,2910,24,704,25,27,26,24,1616,2515,26,1930,699,2453,6895,2636,2243,2826,66,673,32,41,40,35,1587,2513,30,2121,688,2946,6252,2638,2238,2889,23,682,21,29,25,24,1852,2394,24,1913,820,2839,6222,2622,2193,2904,22,676,20,20,21,19,943,2498,19,1775,777,3155,6242,2763,2248,2892,23,694,23,26,22,24,869,2424,22,2102,806,2432,7776,3110,2337,2803,23,669,22,23,20,23,1231,2196,24,1792,705,2401,6691,2874,2082,2888,100,724,117,104,98,100,1199,2438,105,1729,808,2479,6634,2752,2218,2869,60,862,46,63,57,59,1727,2378,56,1666,710,2481,6341,2778,2319,2820,28,572,25,29,24,32,2113,2252,21,1531,650,2496,6975,2910,2216,2861,86,708,44,50,34,46,2109,2587,43,1757,759,3614,5908,2844,2512,2888,48,704,39,48,54,43,1717,2471,57,1885,665,2946,5178,3281,2346,2847,27,680,23,26,25,29,1377,2384,32,1853,710,2661,7039,2480,2288,2818,25,673,19,23,29,37,1596,2500,36,1920,766,2321,8135,2732,2251,2902,38,717,28,32,40,41,1439,2352,37,1805,859,2069,6836,2587,2313,2896,87,749,40,39,42,40,2067,2590,36,2655,924,3135,7300,2892,2560,ferret_IndirectBP
7152,6821,6875,4210,4222,4233,4132,6717,4278,3964,5452,4076,4644,8975,9443,7068,2298,2466,2931,45,43,48,35,2400,119,29,871,41,474,4822,6813,1968,2360,2568,2660,29,34,31,24,2153,158,28,884,41,423,5251,7028,2047,2404,2627,2462,17,14,15,14,2878,101,11,841,20,383,4432,6520,1998,2492,2558,2311,21,17,19,17,868,116,13,812,20,348,4819,5745,1997,2402,2547,2425,19,14,14,16,1170,118,11,873,18,418,6691,5389,2017,2308,2467,3185,18,16,16,14,1628,112,12,807,17,294,4130,6413,1902,2350,2548,3197,53,52,58,62,1750,140,45,817,66,330,4724,6884,1887,2345,2513,2511,49,54,46,43,2214,129,48,812,44,318,4983,5828,1964,2185,2412,2340,19,16,19,21,3518,103,15,735,25,292,5161,7230,1903,2291,2450,2339,33,29,39,32,3247,109,19,784,36,383,4369,7363,2052,2255,2402,2410,42,31,30,32,2766,104,30,803,40,322,3653,6755,1879,2429,2670,2457,48,43,48,34,2109,116,33,858,50,330,6250,6371,2169,2319,2572,2353,19,18,23,24,2440,100,20,817,25,394,5940,5810,1957,2587,2433,2340,27,19,26,27,1676,130,22,789,29,397,4001,6801,1944,2709,2677,2410,29,30,36,24,2581,141,21,1043,36,431,4973,6167,2105,ferret_IndirectBP
12236,9237,8979,9171,5916,5788,5480,7064,5793,5663,9347,5623,5939,7274,11003,7553,4678,3051,3983,2673,68,66,55,1298,59,59,2354,52,69,1075,7532,1330,4727,3075,3668,2362,41,43,47,1265,39,43,2439,41,43,1169,7604,1366,4804,3289,3106,2256,93,79,40,2213,61,53,2507,50,78,1353,7840,1397,4734,3169,2799,2330,16,42,17,859,16,16,2365,7,21,1101,7395,1381,4818,3097,3041,2345,27,32,30,904,24,23,2358,13,36,1251,6609,1484,4395,2739,4058,2149,17,31,20,1011,15,17,2254,8,23,1028,7147,1287,4530,2974,3526,2321,94,89,103,1065,90,98,2314,91,95,1089,7163,1316,4408,3134,3085,2270,42,51,45,1011,42,44,2304,31,48,1061,6346,1304,4321,2911,2841,2129,18,26,19,1740,17,17,2149,6,20,1040,8157,1301,4666,2991,2860,2343,42,49,40,1564,38,27,2297,33,48,1279,7908,1411,4633,3056,2900,2142,26,35,26,1216,27,25,2253,20,26,1091,5922,1359,4713,3350,2932,2262,37,65,40,1073,43,36,2304,36,47,1118,7860,1378,4821,3265,3013,2385,47,56,36,1169,38,32,2359,34,48,1099,6824,1525,4594,2955,2840,2209,22,71,24,958,23,19,2322,30,28,1135,7428,1770,5296,3281,2953,2416,40,77,51,1425,53,46,2615,83,70,1308,7796,1430,ferret_IndirectBP
14120,10588,9826,12166,7127,7114,6894,8823,9868,7214,10855,10552,7138,7258,10164,9049,4995,3075,4669,5815,73,67,55,1121,2071,66,2957,1799,63,69,3852,1338,4913,2967,4353,4606,51,52,40,1174,1909,44,3099,1860,43,42,3335,1375,4999,2930,4167,4402,60,62,40,1095,2029,53,3107,1693,55,51,3271,1409,5021,2891,3117,4279,48,33,23,1264,2171,22,2983,1896,33,32,3620,1389,5001,2955,3157,4340,28,24,22,954,1994,21,3068,1901,23,34,2877,1376,4732,2850,3244,4468,31,25,21,1241,1716,18,2867,1677,22,27,3612,1165,4857,2938,2835,4751,120,113,110,962,1830,105,2965,1695,117,115,3393,1323,5101,3161,2415,4794,94,85,59,1054,1792,65,3080,1755,75,59,2635,1326,4875,2945,2248,4534,29,28,22,1287,1813,21,3047,1366,25,39,3814,1457,5014,2939,2239,4373,63,47,49,1669,1930,74,2869,1673,53,51,3325,1301,5211,2963,2286,4345,66,58,32,1200,1906,33,3124,1632,63,44,2714,1564,4913,2881,2283,4371,54,40,32,1223,1965,30,2938,1701,34,41,3217,1347,5018,3022,2379,4471,67,58,48,1079,1877,50,3117,1832,58,61,2692,1496,5038,2862,2211,4288,75,31,27,1020,1995,26,2982,1624,28,29,4104,1385,5573,3165,2403,4464,86,68,48,1338,2293,43,3481,2249,49,59,3578,1524,ferret_IndirectBP
15744,10660,11098,11610,9823,10404,7921,9041,10242,7403,10106,10085,7378,7424,7995,8712,6812,2008,3798,4864,1567,1304,60,1366,2987,67,2280,1478,73,72,495,2290,6753,1948,4810,3995,1495,1097,41,1099,2926,41,2399,1478,33,45,497,7190,6660,1987,3950,4411,1547,1078,47,1419,2967,48,2664,1369,41,49,516,3678,7093,2313,3077,3792,1486,1218,50,1130,3078,45,2817,1641,43,50,499,3233,7319,2427,3293,3800,1508,1185,34,1214,3062,33,2833,1670,50,34,555,6657,6791,1796,4202,4023,1309,866,15,1044,2824,23,2641,1220,16,17,396,5135,6543,1878,3709,4276,1393,1012,89,1258,2954,104,2335,1311,73,81,485,2836,6552,1927,3349,4039,1548,1007,81,1089,2877,73,2087,1353,65,70,457,1983,6413,1670,3128,3726,1322,777,19,1847,2900,29,2737,1195,21,24,322,2561,6713,1997,3117,3638,1376,892,58,1411,2984,95,2719,1431,38,44,491,7969,6712,2085,3145,3688,1501,1157,42,1419,2881,44,2674,1412,64,47,554,2926,6568,1892,3174,3626,1450,919,27,1155,2984,35,2740,1308,24,38,381,1094,6603,1957,3184,3706,1387,979,37,1338,2857,42,2717,1374,34,41,411,814,6617,2065,3115,3622,1444,999,66,1093,2815,62,2432,1436,59,65,422,866,6934,2190,3150,3697,1445,1191,43,1697,2874,50,2528,1725,35,35,500,1162,ferret_IndirectBP
13576,9819,9962,10891,10676,11312,6979,8431,9968,7093,12348,11310,7049,7245,6951,7260,5184,4041,3677,4265,3153,1872,87,1423,2809,83,5503,3413,89,85,87,367,5201,4990,3747,3727,3043,1867,43,1046,2754,40,5799,3487,54,38,51,396,5140,4418,3313,5037,3172,1821,52,1431,2938,48,5126,3503,61,46,59,375,5293,3718,2918,3410,3172,1848,108,870,3184,112,6906,3441,112,96,111,394,5701,3785,2936,3382,3020,2046,66,1196,3015,67,6582,3755,65,53,71,349,5057,3189,3308,3750,3063,1658,22,1202,2892,27,6001,3238,22,21,26,277,5066,2451,3319,4127,3171,1926,107,1092,2828,112,5200,3318,129,106,108,365,5039,2303,2834,3666,3157,1748,87,1008,2836,92,4713,3295,93,71,93,373,5045,2156,2558,3376,3030,1646,26,1986,2847,32,5832,3110,28,27,33,279,5103,2184,2559,3320,2961,1674,46,1807,2880,54,6515,3156,58,38,44,371,4902,2254,2604,3343,3126,2068,61,1427,2779,55,5500,3349,67,47,57,348,5430,2225,2632,3338,3200,1666,31,1090,2944,38,5849,3273,39,36,45,302,5416,2288,2622,3347,2958,1898,38,1273,2834,40,6142,3446,44,36,54,316,5628,2199,2543,3249,2946,1655,54,1035,2735,58,6269,3308,57,50,62,343,5090,2218,2574,3278,2991,2133,74,1512,2806,65,6179,3651,66,65,76,360,ferret_IndirectBP
10663,7588,7176,9281,8502,8151,4986,6100,5479,4742,10929,7705,5073,5339,5218,5092,4479,2407,2620,5341,3185,1889,39,890,526,50,6559,1931,49,41,42,41,4515,6307,7045,4328,3120,2527,34,841,549,39,8033,1805,35,32,33,34,4355,3044,4895,4431,3065,1995,35,818,509,42,5840,1764,43,33,29,29,4431,2567,2227,4037,3165,1912,44,843,587,59,7658,1647,52,39,46,45,4939,4123,3567,3901,3246,2261,61,954,698,63,8517,2130,59,51,62,53,4582,3790,4442,4056,3131,2251,22,802,486,23,6723,1692,20,18,19,19,4136,2308,2331,4194,3123,1830,72,804,516,65,5589,1750,67,63,61,47,4099,2176,1955,4119,3094,2004,69,796,547,75,5602,1652,72,46,65,58,4043,1975,1790,3785,3029,1673,25,789,475,20,5952,1678,22,21,20,21,4230,2018,1851,3734,3041,1667,30,786,510,46,7415,1748,38,23,27,24,3942,2044,1945,3780,3202,1803,40,801,546,94,6112,1994,59,28,31,27,4161,2031,1860,3781,3116,1689,25,771,516,20,6269,1898,17,22,20,22,4995,2070,1890,3885,3164,1774,24,808,520,21,6470,2145,21,23,24,25,4711,1993,1794,3718,3074,1700,26,788,567,26,5251,1908,28,29,23,27,4572,2145,1984,3815,3275,1896,33,1086,676,32,5141,2272,33,31,34,34,ferret_IndirectBP
8616,6963,6789,8464,7290,8054,4246,6042,4320,4733,6404,7574,4336,4259,4045,3949,4810,2817,3354,5359,2369,3207,36,1514,33,168,1994,3821,28,31,24,26,5247,3156,5307,4054,2348,4229,22,1274,27,212,2623,3991,26,22,20,25,5122,2595,3662,5245,2433,3514,37,1468,32,222,1763,4288,29,24,28,30,5677,2626,2496,3665,2579,3130,54,982,48,412,2827,4706,68,48,72,61,5284,3567,2916,3758,2491,3366,61,993,67,327,3422,4213,53,47,50,45,5400,3948,3708,3967,2268,2605,18,1610,17,144,2225,3083,15,17,16,17,3996,2872,2762,4252,2500,2399,76,1471,70,203,1888,3166,73,65,56,67,4369,2678,2585,4095,2384,2345,46,1279,56,191,1774,3899,54,54,47,46,5561,2504,2379,3789,2330,2439,17,2177,27,127,1906,4467,26,15,33,34,5072,2516,2318,3650,2425,2417,44,2065,32,254,2430,4394,32,26,35,23,4334,2531,2393,3695,2477,2352,37,1555,19,168,2255,3684,28,20,25,21,5168,2527,2376,3651,2415,2249,22,1444,24,240,2566,3333,16,18,14,21,6059,2539,2369,3636,2360,2326,21,1466,24,169,2444,3097,19,19,17,22,5310,2486,2295,3578,2366,2280,26,1350,26,327,1909,2108,21,18,19,23,3887,2497,2334,3598,2433,2354,23,1644,29,329,1925,2288,17,20,17,22,ferret_IndirectBP
1658,1883,3269,4684,1042,3110,865,3925,951,1023,1264,5011,835,914,876,853,678,2005,2726,4489,27,2188,15,2793,16,29,471,6478,16,17,17,17,613,2704,4991,3878,23,6516,10,2013,6,20,468,6063,8,8,8,7,668,2197,3913,3457,35,3256,9,2524,10,29,406,6321,11,13,13,11,651,1682,2330,3329,48,2272,19,813,19,44,432,10167,19,17,22,17,744,2306,2654,3404,40,3602,18,859,19,31,514,5024,20,17,19,15,614,1347,4082,3747,29,3791,8,1723,11,24,467,3247,11,10,11,10,617,899,3092,4821,33,2233,13,1512,14,36,458,4015,18,10,13,15,624,864,2433,3802,40,2049,12,2347,12,34,436,5694,11,13,14,10,692,809,2306,3505,53,1951,13,4088,16,27,447,8597,21,14,32,24,566,804,2274,3446,56,1950,11,3414,9,26,403,7662,12,13,17,13,543,811,2281,3419,33,1919,7,2469,8,12,381,5376,9,8,10,8,604,823,2356,3436,44,1923,7,2202,6,35,402,5843,7,13,11,6,682,838,2306,3431,33,1912,8,2606,8,21,471,2428,11,11,12,8,597,792,2247,3345,30,1888,7,2044,9,46,398,1423,8,10,7,9,583,808,2207,3295,29,1878,7,2906,7,48,407,2234,10,12,10,8,ferret_IndirectBP
5128,1423,1111,1159,1198,1175,3486,2612,1123,1113,1109,1122,1107,1203,1196,1206,56,162,15,7,38,42,2277,1070,23,13,16,19,22,56,42,41,26,182,2,5,19,28,2227,916,13,6,6,6,9,44,41,26,49,193,2,7,27,26,2120,940,12,11,5,10,10,41,37,23,53,240,6,7,21,27,2142,918,18,14,8,10,14,42,41,28,41,216,5,4,8,27,2187,1050,14,10,11,10,11,39,35,27,31,184,13,9,10,26,2218,903,13,16,20,12,17,102,106,35,32,417,21,19,27,36,2242,732,16,8,6,10,16,45,43,31,29,198,4,6,17,27,2109,732,16,14,13,10,12,53,47,30,18,150,6,9,10,28,2094,729,16,8,13,7,7,33,27,27,27,136,6,8,17,28,2242,783,18,12,12,9,7,44,49,26,19,138,2,4,13,20,2051,802,9,7,10,5,4,38,40,23,20,169,5,10,18,25,2136,1040,16,7,8,12,7,53,46,27,38,152,5,5,24,27,2150,1160,16,12,16,11,13,42,44,30,51,122,5,7,19,21,2143,853,10,8,11,7,8,41,37,26,50,138,3,2,11,24,2135,987,15,10,8,18,14,49,40,26,ferret_IndirectBP
4749,5501,5036,5614,4370,4633,2400,3919,2391,5926,3493,3282,2452,2389,2616,2546,1809,3032,3710,3471,957,2124,22,1002,32,2269,2456,950,32,34,36,24,1744,3106,4471,3888,932,7095,12,1050,3,2332,6339,926,7,7,7,8,1871,2576,3623,4389,958,3617,20,1164,13,2368,6014,956,14,10,14,15,1989,1955,2792,3389,1124,2476,36,1114,43,2919,3576,1131,49,21,47,30,1904,1078,3016,2902,1109,4255,25,1084,12,2432,1875,1004,8,11,13,13,1765,595,3076,3012,707,3628,6,973,3,1841,1322,785,5,11,8,6,1768,719,3421,3141,701,2183,32,968,36,1968,1026,817,31,22,29,25,1757,572,2792,2963,818,2004,23,1000,22,2037,942,954,13,17,12,19,1778,725,2625,2973,1141,1963,28,1117,34,1868,1062,1057,54,17,68,52,1699,691,2531,2758,817,1899,26,997,27,2182,948,970,21,16,30,20,1655,704,2572,2709,801,1847,14,1045,20,1998,960,906,26,7,14,13,1776,688,2562,2757,754,1882,7,1018,8,2038,882,879,7,16,11,12,1748,1692,2574,2728,801,1871,10,1106,10,1817,937,826,10,14,14,14,1905,2671,2478,2670,824,1820,10,963,11,2231,889,728,8,16,17,17,1909,2111,2464,2688,1000,1822,11,1080,10,2117,985,789,9,14,13,15,ferret_IndirectBP
6837,5561,7697,6756,7757,7571,4394,6035,4540,8825,6164,5485,4348,4399,4384,4339,2291,2039,4136,2417,1899,4135,31,1426,39,3032,2738,933,30,37,25,28,2214,4487,3393,2288,1918,7707,17,1198,15,3173,7072,892,16,15,12,14,2325,6096,3153,2599,1955,7077,24,1409,32,3129,4776,978,24,28,23,26,2294,3119,2995,2117,1731,3748,41,1431,46,3242,3676,1003,42,46,44,39,2288,3392,3021,2123,2004,3396,35,1416,34,3251,2602,937,25,28,21,20,2211,5268,3663,2171,1670,4532,12,1210,13,3028,2091,875,11,12,11,12,2304,6845,3839,2299,1729,5506,74,1247,69,3074,1796,950,67,61,55,69,2293,1061,3359,2144,1694,1027,27,1167,28,2968,1684,943,27,26,22,26,2223,1008,3156,2110,1861,788,34,1990,58,2858,1603,928,37,29,34,38,2193,961,3057,2039,1688,726,30,1724,29,2958,1582,967,25,28,21,26,2182,1019,3149,2026,1843,853,31,1402,33,3144,1626,945,33,29,24,35,2191,976,3113,2001,1689,757,9,1254,14,3125,1641,941,9,10,11,13,2221,962,3088,2029,1953,1585,14,1321,17,3026,1604,940,19,15,18,18,2206,940,3021,1962,1795,2194,11,1078,15,2965,1558,963,17,14,11,20,2191,996,3028,2013,2092,2579,11,1401,19,3332,1621,906,16,17,15,20,ferret_IndirectBP
8328,7984,6695,7387,7884,8262,4512,5915,5053,8698,6416,7345,4647,4610,4710,4693,2899,3361,3654,2942,2056,3299,23,1165,385,2246,2777,2635,24,25,23,25,2855,3259,5341,2545,2050,3298,14,861,370,2309,7954,2640,17,17,17,20,2908,3102,4702,2497,2075,3086,41,1027,404,2179,3244,2659,36,43,34,47,2964,3156,3505,2464,2170,3186,34,797,417,2501,2550,2672,38,37,49,42,2991,3315,3073,2478,2148,3317,35,693,586,2435,3150,2796,31,39,43,42,2732,3607,3847,2457,1970,3285,8,904,320,2032,2876,2675,12,14,11,10,2791,3414,2502,2711,2016,3400,65,811,347,2005,2031,2711,71,56,57,78,2832,3267,1963,2786,2095,3222,14,925,306,2064,1869,2789,18,21,26,31,2901,3139,1867,2706,2214,3244,41,1527,376,1935,1792,2786,48,37,60,40,2753,3066,1845,2502,2086,3116,25,1509,376,2195,1803,2839,26,27,25,29,2787,3090,1913,2482,2030,3095,35,1127,384,2259,1794,2755,38,43,51,39,2843,3116,1880,2577,2009,3146,11,987,365,2243,1777,2966,15,20,16,15,2816,3142,1884,2555,2015,3153,13,985,351,2181,1793,2822,16,21,23,21,2869,3031,1795,2467,2078,3029,13,883,413,2204,1752,2775,15,18,19,20,2907,3037,1836,2511,2169,3111,13,1417,420,2410,1818,2749,17,20,20,22,ferret_IndirectBP
13853,8028,8472,8405,9480,7853,5765,8090,7939,8898,7463,6232,8324,5784,5930,5870,7204,4238,3473,1748,2680,3611,30,1880,1868,1695,3750,399,1335,39,38,30,6785,7180,4676,1714,2746,5700,27,1252,1842,1777,6902,418,1437,29,33,31,6707,4124,3901,1857,2940,4272,62,1674,1887,1796,4137,437,1492,49,74,66,6632,3297,3105,1806,2750,2895,36,815,1884,2011,3509,506,1678,43,51,53,6490,4771,3095,1561,3147,3555,77,1086,1955,1858,3304,451,1463,86,75,77,6371,3225,3933,1535,2532,2716,14,1276,1816,1638,2174,308,1172,18,10,12,6666,1977,2773,1598,2566,2112,80,1360,1880,1571,1686,407,1197,76,66,62,6788,1857,2344,1723,2545,1959,64,1203,1839,1581,1605,506,1265,56,65,62,6704,1798,2235,1840,2654,1876,49,2496,1877,1519,1515,548,1604,44,64,55,6337,1774,2208,1861,2654,1804,25,2922,1855,1656,1504,414,1236,33,24,23,6317,1796,2260,1477,2680,1809,56,2113,1862,1699,1548,391,1327,62,65,61,6504,1829,2311,1455,2744,1834,30,1805,1854,2019,1571,526,1506,26,58,50,6515,1812,2303,1655,2792,1853,18,1808,1856,1710,1544,368,1259,20,17,19,6459,1719,2186,1496,2745,1755,16,1278,1842,1595,1477,424,1603,23,16,19,6517,1776,2192,1526,2907,1829,13,2045,1973,1922,1591,414,1692,23,13,18,ferret_IndirectBP
15329,9168,10077,10459,9110,8639,7065,8612,11340,10694,8946,10699,10671,7194,7168,6999,8863,3448,4138,3084,1771,5520,52,1070,3671,1546,3491,1819,2398,46,43,51,7792,6930,4408,2890,1840,8262,38,957,3624,1588,8169,1806,2485,30,34,34,7835,3428,3609,3135,2404,6772,68,1048,3705,1583,4671,1740,2458,47,49,47,8098,3488,2649,3573,1881,3813,79,732,3756,1889,3918,1917,2676,56,56,53,8629,5213,2852,2591,2236,4072,81,692,3805,1775,3212,1839,2463,69,84,82,7360,3544,3309,3434,1879,2087,20,1002,3428,1566,2102,1494,2124,17,20,15,7072,2005,3580,3092,1981,1480,137,981,3585,1567,1740,1514,2204,117,111,126,6954,1846,2828,2813,1992,1283,69,983,3461,1665,1609,1743,2468,51,68,67,7031,1787,2613,3218,2073,1305,76,1659,3649,1510,1530,1693,2654,69,92,72,6809,1715,2579,2926,2417,1255,45,1655,3553,1644,1530,1654,2330,39,49,44,6716,1812,2644,2852,1992,1256,65,1167,3601,1775,1556,1741,2572,63,66,66,6843,1855,2718,3010,2074,1303,86,1419,3788,1934,1589,1950,2376,84,115,84,6979,1778,2672,3469,2074,1287,23,999,3647,1624,1509,1746,2361,23,23,23,6897,1677,2565,3095,1773,1182,25,904,3723,1487,1455,1665,2406,19,19,23,7064,1712,2568,2757,1749,1254,24,1249,3924,1878,1553,2062,2562,21,21,22,ferret_IndirectBP
16134,8883,9997,10201,12019,9154,7029,7567,11355,11284,10752,10055,11070,7104,7385,7275,8851,3672,3465,4242,4278,2734,62,703,3984,3188,4897,1541,3236,91,95,92,8142,7448,4043,6513,4348,9048,50,502,3778,3184,8229,1512,3407,80,75,76,8403,4798,3417,3419,4499,4820,63,672,3772,3175,4029,1468,3245,107,95,105,8144,4422,2747,6036,5315,3609,68,458,3629,3335,2686,1506,3252,107,109,111,8207,4636,2988,7499,4082,3798,75,497,3627,3253,2505,1509,3523,113,121,114,8063,3338,3390,7722,3615,2450,30,508,3592,2990,2549,1395,3157,64,65,53,8225,1895,3515,3547,3372,1640,113,597,3650,3166,1987,1458,3323,164,159,144,8093,1775,2996,3298,3435,1494,86,504,3715,3118,1495,1581,3337,117,130,118,8022,1700,2821,4203,4571,1458,85,890,3886,3055,1437,1617,3236,133,128,119,7679,1649,2689,6929,4030,1407,63,648,3625,3076,1410,1486,3286,96,87,91,7605,1739,2822,3427,3256,1404,77,772,3700,3278,1466,1446,3406,118,128,113,7869,1725,2830,3424,3921,1454,85,646,3808,3222,2044,1557,3354,130,134,135,7942,1608,2736,4469,3585,1384,38,710,3616,3117,2702,1461,3280,71,91,66,7985,1572,2650,5453,4464,1346,36,439,3693,3063,3313,1453,3154,82,71,74,7920,1580,2694,3248,4561,1350,34,631,3649,3259,3278,1484,3372,84,84,67,ferret_IndirectBP
14482,7177,8209,6370,13859,7544,4974,6413,11507,6989,5789,7139,7201,8566,6527,7854,7873,2203,5057,1404,5959,5446,40,904,6381,1451,3939,1465,1168,1484,466,1178,7114,8408,4112,2288,5541,7342,33,897,5985,1549,8227,1480,1226,1776,533,1230,6854,2715,4088,913,5221,6859,33,1011,5812,1548,8684,1508,1454,1912,664,1304,6858,2356,3528,1642,5987,5688,41,1015,5881,1861,5300,1590,1390,2101,891,1559,7052,4509,3379,1952,7014,3961,57,1074,5875,1861,3854,1631,1861,2244,937,1788,6841,3892,3338,2282,6436,1817,23,815,5898,1539,4421,1384,1143,1594,566,1280,7316,2106,3266,1015,7533,1662,69,889,6101,1471,2724,1491,1144,1865,858,1354,7074,1923,3084,995,5550,1458,44,896,6218,1604,819,1511,1214,1808,709,1420,6767,1809,2903,1206,5736,1456,61,838,6171,1343,381,1457,1149,1713,612,1406,6565,1830,2845,2002,7052,1428,46,914,6066,1606,703,1480,1823,2024,737,1497,6574,1905,2931,976,6201,1351,47,916,5848,1549,431,1463,1651,1786,713,1418,6944,1843,2926,938,7174,1516,70,875,6021,1537,484,1583,1552,2186,926,1784,7347,1968,3077,1275,6519,1655,85,1063,6210,1869,567,1652,2125,1744,1242,1881,7032,1835,2874,1444,6008,1473,87,1012,6052,1669,668,1557,1511,2467,907,1877,7425,2133,3133,1392,8637,1746,84,1291,6151,2105,971,1885,1675,2741,1190,1951,ferret_IndirectBP
19060,11187,11861,9026,11895,11040,8335,10109,15265,10614,11287,12027,12354,11493,9496,12628,9777,2751,4190,339,2232,3552,45,1261,6472,1702,3068,3139,3529,1605,767,3195,8864,4258,3589,346,2568,7110,38,1215,5992,1742,4185,3145,3566,1635,770,2914,9272,3116,3263,450,2721,3701,120,1146,5923,1825,2884,3495,3648,1677,881,2947,8675,2815,2987,354,3760,3188,54,1205,5889,1903,2608,3382,3556,1581,794,2994,8816,3825,3098,441,4221,3524,70,1185,5890,2089,3153,3446,3280,1779,869,2917,8597,3906,4046,334,2651,2801,21,1120,5896,1567,2967,3039,3598,1488,702,2816,9196,2494,3752,383,3447,1988,95,1191,6121,1619,2668,3039,3661,1512,806,2956,9055,2392,3352,375,2677,1877,67,1161,6271,2207,2564,3195,3675,1494,824,2945,8790,2277,3134,392,2586,1851,117,1318,6493,1590,2527,3448,3720,1621,841,2996,8483,2233,3057,388,4214,1789,58,1253,6196,1696,2462,3122,3666,1543,752,2927,8222,2270,3117,337,3449,1740,63,1201,5898,1545,2476,3035,3438,1672,681,2811,8405,2293,3168,394,4928,1823,88,1279,6040,1620,2557,3147,2808,1578,714,2982,8903,2435,3296,480,3729,1931,134,1341,6295,1777,2610,3268,2718,1679,759,3217,8656,2256,3106,469,2784,1798,122,1431,6154,1795,2487,3118,3954,1624,703,3137,9067,2515,3313,537,3547,2071,145,2185,6302,1830,2828,3549,4501,2219,1023,3376,ferret_IndirectBP
17470,9603,11398,8692,9136,9352,7586,9456,13498,11013,9473,11259,14542,10466,7422,10485,9852,4044,3569,59,727,2929,61,2469,5369,3098,3238,4006,7666,1899,62,2635,9245,9506,2771,62,719,8569,44,2911,5157,3019,5878,4112,6833,1851,49,2623,9557,8636,2535,60,677,4125,54,3050,4896,2948,4109,4347,7176,1897,64,2575,8852,9338,2574,118,691,2735,91,2542,4877,2961,3484,4588,6846,1945,106,2778,8531,4595,2688,137,790,3708,119,1749,5093,2445,2821,4803,4846,2098,124,2744,8479,2135,2850,30,587,2727,18,1799,4785,2547,2049,4332,5934,1792,34,2583,9189,972,2946,65,651,1604,64,1915,5060,2477,1958,3780,7576,1868,72,2781,9223,980,2895,148,796,1549,118,1946,5308,2865,1946,4424,7951,1910,159,2909,8930,873,2656,75,623,1483,67,2447,5069,3114,1821,4569,7150,1897,78,2720,8290,863,2563,61,625,1452,48,1775,4851,2904,1778,4870,5596,1844,68,2846,8304,872,2638,71,585,1409,53,1535,4915,2883,1845,4712,5966,1973,80,2892,8159,885,2703,60,586,1445,55,1295,4982,2566,1866,4938,4523,1847,74,2809,8434,934,2728,103,728,1474,81,942,4966,2912,1866,4810,3178,1915,96,2832,8419,886,2657,96,700,1374,76,1048,4870,2534,1785,4506,6052,1891,130,2682,8618,947,2715,113,879,1541,82,1360,4967,2907,1907,4245,7681,2026,129,2780,ferret_IndirectBP
11955,7783,6175,6047,5703,7729,5615,7547,12210,9158,6670,13318,12760,9727,5384,8423,6339,4031,77,52,55,4423,45,3532,6724,3854,4732,7041,8648,3130,49,2846,6080,6394,87,75,87,7638,59,3609,6419,4351,9624,7406,6791,3553,70,2822,5790,4848,73,30,58,5687,31,2681,6102,3340,6704,6320,7836,3338,37,2739,5622,4098,86,61,70,4856,51,1790,6048,3690,5211,6235,7265,3256,49,2823,5727,5255,122,108,102,4439,95,1548,6115,2654,3031,6900,5534,3440,77,2778,5593,3532,39,22,35,2745,17,1483,6029,3251,1717,7147,4529,3142,19,2729,5811,1860,67,32,50,1867,35,1314,6366,3113,1243,6445,7799,3144,36,2799,5916,1764,103,96,93,1739,80,2154,6649,3811,1219,6759,7910,3153,71,2822,5725,1619,59,34,49,1659,38,2971,6419,4314,1151,5907,7847,3169,40,2690,5391,1670,62,32,41,1681,35,1944,6143,3085,1163,7016,6648,3423,40,2867,5341,1644,45,33,39,1613,35,1784,6101,2541,1171,5935,6746,3334,31,2873,5355,1640,71,26,42,1652,31,1158,6268,2981,1197,6690,5354,3203,36,2738,5548,1694,77,42,58,1660,59,713,6242,2461,1207,6477,2649,3350,52,2799,5510,1624,90,36,44,1602,36,633,6005,2614,1151,7031,3596,3277,36,2721,5552,1674,104,53,69,1673,48,711,6115,3866,1236,7604,6245,3370,52,2724,ferret_IndirectBP
1218,1140,1007,1067,1050,1061,2903,1024,998,996,958,969,1008,1039,1096,1075,104,25,53,13,21,11,1929,28,9,7,7,8,19,11,34,20,36,29,13,6,10,7,1920,19,2,4,5,4,6,6,15,8,83,25,17,5,13,2,1922,23,4,5,5,4,9,5,12,5,65,51,33,6,9,8,1920,28,7,5,5,7,4,7,12,7,75,32,14,6,10,4,1916,26,7,4,5,4,5,8,13,6,33,24,15,2,2,3,1912,15,3,1,1,1,3,2,7,7,55,31,15,8,13,11,1916,21,9,6,2,5,9,9,18,8,46,29,11,4,5,5,1916,22,2,4,2,3,6,5,14,4,37,31,12,5,9,3,1916,28,6,4,3,4,3,5,9,5,20,26,15,6,7,5,1914,24,6,2,1,4,4,5,9,6,22,20,11,7,5,4,1903,12,4,2,3,3,7,4,6,5,43,38,23,3,9,7,1912,16,5,6,4,3,5,9,9,6,61,24,16,6,11,4,1915,15,7,6,5,2,7,5,17,4,91,60,50,8,9,5,1910,17,7,6,6,6,7,10,15,9,85,54,32,8,8,5,1921,21,6,4,6,4,7,8,14,8,ferret_IndirectBP
6279,6627,3978,4120,5303,6465,3935,4370,7488,4847,5659,8824,8242,7725,4358,6515,2035,2730,31,35,888,3184,25,213,5008,828,3754,4165,4592,3570,233,2003,2004,4096,26,31,900,6292,25,181,5475,895,8044,4362,3612,3630,251,1987,2076,2761,22,24,891,4077,17,188,5160,836,3406,3969,3989,3199,242,2080,2130,2715,71,65,1009,3685,58,339,4478,1037,2640,3591,4532,3403,477,2602,2127,3656,61,72,1113,4044,55,282,3993,1130,3128,3859,3758,3656,361,2373,1975,4248,20,20,834,2931,15,192,3338,846,2501,4074,2653,3162,265,2025,2094,2638,49,70,955,2107,52,199,3092,827,1784,4561,4577,3194,332,2259,2015,2468,50,65,873,1963,47,226,3014,856,1659,4236,4159,2958,298,2213,1874,2299,52,65,898,1916,46,203,3064,766,1592,3440,3795,3026,250,2149,1896,2312,24,32,909,1910,27,188,3070,877,1604,3938,3662,3602,303,2408,1890,2330,22,28,776,1820,15,157,2946,751,1575,3785,3544,3215,255,2114,1817,2328,18,23,806,1903,16,156,2991,760,1587,3851,2752,3215,268,2077,1906,2393,47,48,876,1993,45,211,3111,886,1674,3913,1815,3465,490,2244,1993,2274,33,34,873,1835,26,211,2946,836,1582,4617,2414,3819,227,2194,2019,2415,55,48,1140,1996,33,298,3131,999,1797,4977,3728,3725,364,2494,ferret_IndirectBP
7569,7109,4996,5059,4964,6810,4971,4886,7134,5807,5811,12706,5643,8004,8356,7596,2489,3212,30,23,52,4064,34,63,2294,953,3432,6077,578,2881,2853,2606,2505,5615,20,21,37,6178,26,46,4611,960,5606,6152,565,2783,2840,2592,2540,4157,15,18,50,4793,21,56,2779,1046,4895,5989,534,2932,2745,2642,2508,4141,77,83,115,3445,86,98,2359,1086,3884,4857,645,2849,2809,2775,2537,4282,59,53,115,4274,68,85,3164,995,2154,6576,685,2842,2780,2762,2487,3928,12,15,52,3362,18,45,3304,900,1118,6250,525,2947,2673,2661,2466,2359,52,60,80,2188,60,80,2334,1012,1037,7706,593,2999,2837,2736,2526,2149,69,57,99,1880,68,94,2177,1053,1040,6289,592,2945,2874,2749,2436,2029,64,67,82,1818,69,92,2067,973,1009,4956,597,3075,2763,2749,2375,1998,34,23,79,1763,33,77,2087,1051,935,6040,583,3015,2694,2842,2394,2039,37,37,65,1729,42,63,2098,1054,944,6258,570,3065,2713,2642,2509,2077,57,67,93,1840,65,90,2126,1096,1054,6124,597,3210,2911,2834,2532,2060,47,52,77,1822,57,69,2072,1042,965,6061,565,3080,2896,2778,2459,1988,59,49,74,1732,56,68,2018,967,958,6375,575,2951,2716,2736,2456,2009,57,61,90,1743,68,66,2052,1049,997,7997,641,2910,2795,2695,ferret_IndirectBP
5465,5948,4398,3323,3317,5364,3268,3415,5750,6935,4676,7381,3139,7516,8591,9809,1744,2685,583,29,29,2458,20,29,3082,3408,4453,3283,30,3891,5984,6329,1689,3124,615,38,29,4680,20,31,4131,3379,8077,3586,31,3608,5097,6333,1669,2394,601,27,24,2780,19,45,2937,3292,5679,3456,30,3307,4839,6299,1706,2458,639,53,64,2045,38,67,2798,3404,4642,2962,64,3567,4817,6375,1796,2901,569,42,45,2805,36,51,3856,3522,3376,3821,53,3479,4769,6310,1646,3389,528,29,20,2801,17,32,3599,3355,2001,3958,17,3212,4917,6978,1730,2771,549,54,57,2411,35,59,2671,3495,1612,3587,56,3512,5181,7555,1713,2532,530,41,48,1911,31,52,2436,3574,1520,3562,63,3400,5233,7050,1631,2412,563,60,71,1815,46,83,2335,3545,1519,2808,76,3418,5153,6835,1612,2399,537,45,46,1809,37,48,2355,3807,1472,3202,48,3417,4798,6438,1559,2400,615,35,43,1786,23,46,2380,3562,1474,3675,46,3399,4830,6364,1625,2447,620,73,73,1818,50,78,2360,3517,1510,3729,69,3323,4915,6395,1684,2443,643,52,62,1788,49,70,2340,3517,1521,4049,59,3228,4926,6515,1736,2395,649,60,61,1754,41,58,2326,3408,1457,3609,55,3508,4844,6436,1782,2374,634,58,67,1749,41,55,2298,3583,1467,3855,49,3796,4871,6381,ferret_IndirectBP
7076,5463,5836,4408,3946,5826,3526,3639,5860,5408,5017,3982,3401,8222,8254,7187,2829,3779,4709,375,111,4575,19,34,2242,1722,3806,492,25,4685,5188,3318,2773,8281,5034,371,126,5649,26,42,5858,1710,9460,548,24,4032,4539,3361,2850,5135,4173,367,145,5174,22,40,2573,1649,4261,512,21,3375,5266,3369,2802,4551,3546,438,248,4156,47,57,2249,1793,3395,581,55,3676,4325,3620,2911,5829,2590,445,237,3759,47,62,3591,1870,3924,647,47,3570,4270,3502,2693,3766,2396,384,128,2460,7,26,3243,1626,2600,514,12,3088,4375,3481,2760,1884,1873,394,153,2246,31,43,2256,1716,1572,519,31,3130,4538,3630,2789,1767,1722,381,212,1912,32,49,2014,1838,1489,559,39,3659,4502,3566,2670,1695,1658,406,155,1852,41,67,1921,1724,1438,511,43,3729,4398,3514,2741,1694,1639,382,175,1858,26,39,1990,1833,1430,562,26,3594,4175,3536,2683,1722,1670,433,188,1871,45,60,2003,1822,1440,489,46,3032,4228,3417,2645,1700,1696,394,238,1821,28,40,1972,1920,1410,519,25,2815,4198,3486,2791,1721,1701,459,191,1864,41,52,1948,1836,1471,574,43,2560,4291,3496,2757,1658,1660,403,299,1785,26,44,1875,1732,1413,564,37,2906,4184,3427,2781,1671,1694,462,378,1868,45,52,1993,1930,1498,601,44,3775,4213,3401,ferret_IndirectBP
7118,4105,4562,4465,2692,4587,2513,2636,4437,2366,5571,2490,2539,8118,7222,2561,4470,3483,3550,2818,33,3006,15,21,3199,25,3452,39,17,8328,5395,28,4453,8930,4224,7484,46,6838,25,27,6489,24,4646,45,32,9764,4687,29,4599,4265,2569,3010,50,3772,34,37,4524,34,4064,49,37,9634,5027,43,4632,3676,2136,2048,47,2828,29,57,4566,40,3231,57,47,8929,4341,54,4608,6904,2767,1857,62,3756,33,50,3219,39,2806,57,44,7925,4313,56,4527,4433,3440,1350,29,3436,9,20,2336,21,2546,32,18,6973,4483,20,4567,1766,2344,1261,38,2318,18,27,1929,32,2554,44,28,6314,4770,31,4591,1634,2051,1229,55,2084,35,51,1882,47,2243,61,49,6532,4804,48,4471,1581,1948,1221,55,2003,31,41,1775,43,2159,60,34,8149,4569,47,4654,1594,1937,1246,41,1973,29,34,1790,40,2144,55,36,8902,4296,43,4747,1584,1977,1183,51,1963,44,56,1830,50,2173,53,62,7428,4372,75,4640,1594,1950,1225,34,1950,22,36,1804,25,2196,56,25,7761,4393,47,4554,1603,1968,1252,47,1964,28,36,1781,42,2228,49,39,5567,4394,49,4626,1552,1921,1246,35,1898,22,34,1735,20,2156,72,31,5443,4326,63,4568,1557,1965,1263,56,1921,31,52,1747,33,2199,89,54,4684,4365,76,ferret_IndirectBP
4055,4108,3710,2993,1541,3481,1466,2595,4597,1438,4969,1340,1349,4310,6374,1476,2369,2026,3815,4791,21,3347,18,4585,3272,26,4253,12,19,4108,5662,18,2346,4976,5699,9482,16,6558,11,7800,3673,22,3864,12,21,5446,4905,14,2436,2068,3541,4680,24,4978,18,5011,3202,34,3800,21,23,4609,5318,21,2414,1820,2626,3697,27,4154,22,3352,3132,52,3336,17,26,4528,4518,21,2348,2935,3376,3269,26,3542,25,2643,3729,33,3502,17,24,4422,4519,15,2294,3196,3639,1902,11,3077,8,1323,3888,24,4593,7,18,4174,4655,12,2427,1728,2447,1410,19,2130,19,1106,3346,31,4244,12,35,3883,4959,33,2460,1645,2263,1335,25,1973,17,1042,3183,32,3653,22,29,3705,4981,19,2397,1617,2121,1322,34,1892,26,1077,3044,37,3415,22,34,4877,4785,27,2511,1632,2113,1291,26,1862,14,1039,3049,30,3325,14,22,4719,4485,17,2437,1666,2115,1269,37,1877,20,1039,3115,35,3351,24,27,3731,4576,21,2376,1661,2141,1296,20,1896,17,1081,3088,42,3378,12,26,4639,4595,20,2306,1741,2165,1330,31,1880,19,1057,3059,30,3361,25,28,3293,4623,18,2277,1626,2112,1250,20,1814,19,1028,3003,60,3303,12,28,3443,4549,15,2432,1742,2111,1275,40,1803,26,1041,2984,61,3311,19,32,3589,4561,32,ferret_IndirectBP
3279,3704,3831,3146,1179,3482,789,2166,2872,837,5023,714,740,1643,5400,1050,3104,3637,4046,2426,103,2513,7,4357,4361,47,4958,41,12,600,4805,136,8296,4540,3162,5033,98,5145,4,10636,7460,54,4057,39,12,615,4172,127,6048,3037,2934,2226,88,3034,7,6418,4721,62,4051,41,11,622,3989,129,5557,2542,2801,2289,164,2528,16,4842,3684,86,3869,85,15,709,4006,168,5148,3027,2935,2319,185,3631,22,3428,4324,100,3884,73,22,791,4003,160,3380,4365,3605,2241,115,3518,4,1980,2698,57,4629,38,8,668,4049,128,2080,2877,3292,2258,107,2670,5,1216,1895,58,4672,45,12,683,4209,128,1936,2670,2970,2171,154,2418,9,1138,1775,72,4308,34,15,667,4373,149,1793,2522,2827,2095,109,2302,14,1108,1761,33,4040,40,22,612,4361,125,1790,2518,2819,2066,124,2269,9,1104,1780,44,3927,42,13,694,3983,147,1733,2548,2856,2073,120,2243,9,1119,1755,43,3965,41,16,620,3991,138,1805,2534,2867,2094,131,2282,5,1112,1755,46,4005,48,13,629,4069,121,1802,2515,2917,2093,226,2294,23,1108,1843,88,4003,87,26,657,4201,209,1872,2514,2877,2054,212,2228,11,1075,1693,44,3944,45,15,741,4036,137,1841,2621,2872,2040,235,2251,17,1130,1762,64,3978,66,19,719,4115,136,ferret_IndirectBP
5942,4352,3924,3509,3070,4922,1797,3517,4187,2183,4658,2133,3090,4203,2485,4320,4092,3455,3328,4138,485,2587,17,5256,3978,169,3211,179,439,2050,222,1247,8669,2569,6400,8838,552,6762,7,9425,7912,204,4212,203,538,2056,252,1395,5378,2373,3773,3186,526,3091,13,6292,3972,214,4733,229,551,2173,284,1419,5889,2218,2338,2787,719,2770,42,4381,2846,357,3143,326,1091,2400,586,1772,7353,2351,3651,2526,753,3882,28,4003,4036,415,3318,422,861,2287,403,1762,4775,2888,3529,1570,501,3749,3,2014,2765,220,4150,168,472,2032,276,1277,3130,2500,2169,1333,473,2693,9,1335,2001,186,3056,202,537,2053,250,1378,3070,2359,1891,1268,680,2436,21,1248,1915,244,2759,265,719,2201,335,1546,2936,2197,1783,1232,587,2361,33,1208,1844,166,2601,218,600,2162,282,1377,2959,2213,1766,1223,623,2330,6,1207,1911,213,2547,224,646,2264,311,1500,2782,2234,1799,1210,534,2293,21,1225,1819,237,2592,188,678,2141,304,1454,3172,2299,1829,1260,939,2407,42,1221,1923,359,2625,311,783,2356,541,1807,3063,2294,1857,1309,660,2359,29,1263,1970,232,2657,222,673,2107,350,1619,2970,2247,1818,1246,887,2342,35,1210,1898,252,2606,256,1010,2218,315,1799,3229,2443,1913,1284,954,2471,42,1312,1983,378,2685,422,1088,2373,457,1685,ferret_IndirectBP
3908,5490,3532,3296,1624,2841,1477,2936,3392,1485,4675,1476,1470,5003,1536,1429,5176,5086,4364,4387,29,3666,27,3758,3380,31,3901,41,31,3278,33,29,9123,5377,7266,9243,22,9367,17,9144,7598,19,4176,36,19,3247,23,24,7418,7490,4787,4277,28,6028,25,5306,3556,27,3813,47,31,3415,36,26,7373,5124,3092,3260,46,3909,33,4005,2812,34,3328,41,39,3663,53,48,4966,3188,3747,2905,47,4396,35,3045,4159,41,3559,56,35,3511,45,32,3369,2759,4273,1809,17,2925,3,1997,3263,13,4195,30,17,3314,17,18,2326,5532,2240,1726,26,1422,16,1430,1966,22,3932,38,24,3418,27,21,2258,1421,1998,1632,47,1301,37,1340,1871,45,3303,62,38,3598,47,35,2132,1323,1909,1599,44,1277,28,1272,1758,30,3030,47,34,3486,50,38,2132,1289,1881,1578,35,1240,22,1265,1791,28,2962,47,28,3469,35,29,2115,1407,1915,1580,33,1213,35,1278,1803,22,2988,39,35,3440,42,27,2146,1421,1933,1600,36,1231,33,1290,1792,34,3022,50,30,3626,44,26,2165,1887,1952,1607,45,1237,36,1285,1766,37,3021,50,38,3421,50,33,2136,2802,1923,1563,39,1218,38,1265,1746,30,2985,48,37,3252,44,36,2084,3437,1914,1550,47,1193,41,1273,1731,34,2949,47,39,3305,50,38,ferret_IndirectBP
3948,4292,3288,6309,1383,3084,1275,2608,2749,1159,3715,1180,1264,4144,1388,1353,4326,3853,4697,6473,23,3444,26,4740,3155,16,3792,15,23,2691,39,27,6949,3962,5394,7935,21,8714,28,9924,9311,9,5642,13,16,2690,34,26,5698,3208,4600,4942,25,4485,34,5449,4272,12,6320,17,22,2693,40,24,5050,2772,3035,3331,41,2882,60,3756,3538,31,4273,27,33,2885,59,38,5137,2933,3599,2929,46,4232,45,3352,3818,39,4517,39,36,2727,64,49,4096,3478,3670,1850,10,3361,13,2181,2710,7,5040,4,10,2629,35,20,2634,3231,2100,1633,14,1822,28,1287,1558,12,3004,10,18,2769,31,22,2524,2852,1898,1318,42,1696,39,1231,1467,40,2616,30,35,2776,62,49,2345,2668,1797,1340,37,1585,34,1202,1380,34,2481,27,34,2614,55,38,2297,2648,1783,1236,15,1585,27,1182,1399,10,2434,14,15,2712,34,22,2353,2674,1803,1812,36,1568,29,1178,1433,28,2453,22,36,2641,51,45,2422,2676,1791,2633,39,1590,52,1209,1406,27,2476,27,34,2755,55,41,2428,2696,1796,3229,42,1565,38,1222,1403,28,2475,25,40,2736,60,44,2420,2703,1788,3472,39,1554,65,1177,1359,35,2439,25,41,2749,59,55,2399,2738,1792,3855,43,1547,62,1202,1374,38,2460,33,41,2888,77,41,ferret_IndirectBP
4258,1199,909,1088,1064,1070,4590,2166,934,954,962,901,925,1014,1015,1232,206,93,14,44,64,45,3395,833,32,42,45,22,16,11,24,55,114,106,4,44,57,43,3179,633,35,48,45,14,4,4,20,41,166,112,4,45,57,43,2730,716,35,48,47,21,4,8,10,51,133,133,5,43,51,38,2766,720,31,70,49,23,7,5,9,50,158,123,6,49,55,40,3066,717,40,49,63,15,7,5,8,58,170,147,35,105,78,108,3116,823,98,117,190,85,31,23,52,144,132,309,18,55,71,49,3087,548,34,46,63,25,17,12,17,68,105,105,4,45,57,53,2733,557,32,39,46,17,4,6,10,58,102,86,2,34,41,36,2604,584,25,24,53,14,5,4,19,49,87,77,3,40,49,44,3294,638,32,26,38,16,5,5,10,51,73,80,3,38,47,41,2540,648,28,19,42,11,2,3,7,45,112,95,6,40,45,40,2715,634,33,40,45,19,5,9,9,54,161,84,4,38,46,38,2822,727,32,29,42,21,8,9,10,52,164,66,7,39,40,41,2843,627,31,65,42,16,8,9,11,54,244,70,4,42,54,44,2990,701,34,52,70,19,7,7,9,60,ferret_IndirectBP
1894,2780,1615,897,240,1819,126,1822,2183,145,3956,83,174,229,250,217,3424,3448,4080,5283,9,1690,8,3058,3402,8,4757,8,24,29,13,10,8083,6435,7257,5333,3,8171,2,8378,5557,2,4534,1,13,25,6,3,4382,4300,4390,4139,5,3466,7,4532,4027,4,4423,5,25,24,10,10,3519,3492,2367,3977,8,2040,5,3639,3480,6,3993,5,26,30,12,9,5223,4416,3174,6450,9,3655,8,3462,3625,4,4061,5,22,36,11,8,3851,3751,3237,5098,5,3165,3,2447,3106,3,4808,4,27,21,9,7,1638,2539,1651,3417,3,1767,3,1723,2163,1,4469,5,18,25,10,5,1536,2390,1453,948,7,1620,4,1638,2038,7,3964,4,20,34,12,7,1459,2316,1377,1693,6,1532,4,1545,1912,5,3706,4,18,24,11,8,1435,2276,1369,594,2,1503,1,1551,1936,3,3607,5,10,26,7,3,1439,2306,1390,582,7,1512,3,1569,1956,4,3669,2,16,28,10,7,1479,2315,1402,596,7,1512,5,1570,1949,7,3676,5,24,34,14,8,1519,2320,1419,613,8,1500,6,1558,1910,6,3642,4,21,24,22,13,1490,2332,1378,598,11,1470,7,1536,1878,9,3607,7,44,28,16,13,1454,2353,1389,596,11,1471,10,1552,1868,10,3613,10,38,28,14,12,ferret_IndirectBP
2963,2044,2169,1478,218,1887,138,1323,1803,175,2904,77,121,186,172,188,3543,5314,4608,4122,8,1771,7,4717,3611,6,4150,6,6,9,7,6,4366,7646,7106,8657,3,9762,4,9990,7291,2,4344,1,4,6,6,3,3503,5281,4709,3524,9,3704,6,7556,4455,7,5203,3,7,6,6,4,3340,3054,2666,2549,3,2166,5,4629,3457,10,3818,3,3,6,5,5,4164,3280,3549,2299,4,3981,6,2636,4558,5,3764,4,7,10,7,4,3864,3586,3649,1573,4,3337,2,1640,2774,3,4667,1,2,6,4,4,2924,1832,2161,1345,3,1801,3,1101,1744,4,3328,2,4,3,4,3,2717,1716,1956,1233,3,1672,3,1003,1618,6,2739,2,4,8,4,5,2550,1625,1879,1214,4,1590,2,969,1569,6,2568,3,2,8,7,4,2482,1632,1868,1202,3,1576,3,979,1581,3,2524,4,1,5,1,3,2485,1654,1900,1194,3,1559,1,984,1576,5,2516,0,3,5,5,4,2546,1659,1879,1204,10,1578,4,981,1570,6,2589,1,7,10,10,10,2580,1661,1894,1252,6,1554,5,987,1571,8,2599,7,9,10,8,8,2486,1660,1890,1185,7,1528,6,962,1545,7,2534,5,8,12,10,9,2495,1702,1912,1177,7,1507,4,993,1522,8,2503,4,3,12,8,7,ferret_IndirectBP
2046,2176,2269,2083,295,1814,167,1436,1458,160,3183,62,144,210,197,204,4010,3158,4360,2727,7,3705,6,4963,5880,5,3674,5,10,21,17,16,8062,6523,5808,6267,3,7382,1,9410,9123,2,4913,2,8,12,9,12,5266,3231,4612,2318,5,7381,3,5954,7299,3,4580,4,8,23,24,18,4721,1930,3845,2266,12,5493,6,4448,5942,4,3551,3,14,26,25,18,4476,3147,3264,2345,9,4492,6,3375,4552,4,3821,5,14,16,28,23,3015,3716,3688,2233,6,3109,3,1656,2257,4,5078,1,11,17,20,18,1804,1961,2346,1929,5,1686,4,1276,1324,3,3766,3,9,14,18,11,1713,1823,2048,1810,11,1526,5,1240,1203,5,3129,5,14,14,30,25,1634,1740,1920,1750,10,1459,5,1195,1160,4,2895,3,8,21,17,20,1592,1716,1904,1748,2,1426,1,1160,1194,2,2856,1,9,10,24,13,1576,1738,1925,1766,9,1416,3,1147,1167,2,2878,1,12,15,20,18,1628,1739,1937,1744,12,1421,6,1180,1193,4,2885,2,8,46,50,24,1659,1726,1939,1754,12,1430,8,1195,1169,5,2874,2,14,17,35,33,1608,1736,1926,1738,13,1389,7,1148,1158,7,2857,7,20,49,23,25,1597,1782,1923,1707,13,1393,7,1159,1129,6,2858,5,18,43,23,20,ferret_IndirectBP
2109,2161,2770,2489,226,1764,128,2179,2021,196,2981,88,112,177,195,197,2856,4386,5344,4159,15,4599,7,2422,3155,11,3643,7,12,15,14,7,6258,7601,6802,6595,10,8077,3,5590,5749,9,3937,3,11,7,14,3,4481,4609,6117,4058,23,7088,7,2606,4733,19,4108,9,16,20,16,6,4231,2939,5178,3838,13,6489,5,2157,4097,11,3136,3,11,12,16,6,3953,4422,4298,3346,18,4523,9,2549,2793,14,3266,8,13,9,20,6,3383,4381,2607,2594,11,2219,2,2522,2670,10,4604,6,8,12,13,2,1876,1993,2439,2298,14,1637,4,2102,1983,8,3548,2,11,12,8,3,1775,1807,2220,2196,18,1467,5,2021,1854,21,2879,12,14,7,14,4,1686,1729,2127,2127,20,1423,3,1916,1748,8,2708,6,9,14,12,5,1625,1723,2094,2104,10,1390,3,1918,1754,7,2658,9,12,13,14,4,1620,1717,2103,2135,15,1371,1,1948,1804,9,2655,3,15,21,9,5,1663,1725,2107,2155,13,1412,1,1953,1792,9,2709,9,11,23,16,9,1678,1747,2151,2138,20,1382,5,1924,1750,13,2704,7,16,12,35,19,1625,1742,2101,2095,15,1341,4,1892,1719,14,2661,7,10,13,16,12,1662,1801,2096,2089,17,1344,4,1922,1719,15,2619,7,13,15,20,12,ferret_IndirectBP
2550,2446,1757,1141,155,1743,107,1582,2142,130,4129,68,110,172,172,162,4221,4804,4295,5225,8,3103,7,4081,3086,6,4746,10,7,13,17,7,5233,5202,7975,10648,2,9269,0,7441,5149,0,5671,1,1,10,13,2,5178,4025,4218,8731,8,5086,6,6073,4012,4,5631,5,6,10,19,6,5513,2942,2262,5254,7,3483,3,4867,3679,4,4391,5,3,14,17,6,3898,3170,3424,2459,9,4121,7,3007,3618,6,4464,4,5,15,13,8,2784,3173,3861,1006,4,3116,2,1845,3227,2,4338,1,2,12,8,5,2421,2446,1802,863,2,1723,2,1501,2279,2,4300,2,2,9,15,3,2298,2142,1627,801,4,1539,6,1417,2001,7,4150,6,5,12,14,7,2162,2027,1520,814,5,1485,4,1354,1925,3,3901,2,3,8,12,6,2155,2030,1535,791,5,1496,3,1342,1945,2,3747,5,6,12,13,3,2148,2044,1541,781,1,1451,3,1356,1982,1,3813,0,3,11,14,5,2189,2042,1546,843,9,1466,3,1358,1941,7,3848,3,5,21,12,5,2189,2047,1539,839,7,1467,8,1363,1900,6,3799,6,5,14,40,10,2135,2041,1532,810,7,1434,7,1339,1894,5,3789,5,6,24,17,11,2144,2093,1559,805,7,1407,7,1348,1876,6,3786,3,4,15,17,9,ferret_IndirectBP
3333,2137,2077,1165,170,2029,120,1777,2674,135,4104,71,119,183,182,147,3221,5356,5041,4037,8,3108,6,1956,2765,7,4789,7,9,10,10,9,3813,6211,6906,10542,1,7580,1,6148,5926,2,3925,1,4,2,5,1,2987,5741,5542,8471,7,5328,3,2230,3178,3,3842,3,6,6,8,4,2992,3957,4262,3463,5,4533,5,1797,2707,6,3669,6,5,5,12,5,3766,3740,3735,2090,6,3389,6,2425,3821,8,3719,7,6,5,10,5,3928,3070,3004,1015,3,2912,2,2357,3599,3,4431,1,2,4,5,3,3205,2011,2008,873,2,1923,3,1733,2687,3,4458,3,5,3,6,3,3082,1805,1821,817,4,1807,4,1630,2573,6,4120,5,4,2,8,2,2917,1745,1762,824,5,1724,4,1554,2442,5,3842,6,3,8,7,4,2880,1734,1728,796,2,1697,1,1549,2470,2,3717,3,3,2,4,2,2881,1737,1726,785,4,1699,2,1557,2491,2,3795,3,3,3,5,3,2949,1746,1763,818,5,1714,3,1558,2461,5,3810,3,4,7,8,4,2995,1757,1779,840,5,1698,5,1552,2464,4,3776,5,5,9,12,6,2904,1745,1744,811,10,1672,6,1543,2420,7,3744,7,7,8,11,9,2847,1784,1738,810,7,1666,6,1549,2377,6,3736,5,7,9,11,8,ferret_IndirectBP
5420,3791,4178,3393,3309,3966,1404,3494,3863,1752,4421,1878,2601,1834,2284,3211,3136,4855,5215,4539,1532,3835,11,3342,4148,171,3208,233,573,195,346,730,5863,7892,4532,9037,1879,7587,4,6787,7305,164,2513,271,678,206,407,881,3437,5722,4024,6647,1267,4930,12,3124,4979,177,2473,286,726,264,481,872,3158,4608,2912,3887,1113,4116,18,2498,3417,204,2471,367,850,332,644,1121,4237,4108,2824,2513,1114,4370,26,2733,4991,219,2496,330,820,291,600,1144,3937,3996,3628,1540,815,3157,5,2162,2955,135,2539,211,549,178,317,721,3001,1935,2667,1392,750,2045,5,1860,1915,151,3035,259,629,199,403,812,2913,1729,2262,1413,870,2049,30,1796,1948,248,2729,288,774,237,507,1134,2753,1603,2120,1271,813,1899,10,1667,1867,145,2503,261,680,226,350,886,2752,1620,2135,1385,820,1855,9,1659,1882,169,2417,231,829,312,459,859,2811,1652,2160,1298,886,1865,18,1717,1782,187,2480,211,696,281,579,1025,2892,1666,2203,1372,1010,1896,23,1707,1829,305,2552,365,695,306,592,1218,2847,1659,2207,1389,972,1901,23,1729,1939,164,2523,268,793,178,477,915,2811,1654,2147,1425,947,1843,28,1668,1875,254,2524,418,874,325,443,1263,3200,1985,2397,1618,1220,2066,34,1884,2084,320,2882,535,1249,379,771,1175,ferret_IndirectBP
2577,2681,2228,1753,1983,2669,145,1886,1442,202,162,129,172,234,319,264,2438,4424,4235,3179,2985,4087,9,2554,3673,20,32,20,24,21,46,22,5766,5842,5234,7561,6842,4468,5,6335,9240,15,25,15,13,16,39,20,2948,4507,3928,5101,2621,3836,10,2650,4692,15,33,16,15,16,36,18,2300,3128,2778,2982,2298,2683,6,2278,3018,15,43,19,19,19,46,19,4242,3951,3315,2141,2301,3240,10,2575,4748,20,38,21,22,22,37,21,4488,4251,3740,1635,2039,2776,3,2402,2989,12,34,13,15,14,36,16,2401,2495,2230,1480,1787,2732,4,1834,1359,14,32,18,17,16,36,13,2262,2283,2013,1403,1696,2471,7,1695,1248,21,39,21,25,18,46,23,2125,2143,1939,1377,1628,2307,5,1628,1174,20,45,22,22,19,44,20,2088,2140,1909,1369,1640,2317,6,1629,1218,18,26,27,31,19,94,23,2100,2151,1924,1343,1640,2280,5,1622,1203,13,26,12,9,15,41,16,2118,2158,1929,1386,1651,2312,6,1633,1205,17,41,19,17,22,61,13,2139,2148,1958,1376,1631,2307,8,1636,1200,18,35,19,19,19,45,20,2092,2154,1931,1356,1629,2254,10,1611,1177,13,66,16,18,19,64,18,2148,2212,1917,1339,1609,2242,11,1619,1176,12,56,19,17,18,75,20,ferret_IndirectBP
3193,2835,1609,1354,2383,1939,126,1466,1844,176,96,80,129,216,222,208,3131,5136,5597,5165,4714,3023,6,4669,2745,4,6,6,6,6,6,7,2926,5621,8925,9941,7394,8286,2,9754,10029,2,4,2,4,4,5,5,2745,4766,6300,5968,3739,5129,4,7056,5530,2,5,2,2,3,6,5,2793,3812,3353,4150,3679,3792,3,4848,4989,4,4,2,3,3,7,7,3026,3978,4128,2890,3529,3350,6,2921,3706,4,5,7,7,3,5,7,3422,3338,3371,1394,2593,2611,2,1709,2589,4,4,2,4,5,5,6,3096,2642,1595,1146,2222,1820,3,1299,1367,3,5,6,4,3,6,7,2917,2481,1421,1072,2127,1691,2,1213,1289,4,4,2,3,3,3,7,2744,2386,1363,1069,2087,1606,5,1188,1213,4,7,3,5,6,7,7,2718,2366,1377,1046,2072,1578,2,1172,1240,4,3,7,7,5,14,13,2715,2365,1349,1032,2087,1561,1,1167,1243,3,4,1,6,5,6,4,2752,2371,1364,1069,2088,1590,3,1196,1246,5,2,2,3,8,6,6,2799,2381,1368,1074,2049,1568,6,1199,1215,8,5,4,8,7,12,9,2734,2375,1372,1040,2033,1563,6,1144,1202,7,7,6,11,7,19,18,2723,2413,1343,1042,2007,1552,7,1176,1197,7,5,5,5,6,9,7,ferret_IndirectBP
2985,3423,2030,1719,2136,3212,240,1496,2987,290,232,193,363,302,517,467,2082,4044,4062,4615,3265,3567,6,5521,3573,7,13,7,9,8,17,12,2060,3723,9521,11194,6978,5405,1,9838,4653,2,8,2,7,2,19,11,1993,2898,4836,9337,2491,3779,3,5925,3554,3,15,8,7,2,21,14,2112,2667,3174,6243,2259,3342,5,4546,3547,5,14,4,6,4,19,13,2266,2942,4639,3520,2177,4110,8,3776,4193,3,15,5,10,8,28,21,2093,4281,4174,1437,2079,3544,2,1682,3018,2,9,1,2,5,14,15,2006,3197,1867,1273,1713,2707,2,1210,2665,2,9,2,6,2,12,8,2020,2885,1623,1147,1643,2580,3,1119,2543,3,4,2,11,2,20,20,1891,2711,1541,1128,1564,2429,2,1079,2435,5,6,3,4,7,20,18,1983,2689,1543,1137,1570,2436,6,1110,2487,6,6,4,5,4,23,19,1820,2736,1546,1126,1574,2390,4,1100,2500,4,6,1,2,4,9,23,2129,2748,1594,1174,1597,2449,1,1113,2465,6,8,1,5,7,20,21,1961,2731,1639,1188,1566,2439,3,1119,2464,7,11,4,7,8,23,18,2257,2731,1603,1149,1569,2329,8,1103,2395,11,14,7,8,8,31,34,2193,2830,1598,1178,1572,2418,6,1130,2431,9,18,6,7,9,42,15,ferret_IndirectBP
1683,1148,1016,1177,1111,1147,5000,3713,1077,1378,1044,1020,1053,1105,1089,1363,339,19,7,28,35,25,3917,2534,26,185,35,30,41,31,25,34,265,16,2,16,22,15,3610,1451,12,192,28,11,22,14,9,21,340,22,8,27,26,28,2968,2014,29,197,34,28,45,36,30,31,302,21,5,32,25,27,3098,871,29,205,39,26,39,38,27,32,318,18,7,32,35,23,3484,1065,25,218,36,22,48,31,24,37,360,60,32,105,99,110,3412,2255,113,354,143,96,176,120,135,147,287,16,10,22,23,19,3118,1631,22,185,46,21,40,36,21,32,286,18,4,43,34,31,2963,1578,21,165,61,23,49,31,27,36,252,25,15,27,28,23,2987,3379,19,179,45,19,47,31,21,28,246,14,1,18,19,14,3691,4037,22,187,42,20,21,20,14,23,236,11,3,16,18,17,2735,2686,13,164,28,8,35,14,13,21,246,14,3,15,19,20,3072,2195,18,168,40,17,34,23,23,31,286,14,5,25,28,28,3079,2266,29,228,46,31,49,29,31,28,281,15,6,22,23,20,3118,1595,21,209,33,24,33,27,23,39,422,21,8,32,37,27,3243,2656,27,231,24,22,32,23,23,34,ferret_IndirectBP
539,2256,2159,1315,1781,2880,186,1390,1670,226,174,167,196,228,318,295,203,5201,4091,4764,2928,2775,5,3813,4815,8,7,16,9,9,12,15,126,7073,8215,9630,6151,4936,1,10758,9589,2,4,13,3,4,10,13,154,5901,5553,6359,5170,3081,4,6095,7728,6,5,21,8,9,8,17,159,4172,4330,3101,3091,2632,4,4684,7676,6,6,20,8,6,13,26,173,4368,3268,2494,1925,3612,6,3842,5066,4,5,11,4,7,7,15,127,3883,3037,1398,1371,3631,1,2090,1662,6,5,13,3,3,5,13,139,1996,1611,1081,1335,2880,3,1193,1314,3,4,9,5,6,6,14,162,1830,1484,1006,1308,2677,3,1109,1241,5,3,13,5,6,11,13,142,1745,1413,1009,1242,2535,4,1081,1207,4,7,12,5,5,8,12,115,1737,1379,1003,1224,2510,3,1052,1199,4,6,14,6,6,8,12,95,1724,1402,966,1276,2470,1,1064,1201,3,2,3,11,5,19,32,125,1750,1436,1000,1283,2497,2,1081,1217,3,5,22,3,5,9,25,143,1772,1444,1023,1243,2483,7,1097,1208,4,3,13,6,7,12,21,181,1754,1416,994,1241,2441,6,1053,1143,9,8,45,9,12,10,45,158,1797,1419,979,1239,2428,7,1067,1160,6,7,34,10,6,13,39,ferret_IndirectBP
397,2007,2808,1839,1780,2498,137,1415,1845,211,86,96,130,218,252,215,142,4809,4352,4193,5056,2332,6,6033,3484,18,6,3,7,8,16,13,76,9047,6796,9020,9206,6485,2,10322,7996,14,2,1,3,2,9,7,113,7163,5974,4322,4074,3315,6,7972,5589,15,4,3,7,4,9,12,131,5272,4912,3343,3262,2436,4,5469,4898,34,4,3,5,5,18,10,141,4107,3230,3106,2851,3720,6,3459,4049,13,5,4,7,4,14,11,71,3136,3242,2272,1808,3608,3,1832,2904,11,2,2,4,3,11,11,96,1597,2304,1737,1545,2445,2,1137,1713,11,3,3,5,2,9,5,108,1442,2025,1608,1436,2282,3,1041,1610,12,6,2,6,3,15,10,105,1358,1933,1569,1407,2149,4,1030,1534,11,7,5,6,4,21,14,57,1371,1928,1556,1395,2117,3,1032,1583,16,2,1,4,2,17,12,67,1363,1943,1554,1407,2110,1,1033,1585,7,1,2,9,3,17,12,76,1389,1949,1565,1416,2136,3,1059,1576,21,1,1,3,7,16,6,123,1370,1956,1585,1390,2127,3,1058,1554,17,5,9,6,8,20,13,132,1395,1940,1546,1379,2106,7,1015,1552,49,8,9,7,8,16,24,121,1418,1953,1527,1392,2075,4,1036,1525,35,9,6,14,8,42,20,ferret_IndirectBP
607,2245,2373,1644,1478,3334,178,1516,2539,222,125,146,193,263,284,321,174,3508,3459,4600,4865,2854,7,4654,2996,17,14,16,19,17,19,19,121,7815,5958,9901,10491,3166,3,12226,6793,9,12,10,22,8,17,18,169,4034,3310,5614,7535,2738,4,6837,3121,20,14,18,22,19,20,19,165,2657,2292,3787,4838,2712,4,4697,2545,10,11,8,11,8,19,18,192,4560,3455,2731,3108,3053,10,4033,4009,15,15,24,26,15,25,22,114,4779,4107,1529,1257,3203,2,2277,3628,17,12,7,17,15,18,18,124,2025,2343,1282,1105,2946,5,1281,2346,11,9,10,22,9,17,19,126,1827,2043,1204,1045,2885,6,1172,2165,17,13,13,28,11,19,17,119,1731,1943,1197,1034,2683,4,1138,2044,8,13,7,24,10,24,21,72,1760,1937,1194,995,2699,3,1142,2139,12,8,14,21,11,18,10,78,1759,1953,1172,999,2648,3,1142,2111,9,5,7,22,9,15,17,117,1759,1972,1222,1035,2677,3,1149,2094,19,9,7,17,18,25,24,149,1765,1990,1237,1024,2707,6,1160,2053,11,11,5,26,10,27,21,190,1801,1965,1197,1000,2627,6,1127,2066,13,10,10,10,11,17,23,199,1838,1984,1182,1009,2642,7,1168,2066,14,11,10,18,11,22,15,ferret_IndirectBP
329,2511,2022,1397,1441,216,88,1184,1904,118,42,49,94,148,184,164,119,4078,6194,4803,3136,35,6,4822,3553,10,7,5,11,7,15,13,56,8088,8472,9586,7645,29,1,9547,8996,0,2,1,4,4,12,4,78,5237,8518,4053,5475,33,2,7069,3429,1,4,1,5,3,12,8,87,4723,7414,3253,3584,54,5,4346,2629,4,5,3,5,3,17,7,97,4205,4417,2677,2170,34,10,3020,3882,6,5,2,9,9,30,20,45,4420,2343,1810,1426,34,2,1647,2970,2,2,0,1,2,10,8,67,2001,1610,1355,1293,26,3,1082,1870,2,2,1,2,3,9,3,76,1846,1462,1214,1238,32,2,1011,1769,4,3,2,5,4,15,7,66,1746,1396,1217,1169,36,2,977,1684,4,5,1,3,4,16,6,26,1742,1386,1192,1174,32,2,973,1697,3,4,5,5,4,17,11,27,1763,1421,1171,1181,29,1,948,1717,3,1,1,3,2,13,4,52,1757,1414,1192,1187,53,2,987,1706,6,3,3,6,11,16,9,83,1739,1430,1225,1164,31,6,1007,1690,6,6,4,6,7,20,8,94,1734,1391,1183,1158,68,6,960,1646,7,7,7,7,6,10,24,91,1799,1418,1173,1151,62,6,971,1650,6,7,5,4,6,32,8,ferret_IndirectBP
399,2603,1608,1133,2713,161,65,1453,2586,114,58,44,83,166,161,159,120,5341,5148,5744,3689,7,5,4166,2630,5,9,6,6,7,8,9,41,6819,9295,11907,6403,3,0,9005,5200,2,2,0,3,5,3,5,84,6565,7207,6869,3257,12,4,6953,2818,3,5,3,3,4,6,5,81,5409,4967,4140,3107,6,3,5800,2577,2,2,3,5,2,8,3,99,4106,3559,2215,3140,6,6,4029,3545,3,3,3,6,6,14,8,54,3136,2906,1256,2971,8,2,1748,3287,2,3,2,2,3,7,6,65,2217,1330,884,2630,4,3,1290,2649,3,5,3,3,3,4,4,78,2036,1209,803,2559,3,2,1201,2464,3,2,2,2,2,6,3,71,1926,1200,811,2482,6,3,1190,2330,3,3,2,4,3,7,6,44,1907,1165,804,2467,5,3,1171,2358,4,3,3,2,5,7,6,37,1927,1146,777,2518,2,0,1167,2376,1,1,1,3,4,4,4,69,1954,1171,822,2521,5,2,1177,2348,4,2,1,3,7,10,7,94,1929,1196,832,2422,11,5,1198,2322,4,6,4,7,9,12,10,96,1929,1192,806,2409,8,6,1169,2291,6,6,4,6,6,8,10,102,1982,1155,809,2418,7,6,1179,2276,6,3,4,6,7,7,6,ferret_IndirectBP
572,2514,2294,1752,2127,314,321,1737,2192,293,203,245,248,319,331,376,191,4381,3642,3997,4413,12,120,4452,3411,33,27,27,24,23,33,27,107,7404,6366,8941,7502,2,102,9408,5195,41,20,26,23,18,36,27,140,4954,3584,5856,6108,3,124,4869,4384,39,31,23,23,31,34,27,138,3820,2398,4458,4605,4,102,3036,4736,53,36,28,21,21,36,29,165,4496,3526,3224,3366,8,132,3161,2963,42,35,35,30,30,40,32,93,4923,3785,2066,1989,5,87,2194,2436,35,22,29,27,24,31,28,121,2232,2256,1502,1823,3,100,1583,2116,39,31,15,17,14,21,20,114,1995,2022,1416,1778,3,102,1469,1985,36,32,32,27,24,41,30,128,1916,1912,1382,1750,4,116,1394,1833,24,41,29,36,28,40,33,93,1916,1925,1377,1729,6,99,1412,1860,31,26,37,24,31,45,29,114,1953,1915,1355,1747,5,113,1425,1901,37,27,21,24,24,37,27,113,1913,1949,1397,1764,6,100,1430,1881,42,27,26,18,26,38,36,157,1944,1954,1397,1719,6,118,1434,1840,38,29,36,22,22,31,30,155,1947,1952,1371,1701,10,91,1397,1822,57,32,31,25,23,31,49,174,1990,1930,1365,1713,10,118,1417,1799,49,28,28,22,18,40,22,ferret_IndirectBP
343,1798,2164,1472,1256,170,87,797,3373,100,51,59,123,137,175,171,112,4531,4579,4349,3836,15,14,5183,3424,12,11,6,19,9,13,12,40,9963,5551,10259,10050,13,12,11138,3282,8,4,6,14,5,4,5,65,6702,4576,3895,7792,13,14,9208,3050,11,11,7,18,10,6,8,76,4946,3201,2534,4752,8,14,7167,3075,9,7,7,31,8,8,10,85,4334,3256,2255,2582,12,15,3031,3187,16,10,10,27,13,12,16,46,3370,3162,1569,1199,12,5,797,3466,4,5,4,13,6,10,7,46,1506,2245,1370,1064,9,11,670,3440,3,6,5,20,4,7,5,58,1434,2014,1284,1007,12,12,611,3303,5,5,7,11,4,11,9,54,1380,1915,1292,984,7,13,639,3130,7,9,7,21,9,13,11,29,1360,1897,1270,981,11,14,613,3146,10,10,9,19,11,12,13,34,1330,1926,1250,977,7,7,593,3167,4,3,4,11,5,8,9,50,1370,1935,1281,1016,12,7,617,3137,8,6,7,27,16,15,14,74,1394,1939,1286,990,12,11,632,3113,15,12,7,17,11,17,13,101,1368,1907,1251,977,12,12,607,3073,11,8,5,47,11,9,14,89,1410,1925,1253,976,14,9,612,3051,12,9,7,40,8,11,11,ferret_IndirectBP
311,2502,1942,1922,1060,158,92,1203,2297,107,48,55,98,149,153,163,103,4042,4821,2958,4595,9,6,5858,2412,6,5,5,5,6,11,8,37,5392,7158,6584,10337,1,1,10983,4589,1,1,1,4,3,5,3,54,3414,4608,2344,7793,3,2,8039,2492,2,4,2,3,3,7,5,59,2339,2923,2240,4027,5,1,4857,2258,1,4,2,3,3,12,6,83,2852,3067,2207,2160,8,5,3326,3337,6,4,3,4,5,14,9,45,3172,3130,2138,992,2,2,1617,3180,3,2,1,3,2,11,6,50,2463,1977,1893,879,2,2,1101,2395,2,3,2,2,2,10,4,55,2228,1807,1787,834,3,1,1009,2215,5,3,1,2,3,11,5,57,2077,1730,1756,808,8,3,976,2114,3,6,3,4,5,15,8,28,2087,1699,1762,812,6,2,984,2126,3,2,3,1,4,16,7,28,2105,1727,1739,811,5,3,991,2171,2,1,0,3,3,9,5,57,2138,1750,1759,837,10,2,998,2146,4,4,2,8,7,25,13,82,2104,1750,1754,829,5,4,998,2090,6,4,4,5,6,15,12,79,2115,1720,1716,832,10,4,969,2076,6,10,6,8,8,18,26,86,2163,1732,1699,821,7,4,1012,2062,4,6,5,5,6,30,6,ferret_IndirectBP
335,2728,2660,1513,1577,171,98,1699,2527,166,96,83,106,202,210,179,125,3998,4813,5277,4813,7,6,3876,2601,8,6,6,8,17,9,9,49,4550,4444,9974,9864,2,0,8797,3541,1,2,0,2,10,4,1,79,3239,4368,4082,8162,4,4,4719,2515,4,5,4,4,21,8,4,91,2691,4391,2955,4798,6,3,2900,2386,5,4,2,5,27,6,4,97,3384,3038,2502,3017,7,7,3066,3260,4,4,6,5,19,9,8,56,3627,2763,1790,1418,6,1,2374,3845,3,2,2,2,14,6,4,76,2693,2649,1431,1256,2,3,1621,2666,1,4,1,4,12,3,3,70,2429,2409,1304,1180,5,2,1537,2427,3,2,4,3,14,4,3,90,2302,2295,1305,1164,5,3,1479,2285,4,7,6,5,16,8,7,53,2298,2256,1309,1157,5,1,1488,2317,5,2,7,5,15,7,5,47,2293,2295,1263,1173,3,2,1472,2359,2,2,4,6,13,4,3,61,2279,2301,1286,1199,7,2,1490,2329,4,3,3,2,28,14,4,96,2299,2313,1314,1183,5,4,1503,2292,6,6,7,9,14,16,12,114,2309,2288,1269,1172,9,4,1459,2257,7,6,7,6,46,8,7,92,2350,2273,1257,1191,7,4,1471,2283,5,4,4,4,30,6,6,ferret_IndirectBP
335,2451,2916,1302,1489,137,76,1787,2508,126,75,63,96,178,153,155,81,4364,4099,4187,4151,5,6,3499,2609,4,5,4,6,5,8,5,41,7004,3692,10788,8984,0,1,7092,3733,0,0,0,2,2,3,3,61,4800,2889,10903,9565,2,4,3209,2453,3,2,1,3,0,4,2,60,3346,2648,5238,5907,1,2,2417,2370,2,0,2,2,3,6,5,73,3483,3043,1751,3706,6,4,2515,3146,4,2,2,4,5,7,4,40,4052,3685,916,1382,2,4,2191,3441,1,2,0,3,1,3,4,44,2506,3094,877,1334,2,2,1815,2555,3,0,2,1,4,4,4,59,2234,2787,801,1273,2,4,1690,2425,3,2,1,3,2,6,4,68,2123,2671,796,1222,4,3,1619,2268,4,3,2,4,7,5,5,41,2079,2638,799,1198,3,4,1609,2311,3,2,2,3,5,8,5,37,2102,2660,821,1208,3,2,1626,2339,4,1,0,1,2,4,4,51,2133,2658,810,1240,2,3,1619,2322,4,1,3,1,5,5,5,98,2132,2662,819,1229,7,5,1623,2281,6,4,3,12,11,16,16,82,2106,2642,807,1194,6,8,1593,2269,6,5,6,7,9,10,9,81,2178,2637,845,1196,6,5,1610,2253,6,5,5,7,6,8,8,ferret_IndirectBP
2594,1766,1671,1747,1724,1715,3545,1798,1714,1708,1674,1677,1653,1682,1714,1721,785,14,19,17,17,24,1912,118,18,30,18,18,19,16,18,17,735,8,2,10,3,4,1896,100,4,19,5,6,4,8,7,8,773,14,5,15,15,12,1894,111,13,21,11,13,10,8,14,18,761,14,11,19,11,18,1900,110,16,24,14,17,19,15,17,20,745,13,4,13,12,12,1895,109,15,17,10,11,11,9,14,16,720,16,6,8,8,10,1906,105,7,19,10,8,7,5,16,11,753,34,28,26,23,29,1910,106,35,36,24,20,19,24,30,34,755,14,13,23,16,13,1904,117,13,34,23,18,15,11,18,27,755,9,6,14,10,10,1893,114,11,30,12,12,11,10,15,17,744,16,7,12,10,9,1889,104,14,22,10,9,11,14,13,14,732,11,2,8,8,6,1880,79,13,13,8,4,8,5,8,9,711,14,5,16,11,14,1892,90,12,14,10,10,10,10,14,17,728,14,6,14,12,13,1888,91,16,17,15,15,18,9,20,20,739,15,7,18,12,13,1892,85,13,16,13,13,13,11,14,16,751,11,7,14,13,16,1900,105,15,17,13,16,15,10,17,18,ferret_IndirectBP
460,2752,2865,1481,881,498,113,1796,2781,138,102,89,150,176,233,196,113,5273,4328,3175,3754,169,4,4183,2608,5,5,5,3,4,6,5,75,5215,4092,8962,10030,195,0,8920,2541,1,1,0,3,2,3,3,96,4764,3231,3561,9416,206,3,4044,2311,3,4,2,2,4,6,3,86,4665,3030,2922,3713,215,4,3065,2392,2,4,4,2,5,4,3,109,3195,3316,2444,1330,199,9,3199,2623,5,7,8,5,8,10,8,64,2486,3244,1589,689,162,3,2485,2757,2,2,2,5,4,6,5,73,2494,2907,1307,603,191,1,1737,2580,3,2,3,2,2,4,2,85,2440,2671,1207,605,244,6,1613,2426,4,6,8,3,9,7,5,79,2271,2507,1199,576,186,5,1556,2304,3,3,2,4,4,10,5,58,2250,2485,1178,572,218,1,1566,2353,3,2,1,2,3,6,5,53,2278,2518,1176,575,192,1,1559,2364,3,1,2,3,5,8,5,85,2270,2500,1217,583,218,4,1558,2366,4,3,3,4,6,10,5,94,2269,2535,1216,600,199,4,1581,2316,4,5,3,5,7,13,7,124,2287,2493,1167,602,208,6,1537,2291,7,7,7,7,10,13,9,109,2355,2499,1185,622,233,7,1568,2328,5,6,4,7,7,10,9,ferret_IndirectBP
267,3282,2784,1965,1421,156,90,1764,303,104,52,57,87,132,179,144,90,4040,4020,3033,4859,18,4,3567,113,5,5,3,6,5,9,6,46,3776,4126,8012,8437,15,0,9261,137,2,1,0,3,0,5,3,74,3130,3016,2985,3082,19,1,4020,133,2,2,1,3,5,5,3,71,2771,2502,2714,3068,17,2,3182,160,3,3,3,4,3,14,5,94,3039,3111,2633,2834,14,4,3347,153,5,5,2,11,6,29,16,51,3942,3943,1987,1746,14,2,2646,111,3,1,2,5,5,7,4,68,3277,2964,1917,1340,11,2,1680,133,2,2,2,5,5,6,4,77,3026,2672,1806,1251,18,5,1581,124,7,8,3,6,8,46,10,57,2866,2522,1755,1224,17,1,1526,123,3,2,2,4,7,16,7,32,2826,2510,1748,1204,20,2,1527,128,2,0,1,3,5,20,3,32,2878,2528,1743,1202,10,1,1534,108,2,2,3,3,3,7,3,47,2850,2549,1747,1212,11,3,1540,144,1,2,1,3,6,11,4,75,2862,2555,1780,1208,16,4,1553,137,4,4,3,6,8,23,6,92,2879,2524,1739,1211,15,6,1506,191,7,7,10,7,9,13,9,79,2929,2525,1693,1200,20,4,1539,174,7,4,3,4,7,7,4,ferret_IndirectBP
297,2920,758,1390,1324,462,102,1475,360,149,71,85,115,151,177,146,104,3648,793,4933,5639,164,6,4086,114,5,6,5,4,5,4,4,45,4250,569,9989,11419,217,2,8559,115,6,2,3,2,4,5,2,61,3002,544,3933,6505,188,3,7685,117,4,4,3,0,1,3,1,77,2425,557,2646,4519,195,2,5928,119,4,2,2,1,2,4,1,92,2833,605,2510,3224,192,9,3303,148,5,5,3,6,7,12,9,59,4119,591,1521,1149,135,2,1715,90,2,2,1,2,4,4,5,71,3068,578,1302,1101,162,3,1354,105,4,3,2,2,2,3,2,87,2646,568,1194,1055,178,6,1252,100,8,2,4,7,3,12,9,81,2480,510,1227,990,155,3,1190,94,5,5,2,3,3,7,5,40,2458,521,1171,975,173,3,1178,134,5,6,4,3,4,5,5,47,2484,522,1159,979,160,2,1188,110,1,2,1,4,3,4,2,64,2526,540,1191,1038,204,2,1210,112,4,2,1,2,8,5,5,81,2512,548,1224,1010,180,4,1203,101,6,3,2,6,5,8,6,92,2483,560,1188,986,219,4,1158,113,10,6,4,5,6,9,9,78,2554,560,1175,1013,205,4,1204,122,7,4,1,4,5,6,5,ferret_IndirectBP
331,1274,159,1780,1112,421,110,1804,292,134,85,75,109,125,205,137,99,1267,50,2810,4950,198,5,2923,91,4,7,5,9,7,13,10,60,1019,35,7448,10427,216,1,5680,86,6,11,6,10,7,27,16,69,957,38,2774,6778,205,1,4138,89,3,11,2,3,3,9,4,74,908,56,2545,3381,207,2,3351,90,2,13,2,3,2,14,1,90,1023,59,2386,2477,192,6,2784,124,2,13,5,10,6,30,14,61,967,33,1829,1015,132,2,1946,65,3,11,1,3,3,8,4,71,1033,27,1742,883,171,1,1688,81,1,10,2,2,2,9,2,68,972,37,1624,848,199,6,1605,85,6,10,3,5,4,22,7,74,907,35,1559,820,176,3,1546,81,3,10,1,2,3,14,5,42,910,36,1571,807,198,4,1537,103,4,11,4,3,3,36,6,44,919,26,1547,801,175,3,1547,85,1,9,0,2,1,11,3,62,936,42,1567,833,211,2,1555,89,2,10,3,2,5,16,1,68,971,32,1583,821,175,3,1558,82,4,11,4,3,5,17,4,105,980,78,1561,824,217,5,1528,94,6,20,6,9,4,14,9,75,1004,50,1538,798,220,4,1561,99,5,9,5,3,3,5,7,ferret_IndirectBP
169,157,44,1122,1190,81,50,2293,104,65,33,20,32,70,77,50,57,31,7,4913,4474,20,2,3188,35,6,5,9,6,6,13,13,23,35,6,11610,11177,15,1,5461,23,1,1,0,2,3,5,2,50,32,12,11455,8542,19,4,2829,30,4,5,3,3,3,3,1,35,49,3,5728,4614,20,2,2686,18,2,3,3,2,0,2,1,46,55,11,2669,2634,20,4,2906,28,4,4,3,8,3,22,10,26,27,3,931,1107,14,1,2593,27,1,2,0,1,3,1,2,41,24,5,877,1040,13,3,2312,31,3,3,3,1,1,1,1,42,38,2,815,990,15,3,2201,23,5,2,2,2,3,4,3,36,35,2,827,964,17,1,2086,27,3,5,1,2,3,3,1,18,30,4,787,951,18,2,2099,18,3,2,3,1,2,0,5,13,20,0,803,979,10,1,2131,22,2,1,1,3,3,2,2,20,38,3,833,988,15,3,2133,28,2,3,1,1,5,3,1,44,37,5,842,973,13,3,2118,22,2,3,2,6,4,4,4,45,64,2,806,959,17,5,2066,24,2,3,3,1,3,6,4,33,55,3,836,982,19,2,2096,33,2,7,3,2,4,4,4,ferret_IndirectBP
146,95,44,1474,1160,71,36,2416,63,32,27,32,21,44,49,56,47,4,9,5856,4959,6,3,2598,5,3,4,6,5,4,15,5,25,2,2,11480,10429,6,1,5258,2,2,1,8,2,2,6,1,35,4,2,8765,7897,4,2,2731,1,1,1,7,0,2,7,1,22,2,2,6586,5414,4,0,2458,3,0,2,8,2,0,13,1,38,4,3,3787,3169,2,4,2954,3,1,2,10,4,1,12,4,20,3,1,1386,1188,2,1,2817,2,1,1,10,1,0,3,1,30,2,1,851,1078,3,1,2430,5,1,3,4,1,1,5,3,31,4,2,816,1009,3,2,2358,4,3,2,5,2,3,12,1,22,4,3,819,988,1,0,2256,3,0,3,5,0,0,8,2,16,4,2,806,978,4,1,2248,5,1,2,13,0,4,16,2,15,3,4,765,978,6,1,2262,4,1,4,6,2,1,23,0,15,7,2,830,1008,7,1,2281,5,2,0,5,0,0,16,1,24,5,3,842,984,3,1,2274,7,2,3,9,1,1,11,0,22,7,3,852,966,4,1,2208,5,4,6,20,4,5,7,6,32,6,3,821,979,3,2,2248,3,2,2,6,1,0,6,0,ferret_IndirectBP
139,100,46,1273,1173,72,25,2123,56,37,23,21,22,52,51,42,57,3,15,4773,3986,4,4,2312,5,6,4,6,4,4,7,5,21,4,11,11229,9013,2,2,6237,4,0,2,0,0,0,2,0,34,4,11,8896,7042,1,2,2759,4,2,4,2,4,1,2,2,30,2,10,5560,4109,3,2,2134,1,0,3,3,1,1,2,3,41,4,13,3581,2882,4,4,2684,3,1,2,3,2,2,4,3,18,2,6,1177,1414,2,0,2751,3,1,1,0,1,1,2,1,37,3,13,1065,1101,2,2,2170,6,2,3,3,2,1,3,1,32,6,11,979,1021,2,1,2053,2,4,3,2,2,3,2,2,20,4,4,1017,1002,3,2,1968,1,3,4,0,2,3,2,2,14,2,8,974,997,3,2,1942,3,3,2,3,1,2,3,3,10,5,3,950,993,2,0,1965,2,1,1,0,3,1,2,3,15,1,4,1032,1003,3,1,1967,2,1,1,1,2,3,2,0,30,6,7,1024,1005,3,1,1943,2,1,4,0,1,0,4,5,28,2,6,991,987,2,3,1912,4,3,3,2,3,5,6,5,23,4,9,973,998,3,1,1935,1,1,2,0,0,4,2,1,ferret_IndirectBP
136,75,34,1123,1500,62,29,2453,45,58,20,32,51,38,70,50,43,4,7,5589,4527,4,3,2676,5,13,4,1,5,6,13,5,19,2,0,10897,8947,2,0,4906,1,12,1,0,12,3,8,2,35,1,2,4387,4333,2,1,2566,1,13,2,1,8,1,6,3,31,1,0,3025,3172,4,1,2621,0,20,2,1,9,0,14,3,37,6,0,2712,2756,0,2,2859,1,11,4,0,11,2,9,3,20,1,1,1626,1759,2,1,2795,2,5,2,0,8,1,2,2,26,1,1,1097,1499,2,0,2456,2,10,1,1,5,0,6,3,28,3,2,995,1403,2,1,2369,0,9,4,0,4,0,12,5,20,1,0,1014,1353,3,0,2293,3,4,4,4,8,1,15,5,13,4,3,987,1348,2,1,2299,1,8,2,1,8,1,14,4,19,1,1,962,1353,0,1,2330,0,4,1,0,11,1,7,3,21,3,1,1001,1378,3,1,2331,1,16,3,2,8,6,35,4,24,3,1,1036,1338,1,1,2329,2,10,1,1,9,0,11,4,35,5,3,985,1329,5,2,2257,3,34,5,5,16,1,15,7,25,2,0,984,1333,3,0,2277,2,23,3,3,9,4,4,6,ferret_IndirectBP
93,103,36,1186,1135,56,26,1734,43,32,16,28,62,52,57,46,49,11,5,4836,4767,6,2,2361,4,3,4,1,6,4,5,5,23,21,1,10893,10050,2,0,6263,1,1,1,1,1,2,0,2,33,13,3,8572,5984,1,2,2767,2,4,3,2,4,3,2,2,27,7,3,5391,4033,2,1,2124,1,2,3,1,1,2,0,2,33,9,3,3490,2678,3,6,2565,3,0,1,2,3,3,2,2,15,10,0,1391,1325,1,1,2360,1,2,1,1,1,2,3,1,22,8,1,1085,1062,1,3,1789,4,3,3,2,3,2,0,1,23,9,0,1003,982,3,2,1683,2,3,1,1,2,1,2,0,26,5,2,1019,1008,4,6,1595,3,0,3,0,6,1,9,4,12,8,2,1008,988,2,1,1601,2,3,2,3,2,3,0,5,15,6,2,980,944,3,0,1634,1,0,1,0,3,1,0,2,31,11,1,1026,1000,2,1,1652,2,3,3,1,2,3,3,2,30,6,3,1020,976,2,2,1624,0,2,1,1,2,2,5,6,32,6,3,1003,979,3,3,1577,4,5,1,2,3,5,2,7,28,13,2,990,961,3,3,1617,4,3,2,2,1,4,5,1,ferret_IndirectBP
109,85,17,1167,1402,85,24,1838,35,32,22,20,27,50,72,49,44,4,7,5233,3517,13,3,2750,4,3,4,4,3,8,14,6,13,0,1,10864,8948,14,1,5997,2,1,2,1,1,7,10,1,29,1,0,6864,3319,11,1,3452,0,0,4,3,1,7,6,2,28,2,1,4606,2445,26,3,3310,2,0,2,0,2,6,18,4,38,3,4,3540,2091,10,2,2875,4,5,4,4,5,11,28,7,18,2,1,1144,1494,10,1,2142,0,1,2,0,1,9,6,2,24,2,1,1092,1375,7,0,1862,2,0,2,1,0,4,8,2,23,2,0,1005,1301,6,0,1754,3,3,1,1,1,5,14,3,21,2,0,1025,1257,17,3,1675,1,2,5,0,2,4,18,1,16,4,2,971,1257,8,2,1654,3,2,2,3,2,7,17,3,12,0,0,973,1255,7,0,1690,1,1,1,2,3,6,11,3,16,3,0,1020,1281,14,1,1712,1,1,2,1,2,12,18,3,22,6,1,1027,1248,17,2,1704,1,3,3,1,1,8,29,1,33,5,2,968,1243,47,2,1647,2,2,6,5,5,16,15,7,28,3,2,973,1240,20,3,1668,3,1,4,2,4,7,6,2,ferret_IndirectBP
2996,1933,1853,1949,1938,1924,3724,1893,1904,1908,1852,1913,1881,1960,1986,1936,972,15,20,21,24,19,1880,17,18,17,18,22,14,20,20,16,929,7,6,11,7,5,1864,4,5,5,5,18,5,7,8,6,982,7,7,7,12,16,1869,9,12,14,9,21,11,12,13,9,980,11,10,14,18,16,1872,7,16,16,15,35,10,18,17,16,970,11,7,8,9,11,1867,9,9,13,8,24,11,9,11,9,932,9,14,7,14,21,1871,20,13,16,19,38,14,19,16,20,990,44,41,49,53,57,1900,43,45,46,44,62,41,45,47,52,969,17,15,22,28,19,1880,19,24,18,18,22,18,21,23,18,966,20,16,17,18,30,1872,18,16,18,15,30,12,21,18,19,935,13,7,11,14,16,1865,10,11,12,10,28,14,16,15,16,943,9,6,9,14,13,1860,9,12,10,6,15,10,14,17,12,947,12,5,10,12,14,1865,6,9,13,9,33,8,14,16,10,991,8,6,11,11,15,1865,7,11,13,13,21,10,16,13,8,996,10,6,9,11,12,1864,10,11,14,8,56,8,15,14,11,974,9,8,10,11,14,1868,11,10,13,7,40,10,16,16,10,ferret_IndirectBP
107,93,33,1837,1178,86,45,1884,52,49,32,29,62,56,60,51,55,2,6,4125,4566,2,3,2914,1,3,4,3,4,2,2,3,19,4,0,8531,12269,0,1,6121,1,0,1,0,1,1,5,2,27,1,3,3657,12320,4,2,3113,2,1,2,1,5,1,0,2,28,0,0,3049,6604,3,0,2168,1,1,1,2,2,0,4,1,48,9,6,2962,2745,3,5,2308,2,3,3,1,4,2,12,3,22,0,1,2455,849,3,1,2307,2,0,1,1,1,1,3,4,24,2,2,1861,802,2,2,1909,4,3,2,2,2,1,1,2,28,4,2,1745,748,1,3,1816,1,4,3,0,2,5,3,3,31,3,1,1728,732,4,0,1736,3,2,3,1,1,0,6,4,19,3,1,1731,735,3,1,1746,3,3,2,3,2,2,3,3,18,3,0,1708,757,2,2,1769,0,1,1,1,3,1,3,2,33,3,2,1737,760,5,1,1772,3,1,2,1,2,4,6,2,30,2,0,1745,774,4,1,1750,1,0,2,3,3,0,6,3,33,3,3,1716,763,7,2,1732,5,5,2,4,2,4,5,4,31,2,1,1685,804,3,1,1747,3,3,2,2,2,3,3,5,ferret_IndirectBP
320,191,133,2414,1400,489,160,816,316,140,98,105,133,146,178,148,86,12,4,5135,3938,193,12,611,95,5,4,2,6,5,7,5,75,18,2,11210,9276,208,13,602,96,1,1,2,3,1,3,2,84,11,3,6321,9235,222,16,554,110,4,2,2,3,2,5,3,81,10,2,5787,5164,219,34,589,97,1,2,1,1,1,3,4,88,14,0,2783,2365,207,31,665,121,5,4,3,12,5,27,9,72,9,1,1882,1255,146,11,573,84,4,3,2,5,4,8,6,76,18,1,1153,1106,207,13,560,89,0,1,4,1,3,2,3,69,7,3,1042,1061,202,17,574,81,2,1,3,5,1,2,6,75,4,1,1033,1004,189,14,516,97,3,4,2,4,3,14,3,53,11,4,1044,982,184,12,535,104,3,1,2,4,3,4,3,57,6,2,996,991,182,6,504,87,0,0,0,1,2,3,2,73,9,2,1027,1006,226,28,543,87,2,1,1,2,5,2,3,78,7,4,1084,991,192,16,545,78,4,5,3,6,3,7,6,95,10,4,1047,977,209,52,569,91,4,5,4,4,6,5,4,76,19,6,1060,1009,243,38,584,101,5,4,3,3,4,8,3,ferret_IndirectBP
157,76,25,1198,1553,64,33,107,40,24,6,19,27,45,78,71,44,5,6,4577,4661,2,5,41,1,2,2,5,3,3,9,6,18,2,1,11448,9353,1,1,37,0,1,0,0,1,2,4,4,33,2,2,9204,4436,0,1,38,1,1,1,2,1,2,1,3,32,3,1,6051,3528,1,3,60,1,0,1,1,2,0,12,2,38,9,5,3264,3041,2,1,44,2,2,0,1,3,2,11,3,25,4,4,1170,1678,4,1,44,2,0,1,1,1,1,8,4,30,0,1,1100,1498,3,3,36,5,4,3,4,4,3,33,8,26,4,1,1016,1407,1,1,47,0,2,0,1,1,3,17,5,17,5,0,983,1373,2,2,42,1,3,1,0,2,2,11,2,7,2,0,982,1350,3,1,44,1,0,2,3,2,1,17,3,14,2,0,993,1343,0,1,34,0,0,1,0,3,1,9,2,17,2,2,1008,1395,4,1,47,2,1,3,1,2,4,10,2,26,3,0,1010,1364,6,3,45,1,1,2,1,3,3,16,1,38,2,3,985,1353,6,2,91,4,4,12,5,3,3,11,7,40,3,1,986,1338,2,2,65,3,2,3,2,2,1,3,5,ferret_IndirectBP
137,74,25,1012,1481,51,21,42,30,40,20,21,16,33,34,42,38,4,5,4157,4901,8,3,3,7,4,5,2,2,3,4,2,15,3,0,10780,8930,5,1,5,3,1,1,0,2,1,1,0,27,2,2,10599,3649,3,4,4,4,2,1,1,4,0,1,2,18,0,1,4663,2916,5,0,3,5,1,2,0,1,2,0,0,28,2,2,2197,2511,8,6,4,3,2,2,1,1,3,3,2,13,3,0,916,1698,5,2,3,2,1,2,0,1,1,4,1,30,4,7,880,1460,11,7,3,6,2,2,2,2,1,6,4,19,2,0,823,1378,5,1,3,2,2,2,0,1,2,1,1,27,1,1,810,1362,3,1,0,2,2,4,0,0,1,1,2,14,3,1,792,1355,5,1,4,4,2,2,3,1,2,0,3,14,2,1,774,1340,4,0,5,2,0,1,0,2,0,1,0,14,3,1,827,1361,3,3,2,4,1,1,0,0,2,0,1,20,2,2,817,1330,5,2,5,7,3,2,0,0,2,3,3,21,3,4,789,1323,6,3,6,5,1,1,2,1,1,3,4,24,2,3,800,1319,4,2,3,2,2,2,0,0,1,2,0,ferret_IndirectBP
95,77,27,1020,1420,39,29,29,32,43,13,18,31,40,45,43,40,5,6,4062,3630,3,3,2,5,6,3,3,3,4,7,2,15,3,2,11671,8453,0,1,2,0,8,2,1,1,0,6,0,21,2,1,8734,5447,2,1,2,1,6,2,2,2,3,4,1,18,2,1,4311,3205,3,1,1,1,6,1,1,0,0,14,2,24,2,0,1702,2214,3,4,1,3,8,1,2,1,2,14,3,22,2,2,947,1749,2,0,4,1,9,1,0,1,1,4,2,16,4,0,878,1409,1,0,3,5,6,2,0,1,2,9,2,17,2,2,797,1296,4,1,1,3,9,2,1,0,1,11,3,18,3,1,806,1249,3,1,0,1,4,2,2,1,2,28,2,10,3,2,816,1262,3,1,3,3,5,1,1,1,3,22,3,11,1,0,787,1264,3,1,3,3,8,1,0,4,1,7,2,15,1,3,820,1269,2,0,2,1,9,1,2,2,3,15,1,23,2,1,813,1245,3,0,3,1,7,3,1,1,0,18,2,21,2,1,805,1236,3,4,3,1,21,11,7,2,6,13,5,25,2,0,818,1243,2,3,1,3,7,2,2,2,3,3,1,ferret_IndirectBP
93,82,17,1176,1720,38,23,51,33,26,12,11,19,28,30,25,43,4,7,4405,3892,4,5,10,3,3,4,3,2,2,5,4,11,3,1,10509,8024,3,1,12,2,1,1,0,0,0,1,2,24,2,2,8288,3002,1,3,13,2,1,2,1,0,2,0,1,15,1,0,4580,2729,2,1,4,0,0,2,0,3,1,1,0,23,5,2,2444,2644,3,3,8,2,0,3,0,2,3,2,1,10,4,0,1334,2272,0,0,8,1,0,1,1,1,4,0,0,21,2,1,1075,1784,4,2,8,6,2,3,0,0,1,2,2,18,2,1,1005,1677,0,0,10,1,3,2,0,1,1,4,0,13,2,1,1001,1605,0,1,2,1,1,3,1,0,0,2,1,9,3,1,976,1612,2,2,9,2,2,2,3,1,1,0,2,8,2,0,961,1610,0,0,3,1,0,1,0,2,1,0,1,11,1,0,1016,1626,3,0,6,2,0,1,0,0,4,0,1,17,3,0,1016,1602,2,3,6,1,1,1,0,2,0,1,1,22,3,3,983,1592,6,2,6,5,3,2,2,3,1,3,3,17,3,0,988,1578,2,1,8,0,0,2,1,1,0,1,1,ferret_IndirectBP
93,66,18,1335,1528,38,32,34,31,26,17,12,8,29,37,31,36,4,6,3959,3955,5,4,3,5,3,5,1,5,4,6,6,11,1,1,9742,8708,2,1,0,1,0,3,0,0,0,5,1,17,1,0,5991,3667,1,1,0,1,1,4,0,3,2,2,3,10,1,1,4243,3526,2,0,0,1,1,3,2,0,0,12,1,19,2,2,3126,3340,3,3,3,0,2,3,0,1,2,11,3,19,1,1,1982,1958,2,2,4,1,0,5,1,2,0,3,2,19,0,2,1314,1593,2,2,1,4,1,2,1,2,3,4,3,19,5,1,1203,1458,2,1,1,2,3,3,2,0,2,6,2,16,0,0,1182,1436,2,0,1,2,1,9,1,0,0,7,3,9,3,1,1169,1405,3,2,3,2,2,4,2,1,1,31,3,8,1,0,1166,1402,0,1,2,1,0,3,0,2,1,6,1,8,4,0,1212,1420,0,2,4,0,0,3,0,0,3,15,1,17,2,0,1207,1415,3,3,2,3,1,5,2,1,4,11,3,17,3,3,1175,1392,3,2,2,3,2,22,8,2,2,7,5,18,2,2,1161,1385,0,1,0,1,3,2,0,0,3,4,4,ferret_IndirectBP
79,54,23,1340,1665,40,13,28,27,19,16,11,25,31,28,30,29,5,4,4971,4114,2,1,2,2,1,3,3,2,3,3,2,16,2,0,9892,8230,1,0,0,1,0,2,0,1,2,0,1,21,1,3,6217,3301,2,2,3,1,2,3,2,0,0,1,1,15,0,1,4749,2902,3,1,0,1,0,2,0,0,1,0,0,25,2,1,3194,2830,1,4,1,3,1,2,1,2,1,2,1,10,3,1,1941,2059,2,0,2,1,2,1,1,0,0,0,1,15,5,2,1318,1699,2,0,1,4,2,2,1,1,2,1,0,16,1,0,1225,1610,1,1,2,0,2,2,1,1,2,2,2,14,2,1,1191,1544,2,0,2,0,0,3,0,2,3,0,0,9,2,2,1185,1558,1,1,2,1,1,2,1,1,2,2,2,9,1,0,1159,1546,1,0,0,1,2,0,0,0,0,0,0,17,2,1,1194,1575,1,1,1,2,2,0,0,0,2,1,0,21,2,1,1201,1541,0,1,2,1,0,1,0,2,0,0,3,15,1,1,1161,1523,4,2,3,2,1,2,1,3,1,1,3,20,4,1,1173,1512,3,2,1,2,2,3,2,1,1,2,0,ferret_IndirectBP
84,66,25,1856,1115,43,28,28,27,32,13,18,29,48,40,28,38,3,2,4359,5421,2,3,4,2,4,2,4,2,5,4,3,15,2,1,7223,10477,0,1,1,1,1,0,0,1,0,2,0,28,1,2,4475,4114,1,1,3,0,0,1,0,2,1,2,1,23,1,1,2966,3298,2,0,1,0,1,0,0,2,1,1,1,27,1,2,2627,2769,3,1,2,1,2,1,0,1,1,1,2,19,1,1,1981,1139,2,0,0,0,0,1,0,1,1,3,1,20,2,0,1852,1071,2,0,2,1,1,2,0,0,1,1,2,20,1,1,1764,997,1,0,0,1,1,1,0,1,2,3,1,18,1,0,1743,987,1,2,1,0,1,0,2,1,1,5,1,10,2,1,1713,962,2,2,2,2,1,0,0,1,0,1,0,14,2,0,1717,958,0,1,1,1,0,0,0,0,0,2,1,18,0,0,1736,994,2,1,1,0,1,1,0,0,2,1,1,27,1,1,1752,981,2,2,2,1,3,0,0,2,2,3,1,23,2,2,1699,963,2,4,2,4,4,3,3,2,4,3,3,15,2,1,1679,961,3,0,2,2,1,0,1,1,1,2,0,ferret_IndirectBP
114,78,29,1909,1195,48,18,36,29,29,36,13,29,32,78,43,44,2,5,2880,4924,5,3,3,5,3,12,2,6,4,15,5,20,1,1,6655,10087,3,2,1,0,1,14,1,1,1,18,1,21,0,0,2822,7809,0,1,0,0,2,14,1,2,0,11,1,28,0,1,2898,5107,0,2,0,1,0,19,2,3,0,30,1,32,5,0,2762,2554,2,1,1,1,2,17,3,4,3,17,1,16,1,1,2080,1253,0,0,1,1,0,15,1,1,3,14,2,22,3,2,1955,1071,1,0,2,4,2,14,1,1,1,11,4,18,3,1,1826,1005,4,1,1,1,1,10,1,1,2,10,1,19,2,0,1773,967,2,0,1,2,1,7,0,2,2,7,2,13,1,2,1764,973,2,0,0,1,1,5,3,6,2,38,6,10,3,1,1750,980,3,1,0,0,0,8,0,3,1,9,3,19,4,1,1763,1021,3,1,1,0,1,17,2,3,1,29,4,22,7,2,1782,975,2,0,0,2,3,13,2,2,2,9,3,30,4,3,1730,969,4,2,2,3,3,35,1,3,1,42,5,26,1,0,1709,967,1,1,2,0,1,21,1,3,3,31,2,ferret_IndirectBP
4040,2589,2492,2569,2535,2569,7095,5119,2497,6748,2463,2462,2447,2514,2497,2656,1300,41,60,29,39,28,3921,1848,33,1931,36,37,16,36,33,41,1224,33,33,20,13,18,4090,1274,13,2360,18,16,0,13,14,21,1303,46,52,26,35,28,3389,1511,27,2233,36,23,10,34,24,32,1283,42,57,26,30,27,3397,719,34,2481,39,29,14,28,33,33,1301,47,49,34,32,31,3468,708,48,2749,51,29,6,39,36,31,1333,199,196,110,163,130,3298,2400,187,2985,144,109,68,145,160,134,1300,94,88,71,73,68,3137,1248,60,2167,82,71,49,70,71,67,1261,56,60,32,39,33,2984,1410,35,2105,57,39,20,37,49,37,1248,65,58,28,72,77,3488,2942,35,2100,45,52,34,28,83,54,1224,36,43,18,23,16,3644,3130,24,2348,35,23,10,25,27,28,1236,35,43,17,22,20,2784,1801,25,2391,30,18,15,22,29,26,1245,38,51,29,26,25,3191,2009,29,2219,38,34,10,30,28,29,1263,38,43,24,25,27,3258,1692,25,2483,39,24,11,23,36,31,1264,35,49,23,25,26,3149,1398,32,2392,41,27,9,24,17,32,1340,48,54,28,22,18,3474,2014,34,2761,37,24,9,25,22,33,ferret_IndirectBP
95,73,18,1030,1163,33,14,26,32,27,14,11,18,27,42,38,42,6,3,4615,4643,3,3,6,2,2,4,3,2,3,3,2,14,4,1,11312,10430,0,0,1,1,1,0,0,1,1,0,0,18,1,0,10404,7051,0,0,0,1,0,0,2,2,1,0,1,22,2,1,5262,4961,2,2,3,3,2,2,1,3,1,2,3,21,1,2,2485,2765,2,1,2,2,0,0,1,0,3,3,4,10,3,0,948,1193,1,0,0,1,1,0,0,1,2,0,1,19,3,0,871,1067,1,2,0,1,1,0,1,1,1,3,2,21,2,0,815,988,1,1,3,1,0,0,1,1,1,1,3,16,2,2,816,990,2,0,2,1,2,2,2,0,2,2,2,8,3,2,802,972,1,2,2,1,3,0,0,2,0,3,6,11,1,0,807,946,1,0,1,1,2,0,0,0,0,1,2,14,2,2,824,1013,1,1,1,2,2,0,1,1,1,1,1,19,2,0,834,995,3,2,3,2,1,0,0,1,0,2,2,23,3,4,811,980,5,4,4,3,3,5,4,6,6,6,10,24,3,1,806,964,2,2,3,3,2,1,3,2,2,2,4,ferret_IndirectBP
97,63,13,1483,981,53,17,26,16,17,4,7,13,29,38,31,37,4,5,3555,4954,3,4,4,2,4,2,2,2,4,6,3,10,1,1,9045,11099,2,1,0,0,0,1,0,0,1,4,2,18,0,0,4965,8518,2,0,2,0,1,1,0,0,0,3,1,17,1,1,2857,5423,2,1,1,0,1,0,0,2,2,1,1,31,4,1,2134,3242,4,1,2,3,3,2,2,1,1,5,3,12,2,1,1540,1077,1,1,2,1,1,1,1,0,1,2,2,17,3,0,1482,864,4,0,2,1,1,2,0,2,2,1,1,15,1,1,1383,812,1,0,1,2,3,0,0,0,1,3,2,13,3,0,1340,780,1,2,2,0,0,0,0,1,0,3,1,7,1,0,1344,787,3,0,1,0,0,0,0,0,2,2,1,6,1,0,1347,789,2,1,1,0,0,0,0,0,0,2,1,11,1,1,1349,833,2,0,2,0,0,0,0,0,2,2,2,17,2,1,1353,811,2,3,2,1,0,1,0,2,0,3,3,26,3,3,1335,795,5,2,3,4,5,3,2,3,2,8,4,17,0,0,1328,804,3,1,1,2,2,2,1,2,4,4,2,ferret_IndirectBP
96,68,18,1294,1126,42,24,33,18,25,2,30,18,30,38,65,39,3,3,4009,4049,7,2,3,4,2,4,10,4,3,4,8,14,1,0,9368,9900,3,1,0,0,1,0,13,2,0,0,11,25,1,2,7598,6231,1,1,0,1,1,0,12,1,3,1,12,22,1,2,4426,3699,0,1,0,1,0,1,21,1,1,1,22,25,2,3,2337,2417,4,0,1,2,2,2,14,3,2,2,10,17,1,1,1335,1242,2,1,0,1,1,0,13,2,0,2,13,20,5,0,1199,1066,1,1,2,1,1,0,12,1,0,2,13,12,3,0,1113,1001,3,2,0,1,0,0,10,1,1,1,10,18,0,0,1088,986,0,1,0,2,2,1,12,1,3,3,7,7,4,0,1070,977,1,0,2,1,1,0,9,1,1,5,9,10,1,0,1064,958,0,0,1,1,1,0,0,3,4,6,19,13,3,0,1107,990,2,1,1,0,0,0,9,3,1,1,29,21,2,1,1098,994,3,2,0,1,2,2,10,2,2,3,13,27,3,3,1066,982,4,2,2,2,3,3,47,3,4,10,51,25,4,3,1082,957,2,2,2,1,0,0,18,2,1,2,25,ferret_IndirectBP
79,62,17,1371,1134,41,15,13,22,30,8,14,13,27,24,38,36,3,2,4044,4897,3,3,4,4,4,3,2,5,2,2,2,13,3,1,9876,9999,2,1,1,0,0,0,1,1,1,2,0,25,1,1,8837,5264,0,0,2,1,2,1,1,4,2,2,2,20,1,0,5815,3556,1,1,1,1,1,1,1,3,1,2,2,25,3,0,2557,2902,0,4,3,0,0,2,1,3,2,2,3,12,3,2,1406,1194,2,0,0,0,0,0,0,0,1,0,0,11,2,1,1218,1069,2,0,1,0,1,2,0,1,2,0,0,14,2,0,1134,1006,1,0,2,0,0,2,1,1,1,3,2,19,2,1,1112,1000,4,0,1,1,2,1,1,2,2,0,2,8,1,0,1102,957,2,0,0,1,1,0,0,1,0,2,2,10,2,3,1098,979,2,2,2,3,4,2,0,0,1,3,2,11,2,1,1110,996,3,1,1,1,2,1,0,1,1,1,2,17,2,0,1139,977,1,0,1,1,4,0,0,1,4,0,1,17,2,2,1114,961,1,3,2,3,1,1,2,2,1,5,3,22,3,3,1138,971,5,3,4,5,4,5,4,4,4,7,5,ferret_IndirectBP
114,73,25,2329,1174,39,31,37,21,35,13,23,17,32,39,30,48,5,4,2424,5440,2,4,3,2,4,3,2,2,3,5,3,27,1,1,3394,10521,0,2,1,1,1,1,0,2,1,2,1,44,3,3,2196,4888,1,2,1,1,1,1,1,2,1,2,2,43,2,1,2308,3808,3,1,2,1,3,1,2,1,1,0,0,29,2,3,2344,3253,3,1,1,1,3,0,1,1,0,4,2,28,3,0,2309,1325,1,2,4,1,1,1,1,2,3,2,4,28,2,0,2334,1125,3,2,3,3,2,0,0,2,2,3,3,21,2,1,2266,1040,2,0,1,1,2,0,1,1,2,2,1,26,3,0,2188,1026,1,1,1,1,2,1,1,1,1,1,3,15,2,1,2159,1024,0,1,0,1,1,0,0,1,0,2,1,20,1,0,2182,1010,2,1,0,1,0,1,1,1,0,3,1,26,3,2,2194,1040,1,2,2,1,1,1,1,2,2,2,2,26,2,1,2191,1025,1,0,3,1,1,0,1,2,0,0,1,63,2,3,2160,1021,5,2,2,3,3,1,1,2,2,3,2,42,2,1,2120,1014,2,2,3,4,4,1,1,2,1,5,4,ferret_IndirectBP
182,124,68,1839,2563,118,80,84,76,80,54,53,62,76,104,75,69,4,2,2991,5346,12,4,3,4,4,4,3,5,5,6,5,39,1,1,5914,9877,12,0,4,0,1,1,2,1,1,5,1,40,1,0,2676,5974,12,1,1,0,1,2,1,1,1,3,1,44,1,0,2401,4966,21,1,2,2,0,2,2,2,3,2,1,49,4,0,2222,3082,9,3,3,4,3,6,4,4,5,9,3,43,4,1,1858,1762,6,1,0,1,3,1,0,1,2,5,1,46,3,3,1859,1514,8,2,1,1,2,1,2,3,0,5,1,44,3,0,1740,1418,7,2,3,3,1,2,1,1,1,4,2,44,4,3,1696,1389,7,3,3,3,0,2,1,2,6,3,1,29,2,2,1665,1390,11,1,1,1,1,1,1,2,2,4,1,31,1,1,1664,1375,6,0,3,2,0,0,0,1,1,5,2,35,2,0,1670,1394,13,1,3,1,2,1,1,2,2,3,3,43,3,2,1684,1394,8,5,0,4,1,2,2,2,2,3,3,55,7,4,1654,1402,41,4,5,6,4,3,5,3,6,6,4,43,1,1,1653,1439,15,4,1,5,1,2,2,3,5,6,2,ferret_IndirectBP
101,94,19,1706,1234,47,22,28,36,35,7,11,19,30,31,38,52,4,4,4014,3649,6,3,3,5,3,4,2,3,3,3,5,12,2,1,7040,9361,1,1,0,1,1,1,0,0,1,1,1,27,1,0,3909,4337,1,0,1,2,1,1,0,1,2,1,4,22,1,0,3202,4034,1,0,0,1,2,2,1,0,0,1,2,30,6,2,2853,2519,1,2,2,1,2,0,0,2,1,5,5,16,2,1,2126,1351,3,1,2,1,0,0,0,1,0,1,2,17,3,1,1708,1181,2,0,2,1,0,1,1,1,3,0,2,21,3,1,1602,1121,1,1,1,0,2,0,1,2,1,1,3,24,2,0,1572,1085,1,2,0,3,3,1,2,0,2,1,3,9,3,0,1555,1063,0,0,1,1,1,0,0,0,1,2,1,12,2,0,1549,1065,1,0,1,1,2,0,0,1,2,3,1,16,4,0,1564,1083,3,1,1,1,1,0,1,0,0,0,1,18,2,0,1580,1073,2,1,2,1,2,1,2,0,4,0,2,21,2,4,1536,1064,3,2,1,3,2,2,1,2,1,1,3,23,6,1,1521,1060,2,0,1,2,2,0,2,0,2,3,4,ferret_IndirectBP
87,68,23,1481,1057,41,21,26,12,21,10,12,20,34,36,34,40,5,3,2625,4702,2,5,3,2,4,1,2,3,4,5,2,17,4,1,7518,12043,2,1,2,0,3,0,1,1,0,2,1,23,1,1,2204,13157,1,1,1,0,2,0,2,2,1,3,0,23,0,0,1948,7352,2,1,1,1,0,1,2,0,2,3,1,24,3,2,1920,3126,3,3,2,1,2,0,1,1,0,4,1,14,2,1,1650,822,2,0,1,2,0,0,0,0,2,1,0,20,2,1,1508,756,1,1,1,1,1,0,0,1,1,2,3,11,3,0,1405,703,1,2,0,0,0,1,0,0,1,2,2,15,3,1,1365,696,3,0,2,0,1,0,0,2,2,2,2,9,1,0,1360,699,0,1,0,0,0,0,0,1,2,1,2,12,0,1,1355,708,0,0,0,0,0,0,1,0,0,4,1,14,1,1,1360,712,2,0,0,1,1,1,0,0,2,2,0,23,3,1,1381,693,0,2,2,1,2,1,0,0,2,3,1,22,3,1,1348,704,3,3,3,2,1,2,2,1,3,6,6,22,2,2,1325,736,3,2,4,2,2,3,2,1,1,6,0,ferret_IndirectBP
103,78,22,1459,968,63,29,37,23,28,14,9,46,17,32,29,42,2,5,4290,4799,4,2,4,5,3,3,2,9,3,4,6,16,1,1,7726,10300,1,1,1,1,1,0,0,8,0,2,1,25,2,1,3219,8149,1,0,1,1,0,2,0,6,0,0,2,28,2,1,2740,4641,0,0,2,1,2,0,1,20,1,2,3,42,3,1,2568,2172,3,2,1,3,1,4,2,12,4,8,3,21,3,0,1917,907,1,2,1,0,1,1,1,8,2,2,2,21,1,1,1470,868,3,2,2,2,1,1,1,10,2,3,2,16,3,0,1377,819,3,2,2,0,2,0,1,7,2,1,1,18,3,2,1355,798,2,1,0,2,0,1,0,7,0,2,3,11,1,0,1355,774,4,0,2,0,1,0,0,11,0,1,1,8,1,0,1345,779,2,1,1,1,0,0,0,5,0,1,2,13,3,0,1351,797,1,0,2,0,0,0,0,10,3,5,3,13,2,0,1367,783,3,1,1,2,2,0,0,8,0,0,2,21,2,4,1324,786,5,2,2,2,4,2,3,43,2,5,2,17,3,0,1331,804,2,0,1,2,2,0,1,14,2,2,2,ferret_IndirectBP
96,62,25,1499,1152,37,23,37,32,26,6,11,26,27,18,46,36,5,2,4614,3442,5,5,1,3,3,2,2,3,4,3,1,16,4,0,7891,10231,3,0,1,0,0,1,1,1,0,0,1,28,1,1,3639,5728,2,0,2,1,1,1,1,0,2,1,1,22,0,1,2879,4041,1,2,0,2,1,0,0,1,1,2,1,21,1,3,2711,2728,1,0,3,1,2,0,1,1,2,3,1,15,3,2,1872,1135,2,1,1,2,3,0,0,0,0,1,2,25,1,3,1524,1073,2,1,3,2,3,1,0,1,1,2,2,19,3,1,1412,1017,1,0,2,2,1,2,0,0,1,2,3,17,1,0,1387,994,2,3,3,1,2,0,2,0,1,2,0,7,1,1,1368,961,0,0,1,2,0,0,0,0,1,2,2,10,1,1,1362,959,1,0,1,0,2,0,0,0,1,1,1,22,3,3,1377,1027,3,2,2,5,4,2,4,3,0,2,7,18,2,0,1408,989,2,1,2,1,0,0,1,0,2,1,1,13,4,2,1364,967,1,2,3,2,3,2,1,2,2,3,2,27,2,1,1362,971,1,3,1,3,2,2,2,2,0,2,2,ferret_IndirectBP
5522,3636,3485,3575,3581,3573,3489,3517,7327,3508,5129,7798,6758,3508,3511,3597,1812,44,42,44,35,38,35,39,3196,26,968,2497,1661,32,20,27,1733,23,20,25,23,27,21,17,3030,15,982,2474,2045,13,12,11,1791,43,29,35,38,30,29,29,2616,30,1010,2532,1826,30,24,26,1788,42,28,34,30,34,34,28,2856,32,1055,2808,1985,31,19,18,1782,36,31,38,36,28,36,42,3072,40,1034,2714,2042,34,16,16,1726,22,15,30,23,17,18,21,2738,17,1034,2379,1892,16,15,14,1754,32,30,38,26,24,32,37,2440,25,934,2476,1606,26,13,17,1777,183,158,122,176,124,104,115,2466,121,1125,2950,2168,120,84,71,1754,30,25,31,24,23,28,32,2473,27,948,2333,1646,27,13,15,1773,76,52,62,48,59,46,52,3017,52,1013,2701,2054,33,36,50,1730,82,56,30,73,44,18,60,2901,21,987,2582,2178,22,34,24,1732,93,63,67,73,48,30,38,3246,28,1093,2998,1843,25,36,33,1753,41,28,37,30,29,29,36,2700,32,927,2490,2018,26,22,23,1762,24,22,31,27,18,31,28,2708,23,931,2473,1871,27,14,16,1815,40,26,35,27,29,37,21,2963,25,1013,2756,2091,26,12,15,ferret
3811,2499,2409,2533,2460,2496,2394,2467,4245,2446,4456,3414,3129,2497,2504,2493,1262,19,17,32,24,24,19,19,1828,22,2508,667,394,42,21,26,1212,14,9,40,10,12,8,11,1817,18,1409,732,450,41,10,14,1250,19,11,44,17,28,13,23,1823,28,1919,782,417,60,36,31,1236,17,14,67,19,21,16,18,1821,21,896,710,399,42,20,21,1255,17,14,38,17,17,13,17,1822,21,823,871,501,44,22,18,1208,12,7,38,13,16,13,19,1820,26,1998,737,455,33,10,13,1244,20,15,39,19,23,15,21,1815,29,1530,685,412,40,18,18,1228,24,20,47,12,18,16,14,1811,31,2497,720,382,48,17,26,1225,18,15,55,20,21,8,21,1822,23,3954,661,410,46,17,15,1207,40,29,56,32,31,35,34,1837,38,4125,710,456,94,25,33,1189,28,14,37,12,16,12,12,1807,23,2087,687,462,57,21,23,1210,39,16,65,15,21,13,19,1822,24,3196,829,431,42,20,17,1230,16,13,40,17,26,12,18,1825,25,2079,757,469,45,21,18,1261,14,13,70,19,20,10,15,1820,20,1544,700,414,49,16,17,1250,17,8,53,15,20,12,16,1823,22,2644,773,452,38,18,20,ferret
3037,1969,1852,1922,1916,1925,1856,1890,3723,1898,1965,1857,1875,1948,1938,1951,998,11,15,19,11,15,14,13,1839,12,113,12,15,20,16,15,936,5,6,13,7,10,6,8,1823,6,97,6,4,10,9,9,972,13,12,15,13,14,13,9,1832,11,117,12,16,22,20,12,971,14,12,19,11,12,10,12,1833,8,117,8,7,17,13,14,976,13,8,16,10,10,8,10,1832,10,119,11,10,21,8,10,932,8,6,9,8,8,6,7,1831,5,120,7,6,13,6,9,957,10,10,17,9,12,8,8,1831,9,118,12,9,19,10,10,964,16,22,25,20,20,30,25,1844,19,119,28,22,29,24,24,953,11,8,16,9,9,14,10,1829,12,117,8,10,17,10,16,940,24,16,20,16,25,19,13,1838,17,98,17,17,20,20,17,951,21,19,19,17,16,16,14,1833,13,87,17,21,16,29,20,959,20,21,24,21,20,18,14,1839,12,89,15,12,20,24,16,985,12,11,20,10,13,9,12,1832,13,94,8,9,24,15,13,983,13,9,16,10,13,10,11,1833,10,105,11,11,19,11,15,985,16,12,12,12,10,9,8,1831,9,107,10,10,21,12,11,ferret
6751,4330,4318,4395,4302,4333,4150,4178,7336,4243,5901,6891,7386,7923,4375,4382,2183,31,49,54,26,24,17,23,2566,17,1785,2182,1339,1685,40,44,2142,27,35,49,23,15,11,14,2550,16,908,2231,1346,1977,36,38,2196,35,52,54,24,22,18,23,2217,19,1514,2312,1292,1836,45,43,2171,27,54,59,17,23,13,18,2476,20,1138,2499,1363,1896,39,35,2194,25,46,55,22,23,18,18,2573,15,1109,2541,1332,2110,40,41,2092,23,35,45,17,14,8,17,2230,12,1081,2315,1131,1919,25,29,2110,23,43,42,19,19,20,18,2052,16,1223,2277,1151,1636,38,34,2224,75,164,130,87,43,36,37,2141,40,1188,2339,1627,1998,152,154,2149,21,40,53,17,17,11,14,2187,15,2305,2297,1221,1646,36,36,2126,71,90,104,80,79,75,54,2520,67,1697,2530,1457,2154,89,85,2112,34,49,53,33,18,24,24,2287,37,1446,2247,1418,1919,44,39,2111,70,75,82,51,37,20,22,2603,20,1344,2526,1385,2028,61,47,2167,85,73,65,77,43,22,50,2699,48,1864,2440,1563,1950,81,65,2188,22,80,50,17,17,13,19,2434,15,1072,2276,1233,2009,30,50,2219,25,63,70,22,22,17,20,2552,15,2411,2428,1544,2141,39,37,ferret
3326,2164,2039,2143,2147,2150,2037,2077,3902,2094,3790,2038,2058,2116,2228,2134,1090,13,11,17,13,11,8,9,1838,14,1352,22,25,36,43,12,1033,11,4,9,8,6,5,5,1820,8,1182,14,19,32,39,6,1085,16,9,10,9,9,7,8,1829,11,1150,12,22,39,39,9,1081,11,5,12,8,9,5,4,1822,7,1466,19,18,44,32,8,1082,10,6,13,11,8,8,7,1825,8,971,20,22,42,32,8,1025,9,2,8,4,5,1,5,1821,4,1557,13,14,34,30,6,1052,11,5,10,8,9,7,7,1826,9,982,12,19,31,45,9,1046,17,8,12,7,10,7,7,1821,11,1182,23,17,37,35,8,1057,11,5,13,8,10,5,5,1823,7,1641,18,25,40,37,7,1049,26,21,29,31,33,24,21,1834,25,2802,37,37,48,84,21,1023,11,7,11,5,10,5,2,1821,8,1304,12,14,28,44,5,1032,14,7,17,10,12,9,9,1832,11,2101,23,15,45,43,10,1051,21,15,20,12,16,10,10,1831,14,1131,21,27,39,59,14,1093,14,9,11,11,11,9,8,1827,11,1160,17,20,77,45,9,1075,12,6,12,11,9,6,8,1829,11,1635,26,21,50,39,10,ferret
2991,1960,1886,1926,1930,1957,1846,1905,3808,1917,1864,1912,1951,1965,1967,1956,983,8,7,6,9,10,6,5,1872,9,24,29,56,37,10,9,949,6,4,9,10,12,4,7,1881,7,17,22,54,26,9,8,973,8,6,12,14,12,9,10,1866,10,23,30,75,42,11,6,968,7,5,7,12,12,4,6,1881,7,21,27,51,33,10,11,982,8,6,6,9,10,7,7,1872,7,19,29,49,34,9,9,929,4,3,5,9,7,1,5,1868,5,17,22,43,27,8,4,957,7,4,7,9,8,2,5,1860,9,22,17,44,18,7,8,972,16,22,16,21,18,15,18,1872,18,37,33,95,42,26,15,963,7,5,8,10,11,6,7,1862,7,23,20,44,31,9,8,939,13,12,11,18,17,12,6,1881,14,28,27,53,27,7,11,945,18,9,4,20,14,10,9,1888,14,22,27,55,31,13,14,956,19,19,12,21,19,11,10,1893,12,23,41,72,42,11,15,991,19,19,14,32,19,12,12,1899,17,23,42,87,36,31,28,991,9,6,7,13,10,6,14,1892,10,18,35,57,40,10,11,987,9,6,8,12,12,5,12,1884,8,20,29,59,35,12,10,ferret
8307,5452,5199,5312,5413,5287,5252,5234,6946,5260,7243,8628,10732,9250,10448,5404,2701,66,21,30,56,21,47,18,1465,21,1709,3032,3790,1517,1982,66,2615,70,16,23,31,12,27,13,1373,17,1404,2509,3920,1538,2300,20,2669,75,18,28,49,15,42,21,1111,22,1883,2806,3889,1495,2045,48,2693,98,14,34,25,14,45,13,1261,14,1294,3312,3866,1501,2001,37,2657,53,11,25,41,10,36,9,1433,11,984,2969,3885,1581,2257,40,2613,49,14,23,23,13,16,11,1174,14,1335,2856,3808,1455,2046,34,2635,51,11,25,36,8,30,9,1014,11,1127,2570,3661,1424,1786,26,2663,188,50,77,138,29,122,29,1054,38,1208,2638,3725,1668,2092,151,2645,43,12,24,32,11,20,12,1102,11,2111,3091,3656,1414,1724,31,2655,119,96,93,121,91,107,85,1387,89,2789,2538,4005,1760,2331,95,2589,62,28,26,41,13,41,15,1036,71,1388,2428,3845,1543,2004,27,2672,161,21,44,41,18,35,18,1247,32,1789,3760,3878,1727,2127,35,2707,134,37,43,60,24,55,30,1306,41,1519,3527,4208,1542,2498,62,2701,215,41,41,75,32,38,37,1508,40,1339,3009,4003,1754,2158,48,2689,120,13,25,36,10,43,10,1452,13,2120,2895,4154,1844,2405,47,ferret
7832,5040,4935,5031,5142,5005,4891,4919,4997,4906,7322,11729,9441,11153,10382,7690,2535,35,37,38,47,29,40,31,36,38,2154,6336,3905,4055,2232,1265,2482,20,17,27,25,21,26,12,22,21,2038,4920,4196,4266,2339,1386,2532,32,23,33,36,26,34,25,34,32,2354,5064,4474,4024,2240,1239,2593,28,25,37,36,28,28,22,31,32,1976,7186,4429,4098,2358,1381,2516,27,16,25,27,18,23,15,25,24,1504,6584,4066,4065,2320,1364,2460,27,21,33,32,24,30,21,33,27,2022,5855,3732,4107,2211,1258,2473,24,17,28,31,23,24,17,25,30,1750,6057,4262,3823,2153,1021,2545,57,55,63,77,71,79,66,69,70,1799,5876,4761,3983,2294,1243,2471,25,22,27,31,24,26,17,25,33,2584,5363,4375,3838,2121,1124,2462,75,74,88,87,73,73,60,76,85,2659,4221,4582,4395,2396,1416,2454,31,28,29,40,30,40,31,41,39,2012,3925,4151,3956,2268,1242,2512,46,28,36,47,32,54,27,53,34,2311,6198,3769,4118,2427,1289,2586,96,45,51,57,41,48,41,58,45,1935,7205,3778,4097,2609,1654,2452,104,61,52,70,49,46,46,55,42,1692,6136,3179,4383,2284,1623,2518,88,62,35,73,42,46,25,47,31,2613,7348,3861,4667,2873,1531,ferret
7103,4361,4463,4429,4387,4291,4190,4051,4196,4226,7692,7178,11808,7917,9906,9131,2196,26,30,42,32,29,28,33,31,31,3408,1966,5894,2463,3539,1823,2243,20,22,34,26,25,21,23,20,20,3097,1934,6354,2631,3925,1850,2228,27,30,46,35,33,29,28,27,26,3150,2110,6343,2501,3605,1692,2202,23,27,40,29,29,23,29,24,22,3167,4415,6457,2524,3444,1719,2155,23,23,33,28,21,25,22,25,21,3060,3511,6131,2703,3753,1865,2107,23,25,38,30,22,22,27,22,23,2898,2073,5671,2596,3625,1726,2038,22,19,32,24,22,23,20,26,19,2517,1852,5827,2317,3360,1623,2125,57,49,61,44,47,46,54,59,58,2720,2279,5219,2283,3532,1713,2127,26,22,40,28,24,26,22,28,19,3032,2069,4800,2430,3419,1638,2186,119,107,120,110,98,107,96,93,99,3503,2514,5319,2843,3981,1939,2173,33,34,56,35,31,32,30,31,31,3117,3056,6868,2526,3570,1775,2192,41,40,48,42,33,38,35,41,35,3067,4665,7883,2529,3389,1695,2263,60,53,56,51,49,59,42,48,50,3349,4627,7914,2663,3591,1888,2256,94,58,63,47,43,51,44,48,45,2953,2786,7844,2816,3387,2025,2297,115,66,75,48,49,46,49,56,53,3564,3397,7939,3007,4170,2306,ferret
2651,1608,1512,1617,1713,1735,1954,1488,1555,1516,2263,2266,8931,7792,2157,2268,827,9,11,8,10,15,248,10,8,10,529,501,5151,5739,289,266,776,2,5,9,7,8,276,7,6,6,537,419,6352,5560,370,288,830,10,11,15,16,13,296,12,10,12,525,550,5820,5994,393,278,897,10,9,16,10,13,284,12,10,10,544,608,7039,6719,403,293,884,9,9,13,11,11,275,9,10,9,574,681,7664,6445,497,307,760,15,18,22,28,19,207,10,12,15,566,616,6323,5928,370,262,764,8,5,7,10,12,180,8,12,9,460,448,6281,6022,306,215,798,7,13,14,13,12,196,12,8,11,489,520,5797,6034,336,286,773,7,5,13,7,11,214,7,6,9,483,460,4899,6534,342,241,764,23,29,33,28,31,291,21,27,22,495,524,5440,6596,382,309,758,20,22,18,36,27,349,15,9,34,537,469,6965,6021,583,454,785,6,9,15,10,12,260,9,9,17,533,482,7649,5998,424,311,800,8,13,12,8,12,259,11,6,18,497,487,8753,6642,315,281,821,18,13,19,15,19,242,16,11,16,509,618,8801,5871,328,321,793,22,22,25,20,24,384,14,13,16,630,700,7522,5969,446,426,ferret
5508,1386,1098,1163,1407,1160,1113,1242,3395,1233,3072,1104,1149,1188,1198,1287,112,142,48,42,118,50,67,170,1975,161,1414,102,91,92,77,85,56,161,22,31,91,27,60,133,1822,125,1229,92,79,67,58,57,83,160,25,32,94,27,57,143,1501,142,1162,85,77,67,55,59,111,229,39,38,100,38,61,160,1652,149,1208,113,84,76,69,67,99,206,32,34,96,32,64,133,1739,136,1394,95,87,76,61,69,49,173,26,28,64,28,50,123,1656,115,1193,65,76,64,55,57,78,153,36,35,102,26,62,169,1494,321,995,83,81,67,67,62,107,214,55,50,138,47,147,199,1496,154,1239,139,176,163,158,176,69,133,30,34,104,38,52,173,1485,146,1085,82,80,73,55,64,70,374,46,41,101,45,71,179,1998,147,1071,110,98,83,79,69,61,135,29,30,101,26,52,140,1425,134,1119,79,74,74,71,69,72,166,30,32,100,37,62,142,1598,145,1211,161,74,79,77,74,84,138,27,32,106,29,55,133,1565,150,1334,95,83,73,69,65,99,132,31,29,92,29,55,143,1727,125,1143,113,96,69,62,69,121,136,32,39,110,29,72,159,1821,187,1361,120,93,83,64,71,ferret
1781,1060,958,1068,1026,1012,1435,1023,1002,1055,1349,1040,4454,8009,2587,1750,536,10,7,22,8,8,174,6,8,7,198,23,2262,6012,1279,469,484,6,3,23,4,8,183,2,1,4,173,18,3035,6749,1412,472,533,9,5,24,14,7,211,4,7,5,185,20,2639,6914,1675,489,520,7,5,38,10,8,246,5,5,7,195,18,2779,7864,1583,490,513,7,5,22,3,8,203,6,5,4,233,22,3185,6807,1438,502,518,15,17,66,26,13,135,7,8,6,271,26,2429,5364,1471,547,517,5,2,19,5,6,127,4,6,4,175,18,2495,5689,1443,389,507,7,7,24,6,7,138,5,6,9,184,21,2609,6182,1479,393,529,6,4,17,7,4,111,3,3,3,124,22,2291,6525,1621,387,509,15,10,35,13,21,180,10,12,7,189,33,2155,8375,1751,450,521,7,3,25,8,10,137,3,6,3,154,18,3097,6479,1469,422,533,1,4,38,6,2,210,3,4,0,181,22,3172,6689,1555,399,552,3,4,25,8,2,162,5,7,6,161,24,3531,6445,1334,457,546,12,10,74,14,13,288,9,10,6,196,39,3349,4928,1108,493,535,11,15,43,23,10,389,3,13,7,317,33,2814,6862,1327,503,ferret
5258,2950,2730,2870,2914,2768,6001,2629,2653,2690,3977,2634,3823,4671,8881,5616,1971,24,15,17,16,19,1885,17,15,29,818,16,739,1421,6026,1670,1888,13,5,7,9,9,2128,4,7,20,1112,6,796,1732,5075,1759,1959,19,8,21,17,17,2060,12,10,36,1079,11,873,1698,5842,1715,2040,13,6,14,9,12,2035,7,10,39,821,6,843,1985,5775,1792,1884,15,9,14,12,11,1988,11,9,28,710,8,858,1512,5536,1857,2104,42,46,28,50,28,1884,17,18,41,1219,20,941,1602,6158,1811,1732,13,4,8,10,11,1696,6,7,19,634,9,685,1553,5401,1578,1807,17,8,16,12,11,1848,6,9,22,869,10,759,1555,5351,1670,1766,13,4,12,7,9,1829,5,7,19,1138,5,694,1628,5509,1643,1806,37,52,47,52,40,1957,29,38,57,1566,36,876,2222,5349,1797,1751,27,14,26,18,12,1804,13,15,28,749,13,802,1790,5027,1720,1931,33,26,41,32,30,2175,7,23,39,882,19,769,1720,6158,1826,1855,22,17,18,19,12,1942,8,9,25,780,9,905,1565,6130,1727,2104,16,13,24,16,14,1828,9,10,56,895,13,846,1277,5794,1695,2132,39,26,31,41,30,2284,14,24,62,1090,28,1007,1670,5629,1832,ferret
12949,5991,7911,6048,8645,6074,9408,5975,5789,8683,7057,5711,6023,6809,13461,10375,4840,21,1315,22,1159,20,3314,15,18,2298,1472,12,22,329,7087,2854,5057,52,1316,38,1384,34,3341,28,25,2483,1226,23,39,334,7099,3158,4760,25,1332,22,1155,18,3208,21,23,2396,1704,17,27,442,6622,2804,5051,73,1475,23,1200,39,3094,18,32,2442,958,21,33,368,6458,3213,4936,23,1304,20,1240,19,3073,12,17,2422,1102,10,28,431,8780,3208,4698,47,1315,61,1081,67,3289,46,49,2559,1181,47,52,352,6656,3055,4483,18,1204,15,953,17,3248,10,18,2279,1265,8,16,296,6953,2706,4451,25,1259,18,1061,23,3191,16,21,2302,972,10,22,317,6883,2813,4610,61,1348,68,1102,61,3413,43,52,2265,1893,52,61,445,7427,2871,4816,68,1328,91,1291,92,3423,72,80,2399,1341,80,88,538,6332,3052,4637,34,1218,31,1121,34,3247,26,33,2289,1458,26,35,390,5169,2952,4814,51,1373,48,1202,37,3258,35,37,2337,1133,39,48,408,7893,2980,5007,57,1351,51,1247,59,3224,48,37,2463,1427,46,62,422,8667,3182,4785,25,1363,21,1167,29,2967,22,25,2330,927,25,35,415,6708,2938,5557,66,1589,36,1483,50,3157,38,43,2560,1546,47,51,502,7735,3334,ferret
14415,10018,9914,8352,11040,6853,7411,6503,6655,7256,8598,6680,6830,6715,10526,10197,5904,2005,2981,860,2045,51,743,48,40,476,1766,52,58,40,3556,2894,5578,1992,2907,822,1834,64,748,60,55,507,2319,71,89,62,3771,2663,5697,1960,2815,822,1731,31,696,26,20,460,1832,25,44,26,3184,2626,5891,2176,2985,953,1679,46,677,26,40,460,1321,53,55,36,3481,2981,5668,1840,3023,784,1807,19,721,21,15,457,1408,15,23,23,4770,3188,5411,2164,2965,841,1676,80,697,72,70,458,1786,80,93,78,3123,3054,5328,1652,2735,730,1536,21,645,21,15,416,1361,16,25,23,3239,2696,5415,1627,2908,767,1583,21,735,22,15,431,1270,18,26,27,3346,2617,5549,1737,2995,830,1633,59,772,54,55,456,2496,65,74,65,3632,3031,5533,1701,2990,866,1879,100,864,98,89,510,2287,124,117,109,3131,2916,5523,1688,2905,781,1711,34,707,30,30,414,1667,28,44,38,2705,3267,5565,1771,3048,887,1758,40,684,40,41,429,1505,38,45,44,4547,2547,5585,1817,2868,815,1875,45,734,47,48,470,1710,42,62,56,4353,2701,5617,1819,2687,956,1744,32,663,29,27,422,1338,50,41,30,2869,2654,6083,2085,3167,872,2223,37,787,37,34,513,2122,124,57,47,3612,2912,ferret
6025,5431,5646,7646,4138,3224,2947,2992,2967,2862,3397,2809,2889,2868,4127,8172,2179,2833,2729,4568,407,230,33,34,28,26,511,35,38,35,749,6769,2181,2520,2600,3783,445,194,35,23,27,30,477,38,23,26,750,6968,2263,2287,2520,3741,556,213,48,36,25,21,493,34,24,22,1004,6463,2331,2256,2540,3783,456,227,23,23,34,21,483,24,34,20,889,5716,2238,2409,2637,3695,439,149,16,14,11,13,489,13,16,11,952,5402,2085,2760,2694,3773,340,142,30,29,32,30,520,29,19,31,767,6557,2083,3119,2745,3674,318,123,16,14,14,13,451,11,13,13,694,6856,2203,2383,2710,3679,401,121,14,12,9,14,460,10,11,10,727,5679,2056,2232,2628,3584,376,140,27,28,20,26,488,24,25,25,689,7224,2198,2238,2702,3601,518,182,50,45,36,44,491,51,47,38,833,7544,2139,2236,2555,3456,461,127,15,18,12,16,422,18,12,20,849,6659,2092,2336,2540,3559,375,188,20,18,13,17,472,20,14,20,763,6302,2067,2289,2572,3691,362,136,21,19,15,22,469,23,17,19,794,5813,2196,2330,2545,3729,483,316,30,22,21,16,512,51,25,15,781,6865,2306,2304,2713,3670,493,211,24,21,18,25,514,34,16,19,842,6201,ferret
2302,1919,900,5581,1647,2098,933,931,928,903,1342,884,884,928,1028,6328,1088,1288,26,5516,255,587,28,7,9,8,495,9,15,12,49,7719,1040,1396,17,4443,300,645,28,9,7,7,301,3,12,9,39,7682,1031,1100,20,4378,245,648,32,8,8,10,506,9,15,6,45,7870,1102,890,19,4215,308,812,38,9,9,8,243,7,14,9,60,7723,1130,1020,18,4220,411,691,60,9,9,7,255,9,27,5,86,6876,962,1191,15,4432,266,609,25,8,8,7,480,5,9,4,49,7584,923,1007,13,4725,215,528,20,5,5,5,435,4,4,6,33,7280,955,957,16,4824,278,584,17,4,5,5,363,3,7,5,33,6670,996,896,20,4593,233,545,18,5,7,6,711,2,8,8,40,8518,967,875,32,4348,318,628,36,12,13,22,736,19,25,18,85,8793,961,876,8,4288,227,544,14,3,4,5,462,2,7,4,26,6375,1001,874,13,4357,286,604,29,4,4,6,511,4,5,6,48,8401,975,904,14,4347,250,585,23,3,5,7,444,5,9,7,38,6954,1065,877,19,4257,309,731,49,8,6,5,400,4,16,10,72,7721,1146,863,10,4282,266,695,38,5,7,6,640,4,8,4,52,7935,ferret
8707,7458,3639,7620,9022,6730,3647,3637,3554,3557,5034,3508,3604,3648,3675,6216,4033,3427,39,4636,3813,3896,25,33,34,33,1242,35,30,29,52,3509,3722,3346,51,4034,3855,4311,43,43,47,44,1083,51,41,47,47,2850,3699,2956,32,5258,3753,4263,33,30,26,32,1418,30,29,23,37,2803,3877,2960,33,3612,3750,3807,24,18,23,21,934,20,28,23,35,3196,3968,3060,42,3758,3952,3212,45,37,35,41,966,33,37,35,65,2632,3896,3950,47,4026,3805,2718,32,36,37,31,1131,31,27,41,41,3383,3588,3180,11,4082,3671,2096,9,9,9,8,1106,8,8,11,19,2921,3608,2916,10,3867,3734,2024,13,10,9,15,945,9,9,11,16,2317,3643,2798,31,3646,3716,2013,26,26,35,30,1410,28,21,35,26,3586,3904,2818,53,3567,3876,2043,72,53,59,55,1294,59,74,70,75,3302,3510,2728,15,3521,3715,2031,14,14,12,16,1175,15,12,17,21,2426,3707,2888,23,3529,3755,2092,20,13,14,21,1214,16,11,21,29,2974,3824,2925,22,3564,3839,2129,24,18,17,19,1177,20,16,21,35,2254,4068,2943,44,3503,3817,2123,40,45,36,45,1041,42,44,49,60,3832,3993,2934,31,3523,4011,2056,32,22,31,27,1292,33,37,23,49,3005,ferret
4624,4712,1552,5367,2474,3703,1516,1543,1577,1604,2285,1464,1484,1595,1644,3743,1893,5000,14,4565,624,2253,19,11,13,13,718,15,15,13,18,1170,1791,4584,15,3778,658,6475,16,13,12,21,489,15,16,18,17,1178,1717,4398,8,4837,619,3021,7,12,7,12,709,17,10,11,15,1129,1832,3602,11,3475,620,2463,14,11,9,19,542,12,15,17,27,1161,1894,3640,10,3522,622,4054,14,12,8,6,612,10,8,12,10,1253,1851,3583,14,3940,669,3809,12,13,10,18,615,13,10,11,13,1169,1656,3432,4,4217,645,2235,4,6,8,10,536,5,4,7,7,993,1674,2992,4,3871,635,2077,2,3,5,12,569,4,5,10,8,991,1771,2868,9,3580,639,1974,11,11,11,13,952,15,13,9,10,1029,1800,2810,28,3482,687,1992,32,27,24,35,914,27,28,33,25,1182,1618,2790,3,3493,504,1964,2,5,5,9,663,4,4,11,6,1078,1785,2848,6,3509,567,1985,5,4,8,11,620,4,4,9,8,1134,1864,2867,8,3537,578,2022,6,7,8,12,683,7,8,13,11,1219,2005,2784,10,3399,717,1966,10,11,12,16,477,14,15,17,11,1199,2261,2833,9,3420,821,1955,7,8,11,12,924,17,13,11,18,1397,ferret
10595,7300,4162,8477,7605,7300,4141,4163,4113,7489,5903,4222,4292,4187,4268,8081,4163,3502,37,5425,2552,2992,22,25,23,1377,1449,27,28,30,25,1710,4066,5000,27,4415,2545,3403,24,23,22,1379,1145,25,27,23,31,1748,3954,3952,29,4483,2865,2553,16,24,23,1240,1412,20,24,21,21,1699,4279,2950,37,4048,2859,2621,31,21,23,1564,1362,36,28,24,30,1982,4431,3159,31,3965,2965,3458,21,20,20,1450,1278,31,25,30,21,1868,4248,4160,21,4179,2725,3954,14,15,10,1328,1387,15,14,19,20,1624,3829,3146,10,4210,2417,2777,7,10,9,1158,1109,8,12,15,15,1529,3847,2759,9,4105,2347,2636,7,10,6,1158,1225,8,10,11,11,1624,4324,2656,39,3830,2920,2537,31,21,21,1218,1730,28,30,22,34,1921,4244,2576,68,3746,3291,2526,58,48,44,1420,1780,70,50,52,41,1836,3978,2564,10,3739,2765,2521,5,7,7,1182,1460,8,12,15,13,1705,4169,2596,15,3723,2968,2545,8,10,10,1364,1513,11,14,20,15,1774,4160,2636,22,3849,3002,2603,15,18,14,1306,1412,15,23,23,22,1801,4185,2551,27,3698,2571,2482,23,23,18,1584,1270,21,23,22,21,1795,5005,2783,39,3869,2939,2622,17,14,26,2332,1667,52,47,20,50,2043,ferret
12247,7682,5989,8906,10920,8644,4862,4838,4966,9345,7974,4837,4959,4930,5012,9440,5432,3223,934,4894,5839,4382,36,39,45,1942,2669,44,43,42,45,3115,5380,3894,975,3907,6316,5271,28,24,30,1974,1865,28,34,38,37,3125,5358,3109,1024,4715,5527,4499,38,39,40,1795,2804,43,40,50,45,3111,5445,2345,1045,3488,7442,3575,38,42,40,1771,1321,37,44,46,38,3172,5634,2850,995,3577,7133,4181,43,40,44,2013,1473,44,49,48,46,3270,5371,3667,907,3877,6601,3038,17,26,24,1915,3549,20,27,27,21,3147,5136,2961,864,4443,5467,2225,9,14,19,1725,1904,12,13,14,11,3020,5319,2537,975,3891,4982,2013,16,20,19,1722,1802,17,20,20,17,3091,5602,2484,1069,3636,6433,1992,50,49,57,1763,4336,49,66,58,70,3283,5453,2380,1117,3603,7249,1994,85,92,86,1959,3916,87,91,93,70,3165,5186,2358,971,3531,5902,1945,15,23,21,1745,2798,13,18,18,17,3077,5256,2369,954,3532,6353,1998,18,23,24,1746,1939,19,21,23,23,3118,5257,2357,886,3568,6684,2630,18,25,25,1880,2476,23,21,24,24,3242,5388,2301,921,3458,6747,2879,24,27,36,1767,1807,25,26,33,31,3204,5575,2364,991,3477,6443,2817,33,34,45,2762,2820,48,51,47,49,3322,ferret
1252,1119,1010,1145,1261,1076,1007,1048,2942,1029,1292,989,1031,1080,1147,1119,98,19,8,30,45,10,11,19,1911,8,164,6,10,9,17,21,35,18,2,23,41,6,4,16,1900,1,177,3,4,2,8,15,91,15,4,28,30,11,9,24,1908,5,206,7,10,8,12,25,67,17,2,34,26,7,7,32,1906,6,180,5,6,7,13,20,72,16,4,27,37,5,8,20,1905,6,235,5,6,7,14,21,27,13,3,27,28,5,5,18,1903,2,166,1,3,4,10,16,33,19,1,33,23,6,5,11,1898,4,143,3,4,6,14,23,44,18,2,33,43,4,12,16,1899,5,155,2,3,4,11,18,40,17,2,37,32,4,6,13,1897,1,217,3,2,4,8,11,21,16,2,34,28,8,8,16,1897,3,163,4,3,5,16,19,21,13,1,28,15,6,4,9,1892,4,178,1,3,6,8,16,46,12,2,38,29,4,8,37,1905,5,313,5,6,8,14,19,74,17,5,44,31,5,15,13,1908,6,303,4,3,7,20,27,102,14,6,37,30,9,10,60,1900,7,170,5,7,11,16,23,84,21,4,57,25,8,11,33,1910,6,278,7,5,8,20,20,ferret
12689,8293,8836,9565,11964,8288,5766,5671,5482,10971,7405,5655,5799,5973,5766,8156,5494,2681,2934,4407,6314,3142,65,64,47,3007,917,57,71,66,61,1408,5284,7044,2971,4434,7907,6066,65,59,55,2926,958,54,69,58,57,1443,5120,4928,3018,4059,5892,7015,66,68,55,2805,995,64,69,62,59,1343,5078,2299,2876,3748,7540,3330,60,49,45,2938,960,54,63,56,55,1436,5462,3443,3023,3475,8380,3496,67,67,62,3070,966,69,84,84,69,1807,5260,4073,2919,3630,6565,5217,42,38,40,3060,909,33,41,46,36,1515,4892,2203,2777,4187,5405,6713,25,21,26,2869,813,19,24,30,23,1225,4655,1951,2765,3627,5384,929,32,26,28,2912,836,24,36,37,31,1233,5005,1928,2891,3373,5868,883,68,62,57,2923,939,73,74,65,63,1438,5316,1926,3071,3376,7690,976,124,110,77,3135,941,115,140,129,102,1477,5158,1850,2914,3291,5876,943,29,27,29,2962,780,25,29,42,30,1433,5530,1930,2802,3328,6200,928,38,34,34,2911,875,32,37,45,34,1691,5599,1927,2873,3398,6335,1223,36,36,38,2912,867,34,45,50,41,1858,5435,1835,2758,3249,5088,2018,50,39,41,2959,880,40,48,54,45,2123,5939,2049,2923,3506,5052,1905,69,60,49,3900,1209,105,76,63,57,1473,ferret
12251,9045,9260,10437,8357,9300,5779,6110,5750,9669,8338,5400,5411,5851,5450,7909,6005,3511,3080,4769,2054,3408,157,433,62,2803,2589,45,44,52,48,2081,5955,5652,3030,4471,2531,3147,166,384,59,2642,1599,36,47,43,47,2367,6239,3796,3164,5293,1863,2930,154,373,54,2812,2238,42,39,43,46,2120,6261,2464,3182,4007,2873,2980,199,472,56,2465,1224,38,45,40,43,2135,6368,2787,3190,4056,3346,3225,182,490,59,2728,1541,43,44,46,44,2202,5257,3455,3081,4071,2368,3457,127,384,38,2625,2065,19,26,38,36,2384,5281,2834,2921,4225,1933,3198,143,377,40,2617,2382,23,23,29,37,1827,5863,2593,3010,4250,1861,3117,112,322,31,2861,1443,20,24,32,31,1936,5958,2458,3045,4089,1964,2961,170,451,144,2418,3577,60,57,54,61,2024,6063,2379,3122,3866,2810,2935,206,489,118,2898,4133,86,85,92,81,2254,5733,2416,3040,3846,2317,2941,113,342,30,2596,2696,18,24,33,30,1810,5510,2496,3050,3893,2634,3004,118,423,33,2472,2782,16,22,36,36,1551,5746,2505,3095,4044,2631,3138,132,469,38,2578,2340,25,30,39,42,2358,4634,2343,2960,3838,2162,2924,142,473,40,2513,1668,24,31,39,40,2472,5265,2670,3339,4216,2264,3176,190,563,71,3255,3321,72,53,42,42,2255,ferret
12307,8008,5858,8149,7940,7413,5766,6509,5170,8056,6776,4743,4735,4900,4797,6692,8842,3030,406,2805,2248,4319,433,1503,28,2825,1100,30,32,42,35,2327,8431,4480,454,3748,2272,7259,518,2045,47,2773,935,44,47,48,52,2673,9016,3580,451,2718,2259,4142,473,1693,40,3017,1038,32,38,45,35,2483,11600,2381,424,2400,2260,3292,521,1780,38,3071,812,30,26,35,35,2893,8099,2729,458,2898,2268,4738,487,2387,30,2071,816,30,28,41,34,2480,6312,3969,445,3244,2282,3346,476,2085,42,3077,1126,36,40,48,61,2907,6709,3531,421,2573,2308,2035,490,1576,41,2756,898,44,42,46,53,1556,8061,2567,395,2557,2219,1860,420,1267,16,2639,841,16,19,19,21,1732,10830,2427,439,2429,2232,1797,442,1723,44,3057,1399,32,33,42,35,2879,9938,2447,568,2435,2337,1882,536,2149,100,2785,1898,99,90,110,92,2560,7230,2372,395,2307,2214,1787,386,1410,17,2328,1017,16,15,19,20,1829,7661,2469,382,2343,2239,1812,504,1175,22,2356,1133,24,17,26,24,2736,5325,2461,419,2406,2262,1871,440,1231,25,2898,1057,21,23,26,29,3624,4310,2349,439,2326,2249,1769,522,1242,25,2508,878,21,20,27,26,2841,4902,2439,425,2448,2356,1821,596,1243,26,2265,1229,27,25,29,26,1585,ferret
4990,5492,2238,4045,4650,5046,2418,3896,2214,5871,3726,3429,2215,2269,2300,2659,3063,4211,22,2532,1654,3032,24,2029,15,4789,1195,837,29,16,16,410,3018,4920,20,6117,1709,6538,31,6314,20,6541,1183,880,31,13,22,435,3138,4073,23,3503,1649,3123,28,3289,15,4155,1215,873,29,16,15,415,5025,3261,29,2419,1704,2982,31,2727,25,6330,1027,1065,41,22,26,415,2896,3485,36,3398,1678,4740,29,5461,22,7454,1050,992,38,20,30,438,2155,3532,34,3021,1667,3693,40,4205,32,7807,1279,826,37,26,21,433,2490,3700,33,1819,1644,2541,45,2453,37,4060,1052,929,85,23,59,405,2965,3278,13,1671,1655,2168,17,1699,14,3776,1066,799,24,14,13,386,3818,3116,19,1609,1644,2121,28,2240,19,4762,1337,823,26,10,16,414,3895,3025,43,1627,1752,2136,48,7324,24,7008,1481,922,43,29,35,449,3080,3057,21,1604,1712,2171,15,2661,19,4067,1156,759,41,16,56,405,3053,3045,14,1599,1679,2096,15,1069,13,4083,1264,940,39,12,34,401,1904,3068,15,1564,1653,2103,14,695,12,5302,1138,798,26,12,18,406,1601,2978,14,1558,1676,2090,15,845,11,6098,1170,1040,49,13,14,414,1868,2991,25,1581,1692,2062,28,1057,18,3888,1246,1023,53,16,18,417,ferret
3964,4596,1959,4181,2511,4980,2046,4960,2143,2953,4539,2805,2193,2007,2281,2134,1507,3248,6,2215,194,3574,10,2183,6,1394,2449,440,56,7,14,9,1475,3775,8,6669,210,5295,11,2784,11,2658,1563,476,79,11,8,7,1551,3314,10,3687,175,3946,11,2324,8,719,2292,484,61,15,18,11,1611,2387,16,2572,262,3726,16,2417,22,1979,1209,670,97,12,29,18,1604,2510,13,4456,231,4030,15,2652,13,2298,1333,574,72,8,35,20,1503,3978,10,3887,140,3193,11,2526,4,2883,2191,417,56,8,13,9,1575,3156,42,2182,310,2667,31,1985,31,1150,1774,653,104,21,74,56,1572,2622,4,2047,187,2493,5,2052,4,937,1599,439,50,6,8,7,1449,2431,10,1968,201,2358,10,1971,5,1120,3505,410,55,6,12,11,1421,2398,22,1953,251,2474,27,2207,14,2613,3533,498,102,22,27,22,1518,2460,23,1927,319,2464,14,2388,13,806,3082,342,80,13,53,29,1540,2437,9,1933,189,2532,15,2187,9,920,2107,475,85,8,29,16,1487,2423,5,1914,151,2415,7,2069,6,1220,2014,420,63,6,10,5,1628,2359,8,1930,187,2379,7,2233,7,1480,1480,590,104,10,12,13,1572,2346,16,1917,224,2404,17,2230,16,1026,2123,619,90,15,20,10,ferret
3801,3758,2241,4030,2521,6036,2128,3845,2134,3135,4901,3229,2452,2106,2413,2220,1216,2817,10,1402,106,3806,10,3290,9,572,2440,598,211,11,18,12,1142,3766,10,3230,142,3701,6,8600,6,621,1731,590,264,11,14,18,1198,3361,18,1778,171,3643,17,4300,14,660,2362,750,284,12,53,47,1188,2839,19,1546,192,3450,16,4287,18,614,862,836,312,21,32,23,1160,2353,16,1829,155,3422,20,4985,15,621,803,620,242,14,11,14,1082,2192,6,1653,107,3621,5,3619,9,654,2489,466,176,13,11,16,1115,1619,29,1351,141,3607,23,1822,33,539,1449,495,175,24,44,34,1085,1312,7,1348,142,3527,3,1646,4,566,1753,559,202,7,9,9,1180,1305,28,1450,137,3689,19,1603,31,536,3933,558,272,15,47,33,1136,1247,20,1350,172,3804,25,1583,20,604,3838,597,198,19,23,18,1128,1281,27,1408,244,3687,18,1598,20,647,2773,493,348,19,48,39,1083,1245,19,1387,167,3536,7,1588,15,632,2920,699,243,13,32,21,1071,1270,9,1361,126,3346,5,1602,7,541,2561,509,189,10,15,14,1268,1211,10,1422,131,3394,7,1567,9,573,1886,765,319,10,16,18,1160,1217,15,1463,136,3340,18,1565,20,636,2799,691,330,17,24,27,ferret
5594,5678,3365,4480,3886,6458,3278,5355,3218,5459,4283,6259,4600,5717,3663,3537,1710,2997,19,611,258,2558,18,2243,20,2047,795,2329,569,1367,25,24,1682,4399,8,698,304,2589,14,6575,10,2094,887,2441,735,1479,15,14,1762,3629,42,712,266,2618,27,3112,34,2058,844,2402,790,1569,71,48,1747,3067,28,775,322,2746,23,2650,41,2080,860,2537,873,1727,57,38,1701,3012,49,739,321,2725,40,4456,42,2197,893,2728,819,1585,63,53,1643,3945,12,636,173,2639,14,4280,16,2075,911,2386,449,1393,18,20,1686,2723,49,634,223,2555,54,2302,43,2094,828,2227,455,1366,54,64,1612,2303,4,597,250,2593,10,2120,6,2033,836,2414,641,1343,12,12,1624,2217,50,591,258,2592,49,2051,37,2000,832,2406,621,1525,62,60,1627,2153,50,678,356,2665,37,2013,38,2122,953,2532,646,1547,44,48,1661,2214,46,726,429,2689,32,2004,42,2156,800,2345,724,1498,62,49,1765,2240,51,745,349,2925,30,1998,52,2195,932,2620,620,1708,80,42,1756,2241,39,825,326,2690,26,2002,41,2169,781,2652,883,1537,81,54,1838,2124,13,688,233,2696,17,1945,15,2045,900,2511,737,1866,16,16,1774,2122,16,805,281,2820,25,1949,21,2091,851,2606,750,1833,25,28,ferret
6167,6009,3818,3929,4394,4320,3662,5360,3195,3490,4856,5512,5191,7471,5128,4281,1862,4233,99,226,593,453,84,3587,11,230,1512,1511,1412,3424,812,426,2046,4706,167,350,742,474,275,5301,12,273,1226,1747,1547,3517,1204,638,2050,3782,305,291,689,526,196,6183,24,300,1518,1858,1536,3509,1089,567,2248,2577,415,494,812,558,437,6965,13,295,823,2095,1601,3591,1381,634,2454,2799,360,480,936,617,311,3729,26,337,906,2124,1658,3665,1324,815,2027,3300,337,340,886,491,228,2172,15,237,1382,1905,1445,3508,1135,518,2137,3340,258,269,761,593,171,1630,41,232,1056,1827,1413,3425,1000,565,1898,2710,207,256,700,391,116,1480,5,225,910,1893,1446,3641,981,399,1840,2582,157,253,725,428,111,1466,44,246,2104,1830,1501,3634,988,464,2067,2550,347,413,915,567,278,1529,65,327,1764,2114,1725,3746,1203,594,2081,2580,275,364,744,560,245,1502,30,304,1537,1759,1689,3637,1093,584,2084,2614,321,305,742,494,330,1494,33,284,1307,2060,1574,3618,1246,577,1973,2591,187,307,745,465,179,1469,30,326,1616,1825,1537,3596,1186,569,2204,2558,472,462,971,584,456,1440,41,346,1604,2052,1767,3696,1247,706,2410,2603,512,415,901,763,386,1696,19,328,1673,1986,1725,3846,1414,696,ferret
1299,1116,999,1057,1042,1033,955,1021,2913,1005,985,963,1007,1056,1080,1076,115,14,9,5,9,9,7,14,1895,7,6,6,6,7,9,13,58,4,2,7,4,3,4,9,1891,4,3,1,3,5,4,3,93,10,8,10,8,7,8,14,1888,5,7,4,8,8,10,8,68,7,4,6,5,6,2,16,1892,4,6,3,4,5,6,5,72,9,4,9,10,5,6,15,1887,2,6,1,3,5,2,6,25,4,2,7,6,2,2,10,1886,3,4,1,2,4,4,6,64,6,6,8,19,5,4,13,1881,6,3,4,8,4,14,8,51,3,2,8,4,3,3,6,1889,4,4,2,1,2,3,3,55,8,5,8,7,5,2,8,1887,4,6,1,4,3,7,4,37,9,5,12,7,6,4,10,1889,4,8,5,6,4,7,9,28,5,3,5,5,2,1,10,1887,3,4,2,4,6,5,4,54,12,4,13,11,6,4,9,1903,4,4,4,4,4,6,8,83,9,4,7,9,6,4,8,1894,5,6,4,8,6,10,10,95,9,7,9,9,6,5,14,1902,7,6,6,8,8,10,13,103,7,6,5,9,7,3,18,1894,5,4,4,6,7,8,9,ferret
4298,1155,1045,1098,972,1078,883,954,5474,978,2783,893,925,999,1016,1222,248,83,64,45,23,54,8,48,3818,37,1507,41,37,44,30,41,210,99,40,45,5,46,2,42,3523,27,957,23,23,18,22,24,228,102,51,35,9,42,3,40,2901,36,1198,27,26,32,29,47,230,144,60,51,8,43,6,44,3121,39,862,38,31,32,29,40,236,139,62,52,5,48,6,53,3365,43,1145,29,20,27,20,36,152,96,40,45,2,34,2,32,3178,30,1506,13,11,11,15,22,158,78,53,39,12,44,2,31,2902,37,944,32,24,26,26,29,365,181,226,134,34,144,27,128,2785,120,1091,109,124,117,155,153,172,86,47,40,5,43,3,28,2982,27,1453,21,17,23,14,30,162,263,74,58,29,58,13,39,3772,44,2045,33,30,26,28,33,134,66,45,52,5,39,3,26,2833,28,1194,12,22,21,15,30,154,94,50,51,8,42,2,40,2964,39,1463,24,18,29,20,35,198,83,55,50,8,47,4,41,2931,38,1193,34,30,36,30,36,209,63,53,46,11,44,7,38,3180,25,880,27,24,27,24,39,336,81,58,74,11,54,7,47,3523,47,1424,29,19,27,24,28,ferret
1997,1348,1187,1312,1313,1304,1209,1279,4979,1233,3002,1719,1193,1245,1312,1490,474,11,20,20,34,27,25,31,3388,27,2045,304,22,25,23,20,389,9,2,12,19,12,22,15,3079,13,1197,247,22,16,13,18,463,11,10,18,37,29,27,31,2740,29,1658,297,20,30,22,25,445,16,10,20,37,44,42,36,2788,32,960,358,23,34,28,26,431,14,11,15,37,33,38,44,2993,34,1031,304,26,24,39,36,386,13,4,13,20,20,21,23,2895,17,1990,261,10,18,16,16,424,15,11,21,38,29,26,30,2605,30,1366,268,23,24,32,25,465,65,28,37,118,122,106,125,2562,111,1366,559,126,119,129,129,397,13,6,24,29,26,24,24,2669,26,2683,238,19,30,29,27,390,14,21,29,38,24,31,35,3130,35,3621,315,30,30,34,36,377,15,13,15,30,22,16,34,2694,17,1795,253,27,17,23,21,375,11,9,17,26,25,25,31,2646,23,1928,242,19,24,24,21,406,12,14,17,34,29,27,28,2642,30,1857,288,26,26,29,25,445,14,11,17,31,22,19,24,2846,23,1356,278,17,22,19,27,550,14,14,18,27,27,24,19,3102,25,2231,305,22,23,29,17,ferret
2710,1781,1697,1800,1780,1769,1697,1742,3597,1739,1683,1707,1730,1737,1756,1770,826,12,15,18,18,15,16,17,1874,11,26,16,14,12,14,16,781,6,8,5,5,8,0,4,1854,4,16,7,6,6,12,11,839,14,11,11,11,13,8,9,1863,8,20,9,12,9,12,13,823,11,15,13,10,14,9,11,1861,11,26,10,14,13,19,18,817,13,10,10,8,10,6,6,1850,5,22,9,9,8,10,10,776,7,8,10,7,8,2,7,1850,8,19,8,5,4,11,9,812,19,20,19,22,18,19,17,1861,24,37,22,20,19,22,24,792,11,8,12,8,14,12,10,1858,12,26,15,7,9,14,12,813,20,19,17,20,18,21,18,1866,18,43,19,21,18,20,20,787,40,40,40,37,47,26,32,1871,33,47,29,28,36,32,37,782,12,12,15,15,19,6,8,1858,9,23,14,12,17,14,17,798,11,11,10,12,11,8,7,1863,9,18,11,10,14,9,10,795,7,5,9,7,7,6,5,1864,6,19,9,10,8,12,12,797,9,10,14,12,11,8,9,1866,7,19,13,10,14,13,16,812,8,7,10,10,11,6,7,1862,6,15,9,9,12,10,13,ferret
3195,2069,1988,2039,2057,2017,1947,1982,4198,2010,2289,2594,1968,2013,2029,2068,1052,16,32,27,45,14,22,17,2161,24,151,312,14,22,14,20,988,16,12,12,27,9,11,8,2127,9,143,268,10,6,7,9,1030,12,24,16,26,10,12,12,2002,17,181,306,12,12,12,11,1030,18,27,18,30,14,13,14,2049,14,175,386,17,12,14,11,1019,8,29,9,31,7,10,7,2090,12,184,378,8,8,9,9,989,10,10,7,15,4,10,8,2012,7,174,308,8,7,4,8,1014,21,33,29,44,21,20,23,1995,19,150,326,18,13,21,19,1023,31,114,25,111,23,20,27,1986,27,197,419,37,27,35,36,1025,18,27,26,39,21,20,20,2012,24,156,271,22,19,23,25,1025,49,51,48,66,63,47,39,2169,54,185,438,45,47,54,53,1007,35,31,24,56,26,14,25,2120,18,238,312,30,24,23,15,997,12,21,11,22,9,11,12,2022,11,160,287,12,9,9,7,1024,12,25,12,30,9,10,9,2032,12,159,325,14,11,10,13,1029,15,22,8,27,14,10,11,2050,14,151,296,15,9,13,14,1050,14,27,13,23,11,11,10,2124,11,180,337,8,7,12,10,ferret
4039,2590,2395,2578,2433,2490,2429,2481,7276,2445,4577,6262,2392,2434,2486,2713,1292,57,22,60,26,39,43,31,3806,35,2351,2039,34,26,34,33,1221,53,10,43,12,20,42,17,3557,27,1178,2142,18,15,23,23,1290,50,14,53,20,31,47,36,3134,36,1810,2053,24,30,30,27,1258,48,15,59,14,34,58,29,3360,37,703,2420,25,25,31,32,1267,69,10,48,14,37,39,41,3601,45,760,2765,31,28,32,38,1217,41,10,49,9,19,20,13,3244,27,2823,2136,15,17,23,25,1265,58,13,65,24,30,46,31,2672,46,1411,2173,30,31,35,31,1399,225,63,178,98,154,116,158,2808,195,1503,2904,174,119,173,185,1250,60,15,62,24,31,47,32,2845,34,3784,1871,42,34,39,39,1226,82,51,96,63,47,62,70,3576,70,3924,2256,54,52,51,67,1211,89,36,65,80,38,28,65,3549,27,2024,2111,35,23,46,38,1218,45,9,68,10,27,55,26,3209,36,2489,2228,23,30,30,30,1247,62,15,68,13,29,38,27,3130,35,1973,2299,18,17,32,26,1268,47,9,49,9,29,66,26,3174,36,1345,2121,19,25,23,35,1396,73,14,49,11,32,59,25,3665,46,2506,2493,20,27,23,26,ferret
