From router 0 to router 0,From router 0 to router 1,From router 0 to router 2,From router 0 to router 3,From router 0 to router 4,From router 0 to router 5,From router 0 to router 6,From router 0 to router 7,From router 0 to router 8,From router 0 to router 9,From router 0 to router 10,From router 0 to router 11,From router 0 to router 12,From router 0 to router 13,From router 0 to router 14,From router 0 to router 15,From router 1 to router 0,From router 1 to router 1,From router 1 to router 2,From router 1 to router 3,From router 1 to router 4,From router 1 to router 5,From router 1 to router 6,From router 1 to router 7,From router 1 to router 8,From router 1 to router 9,From router 1 to router 10,From router 1 to router 11,From router 1 to router 12,From router 1 to router 13,From router 1 to router 14,From router 1 to router 15,From router 2 to router 0,From router 2 to router 1,From router 2 to router 2,From router 2 to router 3,From router 2 to router 4,From router 2 to router 5,From router 2 to router 6,From router 2 to router 7,From router 2 to router 8,From router 2 to router 9,From router 2 to router 10,From router 2 to router 11,From router 2 to router 12,From router 2 to router 13,From router 2 to router 14,From router 2 to router 15,From router 3 to router 0,From router 3 to router 1,From router 3 to router 2,From router 3 to router 3,From router 3 to router 4,From router 3 to router 5,From router 3 to router 6,From router 3 to router 7,From router 3 to router 8,From router 3 to router 9,From router 3 to router 10,From router 3 to router 11,From router 3 to router 12,From router 3 to router 13,From router 3 to router 14,From router 3 to router 15,From router 4 to router 0,From router 4 to router 1,From router 4 to router 2,From router 4 to router 3,From router 4 to router 4,From router 4 to router 5,From router 4 to router 6,From router 4 to router 7,From router 4 to router 8,From router 4 to router 9,From router 4 to router 10,From router 4 to router 11,From router 4 to router 12,From router 4 to router 13,From router 4 to router 14,From router 4 to router 15,From router 5 to router 0,From router 5 to router 1,From router 5 to router 2,From router 5 to router 3,From router 5 to router 4,From router 5 to router 5,From router 5 to router 6,From router 5 to router 7,From router 5 to router 8,From router 5 to router 9,From router 5 to router 10,From router 5 to router 11,From router 5 to router 12,From router 5 to router 13,From router 5 to router 14,From router 5 to router 15,From router 6 to router 0,From router 6 to router 1,From router 6 to router 2,From router 6 to router 3,From router 6 to router 4,From router 6 to router 5,From router 6 to router 6,From router 6 to router 7,From router 6 to router 8,From router 6 to router 9,From router 6 to router 10,From router 6 to router 11,From router 6 to router 12,From router 6 to router 13,From router 6 to router 14,From router 6 to router 15,From router 7 to router 0,From router 7 to router 1,From router 7 to router 2,From router 7 to router 3,From router 7 to router 4,From router 7 to router 5,From router 7 to router 6,From router 7 to router 7,From router 7 to router 8,From router 7 to router 9,From router 7 to router 10,From router 7 to router 11,From router 7 to router 12,From router 7 to router 13,From router 7 to router 14,From router 7 to router 15,From router 8 to router 0,From router 8 to router 1,From router 8 to router 2,From router 8 to router 3,From router 8 to router 4,From router 8 to router 5,From router 8 to router 6,From router 8 to router 7,From router 8 to router 8,From router 8 to router 9,From router 8 to router 10,From router 8 to router 11,From router 8 to router 12,From router 8 to router 13,From router 8 to router 14,From router 8 to router 15,From router 9 to router 0,From router 9 to router 1,From router 9 to router 2,From router 9 to router 3,From router 9 to router 4,From router 9 to router 5,From router 9 to router 6,From router 9 to router 7,From router 9 to router 8,From router 9 to router 9,From router 9 to router 10,From router 9 to router 11,From router 9 to router 12,From router 9 to router 13,From router 9 to router 14,From router 9 to router 15,From router 10 to router 0,From router 10 to router 1,From router 10 to router 2,From router 10 to router 3,From router 10 to router 4,From router 10 to router 5,From router 10 to router 6,From router 10 to router 7,From router 10 to router 8,From router 10 to router 9,From router 10 to router 10,From router 10 to router 11,From router 10 to router 12,From router 10 to router 13,From router 10 to router 14,From router 10 to router 15,From router 11 to router 0,From router 11 to router 1,From router 11 to router 2,From router 11 to router 3,From router 11 to router 4,From router 11 to router 5,From router 11 to router 6,From router 11 to router 7,From router 11 to router 8,From router 11 to router 9,From router 11 to router 10,From router 11 to router 11,From router 11 to router 12,From router 11 to router 13,From router 11 to router 14,From router 11 to router 15,From router 12 to router 0,From router 12 to router 1,From router 12 to router 2,From router 12 to router 3,From router 12 to router 4,From router 12 to router 5,From router 12 to router 6,From router 12 to router 7,From router 12 to router 8,From router 12 to router 9,From router 12 to router 10,From router 12 to router 11,From router 12 to router 12,From router 12 to router 13,From router 12 to router 14,From router 12 to router 15,From router 13 to router 0,From router 13 to router 1,From router 13 to router 2,From router 13 to router 3,From router 13 to router 4,From router 13 to router 5,From router 13 to router 6,From router 13 to router 7,From router 13 to router 8,From router 13 to router 9,From router 13 to router 10,From router 13 to router 11,From router 13 to router 12,From router 13 to router 13,From router 13 to router 14,From router 13 to router 15,From router 14 to router 0,From router 14 to router 1,From router 14 to router 2,From router 14 to router 3,From router 14 to router 4,From router 14 to router 5,From router 14 to router 6,From router 14 to router 7,From router 14 to router 8,From router 14 to router 9,From router 14 to router 10,From router 14 to router 11,From router 14 to router 12,From router 14 to router 13,From router 14 to router 14,From router 14 to router 15,From router 15 to router 0,From router 15 to router 1,From router 15 to router 2,From router 15 to router 3,From router 15 to router 4,From router 15 to router 5,From router 15 to router 6,From router 15 to router 7,From router 15 to router 8,From router 15 to router 9,From router 15 to router 10,From router 15 to router 11,From router 15 to router 12,From router 15 to router 13,From router 15 to router 14,From router 15 to router 15,Applications (Label Classes)
0.0,0.0,0.0,0.0,0.0,0.0,0.0,0.0,0.0,0.0,0.0,0.0,0.0,0.0,0.0,0.0,0.0,0.0,0.0,0.0,0.0,0.0,0.0,0.0,0.0,0.0,0.0,0.0,0.0,0.0,0.0,0.0,0.0,0.0,0.0,0.0,0.0,0.0,0.0,0.0,0.0,0.0,0.0,0.0,0.0,0.0,0.0,0.0,0.0,0.0,0.0,0.0,0.0,0.0,0.0,0.0,0.0,0.0,0.0,0.0,0.0,0.0,0.0,0.0,0.0,0.0,0.0,0.0,0.0,0.0,0.0,0.0,0.0,0.0,0.0,0.0,0.0,0.0,0.0,0.0,0.0,0.0,0.0,0.0,0.0,0.0,0.0,0.0,0.0,0.0,0.0,0.0,0.0,0.0,0.0,0.0,0.0,0.0,0.0,0.0,0.0,0.0,0.0,0.0,0.0,0.0,0.0,0.0,0.0,0.0,0.0,0.0,0.0,0.0,0.0,0.0,0.0,0.0,0.0,0.0,0.0,0.0,0.0,0.0,0.0,0.0,0.0,0.0,0.0,0.0,0.0,0.0,0.0,0.0,0.0,0.0,0.0,0.0,0.0,0.0,0.0,0.0,0.0,0.0,0.0,0.0,0.0,0.0,0.0,0.0,0.0,0.0,0.0,0.0,0.0,0.0,0.0,0.0,0.0,0.0,0.0,0.0,0.0,0.0,0.0,0.0,0.0,0.0,0.0,0.0,0.0,0.0,0.0,0.0,0.0,0.0,0.0,0.0,0.0,0.0,0.0,0.0,0.0,0.0,0.0,0.0,0.0,0.0,0.0,0.0,0.0,0.0,0.0,0.0,0.0,0.0,0.0,0.0,0.0,0.0,0.0,0.0,0.0,0.0,0.0,0.0,0.0,0.0,0.0,0.0,0.0,0.0,0.0,0.0,0.0,0.0,0.0,0.0,0.0,0.0,0.0,0.0,0.0,0.0,0.0,0.0,0.0,0.0,0.0,0.0,0.0,0.0,0.0,0.0,0.0,0.0,0.0,0.0,0.0,0.0,0.0,0.0,0.0,0.0,0.0,0.0,0.0,0.0,0.0,0.0,0.0,0.0,0.0,0.0,0.0,0.0,ferret
5089.0,3254.0,3138.0,3192.0,3195.0,3190.0,7296.0,4477.0,3071.0,7346.0,3049.0,6322.0,3122.0,3134.0,3192.0,3324.0,1635.0,40.0,39.0,41.0,33.0,41.0,3558.0,1453.0,23.0,2334.0,13.0,1537.0,49.0,35.0,29.0,31.0,1560.0,23.0,18.0,27.0,21.0,17.0,3751.0,941.0,7.0,2447.0,5.0,1820.0,35.0,19.0,16.0,20.0,1611.0,36.0,26.0,33.0,35.0,33.0,3077.0,1369.0,20.0,2386.0,11.0,1557.0,39.0,28.0,28.0,27.0,1617.0,38.0,37.0,30.0,26.0,45.0,3175.0,953.0,14.0,2584.0,11.0,1842.0,50.0,33.0,35.0,39.0,1616.0,43.0,32.0,35.0,36.0,35.0,3191.0,1007.0,15.0,2572.0,11.0,1761.0,41.0,34.0,37.0,39.0,1673.0,190.0,165.0,91.0,165.0,123.0,2996.0,1041.0,50.0,2825.0,21.0,2174.0,159.0,136.0,165.0,173.0,1589.0,71.0,58.0,56.0,57.0,49.0,2894.0,1106.0,41.0,2313.0,31.0,1454.0,58.0,51.0,56.0,54.0,1566.0,28.0,45.0,26.0,33.0,29.0,2861.0,900.0,15.0,2366.0,13.0,1582.0,45.0,33.0,27.0,28.0,1558.0,79.0,43.0,23.0,59.0,73.0,2958.0,1985.0,32.0,2209.0,8.0,1728.0,70.0,34.0,72.0,48.0,1535.0,25.0,21.0,19.0,17.0,19.0,3292.0,942.0,16.0,2451.0,6.0,1532.0,33.0,24.0,20.0,18.0,1569.0,73.0,52.0,25.0,72.0,46.0,3182.0,1676.0,28.0,2861.0,4.0,1683.0,45.0,25.0,48.0,51.0,1566.0,27.0,23.0,24.0,30.0,23.0,2860.0,908.0,8.0,2376.0,13.0,1556.0,50.0,41.0,53.0,36.0,1580.0,36.0,33.0,32.0,29.0,34.0,2930.0,1349.0,14.0,2393.0,13.0,1729.0,52.0,33.0,45.0,32.0,1600.0,28.0,26.0,19.0,24.0,24.0,2882.0,868.0,13.0,2495.0,13.0,1675.0,55.0,30.0,36.0,34.0,1686.0,34.0,34.0,25.0,23.0,22.0,3221.0,1480.0,12.0,2821.0,15.0,1884.0,51.0,28.0,37.0,28.0,ferret
111.0,65.0,24.0,1675.0,1060.0,42.0,28.0,24.0,17.0,28.0,15.0,19.0,28.0,71.0,51.0,37.0,38.0,4.0,5.0,2635.0,4618.0,3.0,3.0,1.0,3.0,3.0,1.0,2.0,5.0,11.0,6.0,5.0,17.0,1.0,1.0,7025.0,10719.0,1.0,2.0,2.0,0.0,2.0,0.0,0.0,1.0,7.0,3.0,1.0,26.0,3.0,0.0,1889.0,7345.0,0.0,2.0,0.0,0.0,1.0,0.0,2.0,3.0,10.0,2.0,2.0,26.0,0.0,0.0,1833.0,3867.0,1.0,0.0,1.0,0.0,1.0,1.0,0.0,1.0,23.0,1.0,1.0,28.0,3.0,1.0,1835.0,1752.0,1.0,1.0,1.0,2.0,1.0,1.0,1.0,1.0,11.0,3.0,4.0,20.0,3.0,1.0,1778.0,1132.0,2.0,1.0,1.0,1.0,0.0,0.0,0.0,1.0,9.0,3.0,3.0,15.0,0.0,0.0,1678.0,862.0,1.0,0.0,1.0,1.0,0.0,1.0,1.0,2.0,7.0,0.0,2.0,14.0,3.0,0.0,1591.0,804.0,2.0,1.0,0.0,0.0,1.0,0.0,0.0,2.0,6.0,2.0,1.0,18.0,4.0,2.0,1556.0,795.0,0.0,0.0,0.0,0.0,2.0,0.0,0.0,1.0,6.0,0.0,2.0,11.0,1.0,0.0,1545.0,802.0,1.0,1.0,0.0,0.0,0.0,0.0,0.0,1.0,7.0,3.0,1.0,14.0,1.0,1.0,1545.0,788.0,1.0,1.0,1.0,0.0,0.0,0.0,0.0,1.0,3.0,2.0,1.0,21.0,2.0,0.0,1556.0,796.0,0.0,0.0,1.0,0.0,0.0,1.0,0.0,1.0,20.0,9.0,2.0,26.0,3.0,2.0,1558.0,783.0,1.0,2.0,1.0,0.0,1.0,1.0,2.0,1.0,4.0,4.0,3.0,29.0,2.0,2.0,1521.0,784.0,5.0,3.0,1.0,3.0,1.0,3.0,1.0,3.0,36.0,5.0,3.0,22.0,2.0,0.0,1510.0,796.0,1.0,2.0,2.0,1.0,0.0,0.0,0.0,0.0,17.0,3.0,2.0,ferret
72.0,60.0,12.0,2054.0,1145.0,42.0,16.0,22.0,23.0,36.0,8.0,6.0,18.0,38.0,38.0,32.0,34.0,3.0,3.0,2809.0,4749.0,4.0,2.0,2.0,4.0,4.0,3.0,2.0,3.0,2.0,4.0,5.0,9.0,1.0,1.0,6052.0,10666.0,2.0,0.0,1.0,1.0,0.0,0.0,1.0,0.0,0.0,2.0,1.0,21.0,0.0,0.0,2235.0,7423.0,2.0,1.0,1.0,1.0,1.0,2.0,1.0,1.0,1.0,1.0,1.0,23.0,2.0,1.0,2181.0,4078.0,1.0,0.0,2.0,1.0,0.0,1.0,2.0,2.0,2.0,3.0,3.0,27.0,3.0,2.0,2251.0,2467.0,3.0,3.0,0.0,2.0,2.0,2.0,2.0,0.0,1.0,2.0,2.0,13.0,1.0,0.0,2185.0,1269.0,0.0,0.0,0.0,0.0,0.0,1.0,1.0,0.0,1.0,2.0,2.0,15.0,3.0,1.0,2082.0,1053.0,1.0,2.0,0.0,0.0,1.0,0.0,1.0,1.0,1.0,4.0,3.0,14.0,1.0,0.0,1981.0,986.0,3.0,1.0,2.0,2.0,2.0,1.0,0.0,0.0,1.0,2.0,2.0,23.0,2.0,1.0,1936.0,987.0,3.0,0.0,2.0,3.0,0.0,1.0,0.0,1.0,3.0,3.0,3.0,8.0,1.0,0.0,1926.0,958.0,2.0,0.0,0.0,1.0,2.0,0.0,0.0,2.0,2.0,1.0,1.0,7.0,1.0,0.0,1928.0,969.0,2.0,0.0,0.0,0.0,1.0,0.0,0.0,0.0,0.0,1.0,1.0,14.0,3.0,1.0,1931.0,983.0,1.0,0.0,1.0,1.0,1.0,1.0,0.0,1.0,2.0,4.0,1.0,23.0,3.0,0.0,1951.0,975.0,3.0,4.0,1.0,6.0,5.0,4.0,5.0,8.0,1.0,9.0,8.0,23.0,3.0,3.0,1918.0,955.0,1.0,3.0,3.0,2.0,4.0,2.0,2.0,4.0,4.0,7.0,7.0,19.0,5.0,2.0,1879.0,979.0,4.0,2.0,3.0,3.0,3.0,2.0,2.0,3.0,2.0,6.0,2.0,ferret
116.0,72.0,21.0,1658.0,1700.0,54.0,15.0,31.0,27.0,21.0,13.0,19.0,17.0,23.0,28.0,30.0,44.0,4.0,3.0,3353.0,3674.0,5.0,3.0,4.0,4.0,2.0,3.0,2.0,4.0,3.0,4.0,3.0,16.0,0.0,0.0,7230.0,7015.0,1.0,1.0,1.0,0.0,0.0,1.0,0.0,0.0,1.0,0.0,1.0,19.0,0.0,1.0,2481.0,3938.0,0.0,1.0,2.0,0.0,0.0,0.0,1.0,1.0,0.0,1.0,3.0,21.0,2.0,2.0,2298.0,3126.0,1.0,3.0,1.0,3.0,1.0,1.0,0.0,1.0,1.0,1.0,1.0,31.0,2.0,2.0,2259.0,2763.0,4.0,1.0,2.0,2.0,3.0,2.0,0.0,2.0,1.0,2.0,3.0,11.0,4.0,1.0,1836.0,1872.0,3.0,0.0,2.0,0.0,2.0,0.0,0.0,0.0,2.0,1.0,0.0,20.0,1.0,2.0,1707.0,1705.0,2.0,1.0,2.0,3.0,2.0,1.0,0.0,0.0,3.0,1.0,0.0,20.0,4.0,1.0,1591.0,1622.0,0.0,1.0,1.0,0.0,0.0,0.0,0.0,1.0,2.0,1.0,0.0,18.0,2.0,0.0,1560.0,1567.0,1.0,1.0,0.0,0.0,2.0,1.0,1.0,0.0,1.0,0.0,1.0,10.0,2.0,1.0,1549.0,1540.0,2.0,0.0,2.0,0.0,0.0,0.0,0.0,0.0,0.0,0.0,1.0,14.0,2.0,0.0,1545.0,1551.0,1.0,0.0,0.0,0.0,0.0,0.0,0.0,0.0,0.0,0.0,0.0,14.0,2.0,0.0,1552.0,1572.0,2.0,0.0,0.0,1.0,0.0,0.0,0.0,0.0,2.0,0.0,2.0,19.0,2.0,0.0,1569.0,1543.0,2.0,1.0,3.0,2.0,0.0,2.0,0.0,0.0,1.0,1.0,1.0,20.0,5.0,2.0,1528.0,1522.0,2.0,2.0,3.0,3.0,1.0,1.0,1.0,1.0,1.0,1.0,1.0,18.0,1.0,0.0,1515.0,1504.0,3.0,1.0,1.0,0.0,2.0,1.0,0.0,1.0,1.0,0.0,0.0,ferret
279.0,162.0,120.0,1241.0,1607.0,602.0,117.0,114.0,310.0,102.0,106.0,98.0,136.0,128.0,195.0,131.0,88.0,6.0,3.0,1507.0,4180.0,288.0,5.0,9.0,87.0,4.0,3.0,3.0,5.0,6.0,7.0,5.0,65.0,4.0,1.0,3258.0,8752.0,325.0,2.0,7.0,92.0,1.0,1.0,1.0,4.0,1.0,5.0,2.0,74.0,3.0,3.0,1319.0,5644.0,394.0,4.0,14.0,107.0,1.0,5.0,2.0,6.0,3.0,8.0,4.0,63.0,1.0,1.0,1243.0,3660.0,334.0,1.0,8.0,120.0,3.0,2.0,0.0,1.0,2.0,6.0,2.0,68.0,5.0,2.0,1179.0,2525.0,314.0,3.0,11.0,115.0,1.0,3.0,1.0,5.0,6.0,14.0,4.0,65.0,1.0,3.0,1108.0,1540.0,264.0,1.0,6.0,72.0,2.0,2.0,2.0,3.0,1.0,6.0,3.0,57.0,4.0,0.0,1063.0,1303.0,290.0,1.0,6.0,84.0,1.0,5.0,1.0,4.0,0.0,7.0,3.0,66.0,2.0,2.0,989.0,1262.0,312.0,5.0,6.0,78.0,4.0,3.0,4.0,11.0,3.0,26.0,11.0,55.0,1.0,2.0,959.0,1159.0,290.0,3.0,1.0,73.0,3.0,1.0,0.0,3.0,2.0,5.0,3.0,57.0,3.0,0.0,975.0,1182.0,317.0,2.0,4.0,107.0,1.0,0.0,0.0,2.0,2.0,7.0,3.0,56.0,3.0,1.0,948.0,1187.0,310.0,2.0,6.0,84.0,1.0,0.0,0.0,3.0,3.0,10.0,4.0,74.0,3.0,3.0,961.0,1207.0,345.0,1.0,5.0,102.0,1.0,1.0,2.0,3.0,3.0,16.0,4.0,74.0,4.0,2.0,999.0,1198.0,329.0,3.0,5.0,82.0,1.0,0.0,1.0,6.0,5.0,19.0,4.0,98.0,2.0,2.0,973.0,1178.0,332.0,4.0,7.0,146.0,6.0,4.0,3.0,5.0,4.0,9.0,5.0,72.0,5.0,4.0,992.0,1186.0,348.0,2.0,7.0,113.0,3.0,2.0,2.0,4.0,2.0,10.0,3.0,ferret
165.0,90.0,26.0,123.0,1868.0,52.0,22.0,34.0,52.0,35.0,16.0,13.0,24.0,39.0,69.0,56.0,51.0,4.0,4.0,41.0,3064.0,17.0,2.0,4.0,16.0,4.0,3.0,3.0,4.0,6.0,5.0,10.0,20.0,1.0,1.0,34.0,6758.0,15.0,0.0,5.0,13.0,0.0,2.0,1.0,2.0,1.0,5.0,4.0,31.0,2.0,2.0,34.0,2598.0,23.0,2.0,4.0,19.0,5.0,5.0,6.0,7.0,6.0,35.0,7.0,29.0,1.0,2.0,58.0,2273.0,14.0,2.0,1.0,13.0,0.0,2.0,3.0,0.0,1.0,13.0,2.0,36.0,5.0,3.0,54.0,2360.0,14.0,4.0,0.0,17.0,2.0,3.0,4.0,5.0,3.0,29.0,7.0,12.0,1.0,1.0,36.0,1922.0,11.0,1.0,3.0,13.0,0.0,1.0,1.0,1.0,1.0,4.0,1.0,17.0,2.0,0.0,35.0,1847.0,13.0,3.0,1.0,14.0,3.0,2.0,2.0,3.0,4.0,5.0,3.0,25.0,2.0,4.0,46.0,1791.0,15.0,2.0,1.0,14.0,2.0,3.0,0.0,1.0,2.0,19.0,3.0,24.0,5.0,0.0,39.0,1706.0,18.0,0.0,1.0,14.0,1.0,3.0,0.0,0.0,3.0,11.0,3.0,12.0,3.0,1.0,39.0,1695.0,14.0,1.0,3.0,12.0,1.0,2.0,3.0,1.0,2.0,17.0,4.0,10.0,3.0,0.0,31.0,1724.0,10.0,0.0,0.0,8.0,0.0,1.0,0.0,2.0,1.0,8.0,2.0,17.0,3.0,2.0,51.0,1733.0,13.0,3.0,2.0,12.0,2.0,3.0,2.0,1.0,5.0,16.0,4.0,24.0,4.0,1.0,40.0,1704.0,12.0,1.0,0.0,17.0,2.0,5.0,1.0,2.0,5.0,20.0,3.0,28.0,4.0,3.0,86.0,1680.0,12.0,8.0,3.0,13.0,3.0,7.0,7.0,3.0,3.0,14.0,8.0,30.0,4.0,1.0,65.0,1685.0,18.0,4.0,7.0,18.0,3.0,3.0,4.0,4.0,5.0,9.0,7.0,ferret
118.0,77.0,39.0,37.0,1165.0,36.0,13.0,33.0,24.0,25.0,11.0,8.0,20.0,27.0,58.0,52.0,41.0,4.0,7.0,6.0,3865.0,7.0,3.0,4.0,2.0,3.0,4.0,3.0,6.0,2.0,4.0,4.0,9.0,3.0,4.0,7.0,9835.0,8.0,2.0,2.0,2.0,2.0,3.0,3.0,3.0,5.0,6.0,9.0,29.0,6.0,20.0,5.0,5684.0,4.0,0.0,3.0,0.0,0.0,2.0,0.0,3.0,1.0,11.0,6.0,17.0,1.0,19.0,1.0,3338.0,5.0,1.0,1.0,2.0,1.0,1.0,0.0,0.0,2.0,2.0,0.0,21.0,2.0,13.0,5.0,2147.0,4.0,3.0,1.0,0.0,2.0,1.0,1.0,2.0,1.0,7.0,2.0,14.0,3.0,13.0,3.0,1257.0,5.0,0.0,3.0,1.0,2.0,2.0,0.0,1.0,1.0,4.0,3.0,20.0,3.0,13.0,4.0,1107.0,5.0,0.0,1.0,4.0,0.0,2.0,0.0,2.0,1.0,2.0,4.0,14.0,4.0,6.0,0.0,1014.0,1.0,1.0,0.0,0.0,3.0,1.0,0.0,2.0,2.0,5.0,1.0,14.0,3.0,4.0,0.0,1003.0,2.0,0.0,1.0,1.0,0.0,4.0,1.0,2.0,1.0,3.0,2.0,9.0,4.0,10.0,3.0,991.0,4.0,1.0,3.0,3.0,2.0,2.0,3.0,2.0,1.0,4.0,3.0,8.0,2.0,7.0,1.0,1000.0,4.0,0.0,0.0,2.0,1.0,1.0,0.0,3.0,1.0,2.0,1.0,13.0,3.0,17.0,2.0,1010.0,4.0,1.0,2.0,3.0,1.0,3.0,2.0,2.0,4.0,1.0,3.0,20.0,3.0,6.0,5.0,1011.0,3.0,0.0,2.0,0.0,2.0,1.0,2.0,2.0,0.0,2.0,3.0,38.0,3.0,51.0,7.0,992.0,7.0,1.0,3.0,1.0,4.0,3.0,1.0,2.0,2.0,8.0,5.0,30.0,5.0,26.0,8.0,990.0,3.0,2.0,2.0,2.0,3.0,4.0,1.0,2.0,2.0,5.0,2.0,ferret
89.0,103.0,16.0,32.0,1347.0,28.0,16.0,21.0,10.0,27.0,6.0,5.0,35.0,43.0,36.0,62.0,43.0,8.0,6.0,2.0,4194.0,5.0,4.0,2.0,3.0,6.0,5.0,6.0,6.0,9.0,11.0,14.0,15.0,16.0,1.0,2.0,9574.0,2.0,1.0,0.0,2.0,0.0,1.0,0.0,0.0,0.0,8.0,3.0,19.0,13.0,2.0,0.0,7378.0,2.0,3.0,0.0,4.0,1.0,3.0,0.0,1.0,2.0,3.0,1.0,19.0,25.0,2.0,1.0,4010.0,4.0,0.0,1.0,0.0,1.0,1.0,1.0,1.0,0.0,1.0,0.0,19.0,12.0,2.0,2.0,3052.0,1.0,2.0,1.0,0.0,1.0,1.0,1.0,1.0,1.0,5.0,2.0,11.0,10.0,2.0,2.0,1351.0,0.0,0.0,3.0,2.0,0.0,1.0,0.0,1.0,3.0,2.0,1.0,15.0,8.0,0.0,0.0,1287.0,0.0,0.0,3.0,0.0,2.0,1.0,1.0,1.0,2.0,1.0,1.0,12.0,7.0,0.0,1.0,1208.0,0.0,1.0,3.0,0.0,1.0,0.0,0.0,1.0,1.0,3.0,2.0,19.0,5.0,1.0,0.0,1198.0,1.0,3.0,2.0,1.0,1.0,1.0,1.0,1.0,1.0,2.0,3.0,7.0,8.0,1.0,2.0,1148.0,2.0,1.0,1.0,1.0,2.0,1.0,1.0,2.0,3.0,2.0,3.0,8.0,4.0,0.0,2.0,1146.0,2.0,0.0,1.0,0.0,1.0,0.0,0.0,1.0,0.0,2.0,2.0,23.0,29.0,1.0,2.0,1201.0,3.0,1.0,1.0,2.0,0.0,0.0,0.0,3.0,1.0,3.0,3.0,25.0,9.0,3.0,1.0,1189.0,1.0,3.0,1.0,2.0,1.0,1.0,0.0,1.0,2.0,4.0,4.0,21.0,52.0,2.0,1.0,1163.0,3.0,3.0,1.0,3.0,3.0,1.0,3.0,4.0,4.0,4.0,3.0,36.0,36.0,2.0,1.0,1161.0,2.0,2.0,3.0,2.0,3.0,3.0,1.0,3.0,4.0,2.0,4.0,ferret
59.0,72.0,12.0,35.0,1573.0,22.0,13.0,16.0,22.0,14.0,13.0,7.0,24.0,25.0,38.0,33.0,39.0,2.0,3.0,7.0,4271.0,2.0,3.0,2.0,2.0,3.0,4.0,3.0,3.0,4.0,10.0,4.0,14.0,2.0,2.0,4.0,7706.0,0.0,0.0,0.0,0.0,0.0,1.0,0.0,1.0,2.0,11.0,1.0,15.0,3.0,0.0,3.0,3227.0,5.0,2.0,3.0,5.0,3.0,3.0,2.0,2.0,2.0,25.0,3.0,8.0,1.0,1.0,6.0,2493.0,2.0,0.0,0.0,0.0,0.0,1.0,1.0,0.0,0.0,12.0,0.0,10.0,3.0,0.0,6.0,2264.0,2.0,2.0,0.0,4.0,0.0,1.0,0.0,1.0,1.0,9.0,2.0,11.0,1.0,0.0,5.0,1912.0,1.0,1.0,2.0,0.0,1.0,1.0,1.0,0.0,1.0,3.0,0.0,9.0,3.0,1.0,3.0,1598.0,2.0,2.0,1.0,4.0,1.0,2.0,1.0,2.0,2.0,6.0,2.0,14.0,3.0,1.0,8.0,1532.0,1.0,0.0,0.0,2.0,2.0,1.0,1.0,1.0,2.0,12.0,2.0,9.0,2.0,0.0,6.0,1474.0,0.0,0.0,0.0,0.0,2.0,3.0,0.0,0.0,2.0,12.0,0.0,11.0,3.0,2.0,8.0,1481.0,1.0,2.0,1.0,1.0,1.0,3.0,3.0,2.0,1.0,13.0,1.0,6.0,1.0,0.0,7.0,1475.0,0.0,1.0,0.0,1.0,0.0,1.0,0.0,3.0,1.0,7.0,0.0,16.0,2.0,1.0,4.0,1478.0,1.0,0.0,1.0,3.0,0.0,2.0,0.0,0.0,3.0,14.0,0.0,16.0,5.0,2.0,5.0,1449.0,0.0,1.0,1.0,0.0,2.0,2.0,1.0,2.0,2.0,14.0,0.0,17.0,6.0,4.0,22.0,1453.0,3.0,3.0,4.0,2.0,3.0,6.0,3.0,2.0,2.0,11.0,5.0,19.0,3.0,2.0,5.0,1442.0,1.0,0.0,0.0,1.0,0.0,0.0,1.0,0.0,0.0,5.0,0.0,ferret
70.0,65.0,10.0,35.0,1185.0,31.0,9.0,17.0,21.0,17.0,8.0,6.0,16.0,22.0,17.0,29.0,33.0,2.0,7.0,8.0,4204.0,3.0,2.0,3.0,4.0,3.0,3.0,2.0,3.0,2.0,3.0,3.0,8.0,1.0,0.0,12.0,9892.0,1.0,0.0,1.0,0.0,1.0,1.0,0.0,0.0,1.0,1.0,1.0,12.0,3.0,1.0,10.0,9491.0,0.0,0.0,0.0,2.0,0.0,1.0,1.0,1.0,3.0,1.0,2.0,12.0,0.0,1.0,6.0,4745.0,3.0,1.0,0.0,0.0,0.0,2.0,0.0,0.0,1.0,0.0,1.0,18.0,2.0,0.0,13.0,1872.0,3.0,4.0,2.0,1.0,2.0,2.0,1.0,1.0,0.0,1.0,2.0,6.0,1.0,0.0,8.0,1068.0,1.0,1.0,3.0,0.0,0.0,1.0,0.0,0.0,0.0,0.0,2.0,11.0,2.0,1.0,9.0,956.0,1.0,0.0,0.0,2.0,0.0,1.0,0.0,1.0,2.0,0.0,1.0,13.0,2.0,0.0,8.0,890.0,4.0,0.0,0.0,2.0,3.0,1.0,0.0,0.0,0.0,3.0,1.0,14.0,1.0,0.0,2.0,864.0,3.0,0.0,0.0,1.0,0.0,4.0,0.0,0.0,1.0,0.0,2.0,7.0,2.0,1.0,7.0,870.0,3.0,1.0,1.0,2.0,2.0,2.0,3.0,3.0,1.0,0.0,4.0,6.0,2.0,0.0,3.0,871.0,1.0,0.0,1.0,0.0,0.0,1.0,0.0,2.0,1.0,1.0,2.0,12.0,2.0,0.0,5.0,875.0,2.0,0.0,1.0,0.0,0.0,2.0,1.0,1.0,3.0,0.0,2.0,15.0,2.0,2.0,2.0,867.0,0.0,1.0,3.0,2.0,1.0,1.0,1.0,1.0,0.0,1.0,3.0,11.0,1.0,1.0,5.0,876.0,2.0,1.0,1.0,4.0,1.0,1.0,3.0,1.0,2.0,1.0,4.0,16.0,3.0,1.0,5.0,884.0,2.0,1.0,2.0,1.0,1.0,3.0,2.0,2.0,2.0,2.0,2.0,ferret
53.0,57.0,14.0,33.0,1666.0,18.0,9.0,9.0,7.0,42.0,9.0,4.0,21.0,29.0,52.0,38.0,33.0,3.0,4.0,6.0,3020.0,2.0,2.0,3.0,4.0,12.0,3.0,3.0,4.0,2.0,11.0,4.0,13.0,2.0,0.0,3.0,6952.0,2.0,2.0,1.0,0.0,11.0,1.0,1.0,1.0,0.0,6.0,2.0,16.0,2.0,0.0,1.0,4095.0,2.0,3.0,1.0,1.0,11.0,4.0,2.0,3.0,1.0,22.0,2.0,19.0,0.0,0.0,4.0,2811.0,3.0,1.0,0.0,2.0,22.0,1.0,0.0,2.0,1.0,14.0,1.0,14.0,1.0,2.0,2.0,2061.0,1.0,2.0,1.0,0.0,6.0,2.0,1.0,2.0,2.0,10.0,1.0,7.0,2.0,1.0,2.0,1873.0,2.0,0.0,2.0,0.0,7.0,1.0,0.0,1.0,1.0,7.0,1.0,7.0,1.0,0.0,4.0,1674.0,1.0,1.0,0.0,3.0,7.0,1.0,2.0,2.0,1.0,3.0,2.0,8.0,1.0,0.0,1.0,1604.0,0.0,0.0,0.0,0.0,6.0,3.0,0.0,1.0,1.0,7.0,2.0,14.0,2.0,1.0,3.0,1538.0,2.0,0.0,2.0,1.0,3.0,6.0,2.0,2.0,1.0,11.0,8.0,9.0,2.0,1.0,3.0,1527.0,1.0,1.0,1.0,1.0,12.0,3.0,3.0,2.0,3.0,12.0,4.0,5.0,2.0,1.0,2.0,1545.0,1.0,0.0,0.0,0.0,5.0,1.0,0.0,3.0,1.0,5.0,1.0,12.0,1.0,0.0,3.0,1544.0,0.0,0.0,0.0,0.0,14.0,3.0,1.0,1.0,4.0,17.0,5.0,16.0,1.0,0.0,6.0,1525.0,1.0,0.0,0.0,0.0,8.0,3.0,1.0,1.0,4.0,10.0,3.0,25.0,2.0,2.0,21.0,1517.0,2.0,2.0,3.0,1.0,40.0,4.0,3.0,5.0,1.0,10.0,6.0,23.0,2.0,1.0,2.0,1514.0,0.0,1.0,0.0,1.0,16.0,2.0,1.0,3.0,1.0,4.0,3.0,ferret
4393.0,2933.0,2824.0,2922.0,2864.0,2883.0,4620.0,5577.0,2852.0,4388.0,2818.0,4148.0,2877.0,2875.0,2882.0,2872.0,1476.0,30.0,24.0,26.0,19.0,22.0,1835.0,2574.0,26.0,1029.0,25.0,679.0,48.0,23.0,21.0,22.0,1422.0,18.0,10.0,13.0,16.0,12.0,1820.0,1526.0,21.0,1102.0,21.0,805.0,46.0,10.0,10.0,11.0,1476.0,30.0,15.0,15.0,18.0,21.0,1824.0,1995.0,21.0,1015.0,34.0,706.0,49.0,18.0,21.0,21.0,1449.0,25.0,18.0,15.0,18.0,24.0,1827.0,955.0,20.0,1023.0,25.0,667.0,36.0,12.0,18.0,20.0,1451.0,23.0,15.0,17.0,15.0,15.0,1823.0,875.0,18.0,1109.0,23.0,811.0,41.0,9.0,14.0,17.0,1409.0,16.0,13.0,14.0,11.0,14.0,1819.0,1592.0,26.0,1008.0,38.0,690.0,41.0,13.0,17.0,11.0,1474.0,61.0,41.0,35.0,36.0,40.0,1843.0,1578.0,43.0,1047.0,49.0,728.0,83.0,34.0,41.0,40.0,1426.0,22.0,18.0,20.0,16.0,22.0,1820.0,2546.0,21.0,1074.0,56.0,695.0,42.0,12.0,10.0,15.0,1422.0,48.0,18.0,14.0,13.0,14.0,1817.0,4029.0,17.0,999.0,27.0,766.0,40.0,7.0,14.0,13.0,1408.0,14.0,9.0,13.0,12.0,9.0,1822.0,3339.0,24.0,994.0,25.0,664.0,47.0,6.0,13.0,13.0,1411.0,46.0,17.0,8.0,11.0,12.0,1809.0,2690.0,15.0,1190.0,34.0,769.0,39.0,7.0,16.0,16.0,1422.0,16.0,18.0,13.0,12.0,13.0,1815.0,2771.0,21.0,1019.0,23.0,664.0,38.0,7.0,16.0,16.0,1449.0,23.0,19.0,16.0,14.0,13.0,1819.0,2152.0,22.0,1096.0,26.0,773.0,44.0,10.0,18.0,19.0,1450.0,18.0,14.0,15.0,13.0,15.0,1817.0,1642.0,23.0,1006.0,24.0,721.0,47.0,9.0,13.0,16.0,1448.0,25.0,15.0,15.0,13.0,10.0,1826.0,2695.0,22.0,1148.0,13.0,823.0,34.0,12.0,17.0,17.0,ferret
48.0,63.0,10.0,25.0,2028.0,19.0,12.0,27.0,17.0,13.0,9.0,5.0,24.0,26.0,13.0,23.0,37.0,3.0,5.0,3.0,3147.0,3.0,4.0,2.0,2.0,5.0,3.0,3.0,2.0,4.0,3.0,4.0,9.0,1.0,0.0,2.0,5615.0,1.0,0.0,1.0,0.0,0.0,1.0,0.0,0.0,1.0,2.0,1.0,14.0,3.0,1.0,2.0,2691.0,0.0,0.0,1.0,0.0,0.0,1.0,0.0,2.0,0.0,2.0,0.0,12.0,0.0,0.0,2.0,2516.0,0.0,0.0,0.0,0.0,2.0,0.0,1.0,0.0,0.0,0.0,1.0,11.0,1.0,2.0,0.0,2453.0,0.0,1.0,0.0,0.0,0.0,0.0,0.0,2.0,1.0,0.0,0.0,10.0,2.0,1.0,0.0,2110.0,0.0,0.0,1.0,0.0,0.0,0.0,0.0,2.0,1.0,1.0,0.0,17.0,3.0,3.0,1.0,2058.0,0.0,1.0,2.0,1.0,0.0,1.0,0.0,0.0,1.0,1.0,1.0,10.0,4.0,0.0,0.0,1988.0,0.0,0.0,1.0,0.0,0.0,0.0,0.0,0.0,1.0,0.0,0.0,11.0,4.0,1.0,1.0,1936.0,2.0,2.0,2.0,4.0,1.0,0.0,1.0,4.0,2.0,2.0,6.0,8.0,2.0,1.0,2.0,1904.0,1.0,1.0,2.0,1.0,1.0,1.0,1.0,2.0,1.0,2.0,2.0,6.0,1.0,0.0,1.0,1940.0,1.0,0.0,0.0,0.0,0.0,0.0,0.0,1.0,0.0,0.0,1.0,16.0,2.0,1.0,2.0,1937.0,1.0,2.0,1.0,1.0,1.0,0.0,1.0,2.0,3.0,0.0,1.0,18.0,2.0,0.0,0.0,1896.0,2.0,2.0,1.0,1.0,1.0,0.0,0.0,1.0,0.0,1.0,1.0,10.0,1.0,1.0,3.0,1877.0,1.0,1.0,2.0,1.0,5.0,2.0,1.0,1.0,2.0,4.0,1.0,17.0,3.0,1.0,1.0,1882.0,1.0,1.0,1.0,1.0,1.0,2.0,1.0,1.0,1.0,0.0,2.0,ferret
68.0,56.0,11.0,16.0,1842.0,52.0,18.0,23.0,13.0,26.0,6.0,7.0,12.0,22.0,50.0,17.0,30.0,2.0,2.0,3.0,3683.0,9.0,2.0,3.0,3.0,3.0,2.0,2.0,3.0,3.0,8.0,4.0,12.0,2.0,2.0,0.0,7571.0,10.0,0.0,0.0,1.0,0.0,1.0,0.0,2.0,0.0,3.0,2.0,10.0,1.0,0.0,4.0,2669.0,10.0,1.0,0.0,0.0,1.0,1.0,1.0,1.0,1.0,3.0,1.0,11.0,2.0,0.0,0.0,2606.0,22.0,0.0,0.0,0.0,0.0,1.0,1.0,1.0,0.0,2.0,1.0,17.0,3.0,0.0,0.0,2520.0,4.0,2.0,2.0,2.0,2.0,0.0,3.0,4.0,3.0,9.0,4.0,14.0,1.0,0.0,3.0,2353.0,7.0,1.0,1.0,1.0,2.0,1.0,0.0,1.0,1.0,1.0,2.0,14.0,1.0,1.0,1.0,1913.0,6.0,1.0,2.0,1.0,0.0,0.0,1.0,2.0,0.0,1.0,2.0,12.0,2.0,0.0,0.0,1789.0,7.0,0.0,2.0,0.0,0.0,0.0,0.0,2.0,2.0,2.0,1.0,20.0,3.0,0.0,0.0,1720.0,17.0,2.0,0.0,0.0,2.0,1.0,1.0,1.0,1.0,19.0,2.0,8.0,2.0,2.0,0.0,1725.0,2.0,1.0,1.0,0.0,1.0,0.0,0.0,0.0,1.0,1.0,0.0,7.0,1.0,0.0,0.0,1740.0,3.0,0.0,1.0,0.0,1.0,0.0,0.0,1.0,2.0,0.0,1.0,9.0,2.0,0.0,1.0,1744.0,13.0,1.0,2.0,2.0,1.0,1.0,1.0,2.0,1.0,0.0,2.0,15.0,4.0,1.0,0.0,1696.0,10.0,0.0,0.0,1.0,2.0,0.0,2.0,3.0,0.0,1.0,1.0,29.0,2.0,2.0,1.0,1705.0,39.0,3.0,2.0,2.0,3.0,3.0,1.0,2.0,1.0,3.0,2.0,10.0,3.0,0.0,2.0,1689.0,17.0,2.0,3.0,1.0,2.0,1.0,1.0,2.0,1.0,2.0,2.0,ferret
60.0,53.0,13.0,21.0,1843.0,37.0,17.0,21.0,18.0,19.0,8.0,13.0,20.0,29.0,27.0,19.0,34.0,2.0,4.0,3.0,2150.0,3.0,2.0,2.0,3.0,3.0,3.0,3.0,4.0,2.0,4.0,2.0,10.0,2.0,0.0,0.0,4587.0,1.0,1.0,1.0,0.0,1.0,0.0,0.0,0.0,1.0,2.0,1.0,15.0,1.0,0.0,0.0,2150.0,1.0,2.0,2.0,0.0,0.0,0.0,0.0,1.0,2.0,1.0,1.0,14.0,0.0,0.0,0.0,2292.0,1.0,0.0,1.0,1.0,0.0,1.0,0.0,2.0,0.0,1.0,0.0,24.0,2.0,1.0,6.0,2209.0,3.0,2.0,2.0,1.0,2.0,1.0,1.0,0.0,0.0,4.0,2.0,11.0,1.0,0.0,1.0,2051.0,0.0,1.0,1.0,0.0,0.0,0.0,1.0,1.0,0.0,1.0,0.0,13.0,3.0,0.0,2.0,1884.0,0.0,0.0,0.0,2.0,1.0,1.0,0.0,2.0,2.0,1.0,0.0,12.0,2.0,1.0,0.0,1806.0,1.0,1.0,0.0,2.0,0.0,0.0,1.0,0.0,1.0,3.0,0.0,17.0,1.0,0.0,1.0,1738.0,2.0,0.0,1.0,0.0,0.0,1.0,0.0,3.0,0.0,2.0,0.0,7.0,2.0,0.0,1.0,1700.0,1.0,0.0,0.0,1.0,1.0,0.0,0.0,1.0,0.0,1.0,1.0,12.0,2.0,0.0,0.0,1742.0,0.0,1.0,0.0,1.0,0.0,0.0,0.0,1.0,0.0,2.0,0.0,14.0,3.0,1.0,1.0,1745.0,1.0,1.0,0.0,0.0,1.0,0.0,0.0,1.0,0.0,1.0,0.0,18.0,1.0,0.0,3.0,1737.0,2.0,1.0,1.0,2.0,0.0,1.0,1.0,1.0,1.0,3.0,1.0,16.0,4.0,2.0,2.0,1695.0,6.0,2.0,2.0,3.0,3.0,2.0,3.0,3.0,4.0,3.0,2.0,12.0,2.0,2.0,1.0,1696.0,0.0,0.0,0.0,0.0,0.0,1.0,0.0,1.0,1.0,1.0,0.0,ferret
91.0,24.0,13.0,18.0,1472.0,34.0,35.0,16.0,11.0,16.0,5.0,4.0,17.0,25.0,26.0,23.0,17.0,1.0,3.0,1.0,4977.0,2.0,4.0,2.0,2.0,1.0,2.0,2.0,2.0,2.0,2.0,4.0,13.0,1.0,0.0,0.0,8632.0,0.0,7.0,1.0,0.0,0.0,0.0,1.0,1.0,0.0,1.0,2.0,13.0,0.0,0.0,2.0,3457.0,1.0,5.0,1.0,1.0,0.0,1.0,0.0,1.0,0.0,1.0,3.0,20.0,0.0,2.0,1.0,2386.0,1.0,22.0,1.0,1.0,0.0,0.0,0.0,2.0,1.0,1.0,1.0,27.0,1.0,2.0,1.0,2214.0,2.0,13.0,1.0,3.0,2.0,0.0,0.0,3.0,1.0,10.0,2.0,11.0,1.0,2.0,1.0,1574.0,2.0,4.0,1.0,2.0,2.0,2.0,1.0,4.0,4.0,6.0,2.0,9.0,0.0,0.0,1.0,1455.0,3.0,5.0,0.0,0.0,1.0,0.0,0.0,0.0,2.0,2.0,2.0,9.0,0.0,0.0,1.0,1401.0,3.0,7.0,1.0,0.0,3.0,0.0,0.0,1.0,0.0,1.0,2.0,15.0,1.0,1.0,0.0,1328.0,2.0,4.0,1.0,2.0,2.0,0.0,0.0,1.0,0.0,3.0,1.0,7.0,1.0,1.0,0.0,1349.0,1.0,8.0,0.0,1.0,0.0,0.0,0.0,1.0,1.0,2.0,1.0,6.0,0.0,1.0,0.0,1347.0,1.0,3.0,1.0,0.0,0.0,0.0,0.0,1.0,1.0,0.0,1.0,15.0,0.0,0.0,0.0,1372.0,1.0,13.0,1.0,1.0,1.0,1.0,1.0,2.0,2.0,1.0,2.0,18.0,2.0,1.0,1.0,1344.0,1.0,5.0,1.0,0.0,0.0,1.0,0.0,2.0,3.0,0.0,2.0,18.0,0.0,2.0,1.0,1350.0,2.0,37.0,1.0,2.0,1.0,2.0,2.0,2.0,1.0,1.0,5.0,15.0,2.0,1.0,1.0,1322.0,2.0,12.0,2.0,2.0,1.0,1.0,1.0,2.0,2.0,4.0,2.0,ferret
64.0,33.0,17.0,22.0,1689.0,21.0,21.0,53.0,14.0,22.0,11.0,6.0,23.0,27.0,31.0,48.0,22.0,1.0,3.0,3.0,4508.0,3.0,2.0,9.0,2.0,1.0,1.0,2.0,3.0,2.0,1.0,3.0,12.0,1.0,0.0,0.0,9007.0,1.0,0.0,9.0,0.0,0.0,0.0,0.0,2.0,1.0,1.0,3.0,15.0,2.0,0.0,3.0,4028.0,3.0,0.0,9.0,0.0,2.0,0.0,0.0,2.0,2.0,1.0,3.0,18.0,0.0,0.0,0.0,3684.0,0.0,3.0,21.0,1.0,0.0,0.0,0.0,2.0,1.0,2.0,4.0,12.0,2.0,0.0,0.0,3391.0,1.0,0.0,9.0,1.0,0.0,1.0,1.0,2.0,1.0,4.0,3.0,17.0,1.0,1.0,3.0,2256.0,5.0,0.0,13.0,1.0,0.0,1.0,0.0,3.0,1.0,6.0,5.0,15.0,0.0,1.0,0.0,1688.0,0.0,0.0,4.0,2.0,1.0,2.0,3.0,3.0,0.0,4.0,6.0,11.0,0.0,0.0,0.0,1594.0,1.0,0.0,8.0,0.0,0.0,1.0,0.0,1.0,1.0,3.0,3.0,16.0,1.0,0.0,1.0,1573.0,0.0,1.0,3.0,1.0,0.0,0.0,1.0,1.0,1.0,4.0,2.0,10.0,0.0,0.0,0.0,1545.0,0.0,0.0,6.0,1.0,0.0,0.0,0.0,1.0,1.0,1.0,2.0,7.0,2.0,1.0,1.0,1546.0,0.0,0.0,5.0,0.0,1.0,0.0,0.0,1.0,0.0,0.0,4.0,15.0,1.0,1.0,3.0,1578.0,2.0,1.0,15.0,1.0,1.0,1.0,1.0,2.0,1.0,1.0,4.0,17.0,2.0,0.0,1.0,1541.0,0.0,2.0,7.0,1.0,1.0,0.0,1.0,1.0,0.0,0.0,3.0,19.0,0.0,1.0,1.0,1531.0,2.0,2.0,49.0,2.0,2.0,1.0,2.0,3.0,1.0,3.0,3.0,26.0,1.0,1.0,4.0,1540.0,3.0,1.0,14.0,2.0,2.0,2.0,3.0,4.0,2.0,3.0,5.0,ferret
81.0,28.0,17.0,25.0,1659.0,18.0,13.0,22.0,18.0,16.0,5.0,10.0,11.0,27.0,23.0,43.0,18.0,1.0,1.0,3.0,3649.0,2.0,2.0,2.0,2.0,4.0,2.0,2.0,1.0,3.0,2.0,1.0,14.0,0.0,2.0,0.0,7153.0,1.0,0.0,0.0,0.0,0.0,1.0,0.0,0.0,0.0,0.0,2.0,15.0,2.0,0.0,1.0,2814.0,1.0,1.0,0.0,1.0,1.0,0.0,0.0,0.0,1.0,2.0,0.0,10.0,0.0,0.0,0.0,2362.0,0.0,0.0,1.0,1.0,1.0,1.0,1.0,0.0,0.0,1.0,1.0,14.0,0.0,0.0,3.0,2208.0,1.0,1.0,0.0,0.0,0.0,0.0,0.0,0.0,2.0,1.0,2.0,12.0,1.0,0.0,0.0,1752.0,1.0,0.0,0.0,0.0,2.0,1.0,0.0,0.0,0.0,2.0,0.0,12.0,2.0,5.0,3.0,1663.0,2.0,2.0,2.0,0.0,0.0,0.0,0.0,0.0,0.0,4.0,6.0,13.0,1.0,0.0,1.0,1582.0,0.0,0.0,0.0,0.0,0.0,1.0,0.0,1.0,2.0,0.0,1.0,14.0,2.0,0.0,2.0,1536.0,0.0,2.0,1.0,0.0,0.0,0.0,1.0,1.0,0.0,2.0,2.0,5.0,1.0,1.0,0.0,1524.0,0.0,1.0,0.0,0.0,0.0,0.0,0.0,0.0,1.0,2.0,1.0,9.0,0.0,0.0,0.0,1548.0,0.0,0.0,0.0,0.0,1.0,0.0,0.0,0.0,1.0,2.0,1.0,11.0,1.0,1.0,2.0,1550.0,1.0,1.0,1.0,0.0,1.0,0.0,0.0,0.0,1.0,2.0,1.0,16.0,1.0,1.0,2.0,1522.0,2.0,1.0,0.0,2.0,1.0,1.0,1.0,1.0,0.0,1.0,1.0,17.0,0.0,1.0,3.0,1525.0,1.0,1.0,2.0,2.0,2.0,1.0,1.0,2.0,1.0,2.0,2.0,25.0,2.0,2.0,1.0,1519.0,2.0,1.0,3.0,2.0,2.0,1.0,1.0,1.0,1.0,1.0,2.0,ferret
51.0,27.0,5.0,16.0,1163.0,27.0,12.0,20.0,19.0,13.0,4.0,6.0,9.0,21.0,13.0,46.0,19.0,1.0,2.0,1.0,4618.0,1.0,2.0,2.0,2.0,2.0,1.0,1.0,1.0,3.0,3.0,3.0,6.0,0.0,0.0,0.0,9561.0,0.0,0.0,1.0,2.0,0.0,0.0,1.0,0.0,0.0,2.0,1.0,13.0,0.0,0.0,2.0,6052.0,1.0,0.0,0.0,0.0,1.0,1.0,0.0,1.0,0.0,1.0,1.0,14.0,1.0,1.0,1.0,3838.0,0.0,0.0,0.0,0.0,1.0,0.0,1.0,0.0,0.0,2.0,1.0,17.0,2.0,1.0,0.0,2626.0,0.0,1.0,1.0,0.0,0.0,1.0,2.0,0.0,0.0,3.0,2.0,11.0,1.0,0.0,1.0,1279.0,1.0,1.0,0.0,0.0,0.0,0.0,0.0,0.0,0.0,1.0,3.0,14.0,1.0,0.0,1.0,1106.0,1.0,0.0,0.0,2.0,2.0,0.0,0.0,0.0,1.0,3.0,1.0,13.0,3.0,1.0,1.0,1056.0,0.0,0.0,2.0,0.0,0.0,0.0,0.0,1.0,1.0,0.0,1.0,9.0,1.0,0.0,1.0,1036.0,0.0,0.0,0.0,1.0,2.0,0.0,0.0,0.0,1.0,3.0,1.0,5.0,0.0,0.0,1.0,1024.0,1.0,0.0,0.0,0.0,0.0,0.0,0.0,0.0,1.0,1.0,1.0,7.0,0.0,0.0,0.0,1016.0,2.0,0.0,0.0,0.0,0.0,0.0,0.0,1.0,0.0,0.0,1.0,7.0,2.0,0.0,0.0,1063.0,0.0,0.0,1.0,2.0,0.0,0.0,0.0,0.0,1.0,0.0,2.0,16.0,2.0,0.0,0.0,1030.0,2.0,0.0,0.0,0.0,0.0,1.0,0.0,1.0,1.0,3.0,1.0,10.0,2.0,1.0,1.0,1018.0,2.0,2.0,2.0,1.0,2.0,3.0,1.0,1.0,4.0,1.0,3.0,26.0,2.0,2.0,1.0,1003.0,2.0,2.0,1.0,1.0,1.0,1.0,2.0,2.0,1.0,2.0,2.0,ferret
949.0,569.0,575.0,555.0,2815.0,998.0,3033.0,586.0,775.0,550.0,513.0,497.0,628.0,515.0,545.0,582.0,296.0,3.0,6.0,16.0,2353.0,243.0,1035.0,5.0,86.0,5.0,3.0,8.0,7.0,5.0,6.0,6.0,293.0,6.0,6.0,10.0,3545.0,261.0,1096.0,2.0,85.0,6.0,1.0,6.0,3.0,2.0,5.0,5.0,279.0,3.0,4.0,8.0,2139.0,234.0,1200.0,3.0,94.0,2.0,6.0,5.0,5.0,7.0,5.0,5.0,357.0,10.0,7.0,23.0,2132.0,422.0,1726.0,7.0,133.0,5.0,10.0,7.0,15.0,7.0,22.0,20.0,301.0,8.0,6.0,17.0,2261.0,250.0,1386.0,8.0,108.0,4.0,6.0,12.0,18.0,7.0,24.0,24.0,288.0,4.0,2.0,7.0,1928.0,201.0,1179.0,3.0,57.0,0.0,1.0,2.0,2.0,2.0,10.0,6.0,306.0,8.0,3.0,19.0,1918.0,209.0,1528.0,7.0,79.0,11.0,9.0,11.0,8.0,11.0,13.0,10.0,309.0,1.0,8.0,4.0,1899.0,218.0,1014.0,6.0,68.0,4.0,5.0,7.0,7.0,4.0,15.0,14.0,281.0,3.0,1.0,7.0,1832.0,198.0,963.0,5.0,71.0,2.0,6.0,4.0,4.0,8.0,9.0,11.0,265.0,5.0,4.0,10.0,1829.0,227.0,1049.0,3.0,94.0,2.0,3.0,5.0,4.0,7.0,2.0,6.0,252.0,5.0,3.0,8.0,1812.0,219.0,1321.0,2.0,82.0,4.0,4.0,0.0,3.0,6.0,4.0,5.0,320.0,3.0,1.0,7.0,1847.0,272.0,1183.0,6.0,105.0,5.0,3.0,4.0,3.0,7.0,2.0,6.0,264.0,5.0,6.0,12.0,1801.0,236.0,1063.0,8.0,71.0,5.0,7.0,5.0,5.0,8.0,6.0,10.0,280.0,3.0,4.0,9.0,1891.0,322.0,1278.0,4.0,134.0,4.0,6.0,4.0,5.0,5.0,7.0,8.0,298.0,9.0,9.0,18.0,1893.0,280.0,2256.0,7.0,127.0,6.0,9.0,6.0,5.0,8.0,9.0,15.0,ferret
2311.0,1559.0,1445.0,1492.0,1783.0,1601.0,3936.0,1492.0,1750.0,1547.0,1409.0,1386.0,1484.0,1427.0,1512.0,1436.0,780.0,12.0,12.0,7.0,129.0,27.0,2072.0,14.0,84.0,9.0,12.0,7.0,13.0,13.0,14.0,12.0,728.0,8.0,6.0,8.0,149.0,26.0,2041.0,8.0,88.0,7.0,5.0,5.0,5.0,7.0,7.0,10.0,748.0,13.0,9.0,7.0,135.0,33.0,2093.0,9.0,107.0,12.0,13.0,6.0,8.0,12.0,11.0,10.0,801.0,14.0,14.0,17.0,142.0,33.0,2336.0,12.0,136.0,10.0,15.0,9.0,18.0,13.0,30.0,16.0,804.0,9.0,9.0,11.0,148.0,26.0,2165.0,8.0,90.0,11.0,11.0,11.0,12.0,11.0,39.0,11.0,762.0,4.0,4.0,4.0,133.0,23.0,1987.0,3.0,59.0,2.0,4.0,2.0,2.0,3.0,11.0,3.0,743.0,8.0,8.0,4.0,135.0,22.0,2034.0,11.0,79.0,7.0,8.0,5.0,6.0,8.0,9.0,6.0,800.0,12.0,12.0,11.0,160.0,38.0,2109.0,10.0,84.0,7.0,11.0,11.0,13.0,10.0,24.0,14.0,780.0,9.0,13.0,9.0,123.0,38.0,2097.0,9.0,82.0,12.0,12.0,14.0,8.0,10.0,17.0,8.0,706.0,9.0,8.0,4.0,144.0,28.0,1999.0,11.0,108.0,13.0,8.0,8.0,9.0,9.0,24.0,5.0,695.0,6.0,8.0,10.0,94.0,21.0,1950.0,6.0,94.0,5.0,6.0,3.0,14.0,5.0,11.0,6.0,747.0,10.0,6.0,10.0,111.0,30.0,1985.0,2.0,100.0,8.0,10.0,7.0,7.0,10.0,19.0,6.0,722.0,11.0,12.0,16.0,113.0,34.0,1961.0,10.0,85.0,13.0,16.0,23.0,13.0,16.0,20.0,15.0,756.0,13.0,12.0,15.0,128.0,41.0,2067.0,22.0,112.0,9.0,15.0,17.0,13.0,17.0,13.0,16.0,722.0,14.0,15.0,12.0,149.0,38.0,2230.0,11.0,123.0,14.0,12.0,19.0,10.0,17.0,10.0,11.0,ferret
141.0,96.0,94.0,96.0,96.0,94.0,187.0,95.0,92.0,90.0,95.0,93.0,92.0,96.0,95.0,94.0,50.0,3.0,0.0,2.0,3.0,1.0,97.0,1.0,1.0,1.0,3.0,1.0,2.0,0.0,0.0,1.0,48.0,0.0,0.0,1.0,2.0,1.0,97.0,1.0,0.0,0.0,1.0,3.0,1.0,0.0,0.0,1.0,48.0,0.0,0.0,1.0,2.0,1.0,95.0,1.0,0.0,0.0,1.0,1.0,3.0,0.0,0.0,1.0,48.0,0.0,0.0,2.0,3.0,1.0,95.0,2.0,0.0,0.0,2.0,2.0,4.0,0.0,0.0,0.0,47.0,0.0,0.0,1.0,1.0,0.0,96.0,1.0,0.0,0.0,1.0,1.0,1.0,0.0,2.0,0.0,47.0,0.0,0.0,1.0,0.0,0.0,95.0,0.0,0.0,0.0,0.0,0.0,0.0,0.0,0.0,0.0,48.0,0.0,0.0,1.0,3.0,0.0,92.0,2.0,0.0,0.0,1.0,3.0,1.0,1.0,0.0,0.0,46.0,1.0,0.0,1.0,2.0,1.0,95.0,1.0,0.0,0.0,1.0,1.0,1.0,0.0,0.0,0.0,46.0,0.0,0.0,1.0,0.0,1.0,97.0,0.0,0.0,0.0,0.0,1.0,1.0,2.0,1.0,0.0,48.0,0.0,0.0,1.0,2.0,1.0,96.0,1.0,0.0,0.0,1.0,2.0,2.0,0.0,0.0,1.0,47.0,0.0,2.0,1.0,0.0,1.0,94.0,0.0,1.0,0.0,3.0,0.0,0.0,0.0,0.0,0.0,46.0,0.0,0.0,1.0,0.0,1.0,94.0,0.0,2.0,0.0,1.0,0.0,0.0,0.0,0.0,0.0,48.0,0.0,1.0,2.0,0.0,0.0,93.0,0.0,1.0,0.0,1.0,0.0,0.0,1.0,1.0,1.0,48.0,0.0,0.0,1.0,0.0,1.0,93.0,0.0,0.0,0.0,2.0,3.0,1.0,1.0,0.0,0.0,47.0,0.0,0.0,1.0,0.0,0.0,91.0,0.0,0.0,0.0,1.0,2.0,1.0,1.0,1.0,0.0,ferret
3123.0,1998.0,1896.0,1995.0,1961.0,1973.0,3738.0,2210.0,1939.0,1935.0,1942.0,1898.0,1913.0,1959.0,2030.0,2004.0,1025.0,13.0,17.0,16.0,14.0,19.0,1865.0,230.0,11.0,32.0,20.0,22.0,19.0,16.0,17.0,15.0,965.0,7.0,11.0,16.0,11.0,15.0,1847.0,207.0,8.0,15.0,17.0,22.0,15.0,12.0,14.0,13.0,1022.0,7.0,18.0,15.0,14.0,17.0,1848.0,219.0,12.0,17.0,21.0,21.0,22.0,8.0,10.0,9.0,1021.0,9.0,9.0,14.0,11.0,14.0,1852.0,215.0,12.0,22.0,34.0,21.0,20.0,11.0,14.0,11.0,1008.0,8.0,14.0,13.0,9.0,8.0,1852.0,244.0,13.0,26.0,24.0,23.0,16.0,8.0,15.0,9.0,968.0,12.0,22.0,16.0,14.0,18.0,1858.0,226.0,16.0,25.0,29.0,30.0,18.0,25.0,20.0,22.0,982.0,19.0,23.0,19.0,15.0,20.0,1860.0,254.0,22.0,27.0,31.0,27.0,21.0,21.0,18.0,18.0,987.0,10.0,10.0,13.0,9.0,11.0,1853.0,228.0,10.0,21.0,24.0,24.0,14.0,9.0,16.0,9.0,990.0,14.0,19.0,16.0,15.0,19.0,1857.0,180.0,19.0,27.0,27.0,32.0,15.0,24.0,14.0,17.0,964.0,10.0,12.0,13.0,10.0,13.0,1851.0,190.0,10.0,23.0,17.0,21.0,18.0,10.0,19.0,16.0,966.0,19.0,21.0,22.0,12.0,23.0,1851.0,168.0,16.0,19.0,20.0,25.0,16.0,22.0,21.0,17.0,994.0,9.0,12.0,12.0,11.0,12.0,1847.0,184.0,10.0,19.0,23.0,17.0,17.0,14.0,15.0,11.0,998.0,13.0,11.0,16.0,11.0,16.0,1844.0,183.0,17.0,17.0,19.0,21.0,23.0,11.0,16.0,11.0,1065.0,9.0,12.0,15.0,15.0,14.0,1852.0,195.0,16.0,20.0,40.0,24.0,21.0,15.0,16.0,16.0,1039.0,14.0,11.0,14.0,9.0,18.0,1850.0,232.0,10.0,22.0,30.0,23.0,20.0,14.0,16.0,15.0,ferret
6751.0,4255.0,4121.0,4295.0,4150.0,4296.0,7208.0,5775.0,4212.0,6700.0,4091.0,6806.0,7101.0,4231.0,4216.0,4261.0,2160.0,22.0,24.0,23.0,21.0,18.0,2743.0,1165.0,38.0,1999.0,31.0,1202.0,1601.0,34.0,39.0,24.0,2086.0,23.0,16.0,23.0,21.0,20.0,2761.0,850.0,29.0,2105.0,30.0,1139.0,1965.0,29.0,32.0,20.0,2171.0,23.0,14.0,21.0,26.0,22.0,2371.0,1071.0,35.0,2079.0,33.0,1153.0,1619.0,32.0,37.0,26.0,2099.0,19.0,11.0,18.0,18.0,25.0,2478.0,1020.0,37.0,2222.0,37.0,1413.0,1732.0,31.0,41.0,19.0,2188.0,22.0,14.0,25.0,21.0,25.0,2519.0,710.0,49.0,2194.0,43.0,1222.0,1901.0,46.0,39.0,25.0,2179.0,102.0,56.0,33.0,68.0,37.0,2397.0,953.0,130.0,2215.0,117.0,1475.0,1891.0,132.0,146.0,67.0,2142.0,81.0,52.0,63.0,75.0,70.0,2424.0,949.0,78.0,2123.0,68.0,1160.0,1617.0,72.0,74.0,52.0,2129.0,18.0,10.0,20.0,20.0,22.0,2358.0,977.0,35.0,2172.0,36.0,1124.0,1585.0,37.0,33.0,20.0,2091.0,45.0,22.0,26.0,30.0,35.0,2196.0,1425.0,75.0,2042.0,40.0,1066.0,1738.0,40.0,52.0,37.0,2069.0,23.0,14.0,23.0,29.0,22.0,2623.0,1306.0,40.0,2223.0,28.0,1148.0,1560.0,37.0,46.0,28.0,2065.0,72.0,25.0,28.0,45.0,38.0,2414.0,1277.0,53.0,2142.0,25.0,1169.0,2093.0,31.0,52.0,42.0,2068.0,82.0,42.0,18.0,60.0,36.0,2652.0,1175.0,65.0,2234.0,39.0,1371.0,1687.0,31.0,50.0,33.0,2138.0,20.0,13.0,18.0,16.0,19.0,2412.0,1261.0,36.0,2145.0,33.0,1089.0,1910.0,32.0,47.0,26.0,2120.0,18.0,13.0,22.0,16.0,17.0,2352.0,1006.0,34.0,2101.0,31.0,1118.0,1715.0,41.0,35.0,23.0,2168.0,24.0,18.0,24.0,24.0,23.0,2507.0,1424.0,41.0,2254.0,39.0,1268.0,1943.0,40.0,54.0,31.0,ferret
3658.0,2382.0,2279.0,2369.0,2384.0,2314.0,4097.0,4389.0,2302.0,2473.0,2257.0,2439.0,2467.0,2387.0,2347.0,2320.0,1200.0,17.0,11.0,15.0,12.0,15.0,1847.0,1921.0,19.0,154.0,23.0,150.0,118.0,52.0,19.0,13.0,1154.0,14.0,6.0,6.0,8.0,7.0,1838.0,1279.0,11.0,158.0,15.0,122.0,138.0,53.0,11.0,9.0,1201.0,19.0,11.0,10.0,11.0,11.0,1843.0,1567.0,14.0,178.0,27.0,146.0,119.0,66.0,16.0,12.0,1205.0,16.0,11.0,8.0,9.0,5.0,1843.0,1437.0,11.0,200.0,25.0,106.0,126.0,51.0,12.0,11.0,1167.0,16.0,10.0,6.0,9.0,7.0,1842.0,865.0,12.0,146.0,20.0,141.0,143.0,57.0,13.0,9.0,1143.0,16.0,11.0,8.0,7.0,5.0,1841.0,1281.0,13.0,142.0,19.0,100.0,108.0,51.0,11.0,9.0,1180.0,47.0,41.0,34.0,44.0,35.0,1868.0,1222.0,40.0,181.0,53.0,168.0,144.0,91.0,35.0,36.0,1162.0,17.0,15.0,13.0,14.0,16.0,1838.0,1260.0,18.0,176.0,28.0,109.0,125.0,58.0,12.0,13.0,1177.0,11.0,17.0,11.0,8.0,4.0,1841.0,2444.0,15.0,162.0,22.0,141.0,126.0,65.0,13.0,9.0,1123.0,14.0,7.0,14.0,7.0,10.0,1842.0,2546.0,12.0,208.0,21.0,123.0,114.0,65.0,17.0,9.0,1131.0,17.0,13.0,9.0,12.0,5.0,1836.0,1996.0,9.0,192.0,40.0,134.0,152.0,57.0,17.0,9.0,1162.0,18.0,20.0,11.0,11.0,12.0,1841.0,1843.0,16.0,208.0,24.0,122.0,122.0,58.0,23.0,15.0,1172.0,18.0,11.0,10.0,13.0,11.0,1836.0,1539.0,16.0,146.0,25.0,148.0,139.0,48.0,27.0,15.0,1189.0,15.0,15.0,12.0,11.0,11.0,1835.0,1262.0,14.0,155.0,32.0,103.0,126.0,78.0,15.0,14.0,1172.0,17.0,10.0,11.0,10.0,12.0,1839.0,2481.0,18.0,164.0,24.0,127.0,134.0,51.0,13.0,9.0,ferret
3031.0,1987.0,1881.0,1958.0,1934.0,1953.0,3722.0,1932.0,1919.0,1913.0,1879.0,1887.0,1912.0,1918.0,1981.0,1945.0,992.0,9.0,9.0,21.0,11.0,9.0,1872.0,29.0,7.0,9.0,8.0,8.0,8.0,18.0,10.0,10.0,945.0,5.0,4.0,22.0,8.0,6.0,1859.0,21.0,5.0,4.0,6.0,4.0,4.0,10.0,5.0,8.0,970.0,6.0,4.0,19.0,17.0,10.0,1858.0,25.0,9.0,8.0,8.0,7.0,12.0,15.0,18.0,17.0,973.0,4.0,3.0,36.0,7.0,9.0,1861.0,35.0,7.0,9.0,10.0,6.0,5.0,16.0,7.0,9.0,985.0,8.0,5.0,19.0,10.0,8.0,1861.0,29.0,7.0,14.0,12.0,8.0,11.0,13.0,9.0,7.0,936.0,5.0,14.0,24.0,13.0,13.0,1868.0,35.0,12.0,21.0,16.0,15.0,17.0,19.0,13.0,11.0,971.0,12.0,8.0,27.0,19.0,16.0,1873.0,34.0,16.0,19.0,16.0,8.0,10.0,19.0,15.0,12.0,967.0,8.0,5.0,18.0,11.0,8.0,1860.0,28.0,10.0,11.0,13.0,7.0,9.0,14.0,12.0,7.0,968.0,16.0,12.0,23.0,14.0,18.0,1870.0,36.0,13.0,17.0,18.0,10.0,11.0,22.0,12.0,13.0,941.0,8.0,3.0,18.0,11.0,10.0,1862.0,31.0,10.0,10.0,10.0,8.0,10.0,16.0,6.0,8.0,953.0,11.0,15.0,19.0,13.0,10.0,1857.0,21.0,11.0,15.0,16.0,10.0,10.0,13.0,10.0,12.0,968.0,18.0,18.0,45.0,19.0,12.0,1872.0,28.0,15.0,23.0,21.0,11.0,16.0,30.0,17.0,18.0,972.0,7.0,6.0,34.0,17.0,9.0,1864.0,21.0,4.0,11.0,11.0,6.0,18.0,17.0,23.0,16.0,999.0,9.0,4.0,51.0,11.0,9.0,1865.0,26.0,11.0,10.0,15.0,7.0,12.0,18.0,8.0,11.0,977.0,8.0,5.0,36.0,10.0,8.0,1863.0,26.0,8.0,6.0,9.0,6.0,5.0,11.0,9.0,7.0,ferret
8168.0,5259.0,5094.0,5274.0,5216.0,5241.0,7746.0,7298.0,5091.0,8246.0,5076.0,9898.0,8085.0,9304.0,5167.0,5262.0,2620.0,42.0,42.0,44.0,49.0,48.0,2220.0,1594.0,16.0,2675.0,36.0,3597.0,1478.0,1912.0,18.0,52.0,2539.0,31.0,23.0,44.0,26.0,30.0,2312.0,1355.0,11.0,2308.0,26.0,3588.0,1691.0,2230.0,15.0,28.0,2630.0,51.0,39.0,48.0,43.0,44.0,1817.0,1583.0,15.0,2480.0,47.0,3652.0,1529.0,2174.0,26.0,52.0,2603.0,37.0,25.0,36.0,31.0,38.0,1874.0,1198.0,12.0,2964.0,43.0,3822.0,1618.0,2303.0,10.0,44.0,2603.0,41.0,35.0,42.0,32.0,33.0,1991.0,829.0,13.0,2650.0,42.0,3711.0,1704.0,2455.0,10.0,48.0,2591.0,188.0,142.0,105.0,161.0,152.0,1768.0,1141.0,39.0,2584.0,100.0,3832.0,1721.0,2358.0,63.0,150.0,2626.0,118.0,97.0,108.0,121.0,109.0,1880.0,1066.0,79.0,2400.0,87.0,3536.0,1425.0,2032.0,79.0,116.0,2557.0,35.0,40.0,36.0,30.0,34.0,1715.0,1197.0,14.0,2736.0,42.0,3408.0,1491.0,1713.0,17.0,47.0,2562.0,46.0,38.0,41.0,41.0,50.0,1553.0,2011.0,86.0,2840.0,39.0,3404.0,1500.0,1862.0,25.0,42.0,2535.0,41.0,22.0,33.0,28.0,26.0,2010.0,2035.0,16.0,2322.0,37.0,3602.0,1518.0,1902.0,20.0,43.0,2495.0,87.0,40.0,29.0,41.0,43.0,1672.0,1678.0,34.0,2416.0,43.0,3657.0,1842.0,2152.0,30.0,35.0,2563.0,107.0,55.0,47.0,55.0,49.0,1941.0,1341.0,54.0,3467.0,44.0,3774.0,1523.0,2180.0,35.0,58.0,2633.0,121.0,52.0,61.0,82.0,48.0,2130.0,1591.0,52.0,3129.0,82.0,3808.0,1928.0,2078.0,45.0,74.0,2602.0,33.0,28.0,39.0,29.0,31.0,1699.0,1165.0,14.0,2576.0,44.0,3486.0,1442.0,1974.0,17.0,38.0,2618.0,50.0,55.0,45.0,34.0,49.0,2066.0,1914.0,13.0,2580.0,47.0,3936.0,1803.0,2436.0,15.0,58.0,ferret
7705.0,4909.0,4937.0,4958.0,5097.0,4942.0,4748.0,7073.0,4844.0,11910.0,4726.0,9507.0,10102.0,9151.0,6830.0,4897.0,2474.0,34.0,33.0,37.0,40.0,34.0,44.0,1915.0,30.0,6375.0,32.0,4237.0,4065.0,2290.0,1078.0,34.0,2492.0,28.0,24.0,26.0,26.0,26.0,50.0,1605.0,24.0,5084.0,24.0,4468.0,4035.0,2459.0,1212.0,26.0,2507.0,31.0,33.0,30.0,37.0,36.0,44.0,1848.0,27.0,5263.0,29.0,4742.0,3939.0,2383.0,1245.0,30.0,2567.0,32.0,28.0,26.0,33.0,36.0,50.0,1527.0,24.0,7246.0,28.0,4677.0,4031.0,2450.0,1429.0,24.0,2489.0,34.0,32.0,34.0,34.0,35.0,45.0,1513.0,27.0,6580.0,30.0,4461.0,4070.0,2497.0,1324.0,24.0,2425.0,62.0,64.0,57.0,68.0,63.0,72.0,1263.0,64.0,6043.0,59.0,4030.0,3994.0,2369.0,1313.0,79.0,2489.0,92.0,83.0,92.0,95.0,79.0,71.0,1470.0,83.0,6252.0,89.0,4695.0,3743.0,2292.0,1150.0,74.0,2437.0,23.0,18.0,26.0,24.0,22.0,35.0,1233.0,20.0,6139.0,29.0,5152.0,3745.0,2256.0,1032.0,19.0,2420.0,31.0,35.0,33.0,31.0,37.0,52.0,2163.0,43.0,5431.0,38.0,4828.0,3687.0,2235.0,973.0,34.0,2383.0,25.0,24.0,28.0,31.0,28.0,36.0,2069.0,28.0,4127.0,29.0,4470.0,3956.0,2374.0,1078.0,29.0,2427.0,51.0,36.0,28.0,36.0,39.0,49.0,2083.0,28.0,4103.0,40.0,4451.0,4035.0,2445.0,1107.0,36.0,2405.0,85.0,70.0,49.0,52.0,50.0,53.0,1756.0,36.0,5926.0,35.0,4048.0,3929.0,2551.0,1363.0,34.0,2501.0,97.0,75.0,51.0,68.0,58.0,44.0,1936.0,43.0,7171.0,63.0,3935.0,4180.0,2360.0,1510.0,43.0,2407.0,83.0,43.0,33.0,64.0,58.0,77.0,1334.0,34.0,6114.0,50.0,3250.0,4202.0,2641.0,1128.0,48.0,2465.0,30.0,23.0,23.0,25.0,27.0,48.0,2207.0,25.0,7454.0,27.0,4077.0,4236.0,2610.0,1259.0,22.0,ferret
7276.0,4441.0,4456.0,4501.0,4438.0,4378.0,4225.0,8013.0,4212.0,7355.0,4337.0,11881.0,7487.0,9394.0,8003.0,4631.0,2229.0,30.0,27.0,25.0,26.0,27.0,23.0,3591.0,28.0,2167.0,39.0,6038.0,2403.0,3479.0,1776.0,31.0,2243.0,24.0,21.0,25.0,22.0,22.0,20.0,3657.0,23.0,2106.0,29.0,6385.0,2701.0,3700.0,1923.0,30.0,2267.0,26.0,23.0,24.0,23.0,24.0,24.0,3525.0,24.0,2129.0,38.0,6307.0,2519.0,3530.0,1944.0,29.0,2239.0,29.0,23.0,26.0,23.0,23.0,22.0,3548.0,23.0,4598.0,47.0,6572.0,2491.0,3503.0,1990.0,28.0,2205.0,24.0,20.0,25.0,22.0,19.0,21.0,3149.0,24.0,3742.0,30.0,6173.0,2651.0,3756.0,2201.0,25.0,2147.0,47.0,47.0,48.0,42.0,45.0,45.0,3376.0,57.0,2301.0,64.0,5816.0,2432.0,3450.0,1892.0,52.0,2169.0,109.0,101.0,104.0,101.0,107.0,94.0,2948.0,91.0,2061.0,117.0,5931.0,2333.0,3432.0,1812.0,109.0,2119.0,27.0,19.0,22.0,20.0,21.0,18.0,3220.0,20.0,2618.0,37.0,5428.0,2311.0,3389.0,1718.0,23.0,2183.0,45.0,38.0,42.0,34.0,36.0,37.0,3380.0,42.0,2138.0,62.0,4896.0,2368.0,3430.0,1745.0,45.0,2186.0,31.0,22.0,30.0,26.0,28.0,23.0,3777.0,32.0,2583.0,34.0,5172.0,2610.0,3708.0,1867.0,30.0,2214.0,45.0,32.0,36.0,30.0,32.0,33.0,3434.0,35.0,3230.0,60.0,6973.0,2518.0,3520.0,1808.0,41.0,2226.0,66.0,37.0,39.0,30.0,34.0,44.0,3417.0,40.0,4964.0,112.0,7935.0,2467.0,3395.0,1923.0,49.0,2293.0,100.0,46.0,48.0,37.0,47.0,37.0,3388.0,44.0,5241.0,78.0,7941.0,2622.0,3389.0,2122.0,60.0,2330.0,126.0,60.0,66.0,50.0,58.0,48.0,3266.0,51.0,3062.0,121.0,7856.0,2614.0,3547.0,1808.0,74.0,2329.0,26.0,20.0,25.0,20.0,20.0,19.0,3649.0,20.0,3691.0,36.0,7937.0,2643.0,3678.0,2156.0,26.0,ferret
5544.0,3500.0,3401.0,3569.0,3682.0,3626.0,3219.0,4418.0,4203.0,4216.0,3361.0,10637.0,9253.0,5880.0,5499.0,5170.0,1759.0,21.0,22.0,22.0,20.0,24.0,19.0,837.0,548.0,519.0,18.0,5138.0,5246.0,1595.0,1377.0,801.0,1713.0,17.0,17.0,21.0,19.0,20.0,15.0,884.0,546.0,580.0,13.0,6349.0,5123.0,1998.0,1372.0,871.0,1797.0,21.0,20.0,21.0,23.0,24.0,17.0,916.0,561.0,556.0,15.0,5674.0,5357.0,2081.0,1424.0,874.0,1851.0,18.0,16.0,19.0,14.0,22.0,11.0,920.0,602.0,588.0,18.0,7058.0,6039.0,2120.0,1477.0,988.0,1820.0,18.0,17.0,20.0,15.0,20.0,17.0,967.0,564.0,683.0,16.0,7739.0,5979.0,2220.0,1483.0,946.0,1625.0,17.0,24.0,22.0,23.0,22.0,21.0,853.0,465.0,527.0,20.0,6329.0,5409.0,1761.0,1291.0,712.0,1677.0,48.0,46.0,57.0,58.0,52.0,40.0,870.0,466.0,534.0,51.0,6115.0,5440.0,1803.0,1378.0,737.0,1692.0,24.0,21.0,21.0,29.0,28.0,13.0,835.0,436.0,557.0,21.0,5822.0,5565.0,1943.0,1342.0,850.0,1726.0,39.0,40.0,34.0,38.0,47.0,28.0,818.0,456.0,453.0,35.0,4794.0,5788.0,2089.0,1441.0,788.0,1694.0,20.0,18.0,20.0,17.0,22.0,14.0,837.0,470.0,491.0,17.0,5255.0,5838.0,2290.0,1410.0,752.0,1657.0,11.0,18.0,16.0,15.0,18.0,17.0,794.0,500.0,488.0,29.0,6795.0,5501.0,1900.0,1428.0,736.0,1774.0,16.0,24.0,20.0,21.0,24.0,21.0,849.0,538.0,502.0,37.0,7543.0,5544.0,1955.0,1350.0,940.0,1732.0,42.0,41.0,38.0,46.0,47.0,41.0,891.0,601.0,658.0,57.0,8372.0,6171.0,1729.0,1483.0,1118.0,1766.0,47.0,35.0,30.0,43.0,37.0,33.0,866.0,548.0,642.0,61.0,8720.0,5601.0,1750.0,1388.0,1154.0,1733.0,61.0,37.0,24.0,50.0,44.0,16.0,1106.0,708.0,763.0,31.0,7558.0,5704.0,2023.0,1819.0,1163.0,ferret
834.0,590.0,625.0,649.0,672.0,568.0,1078.0,1231.0,799.0,656.0,684.0,620.0,635.0,584.0,606.0,583.0,32.0,0.0,31.0,29.0,59.0,0.0,558.0,357.0,134.0,81.0,64.0,68.0,64.0,29.0,29.0,0.0,37.0,0.0,29.0,24.0,81.0,2.0,514.0,427.0,131.0,75.0,63.0,65.0,69.0,22.0,25.0,5.0,40.0,0.0,29.0,22.0,57.0,0.0,407.0,438.0,138.0,69.0,69.0,62.0,59.0,22.0,24.0,1.0,35.0,1.0,43.0,22.0,67.0,6.0,391.0,447.0,160.0,64.0,111.0,63.0,61.0,20.0,23.0,8.0,30.0,0.0,29.0,25.0,67.0,0.0,427.0,431.0,115.0,92.0,58.0,64.0,67.0,26.0,26.0,0.0,44.0,14.0,44.0,28.0,62.0,13.0,488.0,450.0,116.0,96.0,78.0,127.0,134.0,26.0,29.0,21.0,44.0,12.0,32.0,32.0,54.0,13.0,502.0,326.0,133.0,126.0,82.0,69.0,67.0,29.0,26.0,6.0,47.0,9.0,40.0,32.0,93.0,9.0,411.0,438.0,139.0,87.0,105.0,76.0,81.0,32.0,33.0,12.0,39.0,2.0,29.0,27.0,52.0,2.0,388.0,355.0,129.0,74.0,79.0,71.0,57.0,29.0,27.0,4.0,35.0,5.0,28.0,26.0,100.0,5.0,558.0,345.0,152.0,81.0,81.0,67.0,65.0,26.0,29.0,9.0,28.0,2.0,20.0,14.0,50.0,2.0,362.0,325.0,124.0,63.0,68.0,50.0,66.0,14.0,17.0,5.0,28.0,1.0,23.0,17.0,56.0,1.0,378.0,367.0,120.0,69.0,82.0,57.0,56.0,17.0,19.0,3.0,33.0,1.0,25.0,22.0,61.0,0.0,385.0,380.0,108.0,70.0,82.0,59.0,61.0,22.0,25.0,2.0,33.0,0.0,26.0,21.0,59.0,0.0,397.0,334.0,116.0,69.0,104.0,55.0,58.0,19.0,20.0,2.0,44.0,0.0,29.0,26.0,69.0,0.0,427.0,408.0,149.0,88.0,70.0,72.0,70.0,23.0,25.0,0.0,ferret
8816.0,5826.0,5653.0,5719.0,5616.0,5843.0,5607.0,7470.0,8520.0,5517.0,5468.0,9328.0,12586.0,10949.0,10396.0,9038.0,2929.0,35.0,37.0,35.0,27.0,29.0,29.0,1674.0,2955.0,36.0,133.0,2579.0,6271.0,5229.0,3350.0,1811.0,2842.0,31.0,30.0,32.0,22.0,21.0,22.0,1221.0,2984.0,31.0,148.0,3423.0,6624.0,4708.0,3564.0,1893.0,2879.0,35.0,33.0,35.0,29.0,28.0,28.0,2063.0,3050.0,34.0,166.0,2951.0,6829.0,5307.0,3443.0,1784.0,2830.0,33.0,31.0,33.0,23.0,29.0,29.0,793.0,2906.0,35.0,150.0,3291.0,7692.0,5450.0,3700.0,1787.0,2943.0,33.0,31.0,35.0,27.0,26.0,27.0,856.0,2881.0,37.0,131.0,3582.0,6824.0,5029.0,3751.0,1883.0,2830.0,43.0,48.0,52.0,35.0,52.0,50.0,1228.0,3045.0,58.0,130.0,2760.0,5357.0,5323.0,3464.0,1748.0,2917.0,147.0,144.0,157.0,127.0,150.0,141.0,1670.0,3211.0,132.0,252.0,2820.0,5888.0,4990.0,3457.0,1753.0,2799.0,108.0,109.0,125.0,94.0,118.0,109.0,1296.0,3038.0,107.0,208.0,3038.0,6367.0,4970.0,3428.0,1663.0,2836.0,101.0,89.0,107.0,77.0,91.0,84.0,2506.0,3003.0,93.0,140.0,2641.0,6565.0,5134.0,3404.0,1759.0,2672.0,44.0,36.0,43.0,32.0,33.0,38.0,2141.0,3002.0,40.0,112.0,2364.0,8050.0,4905.0,3286.0,1723.0,2736.0,54.0,57.0,55.0,42.0,57.0,61.0,1798.0,2905.0,58.0,146.0,3635.0,6432.0,4718.0,3296.0,1869.0,2907.0,56.0,63.0,63.0,50.0,65.0,62.0,1416.0,3060.0,66.0,152.0,3522.0,6627.0,5568.0,3461.0,1863.0,2987.0,100.0,104.0,103.0,79.0,99.0,87.0,1650.0,3098.0,92.0,180.0,3985.0,6796.0,5359.0,3650.0,1946.0,2963.0,96.0,85.0,79.0,61.0,70.0,77.0,1338.0,2773.0,70.0,211.0,3773.0,4994.0,4901.0,3434.0,1962.0,2931.0,127.0,93.0,100.0,68.0,93.0,86.0,1903.0,2927.0,70.0,288.0,3204.0,6491.0,4987.0,3875.0,2137.0,ferret
8952.0,5803.0,6889.0,5755.0,5800.0,5770.0,5587.0,7705.0,8474.0,5612.0,9092.0,6777.0,8766.0,12638.0,8654.0,9240.0,2910.0,24.0,704.0,25.0,27.0,26.0,24.0,1616.0,2515.0,26.0,1930.0,699.0,2453.0,6895.0,2636.0,2243.0,2826.0,66.0,673.0,32.0,41.0,40.0,35.0,1587.0,2513.0,30.0,2121.0,688.0,2946.0,6252.0,2638.0,2238.0,2889.0,23.0,682.0,21.0,29.0,25.0,24.0,1852.0,2394.0,24.0,1913.0,820.0,2839.0,6222.0,2622.0,2193.0,2904.0,22.0,676.0,20.0,20.0,21.0,19.0,943.0,2498.0,19.0,1775.0,777.0,3155.0,6242.0,2763.0,2248.0,2892.0,23.0,694.0,23.0,26.0,22.0,24.0,869.0,2424.0,22.0,2102.0,806.0,2432.0,7776.0,3110.0,2337.0,2803.0,23.0,669.0,22.0,23.0,20.0,23.0,1231.0,2196.0,24.0,1792.0,705.0,2401.0,6691.0,2874.0,2082.0,2888.0,100.0,724.0,117.0,104.0,98.0,100.0,1199.0,2438.0,105.0,1729.0,808.0,2479.0,6634.0,2752.0,2218.0,2869.0,60.0,862.0,46.0,63.0,57.0,59.0,1727.0,2378.0,56.0,1666.0,710.0,2481.0,6341.0,2778.0,2319.0,2820.0,28.0,572.0,25.0,29.0,24.0,32.0,2113.0,2252.0,21.0,1531.0,650.0,2496.0,6975.0,2910.0,2216.0,2861.0,86.0,708.0,44.0,50.0,34.0,46.0,2109.0,2587.0,43.0,1757.0,759.0,3614.0,5908.0,2844.0,2512.0,2888.0,48.0,704.0,39.0,48.0,54.0,43.0,1717.0,2471.0,57.0,1885.0,665.0,2946.0,5178.0,3281.0,2346.0,2847.0,27.0,680.0,23.0,26.0,25.0,29.0,1377.0,2384.0,32.0,1853.0,710.0,2661.0,7039.0,2480.0,2288.0,2818.0,25.0,673.0,19.0,23.0,29.0,37.0,1596.0,2500.0,36.0,1920.0,766.0,2321.0,8135.0,2732.0,2251.0,2902.0,38.0,717.0,28.0,32.0,40.0,41.0,1439.0,2352.0,37.0,1805.0,859.0,2069.0,6836.0,2587.0,2313.0,2896.0,87.0,749.0,40.0,39.0,42.0,40.0,2067.0,2590.0,36.0,2655.0,924.0,3135.0,7300.0,2892.0,2560.0,ferret
7152.0,6821.0,6875.0,4210.0,4222.0,4233.0,4132.0,6717.0,4278.0,3964.0,5452.0,4076.0,4644.0,8975.0,9443.0,7068.0,2298.0,2466.0,2931.0,45.0,43.0,48.0,35.0,2400.0,119.0,29.0,871.0,41.0,474.0,4822.0,6813.0,1968.0,2360.0,2568.0,2660.0,29.0,34.0,31.0,24.0,2153.0,158.0,28.0,884.0,41.0,423.0,5251.0,7028.0,2047.0,2404.0,2627.0,2462.0,17.0,14.0,15.0,14.0,2878.0,101.0,11.0,841.0,20.0,383.0,4432.0,6520.0,1998.0,2492.0,2558.0,2311.0,21.0,17.0,19.0,17.0,868.0,116.0,13.0,812.0,20.0,348.0,4819.0,5745.0,1997.0,2402.0,2547.0,2425.0,19.0,14.0,14.0,16.0,1170.0,118.0,11.0,873.0,18.0,418.0,6691.0,5389.0,2017.0,2308.0,2467.0,3185.0,18.0,16.0,16.0,14.0,1628.0,112.0,12.0,807.0,17.0,294.0,4130.0,6413.0,1902.0,2350.0,2548.0,3197.0,53.0,52.0,58.0,62.0,1750.0,140.0,45.0,817.0,66.0,330.0,4724.0,6884.0,1887.0,2345.0,2513.0,2511.0,49.0,54.0,46.0,43.0,2214.0,129.0,48.0,812.0,44.0,318.0,4983.0,5828.0,1964.0,2185.0,2412.0,2340.0,19.0,16.0,19.0,21.0,3518.0,103.0,15.0,735.0,25.0,292.0,5161.0,7230.0,1903.0,2291.0,2450.0,2339.0,33.0,29.0,39.0,32.0,3247.0,109.0,19.0,784.0,36.0,383.0,4369.0,7363.0,2052.0,2255.0,2402.0,2410.0,42.0,31.0,30.0,32.0,2766.0,104.0,30.0,803.0,40.0,322.0,3653.0,6755.0,1879.0,2429.0,2670.0,2457.0,48.0,43.0,48.0,34.0,2109.0,116.0,33.0,858.0,50.0,330.0,6250.0,6371.0,2169.0,2319.0,2572.0,2353.0,19.0,18.0,23.0,24.0,2440.0,100.0,20.0,817.0,25.0,394.0,5940.0,5810.0,1957.0,2587.0,2433.0,2340.0,27.0,19.0,26.0,27.0,1676.0,130.0,22.0,789.0,29.0,397.0,4001.0,6801.0,1944.0,2709.0,2677.0,2410.0,29.0,30.0,36.0,24.0,2581.0,141.0,21.0,1043.0,36.0,431.0,4973.0,6167.0,2105.0,ferret
12236.0,9237.0,8979.0,9171.0,5916.0,5788.0,5480.0,7064.0,5793.0,5663.0,9347.0,5623.0,5939.0,7274.0,11003.0,7553.0,4678.0,3051.0,3983.0,2673.0,68.0,66.0,55.0,1298.0,59.0,59.0,2354.0,52.0,69.0,1075.0,7532.0,1330.0,4727.0,3075.0,3668.0,2362.0,41.0,43.0,47.0,1265.0,39.0,43.0,2439.0,41.0,43.0,1169.0,7604.0,1366.0,4804.0,3289.0,3106.0,2256.0,93.0,79.0,40.0,2213.0,61.0,53.0,2507.0,50.0,78.0,1353.0,7840.0,1397.0,4734.0,3169.0,2799.0,2330.0,16.0,42.0,17.0,859.0,16.0,16.0,2365.0,7.0,21.0,1101.0,7395.0,1381.0,4818.0,3097.0,3041.0,2345.0,27.0,32.0,30.0,904.0,24.0,23.0,2358.0,13.0,36.0,1251.0,6609.0,1484.0,4395.0,2739.0,4058.0,2149.0,17.0,31.0,20.0,1011.0,15.0,17.0,2254.0,8.0,23.0,1028.0,7147.0,1287.0,4530.0,2974.0,3526.0,2321.0,94.0,89.0,103.0,1065.0,90.0,98.0,2314.0,91.0,95.0,1089.0,7163.0,1316.0,4408.0,3134.0,3085.0,2270.0,42.0,51.0,45.0,1011.0,42.0,44.0,2304.0,31.0,48.0,1061.0,6346.0,1304.0,4321.0,2911.0,2841.0,2129.0,18.0,26.0,19.0,1740.0,17.0,17.0,2149.0,6.0,20.0,1040.0,8157.0,1301.0,4666.0,2991.0,2860.0,2343.0,42.0,49.0,40.0,1564.0,38.0,27.0,2297.0,33.0,48.0,1279.0,7908.0,1411.0,4633.0,3056.0,2900.0,2142.0,26.0,35.0,26.0,1216.0,27.0,25.0,2253.0,20.0,26.0,1091.0,5922.0,1359.0,4713.0,3350.0,2932.0,2262.0,37.0,65.0,40.0,1073.0,43.0,36.0,2304.0,36.0,47.0,1118.0,7860.0,1378.0,4821.0,3265.0,3013.0,2385.0,47.0,56.0,36.0,1169.0,38.0,32.0,2359.0,34.0,48.0,1099.0,6824.0,1525.0,4594.0,2955.0,2840.0,2209.0,22.0,71.0,24.0,958.0,23.0,19.0,2322.0,30.0,28.0,1135.0,7428.0,1770.0,5296.0,3281.0,2953.0,2416.0,40.0,77.0,51.0,1425.0,53.0,46.0,2615.0,83.0,70.0,1308.0,7796.0,1430.0,ferret
14120.0,10588.0,9826.0,12166.0,7127.0,7114.0,6894.0,8823.0,9868.0,7214.0,10855.0,10552.0,7138.0,7258.0,10164.0,9049.0,4995.0,3075.0,4669.0,5815.0,73.0,67.0,55.0,1121.0,2071.0,66.0,2957.0,1799.0,63.0,69.0,3852.0,1338.0,4913.0,2967.0,4353.0,4606.0,51.0,52.0,40.0,1174.0,1909.0,44.0,3099.0,1860.0,43.0,42.0,3335.0,1375.0,4999.0,2930.0,4167.0,4402.0,60.0,62.0,40.0,1095.0,2029.0,53.0,3107.0,1693.0,55.0,51.0,3271.0,1409.0,5021.0,2891.0,3117.0,4279.0,48.0,33.0,23.0,1264.0,2171.0,22.0,2983.0,1896.0,33.0,32.0,3620.0,1389.0,5001.0,2955.0,3157.0,4340.0,28.0,24.0,22.0,954.0,1994.0,21.0,3068.0,1901.0,23.0,34.0,2877.0,1376.0,4732.0,2850.0,3244.0,4468.0,31.0,25.0,21.0,1241.0,1716.0,18.0,2867.0,1677.0,22.0,27.0,3612.0,1165.0,4857.0,2938.0,2835.0,4751.0,120.0,113.0,110.0,962.0,1830.0,105.0,2965.0,1695.0,117.0,115.0,3393.0,1323.0,5101.0,3161.0,2415.0,4794.0,94.0,85.0,59.0,1054.0,1792.0,65.0,3080.0,1755.0,75.0,59.0,2635.0,1326.0,4875.0,2945.0,2248.0,4534.0,29.0,28.0,22.0,1287.0,1813.0,21.0,3047.0,1366.0,25.0,39.0,3814.0,1457.0,5014.0,2939.0,2239.0,4373.0,63.0,47.0,49.0,1669.0,1930.0,74.0,2869.0,1673.0,53.0,51.0,3325.0,1301.0,5211.0,2963.0,2286.0,4345.0,66.0,58.0,32.0,1200.0,1906.0,33.0,3124.0,1632.0,63.0,44.0,2714.0,1564.0,4913.0,2881.0,2283.0,4371.0,54.0,40.0,32.0,1223.0,1965.0,30.0,2938.0,1701.0,34.0,41.0,3217.0,1347.0,5018.0,3022.0,2379.0,4471.0,67.0,58.0,48.0,1079.0,1877.0,50.0,3117.0,1832.0,58.0,61.0,2692.0,1496.0,5038.0,2862.0,2211.0,4288.0,75.0,31.0,27.0,1020.0,1995.0,26.0,2982.0,1624.0,28.0,29.0,4104.0,1385.0,5573.0,3165.0,2403.0,4464.0,86.0,68.0,48.0,1338.0,2293.0,43.0,3481.0,2249.0,49.0,59.0,3578.0,1524.0,ferret
15744.0,10660.0,11098.0,11610.0,9823.0,10404.0,7921.0,9041.0,10242.0,7403.0,10106.0,10085.0,7378.0,7424.0,7995.0,8712.0,6812.0,2008.0,3798.0,4864.0,1567.0,1304.0,60.0,1366.0,2987.0,67.0,2280.0,1478.0,73.0,72.0,495.0,2290.0,6753.0,1948.0,4810.0,3995.0,1495.0,1097.0,41.0,1099.0,2926.0,41.0,2399.0,1478.0,33.0,45.0,497.0,7190.0,6660.0,1987.0,3950.0,4411.0,1547.0,1078.0,47.0,1419.0,2967.0,48.0,2664.0,1369.0,41.0,49.0,516.0,3678.0,7093.0,2313.0,3077.0,3792.0,1486.0,1218.0,50.0,1130.0,3078.0,45.0,2817.0,1641.0,43.0,50.0,499.0,3233.0,7319.0,2427.0,3293.0,3800.0,1508.0,1185.0,34.0,1214.0,3062.0,33.0,2833.0,1670.0,50.0,34.0,555.0,6657.0,6791.0,1796.0,4202.0,4023.0,1309.0,866.0,15.0,1044.0,2824.0,23.0,2641.0,1220.0,16.0,17.0,396.0,5135.0,6543.0,1878.0,3709.0,4276.0,1393.0,1012.0,89.0,1258.0,2954.0,104.0,2335.0,1311.0,73.0,81.0,485.0,2836.0,6552.0,1927.0,3349.0,4039.0,1548.0,1007.0,81.0,1089.0,2877.0,73.0,2087.0,1353.0,65.0,70.0,457.0,1983.0,6413.0,1670.0,3128.0,3726.0,1322.0,777.0,19.0,1847.0,2900.0,29.0,2737.0,1195.0,21.0,24.0,322.0,2561.0,6713.0,1997.0,3117.0,3638.0,1376.0,892.0,58.0,1411.0,2984.0,95.0,2719.0,1431.0,38.0,44.0,491.0,7969.0,6712.0,2085.0,3145.0,3688.0,1501.0,1157.0,42.0,1419.0,2881.0,44.0,2674.0,1412.0,64.0,47.0,554.0,2926.0,6568.0,1892.0,3174.0,3626.0,1450.0,919.0,27.0,1155.0,2984.0,35.0,2740.0,1308.0,24.0,38.0,381.0,1094.0,6603.0,1957.0,3184.0,3706.0,1387.0,979.0,37.0,1338.0,2857.0,42.0,2717.0,1374.0,34.0,41.0,411.0,814.0,6617.0,2065.0,3115.0,3622.0,1444.0,999.0,66.0,1093.0,2815.0,62.0,2432.0,1436.0,59.0,65.0,422.0,866.0,6934.0,2190.0,3150.0,3697.0,1445.0,1191.0,43.0,1697.0,2874.0,50.0,2528.0,1725.0,35.0,35.0,500.0,1162.0,ferret
13576.0,9819.0,9962.0,10891.0,10676.0,11312.0,6979.0,8431.0,9968.0,7093.0,12348.0,11310.0,7049.0,7245.0,6951.0,7260.0,5184.0,4041.0,3677.0,4265.0,3153.0,1872.0,87.0,1423.0,2809.0,83.0,5503.0,3413.0,89.0,85.0,87.0,367.0,5201.0,4990.0,3747.0,3727.0,3043.0,1867.0,43.0,1046.0,2754.0,40.0,5799.0,3487.0,54.0,38.0,51.0,396.0,5140.0,4418.0,3313.0,5037.0,3172.0,1821.0,52.0,1431.0,2938.0,48.0,5126.0,3503.0,61.0,46.0,59.0,375.0,5293.0,3718.0,2918.0,3410.0,3172.0,1848.0,108.0,870.0,3184.0,112.0,6906.0,3441.0,112.0,96.0,111.0,394.0,5701.0,3785.0,2936.0,3382.0,3020.0,2046.0,66.0,1196.0,3015.0,67.0,6582.0,3755.0,65.0,53.0,71.0,349.0,5057.0,3189.0,3308.0,3750.0,3063.0,1658.0,22.0,1202.0,2892.0,27.0,6001.0,3238.0,22.0,21.0,26.0,277.0,5066.0,2451.0,3319.0,4127.0,3171.0,1926.0,107.0,1092.0,2828.0,112.0,5200.0,3318.0,129.0,106.0,108.0,365.0,5039.0,2303.0,2834.0,3666.0,3157.0,1748.0,87.0,1008.0,2836.0,92.0,4713.0,3295.0,93.0,71.0,93.0,373.0,5045.0,2156.0,2558.0,3376.0,3030.0,1646.0,26.0,1986.0,2847.0,32.0,5832.0,3110.0,28.0,27.0,33.0,279.0,5103.0,2184.0,2559.0,3320.0,2961.0,1674.0,46.0,1807.0,2880.0,54.0,6515.0,3156.0,58.0,38.0,44.0,371.0,4902.0,2254.0,2604.0,3343.0,3126.0,2068.0,61.0,1427.0,2779.0,55.0,5500.0,3349.0,67.0,47.0,57.0,348.0,5430.0,2225.0,2632.0,3338.0,3200.0,1666.0,31.0,1090.0,2944.0,38.0,5849.0,3273.0,39.0,36.0,45.0,302.0,5416.0,2288.0,2622.0,3347.0,2958.0,1898.0,38.0,1273.0,2834.0,40.0,6142.0,3446.0,44.0,36.0,54.0,316.0,5628.0,2199.0,2543.0,3249.0,2946.0,1655.0,54.0,1035.0,2735.0,58.0,6269.0,3308.0,57.0,50.0,62.0,343.0,5090.0,2218.0,2574.0,3278.0,2991.0,2133.0,74.0,1512.0,2806.0,65.0,6179.0,3651.0,66.0,65.0,76.0,360.0,ferret
10663.0,7588.0,7176.0,9281.0,8502.0,8151.0,4986.0,6100.0,5479.0,4742.0,10929.0,7705.0,5073.0,5339.0,5218.0,5092.0,4479.0,2407.0,2620.0,5341.0,3185.0,1889.0,39.0,890.0,526.0,50.0,6559.0,1931.0,49.0,41.0,42.0,41.0,4515.0,6307.0,7045.0,4328.0,3120.0,2527.0,34.0,841.0,549.0,39.0,8033.0,1805.0,35.0,32.0,33.0,34.0,4355.0,3044.0,4895.0,4431.0,3065.0,1995.0,35.0,818.0,509.0,42.0,5840.0,1764.0,43.0,33.0,29.0,29.0,4431.0,2567.0,2227.0,4037.0,3165.0,1912.0,44.0,843.0,587.0,59.0,7658.0,1647.0,52.0,39.0,46.0,45.0,4939.0,4123.0,3567.0,3901.0,3246.0,2261.0,61.0,954.0,698.0,63.0,8517.0,2130.0,59.0,51.0,62.0,53.0,4582.0,3790.0,4442.0,4056.0,3131.0,2251.0,22.0,802.0,486.0,23.0,6723.0,1692.0,20.0,18.0,19.0,19.0,4136.0,2308.0,2331.0,4194.0,3123.0,1830.0,72.0,804.0,516.0,65.0,5589.0,1750.0,67.0,63.0,61.0,47.0,4099.0,2176.0,1955.0,4119.0,3094.0,2004.0,69.0,796.0,547.0,75.0,5602.0,1652.0,72.0,46.0,65.0,58.0,4043.0,1975.0,1790.0,3785.0,3029.0,1673.0,25.0,789.0,475.0,20.0,5952.0,1678.0,22.0,21.0,20.0,21.0,4230.0,2018.0,1851.0,3734.0,3041.0,1667.0,30.0,786.0,510.0,46.0,7415.0,1748.0,38.0,23.0,27.0,24.0,3942.0,2044.0,1945.0,3780.0,3202.0,1803.0,40.0,801.0,546.0,94.0,6112.0,1994.0,59.0,28.0,31.0,27.0,4161.0,2031.0,1860.0,3781.0,3116.0,1689.0,25.0,771.0,516.0,20.0,6269.0,1898.0,17.0,22.0,20.0,22.0,4995.0,2070.0,1890.0,3885.0,3164.0,1774.0,24.0,808.0,520.0,21.0,6470.0,2145.0,21.0,23.0,24.0,25.0,4711.0,1993.0,1794.0,3718.0,3074.0,1700.0,26.0,788.0,567.0,26.0,5251.0,1908.0,28.0,29.0,23.0,27.0,4572.0,2145.0,1984.0,3815.0,3275.0,1896.0,33.0,1086.0,676.0,32.0,5141.0,2272.0,33.0,31.0,34.0,34.0,ferret
8616.0,6963.0,6789.0,8464.0,7290.0,8054.0,4246.0,6042.0,4320.0,4733.0,6404.0,7574.0,4336.0,4259.0,4045.0,3949.0,4810.0,2817.0,3354.0,5359.0,2369.0,3207.0,36.0,1514.0,33.0,168.0,1994.0,3821.0,28.0,31.0,24.0,26.0,5247.0,3156.0,5307.0,4054.0,2348.0,4229.0,22.0,1274.0,27.0,212.0,2623.0,3991.0,26.0,22.0,20.0,25.0,5122.0,2595.0,3662.0,5245.0,2433.0,3514.0,37.0,1468.0,32.0,222.0,1763.0,4288.0,29.0,24.0,28.0,30.0,5677.0,2626.0,2496.0,3665.0,2579.0,3130.0,54.0,982.0,48.0,412.0,2827.0,4706.0,68.0,48.0,72.0,61.0,5284.0,3567.0,2916.0,3758.0,2491.0,3366.0,61.0,993.0,67.0,327.0,3422.0,4213.0,53.0,47.0,50.0,45.0,5400.0,3948.0,3708.0,3967.0,2268.0,2605.0,18.0,1610.0,17.0,144.0,2225.0,3083.0,15.0,17.0,16.0,17.0,3996.0,2872.0,2762.0,4252.0,2500.0,2399.0,76.0,1471.0,70.0,203.0,1888.0,3166.0,73.0,65.0,56.0,67.0,4369.0,2678.0,2585.0,4095.0,2384.0,2345.0,46.0,1279.0,56.0,191.0,1774.0,3899.0,54.0,54.0,47.0,46.0,5561.0,2504.0,2379.0,3789.0,2330.0,2439.0,17.0,2177.0,27.0,127.0,1906.0,4467.0,26.0,15.0,33.0,34.0,5072.0,2516.0,2318.0,3650.0,2425.0,2417.0,44.0,2065.0,32.0,254.0,2430.0,4394.0,32.0,26.0,35.0,23.0,4334.0,2531.0,2393.0,3695.0,2477.0,2352.0,37.0,1555.0,19.0,168.0,2255.0,3684.0,28.0,20.0,25.0,21.0,5168.0,2527.0,2376.0,3651.0,2415.0,2249.0,22.0,1444.0,24.0,240.0,2566.0,3333.0,16.0,18.0,14.0,21.0,6059.0,2539.0,2369.0,3636.0,2360.0,2326.0,21.0,1466.0,24.0,169.0,2444.0,3097.0,19.0,19.0,17.0,22.0,5310.0,2486.0,2295.0,3578.0,2366.0,2280.0,26.0,1350.0,26.0,327.0,1909.0,2108.0,21.0,18.0,19.0,23.0,3887.0,2497.0,2334.0,3598.0,2433.0,2354.0,23.0,1644.0,29.0,329.0,1925.0,2288.0,17.0,20.0,17.0,22.0,ferret
1658.0,1883.0,3269.0,4684.0,1042.0,3110.0,865.0,3925.0,951.0,1023.0,1264.0,5011.0,835.0,914.0,876.0,853.0,678.0,2005.0,2726.0,4489.0,27.0,2188.0,15.0,2793.0,16.0,29.0,471.0,6478.0,16.0,17.0,17.0,17.0,613.0,2704.0,4991.0,3878.0,23.0,6516.0,10.0,2013.0,6.0,20.0,468.0,6063.0,8.0,8.0,8.0,7.0,668.0,2197.0,3913.0,3457.0,35.0,3256.0,9.0,2524.0,10.0,29.0,406.0,6321.0,11.0,13.0,13.0,11.0,651.0,1682.0,2330.0,3329.0,48.0,2272.0,19.0,813.0,19.0,44.0,432.0,10167.0,19.0,17.0,22.0,17.0,744.0,2306.0,2654.0,3404.0,40.0,3602.0,18.0,859.0,19.0,31.0,514.0,5024.0,20.0,17.0,19.0,15.0,614.0,1347.0,4082.0,3747.0,29.0,3791.0,8.0,1723.0,11.0,24.0,467.0,3247.0,11.0,10.0,11.0,10.0,617.0,899.0,3092.0,4821.0,33.0,2233.0,13.0,1512.0,14.0,36.0,458.0,4015.0,18.0,10.0,13.0,15.0,624.0,864.0,2433.0,3802.0,40.0,2049.0,12.0,2347.0,12.0,34.0,436.0,5694.0,11.0,13.0,14.0,10.0,692.0,809.0,2306.0,3505.0,53.0,1951.0,13.0,4088.0,16.0,27.0,447.0,8597.0,21.0,14.0,32.0,24.0,566.0,804.0,2274.0,3446.0,56.0,1950.0,11.0,3414.0,9.0,26.0,403.0,7662.0,12.0,13.0,17.0,13.0,543.0,811.0,2281.0,3419.0,33.0,1919.0,7.0,2469.0,8.0,12.0,381.0,5376.0,9.0,8.0,10.0,8.0,604.0,823.0,2356.0,3436.0,44.0,1923.0,7.0,2202.0,6.0,35.0,402.0,5843.0,7.0,13.0,11.0,6.0,682.0,838.0,2306.0,3431.0,33.0,1912.0,8.0,2606.0,8.0,21.0,471.0,2428.0,11.0,11.0,12.0,8.0,597.0,792.0,2247.0,3345.0,30.0,1888.0,7.0,2044.0,9.0,46.0,398.0,1423.0,8.0,10.0,7.0,9.0,583.0,808.0,2207.0,3295.0,29.0,1878.0,7.0,2906.0,7.0,48.0,407.0,2234.0,10.0,12.0,10.0,8.0,ferret
5128.0,1423.0,1111.0,1159.0,1198.0,1175.0,3486.0,2612.0,1123.0,1113.0,1109.0,1122.0,1107.0,1203.0,1196.0,1206.0,56.0,162.0,15.0,7.0,38.0,42.0,2277.0,1070.0,23.0,13.0,16.0,19.0,22.0,56.0,42.0,41.0,26.0,182.0,2.0,5.0,19.0,28.0,2227.0,916.0,13.0,6.0,6.0,6.0,9.0,44.0,41.0,26.0,49.0,193.0,2.0,7.0,27.0,26.0,2120.0,940.0,12.0,11.0,5.0,10.0,10.0,41.0,37.0,23.0,53.0,240.0,6.0,7.0,21.0,27.0,2142.0,918.0,18.0,14.0,8.0,10.0,14.0,42.0,41.0,28.0,41.0,216.0,5.0,4.0,8.0,27.0,2187.0,1050.0,14.0,10.0,11.0,10.0,11.0,39.0,35.0,27.0,31.0,184.0,13.0,9.0,10.0,26.0,2218.0,903.0,13.0,16.0,20.0,12.0,17.0,102.0,106.0,35.0,32.0,417.0,21.0,19.0,27.0,36.0,2242.0,732.0,16.0,8.0,6.0,10.0,16.0,45.0,43.0,31.0,29.0,198.0,4.0,6.0,17.0,27.0,2109.0,732.0,16.0,14.0,13.0,10.0,12.0,53.0,47.0,30.0,18.0,150.0,6.0,9.0,10.0,28.0,2094.0,729.0,16.0,8.0,13.0,7.0,7.0,33.0,27.0,27.0,27.0,136.0,6.0,8.0,17.0,28.0,2242.0,783.0,18.0,12.0,12.0,9.0,7.0,44.0,49.0,26.0,19.0,138.0,2.0,4.0,13.0,20.0,2051.0,802.0,9.0,7.0,10.0,5.0,4.0,38.0,40.0,23.0,20.0,169.0,5.0,10.0,18.0,25.0,2136.0,1040.0,16.0,7.0,8.0,12.0,7.0,53.0,46.0,27.0,38.0,152.0,5.0,5.0,24.0,27.0,2150.0,1160.0,16.0,12.0,16.0,11.0,13.0,42.0,44.0,30.0,51.0,122.0,5.0,7.0,19.0,21.0,2143.0,853.0,10.0,8.0,11.0,7.0,8.0,41.0,37.0,26.0,50.0,138.0,3.0,2.0,11.0,24.0,2135.0,987.0,15.0,10.0,8.0,18.0,14.0,49.0,40.0,26.0,ferret
4749.0,5501.0,5036.0,5614.0,4370.0,4633.0,2400.0,3919.0,2391.0,5926.0,3493.0,3282.0,2452.0,2389.0,2616.0,2546.0,1809.0,3032.0,3710.0,3471.0,957.0,2124.0,22.0,1002.0,32.0,2269.0,2456.0,950.0,32.0,34.0,36.0,24.0,1744.0,3106.0,4471.0,3888.0,932.0,7095.0,12.0,1050.0,3.0,2332.0,6339.0,926.0,7.0,7.0,7.0,8.0,1871.0,2576.0,3623.0,4389.0,958.0,3617.0,20.0,1164.0,13.0,2368.0,6014.0,956.0,14.0,10.0,14.0,15.0,1989.0,1955.0,2792.0,3389.0,1124.0,2476.0,36.0,1114.0,43.0,2919.0,3576.0,1131.0,49.0,21.0,47.0,30.0,1904.0,1078.0,3016.0,2902.0,1109.0,4255.0,25.0,1084.0,12.0,2432.0,1875.0,1004.0,8.0,11.0,13.0,13.0,1765.0,595.0,3076.0,3012.0,707.0,3628.0,6.0,973.0,3.0,1841.0,1322.0,785.0,5.0,11.0,8.0,6.0,1768.0,719.0,3421.0,3141.0,701.0,2183.0,32.0,968.0,36.0,1968.0,1026.0,817.0,31.0,22.0,29.0,25.0,1757.0,572.0,2792.0,2963.0,818.0,2004.0,23.0,1000.0,22.0,2037.0,942.0,954.0,13.0,17.0,12.0,19.0,1778.0,725.0,2625.0,2973.0,1141.0,1963.0,28.0,1117.0,34.0,1868.0,1062.0,1057.0,54.0,17.0,68.0,52.0,1699.0,691.0,2531.0,2758.0,817.0,1899.0,26.0,997.0,27.0,2182.0,948.0,970.0,21.0,16.0,30.0,20.0,1655.0,704.0,2572.0,2709.0,801.0,1847.0,14.0,1045.0,20.0,1998.0,960.0,906.0,26.0,7.0,14.0,13.0,1776.0,688.0,2562.0,2757.0,754.0,1882.0,7.0,1018.0,8.0,2038.0,882.0,879.0,7.0,16.0,11.0,12.0,1748.0,1692.0,2574.0,2728.0,801.0,1871.0,10.0,1106.0,10.0,1817.0,937.0,826.0,10.0,14.0,14.0,14.0,1905.0,2671.0,2478.0,2670.0,824.0,1820.0,10.0,963.0,11.0,2231.0,889.0,728.0,8.0,16.0,17.0,17.0,1909.0,2111.0,2464.0,2688.0,1000.0,1822.0,11.0,1080.0,10.0,2117.0,985.0,789.0,9.0,14.0,13.0,15.0,ferret
6837.0,5561.0,7697.0,6756.0,7757.0,7571.0,4394.0,6035.0,4540.0,8825.0,6164.0,5485.0,4348.0,4399.0,4384.0,4339.0,2291.0,2039.0,4136.0,2417.0,1899.0,4135.0,31.0,1426.0,39.0,3032.0,2738.0,933.0,30.0,37.0,25.0,28.0,2214.0,4487.0,3393.0,2288.0,1918.0,7707.0,17.0,1198.0,15.0,3173.0,7072.0,892.0,16.0,15.0,12.0,14.0,2325.0,6096.0,3153.0,2599.0,1955.0,7077.0,24.0,1409.0,32.0,3129.0,4776.0,978.0,24.0,28.0,23.0,26.0,2294.0,3119.0,2995.0,2117.0,1731.0,3748.0,41.0,1431.0,46.0,3242.0,3676.0,1003.0,42.0,46.0,44.0,39.0,2288.0,3392.0,3021.0,2123.0,2004.0,3396.0,35.0,1416.0,34.0,3251.0,2602.0,937.0,25.0,28.0,21.0,20.0,2211.0,5268.0,3663.0,2171.0,1670.0,4532.0,12.0,1210.0,13.0,3028.0,2091.0,875.0,11.0,12.0,11.0,12.0,2304.0,6845.0,3839.0,2299.0,1729.0,5506.0,74.0,1247.0,69.0,3074.0,1796.0,950.0,67.0,61.0,55.0,69.0,2293.0,1061.0,3359.0,2144.0,1694.0,1027.0,27.0,1167.0,28.0,2968.0,1684.0,943.0,27.0,26.0,22.0,26.0,2223.0,1008.0,3156.0,2110.0,1861.0,788.0,34.0,1990.0,58.0,2858.0,1603.0,928.0,37.0,29.0,34.0,38.0,2193.0,961.0,3057.0,2039.0,1688.0,726.0,30.0,1724.0,29.0,2958.0,1582.0,967.0,25.0,28.0,21.0,26.0,2182.0,1019.0,3149.0,2026.0,1843.0,853.0,31.0,1402.0,33.0,3144.0,1626.0,945.0,33.0,29.0,24.0,35.0,2191.0,976.0,3113.0,2001.0,1689.0,757.0,9.0,1254.0,14.0,3125.0,1641.0,941.0,9.0,10.0,11.0,13.0,2221.0,962.0,3088.0,2029.0,1953.0,1585.0,14.0,1321.0,17.0,3026.0,1604.0,940.0,19.0,15.0,18.0,18.0,2206.0,940.0,3021.0,1962.0,1795.0,2194.0,11.0,1078.0,15.0,2965.0,1558.0,963.0,17.0,14.0,11.0,20.0,2191.0,996.0,3028.0,2013.0,2092.0,2579.0,11.0,1401.0,19.0,3332.0,1621.0,906.0,16.0,17.0,15.0,20.0,ferret
8328.0,7984.0,6695.0,7387.0,7884.0,8262.0,4512.0,5915.0,5053.0,8698.0,6416.0,7345.0,4647.0,4610.0,4710.0,4693.0,2899.0,3361.0,3654.0,2942.0,2056.0,3299.0,23.0,1165.0,385.0,2246.0,2777.0,2635.0,24.0,25.0,23.0,25.0,2855.0,3259.0,5341.0,2545.0,2050.0,3298.0,14.0,861.0,370.0,2309.0,7954.0,2640.0,17.0,17.0,17.0,20.0,2908.0,3102.0,4702.0,2497.0,2075.0,3086.0,41.0,1027.0,404.0,2179.0,3244.0,2659.0,36.0,43.0,34.0,47.0,2964.0,3156.0,3505.0,2464.0,2170.0,3186.0,34.0,797.0,417.0,2501.0,2550.0,2672.0,38.0,37.0,49.0,42.0,2991.0,3315.0,3073.0,2478.0,2148.0,3317.0,35.0,693.0,586.0,2435.0,3150.0,2796.0,31.0,39.0,43.0,42.0,2732.0,3607.0,3847.0,2457.0,1970.0,3285.0,8.0,904.0,320.0,2032.0,2876.0,2675.0,12.0,14.0,11.0,10.0,2791.0,3414.0,2502.0,2711.0,2016.0,3400.0,65.0,811.0,347.0,2005.0,2031.0,2711.0,71.0,56.0,57.0,78.0,2832.0,3267.0,1963.0,2786.0,2095.0,3222.0,14.0,925.0,306.0,2064.0,1869.0,2789.0,18.0,21.0,26.0,31.0,2901.0,3139.0,1867.0,2706.0,2214.0,3244.0,41.0,1527.0,376.0,1935.0,1792.0,2786.0,48.0,37.0,60.0,40.0,2753.0,3066.0,1845.0,2502.0,2086.0,3116.0,25.0,1509.0,376.0,2195.0,1803.0,2839.0,26.0,27.0,25.0,29.0,2787.0,3090.0,1913.0,2482.0,2030.0,3095.0,35.0,1127.0,384.0,2259.0,1794.0,2755.0,38.0,43.0,51.0,39.0,2843.0,3116.0,1880.0,2577.0,2009.0,3146.0,11.0,987.0,365.0,2243.0,1777.0,2966.0,15.0,20.0,16.0,15.0,2816.0,3142.0,1884.0,2555.0,2015.0,3153.0,13.0,985.0,351.0,2181.0,1793.0,2822.0,16.0,21.0,23.0,21.0,2869.0,3031.0,1795.0,2467.0,2078.0,3029.0,13.0,883.0,413.0,2204.0,1752.0,2775.0,15.0,18.0,19.0,20.0,2907.0,3037.0,1836.0,2511.0,2169.0,3111.0,13.0,1417.0,420.0,2410.0,1818.0,2749.0,17.0,20.0,20.0,22.0,ferret
13853.0,8028.0,8472.0,8405.0,9480.0,7853.0,5765.0,8090.0,7939.0,8898.0,7463.0,6232.0,8324.0,5784.0,5930.0,5870.0,7204.0,4238.0,3473.0,1748.0,2680.0,3611.0,30.0,1880.0,1868.0,1695.0,3750.0,399.0,1335.0,39.0,38.0,30.0,6785.0,7180.0,4676.0,1714.0,2746.0,5700.0,27.0,1252.0,1842.0,1777.0,6902.0,418.0,1437.0,29.0,33.0,31.0,6707.0,4124.0,3901.0,1857.0,2940.0,4272.0,62.0,1674.0,1887.0,1796.0,4137.0,437.0,1492.0,49.0,74.0,66.0,6632.0,3297.0,3105.0,1806.0,2750.0,2895.0,36.0,815.0,1884.0,2011.0,3509.0,506.0,1678.0,43.0,51.0,53.0,6490.0,4771.0,3095.0,1561.0,3147.0,3555.0,77.0,1086.0,1955.0,1858.0,3304.0,451.0,1463.0,86.0,75.0,77.0,6371.0,3225.0,3933.0,1535.0,2532.0,2716.0,14.0,1276.0,1816.0,1638.0,2174.0,308.0,1172.0,18.0,10.0,12.0,6666.0,1977.0,2773.0,1598.0,2566.0,2112.0,80.0,1360.0,1880.0,1571.0,1686.0,407.0,1197.0,76.0,66.0,62.0,6788.0,1857.0,2344.0,1723.0,2545.0,1959.0,64.0,1203.0,1839.0,1581.0,1605.0,506.0,1265.0,56.0,65.0,62.0,6704.0,1798.0,2235.0,1840.0,2654.0,1876.0,49.0,2496.0,1877.0,1519.0,1515.0,548.0,1604.0,44.0,64.0,55.0,6337.0,1774.0,2208.0,1861.0,2654.0,1804.0,25.0,2922.0,1855.0,1656.0,1504.0,414.0,1236.0,33.0,24.0,23.0,6317.0,1796.0,2260.0,1477.0,2680.0,1809.0,56.0,2113.0,1862.0,1699.0,1548.0,391.0,1327.0,62.0,65.0,61.0,6504.0,1829.0,2311.0,1455.0,2744.0,1834.0,30.0,1805.0,1854.0,2019.0,1571.0,526.0,1506.0,26.0,58.0,50.0,6515.0,1812.0,2303.0,1655.0,2792.0,1853.0,18.0,1808.0,1856.0,1710.0,1544.0,368.0,1259.0,20.0,17.0,19.0,6459.0,1719.0,2186.0,1496.0,2745.0,1755.0,16.0,1278.0,1842.0,1595.0,1477.0,424.0,1603.0,23.0,16.0,19.0,6517.0,1776.0,2192.0,1526.0,2907.0,1829.0,13.0,2045.0,1973.0,1922.0,1591.0,414.0,1692.0,23.0,13.0,18.0,ferret
15329.0,9168.0,10077.0,10459.0,9110.0,8639.0,7065.0,8612.0,11340.0,10694.0,8946.0,10699.0,10671.0,7194.0,7168.0,6999.0,8863.0,3448.0,4138.0,3084.0,1771.0,5520.0,52.0,1070.0,3671.0,1546.0,3491.0,1819.0,2398.0,46.0,43.0,51.0,7792.0,6930.0,4408.0,2890.0,1840.0,8262.0,38.0,957.0,3624.0,1588.0,8169.0,1806.0,2485.0,30.0,34.0,34.0,7835.0,3428.0,3609.0,3135.0,2404.0,6772.0,68.0,1048.0,3705.0,1583.0,4671.0,1740.0,2458.0,47.0,49.0,47.0,8098.0,3488.0,2649.0,3573.0,1881.0,3813.0,79.0,732.0,3756.0,1889.0,3918.0,1917.0,2676.0,56.0,56.0,53.0,8629.0,5213.0,2852.0,2591.0,2236.0,4072.0,81.0,692.0,3805.0,1775.0,3212.0,1839.0,2463.0,69.0,84.0,82.0,7360.0,3544.0,3309.0,3434.0,1879.0,2087.0,20.0,1002.0,3428.0,1566.0,2102.0,1494.0,2124.0,17.0,20.0,15.0,7072.0,2005.0,3580.0,3092.0,1981.0,1480.0,137.0,981.0,3585.0,1567.0,1740.0,1514.0,2204.0,117.0,111.0,126.0,6954.0,1846.0,2828.0,2813.0,1992.0,1283.0,69.0,983.0,3461.0,1665.0,1609.0,1743.0,2468.0,51.0,68.0,67.0,7031.0,1787.0,2613.0,3218.0,2073.0,1305.0,76.0,1659.0,3649.0,1510.0,1530.0,1693.0,2654.0,69.0,92.0,72.0,6809.0,1715.0,2579.0,2926.0,2417.0,1255.0,45.0,1655.0,3553.0,1644.0,1530.0,1654.0,2330.0,39.0,49.0,44.0,6716.0,1812.0,2644.0,2852.0,1992.0,1256.0,65.0,1167.0,3601.0,1775.0,1556.0,1741.0,2572.0,63.0,66.0,66.0,6843.0,1855.0,2718.0,3010.0,2074.0,1303.0,86.0,1419.0,3788.0,1934.0,1589.0,1950.0,2376.0,84.0,115.0,84.0,6979.0,1778.0,2672.0,3469.0,2074.0,1287.0,23.0,999.0,3647.0,1624.0,1509.0,1746.0,2361.0,23.0,23.0,23.0,6897.0,1677.0,2565.0,3095.0,1773.0,1182.0,25.0,904.0,3723.0,1487.0,1455.0,1665.0,2406.0,19.0,19.0,23.0,7064.0,1712.0,2568.0,2757.0,1749.0,1254.0,24.0,1249.0,3924.0,1878.0,1553.0,2062.0,2562.0,21.0,21.0,22.0,ferret
16134.0,8883.0,9997.0,10201.0,12019.0,9154.0,7029.0,7567.0,11355.0,11284.0,10752.0,10055.0,11070.0,7104.0,7385.0,7275.0,8851.0,3672.0,3465.0,4242.0,4278.0,2734.0,62.0,703.0,3984.0,3188.0,4897.0,1541.0,3236.0,91.0,95.0,92.0,8142.0,7448.0,4043.0,6513.0,4348.0,9048.0,50.0,502.0,3778.0,3184.0,8229.0,1512.0,3407.0,80.0,75.0,76.0,8403.0,4798.0,3417.0,3419.0,4499.0,4820.0,63.0,672.0,3772.0,3175.0,4029.0,1468.0,3245.0,107.0,95.0,105.0,8144.0,4422.0,2747.0,6036.0,5315.0,3609.0,68.0,458.0,3629.0,3335.0,2686.0,1506.0,3252.0,107.0,109.0,111.0,8207.0,4636.0,2988.0,7499.0,4082.0,3798.0,75.0,497.0,3627.0,3253.0,2505.0,1509.0,3523.0,113.0,121.0,114.0,8063.0,3338.0,3390.0,7722.0,3615.0,2450.0,30.0,508.0,3592.0,2990.0,2549.0,1395.0,3157.0,64.0,65.0,53.0,8225.0,1895.0,3515.0,3547.0,3372.0,1640.0,113.0,597.0,3650.0,3166.0,1987.0,1458.0,3323.0,164.0,159.0,144.0,8093.0,1775.0,2996.0,3298.0,3435.0,1494.0,86.0,504.0,3715.0,3118.0,1495.0,1581.0,3337.0,117.0,130.0,118.0,8022.0,1700.0,2821.0,4203.0,4571.0,1458.0,85.0,890.0,3886.0,3055.0,1437.0,1617.0,3236.0,133.0,128.0,119.0,7679.0,1649.0,2689.0,6929.0,4030.0,1407.0,63.0,648.0,3625.0,3076.0,1410.0,1486.0,3286.0,96.0,87.0,91.0,7605.0,1739.0,2822.0,3427.0,3256.0,1404.0,77.0,772.0,3700.0,3278.0,1466.0,1446.0,3406.0,118.0,128.0,113.0,7869.0,1725.0,2830.0,3424.0,3921.0,1454.0,85.0,646.0,3808.0,3222.0,2044.0,1557.0,3354.0,130.0,134.0,135.0,7942.0,1608.0,2736.0,4469.0,3585.0,1384.0,38.0,710.0,3616.0,3117.0,2702.0,1461.0,3280.0,71.0,91.0,66.0,7985.0,1572.0,2650.0,5453.0,4464.0,1346.0,36.0,439.0,3693.0,3063.0,3313.0,1453.0,3154.0,82.0,71.0,74.0,7920.0,1580.0,2694.0,3248.0,4561.0,1350.0,34.0,631.0,3649.0,3259.0,3278.0,1484.0,3372.0,84.0,84.0,67.0,ferret
14482.0,7177.0,8209.0,6370.0,13859.0,7544.0,4974.0,6413.0,11507.0,6989.0,5789.0,7139.0,7201.0,8566.0,6527.0,7854.0,7873.0,2203.0,5057.0,1404.0,5959.0,5446.0,40.0,904.0,6381.0,1451.0,3939.0,1465.0,1168.0,1484.0,466.0,1178.0,7114.0,8408.0,4112.0,2288.0,5541.0,7342.0,33.0,897.0,5985.0,1549.0,8227.0,1480.0,1226.0,1776.0,533.0,1230.0,6854.0,2715.0,4088.0,913.0,5221.0,6859.0,33.0,1011.0,5812.0,1548.0,8684.0,1508.0,1454.0,1912.0,664.0,1304.0,6858.0,2356.0,3528.0,1642.0,5987.0,5688.0,41.0,1015.0,5881.0,1861.0,5300.0,1590.0,1390.0,2101.0,891.0,1559.0,7052.0,4509.0,3379.0,1952.0,7014.0,3961.0,57.0,1074.0,5875.0,1861.0,3854.0,1631.0,1861.0,2244.0,937.0,1788.0,6841.0,3892.0,3338.0,2282.0,6436.0,1817.0,23.0,815.0,5898.0,1539.0,4421.0,1384.0,1143.0,1594.0,566.0,1280.0,7316.0,2106.0,3266.0,1015.0,7533.0,1662.0,69.0,889.0,6101.0,1471.0,2724.0,1491.0,1144.0,1865.0,858.0,1354.0,7074.0,1923.0,3084.0,995.0,5550.0,1458.0,44.0,896.0,6218.0,1604.0,819.0,1511.0,1214.0,1808.0,709.0,1420.0,6767.0,1809.0,2903.0,1206.0,5736.0,1456.0,61.0,838.0,6171.0,1343.0,381.0,1457.0,1149.0,1713.0,612.0,1406.0,6565.0,1830.0,2845.0,2002.0,7052.0,1428.0,46.0,914.0,6066.0,1606.0,703.0,1480.0,1823.0,2024.0,737.0,1497.0,6574.0,1905.0,2931.0,976.0,6201.0,1351.0,47.0,916.0,5848.0,1549.0,431.0,1463.0,1651.0,1786.0,713.0,1418.0,6944.0,1843.0,2926.0,938.0,7174.0,1516.0,70.0,875.0,6021.0,1537.0,484.0,1583.0,1552.0,2186.0,926.0,1784.0,7347.0,1968.0,3077.0,1275.0,6519.0,1655.0,85.0,1063.0,6210.0,1869.0,567.0,1652.0,2125.0,1744.0,1242.0,1881.0,7032.0,1835.0,2874.0,1444.0,6008.0,1473.0,87.0,1012.0,6052.0,1669.0,668.0,1557.0,1511.0,2467.0,907.0,1877.0,7425.0,2133.0,3133.0,1392.0,8637.0,1746.0,84.0,1291.0,6151.0,2105.0,971.0,1885.0,1675.0,2741.0,1190.0,1951.0,ferret
19060.0,11187.0,11861.0,9026.0,11895.0,11040.0,8335.0,10109.0,15265.0,10614.0,11287.0,12027.0,12354.0,11493.0,9496.0,12628.0,9777.0,2751.0,4190.0,339.0,2232.0,3552.0,45.0,1261.0,6472.0,1702.0,3068.0,3139.0,3529.0,1605.0,767.0,3195.0,8864.0,4258.0,3589.0,346.0,2568.0,7110.0,38.0,1215.0,5992.0,1742.0,4185.0,3145.0,3566.0,1635.0,770.0,2914.0,9272.0,3116.0,3263.0,450.0,2721.0,3701.0,120.0,1146.0,5923.0,1825.0,2884.0,3495.0,3648.0,1677.0,881.0,2947.0,8675.0,2815.0,2987.0,354.0,3760.0,3188.0,54.0,1205.0,5889.0,1903.0,2608.0,3382.0,3556.0,1581.0,794.0,2994.0,8816.0,3825.0,3098.0,441.0,4221.0,3524.0,70.0,1185.0,5890.0,2089.0,3153.0,3446.0,3280.0,1779.0,869.0,2917.0,8597.0,3906.0,4046.0,334.0,2651.0,2801.0,21.0,1120.0,5896.0,1567.0,2967.0,3039.0,3598.0,1488.0,702.0,2816.0,9196.0,2494.0,3752.0,383.0,3447.0,1988.0,95.0,1191.0,6121.0,1619.0,2668.0,3039.0,3661.0,1512.0,806.0,2956.0,9055.0,2392.0,3352.0,375.0,2677.0,1877.0,67.0,1161.0,6271.0,2207.0,2564.0,3195.0,3675.0,1494.0,824.0,2945.0,8790.0,2277.0,3134.0,392.0,2586.0,1851.0,117.0,1318.0,6493.0,1590.0,2527.0,3448.0,3720.0,1621.0,841.0,2996.0,8483.0,2233.0,3057.0,388.0,4214.0,1789.0,58.0,1253.0,6196.0,1696.0,2462.0,3122.0,3666.0,1543.0,752.0,2927.0,8222.0,2270.0,3117.0,337.0,3449.0,1740.0,63.0,1201.0,5898.0,1545.0,2476.0,3035.0,3438.0,1672.0,681.0,2811.0,8405.0,2293.0,3168.0,394.0,4928.0,1823.0,88.0,1279.0,6040.0,1620.0,2557.0,3147.0,2808.0,1578.0,714.0,2982.0,8903.0,2435.0,3296.0,480.0,3729.0,1931.0,134.0,1341.0,6295.0,1777.0,2610.0,3268.0,2718.0,1679.0,759.0,3217.0,8656.0,2256.0,3106.0,469.0,2784.0,1798.0,122.0,1431.0,6154.0,1795.0,2487.0,3118.0,3954.0,1624.0,703.0,3137.0,9067.0,2515.0,3313.0,537.0,3547.0,2071.0,145.0,2185.0,6302.0,1830.0,2828.0,3549.0,4501.0,2219.0,1023.0,3376.0,ferret
17470.0,9603.0,11398.0,8692.0,9136.0,9352.0,7586.0,9456.0,13498.0,11013.0,9473.0,11259.0,14542.0,10466.0,7422.0,10485.0,9852.0,4044.0,3569.0,59.0,727.0,2929.0,61.0,2469.0,5369.0,3098.0,3238.0,4006.0,7666.0,1899.0,62.0,2635.0,9245.0,9506.0,2771.0,62.0,719.0,8569.0,44.0,2911.0,5157.0,3019.0,5878.0,4112.0,6833.0,1851.0,49.0,2623.0,9557.0,8636.0,2535.0,60.0,677.0,4125.0,54.0,3050.0,4896.0,2948.0,4109.0,4347.0,7176.0,1897.0,64.0,2575.0,8852.0,9338.0,2574.0,118.0,691.0,2735.0,91.0,2542.0,4877.0,2961.0,3484.0,4588.0,6846.0,1945.0,106.0,2778.0,8531.0,4595.0,2688.0,137.0,790.0,3708.0,119.0,1749.0,5093.0,2445.0,2821.0,4803.0,4846.0,2098.0,124.0,2744.0,8479.0,2135.0,2850.0,30.0,587.0,2727.0,18.0,1799.0,4785.0,2547.0,2049.0,4332.0,5934.0,1792.0,34.0,2583.0,9189.0,972.0,2946.0,65.0,651.0,1604.0,64.0,1915.0,5060.0,2477.0,1958.0,3780.0,7576.0,1868.0,72.0,2781.0,9223.0,980.0,2895.0,148.0,796.0,1549.0,118.0,1946.0,5308.0,2865.0,1946.0,4424.0,7951.0,1910.0,159.0,2909.0,8930.0,873.0,2656.0,75.0,623.0,1483.0,67.0,2447.0,5069.0,3114.0,1821.0,4569.0,7150.0,1897.0,78.0,2720.0,8290.0,863.0,2563.0,61.0,625.0,1452.0,48.0,1775.0,4851.0,2904.0,1778.0,4870.0,5596.0,1844.0,68.0,2846.0,8304.0,872.0,2638.0,71.0,585.0,1409.0,53.0,1535.0,4915.0,2883.0,1845.0,4712.0,5966.0,1973.0,80.0,2892.0,8159.0,885.0,2703.0,60.0,586.0,1445.0,55.0,1295.0,4982.0,2566.0,1866.0,4938.0,4523.0,1847.0,74.0,2809.0,8434.0,934.0,2728.0,103.0,728.0,1474.0,81.0,942.0,4966.0,2912.0,1866.0,4810.0,3178.0,1915.0,96.0,2832.0,8419.0,886.0,2657.0,96.0,700.0,1374.0,76.0,1048.0,4870.0,2534.0,1785.0,4506.0,6052.0,1891.0,130.0,2682.0,8618.0,947.0,2715.0,113.0,879.0,1541.0,82.0,1360.0,4967.0,2907.0,1907.0,4245.0,7681.0,2026.0,129.0,2780.0,ferret
11955.0,7783.0,6175.0,6047.0,5703.0,7729.0,5615.0,7547.0,12210.0,9158.0,6670.0,13318.0,12760.0,9727.0,5384.0,8423.0,6339.0,4031.0,77.0,52.0,55.0,4423.0,45.0,3532.0,6724.0,3854.0,4732.0,7041.0,8648.0,3130.0,49.0,2846.0,6080.0,6394.0,87.0,75.0,87.0,7638.0,59.0,3609.0,6419.0,4351.0,9624.0,7406.0,6791.0,3553.0,70.0,2822.0,5790.0,4848.0,73.0,30.0,58.0,5687.0,31.0,2681.0,6102.0,3340.0,6704.0,6320.0,7836.0,3338.0,37.0,2739.0,5622.0,4098.0,86.0,61.0,70.0,4856.0,51.0,1790.0,6048.0,3690.0,5211.0,6235.0,7265.0,3256.0,49.0,2823.0,5727.0,5255.0,122.0,108.0,102.0,4439.0,95.0,1548.0,6115.0,2654.0,3031.0,6900.0,5534.0,3440.0,77.0,2778.0,5593.0,3532.0,39.0,22.0,35.0,2745.0,17.0,1483.0,6029.0,3251.0,1717.0,7147.0,4529.0,3142.0,19.0,2729.0,5811.0,1860.0,67.0,32.0,50.0,1867.0,35.0,1314.0,6366.0,3113.0,1243.0,6445.0,7799.0,3144.0,36.0,2799.0,5916.0,1764.0,103.0,96.0,93.0,1739.0,80.0,2154.0,6649.0,3811.0,1219.0,6759.0,7910.0,3153.0,71.0,2822.0,5725.0,1619.0,59.0,34.0,49.0,1659.0,38.0,2971.0,6419.0,4314.0,1151.0,5907.0,7847.0,3169.0,40.0,2690.0,5391.0,1670.0,62.0,32.0,41.0,1681.0,35.0,1944.0,6143.0,3085.0,1163.0,7016.0,6648.0,3423.0,40.0,2867.0,5341.0,1644.0,45.0,33.0,39.0,1613.0,35.0,1784.0,6101.0,2541.0,1171.0,5935.0,6746.0,3334.0,31.0,2873.0,5355.0,1640.0,71.0,26.0,42.0,1652.0,31.0,1158.0,6268.0,2981.0,1197.0,6690.0,5354.0,3203.0,36.0,2738.0,5548.0,1694.0,77.0,42.0,58.0,1660.0,59.0,713.0,6242.0,2461.0,1207.0,6477.0,2649.0,3350.0,52.0,2799.0,5510.0,1624.0,90.0,36.0,44.0,1602.0,36.0,633.0,6005.0,2614.0,1151.0,7031.0,3596.0,3277.0,36.0,2721.0,5552.0,1674.0,104.0,53.0,69.0,1673.0,48.0,711.0,6115.0,3866.0,1236.0,7604.0,6245.0,3370.0,52.0,2724.0,ferret
1218.0,1140.0,1007.0,1067.0,1050.0,1061.0,2903.0,1024.0,998.0,996.0,958.0,969.0,1008.0,1039.0,1096.0,1075.0,104.0,25.0,53.0,13.0,21.0,11.0,1929.0,28.0,9.0,7.0,7.0,8.0,19.0,11.0,34.0,20.0,36.0,29.0,13.0,6.0,10.0,7.0,1920.0,19.0,2.0,4.0,5.0,4.0,6.0,6.0,15.0,8.0,83.0,25.0,17.0,5.0,13.0,2.0,1922.0,23.0,4.0,5.0,5.0,4.0,9.0,5.0,12.0,5.0,65.0,51.0,33.0,6.0,9.0,8.0,1920.0,28.0,7.0,5.0,5.0,7.0,4.0,7.0,12.0,7.0,75.0,32.0,14.0,6.0,10.0,4.0,1916.0,26.0,7.0,4.0,5.0,4.0,5.0,8.0,13.0,6.0,33.0,24.0,15.0,2.0,2.0,3.0,1912.0,15.0,3.0,1.0,1.0,1.0,3.0,2.0,7.0,7.0,55.0,31.0,15.0,8.0,13.0,11.0,1916.0,21.0,9.0,6.0,2.0,5.0,9.0,9.0,18.0,8.0,46.0,29.0,11.0,4.0,5.0,5.0,1916.0,22.0,2.0,4.0,2.0,3.0,6.0,5.0,14.0,4.0,37.0,31.0,12.0,5.0,9.0,3.0,1916.0,28.0,6.0,4.0,3.0,4.0,3.0,5.0,9.0,5.0,20.0,26.0,15.0,6.0,7.0,5.0,1914.0,24.0,6.0,2.0,1.0,4.0,4.0,5.0,9.0,6.0,22.0,20.0,11.0,7.0,5.0,4.0,1903.0,12.0,4.0,2.0,3.0,3.0,7.0,4.0,6.0,5.0,43.0,38.0,23.0,3.0,9.0,7.0,1912.0,16.0,5.0,6.0,4.0,3.0,5.0,9.0,9.0,6.0,61.0,24.0,16.0,6.0,11.0,4.0,1915.0,15.0,7.0,6.0,5.0,2.0,7.0,5.0,17.0,4.0,91.0,60.0,50.0,8.0,9.0,5.0,1910.0,17.0,7.0,6.0,6.0,6.0,7.0,10.0,15.0,9.0,85.0,54.0,32.0,8.0,8.0,5.0,1921.0,21.0,6.0,4.0,6.0,4.0,7.0,8.0,14.0,8.0,ferret
6279.0,6627.0,3978.0,4120.0,5303.0,6465.0,3935.0,4370.0,7488.0,4847.0,5659.0,8824.0,8242.0,7725.0,4358.0,6515.0,2035.0,2730.0,31.0,35.0,888.0,3184.0,25.0,213.0,5008.0,828.0,3754.0,4165.0,4592.0,3570.0,233.0,2003.0,2004.0,4096.0,26.0,31.0,900.0,6292.0,25.0,181.0,5475.0,895.0,8044.0,4362.0,3612.0,3630.0,251.0,1987.0,2076.0,2761.0,22.0,24.0,891.0,4077.0,17.0,188.0,5160.0,836.0,3406.0,3969.0,3989.0,3199.0,242.0,2080.0,2130.0,2715.0,71.0,65.0,1009.0,3685.0,58.0,339.0,4478.0,1037.0,2640.0,3591.0,4532.0,3403.0,477.0,2602.0,2127.0,3656.0,61.0,72.0,1113.0,4044.0,55.0,282.0,3993.0,1130.0,3128.0,3859.0,3758.0,3656.0,361.0,2373.0,1975.0,4248.0,20.0,20.0,834.0,2931.0,15.0,192.0,3338.0,846.0,2501.0,4074.0,2653.0,3162.0,265.0,2025.0,2094.0,2638.0,49.0,70.0,955.0,2107.0,52.0,199.0,3092.0,827.0,1784.0,4561.0,4577.0,3194.0,332.0,2259.0,2015.0,2468.0,50.0,65.0,873.0,1963.0,47.0,226.0,3014.0,856.0,1659.0,4236.0,4159.0,2958.0,298.0,2213.0,1874.0,2299.0,52.0,65.0,898.0,1916.0,46.0,203.0,3064.0,766.0,1592.0,3440.0,3795.0,3026.0,250.0,2149.0,1896.0,2312.0,24.0,32.0,909.0,1910.0,27.0,188.0,3070.0,877.0,1604.0,3938.0,3662.0,3602.0,303.0,2408.0,1890.0,2330.0,22.0,28.0,776.0,1820.0,15.0,157.0,2946.0,751.0,1575.0,3785.0,3544.0,3215.0,255.0,2114.0,1817.0,2328.0,18.0,23.0,806.0,1903.0,16.0,156.0,2991.0,760.0,1587.0,3851.0,2752.0,3215.0,268.0,2077.0,1906.0,2393.0,47.0,48.0,876.0,1993.0,45.0,211.0,3111.0,886.0,1674.0,3913.0,1815.0,3465.0,490.0,2244.0,1993.0,2274.0,33.0,34.0,873.0,1835.0,26.0,211.0,2946.0,836.0,1582.0,4617.0,2414.0,3819.0,227.0,2194.0,2019.0,2415.0,55.0,48.0,1140.0,1996.0,33.0,298.0,3131.0,999.0,1797.0,4977.0,3728.0,3725.0,364.0,2494.0,ferret
7569.0,7109.0,4996.0,5059.0,4964.0,6810.0,4971.0,4886.0,7134.0,5807.0,5811.0,12706.0,5643.0,8004.0,8356.0,7596.0,2489.0,3212.0,30.0,23.0,52.0,4064.0,34.0,63.0,2294.0,953.0,3432.0,6077.0,578.0,2881.0,2853.0,2606.0,2505.0,5615.0,20.0,21.0,37.0,6178.0,26.0,46.0,4611.0,960.0,5606.0,6152.0,565.0,2783.0,2840.0,2592.0,2540.0,4157.0,15.0,18.0,50.0,4793.0,21.0,56.0,2779.0,1046.0,4895.0,5989.0,534.0,2932.0,2745.0,2642.0,2508.0,4141.0,77.0,83.0,115.0,3445.0,86.0,98.0,2359.0,1086.0,3884.0,4857.0,645.0,2849.0,2809.0,2775.0,2537.0,4282.0,59.0,53.0,115.0,4274.0,68.0,85.0,3164.0,995.0,2154.0,6576.0,685.0,2842.0,2780.0,2762.0,2487.0,3928.0,12.0,15.0,52.0,3362.0,18.0,45.0,3304.0,900.0,1118.0,6250.0,525.0,2947.0,2673.0,2661.0,2466.0,2359.0,52.0,60.0,80.0,2188.0,60.0,80.0,2334.0,1012.0,1037.0,7706.0,593.0,2999.0,2837.0,2736.0,2526.0,2149.0,69.0,57.0,99.0,1880.0,68.0,94.0,2177.0,1053.0,1040.0,6289.0,592.0,2945.0,2874.0,2749.0,2436.0,2029.0,64.0,67.0,82.0,1818.0,69.0,92.0,2067.0,973.0,1009.0,4956.0,597.0,3075.0,2763.0,2749.0,2375.0,1998.0,34.0,23.0,79.0,1763.0,33.0,77.0,2087.0,1051.0,935.0,6040.0,583.0,3015.0,2694.0,2842.0,2394.0,2039.0,37.0,37.0,65.0,1729.0,42.0,63.0,2098.0,1054.0,944.0,6258.0,570.0,3065.0,2713.0,2642.0,2509.0,2077.0,57.0,67.0,93.0,1840.0,65.0,90.0,2126.0,1096.0,1054.0,6124.0,597.0,3210.0,2911.0,2834.0,2532.0,2060.0,47.0,52.0,77.0,1822.0,57.0,69.0,2072.0,1042.0,965.0,6061.0,565.0,3080.0,2896.0,2778.0,2459.0,1988.0,59.0,49.0,74.0,1732.0,56.0,68.0,2018.0,967.0,958.0,6375.0,575.0,2951.0,2716.0,2736.0,2456.0,2009.0,57.0,61.0,90.0,1743.0,68.0,66.0,2052.0,1049.0,997.0,7997.0,641.0,2910.0,2795.0,2695.0,ferret
5465.0,5948.0,4398.0,3323.0,3317.0,5364.0,3268.0,3415.0,5750.0,6935.0,4676.0,7381.0,3139.0,7516.0,8591.0,9809.0,1744.0,2685.0,583.0,29.0,29.0,2458.0,20.0,29.0,3082.0,3408.0,4453.0,3283.0,30.0,3891.0,5984.0,6329.0,1689.0,3124.0,615.0,38.0,29.0,4680.0,20.0,31.0,4131.0,3379.0,8077.0,3586.0,31.0,3608.0,5097.0,6333.0,1669.0,2394.0,601.0,27.0,24.0,2780.0,19.0,45.0,2937.0,3292.0,5679.0,3456.0,30.0,3307.0,4839.0,6299.0,1706.0,2458.0,639.0,53.0,64.0,2045.0,38.0,67.0,2798.0,3404.0,4642.0,2962.0,64.0,3567.0,4817.0,6375.0,1796.0,2901.0,569.0,42.0,45.0,2805.0,36.0,51.0,3856.0,3522.0,3376.0,3821.0,53.0,3479.0,4769.0,6310.0,1646.0,3389.0,528.0,29.0,20.0,2801.0,17.0,32.0,3599.0,3355.0,2001.0,3958.0,17.0,3212.0,4917.0,6978.0,1730.0,2771.0,549.0,54.0,57.0,2411.0,35.0,59.0,2671.0,3495.0,1612.0,3587.0,56.0,3512.0,5181.0,7555.0,1713.0,2532.0,530.0,41.0,48.0,1911.0,31.0,52.0,2436.0,3574.0,1520.0,3562.0,63.0,3400.0,5233.0,7050.0,1631.0,2412.0,563.0,60.0,71.0,1815.0,46.0,83.0,2335.0,3545.0,1519.0,2808.0,76.0,3418.0,5153.0,6835.0,1612.0,2399.0,537.0,45.0,46.0,1809.0,37.0,48.0,2355.0,3807.0,1472.0,3202.0,48.0,3417.0,4798.0,6438.0,1559.0,2400.0,615.0,35.0,43.0,1786.0,23.0,46.0,2380.0,3562.0,1474.0,3675.0,46.0,3399.0,4830.0,6364.0,1625.0,2447.0,620.0,73.0,73.0,1818.0,50.0,78.0,2360.0,3517.0,1510.0,3729.0,69.0,3323.0,4915.0,6395.0,1684.0,2443.0,643.0,52.0,62.0,1788.0,49.0,70.0,2340.0,3517.0,1521.0,4049.0,59.0,3228.0,4926.0,6515.0,1736.0,2395.0,649.0,60.0,61.0,1754.0,41.0,58.0,2326.0,3408.0,1457.0,3609.0,55.0,3508.0,4844.0,6436.0,1782.0,2374.0,634.0,58.0,67.0,1749.0,41.0,55.0,2298.0,3583.0,1467.0,3855.0,49.0,3796.0,4871.0,6381.0,ferret
7076.0,5463.0,5836.0,4408.0,3946.0,5826.0,3526.0,3639.0,5860.0,5408.0,5017.0,3982.0,3401.0,8222.0,8254.0,7187.0,2829.0,3779.0,4709.0,375.0,111.0,4575.0,19.0,34.0,2242.0,1722.0,3806.0,492.0,25.0,4685.0,5188.0,3318.0,2773.0,8281.0,5034.0,371.0,126.0,5649.0,26.0,42.0,5858.0,1710.0,9460.0,548.0,24.0,4032.0,4539.0,3361.0,2850.0,5135.0,4173.0,367.0,145.0,5174.0,22.0,40.0,2573.0,1649.0,4261.0,512.0,21.0,3375.0,5266.0,3369.0,2802.0,4551.0,3546.0,438.0,248.0,4156.0,47.0,57.0,2249.0,1793.0,3395.0,581.0,55.0,3676.0,4325.0,3620.0,2911.0,5829.0,2590.0,445.0,237.0,3759.0,47.0,62.0,3591.0,1870.0,3924.0,647.0,47.0,3570.0,4270.0,3502.0,2693.0,3766.0,2396.0,384.0,128.0,2460.0,7.0,26.0,3243.0,1626.0,2600.0,514.0,12.0,3088.0,4375.0,3481.0,2760.0,1884.0,1873.0,394.0,153.0,2246.0,31.0,43.0,2256.0,1716.0,1572.0,519.0,31.0,3130.0,4538.0,3630.0,2789.0,1767.0,1722.0,381.0,212.0,1912.0,32.0,49.0,2014.0,1838.0,1489.0,559.0,39.0,3659.0,4502.0,3566.0,2670.0,1695.0,1658.0,406.0,155.0,1852.0,41.0,67.0,1921.0,1724.0,1438.0,511.0,43.0,3729.0,4398.0,3514.0,2741.0,1694.0,1639.0,382.0,175.0,1858.0,26.0,39.0,1990.0,1833.0,1430.0,562.0,26.0,3594.0,4175.0,3536.0,2683.0,1722.0,1670.0,433.0,188.0,1871.0,45.0,60.0,2003.0,1822.0,1440.0,489.0,46.0,3032.0,4228.0,3417.0,2645.0,1700.0,1696.0,394.0,238.0,1821.0,28.0,40.0,1972.0,1920.0,1410.0,519.0,25.0,2815.0,4198.0,3486.0,2791.0,1721.0,1701.0,459.0,191.0,1864.0,41.0,52.0,1948.0,1836.0,1471.0,574.0,43.0,2560.0,4291.0,3496.0,2757.0,1658.0,1660.0,403.0,299.0,1785.0,26.0,44.0,1875.0,1732.0,1413.0,564.0,37.0,2906.0,4184.0,3427.0,2781.0,1671.0,1694.0,462.0,378.0,1868.0,45.0,52.0,1993.0,1930.0,1498.0,601.0,44.0,3775.0,4213.0,3401.0,ferret
7118.0,4105.0,4562.0,4465.0,2692.0,4587.0,2513.0,2636.0,4437.0,2366.0,5571.0,2490.0,2539.0,8118.0,7222.0,2561.0,4470.0,3483.0,3550.0,2818.0,33.0,3006.0,15.0,21.0,3199.0,25.0,3452.0,39.0,17.0,8328.0,5395.0,28.0,4453.0,8930.0,4224.0,7484.0,46.0,6838.0,25.0,27.0,6489.0,24.0,4646.0,45.0,32.0,9764.0,4687.0,29.0,4599.0,4265.0,2569.0,3010.0,50.0,3772.0,34.0,37.0,4524.0,34.0,4064.0,49.0,37.0,9634.0,5027.0,43.0,4632.0,3676.0,2136.0,2048.0,47.0,2828.0,29.0,57.0,4566.0,40.0,3231.0,57.0,47.0,8929.0,4341.0,54.0,4608.0,6904.0,2767.0,1857.0,62.0,3756.0,33.0,50.0,3219.0,39.0,2806.0,57.0,44.0,7925.0,4313.0,56.0,4527.0,4433.0,3440.0,1350.0,29.0,3436.0,9.0,20.0,2336.0,21.0,2546.0,32.0,18.0,6973.0,4483.0,20.0,4567.0,1766.0,2344.0,1261.0,38.0,2318.0,18.0,27.0,1929.0,32.0,2554.0,44.0,28.0,6314.0,4770.0,31.0,4591.0,1634.0,2051.0,1229.0,55.0,2084.0,35.0,51.0,1882.0,47.0,2243.0,61.0,49.0,6532.0,4804.0,48.0,4471.0,1581.0,1948.0,1221.0,55.0,2003.0,31.0,41.0,1775.0,43.0,2159.0,60.0,34.0,8149.0,4569.0,47.0,4654.0,1594.0,1937.0,1246.0,41.0,1973.0,29.0,34.0,1790.0,40.0,2144.0,55.0,36.0,8902.0,4296.0,43.0,4747.0,1584.0,1977.0,1183.0,51.0,1963.0,44.0,56.0,1830.0,50.0,2173.0,53.0,62.0,7428.0,4372.0,75.0,4640.0,1594.0,1950.0,1225.0,34.0,1950.0,22.0,36.0,1804.0,25.0,2196.0,56.0,25.0,7761.0,4393.0,47.0,4554.0,1603.0,1968.0,1252.0,47.0,1964.0,28.0,36.0,1781.0,42.0,2228.0,49.0,39.0,5567.0,4394.0,49.0,4626.0,1552.0,1921.0,1246.0,35.0,1898.0,22.0,34.0,1735.0,20.0,2156.0,72.0,31.0,5443.0,4326.0,63.0,4568.0,1557.0,1965.0,1263.0,56.0,1921.0,31.0,52.0,1747.0,33.0,2199.0,89.0,54.0,4684.0,4365.0,76.0,ferret
4055.0,4108.0,3710.0,2993.0,1541.0,3481.0,1466.0,2595.0,4597.0,1438.0,4969.0,1340.0,1349.0,4310.0,6374.0,1476.0,2369.0,2026.0,3815.0,4791.0,21.0,3347.0,18.0,4585.0,3272.0,26.0,4253.0,12.0,19.0,4108.0,5662.0,18.0,2346.0,4976.0,5699.0,9482.0,16.0,6558.0,11.0,7800.0,3673.0,22.0,3864.0,12.0,21.0,5446.0,4905.0,14.0,2436.0,2068.0,3541.0,4680.0,24.0,4978.0,18.0,5011.0,3202.0,34.0,3800.0,21.0,23.0,4609.0,5318.0,21.0,2414.0,1820.0,2626.0,3697.0,27.0,4154.0,22.0,3352.0,3132.0,52.0,3336.0,17.0,26.0,4528.0,4518.0,21.0,2348.0,2935.0,3376.0,3269.0,26.0,3542.0,25.0,2643.0,3729.0,33.0,3502.0,17.0,24.0,4422.0,4519.0,15.0,2294.0,3196.0,3639.0,1902.0,11.0,3077.0,8.0,1323.0,3888.0,24.0,4593.0,7.0,18.0,4174.0,4655.0,12.0,2427.0,1728.0,2447.0,1410.0,19.0,2130.0,19.0,1106.0,3346.0,31.0,4244.0,12.0,35.0,3883.0,4959.0,33.0,2460.0,1645.0,2263.0,1335.0,25.0,1973.0,17.0,1042.0,3183.0,32.0,3653.0,22.0,29.0,3705.0,4981.0,19.0,2397.0,1617.0,2121.0,1322.0,34.0,1892.0,26.0,1077.0,3044.0,37.0,3415.0,22.0,34.0,4877.0,4785.0,27.0,2511.0,1632.0,2113.0,1291.0,26.0,1862.0,14.0,1039.0,3049.0,30.0,3325.0,14.0,22.0,4719.0,4485.0,17.0,2437.0,1666.0,2115.0,1269.0,37.0,1877.0,20.0,1039.0,3115.0,35.0,3351.0,24.0,27.0,3731.0,4576.0,21.0,2376.0,1661.0,2141.0,1296.0,20.0,1896.0,17.0,1081.0,3088.0,42.0,3378.0,12.0,26.0,4639.0,4595.0,20.0,2306.0,1741.0,2165.0,1330.0,31.0,1880.0,19.0,1057.0,3059.0,30.0,3361.0,25.0,28.0,3293.0,4623.0,18.0,2277.0,1626.0,2112.0,1250.0,20.0,1814.0,19.0,1028.0,3003.0,60.0,3303.0,12.0,28.0,3443.0,4549.0,15.0,2432.0,1742.0,2111.0,1275.0,40.0,1803.0,26.0,1041.0,2984.0,61.0,3311.0,19.0,32.0,3589.0,4561.0,32.0,ferret
3279.0,3704.0,3831.0,3146.0,1179.0,3482.0,789.0,2166.0,2872.0,837.0,5023.0,714.0,740.0,1643.0,5400.0,1050.0,3104.0,3637.0,4046.0,2426.0,103.0,2513.0,7.0,4357.0,4361.0,47.0,4958.0,41.0,12.0,600.0,4805.0,136.0,8296.0,4540.0,3162.0,5033.0,98.0,5145.0,4.0,10636.0,7460.0,54.0,4057.0,39.0,12.0,615.0,4172.0,127.0,6048.0,3037.0,2934.0,2226.0,88.0,3034.0,7.0,6418.0,4721.0,62.0,4051.0,41.0,11.0,622.0,3989.0,129.0,5557.0,2542.0,2801.0,2289.0,164.0,2528.0,16.0,4842.0,3684.0,86.0,3869.0,85.0,15.0,709.0,4006.0,168.0,5148.0,3027.0,2935.0,2319.0,185.0,3631.0,22.0,3428.0,4324.0,100.0,3884.0,73.0,22.0,791.0,4003.0,160.0,3380.0,4365.0,3605.0,2241.0,115.0,3518.0,4.0,1980.0,2698.0,57.0,4629.0,38.0,8.0,668.0,4049.0,128.0,2080.0,2877.0,3292.0,2258.0,107.0,2670.0,5.0,1216.0,1895.0,58.0,4672.0,45.0,12.0,683.0,4209.0,128.0,1936.0,2670.0,2970.0,2171.0,154.0,2418.0,9.0,1138.0,1775.0,72.0,4308.0,34.0,15.0,667.0,4373.0,149.0,1793.0,2522.0,2827.0,2095.0,109.0,2302.0,14.0,1108.0,1761.0,33.0,4040.0,40.0,22.0,612.0,4361.0,125.0,1790.0,2518.0,2819.0,2066.0,124.0,2269.0,9.0,1104.0,1780.0,44.0,3927.0,42.0,13.0,694.0,3983.0,147.0,1733.0,2548.0,2856.0,2073.0,120.0,2243.0,9.0,1119.0,1755.0,43.0,3965.0,41.0,16.0,620.0,3991.0,138.0,1805.0,2534.0,2867.0,2094.0,131.0,2282.0,5.0,1112.0,1755.0,46.0,4005.0,48.0,13.0,629.0,4069.0,121.0,1802.0,2515.0,2917.0,2093.0,226.0,2294.0,23.0,1108.0,1843.0,88.0,4003.0,87.0,26.0,657.0,4201.0,209.0,1872.0,2514.0,2877.0,2054.0,212.0,2228.0,11.0,1075.0,1693.0,44.0,3944.0,45.0,15.0,741.0,4036.0,137.0,1841.0,2621.0,2872.0,2040.0,235.0,2251.0,17.0,1130.0,1762.0,64.0,3978.0,66.0,19.0,719.0,4115.0,136.0,ferret
5942.0,4352.0,3924.0,3509.0,3070.0,4922.0,1797.0,3517.0,4187.0,2183.0,4658.0,2133.0,3090.0,4203.0,2485.0,4320.0,4092.0,3455.0,3328.0,4138.0,485.0,2587.0,17.0,5256.0,3978.0,169.0,3211.0,179.0,439.0,2050.0,222.0,1247.0,8669.0,2569.0,6400.0,8838.0,552.0,6762.0,7.0,9425.0,7912.0,204.0,4212.0,203.0,538.0,2056.0,252.0,1395.0,5378.0,2373.0,3773.0,3186.0,526.0,3091.0,13.0,6292.0,3972.0,214.0,4733.0,229.0,551.0,2173.0,284.0,1419.0,5889.0,2218.0,2338.0,2787.0,719.0,2770.0,42.0,4381.0,2846.0,357.0,3143.0,326.0,1091.0,2400.0,586.0,1772.0,7353.0,2351.0,3651.0,2526.0,753.0,3882.0,28.0,4003.0,4036.0,415.0,3318.0,422.0,861.0,2287.0,403.0,1762.0,4775.0,2888.0,3529.0,1570.0,501.0,3749.0,3.0,2014.0,2765.0,220.0,4150.0,168.0,472.0,2032.0,276.0,1277.0,3130.0,2500.0,2169.0,1333.0,473.0,2693.0,9.0,1335.0,2001.0,186.0,3056.0,202.0,537.0,2053.0,250.0,1378.0,3070.0,2359.0,1891.0,1268.0,680.0,2436.0,21.0,1248.0,1915.0,244.0,2759.0,265.0,719.0,2201.0,335.0,1546.0,2936.0,2197.0,1783.0,1232.0,587.0,2361.0,33.0,1208.0,1844.0,166.0,2601.0,218.0,600.0,2162.0,282.0,1377.0,2959.0,2213.0,1766.0,1223.0,623.0,2330.0,6.0,1207.0,1911.0,213.0,2547.0,224.0,646.0,2264.0,311.0,1500.0,2782.0,2234.0,1799.0,1210.0,534.0,2293.0,21.0,1225.0,1819.0,237.0,2592.0,188.0,678.0,2141.0,304.0,1454.0,3172.0,2299.0,1829.0,1260.0,939.0,2407.0,42.0,1221.0,1923.0,359.0,2625.0,311.0,783.0,2356.0,541.0,1807.0,3063.0,2294.0,1857.0,1309.0,660.0,2359.0,29.0,1263.0,1970.0,232.0,2657.0,222.0,673.0,2107.0,350.0,1619.0,2970.0,2247.0,1818.0,1246.0,887.0,2342.0,35.0,1210.0,1898.0,252.0,2606.0,256.0,1010.0,2218.0,315.0,1799.0,3229.0,2443.0,1913.0,1284.0,954.0,2471.0,42.0,1312.0,1983.0,378.0,2685.0,422.0,1088.0,2373.0,457.0,1685.0,ferret
3908.0,5490.0,3532.0,3296.0,1624.0,2841.0,1477.0,2936.0,3392.0,1485.0,4675.0,1476.0,1470.0,5003.0,1536.0,1429.0,5176.0,5086.0,4364.0,4387.0,29.0,3666.0,27.0,3758.0,3380.0,31.0,3901.0,41.0,31.0,3278.0,33.0,29.0,9123.0,5377.0,7266.0,9243.0,22.0,9367.0,17.0,9144.0,7598.0,19.0,4176.0,36.0,19.0,3247.0,23.0,24.0,7418.0,7490.0,4787.0,4277.0,28.0,6028.0,25.0,5306.0,3556.0,27.0,3813.0,47.0,31.0,3415.0,36.0,26.0,7373.0,5124.0,3092.0,3260.0,46.0,3909.0,33.0,4005.0,2812.0,34.0,3328.0,41.0,39.0,3663.0,53.0,48.0,4966.0,3188.0,3747.0,2905.0,47.0,4396.0,35.0,3045.0,4159.0,41.0,3559.0,56.0,35.0,3511.0,45.0,32.0,3369.0,2759.0,4273.0,1809.0,17.0,2925.0,3.0,1997.0,3263.0,13.0,4195.0,30.0,17.0,3314.0,17.0,18.0,2326.0,5532.0,2240.0,1726.0,26.0,1422.0,16.0,1430.0,1966.0,22.0,3932.0,38.0,24.0,3418.0,27.0,21.0,2258.0,1421.0,1998.0,1632.0,47.0,1301.0,37.0,1340.0,1871.0,45.0,3303.0,62.0,38.0,3598.0,47.0,35.0,2132.0,1323.0,1909.0,1599.0,44.0,1277.0,28.0,1272.0,1758.0,30.0,3030.0,47.0,34.0,3486.0,50.0,38.0,2132.0,1289.0,1881.0,1578.0,35.0,1240.0,22.0,1265.0,1791.0,28.0,2962.0,47.0,28.0,3469.0,35.0,29.0,2115.0,1407.0,1915.0,1580.0,33.0,1213.0,35.0,1278.0,1803.0,22.0,2988.0,39.0,35.0,3440.0,42.0,27.0,2146.0,1421.0,1933.0,1600.0,36.0,1231.0,33.0,1290.0,1792.0,34.0,3022.0,50.0,30.0,3626.0,44.0,26.0,2165.0,1887.0,1952.0,1607.0,45.0,1237.0,36.0,1285.0,1766.0,37.0,3021.0,50.0,38.0,3421.0,50.0,33.0,2136.0,2802.0,1923.0,1563.0,39.0,1218.0,38.0,1265.0,1746.0,30.0,2985.0,48.0,37.0,3252.0,44.0,36.0,2084.0,3437.0,1914.0,1550.0,47.0,1193.0,41.0,1273.0,1731.0,34.0,2949.0,47.0,39.0,3305.0,50.0,38.0,ferret
3948.0,4292.0,3288.0,6309.0,1383.0,3084.0,1275.0,2608.0,2749.0,1159.0,3715.0,1180.0,1264.0,4144.0,1388.0,1353.0,4326.0,3853.0,4697.0,6473.0,23.0,3444.0,26.0,4740.0,3155.0,16.0,3792.0,15.0,23.0,2691.0,39.0,27.0,6949.0,3962.0,5394.0,7935.0,21.0,8714.0,28.0,9924.0,9311.0,9.0,5642.0,13.0,16.0,2690.0,34.0,26.0,5698.0,3208.0,4600.0,4942.0,25.0,4485.0,34.0,5449.0,4272.0,12.0,6320.0,17.0,22.0,2693.0,40.0,24.0,5050.0,2772.0,3035.0,3331.0,41.0,2882.0,60.0,3756.0,3538.0,31.0,4273.0,27.0,33.0,2885.0,59.0,38.0,5137.0,2933.0,3599.0,2929.0,46.0,4232.0,45.0,3352.0,3818.0,39.0,4517.0,39.0,36.0,2727.0,64.0,49.0,4096.0,3478.0,3670.0,1850.0,10.0,3361.0,13.0,2181.0,2710.0,7.0,5040.0,4.0,10.0,2629.0,35.0,20.0,2634.0,3231.0,2100.0,1633.0,14.0,1822.0,28.0,1287.0,1558.0,12.0,3004.0,10.0,18.0,2769.0,31.0,22.0,2524.0,2852.0,1898.0,1318.0,42.0,1696.0,39.0,1231.0,1467.0,40.0,2616.0,30.0,35.0,2776.0,62.0,49.0,2345.0,2668.0,1797.0,1340.0,37.0,1585.0,34.0,1202.0,1380.0,34.0,2481.0,27.0,34.0,2614.0,55.0,38.0,2297.0,2648.0,1783.0,1236.0,15.0,1585.0,27.0,1182.0,1399.0,10.0,2434.0,14.0,15.0,2712.0,34.0,22.0,2353.0,2674.0,1803.0,1812.0,36.0,1568.0,29.0,1178.0,1433.0,28.0,2453.0,22.0,36.0,2641.0,51.0,45.0,2422.0,2676.0,1791.0,2633.0,39.0,1590.0,52.0,1209.0,1406.0,27.0,2476.0,27.0,34.0,2755.0,55.0,41.0,2428.0,2696.0,1796.0,3229.0,42.0,1565.0,38.0,1222.0,1403.0,28.0,2475.0,25.0,40.0,2736.0,60.0,44.0,2420.0,2703.0,1788.0,3472.0,39.0,1554.0,65.0,1177.0,1359.0,35.0,2439.0,25.0,41.0,2749.0,59.0,55.0,2399.0,2738.0,1792.0,3855.0,43.0,1547.0,62.0,1202.0,1374.0,38.0,2460.0,33.0,41.0,2888.0,77.0,41.0,ferret
4258.0,1199.0,909.0,1088.0,1064.0,1070.0,4590.0,2166.0,934.0,954.0,962.0,901.0,925.0,1014.0,1015.0,1232.0,206.0,93.0,14.0,44.0,64.0,45.0,3395.0,833.0,32.0,42.0,45.0,22.0,16.0,11.0,24.0,55.0,114.0,106.0,4.0,44.0,57.0,43.0,3179.0,633.0,35.0,48.0,45.0,14.0,4.0,4.0,20.0,41.0,166.0,112.0,4.0,45.0,57.0,43.0,2730.0,716.0,35.0,48.0,47.0,21.0,4.0,8.0,10.0,51.0,133.0,133.0,5.0,43.0,51.0,38.0,2766.0,720.0,31.0,70.0,49.0,23.0,7.0,5.0,9.0,50.0,158.0,123.0,6.0,49.0,55.0,40.0,3066.0,717.0,40.0,49.0,63.0,15.0,7.0,5.0,8.0,58.0,170.0,147.0,35.0,105.0,78.0,108.0,3116.0,823.0,98.0,117.0,190.0,85.0,31.0,23.0,52.0,144.0,132.0,309.0,18.0,55.0,71.0,49.0,3087.0,548.0,34.0,46.0,63.0,25.0,17.0,12.0,17.0,68.0,105.0,105.0,4.0,45.0,57.0,53.0,2733.0,557.0,32.0,39.0,46.0,17.0,4.0,6.0,10.0,58.0,102.0,86.0,2.0,34.0,41.0,36.0,2604.0,584.0,25.0,24.0,53.0,14.0,5.0,4.0,19.0,49.0,87.0,77.0,3.0,40.0,49.0,44.0,3294.0,638.0,32.0,26.0,38.0,16.0,5.0,5.0,10.0,51.0,73.0,80.0,3.0,38.0,47.0,41.0,2540.0,648.0,28.0,19.0,42.0,11.0,2.0,3.0,7.0,45.0,112.0,95.0,6.0,40.0,45.0,40.0,2715.0,634.0,33.0,40.0,45.0,19.0,5.0,9.0,9.0,54.0,161.0,84.0,4.0,38.0,46.0,38.0,2822.0,727.0,32.0,29.0,42.0,21.0,8.0,9.0,10.0,52.0,164.0,66.0,7.0,39.0,40.0,41.0,2843.0,627.0,31.0,65.0,42.0,16.0,8.0,9.0,11.0,54.0,244.0,70.0,4.0,42.0,54.0,44.0,2990.0,701.0,34.0,52.0,70.0,19.0,7.0,7.0,9.0,60.0,ferret
1894.0,2780.0,1615.0,897.0,240.0,1819.0,126.0,1822.0,2183.0,145.0,3956.0,83.0,174.0,229.0,250.0,217.0,3424.0,3448.0,4080.0,5283.0,9.0,1690.0,8.0,3058.0,3402.0,8.0,4757.0,8.0,24.0,29.0,13.0,10.0,8083.0,6435.0,7257.0,5333.0,3.0,8171.0,2.0,8378.0,5557.0,2.0,4534.0,1.0,13.0,25.0,6.0,3.0,4382.0,4300.0,4390.0,4139.0,5.0,3466.0,7.0,4532.0,4027.0,4.0,4423.0,5.0,25.0,24.0,10.0,10.0,3519.0,3492.0,2367.0,3977.0,8.0,2040.0,5.0,3639.0,3480.0,6.0,3993.0,5.0,26.0,30.0,12.0,9.0,5223.0,4416.0,3174.0,6450.0,9.0,3655.0,8.0,3462.0,3625.0,4.0,4061.0,5.0,22.0,36.0,11.0,8.0,3851.0,3751.0,3237.0,5098.0,5.0,3165.0,3.0,2447.0,3106.0,3.0,4808.0,4.0,27.0,21.0,9.0,7.0,1638.0,2539.0,1651.0,3417.0,3.0,1767.0,3.0,1723.0,2163.0,1.0,4469.0,5.0,18.0,25.0,10.0,5.0,1536.0,2390.0,1453.0,948.0,7.0,1620.0,4.0,1638.0,2038.0,7.0,3964.0,4.0,20.0,34.0,12.0,7.0,1459.0,2316.0,1377.0,1693.0,6.0,1532.0,4.0,1545.0,1912.0,5.0,3706.0,4.0,18.0,24.0,11.0,8.0,1435.0,2276.0,1369.0,594.0,2.0,1503.0,1.0,1551.0,1936.0,3.0,3607.0,5.0,10.0,26.0,7.0,3.0,1439.0,2306.0,1390.0,582.0,7.0,1512.0,3.0,1569.0,1956.0,4.0,3669.0,2.0,16.0,28.0,10.0,7.0,1479.0,2315.0,1402.0,596.0,7.0,1512.0,5.0,1570.0,1949.0,7.0,3676.0,5.0,24.0,34.0,14.0,8.0,1519.0,2320.0,1419.0,613.0,8.0,1500.0,6.0,1558.0,1910.0,6.0,3642.0,4.0,21.0,24.0,22.0,13.0,1490.0,2332.0,1378.0,598.0,11.0,1470.0,7.0,1536.0,1878.0,9.0,3607.0,7.0,44.0,28.0,16.0,13.0,1454.0,2353.0,1389.0,596.0,11.0,1471.0,10.0,1552.0,1868.0,10.0,3613.0,10.0,38.0,28.0,14.0,12.0,ferret
2963.0,2044.0,2169.0,1478.0,218.0,1887.0,138.0,1323.0,1803.0,175.0,2904.0,77.0,121.0,186.0,172.0,188.0,3543.0,5314.0,4608.0,4122.0,8.0,1771.0,7.0,4717.0,3611.0,6.0,4150.0,6.0,6.0,9.0,7.0,6.0,4366.0,7646.0,7106.0,8657.0,3.0,9762.0,4.0,9990.0,7291.0,2.0,4344.0,1.0,4.0,6.0,6.0,3.0,3503.0,5281.0,4709.0,3524.0,9.0,3704.0,6.0,7556.0,4455.0,7.0,5203.0,3.0,7.0,6.0,6.0,4.0,3340.0,3054.0,2666.0,2549.0,3.0,2166.0,5.0,4629.0,3457.0,10.0,3818.0,3.0,3.0,6.0,5.0,5.0,4164.0,3280.0,3549.0,2299.0,4.0,3981.0,6.0,2636.0,4558.0,5.0,3764.0,4.0,7.0,10.0,7.0,4.0,3864.0,3586.0,3649.0,1573.0,4.0,3337.0,2.0,1640.0,2774.0,3.0,4667.0,1.0,2.0,6.0,4.0,4.0,2924.0,1832.0,2161.0,1345.0,3.0,1801.0,3.0,1101.0,1744.0,4.0,3328.0,2.0,4.0,3.0,4.0,3.0,2717.0,1716.0,1956.0,1233.0,3.0,1672.0,3.0,1003.0,1618.0,6.0,2739.0,2.0,4.0,8.0,4.0,5.0,2550.0,1625.0,1879.0,1214.0,4.0,1590.0,2.0,969.0,1569.0,6.0,2568.0,3.0,2.0,8.0,7.0,4.0,2482.0,1632.0,1868.0,1202.0,3.0,1576.0,3.0,979.0,1581.0,3.0,2524.0,4.0,1.0,5.0,1.0,3.0,2485.0,1654.0,1900.0,1194.0,3.0,1559.0,1.0,984.0,1576.0,5.0,2516.0,0.0,3.0,5.0,5.0,4.0,2546.0,1659.0,1879.0,1204.0,10.0,1578.0,4.0,981.0,1570.0,6.0,2589.0,1.0,7.0,10.0,10.0,10.0,2580.0,1661.0,1894.0,1252.0,6.0,1554.0,5.0,987.0,1571.0,8.0,2599.0,7.0,9.0,10.0,8.0,8.0,2486.0,1660.0,1890.0,1185.0,7.0,1528.0,6.0,962.0,1545.0,7.0,2534.0,5.0,8.0,12.0,10.0,9.0,2495.0,1702.0,1912.0,1177.0,7.0,1507.0,4.0,993.0,1522.0,8.0,2503.0,4.0,3.0,12.0,8.0,7.0,ferret
2046.0,2176.0,2269.0,2083.0,295.0,1814.0,167.0,1436.0,1458.0,160.0,3183.0,62.0,144.0,210.0,197.0,204.0,4010.0,3158.0,4360.0,2727.0,7.0,3705.0,6.0,4963.0,5880.0,5.0,3674.0,5.0,10.0,21.0,17.0,16.0,8062.0,6523.0,5808.0,6267.0,3.0,7382.0,1.0,9410.0,9123.0,2.0,4913.0,2.0,8.0,12.0,9.0,12.0,5266.0,3231.0,4612.0,2318.0,5.0,7381.0,3.0,5954.0,7299.0,3.0,4580.0,4.0,8.0,23.0,24.0,18.0,4721.0,1930.0,3845.0,2266.0,12.0,5493.0,6.0,4448.0,5942.0,4.0,3551.0,3.0,14.0,26.0,25.0,18.0,4476.0,3147.0,3264.0,2345.0,9.0,4492.0,6.0,3375.0,4552.0,4.0,3821.0,5.0,14.0,16.0,28.0,23.0,3015.0,3716.0,3688.0,2233.0,6.0,3109.0,3.0,1656.0,2257.0,4.0,5078.0,1.0,11.0,17.0,20.0,18.0,1804.0,1961.0,2346.0,1929.0,5.0,1686.0,4.0,1276.0,1324.0,3.0,3766.0,3.0,9.0,14.0,18.0,11.0,1713.0,1823.0,2048.0,1810.0,11.0,1526.0,5.0,1240.0,1203.0,5.0,3129.0,5.0,14.0,14.0,30.0,25.0,1634.0,1740.0,1920.0,1750.0,10.0,1459.0,5.0,1195.0,1160.0,4.0,2895.0,3.0,8.0,21.0,17.0,20.0,1592.0,1716.0,1904.0,1748.0,2.0,1426.0,1.0,1160.0,1194.0,2.0,2856.0,1.0,9.0,10.0,24.0,13.0,1576.0,1738.0,1925.0,1766.0,9.0,1416.0,3.0,1147.0,1167.0,2.0,2878.0,1.0,12.0,15.0,20.0,18.0,1628.0,1739.0,1937.0,1744.0,12.0,1421.0,6.0,1180.0,1193.0,4.0,2885.0,2.0,8.0,46.0,50.0,24.0,1659.0,1726.0,1939.0,1754.0,12.0,1430.0,8.0,1195.0,1169.0,5.0,2874.0,2.0,14.0,17.0,35.0,33.0,1608.0,1736.0,1926.0,1738.0,13.0,1389.0,7.0,1148.0,1158.0,7.0,2857.0,7.0,20.0,49.0,23.0,25.0,1597.0,1782.0,1923.0,1707.0,13.0,1393.0,7.0,1159.0,1129.0,6.0,2858.0,5.0,18.0,43.0,23.0,20.0,ferret
2109.0,2161.0,2770.0,2489.0,226.0,1764.0,128.0,2179.0,2021.0,196.0,2981.0,88.0,112.0,177.0,195.0,197.0,2856.0,4386.0,5344.0,4159.0,15.0,4599.0,7.0,2422.0,3155.0,11.0,3643.0,7.0,12.0,15.0,14.0,7.0,6258.0,7601.0,6802.0,6595.0,10.0,8077.0,3.0,5590.0,5749.0,9.0,3937.0,3.0,11.0,7.0,14.0,3.0,4481.0,4609.0,6117.0,4058.0,23.0,7088.0,7.0,2606.0,4733.0,19.0,4108.0,9.0,16.0,20.0,16.0,6.0,4231.0,2939.0,5178.0,3838.0,13.0,6489.0,5.0,2157.0,4097.0,11.0,3136.0,3.0,11.0,12.0,16.0,6.0,3953.0,4422.0,4298.0,3346.0,18.0,4523.0,9.0,2549.0,2793.0,14.0,3266.0,8.0,13.0,9.0,20.0,6.0,3383.0,4381.0,2607.0,2594.0,11.0,2219.0,2.0,2522.0,2670.0,10.0,4604.0,6.0,8.0,12.0,13.0,2.0,1876.0,1993.0,2439.0,2298.0,14.0,1637.0,4.0,2102.0,1983.0,8.0,3548.0,2.0,11.0,12.0,8.0,3.0,1775.0,1807.0,2220.0,2196.0,18.0,1467.0,5.0,2021.0,1854.0,21.0,2879.0,12.0,14.0,7.0,14.0,4.0,1686.0,1729.0,2127.0,2127.0,20.0,1423.0,3.0,1916.0,1748.0,8.0,2708.0,6.0,9.0,14.0,12.0,5.0,1625.0,1723.0,2094.0,2104.0,10.0,1390.0,3.0,1918.0,1754.0,7.0,2658.0,9.0,12.0,13.0,14.0,4.0,1620.0,1717.0,2103.0,2135.0,15.0,1371.0,1.0,1948.0,1804.0,9.0,2655.0,3.0,15.0,21.0,9.0,5.0,1663.0,1725.0,2107.0,2155.0,13.0,1412.0,1.0,1953.0,1792.0,9.0,2709.0,9.0,11.0,23.0,16.0,9.0,1678.0,1747.0,2151.0,2138.0,20.0,1382.0,5.0,1924.0,1750.0,13.0,2704.0,7.0,16.0,12.0,35.0,19.0,1625.0,1742.0,2101.0,2095.0,15.0,1341.0,4.0,1892.0,1719.0,14.0,2661.0,7.0,10.0,13.0,16.0,12.0,1662.0,1801.0,2096.0,2089.0,17.0,1344.0,4.0,1922.0,1719.0,15.0,2619.0,7.0,13.0,15.0,20.0,12.0,ferret
2550.0,2446.0,1757.0,1141.0,155.0,1743.0,107.0,1582.0,2142.0,130.0,4129.0,68.0,110.0,172.0,172.0,162.0,4221.0,4804.0,4295.0,5225.0,8.0,3103.0,7.0,4081.0,3086.0,6.0,4746.0,10.0,7.0,13.0,17.0,7.0,5233.0,5202.0,7975.0,10648.0,2.0,9269.0,0.0,7441.0,5149.0,0.0,5671.0,1.0,1.0,10.0,13.0,2.0,5178.0,4025.0,4218.0,8731.0,8.0,5086.0,6.0,6073.0,4012.0,4.0,5631.0,5.0,6.0,10.0,19.0,6.0,5513.0,2942.0,2262.0,5254.0,7.0,3483.0,3.0,4867.0,3679.0,4.0,4391.0,5.0,3.0,14.0,17.0,6.0,3898.0,3170.0,3424.0,2459.0,9.0,4121.0,7.0,3007.0,3618.0,6.0,4464.0,4.0,5.0,15.0,13.0,8.0,2784.0,3173.0,3861.0,1006.0,4.0,3116.0,2.0,1845.0,3227.0,2.0,4338.0,1.0,2.0,12.0,8.0,5.0,2421.0,2446.0,1802.0,863.0,2.0,1723.0,2.0,1501.0,2279.0,2.0,4300.0,2.0,2.0,9.0,15.0,3.0,2298.0,2142.0,1627.0,801.0,4.0,1539.0,6.0,1417.0,2001.0,7.0,4150.0,6.0,5.0,12.0,14.0,7.0,2162.0,2027.0,1520.0,814.0,5.0,1485.0,4.0,1354.0,1925.0,3.0,3901.0,2.0,3.0,8.0,12.0,6.0,2155.0,2030.0,1535.0,791.0,5.0,1496.0,3.0,1342.0,1945.0,2.0,3747.0,5.0,6.0,12.0,13.0,3.0,2148.0,2044.0,1541.0,781.0,1.0,1451.0,3.0,1356.0,1982.0,1.0,3813.0,0.0,3.0,11.0,14.0,5.0,2189.0,2042.0,1546.0,843.0,9.0,1466.0,3.0,1358.0,1941.0,7.0,3848.0,3.0,5.0,21.0,12.0,5.0,2189.0,2047.0,1539.0,839.0,7.0,1467.0,8.0,1363.0,1900.0,6.0,3799.0,6.0,5.0,14.0,40.0,10.0,2135.0,2041.0,1532.0,810.0,7.0,1434.0,7.0,1339.0,1894.0,5.0,3789.0,5.0,6.0,24.0,17.0,11.0,2144.0,2093.0,1559.0,805.0,7.0,1407.0,7.0,1348.0,1876.0,6.0,3786.0,3.0,4.0,15.0,17.0,9.0,ferret
3333.0,2137.0,2077.0,1165.0,170.0,2029.0,120.0,1777.0,2674.0,135.0,4104.0,71.0,119.0,183.0,182.0,147.0,3221.0,5356.0,5041.0,4037.0,8.0,3108.0,6.0,1956.0,2765.0,7.0,4789.0,7.0,9.0,10.0,10.0,9.0,3813.0,6211.0,6906.0,10542.0,1.0,7580.0,1.0,6148.0,5926.0,2.0,3925.0,1.0,4.0,2.0,5.0,1.0,2987.0,5741.0,5542.0,8471.0,7.0,5328.0,3.0,2230.0,3178.0,3.0,3842.0,3.0,6.0,6.0,8.0,4.0,2992.0,3957.0,4262.0,3463.0,5.0,4533.0,5.0,1797.0,2707.0,6.0,3669.0,6.0,5.0,5.0,12.0,5.0,3766.0,3740.0,3735.0,2090.0,6.0,3389.0,6.0,2425.0,3821.0,8.0,3719.0,7.0,6.0,5.0,10.0,5.0,3928.0,3070.0,3004.0,1015.0,3.0,2912.0,2.0,2357.0,3599.0,3.0,4431.0,1.0,2.0,4.0,5.0,3.0,3205.0,2011.0,2008.0,873.0,2.0,1923.0,3.0,1733.0,2687.0,3.0,4458.0,3.0,5.0,3.0,6.0,3.0,3082.0,1805.0,1821.0,817.0,4.0,1807.0,4.0,1630.0,2573.0,6.0,4120.0,5.0,4.0,2.0,8.0,2.0,2917.0,1745.0,1762.0,824.0,5.0,1724.0,4.0,1554.0,2442.0,5.0,3842.0,6.0,3.0,8.0,7.0,4.0,2880.0,1734.0,1728.0,796.0,2.0,1697.0,1.0,1549.0,2470.0,2.0,3717.0,3.0,3.0,2.0,4.0,2.0,2881.0,1737.0,1726.0,785.0,4.0,1699.0,2.0,1557.0,2491.0,2.0,3795.0,3.0,3.0,3.0,5.0,3.0,2949.0,1746.0,1763.0,818.0,5.0,1714.0,3.0,1558.0,2461.0,5.0,3810.0,3.0,4.0,7.0,8.0,4.0,2995.0,1757.0,1779.0,840.0,5.0,1698.0,5.0,1552.0,2464.0,4.0,3776.0,5.0,5.0,9.0,12.0,6.0,2904.0,1745.0,1744.0,811.0,10.0,1672.0,6.0,1543.0,2420.0,7.0,3744.0,7.0,7.0,8.0,11.0,9.0,2847.0,1784.0,1738.0,810.0,7.0,1666.0,6.0,1549.0,2377.0,6.0,3736.0,5.0,7.0,9.0,11.0,8.0,ferret
5420.0,3791.0,4178.0,3393.0,3309.0,3966.0,1404.0,3494.0,3863.0,1752.0,4421.0,1878.0,2601.0,1834.0,2284.0,3211.0,3136.0,4855.0,5215.0,4539.0,1532.0,3835.0,11.0,3342.0,4148.0,171.0,3208.0,233.0,573.0,195.0,346.0,730.0,5863.0,7892.0,4532.0,9037.0,1879.0,7587.0,4.0,6787.0,7305.0,164.0,2513.0,271.0,678.0,206.0,407.0,881.0,3437.0,5722.0,4024.0,6647.0,1267.0,4930.0,12.0,3124.0,4979.0,177.0,2473.0,286.0,726.0,264.0,481.0,872.0,3158.0,4608.0,2912.0,3887.0,1113.0,4116.0,18.0,2498.0,3417.0,204.0,2471.0,367.0,850.0,332.0,644.0,1121.0,4237.0,4108.0,2824.0,2513.0,1114.0,4370.0,26.0,2733.0,4991.0,219.0,2496.0,330.0,820.0,291.0,600.0,1144.0,3937.0,3996.0,3628.0,1540.0,815.0,3157.0,5.0,2162.0,2955.0,135.0,2539.0,211.0,549.0,178.0,317.0,721.0,3001.0,1935.0,2667.0,1392.0,750.0,2045.0,5.0,1860.0,1915.0,151.0,3035.0,259.0,629.0,199.0,403.0,812.0,2913.0,1729.0,2262.0,1413.0,870.0,2049.0,30.0,1796.0,1948.0,248.0,2729.0,288.0,774.0,237.0,507.0,1134.0,2753.0,1603.0,2120.0,1271.0,813.0,1899.0,10.0,1667.0,1867.0,145.0,2503.0,261.0,680.0,226.0,350.0,886.0,2752.0,1620.0,2135.0,1385.0,820.0,1855.0,9.0,1659.0,1882.0,169.0,2417.0,231.0,829.0,312.0,459.0,859.0,2811.0,1652.0,2160.0,1298.0,886.0,1865.0,18.0,1717.0,1782.0,187.0,2480.0,211.0,696.0,281.0,579.0,1025.0,2892.0,1666.0,2203.0,1372.0,1010.0,1896.0,23.0,1707.0,1829.0,305.0,2552.0,365.0,695.0,306.0,592.0,1218.0,2847.0,1659.0,2207.0,1389.0,972.0,1901.0,23.0,1729.0,1939.0,164.0,2523.0,268.0,793.0,178.0,477.0,915.0,2811.0,1654.0,2147.0,1425.0,947.0,1843.0,28.0,1668.0,1875.0,254.0,2524.0,418.0,874.0,325.0,443.0,1263.0,3200.0,1985.0,2397.0,1618.0,1220.0,2066.0,34.0,1884.0,2084.0,320.0,2882.0,535.0,1249.0,379.0,771.0,1175.0,ferret
2577.0,2681.0,2228.0,1753.0,1983.0,2669.0,145.0,1886.0,1442.0,202.0,162.0,129.0,172.0,234.0,319.0,264.0,2438.0,4424.0,4235.0,3179.0,2985.0,4087.0,9.0,2554.0,3673.0,20.0,32.0,20.0,24.0,21.0,46.0,22.0,5766.0,5842.0,5234.0,7561.0,6842.0,4468.0,5.0,6335.0,9240.0,15.0,25.0,15.0,13.0,16.0,39.0,20.0,2948.0,4507.0,3928.0,5101.0,2621.0,3836.0,10.0,2650.0,4692.0,15.0,33.0,16.0,15.0,16.0,36.0,18.0,2300.0,3128.0,2778.0,2982.0,2298.0,2683.0,6.0,2278.0,3018.0,15.0,43.0,19.0,19.0,19.0,46.0,19.0,4242.0,3951.0,3315.0,2141.0,2301.0,3240.0,10.0,2575.0,4748.0,20.0,38.0,21.0,22.0,22.0,37.0,21.0,4488.0,4251.0,3740.0,1635.0,2039.0,2776.0,3.0,2402.0,2989.0,12.0,34.0,13.0,15.0,14.0,36.0,16.0,2401.0,2495.0,2230.0,1480.0,1787.0,2732.0,4.0,1834.0,1359.0,14.0,32.0,18.0,17.0,16.0,36.0,13.0,2262.0,2283.0,2013.0,1403.0,1696.0,2471.0,7.0,1695.0,1248.0,21.0,39.0,21.0,25.0,18.0,46.0,23.0,2125.0,2143.0,1939.0,1377.0,1628.0,2307.0,5.0,1628.0,1174.0,20.0,45.0,22.0,22.0,19.0,44.0,20.0,2088.0,2140.0,1909.0,1369.0,1640.0,2317.0,6.0,1629.0,1218.0,18.0,26.0,27.0,31.0,19.0,94.0,23.0,2100.0,2151.0,1924.0,1343.0,1640.0,2280.0,5.0,1622.0,1203.0,13.0,26.0,12.0,9.0,15.0,41.0,16.0,2118.0,2158.0,1929.0,1386.0,1651.0,2312.0,6.0,1633.0,1205.0,17.0,41.0,19.0,17.0,22.0,61.0,13.0,2139.0,2148.0,1958.0,1376.0,1631.0,2307.0,8.0,1636.0,1200.0,18.0,35.0,19.0,19.0,19.0,45.0,20.0,2092.0,2154.0,1931.0,1356.0,1629.0,2254.0,10.0,1611.0,1177.0,13.0,66.0,16.0,18.0,19.0,64.0,18.0,2148.0,2212.0,1917.0,1339.0,1609.0,2242.0,11.0,1619.0,1176.0,12.0,56.0,19.0,17.0,18.0,75.0,20.0,ferret
3193.0,2835.0,1609.0,1354.0,2383.0,1939.0,126.0,1466.0,1844.0,176.0,96.0,80.0,129.0,216.0,222.0,208.0,3131.0,5136.0,5597.0,5165.0,4714.0,3023.0,6.0,4669.0,2745.0,4.0,6.0,6.0,6.0,6.0,6.0,7.0,2926.0,5621.0,8925.0,9941.0,7394.0,8286.0,2.0,9754.0,10029.0,2.0,4.0,2.0,4.0,4.0,5.0,5.0,2745.0,4766.0,6300.0,5968.0,3739.0,5129.0,4.0,7056.0,5530.0,2.0,5.0,2.0,2.0,3.0,6.0,5.0,2793.0,3812.0,3353.0,4150.0,3679.0,3792.0,3.0,4848.0,4989.0,4.0,4.0,2.0,3.0,3.0,7.0,7.0,3026.0,3978.0,4128.0,2890.0,3529.0,3350.0,6.0,2921.0,3706.0,4.0,5.0,7.0,7.0,3.0,5.0,7.0,3422.0,3338.0,3371.0,1394.0,2593.0,2611.0,2.0,1709.0,2589.0,4.0,4.0,2.0,4.0,5.0,5.0,6.0,3096.0,2642.0,1595.0,1146.0,2222.0,1820.0,3.0,1299.0,1367.0,3.0,5.0,6.0,4.0,3.0,6.0,7.0,2917.0,2481.0,1421.0,1072.0,2127.0,1691.0,2.0,1213.0,1289.0,4.0,4.0,2.0,3.0,3.0,3.0,7.0,2744.0,2386.0,1363.0,1069.0,2087.0,1606.0,5.0,1188.0,1213.0,4.0,7.0,3.0,5.0,6.0,7.0,7.0,2718.0,2366.0,1377.0,1046.0,2072.0,1578.0,2.0,1172.0,1240.0,4.0,3.0,7.0,7.0,5.0,14.0,13.0,2715.0,2365.0,1349.0,1032.0,2087.0,1561.0,1.0,1167.0,1243.0,3.0,4.0,1.0,6.0,5.0,6.0,4.0,2752.0,2371.0,1364.0,1069.0,2088.0,1590.0,3.0,1196.0,1246.0,5.0,2.0,2.0,3.0,8.0,6.0,6.0,2799.0,2381.0,1368.0,1074.0,2049.0,1568.0,6.0,1199.0,1215.0,8.0,5.0,4.0,8.0,7.0,12.0,9.0,2734.0,2375.0,1372.0,1040.0,2033.0,1563.0,6.0,1144.0,1202.0,7.0,7.0,6.0,11.0,7.0,19.0,18.0,2723.0,2413.0,1343.0,1042.0,2007.0,1552.0,7.0,1176.0,1197.0,7.0,5.0,5.0,5.0,6.0,9.0,7.0,ferret
2985.0,3423.0,2030.0,1719.0,2136.0,3212.0,240.0,1496.0,2987.0,290.0,232.0,193.0,363.0,302.0,517.0,467.0,2082.0,4044.0,4062.0,4615.0,3265.0,3567.0,6.0,5521.0,3573.0,7.0,13.0,7.0,9.0,8.0,17.0,12.0,2060.0,3723.0,9521.0,11194.0,6978.0,5405.0,1.0,9838.0,4653.0,2.0,8.0,2.0,7.0,2.0,19.0,11.0,1993.0,2898.0,4836.0,9337.0,2491.0,3779.0,3.0,5925.0,3554.0,3.0,15.0,8.0,7.0,2.0,21.0,14.0,2112.0,2667.0,3174.0,6243.0,2259.0,3342.0,5.0,4546.0,3547.0,5.0,14.0,4.0,6.0,4.0,19.0,13.0,2266.0,2942.0,4639.0,3520.0,2177.0,4110.0,8.0,3776.0,4193.0,3.0,15.0,5.0,10.0,8.0,28.0,21.0,2093.0,4281.0,4174.0,1437.0,2079.0,3544.0,2.0,1682.0,3018.0,2.0,9.0,1.0,2.0,5.0,14.0,15.0,2006.0,3197.0,1867.0,1273.0,1713.0,2707.0,2.0,1210.0,2665.0,2.0,9.0,2.0,6.0,2.0,12.0,8.0,2020.0,2885.0,1623.0,1147.0,1643.0,2580.0,3.0,1119.0,2543.0,3.0,4.0,2.0,11.0,2.0,20.0,20.0,1891.0,2711.0,1541.0,1128.0,1564.0,2429.0,2.0,1079.0,2435.0,5.0,6.0,3.0,4.0,7.0,20.0,18.0,1983.0,2689.0,1543.0,1137.0,1570.0,2436.0,6.0,1110.0,2487.0,6.0,6.0,4.0,5.0,4.0,23.0,19.0,1820.0,2736.0,1546.0,1126.0,1574.0,2390.0,4.0,1100.0,2500.0,4.0,6.0,1.0,2.0,4.0,9.0,23.0,2129.0,2748.0,1594.0,1174.0,1597.0,2449.0,1.0,1113.0,2465.0,6.0,8.0,1.0,5.0,7.0,20.0,21.0,1961.0,2731.0,1639.0,1188.0,1566.0,2439.0,3.0,1119.0,2464.0,7.0,11.0,4.0,7.0,8.0,23.0,18.0,2257.0,2731.0,1603.0,1149.0,1569.0,2329.0,8.0,1103.0,2395.0,11.0,14.0,7.0,8.0,8.0,31.0,34.0,2193.0,2830.0,1598.0,1178.0,1572.0,2418.0,6.0,1130.0,2431.0,9.0,18.0,6.0,7.0,9.0,42.0,15.0,ferret
1683.0,1148.0,1016.0,1177.0,1111.0,1147.0,5000.0,3713.0,1077.0,1378.0,1044.0,1020.0,1053.0,1105.0,1089.0,1363.0,339.0,19.0,7.0,28.0,35.0,25.0,3917.0,2534.0,26.0,185.0,35.0,30.0,41.0,31.0,25.0,34.0,265.0,16.0,2.0,16.0,22.0,15.0,3610.0,1451.0,12.0,192.0,28.0,11.0,22.0,14.0,9.0,21.0,340.0,22.0,8.0,27.0,26.0,28.0,2968.0,2014.0,29.0,197.0,34.0,28.0,45.0,36.0,30.0,31.0,302.0,21.0,5.0,32.0,25.0,27.0,3098.0,871.0,29.0,205.0,39.0,26.0,39.0,38.0,27.0,32.0,318.0,18.0,7.0,32.0,35.0,23.0,3484.0,1065.0,25.0,218.0,36.0,22.0,48.0,31.0,24.0,37.0,360.0,60.0,32.0,105.0,99.0,110.0,3412.0,2255.0,113.0,354.0,143.0,96.0,176.0,120.0,135.0,147.0,287.0,16.0,10.0,22.0,23.0,19.0,3118.0,1631.0,22.0,185.0,46.0,21.0,40.0,36.0,21.0,32.0,286.0,18.0,4.0,43.0,34.0,31.0,2963.0,1578.0,21.0,165.0,61.0,23.0,49.0,31.0,27.0,36.0,252.0,25.0,15.0,27.0,28.0,23.0,2987.0,3379.0,19.0,179.0,45.0,19.0,47.0,31.0,21.0,28.0,246.0,14.0,1.0,18.0,19.0,14.0,3691.0,4037.0,22.0,187.0,42.0,20.0,21.0,20.0,14.0,23.0,236.0,11.0,3.0,16.0,18.0,17.0,2735.0,2686.0,13.0,164.0,28.0,8.0,35.0,14.0,13.0,21.0,246.0,14.0,3.0,15.0,19.0,20.0,3072.0,2195.0,18.0,168.0,40.0,17.0,34.0,23.0,23.0,31.0,286.0,14.0,5.0,25.0,28.0,28.0,3079.0,2266.0,29.0,228.0,46.0,31.0,49.0,29.0,31.0,28.0,281.0,15.0,6.0,22.0,23.0,20.0,3118.0,1595.0,21.0,209.0,33.0,24.0,33.0,27.0,23.0,39.0,422.0,21.0,8.0,32.0,37.0,27.0,3243.0,2656.0,27.0,231.0,24.0,22.0,32.0,23.0,23.0,34.0,ferret
539.0,2256.0,2159.0,1315.0,1781.0,2880.0,186.0,1390.0,1670.0,226.0,174.0,167.0,196.0,228.0,318.0,295.0,203.0,5201.0,4091.0,4764.0,2928.0,2775.0,5.0,3813.0,4815.0,8.0,7.0,16.0,9.0,9.0,12.0,15.0,126.0,7073.0,8215.0,9630.0,6151.0,4936.0,1.0,10758.0,9589.0,2.0,4.0,13.0,3.0,4.0,10.0,13.0,154.0,5901.0,5553.0,6359.0,5170.0,3081.0,4.0,6095.0,7728.0,6.0,5.0,21.0,8.0,9.0,8.0,17.0,159.0,4172.0,4330.0,3101.0,3091.0,2632.0,4.0,4684.0,7676.0,6.0,6.0,20.0,8.0,6.0,13.0,26.0,173.0,4368.0,3268.0,2494.0,1925.0,3612.0,6.0,3842.0,5066.0,4.0,5.0,11.0,4.0,7.0,7.0,15.0,127.0,3883.0,3037.0,1398.0,1371.0,3631.0,1.0,2090.0,1662.0,6.0,5.0,13.0,3.0,3.0,5.0,13.0,139.0,1996.0,1611.0,1081.0,1335.0,2880.0,3.0,1193.0,1314.0,3.0,4.0,9.0,5.0,6.0,6.0,14.0,162.0,1830.0,1484.0,1006.0,1308.0,2677.0,3.0,1109.0,1241.0,5.0,3.0,13.0,5.0,6.0,11.0,13.0,142.0,1745.0,1413.0,1009.0,1242.0,2535.0,4.0,1081.0,1207.0,4.0,7.0,12.0,5.0,5.0,8.0,12.0,115.0,1737.0,1379.0,1003.0,1224.0,2510.0,3.0,1052.0,1199.0,4.0,6.0,14.0,6.0,6.0,8.0,12.0,95.0,1724.0,1402.0,966.0,1276.0,2470.0,1.0,1064.0,1201.0,3.0,2.0,3.0,11.0,5.0,19.0,32.0,125.0,1750.0,1436.0,1000.0,1283.0,2497.0,2.0,1081.0,1217.0,3.0,5.0,22.0,3.0,5.0,9.0,25.0,143.0,1772.0,1444.0,1023.0,1243.0,2483.0,7.0,1097.0,1208.0,4.0,3.0,13.0,6.0,7.0,12.0,21.0,181.0,1754.0,1416.0,994.0,1241.0,2441.0,6.0,1053.0,1143.0,9.0,8.0,45.0,9.0,12.0,10.0,45.0,158.0,1797.0,1419.0,979.0,1239.0,2428.0,7.0,1067.0,1160.0,6.0,7.0,34.0,10.0,6.0,13.0,39.0,ferret
397.0,2007.0,2808.0,1839.0,1780.0,2498.0,137.0,1415.0,1845.0,211.0,86.0,96.0,130.0,218.0,252.0,215.0,142.0,4809.0,4352.0,4193.0,5056.0,2332.0,6.0,6033.0,3484.0,18.0,6.0,3.0,7.0,8.0,16.0,13.0,76.0,9047.0,6796.0,9020.0,9206.0,6485.0,2.0,10322.0,7996.0,14.0,2.0,1.0,3.0,2.0,9.0,7.0,113.0,7163.0,5974.0,4322.0,4074.0,3315.0,6.0,7972.0,5589.0,15.0,4.0,3.0,7.0,4.0,9.0,12.0,131.0,5272.0,4912.0,3343.0,3262.0,2436.0,4.0,5469.0,4898.0,34.0,4.0,3.0,5.0,5.0,18.0,10.0,141.0,4107.0,3230.0,3106.0,2851.0,3720.0,6.0,3459.0,4049.0,13.0,5.0,4.0,7.0,4.0,14.0,11.0,71.0,3136.0,3242.0,2272.0,1808.0,3608.0,3.0,1832.0,2904.0,11.0,2.0,2.0,4.0,3.0,11.0,11.0,96.0,1597.0,2304.0,1737.0,1545.0,2445.0,2.0,1137.0,1713.0,11.0,3.0,3.0,5.0,2.0,9.0,5.0,108.0,1442.0,2025.0,1608.0,1436.0,2282.0,3.0,1041.0,1610.0,12.0,6.0,2.0,6.0,3.0,15.0,10.0,105.0,1358.0,1933.0,1569.0,1407.0,2149.0,4.0,1030.0,1534.0,11.0,7.0,5.0,6.0,4.0,21.0,14.0,57.0,1371.0,1928.0,1556.0,1395.0,2117.0,3.0,1032.0,1583.0,16.0,2.0,1.0,4.0,2.0,17.0,12.0,67.0,1363.0,1943.0,1554.0,1407.0,2110.0,1.0,1033.0,1585.0,7.0,1.0,2.0,9.0,3.0,17.0,12.0,76.0,1389.0,1949.0,1565.0,1416.0,2136.0,3.0,1059.0,1576.0,21.0,1.0,1.0,3.0,7.0,16.0,6.0,123.0,1370.0,1956.0,1585.0,1390.0,2127.0,3.0,1058.0,1554.0,17.0,5.0,9.0,6.0,8.0,20.0,13.0,132.0,1395.0,1940.0,1546.0,1379.0,2106.0,7.0,1015.0,1552.0,49.0,8.0,9.0,7.0,8.0,16.0,24.0,121.0,1418.0,1953.0,1527.0,1392.0,2075.0,4.0,1036.0,1525.0,35.0,9.0,6.0,14.0,8.0,42.0,20.0,ferret
607.0,2245.0,2373.0,1644.0,1478.0,3334.0,178.0,1516.0,2539.0,222.0,125.0,146.0,193.0,263.0,284.0,321.0,174.0,3508.0,3459.0,4600.0,4865.0,2854.0,7.0,4654.0,2996.0,17.0,14.0,16.0,19.0,17.0,19.0,19.0,121.0,7815.0,5958.0,9901.0,10491.0,3166.0,3.0,12226.0,6793.0,9.0,12.0,10.0,22.0,8.0,17.0,18.0,169.0,4034.0,3310.0,5614.0,7535.0,2738.0,4.0,6837.0,3121.0,20.0,14.0,18.0,22.0,19.0,20.0,19.0,165.0,2657.0,2292.0,3787.0,4838.0,2712.0,4.0,4697.0,2545.0,10.0,11.0,8.0,11.0,8.0,19.0,18.0,192.0,4560.0,3455.0,2731.0,3108.0,3053.0,10.0,4033.0,4009.0,15.0,15.0,24.0,26.0,15.0,25.0,22.0,114.0,4779.0,4107.0,1529.0,1257.0,3203.0,2.0,2277.0,3628.0,17.0,12.0,7.0,17.0,15.0,18.0,18.0,124.0,2025.0,2343.0,1282.0,1105.0,2946.0,5.0,1281.0,2346.0,11.0,9.0,10.0,22.0,9.0,17.0,19.0,126.0,1827.0,2043.0,1204.0,1045.0,2885.0,6.0,1172.0,2165.0,17.0,13.0,13.0,28.0,11.0,19.0,17.0,119.0,1731.0,1943.0,1197.0,1034.0,2683.0,4.0,1138.0,2044.0,8.0,13.0,7.0,24.0,10.0,24.0,21.0,72.0,1760.0,1937.0,1194.0,995.0,2699.0,3.0,1142.0,2139.0,12.0,8.0,14.0,21.0,11.0,18.0,10.0,78.0,1759.0,1953.0,1172.0,999.0,2648.0,3.0,1142.0,2111.0,9.0,5.0,7.0,22.0,9.0,15.0,17.0,117.0,1759.0,1972.0,1222.0,1035.0,2677.0,3.0,1149.0,2094.0,19.0,9.0,7.0,17.0,18.0,25.0,24.0,149.0,1765.0,1990.0,1237.0,1024.0,2707.0,6.0,1160.0,2053.0,11.0,11.0,5.0,26.0,10.0,27.0,21.0,190.0,1801.0,1965.0,1197.0,1000.0,2627.0,6.0,1127.0,2066.0,13.0,10.0,10.0,10.0,11.0,17.0,23.0,199.0,1838.0,1984.0,1182.0,1009.0,2642.0,7.0,1168.0,2066.0,14.0,11.0,10.0,18.0,11.0,22.0,15.0,ferret
329.0,2511.0,2022.0,1397.0,1441.0,216.0,88.0,1184.0,1904.0,118.0,42.0,49.0,94.0,148.0,184.0,164.0,119.0,4078.0,6194.0,4803.0,3136.0,35.0,6.0,4822.0,3553.0,10.0,7.0,5.0,11.0,7.0,15.0,13.0,56.0,8088.0,8472.0,9586.0,7645.0,29.0,1.0,9547.0,8996.0,0.0,2.0,1.0,4.0,4.0,12.0,4.0,78.0,5237.0,8518.0,4053.0,5475.0,33.0,2.0,7069.0,3429.0,1.0,4.0,1.0,5.0,3.0,12.0,8.0,87.0,4723.0,7414.0,3253.0,3584.0,54.0,5.0,4346.0,2629.0,4.0,5.0,3.0,5.0,3.0,17.0,7.0,97.0,4205.0,4417.0,2677.0,2170.0,34.0,10.0,3020.0,3882.0,6.0,5.0,2.0,9.0,9.0,30.0,20.0,45.0,4420.0,2343.0,1810.0,1426.0,34.0,2.0,1647.0,2970.0,2.0,2.0,0.0,1.0,2.0,10.0,8.0,67.0,2001.0,1610.0,1355.0,1293.0,26.0,3.0,1082.0,1870.0,2.0,2.0,1.0,2.0,3.0,9.0,3.0,76.0,1846.0,1462.0,1214.0,1238.0,32.0,2.0,1011.0,1769.0,4.0,3.0,2.0,5.0,4.0,15.0,7.0,66.0,1746.0,1396.0,1217.0,1169.0,36.0,2.0,977.0,1684.0,4.0,5.0,1.0,3.0,4.0,16.0,6.0,26.0,1742.0,1386.0,1192.0,1174.0,32.0,2.0,973.0,1697.0,3.0,4.0,5.0,5.0,4.0,17.0,11.0,27.0,1763.0,1421.0,1171.0,1181.0,29.0,1.0,948.0,1717.0,3.0,1.0,1.0,3.0,2.0,13.0,4.0,52.0,1757.0,1414.0,1192.0,1187.0,53.0,2.0,987.0,1706.0,6.0,3.0,3.0,6.0,11.0,16.0,9.0,83.0,1739.0,1430.0,1225.0,1164.0,31.0,6.0,1007.0,1690.0,6.0,6.0,4.0,6.0,7.0,20.0,8.0,94.0,1734.0,1391.0,1183.0,1158.0,68.0,6.0,960.0,1646.0,7.0,7.0,7.0,7.0,6.0,10.0,24.0,91.0,1799.0,1418.0,1173.0,1151.0,62.0,6.0,971.0,1650.0,6.0,7.0,5.0,4.0,6.0,32.0,8.0,ferret
399.0,2603.0,1608.0,1133.0,2713.0,161.0,65.0,1453.0,2586.0,114.0,58.0,44.0,83.0,166.0,161.0,159.0,120.0,5341.0,5148.0,5744.0,3689.0,7.0,5.0,4166.0,2630.0,5.0,9.0,6.0,6.0,7.0,8.0,9.0,41.0,6819.0,9295.0,11907.0,6403.0,3.0,0.0,9005.0,5200.0,2.0,2.0,0.0,3.0,5.0,3.0,5.0,84.0,6565.0,7207.0,6869.0,3257.0,12.0,4.0,6953.0,2818.0,3.0,5.0,3.0,3.0,4.0,6.0,5.0,81.0,5409.0,4967.0,4140.0,3107.0,6.0,3.0,5800.0,2577.0,2.0,2.0,3.0,5.0,2.0,8.0,3.0,99.0,4106.0,3559.0,2215.0,3140.0,6.0,6.0,4029.0,3545.0,3.0,3.0,3.0,6.0,6.0,14.0,8.0,54.0,3136.0,2906.0,1256.0,2971.0,8.0,2.0,1748.0,3287.0,2.0,3.0,2.0,2.0,3.0,7.0,6.0,65.0,2217.0,1330.0,884.0,2630.0,4.0,3.0,1290.0,2649.0,3.0,5.0,3.0,3.0,3.0,4.0,4.0,78.0,2036.0,1209.0,803.0,2559.0,3.0,2.0,1201.0,2464.0,3.0,2.0,2.0,2.0,2.0,6.0,3.0,71.0,1926.0,1200.0,811.0,2482.0,6.0,3.0,1190.0,2330.0,3.0,3.0,2.0,4.0,3.0,7.0,6.0,44.0,1907.0,1165.0,804.0,2467.0,5.0,3.0,1171.0,2358.0,4.0,3.0,3.0,2.0,5.0,7.0,6.0,37.0,1927.0,1146.0,777.0,2518.0,2.0,0.0,1167.0,2376.0,1.0,1.0,1.0,3.0,4.0,4.0,4.0,69.0,1954.0,1171.0,822.0,2521.0,5.0,2.0,1177.0,2348.0,4.0,2.0,1.0,3.0,7.0,10.0,7.0,94.0,1929.0,1196.0,832.0,2422.0,11.0,5.0,1198.0,2322.0,4.0,6.0,4.0,7.0,9.0,12.0,10.0,96.0,1929.0,1192.0,806.0,2409.0,8.0,6.0,1169.0,2291.0,6.0,6.0,4.0,6.0,6.0,8.0,10.0,102.0,1982.0,1155.0,809.0,2418.0,7.0,6.0,1179.0,2276.0,6.0,3.0,4.0,6.0,7.0,7.0,6.0,ferret
572.0,2514.0,2294.0,1752.0,2127.0,314.0,321.0,1737.0,2192.0,293.0,203.0,245.0,248.0,319.0,331.0,376.0,191.0,4381.0,3642.0,3997.0,4413.0,12.0,120.0,4452.0,3411.0,33.0,27.0,27.0,24.0,23.0,33.0,27.0,107.0,7404.0,6366.0,8941.0,7502.0,2.0,102.0,9408.0,5195.0,41.0,20.0,26.0,23.0,18.0,36.0,27.0,140.0,4954.0,3584.0,5856.0,6108.0,3.0,124.0,4869.0,4384.0,39.0,31.0,23.0,23.0,31.0,34.0,27.0,138.0,3820.0,2398.0,4458.0,4605.0,4.0,102.0,3036.0,4736.0,53.0,36.0,28.0,21.0,21.0,36.0,29.0,165.0,4496.0,3526.0,3224.0,3366.0,8.0,132.0,3161.0,2963.0,42.0,35.0,35.0,30.0,30.0,40.0,32.0,93.0,4923.0,3785.0,2066.0,1989.0,5.0,87.0,2194.0,2436.0,35.0,22.0,29.0,27.0,24.0,31.0,28.0,121.0,2232.0,2256.0,1502.0,1823.0,3.0,100.0,1583.0,2116.0,39.0,31.0,15.0,17.0,14.0,21.0,20.0,114.0,1995.0,2022.0,1416.0,1778.0,3.0,102.0,1469.0,1985.0,36.0,32.0,32.0,27.0,24.0,41.0,30.0,128.0,1916.0,1912.0,1382.0,1750.0,4.0,116.0,1394.0,1833.0,24.0,41.0,29.0,36.0,28.0,40.0,33.0,93.0,1916.0,1925.0,1377.0,1729.0,6.0,99.0,1412.0,1860.0,31.0,26.0,37.0,24.0,31.0,45.0,29.0,114.0,1953.0,1915.0,1355.0,1747.0,5.0,113.0,1425.0,1901.0,37.0,27.0,21.0,24.0,24.0,37.0,27.0,113.0,1913.0,1949.0,1397.0,1764.0,6.0,100.0,1430.0,1881.0,42.0,27.0,26.0,18.0,26.0,38.0,36.0,157.0,1944.0,1954.0,1397.0,1719.0,6.0,118.0,1434.0,1840.0,38.0,29.0,36.0,22.0,22.0,31.0,30.0,155.0,1947.0,1952.0,1371.0,1701.0,10.0,91.0,1397.0,1822.0,57.0,32.0,31.0,25.0,23.0,31.0,49.0,174.0,1990.0,1930.0,1365.0,1713.0,10.0,118.0,1417.0,1799.0,49.0,28.0,28.0,22.0,18.0,40.0,22.0,ferret
343.0,1798.0,2164.0,1472.0,1256.0,170.0,87.0,797.0,3373.0,100.0,51.0,59.0,123.0,137.0,175.0,171.0,112.0,4531.0,4579.0,4349.0,3836.0,15.0,14.0,5183.0,3424.0,12.0,11.0,6.0,19.0,9.0,13.0,12.0,40.0,9963.0,5551.0,10259.0,10050.0,13.0,12.0,11138.0,3282.0,8.0,4.0,6.0,14.0,5.0,4.0,5.0,65.0,6702.0,4576.0,3895.0,7792.0,13.0,14.0,9208.0,3050.0,11.0,11.0,7.0,18.0,10.0,6.0,8.0,76.0,4946.0,3201.0,2534.0,4752.0,8.0,14.0,7167.0,3075.0,9.0,7.0,7.0,31.0,8.0,8.0,10.0,85.0,4334.0,3256.0,2255.0,2582.0,12.0,15.0,3031.0,3187.0,16.0,10.0,10.0,27.0,13.0,12.0,16.0,46.0,3370.0,3162.0,1569.0,1199.0,12.0,5.0,797.0,3466.0,4.0,5.0,4.0,13.0,6.0,10.0,7.0,46.0,1506.0,2245.0,1370.0,1064.0,9.0,11.0,670.0,3440.0,3.0,6.0,5.0,20.0,4.0,7.0,5.0,58.0,1434.0,2014.0,1284.0,1007.0,12.0,12.0,611.0,3303.0,5.0,5.0,7.0,11.0,4.0,11.0,9.0,54.0,1380.0,1915.0,1292.0,984.0,7.0,13.0,639.0,3130.0,7.0,9.0,7.0,21.0,9.0,13.0,11.0,29.0,1360.0,1897.0,1270.0,981.0,11.0,14.0,613.0,3146.0,10.0,10.0,9.0,19.0,11.0,12.0,13.0,34.0,1330.0,1926.0,1250.0,977.0,7.0,7.0,593.0,3167.0,4.0,3.0,4.0,11.0,5.0,8.0,9.0,50.0,1370.0,1935.0,1281.0,1016.0,12.0,7.0,617.0,3137.0,8.0,6.0,7.0,27.0,16.0,15.0,14.0,74.0,1394.0,1939.0,1286.0,990.0,12.0,11.0,632.0,3113.0,15.0,12.0,7.0,17.0,11.0,17.0,13.0,101.0,1368.0,1907.0,1251.0,977.0,12.0,12.0,607.0,3073.0,11.0,8.0,5.0,47.0,11.0,9.0,14.0,89.0,1410.0,1925.0,1253.0,976.0,14.0,9.0,612.0,3051.0,12.0,9.0,7.0,40.0,8.0,11.0,11.0,ferret
311.0,2502.0,1942.0,1922.0,1060.0,158.0,92.0,1203.0,2297.0,107.0,48.0,55.0,98.0,149.0,153.0,163.0,103.0,4042.0,4821.0,2958.0,4595.0,9.0,6.0,5858.0,2412.0,6.0,5.0,5.0,5.0,6.0,11.0,8.0,37.0,5392.0,7158.0,6584.0,10337.0,1.0,1.0,10983.0,4589.0,1.0,1.0,1.0,4.0,3.0,5.0,3.0,54.0,3414.0,4608.0,2344.0,7793.0,3.0,2.0,8039.0,2492.0,2.0,4.0,2.0,3.0,3.0,7.0,5.0,59.0,2339.0,2923.0,2240.0,4027.0,5.0,1.0,4857.0,2258.0,1.0,4.0,2.0,3.0,3.0,12.0,6.0,83.0,2852.0,3067.0,2207.0,2160.0,8.0,5.0,3326.0,3337.0,6.0,4.0,3.0,4.0,5.0,14.0,9.0,45.0,3172.0,3130.0,2138.0,992.0,2.0,2.0,1617.0,3180.0,3.0,2.0,1.0,3.0,2.0,11.0,6.0,50.0,2463.0,1977.0,1893.0,879.0,2.0,2.0,1101.0,2395.0,2.0,3.0,2.0,2.0,2.0,10.0,4.0,55.0,2228.0,1807.0,1787.0,834.0,3.0,1.0,1009.0,2215.0,5.0,3.0,1.0,2.0,3.0,11.0,5.0,57.0,2077.0,1730.0,1756.0,808.0,8.0,3.0,976.0,2114.0,3.0,6.0,3.0,4.0,5.0,15.0,8.0,28.0,2087.0,1699.0,1762.0,812.0,6.0,2.0,984.0,2126.0,3.0,2.0,3.0,1.0,4.0,16.0,7.0,28.0,2105.0,1727.0,1739.0,811.0,5.0,3.0,991.0,2171.0,2.0,1.0,0.0,3.0,3.0,9.0,5.0,57.0,2138.0,1750.0,1759.0,837.0,10.0,2.0,998.0,2146.0,4.0,4.0,2.0,8.0,7.0,25.0,13.0,82.0,2104.0,1750.0,1754.0,829.0,5.0,4.0,998.0,2090.0,6.0,4.0,4.0,5.0,6.0,15.0,12.0,79.0,2115.0,1720.0,1716.0,832.0,10.0,4.0,969.0,2076.0,6.0,10.0,6.0,8.0,8.0,18.0,26.0,86.0,2163.0,1732.0,1699.0,821.0,7.0,4.0,1012.0,2062.0,4.0,6.0,5.0,5.0,6.0,30.0,6.0,ferret
335.0,2728.0,2660.0,1513.0,1577.0,171.0,98.0,1699.0,2527.0,166.0,96.0,83.0,106.0,202.0,210.0,179.0,125.0,3998.0,4813.0,5277.0,4813.0,7.0,6.0,3876.0,2601.0,8.0,6.0,6.0,8.0,17.0,9.0,9.0,49.0,4550.0,4444.0,9974.0,9864.0,2.0,0.0,8797.0,3541.0,1.0,2.0,0.0,2.0,10.0,4.0,1.0,79.0,3239.0,4368.0,4082.0,8162.0,4.0,4.0,4719.0,2515.0,4.0,5.0,4.0,4.0,21.0,8.0,4.0,91.0,2691.0,4391.0,2955.0,4798.0,6.0,3.0,2900.0,2386.0,5.0,4.0,2.0,5.0,27.0,6.0,4.0,97.0,3384.0,3038.0,2502.0,3017.0,7.0,7.0,3066.0,3260.0,4.0,4.0,6.0,5.0,19.0,9.0,8.0,56.0,3627.0,2763.0,1790.0,1418.0,6.0,1.0,2374.0,3845.0,3.0,2.0,2.0,2.0,14.0,6.0,4.0,76.0,2693.0,2649.0,1431.0,1256.0,2.0,3.0,1621.0,2666.0,1.0,4.0,1.0,4.0,12.0,3.0,3.0,70.0,2429.0,2409.0,1304.0,1180.0,5.0,2.0,1537.0,2427.0,3.0,2.0,4.0,3.0,14.0,4.0,3.0,90.0,2302.0,2295.0,1305.0,1164.0,5.0,3.0,1479.0,2285.0,4.0,7.0,6.0,5.0,16.0,8.0,7.0,53.0,2298.0,2256.0,1309.0,1157.0,5.0,1.0,1488.0,2317.0,5.0,2.0,7.0,5.0,15.0,7.0,5.0,47.0,2293.0,2295.0,1263.0,1173.0,3.0,2.0,1472.0,2359.0,2.0,2.0,4.0,6.0,13.0,4.0,3.0,61.0,2279.0,2301.0,1286.0,1199.0,7.0,2.0,1490.0,2329.0,4.0,3.0,3.0,2.0,28.0,14.0,4.0,96.0,2299.0,2313.0,1314.0,1183.0,5.0,4.0,1503.0,2292.0,6.0,6.0,7.0,9.0,14.0,16.0,12.0,114.0,2309.0,2288.0,1269.0,1172.0,9.0,4.0,1459.0,2257.0,7.0,6.0,7.0,6.0,46.0,8.0,7.0,92.0,2350.0,2273.0,1257.0,1191.0,7.0,4.0,1471.0,2283.0,5.0,4.0,4.0,4.0,30.0,6.0,6.0,ferret
335.0,2451.0,2916.0,1302.0,1489.0,137.0,76.0,1787.0,2508.0,126.0,75.0,63.0,96.0,178.0,153.0,155.0,81.0,4364.0,4099.0,4187.0,4151.0,5.0,6.0,3499.0,2609.0,4.0,5.0,4.0,6.0,5.0,8.0,5.0,41.0,7004.0,3692.0,10788.0,8984.0,0.0,1.0,7092.0,3733.0,0.0,0.0,0.0,2.0,2.0,3.0,3.0,61.0,4800.0,2889.0,10903.0,9565.0,2.0,4.0,3209.0,2453.0,3.0,2.0,1.0,3.0,0.0,4.0,2.0,60.0,3346.0,2648.0,5238.0,5907.0,1.0,2.0,2417.0,2370.0,2.0,0.0,2.0,2.0,3.0,6.0,5.0,73.0,3483.0,3043.0,1751.0,3706.0,6.0,4.0,2515.0,3146.0,4.0,2.0,2.0,4.0,5.0,7.0,4.0,40.0,4052.0,3685.0,916.0,1382.0,2.0,4.0,2191.0,3441.0,1.0,2.0,0.0,3.0,1.0,3.0,4.0,44.0,2506.0,3094.0,877.0,1334.0,2.0,2.0,1815.0,2555.0,3.0,0.0,2.0,1.0,4.0,4.0,4.0,59.0,2234.0,2787.0,801.0,1273.0,2.0,4.0,1690.0,2425.0,3.0,2.0,1.0,3.0,2.0,6.0,4.0,68.0,2123.0,2671.0,796.0,1222.0,4.0,3.0,1619.0,2268.0,4.0,3.0,2.0,4.0,7.0,5.0,5.0,41.0,2079.0,2638.0,799.0,1198.0,3.0,4.0,1609.0,2311.0,3.0,2.0,2.0,3.0,5.0,8.0,5.0,37.0,2102.0,2660.0,821.0,1208.0,3.0,2.0,1626.0,2339.0,4.0,1.0,0.0,1.0,2.0,4.0,4.0,51.0,2133.0,2658.0,810.0,1240.0,2.0,3.0,1619.0,2322.0,4.0,1.0,3.0,1.0,5.0,5.0,5.0,98.0,2132.0,2662.0,819.0,1229.0,7.0,5.0,1623.0,2281.0,6.0,4.0,3.0,12.0,11.0,16.0,16.0,82.0,2106.0,2642.0,807.0,1194.0,6.0,8.0,1593.0,2269.0,6.0,5.0,6.0,7.0,9.0,10.0,9.0,81.0,2178.0,2637.0,845.0,1196.0,6.0,5.0,1610.0,2253.0,6.0,5.0,5.0,7.0,6.0,8.0,8.0,ferret
2594.0,1766.0,1671.0,1747.0,1724.0,1715.0,3545.0,1798.0,1714.0,1708.0,1674.0,1677.0,1653.0,1682.0,1714.0,1721.0,785.0,14.0,19.0,17.0,17.0,24.0,1912.0,118.0,18.0,30.0,18.0,18.0,19.0,16.0,18.0,17.0,735.0,8.0,2.0,10.0,3.0,4.0,1896.0,100.0,4.0,19.0,5.0,6.0,4.0,8.0,7.0,8.0,773.0,14.0,5.0,15.0,15.0,12.0,1894.0,111.0,13.0,21.0,11.0,13.0,10.0,8.0,14.0,18.0,761.0,14.0,11.0,19.0,11.0,18.0,1900.0,110.0,16.0,24.0,14.0,17.0,19.0,15.0,17.0,20.0,745.0,13.0,4.0,13.0,12.0,12.0,1895.0,109.0,15.0,17.0,10.0,11.0,11.0,9.0,14.0,16.0,720.0,16.0,6.0,8.0,8.0,10.0,1906.0,105.0,7.0,19.0,10.0,8.0,7.0,5.0,16.0,11.0,753.0,34.0,28.0,26.0,23.0,29.0,1910.0,106.0,35.0,36.0,24.0,20.0,19.0,24.0,30.0,34.0,755.0,14.0,13.0,23.0,16.0,13.0,1904.0,117.0,13.0,34.0,23.0,18.0,15.0,11.0,18.0,27.0,755.0,9.0,6.0,14.0,10.0,10.0,1893.0,114.0,11.0,30.0,12.0,12.0,11.0,10.0,15.0,17.0,744.0,16.0,7.0,12.0,10.0,9.0,1889.0,104.0,14.0,22.0,10.0,9.0,11.0,14.0,13.0,14.0,732.0,11.0,2.0,8.0,8.0,6.0,1880.0,79.0,13.0,13.0,8.0,4.0,8.0,5.0,8.0,9.0,711.0,14.0,5.0,16.0,11.0,14.0,1892.0,90.0,12.0,14.0,10.0,10.0,10.0,10.0,14.0,17.0,728.0,14.0,6.0,14.0,12.0,13.0,1888.0,91.0,16.0,17.0,15.0,15.0,18.0,9.0,20.0,20.0,739.0,15.0,7.0,18.0,12.0,13.0,1892.0,85.0,13.0,16.0,13.0,13.0,13.0,11.0,14.0,16.0,751.0,11.0,7.0,14.0,13.0,16.0,1900.0,105.0,15.0,17.0,13.0,16.0,15.0,10.0,17.0,18.0,ferret
460.0,2752.0,2865.0,1481.0,881.0,498.0,113.0,1796.0,2781.0,138.0,102.0,89.0,150.0,176.0,233.0,196.0,113.0,5273.0,4328.0,3175.0,3754.0,169.0,4.0,4183.0,2608.0,5.0,5.0,5.0,3.0,4.0,6.0,5.0,75.0,5215.0,4092.0,8962.0,10030.0,195.0,0.0,8920.0,2541.0,1.0,1.0,0.0,3.0,2.0,3.0,3.0,96.0,4764.0,3231.0,3561.0,9416.0,206.0,3.0,4044.0,2311.0,3.0,4.0,2.0,2.0,4.0,6.0,3.0,86.0,4665.0,3030.0,2922.0,3713.0,215.0,4.0,3065.0,2392.0,2.0,4.0,4.0,2.0,5.0,4.0,3.0,109.0,3195.0,3316.0,2444.0,1330.0,199.0,9.0,3199.0,2623.0,5.0,7.0,8.0,5.0,8.0,10.0,8.0,64.0,2486.0,3244.0,1589.0,689.0,162.0,3.0,2485.0,2757.0,2.0,2.0,2.0,5.0,4.0,6.0,5.0,73.0,2494.0,2907.0,1307.0,603.0,191.0,1.0,1737.0,2580.0,3.0,2.0,3.0,2.0,2.0,4.0,2.0,85.0,2440.0,2671.0,1207.0,605.0,244.0,6.0,1613.0,2426.0,4.0,6.0,8.0,3.0,9.0,7.0,5.0,79.0,2271.0,2507.0,1199.0,576.0,186.0,5.0,1556.0,2304.0,3.0,3.0,2.0,4.0,4.0,10.0,5.0,58.0,2250.0,2485.0,1178.0,572.0,218.0,1.0,1566.0,2353.0,3.0,2.0,1.0,2.0,3.0,6.0,5.0,53.0,2278.0,2518.0,1176.0,575.0,192.0,1.0,1559.0,2364.0,3.0,1.0,2.0,3.0,5.0,8.0,5.0,85.0,2270.0,2500.0,1217.0,583.0,218.0,4.0,1558.0,2366.0,4.0,3.0,3.0,4.0,6.0,10.0,5.0,94.0,2269.0,2535.0,1216.0,600.0,199.0,4.0,1581.0,2316.0,4.0,5.0,3.0,5.0,7.0,13.0,7.0,124.0,2287.0,2493.0,1167.0,602.0,208.0,6.0,1537.0,2291.0,7.0,7.0,7.0,7.0,10.0,13.0,9.0,109.0,2355.0,2499.0,1185.0,622.0,233.0,7.0,1568.0,2328.0,5.0,6.0,4.0,7.0,7.0,10.0,9.0,ferret
267.0,3282.0,2784.0,1965.0,1421.0,156.0,90.0,1764.0,303.0,104.0,52.0,57.0,87.0,132.0,179.0,144.0,90.0,4040.0,4020.0,3033.0,4859.0,18.0,4.0,3567.0,113.0,5.0,5.0,3.0,6.0,5.0,9.0,6.0,46.0,3776.0,4126.0,8012.0,8437.0,15.0,0.0,9261.0,137.0,2.0,1.0,0.0,3.0,0.0,5.0,3.0,74.0,3130.0,3016.0,2985.0,3082.0,19.0,1.0,4020.0,133.0,2.0,2.0,1.0,3.0,5.0,5.0,3.0,71.0,2771.0,2502.0,2714.0,3068.0,17.0,2.0,3182.0,160.0,3.0,3.0,3.0,4.0,3.0,14.0,5.0,94.0,3039.0,3111.0,2633.0,2834.0,14.0,4.0,3347.0,153.0,5.0,5.0,2.0,11.0,6.0,29.0,16.0,51.0,3942.0,3943.0,1987.0,1746.0,14.0,2.0,2646.0,111.0,3.0,1.0,2.0,5.0,5.0,7.0,4.0,68.0,3277.0,2964.0,1917.0,1340.0,11.0,2.0,1680.0,133.0,2.0,2.0,2.0,5.0,5.0,6.0,4.0,77.0,3026.0,2672.0,1806.0,1251.0,18.0,5.0,1581.0,124.0,7.0,8.0,3.0,6.0,8.0,46.0,10.0,57.0,2866.0,2522.0,1755.0,1224.0,17.0,1.0,1526.0,123.0,3.0,2.0,2.0,4.0,7.0,16.0,7.0,32.0,2826.0,2510.0,1748.0,1204.0,20.0,2.0,1527.0,128.0,2.0,0.0,1.0,3.0,5.0,20.0,3.0,32.0,2878.0,2528.0,1743.0,1202.0,10.0,1.0,1534.0,108.0,2.0,2.0,3.0,3.0,3.0,7.0,3.0,47.0,2850.0,2549.0,1747.0,1212.0,11.0,3.0,1540.0,144.0,1.0,2.0,1.0,3.0,6.0,11.0,4.0,75.0,2862.0,2555.0,1780.0,1208.0,16.0,4.0,1553.0,137.0,4.0,4.0,3.0,6.0,8.0,23.0,6.0,92.0,2879.0,2524.0,1739.0,1211.0,15.0,6.0,1506.0,191.0,7.0,7.0,10.0,7.0,9.0,13.0,9.0,79.0,2929.0,2525.0,1693.0,1200.0,20.0,4.0,1539.0,174.0,7.0,4.0,3.0,4.0,7.0,7.0,4.0,ferret
297.0,2920.0,758.0,1390.0,1324.0,462.0,102.0,1475.0,360.0,149.0,71.0,85.0,115.0,151.0,177.0,146.0,104.0,3648.0,793.0,4933.0,5639.0,164.0,6.0,4086.0,114.0,5.0,6.0,5.0,4.0,5.0,4.0,4.0,45.0,4250.0,569.0,9989.0,11419.0,217.0,2.0,8559.0,115.0,6.0,2.0,3.0,2.0,4.0,5.0,2.0,61.0,3002.0,544.0,3933.0,6505.0,188.0,3.0,7685.0,117.0,4.0,4.0,3.0,0.0,1.0,3.0,1.0,77.0,2425.0,557.0,2646.0,4519.0,195.0,2.0,5928.0,119.0,4.0,2.0,2.0,1.0,2.0,4.0,1.0,92.0,2833.0,605.0,2510.0,3224.0,192.0,9.0,3303.0,148.0,5.0,5.0,3.0,6.0,7.0,12.0,9.0,59.0,4119.0,591.0,1521.0,1149.0,135.0,2.0,1715.0,90.0,2.0,2.0,1.0,2.0,4.0,4.0,5.0,71.0,3068.0,578.0,1302.0,1101.0,162.0,3.0,1354.0,105.0,4.0,3.0,2.0,2.0,2.0,3.0,2.0,87.0,2646.0,568.0,1194.0,1055.0,178.0,6.0,1252.0,100.0,8.0,2.0,4.0,7.0,3.0,12.0,9.0,81.0,2480.0,510.0,1227.0,990.0,155.0,3.0,1190.0,94.0,5.0,5.0,2.0,3.0,3.0,7.0,5.0,40.0,2458.0,521.0,1171.0,975.0,173.0,3.0,1178.0,134.0,5.0,6.0,4.0,3.0,4.0,5.0,5.0,47.0,2484.0,522.0,1159.0,979.0,160.0,2.0,1188.0,110.0,1.0,2.0,1.0,4.0,3.0,4.0,2.0,64.0,2526.0,540.0,1191.0,1038.0,204.0,2.0,1210.0,112.0,4.0,2.0,1.0,2.0,8.0,5.0,5.0,81.0,2512.0,548.0,1224.0,1010.0,180.0,4.0,1203.0,101.0,6.0,3.0,2.0,6.0,5.0,8.0,6.0,92.0,2483.0,560.0,1188.0,986.0,219.0,4.0,1158.0,113.0,10.0,6.0,4.0,5.0,6.0,9.0,9.0,78.0,2554.0,560.0,1175.0,1013.0,205.0,4.0,1204.0,122.0,7.0,4.0,1.0,4.0,5.0,6.0,5.0,ferret
331.0,1274.0,159.0,1780.0,1112.0,421.0,110.0,1804.0,292.0,134.0,85.0,75.0,109.0,125.0,205.0,137.0,99.0,1267.0,50.0,2810.0,4950.0,198.0,5.0,2923.0,91.0,4.0,7.0,5.0,9.0,7.0,13.0,10.0,60.0,1019.0,35.0,7448.0,10427.0,216.0,1.0,5680.0,86.0,6.0,11.0,6.0,10.0,7.0,27.0,16.0,69.0,957.0,38.0,2774.0,6778.0,205.0,1.0,4138.0,89.0,3.0,11.0,2.0,3.0,3.0,9.0,4.0,74.0,908.0,56.0,2545.0,3381.0,207.0,2.0,3351.0,90.0,2.0,13.0,2.0,3.0,2.0,14.0,1.0,90.0,1023.0,59.0,2386.0,2477.0,192.0,6.0,2784.0,124.0,2.0,13.0,5.0,10.0,6.0,30.0,14.0,61.0,967.0,33.0,1829.0,1015.0,132.0,2.0,1946.0,65.0,3.0,11.0,1.0,3.0,3.0,8.0,4.0,71.0,1033.0,27.0,1742.0,883.0,171.0,1.0,1688.0,81.0,1.0,10.0,2.0,2.0,2.0,9.0,2.0,68.0,972.0,37.0,1624.0,848.0,199.0,6.0,1605.0,85.0,6.0,10.0,3.0,5.0,4.0,22.0,7.0,74.0,907.0,35.0,1559.0,820.0,176.0,3.0,1546.0,81.0,3.0,10.0,1.0,2.0,3.0,14.0,5.0,42.0,910.0,36.0,1571.0,807.0,198.0,4.0,1537.0,103.0,4.0,11.0,4.0,3.0,3.0,36.0,6.0,44.0,919.0,26.0,1547.0,801.0,175.0,3.0,1547.0,85.0,1.0,9.0,0.0,2.0,1.0,11.0,3.0,62.0,936.0,42.0,1567.0,833.0,211.0,2.0,1555.0,89.0,2.0,10.0,3.0,2.0,5.0,16.0,1.0,68.0,971.0,32.0,1583.0,821.0,175.0,3.0,1558.0,82.0,4.0,11.0,4.0,3.0,5.0,17.0,4.0,105.0,980.0,78.0,1561.0,824.0,217.0,5.0,1528.0,94.0,6.0,20.0,6.0,9.0,4.0,14.0,9.0,75.0,1004.0,50.0,1538.0,798.0,220.0,4.0,1561.0,99.0,5.0,9.0,5.0,3.0,3.0,5.0,7.0,ferret
169.0,157.0,44.0,1122.0,1190.0,81.0,50.0,2293.0,104.0,65.0,33.0,20.0,32.0,70.0,77.0,50.0,57.0,31.0,7.0,4913.0,4474.0,20.0,2.0,3188.0,35.0,6.0,5.0,9.0,6.0,6.0,13.0,13.0,23.0,35.0,6.0,11610.0,11177.0,15.0,1.0,5461.0,23.0,1.0,1.0,0.0,2.0,3.0,5.0,2.0,50.0,32.0,12.0,11455.0,8542.0,19.0,4.0,2829.0,30.0,4.0,5.0,3.0,3.0,3.0,3.0,1.0,35.0,49.0,3.0,5728.0,4614.0,20.0,2.0,2686.0,18.0,2.0,3.0,3.0,2.0,0.0,2.0,1.0,46.0,55.0,11.0,2669.0,2634.0,20.0,4.0,2906.0,28.0,4.0,4.0,3.0,8.0,3.0,22.0,10.0,26.0,27.0,3.0,931.0,1107.0,14.0,1.0,2593.0,27.0,1.0,2.0,0.0,1.0,3.0,1.0,2.0,41.0,24.0,5.0,877.0,1040.0,13.0,3.0,2312.0,31.0,3.0,3.0,3.0,1.0,1.0,1.0,1.0,42.0,38.0,2.0,815.0,990.0,15.0,3.0,2201.0,23.0,5.0,2.0,2.0,2.0,3.0,4.0,3.0,36.0,35.0,2.0,827.0,964.0,17.0,1.0,2086.0,27.0,3.0,5.0,1.0,2.0,3.0,3.0,1.0,18.0,30.0,4.0,787.0,951.0,18.0,2.0,2099.0,18.0,3.0,2.0,3.0,1.0,2.0,0.0,5.0,13.0,20.0,0.0,803.0,979.0,10.0,1.0,2131.0,22.0,2.0,1.0,1.0,3.0,3.0,2.0,2.0,20.0,38.0,3.0,833.0,988.0,15.0,3.0,2133.0,28.0,2.0,3.0,1.0,1.0,5.0,3.0,1.0,44.0,37.0,5.0,842.0,973.0,13.0,3.0,2118.0,22.0,2.0,3.0,2.0,6.0,4.0,4.0,4.0,45.0,64.0,2.0,806.0,959.0,17.0,5.0,2066.0,24.0,2.0,3.0,3.0,1.0,3.0,6.0,4.0,33.0,55.0,3.0,836.0,982.0,19.0,2.0,2096.0,33.0,2.0,7.0,3.0,2.0,4.0,4.0,4.0,ferret
146.0,95.0,44.0,1474.0,1160.0,71.0,36.0,2416.0,63.0,32.0,27.0,32.0,21.0,44.0,49.0,56.0,47.0,4.0,9.0,5856.0,4959.0,6.0,3.0,2598.0,5.0,3.0,4.0,6.0,5.0,4.0,15.0,5.0,25.0,2.0,2.0,11480.0,10429.0,6.0,1.0,5258.0,2.0,2.0,1.0,8.0,2.0,2.0,6.0,1.0,35.0,4.0,2.0,8765.0,7897.0,4.0,2.0,2731.0,1.0,1.0,1.0,7.0,0.0,2.0,7.0,1.0,22.0,2.0,2.0,6586.0,5414.0,4.0,0.0,2458.0,3.0,0.0,2.0,8.0,2.0,0.0,13.0,1.0,38.0,4.0,3.0,3787.0,3169.0,2.0,4.0,2954.0,3.0,1.0,2.0,10.0,4.0,1.0,12.0,4.0,20.0,3.0,1.0,1386.0,1188.0,2.0,1.0,2817.0,2.0,1.0,1.0,10.0,1.0,0.0,3.0,1.0,30.0,2.0,1.0,851.0,1078.0,3.0,1.0,2430.0,5.0,1.0,3.0,4.0,1.0,1.0,5.0,3.0,31.0,4.0,2.0,816.0,1009.0,3.0,2.0,2358.0,4.0,3.0,2.0,5.0,2.0,3.0,12.0,1.0,22.0,4.0,3.0,819.0,988.0,1.0,0.0,2256.0,3.0,0.0,3.0,5.0,0.0,0.0,8.0,2.0,16.0,4.0,2.0,806.0,978.0,4.0,1.0,2248.0,5.0,1.0,2.0,13.0,0.0,4.0,16.0,2.0,15.0,3.0,4.0,765.0,978.0,6.0,1.0,2262.0,4.0,1.0,4.0,6.0,2.0,1.0,23.0,0.0,15.0,7.0,2.0,830.0,1008.0,7.0,1.0,2281.0,5.0,2.0,0.0,5.0,0.0,0.0,16.0,1.0,24.0,5.0,3.0,842.0,984.0,3.0,1.0,2274.0,7.0,2.0,3.0,9.0,1.0,1.0,11.0,0.0,22.0,7.0,3.0,852.0,966.0,4.0,1.0,2208.0,5.0,4.0,6.0,20.0,4.0,5.0,7.0,6.0,32.0,6.0,3.0,821.0,979.0,3.0,2.0,2248.0,3.0,2.0,2.0,6.0,1.0,0.0,6.0,0.0,ferret
139.0,100.0,46.0,1273.0,1173.0,72.0,25.0,2123.0,56.0,37.0,23.0,21.0,22.0,52.0,51.0,42.0,57.0,3.0,15.0,4773.0,3986.0,4.0,4.0,2312.0,5.0,6.0,4.0,6.0,4.0,4.0,7.0,5.0,21.0,4.0,11.0,11229.0,9013.0,2.0,2.0,6237.0,4.0,0.0,2.0,0.0,0.0,0.0,2.0,0.0,34.0,4.0,11.0,8896.0,7042.0,1.0,2.0,2759.0,4.0,2.0,4.0,2.0,4.0,1.0,2.0,2.0,30.0,2.0,10.0,5560.0,4109.0,3.0,2.0,2134.0,1.0,0.0,3.0,3.0,1.0,1.0,2.0,3.0,41.0,4.0,13.0,3581.0,2882.0,4.0,4.0,2684.0,3.0,1.0,2.0,3.0,2.0,2.0,4.0,3.0,18.0,2.0,6.0,1177.0,1414.0,2.0,0.0,2751.0,3.0,1.0,1.0,0.0,1.0,1.0,2.0,1.0,37.0,3.0,13.0,1065.0,1101.0,2.0,2.0,2170.0,6.0,2.0,3.0,3.0,2.0,1.0,3.0,1.0,32.0,6.0,11.0,979.0,1021.0,2.0,1.0,2053.0,2.0,4.0,3.0,2.0,2.0,3.0,2.0,2.0,20.0,4.0,4.0,1017.0,1002.0,3.0,2.0,1968.0,1.0,3.0,4.0,0.0,2.0,3.0,2.0,2.0,14.0,2.0,8.0,974.0,997.0,3.0,2.0,1942.0,3.0,3.0,2.0,3.0,1.0,2.0,3.0,3.0,10.0,5.0,3.0,950.0,993.0,2.0,0.0,1965.0,2.0,1.0,1.0,0.0,3.0,1.0,2.0,3.0,15.0,1.0,4.0,1032.0,1003.0,3.0,1.0,1967.0,2.0,1.0,1.0,1.0,2.0,3.0,2.0,0.0,30.0,6.0,7.0,1024.0,1005.0,3.0,1.0,1943.0,2.0,1.0,4.0,0.0,1.0,0.0,4.0,5.0,28.0,2.0,6.0,991.0,987.0,2.0,3.0,1912.0,4.0,3.0,3.0,2.0,3.0,5.0,6.0,5.0,23.0,4.0,9.0,973.0,998.0,3.0,1.0,1935.0,1.0,1.0,2.0,0.0,0.0,4.0,2.0,1.0,ferret
136.0,75.0,34.0,1123.0,1500.0,62.0,29.0,2453.0,45.0,58.0,20.0,32.0,51.0,38.0,70.0,50.0,43.0,4.0,7.0,5589.0,4527.0,4.0,3.0,2676.0,5.0,13.0,4.0,1.0,5.0,6.0,13.0,5.0,19.0,2.0,0.0,10897.0,8947.0,2.0,0.0,4906.0,1.0,12.0,1.0,0.0,12.0,3.0,8.0,2.0,35.0,1.0,2.0,4387.0,4333.0,2.0,1.0,2566.0,1.0,13.0,2.0,1.0,8.0,1.0,6.0,3.0,31.0,1.0,0.0,3025.0,3172.0,4.0,1.0,2621.0,0.0,20.0,2.0,1.0,9.0,0.0,14.0,3.0,37.0,6.0,0.0,2712.0,2756.0,0.0,2.0,2859.0,1.0,11.0,4.0,0.0,11.0,2.0,9.0,3.0,20.0,1.0,1.0,1626.0,1759.0,2.0,1.0,2795.0,2.0,5.0,2.0,0.0,8.0,1.0,2.0,2.0,26.0,1.0,1.0,1097.0,1499.0,2.0,0.0,2456.0,2.0,10.0,1.0,1.0,5.0,0.0,6.0,3.0,28.0,3.0,2.0,995.0,1403.0,2.0,1.0,2369.0,0.0,9.0,4.0,0.0,4.0,0.0,12.0,5.0,20.0,1.0,0.0,1014.0,1353.0,3.0,0.0,2293.0,3.0,4.0,4.0,4.0,8.0,1.0,15.0,5.0,13.0,4.0,3.0,987.0,1348.0,2.0,1.0,2299.0,1.0,8.0,2.0,1.0,8.0,1.0,14.0,4.0,19.0,1.0,1.0,962.0,1353.0,0.0,1.0,2330.0,0.0,4.0,1.0,0.0,11.0,1.0,7.0,3.0,21.0,3.0,1.0,1001.0,1378.0,3.0,1.0,2331.0,1.0,16.0,3.0,2.0,8.0,6.0,35.0,4.0,24.0,3.0,1.0,1036.0,1338.0,1.0,1.0,2329.0,2.0,10.0,1.0,1.0,9.0,0.0,11.0,4.0,35.0,5.0,3.0,985.0,1329.0,5.0,2.0,2257.0,3.0,34.0,5.0,5.0,16.0,1.0,15.0,7.0,25.0,2.0,0.0,984.0,1333.0,3.0,0.0,2277.0,2.0,23.0,3.0,3.0,9.0,4.0,4.0,6.0,ferret
93.0,103.0,36.0,1186.0,1135.0,56.0,26.0,1734.0,43.0,32.0,16.0,28.0,62.0,52.0,57.0,46.0,49.0,11.0,5.0,4836.0,4767.0,6.0,2.0,2361.0,4.0,3.0,4.0,1.0,6.0,4.0,5.0,5.0,23.0,21.0,1.0,10893.0,10050.0,2.0,0.0,6263.0,1.0,1.0,1.0,1.0,1.0,2.0,0.0,2.0,33.0,13.0,3.0,8572.0,5984.0,1.0,2.0,2767.0,2.0,4.0,3.0,2.0,4.0,3.0,2.0,2.0,27.0,7.0,3.0,5391.0,4033.0,2.0,1.0,2124.0,1.0,2.0,3.0,1.0,1.0,2.0,0.0,2.0,33.0,9.0,3.0,3490.0,2678.0,3.0,6.0,2565.0,3.0,0.0,1.0,2.0,3.0,3.0,2.0,2.0,15.0,10.0,0.0,1391.0,1325.0,1.0,1.0,2360.0,1.0,2.0,1.0,1.0,1.0,2.0,3.0,1.0,22.0,8.0,1.0,1085.0,1062.0,1.0,3.0,1789.0,4.0,3.0,3.0,2.0,3.0,2.0,0.0,1.0,23.0,9.0,0.0,1003.0,982.0,3.0,2.0,1683.0,2.0,3.0,1.0,1.0,2.0,1.0,2.0,0.0,26.0,5.0,2.0,1019.0,1008.0,4.0,6.0,1595.0,3.0,0.0,3.0,0.0,6.0,1.0,9.0,4.0,12.0,8.0,2.0,1008.0,988.0,2.0,1.0,1601.0,2.0,3.0,2.0,3.0,2.0,3.0,0.0,5.0,15.0,6.0,2.0,980.0,944.0,3.0,0.0,1634.0,1.0,0.0,1.0,0.0,3.0,1.0,0.0,2.0,31.0,11.0,1.0,1026.0,1000.0,2.0,1.0,1652.0,2.0,3.0,3.0,1.0,2.0,3.0,3.0,2.0,30.0,6.0,3.0,1020.0,976.0,2.0,2.0,1624.0,0.0,2.0,1.0,1.0,2.0,2.0,5.0,6.0,32.0,6.0,3.0,1003.0,979.0,3.0,3.0,1577.0,4.0,5.0,1.0,2.0,3.0,5.0,2.0,7.0,28.0,13.0,2.0,990.0,961.0,3.0,3.0,1617.0,4.0,3.0,2.0,2.0,1.0,4.0,5.0,1.0,ferret
109.0,85.0,17.0,1167.0,1402.0,85.0,24.0,1838.0,35.0,32.0,22.0,20.0,27.0,50.0,72.0,49.0,44.0,4.0,7.0,5233.0,3517.0,13.0,3.0,2750.0,4.0,3.0,4.0,4.0,3.0,8.0,14.0,6.0,13.0,0.0,1.0,10864.0,8948.0,14.0,1.0,5997.0,2.0,1.0,2.0,1.0,1.0,7.0,10.0,1.0,29.0,1.0,0.0,6864.0,3319.0,11.0,1.0,3452.0,0.0,0.0,4.0,3.0,1.0,7.0,6.0,2.0,28.0,2.0,1.0,4606.0,2445.0,26.0,3.0,3310.0,2.0,0.0,2.0,0.0,2.0,6.0,18.0,4.0,38.0,3.0,4.0,3540.0,2091.0,10.0,2.0,2875.0,4.0,5.0,4.0,4.0,5.0,11.0,28.0,7.0,18.0,2.0,1.0,1144.0,1494.0,10.0,1.0,2142.0,0.0,1.0,2.0,0.0,1.0,9.0,6.0,2.0,24.0,2.0,1.0,1092.0,1375.0,7.0,0.0,1862.0,2.0,0.0,2.0,1.0,0.0,4.0,8.0,2.0,23.0,2.0,0.0,1005.0,1301.0,6.0,0.0,1754.0,3.0,3.0,1.0,1.0,1.0,5.0,14.0,3.0,21.0,2.0,0.0,1025.0,1257.0,17.0,3.0,1675.0,1.0,2.0,5.0,0.0,2.0,4.0,18.0,1.0,16.0,4.0,2.0,971.0,1257.0,8.0,2.0,1654.0,3.0,2.0,2.0,3.0,2.0,7.0,17.0,3.0,12.0,0.0,0.0,973.0,1255.0,7.0,0.0,1690.0,1.0,1.0,1.0,2.0,3.0,6.0,11.0,3.0,16.0,3.0,0.0,1020.0,1281.0,14.0,1.0,1712.0,1.0,1.0,2.0,1.0,2.0,12.0,18.0,3.0,22.0,6.0,1.0,1027.0,1248.0,17.0,2.0,1704.0,1.0,3.0,3.0,1.0,1.0,8.0,29.0,1.0,33.0,5.0,2.0,968.0,1243.0,47.0,2.0,1647.0,2.0,2.0,6.0,5.0,5.0,16.0,15.0,7.0,28.0,3.0,2.0,973.0,1240.0,20.0,3.0,1668.0,3.0,1.0,4.0,2.0,4.0,7.0,6.0,2.0,ferret
2996.0,1933.0,1853.0,1949.0,1938.0,1924.0,3724.0,1893.0,1904.0,1908.0,1852.0,1913.0,1881.0,1960.0,1986.0,1936.0,972.0,15.0,20.0,21.0,24.0,19.0,1880.0,17.0,18.0,17.0,18.0,22.0,14.0,20.0,20.0,16.0,929.0,7.0,6.0,11.0,7.0,5.0,1864.0,4.0,5.0,5.0,5.0,18.0,5.0,7.0,8.0,6.0,982.0,7.0,7.0,7.0,12.0,16.0,1869.0,9.0,12.0,14.0,9.0,21.0,11.0,12.0,13.0,9.0,980.0,11.0,10.0,14.0,18.0,16.0,1872.0,7.0,16.0,16.0,15.0,35.0,10.0,18.0,17.0,16.0,970.0,11.0,7.0,8.0,9.0,11.0,1867.0,9.0,9.0,13.0,8.0,24.0,11.0,9.0,11.0,9.0,932.0,9.0,14.0,7.0,14.0,21.0,1871.0,20.0,13.0,16.0,19.0,38.0,14.0,19.0,16.0,20.0,990.0,44.0,41.0,49.0,53.0,57.0,1900.0,43.0,45.0,46.0,44.0,62.0,41.0,45.0,47.0,52.0,969.0,17.0,15.0,22.0,28.0,19.0,1880.0,19.0,24.0,18.0,18.0,22.0,18.0,21.0,23.0,18.0,966.0,20.0,16.0,17.0,18.0,30.0,1872.0,18.0,16.0,18.0,15.0,30.0,12.0,21.0,18.0,19.0,935.0,13.0,7.0,11.0,14.0,16.0,1865.0,10.0,11.0,12.0,10.0,28.0,14.0,16.0,15.0,16.0,943.0,9.0,6.0,9.0,14.0,13.0,1860.0,9.0,12.0,10.0,6.0,15.0,10.0,14.0,17.0,12.0,947.0,12.0,5.0,10.0,12.0,14.0,1865.0,6.0,9.0,13.0,9.0,33.0,8.0,14.0,16.0,10.0,991.0,8.0,6.0,11.0,11.0,15.0,1865.0,7.0,11.0,13.0,13.0,21.0,10.0,16.0,13.0,8.0,996.0,10.0,6.0,9.0,11.0,12.0,1864.0,10.0,11.0,14.0,8.0,56.0,8.0,15.0,14.0,11.0,974.0,9.0,8.0,10.0,11.0,14.0,1868.0,11.0,10.0,13.0,7.0,40.0,10.0,16.0,16.0,10.0,ferret
107.0,93.0,33.0,1837.0,1178.0,86.0,45.0,1884.0,52.0,49.0,32.0,29.0,62.0,56.0,60.0,51.0,55.0,2.0,6.0,4125.0,4566.0,2.0,3.0,2914.0,1.0,3.0,4.0,3.0,4.0,2.0,2.0,3.0,19.0,4.0,0.0,8531.0,12269.0,0.0,1.0,6121.0,1.0,0.0,1.0,0.0,1.0,1.0,5.0,2.0,27.0,1.0,3.0,3657.0,12320.0,4.0,2.0,3113.0,2.0,1.0,2.0,1.0,5.0,1.0,0.0,2.0,28.0,0.0,0.0,3049.0,6604.0,3.0,0.0,2168.0,1.0,1.0,1.0,2.0,2.0,0.0,4.0,1.0,48.0,9.0,6.0,2962.0,2745.0,3.0,5.0,2308.0,2.0,3.0,3.0,1.0,4.0,2.0,12.0,3.0,22.0,0.0,1.0,2455.0,849.0,3.0,1.0,2307.0,2.0,0.0,1.0,1.0,1.0,1.0,3.0,4.0,24.0,2.0,2.0,1861.0,802.0,2.0,2.0,1909.0,4.0,3.0,2.0,2.0,2.0,1.0,1.0,2.0,28.0,4.0,2.0,1745.0,748.0,1.0,3.0,1816.0,1.0,4.0,3.0,0.0,2.0,5.0,3.0,3.0,31.0,3.0,1.0,1728.0,732.0,4.0,0.0,1736.0,3.0,2.0,3.0,1.0,1.0,0.0,6.0,4.0,19.0,3.0,1.0,1731.0,735.0,3.0,1.0,1746.0,3.0,3.0,2.0,3.0,2.0,2.0,3.0,3.0,18.0,3.0,0.0,1708.0,757.0,2.0,2.0,1769.0,0.0,1.0,1.0,1.0,3.0,1.0,3.0,2.0,33.0,3.0,2.0,1737.0,760.0,5.0,1.0,1772.0,3.0,1.0,2.0,1.0,2.0,4.0,6.0,2.0,30.0,2.0,0.0,1745.0,774.0,4.0,1.0,1750.0,1.0,0.0,2.0,3.0,3.0,0.0,6.0,3.0,33.0,3.0,3.0,1716.0,763.0,7.0,2.0,1732.0,5.0,5.0,2.0,4.0,2.0,4.0,5.0,4.0,31.0,2.0,1.0,1685.0,804.0,3.0,1.0,1747.0,3.0,3.0,2.0,2.0,2.0,3.0,3.0,5.0,ferret
320.0,191.0,133.0,2414.0,1400.0,489.0,160.0,816.0,316.0,140.0,98.0,105.0,133.0,146.0,178.0,148.0,86.0,12.0,4.0,5135.0,3938.0,193.0,12.0,611.0,95.0,5.0,4.0,2.0,6.0,5.0,7.0,5.0,75.0,18.0,2.0,11210.0,9276.0,208.0,13.0,602.0,96.0,1.0,1.0,2.0,3.0,1.0,3.0,2.0,84.0,11.0,3.0,6321.0,9235.0,222.0,16.0,554.0,110.0,4.0,2.0,2.0,3.0,2.0,5.0,3.0,81.0,10.0,2.0,5787.0,5164.0,219.0,34.0,589.0,97.0,1.0,2.0,1.0,1.0,1.0,3.0,4.0,88.0,14.0,0.0,2783.0,2365.0,207.0,31.0,665.0,121.0,5.0,4.0,3.0,12.0,5.0,27.0,9.0,72.0,9.0,1.0,1882.0,1255.0,146.0,11.0,573.0,84.0,4.0,3.0,2.0,5.0,4.0,8.0,6.0,76.0,18.0,1.0,1153.0,1106.0,207.0,13.0,560.0,89.0,0.0,1.0,4.0,1.0,3.0,2.0,3.0,69.0,7.0,3.0,1042.0,1061.0,202.0,17.0,574.0,81.0,2.0,1.0,3.0,5.0,1.0,2.0,6.0,75.0,4.0,1.0,1033.0,1004.0,189.0,14.0,516.0,97.0,3.0,4.0,2.0,4.0,3.0,14.0,3.0,53.0,11.0,4.0,1044.0,982.0,184.0,12.0,535.0,104.0,3.0,1.0,2.0,4.0,3.0,4.0,3.0,57.0,6.0,2.0,996.0,991.0,182.0,6.0,504.0,87.0,0.0,0.0,0.0,1.0,2.0,3.0,2.0,73.0,9.0,2.0,1027.0,1006.0,226.0,28.0,543.0,87.0,2.0,1.0,1.0,2.0,5.0,2.0,3.0,78.0,7.0,4.0,1084.0,991.0,192.0,16.0,545.0,78.0,4.0,5.0,3.0,6.0,3.0,7.0,6.0,95.0,10.0,4.0,1047.0,977.0,209.0,52.0,569.0,91.0,4.0,5.0,4.0,4.0,6.0,5.0,4.0,76.0,19.0,6.0,1060.0,1009.0,243.0,38.0,584.0,101.0,5.0,4.0,3.0,3.0,4.0,8.0,3.0,ferret
157.0,76.0,25.0,1198.0,1553.0,64.0,33.0,107.0,40.0,24.0,6.0,19.0,27.0,45.0,78.0,71.0,44.0,5.0,6.0,4577.0,4661.0,2.0,5.0,41.0,1.0,2.0,2.0,5.0,3.0,3.0,9.0,6.0,18.0,2.0,1.0,11448.0,9353.0,1.0,1.0,37.0,0.0,1.0,0.0,0.0,1.0,2.0,4.0,4.0,33.0,2.0,2.0,9204.0,4436.0,0.0,1.0,38.0,1.0,1.0,1.0,2.0,1.0,2.0,1.0,3.0,32.0,3.0,1.0,6051.0,3528.0,1.0,3.0,60.0,1.0,0.0,1.0,1.0,2.0,0.0,12.0,2.0,38.0,9.0,5.0,3264.0,3041.0,2.0,1.0,44.0,2.0,2.0,0.0,1.0,3.0,2.0,11.0,3.0,25.0,4.0,4.0,1170.0,1678.0,4.0,1.0,44.0,2.0,0.0,1.0,1.0,1.0,1.0,8.0,4.0,30.0,0.0,1.0,1100.0,1498.0,3.0,3.0,36.0,5.0,4.0,3.0,4.0,4.0,3.0,33.0,8.0,26.0,4.0,1.0,1016.0,1407.0,1.0,1.0,47.0,0.0,2.0,0.0,1.0,1.0,3.0,17.0,5.0,17.0,5.0,0.0,983.0,1373.0,2.0,2.0,42.0,1.0,3.0,1.0,0.0,2.0,2.0,11.0,2.0,7.0,2.0,0.0,982.0,1350.0,3.0,1.0,44.0,1.0,0.0,2.0,3.0,2.0,1.0,17.0,3.0,14.0,2.0,0.0,993.0,1343.0,0.0,1.0,34.0,0.0,0.0,1.0,0.0,3.0,1.0,9.0,2.0,17.0,2.0,2.0,1008.0,1395.0,4.0,1.0,47.0,2.0,1.0,3.0,1.0,2.0,4.0,10.0,2.0,26.0,3.0,0.0,1010.0,1364.0,6.0,3.0,45.0,1.0,1.0,2.0,1.0,3.0,3.0,16.0,1.0,38.0,2.0,3.0,985.0,1353.0,6.0,2.0,91.0,4.0,4.0,12.0,5.0,3.0,3.0,11.0,7.0,40.0,3.0,1.0,986.0,1338.0,2.0,2.0,65.0,3.0,2.0,3.0,2.0,2.0,1.0,3.0,5.0,ferret
137.0,74.0,25.0,1012.0,1481.0,51.0,21.0,42.0,30.0,40.0,20.0,21.0,16.0,33.0,34.0,42.0,38.0,4.0,5.0,4157.0,4901.0,8.0,3.0,3.0,7.0,4.0,5.0,2.0,2.0,3.0,4.0,2.0,15.0,3.0,0.0,10780.0,8930.0,5.0,1.0,5.0,3.0,1.0,1.0,0.0,2.0,1.0,1.0,0.0,27.0,2.0,2.0,10599.0,3649.0,3.0,4.0,4.0,4.0,2.0,1.0,1.0,4.0,0.0,1.0,2.0,18.0,0.0,1.0,4663.0,2916.0,5.0,0.0,3.0,5.0,1.0,2.0,0.0,1.0,2.0,0.0,0.0,28.0,2.0,2.0,2197.0,2511.0,8.0,6.0,4.0,3.0,2.0,2.0,1.0,1.0,3.0,3.0,2.0,13.0,3.0,0.0,916.0,1698.0,5.0,2.0,3.0,2.0,1.0,2.0,0.0,1.0,1.0,4.0,1.0,30.0,4.0,7.0,880.0,1460.0,11.0,7.0,3.0,6.0,2.0,2.0,2.0,2.0,1.0,6.0,4.0,19.0,2.0,0.0,823.0,1378.0,5.0,1.0,3.0,2.0,2.0,2.0,0.0,1.0,2.0,1.0,1.0,27.0,1.0,1.0,810.0,1362.0,3.0,1.0,0.0,2.0,2.0,4.0,0.0,0.0,1.0,1.0,2.0,14.0,3.0,1.0,792.0,1355.0,5.0,1.0,4.0,4.0,2.0,2.0,3.0,1.0,2.0,0.0,3.0,14.0,2.0,1.0,774.0,1340.0,4.0,0.0,5.0,2.0,0.0,1.0,0.0,2.0,0.0,1.0,0.0,14.0,3.0,1.0,827.0,1361.0,3.0,3.0,2.0,4.0,1.0,1.0,0.0,0.0,2.0,0.0,1.0,20.0,2.0,2.0,817.0,1330.0,5.0,2.0,5.0,7.0,3.0,2.0,0.0,0.0,2.0,3.0,3.0,21.0,3.0,4.0,789.0,1323.0,6.0,3.0,6.0,5.0,1.0,1.0,2.0,1.0,1.0,3.0,4.0,24.0,2.0,3.0,800.0,1319.0,4.0,2.0,3.0,2.0,2.0,2.0,0.0,0.0,1.0,2.0,0.0,ferret
95.0,77.0,27.0,1020.0,1420.0,39.0,29.0,29.0,32.0,43.0,13.0,18.0,31.0,40.0,45.0,43.0,40.0,5.0,6.0,4062.0,3630.0,3.0,3.0,2.0,5.0,6.0,3.0,3.0,3.0,4.0,7.0,2.0,15.0,3.0,2.0,11671.0,8453.0,0.0,1.0,2.0,0.0,8.0,2.0,1.0,1.0,0.0,6.0,0.0,21.0,2.0,1.0,8734.0,5447.0,2.0,1.0,2.0,1.0,6.0,2.0,2.0,2.0,3.0,4.0,1.0,18.0,2.0,1.0,4311.0,3205.0,3.0,1.0,1.0,1.0,6.0,1.0,1.0,0.0,0.0,14.0,2.0,24.0,2.0,0.0,1702.0,2214.0,3.0,4.0,1.0,3.0,8.0,1.0,2.0,1.0,2.0,14.0,3.0,22.0,2.0,2.0,947.0,1749.0,2.0,0.0,4.0,1.0,9.0,1.0,0.0,1.0,1.0,4.0,2.0,16.0,4.0,0.0,878.0,1409.0,1.0,0.0,3.0,5.0,6.0,2.0,0.0,1.0,2.0,9.0,2.0,17.0,2.0,2.0,797.0,1296.0,4.0,1.0,1.0,3.0,9.0,2.0,1.0,0.0,1.0,11.0,3.0,18.0,3.0,1.0,806.0,1249.0,3.0,1.0,0.0,1.0,4.0,2.0,2.0,1.0,2.0,28.0,2.0,10.0,3.0,2.0,816.0,1262.0,3.0,1.0,3.0,3.0,5.0,1.0,1.0,1.0,3.0,22.0,3.0,11.0,1.0,0.0,787.0,1264.0,3.0,1.0,3.0,3.0,8.0,1.0,0.0,4.0,1.0,7.0,2.0,15.0,1.0,3.0,820.0,1269.0,2.0,0.0,2.0,1.0,9.0,1.0,2.0,2.0,3.0,15.0,1.0,23.0,2.0,1.0,813.0,1245.0,3.0,0.0,3.0,1.0,7.0,3.0,1.0,1.0,0.0,18.0,2.0,21.0,2.0,1.0,805.0,1236.0,3.0,4.0,3.0,1.0,21.0,11.0,7.0,2.0,6.0,13.0,5.0,25.0,2.0,0.0,818.0,1243.0,2.0,3.0,1.0,3.0,7.0,2.0,2.0,2.0,3.0,3.0,1.0,ferret
93.0,82.0,17.0,1176.0,1720.0,38.0,23.0,51.0,33.0,26.0,12.0,11.0,19.0,28.0,30.0,25.0,43.0,4.0,7.0,4405.0,3892.0,4.0,5.0,10.0,3.0,3.0,4.0,3.0,2.0,2.0,5.0,4.0,11.0,3.0,1.0,10509.0,8024.0,3.0,1.0,12.0,2.0,1.0,1.0,0.0,0.0,0.0,1.0,2.0,24.0,2.0,2.0,8288.0,3002.0,1.0,3.0,13.0,2.0,1.0,2.0,1.0,0.0,2.0,0.0,1.0,15.0,1.0,0.0,4580.0,2729.0,2.0,1.0,4.0,0.0,0.0,2.0,0.0,3.0,1.0,1.0,0.0,23.0,5.0,2.0,2444.0,2644.0,3.0,3.0,8.0,2.0,0.0,3.0,0.0,2.0,3.0,2.0,1.0,10.0,4.0,0.0,1334.0,2272.0,0.0,0.0,8.0,1.0,0.0,1.0,1.0,1.0,4.0,0.0,0.0,21.0,2.0,1.0,1075.0,1784.0,4.0,2.0,8.0,6.0,2.0,3.0,0.0,0.0,1.0,2.0,2.0,18.0,2.0,1.0,1005.0,1677.0,0.0,0.0,10.0,1.0,3.0,2.0,0.0,1.0,1.0,4.0,0.0,13.0,2.0,1.0,1001.0,1605.0,0.0,1.0,2.0,1.0,1.0,3.0,1.0,0.0,0.0,2.0,1.0,9.0,3.0,1.0,976.0,1612.0,2.0,2.0,9.0,2.0,2.0,2.0,3.0,1.0,1.0,0.0,2.0,8.0,2.0,0.0,961.0,1610.0,0.0,0.0,3.0,1.0,0.0,1.0,0.0,2.0,1.0,0.0,1.0,11.0,1.0,0.0,1016.0,1626.0,3.0,0.0,6.0,2.0,0.0,1.0,0.0,0.0,4.0,0.0,1.0,17.0,3.0,0.0,1016.0,1602.0,2.0,3.0,6.0,1.0,1.0,1.0,0.0,2.0,0.0,1.0,1.0,22.0,3.0,3.0,983.0,1592.0,6.0,2.0,6.0,5.0,3.0,2.0,2.0,3.0,1.0,3.0,3.0,17.0,3.0,0.0,988.0,1578.0,2.0,1.0,8.0,0.0,0.0,2.0,1.0,1.0,0.0,1.0,1.0,ferret
93.0,66.0,18.0,1335.0,1528.0,38.0,32.0,34.0,31.0,26.0,17.0,12.0,8.0,29.0,37.0,31.0,36.0,4.0,6.0,3959.0,3955.0,5.0,4.0,3.0,5.0,3.0,5.0,1.0,5.0,4.0,6.0,6.0,11.0,1.0,1.0,9742.0,8708.0,2.0,1.0,0.0,1.0,0.0,3.0,0.0,0.0,0.0,5.0,1.0,17.0,1.0,0.0,5991.0,3667.0,1.0,1.0,0.0,1.0,1.0,4.0,0.0,3.0,2.0,2.0,3.0,10.0,1.0,1.0,4243.0,3526.0,2.0,0.0,0.0,1.0,1.0,3.0,2.0,0.0,0.0,12.0,1.0,19.0,2.0,2.0,3126.0,3340.0,3.0,3.0,3.0,0.0,2.0,3.0,0.0,1.0,2.0,11.0,3.0,19.0,1.0,1.0,1982.0,1958.0,2.0,2.0,4.0,1.0,0.0,5.0,1.0,2.0,0.0,3.0,2.0,19.0,0.0,2.0,1314.0,1593.0,2.0,2.0,1.0,4.0,1.0,2.0,1.0,2.0,3.0,4.0,3.0,19.0,5.0,1.0,1203.0,1458.0,2.0,1.0,1.0,2.0,3.0,3.0,2.0,0.0,2.0,6.0,2.0,16.0,0.0,0.0,1182.0,1436.0,2.0,0.0,1.0,2.0,1.0,9.0,1.0,0.0,0.0,7.0,3.0,9.0,3.0,1.0,1169.0,1405.0,3.0,2.0,3.0,2.0,2.0,4.0,2.0,1.0,1.0,31.0,3.0,8.0,1.0,0.0,1166.0,1402.0,0.0,1.0,2.0,1.0,0.0,3.0,0.0,2.0,1.0,6.0,1.0,8.0,4.0,0.0,1212.0,1420.0,0.0,2.0,4.0,0.0,0.0,3.0,0.0,0.0,3.0,15.0,1.0,17.0,2.0,0.0,1207.0,1415.0,3.0,3.0,2.0,3.0,1.0,5.0,2.0,1.0,4.0,11.0,3.0,17.0,3.0,3.0,1175.0,1392.0,3.0,2.0,2.0,3.0,2.0,22.0,8.0,2.0,2.0,7.0,5.0,18.0,2.0,2.0,1161.0,1385.0,0.0,1.0,0.0,1.0,3.0,2.0,0.0,0.0,3.0,4.0,4.0,ferret
79.0,54.0,23.0,1340.0,1665.0,40.0,13.0,28.0,27.0,19.0,16.0,11.0,25.0,31.0,28.0,30.0,29.0,5.0,4.0,4971.0,4114.0,2.0,1.0,2.0,2.0,1.0,3.0,3.0,2.0,3.0,3.0,2.0,16.0,2.0,0.0,9892.0,8230.0,1.0,0.0,0.0,1.0,0.0,2.0,0.0,1.0,2.0,0.0,1.0,21.0,1.0,3.0,6217.0,3301.0,2.0,2.0,3.0,1.0,2.0,3.0,2.0,0.0,0.0,1.0,1.0,15.0,0.0,1.0,4749.0,2902.0,3.0,1.0,0.0,1.0,0.0,2.0,0.0,0.0,1.0,0.0,0.0,25.0,2.0,1.0,3194.0,2830.0,1.0,4.0,1.0,3.0,1.0,2.0,1.0,2.0,1.0,2.0,1.0,10.0,3.0,1.0,1941.0,2059.0,2.0,0.0,2.0,1.0,2.0,1.0,1.0,0.0,0.0,0.0,1.0,15.0,5.0,2.0,1318.0,1699.0,2.0,0.0,1.0,4.0,2.0,2.0,1.0,1.0,2.0,1.0,0.0,16.0,1.0,0.0,1225.0,1610.0,1.0,1.0,2.0,0.0,2.0,2.0,1.0,1.0,2.0,2.0,2.0,14.0,2.0,1.0,1191.0,1544.0,2.0,0.0,2.0,0.0,0.0,3.0,0.0,2.0,3.0,0.0,0.0,9.0,2.0,2.0,1185.0,1558.0,1.0,1.0,2.0,1.0,1.0,2.0,1.0,1.0,2.0,2.0,2.0,9.0,1.0,0.0,1159.0,1546.0,1.0,0.0,0.0,1.0,2.0,0.0,0.0,0.0,0.0,0.0,0.0,17.0,2.0,1.0,1194.0,1575.0,1.0,1.0,1.0,2.0,2.0,0.0,0.0,0.0,2.0,1.0,0.0,21.0,2.0,1.0,1201.0,1541.0,0.0,1.0,2.0,1.0,0.0,1.0,0.0,2.0,0.0,0.0,3.0,15.0,1.0,1.0,1161.0,1523.0,4.0,2.0,3.0,2.0,1.0,2.0,1.0,3.0,1.0,1.0,3.0,20.0,4.0,1.0,1173.0,1512.0,3.0,2.0,1.0,2.0,2.0,3.0,2.0,1.0,1.0,2.0,0.0,ferret
84.0,66.0,25.0,1856.0,1115.0,43.0,28.0,28.0,27.0,32.0,13.0,18.0,29.0,48.0,40.0,28.0,38.0,3.0,2.0,4359.0,5421.0,2.0,3.0,4.0,2.0,4.0,2.0,4.0,2.0,5.0,4.0,3.0,15.0,2.0,1.0,7223.0,10477.0,0.0,1.0,1.0,1.0,1.0,0.0,0.0,1.0,0.0,2.0,0.0,28.0,1.0,2.0,4475.0,4114.0,1.0,1.0,3.0,0.0,0.0,1.0,0.0,2.0,1.0,2.0,1.0,23.0,1.0,1.0,2966.0,3298.0,2.0,0.0,1.0,0.0,1.0,0.0,0.0,2.0,1.0,1.0,1.0,27.0,1.0,2.0,2627.0,2769.0,3.0,1.0,2.0,1.0,2.0,1.0,0.0,1.0,1.0,1.0,2.0,19.0,1.0,1.0,1981.0,1139.0,2.0,0.0,0.0,0.0,0.0,1.0,0.0,1.0,1.0,3.0,1.0,20.0,2.0,0.0,1852.0,1071.0,2.0,0.0,2.0,1.0,1.0,2.0,0.0,0.0,1.0,1.0,2.0,20.0,1.0,1.0,1764.0,997.0,1.0,0.0,0.0,1.0,1.0,1.0,0.0,1.0,2.0,3.0,1.0,18.0,1.0,0.0,1743.0,987.0,1.0,2.0,1.0,0.0,1.0,0.0,2.0,1.0,1.0,5.0,1.0,10.0,2.0,1.0,1713.0,962.0,2.0,2.0,2.0,2.0,1.0,0.0,0.0,1.0,0.0,1.0,0.0,14.0,2.0,0.0,1717.0,958.0,0.0,1.0,1.0,1.0,0.0,0.0,0.0,0.0,0.0,2.0,1.0,18.0,0.0,0.0,1736.0,994.0,2.0,1.0,1.0,0.0,1.0,1.0,0.0,0.0,2.0,1.0,1.0,27.0,1.0,1.0,1752.0,981.0,2.0,2.0,2.0,1.0,3.0,0.0,0.0,2.0,2.0,3.0,1.0,23.0,2.0,2.0,1699.0,963.0,2.0,4.0,2.0,4.0,4.0,3.0,3.0,2.0,4.0,3.0,3.0,15.0,2.0,1.0,1679.0,961.0,3.0,0.0,2.0,2.0,1.0,0.0,1.0,1.0,1.0,2.0,0.0,ferret
114.0,78.0,29.0,1909.0,1195.0,48.0,18.0,36.0,29.0,29.0,36.0,13.0,29.0,32.0,78.0,43.0,44.0,2.0,5.0,2880.0,4924.0,5.0,3.0,3.0,5.0,3.0,12.0,2.0,6.0,4.0,15.0,5.0,20.0,1.0,1.0,6655.0,10087.0,3.0,2.0,1.0,0.0,1.0,14.0,1.0,1.0,1.0,18.0,1.0,21.0,0.0,0.0,2822.0,7809.0,0.0,1.0,0.0,0.0,2.0,14.0,1.0,2.0,0.0,11.0,1.0,28.0,0.0,1.0,2898.0,5107.0,0.0,2.0,0.0,1.0,0.0,19.0,2.0,3.0,0.0,30.0,1.0,32.0,5.0,0.0,2762.0,2554.0,2.0,1.0,1.0,1.0,2.0,17.0,3.0,4.0,3.0,17.0,1.0,16.0,1.0,1.0,2080.0,1253.0,0.0,0.0,1.0,1.0,0.0,15.0,1.0,1.0,3.0,14.0,2.0,22.0,3.0,2.0,1955.0,1071.0,1.0,0.0,2.0,4.0,2.0,14.0,1.0,1.0,1.0,11.0,4.0,18.0,3.0,1.0,1826.0,1005.0,4.0,1.0,1.0,1.0,1.0,10.0,1.0,1.0,2.0,10.0,1.0,19.0,2.0,0.0,1773.0,967.0,2.0,0.0,1.0,2.0,1.0,7.0,0.0,2.0,2.0,7.0,2.0,13.0,1.0,2.0,1764.0,973.0,2.0,0.0,0.0,1.0,1.0,5.0,3.0,6.0,2.0,38.0,6.0,10.0,3.0,1.0,1750.0,980.0,3.0,1.0,0.0,0.0,0.0,8.0,0.0,3.0,1.0,9.0,3.0,19.0,4.0,1.0,1763.0,1021.0,3.0,1.0,1.0,0.0,1.0,17.0,2.0,3.0,1.0,29.0,4.0,22.0,7.0,2.0,1782.0,975.0,2.0,0.0,0.0,2.0,3.0,13.0,2.0,2.0,2.0,9.0,3.0,30.0,4.0,3.0,1730.0,969.0,4.0,2.0,2.0,3.0,3.0,35.0,1.0,3.0,1.0,42.0,5.0,26.0,1.0,0.0,1709.0,967.0,1.0,1.0,2.0,0.0,1.0,21.0,1.0,3.0,3.0,31.0,2.0,ferret
4040.0,2589.0,2492.0,2569.0,2535.0,2569.0,7095.0,5119.0,2497.0,6748.0,2463.0,2462.0,2447.0,2514.0,2497.0,2656.0,1300.0,41.0,60.0,29.0,39.0,28.0,3921.0,1848.0,33.0,1931.0,36.0,37.0,16.0,36.0,33.0,41.0,1224.0,33.0,33.0,20.0,13.0,18.0,4090.0,1274.0,13.0,2360.0,18.0,16.0,0.0,13.0,14.0,21.0,1303.0,46.0,52.0,26.0,35.0,28.0,3389.0,1511.0,27.0,2233.0,36.0,23.0,10.0,34.0,24.0,32.0,1283.0,42.0,57.0,26.0,30.0,27.0,3397.0,719.0,34.0,2481.0,39.0,29.0,14.0,28.0,33.0,33.0,1301.0,47.0,49.0,34.0,32.0,31.0,3468.0,708.0,48.0,2749.0,51.0,29.0,6.0,39.0,36.0,31.0,1333.0,199.0,196.0,110.0,163.0,130.0,3298.0,2400.0,187.0,2985.0,144.0,109.0,68.0,145.0,160.0,134.0,1300.0,94.0,88.0,71.0,73.0,68.0,3137.0,1248.0,60.0,2167.0,82.0,71.0,49.0,70.0,71.0,67.0,1261.0,56.0,60.0,32.0,39.0,33.0,2984.0,1410.0,35.0,2105.0,57.0,39.0,20.0,37.0,49.0,37.0,1248.0,65.0,58.0,28.0,72.0,77.0,3488.0,2942.0,35.0,2100.0,45.0,52.0,34.0,28.0,83.0,54.0,1224.0,36.0,43.0,18.0,23.0,16.0,3644.0,3130.0,24.0,2348.0,35.0,23.0,10.0,25.0,27.0,28.0,1236.0,35.0,43.0,17.0,22.0,20.0,2784.0,1801.0,25.0,2391.0,30.0,18.0,15.0,22.0,29.0,26.0,1245.0,38.0,51.0,29.0,26.0,25.0,3191.0,2009.0,29.0,2219.0,38.0,34.0,10.0,30.0,28.0,29.0,1263.0,38.0,43.0,24.0,25.0,27.0,3258.0,1692.0,25.0,2483.0,39.0,24.0,11.0,23.0,36.0,31.0,1264.0,35.0,49.0,23.0,25.0,26.0,3149.0,1398.0,32.0,2392.0,41.0,27.0,9.0,24.0,17.0,32.0,1340.0,48.0,54.0,28.0,22.0,18.0,3474.0,2014.0,34.0,2761.0,37.0,24.0,9.0,25.0,22.0,33.0,ferret
95.0,73.0,18.0,1030.0,1163.0,33.0,14.0,26.0,32.0,27.0,14.0,11.0,18.0,27.0,42.0,38.0,42.0,6.0,3.0,4615.0,4643.0,3.0,3.0,6.0,2.0,2.0,4.0,3.0,2.0,3.0,3.0,2.0,14.0,4.0,1.0,11312.0,10430.0,0.0,0.0,1.0,1.0,1.0,0.0,0.0,1.0,1.0,0.0,0.0,18.0,1.0,0.0,10404.0,7051.0,0.0,0.0,0.0,1.0,0.0,0.0,2.0,2.0,1.0,0.0,1.0,22.0,2.0,1.0,5262.0,4961.0,2.0,2.0,3.0,3.0,2.0,2.0,1.0,3.0,1.0,2.0,3.0,21.0,1.0,2.0,2485.0,2765.0,2.0,1.0,2.0,2.0,0.0,0.0,1.0,0.0,3.0,3.0,4.0,10.0,3.0,0.0,948.0,1193.0,1.0,0.0,0.0,1.0,1.0,0.0,0.0,1.0,2.0,0.0,1.0,19.0,3.0,0.0,871.0,1067.0,1.0,2.0,0.0,1.0,1.0,0.0,1.0,1.0,1.0,3.0,2.0,21.0,2.0,0.0,815.0,988.0,1.0,1.0,3.0,1.0,0.0,0.0,1.0,1.0,1.0,1.0,3.0,16.0,2.0,2.0,816.0,990.0,2.0,0.0,2.0,1.0,2.0,2.0,2.0,0.0,2.0,2.0,2.0,8.0,3.0,2.0,802.0,972.0,1.0,2.0,2.0,1.0,3.0,0.0,0.0,2.0,0.0,3.0,6.0,11.0,1.0,0.0,807.0,946.0,1.0,0.0,1.0,1.0,2.0,0.0,0.0,0.0,0.0,1.0,2.0,14.0,2.0,2.0,824.0,1013.0,1.0,1.0,1.0,2.0,2.0,0.0,1.0,1.0,1.0,1.0,1.0,19.0,2.0,0.0,834.0,995.0,3.0,2.0,3.0,2.0,1.0,0.0,0.0,1.0,0.0,2.0,2.0,23.0,3.0,4.0,811.0,980.0,5.0,4.0,4.0,3.0,3.0,5.0,4.0,6.0,6.0,6.0,10.0,24.0,3.0,1.0,806.0,964.0,2.0,2.0,3.0,3.0,2.0,1.0,3.0,2.0,2.0,2.0,4.0,ferret
97.0,63.0,13.0,1483.0,981.0,53.0,17.0,26.0,16.0,17.0,4.0,7.0,13.0,29.0,38.0,31.0,37.0,4.0,5.0,3555.0,4954.0,3.0,4.0,4.0,2.0,4.0,2.0,2.0,2.0,4.0,6.0,3.0,10.0,1.0,1.0,9045.0,11099.0,2.0,1.0,0.0,0.0,0.0,1.0,0.0,0.0,1.0,4.0,2.0,18.0,0.0,0.0,4965.0,8518.0,2.0,0.0,2.0,0.0,1.0,1.0,0.0,0.0,0.0,3.0,1.0,17.0,1.0,1.0,2857.0,5423.0,2.0,1.0,1.0,0.0,1.0,0.0,0.0,2.0,2.0,1.0,1.0,31.0,4.0,1.0,2134.0,3242.0,4.0,1.0,2.0,3.0,3.0,2.0,2.0,1.0,1.0,5.0,3.0,12.0,2.0,1.0,1540.0,1077.0,1.0,1.0,2.0,1.0,1.0,1.0,1.0,0.0,1.0,2.0,2.0,17.0,3.0,0.0,1482.0,864.0,4.0,0.0,2.0,1.0,1.0,2.0,0.0,2.0,2.0,1.0,1.0,15.0,1.0,1.0,1383.0,812.0,1.0,0.0,1.0,2.0,3.0,0.0,0.0,0.0,1.0,3.0,2.0,13.0,3.0,0.0,1340.0,780.0,1.0,2.0,2.0,0.0,0.0,0.0,0.0,1.0,0.0,3.0,1.0,7.0,1.0,0.0,1344.0,787.0,3.0,0.0,1.0,0.0,0.0,0.0,0.0,0.0,2.0,2.0,1.0,6.0,1.0,0.0,1347.0,789.0,2.0,1.0,1.0,0.0,0.0,0.0,0.0,0.0,0.0,2.0,1.0,11.0,1.0,1.0,1349.0,833.0,2.0,0.0,2.0,0.0,0.0,0.0,0.0,0.0,2.0,2.0,2.0,17.0,2.0,1.0,1353.0,811.0,2.0,3.0,2.0,1.0,0.0,1.0,0.0,2.0,0.0,3.0,3.0,26.0,3.0,3.0,1335.0,795.0,5.0,2.0,3.0,4.0,5.0,3.0,2.0,3.0,2.0,8.0,4.0,17.0,0.0,0.0,1328.0,804.0,3.0,1.0,1.0,2.0,2.0,2.0,1.0,2.0,4.0,4.0,2.0,ferret
96.0,68.0,18.0,1294.0,1126.0,42.0,24.0,33.0,18.0,25.0,2.0,30.0,18.0,30.0,38.0,65.0,39.0,3.0,3.0,4009.0,4049.0,7.0,2.0,3.0,4.0,2.0,4.0,10.0,4.0,3.0,4.0,8.0,14.0,1.0,0.0,9368.0,9900.0,3.0,1.0,0.0,0.0,1.0,0.0,13.0,2.0,0.0,0.0,11.0,25.0,1.0,2.0,7598.0,6231.0,1.0,1.0,0.0,1.0,1.0,0.0,12.0,1.0,3.0,1.0,12.0,22.0,1.0,2.0,4426.0,3699.0,0.0,1.0,0.0,1.0,0.0,1.0,21.0,1.0,1.0,1.0,22.0,25.0,2.0,3.0,2337.0,2417.0,4.0,0.0,1.0,2.0,2.0,2.0,14.0,3.0,2.0,2.0,10.0,17.0,1.0,1.0,1335.0,1242.0,2.0,1.0,0.0,1.0,1.0,0.0,13.0,2.0,0.0,2.0,13.0,20.0,5.0,0.0,1199.0,1066.0,1.0,1.0,2.0,1.0,1.0,0.0,12.0,1.0,0.0,2.0,13.0,12.0,3.0,0.0,1113.0,1001.0,3.0,2.0,0.0,1.0,0.0,0.0,10.0,1.0,1.0,1.0,10.0,18.0,0.0,0.0,1088.0,986.0,0.0,1.0,0.0,2.0,2.0,1.0,12.0,1.0,3.0,3.0,7.0,7.0,4.0,0.0,1070.0,977.0,1.0,0.0,2.0,1.0,1.0,0.0,9.0,1.0,1.0,5.0,9.0,10.0,1.0,0.0,1064.0,958.0,0.0,0.0,1.0,1.0,1.0,0.0,0.0,3.0,4.0,6.0,19.0,13.0,3.0,0.0,1107.0,990.0,2.0,1.0,1.0,0.0,0.0,0.0,9.0,3.0,1.0,1.0,29.0,21.0,2.0,1.0,1098.0,994.0,3.0,2.0,0.0,1.0,2.0,2.0,10.0,2.0,2.0,3.0,13.0,27.0,3.0,3.0,1066.0,982.0,4.0,2.0,2.0,2.0,3.0,3.0,47.0,3.0,4.0,10.0,51.0,25.0,4.0,3.0,1082.0,957.0,2.0,2.0,2.0,1.0,0.0,0.0,18.0,2.0,1.0,2.0,25.0,ferret
79.0,62.0,17.0,1371.0,1134.0,41.0,15.0,13.0,22.0,30.0,8.0,14.0,13.0,27.0,24.0,38.0,36.0,3.0,2.0,4044.0,4897.0,3.0,3.0,4.0,4.0,4.0,3.0,2.0,5.0,2.0,2.0,2.0,13.0,3.0,1.0,9876.0,9999.0,2.0,1.0,1.0,0.0,0.0,0.0,1.0,1.0,1.0,2.0,0.0,25.0,1.0,1.0,8837.0,5264.0,0.0,0.0,2.0,1.0,2.0,1.0,1.0,4.0,2.0,2.0,2.0,20.0,1.0,0.0,5815.0,3556.0,1.0,1.0,1.0,1.0,1.0,1.0,1.0,3.0,1.0,2.0,2.0,25.0,3.0,0.0,2557.0,2902.0,0.0,4.0,3.0,0.0,0.0,2.0,1.0,3.0,2.0,2.0,3.0,12.0,3.0,2.0,1406.0,1194.0,2.0,0.0,0.0,0.0,0.0,0.0,0.0,0.0,1.0,0.0,0.0,11.0,2.0,1.0,1218.0,1069.0,2.0,0.0,1.0,0.0,1.0,2.0,0.0,1.0,2.0,0.0,0.0,14.0,2.0,0.0,1134.0,1006.0,1.0,0.0,2.0,0.0,0.0,2.0,1.0,1.0,1.0,3.0,2.0,19.0,2.0,1.0,1112.0,1000.0,4.0,0.0,1.0,1.0,2.0,1.0,1.0,2.0,2.0,0.0,2.0,8.0,1.0,0.0,1102.0,957.0,2.0,0.0,0.0,1.0,1.0,0.0,0.0,1.0,0.0,2.0,2.0,10.0,2.0,3.0,1098.0,979.0,2.0,2.0,2.0,3.0,4.0,2.0,0.0,0.0,1.0,3.0,2.0,11.0,2.0,1.0,1110.0,996.0,3.0,1.0,1.0,1.0,2.0,1.0,0.0,1.0,1.0,1.0,2.0,17.0,2.0,0.0,1139.0,977.0,1.0,0.0,1.0,1.0,4.0,0.0,0.0,1.0,4.0,0.0,1.0,17.0,2.0,2.0,1114.0,961.0,1.0,3.0,2.0,3.0,1.0,1.0,2.0,2.0,1.0,5.0,3.0,22.0,3.0,3.0,1138.0,971.0,5.0,3.0,4.0,5.0,4.0,5.0,4.0,4.0,4.0,7.0,5.0,ferret
114.0,73.0,25.0,2329.0,1174.0,39.0,31.0,37.0,21.0,35.0,13.0,23.0,17.0,32.0,39.0,30.0,48.0,5.0,4.0,2424.0,5440.0,2.0,4.0,3.0,2.0,4.0,3.0,2.0,2.0,3.0,5.0,3.0,27.0,1.0,1.0,3394.0,10521.0,0.0,2.0,1.0,1.0,1.0,1.0,0.0,2.0,1.0,2.0,1.0,44.0,3.0,3.0,2196.0,4888.0,1.0,2.0,1.0,1.0,1.0,1.0,1.0,2.0,1.0,2.0,2.0,43.0,2.0,1.0,2308.0,3808.0,3.0,1.0,2.0,1.0,3.0,1.0,2.0,1.0,1.0,0.0,0.0,29.0,2.0,3.0,2344.0,3253.0,3.0,1.0,1.0,1.0,3.0,0.0,1.0,1.0,0.0,4.0,2.0,28.0,3.0,0.0,2309.0,1325.0,1.0,2.0,4.0,1.0,1.0,1.0,1.0,2.0,3.0,2.0,4.0,28.0,2.0,0.0,2334.0,1125.0,3.0,2.0,3.0,3.0,2.0,0.0,0.0,2.0,2.0,3.0,3.0,21.0,2.0,1.0,2266.0,1040.0,2.0,0.0,1.0,1.0,2.0,0.0,1.0,1.0,2.0,2.0,1.0,26.0,3.0,0.0,2188.0,1026.0,1.0,1.0,1.0,1.0,2.0,1.0,1.0,1.0,1.0,1.0,3.0,15.0,2.0,1.0,2159.0,1024.0,0.0,1.0,0.0,1.0,1.0,0.0,0.0,1.0,0.0,2.0,1.0,20.0,1.0,0.0,2182.0,1010.0,2.0,1.0,0.0,1.0,0.0,1.0,1.0,1.0,0.0,3.0,1.0,26.0,3.0,2.0,2194.0,1040.0,1.0,2.0,2.0,1.0,1.0,1.0,1.0,2.0,2.0,2.0,2.0,26.0,2.0,1.0,2191.0,1025.0,1.0,0.0,3.0,1.0,1.0,0.0,1.0,2.0,0.0,0.0,1.0,63.0,2.0,3.0,2160.0,1021.0,5.0,2.0,2.0,3.0,3.0,1.0,1.0,2.0,2.0,3.0,2.0,42.0,2.0,1.0,2120.0,1014.0,2.0,2.0,3.0,4.0,4.0,1.0,1.0,2.0,1.0,5.0,4.0,ferret
182.0,124.0,68.0,1839.0,2563.0,118.0,80.0,84.0,76.0,80.0,54.0,53.0,62.0,76.0,104.0,75.0,69.0,4.0,2.0,2991.0,5346.0,12.0,4.0,3.0,4.0,4.0,4.0,3.0,5.0,5.0,6.0,5.0,39.0,1.0,1.0,5914.0,9877.0,12.0,0.0,4.0,0.0,1.0,1.0,2.0,1.0,1.0,5.0,1.0,40.0,1.0,0.0,2676.0,5974.0,12.0,1.0,1.0,0.0,1.0,2.0,1.0,1.0,1.0,3.0,1.0,44.0,1.0,0.0,2401.0,4966.0,21.0,1.0,2.0,2.0,0.0,2.0,2.0,2.0,3.0,2.0,1.0,49.0,4.0,0.0,2222.0,3082.0,9.0,3.0,3.0,4.0,3.0,6.0,4.0,4.0,5.0,9.0,3.0,43.0,4.0,1.0,1858.0,1762.0,6.0,1.0,0.0,1.0,3.0,1.0,0.0,1.0,2.0,5.0,1.0,46.0,3.0,3.0,1859.0,1514.0,8.0,2.0,1.0,1.0,2.0,1.0,2.0,3.0,0.0,5.0,1.0,44.0,3.0,0.0,1740.0,1418.0,7.0,2.0,3.0,3.0,1.0,2.0,1.0,1.0,1.0,4.0,2.0,44.0,4.0,3.0,1696.0,1389.0,7.0,3.0,3.0,3.0,0.0,2.0,1.0,2.0,6.0,3.0,1.0,29.0,2.0,2.0,1665.0,1390.0,11.0,1.0,1.0,1.0,1.0,1.0,1.0,2.0,2.0,4.0,1.0,31.0,1.0,1.0,1664.0,1375.0,6.0,0.0,3.0,2.0,0.0,0.0,0.0,1.0,1.0,5.0,2.0,35.0,2.0,0.0,1670.0,1394.0,13.0,1.0,3.0,1.0,2.0,1.0,1.0,2.0,2.0,3.0,3.0,43.0,3.0,2.0,1684.0,1394.0,8.0,5.0,0.0,4.0,1.0,2.0,2.0,2.0,2.0,3.0,3.0,55.0,7.0,4.0,1654.0,1402.0,41.0,4.0,5.0,6.0,4.0,3.0,5.0,3.0,6.0,6.0,4.0,43.0,1.0,1.0,1653.0,1439.0,15.0,4.0,1.0,5.0,1.0,2.0,2.0,3.0,5.0,6.0,2.0,ferret
101.0,94.0,19.0,1706.0,1234.0,47.0,22.0,28.0,36.0,35.0,7.0,11.0,19.0,30.0,31.0,38.0,52.0,4.0,4.0,4014.0,3649.0,6.0,3.0,3.0,5.0,3.0,4.0,2.0,3.0,3.0,3.0,5.0,12.0,2.0,1.0,7040.0,9361.0,1.0,1.0,0.0,1.0,1.0,1.0,0.0,0.0,1.0,1.0,1.0,27.0,1.0,0.0,3909.0,4337.0,1.0,0.0,1.0,2.0,1.0,1.0,0.0,1.0,2.0,1.0,4.0,22.0,1.0,0.0,3202.0,4034.0,1.0,0.0,0.0,1.0,2.0,2.0,1.0,0.0,0.0,1.0,2.0,30.0,6.0,2.0,2853.0,2519.0,1.0,2.0,2.0,1.0,2.0,0.0,0.0,2.0,1.0,5.0,5.0,16.0,2.0,1.0,2126.0,1351.0,3.0,1.0,2.0,1.0,0.0,0.0,0.0,1.0,0.0,1.0,2.0,17.0,3.0,1.0,1708.0,1181.0,2.0,0.0,2.0,1.0,0.0,1.0,1.0,1.0,3.0,0.0,2.0,21.0,3.0,1.0,1602.0,1121.0,1.0,1.0,1.0,0.0,2.0,0.0,1.0,2.0,1.0,1.0,3.0,24.0,2.0,0.0,1572.0,1085.0,1.0,2.0,0.0,3.0,3.0,1.0,2.0,0.0,2.0,1.0,3.0,9.0,3.0,0.0,1555.0,1063.0,0.0,0.0,1.0,1.0,1.0,0.0,0.0,0.0,1.0,2.0,1.0,12.0,2.0,0.0,1549.0,1065.0,1.0,0.0,1.0,1.0,2.0,0.0,0.0,1.0,2.0,3.0,1.0,16.0,4.0,0.0,1564.0,1083.0,3.0,1.0,1.0,1.0,1.0,0.0,1.0,0.0,0.0,0.0,1.0,18.0,2.0,0.0,1580.0,1073.0,2.0,1.0,2.0,1.0,2.0,1.0,2.0,0.0,4.0,0.0,2.0,21.0,2.0,4.0,1536.0,1064.0,3.0,2.0,1.0,3.0,2.0,2.0,1.0,2.0,1.0,1.0,3.0,23.0,6.0,1.0,1521.0,1060.0,2.0,0.0,1.0,2.0,2.0,0.0,2.0,0.0,2.0,3.0,4.0,ferret
87.0,68.0,23.0,1481.0,1057.0,41.0,21.0,26.0,12.0,21.0,10.0,12.0,20.0,34.0,36.0,34.0,40.0,5.0,3.0,2625.0,4702.0,2.0,5.0,3.0,2.0,4.0,1.0,2.0,3.0,4.0,5.0,2.0,17.0,4.0,1.0,7518.0,12043.0,2.0,1.0,2.0,0.0,3.0,0.0,1.0,1.0,0.0,2.0,1.0,23.0,1.0,1.0,2204.0,13157.0,1.0,1.0,1.0,0.0,2.0,0.0,2.0,2.0,1.0,3.0,0.0,23.0,0.0,0.0,1948.0,7352.0,2.0,1.0,1.0,1.0,0.0,1.0,2.0,0.0,2.0,3.0,1.0,24.0,3.0,2.0,1920.0,3126.0,3.0,3.0,2.0,1.0,2.0,0.0,1.0,1.0,0.0,4.0,1.0,14.0,2.0,1.0,1650.0,822.0,2.0,0.0,1.0,2.0,0.0,0.0,0.0,0.0,2.0,1.0,0.0,20.0,2.0,1.0,1508.0,756.0,1.0,1.0,1.0,1.0,1.0,0.0,0.0,1.0,1.0,2.0,3.0,11.0,3.0,0.0,1405.0,703.0,1.0,2.0,0.0,0.0,0.0,1.0,0.0,0.0,1.0,2.0,2.0,15.0,3.0,1.0,1365.0,696.0,3.0,0.0,2.0,0.0,1.0,0.0,0.0,2.0,2.0,2.0,2.0,9.0,1.0,0.0,1360.0,699.0,0.0,1.0,0.0,0.0,0.0,0.0,0.0,1.0,2.0,1.0,2.0,12.0,0.0,1.0,1355.0,708.0,0.0,0.0,0.0,0.0,0.0,0.0,1.0,0.0,0.0,4.0,1.0,14.0,1.0,1.0,1360.0,712.0,2.0,0.0,0.0,1.0,1.0,1.0,0.0,0.0,2.0,2.0,0.0,23.0,3.0,1.0,1381.0,693.0,0.0,2.0,2.0,1.0,2.0,1.0,0.0,0.0,2.0,3.0,1.0,22.0,3.0,1.0,1348.0,704.0,3.0,3.0,3.0,2.0,1.0,2.0,2.0,1.0,3.0,6.0,6.0,22.0,2.0,2.0,1325.0,736.0,3.0,2.0,4.0,2.0,2.0,3.0,2.0,1.0,1.0,6.0,0.0,ferret
103.0,78.0,22.0,1459.0,968.0,63.0,29.0,37.0,23.0,28.0,14.0,9.0,46.0,17.0,32.0,29.0,42.0,2.0,5.0,4290.0,4799.0,4.0,2.0,4.0,5.0,3.0,3.0,2.0,9.0,3.0,4.0,6.0,16.0,1.0,1.0,7726.0,10300.0,1.0,1.0,1.0,1.0,1.0,0.0,0.0,8.0,0.0,2.0,1.0,25.0,2.0,1.0,3219.0,8149.0,1.0,0.0,1.0,1.0,0.0,2.0,0.0,6.0,0.0,0.0,2.0,28.0,2.0,1.0,2740.0,4641.0,0.0,0.0,2.0,1.0,2.0,0.0,1.0,20.0,1.0,2.0,3.0,42.0,3.0,1.0,2568.0,2172.0,3.0,2.0,1.0,3.0,1.0,4.0,2.0,12.0,4.0,8.0,3.0,21.0,3.0,0.0,1917.0,907.0,1.0,2.0,1.0,0.0,1.0,1.0,1.0,8.0,2.0,2.0,2.0,21.0,1.0,1.0,1470.0,868.0,3.0,2.0,2.0,2.0,1.0,1.0,1.0,10.0,2.0,3.0,2.0,16.0,3.0,0.0,1377.0,819.0,3.0,2.0,2.0,0.0,2.0,0.0,1.0,7.0,2.0,1.0,1.0,18.0,3.0,2.0,1355.0,798.0,2.0,1.0,0.0,2.0,0.0,1.0,0.0,7.0,0.0,2.0,3.0,11.0,1.0,0.0,1355.0,774.0,4.0,0.0,2.0,0.0,1.0,0.0,0.0,11.0,0.0,1.0,1.0,8.0,1.0,0.0,1345.0,779.0,2.0,1.0,1.0,1.0,0.0,0.0,0.0,5.0,0.0,1.0,2.0,13.0,3.0,0.0,1351.0,797.0,1.0,0.0,2.0,0.0,0.0,0.0,0.0,10.0,3.0,5.0,3.0,13.0,2.0,0.0,1367.0,783.0,3.0,1.0,1.0,2.0,2.0,0.0,0.0,8.0,0.0,0.0,2.0,21.0,2.0,4.0,1324.0,786.0,5.0,2.0,2.0,2.0,4.0,2.0,3.0,43.0,2.0,5.0,2.0,17.0,3.0,0.0,1331.0,804.0,2.0,0.0,1.0,2.0,2.0,0.0,1.0,14.0,2.0,2.0,2.0,ferret
96.0,62.0,25.0,1499.0,1152.0,37.0,23.0,37.0,32.0,26.0,6.0,11.0,26.0,27.0,18.0,46.0,36.0,5.0,2.0,4614.0,3442.0,5.0,5.0,1.0,3.0,3.0,2.0,2.0,3.0,4.0,3.0,1.0,16.0,4.0,0.0,7891.0,10231.0,3.0,0.0,1.0,0.0,0.0,1.0,1.0,1.0,0.0,0.0,1.0,28.0,1.0,1.0,3639.0,5728.0,2.0,0.0,2.0,1.0,1.0,1.0,1.0,0.0,2.0,1.0,1.0,22.0,0.0,1.0,2879.0,4041.0,1.0,2.0,0.0,2.0,1.0,0.0,0.0,1.0,1.0,2.0,1.0,21.0,1.0,3.0,2711.0,2728.0,1.0,0.0,3.0,1.0,2.0,0.0,1.0,1.0,2.0,3.0,1.0,15.0,3.0,2.0,1872.0,1135.0,2.0,1.0,1.0,2.0,3.0,0.0,0.0,0.0,0.0,1.0,2.0,25.0,1.0,3.0,1524.0,1073.0,2.0,1.0,3.0,2.0,3.0,1.0,0.0,1.0,1.0,2.0,2.0,19.0,3.0,1.0,1412.0,1017.0,1.0,0.0,2.0,2.0,1.0,2.0,0.0,0.0,1.0,2.0,3.0,17.0,1.0,0.0,1387.0,994.0,2.0,3.0,3.0,1.0,2.0,0.0,2.0,0.0,1.0,2.0,0.0,7.0,1.0,1.0,1368.0,961.0,0.0,0.0,1.0,2.0,0.0,0.0,0.0,0.0,1.0,2.0,2.0,10.0,1.0,1.0,1362.0,959.0,1.0,0.0,1.0,0.0,2.0,0.0,0.0,0.0,1.0,1.0,1.0,22.0,3.0,3.0,1377.0,1027.0,3.0,2.0,2.0,5.0,4.0,2.0,4.0,3.0,0.0,2.0,7.0,18.0,2.0,0.0,1408.0,989.0,2.0,1.0,2.0,1.0,0.0,0.0,1.0,0.0,2.0,1.0,1.0,13.0,4.0,2.0,1364.0,967.0,1.0,2.0,3.0,2.0,3.0,2.0,1.0,2.0,2.0,3.0,2.0,27.0,2.0,1.0,1362.0,971.0,1.0,3.0,1.0,3.0,2.0,2.0,2.0,2.0,0.0,2.0,2.0,ferret
