From router 0 to router 0,From router 0 to router 1,From router 0 to router 2,From router 0 to router 3,From router 0 to router 4,From router 0 to router 5,From router 0 to router 6,From router 0 to router 7,From router 0 to router 8,From router 0 to router 9,From router 0 to router 10,From router 0 to router 11,From router 0 to router 12,From router 0 to router 13,From router 0 to router 14,From router 0 to router 15,From router 1 to router 0,From router 1 to router 1,From router 1 to router 2,From router 1 to router 3,From router 1 to router 4,From router 1 to router 5,From router 1 to router 6,From router 1 to router 7,From router 1 to router 8,From router 1 to router 9,From router 1 to router 10,From router 1 to router 11,From router 1 to router 12,From router 1 to router 13,From router 1 to router 14,From router 1 to router 15,From router 2 to router 0,From router 2 to router 1,From router 2 to router 2,From router 2 to router 3,From router 2 to router 4,From router 2 to router 5,From router 2 to router 6,From router 2 to router 7,From router 2 to router 8,From router 2 to router 9,From router 2 to router 10,From router 2 to router 11,From router 2 to router 12,From router 2 to router 13,From router 2 to router 14,From router 2 to router 15,From router 3 to router 0,From router 3 to router 1,From router 3 to router 2,From router 3 to router 3,From router 3 to router 4,From router 3 to router 5,From router 3 to router 6,From router 3 to router 7,From router 3 to router 8,From router 3 to router 9,From router 3 to router 10,From router 3 to router 11,From router 3 to router 12,From router 3 to router 13,From router 3 to router 14,From router 3 to router 15,From router 4 to router 0,From router 4 to router 1,From router 4 to router 2,From router 4 to router 3,From router 4 to router 4,From router 4 to router 5,From router 4 to router 6,From router 4 to router 7,From router 4 to router 8,From router 4 to router 9,From router 4 to router 10,From router 4 to router 11,From router 4 to router 12,From router 4 to router 13,From router 4 to router 14,From router 4 to router 15,From router 5 to router 0,From router 5 to router 1,From router 5 to router 2,From router 5 to router 3,From router 5 to router 4,From router 5 to router 5,From router 5 to router 6,From router 5 to router 7,From router 5 to router 8,From router 5 to router 9,From router 5 to router 10,From router 5 to router 11,From router 5 to router 12,From router 5 to router 13,From router 5 to router 14,From router 5 to router 15,From router 6 to router 0,From router 6 to router 1,From router 6 to router 2,From router 6 to router 3,From router 6 to router 4,From router 6 to router 5,From router 6 to router 6,From router 6 to router 7,From router 6 to router 8,From router 6 to router 9,From router 6 to router 10,From router 6 to router 11,From router 6 to router 12,From router 6 to router 13,From router 6 to router 14,From router 6 to router 15,From router 7 to router 0,From router 7 to router 1,From router 7 to router 2,From router 7 to router 3,From router 7 to router 4,From router 7 to router 5,From router 7 to router 6,From router 7 to router 7,From router 7 to router 8,From router 7 to router 9,From router 7 to router 10,From router 7 to router 11,From router 7 to router 12,From router 7 to router 13,From router 7 to router 14,From router 7 to router 15,From router 8 to router 0,From router 8 to router 1,From router 8 to router 2,From router 8 to router 3,From router 8 to router 4,From router 8 to router 5,From router 8 to router 6,From router 8 to router 7,From router 8 to router 8,From router 8 to router 9,From router 8 to router 10,From router 8 to router 11,From router 8 to router 12,From router 8 to router 13,From router 8 to router 14,From router 8 to router 15,From router 9 to router 0,From router 9 to router 1,From router 9 to router 2,From router 9 to router 3,From router 9 to router 4,From router 9 to router 5,From router 9 to router 6,From router 9 to router 7,From router 9 to router 8,From router 9 to router 9,From router 9 to router 10,From router 9 to router 11,From router 9 to router 12,From router 9 to router 13,From router 9 to router 14,From router 9 to router 15,From router 10 to router 0,From router 10 to router 1,From router 10 to router 2,From router 10 to router 3,From router 10 to router 4,From router 10 to router 5,From router 10 to router 6,From router 10 to router 7,From router 10 to router 8,From router 10 to router 9,From router 10 to router 10,From router 10 to router 11,From router 10 to router 12,From router 10 to router 13,From router 10 to router 14,From router 10 to router 15,From router 11 to router 0,From router 11 to router 1,From router 11 to router 2,From router 11 to router 3,From router 11 to router 4,From router 11 to router 5,From router 11 to router 6,From router 11 to router 7,From router 11 to router 8,From router 11 to router 9,From router 11 to router 10,From router 11 to router 11,From router 11 to router 12,From router 11 to router 13,From router 11 to router 14,From router 11 to router 15,From router 12 to router 0,From router 12 to router 1,From router 12 to router 2,From router 12 to router 3,From router 12 to router 4,From router 12 to router 5,From router 12 to router 6,From router 12 to router 7,From router 12 to router 8,From router 12 to router 9,From router 12 to router 10,From router 12 to router 11,From router 12 to router 12,From router 12 to router 13,From router 12 to router 14,From router 12 to router 15,From router 13 to router 0,From router 13 to router 1,From router 13 to router 2,From router 13 to router 3,From router 13 to router 4,From router 13 to router 5,From router 13 to router 6,From router 13 to router 7,From router 13 to router 8,From router 13 to router 9,From router 13 to router 10,From router 13 to router 11,From router 13 to router 12,From router 13 to router 13,From router 13 to router 14,From router 13 to router 15,From router 14 to router 0,From router 14 to router 1,From router 14 to router 2,From router 14 to router 3,From router 14 to router 4,From router 14 to router 5,From router 14 to router 6,From router 14 to router 7,From router 14 to router 8,From router 14 to router 9,From router 14 to router 10,From router 14 to router 11,From router 14 to router 12,From router 14 to router 13,From router 14 to router 14,From router 14 to router 15,From router 15 to router 0,From router 15 to router 1,From router 15 to router 2,From router 15 to router 3,From router 15 to router 4,From router 15 to router 5,From router 15 to router 6,From router 15 to router 7,From router 15 to router 8,From router 15 to router 9,From router 15 to router 10,From router 15 to router 11,From router 15 to router 12,From router 15 to router 13,From router 15 to router 14,From router 15 to router 15,Applications (Label Classes)
0,0,0,0,0,0,0,0,0,0,0,0,0,0,0,0,0,0,0,0,0,0,0,0,0,0,0,0,0,0,0,0,0,0,0,0,0,0,0,0,0,0,0,0,0,0,0,0,0,0,0,0,0,0,0,0,0,0,0,0,0,0,0,0,0,0,0,0,0,0,0,0,0,0,0,0,0,0,0,0,0,0,0,0,0,0,0,0,0,0,0,0,0,0,0,0,0,0,0,0,0,0,0,0,0,0,0,0,0,0,0,0,0,0,0,0,0,0,0,0,0,0,0,0,0,0,0,0,0,0,0,0,0,0,0,0,0,0,0,0,0,0,0,0,0,0,0,0,0,0,0,0,0,0,0,0,0,0,0,0,0,0,0,0,0,0,0,0,0,0,0,0,0,0,0,0,0,0,0,0,0,0,0,0,0,0,0,0,0,0,0,0,0,0,0,0,0,0,0,0,0,0,0,0,0,0,0,0,0,0,0,0,0,0,0,0,0,0,0,0,0,0,0,0,0,0,0,0,0,0,0,0,0,0,0,0,0,0,0,0,0,0,0,0,0,0,0,0,0,0,0,0,0,0,0,0,canneal_IndirectBP
8910,6101,5925,5915,5820,6153,6044,5209,7444,5856,6152,5946,5832,6056,6253,6102,3277,622,708,718,689,770,686,53,2047,588,765,604,660,646,703,693,3235,620,723,656,671,688,670,43,2044,672,664,637,624,634,707,731,3274,640,748,674,693,677,720,47,2009,673,638,656,653,586,724,672,3220,636,739,719,664,738,671,47,1988,749,652,709,636,668,729,707,3369,706,750,654,765,700,671,42,2048,759,670,671,714,648,763,687,3266,709,665,662,723,764,626,49,1962,692,672,718,691,652,718,667,3153,671,667,605,701,642,547,20,1929,628,621,685,615,626,647,639,3328,869,649,678,772,638,628,51,1942,725,745,698,727,672,747,738,3300,672,712,705,687,655,700,53,2015,661,680,713,670,675,707,738,3406,625,741,676,636,713,657,42,2019,652,652,804,651,686,776,758,3150,588,700,690,687,647,661,41,1952,614,697,655,699,639,728,665,3223,684,702,619,682,678,666,42,2010,648,682,722,725,694,676,682,3360,622,689,674,720,640,697,49,1999,724,680,693,658,687,743,782,3403,711,728,737,777,613,648,55,2088,645,734,742,623,688,666,726,3349,678,720,649,778,645,707,37,2046,766,703,706,621,679,632,731,canneal_IndirectBP
13190,9124,8934,9116,9210,9455,10140,7923,8982,9046,8882,8715,8993,8857,9143,8962,5220,1089,1095,1126,1038,1120,2031,152,1214,1123,1275,1019,1063,1105,1087,1122,5102,1051,1063,1024,1053,1093,1953,128,1121,1128,1170,1096,1036,1084,1066,1005,5160,1035,1065,1027,995,1103,2056,128,1118,1142,1249,1114,1097,1113,1079,1085,5184,1124,1037,1162,1035,1167,2074,142,1246,1286,1189,1077,1125,1110,1171,1147,5384,1120,1055,1140,1162,1141,2063,138,1266,1146,1205,1166,1116,1077,1180,1156,5097,1243,1114,1077,1068,1216,1994,140,1221,1159,1144,1119,1156,1146,1077,1077,4988,989,1012,982,1036,1012,1878,53,955,1038,1008,980,971,1046,972,1009,5061,1096,1102,1093,1127,1158,1887,176,1177,1181,1213,1168,1045,1206,1161,1176,5097,1030,1072,1114,1151,1158,1950,143,1160,1095,1167,1162,1014,1139,1220,1177,5031,1040,1090,1053,1024,1148,1971,130,1156,1053,1163,1208,1085,1072,1142,1217,4971,1083,1085,1072,977,1165,1954,123,1011,1085,1068,1053,1034,1068,1156,1113,5159,1139,1073,1133,1056,1157,2016,132,1137,1186,1143,1013,1039,1096,1168,1136,5090,1134,1093,1145,1136,1136,2003,136,1157,1112,1116,1086,1080,1133,1108,1198,5177,1121,1111,1101,1106,1112,2013,130,1214,1142,1133,1122,1010,1128,1039,1131,5036,1123,1078,1094,1022,1094,2071,134,1163,1142,1132,1067,1097,1114,1159,1105,canneal_IndirectBP
17440,11986,11757,11825,11942,12186,12334,10572,11805,11773,11944,12113,11838,11761,11988,11975,6793,1405,1516,1541,1530,1509,1937,147,1459,1502,1430,1534,1504,1538,1434,1393,6604,1442,1533,1608,1521,1499,1929,139,1395,1472,1437,1485,1472,1464,1413,1406,6595,1478,1474,1392,1546,1505,1935,137,1406,1481,1537,1466,1399,1525,1473,1480,6671,1432,1535,1484,1554,1404,1943,129,1537,1458,1575,1585,1649,1525,1465,1484,6881,1545,1557,1564,1594,1482,1965,143,1540,1593,1572,1515,1471,1558,1562,1498,6710,1558,1490,1501,1533,1570,1964,173,1501,1562,1598,1531,1479,1491,1463,1485,6589,1368,1364,1426,1393,1307,1799,54,1440,1348,1455,1398,1432,1424,1398,1396,6627,1415,1562,1433,1541,1536,1859,165,1372,1453,1556,1578,1463,1593,1519,1485,6589,1566,1504,1493,1452,1522,2034,142,1540,1454,1469,1418,1532,1425,1473,1484,6647,1540,1524,1560,1593,1551,1980,149,1451,1562,1589,1473,1487,1598,1491,1533,6831,1499,1555,1441,1569,1437,1983,136,1470,1528,1613,1471,1578,1475,1432,1515,6606,1510,1499,1475,1557,1536,2054,136,1566,1526,1587,1553,1559,1506,1469,1515,6620,1550,1563,1617,1579,1510,2038,171,1453,1445,1482,1550,1482,1388,1465,1454,6650,1452,1553,1565,1467,1493,1946,144,1393,1523,1521,1494,1507,1464,1532,1476,6737,1506,1539,1547,1507,1496,1902,125,1467,1559,1480,1533,1462,1505,1540,1465,canneal_IndirectBP
9658,6588,6621,6446,6642,6589,6634,5935,6639,6630,7907,6410,6498,6478,6481,6526,3668,771,834,713,744,709,801,75,771,764,1967,742,824,750,670,776,3606,729,732,761,707,722,812,76,749,748,2163,742,710,651,690,746,3650,737,769,732,768,786,780,85,765,752,2069,756,841,741,789,747,3741,769,848,774,773,800,778,75,791,809,2141,779,840,783,781,789,3657,717,809,839,770,752,747,87,774,780,2265,796,775,815,836,777,3586,773,858,718,784,757,792,92,737,810,2072,774,778,719,800,728,3618,704,751,645,714,701,723,18,710,780,1925,657,820,677,735,731,3777,716,814,729,837,707,745,84,727,831,1977,757,870,782,777,789,3651,760,785,764,824,788,778,87,792,818,2085,767,753,791,789,758,3660,882,819,782,786,768,876,91,800,818,2082,837,837,869,781,819,3539,665,765,742,812,790,799,73,731,765,1981,751,786,783,719,748,3589,814,851,719,782,813,851,78,819,829,1978,800,804,734,810,783,3637,780,814,816,845,819,757,81,722,747,2011,763,774,746,757,720,3696,755,855,761,745,763,742,77,768,766,2027,745,769,794,785,764,3631,798,830,741,815,763,780,72,793,836,1975,768,741,835,753,774,canneal_IndirectBP
9935,6883,6683,6737,6847,8013,6664,6097,6832,6635,6499,6391,6593,6755,6899,6817,3827,837,747,832,835,2100,799,108,781,752,796,781,874,818,767,841,3787,862,758,772,868,1963,762,94,752,749,800,781,855,877,745,807,3726,782,737,757,807,2102,805,94,710,771,795,796,853,776,774,791,3825,837,818,778,739,2020,844,91,784,839,829,823,890,769,823,848,3815,892,796,771,818,2022,829,113,778,918,835,765,903,848,757,893,3810,786,783,790,784,2085,739,104,701,766,817,749,791,805,771,850,3696,735,694,650,683,2031,711,25,702,681,760,702,688,726,661,754,3812,809,796,790,792,2094,866,111,795,760,810,779,868,773,762,843,3825,877,771,793,747,2065,795,116,825,777,830,766,884,826,766,829,3607,836,794,759,761,2102,785,114,767,776,867,742,803,839,842,813,3573,736,732,755,797,1945,774,89,735,748,873,694,792,804,769,823,3769,769,752,725,741,2104,882,99,843,762,848,788,817,764,819,782,3800,872,779,689,790,2088,816,107,794,706,813,799,854,764,806,806,3851,795,715,720,769,1988,836,81,698,781,827,751,857,795,761,884,3828,770,743,804,839,1996,816,93,806,827,865,809,869,842,778,775,canneal_IndirectBP
17268,11736,11567,11974,11737,11890,12217,10413,11812,11977,11630,11358,11878,11849,12052,12121,6550,1436,1425,1472,1437,1539,1940,167,1473,1576,1536,1521,1440,1500,1467,1431,6515,1488,1399,1385,1399,1660,1811,174,1428,1597,1477,1484,1495,1498,1488,1486,6769,1497,1480,1440,1517,1634,1915,191,1491,1559,1485,1589,1453,1551,1565,1480,6697,1505,1537,1555,1408,1577,1954,177,1534,1578,1509,1484,1502,1542,1506,1454,6792,1542,1562,1573,1608,1698,2074,221,1539,1590,1521,1595,1515,1492,1586,1496,6673,1518,1526,1485,1591,1588,1940,166,1498,1559,1500,1541,1415,1567,1520,1436,6410,1307,1307,1401,1350,1391,1784,44,1265,1472,1381,1308,1275,1323,1405,1254,6650,1403,1463,1493,1520,1498,1914,181,1439,1519,1557,1477,1440,1458,1553,1503,6585,1447,1489,1441,1492,1598,1945,189,1478,1467,1634,1659,1520,1540,1583,1452,6527,1527,1481,1431,1508,1521,2054,186,1509,1614,1506,1549,1511,1529,1534,1534,6348,1439,1446,1416,1432,1581,1797,161,1399,1513,1588,1353,1495,1525,1522,1424,6622,1551,1573,1529,1438,1635,1949,169,1592,1626,1477,1644,1412,1532,1466,1540,6665,1531,1507,1501,1443,1574,1976,167,1555,1526,1496,1563,1454,1494,1538,1403,6779,1454,1560,1399,1480,1642,1883,167,1529,1543,1545,1436,1499,1494,1471,1443,6865,1492,1541,1426,1550,1562,2026,178,1486,1583,1548,1567,1476,1627,1478,1441,canneal_IndirectBP
13227,9328,9056,8895,9174,9259,10115,7565,9132,8957,9046,8826,8806,9189,9058,9101,5113,1125,1115,1148,1139,1106,2014,113,1158,1159,1146,1086,1064,1135,1079,1137,5046,1061,1089,1049,1093,1150,1985,87,1128,1031,1068,1095,1061,1106,1020,1053,4904,1122,1071,1005,1127,1109,2005,99,997,1190,1153,1069,1153,1039,1078,1032,5104,1228,1154,1150,1133,1185,2184,100,1143,1129,1191,1143,1207,1187,1192,1149,5209,1156,1143,1164,1104,1180,2172,105,1237,1160,1163,1084,1084,1112,1197,1142,5083,1143,1186,1179,1213,1274,2055,120,1210,1124,1170,1081,1124,1153,1140,1072,4667,904,998,975,1054,1013,1867,31,980,1022,980,994,1077,1051,922,970,5051,1189,1105,1034,1097,1162,2011,114,1114,1124,1113,1081,1149,1127,1093,1124,5086,1110,1115,1103,1133,1107,2015,101,1118,1133,1113,1102,1125,1165,1067,1106,5120,1172,1142,1225,1097,1156,2083,98,1147,1090,1072,1048,1098,1204,1117,1117,4921,1033,1123,1164,1097,1119,2102,94,1130,1138,1191,1007,1083,1071,1129,1149,4986,1102,1098,1097,1162,1145,2121,99,1133,1102,1107,1068,1128,1061,1146,1092,5063,1130,1057,1084,1134,1217,2075,101,1189,1115,1107,1068,1148,1112,1133,1062,5077,1126,1144,1143,1090,1125,2047,101,1139,1149,1011,1070,1085,1109,1160,1063,5017,1097,1193,1122,1124,1133,2127,109,1191,1161,1081,1070,1065,1058,1165,1104,canneal_IndirectBP
9768,6687,7659,6472,6562,6678,6483,5847,6372,6415,6485,6364,6525,6465,6768,6530,3781,779,2021,763,724,749,714,89,780,742,778,770,806,774,813,744,3591,806,1954,780,771,788,768,94,709,787,756,695,715,807,849,750,3656,756,1915,706,792,754,792,96,734,807,745,750,767,792,782,738,3717,700,2103,718,740,792,701,88,731,849,776,763,740,763,872,781,3728,762,2146,778,805,727,791,94,770,838,763,736,736,833,868,763,3703,741,2087,724,817,725,798,92,728,712,806,710,773,783,794,772,3620,675,1904,597,713,685,644,23,661,740,667,655,622,728,705,702,3538,738,1926,697,812,724,731,94,737,822,753,717,738,761,853,772,3631,643,2028,764,862,704,793,83,715,717,795,691,765,828,789,729,3595,761,1996,750,783,784,758,85,790,733,804,827,763,741,889,843,3652,767,1988,675,761,764,769,79,708,738,698,731,749,842,887,786,3693,774,2171,752,712,765,741,82,732,780,809,747,754,828,920,803,3635,722,2017,720,796,799,768,90,740,819,777,687,725,811,834,755,3769,808,2034,784,793,726,795,89,691,839,780,731,766,822,836,831,3720,808,2150,765,843,751,806,95,732,845,726,780,754,768,791,824,canneal_IndirectBP
13998,9604,9645,9535,9626,9667,9513,8606,9582,9492,9511,9539,10566,9802,9629,9449,5389,1193,1254,1245,1180,1219,1220,153,1077,1093,1153,1104,1941,1214,1277,1176,5439,1227,1152,1202,1167,1262,1277,163,1158,1153,1184,1183,2003,1195,1328,1239,5335,1209,1176,1115,1117,1122,1231,153,1188,1206,1224,1219,2157,1233,1230,1079,5524,1174,1226,1217,1152,1263,1210,148,1298,1264,1293,1190,2056,1228,1314,1240,5392,1207,1224,1125,1188,1214,1221,166,1142,1280,1248,1217,2010,1235,1251,1205,5322,1165,1179,1132,1113,1161,1178,145,1172,1162,1195,1322,1991,1237,1228,1123,5354,1070,1086,1004,996,1119,1160,30,1025,1065,1146,1133,1837,1024,1072,1073,5476,1227,1162,1143,1233,1304,1359,165,1124,1174,1251,1100,2060,1110,1231,1191,5287,1259,1208,1172,1153,1245,1198,162,1267,1189,1187,1184,2046,1208,1288,1121,5301,1161,1219,1111,1160,1203,1196,150,1139,1173,1277,1130,2063,1224,1331,1187,5382,1183,1140,1093,1142,1294,1207,149,1097,1195,1200,1169,1879,1170,1248,1068,5556,1185,1256,1172,1334,1223,1275,151,1296,1197,1221,1101,1932,1134,1427,1313,5547,1189,1219,1223,1205,1187,1198,161,1255,1292,1241,1179,1982,1130,1261,1102,5418,1164,1109,1177,1209,1191,1191,154,1165,1239,1246,1122,2014,1135,1187,1205,5356,1141,1172,1149,1271,1260,1207,151,1208,1229,1240,1142,2094,1192,1276,1174,canneal_IndirectBP
16653,11540,10973,11367,11353,11437,11338,10043,11191,11020,10857,10845,11985,11254,11205,11350,6385,1388,1372,1382,1393,1434,1399,140,1437,1476,1423,1448,2066,1425,1395,1418,6212,1407,1331,1417,1453,1479,1380,147,1376,1336,1379,1344,2087,1392,1399,1373,6405,1519,1367,1341,1388,1337,1313,155,1465,1386,1406,1390,1917,1386,1380,1513,6452,1460,1478,1454,1442,1434,1538,148,1490,1435,1447,1459,2165,1481,1457,1470,6381,1389,1520,1463,1515,1415,1468,155,1496,1370,1485,1363,2051,1486,1428,1486,6325,1375,1478,1352,1455,1490,1475,162,1400,1404,1447,1347,2016,1443,1442,1442,6273,1282,1302,1259,1293,1247,1314,28,1273,1260,1354,1332,1871,1351,1289,1296,6194,1423,1426,1374,1403,1568,1475,154,1311,1358,1402,1428,1942,1467,1394,1426,6131,1453,1456,1392,1483,1414,1425,149,1426,1386,1341,1409,1964,1459,1397,1522,6091,1486,1430,1410,1425,1477,1435,151,1370,1361,1379,1455,1898,1452,1428,1376,6017,1476,1405,1332,1407,1480,1451,136,1308,1368,1398,1409,1804,1398,1399,1439,6384,1501,1492,1493,1443,1556,1550,177,1493,1500,1483,1506,2010,1474,1527,1562,6238,1469,1429,1391,1432,1426,1444,156,1530,1495,1432,1463,1883,1363,1474,1408,6206,1449,1350,1455,1444,1415,1354,132,1436,1424,1430,1366,1923,1493,1315,1442,6295,1460,1462,1428,1482,1546,1513,147,1436,1457,1481,1426,1998,1375,1432,1433,canneal_IndirectBP
2294,1946,1792,1900,2016,1979,1779,4391,2045,2999,2651,2604,2459,2332,2160,1943,123,35,33,36,55,40,32,2149,154,1009,785,615,574,409,107,38,73,28,25,30,43,30,27,1826,129,952,806,626,538,409,108,32,105,31,26,31,45,34,29,1596,142,1028,782,619,547,402,103,31,166,35,31,32,49,35,30,1759,149,1031,825,691,656,452,130,33,154,38,34,34,47,37,32,1811,147,1075,794,667,575,452,113,38,67,27,27,28,40,32,25,1578,121,938,776,629,524,415,89,32,151,81,78,71,102,69,55,1595,203,1295,998,812,746,563,341,116,73,28,31,31,68,39,28,1699,147,898,807,670,539,407,110,40,121,44,44,39,68,55,40,1712,175,961,816,656,526,472,125,60,68,42,38,43,47,40,37,2041,164,940,736,669,563,417,128,47,69,26,30,29,43,27,24,1626,134,978,819,606,538,396,125,36,86,31,35,35,53,34,30,1771,142,1053,837,730,591,477,143,40,100,35,36,37,48,35,29,1854,129,1059,725,670,544,448,142,41,195,37,37,37,52,39,32,1854,138,1054,834,675,591,462,177,42,136,33,33,34,43,34,32,1943,173,1023,861,695,617,443,145,36,canneal_IndirectBP
9816,6488,6435,6504,6565,6439,6373,5645,6259,7653,6473,6225,6472,6456,6540,6556,3534,805,736,800,711,738,753,77,787,2042,735,711,755,738,688,717,3601,762,743,736,762,751,699,74,661,2068,746,703,758,767,725,647,3620,739,699,746,752,738,671,71,749,2180,808,694,741,696,762,682,3628,798,845,835,741,777,798,70,760,2202,770,803,818,827,773,826,3556,825,771,800,726,751,698,75,790,2150,771,771,778,758,759,789,3504,768,745,776,731,795,666,80,761,2140,712,720,796,768,749,722,3518,700,636,672,632,655,681,9,652,1972,714,593,710,679,655,603,3510,796,747,774,739,717,719,72,671,2055,749,744,755,707,681,669,3564,824,717,815,877,761,860,89,685,2090,766,764,841,788,795,746,3642,814,724,760,719,766,709,75,709,2093,764,750,751,802,740,683,3435,749,750,748,681,696,729,67,710,2179,785,708,729,710,763,681,3601,799,840,804,837,825,791,81,703,2234,831,745,749,769,765,726,3596,785,830,835,785,732,743,67,722,2035,721,764,776,822,762,737,3648,750,788,764,777,764,767,84,752,2062,753,743,804,706,766,653,3669,789,781,830,823,721,784,64,741,2127,836,775,791,782,793,746,canneal_IndirectBP
11067,7647,7371,7385,7582,7631,7234,6621,7387,8613,7543,7419,7548,7473,7674,7527,4271,894,849,909,822,922,883,122,918,2132,893,853,934,932,900,788,4143,882,893,971,898,889,899,108,846,1953,864,806,915,938,911,848,4109,889,854,882,834,791,825,113,851,2015,844,911,996,938,826,861,4225,919,939,980,874,884,891,115,928,2081,902,963,1022,935,902,907,4303,927,896,948,873,887,973,108,865,2100,911,992,998,1006,882,900,3990,881,866,908,839,885,853,105,902,2012,800,858,903,957,872,866,3991,743,846,821,743,785,756,28,809,1917,791,811,851,843,744,794,4057,862,897,910,858,876,867,103,889,2140,952,779,965,922,896,917,4129,878,944,886,936,971,867,120,890,2129,919,930,921,982,910,884,4160,943,955,896,907,913,872,112,933,2072,854,868,949,980,907,872,4066,858,806,930,871,919,851,106,897,2001,894,857,954,994,856,946,4185,927,842,1013,989,941,869,108,885,2085,945,882,1001,1022,960,918,4099,826,917,922,885,906,896,116,885,2056,876,883,996,959,878,906,4231,881,926,956,997,935,912,107,902,2007,977,921,974,965,1007,870,4219,837,864,947,972,960,966,97,911,2033,996,933,988,929,957,925,canneal_IndirectBP
17537,11870,11887,11821,11971,12008,11834,10747,12240,12200,11987,11914,11836,12207,12258,12288,6732,1479,1513,1510,1489,1566,1537,161,1767,1764,1484,1493,1505,1539,1555,1508,6682,1564,1515,1427,1506,1449,1507,175,1760,1712,1500,1472,1521,1524,1491,1576,6707,1506,1451,1458,1531,1471,1462,174,1808,1726,1533,1444,1400,1556,1407,1460,6763,1576,1603,1549,1519,1578,1556,172,1845,1782,1600,1560,1586,1609,1618,1581,6883,1564,1614,1589,1555,1548,1588,172,1842,1805,1583,1592,1581,1577,1498,1527,6630,1378,1588,1576,1554,1476,1448,166,1789,1741,1551,1473,1457,1437,1395,1494,6675,1300,1458,1449,1375,1252,1372,30,1645,1529,1370,1310,1371,1352,1438,1458,6770,1565,1566,1580,1493,1538,1549,185,1763,1761,1559,1497,1501,1637,1575,1599,6720,1536,1604,1547,1556,1588,1594,199,1812,1835,1568,1577,1553,1674,1567,1586,6715,1488,1587,1563,1511,1539,1584,163,1807,1819,1558,1493,1565,1619,1439,1580,6679,1515,1489,1504,1543,1521,1433,180,1748,1816,1496,1524,1500,1508,1553,1626,6723,1522,1668,1505,1582,1625,1535,188,1859,1862,1559,1612,1519,1614,1498,1570,6862,1520,1554,1563,1587,1530,1585,179,1808,1825,1560,1467,1641,1552,1462,1489,6968,1564,1588,1556,1573,1576,1476,180,1895,1772,1570,1555,1530,1543,1615,1481,6909,1576,1562,1537,1538,1617,1534,170,1805,1837,1521,1570,1598,1635,1490,1416,canneal_IndirectBP
11893,8122,7904,8191,7903,8259,8209,7228,9138,8035,8199,8084,8192,7953,8165,8205,4448,941,994,982,962,1035,1046,128,2061,973,997,895,952,953,1020,1002,4367,1066,926,991,988,974,1006,119,1966,935,1017,926,911,944,967,979,4542,998,987,903,987,965,960,132,2062,1114,954,1051,976,988,960,937,4504,1033,1049,995,941,1043,1050,125,2089,1004,958,986,960,996,982,1029,4558,1042,1047,1128,1072,1002,930,125,2183,1022,936,1004,1010,998,1081,994,4578,1017,1026,998,969,1052,1017,115,2075,1005,944,975,999,978,1016,907,4427,898,881,933,865,911,915,22,1864,824,895,923,843,877,889,850,4444,1049,1035,1009,993,1077,1054,137,1867,1008,1055,1082,953,1016,987,1044,4463,1083,976,1036,988,1047,1011,121,2123,981,1083,977,1040,980,954,975,4504,993,991,938,1015,1091,1033,108,2168,1007,1075,968,969,1022,1001,972,4540,974,1019,1011,1002,1046,1014,133,2058,1036,1048,1022,989,958,1048,1025,4555,980,1018,946,1049,1088,1055,118,2079,1099,1065,1072,999,989,959,1001,4358,996,954,950,978,982,996,129,2030,1020,981,931,1020,991,1066,1001,4534,1046,953,950,987,1021,1017,134,2007,889,933,1004,956,979,936,1030,4652,1028,968,1046,984,1044,993,135,2062,994,1003,1019,1057,1009,1064,1040,canneal_IndirectBP
9424,6410,6026,6317,6271,6401,6153,5774,6451,6272,6277,6263,6393,6204,7716,6439,3497,739,788,737,697,701,749,85,787,758,795,762,815,820,1935,682,3376,746,676,751,689,696,729,78,711,766,750,719,712,748,2003,659,3524,700,713,786,726,715,770,84,786,770,712,711,697,725,1965,699,3524,841,771,751,781,712,773,85,763,850,855,761,815,785,2120,744,3530,805,735,739,753,740,815,83,773,798,817,743,708,791,2107,699,3380,788,713,694,679,754,633,87,719,741,732,712,727,788,2083,702,3481,724,728,683,632,652,673,20,638,784,681,637,712,673,2007,662,3615,798,731,671,780,728,820,96,784,818,813,798,799,784,2000,744,3416,728,753,783,714,748,775,83,747,773,752,758,740,694,2085,796,3515,716,722,723,762,725,786,81,777,760,693,766,792,728,2082,841,3501,745,712,734,687,708,779,78,754,780,703,743,788,682,2096,710,3578,791,765,794,777,761,783,71,782,855,789,815,735,740,2072,741,3418,797,747,767,716,719,780,90,776,791,734,708,765,764,1996,794,3495,825,778,768,814,803,792,96,758,779,863,712,760,786,2113,787,3583,861,776,799,779,739,826,70,762,788,842,745,818,738,2053,753,canneal_IndirectBP
15765,10631,10485,10529,10617,10624,10629,9494,10846,10676,10374,10488,10832,10401,11265,10808,5985,1259,1283,1410,1385,1272,1284,164,1366,1442,1276,1428,1237,1367,2030,1312,5831,1389,1304,1331,1261,1364,1290,152,1324,1347,1197,1389,1237,1294,2010,1364,5879,1276,1302,1366,1254,1344,1329,162,1385,1326,1257,1338,1244,1250,2005,1271,5994,1391,1335,1510,1338,1233,1466,173,1439,1406,1281,1492,1360,1423,2034,1299,6056,1385,1345,1402,1364,1331,1348,171,1438,1493,1315,1512,1360,1302,2101,1316,5953,1355,1255,1412,1341,1334,1368,163,1397,1424,1259,1408,1288,1344,1997,1305,5776,1249,1087,1253,1239,1215,1198,30,1210,1167,1233,1337,1118,1214,1984,1091,6125,1339,1324,1352,1340,1306,1336,178,1404,1326,1273,1399,1333,1405,1978,1280,6103,1377,1293,1321,1406,1390,1336,180,1395,1411,1316,1350,1361,1346,1956,1293,5878,1289,1383,1273,1352,1407,1375,161,1467,1319,1256,1500,1298,1388,2012,1299,5835,1309,1295,1417,1380,1403,1277,160,1249,1337,1269,1317,1283,1306,1940,1236,6104,1365,1368,1423,1370,1372,1295,161,1437,1315,1418,1336,1314,1338,2108,1444,5909,1296,1315,1391,1320,1330,1319,156,1321,1397,1363,1436,1228,1257,1975,1308,5963,1319,1376,1387,1294,1266,1361,195,1374,1447,1346,1488,1265,1290,2021,1337,6090,1365,1440,1356,1376,1342,1360,167,1344,1428,1367,1442,1345,1421,2032,1313,canneal_IndirectBP
15572,10501,10429,10600,10661,10673,10370,9135,10161,10082,10087,10182,10681,10740,11371,10799,5780,1253,1267,1304,1266,1294,1352,138,1289,1361,1345,1288,1336,1410,1995,1264,5714,1232,1364,1277,1275,1277,1337,136,1260,1292,1366,1219,1255,1297,1995,1314,5851,1300,1360,1252,1287,1288,1375,141,1324,1307,1274,1241,1271,1354,2034,1225,6021,1333,1293,1262,1327,1396,1382,140,1376,1347,1358,1340,1386,1400,2103,1395,5950,1408,1280,1309,1334,1301,1368,154,1360,1384,1385,1339,1400,1313,2089,1323,5874,1308,1271,1307,1323,1297,1354,122,1295,1224,1369,1336,1389,1208,1934,1311,5678,1212,1153,1198,1187,1161,1170,26,1212,1059,1210,1131,1213,1144,1874,1255,5687,1183,1273,1332,1266,1214,1283,162,1233,1307,1264,1233,1280,1282,1990,1327,5592,1305,1267,1204,1276,1307,1321,153,1313,1356,1280,1319,1360,1333,1864,1389,5725,1321,1320,1269,1362,1362,1385,139,1274,1269,1193,1329,1421,1233,2032,1336,5722,1329,1301,1292,1263,1353,1373,128,1199,1229,1288,1290,1252,1308,1933,1237,5959,1283,1330,1284,1320,1334,1387,140,1263,1345,1358,1415,1250,1370,2177,1332,6004,1335,1340,1283,1400,1338,1306,139,1274,1263,1343,1223,1264,1319,1942,1364,5930,1373,1348,1334,1358,1306,1382,174,1297,1327,1341,1299,1332,1342,2005,1289,5966,1435,1444,1320,1284,1358,1296,156,1347,1371,1394,1366,1330,1329,2095,1284,canneal_IndirectBP
9095,6322,5925,6409,6472,6332,6084,5447,6358,6060,5944,6069,7544,6128,6357,6070,3559,717,753,699,809,702,723,88,716,732,726,704,2018,657,751,753,3282,646,687,669,783,631,642,69,634,683,682,646,2056,698,709,683,3526,696,776,699,841,741,727,77,704,711,782,711,2044,681,734,708,3624,760,857,651,803,736,739,82,773,813,699,681,2174,739,777,711,3575,743,773,702,830,691,721,76,714,722,715,796,2073,701,802,744,3463,714,786,717,806,646,656,71,717,723,706,669,2106,691,700,651,3406,617,680,671,730,630,591,9,713,661,658,616,1931,606,674,615,3616,733,815,736,827,676,665,77,700,630,702,737,1944,741,746,710,3364,739,773,745,810,690,767,82,666,630,658,733,2022,712,726,691,3366,764,719,721,840,735,682,76,700,699,636,724,2039,695,783,753,3397,699,765,738,858,721,667,75,759,639,668,683,1997,616,718,751,3588,792,846,770,870,739,780,70,741,737,824,759,2148,730,823,753,3478,812,763,680,845,791,720,75,775,678,736,715,1989,712,706,698,3552,686,746,757,818,753,808,88,792,730,737,738,2116,750,713,737,3415,729,764,732,789,755,774,73,719,733,644,711,1995,685,738,721,canneal_IndirectBP
15122,8927,8848,8806,9022,8795,8684,7819,9065,8680,9587,8680,8965,8709,9348,8853,4994,1120,1081,1069,1059,978,1029,130,1036,991,1952,1077,1011,1170,1223,1202,5001,1088,982,1072,969,1023,1015,120,1086,988,1921,987,1069,1097,1215,1131,5058,1128,1036,904,1090,998,1037,133,1146,1082,1970,1052,1039,987,1291,1089,4966,1078,1080,989,1176,1052,1101,112,1128,999,2039,1034,1072,1128,1284,1201,5127,1078,1006,1062,1135,1064,1078,134,1135,1059,2062,1117,1051,1099,1254,1242,4883,1140,986,1018,1084,947,958,115,1089,1039,2129,1064,1078,1099,1261,1058,4806,1031,959,958,1028,909,843,27,966,882,1965,909,938,957,1074,945,5102,1100,1060,1009,1065,998,1010,142,1044,999,2132,1105,1078,1154,1240,1125,4915,1052,1055,1038,1106,1049,1091,133,1213,1036,2041,1056,1015,1086,1285,1034,4937,1141,987,955,1092,1010,949,130,1096,1057,2111,1092,1118,1076,1292,1069,4795,1076,1015,1003,1210,962,1014,112,1099,1036,2113,1075,1092,1095,1214,983,5175,1164,1093,1074,1185,1045,1067,144,1207,1110,2303,1118,1102,1071,1335,1118,4864,1108,1009,1051,1055,995,951,113,1116,987,2098,1057,1033,996,1358,1148,5075,1248,1000,1056,1070,1018,1051,134,1188,1123,2077,1103,1088,1105,1357,1222,4995,1020,1028,1071,1087,1101,1014,133,1139,1046,1973,1095,1067,1012,1376,1112,canneal_IndirectBP
17524,12001,12119,12085,12189,12218,12004,10512,11967,11959,12075,11731,12132,11981,11876,11863,6777,1474,1592,1549,1595,1630,1615,173,1632,1594,1849,1569,1518,1615,1422,1529,6677,1537,1516,1530,1522,1636,1485,144,1648,1599,1825,1506,1572,1555,1446,1495,6791,1497,1444,1504,1497,1610,1608,165,1677,1609,1828,1516,1504,1632,1474,1543,6831,1560,1713,1573,1586,1629,1586,163,1618,1638,1877,1623,1571,1693,1446,1545,6805,1447,1720,1486,1583,1548,1573,154,1681,1622,1941,1593,1551,1580,1592,1531,6711,1564,1543,1591,1547,1600,1600,144,1662,1549,1832,1476,1456,1584,1428,1426,6574,1347,1386,1375,1417,1397,1327,22,1375,1421,1593,1371,1397,1482,1302,1333,6742,1488,1444,1525,1577,1565,1591,181,1519,1575,1906,1522,1563,1627,1569,1474,6721,1678,1586,1609,1628,1562,1634,165,1586,1554,1863,1525,1567,1629,1527,1608,6589,1476,1655,1597,1674,1691,1646,189,1685,1680,1860,1446,1602,1623,1616,1541,6587,1589,1595,1407,1596,1550,1519,150,1679,1580,1814,1507,1523,1498,1490,1507,6918,1633,1501,1529,1589,1622,1506,159,1696,1548,1980,1565,1607,1635,1483,1584,6640,1523,1611,1466,1568,1495,1593,170,1562,1559,1928,1453,1600,1640,1445,1625,6764,1552,1623,1606,1667,1598,1666,222,1723,1620,1913,1604,1593,1664,1622,1635,6682,1536,1522,1509,1546,1565,1630,175,1678,1771,1848,1557,1637,1640,1579,1420,canneal_IndirectBP
3435,2897,2806,2835,2930,2965,2765,4495,2913,3726,3787,3893,4083,4206,2891,2964,452,11,11,11,13,13,8,1706,7,843,870,1016,1205,1257,12,14,370,8,6,7,8,7,6,1700,3,815,939,1046,1189,1232,8,9,410,9,6,7,12,9,7,1701,5,825,944,945,1166,1227,8,13,447,15,10,11,14,16,8,1703,12,867,959,1017,1231,1330,11,17,468,11,5,10,9,9,8,1697,8,804,969,1041,1168,1340,7,12,342,8,5,7,7,5,3,1694,7,886,992,1023,1155,1273,8,9,360,11,10,13,18,20,17,1698,12,866,933,1073,1187,1333,14,16,429,25,19,16,30,32,23,1714,21,907,943,1060,1164,1259,21,28,371,24,25,25,32,32,20,1705,25,899,1081,1074,1296,1331,28,23,386,29,18,31,30,33,23,1698,21,939,976,1147,1258,1448,40,36,379,22,20,22,30,21,16,1706,18,935,1040,1108,1164,1436,26,25,401,20,17,24,33,26,18,1705,20,937,1185,1105,1228,1361,25,23,386,26,28,20,34,19,16,1700,16,923,968,1078,1332,1258,33,32,428,16,12,15,22,16,8,1697,6,831,986,1034,1118,1291,18,20,455,13,8,13,10,13,8,1697,9,859,940,1086,1166,1335,11,17,canneal_IndirectBP
10456,7458,7463,6963,7232,7174,6976,6259,8116,7142,7092,7027,7243,7114,7070,7257,4075,778,837,752,810,817,855,105,2027,883,897,848,848,848,903,816,4132,824,827,846,851,823,851,105,2103,848,865,866,864,796,832,819,3880,822,816,807,841,840,883,108,1960,925,879,826,809,843,817,806,4099,890,914,880,826,910,824,94,2071,839,906,886,888,906,918,919,4003,857,845,903,818,798,846,102,2112,881,851,873,824,862,930,907,3850,874,868,859,868,878,799,95,2032,877,805,820,846,804,823,814,3806,781,775,760,812,771,793,17,1842,715,754,760,745,715,754,689,3943,775,844,865,868,891,791,121,1961,916,879,861,784,845,850,877,4001,891,903,906,816,837,820,103,2169,860,880,859,853,831,845,920,3973,903,870,870,910,795,774,107,2025,861,876,902,897,853,915,879,3975,802,867,825,809,864,803,96,2049,858,866,876,773,874,852,844,4028,891,832,887,826,850,835,96,2223,876,858,860,818,876,841,881,3955,893,848,828,877,877,848,101,1996,832,863,847,827,832,879,787,3937,823,868,889,822,913,792,111,1999,908,845,871,875,857,828,809,4019,868,916,913,926,860,901,111,2175,941,867,874,889,813,867,786,canneal_IndirectBP
9377,6265,6370,6360,6333,6547,6365,5564,6470,6319,7414,6397,6401,6433,6349,6411,3512,647,738,714,784,774,807,85,691,725,2061,731,747,809,795,800,3564,655,696,706,744,642,801,75,724,742,2123,714,781,726,754,783,3552,639,779,656,763,720,822,69,670,760,1974,753,799,695,748,745,3510,659,736,750,729,802,830,78,806,779,2144,762,784,719,756,776,3649,674,739,835,764,735,779,88,775,758,2283,767,798,685,809,880,3503,685,729,747,768,817,840,90,751,801,2065,763,756,680,768,827,3430,531,654,651,678,673,660,9,639,703,1995,671,594,583,682,704,3679,631,731,755,804,765,723,99,811,837,2116,786,714,733,722,800,3659,671,793,759,744,737,871,79,763,779,2060,772,795,701,755,845,3481,601,785,751,781,775,759,80,807,780,2006,770,808,685,782,828,3667,618,762,782,788,731,734,77,738,736,2031,676,744,617,805,781,3668,631,807,775,773,780,826,76,810,769,2200,806,764,696,758,787,3594,651,767,822,688,751,816,83,680,728,2157,707,751,688,794,799,3543,651,800,773,773,806,823,80,738,740,2101,772,736,720,686,779,3508,683,768,727,792,770,877,83,759,744,2123,751,809,686,775,778,canneal_IndirectBP
16963,11959,11672,11393,11814,11373,11704,10475,11393,11697,12040,11608,11771,11666,11545,11953,6741,1471,1470,1580,1499,1447,1434,168,1402,1443,1977,1447,1442,1445,1489,1432,6574,1500,1460,1382,1430,1381,1482,162,1421,1491,1908,1379,1490,1415,1445,1546,6349,1474,1458,1393,1409,1412,1421,156,1449,1461,1824,1426,1450,1388,1415,1410,6660,1524,1549,1499,1384,1511,1468,180,1487,1512,2087,1379,1578,1440,1496,1491,6300,1532,1536,1397,1511,1317,1472,192,1563,1437,2052,1408,1460,1435,1507,1402,6630,1428,1538,1393,1507,1505,1423,170,1388,1460,2085,1421,1453,1493,1474,1485,6412,1347,1347,1175,1235,1206,1343,30,1298,1309,1963,1258,1221,1319,1293,1318,6549,1501,1544,1412,1393,1435,1451,182,1378,1414,1888,1404,1436,1479,1370,1382,6739,1572,1448,1396,1569,1477,1527,186,1505,1405,2130,1514,1484,1483,1484,1451,6564,1552,1537,1441,1535,1472,1403,210,1590,1470,2029,1514,1555,1521,1477,1471,6634,1498,1440,1527,1570,1565,1456,157,1534,1547,1984,1364,1470,1457,1562,1513,6693,1512,1497,1502,1510,1437,1498,162,1597,1524,2056,1399,1436,1522,1514,1452,6503,1549,1558,1452,1367,1356,1564,163,1490,1472,1998,1438,1366,1408,1454,1500,6438,1393,1460,1462,1367,1417,1386,180,1473,1490,1876,1391,1469,1444,1425,1521,6780,1538,1546,1483,1500,1490,1482,162,1556,1500,1976,1473,1558,1451,1486,1464,canneal_IndirectBP
14097,9853,9662,9433,9372,9777,9352,8145,9469,9583,10277,9075,9427,9433,9609,9477,5398,1173,1129,1152,1246,1145,1161,135,1112,1214,2049,1234,1123,1179,1160,1169,5344,1092,1117,1150,1247,1124,1119,137,1238,1179,2073,1072,1195,1193,1094,1074,5293,1134,1141,1129,1150,1195,1104,125,1191,1158,2001,1193,1105,1091,1173,1117,5185,1181,1128,1189,1137,1214,1185,137,1128,1195,2088,1170,1212,1149,1180,1159,5421,1248,1087,1122,1181,1173,1296,135,1139,1287,2090,1225,1133,1212,1161,1178,5149,1119,1120,1179,1171,1162,1076,122,1156,1159,1984,1149,1086,1183,1235,1123,4898,1038,985,985,956,1006,1030,25,1042,1039,1820,981,951,1052,956,1008,5267,1084,1221,1150,1122,1110,1153,145,1135,1195,2094,1155,1103,1171,1182,1196,5347,1148,1160,1137,1161,1232,1199,126,1212,1193,2036,1166,1199,1158,1201,1124,5290,1156,1163,1211,1231,1268,1263,162,1219,1240,2047,1135,1218,1259,1284,1159,5064,1114,1103,1149,1159,1282,1186,132,1151,1153,2093,1079,1087,1116,1253,1077,5250,1150,1104,1200,1167,1259,1234,130,1202,1208,1946,1168,1126,1159,1224,1212,5218,1163,1194,1193,1100,1166,1167,139,1172,1104,1846,1195,1122,1143,1166,1153,5347,1182,1161,1176,1209,1160,1160,135,1205,1148,1929,1130,1101,1193,1148,1223,5313,1217,1194,1184,1191,1155,1184,138,1255,1298,2081,1132,1113,1103,1178,1150,canneal_IndirectBP
9692,6571,6567,6600,6450,7646,6052,5737,6411,6438,6514,6309,6357,6476,6827,6647,3719,757,768,767,773,2077,659,87,822,693,730,717,704,706,827,796,3595,794,743,725,739,2043,676,77,750,679,731,650,716,733,831,855,3619,784,760,685,725,2022,729,89,779,731,759,660,743,717,752,733,3519,718,763,687,724,1969,734,78,763,800,769,673,735,729,841,732,3602,770,779,737,774,2003,776,78,840,816,793,749,755,771,817,842,3355,719,742,714,705,2018,654,78,726,675,690,655,671,734,761,751,3473,700,668,677,645,1881,601,17,702,619,617,651,708,678,628,749,3524,811,725,722,743,2015,689,79,796,674,676,684,760,662,711,838,3623,830,765,785,783,2014,701,80,817,792,767,710,756,747,780,783,3600,860,735,672,740,2069,719,94,798,852,717,687,769,749,735,872,3485,857,729,701,728,2146,693,76,840,756,748,652,694,657,809,821,3551,811,785,724,790,2060,711,73,770,713,775,748,740,687,839,808,3602,753,761,703,808,1967,743,87,828,763,743,643,768,707,769,793,3705,780,752,761,807,2091,686,79,827,803,724,729,752,766,790,814,3659,744,755,796,839,2138,781,87,791,749,706,791,836,818,812,771,canneal_IndirectBP
13283,9119,8978,9017,8862,9010,8865,7754,8955,8929,8802,9191,9954,9154,9130,8969,5110,1072,1048,1023,1173,1106,1129,138,1097,1155,1046,1074,1880,1123,1159,1060,5136,1108,967,1035,1106,1109,1119,126,1014,1193,1042,1139,1940,1121,1127,1074,5174,1061,1115,1044,1174,1109,1151,136,1132,1133,1121,1075,1934,1033,1165,1114,5007,1099,1083,1085,1122,1173,1140,137,1113,1103,1174,1055,2040,1049,1221,1042,5152,1187,1033,1112,1131,1147,1043,157,1133,1148,1158,1193,1980,1082,1175,1110,5068,1110,967,1092,1146,1045,1049,137,1129,1041,1111,1110,1997,1003,1073,1129,4812,965,992,925,1076,939,994,26,971,994,955,979,1891,911,887,894,5054,1092,1063,1067,1169,1045,1115,139,1061,1031,1069,1113,1952,1000,1052,1093,5044,1162,1080,1058,1111,1144,1065,140,1074,1098,1158,1073,2001,1182,1187,1134,5009,1148,1063,1089,1149,1155,1189,145,1171,1072,1053,1073,2053,1123,1138,1114,5158,1130,1050,1099,1114,1144,1142,127,1127,1115,1115,1058,2000,1094,1121,1156,5090,1152,1099,1135,1143,1192,1087,124,1133,1206,1161,1099,2044,1100,1125,1119,5216,1120,1102,1122,1142,1063,1087,129,1059,1137,1146,1050,2016,1029,1137,1096,5123,1086,1167,1076,1068,1079,1137,126,1177,1225,1057,1003,1991,1068,1107,1064,5040,1116,1091,1108,1075,1162,1118,128,1127,1187,1093,1067,2060,1092,1103,1055,canneal_IndirectBP
16801,11781,11677,11796,11681,11893,11666,10505,11757,12051,11871,11858,12321,11661,12063,11997,6579,1429,1384,1383,1505,1501,1478,165,1459,1499,1484,1492,1897,1414,1416,1355,6404,1505,1370,1428,1487,1499,1447,184,1430,1530,1477,1420,1887,1403,1481,1405,6503,1474,1425,1416,1442,1462,1455,160,1502,1525,1485,1461,1932,1439,1473,1380,6551,1511,1399,1534,1477,1581,1470,158,1458,1522,1525,1563,1941,1411,1535,1551,6735,1517,1482,1551,1532,1570,1536,180,1501,1474,1563,1613,1957,1422,1625,1455,6629,1444,1447,1511,1455,1468,1429,176,1496,1535,1408,1537,2040,1405,1506,1378,6442,1304,1351,1308,1267,1396,1399,30,1293,1393,1326,1313,1681,1232,1215,1253,6530,1497,1456,1413,1531,1477,1424,162,1450,1493,1460,1506,1959,1483,1483,1475,6732,1509,1561,1481,1485,1476,1549,188,1534,1510,1608,1540,1964,1462,1549,1421,6629,1414,1576,1476,1458,1575,1528,156,1515,1588,1507,1465,2081,1469,1454,1542,6572,1487,1500,1528,1424,1537,1512,168,1538,1492,1418,1487,1936,1386,1491,1527,6705,1653,1632,1584,1543,1579,1645,205,1481,1634,1626,1546,1955,1493,1520,1538,6535,1502,1489,1526,1522,1580,1536,169,1433,1635,1485,1421,2049,1382,1518,1553,6614,1512,1497,1490,1547,1524,1541,163,1504,1538,1472,1519,2001,1438,1464,1492,6693,1487,1542,1510,1468,1540,1643,167,1564,1554,1568,1510,1927,1478,1533,1401,canneal_IndirectBP
9512,6485,6176,6235,6366,7733,6101,5527,6248,6171,6269,6199,6442,6217,6381,6460,3605,761,749,658,740,2053,675,74,742,679,731,700,684,717,745,679,3324,694,726,728,654,1933,687,76,761,714,719,649,755,642,677,646,3454,656,726,751,684,1979,805,79,802,730,697,620,727,670,636,638,3551,721,724,783,761,2110,675,79,743,753,708,731,761,747,720,707,3608,808,785,746,746,2081,691,94,818,816,788,779,796,785,719,787,3419,750,734,752,659,2023,639,72,723,649,780,661,760,651,703,713,3346,606,634,620,615,1914,558,13,673,662,654,623,683,558,663,605,3547,701,752,690,717,1988,721,79,731,677,754,731,793,734,675,647,3479,729,727,721,728,2125,742,79,711,681,672,702,732,767,655,724,3547,692,727,689,748,2069,678,79,751,708,682,722,734,762,707,774,3549,704,732,795,645,2022,657,68,769,688,715,674,779,687,676,701,3630,769,786,748,738,2091,801,88,778,718,702,759,727,716,682,693,3517,739,716,788,714,1998,720,79,734,668,667,722,777,753,713,805,3533,699,775,735,722,1996,692,67,746,658,765,681,760,742,752,732,3638,750,851,853,732,1975,749,77,787,701,695,806,880,712,740,687,canneal_IndirectBP
10343,6829,6955,6709,6909,8378,6841,6251,6987,6995,6868,6989,6963,7011,7113,6993,3715,851,840,764,787,2083,816,109,782,856,819,822,770,743,832,762,3734,835,827,785,846,2047,763,110,794,830,747,897,858,807,767,816,3627,782,825,769,837,1935,797,110,790,795,768,821,880,840,729,814,3836,775,854,846,910,2036,723,110,813,837,864,907,844,863,815,828,4026,841,846,823,864,2095,859,122,850,907,874,913,948,844,893,872,3835,793,795,798,826,2081,751,108,787,851,773,818,868,829,830,806,3753,733,724,724,737,1804,697,22,670,699,714,798,735,690,720,709,3818,807,879,744,895,1902,767,120,777,836,831,886,795,859,873,897,3845,799,849,837,920,2030,783,112,840,798,772,920,844,827,858,924,3812,819,855,760,933,2065,852,108,825,728,774,818,789,828,921,863,3710,785,790,758,756,2046,784,101,787,837,793,905,817,863,858,777,3827,840,844,760,897,2028,821,108,782,821,861,952,844,900,913,903,3884,797,832,802,871,2066,852,100,806,838,809,867,815,833,869,814,3963,736,901,807,930,2070,823,106,824,848,870,859,829,867,863,809,3884,813,871,759,867,2031,846,105,789,822,901,914,844,870,880,783,canneal_IndirectBP
17486,12144,11627,12128,11915,12458,11737,10489,12283,11990,11812,12004,11848,12103,11985,12118,6695,1452,1432,1498,1576,1866,1422,174,1478,1470,1454,1490,1472,1482,1478,1445,6551,1496,1308,1503,1498,1948,1418,167,1452,1537,1490,1449,1469,1414,1420,1568,6715,1498,1428,1466,1560,1959,1533,158,1473,1447,1468,1519,1453,1474,1438,1477,6670,1470,1399,1541,1617,1974,1512,169,1564,1558,1519,1494,1478,1508,1523,1573,6741,1496,1499,1595,1611,2011,1601,193,1607,1570,1618,1500,1426,1566,1593,1522,6533,1450,1378,1511,1503,1958,1424,154,1517,1483,1506,1440,1453,1453,1458,1529,6469,1244,1266,1287,1430,1717,1369,30,1312,1273,1302,1258,1367,1331,1245,1238,6871,1467,1470,1501,1523,1938,1496,180,1505,1421,1461,1579,1467,1415,1531,1469,6822,1517,1449,1542,1526,1916,1523,161,1438,1475,1451,1555,1457,1527,1533,1612,6619,1452,1427,1552,1560,2009,1504,180,1524,1481,1511,1549,1584,1417,1508,1582,6649,1483,1503,1585,1530,1861,1435,169,1532,1505,1424,1474,1515,1649,1398,1532,6725,1456,1490,1487,1596,1842,1558,182,1551,1589,1449,1566,1488,1627,1568,1539,6789,1512,1482,1458,1399,1903,1525,163,1486,1507,1432,1489,1510,1512,1535,1484,6664,1476,1539,1514,1556,2041,1539,160,1522,1463,1456,1560,1462,1488,1429,1508,6756,1546,1458,1512,1586,2025,1486,172,1531,1495,1452,1554,1497,1569,1513,1502,canneal_IndirectBP
2452,1682,1570,1689,1664,1669,1616,3545,1666,1677,1582,1665,1660,1679,1712,1697,707,8,6,10,9,7,6,1869,7,8,8,7,8,11,22,10,645,5,1,7,4,5,2,1861,5,2,5,6,5,8,20,7,709,10,8,9,8,11,7,1862,9,8,12,11,16,16,23,12,701,14,7,13,8,10,7,1865,10,8,9,7,8,12,33,10,701,9,5,9,8,6,6,1864,7,7,7,6,7,6,19,8,677,6,3,6,8,6,4,1861,5,4,4,5,5,6,19,7,738,19,21,18,15,22,18,1881,22,13,16,19,21,16,34,15,733,19,18,19,24,20,20,1893,19,25,28,32,29,30,39,28,728,26,23,25,23,23,16,1882,22,23,17,21,23,25,39,19,681,24,18,21,30,19,15,1879,22,22,19,19,24,27,48,27,733,22,14,22,26,15,17,1875,20,19,16,14,24,14,43,31,725,25,18,15,26,18,15,1882,21,21,15,16,23,21,50,28,720,23,17,19,27,17,15,1875,18,20,14,17,27,18,50,33,710,18,11,16,14,14,14,1872,20,12,13,17,14,20,47,17,711,11,5,8,8,7,6,1861,8,6,8,7,8,9,24,10,canneal_IndirectBP
14545,9967,9817,9780,9560,10584,9579,8947,10075,9655,9755,9673,9937,9947,10076,10093,5482,1163,1133,1204,1191,1919,1200,256,1220,1238,1225,1044,1178,1230,1208,1173,5420,1132,1192,1068,1159,1948,1167,227,1175,1225,1149,1148,1148,1180,1223,1171,5500,1146,1153,1207,1111,1903,1089,236,1195,1172,1224,1133,1143,1230,1245,1156,5405,1182,1236,1326,1151,1880,1125,253,1139,1262,1260,1141,1210,1179,1297,1206,5595,1299,1273,1269,1272,2159,1328,297,1284,1163,1250,1295,1152,1248,1220,1269,5406,1175,1135,1071,1119,2049,1168,252,1105,1089,1238,1193,1160,1107,1225,1185,5349,1002,1104,1070,1034,1905,1028,134,1034,1001,1195,1107,1101,1019,1053,1056,5639,1150,1233,1186,1150,1812,1224,234,1203,1149,1270,1182,1208,1214,1205,1230,5371,1255,1175,1241,1170,1863,1203,236,1213,1224,1228,1135,1175,1213,1301,1218,5501,1233,1285,1240,1187,1925,1243,277,1188,1294,1170,1085,1242,1222,1220,1210,5343,1095,1211,1262,1185,2056,1187,230,1263,1216,1199,1155,1262,1251,1176,1143,5583,1208,1292,1159,1239,2027,1303,267,1244,1269,1186,1174,1317,1196,1176,1127,5524,1233,1225,1250,1179,1970,1210,233,1227,1221,1207,1195,1219,1159,1195,1062,5609,1149,1178,1199,1164,1961,1242,279,1287,1140,1166,1240,1187,1177,1209,1113,5652,1172,1251,1208,1208,2089,1220,304,1298,1260,1300,1238,1162,1213,1191,1184,canneal_IndirectBP
13250,8832,8572,8835,8827,8711,8418,9518,8881,8688,8673,8725,8587,8873,8875,9009,4960,979,978,1022,965,1016,1015,2044,994,973,971,1075,964,975,945,1045,4771,899,957,991,947,998,1006,1994,994,949,971,1019,916,904,947,1011,4991,960,939,946,977,977,1121,1922,940,984,943,994,951,994,1010,992,4888,998,969,1040,972,1078,1053,2158,997,1066,1083,1023,1001,959,993,1038,4907,1049,1011,1031,957,986,1078,2027,1043,1096,1016,1070,943,999,1037,1186,4577,936,936,1037,921,972,994,1974,956,975,1004,1049,1009,954,876,1044,4692,977,873,960,962,969,954,1858,948,1012,1014,1039,982,934,852,973,4923,945,1015,1023,1023,941,968,1872,891,1063,1053,991,1007,959,914,1066,4808,985,933,1010,1005,993,1024,1957,1044,1010,1017,1017,926,1025,940,1020,4857,940,970,1046,1063,987,1035,1943,1092,980,934,970,1094,1037,941,1119,4870,976,913,916,997,952,985,2030,945,1042,938,927,928,955,856,984,4733,1025,1002,1008,991,920,1047,2024,977,1055,1038,1119,995,1019,975,1119,4945,1010,1009,1009,1038,1034,985,1873,922,984,1005,1051,1029,1046,956,1131,4962,993,949,1018,1037,1004,977,1947,943,1016,1052,1015,1005,1010,966,1051,5006,1002,1020,981,1061,1046,1034,2030,995,986,1101,1051,1010,965,919,1166,canneal_IndirectBP
22024,15243,14978,14844,15117,15355,15177,15084,15287,15185,15003,15085,15129,15544,15199,15508,8547,1670,1846,1689,1834,1889,1770,1780,1846,1838,1814,1944,1680,1826,1792,1719,8320,1736,1733,1664,1873,1789,1789,1801,1713,1837,1802,1734,1756,1788,1711,1768,8365,1670,1852,1563,1716,1804,1795,1736,1789,1828,1789,1715,1793,1854,1842,1814,8515,1682,1786,1699,1882,1845,1833,1812,1808,1884,1788,1957,1860,1939,1887,1847,8663,1893,1920,1752,1879,1781,1796,1815,1881,1786,1860,1827,1848,1863,1803,1897,8441,1782,1817,1642,1745,1836,1769,1786,1903,1853,1814,1833,1762,1775,1807,1827,8337,1834,1744,1681,1765,1797,1861,1768,1759,1832,1640,1825,1831,1817,1825,1876,8580,1857,1845,1731,1846,1730,1842,1851,1716,1761,1781,1925,1860,1860,1723,1781,8555,1791,1846,1807,1844,1786,1840,1744,1820,1912,1798,1869,1893,1874,1846,1847,8406,1725,1891,1781,1883,1781,1983,1872,1796,1855,1783,1976,1810,1819,1741,1791,8448,1893,1813,1804,1832,1869,1886,1854,1878,1867,1762,1835,1830,1790,1770,1830,8552,1881,1992,1760,1878,1769,1896,1929,1970,1901,1797,1825,1867,1851,1824,1802,8660,1724,1696,1715,1908,1894,1984,1761,1860,1881,1861,1827,1850,1828,1855,1835,8420,1836,1802,1679,1819,1792,1778,1780,1762,1858,1720,1839,1761,1798,1843,1838,8692,1888,1825,1831,1840,1895,1769,1821,1856,1912,1821,1755,1910,1897,1913,1844,canneal_IndirectBP
22466,15426,14898,15350,15144,15100,15195,15275,15046,15479,14937,14952,15418,15185,15411,15604,8625,1800,1796,1758,1722,1927,1815,1768,1777,1860,1903,1851,1838,1818,1753,1742,8328,1771,1780,1793,1708,1794,1774,1724,1760,1885,1847,1823,1856,1774,1740,1736,8585,1859,1816,1753,1762,1853,1748,1846,1765,1838,1793,1839,1894,1811,1771,1774,8413,1878,1889,1958,1729,1969,1837,1928,1782,1906,1872,1907,1944,1797,1812,1860,8440,1856,1863,1846,1869,1791,1795,1825,1804,1971,1846,1823,1806,1834,1768,1856,8538,1798,1888,1750,1810,1856,1770,1928,1739,1833,1910,1790,1781,1728,1794,1761,8474,1874,1845,1766,1765,1781,1732,1685,1824,1760,1878,1870,1765,1797,1731,1928,8416,1697,1821,1735,1814,1853,1731,1782,1820,1796,1886,1832,1905,1751,1763,1805,8595,1774,1946,1830,1888,1816,1807,1857,1757,1831,1948,1980,1928,1848,1830,1924,8271,1729,1928,1776,1897,1776,1872,1943,1819,1902,1907,1880,1868,1738,1890,1827,8314,1825,1874,1779,1739,1825,1778,1878,1798,1829,1915,1854,1806,1745,1646,1763,8670,1854,1963,1844,1888,1857,1936,1846,1813,1760,2002,1921,1794,1739,1816,1964,8508,1850,1777,1893,1808,1826,1891,1878,1781,1883,1776,1881,1824,1808,1776,1767,8641,1855,1910,1873,1881,1785,1852,1816,1759,1868,1851,1842,1912,1861,1879,1809,8795,1858,1900,1887,1929,1887,1869,1861,1733,1954,1908,1915,1976,1878,1824,1861,canneal_IndirectBP
21481,14552,14213,14464,14894,14939,14306,14890,14531,14339,14406,14615,14798,14577,14447,14880,7956,1712,1740,1777,1699,1663,1783,1804,1698,1728,1752,1690,1785,1752,1758,1787,7811,1727,1594,1764,1627,1567,1652,1685,1684,1611,1662,1664,1814,1740,1790,1781,8134,1928,1636,1703,1739,1635,1693,1774,1602,1736,1718,1625,1765,1756,1879,1762,8303,1919,1761,1840,1705,1730,1687,1833,1690,1900,1781,1693,1847,1842,1882,1796,8270,1872,1759,1760,1650,1647,1758,1956,1807,1804,1831,1850,1893,1738,1865,1922,7984,1786,1758,1704,1669,1730,1624,1812,1649,1747,1788,1691,1892,1723,1701,1843,8290,1864,1681,1704,1799,1662,1657,1784,1738,1700,1715,1716,1945,1871,1916,1811,8056,1755,1689,1678,1725,1633,1762,1764,1714,1678,1690,1625,1819,1782,1847,1772,8059,1840,1759,1666,1777,1687,1614,1725,1672,1768,1761,1661,1875,1745,1731,1900,8056,1824,1685,1713,1853,1657,1723,1776,1737,1809,1699,1755,1797,1843,1797,1873,8036,1866,1828,1663,1678,1551,1769,1803,1703,1705,1699,1668,1887,1726,1753,1846,8196,1958,1776,1773,1833,1752,1863,1884,1784,1713,1854,1806,1805,1810,1977,1835,7949,1811,1696,1754,1741,1687,1815,1762,1690,1875,1706,1658,1870,1749,1757,1850,7958,1844,1644,1736,1705,1671,1737,1754,1654,1729,1738,1644,1893,1758,1648,1813,8294,1886,1773,1832,1898,1772,1759,1803,1733,1870,1777,1654,1888,1742,1804,1907,canneal_IndirectBP
22562,15371,15039,15120,15271,15254,15196,15043,14645,14980,14900,15035,15393,15011,15570,15578,8420,1795,1761,1931,1723,1826,1843,1829,1761,1845,1759,1725,1683,1700,1778,1901,8450,1869,1674,1790,1729,1700,1749,1706,1666,1814,1892,1764,1714,1752,1736,1756,8448,1822,1836,1646,1672,1901,1868,1740,1704,1729,1857,1810,1655,1792,1801,1816,8638,1854,1821,1907,1696,1832,1833,1847,1732,1856,1935,1767,1775,1846,1795,1801,8558,1899,1762,1859,1660,1852,1762,1743,1798,1939,1861,1844,1667,1825,1785,1903,8525,1848,1758,1716,1808,1839,1769,1830,1757,1826,1855,1852,1768,1772,1772,1800,8433,1824,1892,1787,1820,1799,1788,1886,1763,1791,1756,1900,1740,1744,1835,1764,8288,1855,1739,1880,1741,1763,1819,1871,1674,1844,1875,1822,1758,1667,1841,1791,8400,1815,1771,1809,1709,1816,1794,1956,1748,1838,1854,1803,1717,1748,1801,1907,8178,1890,1756,1723,1707,1780,1865,1881,1848,1805,1909,1830,1666,1844,1830,1881,8468,1831,1782,1821,1836,1809,1851,1787,1766,1755,1916,1827,1596,1750,1739,1936,8667,1940,1852,1847,1749,1971,1877,1910,1764,1821,1932,1906,1862,1904,1855,1998,8325,1839,1905,1847,1820,1916,1835,1927,1810,1767,1823,1761,1754,1745,1779,1855,8703,1911,1846,1873,1853,1902,1933,1843,1783,1954,1843,1808,1790,1886,1724,1791,8708,1958,1889,1958,1882,1853,1882,1910,1760,1912,1956,1817,1838,1815,1809,1805,canneal_IndirectBP
21878,14992,14935,14973,15376,15583,15255,15274,15225,15211,14924,14870,14796,15072,15073,14820,8396,1787,1780,1793,1821,1789,1856,1832,1789,1813,1859,1669,1635,1776,2021,1779,8231,1863,1591,1765,1650,1788,1744,1715,1759,1673,1811,1754,1694,1800,1872,1881,8442,1851,1682,1717,1846,1774,1788,1703,1760,1666,1783,1710,1644,1760,1844,1864,8431,2021,1702,1785,1774,1799,1814,1840,1742,1797,1869,1750,1752,1820,1925,1844,8598,1955,1744,1797,1948,1859,1793,1859,1901,1774,1941,1844,1761,1860,1890,1946,8422,1953,1746,1748,1896,1797,1844,1695,1862,1805,1757,1804,1713,1793,1793,1871,8488,1927,1674,1812,1832,1805,1778,1795,1857,1859,1855,1756,1747,1863,1881,1895,8466,1854,1750,1767,1660,1680,1857,1718,1803,1791,1840,1781,1783,1820,1740,1934,8433,1884,1791,1871,1795,1840,1891,1789,1806,1742,1834,1842,1727,1840,1833,1975,8302,1821,1769,1856,1869,1875,1858,1761,1854,1858,1681,1870,1825,1787,1852,1947,8195,1898,1726,1797,1714,1863,1851,1728,1818,1827,1825,1768,1682,1755,1922,1876,8368,1929,1787,1822,1819,1870,1823,1782,1788,1766,1821,1851,1641,1861,1955,1907,8372,1920,1662,1813,1902,1827,1811,1690,1791,1676,1907,1737,1632,1791,1965,1878,8378,1843,1758,1781,1803,1778,1739,1809,1820,1667,1754,1748,1698,1889,1894,1762,8204,1830,1814,1825,1860,1830,1922,1795,1790,1823,1805,1877,1700,1856,1749,1767,canneal_IndirectBP
21915,15491,15172,15327,14861,15124,15370,14920,15262,15007,14992,15047,15259,15127,15360,15112,8599,1755,1842,1861,1929,1948,1739,1800,1869,1835,1877,1851,1793,1797,1823,1731,8421,1780,1836,1770,1897,1862,1669,1674,1791,1814,1860,1810,1789,1779,1756,1718,8385,1753,1800,1671,1885,1711,1802,1760,1759,1840,1787,1790,1898,1767,1795,1687,8307,1758,1823,1881,1947,1812,1859,1822,1750,1916,1851,1737,1764,1897,1902,1744,8363,1803,1812,1807,1935,1709,1819,1772,1839,1886,1905,1828,1838,1798,1871,1759,8523,1937,1780,1651,1867,1809,1800,1768,1871,1887,1876,1865,1766,1816,1836,1745,8327,1797,1811,1735,1837,1809,1878,1761,1812,1827,1773,1758,1910,1776,1857,1716,8564,1794,1961,1737,1887,1823,1747,1725,1713,1836,1847,1847,1790,1724,1811,1818,8415,1812,1910,1831,1900,1781,1793,1706,1821,1822,1834,1857,1737,1795,1808,1810,8439,1901,1874,1812,1798,1857,1779,1705,1845,1812,1862,1901,1777,1898,1927,1828,8410,1897,1860,1800,1859,1805,1791,1728,1821,1788,1759,1797,1876,1779,1839,1722,8537,1894,1880,1901,1942,1809,1798,1814,1922,1972,1867,1716,1847,1771,1967,1772,8423,1830,1870,1854,1887,1646,1710,1715,1885,1816,1741,1889,1786,1760,1934,1777,8505,1921,1889,1843,1855,1736,1728,1816,1866,1883,1805,1926,1762,1789,1861,1702,8590,1834,1898,1728,1871,1858,1778,1745,1948,1837,1842,1788,1893,1902,1805,1844,canneal_IndirectBP
7475,4545,4369,4590,4596,4529,4559,6409,4977,4274,4277,4336,4352,4213,4340,4542,2568,601,563,614,619,582,727,2035,791,486,407,535,542,419,508,694,2501,736,447,534,578,564,686,2041,811,494,397,505,505,412,461,755,2582,674,551,569,615,644,747,2170,878,545,564,618,541,452,566,764,2591,660,587,617,575,547,816,2188,892,490,459,530,528,448,507,677,2740,740,648,642,656,620,769,2195,930,567,483,602,559,577,637,851,2488,566,620,547,577,580,620,1915,971,512,407,551,489,461,463,673,2522,604,521,583,593,492,702,2112,825,457,466,500,536,459,529,716,2534,610,518,507,573,519,681,2043,857,663,412,498,531,436,481,785,2501,585,609,581,587,568,666,1938,869,399,480,603,521,473,446,662,2574,587,535,695,719,519,657,2036,829,441,374,494,536,618,540,688,2532,606,563,600,583,572,760,1975,863,463,428,454,526,470,535,772,2497,598,562,566,573,509,735,2080,837,449,369,561,453,519,504,753,2402,624,504,590,558,537,703,1994,772,498,427,578,592,443,574,713,2473,665,549,608,587,580,688,2132,778,471,499,574,492,459,430,763,2554,693,589,673,652,581,839,2679,1022,571,518,593,648,559,573,795,canneal_IndirectBP
1035,690,690,699,645,692,679,1786,673,653,656,702,687,685,749,726,349,15,17,11,8,10,8,1121,17,6,8,10,16,15,14,11,346,16,21,12,8,8,6,1115,15,9,8,9,17,17,10,13,352,14,18,10,9,15,8,1124,12,7,12,10,17,18,9,13,327,16,16,15,10,14,7,1089,16,5,10,13,18,17,12,9,349,11,17,10,6,11,6,1218,13,6,8,12,13,17,10,10,350,14,16,10,10,9,6,1156,11,9,11,12,18,13,14,10,326,10,15,7,6,14,6,1085,12,6,7,9,16,16,7,9,341,11,18,9,7,12,5,1147,11,4,10,8,24,16,13,11,332,12,16,11,10,15,9,1076,13,8,7,9,14,15,10,14,337,15,17,11,9,14,9,1140,13,5,7,9,14,15,10,13,352,14,19,10,11,13,6,1094,14,6,5,10,13,15,9,14,344,15,19,7,10,9,8,1171,13,5,10,8,18,10,10,14,346,18,14,7,6,12,3,1149,10,5,10,11,16,18,9,16,381,14,17,11,7,13,6,1184,15,6,9,10,16,15,13,13,368,17,13,9,6,14,7,1205,12,6,9,9,15,14,10,16,canneal_IndirectBP
8845,6334,5787,5823,5747,5173,4964,8275,4885,4893,4842,4815,4917,4764,6433,6632,3734,959,866,714,545,86,25,3174,22,70,19,19,41,31,1353,1272,3507,1024,730,672,555,79,17,2778,12,58,10,7,26,16,1279,1240,3511,890,764,666,602,67,14,2489,19,66,15,19,22,16,1379,1297,3518,1035,808,752,618,87,17,2619,20,91,15,19,26,19,1282,1374,3621,1059,767,730,557,63,12,2586,13,62,10,11,18,18,1395,1304,3520,983,749,637,541,47,8,2367,13,46,11,8,12,8,1330,1185,3717,1211,852,859,694,200,37,2357,45,126,44,40,57,49,1392,1465,3517,946,771,680,541,73,24,2424,32,72,27,26,27,25,1337,1217,3447,996,762,618,530,84,26,2297,41,72,34,45,46,35,1319,1212,3510,947,771,646,518,87,22,2742,34,81,37,36,37,31,1382,1253,3428,1035,736,659,511,87,25,2335,30,75,39,39,27,25,1303,1186,3504,1022,766,749,612,112,26,2372,32,117,35,35,39,28,1397,1229,3452,1060,863,664,593,91,31,2570,33,81,29,44,31,25,1269,1224,3677,1109,820,822,714,116,24,2540,24,139,19,16,42,16,1311,1356,3793,1188,897,842,699,123,16,2760,28,100,16,21,33,17,1409,1300,canneal_IndirectBP
7527,5323,5260,5497,5737,4436,4268,6055,4376,4428,4396,4381,4431,4393,4757,4936,3002,787,1020,1148,1250,88,80,1702,60,82,72,74,74,82,378,483,2766,861,923,1025,1169,51,40,1668,43,44,48,35,40,50,328,468,2898,848,1004,1056,1145,64,45,1671,40,57,54,45,45,57,323,456,2919,895,1048,1055,1159,65,44,1666,39,52,50,49,48,59,365,479,2776,802,896,1060,1088,28,24,1650,26,31,26,23,22,25,313,489,2678,758,900,961,1057,12,4,1639,6,10,10,7,7,7,332,401,2882,789,937,993,1125,67,53,1675,47,61,58,44,47,59,350,532,2795,717,885,999,1127,23,16,1650,17,30,21,17,20,24,343,447,2830,838,929,1035,1154,48,41,1672,28,54,50,38,48,50,409,488,2807,772,956,895,1140,48,49,1669,31,51,44,42,36,50,367,448,2758,751,990,1032,1089,41,33,1665,30,41,37,33,33,43,357,449,2882,818,995,1021,1198,52,46,1677,41,54,48,42,33,58,374,446,2811,741,1000,1025,1125,39,39,1672,33,51,45,35,33,45,357,444,2822,815,1057,1065,1207,65,50,1689,43,63,59,52,52,57,330,485,2909,799,1029,1045,1191,65,50,1687,44,66,64,54,50,63,370,467,canneal_IndirectBP
3047,1975,1874,1980,1947,1972,1892,3738,1925,1920,1858,1892,1905,1982,1980,1984,1012,32,41,45,41,40,43,1865,52,34,48,42,37,41,52,48,967,26,21,33,33,24,36,1856,32,29,34,29,30,24,43,39,1012,32,38,43,33,37,41,1854,43,38,38,37,36,32,44,48,1006,27,22,38,37,35,38,1859,37,27,37,34,32,26,48,45,988,12,8,17,18,15,15,1838,16,20,23,13,15,15,16,21,934,5,4,7,6,6,2,1824,5,7,5,4,3,6,8,5,973,27,32,38,40,33,42,1868,42,33,36,38,28,29,36,38,955,12,5,12,14,8,9,1835,11,13,13,10,10,12,12,12,980,29,21,36,22,30,31,1859,37,35,29,36,30,29,33,39,937,26,23,34,23,25,27,1850,34,24,29,29,27,24,30,32,956,23,23,31,24,27,27,1850,26,24,30,28,24,25,26,36,968,23,21,30,21,25,27,1851,32,23,26,27,23,24,29,33,1009,24,21,31,27,24,26,1849,31,24,32,28,28,27,30,37,1009,31,33,40,39,40,35,1858,43,34,40,40,38,37,40,47,1029,35,33,41,56,35,39,1860,46,35,39,39,51,33,54,57,canneal_IndirectBP
5684,3714,3674,3663,3795,4985,4799,4922,4825,4951,3686,3650,3590,3535,3819,3639,1881,48,55,51,51,1304,1139,1173,1004,1273,48,45,49,53,57,51,1867,39,43,40,41,1220,1109,1092,1061,1249,40,32,42,43,54,36,1863,45,48,37,41,1310,1152,1014,1039,1248,47,40,42,48,53,52,1922,39,43,33,45,1383,1231,1053,1151,1231,32,39,39,43,47,40,1857,27,20,21,27,1316,1167,1030,1091,1353,19,14,28,22,28,31,1775,18,14,12,16,1264,1075,990,1034,1231,11,7,15,8,15,14,1915,28,28,31,33,1384,1254,935,1024,1243,25,33,36,28,34,45,1853,16,8,8,17,1212,1167,971,1035,1195,10,9,15,13,23,14,1837,31,29,25,39,1312,1222,1088,1066,1190,39,31,37,34,39,30,1843,21,17,20,18,1228,1107,1061,1020,1269,22,21,19,19,21,24,1826,19,17,21,22,1317,1111,955,1024,1177,19,22,21,24,19,21,1796,19,23,19,23,1250,1169,980,1010,1165,28,19,23,25,23,27,1772,23,26,24,28,1279,1050,995,992,1201,23,17,24,26,27,26,1933,42,48,41,49,1325,1131,1033,1025,1275,45,38,51,52,47,39,1840,46,45,42,45,1269,1177,1035,1084,1284,40,37,45,48,44,37,canneal_IndirectBP
16487,11050,10857,11026,11242,11606,11782,10104,12042,11634,11156,10791,11044,11281,11370,11124,6072,1233,1226,1171,1240,1585,1695,114,1766,1704,1298,1229,1284,1136,1227,1180,5982,1150,1144,1112,1165,1563,1657,108,1886,1595,1113,1149,1208,1189,1158,1143,6076,1212,1177,1140,1167,1579,1731,106,1924,1711,1220,1228,1195,1249,1255,1169,6289,1205,1241,1252,1157,1645,1743,100,1988,1747,1280,1289,1320,1265,1310,1307,6175,1247,1299,1312,1370,1711,1849,149,1980,1742,1221,1301,1284,1306,1336,1209,6202,1162,1256,1283,1285,1598,1760,144,1882,1846,1276,1346,1217,1246,1326,1358,6236,1227,1297,1284,1209,1628,1818,136,1886,1728,1298,1315,1214,1293,1234,1272,6335,1349,1318,1261,1247,1704,1867,153,1781,1871,1312,1304,1225,1316,1344,1291,6233,1335,1270,1348,1321,1608,1801,143,1963,1760,1311,1329,1240,1199,1274,1270,6135,1233,1207,1197,1213,1519,1683,89,1858,1786,1239,1262,1235,1192,1300,1208,5987,1124,1165,1225,1252,1558,1635,83,1858,1646,1190,1176,1104,1146,1264,1228,6080,1166,1185,1203,1288,1642,1720,95,1941,1687,1223,1252,1191,1202,1311,1225,6256,1210,1151,1183,1275,1648,1704,94,1845,1697,1300,1301,1246,1201,1261,1247,6277,1189,1151,1287,1192,1631,1741,93,1766,1692,1238,1389,1229,1210,1128,1237,6176,1241,1179,1176,1253,1547,1797,95,1895,1701,1238,1267,1307,1264,1206,1212,canneal_IndirectBP
0,0,0,0,0,0,0,0,0,0,0,0,0,0,0,0,0,0,0,0,0,0,0,0,0,0,0,0,0,0,0,0,0,0,0,0,0,0,0,0,0,0,0,0,0,0,0,0,0,0,0,0,0,0,0,0,0,0,0,0,0,0,0,0,0,0,0,0,0,0,0,0,0,0,0,0,0,0,0,0,0,0,0,0,0,0,0,0,0,0,0,0,0,0,0,0,0,0,0,0,0,0,0,0,0,0,0,0,0,0,0,0,0,0,0,0,0,0,0,0,0,0,0,0,0,0,0,0,0,0,0,0,0,0,0,0,0,0,0,0,0,0,0,0,0,0,0,0,0,0,0,0,0,0,0,0,0,0,0,0,0,0,0,0,0,0,0,0,0,0,0,0,0,0,0,0,0,0,0,0,0,0,0,0,0,0,0,0,0,0,0,0,0,0,0,0,0,0,0,0,0,0,0,0,0,0,0,0,0,0,0,0,0,0,0,0,0,0,0,0,0,0,0,0,0,0,0,0,0,0,0,0,0,0,0,0,0,0,0,0,0,0,0,0,0,0,0,0,0,0,0,0,0,0,0,0,canneal
12186,8587,7981,8430,8655,8578,7503,9289,8423,8504,8434,7955,8222,8277,8643,8412,4796,991,973,1061,1111,1105,90,1948,1092,953,998,1036,962,1084,1065,1076,4496,928,964,1011,1013,1037,82,2005,998,988,964,1027,970,927,1046,973,4731,1032,935,968,989,1118,92,2100,1098,956,1002,1028,973,1034,1109,985,4778,1080,969,1066,1066,1126,94,2209,1115,1025,1034,1006,1063,1005,1018,1027,4695,988,993,1033,1078,988,93,2037,1075,1018,1060,958,1064,1043,1025,1021,4623,905,895,1032,906,1004,24,1903,922,957,1005,999,945,896,901,958,4681,1026,1092,1034,1014,1058,106,1963,998,1036,1063,1081,971,1027,1126,1028,4647,976,1037,968,1034,944,85,2021,995,1014,1047,1058,1001,1031,1061,1038,4738,1043,1040,1016,1008,1074,71,1912,994,1018,971,1061,994,1049,1067,1008,4650,1007,991,993,1079,1104,88,1977,1041,1155,975,1024,1052,1104,1091,1003,4497,1017,935,999,961,1032,83,1898,986,1057,1032,965,1051,950,997,991,4603,1014,973,956,1065,972,78,2119,1026,1112,1045,1016,972,1041,1125,1068,4623,1026,989,934,974,1000,77,2015,996,1047,968,1064,988,1045,1017,989,4849,1041,1052,1007,1087,1013,93,2065,1064,1083,1007,1080,1014,1049,1040,1076,4678,964,985,961,1060,1078,91,2177,1062,989,1092,1036,1084,1067,1042,1003,canneal
9623,6511,6353,6381,6354,7945,5552,6215,6145,6165,6210,6185,6412,6523,6327,6226,3547,786,796,753,805,2103,68,782,888,738,736,767,783,729,812,724,3558,728,702,734,741,2012,71,759,749,693,726,695,689,705,750,656,3441,669,696,746,726,2064,77,778,797,783,726,724,753,734,732,653,3473,706,801,751,762,2086,67,778,786,749,699,743,733,752,728,675,3579,789,798,763,845,2145,72,761,820,771,828,759,775,795,753,757,3334,613,725,759,726,1974,14,710,693,668,673,601,615,607,667,633,3449,716,724,738,787,2013,83,720,730,767,717,716,747,805,709,712,3407,657,758,742,735,1940,64,729,739,725,615,740,847,779,647,716,3438,659,695,765,738,1943,66,723,737,749,669,672,802,790,672,723,3418,707,726,800,747,2036,70,743,760,786,664,706,774,750,744,747,3419,709,722,766,724,2013,69,730,750,697,674,659,760,748,732,692,3559,754,821,789,750,2134,61,821,758,717,780,753,752,798,816,778,3641,841,774,768,791,2077,71,731,784,730,693,789,786,784,831,734,3542,756,805,742,781,2129,70,765,748,747,687,722,717,766,746,728,3535,735,781,749,761,2110,73,758,768,719,712,770,725,772,800,756,canneal
14880,10385,10399,10172,10373,10504,8947,10465,10122,10188,10269,11166,10172,10017,10366,10189,5865,1326,1347,1329,1287,1350,145,1311,1211,1353,1360,2031,1268,1221,1320,1242,5895,1357,1338,1332,1197,1339,113,1282,1208,1286,1338,1993,1262,1215,1226,1231,5743,1217,1331,1238,1245,1352,141,1254,1270,1276,1252,2003,1193,1258,1254,1293,5851,1255,1311,1235,1286,1288,141,1274,1264,1360,1394,2052,1264,1188,1255,1294,5979,1312,1364,1298,1311,1299,159,1318,1284,1370,1275,2026,1277,1275,1355,1337,5657,1145,1150,1162,1131,1211,30,1194,1127,1139,1143,1881,1072,1125,1095,1157,5809,1311,1316,1273,1309,1314,146,1210,1280,1278,1347,2066,1280,1341,1236,1215,5768,1234,1292,1353,1249,1296,142,1307,1235,1374,1326,2057,1252,1229,1373,1222,5737,1239,1269,1337,1314,1371,146,1298,1229,1186,1306,1943,1239,1210,1305,1291,5790,1323,1368,1231,1234,1325,143,1318,1345,1239,1237,2083,1238,1304,1240,1283,5938,1232,1342,1246,1264,1356,125,1326,1307,1275,1377,1857,1208,1291,1367,1307,5755,1250,1345,1315,1419,1382,137,1308,1319,1318,1370,1978,1238,1293,1274,1284,5721,1273,1348,1312,1218,1411,147,1247,1253,1311,1276,1890,1231,1141,1289,1302,5907,1332,1265,1284,1234,1344,143,1377,1311,1272,1342,2047,1385,1345,1276,1277,5848,1289,1260,1264,1288,1284,126,1369,1213,1288,1279,2001,1298,1331,1294,1256,canneal
15389,10769,10549,10700,10767,10608,9469,10911,11055,10861,10430,11213,10677,10628,10809,10699,6041,1301,1371,1345,1371,1381,126,1275,1452,1432,1391,1953,1253,1452,1403,1429,5810,1306,1269,1352,1352,1350,131,1264,1305,1413,1287,2028,1261,1306,1431,1324,5908,1418,1316,1335,1353,1341,138,1365,1430,1402,1441,2061,1357,1362,1381,1314,6016,1330,1368,1366,1333,1347,143,1424,1373,1371,1358,2049,1349,1325,1397,1370,5916,1411,1309,1313,1314,1258,143,1339,1414,1389,1374,2186,1330,1414,1376,1365,5871,1184,1216,1261,1137,1217,25,1281,1329,1222,1143,1851,1263,1259,1197,1169,6113,1282,1298,1349,1356,1346,139,1414,1482,1370,1411,1924,1347,1414,1374,1360,6121,1322,1375,1304,1372,1404,139,1440,1447,1349,1516,1989,1343,1460,1438,1319,6042,1317,1329,1375,1391,1322,144,1414,1419,1337,1330,2045,1364,1321,1358,1326,5893,1308,1289,1307,1305,1368,143,1345,1417,1339,1357,2017,1357,1357,1323,1438,5818,1341,1344,1374,1346,1358,150,1388,1384,1311,1364,2001,1370,1397,1336,1214,6076,1279,1328,1471,1445,1475,145,1410,1399,1435,1333,2025,1452,1372,1427,1335,5982,1314,1374,1412,1305,1294,128,1319,1436,1411,1387,1942,1340,1336,1466,1374,6040,1338,1273,1388,1335,1376,135,1335,1379,1383,1467,2013,1375,1423,1433,1404,5979,1341,1367,1246,1453,1363,129,1409,1364,1400,1356,1924,1333,1337,1389,1349,canneal
8824,6061,5896,6038,5984,5950,5103,5675,7131,5825,5740,5608,5760,6061,6022,6128,3275,738,735,709,672,724,61,681,2056,706,710,711,713,697,659,700,3184,672,716,654,624,657,68,686,2050,685,715,669,668,714,664,756,3376,643,775,609,627,718,85,744,2001,707,682,702,665,725,686,663,3282,692,667,666,606,763,74,684,2006,674,727,725,633,698,653,678,3325,737,703,672,711,752,87,636,2169,668,727,718,679,719,690,655,3144,588,633,612,581,580,8,552,1985,649,584,629,612,566,626,601,3185,635,710,720,703,677,65,641,1994,684,716,741,720,665,615,672,3233,680,764,705,692,746,70,665,1962,728,687,780,692,695,768,711,3219,624,655,648,683,678,86,666,2092,718,748,751,674,711,665,685,3144,597,668,767,661,719,68,686,2159,634,677,693,666,701,670,712,3099,701,708,622,662,711,72,666,2073,609,694,656,607,669,649,676,3203,708,662,696,753,698,72,684,2010,710,686,712,665,692,725,684,3316,699,704,706,683,754,76,681,2044,699,683,737,732,682,650,733,3404,664,718,679,668,707,65,670,2180,714,696,801,671,711,726,686,3436,726,811,783,701,700,57,767,2238,672,744,799,683,744,751,691,canneal
12392,8220,8448,8567,8463,9526,7464,8354,8386,8485,8535,8049,8587,8330,8623,8618,4704,1016,1031,1085,1062,2045,139,1104,1057,1073,1078,1108,1010,1015,1023,1022,4727,1001,955,988,1029,2025,118,1123,1036,1083,1067,1047,1106,1001,962,1001,4762,995,1005,1018,1006,2064,130,1055,1108,1117,1046,989,1127,1022,1023,1062,4753,999,985,1071,1071,2004,125,1041,1089,1104,983,1027,1052,960,1029,1018,4759,983,1047,1048,995,2129,129,1042,987,1148,1037,1009,1108,984,1166,1015,4647,923,1011,907,866,1887,21,1013,942,958,893,896,951,913,930,966,4653,1078,1020,986,959,2126,127,1132,1008,1034,987,1021,1086,1038,1015,1003,4776,1058,1044,1031,1050,1991,155,1132,1063,1074,1067,1092,1163,1105,976,987,4742,996,1072,988,1012,2049,132,998,1085,1125,1051,1083,1084,1006,987,1019,4789,1028,1023,1048,1026,2003,124,1056,1019,1093,1032,1074,1080,1075,991,1079,4582,959,996,1047,926,1987,123,1057,1050,1054,1057,1120,1103,994,964,1012,4887,1047,1010,1107,1077,2065,126,1118,1068,1173,1058,998,954,1007,998,1100,4766,1018,992,1023,1008,2067,127,1036,1029,1077,1008,984,1029,981,1033,998,4890,1045,1079,1058,1050,2102,133,1111,1053,1043,1077,1033,1108,997,1060,1050,4900,1029,1083,1079,1007,2124,117,1037,1168,1132,1079,1042,1049,1000,1057,1013,canneal
17481,12117,11889,11723,11954,12302,10671,11696,11978,11972,12039,11861,11677,12136,12100,12010,7003,1451,1545,1468,1588,1809,165,1633,1612,1563,1521,1603,1624,1583,1583,1586,6795,1475,1489,1473,1519,1904,178,1502,1558,1542,1435,1480,1452,1463,1597,1488,6748,1411,1608,1550,1413,1787,174,1630,1553,1492,1553,1573,1538,1424,1471,1530,6815,1460,1579,1533,1492,1853,166,1609,1614,1521,1525,1574,1638,1539,1522,1504,6943,1512,1508,1604,1625,1916,200,1585,1646,1590,1481,1614,1671,1489,1685,1477,6825,1371,1469,1421,1386,1703,22,1329,1447,1298,1374,1407,1413,1329,1435,1290,6672,1400,1590,1467,1501,1764,161,1542,1631,1521,1539,1544,1516,1484,1562,1357,6778,1420,1526,1507,1491,1883,165,1622,1556,1506,1593,1592,1593,1549,1513,1559,6891,1488,1604,1530,1547,1759,165,1648,1629,1486,1548,1561,1590,1513,1621,1420,7006,1630,1563,1464,1521,1784,168,1552,1583,1520,1517,1604,1589,1594,1642,1486,6776,1551,1517,1504,1490,1799,163,1577,1576,1462,1461,1579,1678,1603,1589,1456,6770,1484,1550,1443,1527,1819,164,1624,1588,1442,1510,1588,1627,1527,1678,1525,6851,1485,1518,1611,1523,1888,160,1569,1598,1457,1499,1514,1614,1413,1505,1471,7038,1635,1574,1559,1492,1834,164,1682,1644,1472,1547,1481,1711,1531,1562,1538,6992,1526,1591,1512,1568,1780,148,1670,1454,1490,1471,1512,1592,1514,1633,1506,canneal
11798,7573,7424,7161,7393,7596,6494,7534,7286,7252,7325,7112,7294,7448,7345,7366,5307,952,902,846,914,957,98,852,902,914,975,903,892,891,881,915,5181,889,835,856,828,945,113,864,890,854,846,823,925,846,804,960,5052,887,812,866,908,823,107,837,862,866,926,857,831,838,861,924,5243,881,848,774,853,924,94,896,879,860,855,923,830,917,880,863,5371,975,897,831,897,879,119,952,903,895,928,864,861,926,848,881,5119,801,777,801,781,747,13,752,777,911,829,791,744,769,781,765,5345,863,888,849,862,876,103,926,885,929,893,908,790,898,876,877,5192,853,937,890,906,849,109,857,798,869,886,829,917,905,838,839,5120,922,920,833,890,895,101,826,835,804,857,797,849,818,887,885,5136,952,864,889,888,926,107,833,886,903,874,888,967,879,889,917,5050,851,842,840,863,969,105,879,860,868,838,786,792,778,961,906,5257,912,922,804,977,902,107,875,874,873,849,853,974,894,901,869,5220,913,930,900,924,897,106,929,874,879,864,894,853,811,896,864,5126,898,849,891,912,907,102,897,835,863,921,901,913,961,885,962,5248,844,938,906,859,874,97,887,851,890,946,847,889,909,838,896,canneal
9237,6230,6201,6367,6196,6260,5404,6227,6179,5981,7457,6140,6385,6288,6264,6168,3513,751,690,818,700,796,87,704,712,693,2095,711,834,781,754,768,3468,667,669,764,802,760,79,665,738,722,2204,736,804,741,796,727,3557,641,674,709,745,714,88,731,775,747,2152,771,759,679,683,750,3534,703,688,744,702,735,78,765,711,727,2134,749,857,716,791,736,3522,671,712,798,677,782,83,733,734,753,2100,723,745,745,688,743,3332,623,563,653,673,662,16,626,675,651,2003,593,654,629,649,617,3490,677,617,816,712,729,78,696,634,741,2061,732,735,728,756,734,3448,715,709,924,692,786,79,745,676,659,2085,796,758,717,730,758,3365,649,639,771,774,729,86,745,707,721,2126,728,773,702,671,710,3383,636,694,763,725,741,79,716,689,671,2022,744,804,721,680,721,3349,693,688,740,681,759,74,701,695,711,1995,691,843,676,663,719,3550,701,839,853,774,767,76,719,678,698,2216,791,824,818,739,736,3567,712,722,746,805,705,78,810,744,724,2060,743,769,671,743,731,3451,739,787,729,722,736,76,800,766,705,2134,803,752,817,750,693,3525,738,729,743,716,755,82,753,744,692,2123,752,782,735,725,617,canneal
17124,11857,11383,11904,11757,11782,10364,11864,11570,11552,11974,11467,11542,11708,11575,11756,6592,1496,1469,1495,1518,1571,140,1530,1494,1491,2072,1492,1498,1508,1404,1534,6441,1547,1462,1481,1418,1527,159,1354,1487,1424,2043,1508,1417,1424,1532,1563,6600,1478,1429,1339,1507,1400,146,1419,1443,1445,2043,1479,1436,1542,1595,1669,6654,1507,1463,1528,1448,1447,166,1440,1520,1479,2025,1492,1465,1462,1479,1601,6640,1530,1486,1498,1484,1449,126,1395,1514,1411,1981,1478,1505,1475,1479,1468,6499,1277,1319,1327,1284,1442,23,1316,1333,1276,1869,1363,1377,1292,1311,1304,6654,1475,1478,1517,1462,1483,127,1362,1555,1506,2075,1593,1495,1487,1508,1547,6554,1496,1411,1541,1382,1602,157,1421,1493,1496,1988,1433,1438,1506,1406,1559,6484,1486,1537,1466,1415,1431,155,1530,1486,1429,1969,1380,1481,1565,1400,1570,6375,1532,1393,1506,1394,1584,177,1412,1556,1554,1917,1495,1561,1457,1499,1588,6462,1423,1394,1496,1378,1520,154,1416,1456,1508,1969,1436,1438,1422,1411,1603,6525,1604,1424,1526,1492,1554,131,1484,1499,1578,2044,1491,1534,1567,1542,1546,6557,1527,1430,1483,1481,1491,143,1499,1466,1553,1898,1519,1568,1405,1385,1528,6514,1582,1493,1437,1497,1480,142,1486,1580,1541,2008,1471,1409,1475,1340,1617,6679,1549,1521,1532,1510,1574,139,1485,1473,1482,2028,1525,1515,1504,1436,1522,canneal
1761,1472,1430,1492,1540,1471,2642,2486,1715,1394,1344,1399,1396,1468,1494,1479,96,31,62,35,56,38,1292,1045,233,32,33,38,32,48,38,38,68,29,55,28,56,32,1294,1006,240,23,25,27,42,43,63,45,93,29,58,29,39,30,1284,1146,179,30,28,26,30,42,33,31,117,31,88,28,43,32,1273,1069,231,26,28,29,33,48,29,36,98,36,51,29,44,31,1286,1085,198,32,30,29,33,47,32,36,57,27,52,28,37,26,1284,1073,170,26,28,27,28,44,30,32,55,24,50,21,39,21,1289,1095,189,21,26,27,25,44,32,28,71,31,85,29,73,29,1278,1052,202,27,33,32,41,44,57,44,78,30,57,32,41,31,1267,1045,191,29,28,30,31,50,34,32,52,25,57,26,35,26,1250,1053,209,26,23,26,25,42,30,27,65,19,53,21,33,22,1246,1068,174,17,20,18,21,34,23,24,75,25,95,26,39,28,1259,1106,200,27,23,25,26,44,27,30,100,34,122,31,53,32,1285,1083,182,32,32,33,41,43,53,41,103,32,128,29,39,27,1277,1085,243,30,25,32,29,73,34,35,108,33,100,32,43,30,1287,1037,235,31,28,32,33,54,34,34,canneal
13971,9772,9651,9529,9650,9856,8251,9682,9564,9699,10404,9468,9622,9366,9618,9846,5423,1162,1127,1267,1314,1220,139,1241,1154,1271,2070,1146,1194,1183,1233,1262,5351,1161,1180,1157,1100,1231,129,1173,1225,1174,2028,1114,1144,1097,1224,1199,5287,1171,1196,1086,1228,1160,111,1214,1184,1231,2017,1201,1150,1178,1224,1147,5389,1195,1174,1241,1174,1213,128,1218,1262,1303,2039,1215,1201,1259,1207,1210,5501,1204,1126,1201,1245,1209,126,1238,1239,1272,2075,1170,1159,1266,1235,1222,5090,1086,1030,1036,1147,1105,22,1129,1130,1086,1958,967,1033,1065,1036,1037,5349,1130,1140,1147,1253,1187,127,1196,1245,1195,2094,1178,1145,1184,1276,1152,5390,1189,1233,1197,1234,1128,125,1296,1156,1161,2077,1205,1151,1208,1198,1217,5342,1179,1246,1179,1165,1243,123,1267,1179,1151,2131,1197,1178,1149,1255,1148,5432,1251,1219,1203,1295,1292,148,1270,1279,1309,2065,1240,1213,1242,1331,1290,5185,1154,1177,1173,1193,1189,125,1162,1205,1188,2086,1150,1202,1230,1198,1186,5409,1160,1275,1185,1175,1248,117,1237,1231,1190,2140,1237,1167,1245,1234,1183,5364,1155,1268,1242,1201,1224,119,1218,1284,1250,1981,1088,1213,1232,1249,1080,5427,1158,1249,1256,1251,1246,118,1197,1218,1193,1960,1201,1254,1156,1264,1156,5521,1186,1266,1254,1230,1230,123,1192,1173,1263,1980,1294,1229,1299,1165,1098,canneal
9179,5929,5717,5960,6062,5927,4961,5970,6027,5912,5913,5832,6015,6034,7453,5972,3327,751,627,688,690,757,76,677,714,686,737,670,729,689,1987,675,3223,649,620,729,677,662,71,641,690,618,669,677,682,648,1955,686,3291,706,678,689,706,682,63,640,719,667,617,663,584,649,2020,682,3390,702,668,646,655,740,79,653,724,664,657,639,631,604,2135,685,3284,689,696,703,693,703,80,647,772,691,734,667,643,590,2104,699,3088,659,613,620,589,572,6,534,631,581,579,528,562,580,1958,553,3389,729,624,725,669,687,71,613,725,696,707,643,625,727,2078,634,3324,723,671,695,657,733,76,703,749,655,687,717,731,677,2093,650,3305,641,700,676,629,715,75,660,774,718,661,691,628,661,2025,671,3359,688,760,696,737,692,76,746,782,709,625,750,634,625,2050,708,3152,698,663,725,652,644,65,677,688,654,605,656,640,675,1984,591,3366,804,783,614,640,730,74,664,734,760,658,669,627,661,2090,658,3325,723,709,690,624,671,79,699,776,764,713,731,707,646,2159,691,3416,757,762,721,741,734,81,632,794,796,762,736,742,730,2041,734,3421,748,693,742,730,701,71,670,795,736,693,743,689,697,2116,687,canneal
13927,9552,9439,9481,9270,9500,8224,9489,9475,10461,9422,9325,9442,9644,9667,9725,5398,1149,1219,1239,1163,1225,132,1212,1281,2003,1150,1203,1200,1192,1253,1206,5348,1134,1228,1180,1176,1134,131,1174,1196,1981,1099,1186,1154,1246,1219,1198,5304,1241,1157,1072,1176,1090,138,1223,1196,2012,1185,1213,1173,1154,1119,1193,5319,1166,1166,1227,1092,1116,138,1181,1263,2114,1196,1250,1245,1124,1214,1241,5383,1220,1193,1241,1133,1195,136,1204,1211,2102,1274,1204,1132,1160,1254,1185,5144,1089,1086,1015,999,1030,24,1058,1011,1947,1029,1121,986,1002,1043,933,5411,1234,1233,1153,1142,1054,144,1154,1161,1982,1124,1190,1247,1223,1180,1140,5305,1223,1176,1222,1151,1135,130,1187,1257,2031,1168,1194,1199,1236,1191,1246,5473,1150,1170,1274,1165,1191,137,1293,1288,1971,1272,1243,1205,1234,1266,1267,5363,1258,1141,1236,1181,1175,152,1197,1241,2090,1203,1181,1166,1262,1274,1233,5228,1173,1217,1123,1110,1165,132,1264,1197,2061,1112,1127,1186,1232,1223,1181,5400,1154,1222,1221,1288,1231,133,1270,1218,2081,1196,1200,1049,1217,1243,1189,5502,1266,1187,1307,1161,1165,137,1274,1218,2003,1167,1229,1147,1151,1303,1165,5553,1274,1235,1204,1261,1212,172,1309,1231,2058,1250,1274,1252,1175,1208,1257,5527,1230,1208,1258,1156,1275,130,1278,1291,2159,1213,1206,1140,1130,1281,1220,canneal
17009,11733,11326,11696,11789,11944,10324,11818,11714,12024,11690,11822,11846,11605,11628,11925,6557,1452,1469,1571,1558,1590,169,1507,1527,2042,1595,1585,1533,1507,1541,1480,6277,1492,1433,1444,1509,1535,159,1394,1417,2039,1484,1512,1496,1426,1338,1529,6560,1439,1496,1461,1415,1530,156,1579,1531,2001,1649,1398,1467,1450,1455,1456,6631,1405,1451,1459,1398,1561,174,1533,1507,1977,1450,1478,1491,1519,1475,1589,6602,1621,1595,1423,1520,1543,157,1503,1528,2070,1529,1448,1545,1472,1499,1521,6409,1330,1337,1263,1414,1487,21,1317,1403,1888,1414,1294,1403,1310,1353,1397,6689,1549,1405,1455,1484,1557,163,1394,1507,1994,1509,1486,1524,1504,1475,1424,6552,1473,1527,1529,1466,1546,165,1519,1501,2038,1596,1553,1488,1559,1426,1520,6395,1520,1524,1452,1509,1628,183,1484,1487,1908,1585,1601,1525,1602,1569,1535,6446,1446,1541,1493,1504,1629,170,1553,1570,2079,1508,1585,1521,1572,1461,1456,6567,1491,1499,1465,1508,1557,151,1504,1448,2113,1566,1487,1529,1449,1505,1448,6561,1479,1607,1473,1580,1585,171,1697,1523,2010,1559,1538,1488,1495,1556,1474,6482,1419,1537,1472,1490,1537,161,1554,1547,2015,1513,1439,1620,1460,1547,1512,6540,1470,1521,1536,1607,1596,176,1392,1494,2066,1546,1486,1503,1573,1458,1510,6632,1590,1524,1468,1517,1544,166,1493,1533,2141,1517,1538,1595,1557,1562,1563,canneal
9198,6196,5893,5908,6097,6211,5181,6190,6183,7474,6051,6049,6181,5998,6141,6145,3530,707,661,755,642,643,84,758,702,2034,738,760,728,711,691,779,3384,703,641,717,629,684,87,796,690,2047,659,721,713,681,681,733,3261,743,610,696,657,711,92,733,677,2138,763,670,758,662,665,673,3487,712,659,777,683,643,76,723,724,2097,762,705,696,694,757,717,3537,732,663,733,725,783,85,839,679,2129,755,658,665,702,666,739,3233,633,573,700,648,606,9,744,636,1946,652,570,541,602,626,672,3412,730,659,744,725,665,85,815,664,2035,703,695,664,660,716,776,3476,667,657,778,701,671,82,778,716,2200,658,742,669,627,755,836,3400,712,687,810,731,740,96,823,728,2000,687,693,605,726,743,782,3395,718,700,766,724,758,92,773,690,2098,767,666,688,679,693,733,3369,703,674,712,621,720,72,756,692,2096,655,649,694,693,695,727,3561,740,632,786,741,726,78,777,745,2174,676,734,661,726,707,807,3405,705,681,822,638,712,77,817,708,2003,724,703,672,686,661,734,3447,731,743,705,715,693,77,780,733,2076,720,654,700,684,675,826,3549,700,754,751,707,701,81,802,735,2090,700,678,699,642,739,759,canneal
10950,7516,7132,7379,7380,7250,6423,7424,7358,7422,7050,7041,7507,7070,8490,7492,4055,1011,941,928,897,916,118,1003,873,952,873,869,970,812,2009,892,3988,894,851,891,870,949,110,863,881,934,872,785,951,833,1921,906,4099,1000,841,908,833,856,109,916,842,899,852,857,896,789,2063,861,4063,1038,928,947,898,873,119,963,888,975,869,843,883,783,1967,935,4022,942,890,915,842,855,123,926,830,1039,894,881,968,786,2053,893,3876,845,817,816,724,795,20,832,751,875,784,744,805,704,1933,801,4059,958,903,920,917,901,119,843,848,1010,869,841,908,752,1968,904,4157,911,867,917,836,835,118,852,905,986,941,820,943,787,2096,894,4093,905,979,896,922,918,134,968,870,949,891,864,894,810,2091,974,3997,894,878,936,824,886,113,913,932,1002,865,850,885,780,1948,869,3977,939,884,879,832,925,105,905,821,920,759,800,903,696,2006,845,4118,972,938,928,958,941,117,898,877,905,967,916,1012,836,2151,945,4005,968,873,857,876,852,118,929,813,1001,877,890,922,787,1965,879,4041,937,797,947,979,892,111,946,838,1010,906,972,1030,800,2059,879,4253,925,893,1016,906,873,109,884,916,983,914,907,1054,797,2123,919,canneal
17571,11958,12088,12225,12321,12577,10456,11907,11778,11576,11741,11631,12242,12102,12057,12351,6736,1523,1582,1568,1581,1923,181,1582,1588,1532,1551,1614,1583,1548,1716,1563,6811,1449,1558,1480,1503,1772,171,1491,1548,1431,1507,1561,1479,1581,1695,1453,6969,1470,1562,1519,1541,1802,175,1522,1602,1501,1555,1450,1594,1502,1755,1583,7020,1445,1627,1515,1591,1963,171,1525,1675,1535,1574,1530,1571,1557,1879,1572,6861,1505,1657,1548,1535,1742,171,1593,1493,1603,1555,1543,1534,1586,1846,1626,6528,1354,1439,1337,1374,1639,18,1277,1293,1430,1390,1390,1263,1359,1663,1361,6706,1496,1610,1477,1538,1769,154,1368,1492,1516,1629,1499,1537,1601,1769,1570,6647,1530,1588,1495,1451,1675,157,1490,1477,1470,1584,1440,1520,1592,1716,1464,6522,1414,1571,1521,1494,1911,171,1573,1568,1541,1543,1439,1398,1629,1745,1586,6664,1479,1677,1562,1542,1892,158,1439,1480,1604,1455,1425,1607,1616,1840,1579,6609,1535,1591,1566,1523,1882,151,1485,1454,1505,1461,1443,1430,1479,1710,1587,6843,1577,1679,1577,1639,1914,160,1549,1529,1663,1590,1577,1537,1604,1937,1526,6858,1413,1717,1456,1447,1874,169,1468,1519,1493,1501,1501,1464,1552,1888,1566,6721,1631,1671,1633,1626,1908,200,1547,1582,1597,1658,1493,1511,1603,1819,1585,7067,1527,1623,1506,1591,1897,159,1518,1556,1629,1586,1509,1536,1555,1731,1630,canneal
14041,8615,8141,8469,8358,9704,7379,8300,8567,8155,8200,8049,8496,8501,8473,8180,4686,1042,989,955,1039,2162,114,991,1026,1002,955,1019,1057,1068,1053,990,4473,1072,907,935,985,2005,105,976,972,896,967,994,1009,1041,1010,920,4617,1046,1020,1020,947,2031,132,1037,955,976,1052,1033,999,1040,1041,1014,4777,970,1042,1004,947,2089,110,1044,1026,959,1013,1026,990,1037,989,1006,4808,1060,1020,1029,993,2119,116,1003,1017,1055,1043,1056,1036,1111,1040,952,4512,967,951,816,921,1974,14,889,874,859,888,941,911,836,940,892,4572,1087,992,964,972,2112,106,988,1027,930,1020,1002,972,945,987,951,4755,1056,1012,912,986,2077,122,908,1049,1018,944,1046,922,928,1044,1004,4601,1060,979,968,994,2051,121,982,1037,980,1024,987,1007,920,966,963,4511,1040,985,965,1005,2089,112,977,992,1045,943,958,1038,943,982,1053,4517,1086,1065,885,956,2002,101,969,995,990,1024,989,934,919,933,989,4744,1060,1013,975,1069,2122,113,1063,1009,1013,1062,1088,1056,1004,1062,1017,4682,1059,1000,981,936,2009,114,995,1021,1006,1082,1048,1070,1007,1040,1063,4692,990,975,1031,1049,2104,118,1081,1044,1049,1113,1042,1061,1023,972,1000,4576,1063,1037,1068,983,2047,102,961,953,992,1046,881,981,1028,940,916,canneal
11174,7720,7541,7971,7637,8723,6511,7618,7560,7515,7226,7158,7801,7478,7717,7663,4228,984,977,1280,902,2282,134,902,992,1002,877,901,885,922,946,915,4159,971,867,1334,869,2060,115,816,919,877,874,884,862,826,851,839,4220,1001,954,1286,878,2179,130,900,958,923,949,830,862,912,956,870,4284,925,1011,1314,892,2177,87,854,945,931,864,848,900,906,867,799,4208,1019,928,1284,860,2097,130,939,923,1004,882,898,887,929,963,912,3886,883,810,1100,790,1986,16,736,818,829,805,784,714,754,770,775,4258,957,973,1207,900,1931,90,813,871,926,948,825,884,891,907,914,4106,981,952,1214,875,2100,100,833,934,912,853,919,897,861,929,827,4055,981,953,1296,869,2191,116,885,878,889,905,791,918,843,945,893,3995,936,912,1243,905,1970,105,892,897,870,823,860,874,815,914,886,4024,955,973,1228,878,2072,99,835,771,909,866,843,868,754,873,831,4317,990,1041,1321,956,2110,98,874,870,1021,860,908,939,896,1011,929,4223,973,970,1265,893,1989,90,801,891,920,852,849,912,891,900,923,4262,1005,951,1216,915,2168,108,927,929,1024,909,837,980,953,902,915,4199,921,881,1325,932,2093,93,887,890,992,918,895,947,890,991,866,canneal
14463,9895,9853,9910,10083,9936,8593,9908,9662,9835,10715,9640,9684,9540,9576,9437,5751,1259,1291,1373,1301,1296,171,1352,1294,1293,1991,1235,1155,1260,1260,1227,5620,1244,1207,1364,1343,1225,152,1266,1253,1274,2019,1163,1170,1249,1184,1312,5478,1243,1222,1262,1228,1293,145,1316,1297,1235,1958,1148,1131,1188,1166,1258,5786,1183,1258,1321,1175,1282,141,1327,1250,1266,1989,1152,1087,1214,1121,1194,5791,1233,1347,1369,1321,1277,187,1326,1249,1358,2128,1211,1304,1233,1206,1140,5402,1120,1120,1166,1027,1165,22,1125,1172,1089,1885,1032,1050,1033,1067,1086,5566,1259,1212,1315,1219,1197,134,1247,1306,1230,1926,1122,1167,1168,1256,1252,5385,1230,1259,1333,1242,1348,143,1323,1304,1230,1927,1166,1171,1152,1213,1139,5642,1219,1271,1240,1261,1303,149,1302,1366,1214,2054,1243,1206,1265,1199,1283,5651,1267,1318,1296,1263,1291,129,1342,1280,1160,2059,1207,1336,1184,1227,1192,5500,1110,1296,1225,1190,1196,135,1260,1221,1267,1986,1190,1151,1148,1200,1279,5476,1180,1220,1261,1298,1197,141,1309,1315,1275,2144,1314,1099,1294,1251,1240,5435,1196,1202,1174,1264,1258,126,1276,1321,1156,2011,1158,1149,1187,1127,1112,5514,1231,1296,1271,1282,1268,141,1304,1371,1263,2028,1243,1267,1229,1142,1201,5374,1182,1201,1301,1244,1244,140,1398,1317,1256,2047,1193,1225,1131,1187,1173,canneal
1429,1313,1203,1243,1241,1237,3061,1850,1226,1228,1164,1183,1230,1291,1291,1299,96,6,9,9,5,7,1885,625,4,7,6,5,6,6,9,8,34,6,1,6,13,2,1879,626,3,2,2,3,4,6,20,6,67,3,12,6,6,5,1879,576,7,1,3,4,3,5,3,6,73,8,4,7,5,8,1881,575,6,4,5,3,5,4,8,6,74,5,5,5,6,6,1875,549,6,6,3,4,4,7,8,7,24,0,1,1,3,2,1874,605,1,1,1,0,2,2,4,2,53,4,2,2,5,6,1880,585,5,3,4,5,3,6,5,6,66,10,3,5,18,9,1884,634,6,9,4,4,9,8,24,13,48,6,3,6,4,5,1879,640,3,4,4,2,5,3,5,6,17,6,0,5,5,5,1874,602,5,4,3,5,4,5,5,6,33,7,2,4,6,6,1875,597,7,4,4,4,6,5,8,7,55,6,3,6,6,7,1877,639,8,4,3,4,5,8,7,7,84,8,5,8,13,6,1879,656,9,6,5,5,8,7,18,8,94,6,5,7,8,8,1883,639,8,8,7,7,8,9,9,12,93,9,5,8,8,9,1878,659,8,6,6,5,8,6,8,10,canneal
16661,11634,11702,11734,11714,11808,10234,11324,11687,11948,12038,11563,11751,11843,11661,11833,6496,1341,1515,1480,1539,1542,167,1495,1528,1527,2081,1490,1628,1543,1475,1456,6517,1424,1403,1359,1557,1503,170,1444,1460,1453,1985,1516,1458,1479,1478,1440,6667,1447,1494,1434,1512,1560,165,1547,1475,1494,2016,1476,1466,1487,1475,1392,6533,1474,1488,1558,1480,1478,164,1432,1500,1521,1953,1456,1534,1500,1533,1486,6543,1557,1488,1473,1488,1497,179,1426,1452,1545,2054,1491,1537,1620,1478,1445,6284,1341,1357,1393,1357,1386,22,1347,1284,1304,1812,1349,1325,1360,1289,1364,6397,1474,1497,1483,1422,1586,164,1490,1430,1508,1955,1540,1471,1444,1490,1441,6542,1471,1506,1463,1396,1467,166,1601,1422,1498,2096,1558,1464,1518,1542,1394,6670,1553,1461,1398,1503,1567,164,1491,1457,1513,2098,1568,1480,1609,1617,1492,6461,1546,1552,1418,1569,1509,187,1491,1410,1605,2064,1570,1598,1558,1626,1452,6430,1454,1402,1489,1479,1444,156,1357,1389,1496,1956,1437,1497,1454,1635,1371,6605,1478,1473,1422,1523,1558,152,1527,1481,1601,2148,1589,1441,1559,1586,1523,6589,1508,1456,1506,1448,1545,159,1407,1446,1539,1991,1442,1549,1400,1452,1476,6549,1527,1500,1561,1546,1531,142,1561,1552,1605,2027,1463,1437,1489,1530,1493,6579,1500,1500,1452,1655,1673,149,1557,1570,1538,2052,1611,1505,1498,1431,1506,canneal
9718,6715,6461,6270,6412,6332,5638,6426,6418,6404,6313,6316,6597,6558,6652,7808,3799,819,830,772,815,754,97,729,749,806,754,691,811,832,799,2043,3615,766,728,756,727,673,83,757,762,779,721,667,782,883,809,1947,3482,737,741,756,733,735,96,778,674,734,727,739,754,803,739,1900,3661,790,705,769,788,709,85,803,748,785,761,667,682,758,720,2062,3617,786,756,735,748,727,93,780,732,783,720,731,739,788,703,2150,3497,659,678,672,648,628,9,684,648,706,630,625,697,740,644,1877,3669,750,752,684,705,715,86,769,728,763,718,665,782,796,729,2035,3600,750,765,789,762,751,92,792,719,770,729,639,746,730,798,2018,3624,743,797,762,767,781,85,760,721,779,793,782,788,799,802,2016,3556,812,787,771,753,718,92,812,737,785,754,775,777,811,746,1930,3524,793,831,705,751,720,87,807,702,741,681,681,784,763,780,1951,3664,850,807,762,795,762,93,772,802,745,712,709,720,774,814,2162,3673,819,755,741,746,743,86,788,744,804,703,716,747,871,715,2158,3688,807,782,746,802,756,90,811,792,798,730,720,776,888,729,2096,3729,850,805,803,846,749,105,776,789,841,775,800,850,826,859,1898,canneal
10338,7156,7074,6871,7347,8086,6449,7093,6884,6948,6991,6789,7115,7010,6959,7215,4004,923,859,878,830,2080,98,811,848,816,885,877,901,845,884,836,3931,779,843,798,855,2117,102,820,782,789,940,839,874,818,820,829,3904,794,824,803,924,1970,118,714,839,818,893,829,814,842,878,800,4095,830,780,826,873,2097,95,833,828,757,911,925,878,878,814,871,3993,829,889,759,852,2009,97,817,908,786,850,898,885,860,761,897,4013,720,773,801,760,1911,19,722,768,728,750,703,736,773,732,801,3977,741,806,818,810,2033,93,799,877,799,847,870,838,899,823,893,3979,816,792,860,896,2050,108,769,839,803,878,841,819,850,819,852,3903,790,871,859,887,2129,104,802,836,792,881,859,849,856,925,860,3927,791,855,762,895,1981,114,780,815,832,852,837,835,853,850,840,3843,856,826,804,798,1964,87,783,777,714,836,847,872,822,854,823,3965,872,850,825,813,2054,102,867,909,848,794,989,898,833,864,904,4031,799,822,786,843,2135,95,813,812,802,836,854,909,838,818,857,3948,836,814,844,847,2038,91,857,797,840,879,795,879,924,819,838,4086,894,919,881,960,2136,122,856,876,835,952,859,919,903,878,839,canneal
17459,12211,12173,12250,11518,12163,10252,11715,12065,12049,11840,11692,11873,11858,12169,11896,6817,1443,1673,1809,1460,1790,163,1550,1546,1502,1500,1531,1541,1636,1451,1551,6689,1426,1596,1672,1523,1623,156,1467,1537,1370,1447,1553,1464,1564,1389,1451,6758,1446,1542,1761,1437,1665,182,1490,1454,1474,1553,1545,1485,1556,1546,1497,6535,1505,1505,1736,1442,1670,174,1520,1458,1390,1490,1462,1418,1455,1436,1377,6696,1474,1610,1837,1494,1782,184,1632,1544,1528,1608,1519,1507,1563,1517,1525,6367,1299,1377,1554,1281,1430,25,1278,1344,1261,1267,1380,1412,1345,1334,1314,6567,1476,1456,1727,1435,1714,159,1484,1540,1366,1467,1510,1381,1538,1390,1479,6823,1460,1520,1699,1504,1642,174,1531,1457,1451,1593,1513,1517,1652,1522,1511,6823,1421,1605,1874,1512,1740,188,1545,1560,1415,1468,1562,1577,1535,1599,1430,6650,1447,1520,1814,1471,1632,169,1552,1597,1372,1475,1532,1558,1585,1562,1492,6440,1489,1511,1798,1387,1682,157,1507,1354,1311,1546,1455,1552,1437,1439,1514,6562,1560,1606,1901,1532,1730,149,1541,1474,1477,1619,1447,1568,1595,1478,1478,6653,1502,1484,1752,1381,1694,156,1500,1494,1383,1401,1455,1454,1506,1407,1451,6871,1543,1662,1863,1457,1753,166,1565,1574,1437,1522,1603,1536,1722,1483,1543,6728,1526,1603,1803,1449,1738,178,1641,1544,1434,1592,1535,1575,1602,1603,1547,canneal
12090,8256,8170,9315,8077,8050,6669,7709,7641,8187,7920,7981,8172,8160,8220,8171,4546,989,992,1971,947,1018,91,971,993,1022,1010,943,1006,934,1042,917,4513,965,918,1873,976,987,90,943,989,1008,963,907,971,954,1005,987,4670,1006,1001,1959,1015,1038,117,1031,970,1042,1078,1037,1043,1032,1063,1021,4466,955,1011,2043,897,937,105,997,950,1018,1081,902,1052,925,979,966,4470,945,981,2052,994,959,109,917,952,1036,938,931,963,987,1048,970,4078,867,831,1727,811,794,10,795,853,922,830,773,822,879,875,823,4369,946,993,1823,962,982,99,945,1011,980,889,945,865,921,951,920,4323,916,925,1946,1007,998,102,876,921,970,905,940,959,987,913,916,4537,977,948,2002,989,1010,94,986,992,1000,1082,931,964,975,991,964,4404,902,938,2048,1053,1011,92,992,1006,991,1002,1009,980,912,999,1008,4436,940,924,1989,980,1076,86,956,930,961,919,1017,954,1012,914,950,4523,1013,961,1940,1068,1025,95,938,971,1008,1087,993,970,974,1002,986,4569,1026,976,1975,997,967,96,970,993,924,1013,1017,937,967,1012,976,4589,993,979,1920,972,946,96,1031,1037,989,987,1065,1031,1031,962,1009,4531,1019,989,2000,1051,943,100,984,1005,960,956,1003,968,919,1022,973,canneal
8801,6065,5925,6105,7283,6080,5409,5776,6139,6039,5944,5991,6080,6052,5933,6071,3362,692,723,721,1984,719,104,708,675,691,687,715,806,665,682,710,3220,696,654,663,1977,719,96,692,669,719,667,600,731,639,705,679,3423,698,791,706,2009,675,104,707,694,690,768,685,697,689,674,667,3340,713,785,646,2068,700,86,655,791,653,674,710,779,661,650,706,3370,701,693,655,2110,725,100,700,687,754,781,683,757,658,662,683,3254,612,688,631,1952,641,9,573,596,637,657,653,628,593,585,567,3242,667,689,723,1993,695,79,660,650,690,687,678,619,620,693,625,3428,711,763,729,2093,703,99,674,641,726,745,731,673,747,733,673,3271,683,690,719,2021,710,80,685,711,615,791,646,723,695,732,702,3260,722,765,743,2027,692,88,668,691,631,663,659,674,700,684,630,3353,700,735,691,1979,651,93,694,602,617,700,652,707,711,678,690,3350,708,790,689,2021,758,84,707,765,735,788,647,676,687,709,773,3373,735,709,726,2010,731,98,719,701,719,745,619,746,667,686,676,3344,678,827,725,2139,732,93,705,696,715,671,664,736,640,659,665,3387,657,749,704,2040,743,94,695,752,709,743,687,712,670,695,710,canneal
15674,10923,10683,10780,10752,11022,9541,11072,11440,11195,11054,10936,10920,10860,11067,11184,6115,1226,1368,1365,1375,1336,155,1337,1991,1394,1425,1395,1331,1310,1349,1437,6054,1263,1327,1315,1323,1426,162,1389,1881,1281,1369,1369,1383,1379,1274,1326,6055,1297,1289,1252,1432,1365,146,1438,1939,1305,1406,1432,1310,1322,1297,1341,5979,1327,1375,1351,1343,1304,191,1323,1953,1412,1462,1365,1317,1392,1373,1394,6162,1390,1334,1355,1301,1331,155,1256,1920,1412,1443,1411,1441,1291,1409,1409,5900,1248,1147,1118,1282,1163,21,1235,1760,1204,1160,1254,1200,1140,1261,1167,6203,1326,1329,1325,1387,1365,144,1412,1899,1328,1425,1402,1286,1342,1351,1381,6101,1315,1501,1282,1403,1441,164,1413,1913,1398,1348,1400,1437,1387,1340,1403,6318,1334,1360,1335,1293,1416,146,1439,1988,1328,1452,1449,1404,1350,1373,1262,6271,1371,1265,1335,1533,1310,152,1383,1990,1341,1398,1444,1299,1380,1332,1404,6094,1392,1281,1313,1348,1370,140,1371,1882,1395,1289,1415,1397,1387,1414,1402,6137,1337,1314,1359,1438,1445,140,1404,1970,1371,1390,1332,1365,1356,1387,1312,6043,1396,1378,1356,1563,1380,161,1466,1861,1316,1387,1401,1381,1373,1301,1336,6256,1403,1382,1349,1485,1414,158,1348,2028,1387,1397,1429,1419,1479,1296,1385,6414,1382,1311,1465,1373,1335,147,1340,2073,1403,1445,1434,1415,1344,1402,1390,canneal
15267,10332,10286,9997,10321,10634,9046,10266,11043,10206,10212,10200,10418,10297,10414,10445,5804,1152,1238,1298,1176,1402,167,1291,2074,1264,1293,1244,1338,1296,1241,1254,5737,1251,1171,1227,1261,1335,169,1276,2020,1263,1227,1291,1195,1252,1109,1276,5637,1372,1268,1295,1304,1268,155,1319,1882,1198,1237,1273,1169,1264,1248,1234,5766,1328,1354,1163,1238,1327,165,1331,1955,1247,1291,1254,1195,1241,1273,1253,5875,1247,1273,1193,1316,1320,162,1385,2094,1355,1344,1303,1185,1292,1299,1328,5490,1112,1061,1061,1177,1159,19,1150,1843,1104,1139,1076,1126,1144,1121,1161,5635,1272,1237,1192,1315,1257,145,1275,1961,1325,1265,1234,1278,1292,1274,1190,5801,1286,1377,1288,1317,1385,188,1329,1968,1402,1341,1311,1280,1290,1333,1184,5668,1257,1278,1247,1230,1312,155,1305,1942,1254,1191,1172,1210,1307,1277,1212,5689,1158,1373,1275,1269,1272,155,1207,1952,1275,1211,1307,1316,1309,1376,1315,5689,1228,1224,1256,1349,1261,151,1296,1975,1296,1271,1253,1275,1218,1298,1272,5838,1265,1261,1341,1226,1337,161,1296,2093,1373,1328,1225,1235,1301,1345,1246,5717,1324,1271,1285,1259,1288,178,1256,2005,1334,1257,1311,1268,1305,1294,1311,5866,1289,1379,1236,1307,1268,155,1316,2053,1277,1358,1372,1388,1355,1200,1267,5926,1356,1313,1285,1413,1389,168,1234,1889,1355,1311,1279,1326,1270,1315,1266,canneal
9131,6013,5918,5894,6018,6254,5302,6113,6280,6011,5783,6129,6134,6123,7596,6226,3374,695,707,642,733,700,90,703,753,734,688,712,734,727,1987,670,3295,713,629,719,674,656,86,681,678,733,667,657,639,728,1942,630,3364,656,657,687,664,707,87,676,717,734,741,619,627,688,1993,672,3371,701,751,671,632,698,90,713,720,751,734,682,690,695,2022,648,3524,696,729,761,711,629,95,716,730,723,743,680,709,718,2006,657,3214,640,635,605,611,591,10,609,613,644,579,602,624,672,1862,572,3442,712,767,662,704,716,81,643,675,718,688,675,675,658,1950,685,3611,702,763,690,701,644,89,610,653,729,684,684,676,692,2035,702,3357,701,695,722,635,675,88,648,686,715,662,666,702,742,1938,700,3220,717,766,656,731,669,96,602,683,707,722,719,653,730,1994,681,3395,732,704,625,732,664,79,744,643,725,685,645,711,711,2044,689,3441,663,766,666,727,702,78,763,688,777,694,684,702,742,2026,683,3465,684,682,667,723,709,91,703,733,698,662,674,733,671,2058,691,3597,706,700,686,710,742,94,728,815,757,681,754,738,710,2144,818,3515,713,745,627,719,681,87,748,752,756,685,715,744,762,2061,792,canneal
12662,8826,8505,8759,8380,8571,7556,8618,9698,9043,8550,8598,8672,8775,8633,8904,4888,979,1162,1080,1063,1080,139,1052,2075,1096,1046,1085,1121,1084,1090,964,4700,1022,1048,995,1037,1025,137,1078,1915,1009,991,1025,1079,1076,1025,1046,4881,1071,1157,1032,1023,1014,131,998,1882,1014,1041,1104,1078,1044,1063,1037,4667,1043,1131,1049,961,1047,134,1037,1843,992,1006,1035,1148,1038,1029,1001,4696,1080,1109,1023,988,970,139,1017,1971,1028,1027,1077,1086,1030,1099,982,4605,926,945,858,852,885,21,889,1823,893,922,970,905,965,919,843,4831,1001,1071,1055,1043,945,130,975,2054,1057,1015,1033,1020,1048,1065,955,4915,1108,1121,1150,994,1160,153,1035,1858,1133,1032,1035,1138,1089,993,1125,4997,1025,1162,1080,988,1086,133,1019,2013,1068,1079,1039,1161,1150,1091,1054,4769,1055,1068,1058,1019,982,130,1019,2027,1113,1061,991,1075,1136,1074,1050,4811,1097,1049,1046,1023,1014,121,1046,1946,1059,1018,1054,1009,1055,1166,977,4782,1077,1102,1100,1018,1001,129,1100,2015,1033,1002,1104,1162,1108,1136,954,4900,1010,1014,1117,1043,1024,124,1020,1992,1015,980,1048,1097,1041,1113,953,4805,1089,1144,1132,1075,1056,170,1011,2011,1088,1019,1039,1105,1070,1066,1079,4977,1016,1163,1125,1064,1131,139,1073,2086,1100,1027,1085,1076,1054,1095,1014,canneal
2024,1784,1665,1672,1692,1662,4438,1676,2454,2308,2124,2049,2008,1651,1689,1773,278,7,11,7,12,11,2631,9,695,544,429,316,144,13,10,13,200,9,8,10,15,7,2463,6,688,565,415,319,164,3,12,8,219,10,16,7,10,7,2287,7,726,552,400,331,168,7,9,11,241,11,23,12,10,11,2210,8,681,581,449,339,163,8,9,6,199,10,15,8,8,6,2453,5,675,556,443,338,183,6,7,8,208,40,58,15,33,30,2275,32,738,798,598,488,301,28,26,39,222,16,19,11,16,6,2231,8,753,564,464,280,142,11,13,17,219,16,34,17,15,18,2328,26,714,651,472,317,169,14,20,17,197,16,26,8,21,16,2323,11,656,509,440,310,149,10,11,14,188,9,25,9,12,5,2705,4,668,562,428,318,162,10,7,10,181,10,18,6,13,5,2357,9,705,519,398,278,159,7,7,11,216,8,25,5,9,6,2352,5,690,612,487,344,147,10,9,9,214,12,24,6,8,11,2327,6,628,554,402,326,166,8,11,8,221,10,18,8,9,7,2412,10,665,542,452,315,179,8,10,13,262,11,15,5,6,5,2522,7,702,620,447,364,186,6,8,9,canneal
17289,11810,11772,12065,11777,11746,10147,11713,12260,11605,11602,11592,11987,11861,11879,11826,6653,1470,1396,1477,1646,1513,175,1550,1792,1397,1504,1518,1449,1543,1539,1564,6621,1309,1470,1468,1610,1406,166,1512,1777,1497,1450,1408,1450,1506,1504,1463,6694,1445,1367,1423,1622,1442,165,1401,1830,1442,1606,1377,1521,1533,1512,1396,6588,1533,1413,1431,1632,1415,195,1505,1929,1357,1494,1348,1502,1513,1392,1553,6549,1474,1436,1576,1618,1499,182,1447,1847,1541,1499,1432,1434,1641,1511,1476,6222,1189,1247,1376,1511,1300,32,1289,1654,1363,1362,1212,1272,1350,1243,1326,6572,1492,1423,1469,1655,1419,175,1375,1772,1522,1557,1402,1404,1493,1461,1407,6748,1446,1441,1505,1684,1549,221,1530,1882,1528,1626,1498,1470,1672,1524,1428,6473,1384,1435,1462,1599,1513,176,1538,1799,1372,1531,1409,1507,1536,1420,1544,6532,1531,1443,1487,1660,1542,180,1525,1847,1383,1439,1399,1451,1543,1478,1465,6467,1488,1465,1439,1724,1372,168,1512,1668,1523,1435,1413,1343,1470,1552,1465,6852,1467,1524,1580,1754,1541,188,1623,1839,1555,1503,1402,1420,1506,1564,1539,6582,1532,1496,1484,1552,1471,156,1500,1814,1521,1496,1421,1423,1454,1505,1391,6634,1479,1466,1635,1656,1536,176,1415,1854,1529,1418,1520,1532,1517,1538,1483,6712,1449,1464,1474,1670,1461,188,1563,1863,1536,1591,1478,1451,1585,1524,1407,canneal
10561,7006,6942,7251,8176,7119,6006,7036,6999,7353,7173,7208,6951,7268,7341,7262,3934,840,803,886,1984,912,76,789,843,911,808,842,849,806,844,806,3862,816,745,742,2032,822,96,794,787,831,825,820,840,766,776,819,3950,757,792,853,2049,824,93,800,860,900,801,851,882,789,825,800,3920,858,868,869,1988,900,104,866,812,956,891,880,844,840,880,836,3967,857,815,831,2045,865,88,729,827,872,827,860,827,824,834,790,3680,797,670,727,1904,754,17,698,696,766,723,691,664,749,675,756,3915,807,802,808,1997,891,88,774,747,871,921,799,765,810,813,864,3944,882,858,818,1906,913,98,834,785,897,860,757,804,809,853,845,3922,855,855,877,1930,894,94,823,795,878,861,885,850,805,851,800,3988,892,865,840,1945,834,95,852,831,916,784,906,826,877,858,862,3903,805,836,818,1996,916,82,853,897,787,845,779,781,801,816,918,3850,841,812,833,1962,906,96,876,792,905,904,827,820,861,827,842,4016,855,837,834,2014,824,90,865,847,895,868,807,843,837,891,803,4029,866,834,810,2013,877,87,864,883,907,858,819,918,788,857,829,4076,863,873,848,2077,892,92,812,871,871,912,889,810,910,859,853,canneal
8867,7517,5836,5968,6131,6070,5346,5914,6179,6147,6135,6061,6086,6315,6109,6237,3451,1944,705,645,728,703,92,636,734,791,733,782,726,655,739,724,3251,1875,723,670,724,611,86,632,684,669,711,699,725,651,656,715,3406,1918,672,707,661,614,92,669,712,694,690,695,732,690,693,679,3395,2053,662,684,686,640,117,675,741,685,740,711,779,668,755,678,3428,2108,657,680,702,618,108,659,754,697,700,736,784,684,743,747,3274,1799,563,607,546,573,21,566,579,598,617,683,617,586,592,601,3367,1992,607,714,730,622,93,685,698,715,645,679,712,674,614,677,3450,2023,700,728,738,668,96,727,691,691,723,739,672,595,699,750,3413,1993,683,754,638,675,91,738,676,686,672,735,734,702,701,650,3439,2140,654,778,667,683,104,704,697,708,714,673,729,683,689,675,3423,2016,675,756,642,645,93,660,669,694,661,689,688,673,673,708,3412,2033,723,719,667,769,93,690,726,709,663,812,733,661,712,675,3479,2038,713,794,693,648,92,692,747,653,762,795,767,621,698,629,3402,2071,672,691,708,786,99,713,699,669,737,693,801,755,691,669,3432,2123,659,708,701,735,86,736,735,704,732,736,754,672,665,680,canneal
17398,12079,11657,11798,11770,12322,10723,11828,12049,11809,11631,11794,11796,11808,11607,12072,6841,1456,1495,1467,1632,1989,217,1650,1572,1647,1620,1512,1570,1494,1535,1502,6653,1525,1450,1395,1373,1920,163,1537,1426,1456,1497,1368,1427,1438,1394,1382,6638,1523,1443,1387,1528,1937,195,1490,1478,1512,1528,1404,1454,1415,1506,1406,6695,1481,1551,1468,1420,1919,194,1547,1377,1648,1480,1416,1573,1446,1470,1497,6720,1486,1562,1420,1429,1924,193,1517,1504,1477,1567,1371,1408,1557,1454,1389,6682,1284,1292,1323,1260,1832,22,1401,1277,1427,1398,1216,1303,1337,1260,1329,6620,1433,1423,1386,1399,1911,166,1425,1401,1534,1443,1400,1439,1601,1491,1495,6803,1528,1466,1515,1434,1975,180,1461,1453,1594,1608,1372,1553,1502,1471,1479,6736,1544,1447,1402,1464,1873,166,1483,1457,1568,1550,1339,1495,1524,1437,1427,6634,1441,1501,1486,1482,1859,181,1564,1504,1555,1490,1480,1407,1425,1349,1515,6630,1465,1491,1458,1578,1991,176,1592,1519,1551,1562,1409,1397,1484,1428,1500,6674,1569,1531,1476,1491,2037,169,1620,1504,1560,1591,1427,1420,1533,1438,1601,6524,1540,1493,1460,1526,1827,183,1545,1509,1536,1532,1363,1503,1441,1459,1505,6626,1460,1576,1533,1425,2062,179,1542,1460,1491,1481,1414,1539,1503,1455,1561,6823,1557,1575,1479,1534,2101,175,1547,1478,1503,1543,1400,1484,1574,1536,1484,canneal
14167,9977,9413,9665,9765,10275,8410,9763,9783,9875,9528,9565,9750,9909,10019,10174,5548,1230,1239,1232,1243,1964,165,1214,1182,1154,1263,1179,1194,1224,1213,1247,5177,1198,1067,1187,1136,1885,113,1117,1103,1191,1159,1139,1148,1124,1163,1130,5370,1142,1167,1148,1245,1974,136,1187,1160,1139,1136,1226,1169,1220,1222,1185,5420,1228,1227,1154,1174,2090,148,1186,1209,1229,1177,1186,1221,1258,1202,1253,5227,1199,1204,1208,1271,2015,166,1176,1187,1213,1160,1194,1183,1200,1196,1264,5143,1068,1054,1048,1072,1812,16,1038,1089,1043,1021,1015,1050,983,1025,1108,5444,1174,1210,1119,1183,1898,140,1152,1175,1192,1116,1248,1185,1280,1182,1131,5432,1199,1176,1179,1242,2011,151,1146,1149,1155,1160,1227,1127,1157,1197,1235,5506,1158,1153,1260,1199,1972,147,1225,1240,1253,1186,1189,1237,1237,1210,1231,5334,1146,1204,1317,1177,1908,140,1188,1144,1148,1217,1197,1216,1174,1074,1247,5312,1186,1059,1270,1199,1971,131,1159,1192,1149,1194,1143,1102,1115,1195,1219,5477,1147,1208,1256,1223,2116,137,1211,1335,1162,1262,1163,1148,1268,1120,1191,5497,1122,1148,1247,1168,2084,164,1291,1255,1231,1192,1172,1212,1136,1275,1205,5571,1272,1246,1209,1152,2021,150,1191,1226,1205,1279,1193,1288,1201,1234,1242,5626,1229,1278,1212,1242,1975,151,1259,1302,1260,1228,1162,1162,1257,1280,1120,canneal
8928,6003,5779,5881,7143,6020,5002,5993,5808,5791,5669,5909,5960,5783,6051,5861,3269,687,641,775,2065,747,81,658,681,707,697,709,686,675,707,696,3196,722,603,641,2008,709,70,698,625,652,697,651,587,671,690,601,3275,737,614,683,2010,675,71,621,660,563,682,653,659,650,668,664,3239,755,719,694,2011,702,82,662,696,627,714,677,679,644,718,660,3347,711,631,673,2010,638,82,648,709,702,719,670,647,683,665,716,2984,635,488,603,1936,642,10,530,555,579,574,541,547,558,545,614,3260,668,607,668,2048,708,78,605,670,658,677,650,680,714,693,661,3198,709,617,727,1910,609,78,702,601,641,683,678,677,677,669,605,3260,728,657,665,1927,695,71,616,606,637,670,648,618,702,669,646,3068,700,629,715,1878,661,71,619,661,650,643,648,612,676,692,651,3280,705,620,697,2005,633,72,651,637,658,685,597,649,692,664,644,3291,742,688,768,2089,692,77,608,653,698,734,647,646,697,712,659,3190,728,610,780,1982,670,71,676,676,637,684,645,641,687,678,587,3361,740,693,712,2117,716,65,670,705,660,710,603,690,736,664,677,3290,744,720,703,2010,723,66,696,684,627,706,696,686,720,679,641,canneal
13694,9389,9174,10250,9580,9356,8264,9555,9416,9441,9421,9468,9526,9237,9196,9573,5255,1153,1108,2015,1172,1214,159,1210,1049,1129,1142,1077,1179,1155,1152,1283,5075,1103,1143,2023,1150,1151,150,1063,1036,1175,1098,1086,1229,1096,1126,1206,5138,1135,1202,1913,1227,1127,142,1174,1092,1112,1128,1018,1211,1114,1116,1130,5395,1265,1177,1963,1229,1245,185,1257,1173,1168,1165,1072,1219,1139,1162,1168,5266,1220,1107,1860,1169,1120,160,1170,1102,1222,1136,1108,1154,1188,1112,1237,5108,1078,990,1791,1020,937,20,1049,979,956,1048,908,979,994,965,1102,5289,1289,1242,1937,1201,1088,131,1108,1135,1126,1115,1096,1187,1085,1125,1200,5297,1160,1225,2011,1191,1102,146,1119,1098,1151,1163,1137,1156,1147,1149,1204,5243,1158,1190,1972,1243,1082,158,1186,1187,1160,1151,1038,1158,1184,1118,1210,5268,1142,1319,1882,1171,1083,135,1194,1146,1146,1115,1094,1125,1236,1168,1247,5287,1257,1216,1865,1180,1154,123,1124,1081,1140,1081,1014,1114,1123,1090,1203,5280,1213,1228,2039,1243,1187,145,1114,1126,1192,1291,1124,1159,1095,1127,1234,5106,1191,1171,1945,1144,1128,140,1207,1083,1040,1090,1080,1179,1159,1106,1242,5078,1190,1156,2030,1209,1174,155,1211,1179,1114,1154,1140,1135,1083,1103,1190,5329,1169,1282,2056,1201,1157,139,1232,1192,1086,1134,1129,1171,1143,1087,1169,canneal
17143,11920,11908,12165,12171,12010,10519,11810,11578,11517,11363,11416,11986,11598,11934,11893,6620,1487,1460,1909,1504,1593,163,1533,1486,1463,1504,1427,1492,1559,1480,1506,6596,1489,1412,1794,1481,1445,165,1473,1507,1520,1525,1475,1402,1460,1414,1421,6557,1458,1400,1983,1597,1531,198,1468,1519,1474,1470,1424,1508,1494,1512,1435,6832,1482,1455,1961,1489,1571,175,1465,1480,1508,1580,1473,1449,1444,1450,1465,6639,1417,1405,2062,1452,1455,160,1526,1505,1402,1464,1414,1387,1453,1408,1409,6499,1268,1276,1699,1403,1296,25,1343,1322,1348,1364,1256,1242,1303,1303,1310,6587,1501,1457,1868,1496,1482,147,1456,1491,1475,1408,1412,1380,1368,1430,1465,6478,1382,1429,1804,1426,1486,176,1516,1386,1518,1466,1491,1558,1469,1470,1497,6467,1405,1418,1857,1534,1494,149,1523,1494,1374,1496,1401,1492,1466,1407,1435,6356,1358,1382,1882,1521,1488,175,1498,1409,1434,1488,1477,1482,1484,1468,1480,6482,1433,1404,1811,1440,1485,164,1382,1505,1529,1516,1337,1374,1486,1446,1409,6742,1573,1463,2112,1545,1586,161,1526,1511,1535,1567,1384,1370,1559,1587,1529,6568,1532,1419,1998,1399,1509,158,1522,1351,1455,1432,1417,1390,1426,1439,1426,6730,1544,1562,1968,1545,1537,168,1623,1488,1484,1455,1465,1447,1449,1499,1486,6763,1563,1490,1961,1540,1569,174,1568,1575,1490,1553,1445,1519,1538,1571,1500,canneal
9697,7716,6209,6582,6544,6526,5605,6429,6455,6410,6497,6293,6553,6522,6753,6655,3603,1990,704,848,787,851,115,752,740,701,734,875,823,809,807,820,3382,1886,696,741,753,762,99,647,764,699,793,726,736,670,756,734,3623,2025,751,716,782,674,110,712,740,760,792,735,755,749,673,779,3599,2019,711,775,825,726,94,780,750,716,776,697,812,778,771,751,3613,1938,718,742,792,772,105,766,682,789,863,740,779,785,727,762,3337,1850,663,681,635,614,6,641,655,687,679,626,690,620,636,662,3566,1972,748,791,764,709,93,718,739,781,728,746,730,727,738,772,3493,1958,675,769,777,790,76,703,724,712,786,716,729,692,688,790,3558,2077,696,835,719,721,83,688,742,754,762,760,745,784,705,871,3526,2104,734,802,757,727,89,765,712,802,794,750,722,786,747,739,3516,1969,736,730,746,789,93,739,729,759,784,723,745,737,709,743,3571,2069,736,812,773,740,86,736,739,787,789,761,833,877,777,813,3614,2086,771,792,779,745,84,706,741,758,835,786,739,820,721,790,3789,2161,700,806,794,775,92,745,722,757,815,806,777,826,791,835,3705,2097,739,837,799,801,93,728,789,736,884,754,724,785,776,790,canneal
9716,6613,6619,6824,6914,6787,6011,6803,6765,6845,6694,6638,6736,6685,6610,7811,3698,792,797,832,948,716,126,751,766,743,868,735,871,860,835,1991,3663,755,729,841,869,765,96,760,784,733,860,714,853,783,790,1938,3785,754,783,726,861,723,102,732,851,763,779,750,826,816,712,1945,3795,775,803,768,914,751,100,762,766,742,859,790,803,808,793,1991,3695,799,853,810,850,737,104,734,813,750,832,759,808,839,775,2026,3606,699,763,672,745,655,19,617,667,648,642,647,699,732,655,1783,3765,744,820,753,874,743,107,807,732,810,779,736,836,861,779,1939,3820,853,738,738,862,808,106,803,802,789,821,713,796,862,824,1964,3843,834,768,842,872,733,104,776,719,739,793,798,796,843,755,1969,3659,729,757,826,858,802,93,750,736,742,776,753,815,840,698,2016,3692,760,709,816,826,739,96,734,710,737,819,747,815,817,755,1839,3646,745,785,842,871,781,95,751,800,845,851,752,810,868,826,2023,3683,749,832,784,886,769,95,746,774,759,812,726,885,808,780,1907,3652,703,814,773,841,832,95,680,861,763,798,773,848,764,816,2066,3741,789,813,831,828,846,101,702,835,815,803,732,799,817,805,2080,canneal
9708,6591,6359,6431,6521,6678,8499,6602,7406,7611,7863,7798,7980,8100,8064,6853,3100,20,23,21,24,26,1916,20,909,1099,1252,1330,1477,1632,1775,161,3001,32,28,31,27,34,1878,25,964,1128,1211,1306,1385,1585,1564,175,3034,21,21,20,26,25,1816,20,966,1001,1230,1284,1471,1589,1538,145,3065,33,32,26,30,34,1777,27,984,1036,1217,1394,1403,1654,1495,160,3145,24,23,25,28,29,1913,24,966,1090,1184,1426,1496,1678,1564,186,3038,80,68,60,59,72,1831,70,1067,1154,1209,1372,1528,1704,1761,274,3116,30,33,39,35,42,1794,38,955,1135,1240,1425,1474,1618,1666,151,3142,90,90,117,101,107,1855,92,1043,1255,1327,1505,1682,1702,1730,213,3084,58,57,75,73,72,1808,67,1091,1109,1326,1491,1610,1707,1692,186,3128,73,51,70,58,70,1985,61,1063,1154,1202,1617,1600,1702,1693,196,3053,54,62,70,57,74,1872,56,1063,1265,1246,1478,1563,1612,1642,215,3097,68,51,58,58,69,1884,66,1208,1159,1291,1438,1594,1674,1734,236,3000,71,61,72,69,82,1962,64,988,1107,1337,1367,1466,1575,1770,212,3006,68,53,56,52,68,1975,54,1044,1069,1162,1411,1469,1649,1595,209,3137,44,38,44,45,50,1931,45,997,1145,1237,1424,1495,1707,1711,215,canneal
17743,12302,11906,11716,11690,12226,10912,12189,12464,12014,11760,11726,11854,11700,11963,12130,6898,1514,1500,1545,1466,1538,190,1581,2024,1502,1468,1616,1619,1461,1440,1498,6620,1440,1467,1520,1422,1461,174,1403,1801,1424,1499,1467,1414,1488,1404,1507,6603,1445,1610,1412,1380,1422,180,1463,1782,1449,1460,1567,1440,1416,1515,1441,6567,1436,1563,1479,1502,1507,187,1419,1792,1461,1554,1372,1566,1499,1509,1514,6840,1408,1531,1410,1441,1356,193,1552,1933,1560,1589,1503,1553,1465,1505,1639,6702,1370,1348,1376,1413,1236,24,1393,1659,1340,1371,1341,1324,1205,1357,1317,6766,1447,1572,1440,1444,1471,174,1489,1930,1430,1500,1511,1418,1414,1436,1598,6692,1442,1519,1495,1532,1496,174,1572,1943,1563,1506,1470,1503,1476,1495,1586,6728,1509,1534,1427,1506,1487,194,1559,1966,1514,1532,1450,1469,1510,1489,1559,6622,1512,1445,1458,1444,1455,165,1545,1929,1593,1444,1472,1462,1469,1388,1498,6523,1488,1566,1443,1522,1422,164,1511,1780,1474,1447,1454,1476,1399,1454,1521,6703,1515,1575,1555,1498,1532,172,1595,1972,1489,1485,1483,1560,1417,1447,1474,6551,1514,1625,1506,1483,1453,179,1534,1922,1425,1511,1468,1550,1442,1514,1433,6713,1478,1591,1522,1589,1525,173,1578,2028,1515,1468,1644,1505,1447,1554,1553,6778,1629,1639,1538,1509,1570,220,1604,2031,1560,1529,1670,1519,1465,1546,1467,canneal
13794,9778,9456,9507,9222,9487,8503,9536,10454,9328,9243,9397,9519,9524,9639,9411,5457,1105,1265,1264,1167,1183,157,1165,2050,1251,1229,1198,1119,1221,1173,1154,5262,1123,1154,1155,1135,1157,137,1131,1968,1152,1125,1177,1107,1127,1124,1139,5261,1107,1209,1083,1179,1205,125,1131,1955,1182,1148,1095,1148,1222,1219,1254,5217,1188,1194,1112,1146,1112,135,1171,1978,1068,1125,1130,1165,1146,1211,1160,5188,1143,1188,1088,1121,1100,136,1080,2032,1156,1112,1217,1139,1209,1124,1185,5204,1014,981,1014,1030,952,23,1001,1908,1108,1034,1028,999,1068,1063,926,5255,1150,1058,1115,1126,1160,135,1019,1977,1166,1103,1150,1144,1186,1179,1183,5486,1250,1161,1164,1230,1203,153,1164,1946,1241,1252,1194,1152,1257,1132,1151,5236,1159,1103,1135,1102,1156,129,1157,1899,1161,1152,1083,1153,1211,1127,1110,5130,1123,1074,1198,1193,1167,135,1078,1892,1255,1235,1210,1144,1239,1229,1114,5180,1186,1065,1162,1171,1178,129,1068,1986,1153,1148,1193,1125,1191,1183,1205,5335,1125,1173,1149,1214,1258,130,1245,2046,1163,1212,1153,1141,1220,1213,1192,5317,1150,1187,1080,1162,1201,139,1181,1901,1214,1133,1165,1247,1140,1159,1138,5360,1143,1159,1118,1263,1181,132,1161,2035,1244,1154,1158,1179,1147,1128,1163,5284,1158,1169,1273,1251,1186,147,1181,2001,1199,1201,1216,1105,1267,1260,1189,canneal
2967,1951,1867,1920,1909,1942,3716,1898,1904,1904,1835,1872,1898,1909,1956,1943,979,7,7,9,7,9,1852,6,6,7,6,5,6,9,14,10,939,7,5,9,8,6,1848,7,8,8,8,10,7,9,17,9,963,6,3,5,7,7,1844,4,4,6,8,6,9,11,16,8,960,6,5,5,5,10,1847,4,6,5,4,4,6,9,12,9,976,8,5,7,6,7,1842,6,6,5,4,5,6,8,11,8,958,23,34,20,32,28,1870,37,37,34,34,34,30,34,32,29,953,9,5,7,7,7,1847,6,15,8,8,6,8,7,14,8,983,36,30,29,30,30,1865,38,30,37,37,37,29,34,37,29,983,34,35,28,31,30,1864,36,32,36,41,31,30,35,34,29,943,28,32,22,26,24,1860,33,30,27,35,28,26,32,29,27,968,32,31,30,33,28,1863,34,31,33,37,27,28,36,30,28,977,28,35,25,31,25,1868,34,28,29,32,27,27,30,37,28,982,35,34,29,34,34,1871,35,29,34,40,33,33,38,32,29,999,25,30,27,31,28,1870,32,29,33,36,29,31,32,29,27,996,42,35,26,40,30,1881,25,26,30,30,36,29,29,55,31,canneal
5022,3415,3183,3025,2707,2842,5550,2731,2843,2732,2719,2758,2769,2849,2847,3705,1935,376,306,137,13,15,2611,11,13,11,7,12,12,17,16,646,1922,398,318,152,15,17,2426,8,6,6,6,6,14,13,16,600,1964,409,297,139,11,12,2266,8,9,7,7,8,9,8,12,566,1939,378,291,161,7,8,2151,5,7,5,5,4,7,5,9,616,1962,454,298,162,8,9,2296,6,5,6,5,5,7,6,10,648,2145,589,442,292,48,47,2172,40,38,28,48,46,50,46,54,759,1817,416,246,120,10,10,2130,8,10,6,7,9,9,8,17,617,1999,416,315,176,31,31,2188,23,30,29,36,35,30,34,40,667,1898,355,287,171,43,32,2138,21,27,38,36,34,30,48,42,704,1939,415,266,169,40,26,2525,20,33,30,33,34,27,43,38,651,1916,419,265,165,39,29,2205,24,19,23,34,31,31,45,38,696,1954,444,331,177,40,34,2214,24,34,24,28,35,32,36,39,651,2071,378,326,181,40,32,2206,22,30,29,27,29,29,41,40,680,2010,437,333,210,34,37,2329,21,33,32,32,29,34,40,34,651,2109,483,355,231,26,32,2412,18,30,28,32,31,35,34,24,721,canneal
10666,7649,7533,7750,8241,8028,6893,8123,6310,6276,6113,6141,6211,6090,6323,7143,4395,1292,1416,1564,1792,1690,717,1603,67,57,47,63,51,54,58,1026,4189,1207,1317,1534,1769,1684,631,1642,71,55,51,55,57,59,65,1039,4292,1337,1415,1422,1722,1671,686,1592,67,51,39,52,59,46,79,1053,4407,1291,1382,1571,1608,1753,680,1694,71,62,45,56,59,54,61,1057,4270,1314,1377,1483,1668,1608,726,1681,69,51,42,48,51,55,63,1008,4161,1193,1346,1462,1779,1722,560,1625,83,64,46,57,65,69,69,970,4303,1185,1295,1616,1591,1645,555,1509,59,53,41,50,52,43,52,956,4253,1243,1363,1525,1591,1616,604,1632,46,54,41,41,42,42,37,883,4252,1206,1338,1454,1613,1647,547,1600,51,50,41,45,43,38,37,961,4211,1082,1318,1438,1646,1496,670,1646,51,51,47,45,38,46,46,938,4239,1224,1319,1506,1568,1569,559,1614,47,45,41,38,44,39,37,958,4243,1217,1402,1574,1604,1641,594,1567,56,56,46,45,42,41,45,1009,4255,1230,1334,1555,1648,1562,564,1590,53,49,45,45,43,44,48,897,4375,1198,1342,1620,1702,1629,653,1511,65,58,49,51,48,47,42,983,4343,1242,1414,1572,1725,1673,733,1673,60,54,50,48,51,59,52,949,canneal
17883,12158,12113,11967,12111,12372,10909,12873,12593,12161,12292,11934,12002,12322,12397,12143,6805,1527,1616,1642,1706,1542,149,1917,1686,1558,1543,1452,1607,1529,1448,1591,6819,1466,1487,1588,1564,1464,149,1949,1468,1486,1516,1510,1548,1528,1490,1492,6723,1540,1524,1477,1576,1531,167,2053,1517,1575,1508,1502,1625,1499,1511,1538,6813,1545,1518,1615,1478,1510,172,2044,1607,1563,1564,1509,1580,1626,1535,1539,6922,1529,1683,1615,1556,1483,169,2104,1459,1527,1564,1541,1657,1465,1475,1447,6877,1511,1576,1498,1412,1489,128,2038,1448,1617,1471,1442,1472,1598,1373,1447,7062,1559,1552,1509,1593,1542,163,1939,1630,1641,1573,1583,1581,1602,1522,1557,7061,1514,1486,1509,1505,1454,112,2070,1546,1583,1457,1461,1556,1547,1453,1587,6762,1538,1529,1461,1470,1528,103,1956,1478,1497,1488,1371,1469,1562,1519,1512,6868,1491,1500,1575,1542,1557,112,2079,1525,1587,1491,1475,1584,1554,1534,1511,6645,1486,1579,1498,1422,1430,102,1965,1505,1483,1390,1387,1558,1556,1538,1396,6759,1502,1551,1577,1504,1572,99,1980,1552,1573,1599,1542,1575,1500,1519,1493,6761,1462,1596,1560,1450,1413,96,1917,1551,1565,1527,1485,1509,1552,1551,1451,6914,1704,1562,1596,1703,1584,103,1946,1611,1693,1534,1669,1446,1589,1539,1540,6878,1523,1629,1549,1569,1746,141,2051,1611,1634,1661,1617,1508,1591,1613,1519,canneal
