From router 0 to router 0,From router 0 to router 1,From router 0 to router 2,From router 0 to router 3,From router 0 to router 4,From router 0 to router 5,From router 0 to router 6,From router 0 to router 7,From router 0 to router 8,From router 0 to router 9,From router 0 to router 10,From router 0 to router 11,From router 0 to router 12,From router 0 to router 13,From router 0 to router 14,From router 0 to router 15,From router 1 to router 0,From router 1 to router 1,From router 1 to router 2,From router 1 to router 3,From router 1 to router 4,From router 1 to router 5,From router 1 to router 6,From router 1 to router 7,From router 1 to router 8,From router 1 to router 9,From router 1 to router 10,From router 1 to router 11,From router 1 to router 12,From router 1 to router 13,From router 1 to router 14,From router 1 to router 15,From router 2 to router 0,From router 2 to router 1,From router 2 to router 2,From router 2 to router 3,From router 2 to router 4,From router 2 to router 5,From router 2 to router 6,From router 2 to router 7,From router 2 to router 8,From router 2 to router 9,From router 2 to router 10,From router 2 to router 11,From router 2 to router 12,From router 2 to router 13,From router 2 to router 14,From router 2 to router 15,From router 3 to router 0,From router 3 to router 1,From router 3 to router 2,From router 3 to router 3,From router 3 to router 4,From router 3 to router 5,From router 3 to router 6,From router 3 to router 7,From router 3 to router 8,From router 3 to router 9,From router 3 to router 10,From router 3 to router 11,From router 3 to router 12,From router 3 to router 13,From router 3 to router 14,From router 3 to router 15,From router 4 to router 0,From router 4 to router 1,From router 4 to router 2,From router 4 to router 3,From router 4 to router 4,From router 4 to router 5,From router 4 to router 6,From router 4 to router 7,From router 4 to router 8,From router 4 to router 9,From router 4 to router 10,From router 4 to router 11,From router 4 to router 12,From router 4 to router 13,From router 4 to router 14,From router 4 to router 15,From router 5 to router 0,From router 5 to router 1,From router 5 to router 2,From router 5 to router 3,From router 5 to router 4,From router 5 to router 5,From router 5 to router 6,From router 5 to router 7,From router 5 to router 8,From router 5 to router 9,From router 5 to router 10,From router 5 to router 11,From router 5 to router 12,From router 5 to router 13,From router 5 to router 14,From router 5 to router 15,From router 6 to router 0,From router 6 to router 1,From router 6 to router 2,From router 6 to router 3,From router 6 to router 4,From router 6 to router 5,From router 6 to router 6,From router 6 to router 7,From router 6 to router 8,From router 6 to router 9,From router 6 to router 10,From router 6 to router 11,From router 6 to router 12,From router 6 to router 13,From router 6 to router 14,From router 6 to router 15,From router 7 to router 0,From router 7 to router 1,From router 7 to router 2,From router 7 to router 3,From router 7 to router 4,From router 7 to router 5,From router 7 to router 6,From router 7 to router 7,From router 7 to router 8,From router 7 to router 9,From router 7 to router 10,From router 7 to router 11,From router 7 to router 12,From router 7 to router 13,From router 7 to router 14,From router 7 to router 15,From router 8 to router 0,From router 8 to router 1,From router 8 to router 2,From router 8 to router 3,From router 8 to router 4,From router 8 to router 5,From router 8 to router 6,From router 8 to router 7,From router 8 to router 8,From router 8 to router 9,From router 8 to router 10,From router 8 to router 11,From router 8 to router 12,From router 8 to router 13,From router 8 to router 14,From router 8 to router 15,From router 9 to router 0,From router 9 to router 1,From router 9 to router 2,From router 9 to router 3,From router 9 to router 4,From router 9 to router 5,From router 9 to router 6,From router 9 to router 7,From router 9 to router 8,From router 9 to router 9,From router 9 to router 10,From router 9 to router 11,From router 9 to router 12,From router 9 to router 13,From router 9 to router 14,From router 9 to router 15,From router 10 to router 0,From router 10 to router 1,From router 10 to router 2,From router 10 to router 3,From router 10 to router 4,From router 10 to router 5,From router 10 to router 6,From router 10 to router 7,From router 10 to router 8,From router 10 to router 9,From router 10 to router 10,From router 10 to router 11,From router 10 to router 12,From router 10 to router 13,From router 10 to router 14,From router 10 to router 15,From router 11 to router 0,From router 11 to router 1,From router 11 to router 2,From router 11 to router 3,From router 11 to router 4,From router 11 to router 5,From router 11 to router 6,From router 11 to router 7,From router 11 to router 8,From router 11 to router 9,From router 11 to router 10,From router 11 to router 11,From router 11 to router 12,From router 11 to router 13,From router 11 to router 14,From router 11 to router 15,From router 12 to router 0,From router 12 to router 1,From router 12 to router 2,From router 12 to router 3,From router 12 to router 4,From router 12 to router 5,From router 12 to router 6,From router 12 to router 7,From router 12 to router 8,From router 12 to router 9,From router 12 to router 10,From router 12 to router 11,From router 12 to router 12,From router 12 to router 13,From router 12 to router 14,From router 12 to router 15,From router 13 to router 0,From router 13 to router 1,From router 13 to router 2,From router 13 to router 3,From router 13 to router 4,From router 13 to router 5,From router 13 to router 6,From router 13 to router 7,From router 13 to router 8,From router 13 to router 9,From router 13 to router 10,From router 13 to router 11,From router 13 to router 12,From router 13 to router 13,From router 13 to router 14,From router 13 to router 15,From router 14 to router 0,From router 14 to router 1,From router 14 to router 2,From router 14 to router 3,From router 14 to router 4,From router 14 to router 5,From router 14 to router 6,From router 14 to router 7,From router 14 to router 8,From router 14 to router 9,From router 14 to router 10,From router 14 to router 11,From router 14 to router 12,From router 14 to router 13,From router 14 to router 14,From router 14 to router 15,From router 15 to router 0,From router 15 to router 1,From router 15 to router 2,From router 15 to router 3,From router 15 to router 4,From router 15 to router 5,From router 15 to router 6,From router 15 to router 7,From router 15 to router 8,From router 15 to router 9,From router 15 to router 10,From router 15 to router 11,From router 15 to router 12,From router 15 to router 13,From router 15 to router 14,From router 15 to router 15,Applications (Label Classes)
0.0,0.0,0.0,0.0,0.0,0.0,0.0,0.0,0.0,0.0,0.0,0.0,0.0,0.0,0.0,0.0,0.0,0.0,0.0,0.0,0.0,0.0,0.0,0.0,0.0,0.0,0.0,0.0,0.0,0.0,0.0,0.0,0.0,0.0,0.0,0.0,0.0,0.0,0.0,0.0,0.0,0.0,0.0,0.0,0.0,0.0,0.0,0.0,0.0,0.0,0.0,0.0,0.0,0.0,0.0,0.0,0.0,0.0,0.0,0.0,0.0,0.0,0.0,0.0,0.0,0.0,0.0,0.0,0.0,0.0,0.0,0.0,0.0,0.0,0.0,0.0,0.0,0.0,0.0,0.0,0.0,0.0,0.0,0.0,0.0,0.0,0.0,0.0,0.0,0.0,0.0,0.0,0.0,0.0,0.0,0.0,0.0,0.0,0.0,0.0,0.0,0.0,0.0,0.0,0.0,0.0,0.0,0.0,0.0,0.0,0.0,0.0,0.0,0.0,0.0,0.0,0.0,0.0,0.0,0.0,0.0,0.0,0.0,0.0,0.0,0.0,0.0,0.0,0.0,0.0,0.0,0.0,0.0,0.0,0.0,0.0,0.0,0.0,0.0,0.0,0.0,0.0,0.0,0.0,0.0,0.0,0.0,0.0,0.0,0.0,0.0,0.0,0.0,0.0,0.0,0.0,0.0,0.0,0.0,0.0,0.0,0.0,0.0,0.0,0.0,0.0,0.0,0.0,0.0,0.0,0.0,0.0,0.0,0.0,0.0,0.0,0.0,0.0,0.0,0.0,0.0,0.0,0.0,0.0,0.0,0.0,0.0,0.0,0.0,0.0,0.0,0.0,0.0,0.0,0.0,0.0,0.0,0.0,0.0,0.0,0.0,0.0,0.0,0.0,0.0,0.0,0.0,0.0,0.0,0.0,0.0,0.0,0.0,0.0,0.0,0.0,0.0,0.0,0.0,0.0,0.0,0.0,0.0,0.0,0.0,0.0,0.0,0.0,0.0,0.0,0.0,0.0,0.0,0.0,0.0,0.0,0.0,0.0,0.0,0.0,0.0,0.0,0.0,0.0,0.0,0.0,0.0,0.0,0.0,0.0,0.0,0.0,0.0,0.0,0.0,0.0,vips
396.0,274.0,212.0,7387.0,252.0,267.0,218.0,234.0,229.0,230.0,210.0,217.0,247.0,265.0,286.0,284.0,50.0,6.0,2.0,6898.0,5.0,3.0,3.0,4.0,5.0,2.0,2.0,4.0,6.0,8.0,8.0,5.0,18.0,5.0,0.0,6867.0,4.0,5.0,1.0,1.0,2.0,2.0,0.0,0.0,3.0,3.0,7.0,2.0,42.0,10.0,2.0,6888.0,3.0,4.0,2.0,2.0,4.0,4.0,3.0,6.0,5.0,5.0,23.0,3.0,39.0,4.0,1.0,6896.0,4.0,3.0,3.0,3.0,2.0,2.0,1.0,2.0,3.0,5.0,22.0,3.0,49.0,6.0,2.0,6989.0,1.0,4.0,4.0,4.0,1.0,2.0,3.0,5.0,3.0,5.0,15.0,7.0,21.0,1.0,1.0,6873.0,3.0,1.0,1.0,4.0,2.0,3.0,2.0,1.0,1.0,3.0,6.0,3.0,30.0,4.0,1.0,7059.0,2.0,5.0,2.0,0.0,4.0,4.0,3.0,1.0,4.0,4.0,8.0,4.0,28.0,4.0,0.0,7300.0,2.0,4.0,2.0,2.0,1.0,6.0,4.0,1.0,2.0,3.0,17.0,3.0,27.0,5.0,0.0,6934.0,3.0,3.0,1.0,3.0,2.0,3.0,6.0,0.0,2.0,4.0,14.0,4.0,18.0,2.0,2.0,6886.0,1.0,3.0,2.0,3.0,4.0,3.0,3.0,5.0,4.0,3.0,18.0,5.0,20.0,3.0,1.0,6280.0,1.0,3.0,2.0,0.0,1.0,2.0,2.0,0.0,4.0,2.0,13.0,4.0,37.0,4.0,2.0,6281.0,2.0,3.0,3.0,3.0,2.0,1.0,3.0,2.0,2.0,7.0,19.0,5.0,44.0,3.0,4.0,6262.0,4.0,4.0,2.0,4.0,2.0,3.0,4.0,4.0,5.0,8.0,19.0,6.0,52.0,7.0,4.0,6514.0,7.0,11.0,3.0,3.0,5.0,4.0,8.0,8.0,7.0,8.0,12.0,10.0,51.0,5.0,4.0,6243.0,2.0,7.0,3.0,5.0,2.0,3.0,3.0,3.0,4.0,4.0,9.0,8.0,vips
26042.0,17616.0,17858.0,17658.0,17749.0,19247.0,17957.0,17609.0,17909.0,17960.0,17568.0,18414.0,18123.0,17862.0,18266.0,19189.0,9662.0,1544.0,2213.0,1563.0,2056.0,3256.0,2406.0,2011.0,2522.0,2499.0,2289.0,2986.0,2528.0,2255.0,2385.0,3007.0,9481.0,1580.0,2227.0,1557.0,2066.0,3150.0,2409.0,2019.0,2542.0,2540.0,2275.0,3042.0,2496.0,2228.0,2387.0,2926.0,9996.0,1625.0,2252.0,1651.0,2113.0,3230.0,2435.0,2059.0,2584.0,2554.0,2308.0,3039.0,2595.0,2238.0,2405.0,2910.0,9592.0,1635.0,2283.0,1651.0,2062.0,3329.0,2418.0,2267.0,2538.0,2540.0,2288.0,3044.0,2471.0,2248.0,2414.0,3033.0,9790.0,1482.0,2368.0,1716.0,2157.0,3351.0,2516.0,2142.0,2673.0,2639.0,2376.0,3779.0,2659.0,2357.0,2495.0,3402.0,9548.0,1333.0,2260.0,1604.0,2155.0,3295.0,2400.0,2038.0,2572.0,2481.0,2274.0,3067.0,2516.0,2228.0,2362.0,2958.0,9492.0,1409.0,2279.0,1629.0,2074.0,3375.0,2411.0,2054.0,2552.0,2531.0,2336.0,2978.0,2523.0,2232.0,2393.0,3087.0,9396.0,1453.0,2278.0,1659.0,2112.0,3294.0,2435.0,2072.0,2623.0,2606.0,2347.0,3098.0,2593.0,2290.0,2429.0,2981.0,9405.0,1374.0,2257.0,1609.0,2095.0,3350.0,2455.0,2033.0,2649.0,2520.0,2307.0,3149.0,2541.0,2269.0,2386.0,3015.0,9319.0,1359.0,2311.0,1608.0,2089.0,3397.0,2480.0,2067.0,2570.0,2589.0,2309.0,3070.0,2560.0,2305.0,2417.0,3001.0,9350.0,1281.0,2286.0,1594.0,2128.0,3744.0,2451.0,2055.0,2618.0,2572.0,2303.0,2996.0,2567.0,2255.0,2448.0,3135.0,9506.0,1466.0,2336.0,1658.0,2165.0,3314.0,2592.0,2141.0,2701.0,2600.0,2363.0,3084.0,2646.0,2300.0,2459.0,3053.0,9506.0,1515.0,2281.0,1702.0,2084.0,3344.0,2395.0,2049.0,2566.0,2517.0,2324.0,3174.0,2548.0,2219.0,2415.0,3002.0,9670.0,1591.0,2299.0,1588.0,2173.0,3384.0,2443.0,2074.0,2669.0,2567.0,2324.0,3144.0,2575.0,2259.0,2385.0,2958.0,9806.0,1576.0,2361.0,1638.0,2195.0,3903.0,2523.0,2157.0,2693.0,2683.0,2363.0,3315.0,2657.0,2315.0,2441.0,3205.0,vips
20915.0,14576.0,13342.0,14862.0,14204.0,13779.0,13833.0,13611.0,13235.0,13246.0,13061.0,12988.0,13927.0,13561.0,13406.0,13501.0,8070.0,2438.0,1498.0,2028.0,2031.0,1438.0,2040.0,1736.0,1455.0,1568.0,1386.0,1364.0,1779.0,1506.0,1346.0,1426.0,8030.0,2318.0,1480.0,2005.0,2034.0,1698.0,2027.0,1687.0,1478.0,1526.0,1360.0,1342.0,1795.0,1558.0,1422.0,1378.0,8609.0,2411.0,1586.0,2058.0,2117.0,2728.0,2164.0,1826.0,1614.0,1579.0,1474.0,2018.0,1848.0,1572.0,1449.0,1507.0,8208.0,2386.0,1712.0,2214.0,2311.0,2658.0,2206.0,2172.0,1668.0,1661.0,1489.0,4260.0,1844.0,1576.0,1516.0,1695.0,8302.0,2503.0,1694.0,2260.0,2233.0,1657.0,2339.0,2167.0,1686.0,1676.0,1514.0,4213.0,1999.0,1862.0,1609.0,1690.0,7995.0,2448.0,1589.0,2137.0,2253.0,1513.0,2102.0,1923.0,1648.0,1585.0,1411.0,1738.0,1926.0,1577.0,1529.0,2301.0,8074.0,2404.0,1449.0,2076.0,2080.0,1492.0,2032.0,1777.0,1501.0,1469.0,1318.0,1325.0,1790.0,1457.0,1434.0,3016.0,8114.0,2487.0,1565.0,2778.0,2236.0,1582.0,2185.0,1917.0,1639.0,1745.0,1418.0,1429.0,1851.0,1519.0,1629.0,1899.0,7954.0,2402.0,1476.0,2938.0,2132.0,1462.0,2160.0,1747.0,1649.0,1598.0,1318.0,1459.0,1800.0,1500.0,1641.0,1572.0,7850.0,2376.0,1496.0,2436.0,2106.0,1484.0,2253.0,1756.0,1588.0,1569.0,1339.0,1345.0,1862.0,1488.0,1461.0,1373.0,7884.0,2454.0,1604.0,2201.0,2155.0,1602.0,2386.0,1811.0,1721.0,1620.0,1425.0,1360.0,1969.0,1522.0,1613.0,1453.0,8243.0,2514.0,1592.0,2295.0,2184.0,1614.0,2454.0,1869.0,1820.0,1747.0,1486.0,1480.0,2069.0,1583.0,1555.0,1601.0,8076.0,2382.0,1513.0,2177.0,2035.0,1665.0,2126.0,1796.0,1556.0,1674.0,1544.0,1434.0,2015.0,1474.0,1448.0,1466.0,8018.0,2378.0,1440.0,2158.0,2027.0,1464.0,2077.0,1751.0,1535.0,1541.0,1366.0,1409.0,1952.0,1420.0,1401.0,1377.0,8179.0,2504.0,1555.0,2318.0,2164.0,1622.0,2158.0,1859.0,1565.0,1600.0,1489.0,1474.0,1959.0,1740.0,1458.0,1486.0,vips
25600.0,16478.0,16907.0,17876.0,17168.0,17696.0,17075.0,17166.0,17160.0,17381.0,16837.0,16558.0,16706.0,17533.0,17053.0,17774.0,9632.0,1359.0,2104.0,2247.0,1916.0,2662.0,2279.0,1918.0,2384.0,2623.0,2191.0,1965.0,1780.0,2682.0,1908.0,2480.0,9448.0,1378.0,2036.0,2124.0,1859.0,2470.0,2190.0,1840.0,2297.0,2530.0,2143.0,1919.0,1699.0,2592.0,1766.0,2431.0,10373.0,1458.0,2176.0,2280.0,1993.0,2567.0,2336.0,1945.0,2448.0,2675.0,2287.0,1998.0,1868.0,2639.0,1894.0,2547.0,9663.0,1470.0,2137.0,2260.0,2091.0,2558.0,2335.0,2300.0,2435.0,2664.0,2216.0,1971.0,1805.0,2634.0,1935.0,2534.0,9652.0,1568.0,2178.0,2251.0,2058.0,2603.0,2310.0,2096.0,2422.0,2756.0,2244.0,2082.0,1872.0,2870.0,1933.0,2611.0,9516.0,1583.0,2083.0,2159.0,1809.0,2565.0,2268.0,1950.0,2398.0,2613.0,2199.0,1935.0,1734.0,2669.0,1792.0,2451.0,9628.0,1464.0,2165.0,2280.0,2112.0,2666.0,2375.0,1894.0,2491.0,2686.0,2262.0,2001.0,1926.0,2583.0,1863.0,2475.0,9520.0,1550.0,2122.0,2251.0,1878.0,2577.0,2365.0,1873.0,2440.0,2730.0,2218.0,1950.0,1779.0,2663.0,1913.0,2501.0,9413.0,1431.0,2069.0,2197.0,1827.0,2690.0,2272.0,1854.0,2409.0,2624.0,2231.0,1991.0,1758.0,2726.0,1874.0,2493.0,9504.0,1441.0,2129.0,2217.0,1844.0,2607.0,2297.0,1914.0,2400.0,2655.0,2192.0,1961.0,1846.0,2637.0,1853.0,2475.0,9385.0,1383.0,2118.0,2153.0,1881.0,2533.0,2326.0,1831.0,2391.0,2625.0,2188.0,1908.0,1761.0,2589.0,1921.0,2434.0,9530.0,1510.0,2197.0,2285.0,2043.0,2685.0,2435.0,2152.0,2514.0,2644.0,2280.0,2073.0,1884.0,2699.0,1992.0,2564.0,9596.0,1400.0,2139.0,2255.0,1965.0,2690.0,2334.0,2006.0,2451.0,2687.0,2192.0,2028.0,1784.0,2576.0,1945.0,2525.0,9661.0,1414.0,2151.0,2180.0,1992.0,2639.0,2330.0,1999.0,2462.0,2665.0,2232.0,2030.0,1876.0,2628.0,1886.0,2479.0,9859.0,1392.0,2198.0,2262.0,2070.0,2912.0,2444.0,2062.0,2513.0,2771.0,2267.0,1996.0,1838.0,2812.0,1886.0,2531.0,vips
21744.0,15028.0,14824.0,15315.0,14982.0,14649.0,14814.0,15723.0,14543.0,14431.0,14600.0,14572.0,15662.0,14387.0,15307.0,14239.0,8371.0,1999.0,2087.0,1881.0,2123.0,1557.0,2152.0,2697.0,1980.0,1842.0,2159.0,2209.0,2966.0,1521.0,2419.0,1440.0,8138.0,1952.0,2133.0,1835.0,2157.0,1558.0,2227.0,2807.0,1976.0,1958.0,2128.0,2202.0,2914.0,1572.0,2405.0,1509.0,8619.0,1987.0,2175.0,1906.0,2245.0,1658.0,2400.0,2957.0,2048.0,1919.0,2083.0,2204.0,2961.0,1660.0,2447.0,1476.0,8238.0,1937.0,2149.0,1963.0,2175.0,1651.0,3347.0,3051.0,2107.0,1895.0,2006.0,2220.0,3030.0,1614.0,2486.0,1513.0,8625.0,2045.0,2172.0,2410.0,2248.0,1612.0,3169.0,3097.0,2131.0,1927.0,1965.0,2250.0,3049.0,1653.0,2441.0,1486.0,8790.0,1958.0,2162.0,2723.0,2192.0,1602.0,2391.0,2914.0,2143.0,1753.0,2003.0,2235.0,3004.0,1559.0,2474.0,1494.0,8918.0,2091.0,2175.0,2900.0,2267.0,1654.0,2582.0,3007.0,2124.0,1792.0,2070.0,2265.0,3277.0,1563.0,2490.0,1577.0,8327.0,1988.0,2219.0,2561.0,2219.0,1632.0,2606.0,2922.0,2130.0,1832.0,2084.0,2248.0,2947.0,1595.0,2477.0,1538.0,8207.0,1938.0,2079.0,2251.0,2178.0,1523.0,2237.0,2956.0,2098.0,1641.0,1942.0,2179.0,2933.0,1489.0,2368.0,1549.0,8347.0,1958.0,2194.0,1945.0,2255.0,1559.0,2325.0,2968.0,2205.0,1688.0,1985.0,2246.0,2952.0,1507.0,2416.0,1546.0,8064.0,1909.0,2087.0,1820.0,2167.0,1478.0,2214.0,2819.0,2032.0,1626.0,1931.0,2091.0,2956.0,1502.0,2378.0,1415.0,8258.0,2065.0,2195.0,2014.0,2264.0,1661.0,2250.0,3387.0,2191.0,1793.0,2096.0,2258.0,3066.0,1609.0,2470.0,1638.0,8247.0,2027.0,2149.0,1962.0,2191.0,1790.0,2190.0,2972.0,2065.0,1822.0,2187.0,2307.0,2951.0,1623.0,2396.0,1598.0,8270.0,2003.0,2115.0,1929.0,2127.0,1640.0,2199.0,2938.0,2065.0,1766.0,2077.0,2227.0,3010.0,1571.0,2389.0,1476.0,8317.0,2065.0,2118.0,2016.0,2264.0,2071.0,2263.0,3137.0,2063.0,1892.0,2117.0,2224.0,3118.0,1870.0,2429.0,1481.0,vips
25816.0,17455.0,17008.0,17856.0,17271.0,17834.0,17084.0,18527.0,17151.0,17298.0,16980.0,17067.0,16893.0,17377.0,17514.0,17834.0,9733.0,2008.0,1926.0,2019.0,1821.0,2272.0,2068.0,2316.0,2068.0,2308.0,2026.0,2028.0,1775.0,2299.0,2216.0,2318.0,9430.0,2017.0,1956.0,2076.0,2013.0,2234.0,2290.0,2472.0,2099.0,2317.0,2082.0,2014.0,1912.0,2320.0,2179.0,2298.0,9702.0,2018.0,1957.0,2070.0,2033.0,2253.0,2736.0,4357.0,2087.0,2287.0,2114.0,2009.0,3454.0,2256.0,2089.0,2232.0,9672.0,2043.0,2026.0,2226.0,2074.0,2256.0,2981.0,5537.0,2697.0,2320.0,2128.0,2119.0,5267.0,2268.0,2122.0,2315.0,9792.0,2164.0,2032.0,2276.0,2286.0,2348.0,3179.0,4429.0,2714.0,3002.0,2193.0,2271.0,2682.0,2580.0,2178.0,2461.0,9413.0,2046.0,1941.0,2127.0,2061.0,2295.0,2343.0,2599.0,2759.0,2413.0,2145.0,2100.0,1770.0,2372.0,2063.0,2300.0,9559.0,2149.0,2022.0,2150.0,1966.0,2403.0,2221.0,2463.0,2436.0,2432.0,2192.0,2128.0,1936.0,2385.0,2031.0,2351.0,9439.0,2104.0,2006.0,2163.0,1895.0,2312.0,2200.0,2342.0,2330.0,2420.0,2132.0,2100.0,1900.0,2341.0,2100.0,2368.0,9381.0,2041.0,1895.0,2116.0,1851.0,2367.0,2115.0,2208.0,2176.0,2323.0,2083.0,2060.0,1807.0,2324.0,2072.0,2363.0,9399.0,2152.0,1962.0,2228.0,1839.0,2370.0,2434.0,2212.0,2200.0,2415.0,2110.0,2013.0,1850.0,2382.0,2108.0,2354.0,9379.0,2010.0,2065.0,2128.0,1830.0,2272.0,2090.0,2688.0,2138.0,2382.0,2036.0,1983.0,1860.0,2302.0,2070.0,2276.0,9539.0,2134.0,2110.0,2246.0,2302.0,2379.0,2270.0,2299.0,2343.0,2433.0,2200.0,2187.0,1990.0,2360.0,2163.0,2438.0,9599.0,2144.0,2069.0,2215.0,1947.0,2461.0,2117.0,2566.0,2204.0,2456.0,2081.0,2237.0,1907.0,2327.0,2139.0,2504.0,9628.0,2044.0,2148.0,2151.0,1991.0,2312.0,2181.0,2769.0,2183.0,2401.0,2203.0,2458.0,1910.0,2379.0,2205.0,2350.0,9745.0,2100.0,2066.0,2283.0,1903.0,2422.0,2191.0,2698.0,2236.0,2492.0,2211.0,2243.0,1951.0,2519.0,2154.0,2378.0,vips
22822.0,16160.0,15996.0,15781.0,16161.0,15760.0,15386.0,18733.0,15235.0,15223.0,15504.0,15958.0,15936.0,15427.0,16043.0,15421.0,9094.0,1898.0,2316.0,1964.0,2358.0,1946.0,1765.0,3137.0,1696.0,2000.0,2221.0,2626.0,2330.0,1797.0,2209.0,1618.0,8683.0,2081.0,2251.0,1836.0,2342.0,1852.0,1790.0,3090.0,1714.0,1973.0,2093.0,2784.0,2347.0,1780.0,2205.0,1597.0,8828.0,2156.0,2319.0,1887.0,2289.0,1917.0,1736.0,4128.0,1758.0,2036.0,2112.0,2615.0,2300.0,1703.0,2153.0,1595.0,8654.0,1936.0,2296.0,2278.0,2322.0,1892.0,1786.0,3534.0,1781.0,2055.0,2156.0,2575.0,2304.0,1759.0,2175.0,1625.0,8750.0,2054.0,2334.0,2693.0,2412.0,1959.0,1860.0,3489.0,1819.0,2396.0,2177.0,2651.0,2387.0,1815.0,2230.0,1681.0,8557.0,1806.0,2286.0,1823.0,2295.0,1865.0,1735.0,1766.0,1821.0,2026.0,2110.0,2590.0,2301.0,1782.0,2170.0,1568.0,8532.0,1840.0,2275.0,1917.0,2355.0,1959.0,1769.0,2047.0,1722.0,2022.0,2153.0,2594.0,2335.0,1822.0,2164.0,1618.0,8556.0,1839.0,2282.0,1928.0,2324.0,2001.0,1814.0,2773.0,1786.0,2177.0,2216.0,2589.0,2316.0,1791.0,2290.0,1781.0,8380.0,1811.0,2329.0,1960.0,2401.0,2276.0,1807.0,2622.0,1768.0,2081.0,2167.0,2693.0,2387.0,1921.0,2230.0,1751.0,8370.0,1783.0,2297.0,1856.0,2360.0,2026.0,1766.0,2378.0,1763.0,2035.0,2122.0,2610.0,2307.0,1900.0,2204.0,1640.0,8435.0,1796.0,2364.0,1791.0,2357.0,1992.0,1748.0,3538.0,1761.0,1966.0,2069.0,2547.0,2296.0,2007.0,2168.0,1611.0,8603.0,1874.0,2311.0,1938.0,2403.0,2124.0,1795.0,2580.0,1830.0,2018.0,2184.0,2612.0,2317.0,2021.0,2202.0,1665.0,8598.0,1849.0,2279.0,1903.0,2369.0,2167.0,1802.0,3195.0,1773.0,2044.0,2127.0,2623.0,2349.0,1853.0,2223.0,1748.0,8684.0,1828.0,2247.0,1901.0,2283.0,1987.0,1760.0,3962.0,1704.0,1924.0,2149.0,2632.0,2306.0,1808.0,2156.0,1613.0,8672.0,1827.0,2276.0,1863.0,2364.0,1953.0,1733.0,3561.0,1712.0,1993.0,2212.0,2573.0,2344.0,2130.0,2085.0,1544.0,vips
25841.0,18006.0,16780.0,18084.0,16978.0,17622.0,16940.0,18043.0,16960.0,16896.0,16818.0,16523.0,16889.0,17087.0,17105.0,17422.0,10142.0,2377.0,1925.0,2620.0,1876.0,2337.0,2172.0,2431.0,2086.0,2124.0,2074.0,1829.0,1869.0,2200.0,2007.0,2169.0,9660.0,2339.0,1886.0,2504.0,1988.0,2188.0,2174.0,2491.0,2058.0,2097.0,2133.0,1997.0,1969.0,2135.0,2015.0,2107.0,9851.0,2288.0,1890.0,2474.0,1831.0,2177.0,2107.0,2647.0,2018.0,2141.0,2373.0,1819.0,2096.0,2114.0,1952.0,2082.0,9813.0,2344.0,1895.0,2628.0,1881.0,2153.0,2356.0,2625.0,2128.0,2348.0,2352.0,1864.0,2254.0,2196.0,1949.0,2164.0,9963.0,2413.0,2037.0,2639.0,1910.0,2108.0,2496.0,2685.0,2319.0,2729.0,2236.0,2074.0,2014.0,2240.0,2254.0,2185.0,9588.0,2230.0,1930.0,2473.0,1895.0,2058.0,2045.0,1930.0,2152.0,2270.0,1977.0,1866.0,1802.0,2073.0,3148.0,2046.0,9638.0,2292.0,1911.0,2483.0,2094.0,2112.0,2074.0,2078.0,2033.0,2468.0,2040.0,2191.0,1884.0,2132.0,3388.0,2088.0,9589.0,2204.0,1900.0,2480.0,1860.0,2049.0,2096.0,2239.0,1964.0,2316.0,2031.0,2244.0,1939.0,2083.0,2269.0,2088.0,9618.0,2352.0,1967.0,2582.0,1894.0,2215.0,2184.0,2288.0,2250.0,2359.0,2081.0,2369.0,1842.0,2163.0,2033.0,2163.0,9531.0,2302.0,1960.0,2564.0,1922.0,2248.0,2103.0,2069.0,2039.0,2468.0,2019.0,2363.0,1859.0,2095.0,1974.0,2097.0,9471.0,2333.0,1970.0,2519.0,1861.0,2418.0,2103.0,2456.0,2062.0,2224.0,2046.0,2336.0,1905.0,2143.0,2018.0,2073.0,9710.0,2378.0,2077.0,2602.0,2172.0,2470.0,2206.0,2351.0,2125.0,2225.0,2110.0,2532.0,2022.0,2202.0,1978.0,2212.0,9690.0,2358.0,2135.0,2590.0,2013.0,2413.0,2194.0,2458.0,2109.0,2172.0,2069.0,2233.0,2005.0,2129.0,2045.0,2238.0,9750.0,2225.0,2068.0,2529.0,1987.0,2321.0,2181.0,2665.0,2089.0,2150.0,2058.0,1963.0,1973.0,2087.0,1975.0,2145.0,9911.0,2353.0,2021.0,2703.0,1963.0,2390.0,2230.0,2575.0,2112.0,2250.0,2183.0,1902.0,1997.0,2404.0,2020.0,2116.0,vips
22549.0,15997.0,15741.0,15553.0,15884.0,16175.0,15760.0,15740.0,15829.0,15814.0,15560.0,15332.0,15582.0,15567.0,16124.0,15632.0,8855.0,1910.0,2309.0,2181.0,2436.0,2666.0,2456.0,2240.0,2548.0,2743.0,2311.0,2219.0,2240.0,2065.0,2541.0,2046.0,8300.0,1744.0,2232.0,1697.0,2346.0,2522.0,2333.0,2110.0,2479.0,2623.0,2195.0,2075.0,2136.0,2035.0,2369.0,1947.0,8628.0,1993.0,2333.0,1769.0,2375.0,2627.0,2342.0,2204.0,2531.0,2631.0,2183.0,2158.0,2181.0,2070.0,2453.0,1957.0,8423.0,1781.0,2312.0,1751.0,2381.0,2578.0,2344.0,2174.0,2632.0,2673.0,2219.0,2122.0,2235.0,2047.0,2493.0,2013.0,8504.0,1882.0,2458.0,1819.0,2548.0,2632.0,2658.0,2338.0,2835.0,3076.0,2286.0,2304.0,2300.0,2244.0,2538.0,2145.0,8445.0,1712.0,2378.0,1749.0,2476.0,3149.0,2411.0,2306.0,2609.0,2852.0,2320.0,2202.0,2248.0,2286.0,2508.0,2073.0,8389.0,1668.0,2246.0,1696.0,2335.0,2594.0,2332.0,2164.0,2485.0,2691.0,2212.0,2100.0,2168.0,1979.0,2392.0,1906.0,8468.0,1756.0,2418.0,1811.0,2508.0,2760.0,2448.0,2308.0,2692.0,2938.0,2354.0,2243.0,2250.0,2098.0,2553.0,2115.0,8292.0,1741.0,2335.0,1764.0,2478.0,2969.0,2536.0,2269.0,2712.0,2641.0,2261.0,2285.0,2277.0,2205.0,2500.0,2043.0,8315.0,1655.0,2304.0,1635.0,2418.0,2603.0,2332.0,2194.0,2494.0,2648.0,2241.0,2121.0,2171.0,2031.0,2497.0,1927.0,8265.0,1590.0,2277.0,1664.0,2357.0,2461.0,2289.0,2099.0,2431.0,2603.0,2137.0,2092.0,2123.0,2025.0,2432.0,1879.0,8497.0,1808.0,2323.0,1796.0,2378.0,2571.0,2336.0,2178.0,2589.0,2601.0,2309.0,2132.0,2203.0,2000.0,2554.0,1943.0,8517.0,1859.0,2384.0,1830.0,2402.0,2665.0,2537.0,2267.0,2598.0,2677.0,2271.0,2211.0,2253.0,2002.0,2545.0,2526.0,8537.0,1795.0,2308.0,1842.0,2346.0,2580.0,2317.0,2183.0,2510.0,2695.0,2230.0,2120.0,2117.0,2024.0,2404.0,1912.0,8648.0,1934.0,2364.0,1803.0,2429.0,2763.0,2527.0,2244.0,2535.0,2791.0,2288.0,2185.0,2244.0,2398.0,2428.0,1904.0,vips
25922.0,17584.0,16407.0,17693.0,16704.0,17029.0,16370.0,16568.0,16369.0,16230.0,16297.0,16101.0,16345.0,16843.0,16838.0,17098.0,10427.0,2549.0,1927.0,2508.0,1812.0,2037.0,2070.0,1873.0,1945.0,1982.0,2048.0,1889.0,1787.0,2182.0,2009.0,2226.0,9725.0,2507.0,2040.0,2437.0,1830.0,2029.0,2060.0,1831.0,1906.0,2108.0,1976.0,1950.0,1828.0,2166.0,2092.0,2150.0,9983.0,2491.0,2062.0,2440.0,1728.0,2408.0,1988.0,1876.0,2118.0,3721.0,2008.0,2011.0,1831.0,2115.0,2152.0,2025.0,9957.0,2598.0,2369.0,2619.0,1803.0,2706.0,2055.0,2059.0,2854.0,3805.0,2147.0,2139.0,2223.0,2183.0,2200.0,2116.0,10142.0,2704.0,2588.0,2663.0,1988.0,2970.0,2437.0,2122.0,3188.0,2411.0,2415.0,2369.0,2052.0,2206.0,2527.0,2169.0,9719.0,2585.0,2173.0,2506.0,1898.0,2821.0,2048.0,2031.0,2771.0,2128.0,2365.0,2094.0,1922.0,2129.0,2198.0,2087.0,9808.0,2534.0,1861.0,2382.0,1811.0,2238.0,2139.0,1861.0,2480.0,2030.0,2027.0,2189.0,1959.0,2069.0,2012.0,2023.0,9773.0,2534.0,2003.0,2536.0,1927.0,2256.0,2195.0,2077.0,2591.0,2128.0,2125.0,2026.0,2119.0,2041.0,2081.0,2119.0,9615.0,2535.0,1885.0,2555.0,1836.0,2192.0,2108.0,1910.0,2535.0,1971.0,2120.0,1950.0,1868.0,2031.0,2001.0,2087.0,9619.0,2595.0,1885.0,2544.0,1922.0,2231.0,2179.0,1891.0,2109.0,2039.0,1997.0,1868.0,1892.0,2062.0,1987.0,2099.0,9580.0,2530.0,1825.0,2486.0,2060.0,2230.0,2103.0,1826.0,1986.0,2025.0,1944.0,1826.0,1820.0,2015.0,1968.0,2052.0,9731.0,2547.0,1906.0,2519.0,2043.0,2416.0,2191.0,1949.0,1990.0,2041.0,2055.0,1970.0,1931.0,2081.0,1990.0,2202.0,9962.0,2663.0,1994.0,2545.0,1964.0,2392.0,2415.0,1942.0,2060.0,2113.0,2353.0,2005.0,1930.0,2259.0,2153.0,2398.0,9908.0,2524.0,1924.0,2484.0,1926.0,2090.0,2280.0,1889.0,1954.0,2026.0,2045.0,1911.0,1861.0,2138.0,1999.0,2288.0,10179.0,2691.0,1999.0,2690.0,2049.0,2209.0,2384.0,1979.0,2101.0,2172.0,2203.0,1976.0,1979.0,2725.0,2098.0,2275.0,vips
23255.0,16065.0,16622.0,16027.0,17410.0,16625.0,16851.0,16771.0,16360.0,16258.0,16473.0,16709.0,17319.0,16067.0,16622.0,16184.0,8897.0,1437.0,2461.0,1540.0,3201.0,2312.0,2541.0,2613.0,2316.0,2332.0,2658.0,2907.0,3185.0,1975.0,2373.0,1885.0,8337.0,1562.0,2333.0,1299.0,3075.0,2234.0,2469.0,2518.0,2247.0,2208.0,2512.0,2712.0,3073.0,1946.0,2290.0,1798.0,8839.0,2162.0,2391.0,1462.0,3159.0,2284.0,2595.0,2615.0,2322.0,2330.0,2508.0,2843.0,3106.0,1934.0,2331.0,1832.0,8692.0,2052.0,2399.0,1500.0,3138.0,2305.0,2593.0,2616.0,2368.0,2354.0,2625.0,2804.0,3505.0,1990.0,2323.0,1865.0,8538.0,1532.0,2385.0,1546.0,3149.0,2260.0,2669.0,2654.0,2387.0,2471.0,2580.0,2862.0,3129.0,2045.0,2330.0,1835.0,8540.0,1324.0,2433.0,1362.0,3130.0,2355.0,2561.0,2627.0,2367.0,2330.0,2778.0,2850.0,3122.0,2023.0,2333.0,1835.0,8636.0,1331.0,2379.0,1403.0,3120.0,2273.0,2536.0,2580.0,2349.0,2249.0,2520.0,2776.0,3170.0,1949.0,2295.0,1823.0,8587.0,1366.0,2459.0,1387.0,3112.0,2326.0,2643.0,2578.0,2373.0,2344.0,2672.0,2810.0,3147.0,1955.0,2318.0,1843.0,8306.0,1334.0,2378.0,1282.0,3133.0,2327.0,2636.0,2553.0,2389.0,2270.0,2599.0,2765.0,3107.0,1972.0,2276.0,1816.0,8255.0,1414.0,2424.0,1315.0,3208.0,2358.0,2787.0,2608.0,2378.0,2355.0,2520.0,2790.0,3159.0,2037.0,2371.0,1857.0,8158.0,1271.0,2322.0,1318.0,3130.0,2244.0,2513.0,2513.0,2332.0,2294.0,2510.0,2737.0,3153.0,1935.0,2286.0,1780.0,8445.0,1440.0,2430.0,1485.0,3486.0,2354.0,2648.0,2644.0,2444.0,2318.0,2590.0,3012.0,3099.0,1986.0,2311.0,1894.0,8316.0,1430.0,2392.0,1355.0,3122.0,2511.0,2631.0,2540.0,2321.0,2380.0,2610.0,2786.0,3123.0,1918.0,2291.0,1913.0,8454.0,1359.0,2297.0,1338.0,3183.0,2220.0,2477.0,2521.0,2206.0,2173.0,2510.0,2771.0,3111.0,1864.0,2222.0,1802.0,8457.0,1363.0,2380.0,1353.0,3164.0,2334.0,2617.0,2606.0,2278.0,2288.0,2544.0,2786.0,3225.0,2112.0,2268.0,1825.0,vips
269.0,171.0,106.0,8749.0,149.0,160.0,91.0,269.0,252.0,110.0,99.0,105.0,145.0,167.0,178.0,180.0,47.0,5.0,9.0,8446.0,5.0,7.0,2.0,88.0,104.0,6.0,5.0,3.0,4.0,4.0,6.0,7.0,17.0,1.0,2.0,8407.0,2.0,2.0,1.0,75.0,66.0,1.0,3.0,2.0,1.0,3.0,2.0,4.0,40.0,3.0,3.0,8457.0,6.0,1.0,2.0,98.0,81.0,1.0,5.0,1.0,2.0,2.0,2.0,4.0,40.0,4.0,3.0,8444.0,5.0,4.0,2.0,76.0,81.0,4.0,6.0,4.0,4.0,3.0,6.0,7.0,46.0,4.0,4.0,8212.0,5.0,3.0,3.0,72.0,71.0,2.0,3.0,0.0,4.0,5.0,6.0,5.0,16.0,3.0,0.0,7778.0,4.0,3.0,0.0,66.0,57.0,0.0,1.0,1.0,3.0,2.0,2.0,3.0,30.0,6.0,3.0,7901.0,5.0,2.0,2.0,66.0,73.0,1.0,2.0,2.0,5.0,3.0,3.0,4.0,22.0,3.0,3.0,8154.0,3.0,2.0,1.0,78.0,68.0,1.0,0.0,2.0,1.0,3.0,3.0,5.0,22.0,1.0,3.0,7843.0,5.0,3.0,3.0,69.0,64.0,0.0,0.0,3.0,3.0,4.0,3.0,3.0,16.0,4.0,2.0,7857.0,6.0,4.0,1.0,73.0,75.0,1.0,1.0,2.0,2.0,5.0,3.0,5.0,16.0,2.0,1.0,8492.0,5.0,3.0,1.0,79.0,76.0,2.0,0.0,2.0,3.0,4.0,2.0,3.0,36.0,4.0,2.0,8425.0,6.0,4.0,1.0,86.0,72.0,3.0,1.0,2.0,4.0,3.0,5.0,4.0,49.0,5.0,2.0,8413.0,4.0,6.0,3.0,77.0,95.0,4.0,1.0,3.0,4.0,4.0,5.0,5.0,55.0,5.0,7.0,8918.0,6.0,5.0,5.0,79.0,96.0,6.0,4.0,4.0,6.0,6.0,7.0,4.0,52.0,5.0,2.0,8430.0,5.0,5.0,3.0,95.0,98.0,4.0,5.0,4.0,5.0,5.0,4.0,4.0,vips
23962.0,16930.0,15421.0,16531.0,15206.0,15771.0,15865.0,15162.0,15273.0,15341.0,15752.0,14835.0,14872.0,15153.0,15627.0,15554.0,10819.0,2732.0,1913.0,2551.0,1496.0,2015.0,1957.0,1787.0,1926.0,1940.0,2043.0,1595.0,1343.0,1851.0,2007.0,1955.0,9966.0,2769.0,1928.0,2536.0,1491.0,1975.0,2094.0,1750.0,1889.0,1909.0,1891.0,1591.0,1478.0,1878.0,2027.0,1945.0,9950.0,2654.0,1934.0,2405.0,1468.0,1916.0,2039.0,1708.0,1905.0,1843.0,1857.0,1539.0,2874.0,1808.0,2024.0,1859.0,10347.0,2939.0,2085.0,2794.0,1880.0,2030.0,2295.0,1920.0,2105.0,2022.0,2061.0,1729.0,5038.0,2009.0,2095.0,2060.0,10098.0,2856.0,2051.0,2664.0,1733.0,2009.0,2174.0,1736.0,2064.0,2160.0,1984.0,1644.0,2767.0,2041.0,2043.0,2020.0,10040.0,2783.0,2041.0,2586.0,1641.0,1941.0,2032.0,1777.0,2022.0,1956.0,2014.0,1724.0,1576.0,2157.0,2181.0,2075.0,9934.0,2829.0,1923.0,2515.0,1571.0,1935.0,2044.0,1749.0,1918.0,1907.0,1958.0,1892.0,1477.0,2164.0,1931.0,1936.0,9920.0,2863.0,1961.0,2672.0,1681.0,2024.0,2156.0,1814.0,1977.0,2198.0,2194.0,1823.0,1533.0,2182.0,1991.0,2075.0,9912.0,2845.0,1823.0,2555.0,1567.0,1916.0,2196.0,1629.0,1971.0,1930.0,2086.0,1666.0,1381.0,1975.0,1910.0,1921.0,9970.0,2840.0,1900.0,2629.0,1730.0,1934.0,2341.0,1739.0,1966.0,2048.0,2198.0,1793.0,1416.0,1926.0,1992.0,1929.0,9820.0,2792.0,1970.0,2597.0,1855.0,1956.0,2292.0,1702.0,2127.0,2052.0,2233.0,1848.0,1403.0,1924.0,2045.0,1925.0,9980.0,2895.0,2098.0,2801.0,2154.0,2176.0,2665.0,1874.0,2201.0,2188.0,2391.0,2071.0,1532.0,2003.0,2054.0,2061.0,9914.0,2788.0,2105.0,2554.0,2004.0,2333.0,2850.0,1831.0,2018.0,2051.0,2241.0,1891.0,1395.0,1927.0,2152.0,2172.0,10136.0,2788.0,2065.0,2635.0,1957.0,2176.0,2651.0,1843.0,2034.0,1938.0,2225.0,1819.0,1446.0,1836.0,2117.0,1976.0,10108.0,2765.0,1923.0,2801.0,1732.0,2128.0,2508.0,1713.0,1889.0,1905.0,2437.0,1637.0,1339.0,1908.0,1964.0,1871.0,vips
21489.0,14700.0,15121.0,15664.0,15376.0,15331.0,15192.0,14996.0,14814.0,14900.0,14648.0,14972.0,15806.0,15359.0,15004.0,15260.0,8274.0,1469.0,1916.0,1886.0,2223.0,2302.0,1905.0,1902.0,1880.0,1980.0,1779.0,1990.0,2514.0,2150.0,1754.0,2080.0,8070.0,1457.0,1843.0,1868.0,2171.0,2070.0,1875.0,1873.0,1814.0,1992.0,1698.0,1937.0,2489.0,2045.0,1826.0,2025.0,9575.0,1572.0,2002.0,1918.0,2143.0,2083.0,1911.0,1864.0,1895.0,2016.0,1775.0,1898.0,2536.0,2122.0,2090.0,1994.0,10529.0,1704.0,2465.0,2487.0,2244.0,2127.0,1924.0,1943.0,1934.0,2075.0,1861.0,1927.0,2639.0,2345.0,2133.0,2336.0,8878.0,1639.0,2122.0,2331.0,2236.0,2447.0,2010.0,1976.0,2042.0,2454.0,1925.0,2034.0,2580.0,2843.0,1819.0,2428.0,8182.0,1442.0,1943.0,1937.0,2164.0,2475.0,1765.0,1914.0,2330.0,2582.0,1898.0,1922.0,2492.0,2358.0,1788.0,2022.0,8037.0,1647.0,1814.0,1818.0,2134.0,2244.0,1777.0,1802.0,2393.0,2294.0,1856.0,1892.0,2586.0,2076.0,1775.0,1949.0,8030.0,2203.0,1939.0,1984.0,2275.0,2148.0,2008.0,1955.0,2099.0,2462.0,1879.0,2000.0,2642.0,2189.0,1850.0,2130.0,8250.0,2349.0,1799.0,1913.0,2249.0,2083.0,1875.0,1833.0,1902.0,1947.0,1717.0,1996.0,2501.0,2082.0,1892.0,2006.0,8139.0,1658.0,1853.0,1892.0,2171.0,2096.0,1863.0,1902.0,2067.0,2030.0,1737.0,1967.0,2506.0,2077.0,1809.0,2026.0,7872.0,1415.0,1822.0,1759.0,2140.0,1996.0,1836.0,1825.0,1908.0,1964.0,1711.0,1882.0,2527.0,2038.0,1784.0,1918.0,8141.0,1532.0,2021.0,2064.0,2282.0,2219.0,1922.0,1967.0,2016.0,2106.0,1762.0,2044.0,2615.0,2181.0,1839.0,2193.0,8048.0,1477.0,1908.0,2035.0,2203.0,2584.0,2004.0,1952.0,1937.0,2090.0,1814.0,2022.0,2572.0,2138.0,1893.0,2493.0,8038.0,1464.0,1847.0,1940.0,2137.0,2085.0,1871.0,1844.0,1808.0,1958.0,1729.0,1917.0,2465.0,2108.0,1764.0,2028.0,8019.0,1462.0,1899.0,2051.0,2177.0,2143.0,1926.0,1880.0,1895.0,1993.0,1941.0,1957.0,2640.0,2193.0,1794.0,2007.0,vips
21596.0,14943.0,14613.0,15060.0,12784.0,14974.0,17260.0,12531.0,14774.0,14721.0,14447.0,12248.0,13530.0,14627.0,15160.0,14729.0,8902.0,2598.0,2260.0,2565.0,624.0,3218.0,3223.0,369.0,2781.0,2806.0,2539.0,365.0,1347.0,2585.0,2830.0,2514.0,8742.0,2448.0,2221.0,2633.0,541.0,2461.0,3199.0,329.0,2629.0,2665.0,2456.0,316.0,633.0,2418.0,2724.0,2383.0,8833.0,2413.0,2129.0,2563.0,415.0,2451.0,3501.0,287.0,2646.0,2671.0,2391.0,267.0,483.0,2362.0,2697.0,2320.0,8834.0,2446.0,2257.0,2551.0,478.0,2508.0,3258.0,536.0,2730.0,2783.0,2469.0,350.0,620.0,2395.0,2776.0,2354.0,8984.0,3009.0,2289.0,2617.0,745.0,2539.0,3679.0,570.0,2812.0,2847.0,2630.0,467.0,628.0,2609.0,2806.0,2462.0,8742.0,2449.0,2277.0,2604.0,604.0,2484.0,1900.0,396.0,2733.0,2753.0,2470.0,346.0,515.0,2377.0,2751.0,2349.0,8677.0,2403.0,2152.0,2476.0,438.0,2459.0,2177.0,315.0,2685.0,2732.0,2383.0,390.0,484.0,2330.0,2742.0,2298.0,8769.0,2604.0,2346.0,2594.0,497.0,2682.0,4036.0,409.0,2874.0,3004.0,2577.0,384.0,553.0,2516.0,2931.0,2488.0,8734.0,2627.0,2281.0,2604.0,517.0,2645.0,2484.0,407.0,2797.0,2782.0,2469.0,373.0,588.0,2466.0,3068.0,2448.0,8666.0,2535.0,2278.0,2501.0,451.0,2528.0,2547.0,326.0,2768.0,2742.0,2488.0,302.0,533.0,2422.0,2841.0,2457.0,8519.0,2345.0,2124.0,2520.0,418.0,2419.0,3580.0,271.0,2593.0,2670.0,2298.0,247.0,456.0,2323.0,2705.0,2226.0,8869.0,2664.0,2345.0,2792.0,485.0,2613.0,2775.0,380.0,2824.0,2866.0,2539.0,361.0,674.0,2489.0,2833.0,2456.0,8821.0,2613.0,2266.0,2687.0,463.0,2799.0,3397.0,414.0,2734.0,2797.0,2512.0,408.0,765.0,2427.0,2911.0,2431.0,8876.0,2432.0,2232.0,2509.0,457.0,2520.0,4209.0,349.0,2739.0,2897.0,2432.0,323.0,994.0,2360.0,2736.0,2325.0,8945.0,2539.0,2254.0,2710.0,548.0,2637.0,3787.0,398.0,2740.0,2847.0,2545.0,368.0,1174.0,2442.0,2806.0,2372.0,vips
7957.0,5290.0,5644.0,5897.0,4954.0,5369.0,8184.0,7859.0,5169.0,5070.0,5289.0,4788.0,4737.0,5310.0,5504.0,5330.0,3122.0,606.0,832.0,514.0,155.0,624.0,2145.0,1637.0,594.0,571.0,674.0,150.0,130.0,654.0,707.0,722.0,3095.0,564.0,784.0,464.0,109.0,579.0,2198.0,1542.0,579.0,584.0,593.0,108.0,90.0,587.0,774.0,633.0,3303.0,589.0,912.0,443.0,156.0,613.0,2513.0,1889.0,590.0,1671.0,704.0,161.0,162.0,690.0,1597.0,679.0,3367.0,569.0,897.0,584.0,191.0,579.0,2176.0,1805.0,640.0,2801.0,620.0,300.0,174.0,626.0,2229.0,627.0,3305.0,668.0,956.0,598.0,171.0,612.0,2466.0,1877.0,730.0,1224.0,722.0,200.0,162.0,845.0,1306.0,650.0,3138.0,568.0,759.0,413.0,93.0,563.0,1239.0,1112.0,815.0,584.0,585.0,101.0,79.0,596.0,821.0,619.0,3100.0,519.0,764.0,374.0,83.0,602.0,1454.0,822.0,815.0,506.0,612.0,99.0,71.0,598.0,721.0,605.0,3096.0,604.0,977.0,537.0,162.0,746.0,2756.0,1479.0,996.0,688.0,730.0,156.0,150.0,719.0,826.0,691.0,3251.0,557.0,990.0,496.0,152.0,932.0,1676.0,1405.0,955.0,549.0,740.0,157.0,130.0,682.0,795.0,650.0,3483.0,641.0,863.0,654.0,166.0,1209.0,1535.0,1285.0,847.0,567.0,726.0,168.0,154.0,985.0,836.0,798.0,3283.0,543.0,718.0,903.0,247.0,1145.0,2410.0,1798.0,843.0,488.0,652.0,71.0,102.0,694.0,874.0,684.0,3200.0,791.0,796.0,1109.0,153.0,967.0,1818.0,1368.0,957.0,582.0,872.0,172.0,78.0,877.0,773.0,784.0,3104.0,857.0,845.0,1157.0,155.0,1034.0,2249.0,1727.0,899.0,598.0,994.0,158.0,153.0,804.0,771.0,950.0,3230.0,969.0,855.0,1312.0,303.0,768.0,3008.0,2110.0,1019.0,663.0,917.0,424.0,185.0,717.0,785.0,911.0,3051.0,896.0,876.0,1324.0,133.0,683.0,2537.0,1878.0,768.0,543.0,860.0,174.0,119.0,639.0,762.0,707.0,vips
4922.0,3274.0,3075.0,7740.0,2669.0,3279.0,1302.0,2768.0,3427.0,3573.0,2861.0,2264.0,2836.0,2924.0,3342.0,3657.0,1689.0,501.0,944.0,2344.0,941.0,1137.0,153.0,903.0,873.0,1179.0,728.0,710.0,860.0,815.0,1104.0,1147.0,1576.0,927.0,541.0,2739.0,877.0,1339.0,93.0,902.0,888.0,1189.0,723.0,590.0,968.0,710.0,1141.0,1178.0,1714.0,985.0,889.0,1631.0,836.0,944.0,94.0,890.0,853.0,1220.0,749.0,569.0,724.0,788.0,1161.0,936.0,2016.0,1277.0,1182.0,3198.0,743.0,1227.0,43.0,688.0,1220.0,1101.0,1130.0,1064.0,993.0,1172.0,1517.0,1261.0,1886.0,1502.0,1359.0,3464.0,964.0,627.0,120.0,980.0,1452.0,1371.0,846.0,782.0,1053.0,1094.0,1501.0,1435.0,1041.0,399.0,335.0,2177.0,243.0,311.0,8.0,263.0,315.0,280.0,310.0,213.0,253.0,310.0,539.0,340.0,1713.0,1106.0,962.0,2297.0,550.0,880.0,6.0,256.0,885.0,710.0,854.0,722.0,632.0,789.0,1228.0,908.0,2044.0,1082.0,1135.0,2430.0,956.0,1138.0,115.0,893.0,674.0,1351.0,765.0,719.0,1172.0,829.0,1138.0,1302.0,2035.0,1300.0,1379.0,2511.0,982.0,1448.0,88.0,728.0,1376.0,1106.0,1366.0,1024.0,1061.0,1199.0,1722.0,1286.0,1636.0,1137.0,962.0,2432.0,962.0,1112.0,132.0,733.0,935.0,1314.0,624.0,819.0,986.0,1174.0,1361.0,1071.0,1332.0,791.0,819.0,1865.0,768.0,881.0,52.0,864.0,862.0,1013.0,890.0,301.0,617.0,768.0,1115.0,870.0,1509.0,859.0,765.0,2814.0,689.0,867.0,61.0,690.0,1028.0,950.0,868.0,496.0,351.0,658.0,1093.0,866.0,1410.0,878.0,639.0,3099.0,836.0,896.0,104.0,890.0,705.0,1032.0,885.0,611.0,624.0,285.0,1095.0,804.0,1612.0,1056.0,956.0,3029.0,1028.0,1010.0,124.0,1061.0,827.0,1301.0,810.0,793.0,761.0,867.0,621.0,981.0,2228.0,1230.0,1375.0,3156.0,902.0,1439.0,109.0,943.0,1137.0,1388.0,953.0,814.0,1020.0,935.0,1609.0,691.0,vips
1126.0,658.0,591.0,6841.0,595.0,730.0,562.0,645.0,719.0,998.0,589.0,609.0,583.0,609.0,962.0,683.0,354.0,19.0,26.0,2991.0,29.0,27.0,18.0,28.0,27.0,279.0,21.0,25.0,20.0,23.0,142.0,24.0,309.0,15.0,11.0,3161.0,16.0,17.0,10.0,17.0,13.0,296.0,13.0,9.0,10.0,12.0,106.0,15.0,319.0,14.0,11.0,2539.0,11.0,25.0,7.0,5.0,9.0,345.0,6.0,14.0,6.0,9.0,140.0,12.0,297.0,12.0,5.0,2986.0,11.0,19.0,4.0,6.0,11.0,235.0,9.0,8.0,7.0,8.0,144.0,8.0,370.0,20.0,22.0,3370.0,23.0,35.0,21.0,26.0,25.0,317.0,21.0,26.0,17.0,26.0,175.0,25.0,284.0,9.0,2.0,2672.0,7.0,15.0,1.0,3.0,7.0,241.0,7.0,5.0,4.0,6.0,105.0,10.0,322.0,11.0,3.0,2427.0,9.0,12.0,3.0,7.0,12.0,255.0,8.0,7.0,8.0,7.0,139.0,12.0,380.0,18.0,24.0,2651.0,23.0,34.0,16.0,24.0,22.0,243.0,20.0,21.0,20.0,21.0,161.0,24.0,336.0,12.0,23.0,2362.0,17.0,28.0,14.0,18.0,18.0,219.0,21.0,20.0,19.0,20.0,175.0,27.0,307.0,17.0,23.0,2596.0,19.0,25.0,13.0,22.0,19.0,260.0,21.0,21.0,16.0,20.0,146.0,19.0,304.0,8.0,4.0,2140.0,8.0,14.0,2.0,4.0,5.0,209.0,6.0,3.0,8.0,7.0,97.0,8.0,295.0,10.0,4.0,2819.0,9.0,15.0,5.0,8.0,8.0,238.0,6.0,5.0,6.0,10.0,160.0,7.0,319.0,20.0,24.0,3221.0,19.0,30.0,10.0,18.0,22.0,287.0,21.0,18.0,16.0,19.0,131.0,22.0,402.0,24.0,23.0,3383.0,28.0,40.0,22.0,38.0,34.0,303.0,27.0,27.0,24.0,25.0,229.0,33.0,355.0,20.0,20.0,3818.0,18.0,24.0,12.0,18.0,23.0,280.0,18.0,23.0,14.0,18.0,182.0,17.0,vips
2444.0,1467.0,1257.0,4956.0,1359.0,1785.0,1488.0,1462.0,1218.0,1265.0,1195.0,1261.0,1233.0,1232.0,1283.0,1291.0,922.0,40.0,51.0,2593.0,64.0,220.0,156.0,155.0,38.0,44.0,41.0,39.0,33.0,39.0,38.0,37.0,810.0,22.0,36.0,2638.0,57.0,183.0,167.0,140.0,27.0,23.0,27.0,23.0,19.0,23.0,24.0,15.0,898.0,30.0,33.0,2400.0,45.0,197.0,228.0,217.0,16.0,18.0,18.0,15.0,19.0,15.0,21.0,18.0,831.0,13.0,30.0,2447.0,32.0,285.0,158.0,112.0,9.0,9.0,12.0,10.0,11.0,8.0,18.0,20.0,916.0,36.0,50.0,2557.0,166.0,197.0,218.0,166.0,43.0,45.0,44.0,47.0,33.0,39.0,39.0,54.0,762.0,11.0,12.0,2401.0,29.0,125.0,130.0,110.0,7.0,3.0,7.0,6.0,7.0,9.0,11.0,9.0,791.0,13.0,18.0,2603.0,30.0,150.0,206.0,122.0,15.0,8.0,10.0,11.0,12.0,8.0,17.0,13.0,825.0,44.0,49.0,2566.0,60.0,224.0,210.0,174.0,45.0,53.0,49.0,48.0,40.0,44.0,40.0,40.0,822.0,39.0,39.0,2156.0,48.0,210.0,185.0,152.0,40.0,44.0,37.0,38.0,32.0,45.0,32.0,30.0,788.0,39.0,40.0,2352.0,44.0,238.0,177.0,140.0,28.0,39.0,32.0,36.0,32.0,32.0,33.0,33.0,801.0,11.0,15.0,2251.0,20.0,189.0,141.0,96.0,9.0,8.0,9.0,9.0,14.0,7.0,10.0,9.0,778.0,15.0,20.0,2352.0,27.0,149.0,147.0,133.0,9.0,10.0,6.0,9.0,13.0,14.0,14.0,12.0,780.0,35.0,47.0,2426.0,55.0,158.0,184.0,170.0,36.0,37.0,32.0,34.0,35.0,40.0,34.0,35.0,839.0,46.0,47.0,2391.0,65.0,190.0,201.0,195.0,44.0,49.0,45.0,46.0,45.0,38.0,44.0,47.0,928.0,37.0,45.0,2825.0,52.0,232.0,173.0,163.0,32.0,32.0,30.0,32.0,23.0,32.0,29.0,33.0,vips
760.0,520.0,540.0,2246.0,566.0,530.0,544.0,571.0,554.0,542.0,508.0,527.0,544.0,547.0,571.0,578.0,265.0,13.0,21.0,1566.0,18.0,14.0,16.0,12.0,15.0,16.0,19.0,16.0,14.0,17.0,12.0,10.0,269.0,8.0,17.0,1644.0,14.0,9.0,11.0,6.0,11.0,15.0,12.0,8.0,11.0,8.0,7.0,9.0,274.0,6.0,5.0,1535.0,5.0,8.0,4.0,2.0,7.0,2.0,5.0,2.0,5.0,3.0,2.0,5.0,273.0,4.0,6.0,1602.0,4.0,4.0,5.0,1.0,6.0,4.0,4.0,3.0,2.0,6.0,5.0,3.0,269.0,11.0,19.0,1533.0,17.0,9.0,13.0,8.0,14.0,13.0,15.0,15.0,15.0,14.0,10.0,13.0,273.0,3.0,4.0,1652.0,3.0,2.0,5.0,3.0,7.0,5.0,4.0,3.0,4.0,4.0,5.0,5.0,284.0,7.0,5.0,1540.0,6.0,2.0,6.0,6.0,8.0,6.0,7.0,6.0,8.0,5.0,7.0,3.0,278.0,10.0,20.0,1574.0,24.0,14.0,16.0,8.0,19.0,13.0,15.0,14.0,14.0,13.0,13.0,13.0,274.0,11.0,18.0,1488.0,23.0,17.0,15.0,12.0,15.0,15.0,15.0,14.0,16.0,16.0,12.0,14.0,257.0,6.0,18.0,1499.0,17.0,12.0,10.0,8.0,12.0,13.0,12.0,10.0,14.0,15.0,7.0,9.0,260.0,1.0,2.0,1406.0,1.0,3.0,1.0,0.0,6.0,2.0,0.0,1.0,0.0,0.0,2.0,0.0,270.0,3.0,5.0,1555.0,3.0,4.0,2.0,1.0,6.0,3.0,2.0,2.0,1.0,4.0,2.0,2.0,276.0,7.0,17.0,1548.0,19.0,10.0,13.0,8.0,14.0,11.0,10.0,9.0,15.0,14.0,11.0,11.0,292.0,10.0,20.0,1552.0,25.0,17.0,15.0,13.0,18.0,19.0,16.0,18.0,16.0,20.0,18.0,14.0,292.0,11.0,18.0,1647.0,18.0,9.0,16.0,8.0,14.0,14.0,15.0,12.0,14.0,16.0,6.0,13.0,vips
243.0,142.0,80.0,8019.0,105.0,124.0,90.0,293.0,185.0,90.0,92.0,77.0,117.0,127.0,170.0,184.0,58.0,5.0,3.0,7813.0,5.0,5.0,5.0,118.0,74.0,2.0,13.0,4.0,6.0,6.0,9.0,16.0,21.0,5.0,2.0,7770.0,2.0,4.0,2.0,112.0,65.0,3.0,14.0,0.0,4.0,2.0,6.0,12.0,28.0,1.0,1.0,7813.0,3.0,2.0,1.0,90.0,54.0,1.0,15.0,2.0,3.0,2.0,6.0,13.0,38.0,6.0,3.0,7808.0,6.0,4.0,4.0,101.0,55.0,2.0,25.0,1.0,4.0,5.0,9.0,27.0,48.0,4.0,2.0,8208.0,3.0,4.0,3.0,98.0,53.0,3.0,20.0,5.0,5.0,2.0,4.0,18.0,28.0,3.0,2.0,8429.0,2.0,3.0,1.0,108.0,44.0,1.0,20.0,1.0,3.0,3.0,6.0,17.0,37.0,4.0,2.0,8568.0,3.0,7.0,3.0,97.0,43.0,2.0,15.0,1.0,3.0,4.0,7.0,16.0,29.0,5.0,1.0,8804.0,5.0,4.0,3.0,106.0,47.0,4.0,13.0,1.0,5.0,6.0,6.0,14.0,29.0,5.0,0.0,8517.0,2.0,4.0,1.0,103.0,50.0,2.0,13.0,1.0,4.0,2.0,4.0,17.0,18.0,2.0,2.0,8495.0,7.0,2.0,0.0,84.0,48.0,2.0,10.0,2.0,2.0,1.0,16.0,33.0,21.0,3.0,2.0,8518.0,2.0,2.0,2.0,83.0,49.0,1.0,12.0,0.0,2.0,2.0,6.0,17.0,44.0,5.0,2.0,8434.0,3.0,3.0,3.0,85.0,50.0,3.0,26.0,2.0,3.0,5.0,4.0,30.0,51.0,4.0,3.0,8422.0,6.0,5.0,3.0,86.0,50.0,2.0,15.0,3.0,5.0,6.0,7.0,21.0,72.0,7.0,2.0,8792.0,7.0,7.0,4.0,86.0,50.0,5.0,42.0,5.0,5.0,7.0,9.0,46.0,66.0,6.0,3.0,8307.0,7.0,6.0,4.0,102.0,52.0,3.0,28.0,5.0,4.0,5.0,8.0,34.0,vips
193.0,63.0,19.0,8638.0,56.0,45.0,12.0,38.0,48.0,26.0,13.0,22.0,60.0,90.0,114.0,115.0,31.0,5.0,3.0,8480.0,5.0,6.0,3.0,4.0,2.0,5.0,3.0,2.0,3.0,4.0,4.0,5.0,13.0,1.0,0.0,8436.0,2.0,1.0,1.0,2.0,1.0,1.0,0.0,2.0,1.0,2.0,1.0,3.0,25.0,1.0,1.0,8488.0,1.0,2.0,0.0,0.0,5.0,2.0,0.0,3.0,1.0,1.0,5.0,2.0,33.0,3.0,2.0,8483.0,4.0,4.0,0.0,3.0,5.0,1.0,2.0,1.0,2.0,2.0,4.0,6.0,28.0,4.0,3.0,8593.0,3.0,1.0,1.0,1.0,4.0,3.0,1.0,0.0,1.0,5.0,5.0,5.0,12.0,2.0,0.0,8434.0,1.0,1.0,2.0,0.0,2.0,1.0,1.0,1.0,2.0,3.0,2.0,4.0,19.0,6.0,1.0,8571.0,3.0,1.0,1.0,4.0,2.0,1.0,0.0,0.0,2.0,4.0,5.0,3.0,26.0,4.0,3.0,8775.0,3.0,5.0,1.0,2.0,1.0,1.0,2.0,3.0,3.0,3.0,3.0,4.0,15.0,1.0,3.0,8490.0,2.0,1.0,0.0,1.0,3.0,0.0,1.0,1.0,2.0,4.0,4.0,4.0,15.0,1.0,1.0,8050.0,8.0,0.0,1.0,1.0,2.0,0.0,0.0,0.0,9.0,2.0,12.0,8.0,12.0,0.0,0.0,7870.0,2.0,1.0,0.0,1.0,2.0,2.0,1.0,0.0,2.0,4.0,3.0,3.0,35.0,1.0,3.0,7787.0,2.0,2.0,1.0,3.0,2.0,2.0,2.0,1.0,4.0,3.0,4.0,5.0,51.0,5.0,3.0,7771.0,4.0,2.0,2.0,5.0,4.0,5.0,2.0,3.0,3.0,4.0,5.0,5.0,66.0,3.0,5.0,8164.0,7.0,6.0,4.0,5.0,6.0,5.0,5.0,4.0,5.0,6.0,9.0,6.0,66.0,5.0,4.0,7934.0,16.0,5.0,4.0,4.0,5.0,4.0,5.0,7.0,18.0,5.0,18.0,13.0,vips
228.0,66.0,13.0,8714.0,60.0,61.0,21.0,43.0,24.0,30.0,10.0,32.0,63.0,93.0,107.0,118.0,44.0,3.0,3.0,8480.0,6.0,2.0,3.0,4.0,4.0,3.0,1.0,2.0,5.0,7.0,6.0,9.0,11.0,1.0,1.0,8436.0,4.0,1.0,0.0,2.0,4.0,1.0,1.0,0.0,3.0,4.0,5.0,5.0,30.0,1.0,2.0,8481.0,4.0,1.0,2.0,3.0,1.0,2.0,2.0,2.0,0.0,5.0,3.0,5.0,36.0,3.0,1.0,8167.0,3.0,2.0,4.0,1.0,1.0,4.0,2.0,4.0,5.0,5.0,7.0,6.0,35.0,2.0,2.0,7923.0,5.0,2.0,0.0,3.0,2.0,1.0,2.0,4.0,2.0,5.0,7.0,6.0,18.0,4.0,1.0,7802.0,3.0,3.0,0.0,1.0,1.0,0.0,0.0,1.0,1.0,3.0,3.0,6.0,29.0,2.0,2.0,7939.0,2.0,4.0,2.0,2.0,2.0,2.0,0.0,3.0,2.0,2.0,6.0,5.0,17.0,4.0,0.0,8095.0,3.0,2.0,2.0,1.0,2.0,1.0,0.0,0.0,2.0,5.0,4.0,3.0,22.0,1.0,0.0,7876.0,1.0,1.0,2.0,2.0,0.0,3.0,0.0,3.0,2.0,2.0,3.0,4.0,11.0,1.0,0.0,8289.0,3.0,2.0,0.0,2.0,0.0,0.0,0.0,2.0,2.0,3.0,5.0,3.0,21.0,5.0,1.0,8541.0,3.0,3.0,2.0,2.0,2.0,1.0,1.0,2.0,3.0,3.0,3.0,5.0,38.0,6.0,1.0,8440.0,4.0,4.0,2.0,1.0,2.0,2.0,1.0,3.0,2.0,5.0,5.0,5.0,54.0,3.0,1.0,8438.0,4.0,5.0,4.0,4.0,3.0,2.0,4.0,4.0,6.0,4.0,5.0,7.0,58.0,6.0,4.0,8825.0,6.0,6.0,5.0,9.0,4.0,6.0,4.0,4.0,6.0,6.0,7.0,8.0,67.0,6.0,3.0,8459.0,8.0,6.0,4.0,5.0,4.0,5.0,3.0,4.0,5.0,7.0,8.0,10.0,vips
275.0,73.0,35.0,8030.0,72.0,55.0,30.0,31.0,32.0,44.0,17.0,27.0,72.0,90.0,193.0,123.0,49.0,3.0,3.0,7864.0,4.0,6.0,4.0,2.0,4.0,4.0,4.0,5.0,6.0,5.0,24.0,6.0,35.0,4.0,2.0,7803.0,2.0,3.0,0.0,1.0,1.0,2.0,0.0,2.0,2.0,2.0,17.0,3.0,50.0,3.0,1.0,7855.0,2.0,3.0,1.0,2.0,2.0,2.0,2.0,2.0,2.0,2.0,21.0,6.0,62.0,4.0,5.0,8143.0,5.0,5.0,2.0,3.0,4.0,2.0,3.0,0.0,2.0,4.0,26.0,6.0,48.0,4.0,2.0,8572.0,5.0,2.0,4.0,1.0,2.0,2.0,1.0,0.0,5.0,4.0,22.0,5.0,35.0,0.0,1.0,8449.0,4.0,1.0,2.0,4.0,0.0,2.0,1.0,1.0,3.0,3.0,20.0,4.0,35.0,4.0,1.0,8613.0,3.0,2.0,0.0,1.0,0.0,2.0,2.0,1.0,2.0,5.0,18.0,5.0,29.0,2.0,2.0,8673.0,3.0,2.0,1.0,1.0,1.0,2.0,0.0,1.0,3.0,2.0,16.0,5.0,40.0,4.0,3.0,8519.0,4.0,4.0,0.0,2.0,1.0,3.0,2.0,0.0,3.0,5.0,14.0,6.0,20.0,1.0,0.0,8526.0,4.0,1.0,1.0,0.0,0.0,2.0,0.0,0.0,2.0,2.0,25.0,3.0,26.0,0.0,1.0,8545.0,3.0,2.0,1.0,1.0,0.0,1.0,0.0,1.0,2.0,4.0,11.0,3.0,72.0,2.0,2.0,8442.0,4.0,1.0,2.0,1.0,3.0,2.0,3.0,2.0,4.0,2.0,18.0,6.0,58.0,5.0,5.0,8444.0,4.0,3.0,2.0,3.0,5.0,4.0,2.0,3.0,4.0,6.0,17.0,5.0,127.0,6.0,5.0,8590.0,6.0,6.0,5.0,3.0,4.0,3.0,3.0,4.0,6.0,5.0,39.0,9.0,99.0,7.0,4.0,7834.0,4.0,4.0,5.0,3.0,4.0,4.0,2.0,3.0,5.0,4.0,30.0,4.0,vips
234.0,69.0,26.0,8690.0,59.0,46.0,19.0,34.0,40.0,35.0,11.0,24.0,37.0,104.0,136.0,115.0,35.0,12.0,5.0,8524.0,3.0,4.0,3.0,6.0,4.0,3.0,1.0,2.0,4.0,4.0,7.0,4.0,22.0,10.0,2.0,8450.0,3.0,2.0,2.0,2.0,1.0,1.0,1.0,0.0,1.0,4.0,6.0,3.0,38.0,12.0,2.0,8514.0,3.0,1.0,1.0,2.0,3.0,2.0,1.0,4.0,3.0,5.0,3.0,3.0,36.0,8.0,2.0,8496.0,2.0,4.0,2.0,3.0,3.0,1.0,1.0,3.0,2.0,3.0,10.0,7.0,29.0,12.0,1.0,8642.0,4.0,2.0,0.0,3.0,2.0,3.0,0.0,2.0,2.0,3.0,6.0,5.0,18.0,9.0,0.0,8472.0,5.0,0.0,0.0,0.0,3.0,1.0,0.0,1.0,1.0,3.0,5.0,3.0,23.0,4.0,1.0,8672.0,3.0,2.0,3.0,3.0,1.0,2.0,1.0,2.0,2.0,2.0,7.0,3.0,26.0,7.0,1.0,8495.0,3.0,3.0,0.0,1.0,2.0,2.0,1.0,1.0,2.0,4.0,5.0,4.0,23.0,4.0,1.0,7980.0,2.0,0.0,3.0,3.0,3.0,2.0,0.0,3.0,2.0,3.0,6.0,2.0,12.0,6.0,1.0,7894.0,2.0,1.0,0.0,1.0,2.0,1.0,0.0,0.0,0.0,3.0,6.0,3.0,17.0,7.0,2.0,7899.0,1.0,1.0,1.0,1.0,1.0,2.0,0.0,1.0,3.0,2.0,5.0,3.0,26.0,6.0,2.0,7825.0,2.0,3.0,1.0,2.0,2.0,4.0,1.0,2.0,2.0,7.0,4.0,5.0,61.0,7.0,3.0,7811.0,4.0,4.0,4.0,2.0,2.0,3.0,2.0,3.0,7.0,6.0,9.0,5.0,75.0,7.0,6.0,8446.0,15.0,7.0,5.0,8.0,7.0,6.0,5.0,7.0,8.0,8.0,22.0,21.0,64.0,6.0,2.0,8475.0,7.0,4.0,2.0,4.0,4.0,3.0,2.0,3.0,4.0,5.0,10.0,8.0,vips
159.0,68.0,16.0,8689.0,56.0,64.0,16.0,33.0,26.0,23.0,8.0,26.0,67.0,99.0,112.0,111.0,40.0,4.0,2.0,8517.0,6.0,5.0,2.0,1.0,3.0,4.0,3.0,5.0,5.0,5.0,7.0,10.0,12.0,1.0,0.0,8450.0,2.0,2.0,0.0,1.0,1.0,2.0,0.0,2.0,2.0,3.0,4.0,4.0,41.0,2.0,2.0,8050.0,2.0,1.0,3.0,3.0,1.0,2.0,2.0,2.0,2.0,2.0,6.0,5.0,31.0,4.0,3.0,7888.0,4.0,3.0,3.0,2.0,0.0,3.0,1.0,3.0,4.0,4.0,4.0,5.0,37.0,2.0,3.0,7989.0,4.0,3.0,3.0,3.0,3.0,2.0,3.0,2.0,3.0,4.0,4.0,7.0,10.0,2.0,1.0,7858.0,1.0,4.0,1.0,1.0,0.0,1.0,0.0,1.0,1.0,1.0,4.0,5.0,22.0,4.0,2.0,8010.0,2.0,2.0,0.0,0.0,3.0,2.0,1.0,1.0,1.0,4.0,4.0,4.0,18.0,4.0,0.0,7876.0,2.0,1.0,2.0,2.0,1.0,1.0,1.0,1.0,2.0,3.0,3.0,4.0,15.0,4.0,1.0,8440.0,2.0,2.0,0.0,1.0,0.0,1.0,1.0,0.0,2.0,3.0,4.0,4.0,4.0,2.0,0.0,8567.0,0.0,3.0,0.0,1.0,0.0,0.0,0.0,1.0,2.0,3.0,5.0,4.0,18.0,2.0,0.0,8572.0,2.0,3.0,2.0,2.0,1.0,1.0,0.0,0.0,2.0,4.0,5.0,3.0,39.0,3.0,2.0,8493.0,3.0,2.0,2.0,3.0,1.0,2.0,2.0,2.0,3.0,6.0,6.0,6.0,54.0,4.0,2.0,8471.0,3.0,7.0,2.0,5.0,5.0,3.0,3.0,4.0,6.0,5.0,5.0,6.0,63.0,3.0,5.0,8964.0,11.0,5.0,4.0,4.0,4.0,6.0,5.0,5.0,7.0,6.0,12.0,9.0,59.0,6.0,4.0,8492.0,7.0,8.0,5.0,3.0,5.0,4.0,5.0,3.0,6.0,6.0,8.0,6.0,vips
173.0,56.0,14.0,8071.0,49.0,40.0,14.0,42.0,39.0,37.0,8.0,24.0,58.0,94.0,100.0,130.0,28.0,2.0,3.0,7879.0,4.0,3.0,4.0,6.0,5.0,3.0,2.0,2.0,5.0,4.0,3.0,4.0,13.0,2.0,1.0,7833.0,4.0,2.0,0.0,0.0,1.0,0.0,0.0,0.0,2.0,2.0,2.0,4.0,42.0,2.0,3.0,8348.0,3.0,2.0,2.0,1.0,4.0,1.0,3.0,2.0,3.0,3.0,4.0,3.0,29.0,1.0,2.0,8522.0,4.0,1.0,2.0,3.0,4.0,1.0,1.0,1.0,1.0,4.0,6.0,5.0,25.0,5.0,2.0,8658.0,2.0,1.0,2.0,1.0,2.0,1.0,1.0,1.0,1.0,5.0,5.0,4.0,11.0,1.0,1.0,8523.0,3.0,1.0,1.0,2.0,2.0,2.0,0.0,2.0,1.0,3.0,3.0,3.0,25.0,3.0,0.0,8648.0,5.0,2.0,2.0,3.0,1.0,3.0,0.0,0.0,4.0,3.0,5.0,5.0,25.0,3.0,1.0,8566.0,3.0,4.0,1.0,2.0,1.0,2.0,1.0,2.0,2.0,3.0,3.0,5.0,21.0,2.0,1.0,8540.0,2.0,3.0,2.0,3.0,3.0,2.0,1.0,2.0,3.0,2.0,5.0,6.0,7.0,1.0,0.0,8567.0,2.0,1.0,0.0,1.0,1.0,1.0,0.0,0.0,2.0,3.0,2.0,3.0,15.0,3.0,1.0,8595.0,4.0,0.0,0.0,1.0,2.0,1.0,1.0,2.0,2.0,4.0,3.0,5.0,35.0,3.0,1.0,8495.0,4.0,3.0,1.0,2.0,3.0,2.0,1.0,3.0,4.0,4.0,3.0,5.0,54.0,2.0,3.0,8121.0,7.0,2.0,2.0,3.0,1.0,5.0,3.0,2.0,4.0,5.0,6.0,5.0,60.0,6.0,4.0,8216.0,8.0,6.0,4.0,6.0,5.0,5.0,4.0,4.0,4.0,7.0,7.0,8.0,71.0,6.0,5.0,7842.0,5.0,4.0,4.0,6.0,5.0,5.0,3.0,3.0,4.0,5.0,7.0,6.0,vips
174.0,58.0,28.0,8732.0,36.0,66.0,26.0,26.0,34.0,39.0,9.0,23.0,63.0,95.0,102.0,124.0,42.0,3.0,3.0,8563.0,5.0,6.0,2.0,3.0,3.0,3.0,4.0,4.0,3.0,6.0,4.0,10.0,18.0,2.0,1.0,8478.0,2.0,2.0,2.0,3.0,1.0,4.0,1.0,2.0,2.0,2.0,5.0,5.0,48.0,2.0,2.0,8533.0,1.0,2.0,3.0,2.0,1.0,3.0,1.0,5.0,3.0,5.0,4.0,3.0,24.0,5.0,3.0,8544.0,3.0,5.0,3.0,2.0,3.0,3.0,2.0,2.0,4.0,4.0,5.0,5.0,41.0,3.0,1.0,8633.0,4.0,4.0,3.0,3.0,2.0,4.0,1.0,3.0,4.0,3.0,5.0,7.0,23.0,2.0,1.0,8542.0,1.0,3.0,0.0,1.0,1.0,2.0,0.0,0.0,3.0,4.0,5.0,5.0,20.0,1.0,1.0,8540.0,0.0,2.0,1.0,1.0,2.0,1.0,1.0,2.0,1.0,5.0,3.0,3.0,25.0,1.0,2.0,7858.0,2.0,2.0,3.0,2.0,2.0,1.0,0.0,2.0,2.0,3.0,5.0,5.0,27.0,3.0,2.0,7878.0,2.0,1.0,1.0,1.0,2.0,2.0,1.0,1.0,3.0,5.0,3.0,4.0,9.0,2.0,1.0,7901.0,1.0,0.0,1.0,0.0,1.0,1.0,0.0,0.0,1.0,1.0,4.0,5.0,17.0,1.0,1.0,7943.0,0.0,2.0,1.0,2.0,1.0,3.0,0.0,2.0,3.0,3.0,2.0,3.0,37.0,5.0,3.0,7862.0,2.0,3.0,2.0,2.0,2.0,3.0,2.0,2.0,3.0,4.0,6.0,5.0,54.0,6.0,3.0,8186.0,1.0,3.0,3.0,4.0,6.0,2.0,2.0,5.0,5.0,5.0,5.0,6.0,57.0,3.0,6.0,8875.0,6.0,7.0,5.0,4.0,6.0,5.0,5.0,4.0,7.0,6.0,7.0,8.0,67.0,7.0,4.0,8501.0,4.0,6.0,5.0,3.0,5.0,5.0,4.0,5.0,6.0,6.0,7.0,6.0,vips
0.0,0.0,0.0,0.0,0.0,0.0,0.0,0.0,0.0,0.0,0.0,0.0,0.0,0.0,0.0,0.0,0.0,0.0,0.0,0.0,0.0,0.0,0.0,0.0,0.0,0.0,0.0,0.0,0.0,0.0,0.0,0.0,0.0,0.0,0.0,0.0,0.0,0.0,0.0,0.0,0.0,0.0,0.0,0.0,0.0,0.0,0.0,0.0,0.0,0.0,0.0,0.0,0.0,0.0,0.0,0.0,0.0,0.0,0.0,0.0,0.0,0.0,0.0,0.0,0.0,0.0,0.0,0.0,0.0,0.0,0.0,0.0,0.0,0.0,0.0,0.0,0.0,0.0,0.0,0.0,0.0,0.0,0.0,0.0,0.0,0.0,0.0,0.0,0.0,0.0,0.0,0.0,0.0,0.0,0.0,0.0,0.0,0.0,0.0,0.0,0.0,0.0,0.0,0.0,0.0,0.0,0.0,0.0,0.0,0.0,0.0,0.0,0.0,0.0,0.0,0.0,0.0,0.0,0.0,0.0,0.0,0.0,0.0,0.0,0.0,0.0,0.0,0.0,0.0,0.0,0.0,0.0,0.0,0.0,0.0,0.0,0.0,0.0,0.0,0.0,0.0,0.0,0.0,0.0,0.0,0.0,0.0,0.0,0.0,0.0,0.0,0.0,0.0,0.0,0.0,0.0,0.0,0.0,0.0,0.0,0.0,0.0,0.0,0.0,0.0,0.0,0.0,0.0,0.0,0.0,0.0,0.0,0.0,0.0,0.0,0.0,0.0,0.0,0.0,0.0,0.0,0.0,0.0,0.0,0.0,0.0,0.0,0.0,0.0,0.0,0.0,0.0,0.0,0.0,0.0,0.0,0.0,0.0,0.0,0.0,0.0,0.0,0.0,0.0,0.0,0.0,0.0,0.0,0.0,0.0,0.0,0.0,0.0,0.0,0.0,0.0,0.0,0.0,0.0,0.0,0.0,0.0,0.0,0.0,0.0,0.0,0.0,0.0,0.0,0.0,0.0,0.0,0.0,0.0,0.0,0.0,0.0,0.0,0.0,0.0,0.0,0.0,0.0,0.0,0.0,0.0,0.0,0.0,0.0,0.0,0.0,0.0,0.0,0.0,0.0,0.0,vips
172.0,60.0,31.0,8788.0,60.0,54.0,14.0,29.0,26.0,19.0,8.0,24.0,68.0,99.0,108.0,114.0,33.0,3.0,5.0,8251.0,4.0,5.0,2.0,1.0,3.0,6.0,2.0,2.0,6.0,5.0,8.0,5.0,22.0,2.0,2.0,7837.0,2.0,2.0,1.0,0.0,1.0,1.0,1.0,1.0,3.0,6.0,5.0,5.0,32.0,1.0,3.0,7875.0,5.0,2.0,1.0,1.0,1.0,1.0,3.0,2.0,3.0,3.0,3.0,4.0,33.0,4.0,2.0,7873.0,5.0,3.0,0.0,3.0,1.0,2.0,0.0,3.0,2.0,6.0,5.0,7.0,31.0,3.0,3.0,7999.0,3.0,3.0,3.0,2.0,3.0,1.0,1.0,1.0,3.0,5.0,6.0,3.0,9.0,3.0,1.0,7898.0,1.0,2.0,1.0,2.0,2.0,0.0,1.0,1.0,1.0,2.0,2.0,3.0,22.0,4.0,3.0,8183.0,4.0,3.0,1.0,2.0,2.0,1.0,0.0,1.0,1.0,2.0,4.0,5.0,16.0,4.0,1.0,8513.0,3.0,0.0,0.0,1.0,0.0,3.0,1.0,0.0,3.0,3.0,3.0,5.0,15.0,2.0,3.0,8573.0,3.0,3.0,1.0,1.0,1.0,0.0,1.0,2.0,2.0,3.0,3.0,3.0,6.0,1.0,1.0,8569.0,3.0,4.0,0.0,1.0,0.0,0.0,0.0,1.0,2.0,2.0,2.0,2.0,14.0,2.0,2.0,8609.0,4.0,2.0,0.0,0.0,2.0,0.0,1.0,0.0,2.0,2.0,3.0,3.0,40.0,3.0,2.0,8508.0,3.0,2.0,2.0,1.0,3.0,2.0,1.0,2.0,3.0,6.0,4.0,4.0,56.0,3.0,3.0,8487.0,7.0,7.0,3.0,2.0,1.0,3.0,2.0,1.0,5.0,5.0,5.0,4.0,64.0,4.0,4.0,8867.0,7.0,6.0,5.0,6.0,4.0,4.0,3.0,4.0,5.0,5.0,7.0,6.0,63.0,4.0,4.0,8502.0,8.0,4.0,2.0,4.0,3.0,3.0,3.0,3.0,4.0,4.0,5.0,8.0,vips
139.0,51.0,17.0,8121.0,51.0,59.0,16.0,29.0,24.0,32.0,6.0,27.0,58.0,96.0,112.0,103.0,31.0,3.0,2.0,8202.0,6.0,4.0,3.0,6.0,3.0,1.0,1.0,5.0,3.0,5.0,4.0,7.0,14.0,3.0,2.0,8471.0,1.0,2.0,1.0,1.0,2.0,0.0,0.0,1.0,1.0,1.0,3.0,2.0,42.0,4.0,2.0,8515.0,1.0,1.0,1.0,3.0,3.0,1.0,2.0,2.0,3.0,4.0,5.0,3.0,31.0,4.0,2.0,8529.0,2.0,3.0,4.0,3.0,5.0,4.0,3.0,2.0,3.0,5.0,4.0,5.0,38.0,6.0,3.0,8642.0,3.0,2.0,1.0,1.0,2.0,1.0,3.0,1.0,5.0,4.0,6.0,5.0,15.0,0.0,1.0,8537.0,3.0,1.0,1.0,1.0,0.0,0.0,0.0,1.0,2.0,3.0,2.0,4.0,17.0,1.0,0.0,8689.0,2.0,4.0,2.0,1.0,2.0,2.0,2.0,1.0,2.0,3.0,5.0,3.0,19.0,1.0,0.0,8550.0,1.0,3.0,1.0,2.0,2.0,1.0,0.0,2.0,2.0,3.0,6.0,2.0,20.0,2.0,0.0,8573.0,3.0,4.0,0.0,3.0,2.0,1.0,0.0,0.0,4.0,2.0,4.0,5.0,6.0,3.0,0.0,8643.0,1.0,0.0,0.0,1.0,0.0,2.0,0.0,1.0,1.0,3.0,4.0,3.0,18.0,2.0,0.0,8629.0,1.0,2.0,2.0,1.0,1.0,1.0,0.0,2.0,3.0,3.0,5.0,6.0,36.0,1.0,2.0,7868.0,2.0,6.0,2.0,3.0,1.0,3.0,2.0,3.0,2.0,5.0,4.0,5.0,55.0,4.0,3.0,7868.0,4.0,2.0,3.0,4.0,4.0,3.0,2.0,4.0,5.0,6.0,6.0,7.0,62.0,4.0,6.0,8253.0,6.0,8.0,3.0,6.0,6.0,5.0,5.0,6.0,5.0,9.0,9.0,9.0,55.0,5.0,4.0,7862.0,5.0,3.0,4.0,4.0,4.0,5.0,3.0,6.0,5.0,7.0,8.0,10.0,vips
156.0,65.0,20.0,8083.0,39.0,59.0,22.0,27.0,28.0,29.0,7.0,27.0,55.0,107.0,107.0,109.0,40.0,3.0,5.0,8563.0,4.0,4.0,2.0,1.0,5.0,4.0,5.0,2.0,3.0,5.0,8.0,5.0,15.0,2.0,0.0,8502.0,4.0,2.0,1.0,1.0,0.0,2.0,0.0,1.0,2.0,3.0,4.0,7.0,45.0,2.0,2.0,8539.0,4.0,1.0,3.0,1.0,2.0,2.0,2.0,4.0,2.0,3.0,5.0,5.0,27.0,5.0,2.0,8558.0,2.0,3.0,1.0,0.0,1.0,1.0,1.0,1.0,3.0,2.0,8.0,7.0,34.0,1.0,1.0,8656.0,5.0,4.0,3.0,4.0,1.0,5.0,0.0,2.0,2.0,6.0,6.0,6.0,17.0,2.0,0.0,8557.0,3.0,4.0,0.0,1.0,2.0,2.0,1.0,1.0,2.0,4.0,6.0,4.0,19.0,2.0,0.0,8131.0,3.0,0.0,1.0,2.0,0.0,2.0,0.0,2.0,2.0,3.0,5.0,6.0,19.0,2.0,3.0,7889.0,4.0,3.0,1.0,1.0,1.0,1.0,0.0,1.0,2.0,3.0,3.0,6.0,21.0,4.0,2.0,7917.0,2.0,1.0,1.0,1.0,2.0,3.0,2.0,2.0,1.0,5.0,6.0,4.0,7.0,1.0,0.0,7915.0,1.0,1.0,1.0,0.0,0.0,0.0,0.0,0.0,1.0,2.0,3.0,4.0,17.0,3.0,2.0,8034.0,3.0,1.0,0.0,2.0,1.0,2.0,1.0,2.0,2.0,3.0,4.0,4.0,32.0,4.0,2.0,8532.0,3.0,4.0,2.0,2.0,2.0,2.0,0.0,1.0,3.0,5.0,5.0,6.0,59.0,6.0,3.0,8490.0,6.0,5.0,4.0,3.0,3.0,4.0,3.0,3.0,5.0,6.0,6.0,7.0,64.0,6.0,4.0,8865.0,6.0,6.0,5.0,3.0,5.0,6.0,4.0,6.0,6.0,6.0,7.0,8.0,61.0,5.0,3.0,8518.0,5.0,7.0,3.0,5.0,4.0,3.0,3.0,3.0,5.0,7.0,6.0,6.0,vips
170.0,81.0,27.0,8186.0,66.0,78.0,21.0,29.0,77.0,38.0,13.0,22.0,60.0,128.0,119.0,107.0,42.0,3.0,2.0,7950.0,6.0,18.0,4.0,5.0,14.0,4.0,1.0,5.0,5.0,7.0,4.0,7.0,17.0,2.0,1.0,7878.0,2.0,15.0,0.0,1.0,14.0,1.0,0.0,1.0,2.0,3.0,3.0,2.0,45.0,1.0,3.0,7960.0,1.0,18.0,2.0,2.0,15.0,2.0,2.0,2.0,3.0,4.0,4.0,3.0,35.0,2.0,3.0,7960.0,4.0,33.0,3.0,4.0,36.0,3.0,2.0,4.0,3.0,8.0,5.0,4.0,30.0,3.0,1.0,8091.0,5.0,12.0,4.0,2.0,40.0,1.0,2.0,2.0,9.0,3.0,15.0,10.0,13.0,2.0,3.0,7983.0,2.0,15.0,0.0,0.0,17.0,1.0,0.0,0.0,3.0,3.0,3.0,5.0,21.0,3.0,2.0,8698.0,1.0,13.0,0.0,3.0,19.0,1.0,1.0,1.0,4.0,3.0,4.0,3.0,23.0,4.0,1.0,8558.0,1.0,9.0,3.0,2.0,11.0,5.0,0.0,3.0,2.0,4.0,7.0,4.0,21.0,2.0,1.0,8578.0,2.0,13.0,2.0,1.0,12.0,0.0,0.0,2.0,3.0,3.0,3.0,4.0,7.0,4.0,1.0,8578.0,1.0,12.0,0.0,1.0,12.0,1.0,0.0,0.0,1.0,3.0,4.0,2.0,15.0,3.0,0.0,8625.0,2.0,10.0,1.0,1.0,7.0,1.0,0.0,0.0,3.0,3.0,4.0,2.0,33.0,3.0,1.0,8527.0,3.0,20.0,1.0,2.0,30.0,2.0,2.0,3.0,3.0,6.0,5.0,4.0,70.0,6.0,3.0,8521.0,4.0,15.0,3.0,4.0,17.0,4.0,3.0,3.0,6.0,6.0,7.0,5.0,62.0,6.0,4.0,9005.0,7.0,50.0,4.0,6.0,53.0,3.0,6.0,3.0,6.0,6.0,8.0,7.0,57.0,5.0,5.0,8467.0,5.0,36.0,5.0,3.0,38.0,4.0,3.0,3.0,5.0,5.0,8.0,6.0,vips
165.0,58.0,28.0,8770.0,55.0,70.0,26.0,24.0,40.0,54.0,11.0,30.0,49.0,147.0,139.0,115.0,36.0,4.0,3.0,8577.0,4.0,1.0,3.0,3.0,3.0,4.0,4.0,3.0,5.0,5.0,7.0,4.0,19.0,3.0,1.0,8478.0,4.0,2.0,2.0,0.0,2.0,2.0,0.0,1.0,2.0,3.0,5.0,3.0,40.0,3.0,3.0,8561.0,3.0,3.0,2.0,2.0,1.0,2.0,2.0,2.0,3.0,3.0,5.0,6.0,33.0,3.0,2.0,8588.0,3.0,6.0,1.0,1.0,3.0,2.0,1.0,2.0,3.0,2.0,5.0,6.0,47.0,5.0,3.0,8692.0,13.0,4.0,1.0,4.0,1.0,5.0,2.0,2.0,3.0,6.0,15.0,9.0,20.0,2.0,0.0,8570.0,4.0,2.0,2.0,3.0,1.0,2.0,1.0,1.0,0.0,3.0,4.0,2.0,17.0,2.0,1.0,8762.0,4.0,2.0,0.0,1.0,2.0,3.0,0.0,1.0,0.0,5.0,3.0,4.0,29.0,2.0,0.0,8579.0,12.0,6.0,0.0,3.0,2.0,1.0,2.0,0.0,6.0,5.0,15.0,12.0,38.0,3.0,1.0,8583.0,4.0,4.0,1.0,3.0,2.0,3.0,2.0,2.0,2.0,6.0,7.0,5.0,9.0,1.0,1.0,8109.0,3.0,0.0,1.0,0.0,1.0,1.0,1.0,1.0,2.0,3.0,4.0,3.0,19.0,2.0,2.0,7970.0,4.0,3.0,1.0,1.0,1.0,3.0,1.0,2.0,2.0,3.0,6.0,5.0,32.0,2.0,2.0,7894.0,3.0,3.0,3.0,1.0,5.0,3.0,1.0,2.0,2.0,6.0,6.0,3.0,79.0,5.0,4.0,7852.0,5.0,7.0,4.0,3.0,3.0,6.0,3.0,4.0,6.0,8.0,7.0,7.0,76.0,4.0,4.0,8229.0,7.0,7.0,4.0,4.0,5.0,7.0,3.0,7.0,5.0,9.0,13.0,9.0,64.0,6.0,3.0,7937.0,7.0,5.0,3.0,2.0,3.0,5.0,3.0,4.0,3.0,7.0,8.0,6.0,vips
139.0,93.0,13.0,8838.0,53.0,63.0,10.0,36.0,36.0,32.0,7.0,30.0,62.0,141.0,96.0,118.0,52.0,5.0,5.0,8579.0,6.0,8.0,3.0,5.0,4.0,4.0,3.0,4.0,5.0,7.0,5.0,7.0,11.0,1.0,1.0,8503.0,1.0,1.0,0.0,2.0,1.0,1.0,1.0,1.0,1.0,4.0,2.0,5.0,55.0,4.0,3.0,8551.0,2.0,3.0,3.0,3.0,2.0,2.0,3.0,2.0,4.0,6.0,4.0,4.0,32.0,7.0,4.0,8252.0,4.0,4.0,3.0,3.0,1.0,4.0,3.0,4.0,2.0,7.0,4.0,3.0,36.0,2.0,1.0,8066.0,4.0,5.0,4.0,1.0,3.0,1.0,1.0,2.0,6.0,5.0,5.0,5.0,11.0,4.0,1.0,7916.0,0.0,1.0,0.0,0.0,2.0,1.0,0.0,1.0,2.0,3.0,2.0,3.0,24.0,4.0,1.0,8104.0,0.0,2.0,3.0,3.0,1.0,2.0,1.0,2.0,3.0,4.0,4.0,3.0,28.0,4.0,3.0,8103.0,5.0,1.0,1.0,1.0,1.0,2.0,0.0,3.0,2.0,4.0,6.0,4.0,17.0,2.0,2.0,7918.0,4.0,3.0,2.0,2.0,2.0,2.0,1.0,2.0,2.0,3.0,3.0,2.0,6.0,1.0,0.0,8413.0,2.0,1.0,0.0,1.0,1.0,1.0,0.0,1.0,1.0,3.0,2.0,3.0,18.0,3.0,1.0,8660.0,1.0,3.0,1.0,2.0,3.0,1.0,1.0,2.0,3.0,5.0,3.0,3.0,36.0,5.0,2.0,8533.0,2.0,3.0,1.0,2.0,2.0,2.0,2.0,2.0,4.0,6.0,4.0,5.0,78.0,5.0,3.0,8504.0,5.0,5.0,3.0,5.0,5.0,3.0,3.0,4.0,5.0,6.0,5.0,7.0,55.0,5.0,5.0,8875.0,5.0,7.0,5.0,6.0,4.0,4.0,4.0,5.0,7.0,6.0,5.0,6.0,63.0,5.0,2.0,8544.0,4.0,4.0,3.0,5.0,5.0,3.0,2.0,4.0,5.0,6.0,5.0,6.0,vips
187.0,77.0,17.0,8153.0,66.0,58.0,17.0,32.0,27.0,33.0,8.0,18.0,69.0,141.0,121.0,109.0,43.0,2.0,3.0,7924.0,6.0,3.0,4.0,4.0,3.0,4.0,4.0,3.0,5.0,9.0,9.0,6.0,16.0,4.0,1.0,7876.0,3.0,4.0,0.0,2.0,1.0,1.0,0.0,1.0,2.0,5.0,5.0,3.0,31.0,1.0,2.0,7918.0,3.0,1.0,1.0,2.0,1.0,2.0,1.0,2.0,3.0,2.0,4.0,4.0,39.0,4.0,2.0,8210.0,3.0,3.0,3.0,2.0,3.0,4.0,3.0,2.0,5.0,6.0,6.0,7.0,39.0,5.0,3.0,8753.0,4.0,2.0,0.0,1.0,2.0,3.0,3.0,3.0,1.0,6.0,7.0,6.0,13.0,2.0,1.0,8613.0,4.0,2.0,1.0,1.0,0.0,1.0,0.0,0.0,2.0,4.0,5.0,4.0,21.0,3.0,0.0,8744.0,5.0,3.0,0.0,1.0,2.0,3.0,1.0,0.0,2.0,3.0,5.0,5.0,23.0,1.0,0.0,8753.0,3.0,3.0,2.0,2.0,2.0,2.0,2.0,1.0,3.0,3.0,6.0,4.0,22.0,5.0,1.0,8570.0,3.0,2.0,0.0,2.0,1.0,1.0,0.0,2.0,3.0,5.0,4.0,5.0,8.0,3.0,0.0,8571.0,3.0,3.0,0.0,1.0,1.0,1.0,0.0,0.0,2.0,3.0,4.0,3.0,13.0,2.0,1.0,8621.0,3.0,1.0,0.0,0.0,0.0,3.0,0.0,0.0,1.0,4.0,4.0,4.0,39.0,5.0,1.0,8540.0,4.0,2.0,2.0,3.0,2.0,4.0,1.0,2.0,2.0,6.0,5.0,5.0,77.0,6.0,3.0,8494.0,7.0,5.0,3.0,3.0,2.0,5.0,3.0,4.0,7.0,7.0,8.0,5.0,69.0,4.0,5.0,8565.0,7.0,5.0,4.0,5.0,5.0,4.0,4.0,4.0,6.0,9.0,9.0,9.0,61.0,4.0,6.0,7897.0,7.0,6.0,4.0,4.0,4.0,4.0,4.0,4.0,5.0,6.0,7.0,6.0,vips
169.0,89.0,21.0,8848.0,55.0,52.0,19.0,30.0,28.0,33.0,9.0,24.0,81.0,100.0,103.0,120.0,52.0,6.0,4.0,8570.0,5.0,8.0,3.0,4.0,4.0,4.0,2.0,4.0,7.0,5.0,3.0,6.0,14.0,2.0,1.0,8511.0,2.0,1.0,2.0,1.0,1.0,2.0,1.0,1.0,1.0,3.0,4.0,5.0,22.0,2.0,1.0,8570.0,0.0,1.0,1.0,1.0,3.0,0.0,1.0,2.0,3.0,2.0,3.0,2.0,34.0,6.0,2.0,8577.0,3.0,3.0,3.0,3.0,3.0,3.0,2.0,1.0,2.0,3.0,3.0,6.0,31.0,5.0,2.0,8674.0,3.0,3.0,2.0,3.0,3.0,1.0,0.0,2.0,4.0,2.0,7.0,4.0,16.0,2.0,0.0,8582.0,2.0,2.0,1.0,2.0,2.0,2.0,0.0,1.0,3.0,3.0,3.0,5.0,21.0,3.0,3.0,8791.0,2.0,0.0,1.0,3.0,2.0,0.0,1.0,2.0,2.0,5.0,4.0,3.0,22.0,3.0,2.0,8842.0,1.0,2.0,0.0,2.0,1.0,2.0,0.0,0.0,2.0,3.0,2.0,6.0,23.0,2.0,0.0,7950.0,2.0,2.0,2.0,2.0,2.0,4.0,1.0,1.0,4.0,5.0,2.0,4.0,8.0,2.0,1.0,7940.0,1.0,1.0,0.0,2.0,0.0,0.0,0.0,1.0,1.0,3.0,2.0,4.0,16.0,2.0,1.0,7983.0,1.0,3.0,1.0,1.0,2.0,2.0,1.0,2.0,3.0,2.0,4.0,3.0,48.0,4.0,2.0,7908.0,3.0,5.0,3.0,2.0,2.0,3.0,2.0,3.0,4.0,6.0,6.0,4.0,57.0,4.0,3.0,7858.0,4.0,4.0,4.0,5.0,3.0,5.0,2.0,2.0,5.0,5.0,7.0,5.0,58.0,7.0,5.0,8584.0,5.0,7.0,6.0,5.0,4.0,5.0,5.0,3.0,7.0,7.0,7.0,8.0,65.0,7.0,3.0,8535.0,5.0,4.0,4.0,4.0,5.0,5.0,3.0,3.0,4.0,5.0,7.0,6.0,vips
183.0,90.0,33.0,8808.0,79.0,56.0,15.0,28.0,41.0,52.0,11.0,36.0,107.0,125.0,133.0,103.0,51.0,4.0,4.0,8593.0,8.0,4.0,4.0,3.0,4.0,17.0,3.0,3.0,6.0,4.0,8.0,8.0,23.0,3.0,3.0,8496.0,4.0,2.0,1.0,1.0,1.0,13.0,1.0,2.0,4.0,1.0,4.0,6.0,40.0,2.0,2.0,7957.0,7.0,2.0,2.0,2.0,0.0,17.0,1.0,3.0,3.0,4.0,5.0,5.0,43.0,3.0,2.0,7890.0,7.0,5.0,2.0,3.0,5.0,31.0,2.0,4.0,6.0,6.0,11.0,6.0,35.0,3.0,2.0,8031.0,6.0,4.0,2.0,1.0,1.0,20.0,2.0,3.0,4.0,7.0,14.0,6.0,11.0,3.0,2.0,7932.0,4.0,1.0,0.0,1.0,1.0,14.0,0.0,1.0,3.0,4.0,5.0,4.0,20.0,2.0,1.0,8150.0,2.0,1.0,2.0,1.0,1.0,15.0,1.0,0.0,3.0,4.0,4.0,6.0,26.0,3.0,1.0,8194.0,7.0,1.0,3.0,1.0,2.0,14.0,1.0,3.0,4.0,5.0,15.0,6.0,20.0,3.0,3.0,8555.0,5.0,2.0,1.0,2.0,2.0,13.0,3.0,2.0,3.0,3.0,5.0,5.0,8.0,3.0,1.0,8587.0,4.0,2.0,0.0,0.0,1.0,16.0,0.0,1.0,3.0,2.0,6.0,3.0,21.0,3.0,2.0,8632.0,4.0,2.0,1.0,1.0,2.0,11.0,1.0,2.0,3.0,4.0,3.0,4.0,58.0,5.0,4.0,8548.0,5.0,3.0,2.0,2.0,3.0,29.0,1.0,3.0,4.0,6.0,5.0,6.0,71.0,6.0,4.0,8507.0,4.0,5.0,3.0,4.0,5.0,13.0,3.0,4.0,7.0,6.0,6.0,7.0,73.0,4.0,3.0,8887.0,8.0,6.0,2.0,4.0,6.0,52.0,3.0,6.0,6.0,7.0,12.0,5.0,56.0,3.0,5.0,8518.0,7.0,5.0,4.0,4.0,6.0,33.0,4.0,4.0,5.0,7.0,7.0,8.0,vips
153.0,84.0,16.0,8114.0,74.0,63.0,29.0,23.0,21.0,46.0,13.0,49.0,72.0,142.0,97.0,84.0,48.0,5.0,5.0,7893.0,3.0,3.0,4.0,5.0,4.0,3.0,4.0,3.0,5.0,7.0,4.0,4.0,12.0,3.0,1.0,7870.0,1.0,2.0,2.0,2.0,2.0,1.0,0.0,1.0,1.0,4.0,1.0,0.0,24.0,2.0,2.0,8451.0,0.0,1.0,2.0,1.0,2.0,0.0,1.0,4.0,2.0,2.0,3.0,2.0,45.0,3.0,4.0,8530.0,3.0,5.0,4.0,3.0,1.0,3.0,3.0,3.0,2.0,5.0,4.0,4.0,37.0,5.0,3.0,8636.0,4.0,3.0,1.0,1.0,4.0,3.0,2.0,2.0,3.0,5.0,5.0,4.0,22.0,1.0,0.0,8559.0,2.0,3.0,2.0,1.0,1.0,1.0,1.0,1.0,2.0,2.0,2.0,4.0,17.0,4.0,1.0,8875.0,3.0,3.0,1.0,1.0,1.0,3.0,0.0,1.0,1.0,4.0,3.0,3.0,16.0,1.0,1.0,8799.0,3.0,4.0,1.0,0.0,0.0,3.0,0.0,1.0,1.0,2.0,4.0,2.0,33.0,3.0,4.0,8566.0,13.0,2.0,4.0,4.0,2.0,1.0,0.0,1.0,8.0,5.0,11.0,8.0,10.0,2.0,0.0,8582.0,2.0,2.0,1.0,1.0,1.0,2.0,0.0,1.0,1.0,4.0,3.0,2.0,29.0,3.0,1.0,8620.0,3.0,3.0,2.0,1.0,1.0,1.0,1.0,2.0,3.0,5.0,5.0,5.0,43.0,4.0,2.0,8546.0,4.0,3.0,3.0,2.0,2.0,4.0,2.0,3.0,4.0,6.0,6.0,3.0,78.0,5.0,2.0,8087.0,7.0,6.0,3.0,3.0,3.0,5.0,3.0,4.0,6.0,8.0,5.0,7.0,56.0,7.0,5.0,8249.0,8.0,4.0,5.0,5.0,3.0,6.0,4.0,5.0,7.0,6.0,9.0,8.0,48.0,6.0,3.0,7876.0,4.0,4.0,2.0,3.0,1.0,5.0,2.0,3.0,3.0,7.0,7.0,4.0,vips
0.0,0.0,0.0,0.0,0.0,0.0,0.0,0.0,0.0,0.0,0.0,0.0,0.0,0.0,0.0,0.0,0.0,0.0,0.0,0.0,0.0,0.0,0.0,0.0,0.0,0.0,0.0,0.0,0.0,0.0,0.0,0.0,0.0,0.0,0.0,0.0,0.0,0.0,0.0,0.0,0.0,0.0,0.0,0.0,0.0,0.0,0.0,0.0,0.0,0.0,0.0,0.0,0.0,0.0,0.0,0.0,0.0,0.0,0.0,0.0,0.0,0.0,0.0,0.0,0.0,0.0,0.0,0.0,0.0,0.0,0.0,0.0,0.0,0.0,0.0,0.0,0.0,0.0,0.0,0.0,0.0,0.0,0.0,0.0,0.0,0.0,0.0,0.0,0.0,0.0,0.0,0.0,0.0,0.0,0.0,0.0,0.0,0.0,0.0,0.0,0.0,0.0,0.0,0.0,0.0,0.0,0.0,0.0,0.0,0.0,0.0,0.0,0.0,0.0,0.0,0.0,0.0,0.0,0.0,0.0,0.0,0.0,0.0,0.0,0.0,0.0,0.0,0.0,0.0,0.0,0.0,0.0,0.0,0.0,0.0,0.0,0.0,0.0,0.0,0.0,0.0,0.0,0.0,0.0,0.0,0.0,0.0,0.0,0.0,0.0,0.0,0.0,0.0,0.0,0.0,0.0,0.0,0.0,0.0,0.0,0.0,0.0,0.0,0.0,0.0,0.0,0.0,0.0,0.0,0.0,0.0,0.0,0.0,0.0,0.0,0.0,0.0,0.0,0.0,0.0,0.0,0.0,0.0,0.0,0.0,0.0,0.0,0.0,0.0,0.0,0.0,0.0,0.0,0.0,0.0,0.0,0.0,0.0,0.0,0.0,0.0,0.0,0.0,0.0,0.0,0.0,0.0,0.0,0.0,0.0,0.0,0.0,0.0,0.0,0.0,0.0,0.0,0.0,0.0,0.0,0.0,0.0,0.0,0.0,0.0,0.0,0.0,0.0,0.0,0.0,0.0,0.0,0.0,0.0,0.0,0.0,0.0,0.0,0.0,0.0,0.0,0.0,0.0,0.0,0.0,0.0,0.0,0.0,0.0,0.0,0.0,0.0,0.0,0.0,0.0,0.0,vips
697.0,490.0,424.0,7418.0,463.0,444.0,542.0,470.0,525.0,473.0,449.0,437.0,433.0,508.0,506.0,515.0,74.0,8.0,3.0,5700.0,9.0,7.0,59.0,31.0,36.0,45.0,33.0,19.0,6.0,9.0,11.0,9.0,41.0,4.0,1.0,5612.0,6.0,5.0,56.0,30.0,35.0,39.0,33.0,16.0,3.0,3.0,8.0,7.0,88.0,27.0,18.0,5540.0,22.0,15.0,263.0,112.0,151.0,111.0,108.0,32.0,28.0,31.0,38.0,31.0,68.0,10.0,4.0,5581.0,8.0,7.0,75.0,32.0,62.0,38.0,29.0,34.0,6.0,7.0,8.0,8.0,63.0,3.0,5.0,5684.0,6.0,5.0,69.0,35.0,56.0,47.0,28.0,20.0,5.0,4.0,7.0,6.0,34.0,9.0,4.0,5563.0,12.0,9.0,55.0,38.0,41.0,41.0,28.0,19.0,9.0,8.0,8.0,9.0,47.0,11.0,8.0,5685.0,13.0,9.0,64.0,37.0,54.0,51.0,45.0,26.0,8.0,13.0,11.0,10.0,39.0,7.0,6.0,5666.0,7.0,12.0,80.0,42.0,64.0,61.0,50.0,18.0,8.0,5.0,8.0,9.0,33.0,6.0,2.0,5445.0,6.0,6.0,59.0,31.0,49.0,35.0,28.0,21.0,5.0,5.0,15.0,8.0,15.0,5.0,2.0,5604.0,4.0,4.0,69.0,36.0,50.0,43.0,31.0,14.0,3.0,3.0,5.0,6.0,37.0,3.0,3.0,5435.0,7.0,4.0,67.0,29.0,47.0,42.0,31.0,10.0,7.0,4.0,11.0,5.0,43.0,6.0,2.0,5495.0,4.0,4.0,64.0,41.0,63.0,49.0,35.0,23.0,4.0,6.0,6.0,7.0,85.0,8.0,7.0,5915.0,6.0,5.0,73.0,36.0,63.0,50.0,34.0,15.0,5.0,8.0,6.0,8.0,81.0,6.0,5.0,6445.0,9.0,8.0,59.0,31.0,51.0,44.0,34.0,52.0,5.0,9.0,7.0,8.0,93.0,7.0,5.0,6327.0,6.0,5.0,82.0,38.0,52.0,59.0,39.0,28.0,7.0,7.0,6.0,10.0,vips
1882.0,1452.0,1447.0,5186.0,1432.0,1481.0,1249.0,1368.0,4539.0,3115.0,2728.0,1414.0,2271.0,3703.0,1427.0,1611.0,292.0,15.0,56.0,3292.0,61.0,46.0,10.0,13.0,1696.0,896.0,778.0,63.0,568.0,1282.0,46.0,49.0,227.0,10.0,53.0,3174.0,49.0,45.0,6.0,4.0,1656.0,1083.0,837.0,55.0,631.0,1368.0,44.0,58.0,379.0,120.0,221.0,2770.0,195.0,176.0,70.0,79.0,2279.0,1291.0,1052.0,184.0,757.0,2056.0,186.0,192.0,233.0,13.0,51.0,2894.0,38.0,45.0,7.0,6.0,2131.0,1445.0,1119.0,60.0,702.0,1730.0,46.0,55.0,266.0,13.0,57.0,3150.0,50.0,44.0,5.0,5.0,2019.0,1475.0,972.0,61.0,706.0,1490.0,51.0,69.0,147.0,8.0,37.0,2645.0,35.0,35.0,3.0,4.0,1492.0,1047.0,838.0,39.0,461.0,1131.0,33.0,39.0,221.0,8.0,56.0,2734.0,48.0,44.0,7.0,9.0,1395.0,939.0,814.0,56.0,496.0,1143.0,52.0,50.0,276.0,67.0,112.0,3345.0,160.0,97.0,25.0,47.0,1725.0,1390.0,1095.0,109.0,718.0,1915.0,111.0,97.0,217.0,52.0,64.0,2837.0,95.0,93.0,22.0,24.0,1643.0,855.0,875.0,53.0,642.0,1446.0,78.0,64.0,167.0,44.0,74.0,3328.0,80.0,68.0,30.0,20.0,1752.0,1172.0,716.0,83.0,665.0,1499.0,64.0,68.0,180.0,11.0,48.0,2689.0,53.0,47.0,5.0,9.0,1476.0,908.0,696.0,48.0,483.0,1055.0,65.0,61.0,182.0,31.0,55.0,3005.0,70.0,56.0,15.0,13.0,1775.0,1165.0,872.0,54.0,529.0,1267.0,65.0,98.0,247.0,100.0,84.0,3231.0,120.0,93.0,30.0,36.0,2200.0,1503.0,1104.0,67.0,748.0,1346.0,101.0,72.0,220.0,12.0,57.0,2935.0,48.0,42.0,6.0,8.0,1778.0,1061.0,826.0,57.0,506.0,1337.0,43.0,47.0,321.0,15.0,66.0,3115.0,58.0,52.0,7.0,8.0,1833.0,1292.0,967.0,71.0,646.0,1390.0,64.0,63.0,vips
2058.0,1507.0,1427.0,3360.0,1474.0,1485.0,1394.0,1455.0,1455.0,1451.0,1396.0,1439.0,1432.0,1424.0,1450.0,1472.0,552.0,15.0,16.0,1874.0,18.0,18.0,15.0,10.0,15.0,12.0,11.0,9.0,11.0,15.0,7.0,11.0,509.0,8.0,1.0,1857.0,3.0,5.0,0.0,3.0,4.0,2.0,1.0,2.0,3.0,3.0,5.0,7.0,588.0,50.0,79.0,1904.0,50.0,41.0,43.0,51.0,63.0,38.0,52.0,53.0,45.0,48.0,37.0,55.0,531.0,8.0,10.0,1866.0,8.0,9.0,5.0,5.0,7.0,7.0,6.0,6.0,8.0,9.0,7.0,9.0,528.0,6.0,7.0,1857.0,5.0,8.0,3.0,5.0,7.0,7.0,4.0,5.0,3.0,7.0,5.0,10.0,477.0,6.0,7.0,1857.0,7.0,11.0,4.0,2.0,3.0,3.0,4.0,2.0,3.0,7.0,5.0,6.0,530.0,21.0,23.0,1876.0,23.0,28.0,21.0,21.0,28.0,21.0,12.0,22.0,22.0,18.0,15.0,26.0,519.0,18.0,13.0,1877.0,17.0,18.0,8.0,12.0,16.0,17.0,11.0,18.0,16.0,14.0,20.0,21.0,493.0,7.0,6.0,1865.0,6.0,9.0,3.0,6.0,5.0,5.0,3.0,6.0,6.0,8.0,8.0,9.0,476.0,5.0,5.0,1854.0,5.0,9.0,1.0,6.0,3.0,2.0,3.0,2.0,2.0,3.0,8.0,6.0,507.0,5.0,3.0,1853.0,3.0,5.0,1.0,3.0,4.0,5.0,4.0,5.0,4.0,4.0,6.0,7.0,493.0,5.0,5.0,1858.0,5.0,8.0,0.0,4.0,7.0,4.0,3.0,2.0,2.0,7.0,9.0,8.0,477.0,4.0,7.0,1859.0,6.0,11.0,2.0,4.0,5.0,6.0,6.0,3.0,7.0,4.0,5.0,7.0,492.0,9.0,8.0,1857.0,9.0,6.0,5.0,5.0,9.0,11.0,8.0,10.0,9.0,9.0,11.0,11.0,512.0,7.0,9.0,1858.0,7.0,9.0,4.0,8.0,6.0,8.0,4.0,6.0,6.0,7.0,8.0,10.0,vips
2876.0,1885.0,1779.0,3701.0,1844.0,1852.0,1770.0,1822.0,1823.0,1808.0,1776.0,1780.0,1816.0,1822.0,1855.0,1868.0,932.0,22.0,21.0,1860.0,30.0,19.0,24.0,24.0,16.0,20.0,18.0,22.0,20.0,14.0,20.0,19.0,873.0,3.0,2.0,1835.0,8.0,6.0,4.0,7.0,6.0,6.0,5.0,4.0,5.0,9.0,6.0,9.0,970.0,75.0,67.0,1926.0,79.0,80.0,77.0,76.0,67.0,59.0,71.0,76.0,61.0,69.0,75.0,76.0,908.0,13.0,6.0,1845.0,11.0,11.0,9.0,12.0,13.0,11.0,11.0,10.0,12.0,9.0,13.0,15.0,900.0,10.0,3.0,1835.0,10.0,8.0,7.0,8.0,9.0,7.0,4.0,5.0,10.0,7.0,11.0,11.0,864.0,9.0,3.0,1836.0,9.0,9.0,6.0,9.0,8.0,13.0,9.0,7.0,7.0,8.0,10.0,10.0,908.0,24.0,19.0,1859.0,23.0,31.0,26.0,19.0,25.0,22.0,28.0,28.0,25.0,25.0,42.0,31.0,918.0,40.0,27.0,1872.0,31.0,23.0,25.0,32.0,33.0,33.0,46.0,35.0,35.0,34.0,47.0,31.0,880.0,15.0,10.0,1845.0,17.0,12.0,7.0,11.0,11.0,9.0,9.0,13.0,11.0,11.0,18.0,12.0,868.0,12.0,8.0,1836.0,11.0,12.0,3.0,12.0,10.0,9.0,10.0,6.0,9.0,9.0,15.0,10.0,865.0,6.0,3.0,1837.0,6.0,5.0,3.0,6.0,4.0,4.0,4.0,3.0,6.0,7.0,10.0,8.0,887.0,11.0,10.0,1838.0,9.0,9.0,6.0,11.0,8.0,8.0,4.0,10.0,8.0,8.0,12.0,12.0,886.0,13.0,5.0,1841.0,11.0,9.0,12.0,16.0,15.0,11.0,6.0,16.0,12.0,15.0,19.0,15.0,911.0,10.0,8.0,1846.0,11.0,13.0,7.0,11.0,11.0,9.0,16.0,7.0,14.0,14.0,14.0,10.0,919.0,11.0,8.0,1848.0,9.0,12.0,5.0,8.0,11.0,7.0,5.0,7.0,8.0,14.0,12.0,12.0,vips
5348.0,3321.0,3303.0,5074.0,3495.0,5782.0,4963.0,4480.0,5039.0,7378.0,5615.0,3552.0,5756.0,5159.0,3929.0,3650.0,1721.0,31.0,64.0,1382.0,65.0,1265.0,884.0,672.0,1147.0,2296.0,1209.0,291.0,1264.0,1078.0,74.0,70.0,1686.0,21.0,52.0,1395.0,83.0,1522.0,1081.0,695.0,1265.0,2817.0,1286.0,274.0,1484.0,1392.0,111.0,81.0,1924.0,160.0,178.0,1248.0,187.0,1813.0,1383.0,1016.0,1322.0,3192.0,1444.0,392.0,1460.0,1361.0,223.0,245.0,1863.0,18.0,100.0,1297.0,57.0,1874.0,1364.0,1021.0,1349.0,3247.0,1766.0,406.0,1733.0,1417.0,144.0,98.0,1857.0,112.0,124.0,1528.0,166.0,1652.0,1432.0,1139.0,1618.0,3636.0,1576.0,396.0,1889.0,1407.0,173.0,139.0,1685.0,52.0,92.0,1175.0,103.0,1296.0,944.0,835.0,1062.0,2885.0,1395.0,299.0,1247.0,1122.0,168.0,106.0,1709.0,63.0,86.0,1181.0,112.0,1374.0,1020.0,723.0,1032.0,2419.0,1222.0,406.0,1113.0,1001.0,174.0,108.0,1671.0,83.0,99.0,1388.0,147.0,1570.0,1091.0,786.0,1225.0,2795.0,1351.0,352.0,1541.0,1288.0,169.0,116.0,1698.0,147.0,92.0,1483.0,170.0,1656.0,1191.0,855.0,1286.0,2176.0,1398.0,280.0,1585.0,1263.0,198.0,105.0,1608.0,81.0,92.0,1493.0,109.0,1372.0,1031.0,731.0,1479.0,2917.0,1239.0,251.0,1625.0,1520.0,172.0,88.0,1628.0,32.0,69.0,1106.0,77.0,1195.0,886.0,704.0,1394.0,2365.0,1147.0,176.0,1192.0,1243.0,180.0,68.0,1794.0,77.0,109.0,1393.0,133.0,1626.0,1194.0,878.0,1381.0,3233.0,1577.0,364.0,1355.0,1194.0,249.0,167.0,1720.0,107.0,77.0,1307.0,107.0,1582.0,1081.0,876.0,1334.0,3137.0,1577.0,299.0,1604.0,1008.0,166.0,97.0,2002.0,25.0,161.0,1257.0,64.0,1619.0,1134.0,963.0,1403.0,2673.0,1356.0,484.0,1382.0,1215.0,213.0,175.0,1885.0,24.0,94.0,1376.0,61.0,1730.0,1274.0,1046.0,1394.0,2835.0,1446.0,428.0,1537.0,1210.0,175.0,116.0,vips
7540.0,3383.0,4781.0,3221.0,4207.0,4775.0,4878.0,4981.0,5324.0,5952.0,4966.0,5120.0,4570.0,4979.0,5579.0,3253.0,1808.0,106.0,852.0,22.0,511.0,756.0,685.0,1002.0,1402.0,1686.0,1037.0,1299.0,1002.0,1182.0,882.0,29.0,1818.0,158.0,912.0,28.0,643.0,1113.0,1152.0,1130.0,1627.0,2114.0,1295.0,1338.0,1224.0,1493.0,1285.0,32.0,1860.0,157.0,958.0,62.0,573.0,932.0,1067.0,1270.0,1370.0,1950.0,1184.0,1265.0,972.0,1395.0,1188.0,53.0,1947.0,157.0,1329.0,24.0,719.0,1216.0,1275.0,1560.0,1854.0,2423.0,1369.0,1945.0,1235.0,1655.0,1914.0,28.0,1852.0,205.0,1252.0,29.0,719.0,1025.0,1109.0,1503.0,1826.0,2462.0,1327.0,1701.0,1342.0,1457.0,1676.0,37.0,1787.0,145.0,907.0,62.0,557.0,886.0,806.0,1147.0,1418.0,1970.0,1235.0,1160.0,920.0,1248.0,1232.0,36.0,1792.0,169.0,893.0,71.0,674.0,856.0,923.0,913.0,1460.0,1805.0,1120.0,1246.0,905.0,1165.0,1257.0,48.0,1765.0,271.0,1091.0,54.0,705.0,1059.0,1176.0,1431.0,1577.0,2115.0,1208.0,1650.0,1183.0,1494.0,1586.0,49.0,1737.0,158.0,907.0,27.0,621.0,922.0,923.0,1049.0,1415.0,1658.0,1036.0,1256.0,950.0,1193.0,1207.0,45.0,1767.0,116.0,884.0,20.0,559.0,1021.0,1062.0,1105.0,1459.0,2129.0,1195.0,1237.0,1196.0,1365.0,1387.0,32.0,1707.0,162.0,940.0,37.0,615.0,1224.0,1071.0,1176.0,1405.0,2016.0,1189.0,1071.0,1093.0,1241.0,1532.0,40.0,1774.0,149.0,1009.0,15.0,632.0,889.0,1010.0,982.0,1508.0,2211.0,1089.0,1238.0,949.0,1176.0,1288.0,53.0,1744.0,164.0,1155.0,32.0,691.0,922.0,950.0,1276.0,1634.0,2143.0,1179.0,1616.0,935.0,1141.0,1264.0,43.0,2019.0,171.0,1215.0,36.0,733.0,976.0,1077.0,1179.0,1666.0,2093.0,1378.0,1458.0,1169.0,1445.0,1292.0,49.0,1840.0,129.0,1113.0,13.0,620.0,1186.0,1095.0,1333.0,1457.0,2215.0,1286.0,1365.0,1065.0,1341.0,1328.0,12.0,vips
9798.0,3952.0,5810.0,3761.0,5973.0,6050.0,5159.0,4922.0,5010.0,6759.0,5361.0,4878.0,5590.0,5301.0,5771.0,5224.0,3559.0,27.0,904.0,30.0,1070.0,1206.0,767.0,770.0,883.0,1832.0,879.0,851.0,1101.0,909.0,705.0,674.0,3918.0,89.0,1067.0,38.0,1321.0,1469.0,1002.0,903.0,1069.0,2191.0,1070.0,1008.0,1463.0,1118.0,1022.0,910.0,3858.0,57.0,963.0,44.0,1133.0,1269.0,1068.0,885.0,831.0,2230.0,946.0,797.0,1146.0,896.0,830.0,821.0,5135.0,77.0,1357.0,50.0,1571.0,1592.0,1182.0,1153.0,1250.0,2668.0,1362.0,1276.0,1600.0,1225.0,1324.0,1244.0,5081.0,97.0,1251.0,32.0,1642.0,1563.0,1157.0,1185.0,1230.0,2661.0,1124.0,1010.0,1371.0,962.0,1188.0,1102.0,3726.0,73.0,874.0,43.0,1087.0,1104.0,746.0,795.0,874.0,2075.0,1106.0,694.0,947.0,835.0,888.0,686.0,3555.0,88.0,746.0,69.0,1040.0,1153.0,745.0,738.0,799.0,1984.0,995.0,722.0,919.0,827.0,774.0,738.0,3918.0,97.0,1110.0,40.0,1520.0,1376.0,936.0,853.0,971.0,2297.0,1024.0,958.0,1290.0,1009.0,1054.0,932.0,3698.0,100.0,941.0,44.0,1410.0,1321.0,870.0,814.0,916.0,1647.0,945.0,805.0,1244.0,884.0,998.0,823.0,3632.0,84.0,1034.0,29.0,1240.0,1276.0,1061.0,1076.0,1047.0,2099.0,911.0,1061.0,1248.0,1060.0,1133.0,748.0,3592.0,78.0,955.0,26.0,1110.0,1244.0,942.0,1014.0,1136.0,1810.0,907.0,923.0,1015.0,1005.0,1165.0,809.0,3940.0,91.0,1091.0,41.0,1325.0,1266.0,856.0,809.0,1067.0,2505.0,1023.0,862.0,1076.0,867.0,910.0,897.0,4039.0,97.0,1062.0,20.0,1408.0,1280.0,681.0,858.0,1006.0,2166.0,1072.0,937.0,1217.0,856.0,908.0,858.0,4218.0,70.0,1165.0,34.0,1226.0,1315.0,957.0,855.0,945.0,2362.0,1098.0,936.0,1172.0,929.0,889.0,921.0,4176.0,57.0,1179.0,31.0,1317.0,1472.0,1100.0,1113.0,1100.0,2470.0,1198.0,951.0,1367.0,1023.0,975.0,910.0,vips
10957.0,4559.0,6084.0,4541.0,6294.0,6745.0,6544.0,6070.0,6421.0,8142.0,5512.0,5617.0,5819.0,5862.0,6144.0,6381.0,3723.0,25.0,918.0,37.0,737.0,935.0,1144.0,1121.0,1604.0,2080.0,690.0,1165.0,883.0,891.0,817.0,945.0,4032.0,79.0,1110.0,46.0,895.0,1209.0,1507.0,1265.0,1839.0,2617.0,956.0,1248.0,1141.0,1071.0,1108.0,1243.0,4203.0,43.0,960.0,47.0,742.0,1072.0,1484.0,1290.0,1580.0,2390.0,759.0,1099.0,796.0,820.0,868.0,1159.0,5181.0,86.0,1163.0,51.0,1066.0,1467.0,1829.0,1646.0,2007.0,2829.0,1031.0,1469.0,1171.0,1080.0,1342.0,1508.0,5102.0,151.0,1343.0,56.0,1100.0,1129.0,1783.0,1744.0,2043.0,2948.0,925.0,1424.0,1087.0,979.0,1346.0,1463.0,4087.0,111.0,938.0,88.0,945.0,1032.0,1202.0,1203.0,1857.0,2464.0,1086.0,1042.0,925.0,972.0,1042.0,1009.0,3985.0,97.0,831.0,80.0,830.0,892.0,1271.0,945.0,1524.0,2155.0,771.0,1027.0,757.0,797.0,902.0,825.0,4363.0,90.0,1015.0,60.0,1011.0,1139.0,1587.0,1289.0,1707.0,2465.0,840.0,1256.0,948.0,946.0,1038.0,1254.0,4086.0,167.0,919.0,68.0,963.0,1145.0,1485.0,1214.0,1618.0,1860.0,774.0,1124.0,910.0,805.0,970.0,1076.0,3912.0,83.0,1052.0,40.0,1105.0,994.0,1311.0,1171.0,1900.0,2266.0,949.0,1207.0,1038.0,1005.0,1178.0,1012.0,3932.0,73.0,1025.0,44.0,1031.0,1033.0,1177.0,1041.0,1948.0,2114.0,1023.0,1081.0,1089.0,1025.0,1201.0,1131.0,4207.0,89.0,898.0,35.0,869.0,915.0,1373.0,1120.0,1836.0,2378.0,777.0,1097.0,815.0,836.0,934.0,1050.0,4263.0,93.0,890.0,40.0,857.0,1240.0,1428.0,1235.0,1955.0,2505.0,829.0,1156.0,893.0,794.0,836.0,1098.0,4201.0,87.0,1029.0,44.0,799.0,1114.0,1378.0,1116.0,1813.0,2524.0,806.0,1207.0,931.0,909.0,934.0,1039.0,4328.0,97.0,1088.0,60.0,943.0,1459.0,1714.0,1403.0,1934.0,2934.0,984.0,1255.0,1082.0,1038.0,1104.0,1132.0,vips
10918.0,5053.0,6759.0,4748.0,6598.0,6435.0,5879.0,6177.0,5910.0,6657.0,6652.0,6138.0,6124.0,7018.0,6877.0,6082.0,3760.0,81.0,1140.0,23.0,1264.0,817.0,691.0,961.0,1087.0,1375.0,1778.0,1075.0,1208.0,1814.0,983.0,820.0,3964.0,210.0,1312.0,84.0,1542.0,1214.0,1059.0,1188.0,1385.0,1899.0,1872.0,1207.0,1395.0,2070.0,1453.0,1215.0,3967.0,113.0,1249.0,39.0,1198.0,798.0,804.0,1060.0,1147.0,1445.0,1710.0,1094.0,1152.0,1829.0,1128.0,934.0,4599.0,193.0,1730.0,55.0,1443.0,1086.0,1121.0,1517.0,1406.0,1838.0,1918.0,1691.0,1355.0,1960.0,1794.0,1290.0,4730.0,198.0,1608.0,55.0,1542.0,1025.0,999.0,1419.0,1464.0,1899.0,1905.0,1322.0,1449.0,2073.0,1496.0,1301.0,3881.0,178.0,1137.0,77.0,1119.0,818.0,792.0,1020.0,1153.0,1557.0,2035.0,1033.0,1213.0,1830.0,1136.0,827.0,3786.0,187.0,1162.0,94.0,1289.0,892.0,767.0,875.0,1089.0,1474.0,1874.0,1111.0,1099.0,1884.0,1222.0,865.0,3822.0,252.0,1442.0,64.0,1324.0,834.0,821.0,1365.0,1181.0,1519.0,1777.0,1381.0,1280.0,1814.0,1484.0,1070.0,3635.0,189.0,1134.0,53.0,1238.0,881.0,728.0,1006.0,1120.0,1334.0,1608.0,1088.0,1170.0,1678.0,1156.0,829.0,3903.0,175.0,1190.0,62.0,1421.0,1003.0,1000.0,1093.0,1297.0,1728.0,1938.0,1069.0,1575.0,2268.0,1295.0,1065.0,3969.0,201.0,1163.0,77.0,1357.0,1149.0,1146.0,1211.0,1413.0,1867.0,1998.0,860.0,1424.0,2101.0,1454.0,1268.0,3882.0,170.0,1233.0,64.0,1306.0,838.0,795.0,961.0,1233.0,1764.0,1910.0,1093.0,1176.0,1788.0,1288.0,924.0,3868.0,177.0,1361.0,54.0,1356.0,929.0,728.0,1225.0,1325.0,1714.0,2135.0,1318.0,1266.0,1951.0,1238.0,827.0,4256.0,201.0,1532.0,79.0,1458.0,993.0,950.0,1219.0,1277.0,1854.0,2046.0,1382.0,1391.0,2038.0,1171.0,1051.0,4161.0,181.0,1522.0,48.0,1353.0,1183.0,1054.0,1318.0,1258.0,2117.0,2016.0,1371.0,1385.0,2091.0,1339.0,995.0,vips
13192.0,5706.0,7981.0,5778.0,8086.0,9157.0,8344.0,7165.0,6979.0,9624.0,7107.0,6702.0,7823.0,6955.0,7470.0,8000.0,4835.0,42.0,1142.0,52.0,1191.0,2113.0,1881.0,942.0,915.0,2833.0,1181.0,1094.0,1633.0,1047.0,892.0,1456.0,5573.0,124.0,1385.0,72.0,1520.0,2443.0,2109.0,1205.0,1276.0,3308.0,1401.0,1180.0,1914.0,1310.0,1162.0,1846.0,5415.0,33.0,1128.0,33.0,1065.0,2042.0,2002.0,974.0,828.0,3137.0,1270.0,894.0,1575.0,1225.0,826.0,1566.0,6508.0,106.0,1624.0,61.0,1474.0,2429.0,2318.0,1344.0,1289.0,3301.0,1534.0,1343.0,1875.0,1412.0,1366.0,2042.0,6558.0,154.0,1554.0,76.0,1483.0,2454.0,2292.0,1322.0,1289.0,3992.0,1514.0,1251.0,2080.0,1340.0,1285.0,2158.0,5162.0,101.0,1098.0,77.0,1094.0,2196.0,1993.0,966.0,994.0,3158.0,1357.0,922.0,1713.0,1067.0,1001.0,1341.0,4959.0,93.0,1073.0,77.0,1081.0,2060.0,1829.0,868.0,1130.0,2693.0,1232.0,924.0,1558.0,1020.0,914.0,1221.0,5605.0,125.0,1378.0,78.0,1489.0,2167.0,2030.0,1063.0,1290.0,2766.0,1325.0,1094.0,1714.0,1215.0,1141.0,1918.0,5112.0,150.0,1167.0,75.0,1263.0,2339.0,1957.0,921.0,814.0,2497.0,1190.0,954.0,1706.0,1102.0,960.0,1452.0,4941.0,72.0,1247.0,38.0,1364.0,2260.0,2036.0,1199.0,1064.0,3094.0,1375.0,1114.0,1934.0,1353.0,1171.0,1342.0,4659.0,88.0,1256.0,46.0,1231.0,2410.0,2015.0,1238.0,1121.0,3081.0,1434.0,1150.0,1890.0,1234.0,1410.0,1456.0,5084.0,95.0,1292.0,50.0,1225.0,2202.0,2104.0,1011.0,962.0,3372.0,1313.0,1004.0,1605.0,1061.0,1020.0,1588.0,5177.0,102.0,1339.0,46.0,1293.0,2286.0,2047.0,1132.0,1074.0,3254.0,1452.0,1118.0,1782.0,1201.0,1011.0,1509.0,5498.0,108.0,1361.0,53.0,1226.0,2222.0,2093.0,1067.0,1146.0,3187.0,1354.0,1126.0,1725.0,1186.0,979.0,1631.0,5606.0,119.0,1618.0,71.0,1493.0,2702.0,2368.0,1543.0,1237.0,3926.0,1448.0,1338.0,1964.0,1215.0,1184.0,1584.0,vips
19381.0,1405.0,640.0,3634.0,732.0,648.0,590.0,615.0,622.0,598.0,596.0,582.0,556.0,607.0,662.0,654.0,84.0,320.0,103.0,3155.0,119.0,53.0,61.0,58.0,43.0,51.0,46.0,39.0,50.0,58.0,77.0,63.0,36.0,548.0,30.0,2116.0,69.0,31.0,28.0,26.0,27.0,25.0,28.0,27.0,29.0,83.0,65.0,36.0,78.0,1574.0,90.0,2112.0,141.0,80.0,38.0,47.0,38.0,34.0,33.0,31.0,51.0,48.0,77.0,55.0,55.0,553.0,46.0,2010.0,57.0,24.0,31.0,24.0,30.0,24.0,26.0,25.0,23.0,46.0,53.0,27.0,38.0,593.0,34.0,2163.0,56.0,22.0,27.0,28.0,31.0,32.0,28.0,29.0,24.0,36.0,46.0,24.0,43.0,442.0,34.0,1743.0,46.0,21.0,23.0,30.0,26.0,31.0,31.0,27.0,20.0,31.0,52.0,20.0,37.0,419.0,30.0,1515.0,45.0,18.0,26.0,23.0,26.0,26.0,28.0,26.0,19.0,27.0,53.0,20.0,40.0,386.0,35.0,1742.0,66.0,24.0,27.0,27.0,27.0,28.0,33.0,31.0,27.0,30.0,68.0,25.0,46.0,307.0,37.0,1743.0,68.0,26.0,32.0,26.0,30.0,31.0,32.0,28.0,27.0,44.0,56.0,26.0,31.0,284.0,34.0,1825.0,59.0,18.0,31.0,26.0,34.0,33.0,31.0,34.0,21.0,35.0,72.0,21.0,30.0,270.0,25.0,1649.0,51.0,14.0,18.0,17.0,20.0,21.0,20.0,18.0,16.0,22.0,55.0,20.0,21.0,368.0,31.0,1707.0,55.0,15.0,23.0,24.0,25.0,23.0,22.0,24.0,16.0,34.0,57.0,19.0,26.0,280.0,32.0,1855.0,63.0,21.0,24.0,24.0,24.0,29.0,27.0,26.0,24.0,29.0,68.0,26.0,49.0,214.0,71.0,1741.0,59.0,16.0,24.0,27.0,28.0,20.0,30.0,28.0,17.0,55.0,63.0,21.0,49.0,228.0,50.0,2197.0,53.0,24.0,26.0,26.0,25.0,25.0,25.0,26.0,25.0,46.0,68.0,26.0,vips
15505.0,8263.0,10764.0,8501.0,10768.0,10083.0,9695.0,10462.0,10135.0,10653.0,9384.0,10070.0,9352.0,9738.0,10955.0,9976.0,5447.0,44.0,1956.0,89.0,2123.0,1161.0,1270.0,2004.0,1198.0,2272.0,1234.0,1715.0,1085.0,1430.0,1992.0,1421.0,5603.0,142.0,1963.0,146.0,2340.0,1325.0,1490.0,2119.0,1412.0,2512.0,1367.0,1883.0,1294.0,1636.0,2154.0,1549.0,5599.0,70.0,1936.0,125.0,2182.0,1293.0,1396.0,2094.0,1262.0,2313.0,1239.0,1705.0,1198.0,1507.0,2046.0,1470.0,5578.0,133.0,2064.0,163.0,2153.0,1374.0,1457.0,2155.0,1443.0,2516.0,1316.0,1710.0,1235.0,1381.0,2233.0,1551.0,5895.0,133.0,2144.0,166.0,2323.0,1407.0,1557.0,2410.0,1503.0,2637.0,1413.0,1910.0,1379.0,1668.0,2142.0,1535.0,5451.0,131.0,2023.0,125.0,2277.0,1246.0,1382.0,2270.0,1247.0,2487.0,1362.0,1799.0,1200.0,1490.0,2146.0,1433.0,5361.0,130.0,1965.0,138.0,2161.0,1238.0,1366.0,2149.0,1513.0,2282.0,1760.0,1971.0,1279.0,1742.0,2113.0,1456.0,5441.0,207.0,2013.0,175.0,2302.0,1284.0,1378.0,2102.0,1605.0,2443.0,1605.0,1784.0,1556.0,1924.0,2021.0,1568.0,5235.0,135.0,1928.0,127.0,2085.0,1216.0,1417.0,2033.0,1309.0,2140.0,1239.0,1727.0,1217.0,1448.0,1974.0,1405.0,5284.0,100.0,1958.0,164.0,2243.0,1240.0,1383.0,2167.0,1227.0,2328.0,1234.0,1747.0,1234.0,1462.0,2151.0,1423.0,5238.0,157.0,2053.0,135.0,2222.0,1296.0,1431.0,2192.0,1238.0,2327.0,1271.0,1738.0,1173.0,1401.0,2389.0,1491.0,5379.0,97.0,1891.0,208.0,2288.0,1242.0,1377.0,2069.0,1307.0,2462.0,1244.0,1712.0,1203.0,1473.0,2044.0,1457.0,5448.0,130.0,2064.0,157.0,2364.0,1396.0,1498.0,2318.0,1410.0,2543.0,1655.0,2033.0,1309.0,1550.0,2262.0,1518.0,5614.0,159.0,2185.0,227.0,2297.0,1279.0,1422.0,2282.0,1397.0,2329.0,1378.0,2029.0,1283.0,1601.0,2070.0,1470.0,5503.0,144.0,2198.0,281.0,2412.0,1349.0,1405.0,2407.0,1392.0,2544.0,1421.0,1910.0,1226.0,1541.0,2188.0,1489.0,vips
15273.0,7583.0,9174.0,8061.0,9243.0,9292.0,8890.0,9030.0,9255.0,9436.0,8951.0,8732.0,9507.0,10504.0,9573.0,9722.0,5946.0,33.0,1122.0,133.0,1217.0,1285.0,1243.0,1137.0,1396.0,1576.0,1540.0,1177.0,1748.0,2765.0,1569.0,1696.0,6193.0,114.0,1322.0,223.0,1381.0,1474.0,1544.0,1336.0,1653.0,1900.0,1590.0,1353.0,1926.0,2919.0,1939.0,1887.0,6310.0,66.0,1227.0,187.0,1301.0,1395.0,1477.0,1379.0,1477.0,1833.0,1619.0,1302.0,1813.0,2971.0,1793.0,1776.0,6486.0,123.0,1394.0,286.0,1396.0,1393.0,1459.0,2399.0,1816.0,2149.0,1692.0,1490.0,1892.0,3088.0,1647.0,1853.0,6652.0,103.0,1439.0,284.0,1493.0,1575.0,1633.0,3481.0,1916.0,2099.0,1679.0,1638.0,1963.0,3006.0,1636.0,2044.0,6199.0,102.0,1159.0,255.0,1277.0,1972.0,1390.0,2473.0,1451.0,1830.0,1602.0,1303.0,1742.0,2949.0,1702.0,1792.0,6020.0,106.0,1105.0,270.0,1261.0,2101.0,1875.0,2344.0,1344.0,2053.0,1603.0,1368.0,1750.0,2901.0,1862.0,1739.0,6047.0,105.0,1350.0,236.0,1390.0,1566.0,1706.0,1542.0,1593.0,2205.0,1603.0,1416.0,1955.0,3103.0,1867.0,1779.0,5899.0,95.0,1150.0,222.0,1254.0,1281.0,1328.0,1230.0,1446.0,1562.0,1554.0,1318.0,1863.0,2917.0,1572.0,1712.0,6033.0,83.0,1295.0,202.0,1408.0,1327.0,1384.0,1284.0,1407.0,1879.0,1590.0,1288.0,2010.0,2963.0,1667.0,1726.0,5988.0,103.0,1350.0,225.0,1410.0,1337.0,1328.0,1447.0,1400.0,1806.0,1502.0,1408.0,1747.0,2706.0,1821.0,1848.0,6179.0,80.0,1258.0,276.0,1353.0,1303.0,1404.0,1261.0,1585.0,1875.0,1732.0,1429.0,1848.0,2983.0,1569.0,1832.0,6285.0,68.0,1371.0,183.0,1499.0,1441.0,1396.0,1501.0,1556.0,2096.0,1653.0,1675.0,1843.0,2927.0,1578.0,1933.0,6183.0,105.0,1262.0,335.0,1316.0,1376.0,1387.0,1324.0,1614.0,1752.0,1671.0,1403.0,1858.0,2870.0,1625.0,1789.0,6542.0,115.0,1361.0,434.0,1351.0,1503.0,1500.0,1405.0,1592.0,1909.0,1774.0,1368.0,1926.0,2914.0,1703.0,1803.0,vips
13585.0,7803.0,9664.0,10337.0,9181.0,10624.0,10412.0,8873.0,8634.0,10322.0,9767.0,8616.0,9901.0,8898.0,9210.0,8856.0,4603.0,23.0,1168.0,1205.0,1120.0,2554.0,2593.0,1168.0,767.0,1944.0,2405.0,1165.0,2286.0,1180.0,1154.0,884.0,4871.0,131.0,1321.0,1554.0,1332.0,2626.0,2734.0,1259.0,1060.0,2512.0,2366.0,1256.0,2330.0,1301.0,1444.0,1259.0,5015.0,129.0,1566.0,1447.0,1265.0,2763.0,2847.0,1298.0,895.0,2763.0,2401.0,1214.0,2399.0,1347.0,1353.0,1179.0,5058.0,124.0,1683.0,1925.0,1134.0,2697.0,2809.0,1308.0,1125.0,2645.0,2489.0,1279.0,2464.0,1330.0,1524.0,1188.0,5139.0,102.0,1652.0,1703.0,1334.0,2746.0,2985.0,1466.0,1028.0,2759.0,2413.0,1322.0,2491.0,1336.0,1515.0,1399.0,4639.0,99.0,1398.0,1107.0,1107.0,2761.0,2595.0,1150.0,692.0,2406.0,2407.0,1030.0,2323.0,1226.0,1284.0,950.0,4564.0,96.0,1530.0,1110.0,1415.0,2539.0,2648.0,1138.0,656.0,2529.0,2420.0,1121.0,2359.0,1797.0,1210.0,830.0,4650.0,89.0,1892.0,1565.0,1426.0,2617.0,2773.0,1192.0,822.0,2499.0,2398.0,1205.0,2458.0,1607.0,1383.0,1057.0,4519.0,128.0,1945.0,1491.0,1149.0,2648.0,2618.0,1106.0,772.0,1969.0,2319.0,1138.0,2370.0,1232.0,1267.0,938.0,4688.0,170.0,1671.0,1190.0,1315.0,2671.0,2791.0,1362.0,949.0,2258.0,2474.0,1273.0,3561.0,1395.0,1505.0,1083.0,4641.0,79.0,1359.0,1105.0,1237.0,2550.0,2641.0,1294.0,917.0,2100.0,2296.0,1135.0,2322.0,1197.0,1441.0,1152.0,4627.0,122.0,1345.0,1343.0,1082.0,2679.0,2780.0,1237.0,828.0,2422.0,2895.0,1213.0,2400.0,1315.0,1378.0,1019.0,4883.0,132.0,1496.0,1512.0,1337.0,2607.0,2770.0,1225.0,885.0,2595.0,2502.0,1207.0,2443.0,1293.0,1404.0,1115.0,4788.0,111.0,1396.0,1481.0,1158.0,2708.0,2701.0,1216.0,836.0,2358.0,2431.0,1265.0,2367.0,1249.0,1422.0,1039.0,4907.0,128.0,1616.0,1653.0,1200.0,2723.0,2884.0,1363.0,953.0,2560.0,2445.0,1314.0,2478.0,1288.0,1406.0,1009.0,vips
16563.0,9210.0,10654.0,11301.0,10908.0,11166.0,10548.0,11902.0,10878.0,11733.0,10917.0,11530.0,10860.0,10970.0,11479.0,11131.0,5817.0,28.0,979.0,1056.0,1065.0,1571.0,1317.0,2605.0,1454.0,1689.0,1272.0,2610.0,1211.0,1105.0,2237.0,1255.0,5878.0,129.0,1182.0,1264.0,1184.0,1701.0,1529.0,2716.0,1630.0,2198.0,1349.0,2661.0,1491.0,1272.0,2409.0,1519.0,6149.0,93.0,1004.0,1133.0,1181.0,1720.0,1540.0,2845.0,1452.0,2018.0,1396.0,2785.0,1377.0,1277.0,2452.0,1565.0,6336.0,152.0,1175.0,1361.0,1304.0,1785.0,1598.0,2919.0,1753.0,2350.0,1615.0,2824.0,1556.0,1646.0,2539.0,1731.0,6415.0,124.0,1235.0,1288.0,1362.0,1864.0,1647.0,2913.0,1815.0,2359.0,1513.0,2878.0,1686.0,1414.0,2430.0,1799.0,5766.0,127.0,918.0,1067.0,1026.0,1854.0,1458.0,2824.0,1519.0,1888.0,1563.0,2769.0,1353.0,1042.0,2417.0,1233.0,6367.0,132.0,932.0,1064.0,1086.0,1954.0,1730.0,2806.0,1393.0,1730.0,1728.0,3197.0,1709.0,1145.0,2550.0,1621.0,6292.0,102.0,932.0,1201.0,1287.0,1708.0,1700.0,2822.0,1441.0,1829.0,1499.0,2692.0,1649.0,1375.0,2429.0,1870.0,5790.0,160.0,1029.0,1122.0,1282.0,1750.0,1456.0,2741.0,1444.0,1661.0,1263.0,2766.0,1404.0,1206.0,2387.0,1445.0,5837.0,163.0,1198.0,1239.0,1377.0,1692.0,1535.0,2784.0,1656.0,2189.0,1381.0,2696.0,1449.0,1467.0,2412.0,1574.0,5617.0,109.0,1091.0,1197.0,1112.0,1660.0,1455.0,3000.0,1649.0,1982.0,1290.0,2641.0,1234.0,1106.0,2532.0,1383.0,6081.0,163.0,1101.0,1220.0,1332.0,1670.0,1526.0,2854.0,1649.0,2313.0,1478.0,2786.0,1380.0,1346.0,2439.0,1589.0,6157.0,181.0,1124.0,1306.0,1353.0,1842.0,1530.0,2858.0,1651.0,2108.0,1713.0,2824.0,1615.0,1232.0,2430.0,1746.0,5946.0,105.0,1132.0,1192.0,1217.0,1656.0,1450.0,2955.0,1615.0,2025.0,1396.0,2910.0,1409.0,1200.0,2363.0,1470.0,6211.0,144.0,1307.0,1514.0,1377.0,1767.0,1534.0,2901.0,1701.0,2468.0,1859.0,2846.0,1687.0,1460.0,2453.0,1542.0,vips
9909.0,5126.0,6513.0,6863.0,6332.0,6603.0,6044.0,6033.0,6272.0,6839.0,6047.0,5532.0,5888.0,6347.0,6521.0,6282.0,3509.0,18.0,919.0,1278.0,1065.0,753.0,603.0,1037.0,1337.0,1585.0,981.0,1063.0,935.0,967.0,1029.0,964.0,3583.0,106.0,1171.0,1498.0,1150.0,1114.0,997.0,1123.0,1400.0,2081.0,1119.0,1108.0,1169.0,1138.0,1150.0,1267.0,3520.0,76.0,1125.0,1399.0,1176.0,886.0,901.0,1247.0,1262.0,1976.0,1154.0,1140.0,989.0,1192.0,1226.0,1201.0,3919.0,100.0,1452.0,1593.0,1406.0,1154.0,1057.0,1411.0,1645.0,2152.0,1468.0,1356.0,1185.0,1482.0,1519.0,1400.0,4050.0,155.0,1417.0,1689.0,1581.0,1124.0,1139.0,1377.0,1715.0,2537.0,1381.0,1384.0,1326.0,1351.0,1417.0,1598.0,3377.0,145.0,1048.0,1451.0,1105.0,1136.0,665.0,1793.0,1445.0,1940.0,1244.0,1265.0,907.0,1060.0,1302.0,995.0,3331.0,115.0,933.0,1394.0,1042.0,767.0,705.0,2028.0,1263.0,1648.0,1155.0,1265.0,887.0,1037.0,1805.0,984.0,3471.0,73.0,1143.0,1435.0,1260.0,965.0,805.0,1429.0,1407.0,1856.0,1168.0,1269.0,1033.0,1211.0,1663.0,1284.0,3310.0,122.0,1158.0,1382.0,1246.0,991.0,818.0,1115.0,1260.0,1496.0,1063.0,1161.0,1055.0,1120.0,1194.0,1100.0,3452.0,110.0,1171.0,1493.0,1279.0,1071.0,1014.0,1189.0,1574.0,1843.0,1103.0,1186.0,1171.0,1313.0,1343.0,1093.0,3177.0,107.0,1038.0,1520.0,1043.0,1036.0,891.0,1109.0,1636.0,1645.0,1010.0,1043.0,954.0,1003.0,1294.0,1106.0,3382.0,90.0,1120.0,1518.0,1262.0,949.0,878.0,1291.0,1503.0,2039.0,1117.0,1184.0,979.0,1086.0,1274.0,1188.0,3583.0,124.0,1310.0,1566.0,1395.0,1011.0,823.0,1346.0,1581.0,2018.0,1275.0,1270.0,1050.0,1117.0,1368.0,1104.0,3702.0,117.0,1191.0,1493.0,1141.0,926.0,820.0,1352.0,1488.0,1999.0,1189.0,1209.0,1054.0,1099.0,1209.0,1191.0,3758.0,89.0,1364.0,1789.0,1349.0,1133.0,1030.0,1335.0,1582.0,2059.0,1289.0,1285.0,1208.0,1225.0,1333.0,1104.0,vips
14977.0,7864.0,9345.0,9997.0,9110.0,10187.0,9448.0,9007.0,8522.0,9926.0,8701.0,8737.0,9009.0,8972.0,9816.0,9250.0,4977.0,24.0,1237.0,1669.0,1225.0,1386.0,1315.0,1239.0,1234.0,1901.0,1131.0,1322.0,1268.0,1208.0,1252.0,1236.0,4927.0,132.0,1311.0,1878.0,1268.0,1725.0,1634.0,1269.0,1329.0,2184.0,1175.0,1355.0,1429.0,1263.0,1464.0,1431.0,4933.0,141.0,1214.0,1915.0,1127.0,1600.0,1697.0,1394.0,1305.0,2068.0,1123.0,1323.0,1275.0,1150.0,1369.0,1339.0,5027.0,152.0,1364.0,1994.0,1287.0,1812.0,1820.0,1483.0,1469.0,2285.0,1278.0,1545.0,1486.0,1273.0,1708.0,1523.0,5426.0,222.0,1517.0,2111.0,1440.0,1874.0,2094.0,1761.0,1545.0,2631.0,1310.0,1692.0,1523.0,1301.0,1878.0,1728.0,4821.0,209.0,1341.0,1892.0,1292.0,1564.0,1360.0,1297.0,1359.0,2239.0,1346.0,1255.0,1285.0,1239.0,1482.0,1298.0,4718.0,221.0,1186.0,1867.0,1227.0,1533.0,1528.0,1294.0,1598.0,1881.0,1232.0,1609.0,1197.0,1140.0,1377.0,1249.0,4645.0,115.0,1318.0,1911.0,1247.0,1628.0,1687.0,1276.0,1773.0,2014.0,1154.0,1443.0,1348.0,1209.0,1528.0,1446.0,4545.0,193.0,1230.0,1792.0,1201.0,1673.0,1581.0,1266.0,1399.0,1822.0,1066.0,1355.0,1260.0,1116.0,1450.0,1276.0,4716.0,174.0,1321.0,1896.0,1382.0,1524.0,1596.0,1419.0,1387.0,2024.0,1228.0,1457.0,1353.0,1324.0,1642.0,1360.0,4688.0,183.0,1364.0,1903.0,1369.0,1499.0,1412.0,1335.0,1400.0,2005.0,1250.0,1288.0,1363.0,1276.0,1650.0,1439.0,4786.0,197.0,1346.0,1899.0,1302.0,1591.0,1594.0,1298.0,1435.0,2239.0,1197.0,1435.0,1210.0,1162.0,1602.0,1422.0,4836.0,173.0,1339.0,1971.0,1248.0,1653.0,1579.0,1344.0,1476.0,2266.0,1222.0,1488.0,1264.0,1146.0,1468.0,1311.0,5112.0,220.0,1400.0,1972.0,1267.0,1742.0,1637.0,1570.0,1436.0,2278.0,1252.0,1533.0,1421.0,1255.0,1528.0,1413.0,5065.0,163.0,1489.0,2029.0,1335.0,1879.0,1795.0,1588.0,1419.0,2488.0,1283.0,1502.0,1455.0,1245.0,1593.0,1327.0,vips
19015.0,9738.0,12008.0,11696.0,12208.0,12089.0,11041.0,10962.0,10942.0,11946.0,11787.0,10384.0,11400.0,11654.0,11277.0,11918.0,6732.0,38.0,2090.0,1314.0,2176.0,1351.0,1239.0,1195.0,1543.0,2424.0,2179.0,1336.0,1809.0,2082.0,1256.0,2142.0,6813.0,216.0,2195.0,1761.0,2252.0,1568.0,1417.0,1245.0,1668.0,2966.0,2348.0,1412.0,1947.0,2278.0,1355.0,2244.0,6782.0,203.0,2233.0,1680.0,2243.0,1459.0,1446.0,1389.0,1765.0,2652.0,2162.0,1385.0,1803.0,2134.0,1347.0,2177.0,7009.0,222.0,2267.0,1884.0,2064.0,1540.0,1471.0,1604.0,1893.0,2961.0,2283.0,1638.0,1885.0,2302.0,1650.0,2211.0,7372.0,213.0,2302.0,2061.0,2271.0,1563.0,1435.0,1472.0,2032.0,2931.0,2249.0,1557.0,2029.0,2220.0,1466.0,2358.0,6642.0,187.0,2136.0,1653.0,2184.0,1408.0,1293.0,1254.0,1591.0,2656.0,2407.0,1282.0,1858.0,2146.0,1391.0,2174.0,6568.0,232.0,2047.0,2068.0,2094.0,1372.0,1250.0,1140.0,1629.0,2470.0,2229.0,1346.0,1695.0,2064.0,1314.0,2055.0,6496.0,189.0,2197.0,2076.0,2194.0,1409.0,1355.0,1357.0,1875.0,2587.0,2231.0,1557.0,1861.0,2089.0,1466.0,2204.0,6393.0,220.0,2158.0,1559.0,2231.0,1367.0,1295.0,1215.0,1688.0,2316.0,2079.0,1323.0,1868.0,2135.0,1369.0,2080.0,6796.0,237.0,2209.0,1550.0,2267.0,1469.0,1432.0,1315.0,1684.0,2858.0,2219.0,1343.0,1988.0,2222.0,1421.0,2312.0,6470.0,230.0,2310.0,1432.0,2322.0,1587.0,1419.0,1280.0,1627.0,2695.0,2266.0,1198.0,1996.0,2270.0,1521.0,2261.0,6696.0,216.0,2159.0,1602.0,2198.0,1383.0,1370.0,1265.0,1716.0,2674.0,2224.0,1332.0,1809.0,2105.0,1351.0,2172.0,6657.0,222.0,2269.0,1830.0,2387.0,1484.0,1392.0,1372.0,1757.0,2871.0,2283.0,1439.0,2014.0,2163.0,1440.0,2291.0,6881.0,197.0,2170.0,1668.0,2056.0,1459.0,1360.0,1340.0,1740.0,2685.0,2306.0,1402.0,1937.0,2266.0,1320.0,2117.0,7089.0,204.0,2515.0,1656.0,2270.0,1718.0,1585.0,1554.0,1854.0,3065.0,2432.0,1474.0,2072.0,2324.0,1419.0,2289.0,vips
17617.0,10009.0,11837.0,12573.0,11693.0,12801.0,12331.0,13005.0,12650.0,10954.0,11326.0,12705.0,11262.0,11513.0,12940.0,11401.0,6215.0,36.0,1281.0,1607.0,1293.0,2221.0,1968.0,2571.0,2688.0,1144.0,1358.0,2544.0,1335.0,1309.0,2467.0,1280.0,6398.0,191.0,1409.0,1904.0,1532.0,2294.0,2166.0,2682.0,2838.0,1403.0,1548.0,2681.0,1566.0,1565.0,2527.0,1571.0,6648.0,178.0,1513.0,1777.0,1500.0,2360.0,2064.0,2743.0,2793.0,1450.0,1635.0,2600.0,1511.0,1474.0,2530.0,1571.0,6768.0,201.0,1787.0,2065.0,1424.0,2314.0,2057.0,2700.0,2844.0,1484.0,1728.0,2565.0,1719.0,1597.0,2614.0,1726.0,6669.0,143.0,1448.0,2030.0,1416.0,2345.0,2200.0,2867.0,2845.0,1372.0,1752.0,2726.0,2223.0,1396.0,2513.0,1670.0,6486.0,134.0,1436.0,1634.0,1285.0,2338.0,2092.0,2747.0,2759.0,1435.0,1732.0,2634.0,1769.0,1314.0,2638.0,1665.0,6385.0,206.0,1825.0,1895.0,2040.0,2402.0,2099.0,2546.0,2719.0,1791.0,1695.0,2985.0,1533.0,1844.0,2611.0,1789.0,6278.0,107.0,1459.0,1848.0,1507.0,2188.0,2053.0,2517.0,2709.0,1761.0,1360.0,2515.0,1564.0,1629.0,2365.0,1490.0,6093.0,187.0,1389.0,1882.0,1558.0,2317.0,2011.0,2470.0,2684.0,1253.0,1383.0,2498.0,1637.0,1452.0,2449.0,1426.0,6241.0,186.0,1425.0,1764.0,1436.0,2323.0,2090.0,2676.0,2781.0,1316.0,1411.0,2577.0,1637.0,1457.0,2544.0,1612.0,6041.0,201.0,1372.0,1651.0,1288.0,2287.0,2023.0,3023.0,2770.0,1374.0,1362.0,2494.0,1474.0,1374.0,2665.0,1335.0,6282.0,141.0,1414.0,1906.0,1353.0,2206.0,2042.0,2605.0,2759.0,1406.0,1386.0,2558.0,1441.0,1399.0,2461.0,1373.0,6376.0,204.0,1566.0,1883.0,1628.0,2451.0,2262.0,2795.0,2807.0,1423.0,1597.0,2889.0,1547.0,1446.0,2623.0,1578.0,6246.0,167.0,1360.0,1872.0,1325.0,2230.0,2085.0,2745.0,2678.0,1315.0,1406.0,2659.0,1422.0,1419.0,2490.0,1378.0,6293.0,192.0,1489.0,1902.0,1442.0,2513.0,2277.0,3216.0,2900.0,1451.0,1627.0,2859.0,1530.0,1427.0,2646.0,1427.0,vips
21821.0,12933.0,14966.0,14985.0,14931.0,15166.0,15187.0,14675.0,14233.0,15325.0,14919.0,13912.0,14848.0,14870.0,14713.0,15036.0,8445.0,32.0,2160.0,1286.0,2172.0,2106.0,1842.0,1689.0,1291.0,1914.0,2223.0,1245.0,2039.0,2064.0,1421.0,2051.0,8475.0,174.0,2194.0,1355.0,2273.0,2234.0,2005.0,1609.0,1480.0,1973.0,2355.0,1405.0,2240.0,2182.0,1543.0,2184.0,8497.0,117.0,2252.0,1372.0,2232.0,2128.0,2108.0,1542.0,1347.0,2188.0,2333.0,1327.0,2160.0,2095.0,1538.0,2068.0,8503.0,159.0,2329.0,1593.0,2248.0,1978.0,2130.0,1580.0,1470.0,2222.0,2459.0,1465.0,2209.0,2157.0,1571.0,2179.0,8691.0,225.0,2367.0,1670.0,2383.0,1914.0,2372.0,1731.0,1633.0,2499.0,2442.0,1829.0,2271.0,2267.0,1702.0,2283.0,8525.0,202.0,2293.0,1429.0,2289.0,1899.0,1899.0,1627.0,1788.0,2239.0,2385.0,1737.0,2188.0,2206.0,1638.0,2095.0,8592.0,268.0,2426.0,1419.0,2414.0,1814.0,2182.0,1675.0,2047.0,2684.0,2453.0,1666.0,2296.0,2275.0,1660.0,2229.0,8530.0,221.0,2421.0,1497.0,2370.0,1862.0,2202.0,1634.0,1687.0,2496.0,2517.0,1521.0,2287.0,2257.0,1675.0,2274.0,8432.0,207.0,2319.0,1485.0,2335.0,1864.0,2156.0,1588.0,1454.0,1927.0,2349.0,1480.0,2236.0,2252.0,1624.0,2183.0,8572.0,284.0,2426.0,1532.0,2902.0,1908.0,2135.0,1729.0,1526.0,2163.0,2493.0,1550.0,2316.0,2349.0,1861.0,2263.0,8405.0,254.0,2385.0,1509.0,2347.0,1866.0,2098.0,1810.0,1552.0,2017.0,2408.0,1549.0,2290.0,2215.0,2412.0,2179.0,8527.0,185.0,2396.0,1489.0,2399.0,1858.0,2248.0,1910.0,1514.0,2243.0,2395.0,1625.0,2335.0,2285.0,2631.0,2295.0,8468.0,165.0,2332.0,1570.0,2326.0,1925.0,2293.0,1951.0,1533.0,2243.0,2344.0,1614.0,2252.0,2216.0,2914.0,2218.0,8741.0,214.0,2365.0,1526.0,2361.0,1985.0,2204.0,2033.0,1553.0,2286.0,2424.0,1555.0,2286.0,2263.0,2747.0,2226.0,8598.0,220.0,2397.0,1737.0,2372.0,2013.0,2320.0,1917.0,1554.0,2355.0,2445.0,1511.0,2349.0,2254.0,2130.0,2213.0,vips
21948.0,12924.0,14802.0,15708.0,14819.0,15554.0,15344.0,15791.0,15048.0,15671.0,14487.0,15508.0,14765.0,15041.0,15921.0,15140.0,8292.0,39.0,1961.0,2125.0,1879.0,2445.0,2496.0,2972.0,2300.0,2125.0,2057.0,2923.0,2085.0,2086.0,3053.0,2165.0,8471.0,171.0,2086.0,2412.0,2108.0,2575.0,2673.0,3138.0,2348.0,2422.0,2143.0,2978.0,2241.0,2245.0,3177.0,2307.0,8362.0,141.0,2007.0,2174.0,1935.0,2534.0,2564.0,3055.0,2330.0,2230.0,2022.0,2895.0,2113.0,2105.0,3093.0,2177.0,8530.0,173.0,2233.0,2260.0,1964.0,2557.0,2689.0,3140.0,2394.0,2249.0,2233.0,2921.0,2202.0,2264.0,3187.0,2317.0,8512.0,143.0,2099.0,2416.0,2009.0,2600.0,2796.0,3112.0,2436.0,2385.0,2083.0,2985.0,2212.0,2181.0,3214.0,2261.0,8380.0,140.0,2096.0,2379.0,1953.0,2624.0,2674.0,3143.0,2345.0,2404.0,2066.0,3012.0,2166.0,2262.0,3178.0,2329.0,8357.0,130.0,2043.0,2199.0,2014.0,2547.0,2682.0,3092.0,2306.0,2276.0,2073.0,2973.0,2156.0,2187.0,3115.0,2218.0,8391.0,124.0,2106.0,2197.0,2065.0,2609.0,2662.0,3178.0,2355.0,2153.0,2118.0,2987.0,2139.0,2234.0,3108.0,2332.0,8185.0,169.0,2012.0,2204.0,1931.0,2536.0,2701.0,3146.0,2366.0,2138.0,1980.0,2944.0,2139.0,2113.0,3088.0,2182.0,8183.0,156.0,2110.0,2236.0,2220.0,2589.0,2653.0,3130.0,2357.0,2284.0,2075.0,3000.0,2213.0,2242.0,3180.0,2348.0,8094.0,127.0,1974.0,2187.0,1822.0,2533.0,2630.0,3062.0,2295.0,2300.0,2029.0,2854.0,2171.0,2102.0,3157.0,2157.0,8334.0,148.0,2152.0,2263.0,2067.0,2524.0,2733.0,3168.0,2417.0,2288.0,2176.0,3008.0,2146.0,2250.0,3187.0,2227.0,8520.0,164.0,2089.0,2332.0,1979.0,2555.0,2612.0,3166.0,2337.0,2402.0,2214.0,3016.0,2204.0,2201.0,3239.0,2298.0,8270.0,135.0,2069.0,2292.0,1938.0,2451.0,2551.0,3186.0,2312.0,2299.0,2091.0,3008.0,2129.0,2121.0,3187.0,2198.0,8361.0,134.0,2059.0,2405.0,2009.0,2608.0,2698.0,3220.0,2398.0,2537.0,2158.0,2985.0,2188.0,2246.0,3145.0,2249.0,vips
9237.0,575.0,241.0,2366.0,249.0,261.0,244.0,241.0,236.0,236.0,230.0,234.0,259.0,252.0,277.0,285.0,32.0,139.0,32.0,1907.0,29.0,12.0,17.0,15.0,11.0,10.0,12.0,11.0,36.0,16.0,41.0,22.0,14.0,267.0,3.0,1486.0,3.0,2.0,2.0,1.0,2.0,2.0,2.0,1.0,16.0,2.0,11.0,6.0,29.0,688.0,27.0,1444.0,39.0,23.0,8.0,8.0,9.0,4.0,7.0,5.0,31.0,6.0,34.0,13.0,13.0,269.0,2.0,1416.0,1.0,4.0,1.0,1.0,3.0,3.0,1.0,2.0,22.0,6.0,15.0,2.0,17.0,286.0,1.0,1529.0,3.0,1.0,3.0,4.0,2.0,1.0,4.0,2.0,20.0,4.0,19.0,6.0,11.0,200.0,1.0,1218.0,1.0,1.0,2.0,2.0,1.0,0.0,2.0,2.0,20.0,5.0,8.0,6.0,14.0,166.0,2.0,1143.0,1.0,1.0,1.0,1.0,3.0,1.0,3.0,3.0,15.0,3.0,8.0,5.0,13.0,203.0,0.0,1187.0,3.0,0.0,0.0,2.0,0.0,2.0,3.0,0.0,16.0,2.0,18.0,5.0,12.0,140.0,0.0,1157.0,0.0,0.0,0.0,2.0,1.0,2.0,5.0,0.0,16.0,1.0,14.0,3.0,8.0,119.0,2.0,1254.0,0.0,3.0,2.0,2.0,3.0,3.0,2.0,3.0,16.0,4.0,25.0,8.0,12.0,121.0,0.0,1174.0,3.0,0.0,0.0,1.0,1.0,1.0,1.0,1.0,14.0,5.0,13.0,5.0,11.0,192.0,1.0,1221.0,2.0,2.0,2.0,2.0,3.0,2.0,3.0,2.0,18.0,12.0,18.0,7.0,23.0,144.0,1.0,1268.0,6.0,2.0,2.0,2.0,3.0,2.0,3.0,4.0,23.0,7.0,34.0,14.0,33.0,126.0,3.0,1274.0,4.0,9.0,8.0,6.0,4.0,1.0,12.0,7.0,50.0,6.0,16.0,8.0,33.0,137.0,1.0,1503.0,5.0,2.0,1.0,2.0,3.0,2.0,2.0,4.0,20.0,2.0,13.0,3.0,vips
21054.0,12703.0,14638.0,14543.0,14550.0,14314.0,14435.0,14341.0,14652.0,14206.0,14309.0,13832.0,14463.0,14392.0,14258.0,14523.0,8160.0,33.0,1949.0,1534.0,2024.0,1539.0,1276.0,1190.0,2242.0,1637.0,2010.0,1464.0,1916.0,1941.0,1099.0,1978.0,8300.0,219.0,2083.0,1694.0,2187.0,1749.0,1554.0,1366.0,2533.0,1859.0,2105.0,1646.0,2171.0,2107.0,1351.0,2180.0,8374.0,246.0,2154.0,1762.0,2177.0,1846.0,1572.0,1446.0,2762.0,2131.0,2156.0,1673.0,2119.0,2132.0,1358.0,2144.0,8566.0,293.0,2220.0,1809.0,2163.0,1849.0,1651.0,1447.0,3048.0,1920.0,2258.0,1663.0,2151.0,2264.0,1461.0,2385.0,8402.0,250.0,2181.0,1865.0,2244.0,1816.0,1707.0,1493.0,2671.0,1914.0,2224.0,1734.0,2186.0,2164.0,1486.0,2152.0,8476.0,277.0,2324.0,1734.0,2213.0,2145.0,1911.0,1760.0,2753.0,2139.0,2183.0,1737.0,2337.0,2135.0,2049.0,2216.0,8550.0,291.0,2488.0,2113.0,2516.0,2867.0,2660.0,2022.0,2696.0,2164.0,2573.0,2002.0,2222.0,2468.0,2181.0,2571.0,8259.0,207.0,2176.0,1834.0,2258.0,1973.0,1773.0,1602.0,2609.0,1842.0,2331.0,1811.0,2112.0,2165.0,1568.0,2214.0,8187.0,283.0,2138.0,1837.0,2252.0,1998.0,1541.0,1396.0,2441.0,1796.0,2219.0,1706.0,2135.0,2160.0,1359.0,2170.0,8206.0,219.0,2165.0,1744.0,2387.0,1717.0,1565.0,1451.0,2451.0,1816.0,2205.0,1658.0,2209.0,2221.0,1433.0,2154.0,8103.0,190.0,2068.0,1598.0,2051.0,1630.0,1439.0,1325.0,2322.0,1762.0,2059.0,1531.0,2052.0,2067.0,1347.0,2027.0,8302.0,204.0,2266.0,1866.0,2259.0,1805.0,1551.0,1469.0,2465.0,1864.0,2482.0,1686.0,2170.0,2189.0,1406.0,2247.0,8313.0,254.0,2405.0,1886.0,2264.0,1772.0,1631.0,1472.0,2382.0,1951.0,2365.0,1725.0,2163.0,2130.0,1432.0,2181.0,8362.0,270.0,2181.0,1829.0,2201.0,1777.0,1884.0,1606.0,2465.0,1869.0,2181.0,1660.0,2165.0,2146.0,1378.0,2165.0,8330.0,257.0,2182.0,1829.0,2151.0,1775.0,1626.0,1450.0,2381.0,1854.0,2247.0,1653.0,2336.0,2152.0,1361.0,2151.0,vips
24478.0,14579.0,16628.0,17463.0,16527.0,17698.0,16664.0,16496.0,16214.0,17256.0,16027.0,16415.0,16136.0,16202.0,16763.0,16517.0,9654.0,44.0,2272.0,2886.0,2122.0,3109.0,2391.0,2246.0,1804.0,2958.0,1930.0,2497.0,1930.0,2059.0,2416.0,2010.0,9771.0,157.0,2431.0,2929.0,2300.0,3183.0,2487.0,2336.0,1891.0,3060.0,2030.0,2508.0,2052.0,2263.0,2491.0,2150.0,9781.0,183.0,2459.0,2930.0,2222.0,3359.0,2449.0,2395.0,1960.0,3327.0,1990.0,2509.0,2087.0,2143.0,2512.0,2181.0,9850.0,173.0,2529.0,2922.0,2247.0,3290.0,2461.0,2384.0,2027.0,3162.0,2091.0,2520.0,2119.0,2277.0,2584.0,2290.0,9824.0,184.0,2476.0,2995.0,2254.0,3229.0,2505.0,2427.0,2133.0,3328.0,1988.0,2555.0,2119.0,2175.0,2539.0,2167.0,9730.0,188.0,2511.0,2955.0,2333.0,3230.0,2505.0,2653.0,2062.0,3176.0,2020.0,2655.0,2161.0,2200.0,2834.0,2224.0,9583.0,196.0,2423.0,2951.0,2263.0,3273.0,2737.0,2456.0,1866.0,3099.0,2029.0,2835.0,2087.0,2211.0,2562.0,2188.0,9681.0,130.0,2513.0,2976.0,2313.0,3146.0,2494.0,2447.0,1878.0,3144.0,2058.0,2546.0,2089.0,2262.0,2536.0,2250.0,9603.0,219.0,2415.0,3212.0,2255.0,3446.0,2478.0,2458.0,1899.0,3152.0,2019.0,2583.0,2100.0,2234.0,2534.0,2174.0,9620.0,170.0,2475.0,2961.0,2353.0,3219.0,2506.0,2408.0,1877.0,3120.0,2009.0,2561.0,2354.0,2383.0,2545.0,2353.0,9371.0,162.0,2390.0,2895.0,2168.0,3170.0,2539.0,2553.0,1771.0,3041.0,1936.0,2524.0,1990.0,2085.0,2610.0,2091.0,9605.0,153.0,2476.0,2950.0,2220.0,3168.0,2539.0,2491.0,1945.0,3154.0,2164.0,2614.0,2075.0,2258.0,2556.0,2256.0,9642.0,174.0,2554.0,2974.0,2309.0,3197.0,2458.0,2344.0,1914.0,3131.0,2100.0,2570.0,2064.0,2143.0,2503.0,2238.0,9650.0,153.0,2403.0,2966.0,2213.0,3215.0,2618.0,2438.0,1915.0,3091.0,2074.0,2650.0,2011.0,2149.0,2530.0,2095.0,9743.0,184.0,2460.0,2978.0,2313.0,3314.0,2527.0,2477.0,1875.0,3162.0,2144.0,2567.0,2137.0,2184.0,2559.0,2173.0,vips
18280.0,11548.0,12693.0,13311.0,13585.0,13093.0,13129.0,13308.0,13815.0,12736.0,13154.0,12949.0,12680.0,13396.0,13402.0,13471.0,6487.0,37.0,877.0,1378.0,2104.0,1368.0,1813.0,1900.0,2446.0,1398.0,1903.0,1771.0,1081.0,1970.0,1890.0,1997.0,6839.0,197.0,1038.0,1713.0,2203.0,1475.0,2021.0,2033.0,2591.0,1574.0,2053.0,1900.0,1262.0,2062.0,2035.0,2040.0,6724.0,212.0,1196.0,1635.0,2092.0,1804.0,1966.0,2065.0,2564.0,1619.0,2041.0,1905.0,1178.0,2109.0,2103.0,2056.0,6638.0,204.0,1165.0,1728.0,2086.0,1486.0,1975.0,2079.0,2622.0,1554.0,2302.0,1954.0,1189.0,2201.0,2111.0,2276.0,6765.0,203.0,1135.0,1769.0,2071.0,1573.0,2005.0,2066.0,2617.0,1628.0,2225.0,1972.0,1246.0,2236.0,2025.0,2119.0,6633.0,146.0,1063.0,1617.0,2002.0,1461.0,1926.0,2132.0,2638.0,1609.0,2229.0,1959.0,1147.0,2045.0,2181.0,1990.0,6749.0,152.0,1055.0,1813.0,2074.0,1579.0,2214.0,2216.0,2463.0,1514.0,2095.0,2475.0,1121.0,2093.0,2521.0,2059.0,6776.0,163.0,1048.0,1832.0,2067.0,1701.0,2164.0,2381.0,2648.0,1820.0,2080.0,2089.0,1149.0,2220.0,2302.0,2085.0,6855.0,209.0,1112.0,1698.0,2037.0,1762.0,1960.0,1984.0,2607.0,2099.0,2102.0,1913.0,1214.0,2159.0,2086.0,2099.0,7077.0,161.0,945.0,1721.0,2095.0,1657.0,1914.0,2016.0,2624.0,2029.0,2055.0,1849.0,1316.0,2269.0,2008.0,2034.0,6974.0,139.0,1006.0,1528.0,1952.0,1638.0,1906.0,1976.0,2533.0,2038.0,1930.0,1787.0,1157.0,2033.0,2111.0,1965.0,6811.0,151.0,1076.0,1992.0,2081.0,1814.0,1955.0,2058.0,2617.0,1936.0,2262.0,1932.0,1412.0,2251.0,2110.0,2315.0,6668.0,183.0,1040.0,2044.0,2092.0,1813.0,1912.0,2038.0,2599.0,1750.0,2461.0,1907.0,1501.0,2165.0,2133.0,2225.0,6678.0,205.0,1053.0,1869.0,2172.0,1923.0,1969.0,1990.0,2581.0,1611.0,2183.0,1873.0,1367.0,2159.0,2256.0,2242.0,6673.0,143.0,1128.0,1832.0,2336.0,1697.0,1902.0,2016.0,2624.0,1473.0,2142.0,1880.0,1419.0,2023.0,2027.0,2228.0,vips
22876.0,13437.0,14068.0,16530.0,15292.0,16525.0,13978.0,15313.0,13528.0,15607.0,15199.0,15512.0,15974.0,15400.0,15786.0,15788.0,9081.0,32.0,721.0,2903.0,2201.0,3053.0,785.0,2206.0,383.0,2342.0,2175.0,2600.0,2731.0,2279.0,2469.0,2339.0,9197.0,188.0,840.0,3045.0,2263.0,3101.0,900.0,2291.0,543.0,2480.0,2279.0,2656.0,2824.0,2400.0,2549.0,2391.0,9471.0,179.0,874.0,3038.0,2366.0,3353.0,956.0,2353.0,528.0,2499.0,2329.0,2691.0,2902.0,2408.0,2586.0,2466.0,9216.0,163.0,841.0,3067.0,2363.0,3086.0,888.0,2322.0,563.0,2448.0,2487.0,2658.0,2835.0,2607.0,2492.0,2724.0,9441.0,203.0,925.0,3333.0,2363.0,3126.0,934.0,2354.0,601.0,2582.0,2384.0,2751.0,3015.0,2452.0,2561.0,2477.0,9254.0,153.0,842.0,3022.0,2360.0,3081.0,903.0,2529.0,598.0,2545.0,2316.0,2679.0,2946.0,2487.0,2505.0,2511.0,9142.0,129.0,865.0,3074.0,2391.0,3108.0,969.0,2394.0,760.0,2476.0,2373.0,2762.0,2839.0,2424.0,2713.0,2546.0,9202.0,148.0,858.0,3045.0,2366.0,3151.0,935.0,2377.0,834.0,2470.0,2307.0,2743.0,2904.0,2477.0,2539.0,2503.0,9110.0,149.0,802.0,3041.0,2343.0,3139.0,884.0,2309.0,500.0,2497.0,2276.0,2759.0,2879.0,2408.0,2532.0,2503.0,9141.0,184.0,845.0,3122.0,2966.0,3139.0,904.0,2369.0,536.0,2529.0,2281.0,2765.0,2935.0,2789.0,2596.0,2586.0,8942.0,136.0,761.0,2968.0,2220.0,3063.0,934.0,2259.0,484.0,2372.0,2173.0,2622.0,2775.0,2361.0,2480.0,2350.0,9233.0,153.0,883.0,3151.0,2369.0,3238.0,959.0,2392.0,517.0,2514.0,2368.0,2775.0,2893.0,2470.0,2541.0,2479.0,9153.0,168.0,857.0,3062.0,2426.0,3148.0,890.0,2356.0,542.0,2548.0,2442.0,2753.0,2927.0,2461.0,2552.0,2801.0,9273.0,143.0,869.0,2960.0,2319.0,3043.0,913.0,2373.0,545.0,2491.0,2327.0,2799.0,2835.0,2418.0,2512.0,2387.0,9384.0,176.0,915.0,3125.0,2531.0,3164.0,938.0,2398.0,552.0,2533.0,2397.0,2790.0,2910.0,2769.0,2539.0,2462.0,vips
20746.0,12702.0,14629.0,14802.0,14383.0,14811.0,15167.0,14439.0,14531.0,14699.0,14105.0,13776.0,13764.0,14244.0,14543.0,14383.0,7491.0,35.0,2120.0,1340.0,1872.0,1238.0,2513.0,1804.0,2019.0,2372.0,1917.0,1394.0,1308.0,1901.0,1855.0,1873.0,7435.0,110.0,2166.0,1650.0,1932.0,1356.0,2588.0,2131.0,2018.0,2473.0,1923.0,1621.0,1380.0,1952.0,2000.0,1907.0,7742.0,178.0,2202.0,1979.0,1964.0,1823.0,2646.0,2536.0,2083.0,2502.0,1996.0,2229.0,1486.0,1992.0,2063.0,1984.0,7927.0,219.0,2334.0,2078.0,2012.0,1968.0,2675.0,2766.0,2104.0,2592.0,2169.0,2268.0,1517.0,2159.0,2310.0,1991.0,8172.0,206.0,2309.0,2045.0,1994.0,1989.0,2660.0,2264.0,2227.0,2566.0,2040.0,2053.0,1486.0,2006.0,2612.0,1990.0,7733.0,82.0,2190.0,1489.0,1963.0,1595.0,2577.0,1966.0,2026.0,2494.0,2016.0,1660.0,1380.0,1983.0,2396.0,1876.0,7693.0,127.0,2154.0,1612.0,2177.0,1949.0,2600.0,1853.0,2029.0,2467.0,2226.0,1601.0,2268.0,2332.0,2375.0,2218.0,7551.0,77.0,2283.0,1593.0,1941.0,1655.0,2582.0,1963.0,1992.0,2551.0,2036.0,1501.0,1894.0,2093.0,2261.0,2128.0,7431.0,166.0,2283.0,1742.0,1963.0,1436.0,2724.0,1934.0,2089.0,2559.0,2014.0,1516.0,1378.0,2021.0,2170.0,1966.0,7454.0,210.0,2259.0,1714.0,2396.0,1485.0,2746.0,1930.0,2151.0,2563.0,2083.0,1469.0,1467.0,2102.0,2300.0,1922.0,7281.0,115.0,2149.0,1529.0,1882.0,1382.0,2537.0,1795.0,1954.0,2394.0,1892.0,1370.0,1331.0,1902.0,2098.0,1831.0,7526.0,182.0,2305.0,1610.0,2057.0,1422.0,2690.0,1967.0,2114.0,2553.0,2060.0,1547.0,1542.0,2082.0,2236.0,2041.0,7524.0,230.0,2274.0,1573.0,2151.0,1450.0,2730.0,2001.0,2114.0,2566.0,2076.0,1534.0,1468.0,2064.0,2211.0,2172.0,7575.0,144.0,2183.0,1492.0,1930.0,1318.0,2621.0,2037.0,2096.0,2536.0,1994.0,1461.0,1461.0,1985.0,2127.0,1947.0,7528.0,180.0,2268.0,1515.0,1993.0,1401.0,2709.0,1934.0,2159.0,2584.0,2037.0,1471.0,1460.0,2015.0,1967.0,1990.0,vips
23668.0,14269.0,15858.0,16589.0,16699.0,16379.0,15398.0,16091.0,16618.0,15626.0,16525.0,15852.0,17361.0,16481.0,16206.0,16798.0,9018.0,37.0,1663.0,2032.0,2630.0,2156.0,1289.0,2017.0,2460.0,1627.0,2566.0,2065.0,3056.0,2473.0,2075.0,2544.0,9043.0,151.0,1714.0,2077.0,2607.0,2210.0,1517.0,2103.0,2555.0,1794.0,2631.0,2158.0,3231.0,2557.0,2121.0,2697.0,9216.0,185.0,1899.0,2182.0,2761.0,2296.0,1848.0,2153.0,2480.0,1878.0,2594.0,2159.0,3258.0,2605.0,2177.0,2733.0,9109.0,211.0,1914.0,2248.0,2800.0,2269.0,2134.0,2206.0,2706.0,1892.0,2883.0,2186.0,3223.0,2723.0,2171.0,2833.0,9145.0,148.0,1914.0,2222.0,2739.0,2285.0,1791.0,2196.0,2571.0,1823.0,2665.0,2326.0,3170.0,2598.0,2167.0,2663.0,9033.0,128.0,1829.0,2087.0,2656.0,2193.0,1584.0,2113.0,2501.0,1949.0,2570.0,2138.0,3134.0,2564.0,2082.0,2669.0,9093.0,187.0,1890.0,2259.0,2686.0,2328.0,1629.0,2187.0,2469.0,2241.0,2637.0,2271.0,3126.0,2634.0,2251.0,2716.0,9172.0,217.0,1972.0,2287.0,3013.0,2301.0,1699.0,2252.0,2692.0,2078.0,3098.0,2243.0,3257.0,3181.0,2242.0,2875.0,9012.0,187.0,2167.0,2200.0,2750.0,2277.0,1421.0,2155.0,2569.0,1738.0,2581.0,2192.0,3131.0,2644.0,2147.0,2716.0,9097.0,252.0,1925.0,2224.0,3445.0,2371.0,1586.0,2257.0,2929.0,1877.0,2732.0,2267.0,3227.0,2877.0,2265.0,2937.0,8943.0,157.0,1813.0,2163.0,2635.0,2385.0,1491.0,2342.0,2543.0,1750.0,2571.0,2195.0,3153.0,2540.0,2141.0,2652.0,9127.0,112.0,1863.0,2197.0,2697.0,2283.0,1531.0,2201.0,2574.0,1828.0,2648.0,2171.0,3242.0,2591.0,2165.0,2712.0,9064.0,205.0,1843.0,2266.0,2911.0,2293.0,1499.0,2202.0,2953.0,1816.0,3071.0,2222.0,3130.0,2694.0,2217.0,2754.0,9363.0,200.0,1906.0,2219.0,2728.0,2358.0,1541.0,2322.0,2540.0,1842.0,2699.0,2208.0,3162.0,2571.0,2202.0,2642.0,9199.0,170.0,1810.0,2237.0,2758.0,2289.0,1488.0,2213.0,2599.0,1808.0,2695.0,2212.0,3231.0,2643.0,2126.0,2707.0,vips
16433.0,9452.0,11977.0,12093.0,11066.0,11986.0,12348.0,11547.0,9604.0,11692.0,9419.0,11451.0,10306.0,9546.0,11645.0,9750.0,6884.0,31.0,2580.0,2322.0,1488.0,2525.0,2997.0,2178.0,392.0,2582.0,281.0,2227.0,1107.0,293.0,2123.0,322.0,6885.0,95.0,2581.0,2449.0,1500.0,2493.0,2994.0,2194.0,428.0,2660.0,331.0,2218.0,1200.0,366.0,2163.0,395.0,7089.0,112.0,2731.0,2510.0,1501.0,2608.0,3049.0,2392.0,694.0,2675.0,391.0,2307.0,1213.0,372.0,2248.0,442.0,7061.0,134.0,2690.0,2526.0,1546.0,2418.0,3086.0,2284.0,1415.0,2708.0,809.0,2277.0,1206.0,366.0,2258.0,416.0,7109.0,185.0,2755.0,2609.0,1969.0,2493.0,3133.0,2379.0,1045.0,2733.0,880.0,2976.0,1290.0,515.0,2344.0,479.0,6912.0,87.0,2690.0,2512.0,2080.0,2520.0,3040.0,2301.0,708.0,2668.0,945.0,2297.0,1170.0,664.0,2182.0,418.0,7308.0,137.0,2776.0,2719.0,1890.0,2547.0,3053.0,3069.0,699.0,2721.0,1111.0,3465.0,1377.0,873.0,2774.0,546.0,7428.0,143.0,2754.0,2701.0,1798.0,2673.0,3131.0,2820.0,735.0,2779.0,1075.0,2631.0,1498.0,786.0,2523.0,825.0,6799.0,104.0,2734.0,2486.0,1596.0,2477.0,3031.0,2226.0,612.0,2590.0,660.0,2307.0,1517.0,610.0,2123.0,662.0,6893.0,139.0,2733.0,2497.0,1819.0,2637.0,3146.0,2288.0,699.0,2712.0,678.0,2329.0,1756.0,470.0,2277.0,768.0,6768.0,140.0,2665.0,2483.0,1548.0,3177.0,3023.0,2396.0,664.0,2611.0,548.0,2208.0,1632.0,411.0,2311.0,876.0,6881.0,101.0,2771.0,2577.0,1660.0,2850.0,3081.0,2305.0,641.0,2675.0,422.0,2375.0,1554.0,372.0,2275.0,835.0,6938.0,128.0,2697.0,2506.0,1790.0,2789.0,3117.0,2279.0,612.0,2671.0,502.0,2378.0,1558.0,397.0,2254.0,935.0,7193.0,119.0,2731.0,2636.0,1626.0,2753.0,3088.0,2512.0,522.0,2672.0,463.0,2396.0,1402.0,375.0,2236.0,582.0,7025.0,132.0,2732.0,2587.0,1584.0,2611.0,3127.0,2342.0,493.0,2723.0,516.0,2347.0,1261.0,391.0,2213.0,464.0,vips
4360.0,2855.0,3301.0,3094.0,5602.0,2836.0,3578.0,2790.0,4821.0,3235.0,2685.0,2769.0,2768.0,2776.0,2855.0,2806.0,1448.0,10.0,520.0,110.0,2721.0,19.0,696.0,13.0,1829.0,476.0,6.0,31.0,8.0,8.0,12.0,9.0,1412.0,13.0,510.0,143.0,2632.0,19.0,807.0,15.0,1799.0,496.0,9.0,26.0,15.0,15.0,19.0,18.0,1475.0,27.0,601.0,140.0,2722.0,48.0,844.0,34.0,1989.0,549.0,27.0,48.0,30.0,30.0,37.0,34.0,1461.0,36.0,550.0,176.0,2693.0,46.0,792.0,40.0,1945.0,520.0,36.0,65.0,33.0,38.0,32.0,35.0,1460.0,45.0,565.0,183.0,2740.0,50.0,831.0,46.0,2056.0,524.0,49.0,68.0,44.0,45.0,41.0,51.0,1411.0,22.0,810.0,178.0,2732.0,32.0,770.0,30.0,2174.0,616.0,24.0,37.0,24.0,20.0,24.0,23.0,1435.0,31.0,844.0,432.0,2678.0,37.0,1240.0,37.0,2312.0,674.0,26.0,48.0,27.0,31.0,25.0,31.0,1418.0,29.0,610.0,259.0,2807.0,48.0,1237.0,36.0,1920.0,590.0,31.0,46.0,32.0,32.0,33.0,38.0,1412.0,16.0,558.0,145.0,2697.0,27.0,820.0,25.0,1752.0,456.0,15.0,31.0,16.0,20.0,20.0,19.0,1380.0,36.0,526.0,161.0,2692.0,51.0,795.0,36.0,1869.0,483.0,36.0,50.0,33.0,39.0,37.0,37.0,1390.0,36.0,509.0,160.0,2680.0,48.0,755.0,43.0,1881.0,450.0,49.0,48.0,38.0,45.0,38.0,43.0,1437.0,34.0,543.0,147.0,2731.0,41.0,835.0,34.0,1986.0,512.0,33.0,54.0,30.0,35.0,32.0,34.0,1423.0,37.0,529.0,124.0,2728.0,50.0,789.0,41.0,1953.0,494.0,33.0,50.0,38.0,40.0,32.0,30.0,1496.0,32.0,513.0,137.0,2679.0,36.0,734.0,35.0,1801.0,464.0,32.0,67.0,28.0,32.0,30.0,28.0,1469.0,38.0,508.0,194.0,2730.0,49.0,756.0,42.0,1941.0,475.0,39.0,59.0,45.0,37.0,47.0,47.0,vips
3219.0,2130.0,2022.0,2126.0,2420.0,2094.0,8511.0,2078.0,2070.0,2060.0,2002.0,2038.0,2059.0,2103.0,2113.0,2141.0,1070.0,7.0,6.0,19.0,325.0,10.0,4049.0,7.0,7.0,6.0,5.0,7.0,6.0,8.0,10.0,11.0,1024.0,11.0,13.0,16.0,312.0,15.0,3934.0,12.0,18.0,9.0,7.0,8.0,12.0,11.0,13.0,14.0,1059.0,14.0,17.0,27.0,324.0,18.0,4803.0,12.0,23.0,15.0,9.0,16.0,20.0,19.0,9.0,16.0,1058.0,17.0,21.0,62.0,282.0,26.0,4064.0,28.0,21.0,24.0,19.0,20.0,24.0,17.0,17.0,20.0,1070.0,24.0,31.0,39.0,341.0,26.0,3886.0,25.0,28.0,28.0,17.0,21.0,31.0,23.0,21.0,20.0,1018.0,6.0,9.0,16.0,301.0,11.0,2246.0,9.0,10.0,5.0,4.0,8.0,12.0,6.0,9.0,12.0,1056.0,13.0,13.0,23.0,433.0,14.0,2709.0,16.0,17.0,14.0,9.0,15.0,16.0,14.0,15.0,11.0,1054.0,21.0,24.0,31.0,620.0,25.0,5014.0,20.0,22.0,20.0,20.0,21.0,16.0,20.0,23.0,18.0,1041.0,12.0,10.0,21.0,313.0,15.0,3068.0,16.0,17.0,8.0,10.0,10.0,14.0,11.0,17.0,14.0,1017.0,13.0,15.0,28.0,294.0,18.0,3147.0,16.0,16.0,15.0,11.0,18.0,15.0,13.0,13.0,12.0,1048.0,28.0,26.0,37.0,288.0,25.0,4700.0,20.0,23.0,15.0,13.0,18.0,25.0,19.0,33.0,28.0,1038.0,16.0,17.0,33.0,311.0,16.0,4099.0,20.0,18.0,20.0,19.0,18.0,20.0,18.0,12.0,15.0,1061.0,15.0,14.0,31.0,311.0,17.0,4225.0,20.0,17.0,19.0,17.0,18.0,14.0,14.0,16.0,15.0,1065.0,13.0,10.0,32.0,344.0,13.0,5083.0,12.0,14.0,12.0,10.0,19.0,17.0,16.0,12.0,14.0,1079.0,18.0,21.0,42.0,318.0,16.0,4616.0,22.0,19.0,23.0,20.0,21.0,20.0,19.0,16.0,16.0,vips
9659.0,6423.0,6244.0,6346.0,6292.0,6334.0,8348.0,10454.0,8100.0,6286.0,7678.0,6169.0,7874.0,7814.0,7805.0,7845.0,3154.0,14.0,12.0,11.0,18.0,14.0,1280.0,2351.0,1466.0,14.0,1458.0,10.0,1487.0,1452.0,1455.0,1441.0,3196.0,139.0,134.0,126.0,124.0,139.0,1430.0,2350.0,1555.0,144.0,1564.0,139.0,1565.0,1565.0,1555.0,1541.0,3272.0,173.0,176.0,166.0,172.0,170.0,1768.0,2968.0,1657.0,189.0,1612.0,178.0,1601.0,1582.0,1591.0,1593.0,3228.0,169.0,152.0,154.0,158.0,167.0,1481.0,2810.0,1697.0,186.0,1617.0,172.0,1612.0,1594.0,1599.0,1574.0,3230.0,163.0,149.0,142.0,136.0,137.0,1418.0,2757.0,1715.0,162.0,1654.0,159.0,1624.0,1584.0,1584.0,1574.0,3184.0,185.0,173.0,172.0,172.0,176.0,879.0,1814.0,1678.0,188.0,1640.0,162.0,1585.0,1566.0,1540.0,1560.0,3226.0,164.0,162.0,155.0,146.0,160.0,975.0,1454.0,1656.0,171.0,1612.0,158.0,1611.0,1594.0,1558.0,1610.0,3255.0,183.0,174.0,171.0,179.0,207.0,1867.0,2293.0,1704.0,205.0,1715.0,194.0,1688.0,1912.0,1638.0,1632.0,3215.0,154.0,149.0,149.0,141.0,151.0,1092.0,2089.0,1583.0,153.0,1601.0,159.0,1553.0,1573.0,1563.0,1518.0,3093.0,107.0,104.0,77.0,90.0,103.0,945.0,1878.0,1535.0,115.0,1570.0,84.0,1526.0,1741.0,1518.0,1753.0,3186.0,184.0,174.0,166.0,165.0,172.0,1669.0,3048.0,1609.0,187.0,1553.0,193.0,1580.0,1567.0,1579.0,1547.0,3169.0,96.0,74.0,80.0,89.0,87.0,1358.0,2160.0,1700.0,109.0,1560.0,96.0,1598.0,1602.0,1732.0,1572.0,3136.0,94.0,89.0,88.0,67.0,98.0,1451.0,2589.0,1773.0,104.0,1777.0,95.0,1551.0,1551.0,1539.0,1522.0,3238.0,144.0,137.0,146.0,143.0,153.0,1704.0,3375.0,1654.0,164.0,1614.0,153.0,1702.0,1620.0,1578.0,1611.0,3206.0,101.0,93.0,67.0,92.0,91.0,1545.0,2802.0,1653.0,103.0,1595.0,82.0,1854.0,1556.0,1516.0,1520.0,vips
266.0,199.0,166.0,850.0,166.0,177.0,192.0,188.0,161.0,162.0,150.0,158.0,168.0,161.0,177.0,181.0,29.0,5.0,6.0,335.0,3.0,4.0,15.0,15.0,2.0,3.0,2.0,2.0,4.0,1.0,2.0,3.0,11.0,3.0,1.0,341.0,1.0,2.0,14.0,11.0,0.0,1.0,2.0,2.0,2.0,1.0,1.0,2.0,24.0,7.0,3.0,328.0,7.0,3.0,17.0,13.0,1.0,1.0,2.0,3.0,2.0,0.0,2.0,3.0,18.0,5.0,1.0,322.0,1.0,5.0,28.0,24.0,0.0,1.0,1.0,0.0,2.0,1.0,1.0,3.0,23.0,5.0,4.0,309.0,3.0,7.0,18.0,11.0,2.0,2.0,1.0,1.0,2.0,2.0,1.0,1.0,17.0,3.0,4.0,315.0,1.0,5.0,11.0,24.0,4.0,3.0,5.0,3.0,2.0,4.0,7.0,6.0,9.0,4.0,3.0,303.0,1.0,2.0,10.0,11.0,2.0,5.0,4.0,2.0,5.0,6.0,3.0,5.0,14.0,2.0,3.0,317.0,0.0,3.0,7.0,10.0,2.0,2.0,1.0,2.0,3.0,2.0,0.0,1.0,18.0,5.0,3.0,314.0,2.0,4.0,11.0,10.0,1.0,0.0,3.0,1.0,2.0,1.0,2.0,1.0,15.0,4.0,3.0,320.0,1.0,4.0,12.0,10.0,1.0,1.0,4.0,3.0,3.0,2.0,2.0,3.0,14.0,5.0,3.0,304.0,0.0,4.0,9.0,10.0,2.0,2.0,2.0,0.0,4.0,2.0,1.0,2.0,19.0,8.0,7.0,340.0,5.0,8.0,27.0,31.0,4.0,4.0,6.0,3.0,2.0,6.0,9.0,5.0,19.0,3.0,3.0,329.0,2.0,5.0,13.0,13.0,0.0,0.0,1.0,0.0,2.0,3.0,4.0,2.0,24.0,8.0,6.0,336.0,1.0,5.0,40.0,38.0,2.0,4.0,4.0,2.0,4.0,3.0,5.0,3.0,21.0,3.0,4.0,358.0,2.0,2.0,25.0,28.0,1.0,1.0,3.0,1.0,3.0,2.0,1.0,2.0,vips
12957.0,8510.0,8674.0,8696.0,8411.0,8671.0,8610.0,14088.0,10646.0,8474.0,10617.0,8599.0,10810.0,10596.0,10561.0,10770.0,4436.0,31.0,210.0,193.0,30.0,224.0,184.0,2652.0,2206.0,196.0,2361.0,232.0,2210.0,2115.0,2199.0,2421.0,4448.0,86.0,235.0,278.0,100.0,275.0,331.0,3052.0,2252.0,251.0,2375.0,282.0,2321.0,2190.0,2206.0,2449.0,4500.0,108.0,271.0,271.0,114.0,300.0,273.0,3570.0,2266.0,380.0,2386.0,290.0,2281.0,2200.0,2235.0,2474.0,4484.0,116.0,297.0,312.0,121.0,297.0,297.0,3606.0,2324.0,286.0,2390.0,301.0,2313.0,2245.0,2293.0,2475.0,4514.0,100.0,280.0,423.0,102.0,298.0,268.0,3730.0,2265.0,280.0,2340.0,311.0,2308.0,2213.0,2225.0,2480.0,4497.0,131.0,295.0,318.0,148.0,311.0,297.0,2063.0,2363.0,326.0,2472.0,328.0,2363.0,2260.0,2295.0,2553.0,4833.0,137.0,315.0,339.0,162.0,340.0,328.0,1905.0,2284.0,316.0,2482.0,363.0,2375.0,2256.0,2315.0,2581.0,4522.0,174.0,344.0,357.0,171.0,385.0,367.0,2919.0,2358.0,346.0,2549.0,371.0,2395.0,2405.0,2401.0,2665.0,4374.0,94.0,313.0,270.0,104.0,269.0,241.0,2595.0,2270.0,250.0,2337.0,282.0,2302.0,2198.0,2204.0,2466.0,4448.0,178.0,303.0,318.0,165.0,363.0,342.0,2467.0,2353.0,332.0,2488.0,358.0,2443.0,2463.0,2413.0,2899.0,4396.0,98.0,240.0,246.0,98.0,420.0,233.0,3966.0,2241.0,247.0,2372.0,279.0,2310.0,2181.0,2215.0,2417.0,4569.0,163.0,316.0,339.0,170.0,383.0,330.0,2864.0,2380.0,320.0,2506.0,329.0,2482.0,2313.0,2342.0,2644.0,4525.0,172.0,363.0,374.0,142.0,381.0,356.0,3447.0,2390.0,341.0,2638.0,390.0,2424.0,2300.0,2427.0,2601.0,4532.0,171.0,310.0,346.0,173.0,357.0,306.0,4357.0,2323.0,314.0,2511.0,363.0,2532.0,2270.0,2267.0,2632.0,4538.0,152.0,359.0,305.0,172.0,389.0,344.0,3776.0,2339.0,336.0,2664.0,347.0,2517.0,2333.0,2340.0,2505.0,vips
23403.0,14134.0,16423.0,16994.0,14075.0,16670.0,16386.0,16492.0,15790.0,16425.0,15598.0,16264.0,16375.0,15802.0,15997.0,16036.0,8941.0,33.0,2422.0,2547.0,43.0,2476.0,2429.0,2506.0,1878.0,2437.0,1796.0,2522.0,2540.0,1850.0,1789.0,1836.0,8940.0,170.0,2471.0,2636.0,179.0,2583.0,2863.0,2603.0,1913.0,2612.0,1865.0,2606.0,2457.0,1955.0,2096.0,2074.0,9075.0,188.0,2662.0,2676.0,172.0,2652.0,2636.0,2675.0,1965.0,3103.0,1977.0,2614.0,2191.0,2029.0,2160.0,2195.0,8914.0,52.0,2450.0,2603.0,50.0,2453.0,2488.0,2562.0,1904.0,2473.0,2382.0,2447.0,1777.0,2012.0,2067.0,2409.0,9014.0,169.0,2615.0,3203.0,131.0,2630.0,2647.0,2719.0,1985.0,2648.0,2627.0,2678.0,1898.0,2093.0,2275.0,2453.0,8910.0,147.0,2588.0,2691.0,161.0,2618.0,2552.0,2707.0,1993.0,2619.0,1962.0,2641.0,1876.0,1933.0,2164.0,2194.0,9128.0,161.0,2713.0,2726.0,191.0,2635.0,2663.0,2694.0,1942.0,2616.0,2021.0,2885.0,1950.0,2009.0,1950.0,2306.0,9029.0,197.0,2684.0,2874.0,262.0,2693.0,2716.0,2834.0,2030.0,2692.0,2088.0,2740.0,2053.0,2172.0,2128.0,2095.0,8944.0,163.0,2932.0,2709.0,180.0,2660.0,2628.0,2663.0,1958.0,2607.0,1905.0,2642.0,1891.0,1958.0,1936.0,1857.0,8951.0,238.0,2721.0,2864.0,264.0,2734.0,2793.0,2807.0,2243.0,2704.0,2041.0,2756.0,1978.0,2027.0,2296.0,2020.0,8795.0,167.0,2606.0,2723.0,160.0,3053.0,2632.0,2810.0,1857.0,2553.0,1886.0,2584.0,1836.0,1964.0,1874.0,1860.0,9053.0,260.0,2717.0,2835.0,257.0,2784.0,2693.0,2826.0,2009.0,2698.0,2050.0,2683.0,2022.0,2133.0,2028.0,2333.0,9016.0,169.0,2630.0,2728.0,227.0,2591.0,2597.0,2749.0,2329.0,2581.0,2020.0,2649.0,1968.0,2010.0,1959.0,1983.0,9115.0,250.0,2636.0,2780.0,198.0,2645.0,2668.0,2767.0,1965.0,2675.0,2017.0,2700.0,2308.0,2028.0,1960.0,2015.0,9154.0,241.0,2686.0,2828.0,255.0,2702.0,2734.0,2843.0,2026.0,2725.0,2031.0,2706.0,2150.0,2058.0,1955.0,1966.0,vips
19789.0,11254.0,13158.0,13340.0,11185.0,13225.0,13296.0,12656.0,13570.0,12867.0,13570.0,12597.0,13508.0,13465.0,13716.0,13698.0,8133.0,36.0,1714.0,1894.0,39.0,1912.0,1962.0,1553.0,2554.0,1890.0,2745.0,1667.0,2409.0,2344.0,2601.0,2471.0,8319.0,114.0,1857.0,2006.0,112.0,2012.0,2188.0,2220.0,2635.0,2037.0,2841.0,1763.0,2506.0,2504.0,2686.0,2472.0,8444.0,147.0,1859.0,2134.0,139.0,2289.0,2009.0,2160.0,2631.0,2263.0,2877.0,1795.0,2552.0,2464.0,2690.0,2617.0,8257.0,36.0,1735.0,2078.0,39.0,2220.0,1803.0,1583.0,2551.0,2242.0,2699.0,1693.0,2456.0,2435.0,2639.0,2483.0,8351.0,138.0,1814.0,2470.0,142.0,2928.0,1942.0,1741.0,2628.0,2704.0,2780.0,1814.0,2610.0,2464.0,2726.0,2565.0,8362.0,113.0,1880.0,2416.0,119.0,2853.0,1915.0,1790.0,2703.0,2713.0,2790.0,1865.0,2578.0,2497.0,2647.0,2572.0,8273.0,131.0,1794.0,2445.0,141.0,3032.0,2099.0,1880.0,2599.0,2612.0,2781.0,2492.0,2626.0,2454.0,2730.0,2529.0,8275.0,117.0,1864.0,2423.0,115.0,2641.0,1998.0,1814.0,2652.0,2524.0,2849.0,2141.0,2616.0,2576.0,2731.0,2587.0,8259.0,148.0,1806.0,2563.0,153.0,2458.0,2017.0,1711.0,2599.0,2441.0,2757.0,2173.0,2506.0,2457.0,2659.0,2566.0,8234.0,132.0,1767.0,2256.0,131.0,2143.0,1999.0,1653.0,2622.0,2241.0,2719.0,1857.0,2604.0,2466.0,2718.0,2625.0,8065.0,97.0,1771.0,2178.0,106.0,2015.0,2133.0,1598.0,2594.0,2141.0,2655.0,1721.0,2541.0,2411.0,2659.0,2501.0,8138.0,103.0,1881.0,2249.0,105.0,2040.0,2246.0,1643.0,2672.0,2148.0,2815.0,1860.0,2544.0,2504.0,2742.0,2675.0,8251.0,103.0,1940.0,2072.0,105.0,2022.0,2246.0,1631.0,2618.0,2135.0,2849.0,1798.0,2508.0,2419.0,2666.0,2630.0,8217.0,114.0,1859.0,2117.0,112.0,2061.0,2193.0,1571.0,2584.0,1938.0,2809.0,1747.0,2586.0,2451.0,2635.0,2615.0,8358.0,100.0,1862.0,2077.0,102.0,1957.0,2202.0,1593.0,2600.0,1970.0,2777.0,1712.0,2591.0,2414.0,2701.0,2548.0,vips
22760.0,14007.0,15883.0,16220.0,13905.0,16041.0,15897.0,16011.0,15624.0,16038.0,15744.0,15765.0,15718.0,15685.0,15799.0,15890.0,8569.0,36.0,2099.0,2053.0,38.0,2090.0,2112.0,2147.0,1874.0,1855.0,1982.0,2130.0,1826.0,1926.0,1793.0,1770.0,9003.0,249.0,2270.0,2326.0,283.0,2431.0,2416.0,2415.0,2091.0,2072.0,2400.0,2411.0,2115.0,2111.0,2050.0,2013.0,9288.0,297.0,2338.0,2383.0,305.0,2303.0,2373.0,2423.0,2136.0,2141.0,2337.0,2381.0,2106.0,2150.0,2141.0,2045.0,8883.0,41.0,2061.0,2247.0,37.0,2025.0,2090.0,2114.0,1872.0,1846.0,1915.0,2070.0,1820.0,1858.0,1797.0,1765.0,9076.0,261.0,2642.0,2580.0,327.0,2330.0,2430.0,2474.0,2148.0,2112.0,2161.0,2397.0,2144.0,2162.0,2039.0,2026.0,8857.0,311.0,2547.0,2433.0,307.0,2331.0,2338.0,2508.0,2223.0,2137.0,2110.0,2850.0,2131.0,2159.0,2123.0,2015.0,8779.0,223.0,2305.0,2326.0,242.0,2240.0,2390.0,2360.0,2277.0,2108.0,2165.0,2431.0,2373.0,2160.0,2475.0,2510.0,8755.0,308.0,2296.0,2421.0,307.0,2323.0,2345.0,2465.0,2400.0,2172.0,2125.0,2418.0,2402.0,2270.0,2432.0,2629.0,8656.0,319.0,2376.0,2582.0,302.0,2378.0,2385.0,2435.0,2367.0,2130.0,2119.0,2405.0,2116.0,2293.0,2076.0,2010.0,8699.0,330.0,2381.0,2402.0,322.0,2371.0,2393.0,2399.0,2560.0,2148.0,2219.0,2365.0,2334.0,2358.0,2092.0,1966.0,8535.0,289.0,2247.0,2325.0,297.0,2274.0,2425.0,2719.0,2377.0,2167.0,2194.0,2330.0,2070.0,2388.0,1979.0,1916.0,8694.0,260.0,2336.0,2364.0,254.0,2303.0,2356.0,2473.0,2416.0,2222.0,2577.0,2359.0,2144.0,2461.0,2114.0,1999.0,8581.0,292.0,2357.0,2359.0,286.0,2336.0,2342.0,2339.0,2209.0,2157.0,3024.0,2322.0,2136.0,2346.0,2063.0,1990.0,8770.0,299.0,2378.0,2408.0,319.0,2306.0,2402.0,2461.0,2193.0,2142.0,2516.0,2447.0,2151.0,2298.0,2100.0,2317.0,8756.0,222.0,2320.0,2441.0,235.0,2265.0,2362.0,2419.0,2102.0,2215.0,2343.0,2311.0,2047.0,2135.0,2007.0,1928.0,vips
20784.0,11758.0,13690.0,13531.0,11665.0,13414.0,13635.0,13560.0,13692.0,13087.0,13308.0,13301.0,13450.0,13676.0,14316.0,14960.0,8885.0,33.0,1935.0,1754.0,38.0,1773.0,1939.0,1988.0,2143.0,1742.0,2082.0,1931.0,1968.0,2167.0,2708.0,3129.0,8927.0,120.0,2002.0,1872.0,129.0,2002.0,2190.0,2184.0,2224.0,1832.0,2116.0,2044.0,2048.0,2251.0,2840.0,3169.0,8990.0,96.0,2097.0,1883.0,105.0,1868.0,2022.0,2181.0,2179.0,2016.0,2120.0,2037.0,2054.0,2251.0,2779.0,3243.0,8923.0,31.0,2027.0,1797.0,31.0,1803.0,1918.0,2024.0,2160.0,1820.0,2076.0,1894.0,1994.0,2215.0,2769.0,3112.0,8931.0,146.0,2835.0,1958.0,149.0,1942.0,2179.0,2249.0,2290.0,1932.0,2124.0,2052.0,2086.0,2328.0,2867.0,3243.0,8978.0,143.0,2278.0,1893.0,131.0,2202.0,2153.0,2470.0,2274.0,1869.0,2130.0,2109.0,2108.0,2308.0,2845.0,3304.0,8891.0,129.0,2310.0,1903.0,126.0,2232.0,2536.0,2570.0,2200.0,1859.0,2171.0,2316.0,2076.0,2341.0,2830.0,3248.0,8958.0,85.0,2242.0,1908.0,85.0,2302.0,2174.0,2221.0,2247.0,1968.0,2199.0,2052.0,2091.0,2390.0,2894.0,3331.0,8801.0,105.0,1977.0,1845.0,101.0,2034.0,1953.0,2091.0,2185.0,1793.0,2051.0,2016.0,2028.0,2250.0,2771.0,3288.0,8794.0,94.0,1994.0,1887.0,99.0,1823.0,1981.0,2098.0,2260.0,1843.0,2113.0,2003.0,2045.0,2534.0,2795.0,3282.0,8685.0,107.0,1946.0,1829.0,110.0,1792.0,2014.0,2362.0,2190.0,1783.0,2091.0,1953.0,2050.0,2240.0,2736.0,3132.0,8835.0,77.0,1972.0,1851.0,80.0,1895.0,1989.0,2141.0,2230.0,1874.0,2155.0,2036.0,2087.0,2244.0,2765.0,3134.0,8832.0,94.0,1949.0,1877.0,95.0,1790.0,2018.0,2094.0,2256.0,1805.0,2214.0,2046.0,2069.0,2206.0,2765.0,3191.0,8951.0,95.0,1995.0,1833.0,94.0,1867.0,1976.0,2111.0,2141.0,1816.0,2118.0,2046.0,2038.0,2206.0,2680.0,3238.0,9123.0,109.0,2052.0,1841.0,115.0,1882.0,2012.0,2124.0,2192.0,1840.0,2104.0,1978.0,2049.0,2262.0,2744.0,3305.0,vips
21626.0,13438.0,15341.0,15884.0,13340.0,15425.0,15245.0,15414.0,15118.0,15390.0,15105.0,15045.0,16294.0,15101.0,15212.0,14930.0,7852.0,32.0,1988.0,2015.0,36.0,2027.0,2127.0,2105.0,1964.0,2080.0,2289.0,1972.0,2706.0,1847.0,1875.0,1367.0,8061.0,302.0,2168.0,2261.0,307.0,2273.0,2359.0,2344.0,2253.0,2356.0,2429.0,2460.0,2253.0,2160.0,2560.0,1622.0,8179.0,166.0,2164.0,2252.0,184.0,2143.0,2285.0,2256.0,2178.0,2269.0,2409.0,2075.0,2033.0,2250.0,2838.0,1678.0,8034.0,32.0,2006.0,2209.0,31.0,1998.0,2119.0,2107.0,1976.0,2147.0,1915.0,1928.0,1788.0,2847.0,2233.0,1898.0,8348.0,206.0,2208.0,2258.0,179.0,2185.0,2321.0,2427.0,2184.0,2255.0,2108.0,2306.0,1979.0,3309.0,2076.0,2124.0,8382.0,276.0,2457.0,2174.0,263.0,2229.0,2326.0,2476.0,2248.0,2324.0,2114.0,2705.0,2022.0,3034.0,1995.0,1653.0,8359.0,297.0,2857.0,2287.0,256.0,2593.0,2592.0,2416.0,2156.0,2403.0,2198.0,2676.0,2093.0,2513.0,2052.0,1729.0,8214.0,234.0,2700.0,2287.0,208.0,2226.0,2355.0,2303.0,2113.0,2354.0,2150.0,2146.0,2363.0,2184.0,2142.0,1659.0,8017.0,180.0,2091.0,2238.0,192.0,2155.0,2241.0,2269.0,2049.0,2190.0,1996.0,2153.0,1938.0,1977.0,1938.0,1492.0,7992.0,190.0,2100.0,2275.0,159.0,2152.0,2289.0,2260.0,2158.0,2232.0,2054.0,2103.0,1962.0,2165.0,1906.0,1423.0,7904.0,236.0,2114.0,2271.0,232.0,2190.0,2274.0,2302.0,2132.0,2397.0,2037.0,2111.0,2016.0,2027.0,1922.0,1502.0,8129.0,213.0,2223.0,2315.0,180.0,2215.0,2343.0,2296.0,2218.0,2341.0,2103.0,2131.0,2042.0,2066.0,2272.0,1542.0,7911.0,240.0,2195.0,2318.0,185.0,2227.0,2338.0,2335.0,2207.0,2264.0,2096.0,2175.0,1999.0,2023.0,2049.0,1568.0,8130.0,324.0,2286.0,2397.0,310.0,2298.0,2409.0,2385.0,2136.0,2388.0,2201.0,2286.0,2176.0,2122.0,2036.0,1584.0,8294.0,329.0,2301.0,2585.0,325.0,2299.0,2422.0,2414.0,2137.0,2440.0,2255.0,2271.0,2400.0,2168.0,2099.0,1642.0,vips
21171.0,12050.0,13991.0,14195.0,11913.0,14510.0,14003.0,14041.0,14272.0,13437.0,14149.0,13618.0,14038.0,14333.0,14285.0,14978.0,8959.0,32.0,2106.0,2138.0,39.0,2426.0,2183.0,2223.0,2392.0,1790.0,2552.0,2003.0,2390.0,2541.0,2345.0,3009.0,9000.0,163.0,2301.0,2351.0,169.0,2609.0,2666.0,2390.0,2513.0,2028.0,2672.0,2255.0,2519.0,2731.0,2524.0,3139.0,8968.0,112.0,2232.0,2306.0,130.0,2562.0,2208.0,2385.0,2477.0,1936.0,2553.0,2066.0,2497.0,2721.0,2498.0,3134.0,8925.0,33.0,2091.0,2212.0,33.0,2453.0,2165.0,2334.0,2407.0,1873.0,2515.0,1951.0,2435.0,2638.0,2408.0,2932.0,9041.0,191.0,2393.0,2413.0,193.0,2667.0,2462.0,2947.0,2624.0,2048.0,2656.0,2246.0,2643.0,2828.0,2549.0,3123.0,9051.0,183.0,2565.0,2454.0,202.0,2763.0,2351.0,3181.0,2610.0,2101.0,2644.0,2235.0,2596.0,2724.0,2593.0,3148.0,8975.0,173.0,2308.0,2331.0,157.0,3005.0,2439.0,2449.0,2553.0,1948.0,2614.0,2119.0,2573.0,2724.0,2588.0,3150.0,8974.0,117.0,2376.0,2374.0,141.0,2657.0,2344.0,2475.0,2522.0,1988.0,2655.0,2092.0,2602.0,2788.0,2603.0,3093.0,8822.0,149.0,2427.0,2306.0,164.0,2562.0,2338.0,2307.0,2431.0,1831.0,2550.0,2344.0,2514.0,2648.0,2474.0,3091.0,8754.0,130.0,2216.0,2315.0,139.0,2584.0,2287.0,2441.0,2532.0,1851.0,2564.0,2047.0,2609.0,2649.0,2569.0,3103.0,8788.0,101.0,2345.0,2259.0,117.0,2513.0,2251.0,2342.0,2469.0,1866.0,2532.0,2034.0,2461.0,2631.0,2459.0,3016.0,8873.0,108.0,2182.0,2338.0,124.0,2521.0,2301.0,2418.0,2523.0,1847.0,2608.0,2051.0,2545.0,2669.0,2530.0,3160.0,8910.0,141.0,2252.0,2335.0,152.0,2534.0,2328.0,2391.0,2522.0,1841.0,2703.0,2021.0,2555.0,2667.0,2505.0,3156.0,8903.0,96.0,2152.0,2276.0,111.0,2499.0,2186.0,2407.0,2400.0,1796.0,2592.0,2004.0,2498.0,2648.0,2394.0,3005.0,9067.0,94.0,2229.0,2278.0,114.0,2501.0,2253.0,2378.0,2460.0,1853.0,2526.0,2025.0,2452.0,2640.0,2416.0,3085.0,vips
20888.0,12754.0,14625.0,15006.0,14413.0,14625.0,14690.0,14398.0,14473.0,14499.0,14283.0,14379.0,14331.0,14424.0,14583.0,14270.0,7558.0,31.0,1920.0,1758.0,1597.0,1755.0,1722.0,1708.0,1843.0,1999.0,1768.0,2054.0,1555.0,1652.0,1588.0,1426.0,7742.0,308.0,2137.0,2035.0,1847.0,2255.0,2058.0,1937.0,2111.0,2264.0,2223.0,2303.0,1907.0,1930.0,1869.0,1706.0,7902.0,194.0,2059.0,2024.0,1759.0,1964.0,2031.0,1955.0,2098.0,2114.0,2036.0,2218.0,1853.0,1833.0,1870.0,1606.0,7663.0,122.0,1909.0,2005.0,1629.0,2319.0,2023.0,2045.0,1985.0,2043.0,1884.0,2037.0,1655.0,1749.0,1753.0,1474.0,7932.0,339.0,2043.0,2252.0,1956.0,3904.0,2191.0,2302.0,2268.0,2252.0,2058.0,2302.0,1885.0,1986.0,1948.0,1728.0,7753.0,329.0,1987.0,2104.0,1896.0,3716.0,2063.0,2866.0,2185.0,2297.0,2073.0,2220.0,1879.0,2251.0,1970.0,1856.0,8006.0,372.0,2019.0,2159.0,1955.0,2657.0,2327.0,3162.0,2616.0,2280.0,2147.0,2356.0,2628.0,2751.0,2394.0,2490.0,7907.0,297.0,2020.0,2154.0,1870.0,2100.0,2273.0,2689.0,2673.0,2221.0,2035.0,2217.0,2532.0,2698.0,2094.0,1828.0,7565.0,184.0,1915.0,2118.0,1731.0,1846.0,2407.0,2056.0,1927.0,2051.0,1937.0,2420.0,1743.0,2040.0,1765.0,1551.0,7637.0,293.0,2109.0,2413.0,1983.0,1991.0,2572.0,2179.0,2074.0,2260.0,2164.0,2174.0,1893.0,2138.0,1882.0,1577.0,7513.0,196.0,2138.0,2226.0,1669.0,1823.0,2314.0,2055.0,1871.0,2414.0,2196.0,2081.0,1733.0,1941.0,1742.0,1481.0,7869.0,282.0,2284.0,2691.0,1901.0,2033.0,2367.0,2275.0,2171.0,2363.0,2607.0,2333.0,1866.0,2089.0,2211.0,1786.0,7834.0,320.0,2173.0,2310.0,1899.0,2113.0,2297.0,2124.0,2180.0,2413.0,2565.0,2320.0,1897.0,2105.0,1939.0,1810.0,7799.0,269.0,2148.0,2172.0,1860.0,2002.0,2173.0,2111.0,2219.0,2259.0,2290.0,2281.0,1943.0,2005.0,1878.0,1688.0,8055.0,244.0,2203.0,2240.0,1861.0,1987.0,2303.0,2018.0,2054.0,2262.0,2201.0,2258.0,1842.0,1973.0,1815.0,1602.0,vips
24420.0,14138.0,16016.0,16873.0,16308.0,16299.0,15873.0,16036.0,16606.0,15915.0,15837.0,16192.0,17191.0,16405.0,17296.0,17051.0,9825.0,32.0,2022.0,2763.0,2162.0,2176.0,1930.0,2008.0,2693.0,2074.0,2033.0,2372.0,3083.0,2519.0,3191.0,2899.0,9877.0,118.0,2046.0,2817.0,2307.0,2261.0,2036.0,2097.0,2796.0,2167.0,2148.0,2402.0,3079.0,2639.0,3169.0,2971.0,9922.0,146.0,2152.0,2844.0,2336.0,2267.0,2079.0,2238.0,3106.0,2258.0,2127.0,2508.0,3259.0,2895.0,3331.0,2998.0,9915.0,125.0,2128.0,2779.0,2287.0,2308.0,2044.0,2145.0,2819.0,2242.0,2169.0,2486.0,3129.0,2723.0,3231.0,2966.0,9925.0,121.0,2117.0,2834.0,2385.0,2269.0,2090.0,2204.0,2863.0,2205.0,2117.0,2410.0,3174.0,2714.0,3177.0,2981.0,9817.0,113.0,2127.0,2787.0,2280.0,2255.0,2077.0,2198.0,2950.0,2209.0,2140.0,2481.0,3174.0,2704.0,3230.0,3004.0,9810.0,146.0,2113.0,2835.0,2619.0,2334.0,2122.0,2210.0,2870.0,2262.0,2225.0,2579.0,3162.0,2705.0,3212.0,2942.0,9860.0,162.0,2198.0,3234.0,2400.0,2367.0,2132.0,2284.0,2870.0,2313.0,2252.0,2495.0,3262.0,2767.0,3358.0,2998.0,9743.0,181.0,2112.0,2893.0,2314.0,2298.0,2105.0,2257.0,2879.0,2190.0,2173.0,3570.0,3192.0,2635.0,3249.0,3016.0,9788.0,132.0,2167.0,2871.0,2462.0,2461.0,2121.0,2226.0,2818.0,2270.0,2173.0,2443.0,3182.0,2649.0,3294.0,2974.0,9656.0,119.0,2063.0,2781.0,2274.0,2236.0,2047.0,2191.0,2834.0,2826.0,2105.0,2392.0,3066.0,2614.0,3230.0,2952.0,9942.0,140.0,2140.0,2793.0,2322.0,2264.0,2083.0,2210.0,2942.0,2351.0,2220.0,2509.0,3162.0,2654.0,3423.0,3031.0,9756.0,137.0,2147.0,3064.0,2318.0,2324.0,2098.0,2203.0,3021.0,2261.0,2159.0,2384.0,3217.0,2678.0,3246.0,2985.0,9902.0,160.0,2109.0,2800.0,2273.0,2280.0,2052.0,2173.0,2877.0,2137.0,2154.0,2424.0,3220.0,2615.0,3269.0,2980.0,9966.0,113.0,2103.0,2799.0,2264.0,2263.0,2033.0,2146.0,2901.0,2214.0,2080.0,2451.0,3140.0,2641.0,3181.0,2996.0,vips
20349.0,12523.0,14327.0,14765.0,14223.0,14254.0,16018.0,14121.0,14130.0,14082.0,14096.0,12574.0,13721.0,14147.0,14151.0,14406.0,7644.0,34.0,2036.0,1765.0,1842.0,1807.0,2515.0,1758.0,1790.0,1753.0,2819.0,423.0,1288.0,1796.0,1290.0,1778.0,7754.0,184.0,2258.0,1936.0,1956.0,2239.0,2507.0,1830.0,1881.0,1885.0,2703.0,503.0,1487.0,1903.0,1443.0,2033.0,8140.0,300.0,2257.0,2203.0,2568.0,2247.0,3300.0,2123.0,2456.0,2097.0,2195.0,696.0,1704.0,2055.0,1639.0,2011.0,7762.0,185.0,2062.0,2150.0,3032.0,2125.0,2738.0,2045.0,2513.0,1990.0,1989.0,564.0,1581.0,2078.0,2060.0,1623.0,7633.0,203.0,2085.0,2234.0,3199.0,2152.0,3006.0,1927.0,2661.0,1982.0,1999.0,565.0,1798.0,2197.0,2143.0,1558.0,7466.0,185.0,1969.0,2460.0,2642.0,2099.0,1774.0,1913.0,2467.0,1969.0,1997.0,590.0,1956.0,2086.0,1704.0,1528.0,7446.0,210.0,2271.0,2570.0,2445.0,2125.0,1889.0,1967.0,2270.0,2240.0,2037.0,1047.0,1724.0,2258.0,1577.0,1602.0,7644.0,324.0,2197.0,2755.0,2356.0,2246.0,3378.0,2165.0,2440.0,2498.0,2213.0,1048.0,1877.0,2488.0,1773.0,1890.0,7343.0,216.0,1897.0,2194.0,1968.0,2061.0,2169.0,1918.0,2152.0,1920.0,2116.0,894.0,1545.0,2342.0,1496.0,1605.0,7320.0,156.0,2018.0,2079.0,1904.0,2058.0,2136.0,2156.0,2118.0,1894.0,1956.0,503.0,1438.0,2593.0,1496.0,1677.0,7353.0,206.0,1875.0,2035.0,1883.0,2235.0,3013.0,1864.0,2063.0,1986.0,1980.0,526.0,1506.0,2686.0,1417.0,1591.0,8007.0,313.0,2126.0,2277.0,2179.0,2393.0,2595.0,2170.0,2267.0,2140.0,2171.0,687.0,1661.0,2752.0,1775.0,2128.0,7773.0,329.0,2062.0,2455.0,2141.0,2177.0,2957.0,2082.0,2316.0,2062.0,2109.0,739.0,1677.0,2346.0,1658.0,2132.0,7968.0,279.0,2044.0,2166.0,2061.0,2078.0,3469.0,2033.0,2115.0,2037.0,2118.0,660.0,1575.0,2094.0,1600.0,2036.0,7869.0,261.0,1996.0,2253.0,2020.0,2035.0,3042.0,1989.0,2075.0,2017.0,2089.0,652.0,1605.0,1997.0,1473.0,1933.0,vips
234.0,190.0,149.0,773.0,158.0,193.0,153.0,157.0,158.0,159.0,144.0,146.0,163.0,174.0,195.0,176.0,35.0,1.0,5.0,351.0,5.0,10.0,2.0,2.0,3.0,4.0,4.0,5.0,5.0,3.0,7.0,6.0,8.0,1.0,0.0,284.0,1.0,8.0,0.0,2.0,1.0,1.0,1.0,0.0,0.0,1.0,8.0,1.0,12.0,1.0,0.0,287.0,3.0,11.0,5.0,0.0,3.0,5.0,2.0,1.0,2.0,4.0,3.0,3.0,15.0,1.0,2.0,286.0,1.0,12.0,2.0,4.0,0.0,1.0,1.0,1.0,0.0,1.0,14.0,0.0,26.0,3.0,3.0,296.0,1.0,10.0,3.0,3.0,1.0,2.0,2.0,2.0,1.0,2.0,30.0,4.0,14.0,3.0,4.0,290.0,6.0,12.0,0.0,1.0,1.0,0.0,1.0,0.0,3.0,2.0,14.0,4.0,19.0,1.0,5.0,287.0,7.0,14.0,2.0,1.0,3.0,2.0,3.0,1.0,2.0,2.0,17.0,6.0,16.0,3.0,2.0,295.0,0.0,10.0,0.0,0.0,0.0,3.0,2.0,0.0,0.0,3.0,16.0,1.0,15.0,3.0,0.0,288.0,1.0,9.0,1.0,0.0,1.0,0.0,3.0,1.0,0.0,2.0,18.0,2.0,9.0,4.0,2.0,291.0,2.0,9.0,0.0,2.0,1.0,3.0,3.0,4.0,2.0,2.0,25.0,2.0,11.0,4.0,3.0,286.0,1.0,11.0,1.0,1.0,0.0,0.0,2.0,0.0,4.0,0.0,9.0,1.0,23.0,4.0,2.0,291.0,4.0,11.0,1.0,1.0,2.0,2.0,1.0,2.0,4.0,4.0,24.0,0.0,25.0,2.0,0.0,294.0,4.0,12.0,3.0,1.0,4.0,3.0,2.0,0.0,2.0,2.0,18.0,0.0,30.0,2.0,1.0,282.0,3.0,25.0,3.0,10.0,3.0,5.0,7.0,4.0,6.0,3.0,13.0,8.0,27.0,5.0,2.0,304.0,2.0,8.0,1.0,0.0,1.0,2.0,2.0,1.0,1.0,0.0,6.0,2.0,vips
25757.0,15080.0,17231.0,17538.0,17299.0,17264.0,19363.0,17244.0,17268.0,16758.0,17007.0,16583.0,17085.0,17163.0,17790.0,17932.0,9930.0,35.0,2320.0,2426.0,2289.0,2257.0,2858.0,2626.0,2504.0,2032.0,2373.0,1937.0,2224.0,2333.0,2693.0,2613.0,9964.0,169.0,2461.0,2599.0,2471.0,2707.0,3033.0,2998.0,2689.0,2207.0,2546.0,2020.0,2367.0,2468.0,2770.0,2783.0,10039.0,136.0,2478.0,2605.0,2399.0,2363.0,3488.0,2771.0,2691.0,2205.0,2457.0,2022.0,2384.0,2486.0,2731.0,2773.0,10035.0,141.0,2516.0,2634.0,2340.0,2490.0,3044.0,2782.0,2684.0,2145.0,2417.0,2007.0,2347.0,2485.0,2756.0,2740.0,10067.0,176.0,2766.0,2594.0,2782.0,2404.0,3327.0,2787.0,2679.0,2217.0,2537.0,2023.0,2459.0,2499.0,2728.0,2853.0,9973.0,134.0,2424.0,2617.0,2411.0,2356.0,1764.0,2712.0,2685.0,2218.0,2501.0,1978.0,2325.0,2486.0,2726.0,2707.0,9872.0,148.0,2554.0,2615.0,2424.0,2374.0,1947.0,2680.0,2656.0,2219.0,2619.0,2037.0,2350.0,2489.0,2736.0,2704.0,9971.0,117.0,2510.0,2601.0,2409.0,2378.0,3503.0,2803.0,2685.0,2219.0,2512.0,2063.0,2382.0,2448.0,2770.0,2805.0,9860.0,160.0,2406.0,2620.0,2413.0,2415.0,2222.0,2716.0,2696.0,2093.0,3334.0,2029.0,2399.0,2477.0,2737.0,2738.0,9865.0,140.0,2496.0,2551.0,2531.0,2472.0,2312.0,2895.0,2633.0,2394.0,2493.0,1998.0,2471.0,2486.0,2787.0,2768.0,9752.0,83.0,2363.0,2530.0,2310.0,2238.0,3329.0,2557.0,2623.0,2064.0,2346.0,1961.0,2292.0,2381.0,2689.0,2680.0,9903.0,148.0,2417.0,2598.0,2377.0,2368.0,2667.0,2685.0,2785.0,2185.0,2517.0,2094.0,2357.0,2511.0,2762.0,2810.0,9964.0,135.0,2383.0,2736.0,2368.0,2374.0,3072.0,2659.0,2647.0,2154.0,2506.0,2026.0,2409.0,2460.0,2758.0,2833.0,10129.0,113.0,2407.0,2523.0,2328.0,2347.0,3872.0,2790.0,2585.0,2095.0,2456.0,2011.0,2327.0,2448.0,2686.0,2713.0,10169.0,130.0,2487.0,2650.0,2493.0,2439.0,3341.0,2844.0,2714.0,2285.0,2493.0,2090.0,2518.0,2552.0,2724.0,2818.0,vips
20194.0,12514.0,14137.0,14744.0,14143.0,14145.0,14670.0,14104.0,13865.0,14042.0,13848.0,14279.0,13740.0,14132.0,13844.0,13836.0,7535.0,31.0,1638.0,1738.0,1778.0,1782.0,2141.0,1623.0,1601.0,1715.0,1751.0,2219.0,1586.0,1737.0,1347.0,1388.0,7785.0,218.0,1774.0,1914.0,1988.0,1968.0,2320.0,1753.0,1782.0,2364.0,1849.0,2385.0,1840.0,1934.0,1512.0,1579.0,7926.0,185.0,1862.0,1996.0,1955.0,1900.0,2483.0,1786.0,1822.0,1943.0,1880.0,2417.0,1665.0,1914.0,1783.0,1587.0,7689.0,218.0,1866.0,2143.0,1916.0,1962.0,2516.0,1815.0,1824.0,1839.0,1911.0,2476.0,1557.0,2248.0,2403.0,1615.0,7606.0,204.0,2244.0,2063.0,1945.0,1978.0,2351.0,1764.0,1833.0,1836.0,1934.0,2467.0,1619.0,1910.0,2143.0,1606.0,7440.0,84.0,1784.0,1790.0,1835.0,1867.0,1937.0,1797.0,1731.0,1734.0,1742.0,2142.0,1523.0,1810.0,2004.0,1456.0,7695.0,270.0,2194.0,2424.0,2376.0,2085.0,2206.0,2211.0,2148.0,1894.0,2065.0,2203.0,1642.0,2244.0,1797.0,1862.0,7609.0,213.0,2105.0,2212.0,2399.0,2174.0,2335.0,2793.0,1973.0,1902.0,2430.0,2249.0,1606.0,2153.0,1794.0,1682.0,7407.0,169.0,1804.0,1962.0,1881.0,1903.0,2148.0,2532.0,1730.0,1669.0,2736.0,2195.0,1544.0,1840.0,1497.0,1526.0,7459.0,159.0,1821.0,1998.0,2193.0,1924.0,2118.0,3060.0,1777.0,1998.0,2562.0,2220.0,1617.0,1878.0,1530.0,1563.0,7345.0,139.0,1690.0,1819.0,1795.0,1765.0,2195.0,2512.0,1670.0,1805.0,2466.0,2129.0,1470.0,1785.0,1401.0,1410.0,7635.0,154.0,1797.0,2076.0,1969.0,1975.0,2254.0,2214.0,1858.0,1972.0,2159.0,2243.0,1553.0,1967.0,1521.0,1621.0,7517.0,211.0,1796.0,2060.0,1895.0,1950.0,2330.0,2064.0,2035.0,2037.0,2000.0,2412.0,1572.0,1950.0,1548.0,1572.0,7878.0,168.0,1741.0,1967.0,1902.0,1913.0,2393.0,1946.0,1784.0,1863.0,1844.0,2282.0,1588.0,1875.0,1419.0,1564.0,7681.0,219.0,1801.0,2150.0,1940.0,1894.0,2346.0,2032.0,1764.0,1971.0,1932.0,2353.0,1865.0,1880.0,1483.0,1590.0,vips
26618.0,15750.0,18284.0,18637.0,18215.0,17816.0,17608.0,18491.0,18500.0,18400.0,18153.0,16986.0,18404.0,18341.0,18467.0,18590.0,10387.0,35.0,2581.0,2822.0,2692.0,2124.0,2041.0,2921.0,3044.0,2980.0,2875.0,1909.0,2946.0,2849.0,2845.0,2763.0,10511.0,222.0,2682.0,3041.0,2776.0,2260.0,2187.0,3161.0,3204.0,3339.0,2977.0,2001.0,3016.0,2964.0,3002.0,2902.0,10527.0,175.0,2722.0,2952.0,2913.0,2283.0,2175.0,3052.0,3212.0,3055.0,2959.0,1977.0,2979.0,3132.0,2926.0,2846.0,10566.0,235.0,2742.0,3195.0,2851.0,2304.0,2280.0,3176.0,3178.0,3151.0,3498.0,2015.0,3085.0,3600.0,3029.0,2923.0,10478.0,144.0,2691.0,3023.0,2848.0,2245.0,2426.0,3141.0,3209.0,3074.0,3052.0,1993.0,3041.0,2919.0,2912.0,2876.0,10419.0,138.0,2663.0,3038.0,2796.0,2894.0,2171.0,3113.0,3188.0,3137.0,2911.0,1940.0,3035.0,2928.0,2918.0,2888.0,10448.0,231.0,2780.0,2998.0,2896.0,2362.0,2279.0,3190.0,3369.0,3300.0,2996.0,2031.0,3114.0,2993.0,2994.0,2988.0,10468.0,218.0,2744.0,3115.0,2916.0,2409.0,2296.0,3347.0,3245.0,3278.0,3071.0,2002.0,3113.0,3112.0,3030.0,3037.0,10383.0,242.0,2740.0,3045.0,2900.0,2333.0,2209.0,3149.0,3285.0,3144.0,2952.0,2045.0,3138.0,3029.0,2985.0,2934.0,10377.0,216.0,2720.0,3103.0,3542.0,2337.0,2252.0,3210.0,3202.0,3247.0,3066.0,2034.0,3143.0,3225.0,3050.0,2975.0,10175.0,123.0,2589.0,2954.0,2704.0,2153.0,2111.0,2956.0,3013.0,2966.0,2843.0,1898.0,2987.0,2823.0,2919.0,2781.0,10370.0,125.0,2633.0,3000.0,2790.0,2225.0,2167.0,3093.0,3189.0,3092.0,2883.0,1999.0,3033.0,2914.0,2926.0,2867.0,10431.0,223.0,2744.0,3200.0,3325.0,2323.0,2248.0,3171.0,3189.0,3207.0,3212.0,2030.0,3059.0,3010.0,2979.0,2980.0,10477.0,145.0,2685.0,2903.0,2774.0,2241.0,2150.0,3107.0,3121.0,3055.0,2896.0,1985.0,3033.0,2880.0,2868.0,2868.0,10628.0,127.0,2713.0,2945.0,2782.0,2281.0,2171.0,3202.0,3355.0,3177.0,2933.0,1976.0,3063.0,2900.0,2967.0,2932.0,vips
18894.0,11428.0,12733.0,13562.0,12815.0,13176.0,12743.0,12919.0,12513.0,12568.0,12688.0,13647.0,12630.0,12864.0,13169.0,13079.0,7099.0,35.0,1351.0,1706.0,1560.0,1798.0,1946.0,1466.0,1366.0,1441.0,1663.0,2624.0,1376.0,1563.0,1481.0,1615.0,7235.0,214.0,1591.0,1937.0,1796.0,2092.0,2732.0,1828.0,1861.0,1848.0,1766.0,2672.0,1599.0,1714.0,1775.0,1924.0,7365.0,226.0,1847.0,1918.0,1794.0,2034.0,2393.0,1981.0,1919.0,2461.0,1834.0,2781.0,1590.0,1787.0,1711.0,1781.0,7319.0,242.0,1787.0,2069.0,1908.0,2015.0,2049.0,2524.0,2621.0,2697.0,2110.0,2756.0,2057.0,2322.0,1756.0,1678.0,7146.0,131.0,1523.0,2118.0,2001.0,1884.0,2017.0,2121.0,2318.0,2028.0,2034.0,2667.0,2142.0,2716.0,1546.0,1528.0,6973.0,134.0,1585.0,2240.0,1956.0,2385.0,1762.0,2099.0,1940.0,1704.0,1946.0,2635.0,2061.0,2698.0,1524.0,1581.0,7221.0,309.0,1723.0,2109.0,2055.0,2075.0,2020.0,2387.0,1924.0,1835.0,2069.0,3067.0,2182.0,2288.0,1724.0,1837.0,7170.0,311.0,1774.0,2087.0,2097.0,2192.0,1991.0,2231.0,2045.0,2080.0,2018.0,3204.0,2014.0,2276.0,1769.0,1860.0,7025.0,300.0,1639.0,1883.0,1848.0,1990.0,1927.0,1877.0,1844.0,1701.0,1950.0,3014.0,1976.0,2140.0,1679.0,1796.0,6996.0,242.0,1625.0,2038.0,2086.0,1968.0,1891.0,1769.0,1765.0,1683.0,1880.0,3156.0,1975.0,2042.0,1694.0,1851.0,7102.0,200.0,1633.0,1776.0,1636.0,1847.0,1814.0,1670.0,1610.0,1581.0,1757.0,2903.0,1532.0,1815.0,1893.0,1766.0,7301.0,247.0,2001.0,1971.0,1878.0,2004.0,1989.0,1825.0,1810.0,1741.0,1997.0,2880.0,1684.0,1929.0,2101.0,1969.0,7446.0,273.0,1701.0,2072.0,1991.0,1948.0,1960.0,1786.0,1674.0,1733.0,2007.0,2790.0,1701.0,1800.0,2230.0,1965.0,7350.0,180.0,1582.0,2014.0,1716.0,1873.0,1880.0,1582.0,1539.0,1572.0,1754.0,2745.0,1590.0,1784.0,2214.0,1806.0,7413.0,232.0,1618.0,2189.0,1706.0,1862.0,1867.0,1788.0,1602.0,1586.0,1832.0,2787.0,1915.0,1785.0,1935.0,1813.0,vips
26095.0,15647.0,17796.0,18498.0,17944.0,17875.0,17849.0,17378.0,17809.0,17434.0,17755.0,17051.0,17712.0,17932.0,18434.0,17931.0,9800.0,37.0,2288.0,2867.0,2569.0,2450.0,2550.0,1931.0,2404.0,2086.0,2612.0,1897.0,2288.0,2644.0,2583.0,2212.0,9887.0,176.0,2430.0,2975.0,2729.0,2527.0,2629.0,2039.0,2530.0,2228.0,2741.0,2005.0,2438.0,2707.0,2739.0,2318.0,9925.0,188.0,2433.0,3038.0,2715.0,2559.0,2613.0,2113.0,2561.0,2260.0,2743.0,2049.0,2420.0,2788.0,2696.0,2344.0,9950.0,242.0,2474.0,3088.0,2752.0,2586.0,2638.0,2171.0,2611.0,2305.0,2753.0,2149.0,2469.0,3423.0,2715.0,2391.0,9910.0,199.0,2475.0,3059.0,2782.0,2559.0,3350.0,2123.0,2590.0,2295.0,2871.0,2253.0,2437.0,2883.0,2714.0,2339.0,9870.0,164.0,2447.0,3009.0,2728.0,2913.0,2554.0,2063.0,2557.0,2215.0,2774.0,2360.0,2387.0,2811.0,2659.0,2306.0,9879.0,185.0,2496.0,3019.0,2755.0,2562.0,2650.0,2140.0,2600.0,2307.0,2777.0,2649.0,2452.0,2769.0,2721.0,2360.0,9966.0,212.0,2515.0,3037.0,2832.0,2632.0,2684.0,2171.0,2639.0,2328.0,2823.0,2752.0,2518.0,2887.0,2814.0,2399.0,9816.0,189.0,2416.0,3135.0,2770.0,2516.0,2647.0,2151.0,2543.0,2283.0,2726.0,2652.0,2462.0,2802.0,2682.0,2373.0,9811.0,207.0,2456.0,3068.0,2927.0,2652.0,2697.0,2145.0,2604.0,2282.0,2764.0,2427.0,2469.0,2926.0,2716.0,2372.0,9628.0,157.0,2390.0,2966.0,2633.0,2485.0,2566.0,2070.0,2524.0,2225.0,2645.0,2302.0,2418.0,2751.0,2673.0,2304.0,9912.0,219.0,2628.0,3056.0,2782.0,2602.0,2590.0,2237.0,2698.0,2355.0,2744.0,2368.0,2481.0,2812.0,2759.0,2435.0,9874.0,211.0,2441.0,3111.0,2976.0,2579.0,2605.0,2140.0,2597.0,2297.0,2810.0,2184.0,2453.0,2796.0,2730.0,2365.0,10047.0,192.0,2510.0,3000.0,2774.0,2520.0,2636.0,2090.0,2603.0,2235.0,2723.0,2129.0,2453.0,2801.0,2702.0,2353.0,10089.0,217.0,2572.0,3064.0,2742.0,2602.0,2670.0,2194.0,2658.0,2315.0,2782.0,2107.0,2610.0,2894.0,2742.0,2403.0,vips
19362.0,11482.0,12938.0,13231.0,12960.0,13191.0,12821.0,14356.0,12661.0,13296.0,12642.0,13904.0,12791.0,12978.0,13078.0,12956.0,7179.0,34.0,1454.0,1412.0,1527.0,1508.0,1483.0,2898.0,1456.0,2236.0,1477.0,2806.0,1376.0,1503.0,1425.0,1553.0,7235.0,90.0,1642.0,1483.0,1591.0,1567.0,1638.0,2965.0,1616.0,2248.0,1543.0,2915.0,1628.0,1557.0,1518.0,1966.0,7412.0,152.0,2077.0,1650.0,1623.0,1681.0,1680.0,3080.0,1701.0,2377.0,1636.0,2848.0,1663.0,1657.0,1652.0,1576.0,7331.0,180.0,1946.0,1718.0,1645.0,1733.0,1715.0,3131.0,1861.0,2371.0,1871.0,2968.0,1965.0,1833.0,1701.0,1528.0,7508.0,198.0,1720.0,1708.0,1668.0,1771.0,2251.0,3253.0,1811.0,2401.0,1904.0,3034.0,2012.0,1858.0,1772.0,1544.0,7306.0,169.0,1627.0,1529.0,1786.0,1967.0,1900.0,3158.0,1669.0,2461.0,1797.0,2945.0,1846.0,1738.0,1630.0,1509.0,7237.0,233.0,1646.0,1770.0,1702.0,1981.0,2017.0,3213.0,1710.0,2531.0,1783.0,3314.0,1867.0,1796.0,1910.0,1592.0,7248.0,124.0,1645.0,1776.0,1922.0,1895.0,1797.0,2983.0,1634.0,2326.0,1907.0,2886.0,1903.0,2027.0,1825.0,1496.0,7067.0,166.0,1541.0,1628.0,1651.0,1637.0,1643.0,3241.0,1579.0,2319.0,1618.0,3011.0,1581.0,1679.0,1611.0,1506.0,7093.0,173.0,1622.0,1598.0,1823.0,1764.0,1725.0,3054.0,1638.0,2266.0,1581.0,2834.0,1577.0,1662.0,1608.0,1510.0,7062.0,183.0,1610.0,1538.0,1571.0,1634.0,1639.0,3372.0,1617.0,2365.0,1578.0,2914.0,1505.0,1603.0,1667.0,1438.0,7264.0,98.0,1595.0,1602.0,1651.0,1655.0,1674.0,2963.0,1823.0,2245.0,1593.0,2763.0,1529.0,1704.0,1613.0,1521.0,7284.0,189.0,1628.0,1674.0,1728.0,1805.0,1700.0,3166.0,1678.0,2355.0,1667.0,2950.0,1546.0,1668.0,1677.0,1635.0,7368.0,161.0,1701.0,1629.0,1625.0,1680.0,1647.0,3114.0,1626.0,2355.0,1681.0,2910.0,1532.0,1661.0,1647.0,1549.0,7200.0,100.0,1593.0,1640.0,1567.0,1623.0,1617.0,3045.0,1503.0,2315.0,1612.0,2898.0,1769.0,1608.0,1614.0,1466.0,vips
26004.0,15375.0,17915.0,16189.0,18209.0,18099.0,18047.0,16922.0,17676.0,17001.0,17973.0,16848.0,18076.0,18151.0,18005.0,18538.0,10084.0,36.0,2679.0,714.0,3016.0,2942.0,2909.0,1715.0,2489.0,1864.0,3010.0,1981.0,2882.0,2968.0,2639.0,3044.0,10107.0,135.0,2750.0,829.0,3045.0,2977.0,2994.0,1850.0,2596.0,1943.0,3127.0,2014.0,2986.0,3049.0,2825.0,3089.0,10247.0,198.0,2863.0,877.0,3174.0,3115.0,3103.0,2422.0,2694.0,2654.0,3141.0,2073.0,3048.0,3198.0,2755.0,3164.0,10153.0,220.0,2879.0,964.0,3107.0,3346.0,3445.0,3061.0,2687.0,2812.0,3326.0,2208.0,3021.0,3343.0,2790.0,3194.0,10175.0,252.0,2948.0,942.0,3423.0,3249.0,3664.0,2424.0,2695.0,2142.0,3403.0,2665.0,3109.0,3343.0,2757.0,3213.0,10200.0,269.0,2989.0,899.0,3502.0,3950.0,3134.0,2227.0,2744.0,2125.0,3431.0,2876.0,3108.0,3311.0,2821.0,3252.0,10098.0,165.0,2865.0,839.0,3144.0,3097.0,3043.0,2296.0,2697.0,2078.0,3229.0,2672.0,3101.0,3071.0,2697.0,3105.0,10161.0,148.0,2928.0,814.0,3099.0,3097.0,3109.0,2036.0,2645.0,2099.0,3236.0,2339.0,3093.0,3121.0,2749.0,3198.0,10053.0,146.0,2793.0,848.0,3080.0,3047.0,3007.0,1828.0,2572.0,1996.0,3094.0,2104.0,3015.0,3037.0,2673.0,3145.0,10056.0,248.0,2893.0,920.0,3277.0,3237.0,3226.0,1952.0,2716.0,2131.0,3242.0,2135.0,3107.0,3387.0,2778.0,3246.0,9911.0,147.0,2780.0,818.0,3021.0,2926.0,2941.0,1862.0,2602.0,2061.0,3019.0,2019.0,3027.0,3029.0,2657.0,3133.0,10110.0,154.0,2839.0,884.0,3118.0,3000.0,3015.0,1991.0,2639.0,2168.0,3114.0,2157.0,3052.0,3048.0,2710.0,3241.0,10155.0,269.0,2948.0,984.0,3417.0,3186.0,3197.0,1976.0,2769.0,2400.0,3489.0,2180.0,3136.0,3240.0,2984.0,3348.0,10296.0,169.0,2950.0,879.0,3137.0,3042.0,3071.0,1904.0,2735.0,2140.0,3172.0,2075.0,3112.0,3241.0,2721.0,3267.0,10298.0,157.0,2920.0,911.0,3071.0,3050.0,3047.0,1912.0,2692.0,2017.0,3214.0,2055.0,3134.0,3113.0,2702.0,3206.0,vips
18023.0,10829.0,12053.0,13758.0,12205.0,12225.0,12026.0,13225.0,12146.0,12841.0,11841.0,12611.0,12012.0,12735.0,12156.0,12132.0,6626.0,27.0,1185.0,2689.0,1357.0,1135.0,1158.0,2512.0,1437.0,2328.0,1175.0,2092.0,1278.0,1860.0,1177.0,1252.0,6722.0,148.0,1298.0,2742.0,1496.0,1300.0,1345.0,2545.0,1546.0,2416.0,1248.0,2183.0,1491.0,1958.0,1317.0,1627.0,6807.0,69.0,1306.0,2706.0,1617.0,1218.0,1241.0,2587.0,1577.0,2355.0,1192.0,2109.0,1334.0,1984.0,1196.0,1320.0,6994.0,214.0,1473.0,2917.0,3115.0,1366.0,1419.0,2796.0,2031.0,2494.0,1351.0,2317.0,1667.0,2056.0,1648.0,1776.0,7026.0,254.0,1468.0,2911.0,2743.0,1380.0,1440.0,2792.0,1896.0,2536.0,1393.0,2313.0,2535.0,2173.0,1370.0,2233.0,6915.0,246.0,1668.0,2827.0,1820.0,1394.0,1412.0,2744.0,1954.0,2507.0,1392.0,2322.0,2608.0,2075.0,1341.0,2392.0,6668.0,82.0,1303.0,2591.0,1732.0,1234.0,1256.0,2541.0,1596.0,2401.0,1219.0,2104.0,2253.0,1898.0,1183.0,2259.0,6721.0,84.0,1439.0,2745.0,1607.0,1269.0,1291.0,2629.0,1591.0,2505.0,1212.0,2198.0,1821.0,1973.0,1296.0,1873.0,6481.0,84.0,1217.0,2685.0,1372.0,1206.0,1208.0,2534.0,1467.0,2320.0,1142.0,2140.0,1578.0,1839.0,1149.0,1718.0,6704.0,232.0,1414.0,2866.0,1537.0,1398.0,1437.0,2695.0,1688.0,2506.0,1329.0,2280.0,1645.0,2061.0,1337.0,1658.0,6484.0,67.0,1274.0,2629.0,1302.0,1157.0,1186.0,2510.0,1474.0,2277.0,1155.0,2075.0,1341.0,1799.0,1239.0,1420.0,6720.0,119.0,1480.0,2706.0,1500.0,1276.0,1301.0,2682.0,1671.0,2454.0,1288.0,2215.0,1490.0,2036.0,1538.0,1606.0,6776.0,222.0,1590.0,2950.0,1572.0,1410.0,1415.0,2694.0,1667.0,2482.0,1411.0,2294.0,1588.0,1953.0,1664.0,1612.0,6658.0,87.0,1565.0,2708.0,1562.0,1187.0,1246.0,2552.0,1501.0,2338.0,1196.0,2140.0,1382.0,1893.0,1609.0,1351.0,6750.0,165.0,1394.0,2838.0,1451.0,1319.0,1394.0,2741.0,1551.0,2464.0,1306.0,2210.0,1667.0,2046.0,1527.0,1385.0,vips
24098.0,14583.0,16585.0,16110.0,16991.0,16387.0,16196.0,16157.0,17048.0,16240.0,16127.0,16078.0,15734.0,17599.0,16594.0,16840.0,9134.0,37.0,1910.0,1296.0,2565.0,1825.0,1807.0,1780.0,2877.0,1926.0,1961.0,1954.0,1163.0,3195.0,1839.0,1960.0,9465.0,273.0,2152.0,1594.0,2727.0,2422.0,2116.0,2043.0,3004.0,2142.0,2122.0,2129.0,1452.0,3475.0,2167.0,2182.0,9296.0,233.0,2114.0,1592.0,2693.0,2444.0,2355.0,1976.0,3022.0,2122.0,2143.0,2107.0,1902.0,3159.0,2075.0,2133.0,9235.0,212.0,2150.0,1667.0,2711.0,2541.0,2852.0,1990.0,3532.0,2086.0,2305.0,2109.0,1393.0,3162.0,2013.0,2095.0,9333.0,239.0,2167.0,1658.0,2822.0,2448.0,2523.0,2160.0,3074.0,2159.0,2844.0,2251.0,1431.0,3411.0,2046.0,2145.0,9242.0,275.0,2179.0,1584.0,2789.0,2214.0,2151.0,2467.0,3035.0,2571.0,2644.0,2280.0,1405.0,3362.0,2104.0,2156.0,9230.0,203.0,2133.0,1486.0,2702.0,2144.0,2085.0,2340.0,2987.0,2373.0,2237.0,2249.0,1365.0,3361.0,1980.0,2100.0,9219.0,186.0,2153.0,1566.0,3616.0,2047.0,2047.0,2352.0,2994.0,2309.0,2184.0,2164.0,1495.0,3285.0,2066.0,2130.0,9176.0,226.0,2118.0,1479.0,2726.0,2007.0,2027.0,2131.0,3037.0,2096.0,2140.0,2107.0,1325.0,3326.0,2010.0,2119.0,9205.0,203.0,2172.0,1566.0,2798.0,2038.0,2332.0,2025.0,3000.0,2069.0,2171.0,2113.0,1429.0,3393.0,2029.0,2139.0,9078.0,206.0,2045.0,1468.0,2635.0,2175.0,1934.0,1882.0,2954.0,2048.0,2010.0,2025.0,1344.0,3216.0,1992.0,2047.0,9444.0,281.0,2253.0,1704.0,2878.0,2183.0,2145.0,2083.0,3138.0,2210.0,2215.0,2240.0,1438.0,3341.0,2194.0,2267.0,9244.0,203.0,2116.0,1559.0,2769.0,1990.0,2089.0,1963.0,2965.0,2065.0,2119.0,2116.0,1349.0,3316.0,2023.0,2086.0,9400.0,262.0,2379.0,1582.0,2738.0,2021.0,2136.0,2002.0,3068.0,2119.0,2157.0,2150.0,1375.0,3241.0,2078.0,2185.0,9499.0,267.0,2227.0,1578.0,2871.0,2110.0,2212.0,2002.0,3205.0,2163.0,2213.0,2183.0,1460.0,3399.0,2139.0,2162.0,vips
21690.0,12954.0,14235.0,15128.0,14250.0,15880.0,15541.0,15829.0,14132.0,15221.0,15164.0,14603.0,14916.0,14167.0,14605.0,14514.0,8031.0,36.0,1549.0,1910.0,1453.0,2837.0,2998.0,2803.0,1411.0,2784.0,2810.0,2240.0,2067.0,1281.0,1562.0,1663.0,8015.0,100.0,1597.0,1983.0,1441.0,2893.0,2948.0,2793.0,1480.0,2680.0,2847.0,2294.0,2025.0,2056.0,1663.0,1791.0,8263.0,147.0,1733.0,2152.0,1552.0,2942.0,3013.0,3035.0,1662.0,2936.0,2788.0,2324.0,2440.0,3391.0,1745.0,1778.0,8250.0,183.0,1712.0,2130.0,1583.0,2904.0,3090.0,3034.0,2084.0,2897.0,2918.0,2364.0,2170.0,3890.0,1785.0,1898.0,8325.0,220.0,1734.0,2076.0,1644.0,3058.0,3242.0,3115.0,1731.0,3026.0,3185.0,2447.0,2349.0,2091.0,1812.0,2000.0,8037.0,214.0,1739.0,2018.0,1620.0,3027.0,3156.0,2983.0,1904.0,2983.0,2955.0,2480.0,2399.0,1719.0,1823.0,1837.0,8086.0,205.0,1667.0,2013.0,1660.0,3088.0,3220.0,2846.0,1791.0,2974.0,2925.0,2417.0,2731.0,1500.0,1755.0,1850.0,8122.0,144.0,1717.0,2036.0,2114.0,2919.0,2998.0,2863.0,1861.0,2879.0,2917.0,2408.0,2514.0,1505.0,1784.0,1802.0,7959.0,216.0,1687.0,2083.0,1715.0,3195.0,3122.0,2985.0,1693.0,2873.0,3311.0,2519.0,2474.0,1395.0,1799.0,1825.0,8042.0,235.0,1745.0,2082.0,1606.0,3227.0,3234.0,2885.0,1702.0,3284.0,2967.0,2569.0,2419.0,1497.0,1812.0,1879.0,7829.0,128.0,1634.0,1915.0,1430.0,2846.0,3032.0,2863.0,1536.0,2843.0,2915.0,2237.0,2226.0,1291.0,1758.0,1694.0,8087.0,151.0,1695.0,2450.0,1576.0,2902.0,3103.0,2848.0,1678.0,2805.0,2977.0,2350.0,2377.0,1403.0,1752.0,1832.0,8106.0,105.0,1640.0,2181.0,1640.0,2899.0,2952.0,2944.0,1589.0,2802.0,2991.0,2298.0,2247.0,1358.0,1720.0,1782.0,8082.0,118.0,1606.0,2051.0,1490.0,2861.0,2945.0,2977.0,1549.0,2731.0,2862.0,2295.0,2261.0,1291.0,1683.0,1738.0,8181.0,111.0,1659.0,2062.0,1473.0,2937.0,3082.0,2962.0,1535.0,2770.0,2925.0,2290.0,2247.0,1382.0,1706.0,1749.0,vips
5229.0,582.0,304.0,3182.0,375.0,355.0,313.0,320.0,316.0,310.0,298.0,302.0,311.0,366.0,395.0,373.0,65.0,101.0,18.0,2393.0,29.0,10.0,10.0,10.0,7.0,5.0,4.0,6.0,9.0,13.0,23.0,12.0,29.0,163.0,1.0,2236.0,19.0,5.0,1.0,1.0,1.0,1.0,3.0,0.0,2.0,2.0,9.0,3.0,51.0,416.0,15.0,2244.0,35.0,18.0,5.0,8.0,7.0,6.0,5.0,6.0,12.0,8.0,13.0,8.0,37.0,163.0,1.0,2125.0,24.0,7.0,6.0,3.0,5.0,4.0,4.0,3.0,6.0,6.0,9.0,12.0,45.0,177.0,0.0,2195.0,15.0,2.0,4.0,3.0,1.0,2.0,3.0,2.0,3.0,5.0,6.0,2.0,30.0,128.0,1.0,1818.0,20.0,2.0,3.0,3.0,1.0,1.0,1.0,1.0,1.0,3.0,19.0,2.0,29.0,129.0,3.0,1845.0,22.0,4.0,4.0,0.0,4.0,3.0,1.0,0.0,3.0,5.0,21.0,3.0,26.0,130.0,0.0,1822.0,12.0,3.0,2.0,1.0,0.0,4.0,3.0,0.0,1.0,2.0,5.0,3.0,19.0,95.0,0.0,1797.0,15.0,2.0,0.0,3.0,2.0,4.0,5.0,0.0,2.0,3.0,2.0,1.0,17.0,80.0,3.0,1911.0,12.0,5.0,2.0,3.0,3.0,2.0,2.0,3.0,2.0,4.0,3.0,3.0,18.0,88.0,1.0,1904.0,12.0,3.0,1.0,0.0,0.0,0.0,2.0,1.0,3.0,4.0,3.0,5.0,29.0,116.0,1.0,1810.0,21.0,2.0,3.0,3.0,2.0,1.0,3.0,1.0,2.0,8.0,16.0,3.0,56.0,92.0,2.0,1907.0,17.0,4.0,2.0,3.0,1.0,1.0,5.0,4.0,5.0,6.0,16.0,7.0,64.0,88.0,6.0,1985.0,56.0,6.0,4.0,3.0,7.0,3.0,4.0,4.0,4.0,7.0,7.0,6.0,51.0,85.0,1.0,2199.0,28.0,4.0,2.0,4.0,2.0,2.0,2.0,4.0,4.0,5.0,5.0,6.0,vips
24377.0,14937.0,16924.0,18277.0,16617.0,16722.0,16228.0,19760.0,17680.0,16484.0,16453.0,17058.0,16802.0,17108.0,15757.0,16789.0,9245.0,33.0,2086.0,3308.0,1765.0,1963.0,1637.0,2837.0,3100.0,1875.0,1938.0,2158.0,2098.0,2582.0,814.0,2046.0,9227.0,135.0,2282.0,3230.0,1775.0,2023.0,1860.0,2918.0,3097.0,1943.0,1930.0,2016.0,2139.0,2598.0,939.0,2348.0,9338.0,94.0,2316.0,3393.0,1765.0,2007.0,1903.0,3434.0,3175.0,2047.0,1970.0,1983.0,2155.0,2619.0,886.0,2124.0,9890.0,172.0,2270.0,3514.0,1881.0,2143.0,2693.0,3476.0,3153.0,2617.0,2150.0,2037.0,2258.0,2700.0,844.0,2396.0,10081.0,230.0,2330.0,3495.0,1948.0,2153.0,2831.0,3491.0,3267.0,2617.0,2392.0,2114.0,2278.0,2669.0,1038.0,2485.0,9739.0,202.0,2307.0,3465.0,1858.0,2134.0,2051.0,1883.0,3319.0,2173.0,2404.0,2045.0,2324.0,2725.0,958.0,2153.0,9766.0,223.0,2346.0,3463.0,1933.0,2225.0,2046.0,2121.0,3202.0,2183.0,2558.0,2140.0,2312.0,2712.0,916.0,2164.0,9371.0,154.0,2238.0,3492.0,1904.0,2012.0,1990.0,2714.0,3176.0,2086.0,2319.0,2086.0,2277.0,2823.0,869.0,2155.0,9237.0,249.0,2262.0,3489.0,1963.0,2079.0,1913.0,2597.0,3219.0,1935.0,2187.0,2111.0,2330.0,2667.0,963.0,2166.0,9251.0,251.0,2315.0,3422.0,1954.0,2091.0,1842.0,2566.0,3291.0,2322.0,2027.0,2103.0,2392.0,2766.0,969.0,2186.0,9090.0,128.0,2222.0,3297.0,1767.0,1845.0,1703.0,3390.0,3100.0,1869.0,1894.0,2013.0,2142.0,2577.0,818.0,2018.0,9267.0,74.0,2238.0,3337.0,1900.0,1919.0,1783.0,2629.0,3173.0,1966.0,1947.0,2093.0,2246.0,2617.0,808.0,2109.0,9252.0,149.0,2225.0,3471.0,1822.0,1944.0,1791.0,3056.0,3278.0,1891.0,1995.0,2128.0,2275.0,2491.0,914.0,2146.0,9643.0,199.0,2322.0,3354.0,1915.0,2010.0,1772.0,4148.0,3257.0,1978.0,2014.0,2331.0,2243.0,2661.0,979.0,2179.0,9307.0,126.0,2278.0,3440.0,1810.0,1927.0,1712.0,3327.0,3205.0,1947.0,1984.0,2646.0,2140.0,2579.0,910.0,2123.0,vips
18092.0,10537.0,13449.0,11139.0,13845.0,12851.0,10507.0,14379.0,12106.0,12321.0,12294.0,12186.0,10929.0,12534.0,10502.0,12953.0,7338.0,26.0,2975.0,526.0,3337.0,2330.0,66.0,2580.0,1645.0,2105.0,2088.0,1967.0,536.0,2107.0,50.0,2543.0,7320.0,116.0,2660.0,605.0,3336.0,2365.0,151.0,2574.0,1709.0,2184.0,2124.0,2028.0,647.0,2421.0,125.0,3321.0,7401.0,76.0,2583.0,635.0,3392.0,2353.0,119.0,3151.0,1892.0,2157.0,2093.0,2037.0,666.0,2159.0,96.0,2581.0,7448.0,64.0,2610.0,651.0,3406.0,2350.0,156.0,3021.0,1827.0,2171.0,2077.0,1988.0,807.0,2143.0,86.0,2630.0,7389.0,64.0,2672.0,625.0,3326.0,2346.0,132.0,3145.0,1739.0,2127.0,2055.0,1994.0,890.0,1936.0,88.0,2649.0,7390.0,81.0,2727.0,612.0,3455.0,2352.0,127.0,1770.0,1771.0,2159.0,2099.0,2100.0,624.0,2005.0,110.0,2855.0,7276.0,67.0,3103.0,574.0,3387.0,2378.0,118.0,1988.0,1802.0,2163.0,2084.0,2032.0,652.0,1909.0,82.0,2894.0,7436.0,78.0,3206.0,664.0,3356.0,2432.0,178.0,2511.0,1788.0,2292.0,2187.0,2085.0,767.0,2182.0,130.0,2912.0,7184.0,62.0,2890.0,598.0,3266.0,2335.0,115.0,2295.0,1520.0,2082.0,2071.0,2007.0,567.0,1869.0,83.0,2584.0,7233.0,57.0,2693.0,599.0,3402.0,2364.0,125.0,2142.0,1597.0,2166.0,2105.0,1990.0,558.0,1920.0,81.0,2612.0,7204.0,60.0,2727.0,571.0,3222.0,2302.0,109.0,3120.0,1533.0,2080.0,2054.0,1944.0,577.0,2042.0,86.0,2490.0,7360.0,77.0,2780.0,655.0,3300.0,2434.0,148.0,2605.0,1861.0,2186.0,2145.0,2104.0,610.0,2239.0,100.0,2651.0,7334.0,93.0,3176.0,698.0,3411.0,2413.0,169.0,2757.0,2016.0,2144.0,2156.0,2073.0,689.0,2457.0,99.0,2804.0,7294.0,52.0,2811.0,582.0,3340.0,2324.0,94.0,3461.0,2070.0,2091.0,2079.0,1988.0,669.0,2147.0,74.0,2595.0,7384.0,107.0,3428.0,687.0,3318.0,2428.0,174.0,2941.0,1891.0,2137.0,2126.0,2038.0,670.0,2167.0,129.0,2684.0,vips
11201.0,6839.0,7454.0,8505.0,8431.0,7671.0,7195.0,7665.0,10029.0,7371.0,7415.0,7348.0,7247.0,7073.0,7069.0,7357.0,3971.0,22.0,631.0,1246.0,1727.0,855.0,377.0,773.0,3343.0,696.0,700.0,631.0,306.0,349.0,280.0,553.0,4001.0,114.0,647.0,1315.0,1860.0,943.0,533.0,875.0,3426.0,792.0,738.0,796.0,397.0,424.0,329.0,1018.0,4089.0,51.0,575.0,1379.0,2061.0,928.0,456.0,800.0,3459.0,757.0,727.0,611.0,329.0,356.0,308.0,607.0,4034.0,76.0,598.0,1509.0,1882.0,906.0,630.0,847.0,3421.0,735.0,754.0,675.0,386.0,392.0,326.0,599.0,4143.0,83.0,643.0,1854.0,1945.0,1116.0,582.0,996.0,3453.0,855.0,833.0,746.0,369.0,464.0,355.0,620.0,4025.0,55.0,558.0,1540.0,1791.0,1070.0,411.0,949.0,3455.0,820.0,775.0,711.0,323.0,375.0,303.0,835.0,4060.0,60.0,582.0,1820.0,1746.0,964.0,446.0,897.0,3366.0,772.0,764.0,696.0,357.0,383.0,295.0,851.0,3965.0,56.0,602.0,1827.0,1856.0,928.0,513.0,903.0,3425.0,739.0,741.0,698.0,429.0,406.0,333.0,606.0,3916.0,73.0,609.0,1636.0,1725.0,891.0,479.0,988.0,3394.0,703.0,805.0,667.0,359.0,411.0,306.0,646.0,3936.0,58.0,678.0,1566.0,1770.0,885.0,507.0,927.0,3563.0,942.0,736.0,674.0,377.0,422.0,329.0,693.0,4151.0,82.0,780.0,1386.0,1634.0,845.0,466.0,859.0,3263.0,708.0,691.0,620.0,386.0,375.0,280.0,664.0,4059.0,55.0,902.0,1504.0,1806.0,896.0,441.0,838.0,3451.0,714.0,749.0,666.0,347.0,410.0,357.0,740.0,3970.0,75.0,830.0,1600.0,1827.0,914.0,488.0,926.0,3484.0,748.0,775.0,694.0,399.0,399.0,314.0,742.0,3989.0,44.0,796.0,1464.0,1674.0,889.0,460.0,885.0,3377.0,700.0,712.0,723.0,334.0,373.0,345.0,695.0,4080.0,88.0,922.0,1495.0,1704.0,914.0,576.0,1073.0,3506.0,783.0,823.0,742.0,435.0,480.0,384.0,670.0,vips
27095.0,16295.0,18347.0,18994.0,18718.0,19061.0,18111.0,18642.0,17958.0,18879.0,18433.0,18304.0,18039.0,18154.0,19003.0,18720.0,10406.0,82.0,2349.0,2884.0,2686.0,2993.0,2139.0,2831.0,2173.0,2980.0,2798.0,2649.0,2091.0,2294.0,2963.0,2335.0,10462.0,315.0,2496.0,3059.0,2882.0,3143.0,2377.0,2973.0,2362.0,3099.0,2951.0,2793.0,2270.0,2459.0,3147.0,2492.0,10531.0,280.0,2531.0,2997.0,2962.0,3224.0,2395.0,3012.0,2334.0,3200.0,3011.0,2813.0,2266.0,2447.0,3171.0,2455.0,10541.0,317.0,2610.0,3294.0,2882.0,3217.0,2445.0,3176.0,2427.0,3239.0,3142.0,2832.0,2306.0,2473.0,3218.0,2491.0,10498.0,292.0,2565.0,3112.0,2935.0,3243.0,2486.0,3184.0,2349.0,3298.0,3076.0,2807.0,2299.0,2496.0,3084.0,2487.0,10355.0,185.0,2460.0,2901.0,2781.0,3050.0,2302.0,3006.0,2281.0,3149.0,2899.0,2755.0,2177.0,2404.0,3036.0,2397.0,10358.0,260.0,2528.0,3096.0,2912.0,3326.0,2391.0,3075.0,2333.0,3213.0,3067.0,2814.0,2251.0,2459.0,3106.0,2474.0,10402.0,334.0,2647.0,3073.0,2939.0,3168.0,2444.0,3131.0,2402.0,3247.0,3178.0,2836.0,2295.0,2454.0,3159.0,2545.0,10455.0,283.0,2568.0,3080.0,2986.0,3318.0,2456.0,3202.0,2362.0,3141.0,3371.0,2927.0,2275.0,2456.0,3131.0,2536.0,10358.0,249.0,2570.0,3090.0,2930.0,3182.0,2406.0,3074.0,2353.0,3454.0,3029.0,2907.0,2276.0,2399.0,3236.0,2497.0,10279.0,272.0,2503.0,3062.0,2882.0,3131.0,2398.0,3037.0,2325.0,3082.0,2911.0,2794.0,2254.0,2454.0,3137.0,2558.0,10358.0,205.0,2505.0,2926.0,2841.0,3048.0,2374.0,2943.0,2335.0,3157.0,2976.0,2776.0,2242.0,2414.0,3016.0,2467.0,10456.0,254.0,2524.0,3017.0,2891.0,3114.0,2390.0,2988.0,2361.0,3154.0,2988.0,2789.0,2292.0,2404.0,3209.0,2486.0,10420.0,194.0,2472.0,3057.0,2891.0,3045.0,2279.0,2980.0,2287.0,3099.0,2930.0,2819.0,2188.0,2367.0,3047.0,2422.0,10734.0,329.0,2665.0,3106.0,2971.0,3267.0,2530.0,3172.0,2470.0,3321.0,3079.0,2938.0,2349.0,2518.0,3243.0,2547.0,vips
19336.0,13165.0,12932.0,13490.0,13170.0,13153.0,13090.0,13116.0,12721.0,12672.0,12979.0,12739.0,12870.0,12915.0,13018.0,12943.0,7494.0,1387.0,1409.0,1511.0,1637.0,1501.0,1641.0,1548.0,1440.0,1510.0,1777.0,1454.0,1502.0,1456.0,1372.0,1415.0,7443.0,1476.0,1438.0,1622.0,1898.0,1528.0,1674.0,1606.0,1581.0,1562.0,1865.0,1544.0,1644.0,1531.0,1460.0,1432.0,7753.0,1577.0,1710.0,1771.0,1733.0,1736.0,1929.0,1761.0,1799.0,1842.0,2059.0,1537.0,1744.0,1703.0,1605.0,1596.0,7684.0,1617.0,1806.0,1864.0,1735.0,1729.0,1873.0,1942.0,1656.0,2474.0,1896.0,1551.0,1594.0,1650.0,1656.0,1665.0,7765.0,1759.0,1778.0,1867.0,1762.0,1863.0,2274.0,2067.0,1736.0,2790.0,1956.0,1638.0,1990.0,1795.0,1726.0,1791.0,7397.0,1554.0,1516.0,1634.0,1465.0,2035.0,1954.0,1643.0,1490.0,2212.0,1615.0,1438.0,1465.0,1670.0,1677.0,1419.0,7638.0,1860.0,1690.0,1956.0,1783.0,2298.0,2173.0,1788.0,1652.0,2014.0,1775.0,1590.0,1625.0,2009.0,1776.0,1638.0,7334.0,1507.0,1625.0,1755.0,1587.0,1859.0,2050.0,1639.0,1519.0,1726.0,1580.0,1475.0,1507.0,2070.0,1631.0,1490.0,7384.0,1590.0,1609.0,1950.0,1658.0,1838.0,1891.0,1736.0,1621.0,1738.0,1785.0,1619.0,1880.0,1619.0,1587.0,1561.0,7470.0,1611.0,1694.0,2092.0,1659.0,1890.0,1848.0,1834.0,1691.0,1862.0,1692.0,1700.0,1694.0,1655.0,1586.0,1580.0,7380.0,1488.0,1816.0,1703.0,1585.0,1616.0,1723.0,1579.0,1554.0,1657.0,1662.0,1625.0,1528.0,1583.0,1495.0,1498.0,7460.0,1526.0,1490.0,1703.0,1538.0,1692.0,1800.0,1606.0,1585.0,1627.0,1670.0,1715.0,1499.0,1424.0,1518.0,1507.0,7469.0,1477.0,1516.0,1788.0,1600.0,1592.0,1762.0,1580.0,1587.0,1615.0,1689.0,1772.0,1502.0,1434.0,1484.0,1759.0,7469.0,1391.0,1434.0,1655.0,1540.0,1591.0,1829.0,1530.0,1485.0,1507.0,1655.0,1853.0,1503.0,1448.0,1448.0,1631.0,7447.0,1420.0,1564.0,1754.0,1549.0,1627.0,1779.0,1612.0,1509.0,1519.0,1863.0,1878.0,1477.0,1587.0,1504.0,1448.0,vips
27829.0,18888.0,19029.0,18931.0,19128.0,19124.0,20359.0,18637.0,19247.0,18531.0,18343.0,18599.0,18963.0,19319.0,19852.0,19606.0,10581.0,2130.0,2705.0,2307.0,2695.0,2622.0,2874.0,2519.0,2948.0,2304.0,2090.0,2652.0,2630.0,2913.0,3156.0,2808.0,10288.0,2022.0,2634.0,2175.0,2624.0,2516.0,2975.0,2410.0,2879.0,2212.0,1892.0,2627.0,2502.0,2899.0,3039.0,2633.0,10380.0,2056.0,2648.0,2269.0,2638.0,2537.0,3521.0,2445.0,2847.0,2212.0,1946.0,2564.0,2534.0,2842.0,3054.0,2713.0,10331.0,2096.0,2651.0,2253.0,2659.0,2499.0,2921.0,2447.0,2900.0,2255.0,1934.0,2505.0,2520.0,2909.0,3060.0,2698.0,10251.0,2171.0,2680.0,2285.0,2689.0,2513.0,3089.0,2496.0,3005.0,2242.0,1967.0,2622.0,2598.0,2955.0,3126.0,2753.0,10053.0,2011.0,2642.0,2201.0,2650.0,2478.0,1789.0,2447.0,2828.0,2209.0,1929.0,2534.0,2518.0,2909.0,3011.0,2633.0,10049.0,2060.0,2646.0,2300.0,2713.0,2609.0,1746.0,2487.0,2914.0,2229.0,1912.0,2624.0,2618.0,2798.0,3018.0,2761.0,10156.0,1974.0,2755.0,2275.0,2712.0,2534.0,3355.0,2502.0,2910.0,2246.0,1950.0,2716.0,2597.0,3183.0,3095.0,2818.0,10050.0,2001.0,2670.0,2296.0,2713.0,2561.0,2235.0,2476.0,2891.0,2219.0,1908.0,2659.0,2606.0,2866.0,3074.0,2770.0,10147.0,2186.0,2763.0,2393.0,2764.0,2636.0,2315.0,2553.0,2925.0,2281.0,1954.0,2657.0,2638.0,2881.0,3123.0,2761.0,9974.0,1929.0,2840.0,2224.0,2616.0,2490.0,3112.0,2390.0,2865.0,2179.0,1847.0,2527.0,2504.0,2919.0,3053.0,2771.0,10199.0,2002.0,2705.0,2298.0,2727.0,2545.0,2491.0,2504.0,2891.0,2208.0,1948.0,2624.0,2558.0,2802.0,2944.0,2744.0,10236.0,2098.0,2743.0,2298.0,2675.0,2576.0,2851.0,2506.0,3022.0,2233.0,1989.0,2652.0,2570.0,2837.0,3142.0,3226.0,10467.0,2083.0,2725.0,2250.0,2663.0,2570.0,3543.0,2485.0,3218.0,2233.0,1918.0,2656.0,2650.0,2934.0,2995.0,2811.0,10634.0,2136.0,2810.0,2350.0,2689.0,2632.0,3172.0,2578.0,3031.0,2347.0,2047.0,2704.0,2593.0,3379.0,3058.0,2844.0,vips
21745.0,14614.0,13949.0,14274.0,14017.0,14107.0,17355.0,13882.0,13828.0,14012.0,13917.0,13388.0,13754.0,14108.0,14189.0,13871.0,8391.0,2038.0,1462.0,1573.0,1460.0,1460.0,3153.0,1459.0,1481.0,1836.0,1858.0,1415.0,1478.0,1480.0,1848.0,1513.0,8402.0,2096.0,1469.0,1958.0,1658.0,1513.0,3198.0,1521.0,1555.0,1928.0,1931.0,1660.0,1592.0,1536.0,1933.0,1663.0,8366.0,2003.0,1470.0,2003.0,1465.0,1500.0,3893.0,1487.0,1543.0,2256.0,1870.0,1381.0,1482.0,1496.0,1770.0,1500.0,8497.0,2071.0,1601.0,1850.0,1574.0,1551.0,3225.0,1569.0,1646.0,2384.0,1888.0,1488.0,1663.0,1577.0,2008.0,1680.0,8495.0,2130.0,1768.0,1756.0,1667.0,1565.0,3687.0,1763.0,1614.0,2233.0,1952.0,1747.0,1793.0,1592.0,1986.0,1595.0,8238.0,1973.0,1505.0,1544.0,1587.0,1464.0,1842.0,1537.0,1573.0,1940.0,1855.0,1586.0,1509.0,1624.0,1658.0,1712.0,8334.0,2030.0,1475.0,1655.0,1744.0,1564.0,1953.0,1486.0,1546.0,1838.0,1839.0,1572.0,1498.0,1828.0,1686.0,1900.0,8441.0,2206.0,1700.0,1801.0,1703.0,1664.0,3960.0,1658.0,1757.0,2212.0,1968.0,1575.0,1657.0,2580.0,1938.0,1988.0,8218.0,2088.0,1449.0,1694.0,1551.0,1508.0,2385.0,1494.0,1671.0,1836.0,1931.0,1471.0,1539.0,2108.0,1784.0,1691.0,8113.0,2000.0,1441.0,1597.0,1478.0,1437.0,2427.0,1441.0,1726.0,1811.0,1810.0,1392.0,1462.0,1935.0,1649.0,1486.0,8107.0,2007.0,1708.0,1629.0,1534.0,1508.0,3559.0,1488.0,1945.0,1831.0,1795.0,1388.0,1641.0,1793.0,1662.0,1528.0,8310.0,2086.0,1569.0,1690.0,1601.0,1611.0,2844.0,1565.0,1960.0,1953.0,1918.0,1563.0,1563.0,2040.0,1709.0,1637.0,8530.0,2204.0,1677.0,1854.0,1699.0,1637.0,3421.0,1665.0,2046.0,2045.0,2027.0,1579.0,1664.0,2178.0,1894.0,1774.0,8415.0,2106.0,1571.0,1726.0,1623.0,1546.0,4247.0,1597.0,2029.0,1934.0,1964.0,1506.0,1619.0,1966.0,1846.0,1635.0,8492.0,2214.0,1705.0,1856.0,1648.0,1641.0,3767.0,1614.0,2168.0,2001.0,2019.0,1548.0,1626.0,2057.0,1858.0,1698.0,vips
26753.0,18783.0,18382.0,18101.0,18086.0,18579.0,19217.0,17909.0,18427.0,18402.0,17909.0,17746.0,18622.0,18488.0,18715.0,18931.0,10006.0,1989.0,2375.0,1946.0,1985.0,2377.0,3154.0,1949.0,2473.0,2368.0,2026.0,2021.0,2513.0,2468.0,2357.0,2520.0,9789.0,1990.0,2284.0,1889.0,1967.0,2372.0,3191.0,1951.0,2494.0,2351.0,2106.0,2052.0,2555.0,2396.0,2289.0,2591.0,9788.0,2060.0,2355.0,1890.0,1931.0,2305.0,3163.0,1921.0,2444.0,2290.0,2040.0,1897.0,2430.0,2345.0,2247.0,2394.0,9868.0,1993.0,2368.0,1938.0,1943.0,2327.0,3142.0,1948.0,2426.0,2391.0,2019.0,1966.0,2403.0,2410.0,2294.0,2560.0,9966.0,2077.0,2562.0,1937.0,2011.0,2313.0,3303.0,2017.0,2517.0,2385.0,2041.0,2014.0,2563.0,2427.0,2347.0,2546.0,9925.0,1763.0,2294.0,1776.0,1854.0,2180.0,3160.0,1838.0,2372.0,2274.0,1934.0,1865.0,2405.0,2310.0,2168.0,2332.0,10099.0,1887.0,2385.0,1892.0,2045.0,2377.0,3253.0,1965.0,2456.0,2314.0,2031.0,1927.0,2432.0,2379.0,2273.0,2427.0,10189.0,2002.0,2479.0,1906.0,2045.0,2400.0,3252.0,1967.0,2527.0,2447.0,2060.0,1946.0,2627.0,2717.0,2357.0,2502.0,10149.0,1917.0,2314.0,1939.0,1997.0,2434.0,3218.0,1960.0,2525.0,2348.0,1963.0,1978.0,2521.0,2493.0,2427.0,2500.0,9928.0,1885.0,2341.0,1918.0,1919.0,2259.0,3200.0,1886.0,2430.0,2334.0,1984.0,1891.0,2454.0,2367.0,2257.0,2371.0,9622.0,1859.0,2323.0,1892.0,1949.0,2278.0,3073.0,1931.0,2454.0,2322.0,1926.0,1906.0,2496.0,2358.0,2226.0,2383.0,9886.0,2028.0,2549.0,1981.0,2039.0,2468.0,3128.0,2020.0,2602.0,2393.0,2006.0,2035.0,2524.0,2432.0,2345.0,2622.0,9872.0,2003.0,2395.0,1940.0,1995.0,2397.0,3198.0,1974.0,2547.0,2599.0,2030.0,2017.0,2541.0,2432.0,2329.0,2509.0,10060.0,2030.0,2387.0,2125.0,2042.0,2336.0,3177.0,2005.0,2538.0,2482.0,2064.0,2055.0,2544.0,2436.0,2309.0,2522.0,10034.0,2067.0,2544.0,1975.0,2033.0,2432.0,3308.0,2025.0,3049.0,2493.0,2142.0,1998.0,2621.0,2553.0,2387.0,2528.0,vips
22411.0,15431.0,14462.0,15654.0,15642.0,15154.0,14613.0,15466.0,14706.0,14402.0,14909.0,14860.0,14348.0,14828.0,14815.0,15163.0,9180.0,2596.0,1637.0,2516.0,2729.0,2075.0,1872.0,2687.0,1888.0,2033.0,2384.0,2273.0,1657.0,2020.0,1995.0,2239.0,9048.0,2456.0,1593.0,2456.0,2675.0,2008.0,2167.0,2620.0,1834.0,1943.0,2303.0,2214.0,1649.0,2041.0,1997.0,2157.0,9224.0,2589.0,1749.0,2528.0,2776.0,2216.0,2282.0,2783.0,1993.0,2095.0,2381.0,2312.0,1685.0,2008.0,2124.0,2245.0,9293.0,2621.0,1767.0,2700.0,2943.0,2502.0,2128.0,3521.0,2105.0,2057.0,2447.0,2406.0,1848.0,2174.0,2171.0,2363.0,9315.0,2677.0,1712.0,2654.0,2861.0,2337.0,1678.0,2883.0,1965.0,1970.0,2410.0,2316.0,1736.0,2132.0,2137.0,2372.0,9072.0,2493.0,1582.0,2492.0,2683.0,2112.0,1420.0,2752.0,1885.0,1910.0,2326.0,2207.0,1739.0,2223.0,1948.0,2276.0,9267.0,2694.0,1708.0,2558.0,3136.0,2250.0,1495.0,2818.0,2022.0,1980.0,2433.0,2379.0,1825.0,2333.0,2037.0,2298.0,9174.0,2632.0,1706.0,2561.0,2791.0,2228.0,1430.0,2753.0,2176.0,2092.0,2402.0,2294.0,1807.0,2285.0,2137.0,2323.0,8962.0,2559.0,1580.0,2536.0,2713.0,2140.0,1350.0,2689.0,2128.0,1919.0,2329.0,2285.0,1652.0,2221.0,2093.0,2309.0,8950.0,2549.0,1641.0,2586.0,2731.0,2112.0,1385.0,2768.0,2158.0,2002.0,2353.0,2271.0,1708.0,2178.0,2070.0,2155.0,8845.0,2455.0,1610.0,2457.0,2668.0,2096.0,1376.0,2663.0,2177.0,2037.0,2271.0,2225.0,1874.0,2211.0,2029.0,2112.0,9043.0,2575.0,2011.0,2563.0,2748.0,2210.0,1499.0,2745.0,2297.0,2167.0,2352.0,2283.0,1929.0,2460.0,2101.0,2266.0,9144.0,2544.0,1818.0,2562.0,2778.0,2205.0,1572.0,2711.0,2166.0,2162.0,2415.0,2293.0,1801.0,2134.0,2109.0,2297.0,9147.0,2467.0,1715.0,2588.0,2749.0,2162.0,1584.0,2675.0,2014.0,2082.0,2367.0,2242.0,1733.0,2045.0,2073.0,2240.0,9261.0,2625.0,1714.0,2624.0,2918.0,2262.0,1599.0,2919.0,2151.0,2074.0,2379.0,2352.0,1733.0,2103.0,2038.0,2298.0,vips
24063.0,17024.0,16752.0,17258.0,16541.0,16917.0,16546.0,16627.0,16532.0,16542.0,16403.0,16263.0,16815.0,16720.0,16991.0,17095.0,8896.0,2242.0,2194.0,2056.0,2002.0,2155.0,2233.0,1887.0,2316.0,2190.0,2008.0,2043.0,2268.0,2297.0,2089.0,2250.0,8785.0,2119.0,2078.0,1953.0,1985.0,2067.0,2094.0,1793.0,2173.0,2126.0,1850.0,1889.0,2148.0,2443.0,1977.0,2087.0,9120.0,2129.0,2204.0,2101.0,2176.0,2160.0,2207.0,2315.0,2271.0,2139.0,1986.0,1946.0,2228.0,2267.0,2155.0,2180.0,9193.0,1991.0,2238.0,2150.0,2492.0,2189.0,2275.0,2795.0,2305.0,2215.0,2061.0,2141.0,2289.0,2297.0,2177.0,2382.0,9482.0,2026.0,2258.0,2128.0,2396.0,2194.0,2288.0,2766.0,2319.0,2222.0,2043.0,2014.0,2261.0,2344.0,2347.0,2684.0,9300.0,1838.0,2023.0,1765.0,2155.0,1882.0,2008.0,2023.0,2059.0,2003.0,1750.0,1735.0,2122.0,2057.0,1897.0,2441.0,9344.0,2348.0,2210.0,2133.0,2396.0,2238.0,2234.0,2121.0,2310.0,2201.0,1972.0,1987.0,2275.0,2322.0,2104.0,3038.0,8835.0,2017.0,2229.0,2035.0,2386.0,2097.0,2251.0,1981.0,2255.0,2167.0,2016.0,2001.0,2276.0,2239.0,2154.0,2717.0,8712.0,1836.0,2192.0,1980.0,2190.0,2064.0,2229.0,1887.0,2471.0,2111.0,1942.0,1955.0,2270.0,2205.0,2158.0,2573.0,8663.0,1879.0,2209.0,2057.0,2065.0,2073.0,2190.0,1925.0,2217.0,2160.0,1955.0,1944.0,2232.0,2229.0,2025.0,2366.0,8669.0,1923.0,2159.0,2022.0,2223.0,2129.0,2161.0,2019.0,2218.0,2136.0,1943.0,1936.0,2194.0,2231.0,2078.0,2227.0,8809.0,2053.0,2507.0,2167.0,2094.0,2185.0,2211.0,1973.0,2269.0,2183.0,2045.0,2234.0,2271.0,2280.0,2071.0,2374.0,8781.0,1989.0,2193.0,2134.0,2049.0,2112.0,2220.0,2034.0,2577.0,2187.0,2159.0,2239.0,2304.0,2179.0,2170.0,2473.0,8908.0,2036.0,2279.0,2169.0,2048.0,2359.0,2252.0,1910.0,2272.0,2229.0,2136.0,2166.0,2274.0,2257.0,2145.0,2533.0,8965.0,2184.0,2286.0,2312.0,1982.0,2367.0,2304.0,2004.0,2329.0,2223.0,2194.0,2059.0,2253.0,2324.0,2200.0,2423.0,vips
798.0,691.0,628.0,4911.0,677.0,690.0,634.0,650.0,647.0,652.0,619.0,630.0,657.0,687.0,670.0,697.0,53.0,3.0,8.0,1911.0,9.0,7.0,4.0,6.0,4.0,5.0,6.0,3.0,5.0,3.0,8.0,6.0,14.0,3.0,1.0,1978.0,3.0,0.0,1.0,2.0,2.0,2.0,1.0,2.0,1.0,3.0,2.0,2.0,44.0,0.0,4.0,2060.0,7.0,2.0,4.0,4.0,1.0,1.0,4.0,1.0,3.0,2.0,4.0,7.0,44.0,4.0,4.0,1988.0,15.0,5.0,1.0,1.0,2.0,2.0,2.0,2.0,4.0,3.0,11.0,7.0,45.0,4.0,4.0,1919.0,7.0,5.0,4.0,2.0,5.0,3.0,3.0,2.0,4.0,3.0,5.0,6.0,20.0,4.0,1.0,1815.0,8.0,5.0,1.0,2.0,1.0,2.0,3.0,1.0,3.0,1.0,3.0,5.0,33.0,6.0,1.0,2034.0,7.0,1.0,1.0,5.0,4.0,0.0,1.0,3.0,2.0,1.0,3.0,4.0,28.0,4.0,3.0,1968.0,4.0,1.0,1.0,3.0,4.0,1.0,0.0,3.0,3.0,4.0,1.0,4.0,32.0,1.0,3.0,1850.0,3.0,2.0,3.0,2.0,2.0,1.0,0.0,3.0,4.0,3.0,3.0,4.0,13.0,5.0,1.0,1957.0,3.0,2.0,2.0,1.0,1.0,1.0,1.0,1.0,2.0,4.0,3.0,4.0,17.0,4.0,0.0,1910.0,4.0,2.0,0.0,3.0,3.0,3.0,1.0,1.0,2.0,3.0,1.0,2.0,35.0,5.0,2.0,1900.0,9.0,5.0,1.0,2.0,2.0,4.0,3.0,2.0,4.0,4.0,4.0,2.0,50.0,5.0,2.0,1867.0,6.0,4.0,2.0,2.0,4.0,5.0,1.0,1.0,4.0,4.0,5.0,4.0,43.0,2.0,2.0,1913.0,7.0,6.0,4.0,6.0,2.0,4.0,2.0,3.0,4.0,4.0,3.0,5.0,55.0,5.0,2.0,2198.0,7.0,5.0,4.0,1.0,5.0,4.0,4.0,2.0,2.0,5.0,4.0,2.0,vips
25602.0,16623.0,15858.0,17575.0,16381.0,16524.0,16419.0,17064.0,16268.0,16245.0,16303.0,16168.0,15974.0,16205.0,16453.0,16618.0,10228.0,2271.0,1767.0,3070.0,2179.0,2162.0,2321.0,2906.0,2188.0,2413.0,2543.0,2363.0,1985.0,1868.0,2056.0,2204.0,10139.0,2235.0,1780.0,3085.0,2163.0,2069.0,2338.0,2877.0,2145.0,2327.0,2537.0,2328.0,2176.0,2209.0,2035.0,2183.0,10416.0,2234.0,1770.0,3052.0,2143.0,2143.0,2330.0,2849.0,2296.0,2401.0,2520.0,2309.0,2032.0,1853.0,2050.0,2142.0,10266.0,2189.0,1765.0,3002.0,2182.0,2085.0,2360.0,2875.0,2309.0,2363.0,2482.0,2326.0,1982.0,1853.0,2060.0,2120.0,10413.0,2312.0,1792.0,3097.0,2219.0,2134.0,2311.0,2892.0,2359.0,2498.0,2597.0,2412.0,2032.0,1894.0,2084.0,2228.0,10223.0,2284.0,1804.0,3031.0,2189.0,2133.0,2273.0,2894.0,2407.0,2435.0,2550.0,2363.0,2285.0,1981.0,2101.0,2132.0,10201.0,2230.0,1745.0,2977.0,2164.0,2144.0,2353.0,2817.0,2300.0,2406.0,2530.0,2330.0,2032.0,1856.0,2019.0,2115.0,10289.0,2308.0,1925.0,3122.0,2231.0,2267.0,2544.0,2968.0,2402.0,2929.0,2618.0,2400.0,2201.0,2045.0,2181.0,2349.0,10067.0,2292.0,1823.0,3099.0,2217.0,2202.0,2398.0,2944.0,2507.0,2450.0,2596.0,2403.0,2085.0,1908.0,2190.0,2175.0,10009.0,2229.0,1762.0,3088.0,2174.0,2166.0,2343.0,2883.0,2302.0,2392.0,2531.0,2377.0,2052.0,1902.0,2070.0,2103.0,9942.0,2158.0,1739.0,2992.0,2155.0,2078.0,2289.0,2790.0,2187.0,2302.0,2432.0,2303.0,1968.0,1821.0,2093.0,2030.0,10133.0,2228.0,1909.0,3043.0,2190.0,2135.0,2529.0,2876.0,2349.0,2426.0,2608.0,2366.0,2049.0,1998.0,2068.0,2113.0,10388.0,2237.0,2066.0,3069.0,2238.0,2210.0,2452.0,2907.0,2421.0,2423.0,2548.0,2417.0,2135.0,1921.0,2095.0,2223.0,10318.0,2217.0,1793.0,3055.0,2141.0,2063.0,2360.0,2837.0,2307.0,2480.0,2507.0,2344.0,2042.0,1863.0,2066.0,2105.0,10515.0,2316.0,1816.0,3088.0,2220.0,2166.0,2400.0,2974.0,2233.0,2492.0,2544.0,2392.0,2106.0,1857.0,2127.0,2179.0,vips
23966.0,16295.0,16194.0,16334.0,15987.0,16566.0,15722.0,18157.0,15869.0,15885.0,15921.0,15777.0,16179.0,16274.0,16184.0,16380.0,8939.0,1905.0,1952.0,1475.0,1612.0,2004.0,1633.0,2425.0,1881.0,1993.0,1847.0,1928.0,2032.0,2012.0,1929.0,1984.0,8985.0,1927.0,1966.0,1600.0,1742.0,2223.0,1731.0,2399.0,1963.0,2291.0,1822.0,1841.0,2184.0,2404.0,2152.0,2016.0,9223.0,1981.0,2003.0,2207.0,1703.0,2114.0,1789.0,3201.0,2457.0,3439.0,1916.0,1904.0,2068.0,2095.0,2233.0,2090.0,9017.0,1873.0,2038.0,2298.0,1690.0,2081.0,1949.0,2827.0,3278.0,3763.0,1940.0,2044.0,2021.0,2266.0,2080.0,2067.0,9200.0,2013.0,2259.0,1868.0,1793.0,2299.0,1871.0,2788.0,3091.0,2539.0,1916.0,1962.0,2208.0,2544.0,2337.0,2606.0,8875.0,1837.0,2188.0,1730.0,1738.0,2220.0,1780.0,1796.0,2505.0,2217.0,1780.0,1832.0,2105.0,2360.0,2300.0,2499.0,8866.0,1934.0,2064.0,1758.0,1960.0,2127.0,1797.0,1620.0,2271.0,2107.0,1893.0,1948.0,2159.0,2244.0,2017.0,2588.0,8918.0,2036.0,2111.0,1800.0,2019.0,2080.0,1946.0,2425.0,2000.0,2405.0,1950.0,2061.0,2174.0,2096.0,2187.0,2528.0,8729.0,2007.0,2014.0,1647.0,1928.0,2058.0,1793.0,2224.0,1946.0,2034.0,1955.0,2006.0,2119.0,2064.0,1998.0,2257.0,8735.0,1983.0,1982.0,1634.0,1775.0,2003.0,1729.0,2164.0,1966.0,2055.0,1853.0,2005.0,2120.0,2036.0,1932.0,2057.0,8706.0,1935.0,1955.0,1508.0,1825.0,1952.0,1703.0,2752.0,1915.0,1981.0,1771.0,1916.0,2024.0,2017.0,1882.0,1910.0,8927.0,2124.0,2142.0,1611.0,1807.0,2137.0,1905.0,2375.0,2071.0,2110.0,2033.0,2082.0,2151.0,2329.0,1988.0,2084.0,9009.0,2066.0,2184.0,1636.0,1729.0,2101.0,2009.0,2586.0,2023.0,2085.0,1994.0,1959.0,2192.0,2056.0,2034.0,2014.0,8986.0,1928.0,2027.0,1608.0,1732.0,2051.0,2102.0,3001.0,2106.0,2014.0,1973.0,1999.0,2176.0,2003.0,1977.0,2071.0,9027.0,1970.0,2092.0,1750.0,1771.0,2104.0,2173.0,2879.0,2104.0,2092.0,2057.0,1981.0,2219.0,2127.0,2241.0,2109.0,vips
26413.0,18569.0,17928.0,18016.0,18618.0,18065.0,18589.0,20440.0,17995.0,17850.0,18242.0,17695.0,18202.0,18099.0,18419.0,18176.0,9805.0,2541.0,2200.0,1854.0,2751.0,2095.0,2887.0,2853.0,2303.0,2356.0,2799.0,2297.0,2459.0,2353.0,2492.0,2224.0,9894.0,2481.0,2180.0,1888.0,2750.0,2147.0,2857.0,2668.0,2302.0,2342.0,2748.0,2283.0,2503.0,2461.0,2422.0,2207.0,11165.0,2543.0,2181.0,1929.0,2784.0,2061.0,2811.0,3814.0,2268.0,2327.0,2769.0,2278.0,2544.0,2351.0,2422.0,2132.0,10953.0,2549.0,2239.0,2009.0,2823.0,2134.0,3586.0,3305.0,2353.0,2355.0,2756.0,2259.0,2583.0,2399.0,2542.0,2211.0,10145.0,2578.0,2377.0,1886.0,2752.0,2148.0,2893.0,3042.0,2315.0,2408.0,2820.0,2319.0,2596.0,2417.0,2438.0,2326.0,10036.0,2556.0,2230.0,1995.0,3084.0,2120.0,2883.0,1737.0,2350.0,2340.0,2820.0,2289.0,2623.0,2442.0,2501.0,2157.0,9848.0,2538.0,2180.0,2194.0,2724.0,2102.0,2857.0,1586.0,2272.0,2302.0,2838.0,2267.0,2492.0,2331.0,2419.0,2118.0,9802.0,2581.0,2246.0,2158.0,2771.0,2120.0,2916.0,2461.0,2321.0,2424.0,2844.0,2324.0,2521.0,2373.0,2467.0,2153.0,9564.0,2555.0,2252.0,1961.0,2776.0,2153.0,2864.0,2326.0,2282.0,2274.0,2820.0,2290.0,2494.0,2394.0,2434.0,2238.0,9578.0,2537.0,2204.0,1900.0,2782.0,2144.0,2917.0,2253.0,2341.0,2371.0,2755.0,2309.0,2446.0,2416.0,2454.0,2147.0,9367.0,2426.0,2174.0,1819.0,2732.0,1973.0,2754.0,3332.0,2241.0,2222.0,2681.0,2227.0,2411.0,2295.0,2394.0,2015.0,9648.0,2565.0,2194.0,2008.0,2823.0,2119.0,2863.0,2482.0,2365.0,2373.0,2785.0,2259.0,2509.0,2423.0,2468.0,2214.0,9769.0,2599.0,2507.0,1975.0,2798.0,2223.0,2907.0,3018.0,2388.0,2473.0,2856.0,2347.0,2952.0,2461.0,2511.0,2328.0,9848.0,2502.0,2170.0,1996.0,2807.0,2015.0,2895.0,3568.0,2404.0,2239.0,2792.0,2274.0,2447.0,2314.0,2428.0,2136.0,9839.0,2603.0,2381.0,1995.0,2870.0,2386.0,2974.0,3307.0,2291.0,2384.0,2779.0,2387.0,2603.0,2512.0,2434.0,2191.0,vips
23900.0,15243.0,15183.0,17678.0,15022.0,15666.0,14992.0,15881.0,14799.0,15201.0,14541.0,14863.0,15199.0,15384.0,15410.0,15612.0,9505.0,1614.0,1819.0,2907.0,1550.0,1809.0,1788.0,1945.0,1650.0,2143.0,1533.0,1870.0,1740.0,1935.0,1827.0,1978.0,9279.0,1639.0,1913.0,2908.0,1664.0,1837.0,1870.0,1981.0,1675.0,2333.0,1552.0,1974.0,1832.0,1989.0,1906.0,2169.0,10067.0,1705.0,1924.0,3058.0,1950.0,1888.0,1927.0,2410.0,1776.0,2206.0,1539.0,2428.0,2181.0,1986.0,1972.0,1961.0,9484.0,1919.0,1956.0,3178.0,2352.0,1879.0,1992.0,2181.0,1774.0,2032.0,1604.0,2725.0,2508.0,1992.0,1934.0,1961.0,9668.0,2267.0,2042.0,3159.0,2152.0,1846.0,1788.0,2143.0,1726.0,1948.0,1883.0,2647.0,2559.0,2022.0,1919.0,2284.0,9420.0,2450.0,1976.0,2955.0,2051.0,1855.0,1777.0,2035.0,1758.0,1954.0,2806.0,2254.0,2337.0,2013.0,1952.0,1901.0,9412.0,2020.0,1863.0,2922.0,1961.0,1875.0,1752.0,1559.0,1701.0,1888.0,2330.0,1905.0,2010.0,2125.0,1773.0,1882.0,9287.0,1575.0,2005.0,2935.0,1716.0,1858.0,1721.0,1905.0,1692.0,1914.0,1653.0,1927.0,1903.0,2790.0,2117.0,1975.0,9306.0,1602.0,2141.0,2944.0,1608.0,1978.0,1663.0,1904.0,1698.0,1876.0,1539.0,1860.0,1841.0,3161.0,1868.0,1990.0,9139.0,1543.0,2141.0,3055.0,1569.0,2026.0,1699.0,1937.0,1735.0,1850.0,1487.0,1866.0,1754.0,2722.0,1926.0,1910.0,9094.0,1467.0,2011.0,2862.0,1521.0,2176.0,1591.0,2267.0,1768.0,1823.0,1374.0,1804.0,1738.0,2209.0,1879.0,1877.0,9504.0,1648.0,2112.0,3003.0,1668.0,2082.0,1724.0,2204.0,1866.0,1929.0,1555.0,2177.0,1883.0,2061.0,1975.0,2143.0,9465.0,1669.0,2033.0,3024.0,1688.0,1978.0,1784.0,2207.0,1936.0,2210.0,1585.0,1863.0,1838.0,1964.0,2039.0,2087.0,9492.0,1572.0,1922.0,3060.0,1621.0,1842.0,1756.0,2175.0,1981.0,1908.0,1552.0,1932.0,1855.0,1865.0,1999.0,2079.0,9596.0,1667.0,2056.0,3144.0,1592.0,2167.0,1846.0,2109.0,1781.0,2231.0,1629.0,2003.0,1832.0,2010.0,1954.0,2070.0,vips
26416.0,18917.0,17612.0,18210.0,18348.0,18126.0,18341.0,18220.0,18432.0,17353.0,17940.0,17465.0,18169.0,17681.0,18230.0,18019.0,9393.0,3002.0,2122.0,1639.0,2550.0,2132.0,2783.0,2593.0,2945.0,2012.0,2707.0,2152.0,2653.0,2079.0,2518.0,2078.0,9265.0,3092.0,2131.0,1667.0,2530.0,2106.0,2738.0,2555.0,3002.0,2074.0,2721.0,2149.0,2642.0,2176.0,2526.0,2414.0,11361.0,3015.0,2150.0,2636.0,2601.0,2127.0,2776.0,2615.0,2980.0,2056.0,2765.0,2168.0,2635.0,2085.0,2510.0,2092.0,11665.0,2986.0,2135.0,3532.0,2550.0,2121.0,2801.0,2604.0,2923.0,2079.0,2699.0,2129.0,2632.0,2101.0,2484.0,2091.0,10000.0,3147.0,2134.0,3012.0,2552.0,2181.0,2781.0,2650.0,2980.0,2090.0,2784.0,2192.0,2682.0,2146.0,2571.0,2088.0,9251.0,3036.0,2107.0,2530.0,2517.0,2116.0,2744.0,2632.0,2925.0,2070.0,2744.0,2167.0,2652.0,2120.0,2511.0,2038.0,9351.0,3066.0,2077.0,1989.0,2555.0,2095.0,2775.0,2595.0,2958.0,2025.0,2765.0,2141.0,2599.0,2078.0,2481.0,2067.0,9364.0,3068.0,2181.0,1768.0,2531.0,2078.0,2835.0,2593.0,2989.0,2070.0,2812.0,2170.0,2699.0,2101.0,2536.0,2091.0,9142.0,3092.0,2180.0,1662.0,2549.0,2125.0,2778.0,2563.0,2945.0,2035.0,2741.0,2153.0,2679.0,2348.0,2520.0,2171.0,9070.0,3106.0,2096.0,1644.0,2561.0,2082.0,2786.0,2624.0,2943.0,2085.0,2671.0,2155.0,2631.0,2126.0,2515.0,2086.0,9117.0,2958.0,2054.0,1611.0,2503.0,2116.0,2685.0,2500.0,2885.0,1957.0,2608.0,2071.0,2573.0,2059.0,2465.0,2002.0,9346.0,3051.0,2131.0,1761.0,2582.0,2108.0,2832.0,2666.0,3070.0,2033.0,2763.0,2152.0,2608.0,2116.0,2480.0,2024.0,9323.0,3085.0,2213.0,1692.0,2539.0,2116.0,2812.0,2633.0,2995.0,2186.0,2777.0,2160.0,2670.0,2109.0,2550.0,2198.0,9390.0,3070.0,2079.0,1711.0,2571.0,2059.0,2782.0,2655.0,2975.0,2011.0,2759.0,2156.0,2697.0,2116.0,2514.0,2054.0,9602.0,3091.0,2449.0,1742.0,2620.0,2247.0,2927.0,2804.0,2970.0,2184.0,2806.0,2237.0,2710.0,2248.0,2569.0,2157.0,vips
22693.0,14585.0,14552.0,16703.0,14589.0,14995.0,14451.0,14402.0,14098.0,14204.0,14202.0,14426.0,14273.0,14644.0,14636.0,14821.0,9157.0,1664.0,1651.0,2796.0,1537.0,1886.0,1554.0,1541.0,1401.0,1646.0,1498.0,1809.0,1504.0,1671.0,1440.0,1794.0,9052.0,1730.0,1680.0,2728.0,1621.0,1836.0,1674.0,1571.0,1393.0,1840.0,1517.0,1751.0,1611.0,1920.0,1433.0,1941.0,9281.0,1917.0,1686.0,2792.0,1548.0,1905.0,1585.0,1559.0,1786.0,1645.0,1428.0,1765.0,1560.0,1638.0,1480.0,1860.0,9130.0,1777.0,1734.0,2840.0,1564.0,1969.0,1557.0,1634.0,1989.0,1625.0,1741.0,1753.0,1518.0,1671.0,1426.0,1890.0,9240.0,1782.0,1725.0,2871.0,1608.0,2020.0,1687.0,1684.0,1614.0,1670.0,1937.0,2092.0,1527.0,1729.0,1521.0,1963.0,8997.0,1606.0,1730.0,2760.0,1556.0,1835.0,2260.0,1761.0,1715.0,1636.0,1781.0,1754.0,1450.0,1682.0,1404.0,1864.0,9033.0,1634.0,1952.0,2693.0,1857.0,1859.0,3150.0,1745.0,2168.0,1694.0,1549.0,1786.0,1459.0,1678.0,1388.0,1846.0,8950.0,1685.0,2113.0,2778.0,1614.0,1909.0,2538.0,1968.0,1909.0,1890.0,1652.0,1931.0,1577.0,1904.0,1566.0,1826.0,8858.0,1614.0,1932.0,2791.0,1670.0,2028.0,1942.0,1891.0,1607.0,1816.0,1432.0,1856.0,1457.0,2045.0,1588.0,1745.0,8906.0,1604.0,1666.0,2860.0,1662.0,1809.0,1716.0,1780.0,1488.0,1728.0,1497.0,1804.0,1531.0,1681.0,1688.0,1761.0,8844.0,1492.0,1569.0,2760.0,1610.0,1733.0,1537.0,1606.0,1462.0,1601.0,1328.0,1699.0,1535.0,1570.0,1500.0,1688.0,8977.0,1679.0,1686.0,2889.0,1710.0,1942.0,1667.0,1605.0,1533.0,1730.0,1498.0,1891.0,1560.0,1750.0,1571.0,1833.0,9051.0,1659.0,1718.0,2869.0,1682.0,1866.0,1715.0,1598.0,1403.0,1728.0,1538.0,1855.0,1551.0,1700.0,1533.0,1992.0,9117.0,1587.0,1656.0,2860.0,1563.0,1840.0,1586.0,1478.0,1454.0,1624.0,1533.0,1795.0,1550.0,1758.0,1472.0,1815.0,9137.0,1653.0,1797.0,2982.0,1565.0,1930.0,1677.0,1526.0,1410.0,1680.0,1547.0,1837.0,1485.0,1974.0,1492.0,1827.0,vips
25726.0,18042.0,18316.0,18010.0,18025.0,18061.0,17843.0,17933.0,18803.0,18205.0,18510.0,17577.0,17937.0,18318.0,18544.0,18235.0,9396.0,2096.0,2735.0,1402.0,2317.0,2257.0,2278.0,2295.0,3288.0,2814.0,3232.0,2301.0,2240.0,2648.0,2823.0,2308.0,9107.0,1994.0,2683.0,1428.0,2289.0,2290.0,2248.0,2281.0,3227.0,3142.0,3150.0,2253.0,2209.0,2660.0,2730.0,2314.0,9739.0,2276.0,2725.0,1568.0,2342.0,2301.0,2299.0,2335.0,3316.0,2871.0,3182.0,2329.0,2262.0,2650.0,2794.0,2353.0,9276.0,2666.0,2736.0,1378.0,2270.0,2236.0,2260.0,2289.0,3383.0,2809.0,3133.0,2248.0,2205.0,2600.0,2801.0,2239.0,9244.0,2824.0,2752.0,1363.0,2298.0,2251.0,2270.0,2275.0,3423.0,2748.0,3259.0,2470.0,2259.0,2663.0,2742.0,2350.0,9071.0,2225.0,2744.0,1353.0,2285.0,2239.0,2250.0,2400.0,3232.0,2856.0,3175.0,2301.0,2229.0,2685.0,2769.0,2310.0,9163.0,2061.0,2663.0,1372.0,2343.0,2264.0,2279.0,2312.0,3265.0,2760.0,3268.0,2275.0,2231.0,2624.0,2769.0,2242.0,9135.0,2058.0,2799.0,1452.0,2350.0,2317.0,2331.0,2376.0,3284.0,3009.0,3867.0,2352.0,2302.0,2637.0,2844.0,2345.0,8959.0,2005.0,2880.0,1265.0,2307.0,2285.0,2280.0,2286.0,3344.0,2773.0,3149.0,2296.0,2246.0,2624.0,2777.0,2294.0,8945.0,2005.0,2783.0,1383.0,2336.0,2297.0,2358.0,2358.0,3717.0,2905.0,3158.0,2352.0,2271.0,2717.0,2817.0,2354.0,8939.0,1895.0,2598.0,1301.0,2237.0,2290.0,2200.0,2240.0,3195.0,2762.0,3015.0,2241.0,2178.0,2569.0,2721.0,2286.0,9243.0,2083.0,2716.0,1556.0,2334.0,2291.0,2338.0,2375.0,3427.0,2852.0,3271.0,2268.0,2289.0,2626.0,2771.0,2261.0,9267.0,2063.0,2865.0,1445.0,2301.0,2280.0,2304.0,2314.0,3384.0,2861.0,3215.0,2326.0,2242.0,2599.0,2797.0,2319.0,9246.0,1993.0,2693.0,1464.0,2329.0,2225.0,2271.0,2331.0,3368.0,2762.0,3211.0,2284.0,2227.0,2566.0,2752.0,2266.0,9406.0,2013.0,2800.0,1503.0,2338.0,2553.0,2322.0,2376.0,3413.0,2896.0,3197.0,2473.0,2244.0,2646.0,2794.0,2292.0,vips
22572.0,14823.0,14279.0,16214.0,14200.0,14609.0,14690.0,14057.0,13715.0,13857.0,13738.0,13899.0,13902.0,14065.0,14090.0,14442.0,8934.0,2098.0,1536.0,2771.0,1551.0,1649.0,1779.0,1535.0,1366.0,1629.0,1410.0,1638.0,1462.0,1596.0,1382.0,1762.0,8930.0,2100.0,1514.0,2822.0,1665.0,1661.0,1904.0,1640.0,1928.0,1819.0,1611.0,1660.0,1661.0,1565.0,1452.0,1786.0,9144.0,2091.0,1584.0,2810.0,1558.0,1678.0,1959.0,1713.0,2655.0,1874.0,3431.0,1626.0,1596.0,1505.0,1466.0,1756.0,8909.0,2090.0,1500.0,2814.0,1566.0,1688.0,1853.0,2001.0,3223.0,2082.0,4814.0,1587.0,1474.0,1442.0,1422.0,1678.0,9132.0,2170.0,1612.0,2927.0,1637.0,2576.0,2013.0,1805.0,1705.0,2209.0,3964.0,2397.0,1620.0,1559.0,1585.0,2066.0,8773.0,2015.0,1488.0,2681.0,1734.0,2194.0,1605.0,1642.0,1835.0,1880.0,1861.0,1861.0,1481.0,1434.0,1823.0,1655.0,8779.0,2029.0,1403.0,2710.0,1924.0,1786.0,1620.0,1529.0,1467.0,1759.0,1358.0,2131.0,1423.0,1399.0,2381.0,1688.0,8893.0,2233.0,1586.0,2874.0,1925.0,1916.0,2033.0,1784.0,1589.0,1988.0,1566.0,2129.0,1602.0,1619.0,2180.0,1842.0,8725.0,2094.0,1440.0,2882.0,1863.0,1710.0,1814.0,1597.0,1419.0,1561.0,1497.0,2007.0,1666.0,1501.0,1704.0,1698.0,8859.0,2231.0,1851.0,2962.0,1747.0,1821.0,1921.0,1685.0,1624.0,1723.0,1468.0,1892.0,1685.0,1649.0,1599.0,1991.0,8623.0,1976.0,1510.0,2756.0,1550.0,1894.0,1833.0,1521.0,1441.0,1527.0,1307.0,1658.0,1424.0,1412.0,1403.0,1988.0,8796.0,2075.0,1599.0,2889.0,1583.0,1663.0,1806.0,1576.0,1548.0,1607.0,1485.0,1822.0,1454.0,1567.0,1429.0,2039.0,8888.0,2105.0,1675.0,2883.0,1653.0,1673.0,1968.0,1612.0,1489.0,1660.0,1503.0,1763.0,1542.0,1613.0,1586.0,1951.0,8988.0,2111.0,1719.0,2913.0,1594.0,1747.0,1940.0,1536.0,1500.0,1646.0,1810.0,1697.0,1548.0,1623.0,1469.0,1809.0,9065.0,2091.0,1648.0,3048.0,1563.0,1815.0,2075.0,1579.0,1479.0,1659.0,1543.0,1772.0,1572.0,1645.0,1441.0,1820.0,vips
26767.0,18583.0,18825.0,18487.0,18905.0,19121.0,20905.0,18509.0,18909.0,18730.0,18642.0,18478.0,19098.0,19007.0,19246.0,19119.0,9614.0,1980.0,2555.0,1511.0,2542.0,2686.0,2999.0,2383.0,2664.0,2602.0,2638.0,2627.0,2686.0,2593.0,2728.0,2600.0,9474.0,1900.0,2532.0,1501.0,2492.0,2646.0,3312.0,2361.0,2669.0,2605.0,2616.0,2612.0,2692.0,2576.0,2618.0,2548.0,9534.0,1859.0,2523.0,1508.0,2463.0,2599.0,3734.0,2345.0,2628.0,2582.0,2613.0,2589.0,2640.0,2517.0,2617.0,2518.0,9537.0,1879.0,2548.0,1563.0,2447.0,2623.0,3043.0,2447.0,2586.0,2611.0,2605.0,2549.0,2627.0,2559.0,2665.0,2532.0,9634.0,2011.0,2642.0,1633.0,2547.0,2665.0,3350.0,2482.0,2715.0,2692.0,2668.0,2974.0,2749.0,2640.0,2683.0,3012.0,9461.0,1879.0,2612.0,1470.0,2519.0,2654.0,1806.0,2399.0,2681.0,2621.0,2673.0,2635.0,2682.0,2631.0,2622.0,2528.0,9307.0,1880.0,2527.0,1544.0,2462.0,2584.0,1917.0,2425.0,2593.0,2613.0,2655.0,2557.0,2666.0,2550.0,2645.0,2545.0,9701.0,2105.0,2612.0,1650.0,2537.0,2657.0,3641.0,2425.0,2664.0,2680.0,2703.0,2615.0,2683.0,2593.0,2736.0,2604.0,9566.0,1994.0,2609.0,1563.0,2530.0,2680.0,2258.0,2387.0,2627.0,2565.0,2679.0,2676.0,2696.0,2556.0,2701.0,2598.0,9556.0,1971.0,2607.0,1602.0,2535.0,2709.0,2327.0,2404.0,2671.0,2658.0,2641.0,2651.0,2717.0,2607.0,2682.0,2595.0,9297.0,1783.0,2532.0,1607.0,2432.0,2963.0,3350.0,2365.0,2607.0,2544.0,2595.0,2565.0,2648.0,2530.0,2650.0,2648.0,9575.0,1937.0,2590.0,1827.0,2512.0,2610.0,2546.0,2439.0,2687.0,2662.0,2621.0,2569.0,2673.0,2587.0,2691.0,2559.0,9593.0,1932.0,2538.0,1841.0,2423.0,2592.0,3150.0,2356.0,2632.0,2559.0,2643.0,2560.0,2668.0,2498.0,2676.0,2562.0,9562.0,1926.0,2579.0,1560.0,2509.0,2608.0,3784.0,2408.0,2745.0,2676.0,2693.0,2575.0,2738.0,2540.0,2734.0,2542.0,9564.0,1915.0,2657.0,1652.0,2524.0,2754.0,3440.0,2480.0,2707.0,2680.0,2649.0,2758.0,2725.0,2601.0,2708.0,2579.0,vips
22645.0,16173.0,14584.0,16674.0,15134.0,14774.0,16983.0,15067.0,14497.0,14501.0,14430.0,14338.0,14780.0,14773.0,14715.0,14591.0,8973.0,2901.0,1495.0,2514.0,1876.0,1380.0,2741.0,1935.0,1497.0,1593.0,1570.0,1495.0,1636.0,1440.0,1461.0,1366.0,8862.0,2812.0,1494.0,2458.0,1932.0,1282.0,3065.0,1928.0,1539.0,1569.0,1564.0,1402.0,1630.0,1420.0,1731.0,1305.0,9178.0,2856.0,1510.0,2536.0,1826.0,1408.0,3542.0,1969.0,1623.0,1585.0,1609.0,1369.0,1634.0,1476.0,1533.0,1394.0,8970.0,2829.0,1558.0,2657.0,1828.0,1447.0,2880.0,2125.0,1690.0,1582.0,1553.0,1341.0,1647.0,1487.0,1595.0,1559.0,9087.0,2913.0,1591.0,2609.0,1857.0,1506.0,3060.0,1934.0,1648.0,1571.0,1763.0,1710.0,1674.0,1543.0,1865.0,2181.0,8812.0,2856.0,1587.0,2477.0,1791.0,1350.0,1779.0,1836.0,1506.0,1599.0,1913.0,1324.0,1543.0,1452.0,2564.0,1593.0,8957.0,2871.0,1486.0,2541.0,1902.0,1542.0,1858.0,1831.0,1525.0,1552.0,1972.0,1344.0,1602.0,1543.0,2350.0,1478.0,8860.0,2878.0,1637.0,2592.0,1866.0,1668.0,3286.0,1890.0,1554.0,1721.0,1774.0,1444.0,1715.0,1509.0,1798.0,1553.0,8770.0,2887.0,1575.0,2565.0,1792.0,1576.0,2177.0,1775.0,1738.0,1488.0,1645.0,1408.0,1628.0,1456.0,1778.0,1375.0,8788.0,2909.0,1903.0,2599.0,1774.0,1562.0,2188.0,1823.0,1600.0,1561.0,1589.0,1453.0,1627.0,1535.0,1973.0,1331.0,8723.0,2719.0,1568.0,2548.0,1770.0,1663.0,3043.0,1793.0,1585.0,1521.0,1509.0,1338.0,1607.0,1519.0,1716.0,1391.0,8931.0,2819.0,1577.0,2672.0,1861.0,1546.0,2545.0,1985.0,1692.0,1733.0,1609.0,1544.0,1758.0,1450.0,1552.0,1422.0,8795.0,2779.0,1529.0,2570.0,1888.0,1403.0,2848.0,1977.0,1614.0,1715.0,1632.0,1570.0,1709.0,1389.0,1611.0,1341.0,9027.0,2889.0,1471.0,2580.0,1935.0,1381.0,3347.0,1856.0,1492.0,1721.0,1526.0,1414.0,1701.0,1446.0,1507.0,1335.0,9105.0,2955.0,1518.0,2795.0,1981.0,1856.0,3127.0,1958.0,1601.0,1604.0,1651.0,1757.0,1668.0,1554.0,1535.0,1385.0,vips
