From router 0 to router 0,From router 0 to router 1,From router 0 to router 2,From router 0 to router 3,From router 0 to router 4,From router 0 to router 5,From router 0 to router 6,From router 0 to router 7,From router 0 to router 8,From router 0 to router 9,From router 0 to router 10,From router 0 to router 11,From router 0 to router 12,From router 0 to router 13,From router 0 to router 14,From router 0 to router 15,From router 1 to router 0,From router 1 to router 1,From router 1 to router 2,From router 1 to router 3,From router 1 to router 4,From router 1 to router 5,From router 1 to router 6,From router 1 to router 7,From router 1 to router 8,From router 1 to router 9,From router 1 to router 10,From router 1 to router 11,From router 1 to router 12,From router 1 to router 13,From router 1 to router 14,From router 1 to router 15,From router 2 to router 0,From router 2 to router 1,From router 2 to router 2,From router 2 to router 3,From router 2 to router 4,From router 2 to router 5,From router 2 to router 6,From router 2 to router 7,From router 2 to router 8,From router 2 to router 9,From router 2 to router 10,From router 2 to router 11,From router 2 to router 12,From router 2 to router 13,From router 2 to router 14,From router 2 to router 15,From router 3 to router 0,From router 3 to router 1,From router 3 to router 2,From router 3 to router 3,From router 3 to router 4,From router 3 to router 5,From router 3 to router 6,From router 3 to router 7,From router 3 to router 8,From router 3 to router 9,From router 3 to router 10,From router 3 to router 11,From router 3 to router 12,From router 3 to router 13,From router 3 to router 14,From router 3 to router 15,From router 4 to router 0,From router 4 to router 1,From router 4 to router 2,From router 4 to router 3,From router 4 to router 4,From router 4 to router 5,From router 4 to router 6,From router 4 to router 7,From router 4 to router 8,From router 4 to router 9,From router 4 to router 10,From router 4 to router 11,From router 4 to router 12,From router 4 to router 13,From router 4 to router 14,From router 4 to router 15,From router 5 to router 0,From router 5 to router 1,From router 5 to router 2,From router 5 to router 3,From router 5 to router 4,From router 5 to router 5,From router 5 to router 6,From router 5 to router 7,From router 5 to router 8,From router 5 to router 9,From router 5 to router 10,From router 5 to router 11,From router 5 to router 12,From router 5 to router 13,From router 5 to router 14,From router 5 to router 15,From router 6 to router 0,From router 6 to router 1,From router 6 to router 2,From router 6 to router 3,From router 6 to router 4,From router 6 to router 5,From router 6 to router 6,From router 6 to router 7,From router 6 to router 8,From router 6 to router 9,From router 6 to router 10,From router 6 to router 11,From router 6 to router 12,From router 6 to router 13,From router 6 to router 14,From router 6 to router 15,From router 7 to router 0,From router 7 to router 1,From router 7 to router 2,From router 7 to router 3,From router 7 to router 4,From router 7 to router 5,From router 7 to router 6,From router 7 to router 7,From router 7 to router 8,From router 7 to router 9,From router 7 to router 10,From router 7 to router 11,From router 7 to router 12,From router 7 to router 13,From router 7 to router 14,From router 7 to router 15,From router 8 to router 0,From router 8 to router 1,From router 8 to router 2,From router 8 to router 3,From router 8 to router 4,From router 8 to router 5,From router 8 to router 6,From router 8 to router 7,From router 8 to router 8,From router 8 to router 9,From router 8 to router 10,From router 8 to router 11,From router 8 to router 12,From router 8 to router 13,From router 8 to router 14,From router 8 to router 15,From router 9 to router 0,From router 9 to router 1,From router 9 to router 2,From router 9 to router 3,From router 9 to router 4,From router 9 to router 5,From router 9 to router 6,From router 9 to router 7,From router 9 to router 8,From router 9 to router 9,From router 9 to router 10,From router 9 to router 11,From router 9 to router 12,From router 9 to router 13,From router 9 to router 14,From router 9 to router 15,From router 10 to router 0,From router 10 to router 1,From router 10 to router 2,From router 10 to router 3,From router 10 to router 4,From router 10 to router 5,From router 10 to router 6,From router 10 to router 7,From router 10 to router 8,From router 10 to router 9,From router 10 to router 10,From router 10 to router 11,From router 10 to router 12,From router 10 to router 13,From router 10 to router 14,From router 10 to router 15,From router 11 to router 0,From router 11 to router 1,From router 11 to router 2,From router 11 to router 3,From router 11 to router 4,From router 11 to router 5,From router 11 to router 6,From router 11 to router 7,From router 11 to router 8,From router 11 to router 9,From router 11 to router 10,From router 11 to router 11,From router 11 to router 12,From router 11 to router 13,From router 11 to router 14,From router 11 to router 15,From router 12 to router 0,From router 12 to router 1,From router 12 to router 2,From router 12 to router 3,From router 12 to router 4,From router 12 to router 5,From router 12 to router 6,From router 12 to router 7,From router 12 to router 8,From router 12 to router 9,From router 12 to router 10,From router 12 to router 11,From router 12 to router 12,From router 12 to router 13,From router 12 to router 14,From router 12 to router 15,From router 13 to router 0,From router 13 to router 1,From router 13 to router 2,From router 13 to router 3,From router 13 to router 4,From router 13 to router 5,From router 13 to router 6,From router 13 to router 7,From router 13 to router 8,From router 13 to router 9,From router 13 to router 10,From router 13 to router 11,From router 13 to router 12,From router 13 to router 13,From router 13 to router 14,From router 13 to router 15,From router 14 to router 0,From router 14 to router 1,From router 14 to router 2,From router 14 to router 3,From router 14 to router 4,From router 14 to router 5,From router 14 to router 6,From router 14 to router 7,From router 14 to router 8,From router 14 to router 9,From router 14 to router 10,From router 14 to router 11,From router 14 to router 12,From router 14 to router 13,From router 14 to router 14,From router 14 to router 15,From router 15 to router 0,From router 15 to router 1,From router 15 to router 2,From router 15 to router 3,From router 15 to router 4,From router 15 to router 5,From router 15 to router 6,From router 15 to router 7,From router 15 to router 8,From router 15 to router 9,From router 15 to router 10,From router 15 to router 11,From router 15 to router 12,From router 15 to router 13,From router 15 to router 14,From router 15 to router 15,Applications (Label Classes)
786.0,693.0,648.0,702.0,833.0,660.0,605.0,620.0,636.0,642.0,839.0,1983.0,818.0,667.0,688.0,690.0,48.0,27.0,29.0,32.0,100.0,32.0,29.0,29.0,30.0,31.0,138.0,709.0,122.0,30.0,30.0,31.0,30.0,19.0,20.0,25.0,99.0,23.0,25.0,20.0,22.0,20.0,156.0,711.0,129.0,21.0,23.0,24.0,34.0,23.0,21.0,22.0,86.0,24.0,23.0,24.0,20.0,21.0,155.0,716.0,118.0,24.0,22.0,21.0,54.0,33.0,41.0,31.0,128.0,34.0,26.0,31.0,25.0,23.0,145.0,727.0,193.0,24.0,32.0,38.0,41.0,28.0,27.0,26.0,88.0,26.0,29.0,27.0,28.0,29.0,133.0,739.0,124.0,29.0,28.0,28.0,28.0,21.0,21.0,22.0,66.0,22.0,21.0,25.0,22.0,24.0,136.0,737.0,101.0,22.0,21.0,22.0,23.0,17.0,18.0,18.0,75.0,18.0,19.0,19.0,22.0,19.0,159.0,690.0,105.0,19.0,19.0,18.0,32.0,22.0,24.0,24.0,80.0,25.0,24.0,25.0,24.0,27.0,142.0,735.0,127.0,24.0,24.0,26.0,33.0,25.0,25.0,26.0,77.0,25.0,26.0,25.0,26.0,25.0,153.0,710.0,128.0,28.0,25.0,25.0,49.0,32.0,31.0,29.0,103.0,36.0,32.0,35.0,32.0,31.0,158.0,735.0,327.0,36.0,43.0,35.0,23.0,15.0,16.0,18.0,71.0,16.0,16.0,14.0,17.0,17.0,160.0,732.0,130.0,19.0,20.0,21.0,36.0,34.0,23.0,21.0,203.0,32.0,27.0,22.0,22.0,24.0,174.0,724.0,106.0,31.0,24.0,34.0,41.0,29.0,24.0,24.0,95.0,24.0,25.0,25.0,27.0,25.0,138.0,848.0,117.0,25.0,32.0,27.0,31.0,21.0,21.0,18.0,192.0,18.0,19.0,19.0,19.0,20.0,141.0,720.0,113.0,21.0,18.0,21.0,37.0,28.0,26.0,27.0,133.0,24.0,24.0,24.0,24.0,24.0,176.0,846.0,149.0,25.0,25.0,25.0,streamcluster
2147.0,204.0,1407.0,1291.0,1118.0,1405.0,988.0,863.0,912.0,844.0,1038.0,741.0,1078.0,2183.0,1260.0,1013.0,399.0,14.0,563.0,412.0,384.0,479.0,312.0,430.0,368.0,402.0,352.0,324.0,386.0,1074.0,496.0,346.0,682.0,30.0,887.0,729.0,785.0,692.0,559.0,596.0,633.0,593.0,638.0,463.0,706.0,1991.0,671.0,682.0,763.0,23.0,881.0,561.0,577.0,651.0,543.0,705.0,623.0,662.0,618.0,463.0,528.0,1666.0,660.0,631.0,1017.0,13.0,1053.0,885.0,674.0,731.0,745.0,713.0,751.0,676.0,748.0,699.0,611.0,2124.0,763.0,681.0,997.0,45.0,952.0,834.0,704.0,683.0,700.0,719.0,856.0,671.0,777.0,486.0,671.0,2228.0,767.0,693.0,606.0,14.0,776.0,661.0,556.0,660.0,428.0,463.0,631.0,646.0,570.0,371.0,453.0,1822.0,530.0,526.0,477.0,6.0,618.0,547.0,625.0,514.0,353.0,435.0,491.0,443.0,520.0,344.0,498.0,1413.0,455.0,401.0,585.0,13.0,688.0,537.0,587.0,535.0,453.0,471.0,531.0,508.0,512.0,370.0,505.0,1283.0,708.0,469.0,429.0,13.0,599.0,562.0,424.0,475.0,424.0,296.0,507.0,472.0,400.0,299.0,412.0,1237.0,340.0,403.0,567.0,15.0,825.0,626.0,613.0,617.0,629.0,552.0,640.0,712.0,575.0,465.0,589.0,1500.0,645.0,564.0,452.0,14.0,689.0,536.0,376.0,523.0,434.0,419.0,481.0,446.0,665.0,373.0,349.0,1162.0,521.0,568.0,606.0,33.0,1057.0,653.0,536.0,588.0,557.0,645.0,598.0,569.0,655.0,482.0,449.0,1556.0,675.0,510.0,991.0,61.0,1156.0,980.0,896.0,923.0,671.0,722.0,652.0,619.0,761.0,630.0,523.0,1180.0,791.0,710.0,577.0,31.0,850.0,569.0,528.0,547.0,442.0,477.0,600.0,401.0,511.0,471.0,574.0,1558.0,519.0,407.0,711.0,15.0,934.0,795.0,776.0,692.0,645.0,543.0,733.0,681.0,620.0,690.0,577.0,1602.0,606.0,563.0,streamcluster
5747.0,1674.0,1765.0,2176.0,2639.0,3211.0,2241.0,2109.0,1370.0,1393.0,1588.0,1595.0,1635.0,1960.0,1736.0,3566.0,1271.0,878.0,752.0,1016.0,1429.0,1104.0,1038.0,1298.0,992.0,892.0,2578.0,1569.0,1022.0,1185.0,952.0,1146.0,1410.0,1059.0,780.0,2840.0,1327.0,1219.0,1118.0,1932.0,1180.0,1162.0,1121.0,1036.0,1259.0,1264.0,1147.0,1208.0,1718.0,1294.0,3146.0,985.0,1827.0,1630.0,1398.0,1957.0,1476.0,1451.0,1416.0,1437.0,1330.0,1373.0,1265.0,1279.0,2293.0,1603.0,1528.0,1959.0,1994.0,1927.0,1553.0,1956.0,1691.0,1699.0,2220.0,1950.0,3035.0,1714.0,1575.0,1784.0,1987.0,1149.0,958.0,1364.0,1811.0,971.0,2557.0,1420.0,2028.0,1243.0,1082.0,1084.0,1093.0,1219.0,1199.0,1358.0,2134.0,1012.0,946.0,1077.0,1384.0,2923.0,630.0,1053.0,1560.0,960.0,1006.0,913.0,853.0,1094.0,857.0,1704.0,1543.0,1266.0,1811.0,1941.0,1460.0,1403.0,1297.0,1015.0,995.0,1808.0,1440.0,2948.0,1233.0,1263.0,1172.0,1240.0,1283.0,1082.0,1120.0,1051.0,1423.0,1757.0,1771.0,1334.0,690.0,2824.0,1005.0,926.0,1722.0,1033.0,1216.0,1208.0,911.0,1009.0,980.0,1004.0,1199.0,885.0,884.0,1674.0,2698.0,471.0,780.0,1323.0,1494.0,833.0,957.0,795.0,1231.0,2681.0,999.0,1169.0,2113.0,1218.0,1284.0,1308.0,1158.0,1295.0,802.0,1814.0,1532.0,1124.0,1289.0,1052.0,1140.0,1427.0,840.0,998.0,1215.0,1036.0,984.0,2843.0,884.0,1600.0,1918.0,818.0,976.0,934.0,912.0,796.0,1182.0,1193.0,1104.0,1205.0,2764.0,1018.0,934.0,1190.0,1713.0,1703.0,1601.0,1148.0,715.0,1184.0,1078.0,936.0,1136.0,1348.0,1127.0,1127.0,1230.0,943.0,896.0,981.0,918.0,859.0,890.0,851.0,1081.0,627.0,1006.0,925.0,1171.0,1043.0,1198.0,985.0,1313.0,1096.0,810.0,1250.0,935.0,881.0,1093.0,1110.0,1011.0,1049.0,705.0,992.0,3111.0,1265.0,1113.0,1363.0,1572.0,1405.0,1618.0,1456.0,1093.0,1033.0,1067.0,1266.0,1074.0,1002.0,1085.0,840.0,streamcluster
9518.0,2913.0,3080.0,3835.0,4506.0,5514.0,3602.0,3113.0,2196.0,2529.0,2724.0,2545.0,2690.0,3209.0,2940.0,5779.0,2184.0,1527.0,1381.0,1746.0,2401.0,1841.0,1753.0,2336.0,1750.0,1567.0,4113.0,2580.0,1725.0,2001.0,1632.0,1838.0,2280.0,1919.0,1271.0,5000.0,2453.0,2106.0,1813.0,3232.0,1713.0,2121.0,1885.0,1744.0,2214.0,1864.0,1731.0,2135.0,2880.0,2114.0,4987.0,1661.0,3007.0,2543.0,2414.0,3229.0,2541.0,2373.0,2328.0,2368.0,2291.0,2333.0,2410.0,2023.0,4129.0,2590.0,2616.0,3214.0,3118.0,3349.0,2492.0,2807.0,2768.0,3136.0,4049.0,3295.0,5118.0,2805.0,2802.0,2695.0,3483.0,2334.0,1794.0,2350.0,3014.0,1569.0,4467.0,2203.0,3295.0,2344.0,1986.0,1882.0,1853.0,2110.0,1898.0,2080.0,3562.0,1724.0,1618.0,1898.0,2315.0,4762.0,1020.0,1758.0,2600.0,1718.0,1614.0,1654.0,1475.0,1878.0,1503.0,2763.0,2670.0,2228.0,3140.0,3339.0,2424.0,2391.0,2105.0,1598.0,1813.0,3171.0,2426.0,4701.0,2075.0,2094.0,1974.0,1995.0,2151.0,1914.0,1779.0,1852.0,2233.0,2788.0,2918.0,1996.0,1115.0,4741.0,1844.0,1740.0,3095.0,1817.0,1977.0,2017.0,1630.0,1713.0,1453.0,1885.0,2051.0,1572.0,1623.0,2871.0,4658.0,805.0,1301.0,1846.0,2642.0,1612.0,1662.0,1449.0,2044.0,4196.0,1819.0,2048.0,3786.0,1978.0,1972.0,2029.0,1879.0,2040.0,1461.0,2741.0,2803.0,1943.0,2034.0,1742.0,1663.0,2271.0,1479.0,1599.0,2094.0,1798.0,1830.0,4299.0,1435.0,2546.0,3033.0,1334.0,1503.0,1482.0,1515.0,1438.0,1948.0,1768.0,1987.0,1834.0,4645.0,1809.0,1569.0,2108.0,2965.0,2931.0,2866.0,1746.0,1253.0,1713.0,1757.0,1585.0,2077.0,1998.0,1886.0,1925.0,1985.0,1470.0,1398.0,1787.0,1642.0,1706.0,1636.0,1449.0,1699.0,1014.0,1575.0,1588.0,2043.0,1720.0,1944.0,1772.0,2256.0,1805.0,1431.0,1797.0,1612.0,1555.0,1653.0,1675.0,1815.0,1831.0,1178.0,1677.0,5155.0,1923.0,2073.0,2503.0,2415.0,2060.0,2599.0,2142.0,1743.0,1992.0,1914.0,1891.0,1825.0,1705.0,1900.0,1345.0,streamcluster
9587.0,3118.0,3107.0,3543.0,4384.0,5354.0,3753.0,3432.0,2347.0,2442.0,2465.0,2678.0,2550.0,3075.0,3044.0,5656.0,2386.0,1495.0,1334.0,1688.0,2345.0,1855.0,1665.0,2083.0,1743.0,1416.0,4380.0,2836.0,1741.0,2028.0,1768.0,1738.0,2098.0,1785.0,1299.0,4754.0,2253.0,2199.0,1908.0,3106.0,1908.0,1888.0,1681.0,1807.0,2124.0,2032.0,1781.0,2271.0,2733.0,2284.0,5057.0,1595.0,3141.0,2765.0,2266.0,3219.0,2373.0,2429.0,2278.0,2206.0,2180.0,2351.0,2208.0,2011.0,3716.0,2547.0,2562.0,3079.0,3173.0,3254.0,2852.0,3108.0,2740.0,2854.0,3988.0,3275.0,4977.0,2882.0,2693.0,2689.0,3421.0,1929.0,1984.0,2235.0,2885.0,1611.0,4628.0,2299.0,3284.0,2229.0,1969.0,2028.0,1706.0,2025.0,1756.0,2204.0,3243.0,1717.0,1531.0,1803.0,2655.0,4826.0,1049.0,1848.0,2741.0,1696.0,1569.0,1706.0,1514.0,1762.0,1558.0,2851.0,2684.0,2339.0,3072.0,3180.0,2439.0,2397.0,1990.0,1772.0,1599.0,3146.0,2384.0,4950.0,1949.0,2330.0,2080.0,1962.0,2094.0,1950.0,2068.0,1750.0,2266.0,2803.0,3094.0,2069.0,1185.0,4615.0,1576.0,1590.0,3154.0,1858.0,1958.0,1875.0,1543.0,1656.0,1444.0,1806.0,1919.0,1431.0,1773.0,2784.0,4824.0,758.0,1301.0,2110.0,2407.0,1350.0,1582.0,1444.0,2067.0,4587.0,1718.0,2077.0,3830.0,1896.0,2056.0,2087.0,1866.0,2003.0,1317.0,2872.0,2668.0,1956.0,2080.0,1745.0,1732.0,2370.0,1547.0,1419.0,2161.0,1892.0,1655.0,4615.0,1526.0,2564.0,3224.0,1353.0,1390.0,1643.0,1617.0,1392.0,1940.0,1817.0,1908.0,1674.0,4534.0,1686.0,1785.0,1995.0,3114.0,2598.0,2869.0,1737.0,1155.0,1788.0,1728.0,1785.0,2318.0,2197.0,1721.0,1897.0,2059.0,1376.0,1526.0,1832.0,1467.0,1413.0,1621.0,1558.0,1555.0,984.0,1677.0,1481.0,2084.0,1808.0,2179.0,1844.0,2155.0,1690.0,1428.0,1949.0,1745.0,1540.0,1699.0,1654.0,1739.0,1774.0,1179.0,1732.0,4810.0,1934.0,2113.0,2237.0,2563.0,2157.0,2673.0,2265.0,1698.0,1713.0,1705.0,2074.0,1979.0,1641.0,1961.0,1417.0,streamcluster
9499.0,2991.0,3009.0,4008.0,4410.0,5613.0,3498.0,3498.0,2278.0,2362.0,2459.0,2637.0,2557.0,2942.0,2990.0,5688.0,2233.0,1473.0,1475.0,1805.0,2315.0,1938.0,1765.0,2109.0,1763.0,1491.0,4121.0,2528.0,1750.0,1900.0,1564.0,1757.0,2160.0,2067.0,1322.0,4887.0,2544.0,2147.0,2123.0,3052.0,1710.0,2032.0,1824.0,1639.0,1796.0,2199.0,1760.0,2048.0,2833.0,2032.0,5050.0,1659.0,3074.0,2847.0,2332.0,3273.0,2471.0,2461.0,2163.0,2392.0,2248.0,2411.0,2469.0,2095.0,3789.0,2559.0,2698.0,3186.0,3208.0,3272.0,2699.0,2762.0,2799.0,2936.0,3993.0,3289.0,5052.0,2764.0,2602.0,2458.0,3656.0,2066.0,1830.0,2328.0,2857.0,1584.0,4658.0,2064.0,3411.0,2247.0,1884.0,1891.0,1875.0,2092.0,1690.0,2219.0,3288.0,1670.0,1539.0,1774.0,2368.0,4872.0,1035.0,1889.0,2664.0,1760.0,1826.0,1600.0,1424.0,1737.0,1581.0,2715.0,2684.0,2232.0,3097.0,3384.0,2387.0,2265.0,2035.0,1657.0,1690.0,3065.0,2127.0,4700.0,2083.0,2179.0,2011.0,2034.0,2050.0,1962.0,1868.0,1974.0,2274.0,3074.0,2961.0,1937.0,1167.0,4527.0,1558.0,1633.0,2880.0,1720.0,1869.0,1815.0,1600.0,1579.0,1402.0,1782.0,2170.0,1437.0,1663.0,2838.0,4445.0,764.0,1306.0,2105.0,2584.0,1548.0,1484.0,1318.0,2110.0,4252.0,1922.0,2112.0,4009.0,2091.0,2202.0,2038.0,1833.0,2045.0,1282.0,2756.0,2786.0,1730.0,1833.0,1607.0,1844.0,2298.0,1525.0,1558.0,2187.0,1758.0,1627.0,4329.0,1468.0,2773.0,2906.0,1361.0,1363.0,1404.0,1578.0,1368.0,2094.0,1885.0,2033.0,1854.0,4742.0,1668.0,1633.0,1838.0,3026.0,2738.0,2897.0,1728.0,1144.0,1690.0,1779.0,1489.0,1995.0,1986.0,1963.0,1986.0,2070.0,1402.0,1510.0,1866.0,1550.0,1505.0,1471.0,1575.0,1659.0,990.0,1663.0,1555.0,1997.0,1846.0,1964.0,1818.0,2277.0,1718.0,1518.0,1918.0,1559.0,1522.0,1543.0,1717.0,1748.0,1669.0,1169.0,1607.0,4840.0,1824.0,2163.0,2393.0,2537.0,2305.0,2567.0,2345.0,1745.0,1827.0,1671.0,1924.0,1673.0,1786.0,1808.0,1316.0,streamcluster
9675.0,3002.0,2970.0,3612.0,4350.0,5541.0,3397.0,3622.0,2455.0,2454.0,2582.0,2812.0,2643.0,3002.0,2800.0,5887.0,2259.0,1508.0,1370.0,1822.0,2300.0,1864.0,1750.0,2053.0,1695.0,1630.0,4326.0,2709.0,1885.0,2077.0,1659.0,1743.0,2412.0,1867.0,1281.0,4761.0,2434.0,2078.0,1881.0,3285.0,1834.0,1996.0,1785.0,1809.0,2014.0,2162.0,1672.0,2009.0,2682.0,2244.0,5050.0,1603.0,3090.0,2696.0,2413.0,3233.0,2269.0,2422.0,2236.0,2374.0,2291.0,2287.0,2363.0,2088.0,3778.0,2670.0,2573.0,3169.0,3004.0,3360.0,2371.0,3117.0,2872.0,2851.0,3633.0,3402.0,4998.0,2692.0,2647.0,2822.0,3490.0,2231.0,1911.0,2216.0,2730.0,1592.0,4347.0,2454.0,3463.0,2254.0,1900.0,1968.0,1796.0,2105.0,1692.0,2204.0,3279.0,1724.0,1454.0,1870.0,2273.0,4612.0,1000.0,1905.0,2526.0,1643.0,1563.0,1625.0,1592.0,1648.0,1388.0,3062.0,2761.0,2298.0,3301.0,3259.0,2458.0,2355.0,2051.0,1731.0,1676.0,3098.0,2334.0,4821.0,2110.0,2079.0,2033.0,1894.0,2074.0,1926.0,1874.0,1949.0,2321.0,2864.0,2830.0,2097.0,1217.0,4633.0,1515.0,1610.0,2965.0,1697.0,2020.0,1972.0,1633.0,1701.0,1491.0,1816.0,1996.0,1512.0,1553.0,2793.0,4694.0,786.0,1345.0,2105.0,2535.0,1494.0,1600.0,1410.0,2174.0,4410.0,1683.0,2084.0,3532.0,2073.0,1912.0,2071.0,1837.0,1956.0,1316.0,3008.0,2908.0,1780.0,1881.0,1812.0,1798.0,2360.0,1567.0,1612.0,2044.0,1864.0,1561.0,4499.0,1397.0,2558.0,3283.0,1442.0,1479.0,1573.0,1577.0,1485.0,1972.0,2137.0,1849.0,1831.0,4502.0,1686.0,1758.0,1927.0,3043.0,2854.0,2835.0,1820.0,1197.0,1772.0,1734.0,1812.0,2111.0,2107.0,1909.0,1890.0,1960.0,1522.0,1476.0,1738.0,1517.0,1460.0,1487.0,1610.0,1771.0,975.0,1601.0,1661.0,1944.0,1916.0,1861.0,1766.0,2159.0,1660.0,1323.0,2021.0,1662.0,1490.0,1653.0,1769.0,1804.0,1841.0,1159.0,1610.0,4962.0,1964.0,1995.0,2332.0,2552.0,2243.0,2648.0,2233.0,2026.0,1767.0,1827.0,2013.0,1952.0,1679.0,1839.0,1380.0,streamcluster
5575.0,1706.0,1852.0,2189.0,2662.0,3189.0,2121.0,1821.0,1159.0,1241.0,1492.0,1495.0,1660.0,1892.0,1646.0,3114.0,1275.0,797.0,770.0,965.0,1352.0,1095.0,985.0,1136.0,933.0,783.0,2386.0,1495.0,1027.0,1104.0,931.0,930.0,1323.0,1140.0,719.0,2636.0,1342.0,1151.0,1097.0,1647.0,991.0,1081.0,953.0,945.0,1034.0,1063.0,954.0,1231.0,1750.0,1259.0,2604.0,870.0,1664.0,1408.0,1476.0,1715.0,1323.0,1239.0,1232.0,1224.0,1380.0,1348.0,1209.0,1269.0,2213.0,1587.0,1368.0,1746.0,1871.0,1846.0,1597.0,1810.0,1473.0,1605.0,2175.0,1848.0,2821.0,1609.0,1413.0,1530.0,2120.0,1062.0,1073.0,1251.0,1696.0,872.0,2318.0,1256.0,1642.0,1246.0,1082.0,1038.0,1036.0,1231.0,905.0,1191.0,1735.0,972.0,860.0,1094.0,1248.0,2561.0,581.0,955.0,1472.0,863.0,963.0,877.0,834.0,1071.0,809.0,1572.0,1536.0,1200.0,1699.0,1677.0,1478.0,1272.0,1167.0,1053.0,911.0,1809.0,1331.0,2691.0,1257.0,1197.0,1131.0,1121.0,1114.0,994.0,1129.0,1006.0,1343.0,1469.0,1622.0,1137.0,588.0,2399.0,1026.0,966.0,1734.0,1004.0,957.0,953.0,864.0,852.0,794.0,861.0,1122.0,828.0,874.0,1660.0,2329.0,419.0,779.0,1253.0,1297.0,857.0,1044.0,677.0,1222.0,2439.0,897.0,1138.0,2089.0,1070.0,1233.0,1194.0,1060.0,1060.0,735.0,1670.0,1508.0,1040.0,1093.0,870.0,1021.0,1290.0,792.0,896.0,1189.0,958.0,942.0,2539.0,762.0,1545.0,1755.0,759.0,800.0,930.0,677.0,779.0,1061.0,1022.0,1048.0,961.0,2570.0,956.0,938.0,1090.0,1629.0,1491.0,1495.0,1010.0,652.0,951.0,975.0,1116.0,1247.0,1067.0,1049.0,1107.0,1137.0,879.0,845.0,1051.0,802.0,899.0,806.0,702.0,857.0,561.0,850.0,793.0,1101.0,1109.0,1038.0,951.0,1217.0,858.0,832.0,1191.0,823.0,831.0,937.0,934.0,913.0,987.0,576.0,858.0,2587.0,1064.0,1085.0,1327.0,1403.0,1163.0,1571.0,1170.0,890.0,1027.0,1002.0,1158.0,1109.0,1017.0,1034.0,767.0,streamcluster
5454.0,1844.0,1512.0,2244.0,2560.0,3254.0,2077.0,1900.0,1483.0,1497.0,1524.0,1566.0,1614.0,1906.0,1823.0,3392.0,1357.0,861.0,797.0,968.0,1426.0,1174.0,1069.0,1370.0,1042.0,845.0,2587.0,1627.0,1107.0,1338.0,944.0,1048.0,1305.0,1172.0,672.0,2939.0,1363.0,1288.0,1126.0,1799.0,1159.0,1025.0,1091.0,1047.0,1166.0,1274.0,1223.0,1257.0,1622.0,1256.0,2982.0,1002.0,1876.0,1746.0,1398.0,1867.0,1469.0,1450.0,1453.0,1431.0,1403.0,1466.0,1344.0,1226.0,2236.0,1617.0,1270.0,1929.0,1886.0,1874.0,1538.0,1468.0,1696.0,1520.0,2352.0,1940.0,3156.0,1805.0,1665.0,1652.0,2120.0,1250.0,947.0,1353.0,1537.0,975.0,2877.0,1340.0,2128.0,1240.0,1183.0,1202.0,1044.0,1372.0,1171.0,1195.0,2045.0,1174.0,934.0,1026.0,1423.0,2976.0,641.0,1191.0,1698.0,920.0,1032.0,1020.0,841.0,1189.0,878.0,1690.0,1672.0,1247.0,1827.0,1938.0,1489.0,1294.0,1388.0,982.0,991.0,1933.0,1390.0,3140.0,1301.0,1370.0,1229.0,1167.0,1344.0,1158.0,1055.0,1229.0,1403.0,1848.0,1727.0,1109.0,753.0,2613.0,1027.0,877.0,1800.0,1153.0,1243.0,1039.0,1013.0,959.0,817.0,1012.0,1086.0,890.0,954.0,1682.0,2713.0,471.0,920.0,1256.0,1481.0,964.0,1012.0,874.0,1299.0,2711.0,879.0,1269.0,2477.0,1229.0,1171.0,1181.0,1073.0,1230.0,822.0,1774.0,1722.0,1120.0,1171.0,1068.0,1111.0,1432.0,595.0,1008.0,1290.0,1111.0,1027.0,2898.0,815.0,1601.0,1928.0,821.0,988.0,986.0,967.0,801.0,1144.0,1180.0,1090.0,1140.0,2853.0,1018.0,989.0,1259.0,1687.0,1627.0,1681.0,1073.0,725.0,1175.0,1016.0,1032.0,1279.0,1272.0,1058.0,1207.0,1231.0,939.0,914.0,1245.0,931.0,866.0,907.0,881.0,1066.0,627.0,990.0,948.0,1151.0,1130.0,1035.0,1068.0,1332.0,1048.0,882.0,1167.0,979.0,871.0,1003.0,1019.0,1012.0,1181.0,718.0,1045.0,3009.0,1196.0,1187.0,1429.0,1591.0,1295.0,1723.0,1202.0,1164.0,1053.0,1038.0,1174.0,1193.0,977.0,1167.0,784.0,streamcluster
8848.0,2933.0,2810.0,3319.0,3796.0,5188.0,3762.0,3470.0,2231.0,2238.0,2377.0,2571.0,2272.0,2982.0,2925.0,5437.0,2317.0,1484.0,1250.0,1695.0,2178.0,1741.0,1696.0,2142.0,1566.0,1502.0,4366.0,2666.0,1713.0,1917.0,1637.0,1884.0,2071.0,1783.0,1265.0,4791.0,2299.0,2108.0,2131.0,3137.0,1726.0,1962.0,1711.0,1622.0,1778.0,2000.0,1808.0,1887.0,2876.0,2066.0,4970.0,1571.0,3219.0,2762.0,2243.0,3140.0,2350.0,2334.0,2282.0,2346.0,2216.0,2229.0,2348.0,2225.0,3415.0,2423.0,2521.0,3249.0,2967.0,2980.0,2793.0,3091.0,2642.0,2746.0,3780.0,3194.0,4846.0,2504.0,2654.0,2492.0,3103.0,1874.0,1756.0,2311.0,2864.0,1547.0,4679.0,2392.0,3127.0,2051.0,1810.0,2147.0,1576.0,2053.0,1735.0,2033.0,3295.0,1694.0,1599.0,1854.0,2488.0,4897.0,1066.0,1900.0,2725.0,1702.0,1639.0,1668.0,1482.0,1670.0,1460.0,2685.0,2381.0,2046.0,3240.0,3347.0,2385.0,2222.0,2244.0,1790.0,1620.0,3092.0,2263.0,4777.0,1928.0,2000.0,1856.0,2066.0,1940.0,1842.0,1888.0,1745.0,2200.0,2776.0,3090.0,2097.0,1140.0,4618.0,1712.0,1683.0,3104.0,1709.0,1848.0,1718.0,1450.0,1604.0,1555.0,1674.0,1972.0,1315.0,1759.0,2876.0,4467.0,754.0,1347.0,2016.0,2309.0,1495.0,1705.0,1358.0,1983.0,4481.0,1782.0,2011.0,3567.0,1880.0,2111.0,2211.0,1741.0,1925.0,1301.0,2814.0,2685.0,1795.0,1929.0,1549.0,1654.0,2282.0,1347.0,1546.0,2006.0,1866.0,1779.0,4590.0,1325.0,2673.0,3019.0,1378.0,1270.0,1567.0,1515.0,1281.0,1776.0,1805.0,1778.0,1754.0,4573.0,1474.0,1784.0,1905.0,2910.0,2641.0,2756.0,1684.0,1130.0,1968.0,1734.0,1614.0,2076.0,1994.0,1818.0,1851.0,1833.0,1466.0,1441.0,1837.0,1383.0,1404.0,1489.0,1442.0,1595.0,1000.0,1644.0,1621.0,1902.0,1716.0,1965.0,1930.0,2120.0,1572.0,1364.0,1948.0,1693.0,1604.0,1646.0,1675.0,1748.0,1581.0,1151.0,1644.0,4899.0,1803.0,1849.0,2345.0,2500.0,2135.0,2784.0,2386.0,1700.0,1858.0,1740.0,1898.0,1704.0,1799.0,1977.0,1232.0,streamcluster
3290.0,925.0,1021.0,1238.0,1475.0,1993.0,1173.0,1307.0,886.0,865.0,845.0,986.0,943.0,1147.0,1025.0,1815.0,833.0,474.0,491.0,550.0,771.0,561.0,570.0,635.0,544.0,503.0,1326.0,814.0,634.0,680.0,457.0,566.0,744.0,646.0,409.0,1528.0,812.0,713.0,581.0,1087.0,578.0,785.0,675.0,573.0,620.0,625.0,530.0,680.0,983.0,663.0,1597.0,520.0,1033.0,826.0,825.0,1025.0,797.0,859.0,732.0,774.0,804.0,780.0,840.0,751.0,1334.0,798.0,812.0,1052.0,1022.0,1084.0,819.0,1164.0,887.0,1022.0,1224.0,1082.0,1592.0,959.0,826.0,1006.0,1154.0,669.0,598.0,751.0,1007.0,537.0,1206.0,886.0,970.0,837.0,622.0,583.0,585.0,788.0,625.0,829.0,1088.0,526.0,498.0,654.0,697.0,1287.0,316.0,540.0,805.0,643.0,528.0,652.0,553.0,598.0,466.0,914.0,935.0,613.0,1078.0,1107.0,820.0,788.0,709.0,600.0,574.0,1038.0,777.0,1487.0,612.0,709.0,606.0,639.0,779.0,598.0,544.0,600.0,797.0,883.0,815.0,733.0,377.0,1484.0,599.0,482.0,950.0,613.0,644.0,615.0,558.0,471.0,514.0,595.0,585.0,551.0,587.0,941.0,1504.0,249.0,432.0,701.0,806.0,510.0,483.0,519.0,729.0,1308.0,627.0,674.0,1169.0,695.0,659.0,734.0,633.0,649.0,433.0,865.0,915.0,665.0,609.0,553.0,627.0,716.0,460.0,508.0,751.0,569.0,607.0,1479.0,474.0,809.0,962.0,439.0,485.0,506.0,483.0,419.0,641.0,636.0,519.0,622.0,1419.0,573.0,572.0,659.0,1016.0,861.0,864.0,591.0,412.0,587.0,647.0,507.0,701.0,739.0,531.0,647.0,630.0,493.0,521.0,540.0,483.0,527.0,495.0,486.0,562.0,340.0,514.0,648.0,750.0,560.0,653.0,549.0,664.0,564.0,462.0,627.0,524.0,492.0,565.0,544.0,616.0,527.0,364.0,573.0,1522.0,603.0,677.0,760.0,925.0,736.0,841.0,807.0,628.0,724.0,570.0,613.0,644.0,551.0,704.0,459.0,streamcluster
5679.0,1851.0,1833.0,2443.0,2764.0,3421.0,2287.0,2230.0,1467.0,1557.0,1498.0,1459.0,1546.0,1708.0,1848.0,3435.0,1354.0,946.0,865.0,1030.0,1487.0,1100.0,949.0,1346.0,1098.0,918.0,2609.0,1640.0,1068.0,1129.0,985.0,1192.0,1458.0,1069.0,811.0,2790.0,1400.0,1306.0,1258.0,1953.0,1176.0,1214.0,1057.0,1151.0,1345.0,1179.0,1186.0,1149.0,1930.0,1285.0,2906.0,988.0,1916.0,1585.0,1480.0,1913.0,1459.0,1462.0,1432.0,1475.0,1420.0,1466.0,1475.0,1263.0,2545.0,1587.0,1563.0,1931.0,1960.0,1812.0,1695.0,1981.0,1720.0,1856.0,2363.0,1908.0,3127.0,1412.0,1582.0,1567.0,2065.0,1283.0,1226.0,1238.0,1733.0,945.0,2750.0,1481.0,2087.0,1458.0,1173.0,1039.0,1148.0,1152.0,1027.0,1298.0,2076.0,1168.0,1073.0,1116.0,1459.0,2907.0,648.0,1196.0,1613.0,1149.0,985.0,923.0,970.0,992.0,903.0,1561.0,1871.0,1281.0,1867.0,1991.0,1426.0,1323.0,1359.0,1114.0,1045.0,1936.0,1299.0,2836.0,1267.0,1106.0,1244.0,1215.0,1272.0,1269.0,1243.0,1087.0,1415.0,1756.0,1864.0,1271.0,736.0,2781.0,1050.0,996.0,1738.0,1031.0,1167.0,1058.0,974.0,1072.0,805.0,1016.0,1155.0,902.0,1154.0,1766.0,2717.0,464.0,767.0,1189.0,1584.0,869.0,1043.0,801.0,1310.0,2673.0,1162.0,1263.0,2220.0,1264.0,1236.0,1313.0,1266.0,1057.0,792.0,1692.0,1842.0,1029.0,1219.0,987.0,1055.0,1418.0,929.0,967.0,1361.0,1050.0,1092.0,2712.0,980.0,1458.0,1746.0,817.0,745.0,927.0,841.0,737.0,1183.0,1106.0,1134.0,1065.0,2907.0,1052.0,1160.0,1255.0,1709.0,1583.0,1794.0,1062.0,714.0,1143.0,1150.0,1065.0,1193.0,1202.0,1228.0,1236.0,1145.0,877.0,954.0,1113.0,995.0,865.0,969.0,863.0,1047.0,575.0,985.0,950.0,1231.0,1129.0,1244.0,1084.0,1398.0,1010.0,841.0,1188.0,964.0,1042.0,1064.0,915.0,1087.0,1007.0,707.0,927.0,3055.0,1122.0,1270.0,1348.0,1613.0,1368.0,1660.0,1469.0,1155.0,1188.0,1085.0,1056.0,1047.0,975.0,1037.0,817.0,streamcluster
2321.0,267.0,1180.0,1223.0,1104.0,1471.0,871.0,1078.0,832.0,848.0,1013.0,847.0,1061.0,2835.0,1143.0,1006.0,538.0,12.0,372.0,367.0,338.0,425.0,386.0,418.0,316.0,335.0,345.0,300.0,463.0,1542.0,427.0,393.0,718.0,23.0,659.0,559.0,662.0,657.0,597.0,575.0,587.0,622.0,644.0,578.0,770.0,2404.0,714.0,653.0,731.0,46.0,577.0,513.0,590.0,630.0,493.0,605.0,621.0,584.0,669.0,571.0,617.0,2178.0,610.0,580.0,1032.0,17.0,724.0,724.0,752.0,733.0,743.0,785.0,800.0,818.0,835.0,890.0,728.0,2613.0,836.0,689.0,1100.0,41.0,627.0,695.0,729.0,645.0,831.0,745.0,782.0,719.0,707.0,611.0,671.0,2811.0,790.0,690.0,683.0,24.0,516.0,559.0,623.0,626.0,490.0,450.0,612.0,557.0,538.0,638.0,475.0,2703.0,590.0,472.0,676.0,17.0,549.0,390.0,431.0,556.0,481.0,236.0,473.0,364.0,395.0,451.0,397.0,2152.0,464.0,429.0,655.0,12.0,491.0,517.0,520.0,519.0,601.0,404.0,501.0,506.0,526.0,514.0,565.0,1983.0,618.0,540.0,459.0,12.0,418.0,443.0,424.0,413.0,425.0,335.0,446.0,324.0,385.0,436.0,398.0,1777.0,384.0,566.0,647.0,16.0,532.0,609.0,618.0,647.0,579.0,511.0,617.0,652.0,544.0,587.0,630.0,2199.0,592.0,595.0,584.0,12.0,473.0,485.0,509.0,509.0,526.0,438.0,373.0,426.0,460.0,373.0,472.0,2088.0,483.0,480.0,662.0,36.0,728.0,564.0,542.0,589.0,567.0,705.0,668.0,535.0,544.0,567.0,558.0,2384.0,611.0,625.0,842.0,46.0,791.0,929.0,835.0,769.0,792.0,757.0,629.0,610.0,685.0,657.0,698.0,1601.0,679.0,699.0,581.0,33.0,600.0,527.0,547.0,473.0,423.0,575.0,590.0,539.0,550.0,486.0,455.0,2133.0,463.0,442.0,682.0,13.0,579.0,770.0,695.0,619.0,534.0,738.0,744.0,702.0,654.0,662.0,568.0,2333.0,558.0,556.0,streamcluster
9361.0,3090.0,2961.0,3726.0,4256.0,5726.0,3743.0,3389.0,2297.0,2428.0,2652.0,2400.0,2900.0,2966.0,3085.0,5490.0,2259.0,1488.0,1365.0,1716.0,2345.0,1849.0,1673.0,2128.0,1743.0,1625.0,4371.0,2697.0,1858.0,1928.0,1690.0,1752.0,2172.0,1937.0,1246.0,5001.0,2476.0,2122.0,1926.0,3333.0,1805.0,2067.0,1782.0,1607.0,2108.0,2095.0,1685.0,1883.0,2931.0,2076.0,5097.0,1595.0,3206.0,2673.0,2313.0,3348.0,2333.0,2414.0,2315.0,2458.0,2183.0,2260.0,2351.0,2086.0,3583.0,2761.0,2572.0,3279.0,3363.0,3280.0,2843.0,3042.0,2953.0,2945.0,3877.0,3134.0,5294.0,2591.0,2773.0,2609.0,3544.0,2178.0,1741.0,2256.0,2952.0,1613.0,4528.0,2252.0,3450.0,2335.0,1982.0,2040.0,1735.0,2025.0,1730.0,2121.0,3467.0,1720.0,1656.0,1918.0,2521.0,4650.0,1068.0,1807.0,2630.0,1747.0,1735.0,1525.0,1494.0,1743.0,1516.0,2740.0,2658.0,2218.0,3098.0,3388.0,2598.0,2506.0,2186.0,1793.0,1671.0,3495.0,2359.0,4810.0,1841.0,2025.0,1918.0,1936.0,1995.0,2058.0,1924.0,1821.0,2448.0,2856.0,2954.0,1942.0,1168.0,4513.0,1657.0,1729.0,2998.0,1656.0,1940.0,1963.0,1500.0,1726.0,1488.0,1730.0,1930.0,1509.0,1646.0,3084.0,4381.0,769.0,1289.0,1908.0,2537.0,1602.0,1880.0,1340.0,1977.0,4602.0,1727.0,2075.0,3831.0,2030.0,2147.0,2119.0,1917.0,2017.0,1359.0,2773.0,2922.0,1764.0,1886.0,1675.0,1611.0,2342.0,1455.0,1560.0,2046.0,1800.0,1725.0,4517.0,1480.0,2609.0,3256.0,1327.0,1441.0,1519.0,1411.0,1433.0,1926.0,1939.0,1820.0,1702.0,4904.0,1601.0,1778.0,1996.0,2947.0,2799.0,2853.0,1716.0,1220.0,1788.0,1846.0,1660.0,2034.0,1946.0,1951.0,1865.0,1980.0,1536.0,1449.0,1874.0,1439.0,1384.0,1541.0,1556.0,1826.0,981.0,1711.0,1537.0,2046.0,1845.0,2012.0,1889.0,2181.0,1667.0,1448.0,2062.0,1668.0,1516.0,1638.0,1584.0,1709.0,1790.0,1161.0,1600.0,4872.0,2152.0,1885.0,2135.0,2611.0,2070.0,2747.0,2094.0,1858.0,1876.0,1794.0,1806.0,1928.0,1593.0,1939.0,1303.0,streamcluster
9697.0,3154.0,2924.0,3599.0,4136.0,5747.0,3470.0,3517.0,2206.0,2655.0,2389.0,2633.0,2633.0,3307.0,2757.0,5768.0,2269.0,1468.0,1312.0,1664.0,2269.0,1786.0,1768.0,2158.0,1646.0,1504.0,4263.0,2764.0,1865.0,2012.0,1682.0,1741.0,2182.0,1881.0,1291.0,4691.0,2345.0,2195.0,1848.0,3202.0,1754.0,1996.0,1807.0,1732.0,1959.0,2180.0,1683.0,1956.0,2749.0,2122.0,4929.0,1588.0,3303.0,2667.0,2182.0,3286.0,2417.0,2335.0,2250.0,2387.0,2257.0,2316.0,2285.0,2145.0,3774.0,2559.0,2526.0,3083.0,3063.0,3075.0,2567.0,3192.0,2719.0,2826.0,3856.0,3183.0,4940.0,2884.0,2558.0,2741.0,3655.0,2078.0,1822.0,2260.0,2663.0,1632.0,4615.0,2360.0,3324.0,2243.0,1882.0,1884.0,1756.0,2280.0,1697.0,1980.0,3336.0,1834.0,1573.0,1813.0,2238.0,4805.0,1019.0,1688.0,2745.0,1682.0,1743.0,1580.0,1561.0,1841.0,1525.0,2774.0,2859.0,2258.0,3150.0,3426.0,2528.0,2304.0,2062.0,1806.0,1757.0,3055.0,2309.0,4790.0,1712.0,2205.0,1855.0,1970.0,2039.0,2078.0,1936.0,1918.0,2242.0,2831.0,2972.0,1988.0,1119.0,4608.0,1691.0,1607.0,2905.0,1841.0,1749.0,1737.0,1738.0,1615.0,1552.0,1757.0,1900.0,1606.0,1644.0,2846.0,4381.0,781.0,1240.0,2010.0,2600.0,1448.0,1758.0,1236.0,2034.0,4398.0,1843.0,1969.0,3567.0,2082.0,2084.0,2107.0,1870.0,1983.0,1319.0,2785.0,2728.0,1886.0,1834.0,1718.0,1855.0,2286.0,1384.0,1584.0,1967.0,1719.0,1701.0,4574.0,1360.0,2534.0,3165.0,1335.0,1347.0,1683.0,1361.0,1390.0,2000.0,2054.0,1738.0,1709.0,4498.0,1704.0,1801.0,1763.0,2916.0,2820.0,2806.0,1719.0,1167.0,1870.0,1625.0,1564.0,2067.0,1958.0,1966.0,1891.0,2081.0,1486.0,1568.0,1952.0,1623.0,1380.0,1559.0,1460.0,1573.0,997.0,1533.0,1654.0,1983.0,1772.0,1941.0,1858.0,2259.0,1618.0,1390.0,2001.0,1575.0,1536.0,1593.0,1651.0,1685.0,1696.0,1118.0,1697.0,4972.0,2052.0,2275.0,2267.0,2476.0,2096.0,2590.0,2419.0,1752.0,1835.0,1697.0,1916.0,1755.0,1797.0,1715.0,1306.0,streamcluster
9296.0,3102.0,3091.0,3882.0,4293.0,5452.0,3961.0,3408.0,2200.0,2468.0,2527.0,2727.0,2555.0,3094.0,2793.0,5990.0,2367.0,1480.0,1316.0,1765.0,2387.0,1819.0,1699.0,2163.0,1748.0,1518.0,4227.0,2674.0,1717.0,2066.0,1542.0,1864.0,2315.0,1915.0,1278.0,4976.0,2281.0,1989.0,1930.0,3015.0,1783.0,2093.0,2066.0,1783.0,2235.0,1784.0,1675.0,1890.0,2899.0,2092.0,5253.0,1626.0,3246.0,2639.0,2230.0,3346.0,2367.0,2460.0,2417.0,2360.0,2313.0,2314.0,2395.0,2179.0,3637.0,2614.0,2658.0,3209.0,3056.0,3103.0,2741.0,2770.0,2826.0,2805.0,4010.0,2997.0,5349.0,2716.0,2625.0,2683.0,3460.0,2087.0,1789.0,2313.0,2865.0,1554.0,4659.0,2073.0,3190.0,2358.0,1853.0,1842.0,1800.0,2033.0,1807.0,2174.0,3667.0,1735.0,1683.0,1843.0,2251.0,4814.0,1029.0,1683.0,2606.0,1788.0,1649.0,1557.0,1551.0,1825.0,1414.0,2829.0,2770.0,2190.0,3039.0,3570.0,2374.0,2344.0,1998.0,1644.0,1846.0,2965.0,2282.0,4495.0,1873.0,2131.0,1940.0,1983.0,1954.0,1970.0,1934.0,1953.0,2430.0,2779.0,2969.0,1892.0,1153.0,4748.0,1793.0,1653.0,3264.0,1621.0,1906.0,1834.0,1575.0,1609.0,1539.0,1791.0,1921.0,1610.0,1691.0,2828.0,4788.0,765.0,1324.0,1835.0,2553.0,1404.0,1653.0,1330.0,1964.0,4425.0,1834.0,2160.0,3812.0,1949.0,2156.0,2212.0,2051.0,2064.0,1349.0,2791.0,2839.0,1819.0,1816.0,1700.0,1758.0,2301.0,1377.0,1655.0,2036.0,1670.0,1729.0,4184.0,1504.0,2629.0,3014.0,1335.0,1435.0,1488.0,1368.0,1324.0,1851.0,1864.0,1721.0,1803.0,4929.0,1732.0,1862.0,1831.0,3046.0,2803.0,3041.0,1712.0,1221.0,1934.0,1769.0,1759.0,2183.0,1916.0,1837.0,1903.0,2007.0,1561.0,1563.0,1961.0,1537.0,1403.0,1530.0,1464.0,1583.0,990.0,1620.0,1674.0,1928.0,2118.0,2114.0,1871.0,2191.0,1640.0,1466.0,1824.0,1478.0,1494.0,1585.0,1555.0,1709.0,1825.0,1131.0,1578.0,5318.0,2157.0,2026.0,2315.0,2448.0,2154.0,2680.0,2234.0,1885.0,1809.0,1727.0,1832.0,2009.0,1658.0,1744.0,1341.0,streamcluster
9327.0,2869.0,2951.0,3905.0,4297.0,5425.0,3893.0,3427.0,2369.0,2350.0,2864.0,2455.0,2486.0,3028.0,2643.0,5864.0,2223.0,1484.0,1444.0,1690.0,2332.0,1828.0,1706.0,2148.0,1711.0,1476.0,4364.0,2651.0,1784.0,2158.0,1657.0,1745.0,2333.0,1817.0,1254.0,4865.0,2359.0,2082.0,1971.0,3012.0,1881.0,1971.0,1925.0,1638.0,2094.0,2198.0,1600.0,1938.0,2823.0,2008.0,4951.0,1626.0,3113.0,2701.0,2303.0,3287.0,2403.0,2441.0,2217.0,2485.0,2210.0,2275.0,2365.0,2159.0,3784.0,2528.0,2434.0,3413.0,3096.0,3234.0,2808.0,2874.0,2924.0,2790.0,3818.0,3073.0,4891.0,2619.0,2501.0,2551.0,3452.0,2130.0,1748.0,2231.0,3000.0,1542.0,4484.0,2219.0,3358.0,2180.0,1841.0,1924.0,1821.0,2054.0,1703.0,2064.0,3592.0,1605.0,1528.0,1962.0,2445.0,4765.0,1036.0,1788.0,2632.0,1712.0,1542.0,1721.0,1490.0,1836.0,1410.0,2838.0,2745.0,2131.0,3071.0,3245.0,2423.0,2369.0,2059.0,1698.0,1697.0,3161.0,2302.0,4716.0,2055.0,2000.0,1840.0,2105.0,2024.0,1923.0,1717.0,1845.0,2313.0,2813.0,3034.0,2042.0,1216.0,4428.0,1725.0,1559.0,2956.0,1594.0,1961.0,1884.0,1613.0,1626.0,1494.0,1709.0,2071.0,1405.0,1609.0,2829.0,4457.0,760.0,1350.0,2084.0,2423.0,1438.0,1658.0,1335.0,2098.0,4508.0,1790.0,2028.0,3662.0,2022.0,2065.0,2152.0,1872.0,2017.0,1424.0,2717.0,2741.0,1737.0,1871.0,1709.0,1763.0,2351.0,1344.0,1601.0,2042.0,1822.0,1806.0,4317.0,1499.0,2647.0,3174.0,1299.0,1353.0,1551.0,1480.0,1300.0,1953.0,1948.0,1886.0,1897.0,4592.0,1677.0,1791.0,1988.0,2814.0,2598.0,2888.0,1638.0,1188.0,1905.0,1592.0,1643.0,2065.0,1887.0,1928.0,1807.0,1908.0,1343.0,1485.0,1788.0,1530.0,1439.0,1506.0,1548.0,1835.0,1004.0,1558.0,1603.0,1837.0,1851.0,2066.0,1790.0,2079.0,1618.0,1453.0,1804.0,1630.0,1449.0,1693.0,1629.0,1815.0,1844.0,1101.0,1516.0,5273.0,1895.0,1944.0,2549.0,2459.0,2150.0,2861.0,2242.0,1936.0,1792.0,1825.0,1852.0,1865.0,1526.0,1907.0,1304.0,streamcluster
8481.0,2698.0,2319.0,3435.0,3837.0,4947.0,3554.0,3119.0,2172.0,2263.0,2369.0,2492.0,2285.0,2654.0,2591.0,5363.0,2064.0,1346.0,1114.0,1584.0,2122.0,1711.0,1535.0,1946.0,1654.0,1339.0,3963.0,2460.0,1531.0,1743.0,1508.0,1734.0,2030.0,1803.0,1081.0,4494.0,2098.0,1879.0,1843.0,2768.0,1557.0,1815.0,1719.0,1676.0,1994.0,1901.0,1589.0,1711.0,2517.0,1899.0,4602.0,1519.0,2826.0,2423.0,1992.0,2809.0,2094.0,2216.0,2206.0,1992.0,2172.0,2056.0,2335.0,2061.0,3479.0,2467.0,2098.0,3037.0,2711.0,2867.0,2520.0,2479.0,2570.0,2558.0,3578.0,3079.0,4523.0,2514.0,2464.0,2428.0,2961.0,1819.0,1401.0,2069.0,2706.0,1386.0,4483.0,1868.0,3128.0,1964.0,1855.0,1837.0,1669.0,1727.0,1641.0,1913.0,3023.0,1622.0,1392.0,1659.0,2222.0,4741.0,966.0,1607.0,2484.0,1532.0,1461.0,1637.0,1294.0,1589.0,1351.0,2595.0,2641.0,2053.0,2856.0,3066.0,2003.0,1911.0,1875.0,1455.0,1530.0,2949.0,1982.0,4595.0,1828.0,1984.0,1762.0,1792.0,1917.0,1772.0,1611.0,1692.0,2065.0,2767.0,2798.0,1743.0,1066.0,4493.0,1567.0,1601.0,2865.0,1717.0,1741.0,1626.0,1407.0,1393.0,1207.0,1537.0,1630.0,1309.0,1477.0,2690.0,4537.0,707.0,1197.0,1820.0,2295.0,1329.0,1541.0,1433.0,1795.0,4197.0,1451.0,1851.0,3309.0,1942.0,1984.0,1764.0,1729.0,2021.0,1196.0,2818.0,2410.0,1608.0,1745.0,1567.0,1668.0,1992.0,1199.0,1481.0,1898.0,1781.0,1794.0,4223.0,1357.0,2475.0,2873.0,1321.0,1221.0,1366.0,1402.0,1259.0,1716.0,1798.0,1548.0,1715.0,4103.0,1480.0,1514.0,1701.0,2898.0,2563.0,2508.0,1602.0,1050.0,1860.0,1539.0,1441.0,1965.0,1770.0,1841.0,1763.0,1791.0,1336.0,1236.0,2041.0,1383.0,1235.0,1347.0,1392.0,1416.0,882.0,1427.0,1454.0,1732.0,1681.0,1788.0,1630.0,1962.0,1586.0,1325.0,1786.0,1506.0,1386.0,1498.0,1568.0,1495.0,1576.0,1016.0,1429.0,4667.0,1750.0,1582.0,2297.0,2232.0,1988.0,2599.0,2036.0,1707.0,1833.0,1660.0,1779.0,1714.0,1448.0,1851.0,1171.0,streamcluster
6516.0,2126.0,1976.0,2724.0,2859.0,3667.0,2432.0,2280.0,1737.0,1638.0,1793.0,2039.0,2023.0,2037.0,2103.0,3953.0,1507.0,1040.0,1002.0,1163.0,1698.0,1260.0,1130.0,1414.0,1192.0,1094.0,2977.0,1845.0,1259.0,1328.0,1144.0,1215.0,1532.0,1233.0,887.0,3382.0,1582.0,1470.0,1353.0,2301.0,1343.0,1369.0,1208.0,1103.0,1394.0,1385.0,1312.0,1279.0,1880.0,1598.0,3325.0,1153.0,2001.0,1864.0,1592.0,2207.0,1642.0,1596.0,1612.0,1615.0,1536.0,1668.0,1589.0,1435.0,2522.0,1889.0,1615.0,2164.0,1969.0,2094.0,1976.0,1839.0,1984.0,2008.0,2656.0,2354.0,3500.0,1799.0,1602.0,1790.0,2353.0,1505.0,1184.0,1662.0,1968.0,1106.0,3242.0,1511.0,2412.0,1566.0,1333.0,1364.0,1282.0,1367.0,1171.0,1323.0,2239.0,1240.0,1002.0,1322.0,1594.0,3472.0,723.0,1232.0,1929.0,1255.0,1153.0,1115.0,1038.0,1230.0,1002.0,1891.0,1803.0,1526.0,2267.0,2289.0,1589.0,1528.0,1491.0,1154.0,1226.0,2133.0,1541.0,3262.0,1253.0,1378.0,1271.0,1378.0,1471.0,1291.0,1237.0,1275.0,1602.0,1983.0,2019.0,1351.0,871.0,3273.0,1298.0,1230.0,2143.0,1179.0,1294.0,1226.0,1176.0,1128.0,1014.0,1147.0,1325.0,1124.0,1204.0,1947.0,3183.0,523.0,917.0,1390.0,1762.0,974.0,1179.0,912.0,1410.0,3154.0,1195.0,1452.0,2428.0,1410.0,1481.0,1358.0,1323.0,1361.0,991.0,1910.0,1978.0,1257.0,1355.0,1186.0,1237.0,1619.0,868.0,1121.0,1466.0,1253.0,1229.0,2988.0,1073.0,1782.0,2137.0,992.0,976.0,1076.0,931.0,956.0,1420.0,1190.0,1259.0,1238.0,3151.0,1108.0,1190.0,1345.0,1990.0,1868.0,1950.0,1246.0,895.0,1355.0,1195.0,1223.0,1527.0,1418.0,1358.0,1265.0,1317.0,1015.0,963.0,1200.0,1065.0,927.0,1093.0,1017.0,1049.0,720.0,1132.0,1052.0,1412.0,1225.0,1246.0,1346.0,1369.0,1113.0,944.0,1395.0,1127.0,974.0,1130.0,1188.0,1301.0,1193.0,794.0,1153.0,3492.0,1383.0,1248.0,1741.0,1710.0,1441.0,1910.0,1524.0,1273.0,1196.0,1181.0,1346.0,1332.0,1142.0,1406.0,898.0,streamcluster
9256.0,2595.0,3030.0,3663.0,4264.0,5464.0,3561.0,3568.0,2202.0,2461.0,2711.0,2746.0,2573.0,3100.0,2865.0,5385.0,2178.0,1519.0,1276.0,1658.0,2237.0,1871.0,1535.0,2336.0,1696.0,1493.0,3979.0,2649.0,1907.0,2050.0,1794.0,1710.0,2230.0,1601.0,1312.0,4306.0,2388.0,2037.0,2007.0,3015.0,1900.0,1988.0,1978.0,1784.0,2014.0,2062.0,1740.0,2023.0,2823.0,2067.0,4373.0,1669.0,3124.0,2793.0,2422.0,2990.0,2507.0,2479.0,2198.0,2215.0,2360.0,2557.0,2390.0,2292.0,3854.0,2383.0,2581.0,3174.0,3192.0,3191.0,2799.0,3136.0,2584.0,2877.0,3721.0,3439.0,4485.0,2656.0,2744.0,2794.0,3332.0,2059.0,1730.0,2287.0,2902.0,1624.0,4177.0,2490.0,3056.0,2202.0,1964.0,2111.0,1603.0,2091.0,1701.0,2210.0,3258.0,1614.0,1560.0,1932.0,2485.0,4591.0,1063.0,1957.0,2456.0,1749.0,1702.0,1687.0,1468.0,1784.0,1513.0,2654.0,2679.0,2165.0,2958.0,3109.0,2611.0,2364.0,2229.0,1759.0,1686.0,3008.0,2380.0,4312.0,1954.0,1942.0,1971.0,1990.0,2000.0,1967.0,1878.0,1860.0,2251.0,2702.0,2772.0,2048.0,1104.0,4097.0,1759.0,1620.0,2642.0,1700.0,1928.0,1979.0,1608.0,1501.0,1461.0,1899.0,2025.0,1417.0,1670.0,2619.0,3841.0,774.0,1382.0,1773.0,2289.0,1551.0,1690.0,1425.0,2211.0,3982.0,1928.0,2159.0,3487.0,2203.0,2236.0,2160.0,1696.0,2096.0,1478.0,2778.0,2572.0,1899.0,1950.0,1751.0,1795.0,2165.0,1476.0,1640.0,2044.0,1824.0,1804.0,3992.0,1347.0,2402.0,3094.0,1438.0,1272.0,1499.0,1560.0,1458.0,2005.0,1953.0,1954.0,1778.0,4230.0,1488.0,1664.0,1911.0,2513.0,2662.0,2611.0,1742.0,1153.0,1787.0,1835.0,1769.0,1964.0,1994.0,1931.0,1970.0,1905.0,1461.0,1484.0,1880.0,1465.0,1328.0,1653.0,1540.0,1641.0,1059.0,1580.0,1689.0,1880.0,1828.0,2034.0,1849.0,2336.0,1616.0,1462.0,2104.0,1648.0,1619.0,1621.0,1804.0,1701.0,1828.0,1184.0,1713.0,4598.0,1687.0,2090.0,2501.0,2528.0,2129.0,2515.0,2260.0,1667.0,2027.0,1899.0,2085.0,1867.0,1816.0,1962.0,1396.0,streamcluster
7032.0,2127.0,2146.0,2883.0,3234.0,4025.0,1819.0,2351.0,1782.0,1787.0,2090.0,1995.0,1944.0,2273.0,2214.0,2129.0,1608.0,1068.0,953.0,1320.0,1610.0,1253.0,1196.0,1587.0,1270.0,1112.0,1081.0,1246.0,1382.0,1383.0,1122.0,1300.0,1707.0,1372.0,873.0,1406.0,1692.0,1481.0,1441.0,1272.0,1285.0,1294.0,1264.0,1247.0,1503.0,1500.0,1272.0,1423.0,2213.0,1675.0,1549.0,1233.0,2268.0,1877.0,1700.0,1486.0,1750.0,1716.0,1761.0,1665.0,1607.0,1619.0,1613.0,1538.0,2888.0,1790.0,1741.0,2449.0,2344.0,2238.0,2034.0,1871.0,2051.0,1847.0,2081.0,2362.0,1784.0,2043.0,1970.0,2025.0,2743.0,1324.0,1263.0,1683.0,2063.0,1139.0,1463.0,1483.0,1668.0,1705.0,1481.0,1360.0,1230.0,1421.0,1268.0,1438.0,1618.0,1256.0,1082.0,1356.0,1626.0,1590.0,810.0,1396.0,1297.0,1133.0,1231.0,1214.0,1089.0,1260.0,1086.0,1204.0,1903.0,1558.0,1399.0,1499.0,1700.0,1761.0,1521.0,1103.0,1303.0,1296.0,1616.0,1457.0,1486.0,1474.0,1418.0,1471.0,1619.0,1370.0,1260.0,1249.0,1833.0,1272.0,1439.0,1485.0,844.0,1328.0,1230.0,1184.0,1360.0,1281.0,1432.0,1160.0,1169.0,1159.0,1055.0,1299.0,1476.0,1051.0,1149.0,1173.0,1122.0,540.0,984.0,661.0,962.0,1200.0,1243.0,931.0,1696.0,1333.0,1160.0,1602.0,2002.0,1404.0,1521.0,1349.0,1303.0,1464.0,1075.0,1359.0,1314.0,1276.0,1350.0,1337.0,1311.0,992.0,983.0,1117.0,1470.0,1296.0,1335.0,1237.0,1189.0,1068.0,1333.0,998.0,982.0,1172.0,1024.0,948.0,1354.0,1326.0,1402.0,1284.0,1545.0,1088.0,1198.0,1419.0,1295.0,1138.0,1268.0,1267.0,852.0,1355.0,1307.0,1168.0,1473.0,1400.0,1373.0,1321.0,1444.0,1076.0,1117.0,1345.0,1141.0,971.0,1183.0,1109.0,1220.0,757.0,1190.0,1081.0,1477.0,1329.0,1341.0,1417.0,1493.0,1198.0,986.0,1283.0,1077.0,1044.0,1225.0,1231.0,1206.0,1315.0,846.0,1215.0,1629.0,1483.0,1385.0,1676.0,1836.0,1475.0,1225.0,1496.0,1274.0,1228.0,1504.0,1393.0,1365.0,1207.0,1328.0,878.0,streamcluster
8294.0,2376.0,2449.0,3245.0,3525.0,4833.0,2060.0,2874.0,1992.0,1956.0,1991.0,2320.0,2132.0,2733.0,2281.0,2490.0,1810.0,1242.0,1146.0,1447.0,1800.0,1478.0,1540.0,1845.0,1482.0,1226.0,1149.0,1248.0,1460.0,1692.0,1424.0,1560.0,1879.0,1529.0,1088.0,1563.0,1950.0,1736.0,1491.0,1564.0,1634.0,1736.0,1506.0,1412.0,1723.0,1832.0,1336.0,1582.0,2480.0,1764.0,1843.0,1386.0,2580.0,2261.0,2047.0,1719.0,1909.0,1986.0,1881.0,2052.0,1818.0,2049.0,1861.0,1762.0,3239.0,2051.0,2143.0,2716.0,2418.0,2699.0,2162.0,2538.0,2279.0,2322.0,2367.0,2735.0,1861.0,2276.0,2061.0,2226.0,3077.0,1680.0,1492.0,2031.0,2454.0,1273.0,1558.0,1767.0,1906.0,1765.0,1609.0,1591.0,1453.0,1696.0,1344.0,1589.0,1918.0,1379.0,1335.0,1554.0,1994.0,1825.0,848.0,1501.0,1247.0,1413.0,1334.0,1352.0,1192.0,1467.0,1141.0,1327.0,2374.0,1799.0,1716.0,1893.0,2033.0,1840.0,1792.0,1429.0,1570.0,1622.0,1854.0,1709.0,1676.0,1771.0,1576.0,1583.0,1781.0,1592.0,1505.0,1611.0,1802.0,1533.0,1532.0,1784.0,988.0,1463.0,1408.0,1361.0,1324.0,1520.0,1596.0,1465.0,1355.0,1381.0,1174.0,1290.0,1714.0,1199.0,1324.0,1515.0,1327.0,608.0,1185.0,807.0,1074.0,1330.0,1352.0,1171.0,1731.0,1582.0,1463.0,1675.0,2210.0,1797.0,1633.0,1805.0,1465.0,1732.0,1101.0,1441.0,1415.0,1561.0,1715.0,1378.0,1536.0,1102.0,1172.0,1408.0,1719.0,1554.0,1363.0,1470.0,1393.0,1138.0,1470.0,1166.0,1103.0,1296.0,1245.0,970.0,1657.0,1818.0,1446.0,1537.0,1636.0,1375.0,1283.0,1881.0,1434.0,1298.0,1478.0,1446.0,938.0,1461.0,1295.0,1178.0,1751.0,1546.0,1592.0,1528.0,1510.0,1154.0,1288.0,1607.0,1360.0,1137.0,1219.0,1172.0,1428.0,837.0,1506.0,1398.0,1683.0,1570.0,1587.0,1489.0,1767.0,1269.0,1244.0,1584.0,1205.0,1114.0,1429.0,1263.0,1475.0,1375.0,965.0,1223.0,1858.0,1582.0,1665.0,1861.0,2026.0,1890.0,1366.0,1865.0,1491.0,1603.0,1557.0,1605.0,1419.0,1429.0,1453.0,1035.0,streamcluster
5444.0,1825.0,1892.0,2237.0,2589.0,3405.0,1550.0,2066.0,1533.0,1293.0,1443.0,1707.0,1560.0,1729.0,1835.0,1935.0,1352.0,908.0,787.0,1097.0,1260.0,1053.0,1025.0,1313.0,1093.0,818.0,826.0,836.0,1030.0,1308.0,958.0,1141.0,1388.0,1084.0,823.0,1179.0,1561.0,1418.0,1124.0,1065.0,1093.0,1198.0,1124.0,1093.0,1188.0,1171.0,1163.0,1360.0,1724.0,1302.0,1314.0,981.0,1751.0,1612.0,1411.0,1158.0,1393.0,1469.0,1434.0,1517.0,1344.0,1320.0,1375.0,1213.0,2182.0,1419.0,1803.0,1950.0,2050.0,2132.0,1536.0,1627.0,1852.0,1673.0,1680.0,2089.0,1440.0,1565.0,1686.0,1693.0,2011.0,1173.0,1274.0,1362.0,1866.0,970.0,1193.0,1365.0,1491.0,1310.0,1218.0,1202.0,1011.0,1059.0,1131.0,1365.0,1267.0,1007.0,979.0,1182.0,1525.0,1322.0,615.0,1155.0,1021.0,1009.0,1080.0,952.0,956.0,982.0,987.0,981.0,1526.0,1193.0,1302.0,1106.0,1461.0,1566.0,1325.0,989.0,945.0,1239.0,1296.0,1257.0,1343.0,1166.0,1321.0,1176.0,1149.0,1161.0,1123.0,1145.0,1494.0,1193.0,1137.0,1074.0,747.0,1029.0,975.0,992.0,1069.0,1018.0,1258.0,1196.0,994.0,914.0,974.0,1076.0,1344.0,983.0,972.0,1094.0,1036.0,474.0,819.0,607.0,745.0,864.0,1025.0,754.0,1213.0,1075.0,1164.0,1223.0,1693.0,1300.0,1220.0,1196.0,1170.0,1251.0,807.0,1216.0,1077.0,1042.0,1234.0,997.0,1036.0,806.0,878.0,942.0,1308.0,1102.0,1080.0,1121.0,889.0,973.0,1102.0,895.0,748.0,958.0,971.0,932.0,1192.0,1208.0,968.0,1067.0,1251.0,1010.0,1042.0,1137.0,1202.0,955.0,1160.0,1020.0,685.0,999.0,990.0,1084.0,1311.0,1119.0,1197.0,1169.0,1097.0,854.0,746.0,1132.0,902.0,916.0,936.0,923.0,872.0,580.0,1036.0,1114.0,1252.0,1091.0,1244.0,1150.0,1389.0,1067.0,852.0,1176.0,1029.0,975.0,975.0,1020.0,877.0,1081.0,737.0,1032.0,1238.0,1243.0,1214.0,1525.0,1630.0,1465.0,1034.0,1269.0,1200.0,981.0,1044.0,1259.0,1103.0,1118.0,1138.0,873.0,streamcluster
2137.0,280.0,1099.0,1229.0,1005.0,1328.0,911.0,872.0,814.0,778.0,823.0,838.0,1014.0,2730.0,1076.0,1078.0,469.0,10.0,236.0,271.0,338.0,342.0,255.0,362.0,317.0,344.0,281.0,266.0,320.0,1474.0,332.0,371.0,696.0,17.0,526.0,478.0,660.0,627.0,581.0,558.0,552.0,516.0,548.0,506.0,608.0,2313.0,547.0,591.0,737.0,21.0,505.0,442.0,567.0,686.0,573.0,384.0,597.0,483.0,484.0,530.0,499.0,2107.0,571.0,459.0,942.0,21.0,702.0,790.0,644.0,710.0,682.0,682.0,681.0,679.0,555.0,809.0,722.0,2551.0,708.0,616.0,1006.0,34.0,620.0,737.0,650.0,580.0,604.0,677.0,752.0,630.0,538.0,697.0,617.0,2743.0,568.0,699.0,564.0,14.0,516.0,510.0,523.0,576.0,377.0,431.0,422.0,448.0,428.0,454.0,438.0,2515.0,434.0,430.0,562.0,20.0,414.0,385.0,384.0,418.0,355.0,312.0,274.0,372.0,624.0,428.0,350.0,2070.0,407.0,345.0,576.0,16.0,509.0,472.0,417.0,388.0,465.0,403.0,362.0,399.0,419.0,357.0,429.0,1938.0,543.0,593.0,401.0,22.0,313.0,411.0,372.0,342.0,365.0,369.0,379.0,324.0,660.0,229.0,342.0,1783.0,369.0,330.0,521.0,22.0,538.0,470.0,530.0,530.0,528.0,507.0,546.0,911.0,437.0,705.0,480.0,2048.0,624.0,489.0,563.0,16.0,365.0,405.0,365.0,576.0,392.0,560.0,362.0,331.0,476.0,460.0,335.0,1846.0,368.0,376.0,604.0,28.0,565.0,520.0,513.0,490.0,563.0,447.0,514.0,488.0,490.0,507.0,452.0,2148.0,567.0,513.0,788.0,38.0,653.0,773.0,801.0,584.0,608.0,603.0,545.0,620.0,592.0,612.0,645.0,1484.0,645.0,594.0,548.0,40.0,547.0,473.0,430.0,399.0,357.0,437.0,441.0,345.0,511.0,401.0,467.0,1920.0,377.0,389.0,704.0,20.0,542.0,737.0,621.0,612.0,484.0,549.0,800.0,578.0,502.0,583.0,626.0,2051.0,533.0,526.0,streamcluster
9819.0,2764.0,3187.0,3655.0,4371.0,5433.0,2723.0,3625.0,2488.0,2405.0,2616.0,2823.0,2770.0,3404.0,2991.0,3141.0,2148.0,1548.0,1437.0,1550.0,2331.0,2062.0,1624.0,2277.0,1797.0,1638.0,1551.0,1368.0,1972.0,2090.0,1646.0,1934.0,2446.0,1857.0,1326.0,1916.0,2408.0,2192.0,2074.0,2144.0,1932.0,2159.0,1813.0,1769.0,2033.0,2324.0,1801.0,2000.0,2871.0,2034.0,2173.0,1657.0,3107.0,2728.0,2472.0,2145.0,2530.0,2410.0,2359.0,2378.0,2366.0,2408.0,2265.0,2126.0,3915.0,2422.0,2569.0,3334.0,3281.0,3128.0,2798.0,3316.0,2829.0,2982.0,2943.0,3545.0,2462.0,3104.0,2818.0,2680.0,3559.0,2062.0,1938.0,2325.0,2995.0,1542.0,1910.0,2489.0,2372.0,2262.0,1951.0,1988.0,1885.0,2355.0,1793.0,2101.0,2116.0,1668.0,1575.0,1968.0,2571.0,2123.0,1084.0,2048.0,1727.0,1829.0,1654.0,1685.0,1562.0,1873.0,1536.0,1663.0,2981.0,2161.0,2088.0,2089.0,2888.0,2393.0,2504.0,1771.0,1773.0,1897.0,2375.0,2063.0,2098.0,2319.0,2090.0,1989.0,2186.0,1844.0,1847.0,2024.0,2256.0,1696.0,2151.0,2012.0,1240.0,1818.0,1795.0,1736.0,1804.0,1941.0,1987.0,1808.0,1665.0,1735.0,1611.0,1739.0,2043.0,1532.0,1838.0,1804.0,1674.0,764.0,1481.0,912.0,1271.0,1666.0,1866.0,1393.0,2221.0,1830.0,1745.0,2011.0,2677.0,2197.0,2203.0,2198.0,2088.0,2238.0,1377.0,1863.0,1849.0,1902.0,2024.0,1684.0,1785.0,1297.0,1382.0,1589.0,2318.0,1785.0,1827.0,1992.0,1480.0,1485.0,2015.0,1412.0,1419.0,1668.0,1611.0,1269.0,1971.0,2053.0,2005.0,1885.0,2168.0,1714.0,1761.0,2085.0,1822.0,1602.0,1997.0,1917.0,1215.0,1906.0,1734.0,1647.0,2090.0,2089.0,1978.0,1847.0,2075.0,1697.0,1495.0,1989.0,1548.0,1394.0,1589.0,1531.0,1715.0,1032.0,1733.0,1752.0,1942.0,1894.0,2047.0,1842.0,2317.0,1662.0,1537.0,1971.0,1745.0,1555.0,1631.0,1717.0,1847.0,1964.0,1232.0,1680.0,2337.0,1897.0,2066.0,2366.0,2687.0,2160.0,1759.0,2248.0,1900.0,1869.0,1846.0,2042.0,1822.0,1860.0,2005.0,1398.0,streamcluster
9860.0,2858.0,3045.0,3897.0,4523.0,5914.0,2601.0,3477.0,2334.0,2301.0,2610.0,2652.0,2669.0,3332.0,2895.0,2922.0,2239.0,1497.0,1375.0,1760.0,2271.0,1699.0,1653.0,2337.0,1740.0,1502.0,1413.0,1432.0,1901.0,2012.0,1790.0,1806.0,2223.0,1949.0,1306.0,2015.0,2483.0,2148.0,1852.0,1910.0,1873.0,2024.0,1892.0,1795.0,2174.0,2249.0,1799.0,1846.0,3049.0,2119.0,2174.0,1704.0,3278.0,2728.0,2517.0,2132.0,2437.0,2525.0,2197.0,2352.0,2198.0,2435.0,2259.0,2287.0,3989.0,2421.0,2720.0,3335.0,3365.0,3278.0,2944.0,3117.0,2883.0,2963.0,2800.0,3046.0,2437.0,2914.0,2783.0,2633.0,3698.0,1913.0,1892.0,2274.0,3068.0,1600.0,2047.0,2426.0,2240.0,2248.0,1963.0,1913.0,1825.0,2063.0,1753.0,1925.0,2294.0,1656.0,1576.0,1994.0,2581.0,2206.0,1055.0,1898.0,1600.0,1715.0,1731.0,1609.0,1523.0,1821.0,1500.0,1613.0,2636.0,2212.0,2041.0,2098.0,2619.0,2365.0,2090.0,1793.0,1673.0,2119.0,2471.0,2059.0,1944.0,2288.0,2073.0,1974.0,2240.0,1835.0,1976.0,2029.0,2495.0,1754.0,1996.0,1973.0,1148.0,1923.0,1677.0,1856.0,1765.0,1716.0,1829.0,1846.0,1580.0,1533.0,1573.0,1655.0,2126.0,1432.0,1697.0,1920.0,1845.0,802.0,1432.0,848.0,1212.0,1632.0,1760.0,1458.0,2115.0,1808.0,1803.0,2105.0,2660.0,2095.0,2097.0,2250.0,1881.0,2150.0,1412.0,1805.0,1879.0,1811.0,1834.0,1782.0,1838.0,1334.0,1454.0,1589.0,2050.0,1903.0,1758.0,1849.0,1512.0,1384.0,1958.0,1332.0,1468.0,1609.0,1432.0,1314.0,2053.0,1881.0,1946.0,1892.0,2035.0,1760.0,1762.0,1875.0,1614.0,1636.0,1780.0,1744.0,1142.0,1860.0,1743.0,1633.0,2303.0,2000.0,1958.0,2012.0,2168.0,1581.0,1592.0,1883.0,1537.0,1516.0,1520.0,1503.0,1530.0,1029.0,1668.0,1565.0,1924.0,1764.0,2144.0,1796.0,2187.0,1689.0,1333.0,2192.0,1546.0,1598.0,1753.0,1710.0,1626.0,1907.0,1159.0,1512.0,2294.0,1905.0,1982.0,2544.0,2527.0,2130.0,1524.0,2142.0,1965.0,1959.0,1843.0,1843.0,1803.0,1708.0,1915.0,1278.0,streamcluster
7614.0,2701.0,2297.0,3117.0,3400.0,4426.0,1960.0,2998.0,1980.0,2117.0,2120.0,2189.0,2225.0,2585.0,2310.0,2509.0,1948.0,1183.0,1059.0,1286.0,2032.0,1606.0,1284.0,1891.0,1364.0,1208.0,1232.0,1310.0,1418.0,1606.0,1543.0,1358.0,1797.0,1429.0,1036.0,1546.0,1892.0,1600.0,1565.0,1509.0,1554.0,1697.0,1445.0,1561.0,1636.0,1803.0,1517.0,1616.0,2347.0,1724.0,1829.0,1323.0,2401.0,2064.0,1914.0,1734.0,1938.0,2009.0,1843.0,1865.0,1851.0,1953.0,1826.0,1629.0,2650.0,2260.0,2094.0,2587.0,2551.0,2440.0,2215.0,2483.0,2442.0,2336.0,2378.0,2611.0,2087.0,2396.0,2183.0,2143.0,2870.0,1772.0,1508.0,1831.0,2275.0,1170.0,1512.0,1791.0,1902.0,1807.0,1608.0,1477.0,1365.0,1742.0,1430.0,1703.0,1690.0,1433.0,1360.0,1505.0,2079.0,1703.0,858.0,1427.0,1181.0,1289.0,1412.0,1307.0,1221.0,1525.0,1274.0,1332.0,2128.0,1856.0,1540.0,1725.0,2054.0,1759.0,1888.0,1371.0,1383.0,1566.0,1890.0,1632.0,1507.0,1901.0,1670.0,1546.0,1596.0,1637.0,1494.0,1535.0,1929.0,1393.0,1462.0,1717.0,979.0,1454.0,1446.0,1298.0,1409.0,1409.0,1542.0,1625.0,1245.0,1268.0,1300.0,1344.0,1549.0,1210.0,1331.0,1420.0,1317.0,624.0,1030.0,709.0,1079.0,1361.0,1335.0,1223.0,1540.0,1534.0,1368.0,1729.0,2282.0,1736.0,1735.0,1777.0,1584.0,1698.0,1128.0,1582.0,1547.0,1528.0,1534.0,1491.0,1439.0,1306.0,1076.0,1245.0,1687.0,1294.0,1309.0,1590.0,1345.0,1351.0,1489.0,1122.0,1155.0,1316.0,1180.0,1107.0,1573.0,1577.0,1530.0,1472.0,1777.0,1286.0,1425.0,1338.0,1492.0,1249.0,1608.0,1278.0,962.0,1545.0,1477.0,1410.0,1683.0,1625.0,1485.0,1641.0,1699.0,1149.0,1123.0,1614.0,1267.0,1117.0,1339.0,1295.0,1398.0,808.0,1259.0,1326.0,1580.0,1478.0,1551.0,1407.0,1837.0,1347.0,1210.0,1595.0,1248.0,1333.0,1388.0,1379.0,1467.0,1519.0,954.0,1197.0,1652.0,1648.0,1603.0,1928.0,2110.0,1718.0,1181.0,1782.0,1552.0,1564.0,1445.0,1610.0,1575.0,1317.0,1384.0,1137.0,streamcluster
5810.0,1917.0,2043.0,2564.0,2742.0,3583.0,1555.0,2171.0,1631.0,1660.0,1620.0,1758.0,1573.0,2037.0,2186.0,2088.0,1350.0,983.0,983.0,1101.0,1527.0,1195.0,1009.0,1392.0,1055.0,1045.0,967.0,957.0,1169.0,1300.0,1196.0,1196.0,1451.0,1256.0,935.0,1267.0,1659.0,1570.0,1329.0,1247.0,1408.0,1353.0,1217.0,1208.0,1131.0,1502.0,1254.0,1355.0,1819.0,1397.0,1445.0,1068.0,2019.0,1839.0,1534.0,1292.0,1631.0,1565.0,1590.0,1481.0,1460.0,1490.0,1357.0,1487.0,2285.0,1676.0,1820.0,2141.0,1988.0,2018.0,1738.0,1880.0,1779.0,1784.0,1799.0,2200.0,1607.0,1916.0,1846.0,1814.0,2269.0,1318.0,1454.0,1484.0,1737.0,1021.0,1225.0,1482.0,1509.0,1481.0,1214.0,1260.0,1087.0,1441.0,1132.0,1342.0,1397.0,1082.0,1277.0,1240.0,1511.0,1292.0,712.0,1263.0,1003.0,1055.0,1137.0,1355.0,914.0,1247.0,1010.0,1050.0,1735.0,1449.0,1250.0,1380.0,1547.0,1355.0,1480.0,1063.0,1029.0,1315.0,1521.0,1230.0,1316.0,1563.0,1389.0,1200.0,1360.0,1179.0,1341.0,1345.0,1450.0,1121.0,1244.0,1316.0,796.0,1123.0,1098.0,1068.0,1180.0,1249.0,1215.0,1347.0,1048.0,1132.0,1038.0,1086.0,1207.0,981.0,1049.0,1196.0,1146.0,506.0,895.0,545.0,862.0,1025.0,1258.0,804.0,1323.0,1264.0,1153.0,1517.0,1674.0,1219.0,1425.0,1338.0,1236.0,1307.0,950.0,1144.0,1077.0,1378.0,1406.0,1061.0,1081.0,894.0,953.0,1023.0,1597.0,1217.0,1252.0,1146.0,961.0,967.0,1158.0,918.0,810.0,1117.0,1030.0,996.0,1259.0,1342.0,1234.0,1203.0,1305.0,1017.0,1116.0,1241.0,1121.0,1080.0,1229.0,1159.0,768.0,1167.0,1201.0,1166.0,1404.0,1282.0,1276.0,1318.0,1369.0,1092.0,888.0,1271.0,1058.0,1010.0,1028.0,1014.0,1095.0,694.0,1163.0,1035.0,1299.0,1211.0,1391.0,1218.0,1436.0,1094.0,990.0,1420.0,1003.0,1065.0,1115.0,1173.0,1147.0,1190.0,833.0,1073.0,1390.0,1262.0,1372.0,1620.0,1626.0,1426.0,944.0,1318.0,1184.0,1183.0,1162.0,1319.0,1199.0,1223.0,1423.0,896.0,streamcluster
9849.0,3107.0,3075.0,3991.0,4423.0,5988.0,2660.0,3776.0,2703.0,2516.0,2818.0,2589.0,2845.0,3300.0,3039.0,3396.0,2231.0,1625.0,1466.0,1864.0,2514.0,1808.0,1817.0,2302.0,1884.0,1684.0,1505.0,1555.0,1886.0,2215.0,1707.0,1989.0,2435.0,1981.0,1375.0,2074.0,2421.0,2317.0,2118.0,1910.0,2095.0,2056.0,2066.0,1786.0,2107.0,2232.0,1863.0,2253.0,3081.0,2319.0,2311.0,1742.0,3314.0,2841.0,2489.0,2226.0,2462.0,2572.0,2310.0,2395.0,2351.0,2606.0,2397.0,2265.0,3966.0,2754.0,2607.0,3398.0,3124.0,3205.0,2866.0,3130.0,3164.0,2982.0,3081.0,3269.0,2625.0,3029.0,2884.0,2876.0,3866.0,2226.0,1945.0,2357.0,3003.0,1606.0,1965.0,2462.0,2515.0,2214.0,2057.0,2239.0,1889.0,2372.0,1812.0,2232.0,2418.0,1790.0,1670.0,2052.0,2567.0,2001.0,1080.0,1924.0,1650.0,1784.0,1798.0,1755.0,1645.0,2043.0,1623.0,1882.0,2985.0,2185.0,2107.0,2152.0,2668.0,2299.0,2297.0,1818.0,1740.0,2170.0,2514.0,2326.0,2125.0,2414.0,2092.0,2190.0,2233.0,2129.0,1963.0,1921.0,2485.0,1789.0,2009.0,2169.0,1287.0,1922.0,1896.0,1612.0,1957.0,1830.0,2079.0,2085.0,1654.0,1764.0,1532.0,1881.0,2165.0,1416.0,1807.0,1899.0,1690.0,826.0,1639.0,917.0,1455.0,1683.0,1773.0,1533.0,2153.0,1995.0,1938.0,2222.0,2848.0,2123.0,2379.0,2184.0,2115.0,2258.0,1539.0,1873.0,1927.0,1945.0,2217.0,1931.0,1866.0,1576.0,1394.0,1617.0,2085.0,1915.0,1867.0,1775.0,1556.0,1657.0,2034.0,1428.0,1435.0,1737.0,1518.0,1509.0,2275.0,2080.0,1859.0,1903.0,2134.0,1804.0,1902.0,1993.0,1937.0,1729.0,1954.0,1863.0,1267.0,1940.0,1965.0,1852.0,2105.0,2213.0,2111.0,2183.0,2109.0,1634.0,1630.0,1896.0,1766.0,1544.0,1719.0,1690.0,1722.0,1086.0,1699.0,1960.0,2030.0,1937.0,2160.0,2071.0,2336.0,1720.0,1583.0,2115.0,1737.0,1757.0,1833.0,1817.0,1720.0,2025.0,1259.0,1872.0,2356.0,2115.0,2119.0,2571.0,2688.0,2252.0,1851.0,2442.0,2070.0,1819.0,2021.0,2043.0,2111.0,1911.0,2163.0,1591.0,streamcluster
9776.0,3125.0,2845.0,4030.0,4388.0,5783.0,2647.0,3295.0,2545.0,2308.0,2635.0,2777.0,2553.0,3308.0,3068.0,3031.0,2236.0,1526.0,1388.0,1785.0,2384.0,1909.0,1859.0,2267.0,1741.0,1492.0,1489.0,1598.0,1802.0,1974.0,1701.0,1870.0,2201.0,1986.0,1264.0,1985.0,2416.0,2229.0,1875.0,1972.0,2071.0,1904.0,1827.0,1802.0,1747.0,2280.0,1874.0,1803.0,3161.0,2173.0,2151.0,1662.0,3131.0,2731.0,2319.0,2134.0,2417.0,2474.0,2249.0,2366.0,2321.0,2557.0,2244.0,2203.0,4086.0,2688.0,2485.0,3333.0,3367.0,3308.0,2550.0,2887.0,3048.0,2866.0,3062.0,3539.0,2237.0,3088.0,2762.0,2637.0,3587.0,2106.0,1943.0,2249.0,3007.0,1564.0,1946.0,2208.0,2510.0,2187.0,1843.0,1995.0,1670.0,2223.0,1808.0,2126.0,2237.0,1877.0,1667.0,1884.0,2272.0,2138.0,1046.0,1903.0,1502.0,1744.0,1574.0,1540.0,1587.0,1842.0,1413.0,1624.0,2711.0,2312.0,2029.0,2095.0,2431.0,2333.0,2292.0,1673.0,1799.0,1996.0,2318.0,2024.0,1947.0,2348.0,1973.0,2135.0,2291.0,1952.0,1747.0,1947.0,2484.0,1897.0,1957.0,2044.0,1211.0,1749.0,1871.0,1562.0,1848.0,1873.0,1951.0,1820.0,1635.0,1598.0,1591.0,1695.0,2188.0,1456.0,1585.0,1782.0,1582.0,772.0,1459.0,922.0,1328.0,1607.0,1780.0,1362.0,2052.0,2023.0,1712.0,2168.0,2763.0,2141.0,2114.0,2221.0,1997.0,2150.0,1355.0,1912.0,1666.0,1923.0,1911.0,1570.0,1932.0,1467.0,1308.0,1616.0,2119.0,1784.0,1660.0,1656.0,1531.0,1547.0,1865.0,1392.0,1518.0,1768.0,1591.0,1332.0,2050.0,1716.0,1937.0,1791.0,1945.0,1613.0,1850.0,2046.0,1712.0,1689.0,1670.0,1787.0,1168.0,1837.0,1910.0,1711.0,2122.0,2001.0,1769.0,2000.0,2021.0,1523.0,1518.0,1887.0,1720.0,1538.0,1629.0,1566.0,1820.0,1058.0,1661.0,1639.0,2001.0,1842.0,2035.0,1836.0,2285.0,1581.0,1352.0,1982.0,1658.0,1577.0,1584.0,1729.0,1858.0,1885.0,1191.0,1547.0,2391.0,2079.0,1924.0,2433.0,2640.0,2440.0,1531.0,2248.0,1882.0,1780.0,1903.0,2014.0,1916.0,1877.0,1846.0,1247.0,streamcluster
9435.0,2972.0,2919.0,3715.0,4611.0,5645.0,2582.0,3549.0,2359.0,2415.0,2670.0,2917.0,2880.0,3236.0,3125.0,3112.0,2360.0,1518.0,1512.0,1653.0,2209.0,1750.0,1620.0,2113.0,1619.0,1605.0,1519.0,1549.0,1869.0,2026.0,1664.0,1831.0,2290.0,1847.0,1272.0,1974.0,2487.0,2074.0,2028.0,2061.0,1869.0,2100.0,2046.0,1647.0,2113.0,2162.0,1877.0,2110.0,2932.0,2146.0,2145.0,1651.0,3188.0,2732.0,2237.0,2225.0,2395.0,2474.0,2387.0,2332.0,2311.0,2380.0,2386.0,2099.0,3883.0,2483.0,2579.0,3209.0,3250.0,3238.0,2858.0,3084.0,2915.0,2831.0,3044.0,3479.0,2499.0,2938.0,2779.0,2846.0,3612.0,2137.0,1920.0,2391.0,2958.0,1583.0,2032.0,2324.0,2298.0,2188.0,1898.0,2059.0,1754.0,2225.0,1722.0,2048.0,2320.0,1692.0,1647.0,1882.0,2367.0,1951.0,1083.0,1911.0,1679.0,1743.0,1836.0,1640.0,1614.0,1950.0,1527.0,1611.0,2744.0,2221.0,2074.0,2095.0,2554.0,2388.0,2468.0,1789.0,1769.0,1994.0,2467.0,2096.0,2074.0,2222.0,2127.0,1971.0,2071.0,1870.0,1860.0,1919.0,2360.0,1703.0,1915.0,2024.0,1183.0,1931.0,1755.0,1628.0,1750.0,1877.0,1918.0,2087.0,1616.0,1789.0,1526.0,1748.0,2011.0,1472.0,1622.0,1834.0,1775.0,788.0,1229.0,924.0,1257.0,1630.0,1689.0,1333.0,2129.0,1957.0,1830.0,2139.0,2909.0,1904.0,2204.0,2257.0,1879.0,2157.0,1407.0,2009.0,1871.0,1868.0,1996.0,1639.0,1834.0,1325.0,1438.0,1690.0,2326.0,1893.0,1708.0,1916.0,1559.0,1594.0,1812.0,1413.0,1586.0,1694.0,1489.0,1380.0,2078.0,1720.0,1815.0,1910.0,2058.0,1597.0,1901.0,1980.0,1789.0,1635.0,1866.0,1876.0,1189.0,1738.0,1941.0,1576.0,2007.0,1969.0,1851.0,2037.0,2015.0,1683.0,1477.0,1912.0,1613.0,1409.0,1481.0,1534.0,1715.0,1028.0,1785.0,1745.0,2076.0,1689.0,1849.0,1866.0,2212.0,1628.0,1375.0,2042.0,1641.0,1556.0,1695.0,1644.0,1928.0,2115.0,1182.0,1527.0,2207.0,2143.0,1954.0,2368.0,2726.0,2058.0,1612.0,2397.0,1827.0,1906.0,1916.0,1945.0,1865.0,1959.0,1859.0,1321.0,streamcluster
9778.0,2644.0,2974.0,3905.0,4346.0,5463.0,2749.0,3623.0,2538.0,2401.0,2919.0,2718.0,2735.0,3487.0,2854.0,3229.0,2113.0,1643.0,1375.0,1792.0,2323.0,1813.0,1727.0,2372.0,1873.0,1656.0,1579.0,1494.0,1927.0,2135.0,1795.0,1982.0,2483.0,1994.0,1402.0,2106.0,2632.0,2176.0,2009.0,2014.0,2088.0,1988.0,1971.0,1871.0,2109.0,2450.0,1821.0,2153.0,3128.0,2171.0,2388.0,1709.0,3205.0,2765.0,2399.0,2237.0,2627.0,2484.0,2324.0,2361.0,2386.0,2432.0,2304.0,2239.0,3984.0,2340.0,2758.0,3453.0,3213.0,3142.0,2718.0,3196.0,2967.0,2966.0,3136.0,3476.0,2449.0,3163.0,2620.0,2723.0,3629.0,1985.0,1812.0,2404.0,2941.0,1569.0,1890.0,2443.0,2356.0,2344.0,2034.0,2121.0,1674.0,2251.0,1857.0,2103.0,2291.0,1683.0,1737.0,2041.0,2339.0,2071.0,1121.0,1894.0,1713.0,1870.0,1840.0,1808.0,1544.0,1918.0,1697.0,1667.0,2760.0,2234.0,2103.0,2321.0,2616.0,2461.0,2260.0,1715.0,1751.0,2041.0,2426.0,2133.0,2003.0,2654.0,1922.0,2040.0,2298.0,1787.0,2153.0,1829.0,2389.0,1792.0,2029.0,2027.0,1287.0,1685.0,1899.0,1573.0,2120.0,1867.0,2123.0,1916.0,1655.0,1680.0,1563.0,1879.0,1967.0,1446.0,1782.0,1842.0,1721.0,860.0,1503.0,931.0,1421.0,1668.0,1718.0,1454.0,2086.0,1825.0,1864.0,2175.0,2840.0,2116.0,2334.0,2237.0,2074.0,2289.0,1546.0,2144.0,1869.0,2019.0,1951.0,1778.0,1935.0,1333.0,1484.0,1649.0,2271.0,1748.0,1807.0,1935.0,1572.0,1531.0,2128.0,1476.0,1479.0,1776.0,1649.0,1413.0,2072.0,2047.0,2022.0,1908.0,2074.0,1573.0,1723.0,1953.0,1883.0,1737.0,1917.0,1948.0,1290.0,1861.0,1760.0,1839.0,2066.0,2261.0,2185.0,2092.0,2108.0,1599.0,1640.0,1916.0,1464.0,1496.0,1611.0,1774.0,1781.0,1114.0,1701.0,1692.0,2097.0,1763.0,2110.0,1858.0,2193.0,1761.0,1522.0,2000.0,1806.0,1585.0,1865.0,1988.0,1805.0,1897.0,1237.0,1580.0,2460.0,1954.0,2162.0,2403.0,2598.0,2193.0,1560.0,2372.0,1897.0,1898.0,1940.0,2032.0,1848.0,1800.0,1786.0,1354.0,streamcluster
9741.0,2941.0,3103.0,3804.0,4270.0,5829.0,2660.0,3569.0,2461.0,2545.0,2788.0,2717.0,2806.0,3431.0,3085.0,3059.0,2369.0,1501.0,1508.0,1656.0,2320.0,1853.0,1717.0,2218.0,1702.0,1569.0,1577.0,1454.0,1817.0,2201.0,1708.0,1872.0,2326.0,2013.0,1306.0,2034.0,2390.0,2231.0,1940.0,1975.0,2014.0,2216.0,1870.0,1758.0,2159.0,2221.0,1826.0,1988.0,2991.0,2151.0,2327.0,1704.0,3201.0,2691.0,2304.0,2270.0,2503.0,2461.0,2349.0,2452.0,2318.0,2496.0,2325.0,2231.0,3701.0,2589.0,2554.0,3355.0,3222.0,3513.0,2628.0,2877.0,2979.0,2879.0,2853.0,3449.0,2633.0,3083.0,2933.0,2717.0,3322.0,2200.0,1835.0,2463.0,3085.0,1717.0,1998.0,2157.0,2261.0,2430.0,2191.0,2098.0,1871.0,2211.0,1871.0,2185.0,2244.0,1744.0,1528.0,1893.0,2299.0,2129.0,1082.0,1869.0,1667.0,1739.0,1634.0,1658.0,1689.0,1857.0,1517.0,1714.0,2982.0,2146.0,2292.0,2214.0,2466.0,2302.0,2292.0,1627.0,1762.0,1893.0,2360.0,2104.0,2070.0,2312.0,2043.0,2033.0,2014.0,1924.0,2005.0,1830.0,2332.0,1820.0,1949.0,1955.0,1237.0,1845.0,1856.0,1936.0,1905.0,1772.0,2086.0,1963.0,1604.0,1685.0,1499.0,1758.0,2027.0,1560.0,1715.0,1819.0,1764.0,781.0,1361.0,843.0,1360.0,1649.0,1787.0,1490.0,2063.0,2111.0,1754.0,2134.0,2781.0,2227.0,2097.0,2075.0,1841.0,2211.0,1465.0,1926.0,2071.0,1957.0,2079.0,1681.0,1692.0,1405.0,1439.0,1772.0,2213.0,1963.0,1789.0,1841.0,1447.0,1656.0,1935.0,1479.0,1532.0,1618.0,1672.0,1447.0,1931.0,1907.0,2073.0,1901.0,2034.0,1751.0,1796.0,1910.0,1906.0,1685.0,2012.0,1925.0,1265.0,1987.0,1768.0,1679.0,2116.0,2063.0,1816.0,1945.0,2148.0,1584.0,1583.0,2000.0,1640.0,1522.0,1586.0,1585.0,2074.0,1075.0,1755.0,1608.0,2018.0,1867.0,2066.0,1887.0,2238.0,1743.0,1419.0,1991.0,1696.0,1588.0,1755.0,1855.0,1871.0,2006.0,1255.0,1717.0,2156.0,1957.0,2071.0,2512.0,2513.0,2382.0,1653.0,2210.0,1874.0,1948.0,1904.0,2199.0,1931.0,1881.0,2137.0,1343.0,streamcluster
9699.0,3150.0,2988.0,3787.0,4099.0,5824.0,2889.0,3416.0,2321.0,2318.0,2435.0,2793.0,2662.0,3325.0,2881.0,2911.0,2268.0,1544.0,1396.0,1757.0,2382.0,1904.0,1766.0,2213.0,1748.0,1446.0,1566.0,1661.0,1675.0,2036.0,1704.0,1891.0,2295.0,1924.0,1299.0,1983.0,2239.0,2201.0,1863.0,2039.0,1839.0,2060.0,1797.0,1823.0,2112.0,2229.0,1778.0,2031.0,3014.0,2211.0,2260.0,1683.0,3336.0,2813.0,2361.0,2246.0,2455.0,2401.0,2442.0,2423.0,2445.0,2291.0,2277.0,2063.0,3470.0,2718.0,2492.0,3394.0,3147.0,3209.0,2663.0,3189.0,2848.0,2856.0,2956.0,3615.0,2576.0,3047.0,2677.0,2692.0,3350.0,2140.0,1871.0,2436.0,2800.0,1644.0,1757.0,2396.0,2453.0,2350.0,1926.0,1931.0,1806.0,2127.0,1859.0,2083.0,2415.0,1969.0,1533.0,1909.0,2254.0,1943.0,1029.0,1841.0,1489.0,1748.0,1583.0,1695.0,1482.0,1873.0,1529.0,1630.0,2530.0,2275.0,2286.0,2204.0,2563.0,2464.0,2321.0,1868.0,1768.0,2036.0,2417.0,2218.0,2053.0,2076.0,2057.0,2047.0,1996.0,1994.0,1851.0,1901.0,2288.0,1977.0,1831.0,2023.0,1194.0,1929.0,1711.0,1696.0,1854.0,1948.0,1888.0,1992.0,1482.0,1794.0,1631.0,1687.0,1970.0,1463.0,1611.0,1757.0,1715.0,814.0,1458.0,861.0,1287.0,1614.0,1617.0,1301.0,1951.0,1970.0,1776.0,2055.0,2554.0,2151.0,2048.0,2204.0,1833.0,2037.0,1403.0,2041.0,1894.0,2001.0,1886.0,1751.0,1787.0,1520.0,1393.0,1754.0,2414.0,1851.0,1682.0,2074.0,1581.0,1545.0,1847.0,1424.0,1468.0,1659.0,1428.0,1407.0,1913.0,1785.0,1917.0,1847.0,2068.0,1665.0,1627.0,2181.0,1979.0,1711.0,1728.0,1718.0,1180.0,1875.0,1825.0,1754.0,2088.0,2139.0,1966.0,1893.0,2160.0,1463.0,1515.0,1805.0,1563.0,1469.0,1548.0,1598.0,1780.0,1021.0,1515.0,1694.0,2049.0,1894.0,1996.0,1877.0,2194.0,1671.0,1479.0,1984.0,1593.0,1445.0,1602.0,1802.0,1733.0,1751.0,1154.0,1645.0,2211.0,2148.0,1974.0,2394.0,2569.0,2300.0,1542.0,2294.0,1773.0,1986.0,1928.0,1990.0,1814.0,1822.0,1845.0,1352.0,streamcluster
2614.0,351.0,1346.0,1764.0,1226.0,1904.0,1025.0,1042.0,964.0,958.0,1008.0,949.0,1210.0,2329.0,1331.0,1239.0,600.0,10.0,307.0,368.0,478.0,464.0,396.0,511.0,475.0,469.0,335.0,334.0,479.0,1134.0,421.0,507.0,862.0,11.0,631.0,588.0,691.0,735.0,704.0,717.0,697.0,580.0,604.0,533.0,722.0,1827.0,711.0,751.0,1276.0,22.0,581.0,519.0,671.0,751.0,624.0,461.0,611.0,547.0,561.0,600.0,693.0,1626.0,586.0,588.0,990.0,14.0,860.0,832.0,771.0,819.0,918.0,843.0,815.0,755.0,741.0,890.0,829.0,2085.0,761.0,724.0,1204.0,29.0,719.0,802.0,867.0,699.0,677.0,782.0,896.0,847.0,690.0,885.0,781.0,2267.0,716.0,808.0,800.0,30.0,597.0,606.0,669.0,647.0,503.0,546.0,545.0,565.0,537.0,531.0,627.0,2076.0,515.0,568.0,576.0,11.0,553.0,432.0,383.0,469.0,528.0,371.0,325.0,434.0,524.0,562.0,648.0,1528.0,476.0,460.0,653.0,7.0,692.0,499.0,514.0,493.0,585.0,524.0,456.0,593.0,478.0,509.0,576.0,1308.0,658.0,583.0,476.0,7.0,430.0,535.0,351.0,474.0,525.0,436.0,583.0,404.0,387.0,158.0,370.0,1084.0,572.0,464.0,623.0,9.0,571.0,600.0,664.0,621.0,737.0,618.0,627.0,779.0,561.0,670.0,661.0,1564.0,702.0,643.0,546.0,8.0,423.0,478.0,473.0,597.0,565.0,491.0,486.0,365.0,669.0,586.0,449.0,1278.0,562.0,459.0,649.0,28.0,696.0,658.0,673.0,618.0,684.0,617.0,607.0,533.0,642.0,611.0,593.0,1557.0,620.0,559.0,1044.0,43.0,872.0,937.0,936.0,755.0,836.0,731.0,695.0,693.0,768.0,703.0,876.0,1115.0,797.0,839.0,662.0,30.0,737.0,577.0,539.0,517.0,461.0,551.0,564.0,465.0,488.0,532.0,660.0,1534.0,475.0,535.0,772.0,20.0,780.0,833.0,744.0,792.0,593.0,744.0,937.0,758.0,640.0,698.0,789.0,1550.0,579.0,619.0,streamcluster
9806.0,3024.0,3213.0,3834.0,4264.0,5810.0,2653.0,3492.0,2430.0,2526.0,2575.0,2896.0,2567.0,3380.0,2746.0,3094.0,2231.0,1518.0,1327.0,1881.0,2370.0,1947.0,1632.0,2260.0,1794.0,1495.0,1453.0,1624.0,1624.0,2098.0,1646.0,1901.0,2368.0,2002.0,1372.0,1993.0,2368.0,2441.0,1888.0,1966.0,1963.0,1939.0,1800.0,1935.0,2079.0,2314.0,1728.0,1938.0,2997.0,2175.0,2248.0,1762.0,3144.0,2723.0,2489.0,2299.0,2414.0,2453.0,2388.0,2353.0,2230.0,2414.0,2265.0,2150.0,3899.0,2562.0,2533.0,3232.0,2958.0,3367.0,2920.0,3046.0,3001.0,2858.0,2739.0,3426.0,2432.0,2930.0,2519.0,2961.0,3428.0,2173.0,2021.0,2374.0,2998.0,1736.0,1969.0,2465.0,2362.0,2254.0,1897.0,2030.0,1766.0,2152.0,1724.0,2234.0,2240.0,1835.0,1544.0,1805.0,2564.0,2084.0,1127.0,1998.0,1609.0,1806.0,1585.0,1740.0,1748.0,1803.0,1527.0,1774.0,2843.0,2233.0,2032.0,2231.0,2350.0,2247.0,2277.0,1774.0,1686.0,2033.0,2398.0,2115.0,2347.0,2181.0,1913.0,2188.0,2199.0,2056.0,2110.0,1899.0,2386.0,1876.0,2038.0,2043.0,1216.0,1842.0,1766.0,1754.0,1937.0,1589.0,1989.0,1850.0,1692.0,1669.0,1418.0,1747.0,1957.0,1528.0,1784.0,1770.0,1648.0,807.0,1411.0,921.0,1318.0,1664.0,1851.0,1410.0,1948.0,1986.0,1897.0,2090.0,2557.0,2188.0,2145.0,2211.0,1870.0,2071.0,1465.0,1958.0,1804.0,1990.0,1984.0,1841.0,1827.0,1561.0,1498.0,1601.0,1955.0,1924.0,1958.0,1853.0,1584.0,1650.0,1837.0,1496.0,1493.0,1648.0,1449.0,1364.0,2096.0,2057.0,1887.0,1977.0,2140.0,1683.0,1820.0,2035.0,1725.0,1644.0,1883.0,1910.0,1183.0,1989.0,1798.0,1747.0,2092.0,2003.0,2005.0,1956.0,1904.0,1434.0,1553.0,2013.0,1464.0,1446.0,1772.0,1601.0,1651.0,1013.0,1730.0,1876.0,2092.0,1877.0,2112.0,1811.0,2184.0,1709.0,1485.0,2045.0,1649.0,1639.0,1820.0,1726.0,1691.0,1692.0,1183.0,1731.0,2289.0,1987.0,2020.0,2372.0,2515.0,2390.0,1711.0,2413.0,1923.0,1887.0,1947.0,2149.0,1936.0,1859.0,1819.0,1426.0,streamcluster
9739.0,3092.0,3196.0,4021.0,4350.0,5805.0,2683.0,3602.0,2496.0,2415.0,2482.0,2971.0,2506.0,3319.0,3039.0,3079.0,2516.0,1580.0,1323.0,1700.0,2420.0,1868.0,1771.0,2340.0,1787.0,1543.0,1447.0,1596.0,1868.0,2148.0,1660.0,1764.0,2422.0,1877.0,1368.0,2086.0,2403.0,2228.0,1947.0,2010.0,2112.0,2132.0,1753.0,1749.0,1933.0,2208.0,1884.0,1975.0,2991.0,2137.0,2302.0,1669.0,3161.0,2766.0,2748.0,2300.0,2543.0,2483.0,2206.0,2413.0,2234.0,2357.0,2340.0,2240.0,3701.0,2546.0,2739.0,3354.0,3318.0,3321.0,2884.0,2964.0,3032.0,3036.0,2914.0,3594.0,2442.0,2979.0,2628.0,2784.0,3583.0,2265.0,2014.0,2450.0,3144.0,1680.0,1988.0,2347.0,2322.0,2297.0,2007.0,2174.0,1734.0,2101.0,1739.0,2235.0,2324.0,1832.0,1620.0,1935.0,2370.0,2289.0,1117.0,1848.0,1543.0,1761.0,1771.0,1837.0,1467.0,1764.0,1380.0,1816.0,2784.0,2142.0,2243.0,2092.0,2463.0,2354.0,2511.0,1704.0,1637.0,2136.0,2356.0,2134.0,1977.0,2196.0,1907.0,1996.0,2098.0,2027.0,1882.0,2078.0,2390.0,1898.0,2036.0,1873.0,1241.0,1840.0,1859.0,1727.0,1826.0,1804.0,1974.0,1914.0,1608.0,1607.0,1653.0,1799.0,2194.0,1534.0,1769.0,1859.0,1644.0,786.0,1342.0,1028.0,1312.0,1589.0,1777.0,1385.0,2040.0,1895.0,1676.0,2124.0,2745.0,2162.0,2178.0,2048.0,2015.0,2159.0,1411.0,2047.0,1760.0,2114.0,2071.0,1691.0,1832.0,1409.0,1387.0,1692.0,2323.0,1871.0,1990.0,1819.0,1533.0,1578.0,1961.0,1534.0,1363.0,1739.0,1524.0,1482.0,1912.0,2035.0,1794.0,1883.0,2069.0,1697.0,1765.0,2060.0,1868.0,1598.0,1832.0,1861.0,1188.0,1990.0,1879.0,1834.0,2044.0,2136.0,2037.0,2016.0,2172.0,1472.0,1347.0,1914.0,1540.0,1612.0,1679.0,1643.0,1858.0,1023.0,1707.0,1753.0,1964.0,2102.0,2166.0,1837.0,2223.0,1742.0,1355.0,1925.0,1651.0,1599.0,1753.0,1858.0,1714.0,1936.0,1196.0,1613.0,2178.0,2088.0,2093.0,2420.0,2520.0,2348.0,1729.0,2301.0,2036.0,1879.0,1888.0,2214.0,1848.0,1759.0,1930.0,1377.0,streamcluster
9575.0,2938.0,3362.0,4109.0,4226.0,5884.0,2560.0,3249.0,2538.0,2523.0,2527.0,2521.0,2680.0,3552.0,3042.0,3325.0,2185.0,1600.0,1508.0,1832.0,2451.0,1910.0,1904.0,2171.0,1788.0,1651.0,1523.0,1502.0,1837.0,2084.0,1730.0,1910.0,2288.0,1982.0,1426.0,2124.0,2454.0,2263.0,1946.0,1966.0,1825.0,2263.0,2035.0,1841.0,2046.0,2208.0,1796.0,2137.0,2948.0,2296.0,2334.0,1730.0,3190.0,2824.0,2457.0,2323.0,2468.0,2343.0,2332.0,2374.0,2336.0,2406.0,2455.0,2312.0,3699.0,2510.0,2808.0,3362.0,3209.0,3475.0,2576.0,2809.0,2981.0,2827.0,2943.0,3384.0,2583.0,3190.0,2886.0,2815.0,3580.0,2071.0,1968.0,2442.0,3121.0,1645.0,1909.0,2179.0,2361.0,2346.0,2045.0,2080.0,1981.0,2268.0,1914.0,2239.0,2387.0,1696.0,1775.0,1978.0,2251.0,2086.0,1024.0,1763.0,1569.0,1623.0,1708.0,1757.0,1464.0,1973.0,1588.0,1708.0,2509.0,2393.0,2161.0,2120.0,2524.0,2392.0,2183.0,1752.0,1604.0,2104.0,2261.0,2098.0,2045.0,2329.0,2123.0,2125.0,2222.0,1933.0,2087.0,1986.0,2445.0,1839.0,1848.0,1993.0,1217.0,1946.0,1826.0,1700.0,1843.0,1854.0,1846.0,1947.0,1588.0,1691.0,1673.0,1757.0,2065.0,1606.0,1576.0,1903.0,1553.0,817.0,1397.0,907.0,1539.0,1661.0,1662.0,1404.0,1934.0,1935.0,1911.0,2311.0,2733.0,2193.0,2090.0,1988.0,2033.0,2204.0,1407.0,1843.0,1889.0,2025.0,2011.0,1845.0,1715.0,1572.0,1570.0,1608.0,2276.0,1926.0,1906.0,1650.0,1556.0,1598.0,1802.0,1380.0,1436.0,1598.0,1510.0,1537.0,1921.0,1984.0,2004.0,1791.0,2096.0,1824.0,1659.0,2100.0,1709.0,1614.0,1892.0,1773.0,1217.0,2194.0,1775.0,1732.0,2170.0,2069.0,2077.0,2085.0,2109.0,1549.0,1556.0,1824.0,1644.0,1536.0,1677.0,1553.0,1979.0,1097.0,1624.0,1725.0,2093.0,1760.0,2023.0,2019.0,2345.0,1807.0,1349.0,1935.0,1608.0,1710.0,1815.0,1772.0,1783.0,1953.0,1210.0,1689.0,2353.0,1954.0,2156.0,2533.0,2616.0,2374.0,1656.0,2264.0,1972.0,1936.0,1973.0,1920.0,1873.0,1902.0,1996.0,1496.0,streamcluster
9850.0,2914.0,3048.0,3989.0,4340.0,5583.0,2624.0,3601.0,2337.0,2480.0,2922.0,2818.0,2868.0,3064.0,3005.0,3032.0,2253.0,1480.0,1399.0,1718.0,2344.0,1917.0,1666.0,2289.0,1729.0,1521.0,1414.0,1495.0,1936.0,2047.0,1793.0,1796.0,2198.0,1892.0,1335.0,1955.0,2375.0,2117.0,1903.0,2068.0,1908.0,2252.0,1914.0,1770.0,2187.0,1853.0,1864.0,2149.0,2943.0,2154.0,2181.0,1683.0,3161.0,2715.0,2382.0,2224.0,2550.0,2492.0,2356.0,2403.0,2220.0,2419.0,2421.0,2185.0,3636.0,2588.0,2522.0,3451.0,3405.0,3145.0,2981.0,2892.0,2905.0,3010.0,3077.0,3550.0,2575.0,2784.0,2929.0,2737.0,3441.0,2167.0,1908.0,2314.0,2926.0,1499.0,2040.0,2291.0,2343.0,2148.0,1826.0,2164.0,1832.0,2021.0,1835.0,2194.0,2146.0,1823.0,1659.0,1908.0,2640.0,2018.0,1092.0,1777.0,1621.0,1735.0,1805.0,1736.0,1511.0,1845.0,1597.0,1668.0,3095.0,2212.0,2067.0,2281.0,2508.0,2618.0,2179.0,1684.0,1796.0,2077.0,2369.0,2088.0,2009.0,2125.0,1982.0,2187.0,1996.0,1907.0,1829.0,1976.0,2509.0,1896.0,1994.0,2063.0,1166.0,1774.0,1823.0,2030.0,1820.0,1704.0,1850.0,1884.0,1632.0,1601.0,1501.0,1822.0,2096.0,1465.0,1676.0,1795.0,1849.0,770.0,1372.0,940.0,1362.0,1560.0,1597.0,1375.0,2098.0,1860.0,1667.0,2274.0,2816.0,1854.0,2266.0,2083.0,2004.0,2016.0,1497.0,1942.0,1892.0,1816.0,1921.0,1877.0,1726.0,1478.0,1365.0,1734.0,2236.0,1770.0,1933.0,1718.0,1679.0,1520.0,1968.0,1478.0,1508.0,1565.0,1672.0,1409.0,2227.0,2120.0,2084.0,1830.0,2102.0,1619.0,1707.0,1940.0,1631.0,1599.0,1860.0,1808.0,1239.0,1696.0,1847.0,1734.0,2061.0,2098.0,2043.0,1837.0,2089.0,1440.0,1491.0,1728.0,1708.0,1561.0,1556.0,1575.0,1725.0,983.0,1612.0,1686.0,1990.0,1860.0,1839.0,1814.0,2354.0,1707.0,1559.0,1811.0,1633.0,1514.0,1687.0,1752.0,1785.0,1998.0,1170.0,1568.0,2254.0,1967.0,2039.0,2603.0,2574.0,2099.0,1603.0,2235.0,1831.0,1914.0,2008.0,2071.0,1973.0,1511.0,1972.0,1409.0,streamcluster
5037.0,1624.0,1468.0,2027.0,2023.0,2652.0,1223.0,1679.0,1081.0,1256.0,1194.0,1389.0,1222.0,1461.0,1495.0,1504.0,1335.0,672.0,631.0,704.0,1017.0,773.0,680.0,1046.0,704.0,646.0,545.0,630.0,686.0,864.0,672.0,744.0,1297.0,829.0,558.0,897.0,942.0,936.0,766.0,888.0,790.0,846.0,682.0,788.0,815.0,943.0,717.0,832.0,1484.0,893.0,887.0,734.0,1306.0,1151.0,1028.0,882.0,1092.0,994.0,1010.0,985.0,962.0,975.0,965.0,860.0,1951.0,1068.0,1055.0,1467.0,1296.0,1333.0,1123.0,1299.0,1151.0,1223.0,1156.0,1352.0,1037.0,1236.0,1159.0,995.0,1934.0,945.0,852.0,1015.0,1201.0,708.0,811.0,965.0,887.0,913.0,842.0,865.0,753.0,879.0,727.0,829.0,1289.0,733.0,694.0,735.0,895.0,1000.0,417.0,747.0,588.0,675.0,700.0,637.0,592.0,826.0,592.0,643.0,1417.0,953.0,855.0,879.0,994.0,1055.0,842.0,690.0,752.0,726.0,980.0,954.0,842.0,897.0,796.0,811.0,1190.0,738.0,819.0,861.0,1008.0,754.0,759.0,827.0,444.0,757.0,658.0,731.0,771.0,820.0,825.0,791.0,962.0,686.0,594.0,794.0,845.0,618.0,753.0,790.0,649.0,324.0,514.0,320.0,565.0,672.0,735.0,569.0,1153.0,760.0,728.0,1055.0,1050.0,850.0,850.0,824.0,808.0,807.0,537.0,776.0,744.0,754.0,901.0,725.0,1141.0,671.0,591.0,755.0,915.0,774.0,779.0,743.0,623.0,594.0,688.0,589.0,527.0,708.0,615.0,663.0,1056.0,844.0,825.0,825.0,817.0,688.0,734.0,839.0,696.0,794.0,769.0,745.0,489.0,761.0,702.0,664.0,1115.0,852.0,857.0,874.0,853.0,680.0,642.0,745.0,626.0,598.0,654.0,683.0,627.0,432.0,818.0,665.0,1152.0,912.0,864.0,745.0,858.0,743.0,492.0,750.0,624.0,657.0,729.0,652.0,761.0,667.0,493.0,594.0,1265.0,797.0,828.0,1096.0,981.0,901.0,685.0,864.0,772.0,728.0,768.0,775.0,884.0,745.0,713.0,526.0,streamcluster
5933.0,1994.0,1939.0,2543.0,2759.0,3590.0,1785.0,2309.0,1672.0,1532.0,1743.0,1801.0,1623.0,2207.0,1936.0,2114.0,1484.0,1000.0,871.0,1213.0,1433.0,1216.0,1044.0,1393.0,1189.0,1017.0,1032.0,998.0,1102.0,1288.0,1024.0,1315.0,1482.0,1270.0,863.0,1239.0,1539.0,1392.0,1319.0,1153.0,1280.0,1328.0,1224.0,1144.0,1588.0,1594.0,1140.0,1378.0,2037.0,1438.0,1532.0,1161.0,2154.0,1721.0,1665.0,1352.0,1538.0,1571.0,1501.0,1579.0,1459.0,1490.0,1488.0,1343.0,2291.0,1812.0,1703.0,2096.0,1982.0,2012.0,1731.0,2024.0,1859.0,1839.0,1833.0,2312.0,1496.0,1999.0,1691.0,1767.0,2467.0,1348.0,1174.0,1479.0,1772.0,1081.0,1349.0,1543.0,1560.0,1406.0,1330.0,1373.0,1151.0,1494.0,1161.0,1516.0,1351.0,1073.0,1092.0,1263.0,1714.0,1488.0,703.0,1272.0,1054.0,1140.0,1130.0,1034.0,927.0,1328.0,975.0,1150.0,1718.0,1323.0,1243.0,1365.0,1644.0,1620.0,1355.0,1119.0,1014.0,1236.0,1604.0,1322.0,1235.0,1379.0,1371.0,1321.0,1367.0,1338.0,1182.0,1148.0,1484.0,1183.0,1266.0,1297.0,858.0,1229.0,1147.0,1164.0,1171.0,1178.0,1344.0,1217.0,1041.0,1150.0,1179.0,1109.0,1290.0,947.0,1070.0,1175.0,1102.0,525.0,921.0,570.0,803.0,1054.0,1042.0,944.0,1316.0,1318.0,1151.0,1396.0,1777.0,1441.0,1476.0,1532.0,1334.0,1307.0,893.0,1254.0,1093.0,1264.0,1288.0,1243.0,1247.0,1027.0,831.0,1126.0,1367.0,1197.0,1137.0,1148.0,990.0,1088.0,1134.0,929.0,857.0,1124.0,1002.0,981.0,1321.0,1239.0,1268.0,1191.0,1275.0,1133.0,1241.0,1248.0,1089.0,1042.0,1279.0,1213.0,781.0,1219.0,1190.0,1286.0,1468.0,1445.0,1337.0,1227.0,1333.0,1001.0,927.0,1133.0,1049.0,882.0,980.0,975.0,1181.0,700.0,1215.0,1179.0,1261.0,1130.0,1261.0,1187.0,1429.0,1146.0,902.0,1356.0,1190.0,1012.0,1117.0,1108.0,1021.0,1300.0,818.0,1065.0,1393.0,1491.0,1199.0,1699.0,1690.0,1522.0,1068.0,1530.0,1203.0,1267.0,1244.0,1349.0,1227.0,1313.0,1258.0,985.0,streamcluster
8729.0,2714.0,2727.0,3433.0,3765.0,5240.0,2518.0,2868.0,2138.0,2215.0,2104.0,2754.0,2481.0,2789.0,2671.0,2763.0,2045.0,1281.0,1169.0,1650.0,2060.0,1508.0,1652.0,2105.0,1413.0,1330.0,1288.0,1424.0,1700.0,1782.0,1480.0,1586.0,2097.0,1696.0,1152.0,1728.0,2265.0,2071.0,1702.0,1611.0,1687.0,1892.0,1487.0,1597.0,1827.0,1769.0,1641.0,1718.0,2754.0,2066.0,2063.0,1501.0,2784.0,2419.0,2227.0,1845.0,2230.0,2179.0,2145.0,2113.0,1906.0,2003.0,2151.0,1930.0,3371.0,2235.0,2378.0,2910.0,2848.0,2917.0,2467.0,2506.0,2540.0,2664.0,2514.0,3213.0,2222.0,2457.0,2596.0,2612.0,3086.0,1880.0,1647.0,1971.0,2766.0,1390.0,1877.0,2000.0,2151.0,2032.0,1765.0,1863.0,1607.0,1799.0,1626.0,2063.0,1956.0,1675.0,1610.0,1693.0,2429.0,1802.0,919.0,1627.0,1381.0,1585.0,1353.0,1478.0,1256.0,1687.0,1273.0,1512.0,2261.0,1854.0,1808.0,1784.0,2124.0,2179.0,2056.0,1500.0,1336.0,1700.0,2042.0,1915.0,1933.0,1908.0,1721.0,1945.0,1884.0,1622.0,1833.0,1785.0,2047.0,1583.0,1663.0,1771.0,1041.0,1698.0,1498.0,1544.0,1535.0,1492.0,1590.0,1697.0,1401.0,1426.0,1362.0,1512.0,1708.0,1313.0,1484.0,1529.0,1402.0,679.0,1178.0,912.0,1292.0,1427.0,1618.0,1275.0,1894.0,1618.0,1571.0,1967.0,2549.0,1751.0,1785.0,1937.0,1746.0,1917.0,1146.0,1871.0,1590.0,1737.0,1707.0,1535.0,1757.0,1350.0,1358.0,1463.0,1903.0,1622.0,1566.0,1654.0,1374.0,1421.0,1680.0,1286.0,1276.0,1410.0,1425.0,1201.0,1720.0,1852.0,1679.0,1505.0,1797.0,1492.0,1587.0,1718.0,1540.0,1410.0,1521.0,1587.0,1023.0,1683.0,1479.0,1512.0,1756.0,1954.0,1728.0,1568.0,1700.0,1174.0,1387.0,1726.0,1394.0,1372.0,1364.0,1342.0,1444.0,846.0,1409.0,1439.0,1827.0,1668.0,1877.0,1648.0,2105.0,1481.0,1309.0,1512.0,1449.0,1512.0,1506.0,1541.0,1424.0,1641.0,1007.0,1421.0,2075.0,1802.0,1755.0,2025.0,2400.0,2198.0,1568.0,1990.0,1809.0,1838.0,1481.0,1944.0,1716.0,1742.0,1624.0,1195.0,streamcluster
4245.0,1373.0,1231.0,1767.0,1767.0,2678.0,1454.0,1598.0,1183.0,1204.0,1246.0,1086.0,1065.0,1443.0,1321.0,1460.0,1241.0,716.0,603.0,726.0,1056.0,856.0,742.0,986.0,755.0,696.0,695.0,661.0,711.0,1062.0,796.0,849.0,1131.0,902.0,614.0,878.0,1148.0,984.0,878.0,842.0,973.0,1041.0,916.0,730.0,922.0,1107.0,753.0,995.0,1325.0,961.0,956.0,821.0,1467.0,1218.0,1042.0,990.0,1084.0,1042.0,1009.0,1061.0,915.0,1085.0,1083.0,934.0,1608.0,1086.0,1166.0,1489.0,1389.0,1390.0,1330.0,1341.0,1381.0,1349.0,1343.0,1367.0,1106.0,1277.0,1186.0,1444.0,1481.0,866.0,880.0,1041.0,1213.0,762.0,916.0,1138.0,1147.0,1142.0,911.0,797.0,838.0,922.0,778.0,1019.0,1066.0,802.0,768.0,872.0,1022.0,983.0,536.0,875.0,720.0,828.0,808.0,759.0,681.0,837.0,772.0,869.0,1268.0,957.0,977.0,842.0,1041.0,995.0,1093.0,811.0,759.0,979.0,1126.0,995.0,851.0,890.0,915.0,988.0,1018.0,770.0,989.0,913.0,1077.0,875.0,950.0,931.0,577.0,916.0,857.0,699.0,836.0,748.0,881.0,838.0,824.0,708.0,779.0,766.0,988.0,683.0,843.0,822.0,770.0,383.0,737.0,437.0,571.0,733.0,778.0,695.0,1033.0,872.0,803.0,922.0,1304.0,961.0,1081.0,984.0,924.0,1010.0,667.0,812.0,792.0,892.0,863.0,866.0,803.0,568.0,608.0,799.0,930.0,838.0,859.0,822.0,690.0,807.0,801.0,607.0,632.0,725.0,652.0,612.0,882.0,1012.0,841.0,849.0,939.0,796.0,776.0,953.0,824.0,809.0,902.0,799.0,542.0,817.0,860.0,887.0,871.0,994.0,916.0,911.0,847.0,669.0,670.0,837.0,720.0,714.0,728.0,697.0,722.0,506.0,771.0,851.0,988.0,814.0,829.0,826.0,1006.0,788.0,749.0,858.0,792.0,760.0,750.0,800.0,893.0,838.0,567.0,814.0,1045.0,872.0,880.0,1091.0,1222.0,1163.0,846.0,1026.0,879.0,853.0,950.0,800.0,936.0,912.0,879.0,675.0,streamcluster
5248.0,1742.0,1677.0,2158.0,2593.0,3111.0,1618.0,2020.0,1369.0,1226.0,1374.0,1649.0,1392.0,1980.0,1548.0,1910.0,1191.0,834.0,790.0,918.0,1404.0,1067.0,1055.0,1148.0,942.0,855.0,931.0,890.0,924.0,1276.0,1026.0,1002.0,1209.0,1056.0,749.0,1155.0,1348.0,1179.0,1038.0,1001.0,1091.0,1007.0,1029.0,1020.0,1183.0,1495.0,999.0,1210.0,1661.0,1260.0,1287.0,906.0,1759.0,1500.0,1381.0,1218.0,1434.0,1347.0,1367.0,1243.0,1337.0,1381.0,1223.0,1253.0,2018.0,1562.0,1541.0,1767.0,1892.0,1899.0,1638.0,1735.0,1594.0,1683.0,1689.0,1959.0,1378.0,1940.0,1396.0,1547.0,1939.0,1339.0,1036.0,1149.0,1785.0,852.0,1202.0,1281.0,1374.0,1209.0,1043.0,1168.0,947.0,1460.0,971.0,1357.0,1359.0,1029.0,945.0,1043.0,1455.0,1232.0,601.0,900.0,854.0,966.0,997.0,874.0,909.0,1202.0,763.0,873.0,1563.0,1279.0,1223.0,1261.0,1411.0,1165.0,1107.0,916.0,996.0,1136.0,1313.0,1158.0,1095.0,1319.0,1196.0,1185.0,1123.0,1137.0,1027.0,978.0,1353.0,1047.0,1089.0,1163.0,667.0,947.0,1029.0,997.0,965.0,1047.0,1039.0,1048.0,874.0,830.0,884.0,1012.0,1200.0,846.0,940.0,982.0,968.0,418.0,802.0,578.0,755.0,877.0,915.0,742.0,1041.0,1160.0,1068.0,1145.0,1509.0,1100.0,1192.0,1252.0,1138.0,1087.0,774.0,1152.0,1035.0,1210.0,1044.0,950.0,1106.0,772.0,925.0,867.0,1248.0,945.0,997.0,1015.0,853.0,818.0,1084.0,770.0,731.0,905.0,892.0,843.0,1030.0,1174.0,1051.0,955.0,1217.0,961.0,977.0,1234.0,1045.0,837.0,1103.0,995.0,647.0,1122.0,973.0,906.0,1340.0,1171.0,1167.0,1051.0,1246.0,979.0,938.0,955.0,864.0,846.0,848.0,827.0,1002.0,599.0,877.0,1012.0,1121.0,1216.0,1057.0,952.0,1179.0,983.0,820.0,1139.0,925.0,790.0,1073.0,929.0,944.0,1169.0,613.0,897.0,1217.0,1131.0,1265.0,1387.0,1530.0,1350.0,1101.0,1319.0,1046.0,924.0,977.0,1079.0,985.0,1058.0,1177.0,812.0,streamcluster
6185.0,2053.0,1780.0,2508.0,2740.0,3774.0,1963.0,2239.0,1552.0,1466.0,1716.0,1931.0,1753.0,2045.0,1949.0,2237.0,1657.0,987.0,874.0,1163.0,1510.0,1186.0,1178.0,1513.0,1241.0,1094.0,952.0,1012.0,1115.0,1268.0,1052.0,1198.0,1672.0,1400.0,837.0,1366.0,1648.0,1438.0,1286.0,1289.0,1285.0,1282.0,1357.0,1336.0,1266.0,1430.0,1187.0,1321.0,1933.0,1442.0,1465.0,1131.0,1993.0,1808.0,1599.0,1561.0,1728.0,1647.0,1425.0,1639.0,1501.0,1467.0,1570.0,1409.0,2118.0,1600.0,1693.0,2142.0,2179.0,2192.0,1935.0,1910.0,2064.0,1887.0,1965.0,2314.0,1603.0,1760.0,1801.0,1830.0,2313.0,1347.0,1157.0,1502.0,2014.0,1108.0,1401.0,1453.0,1557.0,1474.0,1521.0,1393.0,1174.0,1317.0,1189.0,1519.0,1600.0,1184.0,991.0,1250.0,1639.0,1462.0,743.0,1223.0,1010.0,1214.0,1245.0,1182.0,1040.0,1141.0,984.0,1021.0,1855.0,1448.0,1411.0,1289.0,1582.0,1503.0,1437.0,1039.0,1154.0,1319.0,1691.0,1447.0,1483.0,1411.0,1308.0,1318.0,1274.0,1208.0,1368.0,1265.0,1642.0,1231.0,1344.0,1340.0,811.0,1126.0,1312.0,1189.0,1269.0,1093.0,1357.0,1411.0,1033.0,1083.0,992.0,1135.0,1395.0,1095.0,1150.0,1250.0,1070.0,544.0,1005.0,592.0,833.0,1038.0,1124.0,962.0,1355.0,1215.0,1159.0,1399.0,1861.0,1534.0,1563.0,1585.0,1272.0,1338.0,954.0,1268.0,1232.0,1123.0,1332.0,1271.0,1110.0,857.0,902.0,1188.0,1589.0,1329.0,1361.0,1363.0,1101.0,988.0,1202.0,966.0,941.0,1037.0,917.0,1041.0,1249.0,1146.0,1356.0,1240.0,1283.0,1237.0,1201.0,1297.0,1164.0,1083.0,1330.0,1173.0,793.0,1399.0,1179.0,1199.0,1351.0,1470.0,1333.0,1227.0,1267.0,940.0,969.0,1194.0,972.0,888.0,1044.0,1034.0,1250.0,662.0,1234.0,1214.0,1325.0,1298.0,1190.0,1202.0,1455.0,1137.0,889.0,1273.0,1140.0,1051.0,1207.0,1181.0,1154.0,1241.0,816.0,1111.0,1467.0,1264.0,1364.0,1606.0,1697.0,1620.0,1028.0,1548.0,1155.0,1287.0,1306.0,1350.0,1369.0,1289.0,1130.0,985.0,streamcluster
2571.0,279.0,1387.0,1547.0,1494.0,1539.0,1058.0,1156.0,1020.0,1021.0,932.0,961.0,1263.0,2312.0,1363.0,1259.0,591.0,10.0,298.0,418.0,519.0,462.0,418.0,549.0,498.0,535.0,397.0,347.0,472.0,1105.0,470.0,552.0,961.0,17.0,678.0,677.0,794.0,770.0,749.0,590.0,736.0,705.0,683.0,632.0,797.0,1895.0,842.0,883.0,971.0,13.0,668.0,572.0,847.0,806.0,710.0,476.0,686.0,645.0,670.0,649.0,733.0,1562.0,639.0,575.0,1239.0,22.0,945.0,969.0,834.0,896.0,884.0,819.0,943.0,786.0,732.0,909.0,947.0,2047.0,876.0,752.0,1195.0,32.0,776.0,923.0,840.0,696.0,771.0,822.0,919.0,805.0,791.0,884.0,852.0,2227.0,762.0,828.0,880.0,20.0,659.0,692.0,630.0,630.0,557.0,619.0,653.0,670.0,757.0,738.0,644.0,1985.0,619.0,676.0,705.0,9.0,534.0,475.0,439.0,586.0,594.0,411.0,334.0,538.0,584.0,540.0,545.0,1451.0,511.0,520.0,761.0,7.0,636.0,628.0,624.0,611.0,677.0,601.0,536.0,599.0,653.0,513.0,621.0,1333.0,723.0,630.0,571.0,11.0,486.0,578.0,468.0,432.0,620.0,566.0,576.0,460.0,413.0,179.0,350.0,1105.0,612.0,508.0,709.0,12.0,642.0,665.0,705.0,672.0,908.0,679.0,723.0,738.0,603.0,895.0,653.0,1464.0,861.0,753.0,622.0,15.0,465.0,527.0,462.0,651.0,787.0,586.0,472.0,389.0,754.0,630.0,492.0,1296.0,517.0,586.0,796.0,30.0,751.0,717.0,699.0,657.0,694.0,635.0,659.0,626.0,680.0,671.0,616.0,1618.0,660.0,649.0,1036.0,40.0,947.0,1071.0,956.0,840.0,752.0,841.0,706.0,747.0,744.0,829.0,892.0,1081.0,783.0,830.0,746.0,31.0,866.0,640.0,600.0,539.0,484.0,596.0,652.0,580.0,574.0,581.0,656.0,1472.0,555.0,547.0,878.0,16.0,846.0,898.0,780.0,887.0,622.0,764.0,807.0,836.0,656.0,698.0,826.0,1445.0,682.0,627.0,streamcluster
5982.0,1835.0,1703.0,2185.0,2813.0,3180.0,1541.0,2064.0,1478.0,1409.0,1726.0,1606.0,1743.0,2083.0,2077.0,1780.0,1423.0,896.0,902.0,1063.0,1341.0,1148.0,1052.0,1411.0,1001.0,965.0,904.0,1024.0,946.0,1268.0,967.0,1027.0,1365.0,1147.0,790.0,1194.0,1468.0,1349.0,1249.0,1204.0,1182.0,1231.0,1201.0,1007.0,1116.0,1384.0,1125.0,1117.0,1895.0,1257.0,1437.0,973.0,1933.0,1779.0,1362.0,1295.0,1478.0,1536.0,1355.0,1409.0,1408.0,1492.0,1252.0,1418.0,2259.0,1514.0,1552.0,1972.0,1863.0,1766.0,1730.0,1898.0,1797.0,1713.0,1772.0,1911.0,1492.0,1770.0,1695.0,1593.0,2067.0,1073.0,1107.0,1489.0,1595.0,893.0,1284.0,1472.0,1413.0,1437.0,1131.0,1044.0,1084.0,1323.0,1067.0,1217.0,1311.0,1089.0,924.0,1052.0,1509.0,1253.0,618.0,1071.0,1005.0,1214.0,1110.0,992.0,896.0,1092.0,958.0,998.0,1452.0,1407.0,1412.0,1231.0,1511.0,1278.0,1227.0,1030.0,1032.0,1213.0,1389.0,1190.0,1215.0,1356.0,1220.0,1316.0,1300.0,1152.0,1150.0,1080.0,1481.0,1103.0,1168.0,1256.0,721.0,1093.0,1023.0,1008.0,1193.0,1094.0,1272.0,1121.0,905.0,951.0,862.0,1049.0,1149.0,903.0,1064.0,1095.0,964.0,498.0,979.0,524.0,1002.0,1079.0,1149.0,805.0,1271.0,1127.0,1062.0,1176.0,1713.0,1154.0,1309.0,1256.0,1208.0,1306.0,914.0,1054.0,1189.0,1168.0,1417.0,989.0,1039.0,921.0,892.0,998.0,1110.0,1026.0,1016.0,1046.0,840.0,878.0,1167.0,826.0,926.0,1038.0,932.0,852.0,1282.0,1297.0,1050.0,1177.0,1210.0,948.0,1027.0,1154.0,1032.0,1064.0,1140.0,1116.0,754.0,1107.0,1147.0,901.0,1241.0,1158.0,1177.0,1212.0,1130.0,864.0,890.0,1301.0,1124.0,933.0,917.0,960.0,1084.0,679.0,968.0,1073.0,1271.0,1162.0,1164.0,1042.0,1327.0,1037.0,927.0,1053.0,1117.0,987.0,1107.0,1015.0,1028.0,1164.0,749.0,947.0,1250.0,1216.0,1242.0,1413.0,1748.0,1329.0,898.0,1520.0,1168.0,1118.0,1200.0,1274.0,1188.0,1128.0,1046.0,725.0,streamcluster
9136.0,2849.0,3686.0,3883.0,4315.0,5665.0,2873.0,3706.0,2257.0,2412.0,2802.0,2860.0,2656.0,3328.0,2847.0,3063.0,2338.0,1755.0,1341.0,1792.0,2366.0,1854.0,1502.0,2110.0,2286.0,1652.0,1497.0,1568.0,1742.0,2052.0,1694.0,1890.0,2881.0,1987.0,1714.0,2024.0,2548.0,2167.0,1807.0,2013.0,2065.0,2097.0,1962.0,1869.0,1979.0,2284.0,1697.0,2074.0,3110.0,2296.0,2321.0,1679.0,3188.0,3245.0,2304.0,2085.0,2440.0,2513.0,2407.0,2549.0,2251.0,2504.0,2308.0,2348.0,3530.0,2509.0,2718.0,3291.0,3243.0,3303.0,2897.0,3062.0,3032.0,3083.0,3151.0,3837.0,2459.0,3004.0,2775.0,2566.0,3435.0,2093.0,1937.0,2690.0,3245.0,1870.0,1925.0,2379.0,2271.0,2351.0,2047.0,1974.0,1862.0,2151.0,1753.0,2096.0,2160.0,1648.0,1639.0,1839.0,2527.0,2069.0,1050.0,2310.0,1803.0,1860.0,1828.0,1814.0,1622.0,1903.0,1528.0,1772.0,2654.0,2173.0,2054.0,2087.0,2427.0,2521.0,2453.0,1711.0,2001.0,2047.0,2498.0,2057.0,1990.0,2216.0,1925.0,1992.0,2020.0,2214.0,2080.0,1823.0,2447.0,1810.0,2137.0,2178.0,1182.0,1839.0,1690.0,1654.0,1982.0,1882.0,1917.0,2119.0,1544.0,1693.0,1521.0,1953.0,2146.0,1528.0,1660.0,1840.0,1584.0,783.0,1428.0,916.0,1363.0,1593.0,2056.0,1370.0,1976.0,1803.0,1888.0,2243.0,2728.0,2106.0,2243.0,2294.0,1879.0,2377.0,1490.0,1893.0,2162.0,1931.0,2062.0,1788.0,1913.0,1448.0,1562.0,1684.0,2596.0,1841.0,1762.0,1839.0,1450.0,1698.0,1902.0,1688.0,1429.0,1731.0,1419.0,1391.0,2051.0,1989.0,1887.0,1790.0,2039.0,1761.0,1741.0,1912.0,1641.0,1688.0,2130.0,1991.0,1208.0,1920.0,1908.0,1686.0,2027.0,2072.0,1999.0,2034.0,2134.0,1570.0,1428.0,1956.0,1615.0,1426.0,1555.0,1599.0,1857.0,1066.0,1654.0,2183.0,1994.0,1816.0,2173.0,1867.0,2399.0,1635.0,1489.0,2025.0,1705.0,1765.0,1911.0,1708.0,1896.0,1725.0,1162.0,1638.0,2051.0,2093.0,2146.0,2416.0,2465.0,2324.0,1612.0,2215.0,1877.0,1915.0,1942.0,1978.0,2081.0,2293.0,1887.0,1640.0,streamcluster
9587.0,3186.0,3873.0,4083.0,4382.0,5641.0,2952.0,3123.0,2365.0,2427.0,2775.0,2960.0,2851.0,3466.0,3184.0,3294.0,2454.0,1992.0,1437.0,1678.0,2337.0,2010.0,1699.0,2332.0,2356.0,1721.0,1455.0,1622.0,1898.0,2109.0,1779.0,1715.0,3152.0,1948.0,1930.0,2196.0,2430.0,2189.0,2196.0,1861.0,1959.0,2128.0,2009.0,1886.0,2065.0,2349.0,1940.0,2212.0,3108.0,2234.0,2372.0,1686.0,3394.0,3642.0,2509.0,2043.0,2454.0,2435.0,2439.0,2454.0,2413.0,2497.0,2388.0,2437.0,3695.0,2688.0,2636.0,3707.0,3318.0,3095.0,2927.0,2534.0,3027.0,3070.0,3127.0,4381.0,2598.0,3040.0,3166.0,3065.0,3556.0,2097.0,1921.0,3169.0,2978.0,2049.0,1928.0,2429.0,2364.0,2295.0,2001.0,2270.0,1847.0,2034.0,1813.0,2268.0,2430.0,1720.0,1703.0,1980.0,2725.0,2158.0,1095.0,2372.0,1870.0,1820.0,1712.0,1874.0,1665.0,1927.0,1598.0,1802.0,2779.0,2349.0,1975.0,2133.0,2367.0,2226.0,2846.0,1581.0,1940.0,1860.0,2300.0,2086.0,2111.0,2334.0,2123.0,2091.0,2217.0,2745.0,2093.0,1914.0,2392.0,1881.0,2214.0,2145.0,1214.0,1918.0,1874.0,1671.0,1812.0,1984.0,2068.0,2085.0,1617.0,1691.0,1550.0,1798.0,2420.0,1583.0,1844.0,1614.0,1812.0,870.0,1424.0,958.0,1340.0,1663.0,2191.0,1365.0,2123.0,1965.0,1774.0,2284.0,2832.0,2145.0,2222.0,2054.0,2096.0,2241.0,1450.0,2000.0,2382.0,1878.0,2435.0,1933.0,1830.0,1496.0,1512.0,1728.0,3115.0,1876.0,1813.0,1744.0,1487.0,1738.0,2004.0,2030.0,1439.0,1691.0,1555.0,1513.0,2265.0,2243.0,1948.0,1945.0,2171.0,1716.0,1853.0,2005.0,1765.0,1686.0,2279.0,1842.0,1277.0,1922.0,1978.0,1846.0,2131.0,1955.0,2070.0,2098.0,2099.0,1417.0,1567.0,1859.0,1661.0,1610.0,1573.0,1510.0,1872.0,1097.0,1831.0,2640.0,2071.0,1993.0,1896.0,1993.0,2466.0,1739.0,1524.0,2053.0,1694.0,2118.0,2104.0,1819.0,2037.0,1832.0,1258.0,1824.0,2311.0,1991.0,2038.0,2692.0,2867.0,2262.0,1734.0,2215.0,1956.0,1930.0,1964.0,2232.0,2017.0,2553.0,2085.0,1959.0,streamcluster
3699.0,1072.0,1534.0,1650.0,1929.0,2254.0,901.0,1314.0,1047.0,1072.0,1100.0,1019.0,1128.0,1294.0,1293.0,1210.0,932.0,778.0,534.0,656.0,973.0,792.0,732.0,1046.0,896.0,613.0,653.0,588.0,686.0,796.0,676.0,720.0,1243.0,738.0,718.0,845.0,945.0,845.0,763.0,723.0,858.0,847.0,780.0,680.0,835.0,914.0,747.0,813.0,1201.0,814.0,928.0,667.0,1344.0,1413.0,959.0,890.0,1038.0,1064.0,936.0,1000.0,947.0,987.0,955.0,1044.0,1705.0,921.0,1050.0,1439.0,1366.0,1258.0,1010.0,1199.0,1193.0,1299.0,1185.0,1564.0,1043.0,1209.0,1150.0,1134.0,1497.0,781.0,682.0,1166.0,1137.0,813.0,785.0,866.0,1032.0,953.0,774.0,824.0,771.0,851.0,752.0,866.0,960.0,634.0,640.0,738.0,876.0,785.0,389.0,893.0,690.0,689.0,718.0,679.0,564.0,724.0,564.0,667.0,1147.0,923.0,809.0,914.0,992.0,977.0,947.0,654.0,779.0,815.0,1025.0,827.0,758.0,902.0,756.0,802.0,986.0,935.0,859.0,762.0,896.0,811.0,755.0,908.0,490.0,736.0,647.0,614.0,742.0,788.0,834.0,729.0,790.0,511.0,662.0,673.0,864.0,617.0,681.0,773.0,705.0,325.0,582.0,414.0,586.0,681.0,813.0,567.0,903.0,679.0,668.0,833.0,1156.0,858.0,767.0,997.0,802.0,811.0,515.0,690.0,915.0,768.0,948.0,635.0,822.0,578.0,619.0,777.0,1117.0,716.0,588.0,685.0,605.0,638.0,685.0,720.0,567.0,621.0,628.0,548.0,824.0,709.0,669.0,727.0,837.0,658.0,637.0,767.0,801.0,680.0,893.0,766.0,481.0,929.0,808.0,683.0,793.0,754.0,720.0,851.0,842.0,655.0,570.0,723.0,678.0,670.0,594.0,636.0,807.0,432.0,751.0,1037.0,875.0,843.0,800.0,770.0,958.0,700.0,522.0,784.0,629.0,840.0,752.0,670.0,851.0,603.0,464.0,685.0,1018.0,665.0,926.0,983.0,1085.0,974.0,538.0,964.0,778.0,718.0,703.0,836.0,718.0,1125.0,738.0,724.0,streamcluster
5014.0,1624.0,2028.0,2200.0,2382.0,3097.0,1356.0,1970.0,1223.0,1364.0,1420.0,1547.0,1507.0,1655.0,1452.0,1644.0,1228.0,981.0,803.0,1025.0,1269.0,1014.0,1022.0,1297.0,1250.0,864.0,719.0,768.0,909.0,1067.0,838.0,964.0,1692.0,1117.0,931.0,1001.0,1369.0,1084.0,1142.0,976.0,1057.0,1072.0,957.0,882.0,1072.0,1051.0,861.0,1036.0,1785.0,1182.0,1219.0,868.0,1758.0,1790.0,1270.0,1140.0,1381.0,1461.0,1254.0,1186.0,1266.0,1251.0,1291.0,1223.0,2316.0,1395.0,1452.0,1920.0,1859.0,1581.0,1514.0,1708.0,1456.0,1561.0,1671.0,2164.0,1370.0,1467.0,1641.0,1580.0,2074.0,1194.0,999.0,1499.0,1619.0,975.0,1242.0,1224.0,1166.0,1173.0,1048.0,1039.0,985.0,1086.0,891.0,1156.0,1246.0,937.0,907.0,1011.0,1263.0,1151.0,594.0,1316.0,1018.0,911.0,892.0,829.0,851.0,850.0,800.0,871.0,1503.0,1322.0,1079.0,1139.0,1266.0,1291.0,1351.0,866.0,1055.0,1114.0,1275.0,1219.0,1122.0,1088.0,991.0,1081.0,1192.0,1351.0,950.0,1107.0,1278.0,852.0,1156.0,1225.0,596.0,911.0,897.0,816.0,1015.0,1056.0,1152.0,971.0,863.0,857.0,832.0,991.0,1205.0,771.0,912.0,1031.0,981.0,393.0,716.0,515.0,568.0,727.0,1097.0,773.0,1348.0,1020.0,889.0,1156.0,1476.0,1045.0,1073.0,1147.0,923.0,1142.0,710.0,1024.0,1186.0,935.0,1170.0,984.0,1098.0,732.0,726.0,824.0,1557.0,836.0,909.0,1094.0,714.0,820.0,1061.0,883.0,724.0,892.0,720.0,846.0,1081.0,1185.0,972.0,943.0,1154.0,931.0,888.0,1123.0,850.0,824.0,1210.0,874.0,615.0,1004.0,1162.0,936.0,1054.0,1093.0,993.0,1011.0,1000.0,781.0,820.0,1101.0,986.0,672.0,831.0,823.0,826.0,556.0,851.0,1300.0,1006.0,907.0,1031.0,1043.0,1403.0,859.0,791.0,1090.0,739.0,1015.0,984.0,925.0,996.0,1030.0,599.0,863.0,1253.0,1168.0,1131.0,1330.0,1502.0,1141.0,895.0,1120.0,929.0,959.0,946.0,1175.0,1069.0,1237.0,950.0,993.0,streamcluster
503.0,285.0,327.0,279.0,293.0,343.0,186.0,256.0,221.0,223.0,173.0,217.0,76.0,256.0,250.0,324.0,187.0,158.0,99.0,106.0,144.0,124.0,134.0,156.0,162.0,106.0,105.0,112.0,20.0,134.0,138.0,133.0,243.0,127.0,163.0,124.0,137.0,144.0,180.0,112.0,134.0,133.0,127.0,134.0,32.0,141.0,135.0,162.0,184.0,83.0,119.0,116.0,139.0,173.0,138.0,83.0,118.0,117.0,126.0,114.0,17.0,135.0,125.0,92.0,227.0,154.0,146.0,191.0,155.0,153.0,181.0,139.0,150.0,180.0,129.0,229.0,23.0,175.0,161.0,135.0,242.0,132.0,145.0,176.0,149.0,150.0,187.0,143.0,137.0,145.0,108.0,128.0,23.0,145.0,136.0,150.0,164.0,119.0,126.0,138.0,138.0,149.0,127.0,172.0,142.0,122.0,120.0,128.0,20.0,128.0,124.0,141.0,159.0,118.0,117.0,93.0,89.0,126.0,176.0,87.0,101.0,107.0,116.0,107.0,13.0,115.0,109.0,118.0,179.0,173.0,137.0,124.0,119.0,118.0,168.0,161.0,119.0,118.0,122.0,111.0,19.0,124.0,135.0,139.0,162.0,112.0,111.0,107.0,123.0,106.0,153.0,112.0,119.0,78.0,109.0,52.0,21.0,111.0,182.0,99.0,147.0,119.0,120.0,132.0,133.0,122.0,176.0,122.0,119.0,125.0,112.0,118.0,20.0,122.0,152.0,112.0,146.0,72.0,95.0,97.0,151.0,112.0,139.0,98.0,84.0,99.0,107.0,161.0,14.0,124.0,100.0,84.0,148.0,139.0,132.0,127.0,119.0,133.0,155.0,121.0,141.0,120.0,129.0,144.0,16.0,125.0,128.0,133.0,176.0,135.0,142.0,142.0,118.0,108.0,128.0,105.0,117.0,126.0,118.0,126.0,19.0,106.0,119.0,158.0,152.0,120.0,143.0,136.0,144.0,135.0,132.0,123.0,114.0,157.0,129.0,143.0,16.0,108.0,115.0,123.0,193.0,136.0,159.0,160.0,135.0,147.0,131.0,145.0,148.0,120.0,115.0,139.0,25.0,142.0,117.0,143.0,streamcluster
5669.0,1800.0,2179.0,2168.0,2344.0,3142.0,1591.0,2192.0,1328.0,1363.0,1500.0,1546.0,1566.0,1974.0,1540.0,1816.0,1272.0,1006.0,762.0,885.0,1388.0,1132.0,824.0,1416.0,1137.0,816.0,772.0,868.0,1080.0,1104.0,967.0,1152.0,1772.0,972.0,969.0,1093.0,1276.0,1100.0,1083.0,1128.0,977.0,1129.0,1101.0,957.0,1147.0,1098.0,1124.0,1213.0,1598.0,1173.0,1284.0,902.0,1842.0,1951.0,1253.0,1267.0,1245.0,1345.0,1349.0,1353.0,1404.0,1316.0,1301.0,1301.0,1941.0,1658.0,1516.0,1951.0,1839.0,1776.0,1658.0,1896.0,1607.0,1703.0,1736.0,2306.0,1473.0,1746.0,1517.0,1571.0,1868.0,1231.0,1030.0,1619.0,1770.0,1097.0,1148.0,1431.0,1167.0,1205.0,1053.0,1100.0,1062.0,1218.0,936.0,1275.0,1140.0,935.0,893.0,954.0,1400.0,1325.0,565.0,1334.0,960.0,982.0,988.0,886.0,997.0,1019.0,808.0,1013.0,1609.0,1193.0,1180.0,1252.0,1414.0,1355.0,1462.0,1125.0,1181.0,1158.0,1470.0,1245.0,1290.0,1212.0,1047.0,1144.0,1186.0,1346.0,1044.0,1057.0,1319.0,932.0,1199.0,1308.0,589.0,1038.0,923.0,834.0,1055.0,1043.0,1041.0,1038.0,959.0,892.0,890.0,926.0,1257.0,835.0,921.0,1033.0,937.0,419.0,767.0,488.0,784.0,888.0,1108.0,812.0,1100.0,1114.0,1052.0,1209.0,1538.0,1045.0,1237.0,1453.0,1010.0,1099.0,742.0,1108.0,1286.0,1061.0,1089.0,939.0,999.0,839.0,768.0,954.0,1587.0,896.0,1080.0,1197.0,708.0,934.0,1088.0,953.0,753.0,952.0,874.0,872.0,1184.0,1049.0,1186.0,1126.0,1180.0,903.0,969.0,1060.0,1000.0,829.0,1240.0,994.0,694.0,1024.0,1061.0,983.0,1148.0,1211.0,1010.0,1005.0,1211.0,828.0,880.0,910.0,893.0,911.0,817.0,938.0,923.0,561.0,911.0,1200.0,1061.0,1073.0,1217.0,945.0,1288.0,851.0,844.0,1102.0,859.0,968.0,983.0,994.0,1248.0,933.0,605.0,875.0,1320.0,1249.0,1165.0,1479.0,1482.0,1238.0,1024.0,1323.0,951.0,1026.0,1041.0,1107.0,1106.0,1298.0,1034.0,1016.0,streamcluster
9731.0,2913.0,4053.0,3949.0,4384.0,5999.0,2852.0,3584.0,2420.0,2463.0,2831.0,3098.0,2851.0,3164.0,3112.0,3107.0,2283.0,1986.0,1380.0,1798.0,2390.0,1993.0,1786.0,2465.0,2548.0,1648.0,1489.0,1569.0,1878.0,2155.0,1750.0,2068.0,3377.0,1844.0,1965.0,2129.0,2395.0,2431.0,1927.0,2064.0,2069.0,2066.0,1946.0,1780.0,2114.0,2271.0,1973.0,2082.0,3101.0,2240.0,2333.0,1724.0,3237.0,3581.0,2508.0,2131.0,2516.0,2518.0,2331.0,2408.0,2486.0,2631.0,2516.0,2363.0,3872.0,2578.0,2661.0,3530.0,3257.0,3329.0,2890.0,3038.0,2933.0,3244.0,3142.0,4196.0,2523.0,2895.0,2978.0,2751.0,3794.0,2074.0,1887.0,3187.0,3057.0,2126.0,2077.0,2399.0,2421.0,2399.0,1925.0,2034.0,1954.0,2200.0,2001.0,2309.0,2375.0,1978.0,1815.0,1891.0,2476.0,2068.0,1065.0,2410.0,1889.0,1792.0,1689.0,1785.0,1592.0,1864.0,1548.0,1773.0,3042.0,2207.0,2264.0,2243.0,2467.0,2504.0,2578.0,1781.0,1931.0,1986.0,2344.0,2194.0,1976.0,2262.0,1983.0,2107.0,2152.0,2570.0,1969.0,1954.0,2417.0,1874.0,2282.0,2240.0,1267.0,1866.0,1930.0,1802.0,1883.0,1832.0,2052.0,1982.0,1696.0,1615.0,1451.0,1732.0,2250.0,1607.0,1746.0,1898.0,1739.0,825.0,1486.0,924.0,1462.0,1670.0,2110.0,1565.0,2179.0,1818.0,1755.0,2228.0,2659.0,2161.0,2229.0,2174.0,2145.0,2241.0,1405.0,1929.0,2415.0,2086.0,2335.0,1787.0,1936.0,1304.0,1438.0,1753.0,2928.0,1944.0,1798.0,1948.0,1662.0,1571.0,1980.0,1962.0,1554.0,1626.0,1639.0,1425.0,1973.0,2039.0,1878.0,1972.0,2050.0,1819.0,1829.0,2147.0,1796.0,1713.0,2305.0,1853.0,1317.0,2003.0,2190.0,1861.0,2024.0,2203.0,2128.0,2133.0,2122.0,1466.0,1500.0,1897.0,1566.0,1667.0,1711.0,1675.0,1812.0,1144.0,1726.0,2426.0,2140.0,1921.0,2095.0,2094.0,2550.0,1759.0,1411.0,1996.0,1581.0,2016.0,2003.0,1980.0,2127.0,1753.0,1252.0,1634.0,2297.0,2104.0,2180.0,2506.0,2542.0,2524.0,1602.0,2357.0,1915.0,1999.0,1882.0,2173.0,2154.0,2617.0,1964.0,1850.0,streamcluster
9586.0,2819.0,3905.0,4062.0,4375.0,5402.0,2523.0,3435.0,2369.0,2377.0,2549.0,2838.0,2514.0,3219.0,2775.0,3116.0,2164.0,1883.0,1364.0,1701.0,2271.0,1845.0,1726.0,2261.0,2386.0,1621.0,1487.0,1553.0,1759.0,2034.0,1721.0,2059.0,3182.0,1748.0,1844.0,1979.0,2580.0,2164.0,1810.0,1881.0,1934.0,1915.0,1986.0,1757.0,1989.0,2087.0,1863.0,1963.0,3119.0,2065.0,2151.0,1599.0,3306.0,3256.0,2417.0,2106.0,2279.0,2435.0,2338.0,2294.0,2277.0,2352.0,2320.0,2318.0,3881.0,2694.0,2640.0,3494.0,3100.0,3160.0,2713.0,3120.0,2704.0,2994.0,2705.0,4127.0,2385.0,2942.0,2801.0,2622.0,3435.0,2085.0,1782.0,2732.0,2778.0,1993.0,1930.0,2228.0,2410.0,2302.0,2309.0,1913.0,1657.0,1979.0,1684.0,2143.0,2312.0,1699.0,1663.0,1834.0,2350.0,2136.0,997.0,2143.0,1744.0,1676.0,1584.0,1626.0,1464.0,1812.0,1366.0,1854.0,2872.0,2264.0,2052.0,2038.0,2532.0,2353.0,2354.0,1784.0,1972.0,2041.0,2415.0,2135.0,1993.0,2195.0,1952.0,1951.0,2182.0,2424.0,1889.0,1710.0,2310.0,1820.0,2019.0,2126.0,1162.0,1983.0,1679.0,1831.0,2047.0,1733.0,1809.0,1709.0,1705.0,1606.0,1484.0,1682.0,2200.0,1557.0,1578.0,1920.0,1643.0,778.0,1385.0,881.0,1209.0,1540.0,2083.0,1351.0,2090.0,1973.0,1777.0,2253.0,2500.0,2045.0,2006.0,2178.0,1794.0,2039.0,1359.0,2083.0,2227.0,1740.0,2021.0,1802.0,1979.0,1255.0,1445.0,1553.0,2695.0,1846.0,1756.0,1976.0,1417.0,1611.0,1867.0,1865.0,1478.0,1672.0,1407.0,1460.0,1879.0,1978.0,1959.0,1738.0,1939.0,1555.0,1751.0,2095.0,1716.0,1552.0,2116.0,1831.0,1160.0,1786.0,1941.0,1753.0,2079.0,1976.0,1865.0,1935.0,1967.0,1509.0,1628.0,1645.0,1527.0,1565.0,1491.0,1711.0,1633.0,1055.0,1617.0,2500.0,1950.0,1874.0,1833.0,1911.0,2385.0,1683.0,1387.0,2020.0,1727.0,2007.0,1813.0,1723.0,1820.0,1826.0,1117.0,1449.0,2297.0,2130.0,1967.0,2441.0,2574.0,2375.0,1632.0,2215.0,1848.0,1759.0,1802.0,2064.0,1768.0,2523.0,1855.0,1828.0,streamcluster
9628.0,2967.0,3653.0,3807.0,4429.0,5981.0,2614.0,3520.0,2293.0,2445.0,2593.0,2774.0,2713.0,3127.0,2675.0,3061.0,2184.0,1835.0,1259.0,1593.0,2294.0,1656.0,1837.0,2179.0,2245.0,1600.0,1486.0,1604.0,1784.0,1969.0,1808.0,1811.0,3003.0,1740.0,1763.0,2023.0,2492.0,2172.0,2115.0,2005.0,2055.0,1980.0,1965.0,1770.0,1998.0,2175.0,1836.0,1985.0,3090.0,2106.0,2130.0,1603.0,3090.0,3510.0,2201.0,2156.0,2294.0,2410.0,2277.0,2313.0,2247.0,2556.0,2279.0,2317.0,3915.0,2706.0,2391.0,3422.0,3223.0,3411.0,2548.0,2863.0,2795.0,3143.0,2894.0,4152.0,2506.0,2798.0,2820.0,2814.0,3641.0,1959.0,1702.0,3128.0,2958.0,2063.0,1956.0,2246.0,2314.0,2416.0,2150.0,1944.0,1851.0,1963.0,1854.0,2233.0,2388.0,1763.0,1738.0,1863.0,2326.0,2120.0,1013.0,2317.0,1723.0,1696.0,1788.0,1637.0,1503.0,1893.0,1497.0,1657.0,2828.0,2175.0,2081.0,2254.0,2450.0,2291.0,2574.0,1701.0,2049.0,1963.0,2367.0,2133.0,2117.0,2214.0,2028.0,2090.0,2267.0,2465.0,1915.0,1948.0,2484.0,1882.0,2082.0,2144.0,1110.0,1824.0,1714.0,1617.0,1924.0,1844.0,1942.0,1935.0,1494.0,1656.0,1429.0,1749.0,2103.0,1497.0,1717.0,1743.0,1760.0,769.0,1378.0,784.0,1321.0,1585.0,2213.0,1515.0,2084.0,1884.0,1752.0,2069.0,2818.0,2150.0,2223.0,2147.0,1864.0,2261.0,1344.0,1826.0,2196.0,1969.0,2015.0,1681.0,1824.0,1281.0,1436.0,1656.0,2832.0,1821.0,1766.0,1857.0,1402.0,1521.0,1741.0,1779.0,1542.0,1562.0,1379.0,1500.0,1923.0,1875.0,1852.0,1889.0,2124.0,1644.0,1876.0,2091.0,1715.0,1610.0,2225.0,1898.0,1151.0,1885.0,1942.0,1749.0,2055.0,2013.0,1827.0,1900.0,1948.0,1418.0,1514.0,2005.0,1616.0,1480.0,1466.0,1504.0,1796.0,1061.0,1633.0,2335.0,1921.0,1914.0,1823.0,1835.0,2540.0,1697.0,1577.0,1825.0,1695.0,2010.0,1900.0,1747.0,1794.0,1705.0,1158.0,1621.0,2343.0,1903.0,2060.0,2481.0,2661.0,2477.0,1606.0,2254.0,1882.0,1988.0,1721.0,1992.0,1863.0,2246.0,1784.0,1841.0,streamcluster
2571.0,288.0,1456.0,1404.0,1102.0,1536.0,944.0,1040.0,919.0,896.0,898.0,893.0,1147.0,2253.0,1252.0,1231.0,560.0,9.0,286.0,367.0,473.0,420.0,363.0,468.0,450.0,477.0,340.0,317.0,424.0,1114.0,410.0,495.0,849.0,9.0,591.0,585.0,690.0,792.0,604.0,631.0,654.0,628.0,636.0,548.0,745.0,1833.0,600.0,703.0,835.0,9.0,605.0,501.0,669.0,709.0,623.0,516.0,645.0,594.0,607.0,600.0,627.0,1560.0,599.0,616.0,1056.0,16.0,698.0,902.0,704.0,897.0,750.0,754.0,837.0,764.0,654.0,1026.0,768.0,1960.0,801.0,722.0,1099.0,31.0,744.0,811.0,748.0,667.0,648.0,743.0,904.0,835.0,933.0,755.0,760.0,2207.0,696.0,800.0,750.0,20.0,512.0,646.0,576.0,575.0,459.0,511.0,521.0,555.0,569.0,639.0,651.0,2019.0,540.0,573.0,628.0,11.0,504.0,519.0,352.0,438.0,494.0,351.0,312.0,392.0,507.0,461.0,445.0,1544.0,525.0,424.0,667.0,7.0,575.0,565.0,520.0,475.0,563.0,514.0,462.0,567.0,477.0,440.0,619.0,1356.0,670.0,539.0,472.0,11.0,459.0,507.0,433.0,419.0,517.0,439.0,633.0,407.0,377.0,203.0,326.0,1082.0,511.0,413.0,599.0,10.0,677.0,607.0,676.0,710.0,648.0,682.0,593.0,693.0,522.0,688.0,579.0,1473.0,720.0,547.0,560.0,20.0,413.0,461.0,579.0,661.0,588.0,463.0,442.0,440.0,606.0,569.0,447.0,1312.0,486.0,449.0,677.0,30.0,647.0,591.0,648.0,578.0,613.0,519.0,630.0,516.0,603.0,637.0,554.0,1598.0,596.0,776.0,937.0,38.0,895.0,920.0,878.0,686.0,890.0,893.0,688.0,669.0,672.0,815.0,807.0,1100.0,840.0,792.0,659.0,30.0,584.0,610.0,568.0,475.0,432.0,532.0,514.0,442.0,508.0,497.0,568.0,1533.0,453.0,462.0,907.0,9.0,729.0,863.0,688.0,702.0,534.0,700.0,756.0,724.0,542.0,647.0,729.0,1460.0,584.0,626.0,streamcluster
9729.0,2808.0,3786.0,3839.0,4442.0,5566.0,2620.0,3347.0,2333.0,2455.0,2517.0,2830.0,2670.0,3377.0,2888.0,3063.0,2229.0,1873.0,1315.0,1844.0,2113.0,1859.0,1564.0,2144.0,2226.0,1791.0,1357.0,1631.0,1725.0,2172.0,1653.0,1874.0,3174.0,1851.0,1814.0,2021.0,2495.0,2154.0,1935.0,1900.0,1935.0,1934.0,1841.0,1799.0,2055.0,2279.0,1924.0,2135.0,3142.0,2076.0,2273.0,1673.0,3240.0,3501.0,2664.0,2127.0,2505.0,2482.0,2418.0,2214.0,2295.0,2443.0,2213.0,2164.0,3850.0,2234.0,2646.0,3381.0,3315.0,3334.0,2837.0,2802.0,2846.0,3056.0,2915.0,4079.0,2501.0,3276.0,3044.0,2813.0,3654.0,1927.0,1856.0,2936.0,2793.0,1955.0,2012.0,2058.0,2327.0,2353.0,2074.0,2125.0,1729.0,2240.0,1754.0,2183.0,2350.0,1735.0,1653.0,2143.0,2482.0,2034.0,1080.0,2263.0,1734.0,1818.0,1759.0,1645.0,1523.0,1990.0,1600.0,1797.0,2834.0,2186.0,2030.0,2136.0,2513.0,2282.0,2723.0,1698.0,1963.0,1980.0,2372.0,1999.0,1874.0,2158.0,1938.0,1957.0,2153.0,2483.0,1937.0,1965.0,2399.0,1735.0,2048.0,2052.0,1174.0,1838.0,1688.0,1756.0,1772.0,1895.0,2085.0,1900.0,1663.0,1708.0,1434.0,1748.0,2202.0,1441.0,1804.0,1678.0,1705.0,782.0,1339.0,949.0,1245.0,1600.0,2167.0,1449.0,2243.0,1781.0,1680.0,2242.0,2803.0,2075.0,2177.0,2083.0,1907.0,1947.0,1346.0,1949.0,2219.0,2033.0,2185.0,1796.0,1856.0,1347.0,1404.0,1632.0,2701.0,1774.0,1923.0,1537.0,1402.0,1570.0,1962.0,1845.0,1490.0,1748.0,1574.0,1425.0,2072.0,1715.0,1920.0,1654.0,2100.0,1705.0,1665.0,1836.0,1845.0,1636.0,2240.0,1828.0,1166.0,2001.0,1883.0,1737.0,2074.0,2099.0,2024.0,2004.0,2216.0,1533.0,1517.0,1764.0,1654.0,1544.0,1626.0,1642.0,1683.0,1042.0,1778.0,2328.0,1921.0,1731.0,2242.0,1832.0,2478.0,1692.0,1433.0,1933.0,1576.0,1900.0,1929.0,1662.0,1889.0,1836.0,1164.0,1618.0,2289.0,1974.0,1966.0,2447.0,2511.0,2204.0,1723.0,2153.0,1989.0,1819.0,1811.0,1971.0,1993.0,2515.0,1884.0,1807.0,streamcluster
9668.0,2973.0,3752.0,3932.0,4450.0,5786.0,2619.0,3567.0,2452.0,2542.0,2669.0,2847.0,2955.0,3472.0,2942.0,3187.0,2281.0,1983.0,1544.0,1667.0,2382.0,1776.0,1704.0,2359.0,2520.0,1664.0,1617.0,1687.0,1974.0,2224.0,1583.0,1893.0,3187.0,1944.0,1895.0,2085.0,2481.0,2256.0,1987.0,1973.0,2156.0,2024.0,1904.0,1824.0,2137.0,2259.0,1970.0,2147.0,3186.0,2177.0,2258.0,1724.0,3222.0,3664.0,2439.0,2170.0,2325.0,2656.0,2414.0,2359.0,2227.0,2490.0,2478.0,2325.0,3758.0,2702.0,2659.0,3411.0,3352.0,3409.0,2870.0,3308.0,2919.0,3124.0,2889.0,4106.0,2762.0,3029.0,3040.0,2970.0,3473.0,2049.0,1774.0,3135.0,3213.0,2142.0,1967.0,2424.0,2281.0,2247.0,2125.0,2074.0,2012.0,2191.0,1841.0,2172.0,2410.0,1856.0,1765.0,1884.0,2339.0,2192.0,1078.0,2478.0,2005.0,1721.0,1863.0,1603.0,1909.0,1846.0,1536.0,1706.0,2774.0,2174.0,2147.0,2380.0,2737.0,2391.0,2685.0,1840.0,1927.0,1878.0,2650.0,2153.0,2294.0,2402.0,2149.0,2051.0,2167.0,2718.0,2130.0,1948.0,2420.0,1784.0,2328.0,2280.0,1272.0,1944.0,1819.0,1588.0,1907.0,1878.0,1909.0,1906.0,1655.0,1635.0,1506.0,1660.0,2120.0,1531.0,1618.0,1857.0,1931.0,854.0,1338.0,1002.0,1296.0,1695.0,2106.0,1477.0,2163.0,1949.0,1783.0,2286.0,2821.0,2123.0,2257.0,2303.0,2047.0,1992.0,1433.0,2021.0,2468.0,1989.0,2233.0,1867.0,1767.0,1485.0,1325.0,1690.0,2797.0,1870.0,1785.0,1905.0,1573.0,1602.0,1979.0,1991.0,1700.0,1786.0,1477.0,1510.0,2144.0,2051.0,1938.0,1938.0,2146.0,1892.0,2011.0,2140.0,1730.0,1601.0,2403.0,2000.0,1308.0,1900.0,1951.0,1676.0,2245.0,2128.0,2118.0,2029.0,2070.0,1552.0,1650.0,1829.0,1563.0,1530.0,1630.0,1737.0,1800.0,1145.0,1745.0,2504.0,1914.0,1779.0,2108.0,1900.0,2505.0,1779.0,1414.0,2274.0,1722.0,2099.0,1900.0,1799.0,2065.0,1872.0,1246.0,1835.0,2370.0,2066.0,2057.0,2497.0,2583.0,2404.0,1637.0,2317.0,2020.0,1898.0,2015.0,2145.0,1939.0,2578.0,2115.0,1881.0,streamcluster
9666.0,3045.0,3809.0,3553.0,4527.0,5690.0,2704.0,3390.0,2416.0,2420.0,2599.0,2696.0,2725.0,3313.0,2832.0,3208.0,2392.0,1824.0,1443.0,1697.0,2246.0,1924.0,1623.0,2333.0,2232.0,1573.0,1432.0,1629.0,1803.0,1954.0,1583.0,1853.0,3156.0,1976.0,1834.0,1967.0,2251.0,2095.0,1773.0,1922.0,1915.0,2078.0,1836.0,1750.0,1911.0,2123.0,1916.0,2261.0,2905.0,2212.0,2222.0,1571.0,3140.0,3339.0,2487.0,2093.0,2374.0,2389.0,2304.0,2408.0,2162.0,2337.0,2335.0,2309.0,3838.0,2679.0,2403.0,3256.0,3195.0,3352.0,2629.0,2672.0,3099.0,3086.0,3036.0,4164.0,2476.0,2922.0,2813.0,2917.0,3620.0,2171.0,1763.0,3020.0,2839.0,2015.0,2017.0,2132.0,2334.0,2380.0,2139.0,2080.0,1767.0,2067.0,1742.0,2379.0,2587.0,1814.0,1599.0,1889.0,2289.0,2110.0,1022.0,2219.0,1633.0,1882.0,1773.0,1723.0,1492.0,1822.0,1437.0,1661.0,2706.0,2379.0,1988.0,1976.0,2325.0,2296.0,2726.0,1615.0,1928.0,1996.0,2349.0,2039.0,2191.0,2136.0,1919.0,2005.0,2116.0,2624.0,1855.0,1875.0,2523.0,1833.0,2007.0,2056.0,1213.0,1801.0,1985.0,1729.0,1894.0,1709.0,2004.0,1724.0,1544.0,1639.0,1576.0,1726.0,2224.0,1513.0,1751.0,1687.0,1649.0,735.0,1360.0,901.0,1228.0,1691.0,2246.0,1403.0,2144.0,1924.0,1710.0,2066.0,2737.0,2224.0,2153.0,2069.0,1931.0,2083.0,1384.0,1915.0,2297.0,1921.0,2137.0,1807.0,1835.0,1350.0,1280.0,1714.0,2826.0,1885.0,1861.0,1641.0,1601.0,1613.0,1786.0,1872.0,1359.0,1712.0,1470.0,1424.0,2062.0,2011.0,2176.0,1781.0,2003.0,1662.0,1723.0,2026.0,1767.0,1610.0,2201.0,1704.0,1159.0,1821.0,1864.0,1644.0,2103.0,2027.0,1857.0,1861.0,1981.0,1503.0,1593.0,1696.0,1609.0,1614.0,1552.0,1574.0,1714.0,1054.0,1646.0,2422.0,2023.0,1799.0,2085.0,1880.0,2361.0,1667.0,1364.0,1908.0,1649.0,2001.0,1884.0,1686.0,2092.0,1686.0,1098.0,1674.0,2263.0,2195.0,1908.0,2253.0,2681.0,2525.0,1553.0,2087.0,2032.0,1930.0,1765.0,2014.0,1823.0,2567.0,1914.0,1847.0,streamcluster
9918.0,3128.0,3909.0,3889.0,4349.0,5734.0,2726.0,3366.0,2340.0,2410.0,2735.0,2697.0,2640.0,3157.0,2831.0,3032.0,2225.0,1862.0,1393.0,1837.0,2418.0,1911.0,1688.0,2192.0,2319.0,1629.0,1438.0,1641.0,1711.0,1907.0,1585.0,1934.0,3126.0,2009.0,1867.0,1961.0,2491.0,2221.0,1843.0,1857.0,1793.0,1869.0,1999.0,1751.0,2171.0,2092.0,1643.0,1937.0,3144.0,2099.0,2108.0,1618.0,3127.0,3323.0,2259.0,2169.0,2501.0,2448.0,2260.0,2313.0,2344.0,2353.0,2286.0,2306.0,3721.0,2849.0,2818.0,3381.0,3543.0,3212.0,3001.0,2782.0,2999.0,3161.0,3029.0,4173.0,2393.0,2865.0,2823.0,2775.0,3447.0,2220.0,1799.0,3021.0,3226.0,1955.0,1968.0,2206.0,2267.0,2239.0,2080.0,2218.0,1743.0,2115.0,1749.0,2156.0,2260.0,1744.0,1602.0,1918.0,2512.0,2128.0,1027.0,2312.0,1817.0,1771.0,1729.0,1615.0,1505.0,1659.0,1509.0,1555.0,2781.0,2475.0,2079.0,2118.0,2453.0,2392.0,2642.0,1709.0,1926.0,2040.0,2457.0,2072.0,1949.0,2231.0,1951.0,1859.0,2089.0,2562.0,1926.0,1863.0,2465.0,1783.0,2265.0,2121.0,1176.0,1744.0,1829.0,1712.0,1868.0,1709.0,1790.0,2045.0,1590.0,1578.0,1409.0,1730.0,2196.0,1553.0,1790.0,1781.0,1687.0,741.0,1320.0,1017.0,1165.0,1669.0,2087.0,1330.0,1983.0,2040.0,1762.0,2176.0,2919.0,2113.0,2107.0,2089.0,1923.0,1933.0,1396.0,1844.0,2213.0,1962.0,2184.0,1719.0,1770.0,1483.0,1389.0,1803.0,3039.0,1913.0,1712.0,1818.0,1392.0,1750.0,1907.0,1829.0,1406.0,1671.0,1353.0,1465.0,2251.0,1933.0,1907.0,1832.0,2007.0,1627.0,1702.0,1772.0,1776.0,1507.0,2147.0,1752.0,1166.0,1896.0,1948.0,1576.0,1998.0,2021.0,1984.0,1883.0,2090.0,1594.0,1429.0,1989.0,1582.0,1403.0,1510.0,1721.0,1644.0,1040.0,1664.0,2332.0,1996.0,1788.0,1966.0,1818.0,2439.0,1545.0,1318.0,2158.0,1648.0,1900.0,2040.0,1648.0,1768.0,1731.0,1126.0,1704.0,2268.0,1984.0,2102.0,2453.0,2752.0,2336.0,1619.0,2154.0,1921.0,1758.0,1893.0,2037.0,1863.0,2479.0,1900.0,1777.0,streamcluster
8936.0,2829.0,3532.0,3569.0,3947.0,5318.0,2248.0,3260.0,2084.0,2171.0,2375.0,2368.0,2490.0,2904.0,2704.0,2860.0,2068.0,1693.0,1353.0,1560.0,2081.0,1560.0,1440.0,2186.0,2150.0,1506.0,1413.0,1505.0,1651.0,1841.0,1531.0,1579.0,2754.0,1796.0,1671.0,1923.0,2069.0,1921.0,1775.0,1812.0,1661.0,1784.0,1764.0,1493.0,1909.0,2023.0,1667.0,1897.0,2830.0,1935.0,1997.0,1521.0,2870.0,3148.0,2227.0,2046.0,2269.0,2178.0,2138.0,2133.0,2084.0,2148.0,2222.0,1999.0,3263.0,2366.0,2305.0,3127.0,2817.0,2884.0,2496.0,2773.0,2507.0,2896.0,2739.0,3770.0,2247.0,2640.0,2621.0,2455.0,3379.0,1915.0,1622.0,2816.0,2676.0,1854.0,1827.0,2287.0,2014.0,2007.0,1740.0,2001.0,1615.0,2017.0,1590.0,1919.0,2001.0,1499.0,1470.0,1824.0,2147.0,2055.0,905.0,2101.0,1645.0,1544.0,1549.0,1477.0,1411.0,1708.0,1395.0,1468.0,2549.0,1968.0,1869.0,2092.0,2146.0,2256.0,2474.0,1610.0,1760.0,1743.0,2079.0,1782.0,1775.0,2011.0,1837.0,1987.0,1893.0,2391.0,1590.0,1622.0,2057.0,1566.0,1932.0,2132.0,1061.0,1683.0,1581.0,1540.0,1689.0,1585.0,1738.0,1852.0,1512.0,1422.0,1381.0,1682.0,1903.0,1377.0,1404.0,1604.0,1445.0,682.0,1340.0,730.0,1203.0,1471.0,1805.0,1231.0,1862.0,1821.0,1469.0,1927.0,2522.0,1853.0,1929.0,2005.0,1656.0,1927.0,1221.0,1550.0,2059.0,1727.0,2094.0,1578.0,1559.0,1254.0,1220.0,1495.0,2643.0,1780.0,1570.0,1649.0,1307.0,1365.0,1724.0,1617.0,1327.0,1352.0,1288.0,1400.0,1682.0,1839.0,1860.0,1736.0,1777.0,1583.0,1529.0,1788.0,1744.0,1399.0,1904.0,1582.0,1107.0,1804.0,1712.0,1645.0,1880.0,1882.0,1768.0,1736.0,1776.0,1348.0,1426.0,2076.0,1380.0,1498.0,1370.0,1337.0,1650.0,935.0,1442.0,2145.0,1738.0,1680.0,1764.0,1736.0,2181.0,1498.0,1349.0,1997.0,1549.0,1907.0,1706.0,1438.0,1745.0,1440.0,1051.0,1570.0,2013.0,1975.0,1833.0,2229.0,2305.0,2051.0,1449.0,2196.0,1708.0,1587.0,1752.0,1813.0,1725.0,2418.0,1655.0,1658.0,streamcluster
9181.0,2849.0,3835.0,3673.0,4406.0,5559.0,2701.0,3483.0,2189.0,2338.0,2716.0,2845.0,2504.0,3146.0,2923.0,3064.0,2083.0,1906.0,1387.0,1607.0,2246.0,1989.0,1664.0,2230.0,2294.0,1586.0,1472.0,1655.0,1803.0,2168.0,1563.0,1824.0,3271.0,1824.0,1857.0,1946.0,2580.0,2139.0,2058.0,1817.0,1841.0,2040.0,1850.0,1848.0,1874.0,2119.0,1809.0,1825.0,2983.0,2041.0,2105.0,1584.0,3173.0,3317.0,2462.0,2105.0,2478.0,2425.0,2347.0,2289.0,2182.0,2374.0,2191.0,2157.0,4140.0,2376.0,2614.0,3359.0,3279.0,3097.0,3098.0,2887.0,2844.0,3129.0,2857.0,4180.0,2401.0,3079.0,2806.0,2761.0,3554.0,2094.0,1852.0,2966.0,3022.0,2024.0,2161.0,2204.0,2254.0,2244.0,1994.0,1836.0,1694.0,2190.0,1644.0,2198.0,2224.0,1620.0,1735.0,1945.0,2482.0,2292.0,1074.0,2381.0,1728.0,1749.0,1733.0,1705.0,1560.0,1863.0,1466.0,1646.0,2967.0,2294.0,2046.0,2066.0,2449.0,2261.0,2686.0,1714.0,1989.0,2033.0,2340.0,2254.0,1888.0,2319.0,1756.0,2037.0,2115.0,2480.0,1890.0,1976.0,2345.0,1753.0,2213.0,2138.0,1115.0,1697.0,1797.0,1580.0,1850.0,1845.0,1942.0,1807.0,1564.0,1584.0,1547.0,1736.0,2202.0,1476.0,1686.0,1880.0,1564.0,770.0,1522.0,832.0,1232.0,1608.0,2014.0,1393.0,2169.0,1850.0,1787.0,2098.0,2692.0,2047.0,2300.0,2153.0,1773.0,2118.0,1327.0,1824.0,2255.0,1894.0,2246.0,1777.0,1935.0,1446.0,1519.0,1653.0,2823.0,1670.0,1926.0,1877.0,1435.0,1540.0,1813.0,1828.0,1450.0,1666.0,1462.0,1422.0,1979.0,1892.0,1735.0,1766.0,2019.0,1545.0,1778.0,1999.0,1594.0,1569.0,2276.0,1681.0,1135.0,1966.0,1924.0,1731.0,2007.0,1874.0,1944.0,1819.0,2058.0,1549.0,1686.0,1988.0,1479.0,1448.0,1573.0,1538.0,1549.0,1061.0,1715.0,2480.0,2188.0,1757.0,1940.0,1816.0,2371.0,1664.0,1403.0,1917.0,1525.0,1911.0,1950.0,1628.0,1841.0,1811.0,1132.0,1553.0,2225.0,1927.0,2135.0,2217.0,2586.0,2295.0,1683.0,2163.0,1691.0,1904.0,1835.0,2132.0,1890.0,2607.0,2005.0,1779.0,streamcluster
9313.0,2983.0,3915.0,3887.0,4246.0,5756.0,2874.0,3597.0,2338.0,2522.0,2927.0,2824.0,2747.0,3229.0,2855.0,3180.0,2385.0,1997.0,1433.0,1800.0,2327.0,1904.0,1897.0,2263.0,2418.0,1553.0,1421.0,1565.0,1959.0,2138.0,1771.0,1897.0,3228.0,2136.0,2039.0,2048.0,2666.0,2366.0,1994.0,1938.0,1967.0,2190.0,2035.0,1864.0,2123.0,2316.0,1956.0,2103.0,3043.0,2260.0,2162.0,1750.0,3312.0,3472.0,2647.0,2213.0,2558.0,2473.0,2192.0,2440.0,2339.0,2421.0,2330.0,2151.0,3400.0,2558.0,2808.0,3536.0,3475.0,3357.0,2710.0,3124.0,2873.0,3423.0,3088.0,4147.0,2864.0,3197.0,3001.0,2944.0,3481.0,2203.0,1970.0,3170.0,3022.0,2134.0,1882.0,2374.0,2426.0,2342.0,2123.0,1994.0,1903.0,2259.0,1773.0,2334.0,2129.0,1732.0,1742.0,1985.0,2532.0,2261.0,1077.0,2485.0,1874.0,1802.0,1785.0,1739.0,1723.0,2012.0,1628.0,1760.0,2762.0,2129.0,2266.0,2378.0,2595.0,2568.0,2520.0,1795.0,2080.0,2082.0,2448.0,2079.0,2165.0,2366.0,1903.0,2132.0,1939.0,2607.0,1985.0,2053.0,2437.0,1964.0,2297.0,2288.0,1241.0,1799.0,1884.0,1806.0,2046.0,1964.0,1873.0,2030.0,1612.0,1537.0,1532.0,1777.0,2375.0,1522.0,1743.0,1829.0,1670.0,806.0,1465.0,1020.0,1433.0,1768.0,2209.0,1420.0,2006.0,1814.0,1794.0,2103.0,2893.0,2311.0,2175.0,2171.0,1951.0,2225.0,1563.0,1866.0,2357.0,2139.0,2366.0,1888.0,1815.0,1447.0,1493.0,1649.0,2830.0,1823.0,1888.0,1949.0,1561.0,1751.0,1978.0,1893.0,1524.0,1764.0,1527.0,1386.0,1931.0,2120.0,2066.0,1891.0,2379.0,1720.0,1731.0,2096.0,1871.0,1701.0,2442.0,1870.0,1297.0,2067.0,2189.0,1676.0,2158.0,1946.0,2059.0,2039.0,2153.0,1540.0,1571.0,2083.0,1489.0,1577.0,1685.0,1576.0,1719.0,1103.0,1809.0,2432.0,1922.0,1801.0,2118.0,2032.0,2536.0,1765.0,1473.0,2134.0,1731.0,2147.0,2086.0,1689.0,2073.0,1737.0,1237.0,1675.0,2301.0,1951.0,2107.0,2456.0,2826.0,2450.0,1582.0,2282.0,1902.0,2091.0,2049.0,1934.0,2064.0,2606.0,1901.0,1881.0,streamcluster
8910.0,2880.0,3683.0,3999.0,4199.0,5656.0,2597.0,3409.0,2384.0,2452.0,2672.0,2741.0,2609.0,3024.0,2946.0,2861.0,2218.0,1881.0,1442.0,1779.0,2262.0,1758.0,1533.0,2347.0,2194.0,1588.0,1413.0,1608.0,1822.0,2145.0,1708.0,1859.0,2897.0,1902.0,1830.0,2029.0,2522.0,2124.0,2093.0,2016.0,2000.0,2149.0,1958.0,1735.0,2126.0,2133.0,1869.0,1852.0,2926.0,2262.0,2176.0,1646.0,3254.0,3469.0,2485.0,2060.0,2482.0,2544.0,2374.0,2406.0,2342.0,2397.0,2176.0,2174.0,3409.0,2437.0,2638.0,3479.0,3089.0,3152.0,2949.0,2958.0,3074.0,3021.0,2969.0,4237.0,2389.0,2833.0,2957.0,2509.0,3319.0,1957.0,1841.0,2923.0,2882.0,2027.0,2143.0,2212.0,2356.0,2250.0,2091.0,1988.0,1684.0,2109.0,1821.0,2136.0,2424.0,1706.0,1741.0,1888.0,2387.0,2212.0,1055.0,2198.0,1794.0,1771.0,1709.0,1771.0,1477.0,1727.0,1587.0,1630.0,2847.0,2198.0,2130.0,2068.0,2354.0,2466.0,2668.0,1778.0,2121.0,1902.0,2348.0,1991.0,2001.0,2119.0,2049.0,1908.0,2164.0,2494.0,1987.0,1959.0,2420.0,1734.0,2049.0,2314.0,1200.0,1803.0,1790.0,1769.0,1784.0,1702.0,1906.0,1727.0,1630.0,1698.0,1622.0,1836.0,2065.0,1379.0,1702.0,1730.0,1558.0,748.0,1361.0,845.0,1324.0,1609.0,2209.0,1341.0,2081.0,1878.0,1829.0,2195.0,2733.0,2068.0,2096.0,2136.0,2069.0,1971.0,1384.0,1883.0,2119.0,1884.0,2254.0,1624.0,1853.0,1372.0,1359.0,1794.0,2837.0,1823.0,1792.0,1790.0,1515.0,1630.0,1941.0,1835.0,1328.0,1542.0,1670.0,1307.0,1921.0,1894.0,1907.0,1802.0,1925.0,1712.0,1795.0,1980.0,1826.0,1735.0,2238.0,1705.0,1145.0,1831.0,2040.0,1445.0,2015.0,2143.0,1908.0,2003.0,1920.0,1430.0,1512.0,1878.0,1625.0,1569.0,1654.0,1523.0,1662.0,1063.0,1616.0,2497.0,1861.0,1837.0,2185.0,1759.0,2489.0,1735.0,1451.0,1865.0,1538.0,1925.0,2013.0,1706.0,1918.0,2057.0,1184.0,1641.0,2142.0,1956.0,1991.0,2424.0,2591.0,2333.0,1613.0,2252.0,1964.0,1891.0,1830.0,2014.0,1700.0,2587.0,1944.0,1699.0,streamcluster
6559.0,2010.0,2415.0,2451.0,2972.0,3708.0,1608.0,2503.0,1675.0,1653.0,1588.0,1758.0,1638.0,2206.0,2062.0,2098.0,1642.0,1223.0,879.0,1247.0,1512.0,1181.0,1097.0,1540.0,1546.0,1003.0,883.0,952.0,1086.0,1354.0,1063.0,1050.0,1853.0,1295.0,1116.0,1263.0,1609.0,1418.0,1220.0,1261.0,1374.0,1324.0,1142.0,1124.0,1336.0,1303.0,1095.0,1250.0,1961.0,1450.0,1335.0,1035.0,2326.0,2114.0,1481.0,1513.0,1575.0,1560.0,1487.0,1508.0,1498.0,1473.0,1518.0,1492.0,2677.0,1664.0,1735.0,2266.0,2201.0,2072.0,1682.0,2069.0,1964.0,2035.0,1913.0,2637.0,1588.0,1922.0,1979.0,1833.0,2306.0,1323.0,1182.0,1812.0,1989.0,1291.0,1244.0,1649.0,1591.0,1441.0,1187.0,1285.0,1047.0,1370.0,1171.0,1451.0,1400.0,1108.0,1035.0,1155.0,1468.0,1365.0,605.0,1472.0,1194.0,1089.0,998.0,1099.0,1015.0,1230.0,1023.0,1089.0,1790.0,1308.0,1465.0,1519.0,1601.0,1669.0,1764.0,1190.0,1323.0,1307.0,1525.0,1316.0,1251.0,1450.0,1398.0,1285.0,1423.0,1609.0,1395.0,1196.0,1517.0,1274.0,1321.0,1444.0,761.0,1257.0,1018.0,1010.0,1253.0,1179.0,1260.0,1220.0,1090.0,933.0,990.0,1076.0,1476.0,917.0,1008.0,1237.0,1044.0,493.0,846.0,604.0,902.0,1059.0,1454.0,904.0,1443.0,1275.0,1185.0,1352.0,1823.0,1257.0,1289.0,1471.0,1338.0,1223.0,804.0,1196.0,1306.0,1164.0,1385.0,1098.0,1170.0,940.0,976.0,1069.0,1899.0,1146.0,1031.0,1138.0,1041.0,1048.0,1269.0,1126.0,856.0,1104.0,908.0,892.0,1271.0,1370.0,1174.0,1188.0,1382.0,1047.0,1099.0,1341.0,1158.0,1084.0,1393.0,1140.0,720.0,1224.0,1346.0,1122.0,1475.0,1348.0,1320.0,1255.0,1245.0,983.0,953.0,1207.0,934.0,941.0,929.0,905.0,996.0,657.0,1190.0,1552.0,1329.0,1370.0,1193.0,1215.0,1563.0,1092.0,918.0,1295.0,1105.0,1335.0,1137.0,1025.0,1232.0,1104.0,747.0,1069.0,1510.0,1179.0,1302.0,1499.0,1738.0,1467.0,1125.0,1470.0,1218.0,1247.0,1172.0,1210.0,1170.0,1723.0,1229.0,1182.0,streamcluster
7001.0,2312.0,3087.0,3134.0,3318.0,4149.0,1959.0,2849.0,2025.0,1913.0,2132.0,2267.0,1916.0,2514.0,2416.0,2380.0,1784.0,1611.0,1037.0,1394.0,1697.0,1483.0,1507.0,1811.0,1921.0,1225.0,1066.0,1209.0,1519.0,1657.0,1263.0,1523.0,2501.0,1549.0,1538.0,1608.0,1878.0,1758.0,1550.0,1504.0,1603.0,1589.0,1354.0,1490.0,1480.0,1609.0,1597.0,1677.0,2365.0,1755.0,1688.0,1279.0,2500.0,2786.0,1908.0,1601.0,1954.0,1852.0,1814.0,1759.0,1803.0,1936.0,1730.0,1670.0,2911.0,1814.0,2001.0,2734.0,2410.0,2473.0,2150.0,2314.0,2275.0,2407.0,2139.0,3131.0,1776.0,2410.0,2288.0,2024.0,2635.0,1726.0,1457.0,2507.0,2305.0,1746.0,1652.0,1772.0,1921.0,1784.0,1543.0,1719.0,1394.0,1734.0,1398.0,1663.0,1726.0,1302.0,1357.0,1555.0,1984.0,1918.0,839.0,1832.0,1465.0,1435.0,1313.0,1293.0,1251.0,1531.0,1304.0,1427.0,2367.0,1660.0,1527.0,1675.0,1714.0,1867.0,1911.0,1352.0,1617.0,1562.0,1787.0,1702.0,1419.0,1765.0,1581.0,1635.0,1766.0,2126.0,1389.0,1518.0,1808.0,1467.0,1652.0,1896.0,980.0,1331.0,1472.0,1333.0,1279.0,1460.0,1533.0,1484.0,1302.0,1197.0,1103.0,1340.0,1836.0,1184.0,1308.0,1366.0,1226.0,596.0,1221.0,763.0,1045.0,1364.0,1706.0,1031.0,1745.0,1394.0,1295.0,1661.0,1990.0,1657.0,1746.0,1680.0,1556.0,1666.0,1150.0,1573.0,1655.0,1713.0,1807.0,1377.0,1418.0,1062.0,1043.0,1184.0,2084.0,1440.0,1337.0,1594.0,1087.0,1358.0,1480.0,1492.0,1102.0,1354.0,1343.0,1169.0,1636.0,1588.0,1437.0,1485.0,1520.0,1380.0,1393.0,1531.0,1453.0,1246.0,1810.0,1457.0,950.0,1539.0,1597.0,1225.0,1550.0,1618.0,1614.0,1426.0,1658.0,1198.0,1215.0,1247.0,1275.0,1221.0,1230.0,1273.0,1515.0,900.0,1365.0,1902.0,1593.0,1467.0,1769.0,1486.0,1882.0,1350.0,1117.0,1664.0,1180.0,1571.0,1573.0,1522.0,1394.0,1386.0,960.0,1250.0,1679.0,1645.0,1520.0,1912.0,1989.0,1802.0,1256.0,1859.0,1487.0,1455.0,1427.0,1571.0,1338.0,1965.0,1671.0,1489.0,streamcluster
2771.0,286.0,1497.0,1488.0,1299.0,1862.0,1078.0,1159.0,1093.0,1075.0,1027.0,1015.0,1294.0,2476.0,1324.0,1307.0,641.0,9.0,339.0,415.0,538.0,485.0,434.0,573.0,517.0,533.0,394.0,368.0,478.0,1246.0,488.0,567.0,1016.0,15.0,728.0,780.0,818.0,843.0,897.0,680.0,711.0,680.0,668.0,621.0,767.0,2090.0,711.0,790.0,943.0,12.0,781.0,537.0,703.0,849.0,720.0,489.0,693.0,609.0,675.0,665.0,741.0,1698.0,664.0,583.0,1254.0,20.0,834.0,934.0,768.0,871.0,958.0,918.0,863.0,851.0,845.0,1114.0,833.0,2295.0,851.0,804.0,1250.0,34.0,905.0,895.0,932.0,731.0,767.0,844.0,964.0,889.0,710.0,788.0,819.0,2446.0,765.0,912.0,878.0,19.0,687.0,710.0,770.0,713.0,554.0,676.0,602.0,662.0,648.0,656.0,676.0,2151.0,667.0,666.0,590.0,11.0,588.0,495.0,480.0,587.0,619.0,416.0,361.0,486.0,601.0,578.0,602.0,1641.0,486.0,515.0,810.0,12.0,665.0,643.0,586.0,586.0,664.0,633.0,524.0,683.0,537.0,537.0,651.0,1518.0,740.0,602.0,547.0,12.0,533.0,643.0,443.0,450.0,581.0,531.0,546.0,469.0,389.0,208.0,410.0,1337.0,570.0,552.0,724.0,15.0,707.0,709.0,745.0,691.0,775.0,731.0,722.0,724.0,625.0,757.0,719.0,1725.0,864.0,706.0,695.0,7.0,441.0,511.0,491.0,580.0,607.0,561.0,569.0,451.0,672.0,657.0,483.0,1439.0,548.0,630.0,816.0,31.0,770.0,731.0,598.0,648.0,710.0,732.0,675.0,677.0,718.0,712.0,671.0,1715.0,813.0,677.0,1046.0,45.0,1020.0,989.0,1033.0,768.0,774.0,899.0,856.0,860.0,884.0,811.0,834.0,1226.0,793.0,898.0,711.0,33.0,771.0,726.0,601.0,550.0,526.0,579.0,662.0,530.0,611.0,588.0,665.0,1552.0,545.0,565.0,842.0,3.0,824.0,922.0,740.0,812.0,589.0,777.0,742.0,823.0,678.0,815.0,938.0,1603.0,793.0,703.0,streamcluster
6651.0,2346.0,2846.0,2908.0,3163.0,3899.0,1808.0,2931.0,1749.0,1722.0,1949.0,1834.0,1904.0,2388.0,2068.0,2183.0,1684.0,1453.0,987.0,1231.0,1597.0,1306.0,1356.0,1655.0,1721.0,1203.0,1088.0,1300.0,1374.0,1642.0,1177.0,1316.0,2264.0,1289.0,1465.0,1404.0,1664.0,1508.0,1387.0,1528.0,1387.0,1528.0,1456.0,1204.0,1479.0,1644.0,1105.0,1492.0,2176.0,1622.0,1500.0,1226.0,2195.0,2612.0,1784.0,1591.0,1751.0,1795.0,1595.0,1664.0,1664.0,1821.0,1709.0,1746.0,2790.0,1820.0,1823.0,2447.0,2329.0,2004.0,1838.0,2430.0,2010.0,2314.0,2187.0,2807.0,1805.0,2283.0,2176.0,2050.0,2401.0,1423.0,1311.0,2308.0,2115.0,1458.0,1417.0,1779.0,1637.0,1566.0,1604.0,1415.0,1327.0,1678.0,1258.0,1517.0,1680.0,1442.0,1187.0,1309.0,1709.0,1511.0,729.0,1778.0,1301.0,1202.0,1215.0,1076.0,1205.0,1309.0,1104.0,1238.0,1972.0,1485.0,1501.0,1545.0,1959.0,1736.0,1787.0,1454.0,1495.0,1422.0,1914.0,1607.0,1534.0,1759.0,1416.0,1413.0,1461.0,1963.0,1423.0,1402.0,1594.0,1171.0,1519.0,1753.0,848.0,1393.0,1170.0,1134.0,1343.0,1335.0,1380.0,1345.0,1150.0,1265.0,1078.0,1303.0,1607.0,986.0,1179.0,1372.0,1218.0,576.0,969.0,581.0,963.0,1168.0,1675.0,1024.0,1498.0,1325.0,1358.0,1480.0,1992.0,1421.0,1558.0,1867.0,1363.0,1500.0,1056.0,1308.0,1669.0,1383.0,1530.0,1363.0,1192.0,1129.0,1112.0,1138.0,1923.0,1357.0,1194.0,1469.0,1091.0,1086.0,1487.0,1287.0,954.0,1199.0,1020.0,902.0,1390.0,1686.0,1486.0,1333.0,1461.0,1234.0,1307.0,1515.0,1281.0,1193.0,1660.0,1309.0,876.0,1383.0,1502.0,1136.0,1793.0,1400.0,1365.0,1488.0,1607.0,1096.0,1131.0,1395.0,1207.0,1028.0,1158.0,1023.0,1346.0,807.0,1134.0,1758.0,1348.0,1482.0,1434.0,1379.0,1866.0,1140.0,960.0,1385.0,1109.0,1647.0,1380.0,1293.0,1556.0,1286.0,813.0,1178.0,1684.0,1311.0,1660.0,1857.0,2009.0,1544.0,1176.0,1785.0,1494.0,1393.0,1377.0,1382.0,1454.0,1884.0,1267.0,1303.0,streamcluster
9450.0,2790.0,3981.0,3658.0,4070.0,5354.0,2683.0,3359.0,2232.0,2097.0,2450.0,2490.0,2574.0,2924.0,2631.0,2866.0,2153.0,1874.0,1303.0,1751.0,2137.0,1660.0,1593.0,2229.0,2395.0,1444.0,1381.0,1486.0,1839.0,1948.0,1475.0,1697.0,3092.0,1898.0,1825.0,1848.0,2316.0,2034.0,1784.0,1834.0,1802.0,1843.0,1748.0,1686.0,1918.0,2138.0,1653.0,1776.0,2705.0,2035.0,1902.0,1551.0,3081.0,3245.0,2211.0,2121.0,2305.0,2326.0,2224.0,2264.0,2017.0,2245.0,2220.0,2059.0,3616.0,2367.0,2645.0,3550.0,2984.0,2751.0,2620.0,2947.0,2621.0,2816.0,2668.0,3855.0,2297.0,2603.0,2815.0,2600.0,3413.0,1924.0,1733.0,2898.0,2643.0,1894.0,1756.0,2153.0,2177.0,1995.0,1881.0,1946.0,1617.0,1877.0,1630.0,2017.0,2166.0,1738.0,1476.0,1764.0,2405.0,1982.0,939.0,2337.0,1639.0,1571.0,1602.0,1529.0,1448.0,1613.0,1419.0,1558.0,2690.0,2009.0,1900.0,2049.0,2281.0,2193.0,2468.0,1709.0,1986.0,1962.0,2180.0,1912.0,1823.0,2152.0,1873.0,1890.0,2001.0,2449.0,1799.0,1688.0,2167.0,1640.0,2017.0,2213.0,1066.0,1568.0,1638.0,1430.0,1798.0,1583.0,2038.0,1734.0,1480.0,1489.0,1322.0,1709.0,2176.0,1335.0,1529.0,1740.0,1512.0,687.0,1306.0,792.0,1157.0,1357.0,2107.0,1357.0,1971.0,1828.0,1766.0,1871.0,2621.0,1982.0,2070.0,1990.0,1665.0,2033.0,1258.0,1771.0,2054.0,1679.0,2008.0,1667.0,1589.0,1286.0,1327.0,1551.0,2762.0,1637.0,1695.0,1739.0,1312.0,1474.0,1897.0,1738.0,1391.0,1494.0,1318.0,1265.0,1811.0,1941.0,1698.0,1820.0,1932.0,1613.0,1691.0,1880.0,1546.0,1430.0,2069.0,1649.0,1071.0,1625.0,1880.0,1575.0,2010.0,1875.0,1937.0,1711.0,1914.0,1412.0,1438.0,1722.0,1619.0,1343.0,1292.0,1394.0,1564.0,957.0,1485.0,2173.0,1805.0,1668.0,1819.0,1682.0,2373.0,1587.0,1322.0,1825.0,1599.0,1950.0,1820.0,1584.0,1663.0,1713.0,1041.0,1520.0,2159.0,1955.0,1979.0,2223.0,2529.0,2186.0,1505.0,2204.0,1625.0,1796.0,1783.0,1861.0,1797.0,2279.0,1621.0,1719.0,streamcluster
5753.0,1982.0,2051.0,2323.0,2815.0,3517.0,1695.0,2214.0,1489.0,1586.0,1517.0,1777.0,1642.0,1983.0,1778.0,2003.0,1429.0,1016.0,829.0,1246.0,1487.0,1209.0,1079.0,1312.0,1239.0,915.0,898.0,973.0,967.0,1312.0,924.0,1200.0,1662.0,1334.0,955.0,1155.0,1490.0,1226.0,1200.0,1276.0,1138.0,1368.0,1138.0,1073.0,1306.0,1182.0,1132.0,1289.0,1802.0,1338.0,1274.0,981.0,1828.0,1907.0,1335.0,1363.0,1569.0,1393.0,1370.0,1537.0,1457.0,1538.0,1360.0,1289.0,2345.0,1618.0,1468.0,1965.0,1989.0,1922.0,1657.0,1798.0,1796.0,1833.0,1593.0,2337.0,1567.0,1727.0,1734.0,1803.0,2292.0,1302.0,1042.0,1699.0,1691.0,1059.0,1241.0,1359.0,1456.0,1302.0,1336.0,1158.0,1122.0,1271.0,1053.0,1472.0,1504.0,1126.0,994.0,1292.0,1478.0,1264.0,648.0,1263.0,1056.0,995.0,1118.0,1161.0,1016.0,1162.0,982.0,979.0,1876.0,1264.0,1288.0,1201.0,1584.0,1333.0,1454.0,1088.0,1086.0,1277.0,1300.0,1308.0,1312.0,1212.0,1330.0,1230.0,1398.0,1433.0,1013.0,1215.0,1444.0,1081.0,1181.0,1326.0,776.0,1202.0,1023.0,975.0,1152.0,1108.0,1179.0,1154.0,987.0,940.0,945.0,1054.0,1368.0,865.0,982.0,1108.0,1039.0,472.0,820.0,566.0,845.0,951.0,1242.0,834.0,1293.0,1241.0,1175.0,1211.0,1640.0,1318.0,1222.0,1249.0,1279.0,1240.0,849.0,1159.0,1343.0,1146.0,1228.0,1123.0,1194.0,910.0,805.0,1100.0,1621.0,1010.0,1080.0,1207.0,888.0,915.0,1136.0,988.0,1035.0,905.0,946.0,877.0,1158.0,1151.0,1239.0,1164.0,1349.0,1069.0,1001.0,1279.0,1121.0,996.0,1236.0,1163.0,755.0,1105.0,1193.0,1131.0,1199.0,1274.0,1157.0,1179.0,1201.0,982.0,976.0,1068.0,936.0,884.0,938.0,975.0,912.0,622.0,953.0,1336.0,1212.0,1086.0,1231.0,1046.0,1418.0,974.0,880.0,1279.0,975.0,1223.0,1096.0,1114.0,1212.0,1090.0,755.0,1055.0,1406.0,1411.0,1185.0,1472.0,1742.0,1508.0,909.0,1380.0,1178.0,1121.0,1126.0,1242.0,1340.0,1315.0,1024.0,982.0,streamcluster
9103.0,3038.0,2921.0,3878.0,4238.0,5426.0,2858.0,3655.0,2562.0,2553.0,2586.0,2926.0,2636.0,3250.0,3218.0,3261.0,2490.0,1587.0,1445.0,1917.0,2440.0,2046.0,1704.0,2287.0,1884.0,1759.0,1458.0,1707.0,1707.0,2112.0,1629.0,1898.0,2446.0,1957.0,1335.0,2058.0,2585.0,2270.0,1966.0,1874.0,1997.0,2216.0,1883.0,1783.0,2035.0,2095.0,1901.0,2174.0,2921.0,2340.0,2288.0,1807.0,3225.0,2876.0,2467.0,2302.0,2488.0,2536.0,2486.0,2410.0,2392.0,2396.0,2462.0,2299.0,3576.0,2670.0,2692.0,3532.0,3380.0,3237.0,2612.0,2955.0,2942.0,3073.0,2947.0,3494.0,2528.0,2944.0,3121.0,2904.0,3438.0,2298.0,1880.0,2389.0,3156.0,1545.0,1787.0,2335.0,2443.0,2579.0,2319.0,2062.0,1825.0,2103.0,1882.0,2233.0,2176.0,1867.0,1750.0,2008.0,2503.0,1988.0,1087.0,1934.0,1624.0,1874.0,1740.0,1790.0,1678.0,1896.0,1558.0,1969.0,2707.0,2246.0,2203.0,2347.0,2483.0,2392.0,2312.0,1853.0,1779.0,2026.0,2349.0,2257.0,2180.0,2277.0,2032.0,1993.0,2063.0,2061.0,2063.0,2048.0,2487.0,1879.0,2014.0,2115.0,1401.0,1810.0,1752.0,1800.0,1887.0,1921.0,2075.0,1995.0,1698.0,1848.0,1584.0,1884.0,2112.0,1636.0,1640.0,1838.0,1744.0,830.0,1429.0,902.0,1444.0,1577.0,1751.0,1420.0,2002.0,2025.0,1770.0,2221.0,2914.0,2237.0,2180.0,2248.0,2027.0,2354.0,1468.0,2162.0,1862.0,1927.0,2105.0,1735.0,1777.0,1537.0,1333.0,1623.0,2151.0,1803.0,1768.0,2100.0,1658.0,1602.0,2216.0,1472.0,1415.0,1669.0,1819.0,1439.0,2005.0,2131.0,2009.0,2051.0,2060.0,1707.0,1904.0,2089.0,1913.0,1671.0,1813.0,1847.0,1223.0,2091.0,1757.0,1571.0,2127.0,2245.0,1954.0,1990.0,2148.0,1517.0,1553.0,2032.0,1621.0,1588.0,1599.0,1614.0,1880.0,1031.0,1824.0,1814.0,2202.0,2015.0,2066.0,2131.0,2393.0,1759.0,1385.0,2097.0,1833.0,1620.0,1683.0,1894.0,1756.0,1900.0,1319.0,1650.0,2258.0,1979.0,2013.0,2500.0,2631.0,2251.0,1749.0,2376.0,2008.0,1968.0,1843.0,2092.0,1953.0,1766.0,2172.0,1431.0,streamcluster
9232.0,3107.0,3053.0,3823.0,4410.0,5665.0,2568.0,3597.0,2311.0,2431.0,2502.0,2673.0,2692.0,3329.0,2665.0,3004.0,2406.0,1539.0,1522.0,1788.0,2390.0,2005.0,1773.0,2606.0,1832.0,1633.0,1474.0,1780.0,1584.0,2081.0,1566.0,1769.0,2234.0,1994.0,1319.0,1997.0,2399.0,2066.0,2032.0,1881.0,1970.0,2075.0,1843.0,1843.0,1997.0,2107.0,1813.0,2042.0,2976.0,2216.0,2206.0,1659.0,3327.0,2761.0,2420.0,2273.0,2454.0,2564.0,2358.0,2505.0,2357.0,2332.0,2337.0,2378.0,3528.0,2580.0,2647.0,3478.0,3185.0,2757.0,3052.0,3004.0,2880.0,3003.0,2999.0,3337.0,2519.0,3082.0,2659.0,2629.0,3588.0,2198.0,1861.0,2233.0,2862.0,1470.0,2051.0,2166.0,2285.0,2391.0,2148.0,2143.0,1726.0,2096.0,1643.0,2095.0,2125.0,1804.0,1772.0,1941.0,2494.0,2192.0,1071.0,1973.0,1581.0,1844.0,1844.0,1722.0,1601.0,2034.0,1474.0,1739.0,2687.0,2542.0,2162.0,2179.0,2496.0,2379.0,2339.0,1888.0,1902.0,1875.0,2267.0,2002.0,2060.0,2096.0,1938.0,1921.0,2019.0,1959.0,1866.0,1876.0,2479.0,1670.0,2017.0,2098.0,1226.0,1860.0,1801.0,1715.0,1948.0,1940.0,1952.0,1874.0,1602.0,1752.0,1573.0,1890.0,1969.0,1427.0,1765.0,1834.0,1616.0,808.0,1412.0,953.0,1229.0,1590.0,1827.0,1322.0,1846.0,1927.0,1919.0,2188.0,2857.0,2090.0,2287.0,2199.0,2052.0,1913.0,1441.0,2078.0,1848.0,1810.0,1924.0,1637.0,1649.0,1510.0,1601.0,1753.0,2444.0,1707.0,1778.0,1950.0,1596.0,1519.0,2045.0,1420.0,1338.0,1642.0,1468.0,1408.0,2013.0,2000.0,1983.0,1807.0,2083.0,1559.0,1800.0,2037.0,1677.0,1547.0,1856.0,1790.0,1203.0,1912.0,1798.0,1701.0,2019.0,2109.0,1976.0,1916.0,2193.0,1527.0,1544.0,1939.0,1638.0,1410.0,1659.0,1617.0,1838.0,985.0,1638.0,1740.0,1945.0,1749.0,1991.0,1886.0,2253.0,1524.0,1394.0,2011.0,1569.0,1597.0,1655.0,1721.0,1865.0,1961.0,1176.0,1734.0,2126.0,2177.0,2149.0,2620.0,2752.0,2097.0,1754.0,2254.0,1807.0,1814.0,1795.0,1964.0,1992.0,1693.0,1926.0,1291.0,streamcluster
9465.0,2729.0,2867.0,3887.0,4599.0,5171.0,2632.0,3639.0,2381.0,2452.0,2760.0,2773.0,2839.0,3117.0,2902.0,2987.0,2123.0,1519.0,1433.0,1760.0,2220.0,2064.0,1559.0,2297.0,1863.0,1588.0,1483.0,1689.0,1784.0,1998.0,1852.0,1897.0,2269.0,1968.0,1306.0,2063.0,2487.0,2050.0,2018.0,1999.0,1915.0,2051.0,1741.0,1879.0,2222.0,2005.0,1748.0,2079.0,3075.0,2142.0,2185.0,1647.0,3197.0,2782.0,2603.0,2187.0,2350.0,2507.0,2268.0,2415.0,2259.0,2419.0,2235.0,2181.0,3827.0,2357.0,2663.0,3336.0,3215.0,3195.0,2984.0,3203.0,2808.0,2910.0,3015.0,3436.0,2513.0,2918.0,2725.0,2793.0,3483.0,2122.0,1888.0,2295.0,2773.0,1494.0,2118.0,2409.0,2221.0,2362.0,2097.0,2119.0,1724.0,2021.0,1751.0,2265.0,2478.0,1884.0,1644.0,2012.0,2471.0,1959.0,1072.0,2019.0,1485.0,1812.0,1800.0,1763.0,1627.0,1832.0,1538.0,1807.0,2851.0,2118.0,2185.0,2193.0,2531.0,2377.0,2204.0,1890.0,1657.0,2082.0,2310.0,2119.0,2074.0,2138.0,2053.0,2014.0,2213.0,2000.0,1975.0,1756.0,2323.0,1685.0,1869.0,2040.0,1217.0,1762.0,1757.0,1531.0,1856.0,1899.0,1916.0,1960.0,1560.0,1642.0,1507.0,1845.0,1952.0,1449.0,1675.0,1883.0,1438.0,771.0,1462.0,1074.0,1229.0,1574.0,1727.0,1313.0,2065.0,1951.0,1757.0,2244.0,2625.0,2090.0,2213.0,2192.0,1910.0,2033.0,1365.0,1905.0,1837.0,1875.0,1954.0,1872.0,1721.0,1308.0,1443.0,1746.0,2278.0,1846.0,1798.0,1940.0,1496.0,1441.0,1971.0,1436.0,1505.0,1642.0,1474.0,1488.0,1999.0,1988.0,1898.0,2027.0,2097.0,1636.0,1887.0,1989.0,1752.0,1668.0,1789.0,1771.0,1196.0,1719.0,1878.0,1699.0,2158.0,2010.0,2002.0,1960.0,2051.0,1421.0,1524.0,1788.0,1622.0,1497.0,1535.0,1576.0,1723.0,969.0,1661.0,1674.0,2054.0,1792.0,2000.0,1763.0,2189.0,1731.0,1577.0,1933.0,1625.0,1619.0,1577.0,1666.0,1848.0,1759.0,1190.0,1574.0,2266.0,1881.0,1965.0,2476.0,2543.0,2291.0,1789.0,2366.0,1894.0,1780.0,1837.0,2089.0,1930.0,1750.0,2095.0,1293.0,streamcluster
1420.0,438.0,416.0,545.0,615.0,795.0,285.0,461.0,420.0,353.0,327.0,388.0,365.0,441.0,471.0,430.0,313.0,195.0,225.0,188.0,332.0,209.0,314.0,254.0,219.0,169.0,201.0,173.0,181.0,264.0,172.0,205.0,364.0,275.0,178.0,255.0,310.0,273.0,218.0,248.0,250.0,226.0,230.0,190.0,330.0,236.0,184.0,315.0,388.0,277.0,259.0,195.0,355.0,361.0,256.0,227.0,301.0,288.0,258.0,238.0,286.0,261.0,272.0,260.0,546.0,306.0,347.0,395.0,385.0,387.0,316.0,312.0,439.0,373.0,349.0,386.0,335.0,335.0,314.0,293.0,527.0,231.0,306.0,291.0,363.0,216.0,209.0,223.0,316.0,324.0,288.0,230.0,214.0,260.0,224.0,234.0,321.0,198.0,238.0,193.0,261.0,229.0,114.0,171.0,228.0,207.0,196.0,208.0,199.0,222.0,158.0,175.0,385.0,222.0,301.0,215.0,252.0,279.0,298.0,148.0,184.0,201.0,279.0,203.0,229.0,233.0,287.0,194.0,343.0,234.0,218.0,231.0,336.0,226.0,214.0,218.0,165.0,248.0,199.0,163.0,218.0,204.0,250.0,227.0,246.0,218.0,187.0,206.0,274.0,248.0,203.0,229.0,212.0,108.0,181.0,90.0,139.0,176.0,217.0,143.0,323.0,232.0,220.0,272.0,318.0,316.0,218.0,197.0,225.0,221.0,167.0,262.0,226.0,219.0,199.0,168.0,251.0,149.0,146.0,203.0,253.0,218.0,183.0,183.0,158.0,191.0,241.0,179.0,190.0,164.0,150.0,204.0,244.0,190.0,323.0,229.0,246.0,219.0,215.0,184.0,243.0,180.0,224.0,222.0,158.0,219.0,218.0,221.0,324.0,221.0,321.0,229.0,263.0,173.0,193.0,189.0,195.0,167.0,164.0,193.0,204.0,118.0,211.0,186.0,274.0,225.0,235.0,222.0,238.0,213.0,155.0,188.0,197.0,180.0,198.0,204.0,206.0,230.0,134.0,146.0,321.0,259.0,270.0,310.0,283.0,295.0,151.0,199.0,249.0,201.0,193.0,271.0,286.0,197.0,221.0,166.0,streamcluster
5627.0,1787.0,1902.0,2264.0,2616.0,3251.0,1408.0,2080.0,1475.0,1439.0,1698.0,1798.0,1619.0,2033.0,1945.0,1977.0,1294.0,889.0,832.0,996.0,1338.0,1172.0,1071.0,1329.0,1133.0,975.0,938.0,979.0,1037.0,1302.0,952.0,1140.0,1459.0,1222.0,798.0,1186.0,1528.0,1239.0,1224.0,1205.0,1168.0,1198.0,1134.0,1111.0,1216.0,1197.0,1231.0,1207.0,1890.0,1323.0,1249.0,935.0,1939.0,1639.0,1367.0,1325.0,1429.0,1493.0,1431.0,1516.0,1268.0,1435.0,1447.0,1292.0,2247.0,1475.0,1666.0,1931.0,1919.0,1942.0,1603.0,1881.0,1666.0,1713.0,1790.0,2146.0,1586.0,1817.0,1869.0,1803.0,2198.0,1210.0,1057.0,1388.0,1769.0,930.0,1165.0,1592.0,1394.0,1290.0,1300.0,1239.0,1089.0,1298.0,1144.0,1302.0,1243.0,1106.0,980.0,1135.0,1502.0,1220.0,622.0,1278.0,1006.0,1027.0,1193.0,1007.0,951.0,1090.0,1026.0,1085.0,1708.0,1248.0,1380.0,1289.0,1481.0,1450.0,1468.0,1090.0,1109.0,1261.0,1428.0,1248.0,1209.0,1282.0,1239.0,1162.0,1290.0,1144.0,1228.0,1161.0,1375.0,1039.0,1120.0,1359.0,757.0,1030.0,1152.0,956.0,1086.0,1076.0,1151.0,1236.0,960.0,942.0,1055.0,1057.0,1221.0,1005.0,1036.0,1123.0,894.0,454.0,819.0,542.0,867.0,853.0,985.0,812.0,1242.0,1200.0,1022.0,1348.0,1541.0,1279.0,1429.0,1333.0,1194.0,1271.0,847.0,1031.0,1210.0,1175.0,1262.0,1079.0,1033.0,914.0,1032.0,1066.0,1384.0,1034.0,1005.0,1176.0,789.0,1006.0,1049.0,845.0,829.0,957.0,988.0,930.0,1262.0,1119.0,1167.0,974.0,1349.0,1064.0,991.0,1191.0,1087.0,1008.0,1126.0,1101.0,729.0,1222.0,1143.0,1170.0,1197.0,1251.0,1073.0,1080.0,1179.0,865.0,869.0,1140.0,972.0,853.0,994.0,934.0,1062.0,627.0,1043.0,1156.0,1214.0,1077.0,1180.0,1085.0,1386.0,1035.0,944.0,1340.0,1029.0,951.0,1059.0,1056.0,1109.0,1075.0,731.0,1037.0,1424.0,1159.0,1228.0,1478.0,1621.0,1344.0,1054.0,1478.0,1115.0,1064.0,1158.0,1318.0,1118.0,1112.0,1239.0,869.0,streamcluster
9722.0,2894.0,2884.0,4236.0,4445.0,5950.0,2766.0,3641.0,2439.0,2499.0,2421.0,2559.0,2546.0,3251.0,2916.0,3128.0,2307.0,1511.0,1519.0,1835.0,2283.0,1819.0,1945.0,2484.0,1705.0,1654.0,1502.0,1587.0,1854.0,2213.0,1596.0,1800.0,2180.0,1876.0,1254.0,2128.0,2428.0,2101.0,2060.0,2103.0,1950.0,1916.0,1760.0,1734.0,2032.0,2445.0,1584.0,2032.0,2975.0,2298.0,2309.0,1681.0,3259.0,2771.0,2525.0,2292.0,2568.0,2604.0,2343.0,2493.0,2329.0,2302.0,2462.0,2204.0,3863.0,2493.0,2569.0,3495.0,3339.0,3222.0,3226.0,3200.0,2972.0,3014.0,2750.0,3294.0,2442.0,3059.0,2836.0,2867.0,3854.0,2045.0,1888.0,2344.0,2921.0,1593.0,2132.0,2316.0,2428.0,2311.0,1979.0,1985.0,1664.0,2123.0,1788.0,2148.0,2262.0,1868.0,1590.0,2090.0,2631.0,2289.0,1034.0,1972.0,1501.0,1861.0,1676.0,1770.0,1649.0,1852.0,1592.0,1632.0,2882.0,2203.0,2113.0,2235.0,2515.0,2425.0,2211.0,1868.0,1760.0,2010.0,2386.0,2022.0,2118.0,2287.0,2053.0,1995.0,2079.0,1922.0,1877.0,2031.0,2438.0,1823.0,2008.0,2052.0,1281.0,1800.0,1740.0,1460.0,1918.0,1957.0,1862.0,1955.0,1606.0,1699.0,1518.0,1821.0,2292.0,1365.0,1733.0,1810.0,1685.0,814.0,1425.0,945.0,1231.0,1552.0,1731.0,1365.0,2229.0,1855.0,1578.0,2194.0,2749.0,2063.0,2248.0,2208.0,1931.0,2096.0,1313.0,1782.0,1848.0,1854.0,2027.0,1848.0,1807.0,1463.0,1460.0,1803.0,2425.0,1750.0,1739.0,1826.0,1400.0,1504.0,1894.0,1322.0,1427.0,1579.0,1545.0,1443.0,2041.0,1838.0,1928.0,1924.0,2103.0,1607.0,1717.0,1957.0,1879.0,1535.0,1763.0,1853.0,1190.0,1955.0,1724.0,1721.0,2122.0,2310.0,2037.0,1915.0,2028.0,1491.0,1507.0,1998.0,1543.0,1414.0,1650.0,1520.0,1646.0,984.0,1721.0,1683.0,2007.0,1689.0,2065.0,1900.0,2287.0,1749.0,1465.0,1978.0,1755.0,1547.0,1634.0,1754.0,1652.0,1694.0,1156.0,1688.0,2243.0,2006.0,2039.0,2591.0,2734.0,2386.0,1694.0,2353.0,2067.0,1944.0,1799.0,1956.0,1872.0,1493.0,1916.0,1313.0,streamcluster
4099.0,1256.0,1320.0,1690.0,1781.0,2461.0,1034.0,1315.0,1032.0,894.0,981.0,1251.0,1191.0,1316.0,1184.0,1315.0,925.0,604.0,586.0,754.0,1039.0,664.0,690.0,951.0,742.0,640.0,582.0,766.0,622.0,954.0,769.0,761.0,1011.0,719.0,507.0,772.0,1007.0,899.0,717.0,786.0,761.0,743.0,651.0,674.0,961.0,801.0,760.0,841.0,1240.0,902.0,832.0,647.0,1268.0,1077.0,988.0,861.0,960.0,966.0,910.0,1006.0,893.0,943.0,927.0,845.0,1652.0,1141.0,1048.0,1484.0,1330.0,1112.0,1376.0,1147.0,1059.0,1134.0,1173.0,1462.0,1030.0,1165.0,1155.0,1176.0,1728.0,785.0,661.0,931.0,1161.0,583.0,780.0,854.0,862.0,913.0,824.0,833.0,755.0,879.0,754.0,821.0,925.0,681.0,651.0,817.0,1114.0,755.0,407.0,678.0,634.0,707.0,779.0,676.0,689.0,780.0,633.0,707.0,1110.0,910.0,810.0,766.0,1123.0,924.0,873.0,615.0,628.0,813.0,886.0,816.0,830.0,938.0,830.0,760.0,963.0,843.0,821.0,775.0,895.0,614.0,763.0,755.0,485.0,734.0,690.0,655.0,803.0,748.0,737.0,675.0,654.0,668.0,650.0,651.0,891.0,541.0,680.0,740.0,675.0,347.0,610.0,444.0,515.0,653.0,688.0,546.0,882.0,740.0,650.0,870.0,1083.0,781.0,949.0,790.0,776.0,768.0,558.0,751.0,795.0,740.0,767.0,762.0,884.0,576.0,579.0,691.0,872.0,748.0,760.0,757.0,623.0,562.0,734.0,586.0,566.0,654.0,564.0,562.0,818.0,779.0,950.0,724.0,887.0,640.0,789.0,793.0,663.0,603.0,712.0,753.0,494.0,730.0,667.0,772.0,838.0,787.0,669.0,796.0,771.0,623.0,657.0,783.0,682.0,581.0,646.0,639.0,686.0,398.0,754.0,677.0,850.0,662.0,846.0,716.0,1001.0,689.0,558.0,794.0,699.0,630.0,650.0,667.0,779.0,818.0,465.0,664.0,944.0,889.0,764.0,974.0,1023.0,880.0,647.0,843.0,779.0,620.0,792.0,840.0,813.0,684.0,885.0,586.0,streamcluster
1417.0,249.0,741.0,854.0,876.0,1020.0,687.0,773.0,593.0,593.0,615.0,631.0,651.0,1887.0,716.0,683.0,198.0,5.0,106.0,90.0,127.0,118.0,97.0,88.0,102.0,71.0,97.0,108.0,92.0,711.0,99.0,114.0,453.0,32.0,284.0,691.0,347.0,310.0,321.0,261.0,291.0,311.0,308.0,281.0,371.0,1552.0,291.0,361.0,475.0,31.0,724.0,182.0,479.0,399.0,334.0,403.0,405.0,382.0,341.0,289.0,310.0,1258.0,286.0,431.0,657.0,26.0,409.0,486.0,426.0,1091.0,482.0,581.0,507.0,473.0,515.0,616.0,431.0,1590.0,465.0,420.0,601.0,42.0,328.0,456.0,813.0,282.0,405.0,471.0,458.0,415.0,491.0,388.0,373.0,1894.0,346.0,390.0,491.0,20.0,194.0,234.0,340.0,227.0,151.0,183.0,255.0,231.0,165.0,295.0,148.0,1556.0,189.0,193.0,450.0,14.0,176.0,294.0,339.0,356.0,354.0,138.0,191.0,125.0,179.0,188.0,179.0,1146.0,163.0,126.0,279.0,10.0,319.0,186.0,266.0,176.0,256.0,215.0,122.0,147.0,180.0,203.0,182.0,940.0,334.0,141.0,220.0,14.0,180.0,202.0,246.0,180.0,183.0,107.0,197.0,62.0,221.0,140.0,170.0,960.0,178.0,176.0,326.0,14.0,258.0,270.0,480.0,377.0,272.0,298.0,361.0,390.0,165.0,264.0,306.0,1108.0,327.0,224.0,318.0,16.0,215.0,214.0,311.0,253.0,224.0,231.0,254.0,180.0,325.0,191.0,190.0,1050.0,177.0,189.0,327.0,40.0,403.0,216.0,295.0,196.0,240.0,296.0,270.0,217.0,238.0,219.0,175.0,1104.0,242.0,306.0,532.0,49.0,385.0,454.0,469.0,345.0,439.0,353.0,270.0,277.0,328.0,355.0,392.0,704.0,368.0,348.0,278.0,41.0,244.0,197.0,274.0,162.0,146.0,103.0,173.0,106.0,256.0,165.0,231.0,1081.0,104.0,175.0,355.0,23.0,381.0,400.0,425.0,313.0,282.0,340.0,273.0,430.0,225.0,418.0,318.0,1239.0,382.0,235.0,streamcluster
5407.0,1691.0,2066.0,2396.0,2424.0,3559.0,1631.0,2181.0,1432.0,1409.0,1545.0,1543.0,1556.0,2126.0,1677.0,1986.0,1360.0,961.0,822.0,1105.0,1467.0,1118.0,1038.0,1403.0,1006.0,1031.0,937.0,1046.0,929.0,1203.0,1038.0,1116.0,1321.0,1130.0,855.0,1244.0,1643.0,1309.0,1236.0,1208.0,1247.0,1268.0,1125.0,1156.0,1444.0,1240.0,1057.0,1354.0,1796.0,1347.0,1358.0,1058.0,2013.0,1694.0,1423.0,1400.0,1587.0,1343.0,1557.0,1434.0,1415.0,1572.0,1330.0,1397.0,2059.0,1533.0,1768.0,2110.0,1885.0,1974.0,1551.0,2048.0,1774.0,1756.0,1903.0,2007.0,1566.0,1849.0,1689.0,1749.0,2016.0,1275.0,1146.0,1525.0,1738.0,996.0,1257.0,1549.0,1439.0,1324.0,1305.0,1281.0,1020.0,1274.0,1098.0,1386.0,1393.0,1138.0,1045.0,1167.0,1390.0,1274.0,637.0,1261.0,952.0,1084.0,975.0,1105.0,890.0,1134.0,925.0,1056.0,1599.0,1318.0,1253.0,1431.0,1649.0,1386.0,1248.0,1141.0,1109.0,1162.0,1468.0,1285.0,1311.0,1327.0,1208.0,1205.0,1154.0,1172.0,1282.0,1132.0,1429.0,1073.0,1181.0,1280.0,766.0,1196.0,994.0,952.0,1108.0,1034.0,1211.0,1239.0,919.0,1020.0,1002.0,1001.0,1212.0,842.0,1023.0,1043.0,1153.0,481.0,796.0,672.0,844.0,899.0,1081.0,850.0,1150.0,1119.0,1324.0,1343.0,1718.0,1342.0,1258.0,1414.0,1142.0,1181.0,827.0,1130.0,1023.0,1250.0,1156.0,1053.0,918.0,984.0,981.0,1070.0,1376.0,1091.0,1022.0,1151.0,887.0,863.0,1157.0,836.0,841.0,1050.0,1027.0,881.0,1218.0,1123.0,1177.0,1082.0,1326.0,1024.0,1157.0,1202.0,1063.0,965.0,1030.0,1086.0,732.0,1335.0,1098.0,1047.0,1300.0,1436.0,1206.0,1194.0,1295.0,918.0,878.0,1092.0,909.0,909.0,1014.0,934.0,1048.0,637.0,1039.0,1033.0,1111.0,1044.0,1201.0,1199.0,1424.0,1025.0,919.0,1175.0,946.0,1013.0,1050.0,1139.0,1075.0,1254.0,703.0,979.0,1267.0,1195.0,1412.0,1592.0,1586.0,1506.0,985.0,1559.0,1070.0,1169.0,1162.0,1252.0,1122.0,1114.0,1185.0,840.0,streamcluster
9034.0,3026.0,2998.0,3951.0,4203.0,5589.0,2741.0,3341.0,2358.0,2429.0,2657.0,2690.0,2739.0,3520.0,2759.0,3244.0,2289.0,1579.0,1357.0,1762.0,2482.0,1859.0,1762.0,2406.0,1890.0,1655.0,1527.0,1603.0,1804.0,2331.0,1813.0,1831.0,2446.0,1896.0,1328.0,2176.0,2497.0,2049.0,1928.0,1964.0,1978.0,2059.0,2078.0,1814.0,2102.0,2279.0,2021.0,2064.0,3184.0,2264.0,2386.0,1829.0,3186.0,2786.0,2462.0,2213.0,2429.0,2561.0,2462.0,2474.0,2429.0,2381.0,2271.0,2285.0,3712.0,2723.0,2649.0,3354.0,3141.0,3236.0,2726.0,3004.0,2789.0,2945.0,2930.0,3394.0,2580.0,3225.0,2716.0,2878.0,3555.0,2211.0,1799.0,2475.0,3073.0,1643.0,1827.0,2253.0,2482.0,2250.0,2111.0,2081.0,1853.0,2302.0,1752.0,2208.0,2229.0,1909.0,1632.0,1974.0,2603.0,2164.0,1081.0,1941.0,1647.0,1882.0,1847.0,1846.0,1607.0,2008.0,1585.0,1817.0,2682.0,2161.0,2056.0,2259.0,2539.0,2409.0,2262.0,1857.0,1659.0,1984.0,2514.0,2276.0,2089.0,2223.0,1975.0,2180.0,2067.0,2191.0,1896.0,1934.0,2307.0,1907.0,1992.0,2146.0,1308.0,1906.0,1760.0,1633.0,1932.0,2007.0,1852.0,2046.0,1664.0,1694.0,1499.0,1863.0,2123.0,1459.0,1737.0,1920.0,1886.0,833.0,1430.0,986.0,1224.0,1719.0,1777.0,1458.0,2142.0,1918.0,1756.0,2345.0,2908.0,2140.0,2315.0,2078.0,1949.0,2176.0,1474.0,2032.0,2001.0,2152.0,2010.0,1786.0,1694.0,1436.0,1403.0,1696.0,2296.0,1898.0,1887.0,1991.0,1567.0,1566.0,1963.0,1444.0,1500.0,1705.0,1577.0,1497.0,2070.0,1880.0,2057.0,1943.0,2119.0,1704.0,1729.0,1983.0,1962.0,1674.0,1928.0,1849.0,1291.0,2024.0,1876.0,1740.0,2095.0,2056.0,1912.0,2046.0,2047.0,1566.0,1541.0,2048.0,1616.0,1562.0,1814.0,1619.0,1812.0,1057.0,1728.0,1821.0,1864.0,2087.0,2061.0,1878.0,2195.0,1785.0,1353.0,2026.0,1709.0,1757.0,1701.0,1815.0,1830.0,1909.0,1237.0,1711.0,2214.0,1961.0,2039.0,2645.0,2712.0,2393.0,1614.0,2484.0,1999.0,1920.0,1871.0,2035.0,2127.0,1883.0,1935.0,1304.0,streamcluster
9494.0,2748.0,2936.0,4007.0,4243.0,5923.0,2605.0,3529.0,2292.0,2373.0,2556.0,2754.0,2783.0,3615.0,2936.0,3095.0,2442.0,1520.0,1348.0,1691.0,2315.0,1761.0,1711.0,2536.0,1873.0,1704.0,1418.0,1551.0,1863.0,2096.0,1870.0,1838.0,2271.0,1794.0,1286.0,2006.0,2463.0,1991.0,1876.0,1838.0,1910.0,1957.0,1834.0,1873.0,2182.0,2279.0,1897.0,2132.0,3024.0,2153.0,2245.0,1776.0,3204.0,2669.0,2305.0,2353.0,2368.0,2526.0,2410.0,2521.0,2267.0,2444.0,2372.0,2296.0,3689.0,2573.0,2730.0,3405.0,3271.0,3036.0,2627.0,3005.0,3083.0,2895.0,3013.0,3544.0,2581.0,3000.0,2697.0,2842.0,3584.0,2050.0,1723.0,2407.0,2950.0,1525.0,1873.0,2357.0,2439.0,2195.0,2043.0,2142.0,1825.0,2230.0,1818.0,2246.0,2219.0,1723.0,1594.0,1947.0,2247.0,2308.0,1013.0,1958.0,1549.0,1874.0,1737.0,1747.0,1540.0,1921.0,1536.0,1658.0,2636.0,2187.0,1981.0,2126.0,2487.0,2360.0,2519.0,1805.0,1868.0,2051.0,2370.0,2159.0,2091.0,2186.0,1954.0,2074.0,1984.0,2061.0,1873.0,1927.0,2594.0,1733.0,1935.0,2079.0,1235.0,1854.0,1613.0,1694.0,1913.0,1948.0,1952.0,1996.0,1623.0,1750.0,1520.0,1669.0,2164.0,1443.0,1730.0,1850.0,1704.0,793.0,1307.0,978.0,1328.0,1559.0,1782.0,1627.0,2129.0,1674.0,1906.0,2112.0,2850.0,1876.0,2205.0,2096.0,1973.0,2160.0,1348.0,1995.0,1872.0,2074.0,2027.0,1791.0,1790.0,1337.0,1473.0,1835.0,2399.0,1812.0,1822.0,1946.0,1527.0,1537.0,1894.0,1410.0,1471.0,1784.0,1730.0,1305.0,2029.0,2007.0,2017.0,1795.0,2051.0,1655.0,1773.0,1882.0,1725.0,1604.0,1735.0,1866.0,1231.0,2105.0,1807.0,1769.0,2235.0,2012.0,2178.0,2025.0,1943.0,1488.0,1470.0,1882.0,1609.0,1384.0,1509.0,1642.0,1957.0,1033.0,1663.0,1596.0,2003.0,1873.0,1919.0,1851.0,2256.0,1623.0,1488.0,1951.0,1673.0,1575.0,1751.0,1841.0,1843.0,1882.0,1193.0,1527.0,2175.0,1992.0,1992.0,2595.0,2607.0,2244.0,1700.0,2282.0,2023.0,1919.0,1783.0,2094.0,1924.0,1775.0,1817.0,1315.0,streamcluster
9546.0,3094.0,2946.0,3873.0,4422.0,5423.0,2639.0,3592.0,2215.0,2413.0,2783.0,2772.0,2645.0,3221.0,2767.0,2874.0,2194.0,1513.0,1315.0,1799.0,2518.0,1995.0,1841.0,2223.0,1705.0,1671.0,1764.0,1574.0,1891.0,2174.0,1620.0,1800.0,2249.0,1883.0,1279.0,1987.0,2358.0,2146.0,1954.0,1986.0,1872.0,2074.0,1856.0,1643.0,1939.0,2334.0,1719.0,2002.0,2907.0,2380.0,2242.0,1661.0,3154.0,2743.0,2659.0,2357.0,2568.0,2576.0,2462.0,2503.0,2213.0,2261.0,2431.0,2231.0,4262.0,2956.0,2729.0,3206.0,3083.0,3187.0,2887.0,3192.0,2849.0,2916.0,2884.0,3433.0,2470.0,2727.0,2645.0,2713.0,3512.0,2161.0,1807.0,2284.0,2974.0,1464.0,1849.0,2504.0,2278.0,2303.0,2026.0,2142.0,1804.0,2134.0,1684.0,2059.0,2334.0,1914.0,1565.0,2031.0,2393.0,1922.0,1026.0,1896.0,1523.0,1790.0,1701.0,1653.0,1570.0,1839.0,1588.0,1692.0,2936.0,2269.0,2029.0,2336.0,2652.0,2552.0,2293.0,1878.0,1783.0,1936.0,2371.0,2031.0,2113.0,2155.0,1988.0,2003.0,2206.0,1915.0,2137.0,1882.0,2372.0,1720.0,1889.0,2255.0,1183.0,1846.0,1720.0,1629.0,1902.0,1781.0,1923.0,1774.0,1615.0,1666.0,1547.0,1876.0,2088.0,1460.0,1665.0,1895.0,1712.0,787.0,1469.0,956.0,1320.0,1677.0,1563.0,1407.0,2378.0,2076.0,1780.0,2236.0,2583.0,2118.0,2185.0,2142.0,1820.0,2031.0,1413.0,1850.0,1658.0,1798.0,1944.0,1779.0,1898.0,1651.0,1327.0,1739.0,2284.0,1775.0,1678.0,1840.0,1535.0,1545.0,1878.0,1399.0,1453.0,1506.0,1518.0,1389.0,1996.0,1942.0,1920.0,1807.0,2079.0,1736.0,1692.0,2141.0,1791.0,1665.0,1785.0,1820.0,1157.0,1897.0,1797.0,1610.0,2163.0,2295.0,1972.0,1862.0,1993.0,1481.0,1351.0,2085.0,1660.0,1540.0,1465.0,1542.0,1739.0,980.0,1522.0,1661.0,1954.0,1850.0,2094.0,1825.0,2212.0,1562.0,1427.0,1964.0,1516.0,1668.0,1690.0,1787.0,1708.0,1778.0,1197.0,1518.0,2249.0,2022.0,2081.0,2337.0,2552.0,2223.0,1551.0,2325.0,1943.0,1867.0,1939.0,2137.0,1765.0,1659.0,1839.0,1207.0,streamcluster
7750.0,2654.0,2511.0,3180.0,3619.0,4479.0,2240.0,3048.0,1772.0,1997.0,2114.0,2325.0,2172.0,2856.0,2308.0,2609.0,1859.0,1209.0,1138.0,1557.0,1995.0,1496.0,1385.0,1981.0,1383.0,1314.0,1242.0,1344.0,1587.0,1642.0,1463.0,1565.0,1857.0,1531.0,1072.0,1681.0,2034.0,1628.0,1605.0,1586.0,1482.0,1722.0,1614.0,1472.0,1559.0,1865.0,1394.0,1671.0,2490.0,1925.0,1940.0,1329.0,2597.0,2251.0,2063.0,1801.0,2007.0,2106.0,1910.0,1996.0,1861.0,1958.0,1913.0,1847.0,3133.0,2239.0,2283.0,2752.0,2674.0,2437.0,2233.0,2524.0,2237.0,2448.0,2591.0,3038.0,1979.0,2451.0,2079.0,2406.0,2924.0,1736.0,1458.0,1805.0,2342.0,1216.0,1835.0,1794.0,1786.0,2109.0,1593.0,1697.0,1450.0,1752.0,1297.0,1872.0,1760.0,1473.0,1381.0,1636.0,1914.0,1789.0,836.0,1509.0,1207.0,1432.0,1438.0,1396.0,1286.0,1625.0,1199.0,1449.0,2517.0,1893.0,1657.0,1803.0,2017.0,1772.0,1732.0,1555.0,1450.0,1773.0,1934.0,1773.0,1676.0,1887.0,1550.0,1640.0,1699.0,1664.0,1622.0,1495.0,1975.0,1335.0,1506.0,1807.0,934.0,1439.0,1436.0,1413.0,1545.0,1543.0,1622.0,1637.0,1326.0,1411.0,1158.0,1520.0,1881.0,1168.0,1295.0,1475.0,1240.0,652.0,1173.0,804.0,1126.0,1267.0,1346.0,1143.0,1628.0,1678.0,1454.0,1664.0,2431.0,1619.0,1693.0,1741.0,1478.0,1700.0,1177.0,1665.0,1572.0,1633.0,1561.0,1441.0,1409.0,1327.0,1079.0,1396.0,1999.0,1480.0,1455.0,1625.0,1265.0,1297.0,1588.0,1180.0,1121.0,1334.0,1256.0,1231.0,1686.0,1593.0,1521.0,1620.0,1642.0,1285.0,1545.0,1592.0,1426.0,1234.0,1380.0,1379.0,953.0,1761.0,1501.0,1408.0,1858.0,1711.0,1488.0,1521.0,1586.0,1171.0,1200.0,1656.0,1364.0,1031.0,1345.0,1349.0,1526.0,842.0,1325.0,1367.0,1589.0,1538.0,1900.0,1541.0,1733.0,1323.0,1126.0,1656.0,1320.0,1362.0,1413.0,1401.0,1301.0,1413.0,930.0,1377.0,1761.0,1612.0,1809.0,1974.0,2176.0,1813.0,1345.0,1859.0,1412.0,1577.0,1534.0,1858.0,1497.0,1456.0,1612.0,1094.0,streamcluster
515.0,324.0,233.0,291.0,283.0,299.0,167.0,313.0,255.0,237.0,146.0,202.0,88.0,268.0,290.0,274.0,208.0,122.0,100.0,119.0,127.0,125.0,106.0,183.0,114.0,122.0,95.0,107.0,28.0,157.0,132.0,135.0,182.0,121.0,126.0,121.0,139.0,142.0,137.0,163.0,138.0,134.0,124.0,122.0,31.0,172.0,131.0,136.0,182.0,102.0,121.0,105.0,131.0,149.0,105.0,114.0,137.0,107.0,97.0,107.0,36.0,126.0,109.0,91.0,220.0,143.0,138.0,173.0,156.0,143.0,140.0,177.0,150.0,142.0,130.0,169.0,39.0,204.0,144.0,151.0,225.0,127.0,120.0,131.0,150.0,122.0,132.0,216.0,148.0,140.0,117.0,117.0,35.0,162.0,117.0,131.0,145.0,123.0,108.0,107.0,107.0,117.0,91.0,157.0,110.0,115.0,107.0,104.0,24.0,136.0,108.0,117.0,190.0,137.0,130.0,114.0,116.0,145.0,118.0,112.0,99.0,120.0,153.0,115.0,41.0,146.0,123.0,122.0,187.0,125.0,131.0,124.0,127.0,114.0,128.0,156.0,111.0,131.0,117.0,101.0,41.0,149.0,148.0,125.0,169.0,108.0,105.0,104.0,118.0,101.0,122.0,146.0,112.0,88.0,87.0,58.0,36.0,122.0,120.0,90.0,142.0,124.0,113.0,117.0,132.0,122.0,136.0,160.0,123.0,124.0,113.0,113.0,35.0,135.0,156.0,110.0,139.0,67.0,77.0,91.0,85.0,104.0,105.0,115.0,98.0,104.0,102.0,124.0,25.0,127.0,102.0,98.0,165.0,128.0,136.0,130.0,130.0,137.0,130.0,143.0,139.0,128.0,138.0,140.0,25.0,159.0,144.0,125.0,165.0,135.0,147.0,141.0,119.0,109.0,105.0,127.0,128.0,120.0,122.0,133.0,31.0,115.0,138.0,136.0,186.0,118.0,144.0,130.0,129.0,122.0,95.0,144.0,128.0,116.0,128.0,124.0,40.0,168.0,122.0,109.0,186.0,126.0,144.0,150.0,142.0,132.0,98.0,161.0,131.0,112.0,108.0,128.0,44.0,142.0,126.0,127.0,streamcluster
5864.0,1729.0,1653.0,2296.0,2557.0,3388.0,1351.0,2011.0,1638.0,1384.0,1361.0,1585.0,1614.0,2081.0,1736.0,1864.0,1383.0,857.0,762.0,1038.0,1319.0,985.0,1017.0,1402.0,1022.0,886.0,806.0,932.0,1129.0,1151.0,890.0,1013.0,1348.0,1041.0,720.0,1090.0,1388.0,1172.0,1019.0,994.0,1114.0,996.0,949.0,952.0,1358.0,1150.0,953.0,1191.0,1658.0,1307.0,1271.0,934.0,1805.0,1387.0,1488.0,1330.0,1296.0,1237.0,1355.0,1407.0,1401.0,1357.0,1352.0,1236.0,2371.0,1478.0,1515.0,1932.0,1821.0,1847.0,1408.0,1556.0,1851.0,1644.0,1744.0,1922.0,1539.0,1755.0,1527.0,1624.0,2084.0,1198.0,1090.0,1259.0,1563.0,832.0,1083.0,1372.0,1521.0,1321.0,1105.0,1203.0,1204.0,1212.0,895.0,1264.0,1279.0,1084.0,936.0,973.0,1177.0,1163.0,525.0,1070.0,932.0,876.0,958.0,944.0,956.0,1025.0,793.0,920.0,1596.0,1342.0,1112.0,1324.0,1340.0,1449.0,1132.0,1031.0,1043.0,1054.0,1480.0,1250.0,1251.0,1167.0,1049.0,1130.0,1400.0,1168.0,1080.0,1044.0,1395.0,1032.0,1043.0,1182.0,720.0,962.0,963.0,896.0,1037.0,938.0,1015.0,1085.0,922.0,917.0,820.0,971.0,1129.0,775.0,944.0,937.0,908.0,404.0,748.0,534.0,897.0,939.0,861.0,709.0,1181.0,1088.0,942.0,1310.0,1562.0,1179.0,1129.0,1221.0,1195.0,1168.0,718.0,1069.0,977.0,1118.0,1142.0,1055.0,1078.0,796.0,786.0,1049.0,1400.0,1036.0,1045.0,1130.0,928.0,777.0,998.0,714.0,868.0,955.0,797.0,781.0,1162.0,1155.0,1273.0,1054.0,1173.0,934.0,957.0,1066.0,955.0,841.0,966.0,1010.0,749.0,950.0,1167.0,955.0,1282.0,981.0,1052.0,1127.0,1251.0,812.0,844.0,1097.0,941.0,815.0,829.0,813.0,1088.0,540.0,988.0,993.0,1146.0,1083.0,990.0,968.0,1223.0,837.0,691.0,1041.0,913.0,900.0,1123.0,863.0,1140.0,881.0,613.0,911.0,1427.0,1204.0,1196.0,1458.0,1511.0,1282.0,923.0,1223.0,1252.0,973.0,1018.0,1102.0,1213.0,971.0,1053.0,744.0,streamcluster
8124.0,2575.0,2722.0,3470.0,3873.0,4895.0,2259.0,3273.0,2017.0,2327.0,2298.0,2453.0,2147.0,3010.0,2513.0,2590.0,1938.0,1324.0,1233.0,1709.0,2183.0,1606.0,1462.0,2126.0,1645.0,1475.0,1310.0,1348.0,1496.0,1897.0,1747.0,1685.0,2044.0,1745.0,1173.0,1792.0,2147.0,1975.0,1623.0,1729.0,1661.0,1851.0,1526.0,1555.0,1829.0,2010.0,1635.0,1764.0,2758.0,1902.0,1967.0,1497.0,2886.0,2363.0,2266.0,1954.0,2236.0,2153.0,2178.0,2116.0,2067.0,2032.0,2114.0,1989.0,3249.0,2338.0,2298.0,3043.0,2867.0,2866.0,2472.0,2980.0,2543.0,2751.0,2607.0,2979.0,1920.0,2438.0,2488.0,2330.0,3053.0,1868.0,1660.0,2081.0,2571.0,1393.0,1686.0,2054.0,2058.0,2226.0,1835.0,1839.0,1502.0,1735.0,1704.0,1913.0,2010.0,1518.0,1511.0,1713.0,2101.0,1875.0,919.0,1741.0,1395.0,1564.0,1547.0,1533.0,1259.0,1611.0,1376.0,1441.0,2486.0,1903.0,1812.0,1808.0,2350.0,2107.0,2117.0,1763.0,1551.0,1773.0,2040.0,1931.0,1704.0,1803.0,1651.0,1813.0,1889.0,1805.0,1846.0,1701.0,2083.0,1594.0,1688.0,1932.0,1071.0,1610.0,1569.0,1500.0,1447.0,1556.0,1554.0,1709.0,1451.0,1531.0,1345.0,1608.0,1865.0,1340.0,1480.0,1823.0,1399.0,678.0,1348.0,738.0,1221.0,1393.0,1434.0,1196.0,1797.0,1632.0,1551.0,1960.0,2462.0,2101.0,1981.0,2019.0,1577.0,1881.0,1184.0,1724.0,1527.0,1635.0,1768.0,1445.0,1557.0,1370.0,1236.0,1426.0,2022.0,1782.0,1656.0,1723.0,1346.0,1277.0,1642.0,1276.0,1192.0,1381.0,1324.0,1134.0,1765.0,1642.0,1752.0,1671.0,1712.0,1472.0,1546.0,1606.0,1553.0,1403.0,1647.0,1560.0,997.0,1791.0,1550.0,1481.0,1858.0,1871.0,1740.0,1751.0,1717.0,1309.0,1289.0,1588.0,1313.0,1289.0,1359.0,1316.0,1583.0,915.0,1399.0,1570.0,1736.0,1619.0,1887.0,1672.0,1966.0,1468.0,1211.0,1602.0,1299.0,1519.0,1424.0,1621.0,1482.0,1552.0,1047.0,1571.0,1994.0,1916.0,1780.0,2258.0,2389.0,2071.0,1530.0,2075.0,1610.0,1631.0,1563.0,1813.0,1640.0,1461.0,1614.0,1119.0,streamcluster
5687.0,1952.0,1891.0,2254.0,2626.0,3261.0,1594.0,2161.0,1478.0,1384.0,1583.0,1593.0,1670.0,2092.0,1788.0,1964.0,1295.0,907.0,925.0,1147.0,1532.0,1190.0,1100.0,1369.0,1078.0,999.0,936.0,990.0,1066.0,1310.0,1000.0,1165.0,1338.0,1161.0,830.0,1155.0,1620.0,1305.0,1113.0,1267.0,1101.0,1181.0,1167.0,1109.0,1314.0,1277.0,978.0,1283.0,1724.0,1412.0,1312.0,985.0,1892.0,1582.0,1414.0,1332.0,1423.0,1459.0,1365.0,1459.0,1367.0,1480.0,1431.0,1308.0,2309.0,1759.0,1749.0,1904.0,1879.0,1880.0,1584.0,1928.0,1783.0,1718.0,1772.0,2001.0,1394.0,1719.0,1521.0,1800.0,2035.0,1329.0,1107.0,1379.0,1618.0,966.0,1146.0,1478.0,1479.0,1368.0,1196.0,1300.0,940.0,1259.0,940.0,1289.0,1341.0,1093.0,967.0,1125.0,1317.0,1286.0,599.0,1160.0,926.0,1016.0,1065.0,1123.0,890.0,1087.0,974.0,1025.0,1623.0,1306.0,1268.0,1163.0,1473.0,1414.0,1368.0,1129.0,1044.0,1227.0,1415.0,1254.0,1154.0,1295.0,1134.0,1284.0,1416.0,1193.0,1266.0,1107.0,1391.0,1080.0,1061.0,1291.0,736.0,1114.0,993.0,1056.0,981.0,1178.0,1271.0,1146.0,1071.0,1042.0,1017.0,1141.0,1268.0,890.0,978.0,1147.0,947.0,467.0,787.0,597.0,696.0,843.0,999.0,838.0,1274.0,1165.0,1186.0,1194.0,1684.0,1249.0,1289.0,1339.0,1176.0,1193.0,845.0,1133.0,1122.0,1112.0,1304.0,1102.0,1100.0,970.0,962.0,1000.0,1386.0,1131.0,1026.0,1171.0,901.0,973.0,1069.0,827.0,850.0,969.0,891.0,910.0,1311.0,1169.0,1219.0,1116.0,1182.0,1046.0,997.0,1157.0,1156.0,882.0,1091.0,1137.0,697.0,1230.0,934.0,1004.0,1363.0,1300.0,1056.0,1154.0,1174.0,953.0,958.0,1091.0,878.0,889.0,897.0,950.0,1166.0,632.0,1027.0,1034.0,1281.0,1034.0,1238.0,1174.0,1268.0,918.0,952.0,1149.0,1021.0,939.0,1064.0,958.0,1039.0,1071.0,711.0,898.0,1456.0,1319.0,1262.0,1462.0,1623.0,1410.0,1031.0,1390.0,1266.0,1061.0,1110.0,1237.0,997.0,1027.0,1025.0,846.0,streamcluster
9547.0,2962.0,2821.0,4027.0,4300.0,5459.0,2718.0,3582.0,2437.0,2471.0,2715.0,2775.0,2727.0,3771.0,2923.0,3074.0,2348.0,1539.0,1479.0,1852.0,2509.0,1787.0,1884.0,2347.0,1833.0,1660.0,1557.0,1505.0,1850.0,2211.0,1542.0,1734.0,2382.0,2003.0,1247.0,2087.0,2498.0,2054.0,1722.0,1917.0,2047.0,2135.0,1890.0,1767.0,2267.0,2350.0,1802.0,1895.0,3077.0,2348.0,2246.0,1681.0,3129.0,2731.0,2454.0,2291.0,2512.0,2602.0,2329.0,2540.0,2288.0,2305.0,2297.0,2327.0,3904.0,2649.0,2608.0,3436.0,3088.0,3231.0,2646.0,3124.0,2899.0,3105.0,2990.0,3221.0,2513.0,3337.0,2714.0,2614.0,3377.0,2037.0,1803.0,2343.0,2863.0,1504.0,1922.0,2468.0,2404.0,2269.0,1957.0,1996.0,1829.0,2288.0,1754.0,2201.0,2305.0,1936.0,1596.0,1944.0,2309.0,2004.0,1007.0,1936.0,1471.0,1862.0,1720.0,1727.0,1517.0,2113.0,1526.0,1827.0,2681.0,2220.0,2062.0,2097.0,2539.0,2296.0,2374.0,1855.0,1516.0,2093.0,2426.0,2013.0,1943.0,2644.0,2028.0,2060.0,2120.0,2116.0,1935.0,1960.0,2227.0,1783.0,1830.0,2025.0,1237.0,1838.0,1780.0,1601.0,2095.0,1795.0,1803.0,2004.0,1592.0,1629.0,1588.0,1720.0,2274.0,1477.0,1634.0,1801.0,1758.0,772.0,1467.0,878.0,1259.0,1576.0,1871.0,1381.0,2045.0,1977.0,1671.0,2325.0,2731.0,1929.0,2128.0,2171.0,1883.0,2183.0,1392.0,1751.0,2000.0,2028.0,2009.0,1745.0,1691.0,1572.0,1499.0,1747.0,2063.0,1843.0,1729.0,1832.0,1495.0,1561.0,1823.0,1377.0,1392.0,1782.0,1691.0,1360.0,1919.0,1896.0,2143.0,1859.0,2045.0,1670.0,1695.0,1892.0,1865.0,1599.0,1867.0,1826.0,1189.0,2044.0,1707.0,1694.0,2229.0,2241.0,1803.0,2198.0,2341.0,1608.0,1522.0,1901.0,1525.0,1346.0,1558.0,1729.0,1710.0,1009.0,1714.0,1677.0,2026.0,1870.0,2027.0,1911.0,2159.0,1666.0,1405.0,2002.0,1538.0,1469.0,1685.0,1734.0,1677.0,1903.0,1203.0,1565.0,2327.0,1960.0,1939.0,2745.0,2538.0,2240.0,1612.0,2157.0,2063.0,2004.0,1926.0,2008.0,1821.0,1698.0,2148.0,1320.0,streamcluster
1715.0,256.0,1059.0,1009.0,978.0,1256.0,1006.0,787.0,733.0,783.0,774.0,756.0,794.0,1372.0,956.0,861.0,384.0,14.0,206.0,227.0,277.0,266.0,243.0,286.0,308.0,261.0,268.0,251.0,249.0,571.0,289.0,359.0,799.0,38.0,421.0,442.0,543.0,695.0,595.0,396.0,488.0,497.0,519.0,571.0,689.0,1163.0,447.0,548.0,658.0,28.0,544.0,355.0,529.0,514.0,558.0,395.0,542.0,414.0,469.0,446.0,478.0,982.0,428.0,441.0,827.0,27.0,620.0,685.0,607.0,714.0,605.0,650.0,754.0,684.0,626.0,915.0,535.0,1451.0,701.0,559.0,790.0,36.0,503.0,534.0,614.0,504.0,558.0,541.0,657.0,557.0,470.0,510.0,464.0,1477.0,412.0,576.0,646.0,22.0,512.0,406.0,415.0,541.0,275.0,371.0,433.0,384.0,415.0,387.0,330.0,1155.0,381.0,347.0,494.0,35.0,380.0,329.0,351.0,500.0,426.0,261.0,361.0,371.0,447.0,393.0,366.0,895.0,365.0,319.0,524.0,23.0,524.0,371.0,618.0,401.0,412.0,432.0,310.0,444.0,377.0,438.0,399.0,766.0,455.0,392.0,403.0,10.0,335.0,359.0,452.0,373.0,385.0,356.0,367.0,248.0,351.0,209.0,318.0,725.0,331.0,297.0,550.0,12.0,421.0,467.0,585.0,456.0,532.0,521.0,476.0,567.0,379.0,404.0,393.0,964.0,533.0,382.0,421.0,22.0,412.0,353.0,517.0,446.0,422.0,443.0,510.0,330.0,442.0,360.0,422.0,711.0,349.0,360.0,504.0,41.0,549.0,523.0,437.0,440.0,424.0,471.0,433.0,462.0,425.0,501.0,342.0,886.0,460.0,411.0,686.0,42.0,702.0,644.0,711.0,594.0,564.0,637.0,526.0,562.0,672.0,584.0,559.0,524.0,570.0,593.0,485.0,50.0,436.0,349.0,506.0,349.0,319.0,326.0,346.0,302.0,434.0,337.0,399.0,948.0,279.0,362.0,579.0,30.0,542.0,594.0,617.0,526.0,440.0,463.0,495.0,523.0,546.0,517.0,419.0,903.0,466.0,361.0,streamcluster
6915.0,2013.0,2246.0,2692.0,3132.0,4003.0,1985.0,2295.0,1713.0,1839.0,1767.0,1992.0,1798.0,2376.0,2055.0,2206.0,1693.0,1064.0,977.0,1296.0,1737.0,1275.0,1172.0,1796.0,1209.0,1132.0,912.0,1155.0,1187.0,1520.0,1078.0,1313.0,1539.0,1244.0,946.0,1410.0,1727.0,1462.0,1560.0,1375.0,1347.0,1448.0,1247.0,1241.0,1571.0,1505.0,1377.0,1398.0,2124.0,1519.0,1617.0,1144.0,2135.0,1935.0,1775.0,1532.0,1877.0,1722.0,1696.0,1748.0,1668.0,1618.0,1647.0,1551.0,2596.0,1817.0,1942.0,2403.0,2255.0,2347.0,1995.0,1897.0,2099.0,2105.0,2015.0,2443.0,1697.0,2149.0,1830.0,1928.0,2488.0,1558.0,1325.0,1681.0,2144.0,1086.0,1542.0,1505.0,1679.0,1583.0,1398.0,1442.0,1233.0,1554.0,1253.0,1585.0,1557.0,1295.0,1203.0,1380.0,1778.0,1418.0,800.0,1301.0,1137.0,1234.0,1242.0,1214.0,1030.0,1459.0,1019.0,1134.0,2146.0,1631.0,1371.0,1460.0,1671.0,1620.0,1514.0,1214.0,1138.0,1395.0,1522.0,1598.0,1382.0,1552.0,1452.0,1374.0,1401.0,1341.0,1352.0,1308.0,1665.0,1190.0,1368.0,1391.0,887.0,1246.0,1237.0,1227.0,1466.0,1309.0,1419.0,1254.0,1137.0,1127.0,1100.0,1293.0,1443.0,987.0,1215.0,1249.0,1086.0,554.0,959.0,770.0,903.0,1099.0,1189.0,1029.0,1427.0,1211.0,1196.0,1473.0,1946.0,1504.0,1549.0,1309.0,1442.0,1435.0,906.0,1374.0,1146.0,1396.0,1457.0,1187.0,1174.0,982.0,945.0,1188.0,1657.0,1337.0,1262.0,1299.0,1143.0,1088.0,1275.0,1010.0,1089.0,1225.0,1173.0,1038.0,1375.0,1394.0,1395.0,1328.0,1431.0,1144.0,1249.0,1398.0,1216.0,1245.0,1173.0,1235.0,825.0,1359.0,1284.0,1242.0,1383.0,1472.0,1307.0,1370.0,1413.0,1118.0,1018.0,1393.0,1202.0,989.0,1098.0,1144.0,1142.0,713.0,1227.0,1338.0,1435.0,1210.0,1486.0,1238.0,1542.0,1078.0,1053.0,1360.0,1242.0,1035.0,1183.0,1305.0,1218.0,1365.0,829.0,1208.0,1610.0,1336.0,1414.0,1692.0,1910.0,1835.0,1128.0,1511.0,1393.0,1323.0,1185.0,1430.0,1314.0,1288.0,1313.0,909.0,streamcluster
9017.0,2870.0,3011.0,4008.0,4014.0,5451.0,2609.0,3735.0,2414.0,2407.0,2685.0,2939.0,2773.0,3377.0,2869.0,3294.0,2343.0,1574.0,1524.0,1796.0,2518.0,1960.0,1831.0,2390.0,1755.0,1683.0,1613.0,1574.0,1826.0,2211.0,1681.0,1944.0,2394.0,1904.0,1366.0,2060.0,2487.0,2216.0,2004.0,2075.0,1956.0,2125.0,1878.0,1859.0,2256.0,2224.0,1850.0,2047.0,3079.0,2195.0,2324.0,1721.0,3403.0,2762.0,2522.0,2366.0,2669.0,2545.0,2424.0,2348.0,2338.0,2543.0,2372.0,2236.0,3725.0,2679.0,2677.0,3651.0,3344.0,3285.0,2642.0,3302.0,3000.0,2985.0,3086.0,3739.0,2568.0,3007.0,2698.0,2994.0,3310.0,2275.0,1863.0,2432.0,3051.0,1624.0,1968.0,2517.0,2325.0,2326.0,2093.0,2182.0,1855.0,2255.0,1827.0,2251.0,2352.0,1766.0,1790.0,1853.0,2343.0,2307.0,1069.0,1946.0,1560.0,1809.0,1765.0,1691.0,1564.0,1960.0,1585.0,1715.0,2699.0,2267.0,2123.0,2240.0,2808.0,2664.0,2177.0,2021.0,1766.0,2061.0,2569.0,2140.0,2141.0,2274.0,2001.0,2198.0,2144.0,2139.0,1909.0,2078.0,2394.0,1783.0,1902.0,2115.0,1265.0,1784.0,1792.0,1831.0,1861.0,1885.0,1977.0,2158.0,1608.0,1753.0,1637.0,1914.0,2080.0,1420.0,1600.0,1920.0,1597.0,817.0,1480.0,945.0,1417.0,1568.0,1779.0,1522.0,2010.0,1936.0,1843.0,2126.0,2931.0,2218.0,2256.0,2369.0,2089.0,2294.0,1443.0,2073.0,1897.0,1974.0,2122.0,1893.0,1802.0,1551.0,1373.0,1751.0,2272.0,1847.0,1660.0,2046.0,1550.0,1540.0,2009.0,1504.0,1453.0,1829.0,1665.0,1432.0,2065.0,2055.0,2035.0,1860.0,2080.0,1730.0,1815.0,2133.0,1780.0,1702.0,1895.0,1871.0,1282.0,1927.0,1841.0,1886.0,2058.0,2474.0,1983.0,2094.0,2159.0,1626.0,1517.0,2036.0,1550.0,1608.0,1660.0,1676.0,1825.0,1067.0,1799.0,1783.0,2049.0,1895.0,2152.0,1975.0,2170.0,1720.0,1371.0,2078.0,1794.0,1564.0,1911.0,1797.0,1766.0,1941.0,1235.0,1753.0,2316.0,1902.0,2056.0,2702.0,2668.0,2393.0,1610.0,2526.0,1922.0,1929.0,1924.0,2079.0,2118.0,1810.0,1871.0,1377.0,streamcluster
3637.0,1206.0,1198.0,1535.0,1564.0,2277.0,1034.0,1442.0,916.0,886.0,1106.0,1136.0,1071.0,1298.0,1130.0,1118.0,949.0,571.0,641.0,734.0,935.0,680.0,633.0,752.0,645.0,622.0,480.0,634.0,697.0,788.0,564.0,694.0,919.0,730.0,435.0,746.0,874.0,805.0,759.0,674.0,789.0,674.0,728.0,643.0,767.0,853.0,625.0,706.0,1155.0,842.0,864.0,589.0,1201.0,1078.0,930.0,879.0,902.0,976.0,970.0,867.0,864.0,951.0,924.0,889.0,1424.0,1019.0,969.0,1247.0,1171.0,1231.0,1054.0,1228.0,1043.0,1205.0,1299.0,1278.0,1009.0,1169.0,982.0,1073.0,1372.0,783.0,748.0,935.0,1192.0,625.0,772.0,837.0,958.0,806.0,687.0,880.0,694.0,829.0,622.0,746.0,872.0,598.0,666.0,693.0,864.0,724.0,359.0,732.0,560.0,592.0,568.0,892.0,491.0,769.0,536.0,611.0,1095.0,761.0,758.0,782.0,1097.0,900.0,929.0,696.0,602.0,750.0,939.0,700.0,732.0,794.0,799.0,761.0,826.0,813.0,674.0,677.0,841.0,751.0,642.0,762.0,454.0,631.0,598.0,566.0,830.0,637.0,657.0,689.0,642.0,600.0,564.0,583.0,860.0,462.0,618.0,666.0,630.0,291.0,560.0,366.0,561.0,591.0,677.0,491.0,835.0,725.0,610.0,908.0,1032.0,709.0,713.0,802.0,697.0,790.0,499.0,738.0,711.0,695.0,750.0,701.0,643.0,497.0,618.0,676.0,854.0,833.0,749.0,640.0,526.0,502.0,722.0,516.0,537.0,605.0,559.0,474.0,816.0,786.0,717.0,709.0,812.0,708.0,583.0,734.0,696.0,601.0,663.0,642.0,409.0,629.0,643.0,604.0,802.0,797.0,718.0,691.0,801.0,544.0,552.0,725.0,574.0,486.0,579.0,564.0,677.0,343.0,572.0,623.0,721.0,654.0,721.0,608.0,773.0,543.0,485.0,711.0,568.0,502.0,644.0,559.0,696.0,708.0,396.0,640.0,836.0,720.0,796.0,920.0,946.0,929.0,587.0,857.0,743.0,580.0,702.0,791.0,719.0,629.0,713.0,444.0,streamcluster
5776.0,1753.0,1976.0,2618.0,2793.0,3352.0,1447.0,2125.0,1647.0,1555.0,1663.0,1735.0,1593.0,2177.0,1894.0,2087.0,1315.0,949.0,883.0,1247.0,1447.0,1220.0,1326.0,1380.0,1082.0,986.0,1004.0,993.0,1157.0,1228.0,1328.0,1102.0,1460.0,1203.0,877.0,1326.0,1618.0,1358.0,1375.0,1264.0,1342.0,1275.0,1199.0,1349.0,1269.0,1297.0,1173.0,1260.0,1942.0,1458.0,1512.0,1139.0,2070.0,1768.0,1525.0,1328.0,1620.0,1564.0,1460.0,1508.0,1371.0,1415.0,1531.0,1517.0,2628.0,1525.0,1680.0,2210.0,2111.0,1979.0,1383.0,2007.0,2049.0,1809.0,2014.0,2264.0,1691.0,1843.0,1898.0,1695.0,2325.0,1231.0,1188.0,1519.0,1754.0,957.0,1082.0,1445.0,1636.0,1331.0,1258.0,1325.0,1076.0,1418.0,1172.0,1486.0,1349.0,1236.0,1046.0,1261.0,1429.0,1337.0,670.0,1352.0,1126.0,1094.0,1157.0,1102.0,927.0,1124.0,1042.0,1160.0,1904.0,1314.0,1342.0,1349.0,1602.0,1379.0,1337.0,1138.0,1146.0,1231.0,1456.0,1459.0,1342.0,1451.0,1286.0,1336.0,1466.0,1244.0,1445.0,1300.0,1670.0,1135.0,1136.0,1321.0,858.0,1209.0,1247.0,1132.0,1354.0,1239.0,1308.0,1253.0,1005.0,1015.0,1007.0,1180.0,1255.0,785.0,945.0,1185.0,1188.0,523.0,890.0,562.0,872.0,977.0,1121.0,873.0,1506.0,1144.0,1189.0,1438.0,1829.0,1205.0,1280.0,1318.0,1379.0,1434.0,928.0,1227.0,1153.0,1276.0,1465.0,1101.0,1197.0,878.0,1074.0,1053.0,1614.0,996.0,1026.0,1162.0,957.0,1013.0,1227.0,961.0,965.0,1057.0,1034.0,968.0,1181.0,1183.0,1384.0,1228.0,1411.0,1065.0,1107.0,1310.0,1217.0,1066.0,1216.0,1210.0,824.0,1133.0,1101.0,1178.0,1374.0,1348.0,1155.0,1208.0,1334.0,968.0,1007.0,1123.0,1173.0,900.0,1008.0,1036.0,1091.0,660.0,1038.0,1139.0,1242.0,1127.0,1364.0,1203.0,1464.0,1073.0,898.0,1303.0,1079.0,1132.0,1156.0,1093.0,1219.0,1196.0,828.0,1103.0,1475.0,1287.0,1408.0,1596.0,1687.0,1426.0,976.0,1444.0,1301.0,1238.0,1067.0,1347.0,1119.0,1166.0,1391.0,911.0,streamcluster
3572.0,1294.0,1110.0,1563.0,1705.0,2090.0,865.0,1312.0,844.0,972.0,784.0,1043.0,859.0,1306.0,892.0,1053.0,979.0,521.0,489.0,715.0,936.0,632.0,587.0,828.0,564.0,589.0,537.0,569.0,530.0,806.0,563.0,572.0,761.0,626.0,429.0,634.0,845.0,765.0,780.0,742.0,640.0,731.0,565.0,576.0,737.0,734.0,642.0,687.0,1116.0,850.0,762.0,605.0,1122.0,964.0,966.0,820.0,847.0,837.0,810.0,828.0,807.0,800.0,898.0,679.0,1562.0,1085.0,893.0,1188.0,1195.0,1211.0,979.0,1127.0,1126.0,1122.0,1031.0,1126.0,767.0,1145.0,813.0,942.0,1331.0,754.0,649.0,763.0,1005.0,590.0,727.0,971.0,922.0,826.0,756.0,667.0,639.0,820.0,618.0,773.0,798.0,681.0,571.0,634.0,851.0,663.0,373.0,700.0,501.0,616.0,614.0,563.0,606.0,645.0,549.0,558.0,998.0,844.0,783.0,785.0,864.0,858.0,740.0,639.0,624.0,790.0,758.0,675.0,692.0,778.0,692.0,783.0,774.0,658.0,658.0,639.0,853.0,679.0,600.0,754.0,404.0,629.0,657.0,523.0,565.0,618.0,595.0,680.0,601.0,593.0,598.0,535.0,859.0,552.0,612.0,656.0,506.0,268.0,452.0,358.0,454.0,500.0,642.0,500.0,680.0,697.0,599.0,706.0,987.0,767.0,753.0,735.0,818.0,761.0,442.0,644.0,588.0,665.0,590.0,654.0,645.0,539.0,540.0,585.0,791.0,604.0,608.0,744.0,488.0,604.0,533.0,459.0,424.0,582.0,442.0,517.0,729.0,588.0,588.0,656.0,655.0,595.0,662.0,648.0,677.0,539.0,562.0,618.0,366.0,675.0,592.0,613.0,733.0,915.0,696.0,610.0,701.0,575.0,528.0,621.0,498.0,530.0,519.0,527.0,517.0,323.0,553.0,563.0,660.0,624.0,643.0,631.0,802.0,555.0,539.0,714.0,628.0,522.0,557.0,635.0,615.0,519.0,354.0,576.0,767.0,761.0,734.0,853.0,914.0,802.0,561.0,1002.0,680.0,686.0,630.0,649.0,595.0,749.0,485.0,463.0,streamcluster
5380.0,1883.0,1927.0,2230.0,2368.0,3306.0,1593.0,2025.0,1402.0,1541.0,1466.0,1902.0,1403.0,2087.0,1934.0,1871.0,1397.0,895.0,885.0,1018.0,1383.0,1064.0,953.0,1379.0,1037.0,944.0,899.0,1008.0,1190.0,1150.0,1136.0,1136.0,1510.0,1116.0,776.0,1165.0,1424.0,1322.0,1096.0,1209.0,1116.0,1266.0,1106.0,1007.0,1199.0,1297.0,1200.0,1203.0,1677.0,1319.0,1244.0,1000.0,1811.0,1486.0,1484.0,1311.0,1454.0,1413.0,1513.0,1413.0,1401.0,1525.0,1424.0,1378.0,2066.0,1670.0,1595.0,1865.0,1810.0,2030.0,1550.0,1933.0,1843.0,1829.0,1671.0,1993.0,1475.0,1703.0,1816.0,1504.0,1946.0,1275.0,1132.0,1381.0,1796.0,893.0,1148.0,1490.0,1453.0,1496.0,1300.0,1157.0,978.0,1249.0,1030.0,1215.0,1329.0,1019.0,906.0,1184.0,1483.0,1312.0,631.0,1148.0,930.0,1057.0,1085.0,910.0,863.0,1121.0,1032.0,1069.0,1581.0,1293.0,1349.0,1235.0,1521.0,1455.0,1459.0,1051.0,988.0,1103.0,1342.0,1292.0,1237.0,1199.0,1245.0,1097.0,1160.0,1168.0,1115.0,1152.0,1510.0,1053.0,1105.0,1242.0,765.0,1022.0,1060.0,1022.0,1206.0,1191.0,1234.0,1162.0,985.0,983.0,912.0,1249.0,1185.0,892.0,970.0,1092.0,961.0,458.0,936.0,503.0,725.0,919.0,1028.0,772.0,1257.0,1183.0,1154.0,1249.0,1589.0,1302.0,1334.0,1344.0,1201.0,1285.0,805.0,1167.0,1018.0,1201.0,1229.0,1018.0,1076.0,983.0,854.0,902.0,1397.0,1074.0,1057.0,1152.0,932.0,980.0,1144.0,853.0,812.0,994.0,987.0,811.0,1131.0,1115.0,1147.0,1109.0,1237.0,972.0,1057.0,1211.0,1095.0,916.0,1163.0,1090.0,721.0,1154.0,1114.0,1009.0,1294.0,1474.0,1088.0,1088.0,1141.0,861.0,858.0,1019.0,918.0,860.0,986.0,924.0,960.0,618.0,1084.0,953.0,1192.0,1139.0,1336.0,1035.0,1366.0,972.0,843.0,1268.0,944.0,1021.0,1017.0,1071.0,1038.0,1049.0,754.0,1010.0,1323.0,1342.0,1321.0,1449.0,1552.0,1296.0,960.0,1315.0,1198.0,1195.0,1083.0,1203.0,1133.0,1063.0,1205.0,800.0,streamcluster
9658.0,2903.0,3287.0,3849.0,4169.0,5725.0,2627.0,3643.0,2226.0,2414.0,2507.0,2720.0,2676.0,3288.0,2904.0,3248.0,2282.0,1521.0,1446.0,1904.0,2442.0,1853.0,1638.0,2320.0,1677.0,1598.0,1462.0,1557.0,1876.0,2168.0,1604.0,1845.0,2323.0,1938.0,1365.0,1997.0,2478.0,2098.0,1995.0,1914.0,1996.0,1985.0,1877.0,1746.0,2247.0,2119.0,1919.0,2008.0,3043.0,2099.0,2257.0,1682.0,3172.0,2777.0,2347.0,2293.0,2562.0,2602.0,2293.0,2492.0,2308.0,2181.0,2243.0,2135.0,3766.0,2600.0,2784.0,3337.0,3123.0,3219.0,2967.0,3449.0,2769.0,2745.0,3124.0,3517.0,2447.0,2826.0,2754.0,2836.0,3568.0,2113.0,1948.0,2306.0,2873.0,1521.0,1978.0,2396.0,2196.0,2125.0,2020.0,2128.0,1738.0,1961.0,1797.0,2180.0,2270.0,1729.0,1758.0,1816.0,2499.0,2156.0,1044.0,1988.0,1578.0,1719.0,1713.0,1774.0,1678.0,1823.0,1651.0,1820.0,2781.0,2261.0,2016.0,2356.0,2850.0,2393.0,2187.0,2041.0,1815.0,2036.0,2415.0,2136.0,2119.0,2041.0,2033.0,2016.0,2060.0,2069.0,1929.0,1938.0,2327.0,1745.0,1865.0,2236.0,1178.0,1714.0,1753.0,1611.0,2063.0,1655.0,1968.0,1987.0,1682.0,1679.0,1503.0,1902.0,2095.0,1375.0,1738.0,1922.0,1664.0,780.0,1420.0,1062.0,1271.0,1433.0,1746.0,1432.0,2028.0,1887.0,1903.0,2091.0,2824.0,2252.0,2223.0,2202.0,1862.0,2033.0,1368.0,1867.0,1774.0,2053.0,2002.0,1697.0,1841.0,1343.0,1648.0,1813.0,2234.0,1857.0,1793.0,1934.0,1373.0,1656.0,1754.0,1371.0,1513.0,1544.0,1635.0,1342.0,2027.0,2065.0,2032.0,1837.0,2074.0,1652.0,1837.0,2099.0,1648.0,1649.0,1821.0,1733.0,1205.0,1736.0,1831.0,1735.0,1975.0,2228.0,1965.0,1858.0,1976.0,1410.0,1510.0,2146.0,1558.0,1436.0,1611.0,1534.0,1586.0,933.0,1787.0,1596.0,2091.0,1810.0,2031.0,1759.0,2157.0,1639.0,1459.0,1966.0,1528.0,1492.0,1760.0,1817.0,1952.0,2015.0,1185.0,1631.0,2200.0,2060.0,2135.0,2326.0,2524.0,2385.0,1806.0,2359.0,1819.0,1751.0,1813.0,1915.0,1909.0,1652.0,1919.0,1308.0,streamcluster
9169.0,2946.0,2904.0,3955.0,4296.0,5337.0,2545.0,3563.0,2338.0,2367.0,2598.0,2723.0,2663.0,3071.0,3071.0,3174.0,2147.0,1540.0,1416.0,1809.0,2685.0,1879.0,1706.0,2456.0,1878.0,1776.0,1391.0,1570.0,1817.0,2114.0,1647.0,1825.0,2301.0,1809.0,1238.0,2080.0,2399.0,2219.0,1874.0,2025.0,2004.0,1965.0,1799.0,1811.0,2111.0,2062.0,1856.0,2094.0,3072.0,2224.0,2289.0,1790.0,3347.0,2759.0,2381.0,2322.0,2456.0,2636.0,2433.0,2433.0,2319.0,2427.0,2211.0,2281.0,3679.0,2770.0,2589.0,3679.0,3385.0,3396.0,2955.0,3291.0,3113.0,2875.0,2760.0,3459.0,2440.0,2809.0,2587.0,2862.0,3377.0,2160.0,1848.0,2567.0,3079.0,1621.0,2139.0,2421.0,2452.0,2281.0,2059.0,2028.0,1751.0,2073.0,1752.0,2155.0,2164.0,1877.0,1627.0,1980.0,2510.0,2196.0,1086.0,2048.0,1583.0,1809.0,1683.0,1736.0,1506.0,1813.0,1472.0,1887.0,2736.0,2413.0,2057.0,2233.0,2655.0,2703.0,2236.0,2002.0,1800.0,2124.0,2384.0,2142.0,2006.0,2166.0,2091.0,1966.0,2043.0,1847.0,2034.0,2019.0,2550.0,1792.0,1950.0,2066.0,1250.0,1760.0,1674.0,1699.0,1942.0,1827.0,1986.0,1918.0,1560.0,1758.0,1584.0,1820.0,1986.0,1509.0,1710.0,1903.0,1681.0,815.0,1395.0,1018.0,1263.0,1506.0,1684.0,1453.0,2113.0,1865.0,1842.0,2225.0,2769.0,2167.0,2109.0,2200.0,1919.0,1926.0,1376.0,1832.0,1820.0,1748.0,1942.0,1740.0,1928.0,1410.0,1316.0,1665.0,2303.0,1769.0,1854.0,1910.0,1508.0,1632.0,1920.0,1410.0,1463.0,1478.0,1587.0,1474.0,2024.0,1969.0,1856.0,1911.0,2127.0,1612.0,1757.0,2055.0,1619.0,1615.0,1848.0,1714.0,1157.0,1879.0,1810.0,1597.0,2049.0,2161.0,2006.0,2089.0,1930.0,1514.0,1605.0,1896.0,1546.0,1394.0,1518.0,1595.0,1706.0,932.0,1520.0,1729.0,1983.0,1956.0,1924.0,1893.0,2117.0,1648.0,1500.0,1914.0,1615.0,1668.0,1612.0,1799.0,1681.0,1571.0,1171.0,1624.0,2278.0,1997.0,1980.0,2496.0,2611.0,2299.0,1877.0,2321.0,1916.0,1809.0,1799.0,2063.0,1741.0,1660.0,1957.0,1335.0,streamcluster
9705.0,2871.0,3077.0,3908.0,4754.0,5768.0,2742.0,3660.0,2424.0,2495.0,2599.0,2971.0,2514.0,3209.0,2959.0,3240.0,2308.0,1583.0,1592.0,1875.0,2317.0,1791.0,1833.0,2539.0,1798.0,1620.0,1573.0,1748.0,1910.0,2120.0,1730.0,1863.0,2470.0,2128.0,1363.0,2135.0,2567.0,2241.0,2033.0,2042.0,1971.0,2028.0,1811.0,1875.0,2093.0,2342.0,1794.0,2125.0,3132.0,2314.0,2467.0,1812.0,3311.0,2646.0,2480.0,2292.0,2627.0,2539.0,2405.0,2500.0,2308.0,2479.0,2383.0,2224.0,4633.0,2546.0,2847.0,3413.0,3368.0,3374.0,2983.0,3010.0,2878.0,3051.0,3028.0,3559.0,2451.0,2953.0,2803.0,2674.0,3850.0,2123.0,1878.0,2449.0,2962.0,1578.0,2014.0,2348.0,2390.0,2357.0,2035.0,2180.0,1747.0,2195.0,1917.0,2166.0,2518.0,1745.0,1767.0,1999.0,2774.0,2213.0,1096.0,1894.0,1556.0,1925.0,1835.0,1716.0,1603.0,1896.0,1588.0,1759.0,3053.0,2399.0,2054.0,2178.0,2620.0,2468.0,2246.0,1846.0,1744.0,2175.0,2493.0,2169.0,2105.0,2327.0,2256.0,2081.0,2369.0,2068.0,1985.0,2103.0,2504.0,1868.0,1913.0,2075.0,1259.0,1930.0,1761.0,1677.0,1854.0,1930.0,2091.0,2110.0,1691.0,1680.0,1611.0,2028.0,2126.0,1478.0,1820.0,1951.0,1632.0,839.0,1444.0,973.0,1287.0,1616.0,1814.0,1496.0,2321.0,2011.0,1732.0,2235.0,2855.0,2150.0,2251.0,2211.0,1865.0,2142.0,1476.0,2159.0,1681.0,1915.0,1983.0,2033.0,2016.0,1518.0,1384.0,1690.0,2368.0,1906.0,1789.0,1884.0,1505.0,1600.0,1945.0,1551.0,1450.0,1517.0,1699.0,1428.0,2068.0,1921.0,1997.0,1871.0,2082.0,1740.0,1962.0,1980.0,1716.0,1643.0,1914.0,1829.0,1216.0,2032.0,1853.0,1815.0,1946.0,2203.0,1945.0,2188.0,2121.0,1451.0,1449.0,1982.0,1715.0,1546.0,1619.0,1682.0,1692.0,1074.0,1703.0,1730.0,2145.0,1734.0,2108.0,1871.0,2273.0,1838.0,1468.0,2071.0,1853.0,1799.0,1704.0,1782.0,1811.0,1895.0,1238.0,1785.0,2527.0,2097.0,2508.0,2545.0,2728.0,2341.0,1623.0,2303.0,1839.0,2020.0,1865.0,2197.0,1873.0,1687.0,2024.0,1339.0,streamcluster
9550.0,2924.0,2928.0,4075.0,4336.0,5819.0,2862.0,3504.0,2325.0,2357.0,2722.0,2737.0,2820.0,3369.0,2916.0,3096.0,2289.0,1520.0,1480.0,1792.0,2514.0,1932.0,1696.0,2317.0,1690.0,1559.0,1514.0,1560.0,1803.0,2145.0,1826.0,1828.0,2211.0,1909.0,1290.0,1968.0,2365.0,2272.0,1896.0,1803.0,1996.0,1912.0,1885.0,1919.0,1967.0,2313.0,1637.0,2246.0,2983.0,2234.0,2209.0,1668.0,3207.0,2666.0,2472.0,2325.0,2445.0,2592.0,2348.0,2455.0,2251.0,2500.0,2290.0,2080.0,3972.0,2745.0,2819.0,3488.0,3194.0,3514.0,2877.0,3096.0,2879.0,2814.0,2997.0,3496.0,2509.0,2865.0,2670.0,2811.0,3622.0,2153.0,1927.0,2353.0,3091.0,1610.0,1959.0,2442.0,2258.0,2270.0,2472.0,1937.0,1730.0,2105.0,1761.0,2084.0,2375.0,1752.0,1760.0,1915.0,2445.0,1968.0,1051.0,1905.0,1583.0,1804.0,1634.0,1644.0,1716.0,1866.0,1544.0,1691.0,2923.0,2223.0,1984.0,2261.0,2502.0,2673.0,2231.0,1880.0,1721.0,1977.0,2407.0,2107.0,2229.0,2199.0,2139.0,2083.0,2170.0,2069.0,1889.0,1949.0,2365.0,1778.0,2024.0,2105.0,1243.0,1879.0,1866.0,1644.0,1938.0,1854.0,1916.0,1868.0,1588.0,1769.0,1600.0,1731.0,2124.0,1486.0,1695.0,1761.0,1734.0,776.0,1367.0,1066.0,1304.0,1499.0,1825.0,1307.0,2171.0,1972.0,1786.0,2289.0,2674.0,2204.0,2313.0,2202.0,1889.0,2046.0,1405.0,1826.0,1969.0,1854.0,1924.0,1868.0,1883.0,1466.0,1542.0,1711.0,2299.0,1836.0,1775.0,1906.0,1526.0,1491.0,1942.0,1341.0,1458.0,1613.0,1572.0,1525.0,2224.0,2189.0,1845.0,1704.0,2115.0,1582.0,1940.0,2211.0,1717.0,1508.0,1738.0,1702.0,1188.0,1845.0,1669.0,1591.0,2099.0,2022.0,1984.0,2082.0,1978.0,1492.0,1518.0,2026.0,1736.0,1484.0,1511.0,1504.0,1718.0,984.0,1676.0,1694.0,2029.0,2014.0,1800.0,1844.0,2243.0,1599.0,1396.0,2026.0,1706.0,1508.0,1629.0,1817.0,1843.0,1721.0,1180.0,1688.0,2258.0,2018.0,2032.0,2397.0,2560.0,2374.0,1760.0,2461.0,1794.0,1771.0,1977.0,2107.0,1820.0,1733.0,2108.0,1284.0,streamcluster
2001.0,280.0,1126.0,1160.0,1059.0,1371.0,863.0,959.0,822.0,860.0,1089.0,1197.0,921.0,1744.0,1090.0,1186.0,452.0,11.0,267.0,249.0,325.0,326.0,294.0,367.0,391.0,371.0,290.0,315.0,340.0,741.0,336.0,371.0,722.0,38.0,499.0,639.0,598.0,639.0,643.0,610.0,559.0,571.0,564.0,508.0,563.0,1522.0,605.0,738.0,736.0,24.0,620.0,465.0,638.0,602.0,609.0,535.0,575.0,539.0,539.0,655.0,530.0,1173.0,523.0,576.0,917.0,25.0,721.0,830.0,764.0,916.0,677.0,856.0,797.0,775.0,787.0,889.0,1068.0,1822.0,788.0,698.0,924.0,41.0,560.0,639.0,826.0,523.0,889.0,628.0,867.0,634.0,494.0,582.0,586.0,1716.0,582.0,601.0,670.0,20.0,496.0,448.0,497.0,965.0,343.0,427.0,584.0,501.0,477.0,428.0,422.0,1459.0,415.0,534.0,538.0,33.0,525.0,490.0,573.0,563.0,578.0,342.0,432.0,517.0,574.0,544.0,803.0,1123.0,448.0,405.0,597.0,20.0,547.0,529.0,584.0,646.0,686.0,496.0,383.0,484.0,473.0,393.0,547.0,1020.0,470.0,620.0,422.0,21.0,437.0,483.0,497.0,420.0,460.0,436.0,530.0,294.0,571.0,432.0,298.0,845.0,423.0,321.0,839.0,16.0,475.0,572.0,807.0,582.0,636.0,643.0,521.0,846.0,438.0,636.0,665.0,1157.0,654.0,464.0,742.0,28.0,397.0,430.0,488.0,505.0,517.0,623.0,449.0,568.0,633.0,477.0,366.0,1000.0,488.0,339.0,557.0,43.0,582.0,585.0,915.0,543.0,514.0,867.0,605.0,470.0,730.0,602.0,446.0,1146.0,560.0,520.0,667.0,41.0,692.0,663.0,795.0,611.0,523.0,611.0,558.0,535.0,546.0,539.0,625.0,692.0,739.0,556.0,542.0,40.0,615.0,493.0,526.0,465.0,346.0,444.0,403.0,366.0,439.0,413.0,465.0,1133.0,362.0,422.0,906.0,23.0,718.0,716.0,704.0,628.0,589.0,558.0,572.0,620.0,486.0,600.0,643.0,1076.0,534.0,452.0,streamcluster
9415.0,2878.0,3207.0,4037.0,4397.0,5509.0,2730.0,3364.0,2264.0,2273.0,2609.0,2599.0,2414.0,3401.0,2705.0,3369.0,2317.0,1474.0,1312.0,1797.0,2360.0,2015.0,1674.0,2185.0,1695.0,1684.0,1500.0,1649.0,1740.0,2085.0,1567.0,1846.0,2320.0,1773.0,1296.0,2008.0,2512.0,2075.0,2033.0,1915.0,1901.0,2049.0,1952.0,1760.0,1858.0,2185.0,1929.0,2091.0,3099.0,2187.0,2188.0,1691.0,3185.0,2800.0,2545.0,2231.0,2458.0,2417.0,2293.0,2428.0,2166.0,2375.0,2404.0,2250.0,3883.0,2447.0,2969.0,3461.0,3227.0,3261.0,2892.0,3249.0,2904.0,2900.0,2909.0,3149.0,2207.0,2907.0,2664.0,2835.0,3574.0,2093.0,1967.0,2573.0,2900.0,1508.0,1936.0,2382.0,2359.0,2238.0,2110.0,2004.0,1625.0,2251.0,1632.0,2123.0,2232.0,1768.0,1775.0,1998.0,2325.0,1994.0,1066.0,1997.0,1654.0,1750.0,1818.0,1667.0,1506.0,2011.0,1547.0,1668.0,2816.0,2222.0,2089.0,2155.0,2544.0,2483.0,2007.0,1816.0,1686.0,2005.0,2381.0,2151.0,1888.0,2314.0,2076.0,1988.0,2171.0,2006.0,1920.0,1967.0,2387.0,1769.0,1928.0,2072.0,1238.0,1758.0,1595.0,1672.0,1822.0,2020.0,1873.0,1916.0,1618.0,1668.0,1424.0,1705.0,2155.0,1453.0,1733.0,1866.0,1658.0,775.0,1613.0,912.0,1348.0,1721.0,1627.0,1352.0,2146.0,1990.0,1861.0,2242.0,2902.0,2042.0,2207.0,2158.0,1880.0,2096.0,1381.0,1826.0,1773.0,2059.0,2001.0,1743.0,1832.0,1598.0,1439.0,1675.0,2379.0,1797.0,1866.0,1888.0,1449.0,1538.0,1830.0,1355.0,1295.0,1695.0,1453.0,1321.0,2105.0,1898.0,2040.0,1942.0,1964.0,1632.0,1773.0,1894.0,1736.0,1673.0,1797.0,1759.0,1105.0,1935.0,1554.0,1712.0,1954.0,2144.0,1902.0,2009.0,1946.0,1503.0,1559.0,1889.0,1558.0,1432.0,1641.0,1533.0,1712.0,1033.0,1493.0,1630.0,1873.0,1794.0,2112.0,1900.0,2163.0,1534.0,1414.0,1775.0,1660.0,1609.0,1748.0,1708.0,1805.0,1784.0,1141.0,1705.0,2228.0,2026.0,2128.0,2564.0,2761.0,2219.0,1658.0,2287.0,1952.0,1805.0,1813.0,1946.0,1833.0,1585.0,1977.0,1322.0,streamcluster
9885.0,3412.0,2874.0,3771.0,4322.0,5663.0,2887.0,3143.0,2322.0,2498.0,2624.0,2766.0,2789.0,3256.0,3019.0,3255.0,2329.0,1512.0,1407.0,1960.0,2541.0,1853.0,1871.0,2345.0,1749.0,1711.0,1526.0,1778.0,1877.0,2108.0,1856.0,1788.0,2310.0,1859.0,1247.0,1849.0,2438.0,2126.0,2018.0,1881.0,1944.0,1964.0,1841.0,1877.0,2108.0,1964.0,1882.0,2125.0,3200.0,2272.0,2220.0,1633.0,3229.0,2693.0,2461.0,2083.0,2595.0,2523.0,2324.0,2349.0,2364.0,2426.0,2071.0,2196.0,3943.0,2880.0,2491.0,3353.0,3159.0,3313.0,2889.0,2638.0,2900.0,2909.0,3067.0,3553.0,2517.0,3027.0,2701.0,2842.0,3543.0,2281.0,1714.0,2454.0,2955.0,1639.0,1862.0,2216.0,2358.0,2530.0,2069.0,1960.0,1792.0,2137.0,1723.0,2300.0,2294.0,1849.0,1698.0,2047.0,2392.0,2131.0,1106.0,1829.0,1507.0,2010.0,1799.0,1725.0,1689.0,1878.0,1523.0,1744.0,2685.0,2313.0,2066.0,2082.0,2422.0,2459.0,2192.0,1689.0,1735.0,1905.0,2413.0,2220.0,1990.0,2358.0,2052.0,2165.0,2140.0,2111.0,1812.0,2060.0,2317.0,1912.0,2077.0,2047.0,1231.0,1828.0,1888.0,1704.0,2008.0,1810.0,1942.0,1843.0,1695.0,1809.0,1435.0,1801.0,2112.0,1575.0,1959.0,1714.0,1782.0,808.0,1457.0,1007.0,1385.0,1492.0,1627.0,1403.0,2247.0,2104.0,1651.0,2299.0,2833.0,2290.0,2434.0,1955.0,1877.0,2043.0,1347.0,2045.0,1856.0,1929.0,2093.0,1744.0,1925.0,1550.0,1435.0,1749.0,2446.0,1889.0,1919.0,1722.0,1529.0,1530.0,1787.0,1408.0,1467.0,1583.0,1575.0,1470.0,2093.0,2118.0,1964.0,1849.0,2131.0,1636.0,1724.0,2093.0,1645.0,1686.0,1784.0,1828.0,1202.0,1953.0,1763.0,1663.0,2138.0,2114.0,2040.0,2009.0,2072.0,1579.0,1494.0,1952.0,1504.0,1486.0,1604.0,1541.0,1750.0,960.0,1638.0,1594.0,2059.0,1974.0,2109.0,1756.0,2252.0,1631.0,1459.0,1840.0,1638.0,1588.0,1779.0,1846.0,1722.0,1609.0,1188.0,1710.0,2230.0,2050.0,1984.0,2365.0,2627.0,2582.0,1634.0,2414.0,1868.0,1794.0,1818.0,2122.0,1908.0,1689.0,2092.0,1353.0,streamcluster
4877.0,1454.0,1391.0,2010.0,2094.0,2591.0,1239.0,1808.0,1246.0,1252.0,1282.0,1440.0,1473.0,1710.0,1499.0,1608.0,1076.0,791.0,661.0,927.0,1104.0,834.0,825.0,1092.0,920.0,757.0,759.0,831.0,895.0,1013.0,1043.0,850.0,1096.0,893.0,610.0,996.0,1116.0,915.0,922.0,904.0,1052.0,989.0,871.0,868.0,1065.0,1032.0,831.0,1067.0,1652.0,1107.0,1047.0,826.0,1546.0,1412.0,1068.0,1138.0,1165.0,1161.0,1195.0,1167.0,1074.0,1131.0,1227.0,993.0,1890.0,1214.0,1225.0,1678.0,1612.0,1493.0,1442.0,1605.0,1439.0,1460.0,1374.0,1874.0,1237.0,1430.0,1339.0,1388.0,1708.0,977.0,842.0,1199.0,1379.0,724.0,1019.0,1189.0,1228.0,1118.0,999.0,1017.0,839.0,1067.0,769.0,1022.0,1156.0,846.0,758.0,959.0,1248.0,1105.0,499.0,935.0,749.0,912.0,749.0,846.0,839.0,916.0,660.0,828.0,1309.0,940.0,1012.0,1125.0,1236.0,1075.0,1058.0,882.0,856.0,914.0,1234.0,1076.0,940.0,1089.0,950.0,1005.0,1096.0,1012.0,1092.0,908.0,1145.0,818.0,1024.0,1080.0,600.0,928.0,763.0,763.0,847.0,931.0,897.0,914.0,818.0,803.0,852.0,923.0,1123.0,685.0,790.0,876.0,841.0,395.0,660.0,511.0,525.0,841.0,760.0,648.0,993.0,866.0,830.0,1067.0,1267.0,1009.0,1043.0,1073.0,924.0,1012.0,683.0,1055.0,955.0,886.0,958.0,932.0,971.0,661.0,727.0,815.0,1157.0,827.0,895.0,935.0,736.0,728.0,1017.0,667.0,767.0,829.0,742.0,774.0,1013.0,969.0,993.0,939.0,1056.0,769.0,862.0,860.0,863.0,751.0,869.0,863.0,585.0,1018.0,700.0,914.0,1123.0,1009.0,869.0,987.0,993.0,699.0,813.0,825.0,816.0,688.0,746.0,807.0,815.0,501.0,821.0,764.0,1042.0,916.0,915.0,972.0,1149.0,728.0,650.0,1048.0,748.0,784.0,799.0,885.0,799.0,983.0,550.0,848.0,1100.0,926.0,983.0,1219.0,1257.0,1020.0,873.0,1105.0,933.0,919.0,882.0,1108.0,937.0,749.0,930.0,665.0,streamcluster
242.0,139.0,106.0,163.0,141.0,201.0,115.0,155.0,136.0,85.0,68.0,96.0,101.0,61.0,90.0,106.0,78.0,44.0,35.0,52.0,50.0,34.0,83.0,44.0,73.0,41.0,37.0,33.0,44.0,18.0,33.0,40.0,77.0,50.0,28.0,46.0,28.0,34.0,73.0,47.0,49.0,20.0,21.0,16.0,40.0,9.0,38.0,46.0,115.0,58.0,37.0,47.0,67.0,50.0,86.0,68.0,51.0,37.0,40.0,35.0,37.0,18.0,30.0,48.0,136.0,104.0,37.0,97.0,56.0,50.0,98.0,88.0,83.0,42.0,43.0,50.0,49.0,27.0,70.0,70.0,127.0,63.0,36.0,47.0,56.0,47.0,116.0,57.0,69.0,43.0,28.0,24.0,50.0,22.0,44.0,47.0,83.0,57.0,32.0,48.0,52.0,81.0,58.0,65.0,52.0,41.0,32.0,35.0,30.0,24.0,44.0,41.0,108.0,40.0,26.0,46.0,28.0,39.0,80.0,40.0,60.0,25.0,26.0,25.0,30.0,18.0,26.0,22.0,94.0,61.0,34.0,56.0,29.0,38.0,74.0,47.0,32.0,27.0,37.0,24.0,36.0,22.0,23.0,29.0,85.0,49.0,35.0,46.0,35.0,39.0,67.0,44.0,50.0,28.0,26.0,42.0,19.0,14.0,24.0,23.0,48.0,40.0,29.0,42.0,29.0,37.0,56.0,39.0,40.0,28.0,22.0,29.0,26.0,25.0,31.0,42.0,77.0,30.0,23.0,34.0,33.0,31.0,68.0,35.0,30.0,29.0,31.0,21.0,17.0,14.0,22.0,41.0,67.0,56.0,48.0,46.0,35.0,51.0,73.0,61.0,44.0,26.0,31.0,23.0,18.0,17.0,28.0,30.0,69.0,43.0,25.0,28.0,31.0,34.0,62.0,52.0,32.0,29.0,24.0,28.0,24.0,17.0,32.0,17.0,77.0,73.0,40.0,66.0,57.0,29.0,59.0,68.0,65.0,30.0,24.0,20.0,17.0,18.0,21.0,19.0,90.0,81.0,36.0,83.0,62.0,48.0,61.0,77.0,65.0,34.0,49.0,51.0,21.0,18.0,33.0,43.0,streamcluster
5850.0,1585.0,1643.0,2329.0,2561.0,3266.0,1576.0,2185.0,1456.0,1295.0,1466.0,1616.0,1714.0,1961.0,1909.0,1832.0,1230.0,883.0,808.0,1087.0,1378.0,1056.0,957.0,1359.0,1064.0,940.0,835.0,931.0,1212.0,1313.0,1106.0,1040.0,1355.0,1107.0,733.0,1185.0,1445.0,1366.0,1130.0,1300.0,1169.0,1079.0,1130.0,1162.0,1180.0,1234.0,1204.0,1253.0,1817.0,1336.0,1269.0,1049.0,1937.0,1616.0,1479.0,1453.0,1443.0,1427.0,1321.0,1464.0,1319.0,1511.0,1331.0,1418.0,2511.0,1559.0,1441.0,1991.0,1844.0,1914.0,1627.0,1798.0,1671.0,1756.0,1696.0,1897.0,1565.0,1822.0,1805.0,1605.0,2035.0,1270.0,1074.0,1455.0,1728.0,919.0,1161.0,1451.0,1293.0,1391.0,1124.0,1221.0,1046.0,1406.0,1189.0,1276.0,1555.0,1063.0,992.0,1090.0,1457.0,1199.0,636.0,1230.0,1012.0,1130.0,900.0,953.0,942.0,1165.0,885.0,1023.0,1587.0,1216.0,1202.0,1397.0,1515.0,1544.0,1377.0,1008.0,1050.0,1156.0,1379.0,1188.0,1229.0,1288.0,1290.0,1201.0,1283.0,1236.0,1057.0,1098.0,1328.0,1046.0,1149.0,1253.0,771.0,1031.0,1181.0,930.0,1225.0,1165.0,1192.0,1201.0,938.0,1037.0,949.0,1069.0,1276.0,846.0,1014.0,1110.0,965.0,464.0,899.0,540.0,841.0,923.0,947.0,770.0,1262.0,1126.0,1073.0,1200.0,1631.0,1232.0,1316.0,1248.0,1208.0,1211.0,822.0,1078.0,1098.0,1113.0,1255.0,1075.0,1159.0,899.0,863.0,950.0,1489.0,1045.0,1060.0,1140.0,870.0,778.0,1045.0,808.0,898.0,996.0,913.0,800.0,1118.0,1226.0,1141.0,1161.0,1350.0,1076.0,1106.0,1195.0,1146.0,981.0,1014.0,1054.0,699.0,1186.0,1034.0,951.0,1322.0,1237.0,1271.0,1211.0,1220.0,984.0,958.0,1100.0,982.0,886.0,955.0,982.0,924.0,646.0,1087.0,1030.0,1193.0,1150.0,1230.0,1119.0,1374.0,1075.0,923.0,1217.0,969.0,890.0,1121.0,999.0,964.0,1062.0,744.0,940.0,1317.0,1255.0,1155.0,1488.0,1548.0,1288.0,960.0,1483.0,1112.0,1031.0,1015.0,1228.0,1091.0,1107.0,1290.0,775.0,streamcluster
9198.0,3224.0,3101.0,3786.0,4444.0,5712.0,2799.0,3654.0,2387.0,2331.0,2629.0,3051.0,2527.0,3484.0,2802.0,3173.0,2308.0,1615.0,1459.0,1800.0,2512.0,1856.0,1657.0,2390.0,1927.0,1656.0,1537.0,1643.0,1908.0,2345.0,1592.0,1983.0,2339.0,1943.0,1373.0,2007.0,2447.0,2287.0,2032.0,2217.0,1989.0,1979.0,1891.0,1815.0,1962.0,2328.0,2186.0,2150.0,3121.0,2292.0,2240.0,1733.0,3091.0,2868.0,2505.0,2302.0,2502.0,2675.0,2460.0,2566.0,2448.0,2328.0,2338.0,2231.0,3583.0,2749.0,2655.0,3403.0,3355.0,3467.0,3190.0,3008.0,2924.0,2772.0,3175.0,3760.0,2524.0,3049.0,2680.0,2961.0,3472.0,2263.0,1904.0,2370.0,3198.0,1638.0,2019.0,2270.0,2329.0,2416.0,2232.0,2183.0,1722.0,2169.0,1783.0,2311.0,2315.0,1870.0,1666.0,1977.0,2576.0,2306.0,1118.0,1950.0,1743.0,1971.0,1840.0,1706.0,1515.0,1992.0,1657.0,1854.0,2798.0,2398.0,2106.0,2187.0,2612.0,2666.0,2400.0,1799.0,1742.0,2219.0,2501.0,2212.0,1960.0,2343.0,2023.0,2117.0,2013.0,1989.0,2151.0,2029.0,2497.0,1819.0,2085.0,2112.0,1358.0,1867.0,1987.0,1778.0,1873.0,1677.0,2056.0,2256.0,1603.0,1697.0,1636.0,1872.0,2121.0,1630.0,1772.0,1970.0,1746.0,836.0,1463.0,1066.0,1208.0,1605.0,1804.0,1455.0,1948.0,2010.0,1795.0,2200.0,2800.0,2162.0,2428.0,2223.0,2102.0,2147.0,1534.0,2225.0,1769.0,2032.0,2006.0,1859.0,1778.0,1621.0,1470.0,1717.0,2399.0,1857.0,1944.0,1932.0,1511.0,1605.0,2044.0,1565.0,1367.0,1603.0,1562.0,1459.0,1983.0,2017.0,1963.0,1871.0,2148.0,1699.0,1775.0,2025.0,1752.0,1582.0,1899.0,1854.0,1197.0,2064.0,1849.0,1683.0,2229.0,2250.0,2093.0,2099.0,2068.0,1571.0,1535.0,2060.0,1542.0,1510.0,1646.0,1585.0,1668.0,1038.0,1701.0,1659.0,1984.0,2010.0,2167.0,1971.0,2218.0,1702.0,1521.0,1909.0,1829.0,1529.0,1695.0,1876.0,1826.0,1706.0,1241.0,1671.0,2180.0,2067.0,1976.0,2541.0,2752.0,2485.0,1744.0,2297.0,2029.0,1898.0,1948.0,2244.0,1916.0,1698.0,1926.0,1371.0,streamcluster
9418.0,2897.0,3004.0,4137.0,4252.0,5815.0,2609.0,3685.0,2335.0,2258.0,2551.0,2799.0,2713.0,3254.0,2857.0,2967.0,2293.0,1508.0,1551.0,1751.0,2426.0,1896.0,1856.0,2347.0,1781.0,1588.0,1584.0,1652.0,1763.0,2117.0,1675.0,1750.0,2431.0,1976.0,1274.0,2057.0,2368.0,2118.0,1829.0,2009.0,1802.0,1960.0,1920.0,1890.0,1953.0,2250.0,1646.0,1956.0,2945.0,2216.0,2194.0,1780.0,3130.0,2758.0,2436.0,2272.0,2692.0,2600.0,2346.0,2509.0,2372.0,2288.0,2291.0,2239.0,3764.0,2609.0,2699.0,3507.0,3112.0,3214.0,2410.0,3245.0,2756.0,2799.0,2984.0,3444.0,2460.0,2819.0,2779.0,2767.0,3681.0,2048.0,1811.0,2516.0,3071.0,1596.0,1895.0,2356.0,2243.0,2269.0,2125.0,2051.0,1775.0,2165.0,1822.0,2095.0,2526.0,1760.0,1719.0,1853.0,2045.0,2056.0,1004.0,1838.0,1475.0,1673.0,1737.0,1662.0,1582.0,1867.0,1534.0,1598.0,2876.0,2329.0,2028.0,2055.0,2627.0,2426.0,2223.0,1803.0,1776.0,2119.0,2446.0,2044.0,1975.0,2180.0,1931.0,1938.0,2144.0,1897.0,1988.0,2142.0,2413.0,1795.0,1728.0,2100.0,1185.0,1890.0,1716.0,1730.0,1870.0,1821.0,1969.0,2116.0,1581.0,1886.0,1422.0,1804.0,2086.0,1440.0,1520.0,1980.0,1591.0,809.0,1506.0,1067.0,1294.0,1610.0,1777.0,1337.0,2095.0,2047.0,1895.0,2159.0,2993.0,2079.0,2160.0,2187.0,1994.0,2081.0,1383.0,1951.0,1785.0,1890.0,1933.0,1750.0,1713.0,1450.0,1450.0,1801.0,2454.0,1828.0,1672.0,1861.0,1485.0,1549.0,2014.0,1395.0,1395.0,1696.0,1650.0,1421.0,1992.0,2011.0,1960.0,1777.0,2037.0,1661.0,1642.0,1914.0,1732.0,1613.0,1738.0,1748.0,1218.0,1972.0,1770.0,1758.0,2056.0,2089.0,1856.0,1908.0,1929.0,1442.0,1515.0,1982.0,1510.0,1479.0,1580.0,1575.0,2029.0,997.0,1718.0,1670.0,1881.0,1821.0,1845.0,1815.0,2328.0,1642.0,1463.0,1988.0,1490.0,1581.0,1747.0,1872.0,1907.0,1788.0,1176.0,1539.0,2199.0,2050.0,2071.0,2590.0,2528.0,2254.0,1506.0,2302.0,1918.0,1891.0,1815.0,1983.0,1790.0,1711.0,1954.0,1256.0,streamcluster
9069.0,2985.0,2893.0,4012.0,4235.0,5416.0,2621.0,3496.0,2289.0,2305.0,2584.0,2647.0,2639.0,3368.0,2823.0,3186.0,2469.0,1503.0,1372.0,1779.0,2352.0,1865.0,1631.0,2594.0,1797.0,1589.0,1351.0,1541.0,1811.0,1988.0,1716.0,1912.0,2196.0,1910.0,1268.0,2025.0,2295.0,2060.0,1983.0,1837.0,1950.0,1966.0,1895.0,1726.0,2173.0,2389.0,1745.0,2043.0,2956.0,2228.0,2188.0,1746.0,3249.0,2732.0,2238.0,2173.0,2541.0,2367.0,2375.0,2397.0,2282.0,2416.0,2389.0,2246.0,3783.0,2606.0,2575.0,3347.0,3207.0,3152.0,2927.0,2874.0,3025.0,2860.0,2980.0,3458.0,2387.0,3064.0,2791.0,2962.0,3435.0,2093.0,1825.0,2279.0,2876.0,1503.0,2111.0,2231.0,2422.0,2259.0,1942.0,2040.0,1716.0,2120.0,1758.0,2223.0,2047.0,1789.0,1728.0,1746.0,2534.0,2091.0,1043.0,1905.0,1506.0,1750.0,1711.0,1671.0,1480.0,2019.0,1486.0,1685.0,2871.0,2455.0,2056.0,2121.0,2564.0,2360.0,2213.0,1820.0,1601.0,1999.0,2481.0,2028.0,2042.0,2099.0,2115.0,2214.0,2148.0,2008.0,1897.0,1998.0,2474.0,1823.0,1868.0,1995.0,1253.0,1842.0,1738.0,1647.0,1734.0,1839.0,1998.0,1942.0,1611.0,1654.0,1632.0,1760.0,2166.0,1438.0,1596.0,1802.0,1813.0,767.0,1450.0,996.0,1186.0,1513.0,1694.0,1312.0,2130.0,1880.0,1853.0,2275.0,2788.0,2004.0,2149.0,2128.0,2038.0,2027.0,1346.0,2130.0,1649.0,1842.0,1901.0,1824.0,1869.0,1389.0,1485.0,1696.0,2234.0,1753.0,1640.0,1790.0,1541.0,1451.0,1843.0,1434.0,1469.0,1653.0,1649.0,1408.0,2064.0,1830.0,1932.0,1862.0,1969.0,1579.0,1599.0,2111.0,1771.0,1583.0,1661.0,1799.0,1133.0,1976.0,1776.0,1758.0,2027.0,2043.0,1973.0,1948.0,1977.0,1491.0,1573.0,1870.0,1495.0,1419.0,1535.0,1640.0,1665.0,974.0,1695.0,1717.0,1953.0,1709.0,2059.0,1733.0,2306.0,1692.0,1478.0,2161.0,1705.0,1463.0,1707.0,1850.0,1686.0,1787.0,1166.0,1585.0,2246.0,1948.0,2117.0,2452.0,2747.0,2232.0,1551.0,2299.0,1915.0,1912.0,1904.0,2228.0,1900.0,1724.0,1772.0,1352.0,streamcluster
9511.0,2921.0,2945.0,3869.0,4342.0,5316.0,2758.0,3377.0,2289.0,2433.0,2503.0,2728.0,2815.0,3398.0,2870.0,3178.0,2350.0,1511.0,1456.0,1689.0,2301.0,1782.0,1628.0,2566.0,1794.0,1661.0,1416.0,1547.0,1892.0,2197.0,1468.0,1874.0,2136.0,1996.0,1277.0,1956.0,2548.0,2062.0,1903.0,1977.0,1825.0,2049.0,1798.0,1834.0,2306.0,1981.0,1833.0,2046.0,3097.0,2194.0,2215.0,1684.0,3119.0,2635.0,2275.0,2274.0,2392.0,2392.0,2460.0,2501.0,2229.0,2388.0,2350.0,2254.0,4023.0,2561.0,2774.0,3256.0,3314.0,3126.0,2999.0,3154.0,2667.0,2767.0,2948.0,3297.0,2580.0,3045.0,2761.0,2872.0,3690.0,2022.0,1870.0,2278.0,2892.0,1488.0,2165.0,2239.0,2237.0,2329.0,2062.0,2011.0,1747.0,2154.0,1789.0,2122.0,2152.0,1709.0,1628.0,1737.0,2522.0,2458.0,1070.0,1891.0,1602.0,1754.0,1735.0,1629.0,1621.0,1939.0,1564.0,1747.0,2812.0,2260.0,2007.0,2120.0,2656.0,2397.0,2311.0,1791.0,1719.0,1938.0,2475.0,2085.0,1898.0,2157.0,1988.0,2163.0,2279.0,1913.0,1963.0,1837.0,2209.0,1779.0,1975.0,2062.0,1200.0,1940.0,1599.0,1526.0,1792.0,2110.0,1942.0,1799.0,1660.0,1589.0,1508.0,1808.0,2010.0,1532.0,1661.0,1731.0,1661.0,763.0,1313.0,847.0,1403.0,1460.0,1682.0,1545.0,2072.0,1819.0,1707.0,2124.0,2850.0,2058.0,2177.0,2192.0,1802.0,2086.0,1381.0,1764.0,1885.0,1947.0,1874.0,1733.0,1906.0,1487.0,1460.0,1593.0,2253.0,1707.0,1768.0,1812.0,1442.0,1535.0,1830.0,1337.0,1476.0,1619.0,1631.0,1341.0,1969.0,2226.0,1851.0,1856.0,2003.0,1661.0,1749.0,1885.0,1813.0,1523.0,1706.0,1795.0,1180.0,2024.0,1712.0,1697.0,2109.0,2359.0,1898.0,2066.0,2047.0,1525.0,1544.0,1753.0,1537.0,1372.0,1560.0,1474.0,1716.0,960.0,1711.0,1674.0,1901.0,1866.0,2130.0,1824.0,2341.0,1641.0,1405.0,1977.0,1593.0,1461.0,1795.0,1687.0,1860.0,1684.0,1131.0,1652.0,2339.0,1900.0,2003.0,2556.0,2715.0,2244.0,1702.0,2431.0,1859.0,1719.0,1823.0,1960.0,2026.0,1672.0,1801.0,1307.0,streamcluster
9183.0,2984.0,3086.0,3876.0,4243.0,5381.0,2495.0,3732.0,2477.0,2496.0,2651.0,2690.0,2833.0,3425.0,2610.0,3138.0,2149.0,1536.0,1421.0,1807.0,2480.0,1959.0,1764.0,2383.0,1729.0,1616.0,1552.0,1582.0,1647.0,2173.0,1743.0,1845.0,2315.0,1893.0,1256.0,2113.0,2351.0,2130.0,2069.0,1910.0,1938.0,1872.0,1837.0,1703.0,2103.0,2084.0,1754.0,2035.0,3017.0,2255.0,2298.0,1780.0,3322.0,2811.0,2407.0,2345.0,2499.0,2418.0,2355.0,2471.0,2357.0,2364.0,2431.0,2189.0,3793.0,2506.0,2640.0,3494.0,3138.0,3268.0,2696.0,3221.0,3166.0,2973.0,2954.0,3284.0,2626.0,2846.0,2502.0,2722.0,3618.0,2170.0,1731.0,2437.0,2998.0,1525.0,1865.0,2473.0,2588.0,2221.0,1931.0,1902.0,1931.0,2085.0,1793.0,2155.0,2284.0,1760.0,1601.0,2000.0,2333.0,2169.0,1035.0,1912.0,1526.0,1846.0,1638.0,1627.0,1655.0,1940.0,1503.0,1746.0,2740.0,2372.0,2059.0,2147.0,2596.0,2470.0,2112.0,1820.0,1784.0,2107.0,2435.0,2299.0,2074.0,2263.0,1961.0,2088.0,2039.0,1991.0,1892.0,2027.0,2526.0,1830.0,1813.0,2114.0,1305.0,1846.0,1693.0,1637.0,1940.0,1862.0,1845.0,1856.0,1629.0,1759.0,1503.0,1755.0,2164.0,1387.0,1720.0,1920.0,1676.0,761.0,1400.0,992.0,1198.0,1632.0,1853.0,1417.0,1902.0,1889.0,1687.0,2259.0,2627.0,2094.0,2090.0,2214.0,2045.0,1977.0,1383.0,1919.0,1939.0,1856.0,1770.0,1716.0,1767.0,1450.0,1532.0,1730.0,2281.0,1730.0,1774.0,2011.0,1563.0,1525.0,1890.0,1339.0,1446.0,1658.0,1568.0,1374.0,1977.0,1898.0,1803.0,1940.0,2117.0,1789.0,1852.0,2092.0,1651.0,1627.0,1775.0,1823.0,1202.0,1927.0,1726.0,1575.0,2156.0,2003.0,1934.0,1979.0,1976.0,1440.0,1571.0,1951.0,1576.0,1368.0,1470.0,1570.0,1705.0,979.0,1613.0,1665.0,1849.0,1901.0,2029.0,1902.0,2203.0,1613.0,1306.0,1941.0,1668.0,1705.0,1562.0,1811.0,1883.0,1845.0,1101.0,1732.0,2211.0,1996.0,1941.0,2577.0,2625.0,2402.0,1581.0,2407.0,1955.0,1837.0,1767.0,2026.0,1907.0,1768.0,1824.0,1296.0,streamcluster
415.0,323.0,295.0,334.0,339.0,334.0,301.0,310.0,309.0,304.0,289.0,1393.0,304.0,313.0,317.0,333.0,37.0,3.0,5.0,2.0,8.0,4.0,3.0,4.0,2.0,4.0,3.0,580.0,2.0,3.0,2.0,9.0,17.0,3.0,1.0,6.0,11.0,4.0,1.0,2.0,4.0,3.0,2.0,561.0,2.0,4.0,2.0,9.0,31.0,7.0,4.0,2.0,21.0,3.0,1.0,4.0,0.0,2.0,5.0,566.0,1.0,2.0,1.0,5.0,34.0,4.0,6.0,4.0,21.0,9.0,4.0,3.0,4.0,2.0,4.0,570.0,5.0,3.0,6.0,28.0,37.0,2.0,2.0,5.0,14.0,2.0,4.0,1.0,3.0,0.0,3.0,567.0,3.0,3.0,1.0,7.0,12.0,3.0,3.0,2.0,11.0,4.0,1.0,5.0,2.0,2.0,2.0,569.0,1.0,2.0,2.0,11.0,22.0,7.0,4.0,6.0,8.0,5.0,6.0,3.0,5.0,3.0,6.0,569.0,6.0,6.0,5.0,12.0,23.0,6.0,4.0,2.0,20.0,4.0,2.0,3.0,3.0,6.0,2.0,579.0,3.0,3.0,3.0,7.0,18.0,3.0,1.0,1.0,13.0,0.0,2.0,0.0,1.0,0.0,5.0,580.0,1.0,2.0,1.0,9.0,12.0,4.0,2.0,6.0,17.0,4.0,3.0,4.0,3.0,4.0,5.0,576.0,5.0,3.0,2.0,9.0,15.0,2.0,2.0,2.0,12.0,4.0,2.0,2.0,2.0,3.0,3.0,580.0,4.0,3.0,3.0,8.0,18.0,3.0,3.0,3.0,19.0,4.0,3.0,2.0,4.0,2.0,3.0,581.0,5.0,7.0,3.0,10.0,29.0,3.0,1.0,3.0,21.0,7.0,1.0,2.0,3.0,3.0,2.0,636.0,3.0,7.0,5.0,9.0,24.0,0.0,2.0,1.0,19.0,4.0,1.0,3.0,2.0,2.0,3.0,571.0,2.0,4.0,1.0,11.0,31.0,1.0,1.0,1.0,35.0,3.0,3.0,1.0,2.0,2.0,5.0,596.0,0.0,1.0,1.0,5.0,streamcluster
1485.0,235.0,743.0,887.0,801.0,1088.0,755.0,669.0,564.0,625.0,581.0,555.0,795.0,1324.0,791.0,905.0,284.0,10.0,133.0,168.0,196.0,209.0,159.0,209.0,249.0,205.0,146.0,175.0,202.0,423.0,189.0,251.0,489.0,12.0,341.0,440.0,407.0,480.0,400.0,427.0,363.0,338.0,323.0,329.0,428.0,1160.0,360.0,432.0,601.0,15.0,483.0,271.0,528.0,485.0,449.0,414.0,396.0,499.0,417.0,419.0,370.0,954.0,537.0,448.0,830.0,25.0,499.0,602.0,450.0,529.0,526.0,497.0,543.0,481.0,582.0,577.0,632.0,1283.0,557.0,466.0,795.0,38.0,455.0,495.0,487.0,381.0,571.0,498.0,573.0,422.0,369.0,502.0,478.0,1387.0,384.0,475.0,491.0,10.0,351.0,275.0,417.0,552.0,184.0,234.0,337.0,237.0,277.0,222.0,236.0,1104.0,201.0,345.0,348.0,15.0,308.0,278.0,220.0,402.0,257.0,157.0,225.0,322.0,271.0,479.0,212.0,849.0,289.0,228.0,414.0,10.0,377.0,346.0,298.0,316.0,371.0,293.0,210.0,286.0,235.0,229.0,403.0,700.0,389.0,293.0,270.0,14.0,209.0,270.0,345.0,279.0,226.0,277.0,292.0,158.0,445.0,419.0,225.0,531.0,289.0,213.0,328.0,20.0,313.0,379.0,434.0,338.0,384.0,325.0,342.0,712.0,235.0,382.0,458.0,781.0,358.0,623.0,332.0,11.0,236.0,240.0,342.0,300.0,339.0,485.0,277.0,421.0,443.0,264.0,291.0,602.0,277.0,240.0,396.0,33.0,381.0,332.0,456.0,299.0,339.0,352.0,409.0,318.0,396.0,322.0,302.0,1022.0,371.0,347.0,575.0,40.0,560.0,513.0,538.0,423.0,527.0,458.0,451.0,314.0,424.0,386.0,625.0,378.0,456.0,431.0,323.0,33.0,329.0,316.0,298.0,242.0,199.0,263.0,333.0,239.0,246.0,266.0,301.0,726.0,207.0,254.0,670.0,24.0,411.0,556.0,447.0,385.0,427.0,468.0,479.0,366.0,605.0,429.0,425.0,752.0,303.0,301.0,streamcluster
8430.0,2627.0,2431.0,3310.0,3609.0,5095.0,2263.0,2937.0,1998.0,2171.0,2237.0,2462.0,2321.0,2959.0,2753.0,2705.0,1948.0,1352.0,1221.0,1524.0,2068.0,1679.0,1389.0,2099.0,1492.0,1350.0,1340.0,1360.0,1569.0,1790.0,1601.0,1511.0,1906.0,1767.0,1073.0,1679.0,2256.0,1845.0,1668.0,1678.0,1710.0,1890.0,1474.0,1500.0,1623.0,1721.0,1698.0,1659.0,2762.0,1834.0,1952.0,1463.0,2846.0,2424.0,2103.0,2051.0,2111.0,2136.0,1999.0,2102.0,2085.0,2022.0,1843.0,1899.0,3259.0,2090.0,2178.0,2898.0,2703.0,3033.0,2348.0,2482.0,2331.0,2634.0,2601.0,2869.0,2151.0,2438.0,2436.0,2518.0,3051.0,1798.0,1504.0,2086.0,2523.0,1438.0,1678.0,2149.0,1998.0,1993.0,1895.0,1651.0,1510.0,1827.0,1748.0,1987.0,2028.0,1398.0,1374.0,1812.0,1994.0,1851.0,881.0,1688.0,1382.0,1599.0,1503.0,1374.0,1361.0,1585.0,1313.0,1445.0,2303.0,1751.0,1840.0,1973.0,2184.0,2210.0,2130.0,1514.0,1450.0,1774.0,2074.0,1901.0,1658.0,1861.0,1740.0,1747.0,1872.0,1675.0,1576.0,1693.0,1986.0,1657.0,1663.0,1836.0,1065.0,1678.0,1640.0,1388.0,1561.0,1634.0,1635.0,1757.0,1422.0,1392.0,1308.0,1650.0,1802.0,1318.0,1425.0,1539.0,1600.0,697.0,1250.0,757.0,1177.0,1419.0,1624.0,1115.0,1861.0,1788.0,1523.0,1932.0,2359.0,2001.0,1806.0,1836.0,1618.0,1754.0,1214.0,1776.0,1586.0,1595.0,1791.0,1601.0,1627.0,1182.0,1155.0,1483.0,1817.0,1650.0,1546.0,1527.0,1220.0,1385.0,1682.0,1263.0,1232.0,1460.0,1371.0,1266.0,1851.0,1653.0,1556.0,1639.0,1747.0,1416.0,1526.0,1628.0,1429.0,1476.0,1543.0,1675.0,1068.0,1599.0,1650.0,1426.0,1859.0,1918.0,1680.0,1738.0,1706.0,1319.0,1212.0,1555.0,1398.0,1244.0,1314.0,1423.0,1570.0,858.0,1472.0,1567.0,1855.0,1544.0,1879.0,1592.0,1950.0,1599.0,1351.0,1753.0,1339.0,1330.0,1485.0,1510.0,1589.0,1630.0,1059.0,1383.0,1996.0,1675.0,1637.0,1933.0,2285.0,2226.0,1395.0,1996.0,1510.0,1822.0,1613.0,1851.0,1714.0,1436.0,1611.0,1141.0,streamcluster
9408.0,2692.0,2863.0,4116.0,4197.0,5450.0,2731.0,3789.0,2411.0,2381.0,2561.0,2785.0,2628.0,3628.0,3010.0,3188.0,2186.0,1494.0,1344.0,1827.0,2281.0,1878.0,1787.0,2284.0,1825.0,1641.0,1412.0,1537.0,1738.0,2095.0,1646.0,1881.0,2279.0,1887.0,1254.0,2074.0,2681.0,1965.0,2050.0,1939.0,1958.0,1947.0,1712.0,1728.0,1927.0,2219.0,2029.0,2152.0,3066.0,2216.0,2231.0,1732.0,3198.0,2638.0,2304.0,2478.0,2392.0,2611.0,2345.0,2479.0,2262.0,2434.0,2319.0,2199.0,3616.0,2348.0,2775.0,3359.0,3230.0,3094.0,2690.0,3330.0,2774.0,3103.0,2814.0,3310.0,2453.0,3138.0,2758.0,2905.0,3536.0,1968.0,1835.0,2453.0,2932.0,1550.0,1907.0,2414.0,2223.0,2303.0,2065.0,1961.0,1739.0,2373.0,1735.0,2253.0,2443.0,1831.0,1733.0,1889.0,2198.0,2083.0,985.0,1878.0,1466.0,1813.0,1673.0,1571.0,1536.0,2053.0,1570.0,1720.0,2504.0,2217.0,1979.0,2230.0,2601.0,2495.0,2311.0,1814.0,1655.0,1926.0,2352.0,2115.0,2096.0,2322.0,1942.0,1937.0,2010.0,1878.0,2002.0,1962.0,2264.0,1728.0,1817.0,2042.0,1230.0,1953.0,1681.0,1553.0,1790.0,1830.0,2080.0,1888.0,1697.0,1695.0,1537.0,1812.0,2244.0,1445.0,1616.0,1811.0,1716.0,804.0,1364.0,953.0,1311.0,1690.0,1617.0,1228.0,2041.0,1813.0,1659.0,2268.0,2806.0,2206.0,2067.0,2305.0,1936.0,2055.0,1322.0,1823.0,1804.0,2013.0,1979.0,1854.0,1877.0,1349.0,1318.0,1707.0,2378.0,1714.0,1740.0,2009.0,1297.0,1413.0,1985.0,1344.0,1347.0,1747.0,1612.0,1417.0,2217.0,2041.0,2008.0,1825.0,2051.0,1641.0,1612.0,2047.0,1759.0,1559.0,1713.0,1744.0,1160.0,1792.0,1711.0,1856.0,1942.0,2037.0,1989.0,2038.0,2061.0,1752.0,1503.0,1964.0,1613.0,1447.0,1559.0,1598.0,1717.0,1010.0,1742.0,1708.0,2084.0,1855.0,2053.0,1783.0,2208.0,1602.0,1446.0,1930.0,1618.0,1496.0,1676.0,1672.0,1758.0,1907.0,1193.0,1605.0,2227.0,1840.0,1970.0,2334.0,2682.0,2216.0,1620.0,2329.0,1652.0,1723.0,1919.0,1993.0,2017.0,1743.0,2007.0,1350.0,streamcluster
9514.0,2929.0,3112.0,3645.0,4246.0,5625.0,2733.0,3552.0,2423.0,2494.0,2809.0,2682.0,2677.0,3461.0,2831.0,3267.0,2453.0,1458.0,1421.0,1674.0,2475.0,1888.0,1804.0,2377.0,1788.0,1628.0,1568.0,1521.0,1852.0,2073.0,1607.0,1914.0,2280.0,2137.0,1362.0,2135.0,2662.0,2203.0,1918.0,1981.0,1858.0,2069.0,2005.0,1847.0,2134.0,2319.0,1683.0,2224.0,2909.0,2129.0,2340.0,1634.0,3239.0,2702.0,2431.0,2253.0,2457.0,2484.0,2253.0,2370.0,2340.0,2385.0,2373.0,2269.0,3513.0,2698.0,2987.0,3394.0,3239.0,3257.0,2885.0,3260.0,2795.0,3002.0,3140.0,3404.0,2411.0,2868.0,2688.0,2969.0,3470.0,2126.0,1921.0,2336.0,3122.0,1593.0,2097.0,2480.0,2157.0,2405.0,2031.0,2109.0,1718.0,2200.0,1701.0,2236.0,2357.0,1857.0,1641.0,1901.0,2278.0,2207.0,1090.0,1743.0,1573.0,1815.0,1759.0,1678.0,1693.0,1901.0,1510.0,1716.0,2690.0,2189.0,2091.0,2175.0,2688.0,2569.0,2165.0,1770.0,1786.0,1970.0,2466.0,2308.0,1958.0,2156.0,2009.0,2032.0,2091.0,1898.0,1921.0,1859.0,2383.0,1756.0,1956.0,2188.0,1234.0,1975.0,1802.0,1721.0,2002.0,1817.0,2036.0,1961.0,1607.0,1608.0,1533.0,1742.0,2164.0,1450.0,1792.0,1824.0,1805.0,780.0,1398.0,895.0,1336.0,1627.0,1712.0,1458.0,2076.0,2014.0,1819.0,2070.0,2933.0,2205.0,2204.0,2254.0,1840.0,2224.0,1483.0,1903.0,1933.0,1976.0,1830.0,1877.0,1720.0,1348.0,1610.0,1612.0,2260.0,1812.0,1777.0,1963.0,1502.0,1510.0,2029.0,1314.0,1399.0,1657.0,1571.0,1501.0,1937.0,1930.0,2106.0,1820.0,2049.0,1550.0,1835.0,2035.0,1730.0,1555.0,1823.0,1897.0,1178.0,1844.0,1669.0,1669.0,2198.0,1952.0,2167.0,2026.0,2048.0,1561.0,1486.0,1950.0,1629.0,1464.0,1554.0,1578.0,1586.0,951.0,1519.0,1840.0,1973.0,1758.0,1978.0,1754.0,2255.0,1660.0,1454.0,1974.0,1655.0,1527.0,1717.0,1756.0,1678.0,1929.0,1154.0,1780.0,2161.0,2113.0,2143.0,2486.0,2772.0,2232.0,1787.0,2359.0,1816.0,1857.0,2003.0,1983.0,1831.0,1694.0,1835.0,1389.0,streamcluster
5573.0,1863.0,1974.0,2339.0,2575.0,3240.0,1809.0,2259.0,1465.0,1457.0,1513.0,1624.0,1579.0,1958.0,1688.0,2014.0,1317.0,893.0,913.0,1196.0,1524.0,1165.0,995.0,1385.0,1032.0,989.0,937.0,1054.0,1002.0,1331.0,999.0,1215.0,1346.0,1154.0,813.0,1222.0,1576.0,1277.0,1162.0,1143.0,1032.0,1286.0,1221.0,1179.0,1235.0,1270.0,1008.0,1247.0,1748.0,1494.0,1276.0,999.0,1834.0,1776.0,1617.0,1274.0,1572.0,1487.0,1414.0,1461.0,1314.0,1452.0,1437.0,1462.0,2448.0,1625.0,1686.0,1944.0,1931.0,1927.0,1753.0,1831.0,1741.0,1736.0,1705.0,2024.0,1549.0,1755.0,1559.0,1701.0,2174.0,1345.0,1119.0,1510.0,1790.0,992.0,1209.0,1327.0,1331.0,1320.0,1341.0,1289.0,1051.0,1281.0,1083.0,1353.0,1304.0,1124.0,1038.0,1216.0,1529.0,1261.0,645.0,1130.0,938.0,1028.0,1060.0,982.0,857.0,1119.0,883.0,1054.0,1723.0,1289.0,1196.0,1220.0,1499.0,1541.0,1418.0,1062.0,1073.0,1087.0,1533.0,1212.0,1190.0,1409.0,1136.0,1211.0,1318.0,1234.0,1196.0,1149.0,1562.0,1098.0,1170.0,1200.0,735.0,1229.0,1060.0,1048.0,1114.0,1101.0,1078.0,1207.0,1055.0,1044.0,918.0,1066.0,1251.0,797.0,977.0,1220.0,977.0,489.0,804.0,592.0,789.0,950.0,1144.0,732.0,1284.0,1173.0,1137.0,1266.0,1606.0,1392.0,1345.0,1353.0,1132.0,1342.0,829.0,1094.0,1142.0,1077.0,1064.0,1181.0,1118.0,971.0,976.0,1005.0,1312.0,1110.0,1099.0,1039.0,871.0,867.0,1042.0,822.0,835.0,1018.0,813.0,878.0,1263.0,1240.0,1152.0,1052.0,1236.0,949.0,1000.0,1303.0,1044.0,968.0,1090.0,996.0,697.0,1098.0,1003.0,989.0,1281.0,1253.0,1102.0,1201.0,1252.0,836.0,885.0,1142.0,981.0,949.0,967.0,973.0,1060.0,583.0,993.0,1111.0,1349.0,1129.0,1160.0,1116.0,1296.0,1025.0,778.0,1173.0,930.0,968.0,1016.0,1094.0,1048.0,1116.0,664.0,949.0,1428.0,1247.0,1306.0,1435.0,1585.0,1398.0,1054.0,1496.0,1175.0,1088.0,1069.0,1233.0,1041.0,1038.0,983.0,871.0,streamcluster
5048.0,1818.0,1681.0,1986.0,2457.0,2749.0,1409.0,1925.0,1452.0,1442.0,1508.0,3038.0,1475.0,1963.0,1652.0,1840.0,1285.0,813.0,743.0,902.0,1038.0,956.0,900.0,1016.0,931.0,851.0,743.0,1557.0,919.0,1026.0,748.0,913.0,1386.0,867.0,669.0,938.0,1121.0,1052.0,916.0,954.0,914.0,979.0,1024.0,1774.0,1078.0,1086.0,898.0,1045.0,1707.0,1037.0,1122.0,847.0,1540.0,1319.0,1164.0,1178.0,1180.0,1192.0,1183.0,1943.0,1096.0,1173.0,1289.0,1068.0,2039.0,1234.0,1219.0,1564.0,1346.0,1261.0,1221.0,1194.0,1246.0,1265.0,1362.0,2526.0,1106.0,1420.0,1277.0,1368.0,1941.0,1059.0,1088.0,1166.0,1333.0,829.0,1048.0,1145.0,1155.0,1097.0,1082.0,1909.0,892.0,1178.0,918.0,1116.0,1309.0,909.0,952.0,877.0,1137.0,874.0,532.0,820.0,717.0,900.0,825.0,1674.0,782.0,867.0,852.0,822.0,1620.0,1040.0,1014.0,1022.0,1045.0,1168.0,950.0,860.0,851.0,852.0,1090.0,1704.0,1039.0,1173.0,960.0,942.0,1279.0,978.0,968.0,884.0,1057.0,906.0,865.0,940.0,741.0,955.0,796.0,1630.0,995.0,1109.0,862.0,953.0,1163.0,881.0,926.0,863.0,983.0,698.0,824.0,878.0,808.0,473.0,880.0,1256.0,751.0,866.0,850.0,728.0,1313.0,1001.0,897.0,1145.0,1342.0,950.0,1018.0,959.0,882.0,1020.0,747.0,1710.0,909.0,1059.0,962.0,894.0,1175.0,830.0,686.0,848.0,1078.0,1057.0,1024.0,907.0,795.0,789.0,982.0,1303.0,692.0,876.0,840.0,828.0,1369.0,1012.0,1125.0,827.0,962.0,793.0,779.0,891.0,935.0,811.0,848.0,1641.0,637.0,946.0,916.0,835.0,1387.0,970.0,886.0,1070.0,984.0,855.0,758.0,957.0,858.0,761.0,834.0,1556.0,874.0,621.0,836.0,896.0,1351.0,879.0,974.0,950.0,1069.0,775.0,749.0,888.0,829.0,825.0,858.0,1684.0,936.0,838.0,631.0,876.0,1418.0,1111.0,1215.0,1146.0,1363.0,1180.0,939.0,1074.0,924.0,1090.0,928.0,2121.0,975.0,944.0,938.0,733.0,streamcluster
1675.0,955.0,901.0,906.0,905.0,894.0,862.0,846.0,871.0,891.0,875.0,6676.0,913.0,926.0,913.0,973.0,504.0,40.0,68.0,32.0,33.0,36.0,64.0,29.0,29.0,40.0,43.0,5545.0,57.0,59.0,61.0,30.0,473.0,33.0,74.0,34.0,45.0,39.0,109.0,28.0,36.0,51.0,54.0,5760.0,71.0,62.0,88.0,36.0,496.0,30.0,72.0,24.0,40.0,33.0,81.0,29.0,34.0,45.0,53.0,5374.0,56.0,51.0,55.0,25.0,514.0,35.0,102.0,29.0,39.0,33.0,114.0,34.0,39.0,57.0,79.0,5529.0,75.0,80.0,86.0,32.0,506.0,35.0,78.0,33.0,42.0,30.0,92.0,28.0,40.0,45.0,49.0,5583.0,67.0,74.0,62.0,28.0,430.0,32.0,71.0,32.0,34.0,26.0,66.0,29.0,40.0,57.0,57.0,5414.0,72.0,50.0,73.0,33.0,477.0,28.0,66.0,26.0,34.0,27.0,73.0,23.0,31.0,46.0,48.0,5201.0,62.0,59.0,55.0,23.0,484.0,31.0,82.0,29.0,46.0,42.0,79.0,31.0,37.0,49.0,51.0,5360.0,78.0,65.0,62.0,27.0,494.0,35.0,71.0,33.0,51.0,37.0,83.0,28.0,34.0,47.0,64.0,5224.0,74.0,61.0,77.0,35.0,496.0,41.0,83.0,43.0,55.0,35.0,94.0,37.0,43.0,55.0,63.0,5709.0,91.0,78.0,102.0,40.0,563.0,46.0,160.0,41.0,60.0,33.0,151.0,39.0,65.0,54.0,81.0,5179.0,159.0,141.0,148.0,50.0,489.0,36.0,88.0,36.0,52.0,39.0,101.0,32.0,49.0,66.0,70.0,5454.0,67.0,60.0,72.0,31.0,486.0,33.0,92.0,36.0,51.0,35.0,84.0,27.0,34.0,40.0,66.0,5206.0,64.0,56.0,76.0,36.0,480.0,30.0,107.0,26.0,35.0,25.0,106.0,22.0,31.0,67.0,82.0,5390.0,71.0,67.0,63.0,26.0,538.0,35.0,101.0,27.0,46.0,25.0,99.0,19.0,30.0,59.0,69.0,5552.0,70.0,64.0,59.0,26.0,streamcluster
2700.0,1431.0,1366.0,1543.0,1497.0,1454.0,1324.0,1339.0,1285.0,1583.0,1409.0,5756.0,1273.0,1406.0,1468.0,1659.0,764.0,259.0,181.0,269.0,180.0,192.0,207.0,212.0,201.0,402.0,234.0,4108.0,190.0,178.0,193.0,211.0,734.0,224.0,187.0,234.0,207.0,166.0,225.0,214.0,195.0,479.0,240.0,3841.0,216.0,255.0,253.0,212.0,877.0,281.0,284.0,256.0,375.0,241.0,284.0,298.0,299.0,531.0,309.0,3790.0,283.0,267.0,255.0,246.0,841.0,227.0,255.0,308.0,216.0,228.0,234.0,219.0,195.0,465.0,312.0,3934.0,218.0,226.0,252.0,309.0,859.0,314.0,272.0,311.0,347.0,237.0,340.0,286.0,246.0,590.0,352.0,4183.0,244.0,252.0,265.0,295.0,694.0,230.0,198.0,240.0,187.0,198.0,176.0,173.0,218.0,416.0,289.0,3675.0,197.0,176.0,186.0,197.0,750.0,257.0,245.0,254.0,231.0,218.0,216.0,272.0,206.0,427.0,286.0,3536.0,231.0,241.0,207.0,204.0,698.0,267.0,215.0,266.0,202.0,192.0,228.0,206.0,262.0,689.0,288.0,3645.0,209.0,212.0,252.0,242.0,670.0,208.0,331.0,252.0,208.0,169.0,199.0,175.0,278.0,407.0,363.0,3974.0,197.0,220.0,199.0,207.0,698.0,255.0,235.0,327.0,345.0,305.0,252.0,213.0,215.0,502.0,239.0,4269.0,329.0,324.0,254.0,256.0,768.0,346.0,291.0,396.0,372.0,382.0,381.0,328.0,381.0,649.0,389.0,3680.0,270.0,265.0,383.0,441.0,727.0,219.0,228.0,231.0,213.0,175.0,218.0,200.0,213.0,437.0,312.0,3724.0,172.0,222.0,272.0,196.0,737.0,237.0,297.0,269.0,252.0,196.0,249.0,205.0,213.0,474.0,308.0,3636.0,227.0,176.0,323.0,197.0,799.0,251.0,275.0,254.0,235.0,198.0,235.0,201.0,208.0,435.0,248.0,3683.0,205.0,267.0,209.0,233.0,880.0,261.0,315.0,318.0,305.0,264.0,274.0,238.0,256.0,510.0,333.0,4406.0,239.0,240.0,313.0,257.0,streamcluster
2894.0,1527.0,1283.0,1335.0,1490.0,1320.0,1269.0,1286.0,1342.0,3340.0,1777.0,3219.0,1877.0,1322.0,1331.0,1315.0,657.0,109.0,47.0,34.0,57.0,38.0,37.0,41.0,49.0,884.0,235.0,1695.0,309.0,38.0,48.0,34.0,637.0,161.0,66.0,41.0,115.0,32.0,67.0,38.0,65.0,944.0,329.0,1678.0,374.0,47.0,72.0,34.0,668.0,132.0,53.0,29.0,76.0,33.0,68.0,40.0,64.0,916.0,327.0,1725.0,375.0,40.0,70.0,35.0,704.0,179.0,88.0,37.0,62.0,45.0,73.0,53.0,55.0,928.0,324.0,1782.0,560.0,61.0,65.0,51.0,657.0,172.0,51.0,33.0,68.0,29.0,53.0,42.0,59.0,908.0,284.0,1819.0,348.0,46.0,65.0,35.0,618.0,148.0,51.0,32.0,77.0,25.0,51.0,37.0,59.0,848.0,267.0,1618.0,258.0,44.0,59.0,34.0,628.0,131.0,57.0,28.0,71.0,22.0,56.0,31.0,52.0,832.0,258.0,1478.0,303.0,36.0,61.0,31.0,654.0,140.0,53.0,37.0,71.0,27.0,54.0,41.0,59.0,818.0,315.0,1596.0,360.0,43.0,70.0,32.0,647.0,112.0,57.0,32.0,64.0,36.0,62.0,39.0,69.0,832.0,302.0,1593.0,342.0,45.0,62.0,34.0,626.0,106.0,57.0,35.0,69.0,37.0,67.0,42.0,57.0,855.0,308.0,1577.0,546.0,44.0,68.0,35.0,680.0,321.0,113.0,53.0,124.0,37.0,109.0,64.0,99.0,1016.0,480.0,1500.0,452.0,51.0,109.0,43.0,646.0,120.0,53.0,40.0,324.0,53.0,71.0,35.0,59.0,901.0,356.0,1551.0,317.0,88.0,89.0,65.0,659.0,125.0,65.0,33.0,85.0,28.0,72.0,40.0,66.0,919.0,255.0,1595.0,318.0,46.0,95.0,38.0,636.0,107.0,59.0,29.0,51.0,22.0,53.0,29.0,47.0,917.0,293.0,1556.0,373.0,71.0,53.0,32.0,648.0,104.0,56.0,34.0,77.0,18.0,52.0,24.0,55.0,1083.0,389.0,1643.0,435.0,61.0,55.0,22.0,streamcluster
486.0,275.0,289.0,275.0,274.0,295.0,271.0,239.0,864.0,603.0,825.0,239.0,791.0,226.0,288.0,279.0,139.0,1.0,1.0,3.0,3.0,1.0,3.0,0.0,166.0,265.0,388.0,1.0,373.0,3.0,5.0,2.0,152.0,2.0,12.0,1.0,13.0,1.0,7.0,4.0,189.0,304.0,399.0,6.0,423.0,1.0,8.0,6.0,150.0,2.0,8.0,3.0,8.0,3.0,5.0,2.0,186.0,342.0,369.0,5.0,397.0,3.0,8.0,5.0,149.0,5.0,7.0,2.0,8.0,5.0,6.0,1.0,171.0,372.0,392.0,6.0,424.0,2.0,6.0,5.0,157.0,6.0,13.0,1.0,10.0,2.0,7.0,3.0,216.0,364.0,395.0,5.0,421.0,1.0,10.0,3.0,141.0,4.0,11.0,1.0,6.0,2.0,3.0,2.0,156.0,352.0,402.0,5.0,381.0,1.0,5.0,5.0,129.0,0.0,11.0,2.0,11.0,1.0,3.0,3.0,167.0,310.0,385.0,3.0,357.0,2.0,4.0,4.0,129.0,2.0,9.0,4.0,12.0,6.0,4.0,8.0,203.0,354.0,420.0,8.0,436.0,2.0,10.0,6.0,137.0,8.0,13.0,7.0,17.0,7.0,18.0,7.0,264.0,342.0,490.0,11.0,377.0,11.0,16.0,8.0,150.0,51.0,53.0,46.0,53.0,45.0,53.0,43.0,267.0,399.0,385.0,48.0,1826.0,50.0,55.0,48.0,144.0,9.0,27.0,5.0,22.0,3.0,15.0,10.0,200.0,374.0,362.0,16.0,318.0,6.0,20.0,12.0,135.0,13.0,23.0,10.0,23.0,11.0,18.0,13.0,271.0,320.0,697.0,20.0,341.0,16.0,24.0,18.0,123.0,1.0,14.0,4.0,12.0,2.0,8.0,4.0,236.0,317.0,346.0,3.0,342.0,4.0,8.0,9.0,146.0,1.0,8.0,2.0,14.0,2.0,7.0,4.0,205.0,328.0,422.0,2.0,409.0,2.0,10.0,5.0,148.0,1.0,13.0,3.0,11.0,2.0,5.0,4.0,199.0,369.0,516.0,4.0,426.0,3.0,9.0,5.0,streamcluster
1422.0,225.0,883.0,897.0,996.0,1153.0,735.0,785.0,637.0,774.0,760.0,692.0,699.0,1401.0,854.0,872.0,321.0,9.0,162.0,176.0,243.0,216.0,186.0,228.0,262.0,233.0,181.0,208.0,224.0,483.0,291.0,257.0,546.0,24.0,401.0,387.0,521.0,541.0,582.0,471.0,403.0,495.0,429.0,399.0,515.0,1219.0,440.0,493.0,634.0,19.0,436.0,302.0,477.0,612.0,426.0,446.0,490.0,394.0,405.0,530.0,519.0,1016.0,484.0,370.0,797.0,14.0,589.0,585.0,578.0,680.0,667.0,719.0,608.0,552.0,508.0,778.0,582.0,1378.0,601.0,531.0,693.0,28.0,436.0,522.0,635.0,443.0,666.0,455.0,571.0,498.0,417.0,430.0,435.0,1464.0,358.0,599.0,509.0,17.0,393.0,290.0,485.0,482.0,212.0,303.0,330.0,343.0,292.0,292.0,264.0,1219.0,258.0,325.0,448.0,12.0,393.0,368.0,381.0,361.0,350.0,218.0,256.0,385.0,329.0,417.0,252.0,915.0,277.0,228.0,446.0,16.0,369.0,373.0,405.0,366.0,441.0,385.0,261.0,309.0,296.0,320.0,349.0,786.0,458.0,283.0,331.0,13.0,292.0,286.0,347.0,383.0,343.0,341.0,246.0,180.0,302.0,230.0,219.0,641.0,261.0,275.0,444.0,8.0,379.0,344.0,440.0,405.0,437.0,428.0,401.0,522.0,299.0,355.0,443.0,893.0,491.0,342.0,392.0,13.0,340.0,355.0,309.0,321.0,307.0,461.0,357.0,356.0,401.0,292.0,344.0,700.0,355.0,263.0,391.0,36.0,484.0,478.0,506.0,417.0,400.0,406.0,456.0,347.0,478.0,382.0,303.0,908.0,385.0,404.0,538.0,42.0,526.0,528.0,563.0,507.0,477.0,541.0,417.0,408.0,513.0,380.0,450.0,476.0,489.0,499.0,364.0,37.0,413.0,373.0,353.0,275.0,262.0,304.0,419.0,251.0,297.0,333.0,331.0,817.0,237.0,373.0,536.0,23.0,442.0,565.0,473.0,564.0,417.0,431.0,400.0,502.0,356.0,446.0,536.0,848.0,432.0,355.0,streamcluster
1464.0,212.0,765.0,868.0,945.0,1104.0,589.0,685.0,596.0,633.0,586.0,599.0,620.0,1245.0,717.0,774.0,254.0,9.0,120.0,117.0,159.0,162.0,145.0,189.0,232.0,166.0,128.0,137.0,188.0,405.0,229.0,239.0,419.0,13.0,353.0,341.0,441.0,559.0,360.0,362.0,387.0,324.0,329.0,257.0,516.0,1227.0,388.0,441.0,476.0,7.0,349.0,237.0,509.0,413.0,418.0,329.0,390.0,443.0,480.0,372.0,368.0,971.0,407.0,465.0,802.0,15.0,551.0,593.0,498.0,596.0,502.0,730.0,641.0,482.0,529.0,626.0,483.0,1444.0,608.0,467.0,751.0,37.0,538.0,471.0,587.0,406.0,517.0,416.0,562.0,398.0,340.0,433.0,466.0,1582.0,384.0,435.0,437.0,10.0,335.0,277.0,359.0,326.0,163.0,272.0,232.0,334.0,266.0,221.0,239.0,1248.0,183.0,210.0,350.0,12.0,233.0,221.0,293.0,345.0,391.0,159.0,210.0,230.0,369.0,188.0,220.0,857.0,240.0,193.0,381.0,9.0,300.0,242.0,351.0,250.0,339.0,280.0,204.0,220.0,297.0,251.0,323.0,667.0,264.0,273.0,295.0,18.0,175.0,223.0,250.0,217.0,260.0,206.0,208.0,131.0,183.0,241.0,202.0,540.0,192.0,409.0,344.0,13.0,289.0,343.0,325.0,379.0,365.0,348.0,352.0,521.0,250.0,346.0,351.0,787.0,401.0,351.0,264.0,9.0,225.0,219.0,230.0,268.0,239.0,248.0,293.0,204.0,232.0,244.0,329.0,615.0,433.0,223.0,306.0,28.0,511.0,363.0,393.0,354.0,360.0,336.0,398.0,286.0,305.0,340.0,277.0,812.0,373.0,277.0,540.0,44.0,480.0,696.0,632.0,518.0,504.0,425.0,396.0,314.0,407.0,367.0,384.0,376.0,382.0,398.0,346.0,32.0,344.0,228.0,303.0,233.0,203.0,260.0,243.0,159.0,236.0,298.0,327.0,712.0,200.0,256.0,456.0,20.0,473.0,577.0,490.0,444.0,360.0,573.0,578.0,457.0,347.0,476.0,332.0,776.0,390.0,350.0,streamcluster
1531.0,204.0,869.0,1047.0,999.0,1323.0,584.0,799.0,683.0,643.0,671.0,689.0,727.0,1579.0,898.0,764.0,317.0,8.0,230.0,195.0,244.0,230.0,206.0,268.0,292.0,257.0,196.0,206.0,238.0,577.0,253.0,310.0,550.0,14.0,427.0,524.0,542.0,645.0,478.0,480.0,453.0,450.0,409.0,352.0,540.0,1338.0,465.0,526.0,638.0,20.0,606.0,338.0,606.0,559.0,460.0,498.0,581.0,507.0,445.0,480.0,567.0,1087.0,566.0,570.0,887.0,17.0,602.0,665.0,643.0,840.0,612.0,694.0,647.0,660.0,531.0,776.0,551.0,1655.0,695.0,551.0,761.0,39.0,534.0,557.0,792.0,503.0,428.0,501.0,700.0,432.0,496.0,598.0,493.0,1648.0,477.0,502.0,488.0,15.0,353.0,340.0,445.0,448.0,248.0,321.0,335.0,356.0,457.0,380.0,321.0,1340.0,323.0,369.0,428.0,17.0,360.0,329.0,423.0,382.0,512.0,237.0,299.0,286.0,436.0,325.0,293.0,917.0,298.0,313.0,515.0,8.0,365.0,417.0,410.0,376.0,479.0,377.0,273.0,325.0,404.0,306.0,363.0,905.0,434.0,377.0,355.0,12.0,300.0,314.0,332.0,286.0,360.0,318.0,303.0,220.0,266.0,227.0,295.0,747.0,326.0,381.0,456.0,11.0,357.0,385.0,536.0,477.0,450.0,383.0,434.0,667.0,314.0,390.0,428.0,1010.0,535.0,487.0,387.0,12.0,312.0,345.0,364.0,454.0,371.0,317.0,287.0,273.0,378.0,330.0,372.0,824.0,361.0,345.0,452.0,33.0,567.0,523.0,484.0,416.0,403.0,487.0,549.0,362.0,403.0,410.0,350.0,1052.0,455.0,393.0,598.0,43.0,519.0,575.0,671.0,580.0,530.0,471.0,457.0,393.0,482.0,524.0,475.0,550.0,526.0,471.0,413.0,39.0,410.0,382.0,382.0,357.0,268.0,354.0,397.0,268.0,429.0,351.0,592.0,864.0,281.0,316.0,503.0,17.0,597.0,673.0,579.0,519.0,367.0,495.0,440.0,474.0,387.0,494.0,461.0,952.0,563.0,377.0,streamcluster
1667.0,276.0,897.0,1032.0,929.0,1319.0,767.0,818.0,741.0,804.0,743.0,753.0,823.0,1555.0,910.0,1036.0,405.0,12.0,228.0,235.0,296.0,277.0,240.0,305.0,346.0,314.0,217.0,251.0,321.0,634.0,283.0,363.0,517.0,12.0,447.0,743.0,707.0,554.0,477.0,567.0,455.0,435.0,495.0,418.0,564.0,1294.0,447.0,597.0,630.0,15.0,1014.0,341.0,620.0,602.0,428.0,518.0,572.0,485.0,532.0,511.0,471.0,1075.0,482.0,560.0,834.0,22.0,590.0,900.0,566.0,664.0,582.0,605.0,669.0,641.0,595.0,698.0,580.0,1464.0,613.0,616.0,826.0,32.0,466.0,609.0,646.0,534.0,813.0,609.0,740.0,543.0,428.0,491.0,647.0,1638.0,503.0,603.0,538.0,16.0,349.0,325.0,397.0,633.0,263.0,330.0,397.0,339.0,345.0,337.0,345.0,1390.0,309.0,379.0,465.0,7.0,457.0,443.0,258.0,407.0,339.0,248.0,257.0,357.0,389.0,451.0,362.0,907.0,409.0,348.0,510.0,5.0,396.0,412.0,440.0,424.0,479.0,378.0,320.0,428.0,347.0,309.0,531.0,948.0,465.0,356.0,355.0,10.0,269.0,307.0,329.0,322.0,359.0,386.0,400.0,228.0,279.0,310.0,239.0,734.0,292.0,300.0,505.0,12.0,399.0,447.0,519.0,404.0,559.0,416.0,509.0,480.0,350.0,423.0,423.0,915.0,476.0,370.0,390.0,10.0,315.0,297.0,329.0,336.0,362.0,488.0,328.0,331.0,360.0,361.0,432.0,791.0,435.0,300.0,440.0,29.0,471.0,451.0,399.0,590.0,506.0,432.0,615.0,364.0,432.0,452.0,407.0,1058.0,443.0,462.0,657.0,33.0,740.0,609.0,661.0,526.0,539.0,551.0,571.0,524.0,480.0,562.0,590.0,564.0,603.0,519.0,441.0,33.0,455.0,360.0,358.0,397.0,340.0,396.0,374.0,273.0,308.0,454.0,348.0,927.0,299.0,329.0,726.0,11.0,521.0,663.0,595.0,558.0,505.0,621.0,476.0,563.0,432.0,533.0,477.0,923.0,500.0,483.0,streamcluster
518.0,141.0,342.0,340.0,385.0,454.0,232.0,283.0,304.0,587.0,241.0,293.0,224.0,486.0,344.0,286.0,117.0,5.0,47.0,29.0,58.0,43.0,34.0,55.0,83.0,48.0,32.0,39.0,40.0,110.0,85.0,78.0,287.0,3.0,158.0,133.0,161.0,158.0,118.0,107.0,128.0,151.0,143.0,117.0,179.0,430.0,180.0,163.0,199.0,6.0,184.0,60.0,170.0,218.0,101.0,89.0,152.0,166.0,200.0,143.0,143.0,326.0,138.0,166.0,276.0,8.0,273.0,174.0,210.0,230.0,290.0,204.0,224.0,185.0,210.0,257.0,181.0,573.0,233.0,193.0,282.0,17.0,225.0,183.0,164.0,162.0,147.0,139.0,256.0,138.0,127.0,162.0,200.0,627.0,162.0,201.0,110.0,2.0,99.0,66.0,137.0,109.0,45.0,83.0,75.0,58.0,95.0,58.0,72.0,477.0,64.0,100.0,138.0,22.0,104.0,79.0,98.0,126.0,76.0,39.0,61.0,39.0,55.0,77.0,58.0,328.0,78.0,44.0,184.0,4.0,151.0,84.0,99.0,109.0,86.0,64.0,81.0,68.0,73.0,69.0,126.0,218.0,114.0,61.0,429.0,13.0,123.0,76.0,92.0,79.0,70.0,49.0,145.0,41.0,70.0,94.0,85.0,199.0,56.0,65.0,104.0,3.0,132.0,126.0,119.0,144.0,124.0,82.0,123.0,161.0,72.0,99.0,97.0,286.0,144.0,117.0,112.0,4.0,129.0,107.0,79.0,82.0,75.0,97.0,103.0,122.0,66.0,75.0,78.0,251.0,89.0,102.0,103.0,13.0,197.0,93.0,106.0,138.0,104.0,78.0,189.0,141.0,95.0,90.0,112.0,275.0,167.0,116.0,180.0,19.0,188.0,161.0,289.0,165.0,191.0,249.0,120.0,101.0,162.0,156.0,136.0,81.0,162.0,117.0,131.0,19.0,160.0,60.0,83.0,76.0,82.0,75.0,65.0,36.0,53.0,77.0,129.0,257.0,47.0,76.0,142.0,6.0,172.0,160.0,197.0,168.0,157.0,122.0,124.0,156.0,126.0,244.0,146.0,264.0,124.0,111.0,streamcluster
865.0,54.0,456.0,551.0,541.0,714.0,495.0,470.0,373.0,652.0,441.0,391.0,425.0,474.0,540.0,665.0,157.0,3.0,99.0,124.0,133.0,129.0,119.0,153.0,173.0,334.0,106.0,122.0,137.0,147.0,161.0,177.0,372.0,12.0,241.0,598.0,261.0,300.0,235.0,341.0,286.0,632.0,316.0,212.0,285.0,286.0,263.0,274.0,384.0,14.0,532.0,208.0,282.0,354.0,284.0,298.0,243.0,575.0,269.0,242.0,285.0,327.0,294.0,227.0,458.0,8.0,333.0,390.0,331.0,362.0,365.0,320.0,406.0,772.0,511.0,407.0,557.0,341.0,397.0,383.0,426.0,14.0,259.0,346.0,370.0,238.0,500.0,257.0,392.0,766.0,261.0,281.0,273.0,324.0,274.0,326.0,300.0,11.0,187.0,227.0,221.0,420.0,142.0,160.0,286.0,654.0,184.0,241.0,255.0,230.0,183.0,311.0,257.0,8.0,279.0,320.0,176.0,177.0,156.0,109.0,115.0,513.0,182.0,304.0,152.0,176.0,174.0,131.0,232.0,11.0,283.0,267.0,228.0,254.0,350.0,179.0,150.0,604.0,166.0,148.0,255.0,213.0,209.0,170.0,250.0,16.0,283.0,337.0,313.0,244.0,267.0,264.0,398.0,252.0,315.0,298.0,302.0,261.0,274.0,205.0,217.0,7.0,253.0,248.0,388.0,244.0,273.0,191.0,213.0,541.0,206.0,239.0,299.0,206.0,315.0,257.0,221.0,14.0,168.0,191.0,192.0,216.0,200.0,284.0,149.0,476.0,212.0,200.0,175.0,175.0,182.0,213.0,301.0,12.0,274.0,281.0,472.0,299.0,259.0,198.0,261.0,603.0,348.0,218.0,193.0,202.0,233.0,196.0,232.0,9.0,281.0,304.0,166.0,188.0,183.0,175.0,180.0,528.0,191.0,170.0,158.0,147.0,200.0,180.0,259.0,16.0,204.0,262.0,215.0,187.0,169.0,171.0,163.0,503.0,200.0,172.0,177.0,162.0,158.0,151.0,501.0,9.0,276.0,337.0,311.0,253.0,336.0,240.0,384.0,477.0,221.0,285.0,244.0,237.0,218.0,210.0,streamcluster
1042.0,118.0,514.0,602.0,725.0,877.0,553.0,552.0,518.0,691.0,475.0,499.0,500.0,543.0,614.0,812.0,173.0,9.0,98.0,104.0,176.0,126.0,118.0,159.0,215.0,292.0,112.0,134.0,127.0,143.0,134.0,145.0,344.0,12.0,319.0,636.0,378.0,366.0,334.0,478.0,305.0,763.0,452.0,297.0,414.0,371.0,297.0,431.0,448.0,17.0,645.0,214.0,409.0,427.0,296.0,385.0,300.0,681.0,257.0,503.0,459.0,352.0,327.0,276.0,589.0,24.0,440.0,513.0,498.0,516.0,452.0,486.0,512.0,1064.0,442.0,490.0,593.0,463.0,461.0,455.0,589.0,28.0,329.0,330.0,426.0,313.0,543.0,296.0,540.0,935.0,241.0,362.0,391.0,415.0,301.0,345.0,430.0,16.0,232.0,239.0,311.0,498.0,154.0,236.0,328.0,844.0,208.0,339.0,216.0,296.0,199.0,311.0,300.0,25.0,303.0,550.0,250.0,242.0,288.0,114.0,213.0,675.0,148.0,569.0,205.0,192.0,168.0,134.0,314.0,21.0,195.0,231.0,308.0,343.0,335.0,227.0,182.0,580.0,162.0,198.0,210.0,285.0,251.0,179.0,322.0,24.0,340.0,397.0,625.0,333.0,302.0,477.0,386.0,213.0,337.0,434.0,332.0,289.0,366.0,312.0,254.0,20.0,272.0,263.0,480.0,252.0,373.0,290.0,291.0,625.0,205.0,320.0,326.0,257.0,301.0,366.0,210.0,21.0,257.0,246.0,289.0,225.0,285.0,798.0,224.0,573.0,331.0,211.0,165.0,253.0,237.0,232.0,309.0,23.0,290.0,311.0,520.0,272.0,273.0,233.0,292.0,573.0,304.0,223.0,226.0,257.0,275.0,235.0,236.0,17.0,256.0,276.0,254.0,205.0,218.0,181.0,213.0,475.0,181.0,161.0,184.0,117.0,227.0,184.0,286.0,40.0,225.0,278.0,261.0,209.0,238.0,179.0,193.0,602.0,204.0,201.0,257.0,209.0,162.0,188.0,646.0,16.0,352.0,431.0,455.0,329.0,371.0,288.0,414.0,548.0,244.0,303.0,284.0,256.0,282.0,203.0,streamcluster
1300.0,137.0,528.0,565.0,633.0,1050.0,449.0,477.0,426.0,750.0,443.0,412.0,437.0,586.0,522.0,485.0,143.0,4.0,69.0,76.0,65.0,102.0,74.0,85.0,132.0,172.0,59.0,90.0,88.0,88.0,93.0,81.0,312.0,11.0,268.0,280.0,255.0,451.0,360.0,209.0,215.0,740.0,271.0,236.0,295.0,286.0,265.0,343.0,390.0,18.0,354.0,162.0,357.0,273.0,327.0,273.0,306.0,644.0,275.0,297.0,272.0,303.0,305.0,308.0,676.0,17.0,383.0,389.0,340.0,549.0,404.0,384.0,413.0,937.0,370.0,542.0,318.0,394.0,379.0,352.0,680.0,31.0,367.0,285.0,379.0,327.0,289.0,277.0,335.0,1012.0,298.0,306.0,293.0,405.0,254.0,274.0,423.0,12.0,125.0,170.0,249.0,209.0,75.0,151.0,144.0,721.0,137.0,162.0,147.0,182.0,152.0,116.0,250.0,10.0,152.0,229.0,182.0,222.0,124.0,80.0,112.0,434.0,128.0,157.0,163.0,183.0,121.0,113.0,240.0,22.0,155.0,162.0,207.0,155.0,232.0,126.0,74.0,392.0,143.0,161.0,132.0,151.0,174.0,194.0,456.0,26.0,397.0,383.0,452.0,486.0,296.0,253.0,252.0,118.0,304.0,287.0,250.0,237.0,241.0,298.0,264.0,13.0,265.0,210.0,212.0,280.0,210.0,190.0,318.0,550.0,138.0,321.0,204.0,179.0,203.0,198.0,246.0,14.0,240.0,171.0,240.0,214.0,185.0,180.0,153.0,402.0,242.0,149.0,157.0,188.0,176.0,261.0,220.0,29.0,314.0,280.0,190.0,257.0,173.0,324.0,143.0,491.0,169.0,187.0,131.0,214.0,223.0,168.0,238.0,20.0,168.0,262.0,146.0,209.0,157.0,200.0,106.0,422.0,137.0,130.0,202.0,99.0,151.0,110.0,216.0,32.0,132.0,176.0,151.0,142.0,133.0,123.0,110.0,441.0,147.0,152.0,250.0,258.0,92.0,125.0,320.0,9.0,292.0,363.0,313.0,329.0,240.0,261.0,225.0,492.0,220.0,254.0,208.0,222.0,446.0,166.0,streamcluster
1186.0,191.0,623.0,689.0,697.0,910.0,586.0,592.0,531.0,831.0,493.0,544.0,613.0,637.0,740.0,625.0,253.0,8.0,114.0,139.0,147.0,155.0,140.0,156.0,207.0,339.0,126.0,143.0,161.0,152.0,156.0,162.0,415.0,16.0,310.0,577.0,301.0,428.0,355.0,522.0,339.0,804.0,348.0,301.0,376.0,424.0,290.0,372.0,434.0,9.0,674.0,229.0,444.0,334.0,363.0,331.0,317.0,692.0,322.0,337.0,322.0,422.0,333.0,328.0,644.0,11.0,422.0,490.0,417.0,539.0,487.0,449.0,473.0,1043.0,565.0,573.0,704.0,481.0,499.0,448.0,603.0,32.0,353.0,330.0,389.0,341.0,626.0,352.0,511.0,1098.0,290.0,314.0,390.0,438.0,390.0,451.0,389.0,14.0,221.0,252.0,293.0,576.0,191.0,201.0,340.0,880.0,220.0,264.0,218.0,279.0,198.0,297.0,315.0,11.0,340.0,309.0,195.0,235.0,295.0,130.0,155.0,678.0,202.0,462.0,196.0,191.0,234.0,146.0,342.0,10.0,235.0,241.0,259.0,308.0,374.0,202.0,167.0,495.0,215.0,185.0,296.0,239.0,271.0,263.0,423.0,24.0,342.0,383.0,462.0,383.0,427.0,420.0,266.0,232.0,503.0,433.0,345.0,317.0,370.0,319.0,315.0,6.0,267.0,359.0,424.0,300.0,354.0,246.0,243.0,788.0,220.0,326.0,377.0,297.0,330.0,357.0,323.0,11.0,212.0,212.0,301.0,295.0,249.0,521.0,214.0,634.0,254.0,246.0,235.0,209.0,242.0,205.0,331.0,27.0,344.0,319.0,551.0,263.0,298.0,280.0,280.0,709.0,409.0,294.0,240.0,282.0,284.0,289.0,293.0,10.0,329.0,329.0,278.0,225.0,202.0,177.0,183.0,560.0,170.0,253.0,219.0,144.0,289.0,218.0,361.0,38.0,222.0,210.0,251.0,260.0,178.0,192.0,220.0,636.0,251.0,252.0,335.0,215.0,177.0,175.0,443.0,14.0,336.0,415.0,439.0,374.0,361.0,292.0,468.0,628.0,265.0,301.0,296.0,285.0,269.0,289.0,streamcluster
1177.0,1011.0,928.0,987.0,976.0,947.0,921.0,926.0,937.0,949.0,1140.0,3398.0,1109.0,1313.0,992.0,1075.0,48.0,3.0,5.0,8.0,15.0,3.0,4.0,1.0,6.0,3.0,87.0,2107.0,103.0,197.0,7.0,46.0,18.0,4.0,1.0,5.0,18.0,3.0,2.0,1.0,2.0,2.0,96.0,2097.0,93.0,197.0,3.0,45.0,50.0,2.0,2.0,5.0,17.0,5.0,5.0,3.0,5.0,5.0,89.0,2143.0,90.0,204.0,6.0,38.0,54.0,5.0,4.0,7.0,21.0,10.0,5.0,6.0,7.0,7.0,113.0,2215.0,87.0,226.0,12.0,50.0,36.0,5.0,2.0,2.0,10.0,4.0,5.0,2.0,1.0,3.0,100.0,2188.0,92.0,209.0,2.0,53.0,20.0,2.0,0.0,3.0,9.0,2.0,0.0,3.0,1.0,1.0,84.0,2127.0,66.0,178.0,2.0,37.0,26.0,3.0,2.0,5.0,11.0,3.0,1.0,3.0,6.0,3.0,95.0,2011.0,75.0,152.0,3.0,41.0,20.0,2.0,0.0,3.0,13.0,1.0,1.0,1.0,2.0,2.0,106.0,2044.0,98.0,188.0,5.0,56.0,23.0,3.0,1.0,4.0,12.0,4.0,2.0,2.0,2.0,2.0,90.0,2061.0,93.0,174.0,3.0,31.0,28.0,4.0,2.0,3.0,14.0,4.0,6.0,6.0,3.0,2.0,104.0,2131.0,148.0,187.0,6.0,54.0,40.0,16.0,16.0,9.0,21.0,7.0,10.0,13.0,12.0,8.0,133.0,2102.0,101.0,371.0,20.0,113.0,25.0,2.0,2.0,4.0,25.0,4.0,3.0,3.0,3.0,4.0,110.0,2069.0,76.0,173.0,1.0,46.0,50.0,9.0,11.0,12.0,23.0,10.0,7.0,8.0,7.0,9.0,96.0,2316.0,83.0,193.0,13.0,78.0,51.0,2.0,4.0,6.0,12.0,3.0,2.0,3.0,3.0,5.0,88.0,2100.0,91.0,185.0,7.0,42.0,48.0,6.0,3.0,5.0,19.0,6.0,3.0,4.0,2.0,3.0,127.0,2161.0,112.0,214.0,5.0,59.0,streamcluster
1212.0,193.0,574.0,659.0,726.0,966.0,628.0,540.0,548.0,835.0,546.0,560.0,526.0,645.0,649.0,684.0,237.0,8.0,181.0,134.0,162.0,153.0,138.0,175.0,203.0,340.0,119.0,136.0,176.0,163.0,197.0,208.0,384.0,14.0,327.0,597.0,371.0,384.0,317.0,509.0,372.0,888.0,376.0,347.0,423.0,394.0,321.0,372.0,548.0,17.0,607.0,216.0,400.0,472.0,321.0,419.0,378.0,717.0,310.0,364.0,426.0,329.0,309.0,294.0,643.0,13.0,490.0,455.0,523.0,531.0,466.0,422.0,465.0,1164.0,509.0,569.0,591.0,498.0,411.0,481.0,618.0,32.0,444.0,332.0,433.0,320.0,425.0,305.0,495.0,938.0,265.0,384.0,337.0,476.0,322.0,367.0,431.0,21.0,228.0,235.0,323.0,415.0,187.0,184.0,349.0,876.0,206.0,210.0,213.0,269.0,196.0,338.0,315.0,24.0,375.0,384.0,242.0,256.0,283.0,152.0,234.0,675.0,246.0,415.0,222.0,247.0,214.0,239.0,313.0,17.0,278.0,198.0,278.0,320.0,328.0,238.0,181.0,715.0,248.0,183.0,405.0,221.0,374.0,245.0,410.0,26.0,439.0,443.0,595.0,357.0,413.0,388.0,490.0,252.0,296.0,395.0,343.0,275.0,329.0,278.0,332.0,13.0,340.0,277.0,490.0,292.0,331.0,280.0,310.0,701.0,217.0,326.0,362.0,275.0,296.0,380.0,247.0,7.0,246.0,246.0,397.0,268.0,266.0,440.0,253.0,564.0,246.0,246.0,244.0,278.0,205.0,232.0,359.0,27.0,412.0,332.0,518.0,259.0,297.0,250.0,359.0,669.0,394.0,291.0,223.0,274.0,286.0,326.0,319.0,18.0,280.0,308.0,243.0,197.0,210.0,322.0,221.0,532.0,181.0,237.0,221.0,150.0,259.0,237.0,293.0,31.0,250.0,336.0,254.0,227.0,207.0,219.0,211.0,578.0,260.0,198.0,300.0,284.0,166.0,178.0,497.0,25.0,339.0,399.0,434.0,368.0,357.0,347.0,379.0,588.0,251.0,328.0,314.0,297.0,409.0,229.0,streamcluster
1233.0,192.0,587.0,715.0,704.0,833.0,606.0,559.0,493.0,873.0,510.0,538.0,672.0,667.0,674.0,937.0,232.0,8.0,131.0,124.0,156.0,161.0,137.0,161.0,206.0,329.0,106.0,135.0,142.0,160.0,163.0,178.0,350.0,13.0,326.0,612.0,322.0,433.0,308.0,438.0,324.0,831.0,373.0,307.0,441.0,378.0,370.0,406.0,467.0,9.0,584.0,244.0,391.0,332.0,384.0,386.0,315.0,723.0,302.0,287.0,397.0,334.0,368.0,317.0,626.0,16.0,428.0,463.0,359.0,504.0,415.0,440.0,436.0,1009.0,535.0,589.0,575.0,488.0,458.0,446.0,530.0,27.0,352.0,342.0,457.0,329.0,653.0,308.0,577.0,1027.0,368.0,359.0,346.0,454.0,337.0,348.0,376.0,16.0,261.0,207.0,320.0,602.0,177.0,194.0,336.0,834.0,211.0,333.0,236.0,302.0,186.0,350.0,341.0,15.0,318.0,340.0,261.0,192.0,245.0,143.0,193.0,777.0,178.0,473.0,165.0,176.0,197.0,247.0,279.0,15.0,237.0,241.0,262.0,385.0,382.0,294.0,171.0,790.0,240.0,214.0,347.0,298.0,283.0,288.0,446.0,25.0,394.0,382.0,433.0,396.0,362.0,504.0,575.0,243.0,289.0,391.0,426.0,352.0,389.0,400.0,340.0,11.0,282.0,286.0,394.0,325.0,327.0,270.0,485.0,603.0,203.0,288.0,371.0,298.0,349.0,266.0,282.0,15.0,267.0,293.0,235.0,247.0,293.0,499.0,206.0,596.0,274.0,221.0,243.0,221.0,272.0,236.0,360.0,30.0,352.0,267.0,513.0,310.0,303.0,302.0,377.0,742.0,363.0,293.0,223.0,247.0,281.0,442.0,285.0,19.0,283.0,288.0,236.0,222.0,164.0,210.0,185.0,552.0,187.0,200.0,193.0,139.0,267.0,198.0,324.0,35.0,318.0,281.0,253.0,220.0,181.0,233.0,205.0,659.0,203.0,195.0,236.0,262.0,182.0,220.0,792.0,27.0,367.0,456.0,422.0,375.0,416.0,437.0,373.0,633.0,233.0,311.0,353.0,258.0,332.0,256.0,streamcluster
1117.0,96.0,513.0,587.0,732.0,889.0,550.0,579.0,460.0,833.0,476.0,532.0,553.0,667.0,543.0,698.0,180.0,8.0,98.0,116.0,146.0,138.0,120.0,156.0,213.0,344.0,107.0,123.0,162.0,166.0,175.0,180.0,379.0,13.0,298.0,486.0,347.0,386.0,389.0,408.0,322.0,855.0,347.0,293.0,405.0,318.0,305.0,355.0,438.0,11.0,550.0,218.0,348.0,438.0,403.0,389.0,331.0,707.0,305.0,284.0,333.0,269.0,335.0,298.0,576.0,9.0,391.0,372.0,384.0,393.0,358.0,447.0,367.0,1069.0,518.0,604.0,628.0,435.0,392.0,415.0,592.0,23.0,387.0,311.0,397.0,306.0,664.0,323.0,525.0,992.0,296.0,400.0,363.0,427.0,286.0,367.0,463.0,10.0,265.0,213.0,263.0,625.0,166.0,228.0,365.0,851.0,181.0,177.0,248.0,271.0,239.0,286.0,320.0,10.0,293.0,368.0,239.0,203.0,207.0,139.0,177.0,736.0,206.0,491.0,205.0,195.0,203.0,193.0,345.0,11.0,250.0,266.0,216.0,361.0,369.0,222.0,192.0,558.0,162.0,232.0,289.0,216.0,381.0,210.0,365.0,24.0,394.0,413.0,441.0,319.0,310.0,458.0,342.0,252.0,370.0,410.0,483.0,312.0,342.0,274.0,278.0,18.0,268.0,317.0,313.0,273.0,276.0,331.0,244.0,733.0,201.0,375.0,420.0,321.0,301.0,312.0,225.0,9.0,227.0,204.0,322.0,234.0,227.0,493.0,225.0,645.0,352.0,228.0,236.0,255.0,194.0,250.0,338.0,30.0,317.0,313.0,462.0,265.0,303.0,282.0,315.0,781.0,312.0,273.0,239.0,198.0,257.0,273.0,282.0,20.0,327.0,254.0,192.0,252.0,198.0,231.0,254.0,535.0,190.0,192.0,189.0,136.0,201.0,222.0,295.0,28.0,247.0,218.0,252.0,194.0,190.0,213.0,214.0,639.0,204.0,188.0,325.0,309.0,175.0,157.0,562.0,12.0,353.0,380.0,395.0,331.0,372.0,312.0,459.0,608.0,235.0,327.0,290.0,283.0,313.0,217.0,streamcluster
1161.0,172.0,582.0,763.0,732.0,861.0,581.0,601.0,519.0,843.0,614.0,659.0,585.0,678.0,644.0,809.0,241.0,8.0,118.0,151.0,152.0,160.0,131.0,178.0,226.0,355.0,122.0,144.0,158.0,176.0,223.0,230.0,464.0,13.0,359.0,585.0,353.0,456.0,389.0,396.0,391.0,850.0,360.0,384.0,424.0,380.0,325.0,387.0,459.0,26.0,620.0,244.0,409.0,341.0,351.0,380.0,348.0,709.0,506.0,301.0,398.0,652.0,368.0,417.0,618.0,16.0,443.0,504.0,464.0,503.0,456.0,445.0,481.0,1138.0,623.0,717.0,644.0,550.0,480.0,468.0,572.0,36.0,341.0,446.0,508.0,316.0,580.0,344.0,623.0,1067.0,301.0,395.0,405.0,501.0,328.0,377.0,386.0,12.0,224.0,248.0,343.0,579.0,180.0,295.0,318.0,819.0,251.0,260.0,224.0,337.0,221.0,326.0,384.0,19.0,308.0,307.0,222.0,313.0,305.0,149.0,207.0,650.0,235.0,327.0,204.0,237.0,247.0,216.0,335.0,20.0,278.0,509.0,287.0,360.0,348.0,232.0,191.0,814.0,227.0,232.0,406.0,228.0,353.0,240.0,393.0,32.0,427.0,484.0,568.0,411.0,391.0,444.0,621.0,250.0,360.0,440.0,435.0,376.0,344.0,294.0,295.0,17.0,269.0,306.0,475.0,370.0,340.0,286.0,492.0,664.0,234.0,319.0,404.0,366.0,417.0,409.0,313.0,18.0,250.0,254.0,318.0,309.0,296.0,408.0,250.0,634.0,248.0,272.0,258.0,287.0,211.0,201.0,295.0,33.0,425.0,376.0,565.0,296.0,299.0,253.0,383.0,760.0,367.0,304.0,243.0,347.0,322.0,245.0,328.0,19.0,229.0,593.0,266.0,269.0,198.0,227.0,211.0,565.0,185.0,232.0,239.0,162.0,237.0,215.0,258.0,28.0,340.0,275.0,259.0,213.0,203.0,219.0,273.0,618.0,221.0,181.0,266.0,224.0,156.0,257.0,623.0,24.0,375.0,484.0,437.0,378.0,401.0,432.0,430.0,597.0,293.0,391.0,384.0,276.0,249.0,236.0,streamcluster
1302.0,183.0,576.0,668.0,701.0,891.0,555.0,579.0,570.0,784.0,543.0,581.0,610.0,676.0,617.0,797.0,233.0,9.0,127.0,125.0,164.0,158.0,139.0,168.0,212.0,351.0,131.0,132.0,156.0,160.0,203.0,223.0,364.0,10.0,350.0,407.0,368.0,392.0,384.0,427.0,362.0,830.0,391.0,297.0,400.0,433.0,323.0,378.0,436.0,14.0,454.0,220.0,402.0,327.0,334.0,305.0,315.0,690.0,318.0,309.0,294.0,403.0,416.0,358.0,595.0,21.0,442.0,429.0,382.0,482.0,417.0,500.0,530.0,1037.0,612.0,612.0,577.0,538.0,399.0,435.0,667.0,26.0,376.0,364.0,432.0,314.0,495.0,372.0,544.0,1042.0,369.0,384.0,354.0,487.0,298.0,450.0,472.0,9.0,255.0,268.0,269.0,484.0,180.0,224.0,296.0,911.0,249.0,209.0,214.0,305.0,204.0,268.0,332.0,9.0,273.0,263.0,227.0,271.0,265.0,148.0,219.0,685.0,271.0,304.0,193.0,186.0,214.0,197.0,361.0,24.0,279.0,262.0,290.0,337.0,358.0,283.0,226.0,816.0,222.0,224.0,390.0,250.0,339.0,285.0,398.0,31.0,398.0,389.0,437.0,350.0,467.0,466.0,636.0,248.0,396.0,369.0,411.0,311.0,323.0,312.0,299.0,20.0,292.0,357.0,413.0,314.0,348.0,366.0,347.0,677.0,236.0,272.0,405.0,306.0,406.0,270.0,245.0,8.0,221.0,267.0,373.0,236.0,252.0,366.0,287.0,571.0,296.0,227.0,230.0,228.0,262.0,202.0,317.0,38.0,372.0,328.0,490.0,286.0,310.0,270.0,443.0,745.0,369.0,276.0,237.0,290.0,273.0,265.0,311.0,19.0,273.0,256.0,231.0,273.0,248.0,213.0,218.0,551.0,205.0,195.0,243.0,166.0,228.0,220.0,268.0,31.0,283.0,226.0,233.0,220.0,225.0,218.0,248.0,624.0,221.0,196.0,244.0,255.0,172.0,303.0,570.0,20.0,352.0,499.0,426.0,394.0,344.0,337.0,325.0,634.0,280.0,358.0,344.0,253.0,237.0,222.0,streamcluster
1098.0,149.0,445.0,616.0,643.0,945.0,541.0,487.0,460.0,749.0,507.0,473.0,550.0,579.0,635.0,660.0,204.0,7.0,105.0,105.0,126.0,130.0,111.0,127.0,179.0,201.0,96.0,111.0,125.0,137.0,136.0,199.0,348.0,9.0,298.0,562.0,363.0,348.0,372.0,462.0,324.0,742.0,359.0,316.0,387.0,373.0,302.0,405.0,478.0,12.0,583.0,199.0,352.0,409.0,403.0,438.0,355.0,611.0,307.0,295.0,339.0,277.0,293.0,328.0,629.0,8.0,362.0,393.0,337.0,495.0,373.0,431.0,457.0,939.0,525.0,503.0,643.0,496.0,442.0,435.0,559.0,30.0,295.0,349.0,415.0,319.0,490.0,297.0,522.0,883.0,353.0,306.0,411.0,469.0,328.0,383.0,457.0,9.0,226.0,288.0,264.0,481.0,185.0,173.0,335.0,751.0,189.0,257.0,212.0,313.0,188.0,264.0,278.0,15.0,300.0,347.0,177.0,209.0,309.0,126.0,256.0,557.0,186.0,312.0,153.0,205.0,161.0,176.0,315.0,22.0,214.0,236.0,252.0,302.0,370.0,267.0,205.0,687.0,196.0,232.0,334.0,299.0,263.0,235.0,405.0,26.0,339.0,427.0,455.0,324.0,355.0,403.0,572.0,149.0,318.0,310.0,428.0,376.0,438.0,345.0,309.0,11.0,263.0,260.0,402.0,270.0,280.0,280.0,353.0,584.0,234.0,312.0,470.0,324.0,331.0,256.0,228.0,17.0,260.0,266.0,252.0,221.0,237.0,332.0,202.0,457.0,334.0,204.0,228.0,214.0,229.0,237.0,325.0,29.0,238.0,285.0,572.0,281.0,259.0,242.0,412.0,631.0,367.0,376.0,204.0,278.0,221.0,277.0,235.0,12.0,326.0,225.0,185.0,189.0,176.0,149.0,193.0,492.0,189.0,152.0,209.0,146.0,209.0,247.0,288.0,40.0,240.0,218.0,223.0,199.0,164.0,179.0,247.0,593.0,193.0,204.0,223.0,299.0,183.0,234.0,464.0,12.0,337.0,393.0,392.0,353.0,308.0,329.0,284.0,503.0,236.0,302.0,264.0,325.0,302.0,230.0,streamcluster
1083.0,177.0,426.0,659.0,580.0,823.0,431.0,461.0,455.0,753.0,446.0,420.0,485.0,467.0,676.0,456.0,160.0,10.0,66.0,69.0,74.0,96.0,73.0,81.0,134.0,264.0,68.0,82.0,113.0,83.0,192.0,86.0,287.0,14.0,219.0,262.0,270.0,297.0,265.0,227.0,255.0,762.0,316.0,348.0,266.0,304.0,289.0,320.0,454.0,16.0,288.0,161.0,330.0,277.0,289.0,210.0,294.0,672.0,215.0,231.0,306.0,263.0,277.0,316.0,544.0,20.0,345.0,423.0,260.0,279.0,294.0,380.0,339.0,913.0,453.0,434.0,392.0,371.0,464.0,358.0,551.0,31.0,291.0,338.0,376.0,220.0,271.0,272.0,403.0,879.0,252.0,228.0,332.0,347.0,261.0,293.0,315.0,12.0,143.0,206.0,167.0,177.0,80.0,177.0,149.0,712.0,165.0,86.0,139.0,260.0,144.0,161.0,219.0,14.0,165.0,142.0,182.0,124.0,163.0,77.0,150.0,520.0,186.0,169.0,193.0,182.0,142.0,86.0,233.0,10.0,156.0,176.0,184.0,191.0,259.0,163.0,87.0,454.0,146.0,111.0,229.0,127.0,185.0,179.0,374.0,27.0,368.0,367.0,389.0,279.0,253.0,296.0,296.0,186.0,221.0,219.0,217.0,208.0,440.0,267.0,275.0,13.0,220.0,221.0,243.0,218.0,279.0,192.0,229.0,550.0,131.0,233.0,271.0,202.0,275.0,263.0,189.0,15.0,253.0,188.0,167.0,192.0,149.0,256.0,183.0,387.0,210.0,126.0,143.0,235.0,222.0,188.0,238.0,33.0,257.0,264.0,270.0,255.0,176.0,183.0,209.0,476.0,160.0,148.0,150.0,317.0,221.0,194.0,206.0,18.0,220.0,226.0,175.0,238.0,201.0,180.0,120.0,425.0,121.0,120.0,200.0,89.0,205.0,105.0,262.0,53.0,183.0,156.0,207.0,149.0,120.0,140.0,163.0,637.0,115.0,94.0,139.0,155.0,98.0,119.0,328.0,16.0,244.0,318.0,390.0,294.0,255.0,216.0,272.0,539.0,202.0,290.0,200.0,207.0,184.0,165.0,streamcluster
1287.0,198.0,555.0,719.0,697.0,979.0,591.0,523.0,615.0,809.0,590.0,528.0,494.0,642.0,725.0,836.0,239.0,8.0,114.0,149.0,155.0,165.0,132.0,166.0,212.0,341.0,125.0,123.0,162.0,151.0,215.0,216.0,377.0,17.0,304.0,657.0,360.0,403.0,338.0,508.0,366.0,906.0,334.0,320.0,377.0,378.0,369.0,428.0,466.0,23.0,700.0,241.0,376.0,404.0,362.0,434.0,375.0,729.0,306.0,311.0,345.0,383.0,339.0,343.0,644.0,20.0,440.0,489.0,405.0,453.0,429.0,422.0,474.0,1090.0,548.0,506.0,610.0,504.0,487.0,480.0,594.0,28.0,356.0,401.0,493.0,300.0,626.0,329.0,577.0,1045.0,332.0,400.0,342.0,419.0,334.0,397.0,527.0,9.0,268.0,236.0,294.0,574.0,162.0,178.0,328.0,865.0,286.0,159.0,236.0,288.0,221.0,303.0,305.0,9.0,367.0,364.0,222.0,228.0,212.0,135.0,167.0,692.0,198.0,431.0,204.0,196.0,283.0,203.0,317.0,12.0,294.0,281.0,270.0,326.0,376.0,212.0,220.0,834.0,219.0,184.0,322.0,294.0,300.0,258.0,383.0,28.0,468.0,441.0,501.0,361.0,371.0,447.0,701.0,233.0,349.0,355.0,385.0,303.0,406.0,367.0,269.0,11.0,260.0,282.0,448.0,294.0,306.0,248.0,352.0,672.0,210.0,374.0,439.0,317.0,324.0,408.0,289.0,12.0,262.0,241.0,288.0,228.0,208.0,484.0,241.0,574.0,346.0,221.0,249.0,227.0,216.0,191.0,341.0,33.0,339.0,347.0,529.0,334.0,303.0,233.0,437.0,715.0,382.0,304.0,201.0,265.0,295.0,273.0,302.0,12.0,248.0,241.0,232.0,241.0,283.0,200.0,241.0,529.0,204.0,227.0,300.0,132.0,220.0,193.0,317.0,42.0,274.0,240.0,337.0,217.0,223.0,206.0,223.0,677.0,247.0,196.0,256.0,213.0,176.0,236.0,659.0,25.0,388.0,453.0,432.0,371.0,393.0,365.0,382.0,659.0,250.0,325.0,278.0,290.0,379.0,236.0,streamcluster
1082.0,168.0,527.0,640.0,661.0,920.0,621.0,562.0,619.0,798.0,589.0,510.0,529.0,570.0,688.0,833.0,230.0,8.0,115.0,117.0,159.0,146.0,124.0,156.0,209.0,342.0,121.0,123.0,144.0,159.0,227.0,174.0,397.0,10.0,325.0,592.0,378.0,365.0,324.0,451.0,390.0,962.0,393.0,286.0,352.0,350.0,312.0,380.0,435.0,11.0,602.0,232.0,350.0,390.0,376.0,394.0,320.0,697.0,294.0,285.0,377.0,391.0,334.0,308.0,606.0,18.0,488.0,399.0,408.0,484.0,366.0,385.0,513.0,1037.0,479.0,486.0,701.0,453.0,515.0,425.0,631.0,30.0,343.0,331.0,367.0,316.0,634.0,342.0,612.0,1002.0,309.0,410.0,352.0,470.0,322.0,435.0,549.0,16.0,237.0,233.0,282.0,537.0,164.0,182.0,335.0,843.0,226.0,205.0,248.0,298.0,220.0,375.0,300.0,11.0,372.0,373.0,200.0,264.0,190.0,153.0,199.0,690.0,234.0,451.0,189.0,286.0,190.0,191.0,332.0,12.0,282.0,255.0,305.0,349.0,358.0,215.0,221.0,599.0,244.0,210.0,263.0,224.0,249.0,418.0,415.0,33.0,459.0,386.0,491.0,349.0,358.0,435.0,451.0,240.0,588.0,459.0,273.0,292.0,436.0,336.0,319.0,10.0,285.0,270.0,483.0,304.0,381.0,305.0,358.0,859.0,235.0,381.0,395.0,300.0,374.0,279.0,235.0,14.0,229.0,203.0,243.0,240.0,229.0,519.0,275.0,645.0,415.0,223.0,223.0,206.0,328.0,224.0,304.0,23.0,314.0,329.0,660.0,299.0,282.0,314.0,308.0,584.0,398.0,315.0,212.0,284.0,267.0,244.0,313.0,19.0,297.0,281.0,212.0,230.0,205.0,279.0,208.0,494.0,208.0,168.0,259.0,139.0,211.0,186.0,294.0,39.0,293.0,251.0,271.0,194.0,195.0,212.0,238.0,707.0,206.0,181.0,194.0,206.0,168.0,189.0,588.0,15.0,395.0,442.0,425.0,320.0,403.0,326.0,401.0,627.0,271.0,313.0,286.0,315.0,277.0,242.0,streamcluster
1259.0,90.0,521.0,652.0,647.0,974.0,601.0,570.0,503.0,801.0,527.0,483.0,542.0,565.0,626.0,692.0,184.0,6.0,108.0,125.0,159.0,155.0,127.0,161.0,214.0,331.0,106.0,127.0,156.0,153.0,180.0,149.0,376.0,10.0,301.0,646.0,313.0,353.0,346.0,486.0,353.0,819.0,375.0,269.0,373.0,400.0,290.0,400.0,446.0,10.0,664.0,219.0,369.0,406.0,310.0,427.0,427.0,741.0,324.0,340.0,385.0,311.0,348.0,310.0,550.0,10.0,378.0,414.0,361.0,439.0,387.0,406.0,468.0,1079.0,541.0,523.0,619.0,502.0,493.0,457.0,537.0,25.0,320.0,372.0,478.0,324.0,569.0,305.0,572.0,1024.0,419.0,376.0,320.0,439.0,312.0,433.0,414.0,14.0,233.0,223.0,254.0,475.0,155.0,262.0,323.0,818.0,208.0,274.0,206.0,276.0,214.0,284.0,370.0,7.0,308.0,410.0,176.0,196.0,355.0,121.0,205.0,686.0,190.0,427.0,149.0,148.0,191.0,147.0,288.0,13.0,248.0,242.0,277.0,315.0,360.0,277.0,189.0,758.0,204.0,209.0,331.0,292.0,320.0,221.0,356.0,22.0,367.0,403.0,507.0,357.0,305.0,445.0,548.0,231.0,311.0,389.0,406.0,279.0,394.0,308.0,322.0,9.0,302.0,279.0,446.0,255.0,303.0,283.0,284.0,612.0,194.0,383.0,392.0,267.0,363.0,273.0,243.0,11.0,225.0,210.0,292.0,267.0,272.0,481.0,199.0,628.0,230.0,217.0,205.0,196.0,245.0,302.0,282.0,24.0,462.0,339.0,556.0,311.0,262.0,250.0,353.0,743.0,404.0,266.0,225.0,219.0,314.0,267.0,227.0,15.0,338.0,318.0,262.0,217.0,161.0,158.0,171.0,540.0,205.0,175.0,246.0,130.0,285.0,191.0,291.0,29.0,221.0,219.0,254.0,194.0,172.0,187.0,249.0,678.0,218.0,203.0,301.0,293.0,170.0,250.0,506.0,12.0,313.0,449.0,391.0,356.0,343.0,318.0,417.0,617.0,210.0,352.0,370.0,282.0,300.0,242.0,streamcluster
1220.0,1051.0,962.0,1042.0,1026.0,1034.0,965.0,991.0,994.0,980.0,950.0,2855.0,988.0,1054.0,1051.0,1038.0,80.0,6.0,7.0,4.0,7.0,7.0,3.0,7.0,5.0,6.0,4.0,1900.0,4.0,12.0,6.0,11.0,27.0,3.0,1.0,4.0,4.0,3.0,2.0,3.0,1.0,1.0,3.0,1894.0,1.0,6.0,6.0,6.0,71.0,7.0,4.0,7.0,8.0,6.0,2.0,5.0,4.0,3.0,4.0,1895.0,5.0,8.0,6.0,6.0,64.0,4.0,3.0,6.0,10.0,7.0,1.0,4.0,3.0,5.0,3.0,1893.0,6.0,11.0,7.0,12.0,67.0,3.0,2.0,6.0,7.0,5.0,4.0,5.0,5.0,3.0,3.0,1888.0,6.0,8.0,9.0,9.0,24.0,5.0,1.0,5.0,5.0,3.0,2.0,4.0,2.0,2.0,1.0,1886.0,1.0,6.0,4.0,5.0,40.0,3.0,2.0,2.0,3.0,4.0,3.0,3.0,3.0,3.0,3.0,1885.0,2.0,3.0,5.0,10.0,38.0,5.0,2.0,4.0,7.0,4.0,1.0,4.0,2.0,6.0,2.0,1889.0,3.0,6.0,3.0,6.0,36.0,3.0,1.0,5.0,4.0,5.0,0.0,3.0,2.0,2.0,5.0,1889.0,2.0,7.0,7.0,9.0,16.0,7.0,1.0,3.0,2.0,5.0,2.0,3.0,2.0,3.0,5.0,1888.0,6.0,10.0,6.0,9.0,31.0,2.0,1.0,1.0,4.0,2.0,0.0,1.0,1.0,1.0,3.0,1886.0,4.0,9.0,4.0,5.0,42.0,5.0,2.0,4.0,6.0,6.0,3.0,2.0,3.0,1.0,3.0,1891.0,5.0,14.0,8.0,12.0,75.0,7.0,1.0,6.0,4.0,5.0,3.0,4.0,5.0,4.0,6.0,1894.0,4.0,16.0,10.0,12.0,79.0,9.0,3.0,5.0,9.0,8.0,5.0,5.0,7.0,4.0,6.0,1893.0,8.0,14.0,9.0,13.0,66.0,5.0,4.0,7.0,8.0,4.0,5.0,4.0,6.0,4.0,5.0,1890.0,2.0,14.0,7.0,11.0,streamcluster
1008.0,153.0,527.0,751.0,713.0,812.0,527.0,519.0,549.0,839.0,484.0,544.0,570.0,637.0,570.0,693.0,216.0,9.0,107.0,128.0,149.0,149.0,137.0,169.0,197.0,341.0,114.0,147.0,151.0,163.0,170.0,180.0,415.0,14.0,301.0,434.0,300.0,417.0,328.0,348.0,316.0,839.0,310.0,299.0,409.0,420.0,313.0,379.0,442.0,16.0,406.0,257.0,385.0,361.0,380.0,368.0,330.0,790.0,285.0,321.0,344.0,424.0,313.0,358.0,640.0,13.0,352.0,490.0,353.0,423.0,403.0,441.0,402.0,1019.0,570.0,516.0,655.0,480.0,385.0,368.0,616.0,28.0,413.0,375.0,416.0,311.0,425.0,317.0,497.0,1002.0,273.0,389.0,327.0,415.0,303.0,371.0,380.0,20.0,285.0,255.0,282.0,407.0,166.0,231.0,316.0,818.0,210.0,215.0,226.0,278.0,230.0,287.0,262.0,22.0,268.0,290.0,196.0,323.0,258.0,146.0,173.0,720.0,230.0,451.0,193.0,182.0,224.0,163.0,346.0,16.0,283.0,239.0,276.0,305.0,425.0,216.0,177.0,514.0,173.0,241.0,259.0,199.0,372.0,228.0,410.0,26.0,410.0,552.0,425.0,356.0,408.0,507.0,279.0,256.0,406.0,505.0,323.0,321.0,294.0,267.0,330.0,13.0,265.0,288.0,386.0,311.0,327.0,324.0,233.0,764.0,196.0,349.0,378.0,249.0,306.0,427.0,309.0,16.0,232.0,277.0,253.0,211.0,267.0,482.0,307.0,699.0,287.0,215.0,228.0,238.0,213.0,186.0,329.0,28.0,308.0,419.0,508.0,253.0,341.0,246.0,277.0,588.0,374.0,256.0,209.0,232.0,272.0,254.0,294.0,13.0,267.0,273.0,234.0,187.0,270.0,270.0,189.0,552.0,180.0,212.0,213.0,145.0,223.0,184.0,243.0,30.0,240.0,259.0,228.0,248.0,212.0,227.0,183.0,567.0,263.0,210.0,241.0,238.0,166.0,201.0,529.0,22.0,353.0,463.0,398.0,343.0,335.0,324.0,398.0,605.0,266.0,301.0,294.0,272.0,239.0,203.0,streamcluster
1277.0,183.0,569.0,702.0,747.0,970.0,573.0,552.0,616.0,839.0,497.0,510.0,557.0,618.0,649.0,801.0,243.0,10.0,127.0,147.0,161.0,165.0,132.0,197.0,202.0,328.0,118.0,145.0,156.0,160.0,221.0,233.0,395.0,10.0,305.0,616.0,345.0,373.0,424.0,426.0,378.0,809.0,318.0,291.0,475.0,380.0,317.0,424.0,454.0,19.0,596.0,233.0,441.0,385.0,326.0,379.0,367.0,742.0,342.0,355.0,325.0,316.0,338.0,316.0,689.0,21.0,422.0,551.0,432.0,437.0,355.0,512.0,423.0,1077.0,468.0,565.0,509.0,522.0,483.0,374.0,609.0,32.0,325.0,408.0,541.0,349.0,355.0,369.0,532.0,1010.0,333.0,371.0,343.0,477.0,300.0,438.0,455.0,21.0,269.0,254.0,243.0,359.0,175.0,215.0,307.0,881.0,247.0,196.0,221.0,281.0,240.0,374.0,263.0,31.0,342.0,326.0,253.0,268.0,316.0,161.0,191.0,731.0,263.0,345.0,218.0,216.0,318.0,182.0,392.0,17.0,259.0,253.0,277.0,345.0,336.0,260.0,206.0,735.0,195.0,237.0,311.0,264.0,436.0,295.0,398.0,27.0,365.0,526.0,531.0,355.0,358.0,526.0,504.0,244.0,344.0,362.0,444.0,315.0,330.0,287.0,344.0,11.0,284.0,305.0,383.0,308.0,378.0,329.0,295.0,667.0,229.0,379.0,293.0,300.0,331.0,282.0,270.0,13.0,239.0,267.0,306.0,268.0,241.0,392.0,289.0,535.0,231.0,225.0,210.0,259.0,214.0,254.0,291.0,26.0,350.0,336.0,389.0,299.0,301.0,346.0,355.0,717.0,326.0,302.0,235.0,328.0,259.0,238.0,289.0,11.0,274.0,243.0,299.0,281.0,162.0,201.0,230.0,504.0,191.0,216.0,317.0,141.0,253.0,193.0,332.0,38.0,269.0,285.0,256.0,204.0,237.0,296.0,248.0,641.0,199.0,183.0,260.0,356.0,180.0,184.0,587.0,15.0,361.0,473.0,391.0,388.0,399.0,331.0,417.0,601.0,278.0,329.0,259.0,268.0,281.0,232.0,streamcluster
1088.0,149.0,523.0,672.0,604.0,826.0,578.0,597.0,508.0,694.0,516.0,601.0,529.0,600.0,597.0,869.0,196.0,7.0,106.0,100.0,126.0,125.0,113.0,152.0,184.0,194.0,107.0,106.0,134.0,142.0,134.0,133.0,387.0,13.0,310.0,489.0,372.0,370.0,312.0,370.0,304.0,772.0,380.0,315.0,406.0,363.0,354.0,387.0,424.0,18.0,532.0,217.0,376.0,385.0,344.0,300.0,334.0,620.0,347.0,318.0,361.0,356.0,330.0,345.0,585.0,10.0,423.0,512.0,367.0,468.0,439.0,441.0,357.0,935.0,475.0,460.0,592.0,520.0,412.0,404.0,519.0,38.0,376.0,346.0,330.0,265.0,571.0,307.0,515.0,886.0,409.0,316.0,336.0,450.0,349.0,423.0,404.0,7.0,257.0,254.0,339.0,481.0,175.0,230.0,336.0,854.0,223.0,177.0,241.0,263.0,185.0,378.0,354.0,30.0,330.0,269.0,180.0,201.0,266.0,120.0,170.0,563.0,192.0,295.0,155.0,189.0,187.0,172.0,322.0,13.0,240.0,244.0,214.0,318.0,379.0,291.0,173.0,706.0,231.0,196.0,428.0,249.0,327.0,179.0,384.0,25.0,419.0,402.0,522.0,329.0,535.0,454.0,649.0,125.0,331.0,298.0,390.0,341.0,299.0,317.0,384.0,11.0,274.0,329.0,380.0,290.0,353.0,273.0,277.0,529.0,219.0,286.0,375.0,263.0,278.0,324.0,266.0,7.0,244.0,203.0,286.0,287.0,223.0,364.0,212.0,437.0,250.0,204.0,215.0,206.0,240.0,217.0,388.0,30.0,305.0,272.0,492.0,279.0,279.0,240.0,428.0,580.0,360.0,259.0,212.0,276.0,297.0,235.0,243.0,13.0,217.0,316.0,216.0,178.0,263.0,144.0,183.0,411.0,154.0,201.0,214.0,112.0,188.0,156.0,306.0,30.0,253.0,248.0,233.0,209.0,186.0,225.0,243.0,491.0,178.0,186.0,195.0,301.0,164.0,173.0,654.0,11.0,297.0,462.0,430.0,337.0,420.0,301.0,385.0,458.0,217.0,318.0,282.0,229.0,301.0,227.0,streamcluster
1167.0,193.0,533.0,640.0,681.0,751.0,455.0,487.0,484.0,748.0,562.0,500.0,510.0,535.0,614.0,817.0,179.0,8.0,75.0,77.0,90.0,94.0,68.0,88.0,146.0,286.0,68.0,109.0,120.0,90.0,118.0,107.0,350.0,16.0,291.0,319.0,322.0,335.0,335.0,344.0,360.0,784.0,327.0,274.0,412.0,329.0,299.0,389.0,385.0,17.0,366.0,169.0,339.0,427.0,277.0,355.0,269.0,698.0,274.0,239.0,305.0,330.0,342.0,259.0,653.0,18.0,412.0,382.0,398.0,340.0,363.0,385.0,480.0,1083.0,450.0,536.0,357.0,411.0,403.0,428.0,480.0,33.0,405.0,334.0,385.0,229.0,364.0,294.0,417.0,1023.0,321.0,321.0,364.0,381.0,389.0,395.0,315.0,7.0,195.0,193.0,260.0,211.0,104.0,154.0,216.0,812.0,218.0,145.0,238.0,164.0,170.0,199.0,247.0,22.0,232.0,335.0,158.0,205.0,278.0,107.0,209.0,552.0,172.0,213.0,153.0,167.0,162.0,119.0,288.0,11.0,190.0,170.0,253.0,180.0,225.0,171.0,127.0,476.0,181.0,142.0,236.0,181.0,315.0,234.0,394.0,34.0,325.0,394.0,509.0,318.0,278.0,292.0,325.0,175.0,370.0,391.0,272.0,246.0,289.0,296.0,275.0,15.0,244.0,224.0,341.0,231.0,301.0,219.0,280.0,618.0,197.0,263.0,299.0,190.0,268.0,344.0,224.0,32.0,240.0,177.0,312.0,228.0,174.0,206.0,165.0,474.0,345.0,158.0,225.0,156.0,191.0,181.0,229.0,34.0,256.0,276.0,289.0,274.0,266.0,258.0,256.0,543.0,282.0,206.0,171.0,160.0,259.0,185.0,215.0,38.0,194.0,215.0,180.0,194.0,260.0,245.0,139.0,460.0,184.0,165.0,126.0,71.0,167.0,192.0,234.0,43.0,239.0,195.0,196.0,156.0,121.0,131.0,210.0,576.0,136.0,104.0,139.0,241.0,117.0,174.0,605.0,31.0,329.0,361.0,348.0,358.0,234.0,255.0,303.0,587.0,259.0,276.0,269.0,222.0,337.0,195.0,streamcluster
1233.0,194.0,571.0,684.0,676.0,839.0,608.0,532.0,685.0,811.0,507.0,473.0,500.0,668.0,627.0,617.0,260.0,8.0,122.0,130.0,155.0,165.0,152.0,174.0,215.0,335.0,129.0,133.0,161.0,172.0,201.0,166.0,382.0,14.0,324.0,722.0,429.0,437.0,377.0,447.0,372.0,826.0,373.0,283.0,475.0,418.0,357.0,374.0,443.0,16.0,658.0,210.0,351.0,402.0,377.0,418.0,306.0,714.0,321.0,288.0,378.0,343.0,334.0,363.0,634.0,23.0,425.0,474.0,346.0,464.0,398.0,415.0,468.0,978.0,767.0,549.0,713.0,460.0,597.0,545.0,571.0,36.0,371.0,361.0,397.0,316.0,451.0,356.0,510.0,1042.0,279.0,412.0,323.0,416.0,368.0,414.0,408.0,12.0,252.0,272.0,247.0,432.0,191.0,263.0,247.0,826.0,262.0,260.0,235.0,248.0,223.0,287.0,320.0,16.0,344.0,430.0,248.0,252.0,266.0,139.0,209.0,614.0,193.0,362.0,242.0,258.0,241.0,275.0,342.0,9.0,259.0,283.0,318.0,328.0,294.0,228.0,219.0,546.0,187.0,225.0,233.0,238.0,243.0,292.0,428.0,31.0,391.0,435.0,433.0,374.0,395.0,364.0,360.0,253.0,543.0,462.0,290.0,281.0,343.0,333.0,296.0,16.0,259.0,303.0,414.0,290.0,401.0,244.0,296.0,886.0,209.0,417.0,633.0,305.0,363.0,286.0,330.0,12.0,252.0,223.0,218.0,277.0,229.0,357.0,281.0,638.0,368.0,229.0,222.0,201.0,328.0,181.0,396.0,32.0,437.0,338.0,742.0,315.0,286.0,249.0,257.0,577.0,417.0,279.0,220.0,248.0,292.0,314.0,350.0,16.0,337.0,276.0,308.0,237.0,216.0,228.0,215.0,509.0,170.0,201.0,238.0,149.0,274.0,236.0,283.0,31.0,305.0,242.0,292.0,215.0,230.0,261.0,206.0,616.0,263.0,241.0,252.0,324.0,173.0,194.0,438.0,14.0,331.0,437.0,432.0,424.0,365.0,446.0,350.0,605.0,348.0,272.0,314.0,253.0,302.0,244.0,streamcluster
1230.0,185.0,550.0,761.0,743.0,1049.0,648.0,560.0,636.0,847.0,716.0,531.0,655.0,743.0,648.0,869.0,240.0,10.0,142.0,144.0,169.0,157.0,141.0,186.0,220.0,327.0,129.0,158.0,185.0,183.0,182.0,225.0,394.0,32.0,327.0,614.0,440.0,410.0,403.0,683.0,393.0,882.0,408.0,345.0,452.0,472.0,368.0,457.0,470.0,19.0,765.0,247.0,460.0,405.0,452.0,476.0,352.0,769.0,355.0,396.0,437.0,356.0,380.0,358.0,642.0,21.0,459.0,532.0,518.0,491.0,566.0,535.0,596.0,1144.0,623.0,564.0,717.0,679.0,461.0,528.0,668.0,40.0,363.0,353.0,484.0,328.0,740.0,300.0,550.0,1047.0,309.0,439.0,408.0,548.0,330.0,519.0,486.0,22.0,263.0,302.0,362.0,667.0,196.0,210.0,378.0,875.0,296.0,298.0,268.0,373.0,205.0,385.0,547.0,25.0,355.0,359.0,309.0,379.0,204.0,176.0,219.0,766.0,248.0,489.0,218.0,291.0,241.0,250.0,308.0,23.0,286.0,339.0,342.0,363.0,444.0,325.0,194.0,593.0,243.0,269.0,313.0,266.0,287.0,308.0,421.0,29.0,397.0,426.0,519.0,353.0,386.0,468.0,377.0,246.0,723.0,468.0,418.0,477.0,375.0,366.0,348.0,16.0,311.0,416.0,497.0,307.0,342.0,274.0,341.0,1002.0,263.0,410.0,453.0,706.0,411.0,297.0,242.0,19.0,282.0,283.0,357.0,262.0,281.0,544.0,274.0,700.0,463.0,228.0,260.0,335.0,316.0,224.0,304.0,43.0,380.0,335.0,559.0,340.0,333.0,258.0,306.0,705.0,391.0,263.0,245.0,336.0,312.0,375.0,303.0,35.0,323.0,239.0,338.0,289.0,258.0,228.0,249.0,654.0,575.0,181.0,301.0,191.0,244.0,281.0,270.0,38.0,296.0,289.0,274.0,271.0,238.0,192.0,355.0,644.0,288.0,206.0,295.0,221.0,177.0,236.0,656.0,17.0,397.0,474.0,531.0,419.0,432.0,339.0,301.0,628.0,233.0,331.0,343.0,294.0,431.0,232.0,streamcluster
1296.0,188.0,572.0,725.0,733.0,885.0,508.0,572.0,573.0,817.0,494.0,585.0,496.0,631.0,653.0,785.0,242.0,7.0,116.0,142.0,179.0,187.0,131.0,171.0,197.0,340.0,129.0,140.0,174.0,171.0,152.0,167.0,420.0,24.0,321.0,525.0,429.0,450.0,327.0,366.0,388.0,840.0,338.0,365.0,430.0,356.0,350.0,389.0,541.0,15.0,556.0,217.0,364.0,475.0,325.0,396.0,358.0,683.0,343.0,279.0,437.0,339.0,312.0,280.0,656.0,37.0,493.0,450.0,529.0,559.0,381.0,516.0,448.0,1141.0,444.0,563.0,574.0,482.0,473.0,433.0,587.0,34.0,279.0,328.0,539.0,311.0,506.0,341.0,460.0,988.0,404.0,305.0,307.0,438.0,376.0,378.0,473.0,16.0,190.0,273.0,297.0,530.0,139.0,226.0,283.0,776.0,353.0,215.0,206.0,259.0,203.0,291.0,346.0,18.0,285.0,324.0,260.0,252.0,398.0,158.0,162.0,687.0,231.0,359.0,195.0,198.0,245.0,189.0,349.0,10.0,256.0,225.0,289.0,361.0,337.0,225.0,168.0,708.0,165.0,183.0,353.0,389.0,315.0,255.0,404.0,25.0,412.0,417.0,594.0,397.0,331.0,480.0,510.0,249.0,285.0,387.0,387.0,296.0,374.0,321.0,412.0,13.0,316.0,359.0,377.0,346.0,296.0,308.0,255.0,643.0,218.0,304.0,352.0,259.0,318.0,327.0,285.0,12.0,240.0,186.0,289.0,246.0,219.0,405.0,179.0,557.0,246.0,221.0,246.0,248.0,256.0,411.0,317.0,33.0,273.0,371.0,518.0,311.0,343.0,379.0,365.0,684.0,333.0,274.0,221.0,263.0,270.0,253.0,308.0,15.0,359.0,283.0,262.0,230.0,190.0,181.0,181.0,526.0,158.0,193.0,281.0,163.0,262.0,269.0,301.0,31.0,280.0,313.0,341.0,275.0,209.0,215.0,215.0,638.0,191.0,188.0,214.0,246.0,179.0,271.0,713.0,21.0,364.0,425.0,469.0,375.0,339.0,332.0,372.0,621.0,234.0,347.0,289.0,351.0,330.0,211.0,streamcluster
1137.0,87.0,583.0,642.0,694.0,949.0,637.0,574.0,530.0,754.0,614.0,553.0,556.0,602.0,682.0,719.0,176.0,3.0,112.0,138.0,138.0,152.0,129.0,164.0,234.0,343.0,149.0,123.0,170.0,176.0,188.0,167.0,402.0,16.0,317.0,407.0,364.0,402.0,425.0,285.0,375.0,891.0,366.0,291.0,491.0,434.0,339.0,427.0,397.0,16.0,453.0,237.0,403.0,383.0,372.0,326.0,408.0,723.0,322.0,353.0,391.0,376.0,375.0,290.0,586.0,11.0,463.0,474.0,394.0,568.0,447.0,479.0,569.0,1078.0,695.0,550.0,751.0,544.0,531.0,473.0,612.0,37.0,378.0,401.0,500.0,345.0,536.0,323.0,568.0,1034.0,350.0,427.0,428.0,492.0,391.0,399.0,529.0,16.0,248.0,261.0,310.0,479.0,161.0,240.0,336.0,879.0,251.0,223.0,344.0,309.0,216.0,300.0,363.0,9.0,214.0,213.0,193.0,299.0,369.0,138.0,211.0,715.0,235.0,439.0,240.0,236.0,262.0,171.0,332.0,19.0,249.0,328.0,293.0,342.0,343.0,288.0,189.0,592.0,284.0,193.0,252.0,228.0,298.0,316.0,343.0,28.0,391.0,457.0,497.0,357.0,366.0,464.0,381.0,238.0,510.0,444.0,290.0,373.0,453.0,294.0,319.0,24.0,303.0,300.0,456.0,346.0,329.0,313.0,372.0,784.0,271.0,330.0,482.0,346.0,382.0,363.0,258.0,11.0,228.0,218.0,300.0,263.0,263.0,481.0,259.0,637.0,323.0,239.0,223.0,226.0,271.0,311.0,301.0,30.0,347.0,319.0,586.0,378.0,332.0,371.0,328.0,617.0,474.0,307.0,269.0,299.0,335.0,278.0,258.0,27.0,292.0,343.0,244.0,267.0,201.0,284.0,208.0,596.0,241.0,204.0,298.0,154.0,234.0,218.0,263.0,29.0,282.0,247.0,283.0,249.0,211.0,219.0,262.0,708.0,289.0,218.0,322.0,204.0,180.0,236.0,489.0,18.0,406.0,403.0,382.0,366.0,387.0,328.0,519.0,597.0,296.0,347.0,301.0,359.0,382.0,242.0,streamcluster
1222.0,163.0,584.0,652.0,661.0,895.0,610.0,608.0,490.0,769.0,505.0,510.0,548.0,618.0,636.0,919.0,231.0,10.0,112.0,126.0,157.0,152.0,126.0,173.0,220.0,321.0,111.0,135.0,162.0,165.0,188.0,184.0,389.0,9.0,313.0,431.0,394.0,396.0,331.0,334.0,364.0,858.0,343.0,333.0,398.0,321.0,303.0,362.0,414.0,15.0,414.0,231.0,425.0,409.0,318.0,364.0,308.0,662.0,299.0,296.0,391.0,378.0,386.0,296.0,632.0,16.0,502.0,493.0,420.0,456.0,455.0,440.0,556.0,1011.0,559.0,560.0,477.0,484.0,428.0,460.0,628.0,22.0,387.0,384.0,390.0,297.0,637.0,438.0,594.0,1026.0,280.0,369.0,380.0,455.0,321.0,416.0,490.0,13.0,240.0,253.0,291.0,639.0,157.0,208.0,338.0,874.0,204.0,204.0,310.0,280.0,203.0,353.0,347.0,13.0,271.0,256.0,216.0,233.0,252.0,138.0,169.0,628.0,207.0,383.0,189.0,224.0,209.0,255.0,314.0,12.0,331.0,251.0,298.0,340.0,400.0,216.0,184.0,597.0,205.0,188.0,272.0,235.0,289.0,232.0,342.0,24.0,440.0,392.0,484.0,423.0,422.0,395.0,467.0,248.0,325.0,342.0,333.0,279.0,313.0,281.0,270.0,12.0,297.0,303.0,426.0,285.0,338.0,255.0,335.0,620.0,252.0,316.0,365.0,277.0,274.0,386.0,228.0,7.0,210.0,222.0,325.0,215.0,255.0,429.0,217.0,535.0,382.0,231.0,204.0,191.0,264.0,236.0,341.0,26.0,320.0,401.0,356.0,277.0,290.0,280.0,277.0,619.0,333.0,248.0,238.0,254.0,295.0,257.0,256.0,20.0,312.0,205.0,221.0,232.0,278.0,252.0,243.0,509.0,208.0,154.0,213.0,135.0,214.0,180.0,263.0,30.0,260.0,207.0,276.0,201.0,189.0,244.0,206.0,595.0,207.0,236.0,253.0,289.0,170.0,186.0,667.0,13.0,300.0,421.0,402.0,404.0,457.0,356.0,420.0,571.0,279.0,370.0,283.0,291.0,305.0,251.0,streamcluster
1233.0,194.0,524.0,701.0,823.0,988.0,578.0,617.0,548.0,841.0,498.0,541.0,549.0,593.0,676.0,785.0,261.0,9.0,114.0,147.0,159.0,167.0,134.0,211.0,213.0,359.0,127.0,156.0,172.0,175.0,155.0,225.0,363.0,16.0,344.0,665.0,360.0,456.0,363.0,606.0,395.0,868.0,386.0,294.0,404.0,412.0,348.0,379.0,477.0,20.0,757.0,216.0,341.0,419.0,338.0,477.0,360.0,686.0,314.0,339.0,385.0,386.0,307.0,299.0,780.0,22.0,450.0,435.0,413.0,521.0,454.0,464.0,468.0,1078.0,700.0,609.0,655.0,446.0,421.0,464.0,695.0,36.0,335.0,386.0,508.0,322.0,608.0,382.0,576.0,1113.0,336.0,325.0,374.0,435.0,337.0,403.0,482.0,15.0,240.0,280.0,339.0,502.0,151.0,283.0,411.0,845.0,226.0,223.0,225.0,256.0,221.0,369.0,405.0,20.0,350.0,376.0,263.0,283.0,302.0,180.0,272.0,711.0,293.0,443.0,281.0,236.0,228.0,165.0,388.0,16.0,262.0,312.0,319.0,369.0,420.0,317.0,216.0,545.0,188.0,195.0,265.0,244.0,357.0,271.0,434.0,33.0,428.0,402.0,514.0,453.0,406.0,498.0,366.0,237.0,518.0,491.0,308.0,271.0,306.0,306.0,400.0,13.0,264.0,314.0,501.0,484.0,309.0,342.0,331.0,803.0,218.0,337.0,415.0,236.0,303.0,358.0,289.0,25.0,259.0,255.0,288.0,250.0,259.0,473.0,240.0,726.0,335.0,235.0,243.0,197.0,221.0,198.0,347.0,31.0,363.0,287.0,556.0,322.0,339.0,330.0,311.0,609.0,384.0,264.0,225.0,305.0,265.0,224.0,294.0,24.0,325.0,396.0,271.0,229.0,209.0,313.0,188.0,509.0,173.0,177.0,197.0,157.0,234.0,268.0,335.0,38.0,268.0,211.0,237.0,213.0,230.0,254.0,226.0,579.0,275.0,199.0,273.0,412.0,170.0,194.0,633.0,16.0,297.0,411.0,371.0,378.0,377.0,332.0,420.0,608.0,265.0,382.0,283.0,248.0,406.0,245.0,streamcluster
1328.0,1006.0,995.0,1025.0,919.0,1010.0,934.0,940.0,905.0,855.0,869.0,3729.0,889.0,941.0,921.0,1046.0,151.0,7.0,42.0,40.0,5.0,37.0,43.0,23.0,7.0,4.0,5.0,2677.0,6.0,8.0,7.0,8.0,95.0,7.0,35.0,44.0,4.0,39.0,47.0,19.0,3.0,2.0,0.0,2587.0,3.0,4.0,3.0,12.0,137.0,6.0,45.0,38.0,5.0,46.0,42.0,20.0,6.0,6.0,6.0,2372.0,4.0,7.0,7.0,9.0,121.0,12.0,45.0,49.0,6.0,40.0,50.0,25.0,7.0,2.0,3.0,2477.0,3.0,8.0,6.0,8.0,124.0,8.0,47.0,41.0,4.0,37.0,50.0,23.0,2.0,4.0,2.0,2613.0,1.0,4.0,2.0,11.0,72.0,3.0,34.0,32.0,2.0,30.0,33.0,22.0,1.0,2.0,1.0,2449.0,3.0,2.0,4.0,6.0,90.0,7.0,39.0,38.0,6.0,38.0,39.0,22.0,4.0,0.0,1.0,2320.0,4.0,4.0,2.0,3.0,110.0,4.0,49.0,40.0,1.0,39.0,46.0,28.0,4.0,2.0,2.0,2397.0,5.0,5.0,4.0,6.0,77.0,5.0,33.0,36.0,3.0,30.0,38.0,22.0,4.0,1.0,0.0,2343.0,4.0,6.0,2.0,5.0,81.0,3.0,47.0,47.0,4.0,46.0,45.0,30.0,3.0,4.0,2.0,2726.0,3.0,4.0,4.0,4.0,162.0,29.0,97.0,105.0,8.0,107.0,114.0,83.0,13.0,8.0,8.0,2397.0,15.0,16.0,22.0,30.0,82.0,5.0,45.0,39.0,3.0,36.0,42.0,27.0,4.0,3.0,2.0,2434.0,2.0,3.0,5.0,5.0,120.0,6.0,51.0,38.0,9.0,41.0,41.0,29.0,4.0,3.0,4.0,2376.0,5.0,4.0,6.0,7.0,118.0,3.0,48.0,40.0,6.0,36.0,40.0,26.0,3.0,5.0,2.0,2373.0,4.0,5.0,5.0,7.0,198.0,9.0,61.0,49.0,8.0,50.0,57.0,36.0,2.0,4.0,6.0,2645.0,7.0,8.0,5.0,8.0,streamcluster
1213.0,197.0,565.0,716.0,725.0,955.0,610.0,654.0,520.0,816.0,490.0,555.0,518.0,596.0,760.0,880.0,239.0,10.0,121.0,129.0,168.0,156.0,135.0,177.0,215.0,341.0,117.0,147.0,157.0,166.0,186.0,228.0,429.0,17.0,316.0,637.0,331.0,378.0,348.0,414.0,386.0,834.0,369.0,297.0,395.0,463.0,323.0,428.0,451.0,14.0,674.0,236.0,407.0,399.0,312.0,376.0,346.0,810.0,274.0,281.0,413.0,298.0,339.0,324.0,654.0,9.0,367.0,533.0,384.0,469.0,479.0,497.0,402.0,975.0,469.0,519.0,605.0,500.0,486.0,451.0,537.0,26.0,337.0,419.0,418.0,335.0,596.0,430.0,533.0,997.0,320.0,335.0,375.0,481.0,333.0,408.0,468.0,15.0,248.0,246.0,273.0,549.0,167.0,251.0,345.0,870.0,365.0,219.0,216.0,249.0,208.0,378.0,304.0,18.0,274.0,300.0,375.0,258.0,193.0,149.0,203.0,655.0,189.0,371.0,195.0,205.0,238.0,179.0,355.0,14.0,260.0,223.0,246.0,353.0,366.0,266.0,196.0,523.0,187.0,247.0,371.0,279.0,239.0,295.0,409.0,29.0,370.0,465.0,464.0,376.0,377.0,422.0,332.0,237.0,444.0,390.0,324.0,322.0,451.0,302.0,293.0,17.0,321.0,281.0,371.0,313.0,470.0,242.0,332.0,737.0,226.0,361.0,392.0,280.0,317.0,273.0,286.0,29.0,207.0,248.0,256.0,231.0,235.0,342.0,288.0,585.0,323.0,241.0,202.0,263.0,556.0,216.0,338.0,25.0,407.0,286.0,544.0,303.0,265.0,283.0,285.0,622.0,368.0,257.0,210.0,282.0,294.0,233.0,292.0,22.0,231.0,332.0,250.0,218.0,238.0,223.0,165.0,543.0,231.0,230.0,212.0,172.0,219.0,174.0,339.0,54.0,247.0,249.0,300.0,245.0,202.0,210.0,202.0,676.0,206.0,512.0,229.0,227.0,197.0,253.0,637.0,11.0,392.0,426.0,381.0,365.0,394.0,325.0,358.0,589.0,231.0,382.0,297.0,264.0,310.0,223.0,streamcluster
1026.0,153.0,436.0,689.0,580.0,907.0,528.0,620.0,519.0,710.0,514.0,484.0,569.0,554.0,714.0,685.0,158.0,7.0,80.0,98.0,111.0,102.0,124.0,133.0,165.0,213.0,114.0,114.0,129.0,155.0,173.0,181.0,312.0,7.0,306.0,597.0,349.0,361.0,443.0,424.0,298.0,781.0,374.0,290.0,357.0,409.0,358.0,435.0,480.0,20.0,632.0,206.0,383.0,374.0,348.0,341.0,287.0,635.0,314.0,282.0,340.0,296.0,318.0,280.0,565.0,17.0,398.0,436.0,354.0,428.0,476.0,468.0,411.0,981.0,652.0,544.0,559.0,511.0,464.0,507.0,491.0,26.0,357.0,395.0,337.0,329.0,451.0,305.0,448.0,986.0,289.0,351.0,341.0,476.0,396.0,473.0,284.0,24.0,260.0,264.0,259.0,414.0,177.0,219.0,376.0,803.0,214.0,204.0,276.0,315.0,190.0,325.0,243.0,25.0,313.0,285.0,249.0,260.0,242.0,134.0,180.0,656.0,229.0,480.0,168.0,242.0,229.0,249.0,254.0,11.0,273.0,203.0,207.0,306.0,368.0,290.0,185.0,578.0,221.0,221.0,288.0,288.0,250.0,268.0,340.0,27.0,383.0,375.0,453.0,404.0,489.0,487.0,442.0,137.0,303.0,391.0,369.0,343.0,402.0,414.0,249.0,8.0,243.0,341.0,345.0,273.0,409.0,323.0,296.0,553.0,229.0,276.0,362.0,296.0,464.0,342.0,221.0,20.0,218.0,204.0,415.0,223.0,273.0,482.0,170.0,536.0,306.0,185.0,190.0,233.0,245.0,323.0,291.0,28.0,301.0,414.0,459.0,263.0,333.0,277.0,261.0,586.0,364.0,269.0,217.0,258.0,283.0,286.0,234.0,29.0,209.0,248.0,203.0,202.0,198.0,188.0,150.0,454.0,162.0,156.0,296.0,135.0,279.0,212.0,241.0,35.0,230.0,183.0,248.0,239.0,176.0,227.0,153.0,560.0,204.0,172.0,303.0,316.0,177.0,238.0,463.0,30.0,297.0,425.0,403.0,341.0,405.0,319.0,311.0,597.0,263.0,302.0,312.0,255.0,272.0,193.0,streamcluster
1176.0,154.0,422.0,572.0,566.0,798.0,452.0,452.0,453.0,804.0,491.0,476.0,427.0,477.0,514.0,495.0,186.0,4.0,81.0,74.0,99.0,104.0,64.0,100.0,149.0,275.0,59.0,101.0,95.0,108.0,149.0,82.0,386.0,10.0,242.0,323.0,322.0,334.0,279.0,279.0,232.0,814.0,274.0,219.0,298.0,256.0,241.0,358.0,425.0,14.0,344.0,170.0,343.0,374.0,268.0,279.0,292.0,667.0,251.0,279.0,344.0,289.0,245.0,247.0,573.0,18.0,364.0,364.0,340.0,485.0,384.0,369.0,330.0,937.0,363.0,447.0,341.0,394.0,346.0,373.0,520.0,26.0,278.0,279.0,385.0,268.0,262.0,276.0,453.0,905.0,276.0,324.0,306.0,388.0,394.0,352.0,243.0,8.0,206.0,145.0,308.0,196.0,77.0,115.0,176.0,797.0,133.0,206.0,171.0,220.0,119.0,133.0,304.0,15.0,193.0,142.0,162.0,220.0,188.0,92.0,133.0,534.0,141.0,223.0,124.0,180.0,207.0,101.0,234.0,15.0,148.0,250.0,194.0,158.0,183.0,216.0,142.0,391.0,140.0,137.0,185.0,247.0,189.0,201.0,393.0,24.0,380.0,363.0,422.0,294.0,320.0,325.0,230.0,184.0,308.0,247.0,222.0,238.0,259.0,300.0,264.0,7.0,226.0,198.0,276.0,254.0,365.0,198.0,255.0,634.0,144.0,249.0,185.0,168.0,263.0,210.0,229.0,12.0,146.0,146.0,307.0,164.0,182.0,292.0,153.0,445.0,210.0,176.0,153.0,182.0,273.0,221.0,282.0,28.0,288.0,240.0,286.0,271.0,204.0,178.0,179.0,483.0,186.0,207.0,121.0,269.0,215.0,159.0,252.0,21.0,293.0,195.0,213.0,194.0,136.0,178.0,191.0,456.0,133.0,150.0,177.0,105.0,160.0,155.0,255.0,37.0,185.0,141.0,199.0,197.0,121.0,154.0,211.0,542.0,245.0,125.0,207.0,238.0,78.0,127.0,392.0,5.0,308.0,349.0,352.0,320.0,250.0,235.0,341.0,573.0,204.0,249.0,197.0,209.0,309.0,158.0,streamcluster
1302.0,184.0,577.0,734.0,716.0,953.0,665.0,558.0,592.0,794.0,578.0,642.0,625.0,650.0,655.0,841.0,240.0,10.0,116.0,134.0,159.0,177.0,132.0,167.0,213.0,337.0,122.0,147.0,188.0,175.0,206.0,206.0,388.0,12.0,308.0,484.0,349.0,400.0,336.0,399.0,412.0,838.0,335.0,307.0,445.0,378.0,308.0,450.0,392.0,17.0,563.0,214.0,472.0,340.0,327.0,327.0,360.0,760.0,348.0,284.0,416.0,336.0,283.0,326.0,576.0,26.0,430.0,480.0,420.0,416.0,492.0,448.0,449.0,1055.0,511.0,452.0,560.0,524.0,508.0,439.0,632.0,33.0,327.0,359.0,347.0,335.0,645.0,346.0,584.0,1023.0,409.0,459.0,410.0,461.0,415.0,376.0,438.0,9.0,238.0,236.0,246.0,602.0,163.0,179.0,311.0,944.0,266.0,198.0,221.0,263.0,229.0,367.0,365.0,18.0,284.0,261.0,234.0,225.0,217.0,137.0,269.0,682.0,235.0,445.0,191.0,219.0,227.0,190.0,359.0,15.0,278.0,325.0,265.0,430.0,368.0,229.0,215.0,809.0,215.0,214.0,392.0,247.0,294.0,204.0,366.0,25.0,402.0,460.0,569.0,342.0,459.0,454.0,648.0,246.0,329.0,364.0,543.0,321.0,343.0,307.0,306.0,14.0,295.0,282.0,394.0,289.0,356.0,308.0,296.0,689.0,262.0,365.0,350.0,296.0,312.0,372.0,289.0,11.0,223.0,263.0,274.0,303.0,241.0,467.0,216.0,561.0,327.0,233.0,240.0,209.0,247.0,262.0,432.0,43.0,315.0,281.0,427.0,276.0,322.0,352.0,416.0,790.0,344.0,274.0,232.0,295.0,295.0,276.0,310.0,12.0,319.0,284.0,258.0,250.0,191.0,183.0,228.0,543.0,225.0,158.0,262.0,164.0,285.0,189.0,369.0,29.0,237.0,213.0,315.0,246.0,221.0,272.0,223.0,639.0,188.0,185.0,274.0,260.0,170.0,198.0,621.0,9.0,401.0,505.0,424.0,419.0,394.0,336.0,379.0,604.0,230.0,294.0,314.0,319.0,295.0,240.0,streamcluster
1171.0,183.0,512.0,798.0,731.0,911.0,608.0,580.0,510.0,865.0,556.0,554.0,539.0,638.0,639.0,784.0,231.0,8.0,119.0,135.0,161.0,155.0,131.0,167.0,206.0,338.0,115.0,140.0,158.0,172.0,174.0,181.0,388.0,13.0,322.0,654.0,378.0,394.0,390.0,562.0,361.0,812.0,375.0,345.0,459.0,436.0,397.0,418.0,485.0,23.0,734.0,242.0,429.0,447.0,285.0,408.0,329.0,776.0,296.0,323.0,410.0,585.0,318.0,322.0,591.0,20.0,448.0,505.0,447.0,510.0,500.0,441.0,503.0,1074.0,636.0,580.0,606.0,548.0,429.0,542.0,622.0,27.0,345.0,399.0,461.0,327.0,518.0,383.0,559.0,1026.0,347.0,333.0,331.0,481.0,358.0,425.0,487.0,14.0,288.0,235.0,319.0,497.0,146.0,202.0,359.0,857.0,274.0,199.0,239.0,338.0,208.0,321.0,348.0,24.0,343.0,369.0,306.0,375.0,381.0,177.0,215.0,697.0,275.0,536.0,202.0,211.0,213.0,251.0,292.0,21.0,278.0,271.0,281.0,330.0,376.0,243.0,187.0,744.0,190.0,237.0,344.0,336.0,330.0,339.0,422.0,26.0,393.0,490.0,506.0,363.0,437.0,444.0,595.0,249.0,389.0,377.0,403.0,425.0,326.0,322.0,311.0,17.0,268.0,309.0,503.0,330.0,416.0,367.0,378.0,729.0,262.0,347.0,379.0,302.0,294.0,303.0,271.0,21.0,215.0,260.0,414.0,284.0,265.0,507.0,266.0,613.0,436.0,228.0,236.0,222.0,232.0,248.0,313.0,33.0,378.0,394.0,503.0,329.0,291.0,402.0,392.0,709.0,389.0,310.0,231.0,295.0,283.0,245.0,298.0,17.0,280.0,543.0,294.0,287.0,222.0,193.0,204.0,642.0,188.0,175.0,255.0,142.0,298.0,211.0,327.0,33.0,257.0,259.0,268.0,199.0,277.0,186.0,259.0,600.0,208.0,214.0,351.0,255.0,163.0,218.0,610.0,17.0,342.0,505.0,438.0,381.0,404.0,289.0,414.0,636.0,292.0,305.0,328.0,265.0,373.0,213.0,streamcluster
1252.0,101.0,823.0,649.0,639.0,962.0,596.0,536.0,502.0,790.0,565.0,566.0,546.0,554.0,614.0,746.0,197.0,7.0,113.0,133.0,160.0,156.0,125.0,161.0,209.0,340.0,140.0,115.0,150.0,165.0,145.0,185.0,418.0,13.0,341.0,629.0,371.0,374.0,349.0,440.0,587.0,833.0,355.0,292.0,467.0,365.0,328.0,381.0,458.0,16.0,637.0,223.0,434.0,350.0,404.0,375.0,321.0,700.0,293.0,379.0,395.0,302.0,364.0,323.0,564.0,20.0,445.0,480.0,454.0,466.0,452.0,488.0,541.0,1130.0,495.0,578.0,529.0,477.0,503.0,494.0,609.0,29.0,316.0,317.0,530.0,360.0,590.0,394.0,541.0,999.0,320.0,328.0,350.0,440.0,362.0,420.0,379.0,13.0,264.0,239.0,311.0,550.0,163.0,218.0,334.0,886.0,229.0,177.0,255.0,301.0,223.0,312.0,300.0,11.0,320.0,315.0,267.0,355.0,235.0,142.0,186.0,689.0,211.0,441.0,203.0,218.0,204.0,180.0,497.0,16.0,315.0,235.0,283.0,353.0,404.0,227.0,188.0,595.0,246.0,190.0,257.0,250.0,328.0,293.0,381.0,21.0,412.0,374.0,523.0,325.0,394.0,396.0,367.0,241.0,367.0,357.0,323.0,338.0,364.0,275.0,293.0,28.0,303.0,276.0,387.0,351.0,351.0,305.0,391.0,722.0,231.0,252.0,351.0,281.0,354.0,238.0,292.0,16.0,235.0,256.0,307.0,250.0,240.0,577.0,201.0,601.0,262.0,199.0,183.0,208.0,229.0,278.0,327.0,33.0,327.0,336.0,403.0,282.0,342.0,287.0,298.0,653.0,366.0,291.0,236.0,283.0,292.0,243.0,315.0,16.0,244.0,288.0,266.0,246.0,168.0,208.0,178.0,547.0,224.0,196.0,255.0,152.0,225.0,222.0,285.0,30.0,317.0,263.0,262.0,232.0,235.0,202.0,231.0,625.0,240.0,184.0,273.0,256.0,166.0,209.0,502.0,16.0,360.0,483.0,428.0,395.0,411.0,309.0,350.0,596.0,274.0,312.0,292.0,259.0,387.0,251.0,streamcluster
1194.0,150.0,587.0,705.0,740.0,938.0,553.0,544.0,503.0,773.0,506.0,599.0,541.0,643.0,658.0,810.0,214.0,8.0,117.0,134.0,159.0,171.0,134.0,165.0,204.0,349.0,115.0,138.0,166.0,164.0,169.0,205.0,382.0,14.0,337.0,567.0,357.0,391.0,322.0,414.0,341.0,926.0,349.0,325.0,391.0,497.0,304.0,386.0,458.0,12.0,625.0,236.0,369.0,414.0,390.0,422.0,330.0,701.0,347.0,279.0,377.0,309.0,315.0,367.0,675.0,17.0,447.0,464.0,377.0,540.0,422.0,494.0,489.0,998.0,489.0,532.0,540.0,508.0,492.0,388.0,688.0,41.0,350.0,375.0,402.0,349.0,519.0,371.0,519.0,1095.0,323.0,372.0,354.0,475.0,330.0,429.0,500.0,12.0,222.0,217.0,282.0,485.0,147.0,181.0,299.0,843.0,230.0,257.0,178.0,326.0,234.0,333.0,284.0,11.0,324.0,360.0,221.0,270.0,379.0,142.0,201.0,708.0,198.0,378.0,235.0,216.0,198.0,196.0,361.0,9.0,326.0,215.0,257.0,352.0,313.0,250.0,168.0,541.0,194.0,162.0,241.0,260.0,365.0,243.0,356.0,25.0,466.0,437.0,440.0,465.0,356.0,417.0,328.0,243.0,293.0,323.0,404.0,321.0,369.0,304.0,284.0,8.0,283.0,267.0,383.0,318.0,350.0,342.0,304.0,631.0,216.0,277.0,436.0,250.0,330.0,316.0,247.0,13.0,220.0,259.0,294.0,282.0,231.0,433.0,237.0,559.0,313.0,227.0,219.0,236.0,227.0,213.0,317.0,39.0,399.0,308.0,440.0,313.0,256.0,345.0,306.0,685.0,376.0,234.0,215.0,295.0,253.0,252.0,304.0,16.0,247.0,283.0,269.0,259.0,208.0,288.0,175.0,545.0,161.0,187.0,247.0,148.0,212.0,194.0,302.0,38.0,243.0,210.0,292.0,227.0,196.0,200.0,215.0,613.0,260.0,200.0,246.0,228.0,181.0,264.0,651.0,13.0,390.0,401.0,390.0,423.0,410.0,357.0,328.0,610.0,225.0,351.0,331.0,265.0,298.0,223.0,streamcluster
1198.0,181.0,496.0,672.0,690.0,919.0,539.0,634.0,517.0,901.0,442.0,555.0,574.0,622.0,617.0,779.0,230.0,10.0,121.0,125.0,164.0,151.0,125.0,174.0,200.0,351.0,124.0,145.0,160.0,164.0,153.0,148.0,343.0,13.0,324.0,534.0,328.0,394.0,355.0,406.0,346.0,879.0,318.0,302.0,423.0,503.0,310.0,406.0,506.0,17.0,554.0,228.0,397.0,457.0,333.0,372.0,286.0,710.0,424.0,320.0,361.0,319.0,328.0,274.0,699.0,21.0,435.0,453.0,435.0,520.0,505.0,506.0,542.0,1072.0,490.0,577.0,660.0,479.0,431.0,429.0,596.0,29.0,394.0,347.0,393.0,372.0,590.0,344.0,601.0,1078.0,309.0,380.0,362.0,445.0,338.0,358.0,418.0,12.0,205.0,227.0,278.0,515.0,157.0,225.0,377.0,818.0,297.0,199.0,270.0,298.0,196.0,301.0,353.0,24.0,289.0,318.0,287.0,266.0,253.0,150.0,242.0,699.0,182.0,280.0,179.0,200.0,223.0,167.0,355.0,17.0,261.0,242.0,340.0,369.0,381.0,243.0,178.0,839.0,183.0,192.0,365.0,218.0,271.0,277.0,419.0,26.0,401.0,426.0,445.0,428.0,333.0,469.0,592.0,249.0,308.0,262.0,383.0,316.0,388.0,283.0,314.0,14.0,282.0,297.0,513.0,357.0,306.0,245.0,307.0,650.0,212.0,274.0,332.0,270.0,389.0,321.0,281.0,13.0,222.0,278.0,298.0,253.0,241.0,328.0,284.0,505.0,294.0,220.0,188.0,223.0,265.0,227.0,344.0,28.0,367.0,410.0,601.0,283.0,325.0,292.0,368.0,723.0,379.0,242.0,210.0,290.0,236.0,230.0,374.0,20.0,332.0,251.0,233.0,252.0,240.0,208.0,212.0,541.0,188.0,202.0,265.0,150.0,226.0,213.0,284.0,29.0,236.0,226.0,248.0,235.0,192.0,203.0,226.0,665.0,256.0,283.0,214.0,247.0,167.0,228.0,572.0,13.0,375.0,409.0,360.0,394.0,367.0,313.0,343.0,632.0,234.0,282.0,326.0,288.0,397.0,231.0,streamcluster
1045.0,170.0,570.0,661.0,779.0,895.0,527.0,591.0,527.0,757.0,484.0,578.0,511.0,583.0,579.0,839.0,203.0,7.0,111.0,112.0,127.0,139.0,100.0,139.0,196.0,199.0,103.0,116.0,134.0,142.0,141.0,138.0,357.0,12.0,379.0,434.0,446.0,395.0,345.0,362.0,317.0,816.0,361.0,323.0,438.0,353.0,311.0,442.0,378.0,12.0,389.0,208.0,363.0,399.0,335.0,306.0,318.0,657.0,362.0,341.0,287.0,430.0,353.0,314.0,687.0,13.0,537.0,472.0,489.0,495.0,392.0,546.0,453.0,1047.0,575.0,598.0,636.0,504.0,461.0,473.0,545.0,29.0,361.0,340.0,511.0,321.0,637.0,305.0,522.0,945.0,352.0,323.0,381.0,461.0,315.0,381.0,420.0,6.0,255.0,254.0,234.0,572.0,154.0,239.0,318.0,780.0,238.0,170.0,266.0,276.0,237.0,322.0,359.0,11.0,253.0,233.0,247.0,211.0,235.0,138.0,196.0,624.0,166.0,341.0,157.0,229.0,245.0,283.0,340.0,24.0,279.0,238.0,248.0,329.0,350.0,243.0,169.0,567.0,189.0,219.0,358.0,238.0,327.0,190.0,434.0,32.0,495.0,410.0,536.0,410.0,369.0,491.0,438.0,140.0,303.0,381.0,408.0,410.0,314.0,317.0,300.0,17.0,314.0,331.0,467.0,293.0,369.0,259.0,349.0,563.0,236.0,295.0,379.0,302.0,285.0,339.0,237.0,7.0,267.0,240.0,232.0,257.0,220.0,437.0,226.0,468.0,307.0,210.0,230.0,252.0,195.0,316.0,243.0,27.0,419.0,281.0,509.0,242.0,281.0,261.0,332.0,601.0,375.0,276.0,232.0,308.0,329.0,253.0,336.0,33.0,227.0,300.0,274.0,271.0,176.0,192.0,193.0,486.0,191.0,192.0,213.0,137.0,221.0,160.0,315.0,33.0,270.0,320.0,267.0,217.0,234.0,223.0,218.0,544.0,180.0,165.0,260.0,250.0,158.0,189.0,596.0,19.0,342.0,428.0,465.0,394.0,424.0,333.0,319.0,512.0,264.0,311.0,321.0,200.0,351.0,241.0,streamcluster
6033.0,2280.0,1941.0,2590.0,2917.0,3592.0,2623.0,2351.0,1552.0,1901.0,1699.0,1938.0,1783.0,2233.0,1902.0,3643.0,1391.0,940.0,950.0,1292.0,1568.0,1268.0,1029.0,1254.0,1096.0,1173.0,2438.0,1613.0,1211.0,1109.0,1041.0,1109.0,1504.0,1360.0,854.0,2855.0,1481.0,1340.0,1327.0,1932.0,1323.0,1443.0,1111.0,1071.0,1275.0,1311.0,1298.0,1319.0,1931.0,1528.0,2952.0,1115.0,2062.0,1648.0,1557.0,2076.0,1520.0,1737.0,1500.0,1634.0,1459.0,1585.0,1533.0,1354.0,2425.0,1794.0,1542.0,2109.0,2113.0,2144.0,1935.0,2005.0,1777.0,2122.0,2506.0,1996.0,3095.0,1844.0,1722.0,1819.0,2202.0,1479.0,1150.0,1442.0,1815.0,1040.0,2987.0,1663.0,1969.0,1661.0,1383.0,1173.0,1149.0,1334.0,1107.0,1345.0,2012.0,1052.0,1011.0,1228.0,1585.0,2929.0,658.0,1143.0,1607.0,1462.0,1061.0,1044.0,967.0,1104.0,869.0,1781.0,1763.0,1494.0,1910.0,2086.0,1503.0,1465.0,1406.0,1040.0,1155.0,2076.0,1369.0,2734.0,1288.0,1361.0,1299.0,1224.0,1365.0,1245.0,1284.0,1204.0,1438.0,1599.0,1848.0,1313.0,735.0,3018.0,1014.0,1079.0,1938.0,1068.0,1243.0,1196.0,1117.0,1131.0,964.0,1249.0,1374.0,934.0,1170.0,1794.0,2889.0,624.0,1018.0,1267.0,1728.0,1119.0,1193.0,898.0,1339.0,2703.0,1142.0,1324.0,2312.0,1214.0,1359.0,1296.0,1238.0,1612.0,867.0,1789.0,1641.0,1172.0,1204.0,1102.0,1237.0,1412.0,848.0,1025.0,1317.0,1066.0,1131.0,2671.0,949.0,1797.0,1858.0,919.0,887.0,1063.0,932.0,994.0,1298.0,1203.0,1300.0,1111.0,2756.0,1063.0,1144.0,1411.0,1904.0,2003.0,1758.0,1074.0,779.0,1302.0,1082.0,1175.0,1323.0,1359.0,1240.0,1259.0,1426.0,1008.0,916.0,1209.0,980.0,1234.0,899.0,984.0,1006.0,672.0,1050.0,1116.0,1327.0,1179.0,1298.0,1109.0,1560.0,1067.0,844.0,1185.0,1023.0,1239.0,958.0,1027.0,1255.0,1117.0,730.0,1022.0,3063.0,1323.0,1352.0,1608.0,1784.0,1315.0,1695.0,1609.0,1195.0,1409.0,1108.0,1290.0,1216.0,1155.0,1190.0,914.0,streamcluster
2081.0,650.0,1307.0,1725.0,1489.0,1580.0,1181.0,1232.0,1138.0,1022.0,1226.0,2589.0,1437.0,2415.0,1556.0,1439.0,456.0,8.0,269.0,507.0,361.0,308.0,216.0,298.0,289.0,309.0,324.0,1861.0,313.0,1179.0,328.0,290.0,788.0,29.0,448.0,883.0,636.0,538.0,470.0,413.0,512.0,496.0,568.0,1745.0,551.0,1700.0,598.0,556.0,726.0,38.0,517.0,650.0,586.0,571.0,414.0,418.0,459.0,413.0,562.0,1551.0,474.0,1579.0,636.0,429.0,840.0,25.0,635.0,986.0,558.0,648.0,608.0,629.0,633.0,538.0,841.0,1673.0,665.0,1729.0,766.0,594.0,744.0,28.0,606.0,829.0,707.0,412.0,482.0,501.0,587.0,489.0,554.0,1795.0,603.0,1705.0,628.0,542.0,598.0,23.0,477.0,815.0,490.0,442.0,333.0,440.0,471.0,414.0,595.0,1574.0,443.0,1671.0,525.0,466.0,656.0,14.0,432.0,639.0,475.0,389.0,405.0,282.0,446.0,326.0,516.0,1494.0,415.0,1473.0,539.0,405.0,638.0,19.0,464.0,687.0,544.0,419.0,393.0,441.0,370.0,365.0,468.0,1644.0,524.0,1442.0,502.0,455.0,470.0,16.0,411.0,579.0,420.0,347.0,305.0,294.0,388.0,286.0,401.0,1554.0,363.0,1366.0,383.0,351.0,629.0,23.0,612.0,805.0,572.0,472.0,435.0,509.0,489.0,527.0,479.0,1968.0,517.0,1555.0,590.0,405.0,442.0,49.0,327.0,513.0,410.0,361.0,271.0,345.0,378.0,374.0,434.0,1535.0,388.0,1274.0,524.0,286.0,744.0,29.0,543.0,867.0,634.0,604.0,587.0,489.0,663.0,430.0,616.0,1601.0,556.0,1676.0,662.0,591.0,885.0,40.0,463.0,861.0,648.0,470.0,506.0,456.0,488.0,419.0,494.0,1471.0,532.0,1200.0,573.0,548.0,827.0,36.0,597.0,960.0,725.0,691.0,628.0,551.0,617.0,458.0,640.0,1568.0,728.0,1610.0,580.0,576.0,809.0,25.0,660.0,895.0,689.0,608.0,693.0,536.0,609.0,504.0,578.0,1847.0,702.0,1560.0,649.0,524.0,streamcluster
9729.0,3051.0,3027.0,3863.0,4443.0,5235.0,3549.0,3400.0,2468.0,2537.0,2627.0,2829.0,2917.0,3177.0,2899.0,5284.0,2145.0,1556.0,1329.0,1767.0,2333.0,1955.0,1660.0,2376.0,1800.0,1604.0,4113.0,2696.0,1777.0,2065.0,1707.0,1894.0,2325.0,1812.0,1298.0,4590.0,2369.0,2095.0,1859.0,2938.0,1986.0,2003.0,1766.0,1872.0,2099.0,2173.0,1809.0,2048.0,2992.0,2166.0,4793.0,1699.0,3193.0,2645.0,2292.0,3125.0,2434.0,2432.0,2309.0,2364.0,2279.0,2325.0,2501.0,2079.0,3905.0,2625.0,2590.0,3344.0,3136.0,2927.0,2681.0,2890.0,3035.0,2766.0,3844.0,3355.0,5114.0,2926.0,2516.0,2846.0,3375.0,2251.0,1767.0,2182.0,2717.0,1524.0,4614.0,2158.0,3293.0,2084.0,1993.0,2106.0,1836.0,2115.0,1738.0,2201.0,3226.0,1935.0,1608.0,1811.0,2394.0,4760.0,1049.0,1851.0,2689.0,1951.0,1650.0,1502.0,1505.0,1954.0,1452.0,2773.0,2858.0,2293.0,3109.0,3198.0,2366.0,2339.0,2294.0,1736.0,1669.0,3151.0,2363.0,4391.0,1973.0,2259.0,1882.0,2014.0,2176.0,1986.0,1881.0,1956.0,2295.0,2840.0,3100.0,2012.0,1166.0,4457.0,1841.0,1568.0,2963.0,1661.0,2114.0,2002.0,1679.0,1824.0,1532.0,1843.0,1965.0,1376.0,1674.0,2723.0,4471.0,815.0,1354.0,2047.0,2519.0,1373.0,1936.0,1358.0,2129.0,4357.0,1872.0,2177.0,3561.0,1958.0,2111.0,1999.0,1827.0,2165.0,1419.0,2970.0,2964.0,1846.0,1907.0,1715.0,1859.0,2474.0,1481.0,1671.0,1986.0,1650.0,1658.0,4040.0,1458.0,2521.0,2999.0,1449.0,1490.0,1665.0,1543.0,1506.0,1978.0,1972.0,2086.0,1959.0,4484.0,1709.0,1767.0,2089.0,3004.0,2793.0,2802.0,1775.0,1297.0,1887.0,1798.0,1779.0,2069.0,1913.0,1820.0,2023.0,2121.0,1492.0,1622.0,1910.0,1494.0,1505.0,1617.0,1582.0,2139.0,984.0,1635.0,1614.0,2011.0,1889.0,2013.0,1893.0,2110.0,1584.0,1325.0,1950.0,1561.0,1812.0,1657.0,1906.0,1910.0,1936.0,1172.0,1638.0,4661.0,2073.0,2121.0,2470.0,2593.0,2161.0,2571.0,2080.0,1829.0,1875.0,1903.0,2118.0,1952.0,1691.0,1773.0,1338.0,streamcluster
7989.0,2594.0,2519.0,3113.0,3585.0,4529.0,3126.0,2769.0,2040.0,1930.0,2171.0,2344.0,2223.0,2587.0,2363.0,4772.0,1917.0,1215.0,1160.0,1460.0,1892.0,1534.0,1278.0,1802.0,1382.0,1235.0,3463.0,2244.0,1585.0,1516.0,1435.0,1402.0,1768.0,1532.0,1068.0,3953.0,2019.0,1647.0,1638.0,2555.0,1623.0,1554.0,1398.0,1564.0,1536.0,1781.0,1458.0,1613.0,2387.0,1755.0,4066.0,1326.0,2592.0,2150.0,1963.0,2654.0,2004.0,2098.0,2063.0,1902.0,1890.0,1974.0,2035.0,1810.0,3265.0,2195.0,2202.0,2761.0,2657.0,2559.0,2250.0,2379.0,2388.0,2457.0,3097.0,2924.0,4286.0,2306.0,2184.0,2150.0,3047.0,1713.0,1505.0,1715.0,2285.0,1322.0,3769.0,1874.0,2780.0,1826.0,1553.0,1758.0,1522.0,1717.0,1471.0,1742.0,2875.0,1434.0,1338.0,1538.0,1992.0,4054.0,813.0,1480.0,2255.0,1455.0,1342.0,1442.0,1194.0,1452.0,1288.0,2236.0,2190.0,1696.0,2658.0,2711.0,2058.0,1944.0,1753.0,1441.0,1478.0,2589.0,1941.0,3785.0,1620.0,1784.0,1581.0,1589.0,1839.0,1582.0,1550.0,1492.0,1884.0,2396.0,2323.0,1656.0,983.0,3571.0,1524.0,1481.0,2350.0,1492.0,1499.0,1665.0,1293.0,1353.0,1251.0,1385.0,1804.0,1265.0,1315.0,2210.0,3603.0,656.0,1022.0,1716.0,1976.0,1303.0,1549.0,1065.0,1691.0,3483.0,1470.0,1947.0,3053.0,1783.0,1659.0,1680.0,1611.0,1522.0,1103.0,2344.0,2253.0,1573.0,1488.0,1437.0,1513.0,1911.0,1160.0,1259.0,1828.0,1463.0,1442.0,3643.0,1229.0,2082.0,2428.0,1175.0,1237.0,1332.0,1291.0,1167.0,1668.0,1650.0,1568.0,1456.0,3877.0,1435.0,1432.0,1681.0,2480.0,2215.0,2254.0,1412.0,924.0,1524.0,1600.0,1198.0,1704.0,1709.0,1431.0,1594.0,1723.0,1227.0,1213.0,1399.0,1288.0,1267.0,1261.0,1227.0,1458.0,800.0,1331.0,1312.0,1596.0,1575.0,1801.0,1503.0,1825.0,1293.0,1267.0,1697.0,1356.0,1296.0,1290.0,1359.0,1323.0,1481.0,910.0,1233.0,4257.0,1581.0,1662.0,2055.0,2165.0,1724.0,2393.0,1780.0,1581.0,1459.0,1567.0,1729.0,1497.0,1355.0,1502.0,1045.0,streamcluster
5392.0,1946.0,1637.0,2306.0,2507.0,3376.0,2379.0,1876.0,1324.0,1536.0,1423.0,1638.0,1616.0,1682.0,1945.0,3461.0,1449.0,926.0,836.0,1145.0,1328.0,1036.0,1048.0,1310.0,905.0,869.0,2607.0,1608.0,1109.0,1175.0,964.0,967.0,1302.0,1091.0,741.0,2955.0,1437.0,1247.0,1159.0,1844.0,987.0,1177.0,1011.0,979.0,1327.0,1177.0,1159.0,1244.0,1742.0,1343.0,3033.0,948.0,1803.0,1574.0,1511.0,1811.0,1420.0,1433.0,1328.0,1402.0,1315.0,1319.0,1459.0,1329.0,2131.0,1476.0,1503.0,1847.0,1995.0,2034.0,1581.0,1418.0,1570.0,1670.0,2403.0,1823.0,3147.0,1504.0,1755.0,1620.0,2125.0,1263.0,1090.0,1335.0,1755.0,984.0,2694.0,1276.0,1922.0,1358.0,1236.0,1103.0,1134.0,1159.0,1230.0,1263.0,2074.0,1112.0,939.0,1088.0,1367.0,3045.0,700.0,987.0,1691.0,1064.0,992.0,906.0,899.0,894.0,957.0,1614.0,1478.0,1267.0,1961.0,1895.0,1387.0,1332.0,1364.0,916.0,943.0,1786.0,1294.0,2738.0,1164.0,1113.0,1219.0,1125.0,1260.0,1116.0,998.0,1096.0,1434.0,1725.0,1803.0,960.0,657.0,2841.0,1032.0,1044.0,1865.0,955.0,1163.0,1101.0,937.0,948.0,919.0,951.0,1131.0,958.0,973.0,1570.0,2900.0,491.0,809.0,1179.0,1585.0,891.0,1078.0,818.0,1191.0,2734.0,1030.0,1267.0,2313.0,1244.0,1355.0,1011.0,1033.0,1227.0,775.0,1619.0,1787.0,1040.0,1299.0,885.0,1048.0,1295.0,840.0,1001.0,1197.0,1092.0,987.0,2439.0,791.0,1530.0,1812.0,785.0,857.0,894.0,1042.0,807.0,1073.0,1196.0,1076.0,1154.0,2908.0,1031.0,1030.0,1223.0,1725.0,1663.0,1781.0,1000.0,732.0,1179.0,1103.0,951.0,1237.0,1173.0,1123.0,1071.0,1147.0,917.0,737.0,1180.0,889.0,921.0,935.0,840.0,1002.0,593.0,981.0,949.0,1164.0,1132.0,1137.0,1113.0,1409.0,1129.0,920.0,1140.0,977.0,1030.0,1050.0,1055.0,1065.0,1082.0,760.0,988.0,3099.0,1238.0,1170.0,1404.0,1655.0,1353.0,1653.0,1066.0,965.0,1309.0,970.0,1052.0,1259.0,872.0,1190.0,816.0,streamcluster
9401.0,3073.0,2849.0,4047.0,4288.0,5142.0,3730.0,3489.0,2330.0,2471.0,2605.0,2766.0,2821.0,3219.0,2714.0,5848.0,2205.0,1476.0,1416.0,1787.0,2443.0,1829.0,1680.0,2239.0,1641.0,1484.0,4407.0,2651.0,1816.0,1975.0,1771.0,1850.0,2329.0,1747.0,1226.0,5024.0,2389.0,2085.0,1929.0,3070.0,1910.0,1896.0,1932.0,1755.0,1938.0,2193.0,1750.0,1978.0,2925.0,2077.0,5102.0,1628.0,3058.0,2716.0,2320.0,3336.0,2472.0,2284.0,2326.0,2501.0,2268.0,2341.0,2385.0,1965.0,3626.0,2536.0,2645.0,3276.0,3174.0,2893.0,2738.0,3174.0,2787.0,2799.0,4000.0,3220.0,5315.0,2773.0,2586.0,2711.0,3363.0,2031.0,1666.0,2206.0,2807.0,1502.0,4704.0,2349.0,3292.0,2323.0,1931.0,2013.0,1837.0,2061.0,1741.0,2087.0,3265.0,1645.0,1532.0,1951.0,2516.0,4745.0,1051.0,1816.0,2686.0,1709.0,1817.0,1608.0,1487.0,1948.0,1371.0,2919.0,2701.0,2200.0,3093.0,3357.0,2317.0,2439.0,2307.0,1671.0,1698.0,3129.0,2372.0,4704.0,1871.0,2047.0,1864.0,1919.0,2116.0,1811.0,2036.0,1960.0,2219.0,2785.0,2939.0,1956.0,1191.0,4556.0,1740.0,1458.0,2967.0,1646.0,1950.0,1912.0,1582.0,1741.0,1452.0,1640.0,2002.0,1384.0,1655.0,2852.0,4350.0,784.0,1302.0,1908.0,2435.0,1413.0,1811.0,1329.0,1900.0,4526.0,1707.0,2131.0,3956.0,1963.0,2114.0,2189.0,1929.0,1999.0,1391.0,2897.0,2872.0,1942.0,1829.0,1742.0,1731.0,2313.0,1497.0,1652.0,2135.0,1771.0,1689.0,4526.0,1387.0,2493.0,3115.0,1351.0,1387.0,1565.0,1498.0,1427.0,1962.0,1782.0,1952.0,1926.0,4781.0,1647.0,1808.0,1718.0,2836.0,2749.0,2856.0,1750.0,1177.0,1919.0,1590.0,1831.0,2069.0,2165.0,1810.0,1791.0,2080.0,1425.0,1377.0,1820.0,1525.0,1521.0,1570.0,1470.0,1805.0,1021.0,1538.0,1641.0,1840.0,1859.0,1875.0,1768.0,2216.0,1611.0,1410.0,2062.0,1652.0,1534.0,1747.0,1684.0,1786.0,1819.0,1138.0,1570.0,4908.0,1946.0,2011.0,2411.0,2550.0,2092.0,2771.0,2283.0,1959.0,1685.0,1794.0,1902.0,2001.0,1732.0,1612.0,1374.0,streamcluster
9250.0,2821.0,2874.0,3611.0,4342.0,5631.0,3518.0,3341.0,2217.0,2551.0,2609.0,2537.0,2421.0,2894.0,2953.0,5550.0,2200.0,1469.0,1286.0,1665.0,2227.0,1810.0,1716.0,2085.0,1600.0,1503.0,4304.0,2652.0,1778.0,1974.0,1625.0,1971.0,2198.0,1722.0,1231.0,4851.0,2399.0,2058.0,1862.0,3234.0,1752.0,2189.0,1952.0,1753.0,1907.0,1914.0,1759.0,2148.0,2676.0,2033.0,4950.0,1556.0,3141.0,2594.0,2439.0,3191.0,2532.0,2295.0,2196.0,2341.0,2378.0,2493.0,2367.0,2054.0,3674.0,2514.0,2483.0,3154.0,3083.0,3338.0,2455.0,3127.0,2841.0,2900.0,4061.0,3191.0,4913.0,2631.0,2588.0,2852.0,3265.0,2029.0,1770.0,2145.0,2982.0,1602.0,4593.0,2394.0,3305.0,2318.0,1972.0,1921.0,1749.0,1920.0,1798.0,2307.0,3410.0,1758.0,1528.0,1740.0,2350.0,4846.0,1045.0,1839.0,2646.0,1758.0,1794.0,1731.0,1523.0,1720.0,1382.0,2734.0,2620.0,2067.0,3142.0,3300.0,2488.0,2291.0,2107.0,1657.0,1614.0,3156.0,2284.0,4908.0,2046.0,2096.0,1951.0,2082.0,2108.0,1872.0,1817.0,1889.0,2391.0,3007.0,2945.0,2074.0,1116.0,4815.0,1751.0,1579.0,2978.0,1629.0,1867.0,1814.0,1686.0,1677.0,1612.0,1751.0,1963.0,1416.0,1638.0,2842.0,4659.0,755.0,1318.0,2139.0,2473.0,1360.0,1674.0,1341.0,2036.0,4320.0,1731.0,2043.0,3801.0,2142.0,2167.0,2190.0,1837.0,2071.0,1337.0,2682.0,2760.0,1777.0,1951.0,1713.0,1773.0,2412.0,1477.0,1608.0,2187.0,1806.0,1685.0,4532.0,1372.0,2703.0,3097.0,1357.0,1339.0,1392.0,1536.0,1387.0,1900.0,1929.0,1929.0,1876.0,4599.0,1586.0,1692.0,1831.0,2861.0,2790.0,2764.0,1692.0,1164.0,1821.0,1907.0,1679.0,2012.0,1895.0,1940.0,2002.0,1954.0,1467.0,1538.0,1842.0,1453.0,1384.0,1564.0,1552.0,1659.0,932.0,1566.0,1726.0,1928.0,1770.0,1948.0,1695.0,2170.0,1746.0,1338.0,2038.0,1622.0,1606.0,1648.0,1733.0,1612.0,1896.0,1159.0,1535.0,4845.0,1932.0,1864.0,2291.0,2728.0,2307.0,2618.0,2320.0,1819.0,1904.0,1742.0,1895.0,1887.0,1610.0,1914.0,1379.0,streamcluster
9260.0,3059.0,3025.0,3750.0,4061.0,5275.0,3695.0,3279.0,2528.0,2406.0,2540.0,2739.0,2780.0,3135.0,2821.0,5973.0,2344.0,1467.0,1469.0,1647.0,2459.0,1753.0,1692.0,2022.0,1609.0,1586.0,4197.0,2660.0,1865.0,2088.0,1693.0,1726.0,2113.0,1878.0,1332.0,4868.0,2342.0,2211.0,1831.0,3225.0,1909.0,1956.0,1919.0,1748.0,1930.0,2107.0,1735.0,1935.0,2665.0,2099.0,4928.0,1610.0,3132.0,2593.0,2255.0,3206.0,2393.0,2421.0,2195.0,2268.0,2342.0,2386.0,2414.0,2102.0,3597.0,2621.0,2634.0,3389.0,3095.0,3110.0,2707.0,2812.0,2825.0,2807.0,3864.0,3473.0,5416.0,2735.0,2542.0,2690.0,3479.0,2045.0,1902.0,2164.0,2760.0,1585.0,4667.0,2357.0,3398.0,2135.0,1907.0,1967.0,1854.0,2148.0,1720.0,2171.0,3319.0,1601.0,1584.0,1786.0,2421.0,5101.0,1014.0,1822.0,2673.0,1819.0,1663.0,1641.0,1461.0,1835.0,1371.0,2902.0,2665.0,2290.0,3086.0,3274.0,2365.0,2272.0,2158.0,1625.0,1704.0,3062.0,2280.0,4877.0,2080.0,2018.0,1874.0,2097.0,2104.0,1751.0,1744.0,1858.0,2222.0,3054.0,2837.0,2010.0,1219.0,4755.0,1777.0,1590.0,3127.0,1711.0,1999.0,1764.0,1586.0,1652.0,1463.0,1726.0,2020.0,1416.0,1613.0,2827.0,4698.0,792.0,1321.0,2125.0,2501.0,1407.0,1777.0,1327.0,1946.0,4356.0,1854.0,2136.0,3721.0,1933.0,2112.0,2031.0,1898.0,1965.0,1314.0,2661.0,2832.0,1846.0,1790.0,1618.0,1691.0,2197.0,1513.0,1552.0,2031.0,1702.0,1707.0,4463.0,1618.0,2576.0,3163.0,1369.0,1500.0,1568.0,1518.0,1551.0,1888.0,1920.0,1943.0,1907.0,4972.0,1750.0,1739.0,2009.0,3006.0,2795.0,2851.0,1713.0,1210.0,1976.0,1665.0,1770.0,2033.0,2030.0,1955.0,1866.0,2030.0,1579.0,1394.0,1803.0,1694.0,1408.0,1475.0,1457.0,1802.0,996.0,1550.0,1666.0,1798.0,1920.0,1920.0,1839.0,2173.0,1682.0,1382.0,1900.0,1568.0,1542.0,1695.0,1676.0,1702.0,1884.0,1142.0,1586.0,5249.0,1816.0,1863.0,2520.0,2540.0,2117.0,2768.0,2170.0,1928.0,1825.0,1700.0,2125.0,2071.0,1685.0,1755.0,1375.0,streamcluster
9489.0,2960.0,2836.0,3753.0,4529.0,5690.0,3590.0,3398.0,2515.0,2458.0,2634.0,2737.0,2639.0,2898.0,2888.0,5858.0,2240.0,1464.0,1313.0,1710.0,2313.0,1851.0,1590.0,2143.0,1738.0,1535.0,4182.0,2539.0,1690.0,1940.0,1582.0,1981.0,2109.0,1802.0,1257.0,4864.0,2368.0,2160.0,1887.0,3178.0,2045.0,1954.0,1961.0,1807.0,1973.0,1912.0,1874.0,2094.0,2824.0,2229.0,5068.0,1620.0,3181.0,2585.0,2339.0,3327.0,2343.0,2525.0,2362.0,2188.0,2264.0,2291.0,2227.0,2115.0,4009.0,2531.0,2640.0,3214.0,3276.0,3394.0,2687.0,2909.0,2925.0,2670.0,3968.0,3169.0,5007.0,2587.0,2578.0,2879.0,3479.0,2078.0,1889.0,2361.0,2958.0,1683.0,4602.0,2324.0,3452.0,2209.0,1884.0,2006.0,1703.0,2040.0,1681.0,2292.0,3286.0,1829.0,1645.0,1792.0,2404.0,5068.0,1039.0,1554.0,2817.0,1721.0,1633.0,1756.0,1448.0,1569.0,1368.0,2766.0,2629.0,2180.0,3122.0,3464.0,2377.0,2133.0,2015.0,1547.0,1599.0,3140.0,2211.0,4866.0,1769.0,2251.0,1952.0,1932.0,2169.0,1898.0,1974.0,1789.0,2351.0,2889.0,2990.0,1905.0,1284.0,4672.0,1757.0,1557.0,2995.0,1548.0,1947.0,1887.0,1641.0,1577.0,1431.0,1793.0,1960.0,1592.0,1757.0,2867.0,4572.0,733.0,1301.0,1933.0,2511.0,1436.0,1721.0,1299.0,2126.0,4245.0,1776.0,2115.0,3752.0,2060.0,2085.0,2140.0,2011.0,2087.0,1333.0,2724.0,2741.0,1620.0,2026.0,1666.0,1877.0,2202.0,1323.0,1482.0,2336.0,1869.0,1864.0,4499.0,1473.0,2679.0,2916.0,1364.0,1241.0,1498.0,1414.0,1528.0,1899.0,1774.0,1883.0,1758.0,4613.0,1666.0,1819.0,1803.0,3049.0,2789.0,2830.0,1702.0,1154.0,1897.0,1614.0,1811.0,2044.0,2045.0,1792.0,1841.0,1972.0,1456.0,1436.0,1794.0,1573.0,1424.0,1526.0,1495.0,1797.0,894.0,1695.0,1718.0,2099.0,1613.0,2036.0,1750.0,2170.0,1658.0,1213.0,1899.0,1693.0,1524.0,1740.0,1697.0,1758.0,1691.0,1136.0,1679.0,5006.0,1940.0,1962.0,2401.0,2830.0,2407.0,2645.0,2292.0,1955.0,1834.0,1735.0,1919.0,1823.0,1638.0,1740.0,1376.0,streamcluster
9453.0,2686.0,2643.0,3948.0,4228.0,5326.0,3852.0,3340.0,2285.0,2382.0,2773.0,2651.0,2808.0,3211.0,2700.0,5795.0,2170.0,1528.0,1286.0,1675.0,2322.0,1899.0,1597.0,2258.0,1582.0,1597.0,4155.0,2637.0,1733.0,2143.0,1554.0,1979.0,2111.0,1916.0,1211.0,4951.0,2378.0,2104.0,1941.0,3222.0,1796.0,2077.0,1900.0,1752.0,2016.0,2071.0,1791.0,1984.0,2805.0,2268.0,4974.0,1689.0,3125.0,2839.0,2403.0,3368.0,2500.0,2218.0,2376.0,2337.0,2543.0,2306.0,2465.0,2028.0,3639.0,2536.0,2588.0,3431.0,3132.0,3110.0,2841.0,3073.0,2846.0,2794.0,4020.0,3086.0,5232.0,2775.0,2532.0,2908.0,3348.0,2091.0,1894.0,2305.0,2876.0,1568.0,4774.0,2454.0,3355.0,2197.0,1944.0,1825.0,1709.0,1977.0,1760.0,2098.0,3252.0,1752.0,1613.0,1936.0,2518.0,5189.0,1070.0,1878.0,2765.0,1810.0,1693.0,1634.0,1389.0,1830.0,1402.0,2651.0,2683.0,2092.0,3165.0,3399.0,2498.0,2362.0,2271.0,1712.0,1673.0,3088.0,2292.0,4762.0,2003.0,2072.0,1826.0,1896.0,2009.0,1941.0,1774.0,2123.0,2406.0,2986.0,3041.0,1950.0,1147.0,4632.0,1770.0,1647.0,2855.0,1681.0,2010.0,1985.0,1490.0,1599.0,1489.0,1566.0,1942.0,1462.0,1609.0,2954.0,4527.0,765.0,1336.0,1954.0,2610.0,1527.0,1604.0,1312.0,2152.0,4246.0,1634.0,2175.0,3750.0,2093.0,2168.0,2257.0,1775.0,2068.0,1388.0,2875.0,2699.0,1776.0,1773.0,1749.0,1737.0,2286.0,1448.0,1638.0,1903.0,1814.0,1779.0,4518.0,1589.0,2602.0,3217.0,1360.0,1281.0,1541.0,1381.0,1407.0,2012.0,1987.0,1881.0,1928.0,4766.0,1623.0,1729.0,1781.0,2871.0,2743.0,2847.0,1706.0,1183.0,1895.0,1638.0,1633.0,2013.0,2015.0,1819.0,1923.0,2050.0,1399.0,1393.0,1981.0,1610.0,1418.0,1472.0,1511.0,1768.0,1012.0,1682.0,1703.0,1914.0,1704.0,2011.0,1867.0,2203.0,1580.0,1421.0,1875.0,1615.0,1572.0,1714.0,1752.0,1505.0,1946.0,1133.0,1651.0,4978.0,1822.0,1965.0,2588.0,2556.0,2149.0,2714.0,2183.0,1889.0,1751.0,1916.0,1840.0,1877.0,1619.0,1821.0,1386.0,streamcluster
8928.0,2826.0,2920.0,3531.0,4318.0,5410.0,3605.0,3484.0,2214.0,2458.0,2684.0,2621.0,2257.0,2871.0,2938.0,5631.0,2046.0,1490.0,1326.0,1705.0,2348.0,1974.0,1611.0,2135.0,1688.0,1498.0,4182.0,2606.0,1705.0,1993.0,1583.0,1855.0,2162.0,1728.0,1254.0,4758.0,2332.0,2075.0,1959.0,3158.0,1752.0,2087.0,1828.0,1762.0,2047.0,1901.0,1739.0,2033.0,2781.0,2053.0,4946.0,1651.0,3184.0,2617.0,2345.0,3271.0,2385.0,2316.0,2301.0,2298.0,2211.0,2263.0,2410.0,2046.0,3696.0,2499.0,2644.0,3223.0,3390.0,3113.0,2868.0,3097.0,2837.0,2963.0,4098.0,3296.0,4606.0,2544.0,2849.0,2830.0,3439.0,2060.0,1683.0,2259.0,2761.0,1479.0,4373.0,2316.0,3092.0,2215.0,2039.0,1932.0,1582.0,2003.0,1714.0,2087.0,3248.0,1644.0,1588.0,1684.0,2518.0,4482.0,1071.0,1982.0,2654.0,1919.0,1753.0,1591.0,1431.0,1758.0,1531.0,2785.0,2786.0,2025.0,3282.0,3278.0,2450.0,2369.0,2148.0,1722.0,1718.0,3099.0,2239.0,4634.0,1855.0,1996.0,2020.0,2045.0,1830.0,1919.0,1883.0,1787.0,2375.0,2731.0,2976.0,1915.0,1168.0,4519.0,1703.0,1746.0,2896.0,1817.0,1914.0,1878.0,1565.0,1696.0,1477.0,1802.0,2062.0,1488.0,1705.0,2919.0,4431.0,758.0,1239.0,1941.0,2386.0,1548.0,1583.0,1404.0,2028.0,4434.0,1700.0,1927.0,3909.0,2042.0,2336.0,2022.0,1827.0,1942.0,1363.0,2890.0,2694.0,1767.0,1958.0,1694.0,1492.0,2364.0,1394.0,1611.0,2303.0,1774.0,1779.0,4276.0,1530.0,2530.0,3144.0,1359.0,1409.0,1507.0,1547.0,1360.0,1893.0,1978.0,2039.0,1685.0,4308.0,1588.0,1608.0,1934.0,2836.0,2731.0,2871.0,1755.0,1110.0,1732.0,1775.0,1660.0,1903.0,2013.0,1693.0,1891.0,2007.0,1488.0,1495.0,1897.0,1439.0,1563.0,1460.0,1476.0,1584.0,965.0,1542.0,1705.0,1832.0,1761.0,1989.0,1830.0,2208.0,1638.0,1400.0,1889.0,1704.0,1520.0,1597.0,1633.0,1571.0,1843.0,1168.0,1663.0,4708.0,1839.0,1906.0,2322.0,2719.0,2197.0,2750.0,2173.0,1751.0,2045.0,1782.0,1895.0,1708.0,1564.0,1938.0,1309.0,streamcluster
9375.0,3053.0,2826.0,3677.0,4310.0,5546.0,3590.0,3634.0,2286.0,2376.0,2528.0,2728.0,2834.0,3381.0,2890.0,5681.0,2149.0,1512.0,1407.0,1696.0,2231.0,1825.0,1759.0,2062.0,1826.0,1500.0,4208.0,2560.0,1732.0,2023.0,1655.0,1865.0,2228.0,2089.0,1213.0,4728.0,2244.0,2045.0,1857.0,3103.0,1876.0,2030.0,1778.0,1852.0,1969.0,2020.0,1768.0,2062.0,2703.0,2208.0,5010.0,1583.0,3105.0,2737.0,2252.0,3172.0,2324.0,2361.0,2198.0,2466.0,2308.0,2275.0,2424.0,2217.0,3724.0,2573.0,2313.0,3224.0,3092.0,3267.0,2624.0,3086.0,2661.0,2708.0,3991.0,3051.0,5441.0,2774.0,2705.0,2771.0,3488.0,2054.0,1621.0,2327.0,2807.0,1602.0,4562.0,2291.0,3246.0,2213.0,2143.0,2045.0,1870.0,2058.0,1891.0,2078.0,3168.0,1702.0,1626.0,1823.0,2157.0,4927.0,1065.0,1891.0,2667.0,1572.0,1623.0,1460.0,1498.0,1798.0,1422.0,2886.0,2794.0,2136.0,3075.0,3294.0,2470.0,2219.0,2000.0,1785.0,1743.0,3040.0,2350.0,4990.0,1883.0,2093.0,1979.0,2005.0,2048.0,2119.0,1852.0,1827.0,2288.0,2773.0,2998.0,2096.0,1149.0,4708.0,1723.0,1480.0,2946.0,1837.0,1989.0,1877.0,1591.0,1662.0,1498.0,1691.0,1934.0,1398.0,1578.0,2822.0,4934.0,755.0,1356.0,2091.0,2589.0,1471.0,1603.0,1356.0,2038.0,4345.0,1536.0,2043.0,3997.0,2040.0,2118.0,2079.0,1674.0,2215.0,1352.0,2616.0,2913.0,1874.0,2068.0,1741.0,1731.0,2284.0,1361.0,1548.0,2138.0,1814.0,1679.0,4723.0,1477.0,2743.0,2893.0,1284.0,1533.0,1562.0,1505.0,1336.0,2070.0,1918.0,1809.0,1884.0,5099.0,1691.0,1736.0,1872.0,2921.0,2758.0,2913.0,1705.0,1207.0,1936.0,1783.0,1573.0,2107.0,1941.0,1824.0,1798.0,2009.0,1435.0,1614.0,1814.0,1557.0,1417.0,1596.0,1442.0,1846.0,1010.0,1697.0,1628.0,1861.0,1941.0,1821.0,1754.0,2141.0,1684.0,1548.0,1981.0,1516.0,1569.0,1687.0,1622.0,1817.0,1741.0,1160.0,1665.0,4965.0,1949.0,2077.0,2272.0,2640.0,2090.0,2879.0,2320.0,1848.0,1776.0,1817.0,1768.0,1920.0,1884.0,1818.0,1319.0,streamcluster
2059.0,204.0,1252.0,2068.0,1138.0,1478.0,1038.0,1045.0,1042.0,1074.0,981.0,142.0,1232.0,2231.0,1212.0,1262.0,468.0,14.0,394.0,892.0,485.0,452.0,400.0,490.0,417.0,553.0,442.0,55.0,538.0,1169.0,509.0,578.0,865.0,18.0,728.0,1500.0,774.0,855.0,737.0,634.0,741.0,774.0,726.0,59.0,853.0,1997.0,880.0,864.0,1054.0,72.0,896.0,1190.0,769.0,854.0,719.0,665.0,767.0,727.0,785.0,108.0,733.0,1827.0,852.0,787.0,1108.0,21.0,851.0,1790.0,750.0,766.0,890.0,912.0,947.0,783.0,857.0,78.0,794.0,2043.0,890.0,884.0,999.0,40.0,819.0,1475.0,770.0,665.0,824.0,908.0,1053.0,899.0,786.0,69.0,795.0,1904.0,746.0,871.0,772.0,24.0,762.0,1364.0,681.0,690.0,655.0,791.0,696.0,583.0,652.0,54.0,723.0,1839.0,655.0,845.0,669.0,18.0,631.0,1089.0,571.0,527.0,741.0,431.0,547.0,406.0,536.0,65.0,624.0,1383.0,575.0,821.0,785.0,25.0,781.0,1237.0,637.0,668.0,734.0,619.0,566.0,536.0,538.0,68.0,855.0,1405.0,792.0,637.0,617.0,13.0,698.0,1052.0,525.0,588.0,577.0,565.0,539.0,450.0,517.0,64.0,515.0,1218.0,500.0,320.0,728.0,12.0,752.0,1390.0,774.0,701.0,743.0,765.0,654.0,636.0,631.0,66.0,742.0,1647.0,878.0,562.0,408.0,12.0,519.0,914.0,448.0,576.0,525.0,529.0,566.0,486.0,534.0,43.0,461.0,1091.0,641.0,407.0,733.0,32.0,662.0,1465.0,717.0,712.0,908.0,674.0,762.0,549.0,714.0,74.0,622.0,1801.0,796.0,666.0,1033.0,54.0,758.0,1723.0,936.0,758.0,1049.0,857.0,722.0,762.0,825.0,95.0,812.0,1167.0,738.0,932.0,772.0,31.0,661.0,1510.0,652.0,694.0,684.0,589.0,590.0,588.0,531.0,70.0,677.0,1688.0,526.0,684.0,805.0,14.0,711.0,1512.0,833.0,862.0,877.0,734.0,780.0,799.0,607.0,81.0,640.0,1585.0,604.0,700.0,streamcluster
9753.0,2893.0,2856.0,3592.0,4187.0,5279.0,3818.0,3186.0,2524.0,2375.0,2609.0,2754.0,2499.0,3190.0,2925.0,5122.0,2328.0,1445.0,1285.0,1754.0,2160.0,1820.0,1718.0,2076.0,1655.0,1552.0,4071.0,2703.0,1648.0,1964.0,1591.0,1725.0,2200.0,1643.0,1178.0,4530.0,2288.0,2158.0,1948.0,2940.0,1722.0,1880.0,1751.0,1749.0,2084.0,2102.0,1920.0,1842.0,2719.0,2117.0,4732.0,1580.0,3200.0,2588.0,2313.0,3169.0,2445.0,2373.0,2439.0,2319.0,2269.0,2386.0,2288.0,2151.0,3527.0,2364.0,2514.0,3340.0,2993.0,3082.0,2962.0,2741.0,2839.0,2746.0,3834.0,3267.0,4958.0,2755.0,2677.0,2501.0,3287.0,1876.0,1790.0,2210.0,2784.0,1423.0,4468.0,2206.0,3159.0,2152.0,1764.0,2002.0,1760.0,2042.0,1794.0,2080.0,3085.0,1784.0,1658.0,1714.0,2363.0,4453.0,1080.0,1748.0,2677.0,1697.0,1792.0,1639.0,1409.0,1874.0,1483.0,2393.0,2400.0,2135.0,2968.0,3319.0,2235.0,2220.0,2082.0,1618.0,1718.0,3042.0,2562.0,4749.0,1833.0,2133.0,1882.0,1830.0,2033.0,1904.0,1787.0,1799.0,2210.0,2620.0,3077.0,1921.0,1215.0,4443.0,1614.0,1615.0,2838.0,1776.0,1930.0,1754.0,1582.0,1568.0,1447.0,1678.0,1975.0,1421.0,1666.0,2839.0,4406.0,769.0,1427.0,2051.0,2401.0,1635.0,1660.0,1333.0,1994.0,4203.0,1582.0,2107.0,3665.0,1981.0,2250.0,2127.0,1723.0,1921.0,1302.0,2928.0,2734.0,1904.0,1946.0,1657.0,1853.0,2252.0,1365.0,1607.0,1991.0,1732.0,1773.0,4328.0,1371.0,2606.0,2964.0,1369.0,1384.0,1587.0,1488.0,1312.0,1857.0,1815.0,1827.0,1776.0,4535.0,1635.0,1764.0,1870.0,2982.0,2585.0,2677.0,1762.0,1134.0,1784.0,1876.0,1577.0,2084.0,1963.0,2006.0,1794.0,2004.0,1414.0,1484.0,1751.0,1447.0,1480.0,1510.0,1415.0,1524.0,1011.0,1618.0,1612.0,1885.0,1558.0,1873.0,1826.0,2131.0,1510.0,1495.0,1949.0,1449.0,1704.0,1683.0,1687.0,1779.0,1859.0,1125.0,1535.0,4611.0,1935.0,1915.0,2151.0,2516.0,1978.0,2482.0,2005.0,1982.0,1649.0,1738.0,1952.0,1755.0,1733.0,1665.0,1145.0,streamcluster
9242.0,2872.0,2843.0,3667.0,4228.0,5670.0,3802.0,3468.0,2434.0,2428.0,2506.0,2723.0,2740.0,2860.0,2957.0,5956.0,2422.0,1474.0,1402.0,1754.0,2252.0,1848.0,1600.0,2123.0,1835.0,1535.0,4197.0,2800.0,1733.0,1910.0,1560.0,1877.0,2144.0,1826.0,1267.0,5163.0,2382.0,2068.0,1948.0,3292.0,1945.0,1866.0,1744.0,1781.0,2088.0,1882.0,1814.0,2016.0,2757.0,2186.0,5444.0,1610.0,3315.0,2743.0,2402.0,3294.0,2556.0,2407.0,2284.0,2173.0,2374.0,2240.0,2349.0,2143.0,3873.0,2573.0,2576.0,3422.0,3270.0,3128.0,2790.0,3032.0,2865.0,2764.0,4049.0,3130.0,5186.0,2562.0,2614.0,2717.0,3649.0,2039.0,1831.0,2329.0,2766.0,1571.0,4798.0,2260.0,3420.0,2115.0,1935.0,1941.0,1692.0,2017.0,1805.0,1953.0,3600.0,1854.0,1596.0,1849.0,2450.0,4988.0,1109.0,1856.0,2854.0,1754.0,1656.0,1692.0,1541.0,1655.0,1519.0,2986.0,2681.0,2063.0,3289.0,3401.0,2504.0,2255.0,2293.0,1766.0,1821.0,3175.0,2460.0,4913.0,1799.0,1938.0,1911.0,1982.0,2182.0,2121.0,1742.0,1897.0,2470.0,2917.0,3181.0,2076.0,1222.0,4675.0,1652.0,1535.0,3010.0,1704.0,2057.0,1869.0,1609.0,1656.0,1411.0,1701.0,2014.0,1395.0,1700.0,2910.0,4512.0,790.0,1363.0,1916.0,2595.0,1417.0,1782.0,1408.0,2096.0,4332.0,1833.0,2099.0,3987.0,2153.0,2105.0,2182.0,1853.0,2037.0,1313.0,2799.0,2852.0,1814.0,1999.0,1517.0,1888.0,2282.0,1483.0,1574.0,1983.0,1689.0,1731.0,4542.0,1281.0,2617.0,3081.0,1361.0,1710.0,1616.0,1501.0,1458.0,2087.0,1836.0,1769.0,1858.0,4792.0,1740.0,1789.0,1925.0,2867.0,2727.0,2927.0,1992.0,1237.0,1956.0,1684.0,1672.0,1927.0,2141.0,2119.0,1783.0,1954.0,1466.0,1522.0,1929.0,1595.0,1313.0,1619.0,1444.0,1772.0,976.0,1628.0,1633.0,1968.0,1678.0,1997.0,1911.0,2228.0,1644.0,1431.0,2057.0,1799.0,1481.0,1639.0,1676.0,1710.0,1757.0,1176.0,1617.0,5209.0,1860.0,2039.0,2428.0,2667.0,2195.0,2862.0,2174.0,1833.0,1775.0,1592.0,1995.0,1895.0,1860.0,1992.0,1276.0,streamcluster
9273.0,2889.0,3033.0,3615.0,4213.0,5369.0,3860.0,3725.0,2473.0,2213.0,2591.0,2710.0,2972.0,3048.0,2977.0,5915.0,2297.0,1532.0,1419.0,1717.0,2432.0,1953.0,1706.0,2144.0,1773.0,1398.0,4669.0,2932.0,1818.0,2057.0,1821.0,1991.0,2320.0,2055.0,1381.0,5104.0,2310.0,2184.0,1984.0,3376.0,1833.0,1988.0,1895.0,1778.0,2240.0,2109.0,1820.0,2060.0,2811.0,2087.0,5269.0,1645.0,3272.0,2641.0,2288.0,3501.0,2627.0,2412.0,2335.0,2297.0,2447.0,2398.0,2360.0,2191.0,3477.0,2614.0,2514.0,3359.0,3150.0,3200.0,2730.0,3047.0,2835.0,2780.0,4063.0,3362.0,5308.0,2979.0,2809.0,2575.0,3408.0,2141.0,1786.0,2348.0,2841.0,1572.0,4673.0,2353.0,3527.0,2134.0,1998.0,2044.0,1831.0,2197.0,1697.0,2064.0,3427.0,1655.0,1661.0,1777.0,2420.0,4885.0,1055.0,1779.0,2773.0,1675.0,1848.0,1647.0,1684.0,1874.0,1523.0,2883.0,2707.0,2191.0,3404.0,3577.0,2521.0,2268.0,1920.0,1784.0,1778.0,3113.0,2527.0,5128.0,2130.0,2217.0,2114.0,2036.0,2015.0,2019.0,1821.0,1958.0,2327.0,2902.0,3043.0,2224.0,1232.0,4926.0,1809.0,1675.0,3210.0,1719.0,1845.0,1852.0,1554.0,1624.0,1695.0,1761.0,1971.0,1467.0,1665.0,2904.0,4862.0,799.0,1412.0,2139.0,2672.0,1555.0,1876.0,1414.0,1986.0,4774.0,1774.0,2076.0,3684.0,2033.0,2027.0,2208.0,1941.0,2242.0,1402.0,3124.0,2972.0,1905.0,2039.0,1790.0,1670.0,2673.0,1485.0,1562.0,2168.0,1703.0,1819.0,4754.0,1561.0,2629.0,3400.0,1429.0,1501.0,1577.0,1505.0,1345.0,2087.0,1830.0,1900.0,1839.0,4748.0,1715.0,2003.0,2085.0,3079.0,2797.0,3078.0,1843.0,1287.0,1952.0,1814.0,1572.0,2139.0,2029.0,1969.0,1984.0,2195.0,1666.0,1617.0,1960.0,1535.0,1508.0,1723.0,1525.0,1602.0,1038.0,1608.0,1642.0,2001.0,1812.0,2037.0,1792.0,2261.0,1599.0,1391.0,2130.0,1629.0,1608.0,1806.0,1782.0,2023.0,1891.0,1214.0,1617.0,5200.0,1980.0,2130.0,2449.0,2525.0,2205.0,2755.0,2293.0,1891.0,1849.0,1807.0,1981.0,2076.0,1679.0,1886.0,1279.0,streamcluster
9612.0,2694.0,2863.0,3941.0,4292.0,5389.0,3706.0,3419.0,2388.0,2310.0,2561.0,2822.0,2670.0,3262.0,2813.0,5803.0,2114.0,1477.0,1346.0,1645.0,2328.0,1742.0,1709.0,2245.0,1735.0,1535.0,4287.0,2708.0,1829.0,1988.0,1625.0,1691.0,2163.0,1865.0,1295.0,4958.0,2376.0,2090.0,1806.0,3101.0,1907.0,1927.0,1791.0,1766.0,2289.0,1921.0,1697.0,2111.0,2703.0,2104.0,5009.0,1655.0,3207.0,2625.0,2386.0,3240.0,2359.0,2469.0,2258.0,2260.0,2296.0,2343.0,2316.0,2215.0,4026.0,2427.0,2644.0,3274.0,3064.0,3225.0,2618.0,2844.0,2954.0,2834.0,3835.0,3365.0,5096.0,2761.0,2660.0,2633.0,3449.0,1884.0,1849.0,2184.0,2765.0,1524.0,4764.0,2479.0,3431.0,2254.0,2044.0,1845.0,1788.0,2102.0,1778.0,2058.0,3335.0,1591.0,1555.0,1813.0,2291.0,5011.0,1014.0,1867.0,2729.0,1594.0,1716.0,1556.0,1551.0,1865.0,1476.0,2864.0,2885.0,2154.0,2979.0,3386.0,2380.0,2341.0,1966.0,1638.0,1678.0,3172.0,2324.0,5022.0,1895.0,2104.0,1871.0,1963.0,2154.0,1798.0,1809.0,1798.0,2343.0,3044.0,3010.0,1921.0,1198.0,4581.0,1605.0,1662.0,2924.0,1881.0,2013.0,1931.0,1532.0,1583.0,1523.0,1675.0,2061.0,1452.0,1616.0,2801.0,4608.0,767.0,1372.0,2009.0,2477.0,1481.0,1585.0,1429.0,2188.0,4400.0,1779.0,2161.0,3703.0,2078.0,2130.0,2074.0,2040.0,1901.0,1295.0,2933.0,2699.0,1791.0,1924.0,1537.0,1877.0,2215.0,1370.0,1576.0,2094.0,1752.0,1692.0,4558.0,1434.0,2591.0,3176.0,1425.0,1501.0,1607.0,1429.0,1346.0,1964.0,1737.0,2189.0,1748.0,4663.0,1672.0,1646.0,1812.0,2861.0,2783.0,2748.0,1706.0,1163.0,1919.0,1925.0,1730.0,2023.0,1797.0,1947.0,1955.0,1941.0,1426.0,1461.0,1810.0,1455.0,1433.0,1490.0,1503.0,1850.0,1004.0,1525.0,1688.0,1934.0,1888.0,2040.0,1845.0,2206.0,1583.0,1288.0,2045.0,1727.0,1484.0,1638.0,1689.0,1888.0,1580.0,1139.0,1674.0,5015.0,1801.0,2055.0,2577.0,2457.0,2149.0,2754.0,2247.0,1974.0,1815.0,1701.0,2080.0,1945.0,1771.0,1621.0,1296.0,streamcluster
8029.0,2300.0,2561.0,3117.0,3362.0,4086.0,2667.0,2929.0,1839.0,1872.0,2047.0,2190.0,2197.0,2542.0,2253.0,4452.0,1694.0,1124.0,1065.0,1421.0,1786.0,1427.0,1431.0,1782.0,1296.0,1217.0,3116.0,1962.0,1373.0,1500.0,1332.0,1385.0,1846.0,1439.0,1009.0,3442.0,1883.0,1525.0,1349.0,2379.0,1410.0,1464.0,1406.0,1376.0,1624.0,1553.0,1492.0,1562.0,2160.0,1681.0,3565.0,1252.0,2471.0,2051.0,1928.0,2485.0,1999.0,1936.0,1820.0,1958.0,1770.0,1792.0,1917.0,1546.0,3015.0,1939.0,2159.0,2646.0,2353.0,2240.0,2034.0,2487.0,2118.0,2200.0,2922.0,2656.0,3623.0,2275.0,2027.0,2362.0,2762.0,1558.0,1443.0,1705.0,2020.0,1126.0,3371.0,1778.0,2658.0,1865.0,1509.0,1496.0,1350.0,1708.0,1347.0,1575.0,2632.0,1267.0,1257.0,1384.0,1687.0,3475.0,757.0,1468.0,1998.0,1248.0,1350.0,1167.0,1147.0,1424.0,1055.0,2070.0,2221.0,1646.0,2328.0,2508.0,1959.0,1777.0,1712.0,1436.0,1350.0,2303.0,1936.0,3233.0,1526.0,1541.0,1623.0,1696.0,1653.0,1475.0,1536.0,1493.0,1703.0,2110.0,2180.0,1715.0,884.0,3197.0,1360.0,1227.0,2200.0,1532.0,1369.0,1421.0,1258.0,1228.0,1112.0,1413.0,1599.0,1120.0,1231.0,2171.0,3135.0,558.0,1083.0,1371.0,1791.0,1174.0,1380.0,1042.0,1681.0,3172.0,1333.0,1626.0,2635.0,1584.0,1634.0,1683.0,1564.0,1687.0,1035.0,2261.0,2012.0,1466.0,1476.0,1392.0,1468.0,1760.0,1237.0,1310.0,1746.0,1293.0,1271.0,2949.0,1111.0,1834.0,2358.0,1036.0,1077.0,1178.0,1229.0,1147.0,1676.0,1534.0,1421.0,1361.0,3230.0,1264.0,1256.0,1535.0,2198.0,1982.0,1977.0,1410.0,893.0,1525.0,1298.0,1262.0,1582.0,1457.0,1383.0,1408.0,1515.0,1132.0,1248.0,1412.0,1255.0,1008.0,1210.0,1054.0,1476.0,790.0,1242.0,1319.0,1520.0,1417.0,1630.0,1425.0,1621.0,1207.0,1026.0,1536.0,1332.0,1136.0,1265.0,1285.0,1441.0,1393.0,880.0,1208.0,3753.0,1384.0,1579.0,1855.0,1902.0,1627.0,1959.0,1891.0,1449.0,1328.0,1398.0,1607.0,1587.0,1426.0,1343.0,1081.0,streamcluster
9004.0,2987.0,2904.0,3782.0,3909.0,5086.0,3572.0,3487.0,2127.0,2390.0,2518.0,2684.0,2589.0,2844.0,2711.0,5768.0,2177.0,1493.0,1332.0,1695.0,2352.0,1866.0,1775.0,2036.0,1768.0,1615.0,4266.0,2562.0,1876.0,1906.0,1716.0,1812.0,2439.0,1805.0,1265.0,4816.0,2507.0,2015.0,2122.0,3092.0,1707.0,2068.0,1846.0,1775.0,2241.0,1849.0,1609.0,2061.0,2782.0,2093.0,5056.0,1659.0,3146.0,2657.0,2255.0,3348.0,2568.0,2216.0,2312.0,2311.0,2389.0,2381.0,2395.0,2135.0,3353.0,2588.0,2687.0,3181.0,3272.0,2910.0,2866.0,3091.0,2510.0,2936.0,4154.0,3323.0,5019.0,2587.0,2558.0,2739.0,3291.0,2139.0,1792.0,2249.0,2855.0,1432.0,4575.0,2345.0,3116.0,2215.0,2006.0,1968.0,1690.0,2013.0,1661.0,1916.0,3122.0,1879.0,1582.0,1777.0,2367.0,4688.0,1089.0,1861.0,2563.0,1717.0,1845.0,1784.0,1509.0,1763.0,1468.0,2800.0,2594.0,2017.0,3227.0,3372.0,2638.0,2399.0,2147.0,1714.0,1707.0,3066.0,2374.0,4779.0,1846.0,1993.0,1823.0,1966.0,2032.0,1953.0,1880.0,1873.0,2189.0,2751.0,2866.0,2000.0,1091.0,4719.0,1892.0,1635.0,2874.0,1661.0,1914.0,1907.0,1508.0,1615.0,1483.0,1793.0,1943.0,1440.0,1640.0,2832.0,4592.0,737.0,1451.0,1828.0,2607.0,1398.0,1702.0,1333.0,1933.0,4440.0,1699.0,2046.0,3805.0,2088.0,2209.0,2049.0,1825.0,2272.0,1386.0,2912.0,2732.0,1741.0,1931.0,1818.0,1723.0,2358.0,1478.0,1685.0,2110.0,1753.0,1774.0,4298.0,1507.0,2551.0,3022.0,1409.0,1348.0,1520.0,1444.0,1362.0,1963.0,1876.0,1788.0,1861.0,4638.0,1540.0,1684.0,1828.0,2852.0,2791.0,2873.0,1695.0,1188.0,2009.0,1797.0,1812.0,1915.0,1935.0,1892.0,1813.0,1941.0,1520.0,1527.0,1726.0,1486.0,1488.0,1442.0,1660.0,1810.0,972.0,1483.0,1741.0,1827.0,1950.0,2000.0,1782.0,2180.0,1595.0,1373.0,1923.0,1623.0,1701.0,1603.0,1584.0,1662.0,1664.0,1130.0,1556.0,4731.0,1937.0,2166.0,2418.0,2571.0,1906.0,2734.0,2234.0,1616.0,2023.0,1910.0,1900.0,1885.0,1698.0,1786.0,1362.0,streamcluster
9225.0,2946.0,3184.0,3902.0,4278.0,5335.0,3666.0,3303.0,2332.0,2379.0,2758.0,2637.0,2726.0,3123.0,2895.0,5697.0,2142.0,1509.0,1341.0,1767.0,2262.0,1881.0,1455.0,2164.0,1651.0,1501.0,4390.0,2748.0,1858.0,1933.0,1674.0,1857.0,2350.0,1870.0,1310.0,4774.0,2388.0,2085.0,1864.0,3128.0,1964.0,2049.0,1884.0,1824.0,2061.0,1932.0,1866.0,2091.0,2935.0,2049.0,4861.0,1684.0,3201.0,2737.0,2394.0,3174.0,2462.0,2389.0,2223.0,2426.0,2225.0,2437.0,2308.0,2185.0,3862.0,2591.0,2567.0,3373.0,3070.0,3047.0,2600.0,3070.0,2872.0,2748.0,3874.0,3192.0,4999.0,2509.0,2692.0,2632.0,3488.0,2038.0,1847.0,2310.0,2892.0,1537.0,4611.0,2118.0,3522.0,2268.0,1952.0,2071.0,1774.0,1984.0,1713.0,1998.0,3114.0,1809.0,1722.0,1888.0,2225.0,4822.0,1025.0,1784.0,2776.0,1740.0,1764.0,1558.0,1415.0,1848.0,1494.0,2779.0,2767.0,2323.0,3048.0,3370.0,2420.0,2292.0,2053.0,1670.0,1672.0,3074.0,2313.0,4951.0,2009.0,2012.0,2059.0,2064.0,1967.0,1805.0,1936.0,1890.0,2329.0,3050.0,2915.0,1956.0,1210.0,4616.0,1762.0,1686.0,2948.0,1858.0,2025.0,1730.0,1628.0,1538.0,1386.0,1691.0,2051.0,1501.0,1629.0,2951.0,4679.0,787.0,1255.0,1993.0,2436.0,1484.0,1660.0,1368.0,2056.0,4469.0,1811.0,2069.0,3735.0,2169.0,2082.0,2111.0,1847.0,2067.0,1416.0,2834.0,2940.0,1762.0,1918.0,1665.0,1714.0,2338.0,1615.0,1761.0,1961.0,1852.0,1635.0,4643.0,1479.0,2631.0,3215.0,1364.0,1552.0,1445.0,1411.0,1376.0,2095.0,1968.0,1779.0,1787.0,4641.0,1667.0,1663.0,1836.0,2911.0,2817.0,2865.0,1986.0,1202.0,1914.0,1743.0,1724.0,2060.0,1934.0,1904.0,1975.0,1880.0,1439.0,1422.0,1896.0,1442.0,1481.0,1495.0,1561.0,1761.0,1018.0,1929.0,1552.0,1887.0,2015.0,1961.0,1802.0,2150.0,1619.0,1642.0,1870.0,1753.0,1611.0,1655.0,1566.0,1614.0,1814.0,1159.0,1614.0,4979.0,1934.0,2139.0,2599.0,2436.0,1953.0,2558.0,2318.0,1962.0,1773.0,1824.0,1919.0,1934.0,1544.0,1900.0,1285.0,streamcluster
9148.0,3264.0,2996.0,3934.0,4452.0,5235.0,3607.0,3384.0,2249.0,2417.0,2462.0,2536.0,2589.0,3015.0,2741.0,5758.0,2266.0,1442.0,1469.0,1654.0,2347.0,2028.0,1793.0,2069.0,1717.0,1440.0,4224.0,2596.0,1700.0,2216.0,1644.0,1713.0,2183.0,1980.0,1337.0,4915.0,2263.0,1973.0,2008.0,3377.0,1843.0,1977.0,1898.0,1706.0,2071.0,1953.0,1834.0,1893.0,3090.0,2038.0,5085.0,1640.0,3141.0,2805.0,2232.0,3279.0,2529.0,2321.0,2434.0,2424.0,2295.0,2324.0,2289.0,2048.0,3596.0,2664.0,2510.0,3276.0,3433.0,2885.0,2741.0,3239.0,2700.0,3020.0,4019.0,3084.0,4927.0,2645.0,2553.0,2844.0,3381.0,2227.0,1756.0,2328.0,2900.0,1484.0,4426.0,2309.0,3244.0,2164.0,1883.0,1874.0,1526.0,2059.0,1701.0,2134.0,3149.0,1835.0,1660.0,1829.0,2441.0,4562.0,996.0,1941.0,2623.0,1778.0,1683.0,1545.0,1452.0,1803.0,1336.0,2858.0,2606.0,2070.0,3265.0,3422.0,2727.0,2216.0,2140.0,1751.0,1736.0,3219.0,2275.0,4869.0,1941.0,1951.0,1961.0,1957.0,1973.0,1899.0,1994.0,1740.0,2408.0,2712.0,2824.0,2055.0,1139.0,4703.0,1708.0,1574.0,3058.0,1769.0,1905.0,1921.0,1544.0,1534.0,1456.0,1871.0,2061.0,1313.0,1641.0,2977.0,4479.0,763.0,1312.0,2006.0,2427.0,1623.0,1558.0,1433.0,2017.0,4456.0,1791.0,2126.0,4001.0,1925.0,2115.0,2108.0,1880.0,2024.0,1354.0,2769.0,2730.0,1930.0,1836.0,1765.0,1695.0,2337.0,1476.0,1699.0,2063.0,1721.0,1641.0,4690.0,1305.0,2672.0,2929.0,1317.0,1449.0,1573.0,1646.0,1316.0,1833.0,1908.0,1878.0,1822.0,4655.0,1560.0,1637.0,1974.0,3002.0,2645.0,2923.0,1886.0,1163.0,1873.0,1615.0,1805.0,2134.0,2084.0,1873.0,1980.0,1959.0,1437.0,1513.0,1851.0,1458.0,1454.0,1577.0,1433.0,1634.0,1014.0,1676.0,1666.0,1798.0,1907.0,2122.0,1756.0,2321.0,1551.0,1478.0,1999.0,1639.0,1686.0,1628.0,1662.0,1665.0,1662.0,1126.0,1618.0,4942.0,2011.0,2015.0,2286.0,2765.0,2085.0,2671.0,2181.0,1912.0,1835.0,1761.0,1946.0,1957.0,1711.0,1810.0,1286.0,streamcluster
9440.0,3047.0,3016.0,3703.0,4407.0,5468.0,3608.0,3422.0,2092.0,2257.0,2645.0,2650.0,2520.0,2948.0,2820.0,5687.0,2074.0,1507.0,1334.0,1765.0,2459.0,1888.0,1737.0,2167.0,1749.0,1576.0,4126.0,2712.0,1622.0,2077.0,1658.0,1723.0,2297.0,1961.0,1288.0,4760.0,2534.0,2051.0,1880.0,3191.0,1739.0,1898.0,1736.0,1893.0,1852.0,1933.0,1767.0,2107.0,2808.0,2134.0,4911.0,1625.0,3076.0,2735.0,2410.0,3197.0,2482.0,2427.0,2225.0,2250.0,2209.0,2327.0,2326.0,2047.0,4104.0,2770.0,2701.0,3265.0,3211.0,3095.0,2836.0,3184.0,2608.0,2695.0,3768.0,3337.0,4965.0,2590.0,2457.0,2526.0,3586.0,1926.0,1725.0,2127.0,2933.0,1569.0,4456.0,2337.0,3179.0,2210.0,1785.0,1991.0,1791.0,1871.0,1717.0,2037.0,3272.0,1677.0,1622.0,1944.0,2355.0,4830.0,1034.0,1915.0,2526.0,1625.0,1614.0,1681.0,1569.0,1731.0,1432.0,2761.0,2685.0,2325.0,3125.0,3427.0,2689.0,2379.0,2085.0,1807.0,1679.0,3010.0,2290.0,4742.0,2161.0,1916.0,1832.0,1962.0,2136.0,1879.0,1960.0,1778.0,2227.0,2825.0,2874.0,2022.0,1071.0,4407.0,1685.0,1677.0,2770.0,1841.0,1949.0,1845.0,1675.0,1686.0,1455.0,1692.0,1928.0,1514.0,1610.0,2808.0,4327.0,765.0,1255.0,1896.0,2477.0,1377.0,1734.0,1284.0,2102.0,4346.0,1701.0,2032.0,3775.0,2017.0,2169.0,2176.0,1812.0,1839.0,1294.0,2831.0,2603.0,1720.0,1876.0,1582.0,1869.0,2315.0,1493.0,1505.0,2044.0,1784.0,1797.0,4342.0,1514.0,2513.0,3008.0,1371.0,1445.0,1526.0,1500.0,1447.0,2092.0,1827.0,1850.0,1737.0,4593.0,1682.0,1807.0,1980.0,2666.0,2743.0,2833.0,1757.0,1110.0,1839.0,1696.0,1676.0,2055.0,2084.0,1973.0,1979.0,2001.0,1402.0,1393.0,1938.0,1502.0,1434.0,1541.0,1506.0,1605.0,959.0,1552.0,1585.0,1936.0,1749.0,1882.0,1712.0,1988.0,1677.0,1425.0,1944.0,1550.0,1531.0,1748.0,1785.0,1542.0,1706.0,1164.0,1701.0,4994.0,2018.0,2054.0,2378.0,2400.0,2159.0,2690.0,2298.0,1826.0,1692.0,1709.0,2089.0,1687.0,1531.0,1812.0,1257.0,streamcluster
9674.0,3130.0,2995.0,3506.0,4326.0,5727.0,3739.0,3402.0,2343.0,2492.0,2846.0,2563.0,2781.0,3004.0,2926.0,5675.0,2186.0,1497.0,1341.0,1721.0,2361.0,1849.0,1695.0,2233.0,1708.0,1611.0,4436.0,2777.0,1684.0,2126.0,1479.0,1757.0,2187.0,1761.0,1270.0,4885.0,2522.0,2161.0,2051.0,3064.0,1901.0,1999.0,1796.0,1726.0,1990.0,1938.0,1854.0,2050.0,2931.0,2205.0,4997.0,1518.0,3057.0,2733.0,2244.0,3385.0,2474.0,2359.0,2203.0,2309.0,2341.0,2357.0,2247.0,2126.0,4007.0,2593.0,2771.0,3082.0,3145.0,3240.0,2707.0,3028.0,2891.0,2933.0,4215.0,3278.0,5179.0,2497.0,2654.0,2651.0,3493.0,2124.0,1982.0,2207.0,2924.0,1645.0,4657.0,2125.0,3304.0,2256.0,2037.0,1870.0,1795.0,1904.0,1869.0,2151.0,3427.0,1784.0,1580.0,1769.0,2310.0,4892.0,1055.0,1934.0,2715.0,1726.0,1789.0,1579.0,1574.0,1750.0,1437.0,2730.0,2701.0,2291.0,3161.0,3244.0,2595.0,2271.0,2302.0,1680.0,1763.0,3118.0,2384.0,4729.0,2098.0,1865.0,1863.0,1993.0,2137.0,2062.0,1838.0,1860.0,2353.0,2832.0,3008.0,2098.0,1123.0,4707.0,1727.0,1668.0,2986.0,1707.0,2092.0,1779.0,1652.0,1601.0,1437.0,1664.0,2123.0,1518.0,1593.0,2913.0,4565.0,808.0,1358.0,2086.0,2574.0,1449.0,1720.0,1333.0,2163.0,4718.0,1737.0,2063.0,3962.0,2112.0,2235.0,1972.0,1791.0,2022.0,1424.0,2923.0,2809.0,1783.0,1921.0,1672.0,1843.0,2489.0,1461.0,1604.0,1972.0,1704.0,1634.0,4446.0,1475.0,2687.0,3280.0,1382.0,1449.0,1510.0,1556.0,1378.0,2227.0,1797.0,1809.0,1807.0,4714.0,1667.0,1817.0,1837.0,2896.0,2833.0,2910.0,1793.0,1193.0,1698.0,1720.0,1652.0,1983.0,2136.0,1938.0,1737.0,1868.0,1452.0,1544.0,1791.0,1544.0,1399.0,1502.0,1526.0,1692.0,954.0,1641.0,1584.0,2069.0,1670.0,1874.0,1775.0,2201.0,1660.0,1471.0,2001.0,1562.0,1625.0,1676.0,1878.0,1706.0,1642.0,1156.0,1731.0,4963.0,1836.0,2017.0,2231.0,2498.0,2276.0,2725.0,2182.0,1771.0,1910.0,1804.0,2021.0,2009.0,1664.0,1925.0,1297.0,streamcluster
1338.0,186.0,1120.0,1315.0,821.0,1002.0,661.0,659.0,642.0,701.0,864.0,94.0,736.0,1505.0,774.0,775.0,247.0,8.0,323.0,290.0,197.0,185.0,151.0,199.0,171.0,206.0,175.0,21.0,215.0,554.0,221.0,215.0,571.0,22.0,650.0,876.0,459.0,654.0,497.0,401.0,423.0,455.0,513.0,21.0,500.0,1264.0,521.0,602.0,886.0,34.0,880.0,444.0,467.0,465.0,447.0,338.0,369.0,390.0,492.0,37.0,415.0,1089.0,420.0,743.0,752.0,12.0,834.0,816.0,443.0,549.0,521.0,587.0,525.0,594.0,588.0,20.0,514.0,1304.0,561.0,537.0,779.0,30.0,776.0,703.0,552.0,401.0,429.0,556.0,567.0,503.0,370.0,18.0,559.0,1221.0,425.0,464.0,399.0,16.0,604.0,563.0,302.0,316.0,266.0,314.0,364.0,439.0,251.0,21.0,327.0,1352.0,333.0,422.0,326.0,14.0,507.0,402.0,355.0,278.0,548.0,180.0,287.0,220.0,252.0,15.0,314.0,765.0,323.0,290.0,434.0,9.0,486.0,428.0,313.0,299.0,317.0,310.0,214.0,326.0,257.0,25.0,357.0,978.0,256.0,339.0,336.0,11.0,430.0,414.0,276.0,265.0,284.0,189.0,338.0,164.0,262.0,14.0,294.0,702.0,245.0,213.0,438.0,21.0,724.0,625.0,372.0,331.0,369.0,362.0,452.0,380.0,255.0,16.0,425.0,879.0,815.0,289.0,225.0,8.0,347.0,346.0,215.0,249.0,210.0,224.0,243.0,220.0,249.0,7.0,217.0,576.0,263.0,210.0,381.0,36.0,629.0,559.0,500.0,303.0,391.0,381.0,433.0,304.0,326.0,33.0,290.0,998.0,337.0,399.0,578.0,36.0,723.0,838.0,528.0,380.0,783.0,545.0,492.0,409.0,352.0,49.0,420.0,560.0,473.0,473.0,385.0,45.0,671.0,535.0,306.0,258.0,321.0,316.0,315.0,207.0,634.0,45.0,332.0,832.0,194.0,408.0,495.0,17.0,718.0,1129.0,489.0,431.0,507.0,493.0,370.0,462.0,282.0,58.0,424.0,822.0,450.0,380.0,streamcluster
9111.0,2667.0,2792.0,3671.0,4250.0,5514.0,3940.0,3325.0,2411.0,2367.0,2519.0,2719.0,2665.0,2921.0,2868.0,5956.0,2313.0,1563.0,1294.0,1738.0,2224.0,1926.0,1636.0,2211.0,1686.0,1498.0,4296.0,2728.0,1766.0,2003.0,1609.0,1822.0,1982.0,2001.0,1227.0,4699.0,2327.0,2129.0,1852.0,3120.0,1909.0,2017.0,1811.0,1776.0,2111.0,1974.0,1876.0,2262.0,2728.0,2087.0,4868.0,1660.0,3134.0,2607.0,2392.0,3324.0,2564.0,2429.0,2270.0,2239.0,2266.0,2299.0,2414.0,2126.0,3578.0,2366.0,2615.0,3321.0,3203.0,3167.0,2784.0,3068.0,3023.0,2862.0,3945.0,3361.0,5264.0,2618.0,2560.0,2902.0,3322.0,2048.0,1877.0,2176.0,2784.0,1501.0,4520.0,2307.0,3493.0,2247.0,1951.0,1921.0,1708.0,2095.0,1784.0,2161.0,3263.0,1717.0,1625.0,1898.0,2606.0,4685.0,1067.0,1867.0,2656.0,1708.0,1659.0,1688.0,1591.0,1669.0,1531.0,2835.0,2798.0,2099.0,3099.0,3354.0,2777.0,2225.0,2087.0,1786.0,1810.0,3349.0,2389.0,5153.0,1888.0,2173.0,1912.0,1925.0,1910.0,1945.0,1863.0,2078.0,2440.0,2828.0,2959.0,2117.0,1219.0,4803.0,1703.0,1846.0,3008.0,1783.0,1889.0,1867.0,1550.0,1600.0,1387.0,1704.0,2109.0,1459.0,1634.0,2991.0,4807.0,766.0,1449.0,2087.0,2678.0,1429.0,1710.0,1552.0,2098.0,4333.0,1679.0,2265.0,3879.0,1951.0,2241.0,2091.0,1967.0,1972.0,1358.0,2873.0,2882.0,1832.0,1992.0,1632.0,1720.0,2333.0,1412.0,1660.0,2169.0,1688.0,1883.0,4868.0,1383.0,2633.0,3140.0,1391.0,1351.0,1492.0,1477.0,1432.0,1933.0,1812.0,1812.0,1867.0,4908.0,1699.0,1676.0,1840.0,3058.0,2805.0,2956.0,1698.0,1202.0,1852.0,1736.0,1711.0,1885.0,2016.0,1824.0,1904.0,2075.0,1523.0,1449.0,1815.0,1544.0,1456.0,1611.0,1476.0,1783.0,1047.0,1779.0,1730.0,1867.0,1806.0,2006.0,1722.0,2150.0,1594.0,1415.0,1899.0,1849.0,1580.0,1661.0,1751.0,1697.0,1892.0,1178.0,1688.0,5039.0,1793.0,2015.0,2477.0,2672.0,2136.0,2871.0,2131.0,1897.0,1810.0,1672.0,1995.0,2043.0,1883.0,1883.0,1340.0,streamcluster
9533.0,2907.0,3024.0,3831.0,4274.0,5383.0,3843.0,3249.0,2368.0,2349.0,2777.0,2726.0,2538.0,3270.0,3056.0,6007.0,2045.0,1557.0,1451.0,1769.0,2315.0,1877.0,1803.0,2298.0,1789.0,1540.0,4614.0,2837.0,1751.0,1904.0,1665.0,1855.0,2325.0,1952.0,1333.0,5315.0,2352.0,1996.0,1983.0,3210.0,1953.0,2067.0,1946.0,1696.0,1849.0,2027.0,1861.0,2113.0,2732.0,2162.0,5254.0,1721.0,3066.0,2799.0,2432.0,3266.0,2540.0,2330.0,2232.0,2454.0,2300.0,2437.0,2385.0,2183.0,3974.0,2562.0,2627.0,3372.0,3201.0,3292.0,2795.0,2845.0,2739.0,2894.0,4169.0,3275.0,5378.0,2842.0,2707.0,2735.0,3672.0,2088.0,1878.0,2363.0,2936.0,1587.0,4725.0,2224.0,3531.0,2197.0,1991.0,1912.0,1746.0,2157.0,1921.0,2184.0,3442.0,1749.0,1580.0,2017.0,2408.0,5181.0,1080.0,1918.0,2788.0,1781.0,1709.0,1755.0,1547.0,1887.0,1720.0,2830.0,2659.0,2250.0,3414.0,3401.0,2487.0,2477.0,2196.0,1634.0,1559.0,3339.0,2464.0,4889.0,1995.0,2092.0,2051.0,2014.0,2093.0,1986.0,1845.0,1856.0,2269.0,2943.0,3193.0,1922.0,1233.0,4892.0,1726.0,1706.0,3067.0,1861.0,2059.0,1981.0,1587.0,1607.0,1661.0,1723.0,1999.0,1378.0,1757.0,3077.0,4906.0,781.0,1406.0,2016.0,2557.0,1514.0,1582.0,1412.0,2256.0,4740.0,1887.0,2315.0,3977.0,2060.0,2161.0,2205.0,2002.0,2193.0,1455.0,2986.0,3056.0,1893.0,1973.0,1728.0,1928.0,2403.0,1565.0,1693.0,2108.0,1769.0,1777.0,4613.0,1390.0,2633.0,3277.0,1405.0,1375.0,1597.0,1634.0,1479.0,1888.0,1967.0,1977.0,1863.0,4894.0,1649.0,1795.0,1981.0,3009.0,2902.0,3098.0,1810.0,1216.0,1919.0,1797.0,1678.0,2172.0,2043.0,1867.0,1991.0,2191.0,1633.0,1512.0,1767.0,1532.0,1384.0,1677.0,1612.0,1519.0,1024.0,1745.0,1754.0,2062.0,1733.0,1959.0,1961.0,2274.0,1670.0,1636.0,2040.0,1637.0,1641.0,1856.0,1718.0,1783.0,1826.0,1220.0,1580.0,5182.0,1919.0,2000.0,2473.0,2607.0,2042.0,2890.0,2214.0,1889.0,1803.0,1991.0,2018.0,2025.0,1814.0,1894.0,1326.0,streamcluster
9066.0,2685.0,2870.0,3873.0,4134.0,5750.0,3988.0,3306.0,2241.0,2485.0,2581.0,2678.0,2502.0,2933.0,2719.0,5459.0,2219.0,1500.0,1318.0,1719.0,2249.0,1800.0,1544.0,2224.0,1752.0,1507.0,4277.0,2828.0,1741.0,2009.0,1588.0,1804.0,2267.0,1875.0,1298.0,4935.0,2395.0,2115.0,2000.0,3086.0,1838.0,2055.0,1795.0,1828.0,2062.0,1989.0,1797.0,1979.0,2823.0,2074.0,5049.0,1680.0,3163.0,2813.0,2457.0,3218.0,2332.0,2405.0,2363.0,2388.0,2255.0,2567.0,2257.0,2132.0,3773.0,2354.0,2513.0,3492.0,3128.0,3204.0,2739.0,2994.0,2825.0,2887.0,3805.0,3282.0,5071.0,2603.0,2530.0,2626.0,3476.0,1991.0,1838.0,2403.0,2752.0,1523.0,4600.0,2258.0,3272.0,2226.0,1931.0,2049.0,1739.0,2041.0,1780.0,2173.0,3247.0,1575.0,1643.0,1835.0,2397.0,4848.0,1061.0,1847.0,2721.0,1883.0,1853.0,1645.0,1522.0,1665.0,1423.0,2766.0,2716.0,2008.0,3351.0,3465.0,2442.0,2278.0,2056.0,1759.0,1679.0,2988.0,2380.0,4798.0,2107.0,2063.0,1825.0,1993.0,1954.0,1923.0,1861.0,1836.0,2306.0,2864.0,2965.0,2041.0,1193.0,4469.0,1755.0,1574.0,2976.0,1644.0,1975.0,1883.0,1654.0,1596.0,1521.0,1774.0,1944.0,1402.0,1733.0,2778.0,4524.0,795.0,1393.0,2023.0,2422.0,1461.0,1674.0,1421.0,1949.0,4444.0,1801.0,2183.0,3784.0,2040.0,2161.0,1980.0,1919.0,2085.0,1378.0,2773.0,2924.0,1808.0,1986.0,1729.0,1788.0,2252.0,1571.0,1698.0,2102.0,1880.0,1825.0,4381.0,1364.0,2563.0,3107.0,1393.0,1465.0,1504.0,1396.0,1288.0,2096.0,1816.0,1876.0,1820.0,4709.0,1638.0,1768.0,1862.0,2771.0,2754.0,3005.0,1849.0,1186.0,1740.0,1682.0,1588.0,1858.0,2058.0,1978.0,1967.0,2008.0,1464.0,1371.0,1892.0,1569.0,1388.0,1556.0,1524.0,1693.0,1005.0,1575.0,1482.0,1928.0,1742.0,2026.0,1762.0,2212.0,1553.0,1329.0,1912.0,1691.0,1655.0,1825.0,1676.0,1707.0,1886.0,1104.0,1552.0,4851.0,1776.0,2081.0,2477.0,2591.0,2248.0,2850.0,2155.0,1958.0,1854.0,1892.0,1916.0,1803.0,1600.0,1932.0,1270.0,streamcluster
9706.0,2697.0,2828.0,3937.0,4393.0,5854.0,3643.0,3547.0,2363.0,2371.0,2691.0,2633.0,2438.0,3120.0,2806.0,5711.0,2134.0,1490.0,1289.0,1787.0,2328.0,1841.0,1704.0,2087.0,1678.0,1497.0,4310.0,2753.0,1811.0,1929.0,1623.0,1752.0,2161.0,1844.0,1240.0,4896.0,2379.0,2315.0,1902.0,3147.0,1857.0,1911.0,1850.0,1720.0,2092.0,2214.0,1696.0,2012.0,2741.0,2147.0,4993.0,1674.0,3199.0,2663.0,2439.0,3218.0,2431.0,2482.0,2162.0,2328.0,2265.0,2300.0,2467.0,2235.0,3841.0,2486.0,2564.0,3520.0,3115.0,3195.0,2792.0,2825.0,2653.0,2866.0,3800.0,3253.0,4787.0,2916.0,2585.0,2757.0,3678.0,2190.0,1691.0,2369.0,2814.0,1605.0,4629.0,2273.0,3334.0,2337.0,1946.0,1868.0,1700.0,2055.0,1731.0,2058.0,3515.0,1709.0,1566.0,1946.0,2457.0,4842.0,1028.0,1864.0,2656.0,1756.0,1691.0,1545.0,1477.0,1836.0,1447.0,2662.0,2969.0,2172.0,3273.0,3443.0,2402.0,2201.0,2178.0,1694.0,1633.0,3083.0,2352.0,4952.0,1933.0,2117.0,1886.0,1997.0,2090.0,1920.0,1913.0,1874.0,2291.0,2786.0,2972.0,1933.0,1173.0,4583.0,1738.0,1708.0,2833.0,1801.0,1842.0,1957.0,1536.0,1700.0,1488.0,1704.0,1919.0,1542.0,1640.0,2990.0,4677.0,752.0,1328.0,1951.0,2469.0,1548.0,1693.0,1332.0,2017.0,4493.0,1644.0,2253.0,3534.0,2180.0,2086.0,2095.0,1766.0,1966.0,1435.0,2840.0,2993.0,1948.0,1918.0,1739.0,1739.0,2274.0,1304.0,1714.0,2117.0,1788.0,1763.0,4514.0,1509.0,2586.0,3081.0,1374.0,1338.0,1642.0,1459.0,1451.0,1969.0,1882.0,1863.0,1800.0,4525.0,1704.0,1719.0,1964.0,2833.0,2706.0,2891.0,1644.0,1138.0,2110.0,1648.0,1902.0,2017.0,2195.0,2098.0,1987.0,2068.0,1569.0,1474.0,1850.0,1434.0,1408.0,1547.0,1479.0,1617.0,995.0,1628.0,1539.0,1851.0,1699.0,1823.0,1922.0,2200.0,1632.0,1422.0,1986.0,1655.0,1657.0,1689.0,1696.0,1666.0,1804.0,1128.0,1579.0,4924.0,2061.0,1878.0,2495.0,2534.0,2237.0,2606.0,2401.0,1908.0,1753.0,1967.0,1901.0,1837.0,1546.0,1831.0,1340.0,streamcluster
8803.0,2988.0,2749.0,3801.0,4020.0,5184.0,3586.0,3396.0,2280.0,2365.0,2494.0,2575.0,2410.0,2915.0,2619.0,5779.0,2159.0,1450.0,1298.0,1739.0,2261.0,1797.0,1544.0,2135.0,1734.0,1516.0,4641.0,2778.0,1619.0,1989.0,1627.0,1761.0,2127.0,1774.0,1274.0,4925.0,2323.0,1893.0,1806.0,3061.0,1854.0,1939.0,1925.0,1711.0,2099.0,1965.0,1923.0,2057.0,2652.0,2188.0,4935.0,1669.0,3371.0,2793.0,2456.0,3317.0,2393.0,2333.0,2211.0,2418.0,2201.0,2404.0,2246.0,2151.0,3507.0,2714.0,2330.0,3411.0,2969.0,2964.0,2866.0,2969.0,2793.0,2679.0,4008.0,3137.0,5090.0,2637.0,2481.0,2746.0,3225.0,2155.0,1823.0,2272.0,2643.0,1485.0,4698.0,2216.0,3323.0,2333.0,1972.0,2021.0,1679.0,1853.0,1586.0,1932.0,3335.0,1738.0,1499.0,1908.0,2435.0,4866.0,1066.0,1704.0,2709.0,1840.0,1699.0,1603.0,1345.0,1745.0,1461.0,2833.0,2584.0,2037.0,3092.0,3332.0,2388.0,2121.0,1919.0,1733.0,1782.0,3355.0,2233.0,5259.0,2002.0,2139.0,1827.0,1920.0,1971.0,1963.0,1741.0,1883.0,2326.0,2862.0,2946.0,2105.0,1155.0,4663.0,1758.0,1587.0,2898.0,1750.0,1982.0,1817.0,1506.0,1714.0,1500.0,1676.0,1809.0,1502.0,1729.0,2987.0,4534.0,791.0,1355.0,1988.0,2505.0,1532.0,1694.0,1299.0,2068.0,4681.0,1794.0,2119.0,3860.0,2109.0,2090.0,2135.0,1939.0,2157.0,1267.0,2697.0,2786.0,1739.0,1920.0,1622.0,1763.0,2395.0,1312.0,1683.0,1959.0,1737.0,1848.0,4954.0,1495.0,2676.0,3162.0,1305.0,1210.0,1545.0,1359.0,1295.0,1902.0,1877.0,1715.0,1810.0,4817.0,1705.0,1757.0,1873.0,2949.0,2735.0,2937.0,1698.0,1132.0,1803.0,1760.0,1846.0,2083.0,1932.0,1956.0,2123.0,1864.0,1341.0,1622.0,1731.0,1600.0,1377.0,1541.0,1398.0,1578.0,995.0,1505.0,1659.0,1789.0,1897.0,2067.0,1793.0,2105.0,1548.0,1494.0,1973.0,1678.0,1606.0,1712.0,1696.0,1656.0,1727.0,1104.0,1454.0,4971.0,2089.0,1868.0,2479.0,2369.0,2014.0,2777.0,2334.0,1802.0,1702.0,1817.0,1859.0,2126.0,1713.0,1769.0,1273.0,streamcluster
9473.0,2930.0,2930.0,3710.0,4180.0,5411.0,3396.0,3451.0,2386.0,2473.0,2791.0,2626.0,2750.0,3012.0,3075.0,5709.0,2141.0,1466.0,1333.0,1733.0,2315.0,1772.0,1572.0,2354.0,1666.0,1416.0,4169.0,2850.0,1775.0,2104.0,1731.0,1843.0,2085.0,1881.0,1255.0,4787.0,2398.0,2061.0,1763.0,3116.0,1981.0,1948.0,1794.0,1808.0,2107.0,1978.0,1746.0,2115.0,2804.0,2200.0,4983.0,1655.0,3074.0,2732.0,2327.0,3309.0,2350.0,2282.0,2266.0,2451.0,2352.0,2292.0,2356.0,2267.0,3474.0,2658.0,2602.0,3191.0,3164.0,2919.0,2697.0,2929.0,2922.0,2959.0,3990.0,3226.0,5199.0,2618.0,2771.0,2862.0,3297.0,2219.0,1772.0,2148.0,2775.0,1557.0,4664.0,2305.0,3373.0,2130.0,1919.0,1941.0,1755.0,1920.0,1839.0,2161.0,3292.0,1683.0,1472.0,1817.0,2287.0,4904.0,1017.0,1868.0,2727.0,1751.0,1542.0,1635.0,1474.0,1762.0,1520.0,2804.0,2689.0,2415.0,3195.0,3392.0,2572.0,2364.0,2195.0,1772.0,1754.0,3020.0,2368.0,4638.0,2017.0,2099.0,1936.0,1947.0,1906.0,1769.0,1837.0,1798.0,2476.0,2783.0,3105.0,1964.0,1201.0,4729.0,1760.0,1563.0,2925.0,1862.0,2042.0,1928.0,1628.0,1402.0,1528.0,1703.0,1993.0,1544.0,1703.0,2742.0,4560.0,800.0,1462.0,1966.0,2648.0,1399.0,1641.0,1325.0,1937.0,4374.0,1757.0,2230.0,3812.0,1982.0,2074.0,2080.0,1918.0,2102.0,1333.0,2818.0,2893.0,1781.0,2105.0,1732.0,1695.0,2465.0,1396.0,1716.0,2242.0,1725.0,1767.0,4240.0,1541.0,2584.0,2985.0,1407.0,1480.0,1538.0,1601.0,1390.0,2081.0,2011.0,1682.0,1880.0,4792.0,1602.0,1585.0,2060.0,2915.0,3025.0,2850.0,1729.0,1193.0,1640.0,1791.0,1633.0,1948.0,1994.0,2188.0,1871.0,1990.0,1471.0,1421.0,2006.0,1552.0,1424.0,1451.0,1431.0,1567.0,957.0,1748.0,1583.0,1853.0,1942.0,1986.0,1878.0,2230.0,1664.0,1418.0,1904.0,1598.0,1569.0,1759.0,1788.0,1630.0,1951.0,1176.0,1566.0,4775.0,1958.0,1994.0,2283.0,2590.0,2182.0,2658.0,2244.0,2010.0,1882.0,1876.0,2010.0,1933.0,1627.0,1882.0,1392.0,streamcluster
8564.0,2984.0,2684.0,3612.0,4010.0,5291.0,3406.0,3112.0,2132.0,2284.0,2363.0,2488.0,2322.0,3126.0,2908.0,5385.0,2245.0,1389.0,1242.0,1653.0,2251.0,1641.0,1605.0,2103.0,1682.0,1474.0,4103.0,2419.0,1693.0,1873.0,1569.0,1587.0,2019.0,1789.0,1136.0,4422.0,2155.0,1971.0,1890.0,2774.0,1740.0,1802.0,1701.0,1847.0,1869.0,1923.0,1621.0,1976.0,2473.0,2043.0,4691.0,1528.0,2843.0,2597.0,2204.0,3092.0,2246.0,2241.0,2322.0,2230.0,2040.0,2126.0,2023.0,2083.0,3226.0,2494.0,2330.0,3031.0,2967.0,3010.0,2695.0,2514.0,2779.0,2645.0,3893.0,3024.0,4775.0,2692.0,2633.0,2484.0,3212.0,1896.0,1689.0,2173.0,2715.0,1549.0,4237.0,1988.0,3134.0,2103.0,1843.0,1839.0,1763.0,1998.0,1748.0,1948.0,3037.0,1671.0,1380.0,1729.0,2230.0,4379.0,951.0,1608.0,2380.0,1614.0,1616.0,1496.0,1370.0,1636.0,1381.0,2736.0,2530.0,2130.0,2852.0,3065.0,2292.0,2197.0,1839.0,1502.0,1550.0,2787.0,2175.0,4483.0,1711.0,2241.0,1864.0,1899.0,1810.0,1794.0,1559.0,1686.0,2419.0,2646.0,2752.0,1846.0,1091.0,4113.0,1677.0,1628.0,2774.0,1714.0,1859.0,1632.0,1496.0,1477.0,1379.0,1554.0,1763.0,1336.0,1556.0,2632.0,4084.0,691.0,1319.0,1805.0,2283.0,1412.0,1667.0,1129.0,1795.0,4242.0,1524.0,1994.0,3703.0,1855.0,2001.0,2018.0,1787.0,1904.0,1224.0,2741.0,2591.0,1775.0,1890.0,1701.0,1525.0,2168.0,1440.0,1470.0,1915.0,1688.0,1640.0,4148.0,1401.0,2432.0,2898.0,1292.0,1214.0,1536.0,1468.0,1345.0,1775.0,1654.0,1699.0,1592.0,4350.0,1627.0,1575.0,1922.0,2616.0,2503.0,2734.0,1616.0,1066.0,1780.0,1689.0,1577.0,2116.0,1866.0,1843.0,1715.0,1911.0,1373.0,1242.0,1701.0,1616.0,1241.0,1567.0,1353.0,1596.0,938.0,1450.0,1714.0,1849.0,1750.0,1799.0,1704.0,2236.0,1656.0,1281.0,1939.0,1501.0,1441.0,1493.0,1556.0,1534.0,1595.0,1085.0,1473.0,4540.0,1906.0,1772.0,2458.0,2409.0,2112.0,2521.0,1965.0,1534.0,1662.0,1694.0,1819.0,1725.0,1644.0,1866.0,1261.0,streamcluster
2642.0,969.0,780.0,1003.0,1228.0,1591.0,1000.0,1022.0,675.0,721.0,799.0,908.0,761.0,789.0,999.0,1785.0,636.0,456.0,394.0,505.0,596.0,510.0,548.0,713.0,508.0,392.0,1244.0,812.0,586.0,486.0,550.0,584.0,638.0,549.0,357.0,1370.0,605.0,600.0,481.0,971.0,482.0,548.0,545.0,527.0,615.0,619.0,593.0,554.0,789.0,575.0,1423.0,477.0,897.0,796.0,647.0,909.0,740.0,714.0,614.0,673.0,654.0,735.0,693.0,557.0,1110.0,621.0,619.0,936.0,884.0,901.0,760.0,881.0,781.0,851.0,1153.0,1083.0,1488.0,655.0,841.0,773.0,993.0,572.0,431.0,662.0,916.0,476.0,1192.0,693.0,860.0,706.0,502.0,599.0,509.0,475.0,661.0,705.0,1027.0,440.0,400.0,548.0,637.0,1244.0,300.0,519.0,739.0,460.0,456.0,527.0,427.0,502.0,464.0,810.0,812.0,618.0,874.0,878.0,736.0,634.0,670.0,502.0,508.0,870.0,632.0,1451.0,554.0,528.0,616.0,578.0,703.0,529.0,504.0,564.0,593.0,800.0,827.0,601.0,359.0,1321.0,510.0,524.0,800.0,445.0,648.0,533.0,562.0,439.0,400.0,548.0,569.0,505.0,472.0,815.0,1355.0,246.0,433.0,627.0,765.0,404.0,500.0,393.0,632.0,1261.0,491.0,551.0,1024.0,591.0,607.0,607.0,514.0,615.0,424.0,862.0,867.0,529.0,570.0,456.0,580.0,671.0,369.0,464.0,638.0,522.0,490.0,1366.0,390.0,767.0,956.0,437.0,459.0,421.0,447.0,465.0,639.0,517.0,619.0,550.0,1387.0,476.0,552.0,511.0,791.0,809.0,849.0,595.0,350.0,487.0,588.0,465.0,596.0,629.0,548.0,579.0,531.0,377.0,369.0,530.0,471.0,377.0,484.0,497.0,403.0,297.0,502.0,595.0,633.0,565.0,671.0,552.0,643.0,570.0,415.0,618.0,571.0,417.0,496.0,491.0,486.0,454.0,388.0,598.0,1569.0,626.0,558.0,686.0,707.0,685.0,797.0,673.0,458.0,506.0,545.0,637.0,569.0,393.0,620.0,429.0,streamcluster
5352.0,1770.0,1438.0,2161.0,2565.0,3132.0,2101.0,2055.0,1365.0,1535.0,1491.0,1554.0,1692.0,1643.0,1716.0,3395.0,1247.0,873.0,674.0,1077.0,1338.0,1036.0,1016.0,1380.0,954.0,894.0,2567.0,1622.0,1083.0,1177.0,898.0,1113.0,1391.0,1066.0,710.0,2764.0,1339.0,1295.0,1044.0,1890.0,1185.0,1258.0,1233.0,1065.0,1171.0,1027.0,995.0,1114.0,1496.0,1291.0,2837.0,931.0,1798.0,1682.0,1288.0,1732.0,1508.0,1438.0,1354.0,1371.0,1273.0,1436.0,1449.0,1251.0,2133.0,1483.0,1429.0,1920.0,1990.0,1948.0,1662.0,1904.0,1673.0,1897.0,2333.0,1957.0,3067.0,1463.0,1458.0,1493.0,2026.0,1225.0,971.0,1470.0,1737.0,981.0,2599.0,1368.0,1933.0,1344.0,1152.0,1112.0,995.0,1043.0,1027.0,1108.0,2094.0,995.0,962.0,1068.0,1412.0,2770.0,605.0,1003.0,1536.0,1057.0,1150.0,967.0,930.0,1010.0,837.0,1612.0,1490.0,1340.0,1837.0,1884.0,1496.0,1357.0,1312.0,1049.0,965.0,1822.0,1426.0,2766.0,1176.0,1204.0,1113.0,1247.0,1163.0,1167.0,1073.0,1088.0,1411.0,1660.0,1639.0,1229.0,718.0,2914.0,1056.0,960.0,1862.0,924.0,1119.0,1070.0,893.0,903.0,847.0,1015.0,1341.0,942.0,995.0,1672.0,2797.0,460.0,898.0,1184.0,1481.0,807.0,989.0,777.0,1187.0,2745.0,1053.0,1166.0,2356.0,1148.0,1301.0,1308.0,1093.0,1368.0,856.0,1799.0,1787.0,968.0,1087.0,1049.0,1030.0,1363.0,741.0,944.0,1235.0,1085.0,1052.0,2599.0,837.0,1588.0,1834.0,820.0,869.0,852.0,821.0,870.0,1248.0,1003.0,980.0,1043.0,2818.0,1023.0,1011.0,1173.0,1806.0,1702.0,1782.0,1011.0,728.0,1184.0,1027.0,1036.0,1216.0,1321.0,1060.0,1072.0,1122.0,828.0,774.0,1160.0,824.0,764.0,927.0,860.0,951.0,575.0,882.0,971.0,1179.0,1010.0,1195.0,1089.0,1291.0,1015.0,812.0,1090.0,940.0,886.0,931.0,1018.0,1022.0,1001.0,672.0,925.0,2966.0,997.0,1124.0,1496.0,1506.0,1320.0,1651.0,1425.0,1179.0,1074.0,1086.0,1094.0,1151.0,847.0,1096.0,783.0,streamcluster
9783.0,3005.0,2706.0,3770.0,4388.0,5620.0,3505.0,3309.0,2275.0,2281.0,2563.0,2655.0,2790.0,3200.0,2767.0,5330.0,2298.0,1509.0,1276.0,1765.0,2320.0,1746.0,1725.0,2326.0,1779.0,1622.0,4312.0,2694.0,1944.0,1956.0,1634.0,1749.0,2061.0,2005.0,1191.0,4878.0,2283.0,1982.0,1910.0,3072.0,1780.0,1979.0,1929.0,1738.0,1975.0,1996.0,1739.0,1948.0,2844.0,2182.0,4894.0,1635.0,3103.0,2728.0,2355.0,3142.0,2448.0,2449.0,2189.0,2250.0,2358.0,2436.0,2317.0,2116.0,3715.0,2606.0,2344.0,3310.0,3224.0,2979.0,2805.0,2853.0,2714.0,2859.0,4010.0,3428.0,5205.0,2765.0,2595.0,2624.0,3500.0,2070.0,1635.0,2193.0,2828.0,1509.0,4720.0,2165.0,3261.0,2289.0,1947.0,1903.0,1830.0,2041.0,1777.0,2080.0,3402.0,1775.0,1614.0,1890.0,2276.0,4785.0,1074.0,1775.0,2713.0,1784.0,1711.0,1569.0,1531.0,1814.0,1446.0,2729.0,2537.0,2166.0,3096.0,3196.0,2586.0,2348.0,2078.0,1774.0,1609.0,3140.0,2394.0,4884.0,2150.0,2267.0,1947.0,1899.0,2064.0,1885.0,1937.0,1935.0,2338.0,2765.0,2918.0,1974.0,1167.0,4553.0,1826.0,1655.0,2958.0,1828.0,1913.0,1683.0,1588.0,1708.0,1444.0,1887.0,1979.0,1533.0,1745.0,2938.0,4419.0,763.0,1345.0,1987.0,2577.0,1479.0,1637.0,1293.0,2071.0,4636.0,1594.0,2186.0,3795.0,1999.0,2010.0,2146.0,1847.0,2084.0,1277.0,2883.0,3041.0,1830.0,2015.0,1741.0,1772.0,2390.0,1274.0,1589.0,2110.0,1663.0,1716.0,4512.0,1569.0,2743.0,3105.0,1411.0,1408.0,1575.0,1482.0,1421.0,1989.0,2102.0,1648.0,1827.0,4672.0,1730.0,1794.0,1941.0,2995.0,2699.0,2844.0,1760.0,1272.0,1625.0,1863.0,1635.0,2260.0,1996.0,1816.0,2034.0,2092.0,1512.0,1533.0,1904.0,1486.0,1522.0,1480.0,1581.0,1539.0,1005.0,1542.0,1563.0,1950.0,1735.0,1956.0,1797.0,2224.0,1566.0,1397.0,2022.0,1641.0,1443.0,1711.0,1620.0,1986.0,1679.0,1177.0,1636.0,4830.0,2167.0,1946.0,2476.0,2559.0,2087.0,2740.0,2051.0,1706.0,1867.0,1993.0,2159.0,1974.0,1516.0,1605.0,1219.0,streamcluster
1491.0,154.0,1244.0,956.0,876.0,1026.0,743.0,739.0,684.0,753.0,683.0,72.0,982.0,2587.0,820.0,842.0,321.0,7.0,565.0,245.0,289.0,248.0,251.0,319.0,238.0,315.0,242.0,8.0,347.0,1428.0,285.0,325.0,686.0,68.0,937.0,671.0,649.0,607.0,573.0,560.0,553.0,590.0,528.0,37.0,662.0,2584.0,524.0,692.0,657.0,21.0,1046.0,411.0,447.0,485.0,477.0,450.0,516.0,501.0,433.0,29.0,488.0,2149.0,487.0,511.0,897.0,24.0,1250.0,653.0,536.0,535.0,682.0,683.0,582.0,749.0,507.0,24.0,680.0,2529.0,560.0,725.0,834.0,40.0,1075.0,573.0,588.0,471.0,586.0,734.0,648.0,534.0,525.0,16.0,597.0,2478.0,494.0,615.0,570.0,23.0,1001.0,370.0,421.0,494.0,451.0,411.0,396.0,398.0,353.0,16.0,473.0,2266.0,428.0,478.0,445.0,22.0,856.0,346.0,421.0,334.0,415.0,290.0,366.0,265.0,327.0,24.0,378.0,1879.0,327.0,426.0,577.0,16.0,843.0,385.0,382.0,310.0,446.0,427.0,277.0,374.0,375.0,12.0,447.0,1848.0,377.0,483.0,418.0,17.0,738.0,451.0,425.0,312.0,370.0,322.0,430.0,287.0,314.0,15.0,331.0,1713.0,245.0,225.0,486.0,12.0,958.0,434.0,466.0,469.0,545.0,493.0,404.0,486.0,369.0,16.0,551.0,2133.0,492.0,427.0,299.0,5.0,628.0,289.0,278.0,303.0,335.0,323.0,319.0,313.0,306.0,2.0,294.0,1390.0,322.0,291.0,577.0,34.0,998.0,416.0,458.0,370.0,615.0,451.0,417.0,427.0,378.0,19.0,438.0,2207.0,397.0,485.0,749.0,59.0,1112.0,658.0,763.0,536.0,683.0,528.0,405.0,529.0,557.0,43.0,564.0,1445.0,490.0,583.0,550.0,39.0,890.0,399.0,425.0,345.0,494.0,355.0,309.0,302.0,343.0,16.0,471.0,1993.0,247.0,405.0,601.0,25.0,992.0,588.0,602.0,485.0,563.0,526.0,495.0,548.0,430.0,40.0,545.0,2000.0,370.0,455.0,streamcluster
4597.0,1341.0,1403.0,1824.0,1925.0,2621.0,1893.0,1813.0,1140.0,1002.0,1107.0,1295.0,1139.0,1379.0,1258.0,2711.0,1074.0,703.0,636.0,768.0,1030.0,802.0,831.0,1058.0,758.0,736.0,1675.0,1080.0,790.0,891.0,814.0,885.0,1039.0,791.0,551.0,1975.0,1049.0,831.0,771.0,1335.0,867.0,893.0,765.0,896.0,937.0,1005.0,777.0,927.0,1369.0,988.0,2048.0,743.0,1437.0,1419.0,1073.0,1466.0,1065.0,1098.0,1095.0,1029.0,984.0,1055.0,1135.0,1045.0,1646.0,1144.0,1105.0,1501.0,1483.0,1503.0,1424.0,1517.0,1285.0,1304.0,1893.0,1727.0,2133.0,1165.0,1194.0,1294.0,1518.0,864.0,841.0,1098.0,1431.0,733.0,1886.0,1126.0,1533.0,945.0,816.0,914.0,792.0,963.0,870.0,1006.0,1474.0,745.0,667.0,832.0,1103.0,1984.0,487.0,862.0,1132.0,947.0,783.0,747.0,593.0,835.0,659.0,1326.0,1261.0,1016.0,1357.0,1476.0,1349.0,1092.0,1076.0,901.0,840.0,1300.0,1042.0,2082.0,859.0,1039.0,894.0,972.0,953.0,941.0,811.0,832.0,1047.0,1221.0,1339.0,900.0,546.0,1951.0,757.0,805.0,1249.0,713.0,881.0,937.0,759.0,727.0,722.0,766.0,924.0,666.0,850.0,1207.0,1938.0,348.0,474.0,916.0,1181.0,664.0,794.0,549.0,895.0,1846.0,734.0,940.0,1666.0,890.0,1098.0,1007.0,788.0,793.0,579.0,1317.0,1194.0,923.0,837.0,747.0,748.0,996.0,803.0,692.0,1080.0,761.0,846.0,1911.0,690.0,1050.0,1389.0,653.0,541.0,683.0,693.0,667.0,931.0,931.0,899.0,815.0,1988.0,703.0,759.0,910.0,1168.0,1121.0,1183.0,707.0,483.0,818.0,790.0,912.0,943.0,968.0,903.0,810.0,919.0,744.0,748.0,776.0,796.0,667.0,698.0,666.0,739.0,415.0,605.0,660.0,937.0,933.0,895.0,821.0,943.0,733.0,667.0,868.0,829.0,804.0,736.0,737.0,629.0,710.0,468.0,684.0,2104.0,935.0,876.0,1193.0,1114.0,1090.0,1359.0,1127.0,790.0,766.0,857.0,913.0,844.0,717.0,740.0,655.0,streamcluster
5968.0,1842.0,1746.0,2129.0,2813.0,3311.0,2490.0,2134.0,1374.0,1420.0,1541.0,1609.0,1746.0,1859.0,1751.0,3740.0,1410.0,925.0,774.0,1029.0,1478.0,1217.0,1034.0,1390.0,1038.0,914.0,2563.0,1622.0,932.0,1124.0,950.0,1174.0,1327.0,1155.0,764.0,2736.0,1294.0,1350.0,1079.0,1882.0,1104.0,1193.0,1060.0,1075.0,1283.0,1255.0,1212.0,1300.0,1672.0,1315.0,2894.0,971.0,1918.0,1537.0,1423.0,2015.0,1457.0,1389.0,1313.0,1422.0,1364.0,1390.0,1487.0,1299.0,2423.0,1731.0,1345.0,1962.0,1884.0,1991.0,1726.0,1955.0,1618.0,1630.0,2541.0,2054.0,3124.0,1634.0,1630.0,1726.0,2201.0,1256.0,1152.0,1364.0,1772.0,1001.0,3035.0,1472.0,2057.0,1395.0,1312.0,1211.0,1129.0,1232.0,1084.0,1261.0,2127.0,1110.0,928.0,1157.0,1592.0,2945.0,677.0,1228.0,1738.0,1127.0,1026.0,976.0,862.0,1085.0,875.0,1786.0,1708.0,1277.0,1937.0,2053.0,1553.0,1531.0,1441.0,1095.0,1104.0,1897.0,1511.0,2933.0,1107.0,1285.0,1180.0,1261.0,1251.0,1136.0,1038.0,1186.0,1379.0,1769.0,1959.0,1321.0,683.0,2725.0,992.0,1021.0,2023.0,921.0,1162.0,1214.0,968.0,971.0,949.0,1017.0,1200.0,998.0,966.0,1666.0,2569.0,472.0,761.0,1244.0,1501.0,953.0,1064.0,821.0,1299.0,2783.0,1086.0,1205.0,2285.0,1188.0,1468.0,1268.0,1165.0,1166.0,845.0,1825.0,1668.0,1105.0,1245.0,1145.0,1090.0,1408.0,865.0,1055.0,1269.0,1142.0,1016.0,2751.0,827.0,1576.0,1772.0,864.0,898.0,994.0,926.0,962.0,1268.0,1066.0,1167.0,1141.0,2851.0,1153.0,1020.0,1074.0,1637.0,1682.0,1766.0,1106.0,741.0,1316.0,954.0,1010.0,1296.0,1375.0,1289.0,1160.0,1185.0,923.0,835.0,1237.0,821.0,855.0,973.0,883.0,1033.0,619.0,991.0,1074.0,1126.0,1165.0,1157.0,1134.0,1334.0,1076.0,945.0,1215.0,886.0,1137.0,1028.0,1009.0,888.0,1182.0,709.0,1071.0,3121.0,1288.0,1156.0,1477.0,1523.0,1326.0,1681.0,1518.0,1105.0,1122.0,1068.0,1300.0,1150.0,1035.0,1163.0,891.0,streamcluster
9371.0,3158.0,2991.0,3623.0,4175.0,5593.0,3986.0,3176.0,2228.0,2302.0,2406.0,2613.0,2544.0,2954.0,2951.0,5801.0,2211.0,1493.0,1369.0,1816.0,2472.0,1802.0,1607.0,2188.0,1687.0,1625.0,4341.0,2671.0,1731.0,2132.0,1764.0,1766.0,2311.0,1949.0,1223.0,5002.0,2338.0,2139.0,1835.0,3252.0,2045.0,1943.0,1741.0,1781.0,2127.0,1927.0,1745.0,2121.0,2851.0,2190.0,5179.0,1611.0,3092.0,2673.0,2230.0,3150.0,2454.0,2381.0,2275.0,2322.0,2218.0,2206.0,2279.0,2231.0,3651.0,2923.0,2512.0,3147.0,3052.0,3254.0,3029.0,2790.0,2725.0,2839.0,3965.0,3407.0,4843.0,2476.0,2625.0,2711.0,3402.0,2183.0,1737.0,2168.0,2950.0,1534.0,4709.0,2196.0,3333.0,2185.0,1984.0,1974.0,1687.0,2025.0,1782.0,2059.0,3354.0,1736.0,1458.0,1716.0,2458.0,4798.0,1069.0,1908.0,2619.0,1688.0,1802.0,1702.0,1484.0,1792.0,1568.0,2853.0,2889.0,2160.0,3157.0,3185.0,2592.0,2390.0,2129.0,1652.0,1645.0,3056.0,2286.0,4947.0,2059.0,2012.0,1910.0,2003.0,1924.0,2126.0,1775.0,1909.0,2141.0,2815.0,3066.0,1881.0,1168.0,4704.0,1802.0,1550.0,3078.0,1683.0,1999.0,1905.0,1509.0,1734.0,1514.0,1667.0,1914.0,1471.0,1697.0,2794.0,4682.0,769.0,1409.0,1993.0,2529.0,1464.0,1690.0,1327.0,1994.0,4708.0,1802.0,1933.0,3676.0,2208.0,2342.0,1996.0,1897.0,2005.0,1283.0,2808.0,2659.0,1779.0,1983.0,1767.0,1783.0,2388.0,1346.0,1704.0,2013.0,1784.0,1818.0,4488.0,1399.0,2613.0,3002.0,1370.0,1465.0,1608.0,1575.0,1391.0,1860.0,2020.0,1816.0,1807.0,4551.0,1696.0,1596.0,2004.0,2997.0,2649.0,2791.0,1779.0,1233.0,1855.0,1838.0,1755.0,2050.0,2257.0,1879.0,1859.0,1821.0,1428.0,1454.0,1709.0,1394.0,1649.0,1588.0,1595.0,1638.0,973.0,1617.0,1715.0,1955.0,2040.0,1998.0,1874.0,2232.0,1631.0,1491.0,1998.0,1686.0,1462.0,1684.0,1791.0,1726.0,1772.0,1156.0,1592.0,4879.0,2126.0,2001.0,2456.0,2427.0,2203.0,2945.0,2130.0,1843.0,1773.0,1709.0,1987.0,1960.0,1547.0,1920.0,1417.0,streamcluster
9771.0,2849.0,2587.0,3590.0,4329.0,5603.0,3836.0,3627.0,2237.0,2210.0,2571.0,2688.0,2619.0,2826.0,3052.0,5535.0,2115.0,1507.0,1319.0,1749.0,2315.0,1835.0,1706.0,2185.0,1669.0,1596.0,4471.0,2810.0,1798.0,1898.0,1583.0,1741.0,2216.0,1802.0,1224.0,4908.0,2324.0,2009.0,1921.0,3286.0,1856.0,1979.0,1743.0,1739.0,2136.0,2072.0,1654.0,2048.0,2765.0,2146.0,5005.0,1581.0,3033.0,2730.0,2359.0,3506.0,2206.0,2349.0,2234.0,2176.0,2220.0,2433.0,2364.0,2108.0,3782.0,2576.0,2447.0,3092.0,3163.0,3139.0,2980.0,3334.0,2753.0,2648.0,3930.0,3370.0,5214.0,2578.0,2600.0,2683.0,3536.0,2055.0,1732.0,2193.0,2771.0,1609.0,4712.0,2449.0,3237.0,2147.0,1850.0,1984.0,1671.0,1919.0,1740.0,2127.0,3416.0,1748.0,1424.0,1729.0,2497.0,4778.0,1071.0,1889.0,2620.0,1855.0,1713.0,1569.0,1515.0,1605.0,1609.0,2793.0,2619.0,2254.0,3290.0,3443.0,2665.0,2291.0,2180.0,1777.0,1594.0,3038.0,2450.0,5033.0,1918.0,2055.0,1899.0,1950.0,2017.0,1941.0,1931.0,1719.0,2170.0,2901.0,2995.0,2007.0,1161.0,4775.0,1599.0,1700.0,3128.0,1690.0,1866.0,1741.0,1510.0,1698.0,1559.0,1760.0,1920.0,1431.0,1727.0,2791.0,4667.0,754.0,1384.0,2154.0,2480.0,1516.0,1536.0,1436.0,2032.0,4572.0,1531.0,1977.0,3786.0,2210.0,2302.0,2149.0,1775.0,1978.0,1365.0,2977.0,2910.0,1650.0,1942.0,1757.0,1638.0,2306.0,1342.0,1554.0,2080.0,1796.0,1877.0,4677.0,1398.0,2702.0,3260.0,1458.0,1416.0,1515.0,1451.0,1371.0,1857.0,2024.0,1787.0,1802.0,4744.0,1544.0,1662.0,1837.0,3093.0,2709.0,2847.0,1810.0,1188.0,1799.0,1916.0,1650.0,2055.0,1892.0,1730.0,2000.0,2007.0,1428.0,1408.0,1889.0,1666.0,1396.0,1430.0,1515.0,1728.0,955.0,1513.0,1577.0,2004.0,1793.0,1944.0,1735.0,2268.0,1648.0,1591.0,2029.0,1582.0,1423.0,1647.0,1646.0,1677.0,1804.0,1115.0,1702.0,4846.0,1980.0,1878.0,2286.0,2675.0,2238.0,2841.0,2333.0,1820.0,1884.0,1760.0,2078.0,1862.0,1554.0,1820.0,1260.0,streamcluster
9842.0,2778.0,2685.0,3878.0,4299.0,5504.0,3539.0,3419.0,2232.0,2485.0,2736.0,2643.0,2462.0,2970.0,2877.0,5713.0,2137.0,1480.0,1342.0,1832.0,2343.0,1995.0,1638.0,2350.0,1662.0,1461.0,4284.0,2746.0,1762.0,1965.0,1695.0,1783.0,2209.0,1750.0,1242.0,4769.0,2396.0,2194.0,1757.0,3018.0,1860.0,2053.0,1991.0,1661.0,2106.0,1883.0,1823.0,2122.0,2757.0,2135.0,4934.0,1650.0,3224.0,2674.0,2549.0,3235.0,2334.0,2464.0,2402.0,2387.0,2204.0,2451.0,2328.0,2155.0,3853.0,2640.0,2558.0,3364.0,3031.0,3229.0,2532.0,3189.0,2658.0,2862.0,3982.0,3401.0,4807.0,2421.0,2585.0,2689.0,3485.0,2159.0,1783.0,2332.0,2844.0,1695.0,4409.0,2365.0,3224.0,2270.0,1995.0,2022.0,1679.0,1940.0,1837.0,2128.0,3345.0,1729.0,1609.0,1915.0,2228.0,4639.0,1020.0,1738.0,2537.0,1755.0,1753.0,1644.0,1431.0,1681.0,1396.0,2780.0,2674.0,2152.0,3252.0,3320.0,2522.0,2363.0,1969.0,1777.0,1725.0,3113.0,2322.0,4960.0,2046.0,2093.0,1941.0,2080.0,2108.0,1797.0,1770.0,1809.0,2265.0,2883.0,2867.0,2063.0,1142.0,4619.0,1726.0,1636.0,3009.0,1724.0,1973.0,1814.0,1676.0,1447.0,1463.0,1807.0,2080.0,1571.0,1700.0,2937.0,4525.0,760.0,1366.0,2062.0,2520.0,1452.0,1662.0,1282.0,2241.0,4404.0,1778.0,2158.0,3885.0,2144.0,2050.0,2166.0,1823.0,2042.0,1426.0,2890.0,2830.0,1764.0,1948.0,1800.0,1827.0,2244.0,1303.0,1720.0,2069.0,1954.0,1727.0,4508.0,1431.0,2681.0,3136.0,1386.0,1470.0,1490.0,1531.0,1623.0,1964.0,1884.0,1909.0,1908.0,4508.0,1708.0,1613.0,1923.0,2973.0,2779.0,2848.0,1750.0,1156.0,2038.0,1660.0,1565.0,2130.0,2047.0,1870.0,1948.0,1890.0,1351.0,1689.0,1715.0,1450.0,1484.0,1639.0,1430.0,1650.0,993.0,1518.0,1606.0,1983.0,1874.0,1994.0,1934.0,2069.0,1700.0,1401.0,1999.0,1655.0,1551.0,1697.0,1563.0,1597.0,1711.0,1156.0,1668.0,5136.0,1817.0,1886.0,2493.0,2594.0,2413.0,2693.0,2285.0,1812.0,1816.0,1823.0,2117.0,1691.0,1427.0,1885.0,1395.0,streamcluster
9871.0,2861.0,2862.0,3879.0,4195.0,5499.0,3649.0,3607.0,2324.0,2283.0,2481.0,2598.0,2564.0,3209.0,2777.0,5595.0,2249.0,1507.0,1360.0,1731.0,2241.0,1941.0,1612.0,2207.0,1634.0,1400.0,4281.0,2757.0,1829.0,2010.0,1585.0,1887.0,2302.0,1745.0,1229.0,4844.0,2293.0,2008.0,1865.0,3084.0,1760.0,1916.0,1854.0,1714.0,2050.0,2104.0,1767.0,1985.0,2905.0,2038.0,4997.0,1584.0,3098.0,2545.0,2468.0,3277.0,2350.0,2373.0,2167.0,2205.0,2261.0,2352.0,2518.0,2054.0,3718.0,2384.0,2450.0,3206.0,3217.0,3239.0,2749.0,3249.0,2941.0,2917.0,3888.0,3321.0,4800.0,2820.0,2654.0,2778.0,3637.0,2014.0,1681.0,2204.0,2942.0,1588.0,4561.0,2367.0,3323.0,2362.0,1989.0,2068.0,1676.0,2131.0,1689.0,2264.0,3294.0,1737.0,1631.0,1804.0,2506.0,4802.0,1002.0,1860.0,2605.0,1742.0,1715.0,1674.0,1417.0,1811.0,1350.0,2844.0,2585.0,2392.0,3015.0,3486.0,2685.0,2415.0,2078.0,1806.0,1833.0,3092.0,2521.0,4984.0,1898.0,2083.0,2025.0,2120.0,2117.0,1967.0,1986.0,1888.0,2373.0,2824.0,3090.0,2001.0,1156.0,4708.0,1725.0,1647.0,2979.0,1672.0,1797.0,1823.0,1596.0,1521.0,1642.0,1749.0,2065.0,1506.0,1723.0,3007.0,4621.0,763.0,1424.0,2072.0,2427.0,1431.0,1747.0,1285.0,2018.0,4433.0,1598.0,2046.0,3835.0,1967.0,2159.0,2207.0,1897.0,2132.0,1368.0,2820.0,2643.0,1791.0,1963.0,1632.0,1747.0,2229.0,1384.0,1561.0,2164.0,1816.0,1736.0,4654.0,1504.0,2705.0,3155.0,1349.0,1433.0,1699.0,1529.0,1463.0,1946.0,1905.0,1865.0,1764.0,4580.0,1645.0,1755.0,1972.0,2915.0,2750.0,2764.0,1779.0,1180.0,1794.0,1637.0,1690.0,2161.0,2031.0,1905.0,1789.0,2064.0,1603.0,1469.0,1808.0,1651.0,1535.0,1502.0,1545.0,1736.0,948.0,1599.0,1542.0,1909.0,1701.0,1956.0,1841.0,2261.0,1615.0,1370.0,2177.0,1590.0,1729.0,1769.0,1739.0,1685.0,1706.0,1110.0,1559.0,4839.0,1944.0,1822.0,2501.0,2576.0,2129.0,2747.0,2285.0,1785.0,1750.0,1892.0,1978.0,1902.0,1690.0,1759.0,1322.0,streamcluster
9176.0,2859.0,2942.0,3872.0,4136.0,5527.0,3853.0,3223.0,2358.0,2210.0,2615.0,2785.0,2700.0,3137.0,2826.0,5784.0,2266.0,1495.0,1277.0,1855.0,2373.0,1883.0,1840.0,2119.0,1673.0,1525.0,4405.0,2716.0,1674.0,1921.0,1644.0,1752.0,2237.0,1793.0,1292.0,4827.0,2289.0,2359.0,1980.0,3088.0,2011.0,2089.0,1714.0,1849.0,2031.0,1959.0,1624.0,1955.0,2720.0,2065.0,4976.0,1630.0,3062.0,2671.0,2436.0,3145.0,2200.0,2406.0,2164.0,2271.0,2347.0,2392.0,2418.0,1978.0,3543.0,2564.0,2480.0,3316.0,2952.0,3256.0,2838.0,3097.0,2833.0,2705.0,3839.0,3266.0,4979.0,2566.0,2539.0,2655.0,3456.0,2030.0,1896.0,2144.0,2926.0,1674.0,4730.0,2303.0,3454.0,2116.0,1884.0,1952.0,1757.0,1984.0,1690.0,2159.0,3254.0,1765.0,1655.0,1957.0,2493.0,5044.0,1061.0,1763.0,2763.0,1718.0,1692.0,1734.0,1439.0,1623.0,1453.0,2697.0,2550.0,2194.0,3002.0,3257.0,2515.0,2354.0,2140.0,1680.0,1773.0,3031.0,2182.0,4891.0,1890.0,2100.0,1978.0,1913.0,2077.0,1798.0,1793.0,1934.0,2382.0,3098.0,3036.0,1968.0,1221.0,4713.0,1857.0,1715.0,3153.0,1508.0,2041.0,1722.0,1639.0,1803.0,1585.0,1675.0,1854.0,1354.0,1663.0,2775.0,4507.0,717.0,1409.0,1971.0,2621.0,1282.0,1525.0,1362.0,2111.0,4539.0,1729.0,2038.0,3679.0,2140.0,2187.0,2131.0,2048.0,2048.0,1370.0,2912.0,2796.0,1893.0,1736.0,1701.0,1772.0,2324.0,1432.0,1610.0,2021.0,1807.0,1735.0,4592.0,1388.0,2591.0,3298.0,1426.0,1362.0,1622.0,1414.0,1399.0,2051.0,1930.0,1667.0,1753.0,4769.0,1671.0,1680.0,1853.0,3082.0,2825.0,2839.0,1728.0,1226.0,1835.0,1555.0,1684.0,1961.0,2117.0,2040.0,1868.0,1868.0,1435.0,1525.0,1792.0,1559.0,1331.0,1578.0,1476.0,1749.0,930.0,1503.0,1575.0,1918.0,1716.0,2036.0,1870.0,2152.0,1582.0,1437.0,1916.0,1589.0,1493.0,1635.0,1737.0,1684.0,1765.0,1102.0,1690.0,5023.0,1797.0,2095.0,2415.0,2505.0,2157.0,2761.0,2149.0,1877.0,1734.0,1770.0,1918.0,1906.0,1496.0,1914.0,1350.0,streamcluster
6334.0,1956.0,1727.0,2415.0,2988.0,3791.0,2561.0,2429.0,1638.0,1625.0,1871.0,1755.0,1615.0,2025.0,1879.0,3710.0,1586.0,963.0,922.0,1076.0,1542.0,1265.0,1146.0,1338.0,1082.0,1094.0,2750.0,1753.0,1168.0,1264.0,1105.0,1144.0,1397.0,1348.0,753.0,3070.0,1532.0,1410.0,1271.0,2056.0,1327.0,1522.0,1216.0,1075.0,1273.0,1297.0,1154.0,1344.0,1890.0,1347.0,3219.0,1060.0,2170.0,1734.0,1561.0,2137.0,1599.0,1645.0,1439.0,1573.0,1496.0,1633.0,1619.0,1439.0,2567.0,1702.0,1492.0,2149.0,2095.0,2017.0,2029.0,2006.0,1938.0,1965.0,2603.0,2280.0,3049.0,1882.0,1684.0,1796.0,2311.0,1328.0,1081.0,1472.0,1865.0,1021.0,3023.0,1459.0,2187.0,1520.0,1232.0,1459.0,1080.0,1411.0,1226.0,1447.0,2250.0,1149.0,938.0,1132.0,1751.0,3161.0,710.0,1197.0,1773.0,1166.0,983.0,1085.0,905.0,1127.0,1070.0,1876.0,2007.0,1411.0,2102.0,2175.0,1573.0,1414.0,1485.0,1110.0,1100.0,1918.0,1535.0,2929.0,1188.0,1468.0,1325.0,1309.0,1332.0,1236.0,1082.0,1046.0,1580.0,1882.0,1981.0,1377.0,774.0,2882.0,1140.0,1232.0,1788.0,1134.0,1213.0,1275.0,1050.0,1047.0,900.0,1107.0,1349.0,942.0,1097.0,1737.0,2872.0,489.0,844.0,1366.0,1531.0,998.0,1071.0,1006.0,1383.0,2898.0,1103.0,1384.0,2349.0,1429.0,1347.0,1372.0,1190.0,1441.0,881.0,1819.0,1707.0,1229.0,1267.0,1274.0,1155.0,1491.0,851.0,1092.0,1536.0,1126.0,1233.0,2798.0,966.0,1731.0,2101.0,859.0,959.0,1072.0,1079.0,840.0,1147.0,1122.0,1127.0,1283.0,2870.0,1121.0,1150.0,1371.0,1814.0,1789.0,1799.0,1153.0,694.0,1260.0,1045.0,1058.0,1284.0,1290.0,1332.0,1207.0,1299.0,985.0,948.0,1252.0,970.0,962.0,1086.0,967.0,978.0,632.0,1063.0,1099.0,1299.0,1161.0,1248.0,1188.0,1479.0,1040.0,1000.0,1312.0,981.0,1017.0,1160.0,1068.0,1148.0,1019.0,727.0,1102.0,3159.0,1339.0,1171.0,1501.0,1783.0,1440.0,1822.0,1507.0,1250.0,1208.0,1336.0,1164.0,1188.0,1179.0,1119.0,848.0,streamcluster
8852.0,3073.0,2850.0,3540.0,3892.0,4989.0,3573.0,3236.0,2410.0,2436.0,2202.0,2495.0,2556.0,3002.0,2593.0,5610.0,2053.0,1431.0,1228.0,1676.0,2401.0,1899.0,1716.0,2028.0,1463.0,1480.0,4448.0,2618.0,1602.0,1904.0,1400.0,1817.0,2080.0,1994.0,1214.0,4693.0,2148.0,1850.0,1764.0,3180.0,1766.0,1895.0,1713.0,1784.0,2043.0,1803.0,1659.0,1805.0,2750.0,2037.0,4854.0,1583.0,3142.0,2530.0,2237.0,3193.0,2245.0,2407.0,2157.0,2343.0,2170.0,2269.0,2293.0,2063.0,3317.0,2749.0,2217.0,3293.0,3048.0,2907.0,2587.0,2936.0,2792.0,2759.0,3875.0,3110.0,5101.0,2619.0,2214.0,2458.0,3155.0,2014.0,1611.0,2126.0,2848.0,1486.0,4443.0,2276.0,3341.0,2044.0,1828.0,1968.0,1660.0,1960.0,1618.0,2118.0,3221.0,1546.0,1695.0,1715.0,2369.0,4800.0,1037.0,1771.0,2641.0,1680.0,1659.0,1484.0,1462.0,1750.0,1292.0,2767.0,2515.0,2120.0,3036.0,3360.0,2289.0,2312.0,2005.0,1747.0,1562.0,3016.0,2202.0,4656.0,1935.0,2021.0,1629.0,2030.0,1952.0,1764.0,1654.0,1927.0,2254.0,2877.0,2876.0,1851.0,1204.0,4472.0,1612.0,1597.0,2848.0,1744.0,1807.0,1812.0,1460.0,1509.0,1392.0,1830.0,1999.0,1408.0,1570.0,2746.0,4393.0,771.0,1356.0,1873.0,2666.0,1386.0,1520.0,1354.0,1943.0,4799.0,1728.0,2092.0,3795.0,1813.0,2005.0,2005.0,1829.0,2043.0,1256.0,2927.0,2641.0,1754.0,1741.0,1717.0,1635.0,2473.0,1364.0,1496.0,1808.0,1642.0,1666.0,4329.0,1349.0,2555.0,2965.0,1393.0,1491.0,1515.0,1384.0,1321.0,1919.0,1711.0,1721.0,1658.0,4795.0,1517.0,1718.0,1893.0,3087.0,2781.0,2916.0,1717.0,1163.0,1949.0,1492.0,1525.0,1941.0,1883.0,1717.0,1941.0,1985.0,1451.0,1420.0,1978.0,1469.0,1374.0,1546.0,1537.0,1598.0,1005.0,1369.0,1613.0,1835.0,1668.0,1833.0,1842.0,2025.0,1546.0,1250.0,1831.0,1665.0,1616.0,1644.0,1577.0,1655.0,1660.0,1043.0,1432.0,4721.0,2109.0,1811.0,2275.0,2295.0,1939.0,2630.0,2079.0,1919.0,1685.0,1660.0,1843.0,1742.0,1673.0,1864.0,1293.0,streamcluster
279.0,159.0,115.0,153.0,129.0,192.0,54.0,118.0,95.0,116.0,69.0,127.0,109.0,118.0,163.0,124.0,100.0,27.0,73.0,43.0,36.0,31.0,24.0,28.0,20.0,37.0,32.0,31.0,39.0,28.0,38.0,36.0,75.0,48.0,61.0,40.0,52.0,59.0,36.0,41.0,29.0,51.0,54.0,41.0,52.0,51.0,61.0,56.0,90.0,46.0,80.0,27.0,40.0,48.0,37.0,48.0,15.0,38.0,35.0,32.0,36.0,38.0,41.0,41.0,99.0,51.0,103.0,64.0,48.0,48.0,37.0,50.0,24.0,55.0,59.0,59.0,50.0,53.0,50.0,41.0,131.0,41.0,148.0,33.0,36.0,41.0,38.0,49.0,28.0,47.0,45.0,41.0,59.0,38.0,50.0,40.0,28.0,12.0,77.0,13.0,14.0,25.0,15.0,17.0,11.0,33.0,24.0,20.0,19.0,25.0,19.0,24.0,67.0,17.0,57.0,20.0,17.0,28.0,19.0,26.0,15.0,19.0,46.0,24.0,40.0,33.0,33.0,30.0,80.0,24.0,65.0,21.0,27.0,23.0,27.0,32.0,17.0,36.0,28.0,32.0,36.0,31.0,28.0,28.0,74.0,27.0,54.0,36.0,34.0,36.0,50.0,24.0,19.0,28.0,30.0,35.0,26.0,22.0,26.0,38.0,39.0,37.0,59.0,27.0,49.0,28.0,36.0,41.0,16.0,42.0,32.0,33.0,36.0,31.0,35.0,27.0,72.0,14.0,51.0,24.0,36.0,24.0,20.0,21.0,14.0,25.0,35.0,34.0,26.0,23.0,39.0,21.0,43.0,50.0,84.0,21.0,25.0,47.0,27.0,29.0,23.0,32.0,31.0,42.0,40.0,37.0,31.0,28.0,66.0,31.0,71.0,19.0,30.0,46.0,33.0,55.0,23.0,34.0,31.0,32.0,36.0,34.0,26.0,27.0,84.0,23.0,67.0,30.0,26.0,27.0,26.0,45.0,13.0,24.0,24.0,34.0,21.0,23.0,21.0,25.0,87.0,49.0,93.0,40.0,43.0,36.0,34.0,37.0,29.0,56.0,45.0,48.0,42.0,33.0,47.0,33.0,streamcluster
