From router 0 to router 0,From router 0 to router 1,From router 0 to router 2,From router 0 to router 3,From router 0 to router 4,From router 0 to router 5,From router 0 to router 6,From router 0 to router 7,From router 0 to router 8,From router 0 to router 9,From router 0 to router 10,From router 0 to router 11,From router 0 to router 12,From router 0 to router 13,From router 0 to router 14,From router 0 to router 15,From router 1 to router 0,From router 1 to router 1,From router 1 to router 2,From router 1 to router 3,From router 1 to router 4,From router 1 to router 5,From router 1 to router 6,From router 1 to router 7,From router 1 to router 8,From router 1 to router 9,From router 1 to router 10,From router 1 to router 11,From router 1 to router 12,From router 1 to router 13,From router 1 to router 14,From router 1 to router 15,From router 2 to router 0,From router 2 to router 1,From router 2 to router 2,From router 2 to router 3,From router 2 to router 4,From router 2 to router 5,From router 2 to router 6,From router 2 to router 7,From router 2 to router 8,From router 2 to router 9,From router 2 to router 10,From router 2 to router 11,From router 2 to router 12,From router 2 to router 13,From router 2 to router 14,From router 2 to router 15,From router 3 to router 0,From router 3 to router 1,From router 3 to router 2,From router 3 to router 3,From router 3 to router 4,From router 3 to router 5,From router 3 to router 6,From router 3 to router 7,From router 3 to router 8,From router 3 to router 9,From router 3 to router 10,From router 3 to router 11,From router 3 to router 12,From router 3 to router 13,From router 3 to router 14,From router 3 to router 15,From router 4 to router 0,From router 4 to router 1,From router 4 to router 2,From router 4 to router 3,From router 4 to router 4,From router 4 to router 5,From router 4 to router 6,From router 4 to router 7,From router 4 to router 8,From router 4 to router 9,From router 4 to router 10,From router 4 to router 11,From router 4 to router 12,From router 4 to router 13,From router 4 to router 14,From router 4 to router 15,From router 5 to router 0,From router 5 to router 1,From router 5 to router 2,From router 5 to router 3,From router 5 to router 4,From router 5 to router 5,From router 5 to router 6,From router 5 to router 7,From router 5 to router 8,From router 5 to router 9,From router 5 to router 10,From router 5 to router 11,From router 5 to router 12,From router 5 to router 13,From router 5 to router 14,From router 5 to router 15,From router 6 to router 0,From router 6 to router 1,From router 6 to router 2,From router 6 to router 3,From router 6 to router 4,From router 6 to router 5,From router 6 to router 6,From router 6 to router 7,From router 6 to router 8,From router 6 to router 9,From router 6 to router 10,From router 6 to router 11,From router 6 to router 12,From router 6 to router 13,From router 6 to router 14,From router 6 to router 15,From router 7 to router 0,From router 7 to router 1,From router 7 to router 2,From router 7 to router 3,From router 7 to router 4,From router 7 to router 5,From router 7 to router 6,From router 7 to router 7,From router 7 to router 8,From router 7 to router 9,From router 7 to router 10,From router 7 to router 11,From router 7 to router 12,From router 7 to router 13,From router 7 to router 14,From router 7 to router 15,From router 8 to router 0,From router 8 to router 1,From router 8 to router 2,From router 8 to router 3,From router 8 to router 4,From router 8 to router 5,From router 8 to router 6,From router 8 to router 7,From router 8 to router 8,From router 8 to router 9,From router 8 to router 10,From router 8 to router 11,From router 8 to router 12,From router 8 to router 13,From router 8 to router 14,From router 8 to router 15,From router 9 to router 0,From router 9 to router 1,From router 9 to router 2,From router 9 to router 3,From router 9 to router 4,From router 9 to router 5,From router 9 to router 6,From router 9 to router 7,From router 9 to router 8,From router 9 to router 9,From router 9 to router 10,From router 9 to router 11,From router 9 to router 12,From router 9 to router 13,From router 9 to router 14,From router 9 to router 15,From router 10 to router 0,From router 10 to router 1,From router 10 to router 2,From router 10 to router 3,From router 10 to router 4,From router 10 to router 5,From router 10 to router 6,From router 10 to router 7,From router 10 to router 8,From router 10 to router 9,From router 10 to router 10,From router 10 to router 11,From router 10 to router 12,From router 10 to router 13,From router 10 to router 14,From router 10 to router 15,From router 11 to router 0,From router 11 to router 1,From router 11 to router 2,From router 11 to router 3,From router 11 to router 4,From router 11 to router 5,From router 11 to router 6,From router 11 to router 7,From router 11 to router 8,From router 11 to router 9,From router 11 to router 10,From router 11 to router 11,From router 11 to router 12,From router 11 to router 13,From router 11 to router 14,From router 11 to router 15,From router 12 to router 0,From router 12 to router 1,From router 12 to router 2,From router 12 to router 3,From router 12 to router 4,From router 12 to router 5,From router 12 to router 6,From router 12 to router 7,From router 12 to router 8,From router 12 to router 9,From router 12 to router 10,From router 12 to router 11,From router 12 to router 12,From router 12 to router 13,From router 12 to router 14,From router 12 to router 15,From router 13 to router 0,From router 13 to router 1,From router 13 to router 2,From router 13 to router 3,From router 13 to router 4,From router 13 to router 5,From router 13 to router 6,From router 13 to router 7,From router 13 to router 8,From router 13 to router 9,From router 13 to router 10,From router 13 to router 11,From router 13 to router 12,From router 13 to router 13,From router 13 to router 14,From router 13 to router 15,From router 14 to router 0,From router 14 to router 1,From router 14 to router 2,From router 14 to router 3,From router 14 to router 4,From router 14 to router 5,From router 14 to router 6,From router 14 to router 7,From router 14 to router 8,From router 14 to router 9,From router 14 to router 10,From router 14 to router 11,From router 14 to router 12,From router 14 to router 13,From router 14 to router 14,From router 14 to router 15,From router 15 to router 0,From router 15 to router 1,From router 15 to router 2,From router 15 to router 3,From router 15 to router 4,From router 15 to router 5,From router 15 to router 6,From router 15 to router 7,From router 15 to router 8,From router 15 to router 9,From router 15 to router 10,From router 15 to router 11,From router 15 to router 12,From router 15 to router 13,From router 15 to router 14,From router 15 to router 15,Applications (Label Classes)
0,0,0,0,0,0,0,0,0,0,0,0,0,0,0,0,0,0,0,0,0,0,0,0,0,0,0,0,0,0,0,0,0,0,0,0,0,0,0,0,0,0,0,0,0,0,0,0,0,0,0,0,0,0,0,0,0,0,0,0,0,0,0,0,0,0,0,0,0,0,0,0,0,0,0,0,0,0,0,0,0,0,0,0,0,0,0,0,0,0,0,0,0,0,0,0,0,0,0,0,0,0,0,0,0,0,0,0,0,0,0,0,0,0,0,0,0,0,0,0,0,0,0,0,0,0,0,0,0,0,0,0,0,0,0,0,0,0,0,0,0,0,0,0,0,0,0,0,0,0,0,0,0,0,0,0,0,0,0,0,0,0,0,0,0,0,0,0,0,0,0,0,0,0,0,0,0,0,0,0,0,0,0,0,0,0,0,0,0,0,0,0,0,0,0,0,0,0,0,0,0,0,0,0,0,0,0,0,0,0,0,0,0,0,0,0,0,0,0,0,0,0,0,0,0,0,0,0,0,0,0,0,0,0,0,0,0,0,0,0,0,0,0,0,0,0,0,0,0,0,0,0,0,0,0,0,facesim
3088,2022,1920,2018,1999,2010,3874,1948,1933,1949,1901,1919,1934,1986,2006,1990,1028,26,31,35,27,27,1954,31,21,21,17,22,16,21,25,18,965,8,10,15,14,15,1977,11,9,9,7,7,5,5,9,7,1021,11,13,14,17,16,1957,13,15,12,10,11,10,13,14,12,1014,18,17,19,18,23,1952,18,17,17,14,15,14,12,18,16,1028,27,33,29,35,33,1971,33,28,26,28,33,28,30,28,37,1024,61,67,60,66,64,1998,52,62,54,60,63,60,63,73,64,986,21,15,15,14,19,1927,10,16,12,12,16,12,12,16,17,998,29,29,34,35,36,1952,30,33,29,32,39,29,30,31,34,981,10,7,11,10,12,1935,10,11,8,5,8,8,7,10,9,960,8,5,10,10,11,1927,10,9,2,3,6,5,5,10,9,965,7,4,8,8,8,1923,9,7,4,3,8,6,9,10,10,971,8,5,7,9,11,1926,11,8,6,4,6,4,6,9,7,1002,14,11,12,13,15,1939,14,14,8,8,9,10,11,14,11,1013,14,11,13,18,19,1933,13,15,11,8,13,10,12,15,13,1007,14,10,13,14,18,1957,13,14,12,9,13,10,10,17,9,facesim
2505,1641,1544,1637,1573,1638,5181,1569,1573,1578,1503,1542,1571,1640,1635,1644,824,5,7,6,7,8,1567,6,8,7,5,6,6,8,7,8,777,6,4,6,5,8,1546,4,6,5,3,3,4,5,8,7,825,8,6,8,7,11,1550,6,9,8,5,5,7,8,8,9,793,8,5,8,3,9,1546,5,6,6,3,5,6,6,8,8,823,9,6,10,7,10,1545,7,9,7,4,5,6,8,9,9,772,2,2,3,3,5,1527,2,3,3,3,3,2,2,4,4,790,6,4,6,4,8,1542,4,7,5,2,3,4,6,6,6,792,6,4,6,4,8,1548,4,6,5,2,3,6,6,7,7,792,6,4,7,4,8,1570,5,7,6,3,4,6,7,8,8,757,4,3,4,3,6,1564,2,4,3,0,1,3,4,4,5,776,5,3,6,4,8,1571,4,5,4,1,2,4,5,6,7,791,6,4,6,4,8,1621,4,6,5,2,3,4,7,6,7,825,8,6,8,5,11,1573,6,8,7,4,5,7,8,9,10,827,8,7,9,12,12,1558,8,10,9,5,7,7,10,9,11,824,8,6,8,7,10,1554,6,8,8,5,6,6,10,10,10,facesim
2557,1682,1628,1685,1651,1688,5238,1615,1624,1622,1554,1579,1613,1671,1709,1668,848,9,22,11,12,14,1596,11,11,12,8,8,11,11,13,14,805,8,18,12,11,11,1587,7,8,9,7,9,12,12,19,18,853,9,21,10,10,12,1583,10,9,10,7,8,9,10,11,11,830,8,35,8,8,9,1588,9,8,10,6,5,6,8,6,7,855,12,21,11,9,12,1573,11,11,12,8,8,10,12,10,11,804,8,17,10,13,10,1571,8,11,11,10,9,11,5,10,7,819,9,17,10,10,11,1583,9,8,10,6,7,9,9,9,9,822,11,19,12,12,13,1581,11,10,12,8,8,11,11,11,10,823,11,20,11,12,13,1598,10,11,11,8,7,10,10,10,11,783,6,16,7,6,8,1604,6,6,6,3,4,6,6,7,7,797,7,14,8,9,8,1609,7,7,8,4,4,7,7,7,7,813,7,36,8,8,9,1646,8,9,9,6,5,6,8,8,6,845,10,19,10,10,11,1600,9,9,10,7,8,10,10,10,10,863,12,68,12,11,12,1593,10,11,12,11,7,9,10,16,10,846,12,43,11,11,12,1591,10,9,11,7,8,9,10,10,10,facesim
3017,1995,1903,1997,1940,1987,3785,1931,1952,1952,1884,1908,1927,1992,1984,2001,1006,12,9,15,13,12,1894,13,16,15,12,9,8,13,14,13,968,11,4,10,12,7,1896,9,11,9,6,6,5,8,16,14,1011,14,11,14,15,12,1883,14,15,14,11,9,10,12,13,16,982,12,11,16,16,14,1888,14,16,14,11,11,10,13,14,17,1008,12,9,14,14,12,1880,14,16,14,12,10,10,12,13,16,977,34,28,39,37,31,1901,35,40,38,36,38,32,35,36,32,976,13,9,14,13,12,1877,15,16,14,12,10,10,12,13,16,988,14,10,14,12,13,1878,15,17,15,13,10,10,13,13,17,985,14,9,14,13,12,1880,14,15,13,12,9,9,13,13,15,954,11,6,11,10,9,1877,11,13,13,10,8,7,11,11,12,964,9,6,9,8,8,1872,10,10,7,8,6,6,9,10,11,975,10,6,10,10,9,1881,11,12,10,8,7,7,10,10,13,1007,12,7,12,11,10,1888,12,14,13,11,8,9,10,12,13,1000,12,11,16,14,13,1885,15,15,14,13,12,11,13,11,17,1008,14,11,15,14,13,1887,15,17,14,12,12,12,13,15,18,facesim
2986,1969,1886,1979,1961,1971,3724,1902,1904,1916,1838,1863,1894,1958,2004,1978,993,12,11,16,20,15,1859,11,9,13,6,8,10,14,14,22,953,10,11,13,22,11,1853,8,7,11,7,6,8,11,18,19,995,11,11,14,22,12,1857,9,8,12,6,7,8,12,14,19,975,10,9,12,41,13,1859,8,6,12,6,5,10,13,32,66,992,11,11,14,24,12,1865,9,8,12,6,7,10,12,15,23,943,5,13,9,18,9,1856,6,5,10,6,7,7,6,9,24,959,8,8,11,18,9,1854,6,5,9,3,4,6,9,12,24,960,8,8,11,18,9,1857,6,5,9,3,6,7,9,12,23,967,10,10,13,22,11,1853,8,7,11,5,7,8,11,14,26,926,6,7,9,19,7,1846,4,3,7,1,3,4,7,10,20,940,6,6,9,17,7,1849,4,4,9,2,4,4,7,10,18,955,7,7,10,35,9,1847,5,5,8,2,3,4,8,10,23,987,9,9,12,20,10,1848,7,6,10,4,5,8,10,12,20,1011,11,12,15,68,13,1850,10,9,14,8,8,11,13,15,39,984,9,10,12,49,11,1847,8,6,11,4,5,6,9,14,24,facesim
1827,1167,1034,1157,1116,1146,6120,1064,1071,1073,987,1039,1074,1167,1162,1158,590,11,7,14,12,13,5076,8,9,10,7,9,9,9,10,9,525,11,5,13,9,12,5105,6,8,8,3,6,6,8,7,9,589,14,8,14,13,16,5072,9,10,11,7,9,10,12,11,11,571,14,8,15,20,16,5062,10,10,12,8,10,12,11,18,16,580,10,6,11,10,11,5077,7,8,9,6,8,8,8,8,8,513,2,2,3,3,3,5041,2,2,4,3,3,6,3,5,5,535,8,3,9,8,10,5047,5,6,7,4,6,6,6,6,8,542,8,4,9,8,10,5028,5,6,7,5,6,6,6,6,7,540,9,4,10,9,11,5030,6,7,8,5,7,7,7,7,8,499,7,3,9,7,9,5044,5,6,6,3,5,5,5,5,6,524,8,3,10,7,10,5039,6,8,7,4,6,6,6,6,7,544,9,4,11,8,11,5058,6,7,8,5,7,7,8,7,8,590,10,6,13,11,13,5079,8,9,10,7,9,10,9,9,10,589,11,7,14,13,13,5050,8,10,10,9,9,9,9,9,11,592,10,5,12,23,12,5077,8,9,10,7,9,22,8,28,23,facesim
3034,1974,1893,1982,1944,1994,3744,1922,1925,1928,1854,1880,1919,1978,1972,1977,996,12,14,11,16,16,1867,16,14,14,10,11,13,14,14,18,954,9,13,10,11,13,1862,11,10,11,9,7,8,7,10,12,1002,13,15,13,14,16,1859,17,15,15,12,14,15,14,13,18,983,11,9,9,10,11,1861,12,12,12,7,9,11,10,14,13,1011,19,17,17,19,18,1866,19,18,18,12,13,16,18,16,20,945,8,6,5,11,8,1857,7,7,6,6,4,8,11,9,8,972,14,12,13,13,16,1856,14,14,14,8,10,12,13,11,15,975,15,13,14,14,17,1862,16,14,15,8,12,14,13,13,16,977,15,14,13,16,17,1860,16,15,14,8,11,13,14,12,18,936,10,9,9,7,12,1863,10,8,9,3,5,8,9,9,13,952,12,11,11,13,13,1863,12,11,12,5,7,11,11,10,14,970,14,12,13,13,15,1869,15,16,15,9,11,11,14,13,16,999,15,13,13,13,17,1865,15,13,14,8,10,13,14,12,16,999,16,14,14,15,17,1863,17,16,16,11,12,15,15,16,18,999,16,15,13,16,17,1873,15,15,15,10,10,13,14,16,17,facesim
3039,1972,1873,1968,1941,1973,3724,1911,1909,1909,1842,1870,1902,1975,1969,1972,998,13,9,14,13,14,1864,9,12,9,6,5,9,13,11,13,947,8,7,9,8,9,1855,6,8,5,5,4,7,11,9,12,993,10,8,11,9,12,1862,8,10,8,6,6,8,12,10,12,983,13,10,13,10,12,1869,8,11,7,8,6,9,12,11,15,997,11,9,13,11,12,1871,9,12,9,8,8,10,13,11,14,943,6,9,9,6,10,1864,5,8,6,4,8,12,7,10,16,965,8,6,9,7,9,1861,6,8,5,4,4,7,10,8,11,961,8,7,9,8,9,1862,6,8,5,5,4,8,10,8,11,966,8,6,10,8,9,1859,6,8,5,4,5,8,10,8,11,928,5,5,6,7,6,1854,3,7,2,1,2,4,7,5,8,942,5,4,7,6,7,1855,4,7,3,2,2,6,8,6,9,959,8,6,9,8,9,1856,6,8,5,4,4,7,11,8,11,995,9,8,11,10,11,1856,8,10,7,6,6,10,12,10,13,992,9,10,11,11,11,1859,8,10,7,6,6,9,12,11,13,993,13,11,14,14,14,1863,11,13,9,9,9,12,15,15,15,facesim
1847,1158,1030,1144,1109,1153,6095,1058,1068,1056,970,1021,1073,1170,1159,1148,584,8,7,8,10,9,5052,8,8,8,6,7,9,11,11,10,522,6,4,6,6,6,5089,4,5,5,2,3,5,7,8,5,580,8,6,8,9,8,5050,6,6,6,4,5,7,9,9,8,559,9,6,9,9,10,5044,7,7,8,4,6,7,10,10,9,585,9,7,9,9,9,5057,7,7,7,5,6,8,10,10,9,516,11,9,8,9,11,5038,7,9,9,8,10,7,6,7,6,534,6,3,6,6,6,5028,4,4,4,2,3,5,7,7,6,542,9,6,9,9,10,5018,7,7,7,6,6,8,10,10,9,534,7,4,6,6,7,5018,4,4,4,2,3,5,7,7,5,491,5,2,5,4,6,5028,3,3,3,1,2,4,6,5,5,517,5,2,5,5,6,5024,3,3,4,2,2,4,6,6,5,542,7,4,7,6,7,5046,5,5,5,3,4,6,9,7,7,593,9,7,10,10,10,5059,8,8,8,6,7,10,11,11,10,588,9,7,10,9,10,5042,8,8,8,5,7,8,11,9,10,583,8,6,8,8,8,5070,6,6,6,4,5,7,9,9,8,facesim
3021,1964,1868,1957,1934,1958,3715,1894,1899,1903,1830,1866,1894,1959,1964,1957,993,8,6,12,12,9,1856,7,7,11,8,8,9,9,8,11,944,7,4,8,11,8,1848,5,5,8,5,4,5,5,6,10,991,11,7,11,13,11,1850,9,9,12,8,7,9,10,9,12,978,10,6,10,14,11,1856,9,9,12,8,7,10,12,12,13,989,10,6,10,14,10,1856,8,8,11,7,6,8,9,9,11,934,1,1,3,6,2,1846,1,1,3,2,3,3,2,2,4,957,8,4,8,12,8,1848,6,7,10,6,5,6,7,7,9,959,8,4,8,11,8,1853,7,6,9,5,4,6,7,7,9,962,10,6,10,13,10,1851,9,8,11,7,6,8,9,9,10,924,7,4,7,10,7,1847,6,5,8,4,3,5,6,6,8,943,8,5,8,12,8,1850,8,7,9,5,4,6,7,7,8,957,9,5,9,12,9,1851,7,7,10,6,5,7,9,8,10,991,10,6,10,13,10,1851,8,8,11,7,6,9,9,10,10,991,10,7,11,16,11,1853,9,9,12,8,8,10,11,11,13,987,11,8,11,15,11,1851,10,11,13,9,6,9,10,10,12,facesim
2574,1624,1537,1637,1597,1627,4670,1553,1574,1579,1497,1532,1575,1657,1640,1644,827,16,17,20,19,18,3147,18,17,19,15,13,15,22,21,23,786,17,15,21,19,18,3162,17,16,18,14,13,16,22,20,24,836,17,17,20,18,17,3148,17,15,18,15,14,17,21,20,21,816,17,22,22,21,18,3151,19,17,20,20,15,17,21,20,22,828,13,15,17,16,15,3160,16,14,16,15,12,15,19,17,21,773,14,18,18,16,16,3150,18,18,20,16,13,17,23,22,20,789,13,14,16,14,14,3142,17,13,15,13,12,13,17,17,18,799,13,14,15,15,13,3135,14,14,17,13,14,13,19,17,18,804,15,16,18,17,15,3136,16,16,18,17,13,15,21,19,19,759,11,12,13,13,11,3137,12,11,15,12,10,11,17,15,15,775,9,10,11,10,9,3136,10,10,11,10,10,10,15,14,16,800,12,13,15,15,13,3149,14,13,14,12,11,13,18,17,17,841,15,15,17,17,15,3159,16,16,18,17,15,17,20,19,19,834,15,17,18,19,17,3147,18,16,19,17,15,17,21,19,22,832,13,18,20,18,16,3145,17,15,17,15,14,15,19,18,21,facesim
3056,1976,1877,1981,1949,1960,3743,1915,1891,1913,1843,1885,1910,1957,1963,1962,1012,19,17,22,22,23,1879,19,25,18,21,22,19,23,17,19,945,7,6,6,7,8,1866,4,6,5,4,7,5,9,7,9,997,9,7,6,7,9,1867,6,7,6,6,8,5,8,7,7,986,11,8,10,10,15,1875,12,15,10,12,11,11,12,11,13,998,20,17,21,20,22,1879,17,24,19,18,18,16,19,19,14,974,36,30,36,35,38,1884,28,32,34,32,29,38,36,29,33,965,12,9,12,12,12,1867,8,13,9,7,11,7,11,11,8,965,18,12,18,19,18,1874,16,21,17,17,13,14,14,14,13,965,8,6,7,7,8,1863,8,7,6,4,6,6,8,6,6,930,7,6,6,8,9,1860,7,5,3,4,5,3,7,4,4,951,8,7,6,7,7,1864,6,7,5,5,7,4,7,6,5,961,7,5,6,7,6,1860,5,7,5,2,5,4,8,6,9,988,10,7,8,8,9,1864,9,7,7,8,10,7,9,9,9,991,11,8,10,10,11,1865,9,9,9,6,8,7,10,9,11,989,11,8,11,9,10,1861,8,8,9,4,7,8,9,11,9,facesim
2398,1533,1390,1507,1482,1516,5152,1431,1438,1432,1357,1390,1422,1522,1501,1511,772,12,10,9,12,11,3761,10,12,9,12,10,12,15,13,11,700,6,3,2,4,4,3773,3,5,3,5,2,4,6,5,4,761,12,8,7,10,10,3754,8,10,7,8,5,8,11,10,9,750,12,6,9,11,13,3747,9,12,10,9,7,10,14,12,12,767,14,8,10,14,12,3751,10,12,9,10,8,10,14,13,11,695,8,5,3,6,8,3742,5,6,2,6,2,4,8,4,4,725,13,7,9,11,11,3740,8,10,7,8,6,9,13,11,9,728,14,9,10,12,13,3740,10,11,8,10,7,11,14,11,10,724,11,6,7,8,10,3737,6,8,5,6,5,8,11,9,7,687,11,5,7,8,11,3739,6,9,5,6,5,8,11,9,8,703,10,4,6,7,9,3742,5,8,5,6,3,6,10,8,6,719,12,6,8,9,10,3743,7,10,7,8,5,8,13,10,7,771,17,11,13,14,15,3754,12,14,11,12,10,14,17,14,14,756,14,9,11,12,13,3745,10,12,9,10,8,11,14,13,9,764,16,9,11,12,13,3769,10,12,9,10,8,10,15,12,11,facesim
3036,1962,1867,1957,1918,1960,3711,1895,1896,1894,1828,1861,1897,1962,1958,1959,992,13,8,14,10,15,1860,10,9,11,6,7,9,12,13,12,940,6,5,8,4,7,1850,4,4,5,1,2,3,6,5,7,985,9,6,10,6,10,1855,7,6,8,4,5,7,8,8,8,968,10,6,10,6,9,1858,6,5,7,3,4,5,7,7,7,986,10,9,12,7,11,1860,8,7,9,5,6,7,9,9,9,931,2,2,2,1,3,1849,2,1,3,2,1,3,2,2,2,954,7,4,9,4,8,1850,5,4,6,2,4,5,7,8,8,952,7,4,8,4,8,1852,5,4,6,2,3,5,6,7,7,954,7,4,8,5,8,1846,5,4,6,3,4,5,8,8,8,921,6,3,7,4,7,1846,4,3,5,1,2,3,6,6,5,936,6,4,7,4,7,1849,4,3,6,1,2,4,6,6,6,957,8,5,10,6,9,1852,6,5,7,3,4,5,8,8,8,989,9,6,10,7,11,1850,7,6,9,5,6,7,8,9,9,987,9,7,11,8,11,1853,8,7,9,5,6,7,9,10,10,987,9,7,10,7,10,1850,7,6,8,4,5,6,9,10,10,facesim
2012,1269,1134,1276,1232,1278,5656,1181,1190,1206,1097,1135,1181,1285,1272,1268,647,15,14,22,20,19,4541,14,16,17,11,11,13,15,16,17,582,17,10,21,18,20,4533,12,14,15,10,10,12,14,17,16,658,23,17,27,26,27,4534,20,22,23,16,17,19,22,23,25,637,22,16,26,21,23,4531,17,19,21,13,14,15,18,19,21,659,22,15,26,22,23,4537,18,20,21,13,14,17,21,20,21,575,9,11,14,16,17,4523,14,15,18,12,12,15,17,18,16,606,13,10,17,17,16,4524,13,14,15,10,8,11,12,12,13,609,14,11,19,17,17,4518,13,14,16,11,11,14,15,14,15,619,16,13,21,20,19,4518,16,18,18,13,14,15,16,16,19,558,9,8,14,12,11,4512,9,11,12,6,7,9,10,11,11,577,10,7,15,13,12,4523,8,11,12,7,10,9,10,9,12,602,12,9,16,13,14,4535,11,15,14,9,10,10,12,12,13,652,14,10,17,15,15,4538,11,14,15,10,10,12,12,14,14,648,16,14,20,18,18,4533,13,16,16,13,11,14,15,16,16,646,17,13,21,18,18,4525,14,15,18,12,13,13,14,14,16,facesim
2917,1883,1782,1873,1845,1874,4155,1807,1801,1807,1738,1768,1807,1882,1874,1870,948,11,8,10,11,9,2378,9,8,10,9,9,11,13,13,12,892,4,3,3,3,1,2392,2,3,5,3,2,3,4,5,3,939,7,6,4,7,4,2368,5,4,6,5,4,6,7,7,7,925,7,4,5,8,5,2365,6,5,8,6,5,7,9,9,9,942,7,4,4,7,4,2366,5,4,6,6,4,6,7,9,8,892,11,7,8,8,8,2364,6,7,9,8,8,5,7,7,7,908,10,4,7,8,7,2360,6,5,7,4,4,7,9,10,10,907,9,5,6,8,6,2356,5,4,6,3,4,6,8,10,8,913,12,8,9,10,8,2354,7,6,8,5,6,8,11,10,9,876,9,4,6,7,7,2354,4,3,5,2,2,5,8,8,7,891,8,3,5,6,5,2357,4,4,6,2,2,6,8,8,7,912,11,5,8,9,8,2367,7,6,8,5,6,8,12,11,9,951,14,8,11,12,11,2373,10,9,11,8,8,12,14,13,14,947,13,8,11,12,12,2366,11,10,12,9,9,12,15,15,14,941,10,5,9,11,9,2386,8,7,9,6,6,9,13,12,11,facesim
3041,1962,1871,1962,1924,1961,3709,1892,1894,1896,1826,1858,1895,1962,1963,1960,992,11,9,13,12,14,1858,10,10,10,5,5,9,12,10,9,943,5,4,7,6,8,1848,4,4,4,3,3,5,8,4,7,989,9,8,12,9,10,1853,8,9,10,6,7,9,11,9,9,971,8,6,10,7,8,1857,6,7,7,4,5,7,9,7,7,989,9,9,11,8,9,1861,7,7,7,4,5,8,11,7,8,933,2,5,4,3,3,1851,2,2,1,1,2,4,3,3,2,954,6,5,9,6,7,1852,5,6,6,3,4,6,8,5,6,956,6,5,9,6,8,1855,6,5,6,3,3,7,9,5,6,957,7,5,10,7,8,1851,7,5,5,3,3,6,9,6,7,921,4,4,7,5,5,1845,4,3,3,0,1,4,7,4,5,937,5,5,8,6,6,1848,5,4,4,1,2,5,8,5,6,957,7,6,10,8,8,1849,6,7,6,3,4,7,11,7,7,988,8,7,11,9,10,1848,7,7,7,4,5,9,11,8,8,989,9,9,12,11,10,1854,8,8,8,5,6,9,12,9,9,987,10,9,12,10,10,1849,8,8,8,5,6,9,12,9,12,facesim
1908,1194,1088,1218,1199,1216,6164,1120,1138,1150,1067,1085,1120,1206,1227,1203,609,16,18,22,22,21,5057,16,18,21,22,15,17,18,20,22,561,22,18,23,25,25,5101,18,19,21,25,14,18,18,23,23,633,26,23,27,30,31,5067,23,24,26,32,19,22,24,26,29,619,23,24,26,28,26,5059,22,20,23,44,18,21,21,25,25,626,21,21,27,27,26,5066,21,22,24,30,17,21,19,25,26,557,16,19,19,24,23,5057,21,22,26,30,19,23,22,24,25,576,16,16,19,22,21,5044,17,17,19,28,13,17,14,18,19,585,18,17,21,22,21,5028,17,19,22,28,16,19,17,20,21,594,20,19,23,24,23,5035,18,22,23,31,17,20,18,22,23,534,13,13,16,21,16,5030,12,14,17,19,10,14,11,18,18,556,13,12,16,19,16,5044,12,15,16,21,12,15,11,17,18,577,16,16,19,21,20,5057,16,18,19,37,14,17,15,19,20,615,16,16,19,20,20,5075,15,18,19,22,14,17,15,19,19,628,18,19,21,22,22,5047,17,18,21,63,16,17,17,17,20,619,19,20,23,22,24,5078,18,19,22,42,17,17,16,19,21,facesim
3024,1963,1874,1955,1916,1959,3716,1894,1893,1896,1832,1860,1887,1966,1965,1962,989,8,8,8,8,9,1863,8,8,9,5,6,9,11,8,9,945,3,5,4,6,2,1854,3,4,5,3,2,4,5,4,4,985,4,6,6,7,5,1854,5,5,6,4,4,6,6,6,5,966,7,4,6,7,7,1856,6,6,9,6,6,7,10,9,9,990,8,7,7,8,7,1854,7,7,8,4,5,8,10,7,8,933,2,3,2,5,2,1849,3,2,2,1,1,3,3,2,2,955,6,4,6,8,6,1848,5,5,6,2,3,6,8,7,7,954,6,5,6,7,6,1853,5,5,7,3,3,5,9,6,6,953,7,5,6,7,7,1851,5,5,6,2,3,6,9,7,6,931,4,5,7,13,4,1857,3,4,5,0,2,9,8,12,10,936,5,3,5,5,5,1851,4,4,5,1,2,4,8,5,5,948,6,4,5,6,6,1855,5,5,6,2,3,5,10,6,6,989,8,6,8,9,8,1854,7,7,8,4,5,9,11,10,9,988,8,7,8,10,9,1856,8,8,9,7,7,10,13,11,11,985,8,6,8,9,8,1864,7,7,9,5,6,9,12,10,10,facesim
3047,1985,1893,1994,1971,1994,3748,1927,1940,1950,1871,1905,1927,1989,1975,1981,1002,15,15,19,19,17,1866,15,18,19,13,12,12,14,16,18,956,16,13,19,17,19,1860,15,16,16,12,11,11,12,13,17,1010,22,19,25,23,26,1867,21,23,23,17,17,18,18,17,22,996,20,20,24,20,22,1869,21,20,19,14,14,15,16,16,18,1007,18,16,24,20,21,1871,19,19,20,13,13,14,15,16,20,956,13,16,19,18,19,1870,17,19,24,15,15,19,19,17,19,975,18,15,21,19,21,1868,19,19,19,13,13,14,14,15,18,981,17,13,20,15,18,1865,16,18,19,10,13,12,14,14,17,990,21,17,24,22,22,1869,20,23,22,16,16,15,18,17,21,952,22,20,25,23,23,1872,23,24,25,16,13,13,18,20,23,963,15,12,18,16,16,1866,14,17,16,10,12,10,12,13,16,976,16,13,20,17,18,1868,15,19,18,12,12,11,13,14,16,1007,18,15,21,19,20,1867,17,20,20,15,15,15,15,16,18,1001,17,17,21,20,20,1866,17,20,19,15,14,14,15,15,18,1002,19,19,23,20,22,1861,19,20,20,13,15,14,14,16,19,facesim
1920,1194,1060,1219,1164,1190,6133,1109,1118,1110,1016,1052,1101,1198,1209,1203,606,15,11,31,16,18,5051,15,15,13,12,12,13,15,16,17,545,8,6,23,12,10,5089,8,9,7,7,6,8,9,12,12,614,11,9,21,15,16,5051,11,11,9,9,8,14,14,23,24,595,13,10,50,16,14,5051,12,14,12,10,10,12,13,16,16,610,14,11,25,17,15,5055,13,15,13,13,12,13,14,16,18,542,15,12,20,13,16,5044,12,15,12,15,15,9,10,11,13,566,11,8,22,12,12,5036,10,11,9,9,8,9,11,11,13,574,15,12,24,17,17,5025,14,15,13,15,13,15,15,16,17,568,10,7,20,11,12,5022,9,10,8,9,8,10,10,11,12,518,9,6,22,9,11,5021,8,10,7,8,8,9,9,13,11,535,7,4,14,8,9,5032,6,8,6,6,4,6,7,7,9,560,9,6,38,10,9,5050,9,9,7,7,6,7,10,10,10,607,9,7,21,11,11,5063,9,10,8,8,7,9,10,11,12,614,12,9,61,12,13,5038,11,12,10,10,8,9,11,12,12,610,13,9,46,13,14,5064,11,13,11,11,10,11,13,13,15,facesim
3019,1959,1869,1961,1923,1960,3711,1889,1889,1891,1824,1859,1893,1964,1965,1951,988,8,7,9,9,9,1861,7,7,8,6,6,9,10,10,9,938,5,4,6,5,5,1856,3,4,5,2,2,4,6,5,5,991,9,6,9,11,9,1853,7,7,8,6,6,11,10,19,11,970,7,4,7,7,7,1857,5,5,6,4,5,7,9,7,7,985,8,5,8,6,8,1859,6,6,7,5,5,6,9,8,6,930,1,1,2,3,2,1845,1,1,2,2,1,2,2,3,2,951,6,3,6,6,6,1847,4,5,6,4,4,5,7,7,6,951,6,4,6,6,6,1849,4,4,5,3,3,5,7,7,5,951,6,4,6,6,6,1846,4,4,5,3,3,5,7,7,6,917,4,2,4,4,4,1849,2,2,3,1,1,3,5,7,4,935,5,2,5,5,5,1848,3,3,4,2,2,4,6,6,5,954,6,3,6,6,6,1854,4,4,5,3,3,5,8,7,6,988,8,5,8,8,8,1853,6,6,7,5,5,8,9,9,8,988,8,6,10,9,9,1852,7,7,7,6,6,8,11,11,10,983,9,5,9,8,9,1863,6,6,7,5,5,7,9,9,8,facesim
1857,1176,1043,1155,1120,1141,6118,1074,1053,1066,988,1027,1082,1153,1170,1167,595,10,10,15,15,11,5068,10,11,11,7,9,9,14,13,19,533,15,8,14,12,12,5093,9,7,8,6,9,11,13,14,19,586,15,10,13,13,12,5063,10,7,11,6,7,10,11,14,17,572,13,12,16,13,13,5066,11,11,12,9,13,11,16,13,19,578,10,8,10,15,10,5064,8,6,10,5,10,9,12,14,17,515,7,11,10,14,9,5051,10,7,10,8,15,10,14,15,12,545,7,6,7,9,5,5050,4,6,9,3,4,5,9,10,13,532,7,7,8,9,8,5026,4,4,7,1,7,7,8,9,11,537,7,5,7,8,5,5033,4,4,6,4,4,6,7,8,11,496,5,3,5,7,3,5033,2,2,5,1,2,3,5,6,9,516,6,4,6,6,5,5035,3,3,5,2,3,5,6,7,10,543,7,5,8,7,6,5060,4,3,8,3,6,4,7,7,10,579,9,7,9,9,7,5078,7,6,7,5,5,8,9,10,13,592,12,12,14,14,13,5060,11,9,11,10,13,13,15,13,19,586,14,13,16,15,16,5078,12,10,12,10,13,13,16,14,20,facesim
2772,1790,1701,1792,1749,1789,4187,1721,1721,1735,1661,1683,1733,1838,1812,1794,902,11,10,14,13,17,2505,10,11,13,8,7,10,26,14,16,859,10,7,12,10,15,2512,7,9,11,7,6,8,23,9,11,905,14,14,16,15,17,2505,11,12,16,9,8,13,62,26,17,884,10,10,12,13,15,2504,9,9,13,7,6,10,30,13,15,904,13,12,14,15,16,2516,10,12,14,10,8,11,26,12,14,845,8,11,10,12,13,2504,9,10,14,6,7,14,31,17,13,869,9,7,11,11,13,2503,9,8,10,5,4,8,24,9,10,868,9,7,11,12,14,2492,8,8,10,5,4,10,23,10,11,876,10,8,13,13,14,2492,9,9,11,6,5,9,25,10,12,841,9,7,11,10,15,2492,9,10,12,7,5,9,25,13,12,850,8,7,10,10,12,2502,7,8,10,5,3,8,21,9,10,880,12,10,14,14,16,2519,10,15,15,10,8,11,30,11,13,919,13,11,15,15,18,2529,11,13,15,10,9,12,22,20,16,918,12,11,14,16,16,2507,10,12,14,8,8,11,44,14,14,904,12,11,15,15,18,2502,11,12,14,8,8,10,34,13,16,facesim
2144,1362,1225,1355,1313,1368,5603,1253,1271,1273,1169,1214,1251,1341,1344,1340,692,14,12,15,15,16,4390,14,17,13,12,12,16,14,16,15,627,10,8,9,12,11,4407,9,12,8,7,7,10,9,10,12,697,16,12,14,15,16,4386,15,17,13,13,11,15,14,15,15,671,14,10,13,16,16,4384,13,17,12,10,10,13,12,13,12,698,15,12,14,16,16,4385,14,18,13,12,12,15,14,16,17,613,8,8,6,10,10,4380,9,13,8,7,7,8,5,9,8,638,12,8,11,12,12,4365,10,13,9,8,8,12,10,12,12,645,13,10,11,11,14,4367,11,14,10,10,11,14,11,12,14,651,13,12,12,14,15,4368,12,15,11,11,12,15,12,13,14,592,8,5,6,7,8,4363,5,9,4,4,6,9,6,6,7,617,8,5,6,7,9,4370,6,9,5,4,4,9,6,7,8,634,10,6,8,9,11,4370,10,12,8,7,8,10,10,10,11,692,14,9,12,25,14,4383,13,15,11,11,10,28,13,29,26,683,14,10,12,12,15,4375,13,16,12,11,11,13,13,13,13,683,14,8,10,11,13,4398,11,14,10,9,9,12,11,12,14,facesim
3024,1972,1882,1973,1931,1968,3723,1932,1940,1897,1834,1864,1900,1970,1987,1963,990,8,6,7,8,8,1858,21,15,7,5,5,6,8,7,11,948,5,3,6,5,5,1849,17,13,4,1,2,4,5,6,7,994,8,6,9,8,8,1854,22,16,6,4,5,7,9,8,10,975,8,7,8,7,8,1856,36,39,7,4,5,7,8,9,10,994,10,8,10,9,10,1860,21,16,8,6,7,9,10,10,12,939,3,3,3,3,4,1851,18,13,2,5,3,5,3,5,5,960,7,4,7,5,7,1854,15,40,5,4,4,8,9,18,11,965,10,8,10,9,10,1859,20,15,11,7,7,8,11,14,13,957,8,4,7,7,7,1852,14,16,5,3,4,6,8,9,9,925,6,3,6,5,6,1851,13,12,4,2,3,3,6,5,6,939,6,3,6,5,6,1850,9,11,5,3,3,4,7,6,6,957,8,5,8,7,7,1849,27,31,4,3,4,5,9,7,8,995,9,6,9,8,8,1850,24,16,8,6,7,8,11,15,10,1001,9,6,10,8,9,1850,53,49,7,5,6,7,10,9,10,987,12,10,11,9,10,1850,37,42,9,7,7,8,10,9,8,facesim
2247,1429,1323,1440,1399,1433,5202,1362,1368,1408,1283,1320,1381,1454,1467,1441,726,12,14,20,17,15,3889,14,13,26,12,12,22,15,16,16,677,16,13,21,20,18,3898,15,13,30,13,11,23,16,18,20,739,19,18,22,23,22,3891,19,18,36,15,15,29,21,22,24,717,19,16,22,21,19,3895,18,18,52,15,14,41,19,20,23,732,14,13,19,18,15,3912,16,12,30,11,11,22,16,17,19,665,12,12,14,17,12,3886,14,14,32,13,12,28,19,22,18,697,15,13,18,26,16,3889,16,13,32,12,11,25,14,26,23,704,13,11,17,25,14,3876,13,12,32,10,10,24,12,27,22,707,14,14,19,23,16,3880,16,16,29,18,12,39,17,27,22,651,8,10,13,14,9,3877,10,9,25,7,6,20,11,14,15,671,8,9,13,14,9,3882,10,9,18,7,9,20,11,12,14,686,9,9,14,18,10,3893,10,9,30,6,7,34,14,17,16,736,12,14,19,16,14,3910,13,11,25,11,11,23,13,15,16,746,12,14,18,18,15,3888,15,14,59,15,12,52,15,15,16,731,13,14,18,17,15,3885,15,13,42,13,12,42,17,16,18,facesim
2579,1666,1535,1655,1619,1659,4951,1539,1546,1558,1473,1529,1559,1651,1658,1625,843,19,12,16,17,19,2891,12,13,16,12,12,13,18,16,14,772,9,3,4,5,6,2909,1,4,7,3,4,4,7,5,3,837,14,9,12,11,13,2892,7,8,10,8,9,9,12,11,10,818,12,9,12,12,14,2886,7,8,11,8,8,9,11,11,6,839,16,10,15,15,16,2906,9,13,15,12,11,10,15,14,12,767,13,10,9,10,11,2881,4,4,8,9,8,6,8,8,9,779,12,5,9,7,11,2867,4,5,7,3,5,6,11,11,5,783,15,8,9,10,13,2862,5,6,9,5,6,7,12,12,9,791,15,10,12,16,15,2871,7,8,10,6,9,13,14,24,14,748,14,6,10,9,14,2869,5,5,7,3,5,6,11,10,7,775,14,6,10,8,13,2898,5,6,9,4,6,8,12,10,8,794,15,8,12,18,14,2902,7,8,10,6,9,16,15,26,17,840,20,13,17,16,19,2920,12,13,15,11,13,15,20,18,15,841,17,11,15,14,17,2888,10,11,13,9,11,12,17,16,13,825,15,7,13,11,15,2900,7,8,9,6,7,8,13,11,8,facesim
2521,1635,1533,1631,1587,1628,5314,1562,1564,1563,1501,1533,1563,1631,1625,1642,822,7,6,9,10,8,1566,7,7,7,5,6,7,9,10,10,771,5,3,8,7,6,1557,4,3,3,1,2,3,5,6,8,823,10,6,10,10,10,1561,8,7,8,5,6,7,9,10,10,800,8,5,9,9,9,1546,6,6,5,4,4,6,7,8,10,820,8,5,9,9,9,1551,7,6,6,4,5,6,8,8,10,764,3,3,3,5,3,1535,2,2,3,2,3,4,2,2,5,786,6,3,7,7,7,1548,5,4,4,2,3,4,6,6,8,788,6,3,7,7,7,1556,5,4,4,2,3,4,6,5,8,787,7,4,9,6,7,1577,6,5,5,3,3,4,6,7,8,756,4,2,5,5,5,1578,3,2,2,0,1,2,4,3,6,771,5,3,6,5,6,1567,4,4,3,1,2,3,5,5,6,788,6,5,9,8,8,1608,6,5,5,3,3,4,7,8,8,820,8,5,9,8,9,1583,7,6,6,4,5,7,8,8,10,821,9,7,11,11,11,1564,9,7,8,5,7,7,10,8,11,825,8,6,9,8,9,1546,7,6,7,6,7,7,9,8,11,facesim
2622,1697,1606,1689,1670,1688,5351,1627,1638,1644,1569,1599,1630,1700,1698,1696,856,10,10,13,9,11,1614,10,8,10,6,6,7,11,11,12,807,7,8,8,8,9,1610,7,6,7,5,4,5,8,8,9,853,12,14,11,11,11,1599,10,10,13,8,7,10,14,13,17,845,11,11,11,12,9,1592,9,11,11,7,7,9,14,15,14,854,13,13,13,11,9,1588,9,9,10,6,6,8,13,13,13,788,5,5,3,5,3,1580,8,6,6,4,4,7,7,8,10,823,13,13,10,11,10,1593,12,11,12,7,6,7,13,13,17,827,11,11,10,10,8,1592,9,9,12,6,6,8,11,12,15,830,13,13,13,11,11,1600,12,11,14,8,6,8,13,13,18,792,6,6,7,8,4,1611,5,5,6,1,2,3,7,9,11,805,7,7,7,8,5,1618,6,7,7,3,3,5,9,8,12,829,13,13,11,11,9,1650,10,11,12,7,6,8,14,14,15,858,13,13,11,12,11,1626,11,10,15,9,8,10,14,14,16,857,10,11,11,12,9,1616,9,10,11,9,9,10,13,13,15,854,11,12,11,13,9,1603,10,10,11,6,8,9,13,12,16,facesim
3057,2034,1924,2016,1970,2027,3779,1955,1964,1959,1892,1935,1934,1999,2016,2017,1021,26,14,13,21,85,1880,15,17,16,15,25,23,19,36,28,978,27,6,10,11,17,1869,9,12,9,8,15,10,10,10,14,1026,31,11,15,17,26,1872,16,18,14,14,22,13,13,14,17,1001,46,10,11,12,43,1873,14,12,10,11,30,11,10,9,16,1020,20,8,11,12,17,1872,12,12,11,11,33,15,12,21,18,961,16,5,6,7,18,1864,6,8,6,7,19,5,4,6,9,994,26,13,19,19,28,1873,18,19,16,16,29,15,14,14,20,999,25,14,19,19,27,1874,19,19,16,17,28,17,17,16,20,998,24,10,14,17,25,1869,15,17,13,14,27,14,14,13,17,955,20,7,9,11,19,1868,10,12,9,9,19,11,10,9,11,968,14,3,7,8,11,1862,7,8,5,6,11,9,8,13,11,982,40,8,14,14,33,1872,14,17,12,12,27,11,12,13,18,1015,28,10,16,17,24,1878,16,18,14,14,21,13,14,13,19,1021,68,9,13,12,45,1866,12,14,11,10,38,11,12,11,12,1024,54,13,16,17,43,1879,17,18,15,15,35,15,16,16,19,facesim
2998,1975,1876,1965,1916,1972,3736,1907,1906,1901,1838,1873,1888,1968,1957,1967,997,6,7,12,11,8,1869,7,7,6,7,9,10,9,21,12,945,6,5,7,7,6,1857,5,5,4,4,4,5,5,6,7,990,7,6,8,7,13,1862,8,7,6,5,6,6,8,8,8,962,7,4,6,7,7,1865,6,5,4,4,6,6,7,9,6,993,8,6,8,12,7,1866,7,7,6,5,6,7,8,19,12,937,4,3,6,7,5,1862,5,5,5,2,3,5,2,5,5,959,8,4,8,7,7,1860,6,6,5,4,5,5,7,7,7,960,8,5,8,8,8,1862,7,7,6,5,6,6,8,9,8,957,6,3,6,6,6,1857,5,5,4,3,4,5,6,7,6,923,4,2,4,3,4,1857,3,3,2,1,2,3,4,5,3,949,6,3,7,15,6,1863,6,6,4,3,4,9,6,21,16,949,6,3,6,5,6,1861,5,5,4,3,4,4,7,6,4,990,8,5,8,7,8,1861,7,7,6,5,6,8,8,8,8,986,9,6,9,7,9,1865,9,9,8,6,8,9,9,11,9,988,9,8,8,7,8,1860,7,7,6,5,6,7,8,8,8,facesim
1820,1160,1043,1154,1099,1148,6120,1074,1072,1070,979,1022,1072,1159,1149,1152,594,12,8,11,13,12,5071,9,10,9,5,7,8,11,12,13,532,10,3,7,4,10,5097,5,6,6,2,4,5,9,8,10,585,9,5,9,6,9,5063,6,8,7,4,6,7,10,10,10,560,7,4,7,6,6,5058,4,8,8,3,5,5,8,5,9,586,9,5,9,10,8,5062,6,7,6,5,6,6,8,11,10,514,2,5,3,4,5,5047,4,4,6,3,4,5,7,8,6,548,6,3,6,5,6,5051,4,5,4,2,4,4,6,6,7,545,7,5,7,7,7,5026,5,6,5,3,5,5,7,7,8,544,6,4,6,6,6,5038,4,5,4,2,4,4,6,6,7,499,5,3,5,3,6,5028,3,4,3,1,3,3,5,4,5,522,6,3,6,9,6,5039,4,5,5,2,4,4,6,12,7,544,7,4,7,6,7,5061,5,6,5,3,5,5,8,7,7,589,8,5,8,8,8,5079,6,7,6,4,6,7,8,8,9,583,9,6,9,10,9,5051,7,8,7,5,7,7,9,9,9,586,9,6,9,8,9,5075,7,7,7,4,7,5,9,8,10,facesim
3051,1977,1887,1975,1939,1976,3738,1917,1915,1918,1851,1878,1916,1980,1982,1974,998,10,9,10,14,12,1873,13,14,14,11,9,16,17,12,12,949,6,6,5,9,6,1866,7,5,5,6,3,6,4,6,7,992,7,5,6,8,6,1864,8,8,4,7,6,9,8,7,8,985,15,12,13,19,13,1867,16,13,14,13,11,18,16,16,14,1001,17,11,11,15,12,1864,12,13,13,12,8,16,15,14,16,951,11,8,10,13,11,1872,14,10,12,11,7,16,14,12,16,970,17,8,11,15,13,1869,15,11,11,9,11,16,14,13,13,968,13,7,8,11,9,1865,10,9,11,8,5,16,13,11,16,967,9,6,8,8,10,1861,9,7,5,5,5,8,8,9,10,933,8,3,6,8,9,1865,8,6,5,4,7,7,9,8,9,946,7,3,6,7,7,1860,7,7,4,4,4,7,6,8,8,967,9,5,8,8,9,1865,9,7,5,5,4,8,11,10,9,1002,13,9,12,14,14,1869,13,11,9,9,8,13,13,13,13,1003,13,9,13,14,14,1866,15,11,11,12,10,15,14,14,13,997,12,9,11,14,13,1871,12,10,9,8,8,13,12,13,14,facesim
3060,1983,1890,1984,1944,1985,3738,1909,1915,1923,1854,1884,1914,1976,2018,1982,998,6,9,11,10,12,1878,7,9,11,6,5,6,9,25,8,950,3,6,9,8,7,1872,3,5,5,2,3,3,4,19,7,1002,10,12,13,12,13,1867,9,9,12,7,7,9,9,24,11,981,9,8,12,12,13,1872,8,9,10,4,6,8,10,27,11,1001,12,11,14,12,14,1871,9,10,11,7,7,9,12,30,13,948,9,7,7,10,7,1863,3,5,9,2,2,7,8,26,10,962,7,6,10,7,10,1863,5,6,7,2,3,5,7,22,9,966,7,6,10,9,10,1865,5,8,8,3,5,6,7,20,9,970,8,6,12,9,10,1863,5,7,7,2,4,5,7,22,10,935,5,4,9,6,8,1868,3,5,5,0,1,3,5,23,8,952,6,6,9,8,9,1865,5,8,7,2,2,4,7,26,10,967,7,6,11,9,10,1868,5,8,8,3,4,5,9,22,8,998,9,8,12,11,13,1870,7,8,9,4,6,8,9,23,11,1012,10,10,14,14,14,1864,9,9,11,6,7,7,11,44,17,999,10,10,13,12,13,1874,8,10,11,6,9,9,11,29,15,facesim
3020,1944,1857,1947,1928,1946,3855,1876,1877,1896,1811,1835,1883,1952,2001,1940,992,14,11,19,17,17,2000,13,12,17,10,11,14,11,14,14,947,12,9,15,14,13,2005,10,10,15,9,9,11,9,12,9,994,16,12,18,19,17,2005,14,13,18,12,12,16,13,14,13,1006,13,12,16,13,16,2011,12,12,18,11,11,13,11,14,12,990,14,14,18,17,17,2019,14,14,19,13,12,14,12,14,12,956,27,35,36,35,33,2018,27,28,30,32,36,35,30,37,32,956,12,9,15,14,14,2000,11,10,15,9,9,12,10,12,10,956,12,9,15,16,15,1986,11,10,15,9,10,13,10,12,10,969,18,16,21,22,20,1997,17,16,21,16,16,19,16,18,16,920,8,5,11,10,11,1983,7,6,12,5,5,9,6,8,5,929,9,6,12,10,10,1987,7,6,11,5,5,9,6,8,7,977,11,8,14,13,13,2004,10,9,14,9,8,10,9,10,8,993,11,8,14,13,13,2011,10,9,15,9,9,12,9,12,9,1067,10,8,14,25,13,1996,11,9,13,9,9,22,9,31,22,1008,11,8,13,13,13,1996,10,8,14,7,7,9,8,9,7,facesim
1951,1215,1084,1204,1167,1215,5993,1105,1112,1115,1028,1081,1107,1197,1220,1202,620,10,8,11,11,11,4923,9,9,9,8,7,9,10,11,10,549,5,3,5,5,6,4942,3,4,4,3,3,3,5,5,6,611,10,8,10,9,10,4914,8,8,8,7,7,7,10,11,11,588,10,7,11,10,10,4909,7,8,7,5,4,6,7,7,9,617,9,7,10,10,10,4910,8,9,8,7,7,8,10,10,11,533,2,3,4,5,3,4907,5,4,3,2,2,2,2,3,3,560,6,3,6,5,6,4891,4,4,4,3,3,4,6,6,8,564,7,5,6,5,7,4890,4,4,4,3,3,4,6,6,7,564,7,4,6,5,7,4900,4,4,4,3,3,4,7,6,7,520,6,4,5,4,6,4899,3,3,3,2,2,4,6,6,6,548,7,6,8,6,8,4903,4,5,5,3,3,4,7,7,7,559,7,4,7,6,7,4904,6,5,5,4,5,5,8,7,8,604,8,5,8,7,8,4911,6,6,6,5,5,7,8,8,9,616,10,9,12,11,11,4906,9,9,8,8,7,8,11,10,11,604,8,5,9,7,8,4927,7,7,7,6,6,7,9,9,10,facesim
3044,1972,1915,1962,1928,1965,3720,1899,1902,1897,1833,1863,1899,1965,2004,1958,992,5,21,7,8,7,1859,6,7,6,6,9,11,10,12,11,949,6,14,10,8,6,1850,3,4,3,2,7,11,10,20,13,991,9,17,8,7,9,1857,6,7,6,4,6,8,9,10,9,971,8,37,6,7,8,1859,5,6,5,4,6,8,9,9,6,991,9,15,8,8,9,1863,6,7,6,4,6,8,9,10,8,935,4,10,2,3,3,1854,2,1,1,2,1,3,4,5,2,959,7,13,6,6,7,1856,4,5,4,2,4,6,7,8,5,960,8,13,7,7,8,1857,5,6,5,3,5,7,8,9,6,959,7,13,6,6,7,1850,4,6,5,3,4,6,7,7,6,927,6,12,5,5,6,1848,3,4,3,1,3,5,6,7,5,941,7,11,6,5,7,1852,4,5,4,2,4,6,7,7,6,959,9,32,7,8,9,1853,6,7,6,3,5,7,9,9,8,993,9,15,9,8,10,1852,7,8,7,5,7,10,10,11,9,1008,11,67,10,10,11,1856,8,10,9,7,8,10,11,10,11,988,10,45,9,9,9,1852,6,7,6,4,6,8,9,10,8,facesim
2407,1542,1441,1551,1514,1548,4900,1476,1485,1494,1412,1444,1487,1571,1547,1564,784,19,18,22,20,19,3467,19,19,18,11,10,16,21,17,23,738,16,13,19,21,17,3475,17,17,16,10,9,14,19,24,24,794,19,16,21,20,21,3464,21,21,19,12,13,16,22,19,24,771,14,15,16,16,14,3470,18,18,17,13,12,15,18,15,22,788,16,14,19,17,15,3481,19,18,18,13,10,14,17,15,20,726,15,15,14,16,16,3458,15,17,18,13,12,17,17,17,21,747,14,13,17,18,15,3464,18,18,17,12,11,14,16,14,20,751,14,13,17,17,14,3449,17,16,17,13,10,16,17,15,20,758,14,14,17,18,16,3456,18,18,17,12,11,15,18,16,21,716,10,10,12,15,11,3452,13,15,13,8,8,10,13,11,17,731,9,8,13,14,10,3454,13,12,11,8,8,10,12,10,15,753,12,11,13,15,12,3469,14,17,15,9,9,11,15,13,18,796,16,15,18,18,16,3480,18,19,18,13,12,16,18,16,21,786,14,16,18,19,15,3464,17,18,17,12,10,14,16,14,21,792,18,18,20,21,19,3463,21,21,19,16,14,18,20,19,25,facesim
2529,1632,1500,1623,1634,1611,4937,1534,1546,1539,1460,1494,1521,1606,1650,1625,827,20,13,15,32,16,3448,13,15,15,16,13,13,18,20,23,754,9,4,3,24,3,3460,2,4,4,7,5,4,7,12,14,819,12,6,8,26,7,3439,5,6,6,9,6,7,9,12,16,811,19,12,15,49,16,3439,10,12,11,12,9,11,18,35,48,816,14,7,11,26,10,3431,7,10,9,10,8,10,13,15,20,751,12,9,6,19,10,3432,3,5,7,11,8,5,8,9,19,782,14,6,9,19,9,3424,6,7,7,8,6,8,12,13,24,786,16,9,11,21,12,3425,8,10,9,9,9,10,13,15,25,781,14,7,9,20,9,3424,6,7,6,7,6,8,12,13,22,741,15,7,10,21,10,3421,7,7,7,8,6,9,13,15,23,757,13,6,8,17,8,3423,5,7,6,6,4,7,11,13,21,771,14,6,10,34,10,3431,6,7,7,9,7,7,12,13,28,817,18,10,14,23,13,3437,10,11,12,13,11,13,16,18,25,838,20,13,16,72,16,3432,13,14,14,16,14,14,19,17,47,813,16,7,11,44,11,3454,7,8,8,9,8,9,13,18,31,facesim
3012,1964,1870,1959,1932,1960,3713,1892,1893,1891,1828,1857,1897,1961,1959,1955,987,5,5,10,8,9,1855,6,6,6,5,7,10,8,9,11,942,6,4,8,7,9,1847,5,6,6,3,3,6,5,7,9,985,8,7,9,8,10,1852,7,7,7,4,5,9,8,9,11,974,7,4,8,12,9,1855,6,6,7,3,4,11,8,17,13,987,9,7,10,9,11,1861,8,8,8,5,6,9,9,10,11,933,2,4,4,6,7,1848,2,3,3,3,3,6,2,5,7,950,6,3,7,7,8,1851,5,5,5,2,3,6,6,8,7,955,7,4,8,8,9,1854,6,6,6,3,4,7,7,8,9,953,6,3,7,8,8,1849,5,5,5,3,3,6,6,7,8,920,4,2,5,5,6,1847,3,3,4,0,1,4,4,5,6,934,5,2,6,6,7,1851,4,4,4,1,2,5,5,6,6,956,7,4,9,8,9,1851,6,6,6,3,4,7,8,7,9,988,8,5,9,9,10,1851,7,7,7,4,5,9,8,9,9,988,8,6,10,12,11,1855,8,8,8,7,7,10,10,11,13,996,9,7,10,23,11,1853,7,8,8,5,5,21,8,25,23,facesim
1852,1167,1048,1178,1131,1175,5940,1078,1084,1114,1009,1035,1087,1176,1151,1175,591,15,14,20,19,20,4902,16,14,21,12,9,12,16,15,18,536,16,15,24,19,22,4917,15,13,19,11,9,12,16,15,18,606,22,19,27,23,26,4905,21,19,27,18,15,18,21,20,22,582,21,19,25,22,24,4904,19,19,24,17,13,16,21,20,23,603,22,19,26,22,25,4914,20,18,24,17,14,17,22,20,22,526,15,16,18,19,19,4894,18,16,23,17,14,17,19,18,20,548,14,14,19,16,18,4897,17,13,19,13,10,13,15,12,16,551,11,11,16,15,15,4876,12,10,17,13,8,12,12,11,13,571,18,18,25,22,22,4892,19,18,25,19,15,17,19,18,20,514,11,11,17,15,16,4885,12,13,18,12,10,10,12,12,13,524,8,8,13,11,12,4883,9,8,14,10,8,7,9,9,11,552,11,11,16,14,15,4901,13,13,17,11,8,9,12,11,13,595,11,11,16,15,16,4921,12,11,17,11,8,10,11,10,13,583,12,12,18,15,17,4890,14,12,18,14,10,12,12,12,15,595,14,13,18,17,17,4904,14,13,18,13,10,12,15,16,16,facesim
3065,1976,1885,1969,1946,1986,3906,1904,1905,1912,1843,1878,1903,1975,1967,1964,994,5,7,6,11,7,2014,7,6,8,6,7,8,9,8,8,947,2,3,3,8,5,2035,4,4,5,4,4,5,4,4,5,992,5,6,6,10,6,2008,6,7,7,5,6,7,7,7,7,978,7,9,9,13,9,2007,9,9,11,9,8,9,8,9,8,998,5,7,6,11,7,2006,7,7,9,6,6,8,7,7,7,943,4,4,4,8,4,2002,6,6,3,2,2,3,4,4,3,960,7,5,8,11,8,1990,6,6,8,5,4,7,8,8,7,961,7,6,9,11,9,1993,6,6,9,4,4,7,10,7,8,964,7,6,8,11,9,1996,7,7,7,4,5,7,9,7,7,929,4,3,5,8,5,1995,4,3,3,0,2,3,6,5,5,946,5,4,7,9,7,1997,5,4,7,2,3,6,7,6,6,960,7,5,8,11,8,2001,6,6,7,4,4,7,10,7,7,998,10,8,11,13,11,2003,9,10,10,7,8,12,13,12,11,994,9,8,11,13,12,2001,10,9,11,7,8,10,12,9,10,993,10,9,12,14,12,2027,11,10,12,7,8,9,10,12,11,facesim
3017,1968,1871,1964,1937,1966,3712,1897,1898,1896,1831,1864,1897,1961,1964,1961,1000,13,7,15,15,16,1860,11,12,11,9,10,13,14,14,15,947,7,6,9,7,7,1849,5,6,6,7,5,7,8,7,10,989,9,6,9,10,10,1854,7,8,8,8,7,9,9,9,11,979,10,7,12,11,11,1858,8,10,8,8,9,11,11,11,13,994,10,6,11,11,11,1860,8,9,8,9,9,11,11,10,13,934,2,2,2,5,4,1850,2,2,4,3,3,6,3,4,5,957,7,3,7,9,8,1851,5,6,5,5,5,8,7,8,10,958,8,4,8,11,9,1853,6,7,6,6,6,9,8,9,11,958,8,3,7,9,8,1852,5,6,5,5,5,8,7,8,10,924,6,3,6,8,7,1848,4,5,4,4,4,6,6,7,9,942,7,3,8,9,8,1852,6,7,6,5,6,9,8,8,10,959,8,4,8,10,9,1853,6,8,7,7,7,9,9,9,10,992,9,5,9,11,10,1852,7,8,7,7,8,10,9,10,12,996,11,7,12,13,12,1855,9,10,9,10,10,13,13,13,15,989,10,6,10,11,10,1850,7,8,7,8,9,11,11,13,12,facesim
3047,1999,1906,1993,1971,2011,3747,1936,1952,1948,1886,1903,1930,1988,1982,2000,1025,33,32,38,41,43,1890,30,41,42,27,27,36,31,32,36,967,18,13,19,13,20,1870,12,19,21,17,13,14,14,16,21,1004,18,15,19,17,21,1868,13,17,21,16,12,17,13,16,19,1006,24,24,28,26,28,1883,23,30,31,22,21,23,22,26,29,1031,36,36,40,35,36,1898,40,42,44,34,31,35,42,37,38,995,63,62,64,59,61,1913,62,67,70,74,56,68,76,66,63,987,20,20,28,27,28,1878,25,28,28,19,19,27,24,25,27,1004,34,32,38,35,34,1890,38,40,45,37,29,36,40,36,37,983,17,14,18,17,21,1868,15,17,19,17,12,17,14,15,19,952,16,14,17,15,20,1870,11,16,21,14,10,16,13,16,16,959,12,12,15,12,16,1871,9,13,16,12,7,14,10,12,15,975,15,13,19,14,19,1870,12,16,19,15,13,15,14,14,18,1003,14,13,17,14,19,1867,12,16,19,13,11,16,12,14,18,1006,19,19,21,19,23,1877,16,21,24,19,15,16,16,19,25,1015,21,21,26,20,26,1876,19,22,26,20,17,19,17,21,27,facesim
1898,1182,1068,1205,1144,1186,6144,1101,1110,1118,1016,1046,1100,1195,1164,1184,604,19,20,27,17,22,5063,18,19,21,14,12,15,24,17,20,555,22,19,27,19,24,5100,18,20,20,12,11,15,24,17,21,623,28,24,33,25,30,5076,25,25,28,19,18,22,29,25,27,593,22,21,26,19,23,5054,20,19,22,14,12,15,25,16,21,607,23,24,28,21,23,5071,21,22,23,17,15,17,26,18,21,546,23,25,24,19,27,5057,22,23,26,21,21,21,24,21,24,559,17,16,23,15,20,5052,17,17,18,12,11,13,20,14,16,568,17,17,22,14,19,5028,16,16,19,15,12,16,21,15,17,574,20,19,27,18,22,5036,18,20,23,17,15,17,24,18,19,519,14,14,20,13,17,5038,12,16,17,11,10,11,16,13,12,533,13,13,18,11,14,5032,11,13,14,10,9,9,16,10,13,562,15,14,20,12,17,5057,13,16,16,10,9,11,19,13,15,608,21,19,25,18,23,5079,18,20,22,16,13,17,22,17,20,595,17,19,23,15,18,5052,15,18,18,13,10,13,19,13,17,605,21,22,26,19,21,5081,19,20,21,14,14,16,23,18,18,facesim
3030,1965,1876,1960,1932,1969,3724,1901,1903,1904,1837,1870,1899,1969,1967,1962,989,4,5,8,6,6,1863,5,5,6,5,7,6,9,8,8,940,1,2,4,4,2,1860,1,1,3,1,3,1,2,3,4,986,4,5,5,5,5,1857,4,4,5,4,5,4,5,5,5,971,4,3,7,5,5,1862,4,4,4,3,5,5,6,8,8,991,8,5,9,7,8,1863,6,6,7,4,6,6,8,8,9,936,1,1,2,5,5,1859,4,2,2,1,2,2,3,3,5,963,6,3,7,6,6,1855,5,4,5,2,4,4,7,7,7,962,7,4,8,7,8,1860,5,5,6,3,5,6,8,8,7,959,6,4,7,7,7,1857,4,4,5,2,4,4,7,6,7,927,5,2,6,5,6,1856,3,3,4,1,2,3,6,6,5,943,5,3,6,5,6,1857,3,4,5,2,5,3,6,5,6,960,7,4,8,7,7,1861,5,6,7,4,6,5,9,8,8,994,8,5,9,8,8,1861,6,7,8,5,7,7,9,9,8,992,8,5,10,9,9,1858,8,8,9,6,8,8,11,9,11,990,8,6,9,9,9,1868,7,7,8,5,7,7,9,10,8,facesim
3054,1989,1907,1995,1970,1999,3757,1931,1942,1942,1876,1894,1927,1992,1974,1991,1004,23,18,18,22,25,1872,23,21,22,16,10,13,22,20,20,966,20,16,15,17,21,1864,20,18,17,17,9,13,20,18,18,1004,16,14,13,14,16,1864,17,13,14,11,7,12,16,14,14,999,22,19,16,17,21,1870,23,17,21,18,12,14,20,19,18,1011,23,20,21,19,24,1875,25,21,21,19,13,17,24,22,21,957,14,16,13,12,14,1865,12,12,14,15,12,16,21,20,15,967,14,12,13,13,15,1863,16,15,12,10,8,11,15,13,12,975,15,13,12,11,14,1862,16,14,13,12,10,12,16,15,13,977,16,12,14,12,14,1859,15,14,13,12,8,11,16,15,13,940,10,9,8,8,11,1857,10,10,10,7,5,6,12,11,7,959,16,11,11,13,16,1865,17,15,13,12,7,10,17,15,15,969,13,11,12,11,13,1863,14,15,11,9,5,9,15,14,12,1002,17,15,15,15,18,1864,18,15,15,13,10,14,18,18,16,996,19,17,15,18,20,1868,20,18,18,18,11,14,20,18,19,1004,20,18,17,17,20,1870,20,19,18,14,10,13,20,18,18,facesim
1858,1170,1032,1148,1115,1154,6128,1059,1070,1076,991,1040,1071,1167,1169,1160,595,9,9,11,13,10,5103,9,10,10,11,12,12,11,13,13,524,7,3,7,8,6,5097,4,6,6,4,6,6,5,9,9,583,10,7,9,11,10,5071,7,8,8,7,8,9,9,11,10,567,10,6,11,14,10,5085,8,9,9,8,9,10,10,12,13,585,9,5,8,12,8,5072,6,7,7,6,7,8,8,10,11,512,8,5,5,9,4,5060,9,10,8,8,6,7,4,9,6,539,11,7,10,12,10,5055,8,9,9,8,9,10,10,12,11,544,10,7,9,11,9,5052,8,9,8,7,8,10,9,11,10,548,10,7,9,11,9,5046,8,9,8,7,8,10,10,11,10,504,9,5,8,8,8,5067,7,8,7,6,7,9,9,10,8,527,8,5,7,9,7,5038,6,7,7,5,6,8,8,10,10,542,9,5,8,10,8,5082,7,7,7,6,8,8,9,9,8,595,11,8,11,13,11,5082,9,10,10,9,10,12,11,13,12,597,15,12,15,17,15,5059,13,14,14,12,14,14,16,15,16,587,12,8,11,13,12,5080,9,10,10,8,10,10,11,12,14,facesim
3052,1975,1890,1982,1929,1978,3725,1902,1908,1910,1841,1865,1907,1968,1979,1985,1004,18,14,21,14,20,1863,14,15,17,13,11,15,15,17,21,955,10,10,17,10,15,1856,9,10,13,10,8,10,10,12,17,1005,16,15,20,13,18,1861,13,14,16,14,11,14,13,15,19,974,12,9,15,8,13,1864,8,9,10,9,6,9,8,11,14,1002,15,14,19,12,17,1865,12,13,15,13,10,13,12,14,19,939,5,7,8,6,9,1854,5,6,9,6,4,5,4,4,8,962,10,8,14,8,12,1858,7,8,10,8,5,8,7,10,14,964,11,9,15,8,13,1861,8,9,11,9,6,9,8,11,15,966,12,11,17,11,15,1859,10,11,13,11,8,11,10,13,17,929,9,7,13,7,11,1854,6,7,9,7,4,7,6,10,14,942,8,7,12,6,10,1857,5,6,9,6,3,7,5,8,12,964,11,9,15,9,13,1858,8,9,11,10,7,10,10,12,16,996,11,9,15,9,13,1857,8,9,11,9,6,10,8,11,15,1000,13,12,18,12,16,1860,11,12,14,12,9,13,12,15,19,1001,14,13,18,12,16,1856,11,12,14,13,10,13,13,16,20,facesim
2650,1692,1586,1690,1662,1696,4459,1617,1620,1626,1544,1584,1620,1710,1692,1689,853,11,10,14,17,13,2882,10,12,12,7,9,10,13,12,12,803,13,8,12,14,13,2885,8,10,9,5,5,8,12,9,9,855,13,11,15,19,15,2884,12,14,13,8,11,13,16,12,13,843,16,13,17,21,17,2891,13,17,16,10,13,13,17,12,15,858,13,10,14,17,14,2895,11,13,13,7,9,11,14,10,11,796,11,9,9,11,10,2875,8,9,10,6,7,13,14,16,12,816,10,7,11,14,12,2877,8,10,10,5,6,8,11,7,9,818,12,9,13,17,13,2865,9,10,12,5,8,9,14,9,9,824,12,9,12,15,13,2864,10,11,10,5,8,9,13,9,10,782,10,8,10,13,10,2869,8,8,8,3,5,7,11,6,8,801,10,6,11,14,10,2869,7,8,8,3,5,7,12,6,8,819,10,7,11,13,11,2885,8,10,10,4,7,7,12,7,6,864,12,9,13,16,13,2895,10,12,11,7,10,12,15,11,11,856,12,9,12,15,12,2880,9,11,10,6,7,9,13,9,9,857,15,12,15,19,15,2881,13,13,15,8,10,10,14,10,12,facesim
2276,1460,1319,1441,1403,1450,5356,1360,1369,1373,1289,1321,1357,1453,1451,1441,736,14,11,11,14,12,4026,15,14,14,14,14,14,18,18,15,663,9,4,6,6,4,4037,7,7,7,6,7,5,8,10,8,730,14,8,10,11,11,4021,11,10,10,8,8,9,13,14,11,710,14,8,10,11,11,4015,11,10,10,8,8,9,14,17,13,736,15,9,12,12,11,4020,13,11,11,9,9,10,15,17,14,674,16,14,9,14,14,4010,8,10,12,16,14,9,14,13,12,690,16,9,12,12,12,4006,13,13,13,11,11,12,16,18,15,692,14,7,10,11,10,4001,13,12,11,9,9,11,14,16,12,694,14,8,10,11,10,4003,12,11,10,8,9,11,15,14,13,649,10,4,6,7,6,4003,8,8,7,5,5,8,12,13,8,666,10,4,6,7,6,4001,8,8,7,4,4,7,11,12,9,686,13,6,10,10,9,4007,11,10,10,8,7,8,14,14,11,737,18,12,15,16,15,4014,16,15,16,14,14,15,19,21,17,732,16,10,13,16,14,4011,15,15,15,15,15,15,21,21,18,726,13,6,9,11,11,4034,11,11,12,10,11,11,16,17,14,facesim
3055,1979,1887,1979,1940,1976,3731,1912,1917,1919,1872,1878,1906,1975,1999,1977,1003,14,9,15,13,13,1855,9,9,9,18,5,8,11,10,10,950,6,3,7,7,6,1845,3,3,4,15,2,4,7,5,6,997,10,7,11,10,9,1850,7,7,7,19,6,8,10,10,10,981,11,7,12,10,8,1854,7,6,7,27,6,6,10,8,9,998,9,6,10,9,8,1852,6,6,6,17,5,7,9,9,10,942,2,1,3,2,2,1845,1,2,3,19,2,2,2,3,4,964,7,4,8,6,6,1851,4,4,4,17,3,5,7,6,6,970,8,7,9,6,7,1854,5,5,5,17,4,6,8,7,8,969,9,6,9,7,7,1851,5,6,6,18,4,6,8,8,8,937,7,5,8,7,6,1850,4,3,3,10,2,8,6,7,6,948,8,6,9,7,7,1854,5,5,5,14,4,6,8,8,8,964,8,5,9,6,7,1851,5,5,5,20,5,5,9,9,9,996,9,6,10,7,8,1852,6,6,6,12,5,7,9,8,8,1013,11,10,13,9,11,1851,9,8,8,44,6,7,10,9,9,999,11,10,12,9,10,1848,8,7,6,24,5,7,9,8,8,facesim
2052,1325,1205,1326,1290,1323,5483,1245,1251,1252,1164,1196,1229,1338,1289,1304,673,9,9,13,16,13,4283,10,11,12,8,8,12,12,13,14,617,11,10,13,16,15,4288,10,12,11,7,6,10,11,13,14,681,16,11,16,18,18,4286,14,14,16,10,9,13,15,13,15,658,15,11,15,16,16,4291,13,14,15,13,12,15,17,17,17,676,14,10,14,17,15,4293,11,13,13,9,8,12,14,13,12,606,9,11,10,14,12,4284,11,10,10,8,7,13,13,16,15,634,8,7,10,17,10,4281,10,9,9,6,6,8,8,9,8,635,9,8,10,16,12,4267,9,10,11,9,8,11,10,10,10,637,9,8,11,17,12,4270,9,10,11,9,7,10,10,9,8,596,7,6,10,20,10,4271,8,11,11,6,6,9,7,13,11,608,5,4,6,12,8,4267,6,8,7,6,6,6,6,6,6,624,7,6,8,13,10,4283,7,10,8,5,4,7,9,7,7,680,9,8,10,15,12,4293,9,11,11,8,7,11,9,8,10,655,9,10,10,16,12,4279,8,11,10,10,7,12,8,10,10,664,11,9,11,16,11,4277,8,11,9,8,6,11,9,10,7,facesim
2470,1586,1467,1576,1547,1583,5404,1494,1496,1498,1429,1458,1493,1573,1575,1577,799,8,8,7,11,9,2373,8,8,8,8,7,8,9,10,10,738,5,2,2,5,4,2375,2,1,2,3,1,2,2,4,2,792,6,5,4,8,6,2364,5,4,4,5,4,6,5,8,6,783,9,9,9,13,11,2362,10,9,8,7,6,8,7,8,7,798,10,8,8,9,9,2365,9,7,7,8,7,8,7,10,10,740,8,4,6,9,10,2352,7,7,9,8,7,5,4,8,6,751,9,4,7,6,10,2362,6,6,5,4,4,7,8,8,8,752,8,3,6,7,8,2345,6,4,4,4,4,5,7,9,8,754,8,4,7,6,8,2346,5,4,4,3,3,5,7,8,8,724,7,2,5,12,7,2369,4,4,3,2,2,4,6,13,6,734,7,3,5,6,7,2376,4,4,3,2,2,4,6,7,6,753,9,4,8,8,9,2397,7,5,5,4,4,6,9,9,8,792,11,6,9,10,11,2390,8,7,7,6,6,9,10,11,10,793,11,6,10,10,12,2371,10,9,9,8,8,9,12,12,12,792,10,5,8,8,11,2380,8,7,8,6,6,7,10,10,9,facesim
1874,1164,1046,1171,1119,1170,6110,1072,1073,1079,987,1035,1085,1173,1156,1176,594,11,11,10,12,12,5053,10,10,10,8,10,10,13,13,13,534,9,5,8,9,9,5081,6,6,5,3,4,5,8,9,10,598,11,9,12,12,14,5054,10,10,10,8,9,10,12,13,14,571,11,8,10,10,9,5042,7,7,7,4,7,6,11,13,11,597,12,9,11,11,11,5056,9,10,9,7,8,9,11,12,12,524,11,6,5,6,6,5036,5,8,3,4,5,3,5,7,8,543,7,3,6,5,6,5033,4,4,4,2,3,4,6,6,8,550,12,8,10,9,11,5020,8,8,9,6,7,8,11,11,12,554,13,10,12,10,11,5026,9,9,9,7,9,9,11,12,12,504,8,6,7,5,7,5028,5,5,5,3,5,5,7,7,8,527,8,3,6,5,7,5025,4,4,5,2,3,4,6,7,8,553,9,5,8,6,8,5048,6,7,6,4,5,6,9,8,10,596,10,7,9,8,9,5069,7,8,7,6,7,9,10,11,11,589,12,9,12,11,12,5039,10,10,10,7,9,9,13,11,13,596,13,10,12,10,11,5056,10,10,10,8,9,10,14,15,13,facesim
3065,1990,1896,2028,1944,1981,3743,1913,1917,1924,1859,1875,1916,1977,2007,1982,1007,20,15,32,15,20,1862,14,14,16,12,11,17,16,19,18,958,12,11,26,11,12,1850,8,9,11,8,7,12,10,11,16,1011,16,14,24,16,15,1850,11,12,14,12,10,19,16,23,23,980,12,9,47,9,12,1852,7,8,10,7,5,9,8,11,12,1001,14,12,22,12,14,1856,10,11,13,10,8,12,11,11,14,946,8,8,15,5,6,1843,5,6,9,6,5,7,4,4,8,963,11,8,19,8,10,1848,6,7,9,6,4,8,7,8,10,966,12,10,19,9,11,1846,7,8,10,7,5,9,8,9,11,970,14,11,22,11,13,1847,9,10,12,9,7,11,10,12,14,938,13,13,57,8,12,1851,8,9,12,8,6,10,10,15,13,945,9,6,15,6,8,1844,4,5,7,4,2,6,5,7,9,970,15,12,41,11,14,1851,10,11,13,10,8,12,12,13,15,996,12,9,20,9,11,1854,7,8,10,7,5,10,8,10,12,1013,15,12,69,12,14,1848,10,11,13,10,8,11,10,12,14,1002,17,14,53,14,15,1862,11,12,14,12,9,13,12,14,16,facesim
3058,1987,1904,2015,1976,1996,3747,1951,1965,1954,1872,1905,1923,1990,1978,1997,1003,11,12,17,13,15,1850,16,18,16,10,9,8,15,14,16,960,10,10,14,12,13,1851,14,16,12,9,7,7,13,13,13,1026,17,18,21,22,20,1849,22,23,20,14,15,15,20,25,23,999,12,14,17,13,15,1847,19,21,17,12,11,12,16,16,15,1010,15,15,20,15,16,1853,18,21,18,13,12,12,18,16,17,961,11,15,14,14,14,1851,19,19,16,10,11,11,14,20,18,989,13,13,18,15,15,1854,19,19,17,12,12,11,16,15,16,994,16,15,20,18,19,1849,19,21,20,14,15,15,19,18,19,990,14,12,17,15,16,1846,17,19,16,12,12,10,16,14,15,945,10,9,14,10,12,1840,14,16,14,8,8,6,12,12,12,965,10,9,14,10,12,1840,14,16,14,9,10,8,13,11,13,975,10,10,14,10,12,1845,14,19,14,9,9,8,15,13,12,1007,14,14,18,14,17,1848,18,20,18,13,13,13,17,16,17,1001,14,15,19,15,16,1845,17,20,16,14,12,13,16,16,15,1011,16,16,20,14,17,1860,19,20,17,11,14,12,18,15,19,facesim
3027,1972,1883,1968,1943,1969,3706,1902,1920,1922,1851,1885,1901,1988,1992,1970,994,5,6,7,10,6,1839,6,7,7,7,10,11,22,11,11,952,7,5,8,8,8,1840,5,7,8,4,7,7,20,8,9,996,8,5,8,10,9,1837,6,7,7,5,7,8,31,18,9,982,10,7,9,10,9,1836,6,7,7,5,7,7,25,10,9,995,8,6,8,10,8,1839,6,7,7,5,7,8,21,11,11,937,2,2,2,4,2,1829,2,3,4,4,4,4,17,5,4,962,9,6,9,10,9,1837,7,8,8,6,8,9,23,10,11,972,9,7,9,10,9,1834,8,9,8,6,8,11,22,11,10,972,9,8,9,9,9,1836,8,9,8,6,8,11,25,11,11,935,6,5,8,8,7,1836,6,6,5,3,5,8,22,9,8,950,7,5,7,8,7,1835,6,7,6,4,6,9,19,10,10,958,7,4,7,8,7,1835,5,6,6,4,7,7,25,8,9,995,9,6,9,9,9,1839,7,8,8,6,8,9,18,15,10,1008,9,7,10,12,10,1833,8,9,9,7,10,11,40,14,14,991,8,5,8,8,9,1844,6,7,7,5,7,7,27,11,11,facesim
2979,1963,1871,1961,1909,1968,3702,1891,1893,1900,1826,1858,1877,1969,1949,1949,992,14,10,14,15,16,1840,10,10,11,8,6,8,13,11,12,942,7,5,7,11,8,1841,4,4,5,4,4,4,9,6,6,989,11,7,11,14,11,1836,7,7,9,7,6,8,10,11,9,959,8,5,9,12,9,1836,5,4,6,6,4,4,11,7,8,992,10,7,10,12,11,1841,8,7,8,7,6,7,11,8,8,941,10,9,8,14,10,1836,5,5,7,9,7,10,8,9,9,954,7,4,7,10,9,1832,4,5,5,4,3,5,8,6,6,952,7,5,7,8,8,1827,5,4,5,5,4,4,8,5,5,955,7,5,9,10,9,1831,5,5,6,5,4,5,9,7,7,919,5,2,5,8,6,1825,2,2,3,2,1,2,6,3,4,936,6,4,6,8,7,1828,3,3,4,3,2,4,7,5,5,944,7,4,7,8,8,1834,4,4,5,4,3,4,9,6,5,996,11,8,10,21,12,1840,7,8,9,8,6,13,11,25,22,982,10,7,11,11,12,1834,8,7,9,7,6,7,12,8,8,981,10,8,9,12,10,1848,7,6,8,6,6,7,10,8,8,facesim
3062,1984,1889,1981,1956,1978,3726,1942,1938,1918,1857,1874,1918,1985,1997,1974,998,9,7,11,9,9,1849,20,14,9,10,8,12,11,14,14,952,9,3,8,6,7,1848,16,13,6,7,2,6,6,11,9,999,11,8,12,9,11,1847,21,17,11,10,5,10,11,16,14,991,14,9,12,12,13,1847,44,40,12,11,8,13,12,18,15,1000,11,7,11,11,11,1847,18,15,10,9,6,10,11,15,13,945,9,6,8,9,7,1839,18,13,6,9,3,5,10,12,7,967,9,4,8,9,8,1844,13,39,7,6,3,9,8,21,12,962,9,4,8,7,8,1840,15,11,8,6,3,7,8,14,12,968,10,5,9,8,9,1840,14,16,8,7,4,7,9,13,12,934,9,6,8,7,8,1840,14,15,7,6,3,6,8,11,8,945,8,3,7,6,7,1840,9,10,6,5,2,6,7,10,8,968,11,6,11,9,10,1845,28,35,9,8,5,8,11,13,11,1009,12,7,11,16,11,1849,26,17,10,9,6,11,11,22,12,1005,12,8,12,11,12,1843,44,49,12,11,8,11,12,16,13,992,11,6,10,9,10,1853,34,40,11,9,6,9,11,13,11,facesim
3025,1999,1904,2003,1954,2000,3730,1921,1930,1966,1866,1877,1940,1985,1998,1981,1014,24,19,24,23,26,1855,20,25,34,16,15,27,23,19,22,960,14,12,17,12,17,1850,11,15,27,9,8,22,16,13,16,1011,19,17,20,18,20,1849,15,20,32,13,13,28,20,17,20,991,19,15,19,15,19,1848,14,21,46,11,12,41,17,15,20,1012,21,18,22,18,21,1856,16,21,32,15,14,26,20,18,23,948,8,10,10,9,11,1844,10,10,25,8,6,19,8,9,12,970,13,10,15,19,14,1848,9,13,25,6,6,22,13,26,21,974,14,11,15,22,16,1847,11,14,28,7,7,24,14,29,23,975,18,14,18,20,19,1847,14,18,28,16,11,36,17,21,21,946,15,11,16,15,16,1846,12,17,30,9,10,26,15,13,18,947,11,7,12,10,12,1842,8,13,19,5,6,20,11,9,13,967,17,13,18,19,18,1849,13,18,32,10,10,37,20,15,19,1003,19,16,22,18,20,1854,15,19,25,12,12,27,18,21,20,1013,17,16,20,19,20,1844,15,20,62,14,13,57,19,16,20,1001,20,15,21,18,21,1856,15,21,41,14,13,44,21,16,19,facesim
3018,1973,1883,1985,1956,1975,3708,1925,1938,1936,1856,1886,1896,1971,1957,1977,993,9,9,14,12,12,1833,11,10,12,9,11,10,11,11,13,953,9,8,10,12,10,1837,8,9,10,6,9,7,7,10,11,1010,15,13,16,15,16,1833,15,14,15,12,13,13,15,15,17,987,10,9,11,10,11,1829,10,9,12,9,9,8,10,12,10,1000,13,11,14,13,13,1833,12,13,14,10,11,10,13,12,12,946,6,6,6,9,8,1828,9,10,10,8,7,7,5,7,7,976,12,10,14,12,12,1834,13,11,13,10,11,10,11,13,11,986,15,13,16,15,15,1827,13,13,15,13,14,12,14,16,15,985,14,9,13,18,13,1828,10,12,12,9,11,12,11,22,15,937,8,6,9,7,9,1819,6,6,8,5,6,5,8,8,8,953,9,7,10,8,9,1821,7,7,8,7,8,7,8,9,9,964,10,6,9,19,9,1826,7,10,11,6,8,11,8,21,17,997,13,11,14,13,14,1829,12,13,15,11,11,11,14,13,14,986,12,12,14,13,12,1828,12,11,12,9,11,11,12,11,12,997,14,13,15,13,14,1841,12,13,14,11,12,10,12,13,14,facesim
2992,1961,1866,1953,1923,1961,3688,1896,1909,1906,1837,1873,1889,1960,1961,1952,993,11,9,8,11,11,1831,12,11,10,6,6,8,13,12,10,944,8,5,7,6,8,1832,9,8,6,5,4,5,10,7,7,986,9,7,8,7,10,1829,10,8,7,4,5,6,10,8,7,972,10,8,9,8,9,1830,10,8,7,4,5,6,10,8,8,991,9,6,9,8,9,1833,10,8,7,4,5,6,10,8,9,932,2,3,2,2,4,1820,4,4,4,3,2,2,4,3,2,957,11,7,9,7,10,1830,12,11,10,7,7,7,11,11,9,964,11,8,9,7,10,1828,12,11,9,5,7,9,11,10,10,966,10,8,9,8,10,1828,12,10,8,5,6,9,12,13,9,930,7,6,6,5,7,1826,9,6,5,2,3,6,9,8,6,948,8,6,7,6,8,1827,10,8,6,3,4,6,10,9,8,955,8,5,7,6,8,1830,9,8,7,4,5,5,10,12,6,990,10,7,9,8,10,1833,11,9,9,6,7,8,11,11,10,995,10,8,10,9,11,1829,12,10,9,7,8,8,13,11,10,989,10,6,9,7,10,1840,10,8,7,4,6,6,10,9,10,facesim
3007,1962,1868,1963,1930,1968,3702,1898,1896,1900,1827,1860,1895,1963,1952,1954,988,10,8,12,12,11,1839,7,7,9,7,7,9,11,12,11,939,6,4,7,10,7,1838,3,3,6,3,2,4,6,8,6,989,10,7,10,12,10,1835,7,7,10,7,6,9,11,12,10,972,9,6,9,14,10,1836,7,7,9,7,6,7,10,10,10,992,10,8,10,13,10,1839,8,7,9,7,6,8,10,11,10,933,3,2,3,8,3,1828,3,2,3,5,3,4,4,4,3,955,9,8,11,12,10,1835,5,6,7,5,4,7,9,9,8,953,7,6,10,12,8,1830,6,5,7,6,4,5,8,7,7,954,7,5,9,10,7,1831,4,4,6,4,3,6,8,11,8,918,5,2,5,8,5,1826,2,2,4,2,1,3,6,6,5,937,6,3,6,9,6,1828,3,4,5,3,2,4,7,7,6,954,8,4,7,9,7,1832,5,4,7,4,3,5,10,11,7,988,10,7,10,13,10,1836,7,7,9,7,6,9,11,11,10,984,10,8,11,13,11,1832,8,7,10,7,7,8,12,10,10,985,9,6,9,13,10,1845,7,7,9,6,6,7,11,10,10,facesim
3023,2002,1891,1982,1943,1998,3705,1903,1900,1910,1842,1886,1905,1971,1996,1962,998,19,11,11,15,63,1838,7,8,10,10,19,22,14,30,21,952,26,7,11,9,23,1838,5,6,7,4,13,11,8,9,11,999,26,8,12,12,27,1835,8,9,10,7,17,14,13,13,13,984,53,11,14,13,45,1834,9,10,11,8,28,15,13,13,13,994,23,8,13,12,22,1836,8,9,11,9,30,18,14,21,16,939,16,4,5,8,18,1828,3,3,5,4,18,10,6,8,6,960,23,6,10,10,22,1832,5,6,7,4,18,12,10,10,10,959,21,6,10,11,21,1828,5,6,7,4,17,13,12,11,10,968,25,10,14,13,25,1834,8,9,11,9,22,12,11,11,13,931,21,6,10,10,21,1829,5,7,7,4,16,11,10,8,9,939,17,6,9,9,16,1829,4,5,7,3,8,12,10,12,11,963,45,10,16,12,32,1834,8,10,10,7,22,12,13,14,11,997,25,9,13,12,21,1836,8,10,11,8,15,15,14,13,13,1008,73,10,14,13,46,1828,9,10,11,8,37,15,14,14,14,988,49,11,12,11,36,1842,7,8,10,7,29,13,12,11,12,facesim
3021,1963,1880,1964,1932,1968,3723,1899,1892,1905,1829,1865,1899,1963,1965,1957,990,6,7,11,8,9,1863,7,5,11,6,8,9,8,9,9,949,8,9,11,10,10,1858,8,6,13,6,6,8,7,10,9,993,9,9,10,10,11,1863,9,7,12,6,7,9,9,9,10,974,8,7,9,10,10,1862,8,6,12,5,6,9,9,9,9,991,9,8,10,10,11,1861,9,7,14,6,7,9,9,9,11,936,3,6,6,5,5,1854,4,3,11,4,4,5,4,4,5,957,7,6,8,9,9,1859,7,5,11,4,5,7,7,8,7,955,6,5,7,8,8,1857,6,4,12,3,4,6,6,7,6,960,8,7,9,11,10,1855,8,6,11,5,6,8,8,9,9,922,5,4,6,7,7,1852,5,3,9,2,3,5,5,6,6,938,6,5,7,8,8,1856,6,4,9,3,4,6,6,7,7,956,7,6,8,9,9,1856,7,5,10,4,5,7,8,8,8,991,8,7,9,10,10,1857,8,6,11,5,6,9,8,9,10,991,8,9,10,11,11,1860,9,7,12,6,7,9,9,10,11,989,9,10,10,12,12,1860,9,7,12,6,7,9,9,10,10,facesim
3012,1982,1876,1977,1909,1988,3703,1901,1908,1914,1851,1867,1891,1970,1940,1952,1012,23,19,26,20,26,1844,22,24,24,19,17,17,25,29,23,945,11,10,15,13,14,1838,12,14,13,12,7,7,14,14,17,998,17,16,19,16,23,1838,15,17,17,14,11,11,16,15,19,968,16,13,18,14,18,1839,15,17,17,12,12,9,16,15,18,1010,20,18,21,22,19,1847,17,19,19,17,13,13,18,27,22,940,7,8,8,7,8,1831,10,11,11,8,5,5,7,8,9,955,10,8,14,11,12,1834,11,11,11,8,5,6,11,11,14,959,11,10,14,9,14,1832,11,12,13,9,6,8,12,12,14,967,16,13,18,15,18,1834,16,16,17,14,10,10,16,15,17,936,12,11,15,11,14,1835,13,14,14,10,8,8,13,13,16,948,10,8,11,14,12,1832,9,12,12,6,3,7,9,23,16,957,14,12,17,12,15,1836,14,16,16,13,9,10,15,14,17,995,15,13,18,14,18,1838,15,16,16,13,11,12,16,15,17,981,17,14,20,14,19,1834,16,17,16,16,11,13,16,16,19,985,18,15,20,16,19,1845,16,18,17,16,10,14,18,17,19,facesim
3037,1971,1889,1981,1944,1974,3706,1920,1940,1929,1856,1889,1908,1972,1951,1982,994,5,8,8,14,7,1831,7,9,9,7,10,8,9,14,9,954,8,7,9,8,10,1837,7,9,9,6,8,7,8,9,7,1010,13,12,13,15,14,1833,13,14,13,10,13,12,14,16,13,983,8,9,9,9,9,1828,9,10,10,7,8,9,11,10,10,1003,12,12,12,18,12,1835,11,14,13,9,12,11,14,21,12,943,5,8,7,8,7,1826,9,9,8,7,7,6,5,7,6,976,11,10,11,11,11,1833,11,13,13,10,13,10,12,12,10,983,14,12,14,15,14,1827,12,15,15,12,16,12,15,15,14,977,10,9,10,11,10,1822,8,12,11,8,11,8,11,11,9,937,7,7,7,7,8,1822,5,8,8,5,8,5,8,9,7,956,8,6,8,17,8,1821,6,9,8,7,11,6,9,15,7,963,7,6,7,8,7,1826,6,10,8,5,9,6,10,9,8,1001,12,11,12,13,12,1831,11,14,14,11,13,11,13,15,13,986,9,10,10,11,10,1827,10,14,13,10,14,10,13,11,12,1002,12,12,13,13,13,1841,11,14,12,9,14,10,12,14,13,facesim
3014,1974,1879,1969,1925,1978,3700,1905,1914,1911,1846,1878,1897,1963,2006,1956,995,15,8,15,12,15,1837,12,12,12,8,6,8,13,27,14,950,8,6,8,8,8,1838,7,7,7,4,6,6,10,20,11,992,9,5,9,7,9,1834,8,7,8,5,5,7,10,22,10,970,11,5,11,7,10,1835,7,7,6,5,5,6,9,32,9,994,10,5,10,8,9,1840,8,7,7,5,5,7,10,26,12,936,2,2,3,5,4,1828,4,4,3,4,2,3,4,19,4,962,10,6,10,9,11,1834,9,9,8,6,6,8,11,23,12,966,10,8,10,9,10,1830,10,9,8,6,7,10,11,23,10,964,10,7,10,8,10,1828,10,9,8,6,6,10,12,25,11,931,7,3,7,6,7,1831,7,5,5,3,3,7,9,26,7,948,9,6,9,6,8,1829,8,7,6,4,4,8,10,29,10,956,8,4,8,7,8,1831,7,7,7,5,5,6,10,24,7,989,10,6,10,9,10,1835,9,8,8,6,6,9,11,22,11,1002,11,7,12,12,12,1830,10,9,9,7,7,8,13,45,14,986,10,7,10,10,9,1843,9,7,8,5,6,7,11,27,13,facesim
3067,1967,1872,1965,1929,1967,3706,1898,1900,1906,1836,1871,1905,1974,2003,1979,998,6,10,10,11,7,1839,6,5,7,6,7,11,10,9,10,953,7,3,6,5,6,1838,3,4,5,3,2,5,5,6,5,1003,11,7,10,11,10,1836,7,7,9,6,6,10,10,11,11,1001,9,6,8,9,10,1837,8,8,9,7,7,9,10,10,10,1003,12,9,11,13,11,1840,10,9,10,7,6,9,10,9,9,946,3,1,2,4,1,1828,1,1,4,3,2,5,2,4,3,968,8,4,7,7,7,1834,4,4,6,3,3,6,7,7,6,967,8,4,7,7,7,1830,5,4,6,4,3,6,7,7,7,968,8,4,8,7,7,1830,4,4,6,3,4,6,7,6,7,931,6,3,5,5,5,1831,2,2,4,1,1,4,5,5,5,948,7,5,9,8,8,1832,5,5,7,3,2,5,6,5,7,990,7,4,7,8,7,1835,4,4,6,3,3,5,7,6,6,1004,11,7,10,10,10,1839,7,7,9,6,6,10,10,9,10,1071,10,8,11,16,11,1834,8,8,8,7,5,22,9,30,21,1026,10,6,9,9,9,1844,6,6,9,5,5,8,10,8,10,facesim
3050,1976,1872,1963,1935,1970,3704,1897,1898,1913,1846,1862,1906,1969,1971,1953,997,20,12,19,14,20,1842,13,13,17,13,7,13,16,17,16,943,13,7,13,9,12,1838,6,6,11,8,3,8,11,10,11,989,15,10,14,11,14,1837,9,9,13,11,6,11,13,13,13,973,17,9,16,14,17,1837,11,11,15,13,8,13,15,15,15,991,14,10,15,11,14,1840,9,9,13,11,6,11,13,14,14,937,8,6,6,9,9,1830,5,6,11,10,5,8,8,7,7,958,13,7,12,9,12,1836,7,7,11,9,4,10,11,12,12,958,12,6,11,10,11,1832,6,6,10,8,3,9,10,11,11,966,13,9,13,11,13,1831,8,8,12,11,5,10,12,13,13,930,12,6,11,10,11,1834,6,7,10,8,3,8,10,11,11,940,11,5,10,8,10,1832,5,5,9,7,2,7,9,10,9,963,14,8,14,11,14,1839,10,9,13,11,6,11,14,14,14,994,15,9,14,12,15,1840,10,10,14,12,7,13,14,15,15,993,15,10,15,18,15,1834,10,10,14,12,7,12,14,15,15,981,15,8,14,11,14,1845,8,9,12,11,5,10,12,13,13,facesim
2645,1743,1691,1754,1709,1735,5115,1642,1661,1669,1606,1632,1664,1733,1787,1733,881,15,29,14,19,17,1620,14,15,14,13,14,15,16,19,20,838,10,18,13,14,11,1656,7,8,7,8,12,14,14,25,22,889,13,24,13,16,16,1627,11,12,11,9,11,11,13,16,17,864,13,42,11,14,13,1620,9,11,9,8,8,9,10,12,11,880,16,21,14,16,16,1630,12,13,12,11,12,12,14,15,17,819,5,12,6,7,7,1604,4,3,3,2,3,3,3,5,5,827,8,15,7,9,9,1608,5,6,5,4,5,5,7,8,8,838,10,17,9,11,11,1601,7,8,7,7,7,7,9,9,11,845,14,20,12,15,14,1616,10,12,11,11,10,10,12,13,14,811,10,17,9,12,12,1614,7,9,9,8,8,7,9,9,12,822,7,12,6,8,8,1630,4,5,5,4,5,5,6,7,9,840,11,35,9,13,11,1659,7,9,7,5,6,6,9,8,10,877,13,19,12,14,13,1646,9,10,9,8,9,10,11,12,13,900,16,69,15,17,16,1645,12,13,12,10,11,11,13,12,15,877,15,49,14,15,15,1650,11,14,12,12,13,12,15,14,16,facesim
2526,1654,1565,1654,1632,1657,5460,1605,1617,1609,1529,1563,1584,1658,1652,1658,836,7,8,14,8,11,1577,11,13,12,8,9,8,13,11,11,792,8,6,9,8,9,1562,8,11,7,6,5,5,10,15,9,839,11,9,11,8,11,1546,11,13,10,7,8,8,12,10,11,826,8,8,10,5,9,1549,10,12,9,6,7,7,11,9,9,840,11,10,13,10,11,1558,11,15,12,8,9,9,14,12,11,783,5,6,4,5,8,1539,8,10,7,5,5,4,4,5,5,811,9,7,11,9,10,1567,12,12,10,7,8,8,12,11,11,818,11,8,12,10,13,1557,11,13,12,8,10,10,14,13,13,813,9,6,10,7,10,1578,9,11,8,4,7,6,11,10,9,774,8,7,8,6,7,1578,8,10,7,3,6,5,10,10,8,791,8,5,8,6,8,1571,8,11,7,5,7,5,10,9,9,803,8,6,8,6,8,1614,8,12,8,5,6,6,11,10,10,840,12,10,13,10,13,1583,12,15,12,9,10,11,14,13,13,834,9,8,12,9,11,1570,12,14,12,11,10,10,13,13,13,841,12,12,14,10,13,1571,12,14,11,8,10,10,13,13,14,facesim
2509,1647,1564,1645,1639,1640,5419,1580,1586,1590,1523,1553,1569,1635,1655,1665,832,10,9,10,25,9,1570,8,8,7,7,9,9,9,10,20,789,8,7,8,25,8,1529,7,7,8,4,7,6,6,11,19,831,9,7,8,25,8,1546,8,7,7,5,7,6,8,9,19,809,9,8,8,41,12,1570,8,6,7,4,7,8,11,27,47,827,9,8,8,19,8,1552,8,7,7,5,7,7,8,9,22,774,3,4,3,14,4,1521,3,3,3,4,5,3,3,3,16,797,10,8,9,20,8,1541,8,8,8,6,8,7,8,8,25,801,9,7,8,18,7,1544,8,8,7,4,8,8,7,8,25,802,9,8,8,20,8,1566,9,8,7,5,8,9,9,8,26,769,6,5,5,16,5,1566,6,4,4,2,4,6,6,7,22,783,7,5,7,15,6,1567,7,6,5,3,5,7,7,8,21,792,7,5,6,34,5,1596,6,6,6,4,6,4,6,6,25,826,9,7,8,17,8,1585,8,7,8,6,8,8,8,8,22,837,11,11,12,67,10,1555,9,9,8,9,9,9,9,8,42,827,9,7,8,40,11,1554,9,8,8,5,8,6,9,10,33,facesim
1723,1024,894,1014,966,1009,6778,899,902,913,821,887,944,1047,1040,1011,525,12,10,16,15,17,4668,10,10,12,7,9,11,13,14,14,457,10,8,13,10,13,4682,5,5,7,2,5,7,9,9,11,520,15,11,18,13,18,4675,10,10,13,7,9,11,14,15,15,499,14,10,16,19,16,4672,8,8,11,6,8,13,11,22,15,516,13,8,14,14,14,4674,7,8,10,6,8,10,11,13,15,427,3,2,5,6,4,4650,2,1,3,2,2,3,2,3,3,460,7,5,10,8,10,4642,4,4,6,3,4,5,6,8,8,460,8,8,11,8,11,4646,5,6,8,5,6,6,7,8,9,465,7,6,11,9,10,4652,4,4,6,3,4,6,6,8,8,418,5,4,8,6,8,4650,2,2,4,1,2,3,4,6,5,453,7,7,10,8,10,4674,4,5,7,3,4,6,6,6,8,479,7,5,10,8,10,4692,4,4,6,3,5,6,7,7,8,535,9,7,12,10,12,4688,6,6,8,5,6,9,8,9,10,528,9,8,13,12,13,4672,7,7,10,7,8,10,10,11,13,526,9,10,12,24,12,4680,7,7,9,5,6,21,8,28,24,facesim
2758,1798,1700,1792,1752,1789,5357,1718,1743,1733,1670,1698,1717,1776,1780,1787,906,14,13,15,19,15,1713,17,19,16,14,11,13,12,14,17,857,10,11,15,15,11,1716,14,16,13,14,8,10,7,9,13,902,13,13,13,16,13,1699,16,16,15,14,11,12,8,10,14,882,15,13,15,17,13,1690,16,17,15,15,9,12,8,10,15,904,14,13,16,16,14,1691,17,17,14,14,10,13,10,9,13,856,10,10,17,12,14,1686,15,19,13,12,12,15,10,13,17,866,14,10,15,14,14,1689,16,18,15,13,11,13,10,11,15,881,18,14,18,18,17,1690,20,21,17,16,14,18,13,15,18,873,15,12,16,15,14,1701,17,18,14,14,11,14,11,11,15,839,11,7,11,10,10,1695,13,14,11,10,7,10,7,8,10,856,11,7,11,11,10,1702,13,14,10,9,6,10,8,9,12,866,14,10,14,14,13,1728,15,18,15,13,10,11,10,11,13,897,13,9,13,11,12,1722,14,14,13,11,9,11,8,11,13,900,16,13,16,15,15,1706,17,17,14,14,11,13,12,12,14,901,18,13,18,18,17,1716,18,19,16,15,14,14,14,15,18,facesim
2535,1621,1512,1626,1593,1630,4659,1552,1559,1568,1478,1533,1570,1646,1631,1625,822,14,11,16,17,20,3138,14,15,13,9,9,11,18,17,17,767,12,7,13,13,16,3134,12,11,10,6,7,8,15,12,13,825,13,11,15,15,16,3137,13,14,13,10,11,13,18,16,16,810,13,11,14,14,16,3139,13,16,12,11,10,11,15,13,15,824,11,10,14,14,15,3142,13,13,12,9,9,10,15,13,14,773,14,13,13,16,16,3136,16,15,14,10,14,17,19,19,18,786,12,9,14,13,15,3134,12,13,12,10,10,11,14,12,14,791,12,9,14,16,14,3123,14,14,14,11,11,13,15,12,14,790,9,8,13,12,13,3127,10,11,11,7,7,10,14,10,13,746,6,5,9,10,9,3124,7,8,7,5,5,5,12,7,10,773,8,6,10,10,11,3128,9,9,7,5,7,7,13,8,10,793,9,6,12,12,13,3148,11,11,10,6,7,7,13,8,11,834,13,9,14,14,15,3149,11,12,12,11,11,11,15,13,13,826,13,10,15,15,17,3134,14,13,12,9,10,10,17,11,14,819,12,8,14,15,16,3131,13,12,11,10,9,10,14,12,13,facesim
3043,1982,1886,1977,1951,1986,3744,1909,1914,1920,1851,1882,1917,1977,1973,1972,1000,14,10,11,12,12,1884,12,11,10,9,10,10,13,14,13,951,11,7,8,8,8,1869,7,8,7,5,7,6,9,10,8,997,13,9,12,11,12,1868,11,11,10,9,10,11,13,14,12,986,12,8,11,10,10,1870,9,10,8,8,8,8,11,12,11,1002,12,8,11,11,11,1873,11,10,9,8,9,9,12,14,13,944,9,8,5,7,5,1861,5,8,9,8,7,7,5,8,7,965,12,7,9,9,10,1861,8,9,7,6,7,7,10,10,10,965,10,6,8,8,8,1865,8,7,6,5,6,6,9,8,9,971,11,7,9,9,9,1867,8,8,7,6,7,7,10,10,11,933,9,4,7,8,8,1865,6,6,6,4,5,5,8,8,9,948,9,6,7,8,7,1867,6,7,6,4,6,6,8,8,8,970,11,6,9,10,9,1871,9,9,7,6,8,7,11,11,10,996,12,7,10,10,10,1873,9,9,8,7,8,9,11,10,12,998,13,9,12,12,13,1872,12,13,12,11,11,11,13,15,13,997,14,10,12,11,11,1879,10,10,10,8,9,9,12,13,12,facesim
2848,1871,1779,1867,1856,1873,4006,1820,1828,1823,1754,1785,1811,1887,1876,1891,942,9,8,13,11,12,2221,10,11,13,9,10,8,14,10,14,897,8,5,8,9,10,2217,8,8,9,6,5,4,9,8,13,942,12,8,11,13,13,2211,11,11,12,8,8,7,13,9,16,939,12,11,14,14,16,2220,14,15,15,11,10,10,15,13,16,944,13,11,14,14,16,2221,14,15,17,11,11,10,16,12,17,897,15,7,7,13,11,2218,15,11,12,13,11,9,11,12,14,918,11,8,12,13,13,2216,11,11,13,8,8,7,13,10,14,918,9,6,10,11,15,2205,11,11,14,8,9,8,13,11,15,916,11,7,10,11,15,2199,12,12,14,8,9,7,13,11,14,885,10,8,10,12,13,2202,11,11,12,6,8,6,12,11,13,900,9,6,9,8,12,2209,10,11,12,7,8,6,11,9,11,915,9,6,10,9,11,2219,9,10,10,5,6,5,12,9,12,952,12,9,12,12,16,2229,13,13,14,9,10,10,15,12,14,945,12,9,13,14,14,2215,12,12,13,9,8,9,14,11,15,953,13,10,14,14,16,2216,14,17,16,11,10,10,14,13,17,facesim
2011,1273,1140,1284,1227,1273,5848,1176,1193,1190,1096,1137,1170,1263,1259,1261,650,13,17,19,15,16,4712,14,15,17,10,7,13,13,15,14,575,6,11,13,8,8,4728,7,8,11,5,3,9,10,9,8,650,10,16,15,11,12,4709,12,12,15,9,7,12,11,13,11,627,11,15,16,11,11,4706,12,12,14,9,7,12,11,13,11,648,10,16,16,12,10,4711,10,12,13,8,6,11,11,12,11,575,12,14,13,11,9,4696,8,13,12,11,8,11,17,14,13,597,8,13,13,10,9,4697,9,11,13,8,6,10,9,10,10,611,14,19,17,15,12,4695,12,14,16,11,9,15,12,13,13,606,12,17,16,14,11,4693,11,13,14,9,7,14,11,12,12,554,7,13,12,8,7,4691,7,8,10,5,3,10,7,8,8,579,9,13,14,11,9,4691,9,10,12,7,5,11,10,10,11,592,7,12,12,9,8,4696,8,11,13,8,5,9,9,9,9,643,11,16,16,13,11,4701,11,12,15,10,8,13,11,13,12,643,12,17,17,14,13,4697,13,14,16,11,10,14,13,12,15,640,12,17,17,13,12,4720,12,12,14,9,8,12,11,12,12,facesim
3050,1989,1910,2001,1954,1995,3755,1922,1929,1931,1866,1893,1916,1979,1985,1974,999,10,8,11,13,12,1872,10,12,10,10,11,10,12,12,14,969,15,12,16,17,18,1870,13,16,13,13,13,11,12,14,15,1017,18,14,18,20,20,1876,15,17,15,14,14,14,17,17,17,987,14,10,15,17,16,1874,12,14,12,11,10,11,13,13,13,1008,15,10,15,16,16,1875,12,14,12,11,11,11,14,14,14,960,14,26,33,27,28,1883,17,17,23,23,21,22,22,22,17,971,13,8,13,14,14,1868,10,12,10,9,9,10,12,12,11,976,14,9,14,15,15,1867,12,14,11,11,10,10,13,13,13,979,14,9,15,14,15,1865,12,14,11,11,10,10,14,13,12,942,10,5,10,11,11,1862,8,11,8,8,7,6,10,9,9,952,8,4,8,8,9,1865,6,8,5,5,4,4,8,8,7,968,12,7,12,13,13,1869,9,11,9,8,8,8,12,11,11,998,12,7,12,12,13,1869,9,11,9,8,8,9,11,11,10,1000,11,8,12,13,13,1868,9,11,9,8,9,9,13,12,12,996,14,10,14,14,15,1871,10,13,10,10,9,10,12,13,11,facesim
2309,1472,1352,1461,1428,1462,5062,1384,1384,1387,1316,1345,1399,1494,1467,1479,749,12,7,14,12,13,3716,9,9,11,7,7,12,13,13,16,687,10,4,10,8,9,3718,5,5,6,2,3,8,11,9,13,745,14,8,14,12,13,3716,9,10,11,6,7,12,14,13,16,728,13,6,12,11,12,3722,8,8,10,5,6,11,14,12,17,739,10,6,9,9,8,3723,6,6,7,6,5,9,12,8,12,673,5,3,3,3,2,3708,3,2,4,2,4,7,7,9,10,701,7,3,7,7,6,3718,6,4,5,3,3,7,7,7,11,701,7,3,8,7,6,3703,4,4,6,3,3,7,9,6,10,702,8,3,8,8,6,3699,4,5,7,4,4,7,9,7,10,666,7,3,7,7,7,3700,4,4,6,3,3,7,9,7,11,681,6,2,6,6,5,3703,3,3,5,2,4,6,7,6,9,709,9,5,9,9,8,3720,7,6,7,5,5,9,11,9,12,757,9,6,10,10,9,3728,7,8,9,7,6,11,11,10,14,742,10,6,11,10,10,3714,8,7,9,6,6,10,11,10,13,744,10,5,9,10,8,3712,6,6,7,6,5,9,12,10,13,facesim
2610,1695,1565,1677,1644,1675,4758,1597,1610,1611,1524,1556,1581,1687,1668,1682,856,21,13,17,18,19,3196,15,19,19,15,14,12,21,19,18,787,7,1,4,6,5,3210,3,6,6,6,3,1,8,7,8,847,12,6,8,12,10,3189,9,11,10,10,9,6,12,12,14,830,13,8,12,13,12,3181,12,15,13,11,11,8,13,15,13,851,17,9,14,16,14,3187,11,16,14,11,11,9,16,17,16,785,12,6,6,11,11,3180,7,12,9,10,10,6,9,9,6,810,14,5,11,13,11,3175,8,11,10,7,8,6,14,13,12,817,18,9,13,16,16,3176,11,14,15,10,11,10,18,16,16,817,18,9,13,15,15,3172,11,15,13,10,11,10,17,16,16,771,14,6,10,10,11,3169,7,10,9,6,6,6,13,12,12,788,14,4,10,11,11,3171,8,11,10,6,6,6,13,12,12,801,13,4,9,10,10,3176,7,11,10,7,7,5,14,12,11,858,21,12,17,18,19,3185,15,19,17,15,15,15,22,21,20,848,19,11,16,17,17,3179,14,17,16,14,13,12,19,19,17,856,19,12,17,16,17,3205,14,17,16,12,13,10,18,17,18,facesim
3028,1961,1865,1953,1927,1958,3707,1888,1888,1892,1829,1856,1889,1959,1955,1957,989,6,7,8,8,8,1856,6,6,6,7,8,8,10,9,10,942,7,3,6,6,8,1847,3,4,3,3,3,3,5,5,6,987,10,6,10,9,11,1851,7,7,7,6,6,8,10,9,10,974,9,5,9,9,10,1852,6,6,6,6,6,7,10,9,10,988,10,6,10,10,11,1856,7,7,7,7,6,7,10,9,10,931,2,4,3,2,3,1845,1,1,2,1,2,2,3,3,5,953,7,3,7,7,8,1847,4,4,4,3,3,4,7,7,7,953,7,3,7,7,8,1849,4,4,4,3,4,4,7,7,7,955,7,3,7,7,8,1846,4,4,4,3,4,4,7,7,8,921,5,2,5,6,6,1843,2,2,2,1,1,2,5,5,4,936,6,3,6,6,7,1847,3,3,3,2,2,3,6,6,6,953,7,3,7,7,8,1847,4,4,4,3,3,4,8,7,6,989,9,5,9,9,10,1847,6,6,6,5,5,7,9,9,9,986,9,6,10,10,11,1852,7,7,7,6,6,8,10,10,11,983,9,6,9,10,10,1850,6,6,7,6,6,7,10,10,8,facesim
1894,1175,1043,1150,1137,1163,6131,1080,1090,1095,1006,1045,1106,1187,1168,1171,599,14,9,15,16,16,5063,13,10,10,8,8,14,15,16,16,533,11,6,11,12,12,5096,9,7,9,4,6,11,12,13,12,588,13,7,13,12,14,5055,12,9,9,6,8,14,15,16,15,584,17,12,14,15,17,5058,13,10,12,9,9,15,16,16,15,595,14,10,14,15,16,5069,14,11,12,8,10,16,17,18,18,525,13,10,8,11,10,5047,11,9,14,11,9,15,18,18,15,549,10,7,11,10,12,5047,12,8,8,8,7,13,12,12,12,553,7,5,7,8,8,5035,8,4,6,5,5,11,9,9,10,560,9,7,9,10,11,5035,10,7,9,8,7,11,11,12,11,515,8,5,8,10,10,5035,10,6,9,5,7,10,10,11,11,532,7,5,7,8,8,5033,7,6,8,6,8,10,9,10,9,564,11,8,12,12,12,5055,12,10,10,8,9,13,13,14,14,605,10,8,11,11,12,5074,11,9,11,9,9,14,12,13,14,597,13,11,14,15,15,5047,14,11,14,11,12,15,15,14,16,596,12,7,11,10,13,5076,10,9,9,8,7,13,12,13,14,facesim
3026,1964,1868,1960,1931,1961,3716,1896,1895,1899,1834,1864,1898,1970,1965,1960,989,6,7,6,8,7,1863,5,6,7,5,5,6,10,8,9,940,1,3,2,3,2,1854,1,1,3,2,1,1,4,3,3,984,5,7,6,7,6,1853,4,4,5,4,4,4,6,5,6,971,4,5,6,6,5,1859,4,4,5,4,4,4,6,6,6,988,5,5,7,6,6,1854,5,4,5,4,4,4,6,6,7,936,4,6,7,4,7,1856,5,3,5,4,4,2,4,6,5,955,6,4,6,7,7,1851,4,4,5,2,3,4,7,8,6,956,6,4,7,5,7,1855,4,4,5,2,3,4,8,7,7,956,5,6,6,7,6,1856,3,4,5,3,4,5,9,8,7,921,4,3,4,3,4,1857,2,2,3,0,1,2,6,4,5,939,5,3,6,5,6,1854,3,3,4,1,2,3,7,6,6,956,7,5,8,7,8,1858,5,5,6,3,4,5,10,7,7,995,10,8,11,10,11,1858,8,8,9,6,7,9,12,11,11,992,8,7,10,9,11,1856,8,8,9,6,7,8,12,11,9,988,10,8,11,10,11,1866,8,8,9,6,7,7,12,9,11,facesim
3057,1984,1916,1996,1964,1994,3745,1927,1934,1937,1884,1889,1915,1977,2003,1984,1002,14,16,21,19,21,1862,18,15,16,25,12,14,14,16,17,969,14,18,20,19,20,1858,16,17,17,26,13,14,13,16,17,1011,16,19,19,20,21,1863,17,17,19,27,12,16,15,17,17,995,15,17,17,17,19,1863,15,14,16,35,12,16,16,17,17,1008,16,19,20,19,20,1868,17,16,17,27,12,15,15,16,17,955,8,14,15,17,14,1858,13,11,14,25,8,14,13,15,11,972,13,15,16,15,18,1859,15,15,15,26,10,13,12,13,15,976,14,17,17,18,18,1858,17,16,16,27,12,15,13,15,16,978,14,16,18,18,19,1856,17,15,15,27,11,13,14,15,16,937,9,11,12,13,13,1851,12,12,11,17,7,8,12,12,12,952,9,12,12,13,13,1854,11,10,11,18,5,9,9,11,12,969,12,14,15,17,16,1857,13,13,14,29,9,12,12,15,15,997,12,14,15,15,16,1856,13,13,15,19,10,11,11,13,13,1010,12,16,16,15,17,1854,14,14,15,50,11,12,12,13,15,1000,13,16,16,15,18,1852,14,14,14,30,10,12,13,14,15,facesim
2419,1548,1410,1539,1492,1523,5161,1416,1447,1445,1359,1391,1435,1526,1521,1535,787,21,16,19,20,20,3769,13,19,19,17,16,17,22,19,23,715,13,10,13,11,13,3787,6,12,12,11,7,9,13,12,14,785,21,17,22,20,24,3769,14,19,20,15,13,16,21,19,21,763,20,13,20,21,20,3760,12,17,17,13,12,15,21,21,20,777,25,19,25,21,23,3761,16,21,20,18,16,18,25,22,25,702,9,13,11,10,20,3755,8,10,11,16,8,8,12,10,14,721,14,8,14,12,14,3744,6,12,12,7,6,9,15,13,14,740,20,15,19,17,20,3754,12,17,17,14,11,15,23,20,22,737,20,15,21,16,20,3750,12,18,17,15,13,15,22,19,19,690,16,11,16,13,17,3746,8,14,14,10,8,11,18,14,16,706,14,8,14,11,15,3746,6,11,12,8,6,9,16,13,15,730,18,12,18,15,18,3753,10,16,15,11,10,13,21,17,19,776,22,16,22,19,22,3761,14,20,19,16,15,19,25,22,23,773,20,15,21,19,21,3757,13,19,19,15,14,17,24,21,23,778,21,13,19,16,19,3779,11,17,16,12,12,15,21,19,20,facesim
1841,1169,1039,1161,1121,1172,6123,1084,1095,1103,1005,1045,1091,1186,1170,1160,594,13,9,12,14,12,5056,11,12,14,8,7,14,15,14,15,535,14,7,12,14,12,5085,11,11,12,8,6,12,15,14,14,596,17,10,15,15,16,5057,14,14,15,10,9,14,17,15,15,569,15,10,14,13,13,5051,11,13,13,11,8,12,14,13,11,598,14,11,15,15,14,5065,14,13,15,10,9,15,15,16,15,535,16,13,8,13,12,5042,12,14,17,16,13,14,11,13,16,554,12,8,12,14,11,5043,12,11,13,9,7,13,13,13,12,558,10,7,10,11,9,5034,9,9,11,7,6,11,12,12,10,565,13,9,12,12,11,5030,11,12,14,9,8,13,14,14,12,524,9,8,11,22,9,5024,8,10,13,5,5,14,11,22,16,532,8,5,8,9,7,5025,7,9,9,6,7,10,10,9,9,556,13,9,13,13,12,5049,13,14,13,9,9,13,15,13,12,604,12,9,12,14,13,5067,12,12,13,9,8,15,14,13,14,598,15,12,13,16,13,5048,13,13,13,11,9,16,15,15,14,589,15,9,12,14,12,5069,12,11,14,8,9,13,14,13,14,facesim
3023,1967,1871,1963,1923,1962,3716,1896,1899,1901,1837,1863,1896,1965,1952,1963,991,6,6,7,9,8,1862,6,6,7,6,7,8,9,11,10,938,1,2,2,3,3,1856,1,1,3,2,2,2,1,3,3,986,4,5,5,6,5,1853,5,4,5,4,5,7,5,7,7,968,8,7,8,9,9,1857,9,7,8,4,6,7,8,8,9,990,8,6,7,8,7,1856,6,6,7,4,5,7,9,8,10,932,1,1,2,5,3,1850,1,1,2,1,1,2,2,2,4,955,7,4,7,6,7,1850,5,5,6,3,4,6,7,8,8,953,7,4,7,7,7,1853,5,5,6,3,4,6,7,7,7,956,7,6,8,7,8,1854,6,6,7,5,5,7,8,7,9,923,5,3,5,6,5,1856,3,4,4,1,3,4,5,8,5,937,5,3,5,5,5,1855,3,3,4,1,2,4,5,6,6,956,7,4,7,6,7,1860,5,5,6,3,4,6,8,8,8,991,9,6,9,9,9,1858,7,7,8,5,6,9,9,10,10,985,8,6,10,8,10,1855,7,8,10,7,8,9,11,11,11,987,9,7,9,9,9,1866,7,7,8,6,7,9,10,10,11,facesim
3049,1990,1886,2021,1963,1987,3738,1920,1940,1946,1868,1891,1921,1986,1995,1973,1009,20,11,29,18,19,1866,15,19,19,14,11,13,18,16,16,955,12,3,21,12,10,1855,6,11,9,7,5,7,11,9,11,1010,17,7,21,21,14,1861,11,15,14,12,10,16,19,22,23,993,15,7,41,12,12,1863,8,13,11,10,7,8,13,11,12,1002,15,6,20,14,13,1869,11,14,14,12,9,9,14,11,11,951,15,8,15,12,13,1862,8,13,14,12,10,13,16,16,11,969,13,4,18,11,12,1860,10,11,11,9,6,8,12,8,10,979,14,7,19,13,13,1863,9,12,13,11,9,11,14,11,12,985,16,7,20,14,14,1859,11,14,14,11,10,10,15,13,12,945,15,7,56,12,13,1857,10,12,14,9,8,9,15,14,12,955,11,3,16,10,9,1858,7,12,10,8,8,7,11,9,9,974,14,5,41,10,12,1859,10,15,13,11,8,8,14,10,10,1005,16,7,21,13,14,1859,11,15,14,12,10,11,15,13,13,1008,17,8,65,13,14,1861,12,15,14,13,10,9,14,12,11,997,17,5,46,12,14,1860,9,14,12,10,8,9,14,11,13,facesim
1876,1174,1031,1158,1123,1168,6092,1074,1081,1085,994,1031,1074,1172,1177,1171,597,10,9,11,12,11,5050,10,10,12,9,10,11,12,14,15,524,5,2,5,4,5,5072,3,3,5,2,3,3,5,7,6,595,9,7,10,14,10,5040,8,8,10,7,8,10,10,22,14,573,11,8,12,8,12,5045,10,10,11,8,8,9,10,12,12,596,11,8,11,10,11,5056,9,10,11,8,9,10,11,14,15,514,7,7,8,6,7,5035,8,8,8,6,8,6,6,10,11,548,8,5,8,7,8,5029,6,6,8,5,7,7,8,10,9,553,11,7,10,9,11,5030,8,8,10,7,9,10,10,12,12,552,10,7,9,8,10,5023,7,8,9,6,8,9,9,11,11,506,8,4,7,6,8,5025,5,6,7,4,5,7,7,11,9,524,8,4,7,6,8,5021,5,5,8,4,5,6,7,9,9,544,6,3,6,5,6,5039,4,5,6,3,5,5,7,8,8,597,11,8,11,10,11,5057,9,9,11,8,9,11,11,12,12,600,12,10,14,12,13,5031,11,11,13,10,11,12,12,15,14,597,12,12,14,12,13,5059,11,11,13,10,11,11,11,13,13,facesim
3037,1972,1881,1973,1941,1976,3730,1905,1900,1906,1831,1862,1905,1992,1998,1972,994,8,9,14,13,12,1865,8,7,7,6,8,12,24,13,12,950,8,8,11,11,11,1858,7,6,7,4,5,9,22,11,12,998,11,11,13,16,14,1861,10,9,10,6,7,12,30,18,14,980,12,11,14,16,15,1863,11,10,11,9,9,14,31,14,16,999,12,12,15,18,16,1865,12,11,11,8,9,14,27,15,15,942,6,8,10,11,8,1857,7,7,6,5,4,9,22,9,9,960,9,8,11,13,12,1858,8,8,7,4,5,10,24,12,12,960,8,7,10,13,11,1859,7,6,6,3,4,9,22,11,11,964,9,8,11,12,12,1856,8,7,7,4,5,10,25,12,12,925,6,7,9,11,10,1853,6,5,6,2,2,7,22,9,9,941,7,7,9,10,10,1857,6,5,5,2,3,9,19,10,10,963,10,9,12,14,13,1859,9,8,8,5,7,11,29,12,13,998,10,10,13,14,14,1859,10,9,9,6,7,12,20,17,13,1010,10,10,13,15,14,1860,10,9,9,6,7,12,52,15,16,993,10,9,12,13,13,1857,9,8,8,5,6,11,30,14,13,facesim
2493,1616,1530,1627,1552,1617,4672,1545,1544,1557,1476,1518,1538,1631,1620,1613,819,17,17,19,16,19,3164,16,16,17,10,10,13,15,15,17,781,19,19,22,17,22,3173,17,18,18,11,12,15,18,17,17,826,18,18,21,15,19,3166,16,16,18,12,12,16,17,16,17,789,13,13,16,12,14,3169,12,12,13,7,7,10,12,13,10,821,15,17,18,13,16,3175,14,14,15,11,10,12,13,13,13,759,10,14,11,10,12,3161,11,9,13,9,10,14,14,17,16,782,13,14,15,13,14,3164,14,13,14,9,9,12,11,11,12,782,13,15,15,12,14,3155,14,14,14,9,10,11,11,10,12,787,13,15,17,14,15,3153,14,14,14,10,9,12,13,12,13,746,9,11,12,9,10,3150,10,10,10,6,5,7,9,8,9,767,9,10,11,8,10,3152,9,9,9,5,4,8,9,8,8,778,12,13,15,12,13,3169,12,12,13,8,8,9,11,10,11,827,13,14,14,20,14,3182,11,12,14,9,9,15,10,23,24,821,14,16,17,14,16,3164,14,13,15,10,11,12,15,10,13,817,15,16,16,15,15,3161,13,14,15,11,10,12,13,13,13,facesim
2394,1540,1405,1538,1510,1525,5147,1481,1479,1443,1372,1393,1437,1534,1551,1542,776,12,10,12,16,12,3740,25,22,12,15,13,11,16,15,17,707,6,1,4,9,4,3754,18,14,3,6,3,2,5,6,10,777,13,7,10,16,12,3734,24,22,10,11,8,8,12,12,16,765,15,10,14,16,16,3726,48,44,11,14,11,10,16,17,21,773,14,7,12,17,13,3733,22,22,11,12,10,9,14,15,18,709,13,7,5,15,12,3730,21,23,10,14,9,6,8,9,7,735,12,5,10,17,11,3719,17,45,8,9,8,7,12,22,16,735,14,6,11,15,14,3722,20,18,14,11,9,10,13,14,18,730,13,5,10,13,12,3721,16,22,8,9,9,8,12,12,14,695,14,7,11,14,14,3720,19,22,9,10,8,8,13,12,15,704,11,4,8,10,10,3717,13,16,8,7,5,5,10,9,12,728,11,4,9,10,10,3723,28,40,7,9,7,5,12,10,11,784,17,9,14,23,15,3733,28,24,13,13,11,12,16,22,17,784,15,8,13,15,14,3722,49,54,12,14,11,10,16,15,15,781,16,10,16,17,16,3751,41,49,14,14,12,10,16,14,18,facesim
3023,1963,1875,1970,1925,1964,3714,1902,1910,1938,1834,1862,1920,1964,1973,1957,995,12,7,13,10,14,1858,9,10,20,5,6,16,12,10,9,948,5,4,6,7,6,1848,3,4,19,2,3,14,7,5,6,993,9,8,12,9,11,1854,7,8,21,5,6,18,11,11,10,971,9,7,9,8,10,1857,5,8,42,3,6,30,9,8,8,991,9,7,10,7,10,1859,7,8,20,5,6,15,10,9,8,939,2,4,5,7,6,1849,2,3,16,2,2,16,3,5,5,961,8,3,7,8,9,1851,4,5,18,2,3,18,7,18,10,969,10,6,9,14,11,1856,8,7,22,4,5,20,9,23,13,973,8,6,9,13,9,1850,6,7,18,9,5,38,10,14,9,926,4,1,5,4,5,1846,2,4,18,0,2,14,5,5,6,942,6,3,7,8,7,1852,4,5,14,2,3,14,7,7,6,956,6,3,7,9,7,1848,5,6,28,1,3,26,10,7,6,990,9,7,12,10,11,1852,8,9,20,6,6,17,10,14,9,996,7,7,10,11,10,1851,8,8,52,5,6,46,10,9,9,986,9,6,9,8,10,1848,6,7,35,5,5,36,9,8,8,facesim
1962,1261,1119,1239,1183,1251,5675,1159,1167,1185,1078,1118,1179,1265,1270,1246,641,14,10,14,15,13,4578,12,12,15,11,9,14,13,15,16,573,13,5,13,8,12,4563,8,10,11,7,5,10,10,13,11,636,17,11,15,12,15,4556,13,13,15,10,9,15,15,15,15,606,15,7,13,10,11,4563,10,9,14,11,7,13,13,16,13,641,17,9,15,12,13,4573,12,11,14,8,7,12,15,15,14,561,11,7,5,9,10,4550,9,7,12,8,8,12,14,18,15,592,11,6,10,13,9,4565,10,8,11,8,5,9,10,17,10,595,11,7,10,13,8,4553,8,8,11,8,6,11,10,17,12,608,13,9,12,18,11,4554,11,11,14,10,8,21,12,27,18,549,10,7,9,10,7,4550,8,7,10,6,5,9,9,11,9,566,8,4,7,7,5,4551,5,6,8,6,6,7,7,9,7,606,12,7,11,20,9,4570,9,11,14,11,9,23,12,28,23,642,12,8,11,10,10,4576,9,10,13,9,7,12,10,12,12,644,13,10,13,13,12,4571,12,13,15,11,10,14,13,14,14,632,14,8,11,11,10,4553,9,11,11,9,7,13,10,13,12,facesim
2944,1900,1790,1877,1860,1886,4130,1805,1817,1815,1754,1782,1810,1890,1876,1879,956,9,8,10,10,9,2345,7,8,8,9,9,9,12,10,11,895,4,3,1,6,2,2359,1,1,2,3,1,2,4,3,5,944,7,4,4,10,5,2332,4,4,4,5,4,5,7,5,7,935,8,8,8,12,9,2335,8,8,6,7,6,7,9,7,11,947,6,5,5,10,6,2330,5,5,5,7,5,6,8,6,9,889,7,5,6,7,5,2324,5,2,3,4,4,4,6,4,8,908,9,6,10,9,8,2316,5,5,5,4,3,5,8,6,9,913,9,4,7,10,8,2323,5,5,5,5,4,5,9,7,8,914,9,4,6,7,7,2320,5,5,5,4,4,5,9,11,9,882,8,3,5,7,7,2322,3,4,3,2,2,4,8,5,8,897,8,2,5,5,6,2321,3,4,4,2,2,4,8,6,7,916,10,6,9,11,10,2328,6,5,5,4,4,6,11,12,9,953,13,8,11,12,12,2334,9,9,9,8,8,11,15,13,13,946,12,7,10,12,11,2325,8,8,8,7,7,9,13,10,12,946,11,7,10,12,11,2350,8,8,9,8,7,9,14,11,12,facesim
3065,1975,1881,1975,1937,1977,3729,1913,1909,1915,1880,1870,1917,1970,1991,1971,1000,14,8,14,12,14,1857,12,10,10,21,7,9,13,13,15,948,6,3,7,7,5,1846,5,4,3,18,3,4,6,5,8,992,9,5,9,8,8,1851,8,6,6,21,5,7,8,9,10,979,12,6,10,8,8,1854,8,6,6,28,5,7,8,8,10,996,9,5,9,8,8,1853,8,6,6,22,5,7,8,9,10,944,3,4,4,5,3,1846,4,2,3,20,2,7,5,6,5,963,8,4,8,7,7,1846,7,5,5,18,4,6,7,8,9,960,8,3,7,6,6,1848,6,4,4,16,3,5,6,6,7,965,9,3,7,7,6,1844,6,4,4,18,3,5,6,7,9,932,7,3,6,6,5,1843,5,3,3,14,2,4,6,8,8,942,7,3,6,6,5,1846,5,3,3,15,2,4,5,7,9,966,7,3,7,8,6,1845,6,4,4,30,3,6,7,8,8,994,9,5,9,8,8,1846,7,6,6,15,6,7,8,8,9,1003,9,7,10,10,9,1847,9,7,7,47,6,7,8,9,9,995,10,8,11,9,8,1844,9,6,8,28,7,6,9,8,10,facesim
3029,1965,1873,1961,1931,1961,3722,1899,1896,1893,1826,1859,1894,1969,1951,1958,992,13,10,13,16,16,1863,13,11,11,6,6,10,13,12,13,944,7,5,10,9,10,1853,7,6,5,2,4,6,9,7,6,990,10,10,12,11,13,1861,11,9,9,6,8,12,13,13,10,975,9,7,10,11,11,1862,9,8,7,5,5,8,10,9,8,990,10,9,11,12,12,1865,10,8,8,5,6,9,11,10,9,936,4,4,6,7,9,1857,7,4,5,4,3,7,5,6,5,960,9,8,11,11,12,1860,10,8,8,5,7,10,12,11,8,958,9,9,12,11,11,1863,9,7,7,4,6,9,11,9,8,958,9,7,10,13,11,1858,9,7,7,4,6,10,11,10,8,922,5,4,7,8,8,1852,6,5,5,2,4,6,8,7,5,938,6,5,7,9,8,1854,6,5,5,2,5,5,7,6,6,957,9,7,11,12,11,1857,9,8,8,5,7,10,12,12,9,995,9,10,13,14,14,1855,12,10,10,7,9,14,14,13,11,986,10,9,12,14,13,1858,11,8,9,5,7,9,12,9,11,987,11,9,11,13,12,1854,10,8,8,5,6,9,11,10,10,facesim
1860,1214,1077,1209,1161,1221,6147,1107,1117,1145,1036,1097,1112,1175,1243,1194,609,26,24,23,22,86,5054,17,19,25,17,29,29,18,45,30,553,34,18,24,16,31,5088,18,20,24,16,23,19,16,23,23,626,36,23,25,20,38,5054,22,23,28,18,28,23,20,25,26,596,55,17,20,17,45,5046,15,16,21,14,33,17,13,21,18,617,28,20,24,20,26,5060,18,18,24,17,43,24,17,39,28,553,27,23,18,18,29,5050,17,20,26,21,27,19,19,25,23,567,28,17,20,14,27,5047,17,18,22,15,28,18,12,19,20,573,26,18,20,13,24,5027,17,18,22,15,27,19,14,21,21,587,31,22,27,19,30,5040,21,22,26,20,31,22,18,25,25,528,23,16,17,12,22,5032,14,14,19,11,23,15,11,16,17,548,18,13,15,11,15,5029,11,12,15,10,13,17,11,25,20,570,48,17,21,13,30,5053,16,16,20,13,30,16,13,22,20,598,24,13,15,8,20,5076,11,13,18,11,17,13,8,15,14,633,74,20,21,16,48,5048,17,19,23,17,44,19,16,21,21,607,54,19,20,12,41,5073,16,18,20,15,36,18,13,21,19,facesim
3015,1959,1867,1953,1924,1962,3711,1892,1891,1889,1825,1861,1892,1956,1949,1958,992,8,6,8,13,9,1860,8,8,8,6,6,10,9,15,10,942,2,4,3,6,2,1854,2,2,3,4,2,4,3,4,4,982,4,5,6,6,7,1852,4,4,4,4,4,6,4,5,6,971,8,5,8,8,8,1853,6,6,7,5,6,8,8,7,8,995,9,5,7,13,7,1854,6,6,6,4,5,8,8,17,11,931,3,2,2,3,3,1844,1,2,2,1,1,3,2,1,2,955,6,3,6,7,6,1845,4,4,4,2,3,7,6,6,7,954,6,3,6,7,6,1849,4,4,4,2,3,6,6,6,7,954,7,4,6,7,6,1845,4,4,4,2,3,6,6,6,6,920,4,2,4,5,4,1849,2,2,2,0,1,4,4,4,5,945,5,2,5,14,5,1849,3,3,3,1,4,11,5,20,12,951,7,4,7,8,7,1852,5,5,5,3,4,7,8,6,8,986,8,5,8,9,8,1851,6,6,6,4,5,9,8,8,9,985,10,7,10,10,10,1852,7,8,7,6,7,9,9,9,10,987,10,7,9,10,9,1863,7,8,7,5,7,9,9,9,10,facesim
3016,1981,1895,1982,1955,1987,3745,1914,1935,1953,1866,1900,1919,1974,1980,1971,1002,17,21,21,19,18,1870,17,17,23,15,12,16,18,17,19,955,17,14,17,14,17,1858,15,16,18,12,10,11,12,15,16,1006,22,20,21,18,21,1864,21,20,25,18,15,17,17,20,19,989,18,16,16,13,15,1867,16,14,18,12,9,11,12,16,13,1006,21,21,21,18,19,1877,21,19,24,15,12,17,17,21,18,955,11,16,15,12,16,1869,16,13,19,13,11,16,18,17,16,970,18,15,18,13,17,1866,17,17,22,15,11,13,13,15,14,979,17,16,17,12,15,1864,17,16,21,13,11,14,14,15,15,990,21,20,23,18,21,1867,21,20,26,19,15,16,18,18,17,944,15,14,15,13,13,1861,15,14,19,11,9,10,12,14,12,964,16,17,18,15,15,1870,18,17,20,14,8,15,14,20,15,974,19,16,18,14,16,1867,18,19,23,16,12,12,14,16,16,1000,18,15,17,14,17,1864,16,16,22,15,12,13,13,16,14,1003,18,17,18,16,17,1865,18,18,21,16,13,15,17,16,19,996,20,17,18,14,18,1861,16,16,19,14,10,14,14,18,16,facesim
1896,1188,1055,1182,1169,1184,6111,1090,1104,1107,1017,1043,1124,1190,1258,1212,610,18,14,22,21,22,5047,16,19,17,15,16,16,21,32,21,542,10,6,11,14,12,5085,7,11,9,8,8,9,12,22,14,606,12,10,14,17,15,5043,10,14,12,11,11,12,16,26,19,597,14,11,15,18,17,5037,12,16,14,12,12,13,16,49,19,606,16,13,17,21,18,5055,13,19,16,15,15,15,19,30,22,526,15,11,9,16,16,5035,12,15,13,12,15,10,12,26,17,558,12,9,13,17,14,5034,10,13,11,10,11,11,15,25,19,566,16,13,17,21,20,5019,13,17,17,15,16,17,20,28,22,567,13,11,14,17,16,5025,10,15,12,12,13,13,16,26,20,520,12,9,13,15,15,5023,9,13,11,11,11,12,15,29,19,532,9,6,10,13,12,5016,6,11,10,7,7,9,12,24,15,572,9,6,10,13,11,5037,6,12,8,7,8,8,13,43,15,609,15,11,15,18,16,5060,11,16,13,13,13,15,18,26,20,630,15,12,17,17,18,5033,12,16,14,14,13,13,17,73,19,618,13,10,15,16,16,5060,11,15,13,13,13,14,16,57,20,facesim
3019,1959,1866,1962,1926,1958,3711,1893,1890,1892,1827,1861,1900,1964,1981,1960,998,9,6,10,9,9,1861,8,7,7,5,5,7,10,7,7,948,5,4,7,3,5,1852,4,3,4,2,2,3,7,6,5,998,9,6,11,8,9,1852,8,7,7,5,6,7,11,10,7,1006,8,5,10,6,8,1853,7,6,6,4,5,6,10,8,6,996,8,6,11,6,8,1853,7,6,6,4,5,6,10,8,7,942,1,1,4,3,2,1846,1,1,2,2,2,4,4,2,2,963,6,3,8,5,6,1846,5,4,4,2,3,4,8,6,4,961,6,3,8,6,6,1848,5,4,4,2,3,4,8,6,5,961,6,3,8,5,6,1846,5,4,4,2,3,4,8,6,5,928,4,2,6,3,4,1852,3,2,2,0,1,2,6,3,2,942,5,2,8,4,5,1848,4,3,3,1,4,3,7,5,4,991,7,5,10,7,8,1854,7,6,6,4,5,5,11,6,6,995,9,6,11,8,9,1851,8,7,7,5,6,8,11,9,8,1078,8,9,13,15,11,1851,9,9,8,5,7,17,13,24,16,1019,8,7,10,10,8,1859,8,6,7,3,5,7,10,8,7,facesim
2774,1804,1714,1802,1769,1804,4170,1729,1729,1733,1659,1690,1733,1812,1812,1800,910,16,15,16,18,19,2477,14,17,17,12,13,16,17,18,20,859,12,8,11,13,14,2481,8,11,10,6,6,9,9,8,11,908,16,13,14,16,17,2476,12,14,14,9,9,14,13,13,18,888,16,12,15,15,18,2483,12,16,15,10,9,13,13,13,17,908,16,13,15,18,18,2487,13,16,16,12,11,14,14,15,16,852,13,16,14,14,14,2479,13,13,15,10,10,16,15,20,19,871,14,11,13,15,16,2481,12,13,13,8,8,12,12,13,15,869,14,12,13,16,17,2463,11,14,15,9,9,13,12,13,14,872,13,10,12,15,15,2468,10,12,12,7,7,11,11,11,14,835,10,7,9,12,13,2461,7,11,10,5,4,8,8,9,11,851,10,8,10,11,13,2466,8,11,11,5,4,9,8,9,11,873,12,9,11,13,14,2482,9,13,13,8,7,10,11,11,13,914,13,10,12,15,15,2493,10,13,13,7,9,12,11,13,14,917,13,11,13,16,16,2476,11,13,13,10,10,13,12,13,15,904,14,11,13,15,16,2474,11,14,14,9,10,14,13,14,14,facesim
2108,1339,1249,1335,1310,1340,5640,1249,1254,1265,1163,1206,1239,1322,1376,1344,679,10,17,12,12,13,4422,11,13,11,10,9,9,12,11,11,620,8,16,13,14,10,4440,8,10,8,8,10,11,14,23,22,681,11,18,11,12,12,4415,10,12,10,9,8,8,11,12,13,667,12,44,12,15,15,4410,13,15,12,12,10,10,14,14,13,681,11,16,12,14,13,4416,11,14,11,10,9,9,12,12,13,609,9,15,4,9,8,4407,6,13,8,9,7,4,6,4,4,635,8,14,9,11,10,4397,9,10,8,7,8,7,10,9,11,636,10,13,9,11,11,4397,8,11,8,8,9,9,10,8,10,643,11,15,10,10,12,4401,9,13,9,9,10,9,11,9,12,586,7,12,6,7,8,4393,5,7,5,5,4,5,7,7,9,611,8,9,7,8,9,4396,6,9,7,5,4,5,9,7,9,631,10,34,10,11,11,4404,9,12,9,7,7,6,10,8,10,673,12,16,12,13,13,4412,11,13,11,10,9,10,12,10,12,696,12,69,13,14,14,4410,12,14,12,13,8,10,12,15,11,685,13,45,15,13,14,4435,11,13,12,11,9,9,12,11,14,facesim
3041,1967,1878,1962,1925,1973,3721,1897,1910,1905,1839,1867,1898,1972,1965,1962,990,10,9,9,8,9,1858,8,8,9,6,6,7,10,11,11,948,7,5,6,7,6,1850,4,4,6,3,3,4,7,12,8,991,10,9,10,9,10,1855,8,8,9,6,7,8,11,11,11,975,10,8,8,7,9,1862,7,7,8,5,6,7,10,8,10,997,12,9,12,9,11,1866,9,9,10,8,8,9,12,12,12,937,4,3,4,4,5,1856,5,4,4,4,2,3,5,7,6,960,10,6,8,6,8,1856,6,6,7,4,4,5,8,8,7,964,12,9,11,9,11,1861,9,9,10,7,8,9,12,12,12,965,11,9,10,10,10,1854,8,8,9,6,7,8,11,11,11,929,9,7,8,8,8,1853,6,6,7,4,5,6,8,9,7,943,8,6,7,7,7,1855,5,6,6,3,4,5,8,7,8,958,8,5,7,7,7,1851,5,6,6,3,4,5,9,8,7,996,11,9,11,10,11,1852,9,9,10,7,8,10,12,13,12,992,11,10,13,10,11,1855,9,10,11,8,9,9,12,12,12,989,11,9,12,11,12,1852,10,10,11,7,9,8,12,10,12,facesim
2255,1439,1342,1452,1450,1441,5173,1359,1368,1389,1291,1322,1362,1448,1472,1465,733,14,15,22,33,17,3852,15,12,17,12,11,16,14,18,28,687,17,15,24,35,20,3857,16,15,18,13,12,16,15,21,30,742,20,18,25,34,23,3852,20,17,22,15,14,18,19,21,31,724,16,15,20,55,20,3854,14,12,17,12,10,20,17,42,56,730,13,14,18,26,13,3860,14,10,15,10,9,15,14,14,29,672,15,17,16,28,16,3847,13,12,19,15,14,20,18,19,33,692,13,13,19,26,15,3853,15,14,18,13,10,15,12,15,31,697,11,12,16,23,11,3835,13,8,13,10,6,11,9,12,29,709,14,15,21,28,16,3842,17,13,18,14,10,15,14,17,33,655,8,9,14,23,11,3835,12,9,13,8,8,11,11,12,28,671,8,9,14,19,9,3839,10,6,10,8,6,10,7,11,24,692,10,10,15,38,12,3852,12,8,12,8,7,10,9,12,30,736,11,11,16,21,13,3865,12,9,14,11,7,13,10,12,26,748,15,14,20,71,16,3844,16,12,17,12,10,16,12,14,48,732,16,14,18,53,16,3843,14,12,15,11,10,16,13,25,41,facesim
514,430,320,386,501,621,349,373,688,327,296,288,311,334,381,344,58,82,29,29,85,152,63,62,203,30,27,31,33,32,48,33,48,83,23,28,63,163,60,47,172,24,24,24,26,24,33,29,51,88,25,21,63,172,56,51,224,23,24,22,26,26,35,28,89,106,34,28,73,156,67,64,270,30,32,30,30,29,49,31,89,111,42,38,81,158,75,63,395,44,48,36,39,48,53,42,44,95,33,31,69,144,53,61,173,33,33,29,33,32,94,30,47,77,25,27,60,153,53,47,206,28,37,33,27,30,39,26,57,94,41,32,96,205,89,65,207,35,38,40,34,31,42,32,49,74,27,28,57,149,66,53,227,26,31,29,30,31,39,28,55,64,30,30,66,165,54,60,241,39,35,29,25,38,41,26,39,61,20,22,51,128,45,50,199,20,24,20,20,20,31,21,55,74,23,24,62,131,63,52,195,23,22,27,23,28,38,24,59,78,27,26,62,132,62,63,164,30,43,30,32,31,40,30,61,76,33,28,74,154,89,54,179,29,26,31,31,31,55,31,45,83,28,29,67,195,58,53,223,25,27,26,29,25,45,28,facesim
1968,1267,1136,1250,1212,1273,5659,1192,1200,1203,1109,1143,1183,1287,1244,1260,642,10,9,15,15,13,4542,12,11,13,10,7,13,12,12,13,584,11,7,14,13,15,4534,11,10,12,8,6,11,12,11,14,642,16,10,17,18,17,4523,15,14,14,9,9,14,16,14,17,620,17,13,18,18,20,4533,16,16,19,16,12,17,17,17,18,653,16,12,18,19,18,4532,16,15,16,12,9,14,18,14,16,571,11,9,9,13,14,4521,11,12,13,11,10,12,13,14,15,610,11,9,14,17,14,4529,14,12,13,11,8,13,13,12,14,612,10,9,13,16,13,4519,12,10,13,10,10,12,13,13,13,614,10,9,12,16,13,4519,13,13,14,10,9,12,13,13,14,576,10,8,14,25,13,4518,14,13,14,7,7,15,11,20,14,580,6,5,9,11,8,4517,8,10,9,6,6,10,8,8,8,600,10,8,13,13,12,4533,11,12,12,11,10,11,14,11,12,656,10,9,13,16,14,4544,12,12,13,11,7,13,12,12,13,630,10,9,14,15,13,4531,12,11,13,13,10,13,13,11,13,639,12,10,14,15,14,4521,13,12,13,10,8,13,13,12,15,facesim
2318,1505,1369,1486,1466,1498,5837,1402,1414,1400,1314,1353,1395,1494,1490,1492,760,17,10,14,15,16,2819,11,15,14,12,13,12,17,16,14,690,8,5,5,6,7,2822,4,6,5,3,2,2,7,8,5,752,12,6,7,12,11,2806,7,10,9,7,7,8,12,11,9,743,14,9,12,15,15,2805,12,15,12,9,9,9,13,15,11,759,18,11,15,18,19,2811,13,18,16,12,12,12,18,18,14,687,9,8,9,12,12,2803,8,8,10,7,8,6,10,12,12,706,12,4,8,10,12,2806,5,8,7,4,6,6,13,11,8,713,15,7,11,14,17,2795,9,12,12,7,9,9,16,14,11,707,15,7,10,12,15,2806,8,12,10,6,9,8,15,13,10,664,13,6,8,9,12,2803,5,8,7,2,3,4,11,9,6,683,12,3,7,8,12,2808,6,9,8,3,4,6,13,10,7,707,14,6,10,12,14,2837,8,11,10,6,8,8,16,13,10,757,19,11,15,17,19,2832,13,16,15,11,13,14,20,18,15,757,17,12,14,17,18,2804,13,15,14,10,11,11,19,15,13,764,15,9,12,23,15,2821,10,12,11,7,7,19,16,25,22,facesim
3067,1984,1887,1978,1937,1975,3742,1915,1920,1920,1853,1882,1914,1978,1982,1991,1000,7,8,11,8,9,1862,9,9,8,5,6,8,10,10,11,948,7,6,8,5,5,1851,5,5,5,2,3,4,5,6,7,995,11,9,13,9,10,1853,9,8,8,5,6,8,9,10,12,975,10,8,11,7,8,1855,8,7,7,3,5,6,8,9,11,996,10,8,11,7,8,1859,8,8,7,4,5,7,8,9,10,944,4,3,3,2,2,1850,3,3,3,1,3,6,3,6,6,965,8,5,9,5,6,1852,6,6,5,2,3,6,6,8,9,966,8,6,9,4,6,1852,6,6,5,2,3,5,6,8,9,967,8,5,9,6,6,1849,6,7,6,3,3,5,6,8,10,934,6,3,7,2,4,1853,4,3,3,0,1,3,4,6,8,948,7,5,8,4,5,1848,5,5,5,1,3,4,5,7,7,966,9,6,10,5,7,1853,7,7,6,3,4,6,8,8,10,998,10,7,11,7,8,1856,8,7,7,4,5,8,8,10,11,999,11,9,13,8,10,1851,10,10,9,6,7,9,10,12,13,1000,12,9,13,8,9,1864,10,10,10,7,6,9,10,16,14,facesim
3065,1993,1910,2001,1983,1996,3747,1933,1928,1944,1872,1896,1932,1989,1983,1987,1010,20,18,20,22,22,1859,23,17,21,16,11,13,18,21,21,969,16,15,19,22,19,1864,19,15,20,18,14,16,18,19,23,1011,17,18,17,18,18,1856,21,16,21,18,13,14,17,19,19,1004,19,20,22,24,20,1859,21,16,26,21,17,18,18,20,22,1007,17,17,19,19,17,1860,20,14,17,15,10,11,15,16,18,951,11,15,12,12,12,1847,13,8,14,10,10,12,10,14,13,975,16,16,18,18,18,1856,21,16,19,16,11,12,15,16,18,973,13,13,15,14,14,1854,17,12,17,13,9,10,13,13,15,982,16,15,17,17,18,1854,21,14,19,16,10,12,16,17,17,943,13,13,14,16,15,1850,18,14,17,12,8,8,13,13,14,957,12,12,13,15,13,1848,16,11,14,12,9,8,11,13,12,975,14,14,15,16,15,1854,19,14,17,14,9,9,14,13,15,1004,14,14,15,16,16,1855,18,13,17,14,8,10,13,14,16,1003,17,17,19,22,19,1855,21,16,24,21,18,19,20,19,25,1005,19,20,21,22,21,1870,21,18,23,19,16,17,18,19,21,facesim
3036,1971,1879,1979,1943,1982,3724,1913,1934,1929,1860,1895,1914,1976,1969,1975,988,7,8,10,10,9,1839,6,11,9,8,9,10,11,11,13,950,10,8,12,10,12,1844,7,12,10,6,6,8,9,9,12,1003,14,12,16,14,17,1839,12,16,13,10,10,13,14,14,16,983,13,11,13,11,13,1839,9,14,10,10,8,10,13,14,14,1004,13,10,14,11,14,1843,10,14,13,10,10,12,14,15,17,946,5,6,5,7,8,1833,6,11,9,10,6,6,5,6,7,968,12,9,13,11,13,1839,9,13,11,9,8,10,12,12,12,979,14,12,15,14,15,1839,12,16,13,12,11,15,16,14,16,976,13,11,15,13,13,1832,9,14,10,9,9,12,14,12,13,940,10,8,12,10,11,1832,7,11,9,8,8,11,12,12,12,955,8,6,10,8,9,1834,5,11,7,6,5,8,10,10,13,964,9,6,11,8,10,1838,5,12,8,6,6,8,11,11,11,998,13,10,14,12,14,1839,9,15,12,11,11,14,15,15,15,996,14,12,16,14,16,1836,11,15,12,10,9,12,15,14,14,996,13,11,15,13,15,1848,10,16,13,11,11,12,14,15,17,facesim
3032,1974,1881,1967,1942,1972,3708,1905,1906,1905,1835,1867,1906,1976,1958,1962,998,15,9,15,16,18,1842,11,14,14,8,9,11,15,12,12,949,9,7,9,10,11,1841,6,8,9,6,7,8,13,9,9,991,11,7,10,13,12,1838,7,9,9,5,7,9,12,9,10,976,11,7,11,13,13,1839,9,11,11,7,10,12,15,12,11,993,11,7,11,15,13,1841,8,11,11,7,9,10,13,9,10,942,7,8,7,12,8,1836,4,7,8,7,6,8,13,9,9,957,8,4,8,10,10,1837,5,7,7,3,5,7,10,6,8,958,9,5,9,13,12,1837,6,8,9,4,6,8,11,8,9,961,9,6,9,10,11,1831,6,8,8,4,6,8,11,7,9,924,6,4,6,8,8,1830,3,5,5,1,3,5,8,5,6,939,7,4,7,9,9,1831,5,7,7,2,4,7,9,5,7,964,12,8,12,14,14,1837,9,11,11,7,9,11,15,11,12,994,11,7,11,12,13,1840,8,10,10,6,9,11,13,10,11,985,11,7,12,13,14,1836,8,11,10,7,8,10,14,10,11,988,12,7,12,12,14,1848,8,10,10,6,8,10,14,10,11,facesim
3058,1987,1884,1981,1946,1985,3721,1917,1921,1924,1852,1885,1907,1985,1986,1980,999,11,8,14,10,13,1848,9,8,9,11,9,10,14,12,13,952,10,3,9,6,10,1849,4,5,5,6,3,5,9,9,7,1001,13,7,12,9,13,1847,8,8,9,9,7,9,14,12,13,984,13,6,13,9,14,1848,8,9,8,9,5,7,12,12,10,1002,13,9,13,10,14,1851,9,10,10,11,8,10,15,14,13,944,10,4,11,9,12,1845,5,3,5,10,4,5,11,9,9,968,10,4,9,7,10,1845,5,5,6,6,5,6,11,10,8,974,13,7,11,9,13,1844,7,7,8,8,7,8,13,12,11,975,13,6,11,9,13,1841,7,8,8,8,8,8,13,12,11,933,9,2,7,5,9,1836,3,3,4,4,2,4,9,8,7,951,11,4,9,7,11,1839,5,5,7,7,4,6,12,10,8,962,9,3,8,6,9,1843,4,4,5,5,4,5,11,9,8,1003,14,8,13,11,14,1850,9,9,10,10,8,11,15,14,12,1004,12,8,12,11,13,1843,8,9,10,11,8,10,15,13,13,1000,12,7,13,10,13,1859,8,8,9,11,6,9,13,13,12,facesim
3032,1977,1860,1960,1925,1960,3693,1892,1889,1897,1840,1860,1897,1964,1953,1956,1003,17,14,14,16,15,1838,15,14,15,11,10,14,15,16,17,938,8,5,7,7,6,1831,6,4,5,2,2,5,6,5,8,993,13,9,12,13,11,1829,11,10,10,7,7,10,10,11,11,974,12,9,12,12,11,1830,11,9,10,7,6,10,9,10,11,993,14,10,13,13,12,1835,12,10,11,9,8,11,11,12,13,934,6,6,5,5,5,1821,5,4,6,4,4,6,3,4,6,957,10,6,9,9,8,1826,8,6,7,4,4,8,7,7,9,954,9,5,8,8,7,1823,7,5,6,4,3,6,6,7,8,958,11,6,9,10,8,1821,8,7,8,6,4,7,7,8,9,930,10,6,9,10,8,1826,8,6,8,4,5,7,7,8,10,938,8,4,7,7,6,1824,6,4,5,2,4,5,5,6,7,958,11,7,10,11,9,1830,9,7,8,5,5,8,9,9,10,998,15,11,14,13,13,1834,13,11,12,10,9,13,12,14,14,991,14,12,14,15,13,1830,13,12,13,10,10,12,12,12,14,989,14,9,12,12,11,1839,11,9,10,7,7,10,11,11,12,facesim
3036,1971,1884,1977,1952,1974,3703,1908,1913,1920,1849,1877,1904,1966,1959,1962,995,13,12,19,16,17,1839,15,16,17,13,11,11,16,16,17,952,10,10,15,13,13,1840,12,14,15,12,9,7,11,13,13,997,13,14,17,14,16,1839,15,16,18,14,11,11,14,14,15,986,13,12,16,13,14,1836,13,15,16,13,10,9,12,14,14,996,13,12,17,14,14,1844,14,15,15,12,9,9,14,14,15,941,6,8,8,8,10,1832,12,12,12,9,7,6,5,8,7,962,12,11,17,14,15,1838,15,16,15,12,9,9,13,14,14,963,10,9,15,11,12,1836,12,13,14,10,8,9,12,13,11,969,11,12,17,13,15,1834,15,15,16,12,9,9,14,15,14,933,9,9,13,11,12,1832,12,14,13,9,7,6,12,12,10,946,8,8,12,9,10,1832,10,13,12,10,7,6,10,11,10,964,9,8,13,10,11,1836,12,14,14,11,8,6,12,10,9,992,10,9,14,11,13,1837,12,14,14,10,7,8,12,12,12,988,11,10,15,13,14,1833,14,15,15,12,9,8,14,12,12,990,14,12,16,13,14,1845,14,14,15,11,9,8,14,13,14,facesim
3036,1967,1885,1975,1942,1975,3710,1907,1927,1925,1852,1882,1907,1970,1965,1973,986,7,9,7,11,8,1833,6,8,8,6,6,11,10,10,10,952,9,9,10,12,11,1838,7,9,8,6,6,11,10,9,10,1003,13,13,13,16,15,1833,12,12,12,9,10,15,14,14,16,983,12,12,11,13,12,1833,9,10,9,8,7,13,12,12,12,1000,12,12,12,13,12,1837,10,10,11,7,8,13,12,11,12,943,5,7,5,8,6,1827,6,7,7,7,5,8,7,5,6,967,11,10,10,11,11,1832,9,10,11,8,8,12,11,11,12,977,13,14,12,15,13,1831,12,13,13,10,11,16,15,13,15,975,12,12,12,13,12,1824,10,11,10,8,9,15,14,12,13,936,9,10,9,11,9,1824,7,8,8,6,6,12,10,10,10,950,7,7,7,8,7,1824,5,6,5,3,3,9,8,8,10,959,8,7,8,9,8,1828,5,8,6,3,4,9,9,9,10,994,12,11,11,13,12,1830,9,11,11,9,10,15,13,14,14,995,13,14,13,16,14,1829,11,12,12,10,11,16,15,14,16,995,12,12,12,13,13,1842,10,12,11,8,11,15,13,14,15,facesim
3032,1966,1867,1960,1937,1967,3695,1900,1901,1899,1831,1864,1904,1967,1955,1952,993,12,10,14,12,15,1835,10,10,11,8,10,10,14,13,13,941,7,6,8,9,9,1834,5,5,6,4,5,6,10,11,10,989,9,6,9,10,10,1832,6,6,7,5,6,7,11,10,10,978,9,7,10,12,11,1833,7,7,8,6,7,9,13,13,11,993,9,7,10,12,11,1837,7,8,9,7,8,8,12,11,11,934,2,2,3,6,4,1826,3,2,4,2,3,3,6,4,4,956,6,4,7,9,8,1832,4,4,5,3,4,5,9,8,8,957,7,5,8,11,10,1832,5,5,7,4,5,6,10,8,9,958,7,5,8,9,9,1826,5,5,6,4,6,6,10,9,8,921,4,2,5,6,6,1825,2,2,3,1,2,3,7,6,6,939,5,3,6,7,7,1826,4,4,5,2,3,5,9,7,6,962,11,9,12,13,13,1832,9,9,10,8,9,10,15,12,13,992,9,7,10,11,11,1833,7,7,8,6,8,9,12,11,11,985,9,8,11,12,12,1829,8,7,9,6,8,8,13,10,12,983,10,8,11,11,12,1841,7,8,8,7,7,8,12,11,11,facesim
2915,1876,1777,1866,1838,1880,4167,1802,1797,1803,1743,1765,1796,1877,1863,1863,945,6,7,8,10,7,2380,6,6,6,6,7,8,11,8,8,891,3,3,2,6,1,2395,1,2,1,1,2,3,5,4,3,935,5,5,4,7,4,2371,4,4,4,4,4,5,7,5,5,926,6,5,7,11,7,2371,7,7,6,6,6,7,10,7,8,944,5,5,4,8,4,2373,4,4,4,5,4,5,7,5,5,893,9,4,5,10,4,2366,4,5,3,4,4,3,5,5,4,904,7,3,6,7,6,2359,4,4,4,2,3,4,8,4,5,903,7,4,6,8,6,2360,4,4,4,3,3,5,8,3,5,908,8,5,7,8,6,2359,4,4,4,2,4,5,9,5,5,880,5,1,4,7,5,2357,2,3,2,0,1,3,7,8,4,888,6,2,5,7,5,2363,3,3,4,1,2,4,8,5,5,905,9,5,8,10,8,2366,6,5,5,3,4,6,11,7,7,945,11,7,10,10,10,2376,8,8,8,6,7,10,13,10,10,940,10,6,8,11,9,2367,7,7,7,6,6,8,12,7,9,939,10,6,9,11,9,2386,7,7,6,5,6,7,11,8,7,facesim
3032,1980,1875,1967,1932,1971,3693,1903,1914,1911,1836,1874,1897,1972,1972,1972,995,11,7,11,11,10,1835,9,10,9,7,9,10,12,12,12,946,12,4,8,6,9,1837,6,7,7,3,5,6,8,8,7,996,15,7,12,11,13,1834,10,11,10,6,8,10,13,13,13,977,15,7,12,10,13,1835,10,13,9,6,7,9,12,12,11,994,15,8,13,11,14,1838,11,13,11,7,9,11,14,15,14,932,5,1,4,4,4,1826,3,3,4,4,2,4,4,4,3,962,12,4,9,7,10,1832,7,8,7,3,6,7,10,10,8,967,15,6,11,10,13,1832,9,10,9,5,8,9,12,12,11,967,15,7,11,11,13,1828,9,11,9,6,8,9,12,12,11,927,11,3,7,6,9,1825,5,6,5,1,3,5,8,7,7,944,13,5,9,7,11,1829,7,8,8,3,5,7,10,10,9,956,11,3,8,7,9,1833,6,7,6,2,5,6,10,9,8,995,16,8,13,12,14,1838,11,12,11,7,9,12,14,14,13,997,14,8,12,12,13,1831,10,11,10,6,8,11,14,14,12,997,14,6,12,10,12,1844,9,11,11,7,8,10,13,12,14,facesim
3068,1999,1888,1985,1955,1986,3730,1918,1913,1923,1890,1872,1912,1990,1998,1981,1014,22,14,19,19,20,1846,17,15,18,28,11,15,17,18,19,954,9,3,8,9,7,1837,5,4,6,19,2,5,7,7,9,1004,14,9,11,12,11,1837,10,9,12,24,7,10,11,11,12,989,14,8,10,13,11,1836,9,8,12,33,7,9,11,10,12,1006,16,11,13,13,12,1842,11,9,12,25,8,11,12,12,13,949,7,4,3,5,5,1830,5,5,7,24,4,6,4,6,6,970,11,5,8,9,8,1832,7,5,8,22,4,8,8,9,10,966,10,5,7,8,7,1829,6,4,7,21,4,6,7,8,9,972,12,5,8,9,8,1827,7,6,9,22,5,7,8,8,11,945,11,5,8,11,8,1831,7,5,9,16,4,11,8,9,10,944,9,3,6,7,6,1828,5,3,6,16,2,6,6,6,8,966,12,6,9,10,9,1834,8,6,9,25,5,10,10,11,12,1005,16,10,13,13,14,1841,12,10,13,19,9,12,13,14,15,1011,16,10,14,13,14,1834,12,12,14,53,10,11,13,13,14,998,15,9,12,12,12,1847,10,8,11,30,7,10,12,11,12,facesim
2972,1970,1880,1969,1916,1969,3698,1899,1904,1910,1848,1873,1881,1961,1933,1943,988,5,9,10,11,10,1834,8,9,10,9,10,8,11,12,12,946,8,8,11,11,12,1839,8,10,10,8,8,5,8,9,10,992,11,12,14,12,15,1834,11,12,12,9,10,9,12,13,13,966,10,10,12,11,11,1831,8,9,10,11,9,7,9,10,11,993,10,10,14,13,13,1837,10,11,11,9,9,8,12,12,12,934,4,8,7,7,9,1824,8,7,7,6,6,4,4,5,7,960,10,10,13,11,13,1833,11,12,12,10,10,7,11,12,10,959,8,8,12,9,11,1833,8,10,11,7,8,7,9,10,9,965,9,10,14,11,13,1828,10,11,12,9,9,8,11,12,11,937,8,9,12,18,12,1830,9,13,12,8,8,8,10,16,12,943,6,6,9,9,9,1827,6,9,8,7,9,4,7,9,8,951,7,7,10,9,10,1831,8,9,9,7,8,4,9,7,6,988,8,8,11,10,11,1832,8,10,10,8,7,7,9,9,10,973,8,9,11,9,11,1828,9,10,10,10,10,9,11,8,11,980,11,10,13,11,14,1844,10,12,11,8,11,7,11,10,11,facesim
3024,1967,1884,1982,1935,1983,3718,1916,1936,1935,1856,1883,1914,1978,1954,1968,993,15,12,18,13,17,1839,14,16,15,9,6,12,14,13,13,956,10,12,14,13,12,1839,11,13,13,10,7,11,13,12,13,1006,14,15,18,15,17,1836,16,17,17,13,11,15,16,15,16,981,11,12,15,14,14,1835,14,16,16,9,9,12,16,13,15,1003,13,12,16,13,14,1840,14,15,16,11,9,14,15,14,16,948,6,9,8,8,7,1831,8,10,11,11,6,9,8,8,7,969,12,11,16,13,14,1838,13,15,14,10,7,12,13,11,14,982,14,14,17,16,15,1836,16,17,16,13,10,16,18,15,17,980,13,14,17,15,15,1833,15,16,14,11,9,15,17,14,15,943,10,11,13,14,11,1831,12,12,10,7,6,11,12,16,11,954,8,9,12,10,9,1830,9,11,9,6,3,9,11,10,12,965,9,8,13,9,10,1834,9,14,11,9,6,11,14,13,13,998,13,12,16,14,14,1837,13,16,15,13,12,16,17,17,16,991,15,13,19,15,17,1834,15,17,16,13,9,13,17,16,16,993,14,13,17,15,15,1843,14,16,15,11,9,13,15,15,15,facesim
3008,1971,1878,1991,1920,1968,3700,1902,1902,1901,1834,1865,1898,1967,1977,1960,988,7,9,16,10,9,1836,7,9,9,8,10,10,11,10,14,945,9,6,20,7,11,1840,6,8,7,4,5,8,8,9,10,994,11,7,16,12,11,1836,7,8,8,5,6,12,14,14,21,968,12,10,35,9,12,1837,8,9,8,6,7,8,11,10,12,993,11,9,19,9,12,1841,8,9,8,5,6,7,10,9,10,935,2,2,11,6,5,1831,5,3,3,1,1,2,3,2,3,956,8,5,17,7,9,1835,5,6,6,3,4,5,8,8,7,958,9,7,17,9,11,1836,6,7,8,4,5,6,9,8,9,958,9,6,17,8,10,1826,6,7,7,4,6,6,9,7,8,921,10,7,53,6,10,1827,6,7,8,4,5,6,10,13,10,937,7,4,10,5,8,1827,4,5,6,2,3,4,8,4,6,957,12,9,39,9,13,1834,9,10,10,5,6,7,11,8,9,992,11,8,16,10,12,1835,8,9,9,5,6,8,10,7,9,992,10,9,55,10,12,1830,8,9,8,6,7,8,10,10,10,987,12,9,42,12,13,1845,8,10,9,7,7,9,11,10,10,facesim
2987,1978,1871,1973,1902,1968,3692,1905,1912,1914,1839,1867,1893,1971,1945,1969,998,18,9,17,12,18,1834,12,12,13,10,8,10,17,14,13,943,11,4,8,8,9,1833,5,5,6,5,4,4,12,8,10,1005,17,7,12,19,13,1830,9,9,10,10,9,12,16,22,15,961,12,5,12,9,12,1831,7,10,8,7,5,7,12,13,11,993,14,8,13,13,14,1836,10,12,12,11,10,10,16,15,14,930,6,1,3,4,5,1824,2,3,4,6,3,3,6,5,4,961,11,4,9,8,10,1830,6,6,7,6,6,6,12,10,10,968,14,6,11,11,13,1828,8,8,9,8,8,8,14,13,12,968,14,6,11,10,13,1828,8,9,9,9,8,8,14,13,12,926,9,3,8,5,9,1827,5,5,5,4,2,3,9,8,7,942,12,4,9,6,11,1828,7,7,8,6,5,7,12,10,10,953,10,3,8,6,9,1830,5,5,6,5,5,5,12,9,9,994,16,9,14,11,15,1836,11,11,12,11,10,12,17,15,15,983,12,7,12,11,12,1828,9,9,10,8,7,8,14,14,12,993,13,7,12,7,12,1840,8,8,10,9,7,9,15,13,15,facesim
3028,1975,1870,1964,1935,1964,3701,1894,1890,1900,1849,1857,1901,1997,1973,1956,1000,13,12,16,18,13,1841,13,12,14,13,14,16,24,17,17,944,7,4,8,8,6,1834,5,4,7,5,4,6,15,7,6,999,12,8,12,17,11,1834,10,10,12,7,7,10,30,25,10,978,11,8,10,13,11,1832,9,7,10,6,7,10,39,10,9,995,14,10,14,14,12,1839,11,10,12,10,9,12,24,12,11,937,5,5,5,6,4,1826,6,6,7,5,4,6,17,5,5,955,9,5,9,10,8,1829,7,6,8,5,5,8,20,8,8,954,8,4,8,9,7,1826,6,5,7,5,5,7,16,7,7,959,10,6,9,11,8,1824,7,6,8,5,5,8,19,7,9,932,9,7,9,11,9,1828,7,7,9,5,6,8,20,7,9,938,7,4,7,9,6,1825,5,4,6,3,5,7,14,7,5,962,11,7,11,13,10,1831,9,8,10,7,7,10,27,10,10,997,13,9,13,15,13,1836,11,10,12,10,9,12,19,15,11,998,13,10,15,17,14,1831,11,11,12,10,11,13,53,11,15,988,13,9,12,15,12,1844,11,9,12,8,8,10,29,12,10,facesim
2982,1969,1883,1973,1925,1974,3701,1901,1909,1915,1842,1869,1878,1965,1938,1965,989,12,12,13,13,17,1838,15,15,15,11,6,9,14,10,14,947,9,9,13,10,14,1841,11,13,11,10,6,7,12,7,13,994,12,14,16,11,16,1836,14,14,14,13,9,12,14,16,14,971,13,13,16,12,14,1835,13,14,15,13,9,9,13,11,15,995,12,13,16,14,15,1840,14,14,13,12,8,10,15,13,16,935,5,8,6,7,11,1830,9,9,8,8,5,7,5,5,8,959,10,10,14,12,14,1837,12,14,12,11,7,10,12,8,13,959,9,10,13,8,12,1836,11,12,12,9,6,7,11,9,11,964,10,11,15,11,15,1831,14,14,14,12,7,9,13,11,14,927,8,8,11,10,11,1830,11,12,11,9,5,6,11,9,10,941,7,7,10,8,10,1828,9,11,9,9,5,6,9,7,10,947,8,8,11,8,11,1832,10,12,11,10,6,6,11,7,10,993,10,10,12,18,13,1837,11,13,12,13,8,13,11,20,25,977,10,10,12,10,12,1831,12,13,12,12,8,9,13,10,11,989,12,12,13,10,13,1845,12,13,12,11,9,11,13,9,14,facesim
3030,1970,1886,1991,1944,1980,3713,1952,1966,1936,1858,1886,1912,1974,1981,1961,991,10,10,15,12,11,1834,20,17,9,6,9,11,11,13,14,956,9,10,12,13,10,1836,22,18,9,5,7,10,9,12,12,1012,14,15,18,17,16,1835,27,24,14,10,11,14,14,16,18,985,9,10,11,10,10,1831,40,38,10,5,7,11,12,13,11,1005,11,10,13,13,11,1836,22,18,11,6,8,11,11,12,13,950,6,7,8,9,7,1828,19,17,8,7,6,8,6,8,7,975,12,11,14,14,12,1834,21,46,12,8,9,12,12,28,16,978,13,13,15,16,13,1832,25,20,13,10,11,16,14,15,17,979,12,12,15,14,12,1828,21,22,11,8,11,13,14,14,14,939,9,9,12,8,9,1826,18,18,8,5,7,10,10,11,10,952,7,7,10,8,7,1826,12,13,6,3,4,7,9,10,10,965,8,7,11,9,8,1830,28,38,7,3,5,7,9,11,10,1000,12,11,14,14,12,1833,26,23,12,7,10,13,12,25,13,1000,12,11,16,14,14,1828,52,48,12,8,10,12,14,14,14,989,11,12,14,14,12,1838,39,45,12,7,9,10,11,14,13,facesim
3035,1975,1880,1970,1916,1963,3689,1900,1910,1940,1835,1861,1933,1964,2006,1969,994,12,9,10,9,9,1831,7,12,21,7,8,19,14,13,11,948,11,6,10,8,8,1834,6,9,19,6,7,18,10,8,9,991,12,7,11,8,9,1829,7,10,22,6,8,21,12,13,11,968,15,7,14,10,11,1830,9,12,39,6,9,30,11,13,11,992,13,7,12,10,10,1834,8,12,23,7,9,18,11,12,10,934,3,3,4,6,2,1822,3,4,16,2,3,15,4,9,6,962,10,4,9,16,7,1830,5,8,19,3,5,21,8,25,14,969,11,5,10,19,8,1828,8,9,22,4,6,23,9,28,16,968,11,6,10,14,8,1826,6,9,19,8,6,52,9,23,12,924,8,4,7,6,5,1822,3,6,19,1,3,16,6,8,7,939,9,4,8,7,6,1825,5,8,16,2,4,18,7,8,6,965,14,8,13,11,11,1830,9,13,38,6,9,31,14,12,12,994,14,9,15,14,11,1834,9,12,21,7,8,20,11,16,11,1011,12,7,12,10,10,1825,9,12,67,7,9,45,11,12,11,992,13,7,12,9,11,1841,9,12,43,8,8,38,12,11,10,facesim
3014,1962,1876,2001,1920,1960,3707,1895,1897,1895,1827,1858,1893,1967,1984,1958,992,14,11,23,12,13,1855,10,10,11,6,6,9,12,12,13,948,8,7,19,6,8,1846,5,5,7,4,4,6,8,9,11,996,11,10,18,17,10,1850,7,7,8,5,7,14,14,20,18,971,9,9,40,7,8,1853,6,6,7,3,5,6,9,9,11,987,9,8,17,7,8,1855,6,6,7,4,5,6,9,9,10,936,4,5,14,6,5,1849,2,4,4,3,2,4,4,6,5,955,7,6,14,5,6,1848,4,4,5,2,3,4,7,7,8,954,7,6,13,6,6,1851,4,4,5,2,3,5,7,6,8,955,8,7,15,8,7,1848,5,5,6,4,4,5,8,8,8,921,7,9,57,7,8,1847,4,4,7,2,3,4,8,12,9,935,6,6,13,5,5,1849,3,3,4,1,2,3,6,6,7,953,7,6,36,5,6,1849,4,4,6,2,4,4,8,6,7,990,9,8,18,8,8,1850,6,6,7,4,6,7,9,9,11,1001,10,10,64,10,9,1852,8,7,9,5,7,6,10,8,11,984,9,9,40,10,9,1847,6,6,8,5,6,7,11,9,11,facesim
15468,9560,10338,10382,10306,10296,11106,10307,10173,10376,10245,10515,10582,10507,10348,10531,5510,20,702,719,714,743,1444,719,711,749,694,745,727,718,696,679,5526,44,788,763,762,777,1526,862,762,782,905,846,859,829,770,793,5521,53,768,732,806,912,1452,780,741,772,732,812,795,785,779,746,5500,45,760,898,728,806,1477,788,752,768,768,874,829,796,819,792,5476,49,745,774,748,733,1555,779,858,757,737,817,813,773,740,752,5508,71,760,736,758,783,1508,802,749,892,790,844,803,813,765,746,5433,38,853,692,703,740,1484,707,736,745,755,755,758,741,729,710,5396,44,763,706,713,777,1453,856,676,729,719,769,751,720,704,677,5500,50,719,698,718,727,1481,724,693,757,718,712,762,719,854,682,5495,43,839,714,753,752,1471,802,706,764,688,802,831,837,769,725,5514,77,758,724,759,758,1483,776,728,759,729,810,1007,920,804,1034,5545,79,805,771,811,793,1513,791,765,783,779,1128,943,1032,825,1077,5551,69,784,729,777,778,1512,764,757,771,754,966,1067,788,820,927,5489,54,774,758,887,749,1460,763,775,807,757,937,907,922,766,887,5549,75,849,792,830,843,1543,829,803,796,788,1191,1150,1090,865,974,facesim
25505,16304,17185,17269,17270,17299,17155,17245,17203,17293,17220,17170,17301,17327,17328,17350,9222,39,1065,1082,1120,1127,1073,1112,1099,1156,1139,1058,1142,1104,1099,1105,9205,109,1134,1154,1184,1197,1144,1176,1162,1222,1196,1133,1215,1189,1167,1186,9256,114,1138,1153,1190,1201,1150,1181,1160,1220,1199,1138,1214,1186,1170,1189,9231,110,1139,1148,1177,1201,1147,1176,1159,1223,1200,1128,1215,1186,1165,1191,9243,113,1142,1155,1193,1203,1162,1184,1164,1228,1202,1135,1220,1190,1170,1187,9138,62,1094,1099,1139,1149,1097,1141,1118,1182,1155,1078,1165,1126,1119,1139,9227,110,1135,1152,1194,1204,1148,1180,1170,1230,1200,1132,1217,1186,1169,1191,9207,108,1137,1150,1192,1201,1151,1178,1165,1233,1200,1134,1220,1189,1169,1189,9226,105,1132,1152,1189,1201,1150,1178,1158,1222,1192,1129,1216,1182,1164,1187,9193,112,1134,1144,1191,1197,1148,1173,1156,1218,1195,1131,1217,1188,1167,1186,9233,118,1155,1167,1214,1223,1169,1189,1183,1240,1214,1141,1239,1213,1189,1204,9251,119,1148,1169,1215,1223,1172,1195,1183,1237,1211,1143,1235,1215,1187,1205,9281,124,1152,1167,1214,1223,1175,1194,1184,1238,1217,1145,1242,1213,1194,1207,9268,108,1128,1147,1195,1198,1150,1176,1159,1224,1202,1127,1221,1193,1170,1191,9292,124,1153,1172,1225,1231,1171,1196,1187,1244,1221,1147,1241,1220,1196,1218,facesim
24950,15301,16130,16172,16129,16152,16195,16034,16099,16025,16008,16015,16151,16150,16136,16132,8570,94,1101,1119,1083,1072,1131,1059,1095,1066,1099,1100,1106,1112,1152,1102,8531,128,1097,1111,1095,1063,1139,1118,1087,1196,1089,1095,1095,1102,1176,1084,8542,121,1079,1097,1062,1034,1125,1055,1053,1008,1056,1093,1093,1113,1131,1081,8558,122,1095,1107,1070,1036,1134,1075,1048,1020,1086,1089,1088,1117,1131,1089,8588,118,1094,1116,1102,1043,1156,1105,1066,1077,1094,1112,1108,1138,1160,1088,8528,305,1126,1137,1080,1021,1102,1072,1061,1063,1076,1103,1125,1130,1142,1108,8513,99,1087,1098,1091,1028,1069,1082,1061,1065,1069,1098,1085,1120,1126,1087,8490,110,1082,1102,1062,1019,1054,1067,1066,1063,1085,1100,1095,1124,1090,1088,8592,99,1101,1106,1099,1079,1104,1083,1098,1056,1084,1100,1140,1118,1123,1101,8438,92,1086,1077,1080,1017,1056,1065,1058,1050,1066,1096,1136,1119,1147,1084,8461,81,1079,1087,1046,995,1059,1037,1049,1042,1064,1094,1103,1099,1161,1076,8508,118,1092,1114,1068,1034,1094,1085,1086,1034,1071,1106,1124,1141,1148,1083,8514,99,1080,1089,1068,1026,1118,1060,1078,1024,1075,1095,1115,1155,1091,1087,8497,117,1077,1096,1079,1030,1120,1079,1091,1049,1052,1101,1108,1139,1112,1082,8513,120,1100,1094,1075,1032,1147,1085,1090,1028,1080,1100,1101,1132,1131,1098,facesim
15013,9755,9878,10336,9989,10030,10310,10065,9758,9951,9800,9888,9967,10292,10703,10826,5473,505,855,1035,991,892,1462,1113,923,979,938,904,920,949,1222,1609,5353,519,888,1246,936,936,1389,1139,926,989,902,1011,907,1187,1306,1540,5406,511,869,1300,795,899,1391,946,811,836,874,894,863,1055,1212,1428,5314,463,911,1139,926,820,1382,951,813,839,856,846,848,1047,1154,1398,5365,504,929,1330,989,794,1398,914,963,955,861,902,931,1131,1408,1556,5321,500,931,1239,973,901,1495,938,876,946,870,920,919,1119,1153,1581,5233,426,733,1013,851,850,1389,966,866,885,807,848,855,1028,1146,1299,5190,418,779,927,808,797,1388,862,824,823,815,844,835,1015,995,1131,5296,437,851,993,887,921,1403,891,846,860,811,903,843,1003,1104,1203,5322,460,887,995,848,869,1387,916,827,928,846,763,826,930,1171,1362,5413,440,855,949,728,768,1377,818,831,895,783,702,948,1062,1077,1287,5308,396,860,1109,818,822,1388,824,878,831,806,872,897,1109,1355,1368,5457,442,774,1083,740,864,1382,909,806,849,815,823,880,1003,1180,1370,5470,448,847,1318,864,922,1381,1002,873,918,831,875,853,1207,1558,1578,5458,462,836,1177,887,955,1387,981,909,905,874,867,857,922,1533,1406,facesim
14568,9996,9758,10287,9983,9954,10210,10022,9838,9871,9615,9741,9984,10183,10245,10294,5485,870,843,1250,927,920,1262,976,955,904,915,934,1036,1135,1236,1311,5415,975,873,1472,932,924,1320,979,936,945,942,956,1052,1188,1414,1373,5403,929,827,1229,932,825,1213,923,863,854,840,856,888,1157,1085,1213,5348,898,834,1067,831,795,1208,944,866,860,812,870,875,1137,1007,1077,5447,1008,939,1378,982,913,1247,917,945,974,933,959,1029,1366,1106,1366,5249,802,819,1225,889,795,1174,828,871,860,773,832,852,1058,1029,1197,5324,944,825,1197,909,869,1218,1014,994,893,816,928,1036,1202,1100,1273,5213,839,774,1119,814,869,1196,962,886,899,781,865,935,1070,1041,1187,5271,884,811,1191,947,914,1213,984,947,959,771,924,985,1168,1022,1207,5159,927,799,1172,931,880,1225,985,911,944,835,900,867,880,1051,1130,5334,920,898,1098,893,748,1213,890,930,955,740,945,957,942,1077,1157,5329,887,831,1219,1019,783,1226,1011,800,890,809,905,869,1095,1052,1255,5369,830,817,1325,898,820,1204,973,850,854,835,843,867,968,963,1164,5367,814,917,1561,1148,853,1259,969,914,912,855,908,991,1211,1328,1282,5337,868,834,1254,922,915,1282,870,876,896,858,889,910,921,1079,1203,facesim
13958,9658,9296,9757,9600,9461,9337,9539,9303,9110,9416,9447,9403,9888,9620,9607,5242,878,916,1279,980,865,944,1285,886,910,967,926,848,1236,1075,1103,5206,1024,1000,1670,1059,907,988,1334,883,1043,977,966,1014,1259,1049,1170,5103,924,876,1389,1069,803,873,1340,871,854,854,902,801,1149,920,1062,5097,862,868,1211,1036,815,882,1271,823,842,824,897,811,1151,986,1056,5228,971,925,1606,1099,922,930,1670,893,908,871,948,860,1376,962,1210,5009,797,766,1361,980,881,775,1217,870,849,738,809,771,1129,975,1070,5037,1090,780,1336,1154,895,850,1244,912,844,748,887,827,1184,869,1033,4999,831,810,1280,887,843,842,1070,909,886,800,878,798,1181,883,987,4998,885,862,1310,931,875,895,1142,905,895,864,960,834,1130,910,1073,5103,948,811,1345,951,936,969,1189,865,868,951,978,886,1157,880,1150,5233,908,888,1414,966,772,922,1178,919,932,808,1012,944,1282,1020,1005,5105,798,859,1344,927,882,881,1065,859,925,860,936,855,1352,945,1142,5068,839,805,1241,931,845,899,1028,789,880,945,845,832,1231,908,1071,5139,787,858,1552,1076,831,896,1405,874,944,883,943,878,1386,920,1450,5046,837,799,1175,884,827,868,1167,833,864,887,850,827,1195,865,1211,facesim
13557,9225,9146,9582,9249,9146,9039,9231,9095,9080,9072,8867,9292,9485,9437,9424,5031,913,885,1006,885,816,897,995,793,969,917,989,977,974,1007,1122,5050,974,944,1432,1025,911,984,979,887,1092,1057,1068,1109,1050,1146,1119,4963,857,811,1330,864,767,887,893,824,821,836,963,918,1022,1030,974,5022,851,808,1336,899,802,912,922,844,856,823,850,949,1008,934,997,5050,968,866,1576,925,867,897,1023,936,829,901,946,1032,1030,984,1178,4967,873,803,1025,863,786,806,858,794,776,852,796,917,984,949,1062,5006,1067,813,1481,951,792,780,813,808,827,852,856,885,969,877,1172,4934,883,778,1281,946,793,765,952,789,804,852,826,952,954,848,1018,4950,944,879,1151,1036,836,818,1031,803,852,841,899,1029,912,860,937,4910,854,846,1231,874,823,857,1068,855,907,897,887,975,1014,877,1136,4889,841,805,1151,882,801,912,1043,892,1009,833,966,1042,993,997,880,4980,745,841,1263,799,819,863,954,834,910,877,893,1008,1046,1003,944,5068,808,761,1249,803,875,891,872,817,950,913,846,1025,1016,1017,976,5106,796,827,1615,878,846,922,901,824,922,845,905,1185,1254,1087,1126,4988,825,877,1203,1029,830,878,929,800,875,916,882,1054,1036,952,1045,facesim
13782,9386,9158,9507,9155,9293,9180,9451,9112,9203,9207,9167,9551,9614,9488,9734,5130,819,756,1069,975,883,880,905,925,905,893,949,1075,1237,1151,1049,5092,975,954,1274,1025,855,972,980,963,927,888,987,1119,1202,1133,1143,4967,892,829,996,928,813,769,995,829,825,866,854,1146,1131,1010,1050,4919,898,832,1067,875,780,797,859,814,793,870,815,1028,1156,980,1154,5042,932,865,1269,943,845,856,911,896,880,890,931,1351,1281,1081,1374,4968,817,786,1048,903,797,786,825,805,810,814,745,1361,1046,848,1219,5012,929,867,1085,874,872,865,992,861,905,796,850,1141,1015,1095,1247,4930,802,820,929,770,807,803,857,813,842,848,881,1080,1050,879,1038,4925,791,868,960,852,868,914,893,878,851,884,861,1278,1003,926,1161,4975,831,844,987,934,896,939,1009,886,820,895,964,1185,1086,847,1154,5116,761,852,1110,987,834,961,1014,889,870,784,905,1134,1062,1025,1141,5081,809,835,1108,873,856,835,951,864,802,833,878,1020,1306,973,1112,5064,807,844,1036,915,889,825,871,912,816,845,820,1036,1226,954,1103,5067,873,827,1141,977,860,874,1004,902,911,841,824,1322,1468,1148,1283,5112,835,755,1011,918,868,835,942,857,892,872,820,1154,1111,1092,1099,facesim
13958,9528,9496,9759,9660,9542,9320,9609,9663,9529,9303,9284,9934,9907,9635,9798,5278,841,880,1100,865,861,847,972,925,912,885,911,1221,1069,1204,1180,5214,952,982,1210,919,914,950,997,984,971,1054,987,1398,1294,1205,1267,5260,928,893,1183,929,871,852,934,842,872,929,795,1329,1133,1152,1204,5240,937,895,1257,931,856,803,849,863,843,883,801,1106,1105,1122,1094,5266,949,903,1202,908,856,844,904,922,900,936,849,1334,1247,1283,1280,5075,875,842,1077,907,788,727,996,782,802,836,823,1091,988,1090,1086,5179,958,868,1260,947,841,830,1010,820,793,916,877,1249,1081,1169,1265,5183,897,794,1137,929,792,768,1023,766,761,848,820,1168,980,1074,1175,5187,933,794,1245,870,819,810,1129,786,869,830,839,1143,1018,1086,1272,5007,873,861,1124,825,901,928,1007,934,877,840,952,1155,1074,1018,1203,5105,794,879,1144,905,882,915,1027,756,922,898,1005,1158,1034,1139,969,5158,857,850,1132,891,837,905,982,868,910,905,875,1179,1132,1071,1037,5137,900,884,1070,877,856,859,989,881,938,873,854,1188,1052,1221,1094,5046,855,929,1248,926,889,841,1009,803,916,904,848,1279,1214,1450,1293,5071,813,956,993,907,851,835,1040,860,858,840,839,1140,1024,1113,1308,facesim
13693,9361,9305,9615,9384,9209,9244,9412,9115,9162,9125,9241,9707,9627,9401,9614,5131,872,872,1030,849,871,843,930,895,914,816,914,1246,1239,937,1047,5110,941,1009,1117,936,899,924,1062,915,878,957,977,1255,1269,1004,1124,5185,922,882,923,804,838,814,1024,801,860,864,860,1193,1178,949,1023,5124,904,882,945,882,896,806,1083,855,883,900,891,1191,1115,992,899,5114,978,978,1085,879,784,920,1184,864,919,893,968,1365,1195,1007,1070,4954,870,993,1080,754,766,805,1192,762,800,823,798,959,1120,914,1068,4971,897,991,1028,807,754,804,1167,767,783,789,755,1210,1040,909,1084,4898,836,927,972,775,818,797,993,824,790,802,766,1096,954,913,1039,4982,867,896,1135,791,938,886,1029,840,895,833,877,1361,1086,916,1036,5013,887,973,1022,828,970,884,1105,858,902,809,928,1164,1047,903,1175,5124,957,908,1014,880,906,882,1094,900,795,800,911,1210,1041,858,880,5164,811,918,1107,805,829,861,1038,832,894,855,874,1157,999,980,1112,5131,789,911,950,835,844,801,953,778,849,808,841,1126,1057,922,1067,5020,809,975,1112,858,820,809,1170,793,867,785,856,1336,1269,959,1134,5128,802,989,1020,814,805,889,1020,753,869,799,822,1141,1091,944,1167,facesim
1862,1172,1048,1177,1141,1175,6123,1100,1118,1114,1028,1061,1094,1179,1196,1165,596,10,11,15,12,13,5064,15,14,14,12,10,11,13,16,14,538,13,11,16,14,16,5095,16,16,15,12,10,10,14,15,15,609,16,14,16,20,17,5061,19,18,17,14,12,14,17,26,18,581,11,11,14,12,15,5056,16,17,15,15,10,11,13,15,13,600,11,12,15,15,15,5062,17,16,16,14,10,11,14,16,15,533,13,16,14,12,17,5052,19,18,21,17,19,16,17,18,18,563,13,13,16,16,16,5050,19,18,17,16,13,13,14,16,16,572,13,14,16,16,16,5036,19,16,17,15,15,14,15,16,16,572,13,13,15,15,16,5033,18,17,16,13,12,13,15,16,15,524,12,12,15,14,14,5031,17,15,14,12,11,12,14,16,14,539,8,9,11,10,10,5036,14,15,12,11,10,10,11,13,11,557,9,9,12,11,11,5054,13,15,12,12,9,8,11,13,11,601,11,12,14,13,15,5086,16,16,16,15,11,12,13,16,14,610,12,14,16,15,15,5055,17,16,16,17,13,14,16,17,15,598,13,15,16,15,16,5075,19,17,16,15,12,12,14,16,17,facesim
13241,9166,9387,9256,9125,9245,9033,8933,8875,8922,8764,8735,9018,9142,9248,9091,5019,868,1042,979,874,901,911,800,873,869,938,861,916,1085,1105,1112,5035,952,1236,1095,929,1114,983,940,978,1061,1074,975,951,1232,1268,1310,4974,828,1058,1009,817,979,798,876,866,826,847,808,910,1074,988,1259,5050,949,1100,995,824,873,840,888,845,837,857,829,847,1014,1035,1296,5043,865,1157,1238,871,967,943,929,906,963,854,938,887,1254,1331,1200,4897,837,1039,975,788,920,845,720,789,879,804,827,798,965,1085,1135,4989,927,1084,993,800,975,929,818,827,877,760,795,733,990,990,1193,4820,803,1033,920,716,891,859,793,720,831,847,767,797,930,891,1003,4841,821,937,903,828,979,899,831,825,903,823,824,854,976,963,1189,4839,846,949,953,842,949,917,894,812,856,910,825,803,979,1036,1052,4883,937,987,988,887,957,865,931,953,800,757,917,882,977,966,1012,4857,782,946,959,850,950,839,870,789,839,894,841,880,1044,1009,1046,4923,817,911,924,803,902,819,843,783,863,916,783,844,972,901,1041,5000,811,1007,1068,760,975,836,924,819,865,868,885,921,1140,1027,1364,4889,812,970,861,811,966,789,844,807,889,876,800,898,1139,941,1062,facesim
13663,9095,8988,9615,9010,9004,8940,8976,8939,9070,8786,8804,8940,9470,9625,9476,5081,884,921,1064,879,983,941,837,867,880,837,927,901,1045,1250,1117,5090,925,1056,1247,884,944,989,974,946,925,968,986,1044,1133,1377,1151,4998,847,967,1112,856,877,857,791,818,861,859,833,849,1116,1375,990,4919,895,887,1105,854,872,814,877,875,832,890,799,835,1072,1125,1002,4934,1007,942,1185,884,943,866,924,845,913,956,896,856,1278,1432,1016,4801,914,890,1139,794,814,810,813,817,835,787,871,772,1168,963,980,4877,956,924,1135,866,814,807,783,910,908,842,867,804,1307,1060,975,4920,822,813,1099,785,812,816,800,831,849,880,845,748,1273,1043,978,4918,834,808,1072,835,825,824,845,858,885,835,902,825,1270,1192,1096,4847,869,830,1000,789,943,938,856,909,920,867,834,861,1244,1085,998,4939,921,921,1044,870,914,847,937,898,923,777,821,911,1230,995,1114,4918,822,850,937,771,906,904,813,839,846,832,942,812,1100,1152,975,4966,835,826,1027,801,834,932,802,880,917,842,829,828,951,1137,1015,4984,852,929,1199,894,818,907,873,898,934,917,863,795,1344,1589,1122,4973,826,888,1165,875,871,961,886,870,881,893,864,833,1121,1272,1014,facesim
3071,1975,1888,1974,1954,1981,3735,1908,1907,1910,1843,1872,1927,1998,2005,1984,994,8,7,9,10,11,1861,8,7,8,6,6,9,17,14,9,950,2,5,4,7,5,1856,3,3,3,4,2,5,13,10,5,996,7,8,9,12,9,1854,7,6,8,7,6,9,22,16,9,986,9,7,10,12,12,1855,8,8,10,8,8,11,36,12,13,1002,10,8,10,13,11,1857,9,8,9,7,7,11,22,14,12,944,3,5,4,8,6,1851,5,3,4,3,2,6,17,12,5,963,8,6,9,11,10,1847,7,6,7,5,5,9,19,13,10,960,6,5,7,9,8,1851,5,4,5,3,3,7,17,12,7,962,7,5,7,9,8,1849,6,4,5,3,3,7,23,11,8,929,5,4,7,9,8,1851,4,4,6,4,2,6,21,11,8,943,5,3,6,9,7,1851,4,3,4,2,2,6,18,10,7,969,8,6,9,12,10,1855,8,6,7,5,5,9,38,14,10,993,8,6,9,11,10,1855,7,6,7,5,5,9,18,12,12,1009,9,8,11,12,12,1851,8,8,8,7,6,11,59,12,12,997,8,7,10,12,11,1862,8,7,8,6,5,9,42,13,8,facesim
3030,1986,1889,1990,1941,1997,3744,1921,1935,1942,1874,1898,1895,1985,1987,1983,1002,18,15,17,15,16,1873,16,16,16,14,10,14,19,17,17,950,16,10,14,11,14,1864,13,12,12,9,7,9,14,10,12,1008,24,17,22,17,21,1871,21,19,19,17,13,17,21,22,19,981,20,15,17,12,17,1872,18,13,13,10,8,11,17,14,12,1007,20,16,20,17,19,1873,19,17,17,15,10,14,20,17,17,955,17,17,17,16,16,1874,18,17,18,16,12,19,21,21,19,969,19,13,18,14,18,1869,17,16,15,13,10,13,17,14,14,976,18,12,16,14,16,1868,16,13,14,10,9,12,15,12,13,982,19,13,17,15,18,1866,16,15,14,13,9,12,17,15,14,945,17,13,16,14,16,1868,17,14,12,10,8,10,15,15,12,958,15,10,13,10,12,1865,13,12,10,9,7,10,14,11,10,957,16,10,14,11,13,1865,13,13,12,10,8,9,16,13,11,1006,20,14,18,21,20,1871,17,17,17,15,11,17,18,25,22,1003,19,14,18,16,19,1869,18,17,16,16,12,15,21,14,16,1002,20,16,19,15,19,1862,17,16,15,13,11,14,17,15,17,facesim
1879,1186,1072,1200,1142,1186,6118,1135,1157,1121,1028,1052,1107,1199,1207,1187,607,18,15,22,20,22,5047,31,28,21,15,16,16,19,19,20,553,12,10,15,15,16,5084,25,24,15,11,10,12,13,16,17,615,12,12,15,15,19,5051,27,28,17,11,11,13,15,15,18,583,13,12,16,16,15,5041,40,45,16,12,11,13,14,17,17,608,16,14,18,16,17,5051,30,30,18,13,14,15,16,17,20,532,13,10,7,12,9,5036,24,24,11,9,10,9,8,14,11,562,11,9,13,14,13,5039,18,45,15,10,9,11,12,25,17,574,16,14,18,17,19,5029,25,26,19,15,15,19,19,24,23,577,16,14,19,17,18,5027,24,35,19,14,15,18,19,20,22,524,10,9,12,9,13,5026,18,23,14,8,9,10,13,13,13,536,9,7,11,9,12,5024,13,19,13,7,7,9,11,11,13,566,13,11,16,12,15,5046,32,47,16,11,11,12,16,15,16,613,16,13,17,16,17,5071,31,31,20,14,14,17,18,27,19,616,16,14,18,15,18,5049,50,59,18,13,13,14,17,17,17,605,16,13,17,13,17,5061,39,53,18,12,13,13,17,17,19,facesim
3034,1965,1881,1975,1928,1970,3720,1901,1903,1937,1836,1861,1922,1958,1989,1966,991,8,6,10,9,10,1863,8,8,19,5,5,16,9,10,12,944,5,4,6,5,4,1858,4,5,19,1,2,15,5,7,7,994,8,7,11,10,8,1859,8,7,23,4,5,19,9,12,10,971,6,4,8,7,7,1861,6,6,36,3,5,31,7,9,9,995,8,6,9,8,8,1861,8,7,25,4,5,18,8,10,9,935,2,2,4,4,2,1848,2,2,17,1,1,15,1,5,4,963,7,3,7,12,7,1850,5,5,20,2,3,19,6,22,14,963,7,4,7,14,7,1854,5,5,20,2,3,20,6,24,15,958,6,3,7,8,6,1849,5,5,17,6,3,27,6,15,8,923,4,2,5,4,4,1851,3,3,17,0,1,16,4,5,7,938,5,2,6,6,5,1851,4,4,13,1,2,17,5,7,7,952,6,3,7,8,6,1854,5,7,25,1,3,29,10,8,8,989,9,6,11,9,9,1855,8,8,19,4,5,20,8,14,12,1000,8,7,11,10,10,1854,10,9,54,7,7,46,10,9,11,988,8,6,9,8,8,1867,7,8,33,5,5,35,9,10,10,facesim
2711,1786,1694,1780,1723,1780,4215,1713,1710,1718,1641,1675,1707,1796,1774,1764,899,12,11,12,12,13,2533,9,10,8,7,10,9,13,12,13,851,9,6,9,9,10,2533,5,6,5,6,6,4,7,6,7,897,12,10,11,11,12,2530,8,9,8,6,8,8,10,7,10,872,15,11,14,13,13,2536,9,12,10,7,9,8,12,9,10,894,11,8,11,10,11,2544,7,9,6,5,8,5,9,8,9,849,12,11,10,11,12,2532,10,9,9,8,9,12,14,16,15,861,10,7,10,10,10,2533,7,7,5,4,6,6,8,8,7,862,11,7,9,10,10,2517,6,8,6,5,7,8,10,9,7,873,11,8,9,18,11,2518,6,9,5,6,7,9,8,17,12,826,7,4,6,8,7,2517,3,6,2,1,4,3,5,4,5,844,8,6,7,8,8,2521,4,6,4,3,6,4,6,5,5,869,10,6,9,20,10,2537,5,8,7,4,6,9,8,18,15,904,11,9,11,11,12,2550,7,9,8,7,8,6,9,7,8,896,10,9,11,10,11,2539,8,11,6,6,8,7,10,9,10,890,13,10,12,11,13,2529,8,10,7,7,8,8,11,9,10,facesim
1788,1134,1004,1128,1084,1124,6356,1036,1045,1043,954,1001,1034,1133,1129,1140,580,13,12,13,14,10,4144,13,13,14,13,11,12,13,14,16,517,12,10,11,12,9,4139,10,10,11,8,7,9,10,13,14,581,12,9,11,11,11,4142,10,11,12,9,8,10,12,14,15,550,10,7,8,10,8,4134,9,9,10,8,6,8,10,13,11,577,14,10,14,13,11,4152,13,12,13,11,9,11,13,13,16,500,4,7,5,9,7,4143,7,8,10,11,8,5,5,4,8,532,15,10,12,11,10,4126,12,11,12,9,8,10,12,13,16,533,12,11,12,12,11,4121,11,12,12,10,9,10,13,13,15,532,11,7,11,13,9,4132,10,11,11,8,8,9,12,14,13,485,10,8,9,9,8,4140,9,9,12,7,6,8,11,11,12,511,10,6,9,9,9,4147,9,9,10,7,8,8,11,10,13,530,11,7,10,13,8,4164,9,10,10,7,6,8,11,15,13,579,15,9,13,13,11,4174,12,12,13,10,9,12,14,14,15,576,15,12,14,15,12,4150,13,13,14,12,9,12,13,15,16,580,14,10,12,12,12,4165,13,13,15,12,11,13,14,15,18,facesim
5446,540,315,302,333,318,1124,266,300,286,290,278,282,302,318,307,43,82,26,15,26,23,916,10,23,10,7,4,12,11,9,16,21,132,8,5,7,10,637,3,9,2,2,2,1,2,2,4,30,147,4,2,11,22,657,0,12,1,2,2,0,0,2,3,52,192,12,2,14,12,668,3,12,0,1,0,2,1,6,2,42,186,7,1,3,14,656,7,15,2,3,0,1,0,5,2,40,440,33,15,21,30,602,7,19,3,4,3,10,3,11,5,21,117,5,4,3,10,535,5,14,1,3,0,4,1,4,3,29,118,5,0,10,12,574,8,13,3,1,1,2,0,4,3,22,90,2,0,4,14,580,7,17,0,3,0,1,2,2,1,17,86,9,2,2,16,585,7,13,4,2,3,2,1,5,2,18,83,5,1,2,7,539,4,12,1,1,2,4,1,2,3,34,115,10,4,10,13,592,7,15,5,5,1,4,3,1,2,26,96,6,4,12,15,604,10,14,2,1,2,0,0,1,3,68,69,12,3,13,12,615,5,10,4,7,2,3,4,12,6,46,76,8,3,9,14,670,2,15,1,1,1,2,2,3,3,facesim
2956,1914,1822,1925,1883,1918,3981,1847,1859,1865,1785,1814,1848,1908,1920,1902,964,7,7,12,9,13,1795,7,12,14,8,8,12,10,14,10,915,6,4,10,6,10,1782,4,10,11,5,4,8,6,9,6,972,17,14,20,15,18,1789,14,17,21,14,15,18,15,17,15,953,11,10,14,11,13,1793,8,14,15,9,8,12,10,13,11,967,12,10,15,11,14,1789,9,14,16,10,9,13,11,15,11,909,3,5,4,4,8,1792,4,8,9,3,4,7,2,6,4,933,10,9,16,8,13,1796,9,13,17,10,9,11,10,12,9,944,16,13,19,15,16,1789,14,18,22,14,15,16,16,17,16,948,18,15,21,15,18,1791,15,19,22,15,16,19,17,21,18,902,11,8,14,7,12,1788,8,11,16,9,10,11,10,12,11,914,7,5,10,6,9,1784,4,10,12,5,4,8,7,10,7,935,14,10,17,11,14,1801,11,15,18,11,12,15,14,18,13,963,12,9,15,10,13,1799,10,14,18,12,13,16,13,16,13,968,10,9,14,11,14,1789,9,14,17,11,10,13,13,16,13,958,10,7,13,9,11,1791,6,12,13,7,7,10,9,12,9,facesim
3062,2044,1918,2015,1986,2050,3777,1947,1939,1952,1887,1937,1933,1993,2017,1997,1021,26,15,23,21,85,1867,18,15,17,15,25,21,19,37,24,972,27,7,11,15,21,1855,11,7,8,6,17,8,11,11,14,1021,24,11,14,17,26,1859,15,10,10,10,19,10,12,11,16,1004,47,13,16,19,52,1860,18,12,11,12,31,13,13,15,15,1023,26,13,15,19,25,1864,16,10,13,12,37,15,15,25,18,972,25,14,11,15,24,1858,16,11,13,11,27,13,14,17,15,987,22,11,15,18,23,1860,14,11,10,10,24,11,12,12,14,982,18,9,13,15,21,1854,13,6,9,8,18,8,9,8,11,988,23,11,15,16,23,1856,13,8,9,8,21,8,10,11,12,954,19,9,12,14,20,1854,13,8,6,7,18,8,10,11,10,965,16,7,9,12,14,1854,11,7,6,5,9,10,10,15,12,977,36,10,13,16,33,1860,14,10,10,10,25,7,11,13,11,1006,26,9,12,14,21,1857,12,7,8,7,14,8,10,9,11,1025,76,17,18,17,52,1862,20,13,15,14,45,15,16,13,14,1007,50,12,15,16,44,1868,15,9,10,9,34,10,14,12,16,facesim
3030,1984,1882,1981,1930,1989,3729,1916,1927,1929,1848,1887,1910,1980,1969,1980,1002,6,6,10,12,8,1847,7,7,7,5,6,7,8,16,11,945,7,6,8,7,7,1847,5,6,6,3,3,4,5,7,6,1002,10,9,11,11,16,1847,9,10,10,7,8,9,11,12,11,975,10,7,9,8,9,1845,6,8,9,4,7,7,9,9,9,1004,8,6,9,14,9,1848,7,9,8,5,6,10,10,20,15,945,3,3,4,4,3,1839,3,4,4,5,4,4,3,5,6,966,8,5,8,8,9,1845,6,7,8,5,5,6,8,9,9,973,9,6,9,9,8,1842,6,7,7,5,6,8,8,9,9,975,9,6,8,10,9,1840,7,8,8,5,7,7,8,9,9,931,5,1,4,6,4,1836,2,3,3,0,2,3,4,4,5,955,6,3,6,13,7,1840,3,4,4,2,2,12,5,20,16,964,7,5,7,7,6,1844,4,7,5,2,5,4,7,6,6,997,10,7,10,10,10,1851,8,9,9,6,7,9,10,11,11,990,9,6,9,9,9,1844,7,7,8,6,7,8,10,11,9,999,10,9,11,11,10,1853,8,9,9,6,7,7,9,9,10,facesim
3015,1979,1888,1977,1919,1976,3725,1913,1917,1909,1842,1878,1908,1982,1937,1966,995,16,11,13,11,16,1852,11,12,12,7,7,7,14,11,13,946,8,6,7,7,8,1849,4,6,6,3,4,3,9,4,10,991,11,10,9,8,11,1848,7,9,9,6,7,6,11,8,10,970,11,9,10,9,11,1848,9,9,10,7,7,5,12,7,10,997,11,9,10,9,11,1850,8,9,9,6,7,6,11,12,11,944,9,11,9,9,10,1845,5,7,8,6,7,6,12,8,9,961,9,7,7,6,9,1845,8,7,7,4,5,4,9,6,8,960,9,8,8,5,9,1841,6,7,7,5,5,5,10,6,8,958,9,7,7,5,9,1838,5,7,7,5,5,4,9,4,8,924,7,5,5,4,7,1838,3,6,5,2,3,2,6,3,5,945,8,6,6,8,8,1840,4,6,6,3,5,3,8,9,7,958,9,7,7,5,9,1844,5,7,7,4,5,4,9,5,7,994,11,9,9,7,11,1851,7,10,11,8,9,8,11,8,11,979,10,10,9,9,11,1846,7,12,9,6,7,6,10,7,10,987,12,10,10,8,11,1857,8,9,10,6,9,7,11,7,12,facesim
3065,1994,1910,1993,1959,1994,3721,1920,1941,1935,1875,1895,1935,1997,2041,1993,1009,12,14,17,16,17,1850,13,17,17,17,14,19,19,34,19,972,13,9,14,14,16,1856,10,15,15,14,10,15,15,30,14,1011,12,8,13,12,14,1852,9,13,14,11,8,14,15,26,15,990,13,10,12,12,14,1852,8,13,12,11,8,15,16,36,14,1010,17,14,19,16,19,1857,13,18,17,16,12,17,18,36,17,947,7,5,9,11,10,1842,5,10,11,13,7,9,10,27,11,975,12,7,12,11,13,1847,8,12,12,10,7,13,14,25,13,985,14,10,15,15,17,1847,11,17,16,13,11,16,18,28,16,979,13,10,15,13,15,1844,10,15,14,13,10,15,17,29,15,948,10,8,11,10,13,1845,7,11,13,9,6,12,14,28,12,961,12,8,12,11,14,1842,9,13,14,11,10,13,14,33,14,982,15,11,16,15,17,1848,12,17,16,14,11,17,19,31,17,1014,17,13,18,18,19,1858,14,18,17,15,12,19,19,31,18,1020,14,12,16,17,17,1846,13,16,17,15,12,16,19,58,22,1007,12,8,13,12,14,1857,9,13,13,11,8,14,16,34,18,facesim
3038,1995,1885,1986,1931,1987,3742,1918,1911,1928,1860,1880,1912,1980,1999,1974,1017,20,14,19,19,22,1856,17,13,16,12,9,13,17,16,16,960,10,6,7,7,10,1848,8,4,6,5,3,5,9,6,6,1013,16,12,13,13,16,1849,14,10,13,11,9,13,14,13,12,998,13,8,11,12,11,1848,11,7,9,9,5,7,10,8,7,1013,18,13,14,13,17,1854,16,12,14,13,10,12,15,16,14,961,10,5,5,8,12,1845,10,6,7,7,6,8,7,8,6,976,13,8,10,9,12,1847,11,8,10,9,7,10,11,12,8,974,14,8,11,11,14,1844,12,8,10,10,7,9,12,12,10,983,18,12,14,16,16,1842,15,12,14,12,10,12,15,15,14,946,14,9,11,12,13,1843,12,8,11,10,8,9,12,12,12,953,10,7,10,8,11,1843,9,5,6,5,3,6,8,8,7,993,10,6,8,9,10,1846,9,6,8,7,5,5,9,8,7,1006,15,10,12,13,14,1852,13,9,12,11,9,11,13,14,12,1072,14,12,12,20,14,1845,14,10,12,13,9,23,13,29,26,1026,17,9,13,14,14,1856,13,10,12,12,8,10,14,12,10,facesim
3042,1968,1874,1978,1962,1982,3710,1909,1912,1926,1857,1881,1904,1966,1977,1981,993,9,11,16,15,12,1840,12,12,13,9,11,12,12,13,16,942,8,7,15,13,9,1839,8,9,9,4,5,7,8,11,16,999,14,12,18,16,14,1839,14,14,13,10,11,13,14,15,20,987,11,9,15,14,13,1837,13,14,14,10,10,12,14,15,20,998,11,11,16,16,12,1842,12,11,12,7,9,11,12,12,17,942,6,8,10,10,6,1835,10,9,11,6,5,7,6,9,9,963,10,9,16,15,12,1839,10,11,10,6,8,10,11,12,16,962,8,7,13,12,10,1833,10,8,10,4,7,10,9,10,15,971,8,7,14,11,11,1833,10,8,9,5,6,9,10,11,14,938,7,6,13,10,9,1832,9,9,7,4,5,8,9,11,13,950,6,5,12,11,8,1832,8,9,8,4,3,9,8,10,13,961,8,7,14,11,9,1837,9,8,8,4,6,8,10,10,13,991,9,8,14,13,11,1844,9,9,9,5,6,10,10,11,15,1001,11,12,18,22,14,1837,13,12,13,9,10,12,15,16,18,994,13,12,17,15,14,1851,12,13,13,9,10,12,14,14,19,facesim
3047,1969,1924,1973,1934,1968,3697,1903,1916,1911,1832,1866,1895,1961,2001,1968,994,9,22,8,10,8,1830,6,8,8,5,5,7,11,10,10,955,7,15,11,9,8,1831,5,6,6,5,9,11,14,20,19,999,10,23,11,10,12,1828,9,9,9,7,8,10,12,12,14,978,11,42,10,10,10,1830,8,8,9,6,7,8,11,8,8,994,8,15,10,9,9,1828,7,8,7,5,6,7,11,9,10,937,3,11,3,3,3,1821,3,3,3,4,3,3,4,3,3,961,8,15,8,7,8,1827,7,6,7,5,5,6,9,8,8,968,9,16,9,9,8,1824,6,6,6,5,6,7,9,7,7,966,9,17,8,9,8,1822,6,7,6,4,6,7,9,8,8,923,5,12,4,5,4,1818,2,3,2,0,2,3,5,4,4,939,6,11,6,6,5,1820,3,3,3,2,2,4,6,5,5,956,7,32,8,7,7,1825,5,7,6,3,4,4,8,6,6,990,10,16,10,10,10,1831,8,8,8,6,8,9,11,10,10,1005,9,64,10,9,9,1824,7,7,7,5,5,6,9,8,7,993,10,43,12,11,10,1836,9,8,8,6,7,7,10,9,10,facesim
3017,1966,1864,1961,1931,1960,3696,1899,1899,1900,1831,1864,1896,1971,1956,1956,990,12,9,11,11,14,1835,9,10,10,8,9,13,17,14,13,940,8,6,5,12,6,1831,4,6,6,5,4,7,10,16,8,988,11,9,8,9,11,1832,7,9,10,7,7,10,14,11,9,975,11,8,8,12,10,1835,8,10,10,7,8,10,14,11,11,990,11,8,8,10,11,1835,7,10,9,8,8,10,14,11,9,932,3,2,2,7,4,1826,2,5,5,4,3,5,7,4,3,956,9,6,6,8,9,1831,6,7,7,5,5,8,12,9,8,956,9,6,6,9,9,1827,5,7,7,6,5,9,12,8,8,956,10,7,7,9,10,1825,6,8,8,7,7,9,13,10,9,921,7,4,4,7,7,1825,3,5,5,3,3,6,10,7,6,938,8,5,5,7,8,1826,4,6,6,4,4,7,12,8,7,956,9,6,6,7,9,1830,5,7,7,5,5,8,13,8,8,991,12,9,9,11,12,1837,8,11,11,9,8,12,15,12,10,987,13,12,12,12,14,1833,10,11,13,11,9,11,16,11,13,984,11,8,8,10,10,1842,8,10,10,8,7,11,13,12,9,facesim
3038,1986,1899,1987,1988,1984,3697,1912,1925,1923,1852,1881,1918,1980,1993,1993,998,15,13,14,27,16,1837,14,14,16,13,12,14,15,15,22,961,16,10,13,25,15,1839,11,11,11,7,8,11,12,15,24,1001,14,8,11,25,14,1835,10,10,12,7,7,10,12,12,19,986,14,10,11,42,17,1834,10,11,10,7,7,10,14,29,45,1001,17,11,14,22,17,1838,13,13,14,10,10,13,15,16,28,935,5,5,3,14,7,1826,5,2,5,5,3,6,4,7,21,965,13,7,10,18,13,1830,9,9,11,6,6,9,11,11,25,974,16,10,13,20,17,1829,12,14,15,9,10,12,15,15,28,968,14,8,12,20,14,1827,10,11,12,8,7,10,13,12,26,935,12,7,9,17,13,1826,8,8,12,5,5,8,11,9,23,950,13,7,10,17,14,1827,9,9,12,6,10,9,11,11,23,972,17,11,14,38,16,1832,13,14,15,10,10,12,15,14,33,1003,18,12,15,23,18,1839,14,14,16,11,11,15,16,15,27,1007,15,10,13,69,16,1827,12,13,12,9,10,14,14,13,46,992,15,9,12,43,15,1839,10,10,11,7,8,10,12,14,32,facesim
917,803,734,781,786,791,2186,747,758,747,736,732,745,766,814,779,57,19,6,4,9,9,1448,12,2,2,11,4,6,2,12,4,13,16,1,4,3,4,1434,6,4,2,8,0,2,1,3,1,51,15,4,6,7,5,1440,11,2,5,7,3,4,5,5,6,45,19,1,2,5,6,1437,11,4,2,9,3,2,3,5,3,51,17,0,6,4,3,1444,15,1,4,8,4,4,8,5,4,25,9,0,1,2,4,1433,4,2,1,11,2,0,0,10,1,29,10,1,5,3,7,1438,6,3,2,29,3,7,2,7,5,35,15,2,3,3,4,1440,13,2,3,8,0,2,3,5,3,29,17,2,2,1,6,1439,12,2,1,11,1,2,3,4,4,17,13,2,5,4,8,1440,27,8,1,10,4,3,5,3,5,21,8,1,3,2,5,1431,10,2,3,8,0,2,1,5,3,29,11,2,1,2,7,1440,12,4,1,10,2,1,7,4,5,46,14,4,2,6,1,1446,12,2,5,12,1,3,5,7,3,65,10,2,7,14,6,1440,13,6,5,9,5,4,7,17,8,45,13,4,3,2,3,1445,7,1,4,8,2,4,5,4,4,facesim
3000,1970,1874,1970,1913,1974,3707,1898,1899,1914,1846,1863,1888,1964,1951,1961,999,17,13,20,17,22,1840,15,15,17,14,11,12,16,18,19,946,8,6,12,11,13,1836,7,8,10,9,5,5,8,10,10,995,14,11,17,16,18,1834,13,13,16,15,10,11,13,14,17,968,13,10,16,20,15,1835,11,10,12,10,7,9,10,19,16,998,16,14,20,17,18,1845,15,14,17,16,11,11,14,15,17,942,7,7,9,9,10,1830,7,10,9,10,6,7,6,8,8,959,11,8,15,14,15,1834,10,12,13,12,8,9,10,12,13,960,12,10,15,13,15,1833,11,11,13,13,8,9,11,13,14,971,15,13,18,17,19,1830,14,14,16,16,11,12,14,15,18,936,12,10,15,13,15,1831,11,12,13,12,8,9,11,13,14,939,8,6,11,9,11,1829,8,9,10,8,4,6,7,8,10,951,9,6,13,8,12,1833,9,8,10,9,6,6,9,10,10,993,13,10,16,14,16,1842,12,12,15,14,10,11,12,15,15,986,14,11,18,15,18,1835,13,14,15,17,11,12,13,15,16,996,14,11,17,27,18,1847,13,12,15,13,10,21,14,30,31,facesim
2982,1967,1868,1964,1936,1971,3700,1903,1906,1914,1844,1874,1899,1957,1962,1956,988,7,9,10,13,8,1833,9,10,12,9,9,10,9,12,12,944,9,9,12,11,9,1832,8,8,9,5,4,7,6,9,9,996,13,10,13,15,12,1833,12,11,12,8,8,12,11,14,12,977,11,8,11,12,12,1831,11,10,12,9,8,12,12,14,12,997,11,9,13,14,11,1834,11,10,12,7,7,10,10,13,11,938,6,6,8,9,7,1829,10,8,10,6,5,7,5,7,6,963,10,8,11,12,10,1831,9,9,10,6,7,9,9,11,10,959,8,6,9,9,8,1825,9,7,9,4,6,8,7,9,8,965,9,7,11,11,10,1823,9,9,11,6,6,9,9,11,9,929,7,5,9,8,8,1822,7,6,8,5,4,7,7,11,7,944,6,4,7,8,6,1823,6,7,7,4,2,6,6,9,7,958,8,6,10,11,8,1828,8,8,9,5,6,7,8,10,8,988,9,7,10,11,9,1834,8,8,9,5,5,9,8,10,10,992,11,10,13,14,12,1828,12,12,14,10,10,12,13,12,13,992,12,9,12,15,12,1838,10,11,11,7,8,10,10,13,11,facesim
3034,1962,1866,1971,1913,1968,3701,1902,1914,1913,1835,1865,1895,1967,1957,1966,993,12,8,15,11,13,1835,10,10,10,5,5,7,13,11,13,943,7,5,10,7,7,1833,6,7,7,3,5,5,11,8,13,994,10,11,13,10,12,1831,10,11,10,7,9,9,14,11,15,968,13,9,15,9,10,1834,9,11,10,7,7,7,12,10,14,992,8,8,11,9,9,1832,8,9,8,5,6,7,13,9,14,938,3,4,3,4,3,1825,4,4,5,4,3,3,5,4,6,957,8,6,10,8,8,1833,7,7,8,5,5,6,11,8,12,967,9,7,11,10,9,1830,7,7,8,5,6,8,11,9,11,966,8,6,9,8,7,1827,7,7,6,3,5,6,10,8,11,924,5,2,6,6,4,1825,4,4,3,0,3,3,7,5,7,939,6,4,8,6,5,1826,4,4,4,2,2,4,8,6,9,957,7,5,9,8,7,1831,6,8,7,4,5,5,11,8,9,993,10,8,12,10,11,1837,9,9,9,6,8,9,13,11,14,988,10,8,12,10,10,1831,8,8,8,5,6,7,12,10,11,993,12,11,14,12,10,1842,10,9,10,6,8,7,13,14,15,facesim
3048,1977,1882,1970,1926,1974,3705,1906,1904,1906,1840,1876,1908,1975,1968,1972,997,16,13,14,17,16,1844,14,14,13,13,16,15,18,13,17,954,17,11,13,15,17,1847,12,13,12,12,12,13,13,11,14,996,16,10,12,16,17,1839,11,13,9,9,9,12,14,13,15,980,19,15,17,19,21,1849,17,17,18,17,17,18,19,17,20,999,20,13,16,18,19,1845,15,15,14,13,14,16,17,14,16,936,6,6,6,10,9,1831,6,5,3,5,5,6,3,4,6,964,14,8,10,12,15,1837,11,11,8,7,7,10,12,10,12,963,14,9,10,13,15,1833,9,12,9,8,7,11,12,10,12,964,15,10,11,13,16,1831,10,12,9,10,9,11,13,10,13,926,12,7,8,11,13,1832,7,10,5,5,5,8,10,8,10,951,17,11,13,14,16,1836,12,12,12,9,13,13,15,10,14,963,14,8,10,12,15,1836,9,11,8,7,7,10,13,10,12,1000,17,11,13,16,18,1845,12,15,12,11,10,14,15,12,14,1000,21,16,19,19,22,1841,18,19,16,16,16,19,19,17,20,1002,21,16,19,19,22,1854,18,19,17,16,16,18,19,17,21,facesim
3045,1983,1891,1978,1921,1975,3699,1912,1928,1922,1856,1880,1920,1983,1972,1967,1007,22,17,22,14,23,1837,18,21,24,17,12,17,22,23,21,960,14,13,14,9,14,1836,11,14,17,13,8,12,17,16,16,1002,15,13,15,10,15,1833,12,15,19,13,9,13,16,17,16,973,15,12,14,7,12,1832,9,13,14,11,5,9,13,15,13,1000,17,14,17,11,16,1838,13,17,19,14,11,14,18,19,18,935,5,5,3,3,6,1825,3,7,9,9,4,6,6,7,5,967,12,9,12,7,12,1831,9,12,15,10,6,10,13,15,14,976,15,12,15,11,16,1830,12,16,19,14,10,13,19,19,17,968,13,10,14,9,13,1829,10,14,16,11,7,11,16,16,15,934,11,9,11,7,12,1825,8,11,16,9,5,9,14,14,13,951,12,9,12,8,13,1827,9,12,15,10,8,10,14,15,14,974,16,13,16,12,16,1834,13,17,19,14,10,14,19,19,19,1003,16,13,16,12,17,1838,14,18,20,16,12,17,20,21,20,998,14,12,15,11,15,1831,12,15,18,13,9,13,17,17,18,993,14,11,15,9,15,1843,10,14,17,13,8,12,15,16,16,facesim
2826,1836,1728,1833,1773,1837,4566,1730,1748,1767,1692,1733,1760,1835,1851,1812,925,12,10,12,15,16,1716,12,10,11,9,10,11,14,15,15,873,9,3,9,8,11,1711,6,4,5,3,3,4,7,9,9,927,12,8,11,13,15,1711,11,9,11,9,8,10,12,14,14,893,10,6,10,11,14,1699,8,7,9,6,6,8,10,13,10,932,16,12,16,15,18,1699,15,13,14,12,12,13,16,17,18,872,8,7,8,10,12,1681,10,8,8,8,7,7,9,8,9,872,11,6,10,10,13,1669,9,8,8,6,6,7,10,11,10,883,11,7,10,10,13,1676,10,8,9,7,7,9,11,11,12,898,15,10,14,13,17,1699,13,11,12,10,10,12,14,15,15,858,11,7,10,10,13,1691,10,9,9,7,7,9,11,12,13,873,7,3,6,6,9,1710,6,5,5,3,3,5,7,8,8,887,8,4,8,7,10,1732,7,6,7,5,5,5,9,8,9,928,13,9,12,11,14,1714,11,9,10,8,8,10,12,13,13,934,13,10,13,15,16,1712,13,10,12,9,10,10,14,13,15,914,11,9,11,10,14,1710,11,9,10,9,9,10,13,13,15,facesim
2531,1650,1555,1638,1619,1647,5175,1585,1584,1574,1507,1541,1571,1636,1634,1635,830,7,9,7,8,7,1574,8,8,8,9,8,9,8,9,11,781,6,5,5,5,8,1557,7,8,7,6,6,7,6,8,10,827,10,8,8,7,9,1548,9,8,6,6,6,8,8,9,11,820,9,7,8,7,10,1546,10,8,6,8,6,9,8,8,12,833,9,8,7,10,9,1548,9,7,8,7,5,8,8,10,10,775,4,3,3,3,3,1539,5,4,4,3,3,4,2,3,5,803,8,7,8,8,9,1559,8,8,7,8,7,9,8,9,11,799,7,6,7,7,7,1548,8,6,6,5,6,8,7,8,11,796,7,6,6,7,8,1566,6,6,6,5,4,6,6,7,8,760,6,5,6,6,7,1565,6,4,4,5,3,5,5,6,8,779,6,5,5,5,6,1571,6,6,4,4,2,7,5,6,9,793,8,6,7,8,8,1590,8,6,5,5,5,7,8,8,9,827,9,7,8,9,10,1577,8,7,7,7,6,9,8,10,11,826,10,9,10,10,11,1547,10,9,9,11,9,12,11,12,12,827,14,10,12,12,14,1548,11,12,9,9,9,11,12,12,14,facesim
2824,1834,1738,1830,1798,1828,4614,1763,1776,1783,1709,1750,1766,1832,1820,1836,927,10,8,13,14,11,1744,9,10,9,6,6,8,13,12,11,876,6,7,9,9,6,1744,5,5,4,2,3,4,9,6,7,923,9,8,12,13,11,1730,8,9,8,6,7,8,12,9,11,907,9,7,12,12,8,1732,8,9,9,5,6,7,11,8,9,922,8,7,12,10,9,1732,7,9,7,5,6,7,12,8,11,865,4,4,4,7,3,1721,4,4,3,4,3,3,4,3,5,889,8,6,10,10,8,1724,7,7,7,4,5,6,10,7,8,897,9,7,10,11,9,1729,7,6,6,4,4,6,9,7,8,898,7,5,8,9,6,1740,7,6,4,3,3,5,9,6,7,863,6,3,7,8,5,1739,5,5,3,1,3,4,8,7,6,882,6,4,8,7,5,1747,5,5,4,3,2,3,8,6,6,892,7,5,9,9,7,1767,6,8,6,4,5,5,10,8,7,926,10,8,12,11,10,1744,9,9,8,6,7,9,12,10,11,920,9,8,12,11,10,1737,8,9,7,6,6,7,12,9,9,926,8,8,12,10,9,1745,9,9,8,6,7,6,11,8,11,facesim
2987,1970,1873,1968,1932,1974,3734,1905,1908,1909,1836,1870,1897,1970,1979,1966,995,9,5,12,9,12,1867,10,8,9,6,8,8,8,11,12,943,5,2,7,5,5,1857,4,3,4,3,3,4,5,7,6,993,8,6,8,7,8,1863,7,6,8,5,6,7,8,10,9,976,10,6,9,8,8,1866,8,7,8,6,7,8,9,12,9,994,8,5,8,8,8,1865,7,7,7,5,7,7,8,10,9,939,2,1,4,1,3,1859,1,1,3,2,2,3,2,4,1,959,6,3,5,6,5,1855,7,4,5,3,4,5,6,8,7,960,6,3,6,7,6,1859,5,4,5,4,5,5,6,9,7,963,7,4,7,7,7,1857,6,5,6,5,7,6,7,9,8,924,4,1,4,4,4,1853,3,3,3,1,3,3,4,6,5,941,5,2,5,5,5,1857,4,3,4,2,3,4,6,7,6,958,6,3,6,6,6,1856,5,4,5,3,4,5,7,8,7,995,8,5,8,8,8,1857,7,6,7,5,7,8,8,10,9,998,10,7,10,10,10,1859,9,9,10,8,9,10,11,13,12,993,10,8,9,10,9,1858,8,7,8,6,7,8,9,11,10,facesim
2557,1647,1550,1640,1602,1637,4629,1566,1588,1566,1502,1545,1580,1658,1624,1649,832,13,11,13,12,14,3098,8,14,10,9,9,12,15,10,11,785,13,6,11,10,15,3097,6,13,9,7,7,9,10,8,12,824,12,9,10,10,12,3089,6,12,8,7,8,10,11,9,11,812,12,9,11,11,13,3100,6,14,8,9,7,10,9,10,11,824,11,8,10,8,12,3101,6,12,8,8,7,9,9,8,10,771,5,7,6,9,9,3087,2,8,5,4,8,7,7,10,6,793,10,6,9,7,11,3086,5,11,7,6,6,8,8,7,9,804,14,11,13,12,16,3078,9,17,13,10,10,13,15,10,13,789,10,7,10,7,11,3071,5,12,7,7,6,8,10,7,8,758,10,8,9,9,12,3080,5,11,8,6,6,8,10,7,9,780,11,8,10,8,13,3081,6,12,9,7,9,9,10,8,10,795,10,6,9,8,11,3097,5,12,7,6,6,8,10,6,9,838,13,8,11,9,13,3107,7,15,10,10,9,12,12,10,12,821,11,9,11,12,13,3091,7,14,9,8,8,9,11,9,11,829,11,8,11,9,13,3094,7,13,8,8,8,11,11,8,11,facesim
2291,942,810,839,830,847,4237,791,774,778,755,768,809,828,926,815,77,45,22,13,15,12,1874,9,8,8,6,6,8,9,11,13,29,66,11,5,7,4,1828,7,2,2,2,6,9,8,16,13,70,64,19,6,7,7,1814,3,6,3,6,5,4,5,10,5,50,77,28,5,4,8,1815,4,3,5,8,1,3,5,4,3,62,82,20,5,5,7,1857,2,7,5,5,3,5,4,12,6,33,140,19,7,15,7,1746,3,0,0,1,1,6,3,10,4,40,49,20,7,5,7,1728,4,5,2,4,5,3,4,8,6,34,70,10,4,6,3,1733,6,4,4,1,3,5,4,8,4,32,44,13,6,6,4,1790,5,6,3,0,3,2,1,6,3,17,40,12,5,6,4,1799,5,2,1,2,5,2,2,6,2,20,37,11,4,4,5,1802,2,3,0,1,2,4,4,5,2,42,46,33,6,4,5,1872,6,2,5,3,2,2,5,5,2,48,38,14,5,6,6,1845,7,3,1,6,4,5,6,10,4,101,33,67,7,10,9,1813,8,7,7,8,4,6,6,12,8,57,41,30,6,6,5,1850,4,4,3,4,3,4,4,7,5,facesim
2369,1516,1381,1514,1462,1511,5212,1408,1426,1432,1350,1379,1428,1512,1508,1509,771,14,14,14,18,13,3826,13,14,14,15,13,14,21,17,15,698,7,6,8,9,5,3840,5,6,6,6,4,5,11,11,7,774,16,13,16,18,16,3820,13,13,13,12,10,12,19,16,15,742,14,10,13,13,13,3817,11,12,13,11,9,11,19,17,13,769,17,13,17,18,15,3818,13,15,13,13,11,14,23,18,16,699,16,11,7,13,8,3814,11,11,11,18,9,10,20,14,11,713,12,8,11,13,10,3803,8,9,10,8,6,8,16,11,11,723,12,9,11,14,12,3807,9,8,10,8,5,10,16,13,11,725,13,9,11,14,10,3806,10,10,9,7,5,9,17,12,11,685,12,9,11,13,10,3804,9,9,9,7,6,9,17,14,11,697,9,6,9,10,7,3804,6,5,5,5,2,6,14,10,8,727,14,10,13,14,12,3813,10,12,11,10,8,10,19,15,13,766,18,14,17,18,17,3818,14,14,15,14,12,15,22,19,16,767,16,13,16,18,15,3817,13,13,13,14,11,14,22,17,15,766,15,13,15,16,15,3834,12,12,12,11,9,11,20,17,15,facesim
3089,1997,1910,2001,1988,2010,3774,1945,1947,1949,1900,1896,1922,1994,2021,2000,1009,14,10,17,15,18,1874,14,13,13,21,7,10,13,13,17,965,9,8,11,12,12,1865,10,10,8,21,5,8,10,11,15,1008,10,7,12,12,13,1869,12,11,9,22,6,10,10,11,14,1001,13,9,15,14,16,1873,14,12,10,32,8,11,12,14,17,1016,12,10,14,15,15,1876,14,11,12,22,7,10,11,12,16,965,15,26,30,28,26,1880,22,19,25,38,19,22,19,21,20,979,9,6,12,13,13,1869,10,10,8,22,7,10,10,12,14,981,10,7,12,12,12,1867,11,9,9,21,8,9,9,11,13,983,10,7,11,13,14,1868,10,9,9,22,7,9,9,11,13,945,8,5,10,12,11,1859,9,8,7,15,4,9,7,10,11,956,7,4,8,11,9,1864,8,9,6,15,2,7,6,8,11,971,8,5,10,12,11,1864,10,9,8,25,6,12,9,11,12,1008,10,8,13,14,14,1865,12,11,10,16,7,10,11,13,16,1020,10,9,13,13,14,1865,12,11,10,48,7,10,12,13,14,1011,14,11,16,16,15,1864,14,13,13,30,10,10,13,13,18,facesim
1958,1247,1132,1246,1172,1243,5692,1163,1166,1177,1073,1113,1145,1271,1221,1231,632,10,12,15,12,12,4588,11,10,15,7,8,10,12,12,12,580,15,13,19,13,17,4577,13,11,17,6,9,10,13,12,14,640,19,18,22,18,20,4574,17,16,22,10,13,13,19,16,19,601,15,13,17,12,12,4572,10,12,16,9,9,11,14,12,13,635,17,15,18,14,15,4588,14,14,18,9,11,11,16,13,15,568,17,14,17,11,14,4568,14,15,15,9,12,15,13,20,24,597,13,13,16,11,12,4572,12,11,16,8,8,8,13,10,12,595,11,12,15,12,13,4565,11,10,15,7,8,9,12,10,12,601,15,16,19,13,15,4559,15,14,19,12,12,12,16,15,16,552,7,7,11,15,9,4562,8,7,13,2,3,7,7,11,11,564,7,8,10,6,8,4562,7,6,12,3,8,6,7,7,8,582,9,10,13,8,9,4583,9,9,13,5,6,6,9,8,8,645,11,12,14,11,11,4588,11,11,16,8,8,10,11,10,11,619,10,13,13,11,10,4580,10,10,14,8,8,9,11,10,11,621,10,11,13,9,10,4563,10,9,14,6,7,9,11,11,11,facesim
2938,1909,1796,1886,1860,1891,4135,1820,1816,1817,1767,1788,1820,1886,1879,1881,962,5,5,7,10,7,2340,6,5,5,7,6,9,9,9,7,905,2,3,1,5,2,2358,2,3,2,6,2,5,4,6,3,949,5,5,4,9,6,2334,5,4,4,6,4,8,6,8,5,938,6,7,7,10,9,2337,9,7,8,9,6,9,8,10,7,952,6,5,8,9,7,2334,6,5,5,7,5,8,7,9,5,900,5,4,5,10,7,2331,4,4,6,6,6,6,5,7,6,916,7,4,6,9,8,2325,6,5,5,5,4,8,7,8,6,915,7,4,5,8,6,2322,5,6,5,4,3,7,8,8,5,916,7,3,6,9,7,2319,5,5,4,4,3,7,8,6,6,893,7,5,5,12,7,2322,5,4,4,4,3,7,8,15,5,902,6,2,5,6,6,2323,4,3,3,3,2,6,7,7,6,918,10,6,9,11,10,2329,8,7,7,7,6,10,12,11,9,953,11,7,10,10,11,2332,9,8,8,8,7,11,12,11,10,950,11,7,11,13,12,2327,10,10,10,11,10,12,12,12,11,951,10,6,9,11,10,2351,8,7,6,7,6,8,10,9,7,facesim
3029,1964,1874,2001,1932,1964,3716,1900,1904,1905,1833,1864,1890,1966,1999,1961,994,13,10,25,14,16,1858,10,11,11,6,6,9,12,14,15,943,5,4,19,9,9,1847,3,4,5,2,3,5,7,7,9,996,9,8,19,14,12,1855,7,8,9,5,8,14,14,19,22,975,10,8,46,13,12,1859,7,9,8,5,6,7,11,13,12,990,9,9,18,11,12,1859,7,8,8,6,6,7,10,10,11,937,1,5,13,4,4,1848,1,1,3,1,2,1,4,3,3,954,6,5,16,8,9,1850,6,5,5,2,3,4,7,8,8,958,6,5,15,9,9,1856,4,5,5,3,4,4,7,9,8,961,7,7,16,11,10,1856,5,6,6,4,6,5,8,10,8,925,7,6,54,8,9,1849,4,6,6,2,4,4,8,13,8,939,5,5,14,8,8,1849,3,5,6,2,2,3,7,8,6,954,6,5,34,8,9,1849,4,5,5,2,3,4,8,8,8,992,8,7,18,11,11,1851,6,7,7,4,6,7,9,10,10,1007,9,8,66,12,12,1852,7,8,8,5,6,7,10,11,11,986,9,8,42,12,11,1848,6,7,8,5,6,7,11,10,11,facesim
1859,1165,1042,1168,1121,1155,6110,1081,1098,1088,991,1046,1088,1178,1169,1152,593,12,10,15,14,14,5055,12,16,15,10,13,14,15,14,12,536,15,9,17,14,16,5087,12,16,15,8,11,12,14,13,12,604,19,15,18,21,19,5059,16,20,19,12,15,18,19,23,18,574,17,13,16,14,15,5050,14,18,17,11,12,13,13,11,12,591,15,12,16,14,14,5066,13,18,15,11,14,14,14,13,13,526,16,15,15,14,14,5048,13,20,16,15,15,17,15,17,16,554,11,8,12,10,11,5039,10,14,14,8,10,11,11,10,10,563,16,14,17,16,17,5030,15,19,18,13,15,17,17,15,15,557,14,11,17,14,14,5027,14,17,16,11,13,14,15,13,14,506,9,7,10,9,10,5026,8,12,12,6,8,9,10,8,8,533,11,8,12,11,12,5034,10,14,13,8,14,11,11,10,10,555,12,9,14,11,12,5060,11,16,14,9,11,12,13,11,11,601,13,10,14,11,13,5067,12,17,16,11,12,14,13,12,12,597,13,11,16,13,13,5047,12,17,15,11,12,13,13,12,11,587,13,9,14,11,13,5072,11,16,14,9,11,12,12,11,11,facesim
3033,1956,1868,1962,1936,1964,3711,1892,1895,1903,1833,1860,1904,1985,1999,1969,984,8,6,9,11,10,1857,7,9,12,7,7,9,22,10,11,939,1,3,3,7,3,1851,2,4,6,4,2,4,13,5,5,989,5,6,8,11,7,1849,5,7,10,7,7,8,25,15,9,973,5,4,8,11,7,1850,5,8,11,7,7,10,31,11,11,991,8,6,9,11,9,1850,6,9,11,6,6,9,24,11,12,932,3,4,2,6,5,1849,3,4,6,3,2,6,19,8,5,952,6,3,7,12,7,1842,4,6,9,4,4,7,22,9,8,952,6,3,7,12,8,1849,4,6,10,5,4,7,21,9,9,958,9,5,8,12,8,1851,6,9,11,7,6,9,25,10,10,921,5,5,8,10,7,1853,5,7,9,4,3,6,22,8,8,936,5,2,7,8,6,1848,3,5,8,3,3,6,18,7,8,958,7,4,8,11,8,1854,5,7,10,5,5,8,35,9,10,993,10,7,11,15,11,1854,8,10,13,8,8,11,22,17,12,1010,9,7,11,15,12,1849,9,11,14,10,9,12,57,14,14,990,9,7,11,13,11,1858,8,10,13,8,8,9,36,12,12,facesim
3061,1994,1912,2000,1966,1995,3740,1935,1941,1942,1859,1887,1894,1984,1971,1990,1009,20,21,23,19,21,1867,18,22,20,15,12,14,21,18,22,968,20,17,22,14,20,1859,15,19,17,12,11,11,18,15,19,1014,22,19,23,16,21,1864,18,20,17,13,10,13,19,19,21,1001,21,20,23,14,21,1867,18,20,17,12,11,12,19,15,17,1008,19,17,21,13,18,1871,16,18,16,12,9,10,17,14,18,958,14,18,18,13,19,1868,16,18,17,13,11,17,20,19,18,984,19,17,22,13,20,1864,16,20,17,13,11,13,18,15,19,982,19,16,21,13,18,1862,16,17,15,10,11,11,18,15,19,987,20,18,22,14,20,1860,17,19,17,13,11,11,19,16,20,941,16,14,18,11,15,1860,13,16,14,9,7,7,15,13,16,955,15,13,16,10,14,1859,12,16,11,7,8,8,13,11,15,960,17,15,19,12,17,1858,15,18,15,11,9,9,17,14,15,1011,18,17,21,24,20,1859,16,20,18,14,10,15,18,27,29,998,17,18,20,11,18,1861,15,17,14,10,8,10,18,13,17,1009,22,21,24,16,22,1859,18,21,18,14,12,15,21,18,23,facesim
1872,1185,1047,1182,1127,1178,6111,1114,1137,1092,998,1036,1086,1190,1201,1162,602,15,10,15,13,15,5049,29,20,12,9,12,13,15,16,16,536,10,6,10,10,10,5081,24,16,7,5,6,9,9,12,11,605,16,13,17,17,17,5049,33,25,15,12,13,15,16,18,18,570,11,7,10,10,10,5037,41,41,8,6,7,9,10,12,13,605,17,13,17,17,17,5049,30,24,15,12,14,16,18,20,19,530,12,7,7,10,9,5035,24,20,7,8,9,8,8,14,13,549,12,7,11,11,11,5035,20,38,9,6,8,12,11,25,14,566,16,13,15,16,16,5026,27,20,16,11,12,17,15,21,19,559,13,9,12,13,13,5021,22,24,10,7,9,14,13,15,14,506,8,4,7,6,9,5020,18,16,6,2,4,7,8,8,8,525,9,5,8,7,9,5020,15,12,7,4,5,8,9,9,8,551,10,5,10,8,9,5049,30,36,8,4,7,7,10,10,10,607,15,10,15,13,16,5062,31,24,12,9,11,14,14,23,13,612,16,12,16,15,16,5034,52,53,14,11,13,14,16,17,15,591,13,9,13,12,13,5058,43,45,11,8,10,10,11,12,11,facesim
3029,1969,1876,1972,1926,1967,3713,1901,1901,1931,1834,1868,1934,1967,1991,1973,994,9,7,12,11,11,1862,8,8,19,7,8,20,11,11,10,946,5,3,5,7,4,1854,3,4,17,2,4,15,6,7,7,994,9,7,11,10,9,1854,7,7,22,6,7,20,10,10,10,971,7,4,8,8,7,1856,5,5,35,4,6,32,8,9,7,994,8,6,9,9,8,1856,6,6,22,5,6,19,9,9,9,937,3,2,4,7,3,1845,2,2,16,3,3,16,3,6,5,963,7,4,8,16,7,1847,5,5,20,4,5,22,8,22,13,965,6,3,7,17,6,1852,4,4,20,3,4,22,7,23,12,957,6,4,7,9,6,1848,4,4,14,7,4,31,7,15,9,925,5,2,6,6,5,1851,3,3,16,2,3,17,6,7,8,943,6,4,7,8,6,1851,4,4,12,3,4,18,7,8,8,960,7,4,8,11,7,1854,6,6,27,3,5,31,12,10,9,992,9,7,11,11,11,1856,7,8,19,7,7,24,10,15,13,1004,8,6,10,10,9,1851,7,7,48,6,7,46,11,11,11,993,8,6,9,9,8,1862,5,6,31,6,6,36,10,10,10,facesim
1017,839,800,850,849,861,4219,809,806,799,772,794,799,847,849,848,55,4,7,6,11,7,1636,1,4,4,4,3,4,4,6,5,31,4,4,5,14,4,1628,2,2,1,2,0,1,2,11,3,61,7,4,4,10,6,1604,6,3,5,2,1,3,6,6,5,48,7,5,5,8,4,1590,4,7,4,2,4,4,3,8,5,64,5,2,7,6,6,1620,6,2,3,3,4,4,7,3,6,29,3,1,3,5,3,1563,1,2,1,1,2,1,1,2,3,43,6,2,1,5,2,1579,4,6,3,0,1,2,3,3,4,34,2,2,4,12,4,1585,2,1,1,5,2,2,2,4,5,30,3,2,1,6,4,1588,4,1,0,5,0,3,5,3,4,15,4,3,2,5,2,1612,2,4,5,2,1,1,4,4,5,22,1,2,2,6,2,1626,1,0,2,2,0,3,4,2,4,30,4,2,3,5,7,1643,4,4,1,0,1,0,2,2,3,56,6,3,2,9,4,1635,4,4,5,3,1,3,1,3,6,62,3,5,6,7,7,1596,5,5,5,2,3,2,3,3,6,63,4,4,5,4,5,1609,3,2,2,3,2,3,5,4,5,facesim
2742,1784,1689,1777,1729,1780,4197,1716,1725,1730,1666,1690,1722,1801,1774,1769,900,10,10,13,13,16,2513,9,12,10,7,8,9,14,12,11,848,7,5,10,11,13,2514,5,8,7,2,4,6,9,6,6,894,10,9,12,13,16,2509,8,10,9,5,6,12,13,9,10,877,12,12,15,15,18,2519,11,13,12,8,8,11,15,13,10,896,11,9,14,14,16,2525,9,11,9,6,7,9,13,9,7,845,9,10,9,14,12,2508,7,10,10,8,9,13,15,15,12,865,9,7,11,12,14,2512,9,10,8,5,6,9,11,9,6,866,8,6,10,10,13,2497,6,10,7,5,6,11,11,10,5,875,10,7,11,19,16,2502,7,10,7,5,6,12,11,19,11,842,7,5,9,12,12,2505,5,8,5,2,4,6,9,8,5,852,7,5,9,10,12,2509,5,8,6,3,3,7,10,8,4,875,11,8,13,22,17,2525,8,11,11,7,7,13,13,22,16,908,12,10,14,14,16,2529,10,11,10,6,8,10,13,9,7,897,11,10,13,15,15,2513,10,12,10,8,10,12,13,10,10,893,12,9,12,12,15,2509,9,11,8,7,7,10,12,10,8,facesim
2130,1346,1211,1344,1286,1358,5604,1241,1267,1265,1168,1210,1251,1343,1349,1344,682,11,11,15,12,15,4391,13,14,15,10,10,12,15,14,13,616,11,9,13,10,13,4406,10,12,13,8,7,9,12,13,12,683,12,10,14,11,15,4383,12,14,15,9,9,11,16,17,15,648,11,9,12,12,15,4380,11,14,15,10,9,11,15,15,15,691,15,13,17,15,18,4384,15,18,19,14,13,14,19,18,19,609,11,13,11,10,13,4380,13,15,16,12,10,8,10,9,8,627,10,7,12,8,11,4364,8,10,11,5,5,7,12,13,12,645,14,14,17,17,17,4373,15,16,18,12,10,14,18,17,17,640,11,9,13,11,13,4366,11,12,13,7,8,11,16,17,13,589,7,5,8,5,9,4368,7,10,10,3,4,7,12,9,9,610,8,6,9,6,10,4367,8,10,10,4,4,7,12,10,9,637,10,8,13,12,13,4377,10,14,14,8,8,9,16,18,12,679,11,10,14,12,16,4377,12,14,16,10,10,12,16,16,13,683,11,11,15,14,17,4379,14,16,17,11,11,13,19,17,14,678,10,10,13,11,14,4396,11,13,14,8,8,11,15,14,13,facesim
3037,1968,1878,1971,1931,1968,3721,1905,1908,1905,1835,1871,1896,1975,1956,1960,992,8,7,8,9,9,1859,8,9,8,6,5,7,9,9,10,947,7,6,8,4,7,1851,6,7,5,5,5,5,8,7,10,997,13,13,14,11,13,1859,12,12,12,11,11,11,12,11,13,974,8,7,9,6,8,1860,8,9,6,5,5,6,8,8,10,995,11,10,14,10,12,1863,11,11,10,9,9,10,12,11,12,938,4,4,4,3,4,1854,5,5,3,6,4,4,3,3,6,961,9,9,12,8,10,1857,9,9,8,8,7,7,9,8,10,960,10,8,11,8,11,1859,8,8,8,8,7,6,9,8,10,962,10,10,12,10,12,1854,9,10,9,9,8,8,9,12,11,923,5,4,6,4,7,1848,4,4,3,3,3,3,4,4,6,942,6,5,7,5,7,1852,5,5,6,4,3,5,6,6,8,955,6,4,8,5,6,1852,5,5,4,4,4,5,7,10,8,1000,12,10,13,11,12,1856,11,12,10,11,11,13,13,13,15,988,11,9,12,9,10,1856,9,9,8,7,7,8,10,10,12,987,10,8,12,9,10,1851,9,9,8,7,7,7,9,8,12,facesim
2254,1465,1321,1444,1414,1462,5234,1361,1353,1372,1273,1334,1352,1435,1472,1449,735,23,17,19,25,68,3925,13,12,17,14,24,24,17,41,30,677,28,10,18,18,28,3929,12,11,15,10,17,12,15,16,18,741,30,13,19,22,33,3922,16,15,17,13,23,17,19,19,21,722,57,13,18,21,48,3926,13,13,17,13,32,15,18,17,19,736,23,12,14,21,21,3940,11,10,14,11,34,18,15,30,25,663,21,13,12,18,24,3922,11,9,15,11,26,17,17,22,18,696,24,11,15,18,24,3921,11,11,14,11,25,12,13,14,16,691,21,10,14,17,22,3904,12,9,14,9,24,11,13,13,16,702,25,13,18,20,25,3916,14,13,16,13,28,13,15,14,19,647,21,11,14,17,21,3908,11,9,14,11,22,11,13,13,15,666,15,7,11,18,14,3916,8,9,10,7,14,12,11,20,17,687,44,9,14,17,28,3928,11,9,12,9,25,11,13,15,15,726,24,10,13,15,22,3935,10,10,13,10,17,11,13,12,15,747,70,13,16,18,45,3920,13,12,14,13,40,13,14,15,15,736,53,16,18,19,42,3921,15,15,18,15,39,15,18,17,22,facesim
2684,1740,1614,1717,1700,1732,4592,1642,1645,1648,1578,1608,1641,1720,1725,1720,883,14,11,12,20,14,2977,10,12,12,12,9,11,12,19,11,811,6,4,2,9,4,2992,2,4,4,6,4,5,4,6,4,862,8,6,5,10,11,2969,4,5,6,7,4,6,5,8,5,861,13,12,13,19,13,2968,11,12,12,13,10,13,11,15,11,878,15,9,10,19,13,2962,9,10,10,10,7,11,11,23,11,811,9,5,4,12,10,2961,2,4,3,6,4,5,3,8,4,828,9,4,6,9,8,2955,4,5,5,5,3,6,7,9,6,830,11,7,7,11,9,2954,5,6,6,7,5,8,8,10,7,831,11,6,8,11,9,2958,5,6,6,7,4,7,8,10,7,799,11,6,7,12,9,2953,5,7,6,6,4,7,8,10,7,818,10,5,5,17,7,2955,3,5,4,4,2,13,6,23,12,829,12,7,9,12,11,2962,7,9,8,8,7,8,11,11,8,871,14,9,11,15,14,2968,9,10,10,10,8,12,12,14,11,872,14,10,11,16,13,2962,9,10,10,10,8,11,12,14,11,869,12,7,9,13,10,2984,6,7,7,7,5,8,9,10,8,facesim
3010,1968,1874,1959,1923,1962,3717,1894,1898,1900,1835,1862,1894,1963,1955,1954,993,12,12,13,15,13,1865,14,12,14,13,12,12,16,16,17,941,6,4,5,6,6,1849,3,4,4,3,2,3,5,6,8,995,16,13,14,14,15,1860,14,12,15,12,10,11,16,14,16,968,9,6,8,8,8,1859,5,6,6,5,4,6,8,8,8,996,17,14,15,15,15,1870,14,13,15,12,10,12,16,16,16,935,2,2,2,4,4,1851,4,1,5,3,3,4,5,3,6,962,14,10,12,10,13,1860,12,11,13,10,8,10,14,10,13,965,14,10,12,11,13,1864,12,11,14,10,8,10,14,11,14,964,14,11,12,12,13,1863,12,11,15,11,10,10,14,10,13,930,12,9,10,9,11,1856,10,8,11,8,6,7,12,9,12,945,13,10,13,11,13,1862,12,12,16,12,9,10,13,13,13,964,15,13,14,13,14,1863,14,14,16,12,10,9,15,12,14,999,17,13,15,13,16,1861,15,13,16,13,11,13,17,13,16,987,10,8,10,10,10,1856,7,8,8,7,6,8,10,10,10,985,10,8,9,8,9,1852,6,7,8,7,5,7,10,8,8,facesim
1938,1183,1067,1172,1172,1179,6138,1109,1096,1114,1025,1062,1129,1189,1269,1211,607,16,14,18,18,18,5057,17,12,15,11,10,14,15,28,21,549,11,6,12,11,12,5089,12,7,10,6,7,10,12,20,14,602,13,8,12,12,13,5055,13,8,11,7,8,11,14,26,19,602,15,9,14,13,14,5049,14,9,13,8,10,13,16,37,17,603,13,10,13,14,14,5064,15,10,12,8,7,11,14,26,19,538,13,13,11,14,15,5046,14,13,15,14,16,14,14,28,19,566,12,10,11,14,11,5048,16,9,12,11,11,13,13,27,18,557,7,5,6,8,7,5023,9,6,8,6,9,8,9,18,15,571,11,8,10,12,12,5032,13,9,11,10,10,11,12,26,17,525,9,7,8,11,8,5031,12,7,10,9,9,10,11,25,16,543,8,8,9,12,10,5032,11,7,8,7,8,11,10,23,16,578,10,8,10,12,10,5055,12,8,9,8,9,11,13,42,16,606,9,8,9,12,10,5078,12,8,10,9,9,12,11,23,17,629,9,7,9,14,9,5043,12,8,10,11,10,13,11,60,18,615,13,9,11,14,11,5068,14,10,11,10,12,14,13,47,20,facesim
3064,1968,1869,1970,1934,1966,3726,1901,1895,1902,1835,1868,1905,1969,2005,1969,995,8,6,10,9,9,1864,7,7,8,5,5,7,9,7,7,943,1,2,3,3,1,1855,1,1,2,2,2,2,3,2,2,997,6,6,8,9,6,1855,6,6,7,6,6,7,7,8,8,1004,5,5,7,7,5,1862,5,5,6,5,5,4,4,5,6,996,4,5,7,6,4,1856,4,4,5,4,5,6,5,5,5,947,6,7,6,5,4,1855,5,4,6,3,3,3,4,2,5,966,6,3,8,5,6,1848,4,4,5,2,3,4,7,5,6,959,6,3,8,5,6,1852,4,4,5,2,3,4,7,5,4,960,7,4,9,7,7,1852,5,5,6,3,4,5,8,6,7,924,4,2,6,2,4,1853,2,2,3,0,1,2,5,3,3,941,5,2,7,5,5,1852,3,4,4,1,2,3,6,5,5,986,6,4,9,5,7,1857,5,5,6,3,4,4,8,5,5,996,9,6,11,9,9,1856,7,7,8,5,6,8,10,9,9,1102,11,10,15,18,12,1858,10,9,11,6,8,16,12,24,17,1023,9,6,11,9,9,1865,7,7,7,5,5,7,9,7,7,facesim
3045,1970,1887,1969,1941,1969,3732,1905,1904,1910,1846,1880,1900,1976,1966,1966,993,7,11,11,11,10,1864,13,8,11,10,11,11,14,11,17,954,10,11,12,11,12,1856,13,9,11,8,8,9,11,8,15,996,13,15,14,14,14,1862,16,11,14,11,11,13,15,11,17,978,9,9,10,8,10,1864,13,9,11,9,8,9,12,8,13,994,11,12,14,14,13,1867,15,11,13,12,11,11,14,12,17,943,6,9,10,11,10,1863,12,9,12,10,9,13,13,9,13,963,11,11,12,12,12,1861,15,9,11,9,9,10,13,11,16,964,10,11,11,12,12,1861,13,9,11,9,10,10,12,8,15,963,11,11,11,11,13,1860,14,9,11,9,10,9,12,9,14,931,7,7,8,9,11,1856,12,8,10,7,9,7,10,6,14,948,8,8,9,9,10,1860,12,8,11,8,9,8,10,7,13,959,8,8,9,9,9,1860,11,7,8,6,6,7,11,7,12,999,12,11,12,12,12,1860,14,10,12,10,10,12,14,11,17,992,9,13,14,13,13,1863,16,12,14,15,13,13,14,9,18,990,10,13,13,11,13,1859,15,11,12,12,13,11,15,11,17,facesim
1704,1064,985,1080,1034,1069,6474,970,996,1015,903,935,980,1051,1100,1065,549,23,31,26,20,24,4918,18,24,23,15,13,18,20,25,20,492,22,25,27,21,22,4944,15,21,20,14,16,22,22,37,31,556,21,28,22,16,22,4924,17,23,21,16,14,17,17,21,20,529,19,49,20,14,20,4921,14,21,19,13,12,15,14,18,14,549,21,25,22,16,22,4937,17,23,22,15,13,17,17,20,18,480,18,25,14,14,19,4912,13,19,18,14,13,14,13,21,16,499,18,24,21,16,20,4912,15,22,21,15,13,15,14,18,16,510,20,25,23,18,22,4899,18,23,23,17,14,18,17,22,19,524,21,28,24,19,22,4907,18,25,23,18,15,19,20,23,20,463,16,25,19,14,16,4913,12,18,17,11,8,13,13,19,13,477,13,17,16,11,14,4909,11,16,14,9,7,10,11,16,12,503,18,44,20,15,19,4935,14,21,20,13,11,14,15,19,16,537,16,23,19,14,18,4977,13,19,19,13,11,14,12,18,14,558,20,74,23,17,22,4916,16,22,21,16,12,16,16,20,17,547,22,53,24,18,22,4930,16,23,22,15,13,18,16,22,19,facesim
1248,1057,991,1058,1074,1055,3274,999,991,1004,967,974,1003,1027,1092,1062,95,7,4,8,19,5,1886,7,8,8,2,5,7,7,7,16,71,3,2,3,14,2,1886,2,2,4,2,4,2,4,15,15,105,4,3,4,16,7,1873,1,5,3,3,4,3,4,5,16,88,4,1,7,39,7,1881,4,2,3,2,3,11,11,24,65,102,5,8,6,20,4,1894,3,6,5,5,3,7,3,12,21,47,3,5,3,16,4,1878,1,2,2,6,3,3,1,7,23,65,3,2,6,15,4,1872,2,1,3,2,3,3,3,7,14,64,5,4,7,14,6,1872,2,4,6,3,4,6,3,8,13,69,4,2,4,14,4,1886,3,3,5,3,2,2,2,6,20,47,4,2,5,15,5,1879,4,1,3,1,1,3,2,5,19,47,5,1,3,9,4,1885,3,3,3,0,2,2,1,5,15,69,3,1,3,30,3,1895,1,2,3,3,2,4,5,7,23,80,4,2,7,13,5,1899,2,4,3,1,5,4,6,6,17,120,7,7,7,69,8,1881,6,5,5,6,5,9,6,10,38,86,5,2,5,43,6,1866,5,6,7,4,3,5,4,9,20,facesim
2812,1823,1720,1806,1774,1811,4419,1753,1754,1751,1695,1718,1750,1814,1816,1819,916,8,7,9,8,8,1715,7,7,7,5,6,7,9,9,9,868,6,4,6,8,5,1695,4,4,4,3,2,3,5,14,6,909,7,6,9,8,8,1705,6,6,6,3,5,6,8,10,7,893,7,5,7,8,8,1712,6,6,6,4,4,6,7,9,10,912,9,7,10,9,9,1708,6,6,6,3,5,6,8,10,9,856,2,2,2,2,1,1699,1,1,1,0,1,2,1,2,3,880,6,4,7,5,6,1711,4,4,4,2,3,4,6,7,7,882,6,5,7,6,6,1708,4,4,4,2,3,5,6,7,7,880,6,5,7,6,6,1718,4,4,4,2,3,5,6,7,6,850,4,2,5,3,4,1715,2,2,2,0,1,3,4,5,5,865,5,3,6,4,5,1717,3,3,3,1,2,4,5,5,6,881,6,4,7,6,6,1735,4,5,5,3,4,4,7,7,7,915,8,6,9,8,8,1729,6,6,6,4,5,7,8,8,9,915,9,8,11,10,10,1717,8,8,7,6,6,8,9,11,9,912,9,7,9,8,8,1724,7,7,7,5,6,6,9,8,10,facesim
3093,2007,1913,2014,2022,2008,3751,1944,1957,1959,1879,1895,1934,1988,2019,2019,1011,8,10,11,28,13,1857,9,13,14,13,10,13,13,13,23,964,6,8,9,27,10,1847,5,10,12,11,6,9,8,13,22,1021,14,12,15,34,17,1850,13,16,18,14,11,16,15,15,27,1007,16,14,16,56,20,1851,13,17,17,14,11,16,20,32,55,1015,13,11,14,28,14,1851,12,15,16,12,9,14,16,14,30,957,10,8,5,21,9,1845,7,12,13,9,9,11,11,11,25,985,10,7,12,25,13,1850,10,12,13,10,7,12,12,12,27,991,13,10,15,28,16,1852,12,14,16,12,11,16,15,15,31,994,14,11,16,30,17,1848,13,16,16,13,11,16,16,15,32,948,9,8,10,25,10,1844,8,10,11,8,5,11,11,12,26,956,8,6,10,21,10,1845,7,11,11,7,4,11,10,10,23,976,11,8,13,42,12,1847,9,14,15,12,9,12,14,13,33,1004,12,9,13,25,15,1851,10,14,15,12,8,14,14,13,27,1022,12,10,14,72,15,1845,11,14,15,13,9,14,14,13,46,1012,14,12,15,55,18,1860,12,15,16,13,10,14,16,17,38,facesim
3052,1984,1897,1996,1973,1986,3744,1923,1934,1945,1873,1906,1923,1988,1977,1985,1000,13,10,15,11,14,1853,13,12,15,9,8,9,14,13,13,961,10,8,14,11,10,1855,10,8,10,6,6,6,10,9,11,1008,13,11,14,13,14,1853,13,11,13,9,9,10,13,13,15,999,13,11,15,19,12,1852,14,12,14,10,9,13,13,22,18,1004,12,10,15,14,13,1856,13,12,14,11,10,10,13,12,13,952,8,12,12,13,9,1850,13,10,12,12,9,11,9,14,11,972,12,9,13,13,12,1852,12,11,13,9,9,9,12,10,14,977,11,8,11,11,11,1844,11,10,12,9,7,7,11,10,13,984,14,10,14,13,13,1845,13,12,14,11,9,9,14,11,14,947,10,7,10,10,10,1845,10,10,12,7,7,6,11,10,11,961,9,6,9,8,9,1843,9,8,10,7,7,5,9,8,10,973,10,7,11,11,10,1852,11,8,9,5,6,6,10,9,11,1006,14,11,15,14,14,1855,14,12,15,11,11,12,14,13,14,997,12,11,14,15,13,1850,12,12,13,11,10,11,13,12,16,1013,14,11,16,28,15,1861,14,13,14,11,11,22,13,30,27,facesim
3059,1984,1889,1978,1953,1981,3735,1918,1920,1917,1864,1892,1923,1995,1985,1984,1002,11,9,12,11,12,1857,9,9,9,7,8,11,14,11,11,949,6,6,6,5,6,1855,4,5,5,5,4,7,9,8,7,998,8,7,8,7,8,1852,6,7,7,6,6,9,11,9,8,985,8,7,8,7,8,1854,6,7,7,7,6,9,11,11,9,997,8,7,8,7,8,1855,6,7,7,6,6,9,11,10,9,945,2,3,2,4,4,1849,1,2,2,3,2,4,5,5,3,965,6,5,6,6,6,1852,4,5,5,4,4,7,9,8,7,967,6,5,6,6,6,1850,4,5,5,4,5,8,9,8,7,966,6,5,6,6,6,1846,4,5,5,4,5,7,9,8,7,938,6,5,6,7,8,1847,5,6,6,5,6,8,10,9,9,951,6,5,6,6,6,1849,4,5,5,4,5,7,10,8,8,970,8,7,8,8,8,1856,6,8,7,6,6,9,12,10,9,1005,10,9,10,10,10,1859,8,9,9,8,9,12,13,12,12,1000,8,8,9,9,9,1852,7,8,8,7,7,11,13,12,11,998,10,8,9,9,9,1863,7,8,8,7,7,10,12,12,10,facesim
3045,1993,1894,1981,1938,1987,3719,1914,1917,1921,1845,1877,1910,1981,1972,1965,1000,15,13,15,13,15,1849,13,14,14,12,12,12,13,16,15,954,14,10,13,11,15,1851,10,12,12,7,7,8,9,11,12,1001,18,12,16,14,17,1849,13,14,14,10,10,11,13,15,14,979,17,10,15,11,15,1850,10,12,11,8,7,9,10,12,11,1004,18,13,16,13,17,1852,13,14,14,10,10,11,13,14,14,949,15,12,16,15,16,1845,9,10,13,11,8,7,11,13,12,967,15,9,13,9,14,1846,10,11,11,7,7,8,10,11,10,970,17,12,15,12,16,1843,12,13,13,9,9,10,12,14,13,969,15,11,14,10,15,1842,11,12,12,8,8,9,11,13,11,932,13,7,11,8,11,1839,7,8,8,4,4,5,7,9,8,947,12,6,10,6,11,1840,7,8,8,4,4,5,7,8,7,965,14,8,12,9,13,1849,9,10,10,6,6,7,10,11,10,1000,16,10,14,10,15,1848,11,12,12,8,8,10,11,13,11,996,18,13,16,14,17,1846,13,15,14,11,10,11,13,15,14,991,16,11,14,10,15,1856,10,12,11,8,7,9,10,16,10,facesim
3060,1999,1892,1987,1958,1996,3745,1923,1924,1929,1859,1881,1916,1988,1992,1996,1009,18,13,19,19,20,1862,15,17,17,11,9,13,17,17,19,956,13,11,15,17,14,1862,13,13,16,13,9,11,15,14,17,998,12,10,13,14,13,1855,10,13,13,9,8,10,12,12,15,988,15,14,17,20,17,1861,16,17,21,16,13,14,17,20,21,1004,14,11,15,18,16,1863,13,15,15,11,10,13,16,16,18,947,7,5,5,7,7,1851,6,9,7,7,4,6,5,7,8,965,10,7,12,13,12,1852,8,11,10,6,5,8,10,11,13,966,9,6,10,12,11,1849,7,9,10,5,5,9,10,10,12,969,10,7,11,12,12,1846,9,10,10,6,5,9,11,10,13,933,7,6,8,9,8,1845,6,7,7,3,2,6,8,8,10,946,8,6,9,10,9,1846,7,9,9,4,3,8,9,9,11,964,9,6,10,11,11,1853,8,12,12,8,6,8,12,11,13,999,12,9,13,14,14,1855,10,12,12,8,7,11,13,13,15,1006,18,15,19,20,19,1856,18,19,22,18,14,17,20,18,23,1002,17,15,19,19,18,1869,17,17,19,14,11,13,17,18,21,facesim
3058,1981,1882,1984,1951,1985,3720,1921,1928,1928,1859,1881,1915,1979,1970,1976,997,6,8,10,12,9,1839,9,8,10,11,11,10,11,10,12,956,12,7,12,11,13,1844,10,9,10,9,8,10,12,11,12,1007,12,9,13,14,14,1837,13,10,13,10,9,12,13,12,14,997,17,14,16,15,17,1842,15,12,14,11,10,13,16,13,15,1005,12,9,14,10,11,1840,11,9,11,9,8,9,12,10,11,944,4,6,6,5,6,1832,8,5,9,8,6,7,6,5,5,973,9,6,10,10,10,1835,11,8,11,9,8,9,10,8,10,979,12,9,14,14,13,1837,13,11,14,11,11,12,14,12,13,978,12,9,14,16,13,1831,12,12,13,12,11,12,13,12,14,939,8,6,10,10,9,1833,8,8,9,7,6,8,9,9,9,950,7,4,9,10,8,1832,7,6,8,6,6,7,8,7,8,967,10,7,12,12,10,1841,9,8,9,7,7,8,11,9,9,998,11,8,12,13,12,1840,11,11,12,11,9,12,13,12,13,1004,14,12,15,16,16,1839,14,13,14,14,12,15,17,14,17,1008,17,13,17,18,17,1857,16,15,17,13,14,16,18,16,18,facesim
3037,1967,1884,1975,1953,1968,3697,1908,1919,1930,1857,1885,1910,1975,1963,1972,994,15,10,15,15,16,1830,12,12,13,8,7,10,16,12,15,953,9,7,8,10,9,1831,6,7,7,4,4,6,12,9,13,1000,12,11,12,13,13,1829,10,10,10,8,8,10,15,11,15,984,12,10,13,14,12,1828,12,12,12,10,10,12,16,16,17,995,11,10,12,15,12,1832,10,11,11,10,9,10,15,11,15,941,6,7,7,9,7,1823,7,7,7,8,6,7,10,7,8,963,11,8,11,13,11,1831,9,9,9,7,7,9,14,11,14,969,10,8,9,10,10,1824,8,8,8,7,5,7,13,10,12,975,13,10,12,12,12,1826,10,10,10,8,7,9,16,12,14,938,9,5,8,9,10,1823,7,7,8,5,5,6,13,10,10,950,8,5,7,8,8,1821,6,7,6,6,5,5,11,9,11,966,10,7,10,11,10,1829,9,8,8,6,7,8,14,10,13,999,15,12,15,15,15,1833,13,13,14,12,13,14,18,16,17,989,10,9,11,15,12,1825,10,10,10,8,9,9,16,10,14,994,11,11,13,12,12,1833,10,10,10,10,10,10,16,13,15,facesim
3040,1962,1868,1958,1931,1963,3698,1898,1897,1895,1839,1869,1897,1967,1958,1953,988,7,8,9,8,8,1837,6,5,6,9,8,9,11,9,7,942,8,6,8,7,7,1839,4,4,5,6,5,6,7,6,5,988,10,8,9,8,9,1835,6,6,7,8,6,8,10,9,8,979,12,9,11,10,11,1839,7,7,8,10,7,9,11,9,8,991,10,8,9,8,9,1840,6,6,7,8,6,8,10,9,8,934,3,2,3,6,5,1831,3,2,2,4,3,3,3,2,1,957,8,6,7,7,7,1834,4,4,5,6,4,6,8,7,5,957,8,6,7,7,7,1830,4,4,5,6,5,7,9,7,6,955,8,6,7,7,7,1826,4,4,5,6,5,6,9,7,5,927,8,6,7,8,7,1827,4,4,5,6,5,6,8,7,7,942,7,6,6,6,6,1829,3,3,4,5,4,5,8,6,6,957,8,6,7,7,7,1836,4,5,5,6,4,6,10,7,6,993,10,8,9,9,9,1836,6,6,7,8,6,9,11,9,9,986,10,10,10,10,9,1832,7,7,8,9,7,9,11,10,9,984,12,10,10,11,10,1846,7,8,8,9,7,9,11,10,9,facesim
3027,1977,1875,1969,1924,1970,3693,1900,1903,1903,1832,1863,1898,1968,1960,1956,998,19,15,17,15,19,1839,17,19,17,10,11,13,16,19,18,946,12,10,13,9,13,1837,11,12,10,7,7,8,11,14,11,994,17,13,17,14,17,1837,15,16,14,9,11,12,14,17,15,968,12,9,13,9,13,1835,11,12,9,5,6,8,9,13,10,992,16,12,16,12,16,1837,14,15,13,8,10,11,13,15,14,931,5,4,5,3,6,1824,5,6,6,3,2,3,3,5,5,957,13,9,13,9,13,1831,11,12,10,5,7,8,10,12,11,958,14,10,14,10,14,1829,12,13,11,6,8,9,11,14,12,960,13,10,14,9,14,1827,12,13,11,6,8,9,11,13,12,924,11,9,11,7,11,1826,9,10,8,3,5,6,8,11,9,937,11,7,11,6,11,1828,9,10,8,3,5,6,8,10,9,958,13,9,13,9,13,1836,11,13,11,6,8,8,11,13,10,993,14,10,14,9,14,1837,12,13,11,6,8,10,11,13,12,990,16,13,17,13,17,1834,14,16,13,9,10,12,13,17,13,986,13,9,13,8,14,1843,12,13,11,6,8,8,11,12,12,facesim
2095,1471,1411,1448,1487,1453,3281,1406,1432,1411,1386,1401,1416,1448,1480,1489,502,14,13,16,19,14,1909,23,11,12,20,15,20,11,17,17,466,2,4,5,7,8,1895,12,3,2,4,3,3,3,5,4,492,7,5,4,9,5,1898,12,4,4,4,4,4,5,7,8,523,14,14,10,20,9,1900,19,11,8,12,12,15,7,16,15,493,18,19,18,16,13,1915,19,9,14,16,18,17,18,16,13,456,15,16,17,19,18,1900,27,17,14,15,20,16,16,18,16,449,11,10,8,10,7,1894,15,8,9,7,7,5,7,9,11,482,15,15,18,23,19,1909,29,16,14,17,16,15,17,19,15,455,6,3,5,5,7,1891,15,3,1,4,2,3,7,5,5,449,5,6,4,5,6,1889,21,6,3,5,5,6,5,8,7,451,4,5,5,7,4,1893,7,5,3,4,3,3,6,5,7,458,5,4,3,8,6,1893,24,6,3,3,5,3,4,6,6,481,6,6,2,11,6,1892,20,5,6,4,2,5,4,7,9,497,6,8,9,9,7,1899,13,8,8,8,7,7,7,8,10,507,6,7,6,17,9,1893,15,7,3,3,8,16,7,22,26,facesim
3038,1973,1872,1959,1928,1970,3700,1901,1907,1909,1835,1863,1893,1962,1973,1963,999,15,11,17,17,17,1839,11,15,16,11,11,14,15,17,17,946,9,6,9,10,11,1834,5,10,11,6,4,7,8,10,11,988,11,8,11,12,12,1832,7,12,13,8,7,10,10,11,11,973,11,6,10,10,11,1833,6,11,12,7,6,8,9,12,11,995,14,11,14,15,14,1840,9,13,14,9,8,11,12,14,13,939,6,5,4,7,6,1830,5,9,7,7,5,7,5,7,8,959,10,6,11,12,12,1833,7,11,11,6,5,8,9,11,11,961,10,7,10,12,12,1830,6,10,12,7,6,10,10,11,11,963,10,7,10,12,12,1827,7,10,11,6,6,9,10,11,11,924,7,3,7,8,8,1825,4,7,8,3,2,6,7,8,8,940,8,4,8,9,9,1826,5,10,10,4,3,8,8,9,9,955,9,5,9,10,10,1832,5,10,11,6,4,7,10,10,10,992,12,8,12,13,14,1835,8,12,13,8,7,11,12,13,13,994,14,10,14,15,15,1832,10,14,15,11,9,13,15,16,16,986,13,8,12,12,13,1841,7,11,13,7,6,9,11,12,12,facesim
3045,1971,1874,1974,1950,1979,3703,1915,1919,1922,1851,1873,1908,1969,1958,1968,997,8,8,8,13,9,1832,10,8,10,8,7,10,12,10,12,949,9,5,9,12,9,1835,9,6,8,5,6,8,10,6,9,1004,12,9,12,15,13,1830,14,10,12,9,9,12,14,11,14,993,15,11,14,15,14,1833,14,12,13,10,9,13,14,12,13,1007,13,9,13,14,12,1832,14,12,14,11,10,12,15,10,14,941,4,6,6,6,6,1825,8,5,9,6,5,7,6,3,4,971,10,6,9,11,9,1829,11,8,11,8,8,10,11,7,10,978,13,9,13,16,12,1830,14,11,14,9,11,13,15,11,12,977,14,9,13,15,12,1826,13,12,13,11,10,13,14,11,14,939,9,6,9,12,8,1828,9,8,9,6,6,9,10,8,8,949,8,5,8,10,7,1826,8,5,8,4,5,7,9,5,8,966,11,7,11,13,10,1835,11,9,10,7,8,10,13,9,10,998,12,8,11,13,11,1833,12,11,13,11,10,13,14,12,13,997,13,10,12,16,12,1830,13,12,13,12,11,13,14,11,13,1003,15,11,14,16,14,1845,15,12,14,10,12,14,16,12,16,facesim
3039,1965,1879,1978,1959,1971,3704,1909,1920,1930,1859,1886,1912,1976,1968,1978,991,13,11,17,13,16,1833,12,12,13,11,10,10,15,13,16,946,8,7,10,10,9,1834,6,7,7,7,5,5,10,11,11,1000,12,11,13,13,14,1832,10,10,11,10,8,9,14,12,15,988,11,12,14,16,14,1831,11,11,11,11,9,11,16,16,16,993,10,10,13,14,13,1833,10,10,10,10,8,9,14,13,15,940,6,8,7,10,8,1827,8,8,8,9,6,6,9,8,8,962,10,9,12,12,12,1832,9,9,9,9,7,8,13,12,14,967,9,8,10,10,11,1825,8,8,8,9,5,7,12,11,13,974,11,10,13,12,13,1830,10,10,10,10,7,8,15,12,14,936,8,7,9,10,11,1825,7,7,8,7,5,5,12,11,11,949,7,6,8,8,9,1825,6,6,5,7,4,5,10,10,11,966,9,8,11,11,11,1832,9,8,8,8,7,7,13,12,13,998,14,13,16,16,16,1836,13,13,13,13,12,13,17,16,17,989,9,10,12,13,12,1827,9,10,10,10,8,9,15,12,14,993,11,11,14,13,13,1836,10,10,10,11,8,8,13,14,17,facesim
3056,1978,1893,1983,1945,1981,3718,1918,1917,1911,1874,1875,1909,1980,1996,1972,996,7,8,10,10,8,1837,7,9,8,19,8,11,9,9,9,955,9,7,10,6,10,1840,6,9,8,18,5,8,6,7,9,1000,11,8,12,9,11,1836,8,10,9,19,8,11,10,11,11,987,13,10,13,10,12,1839,9,12,10,31,8,10,10,10,11,1000,11,9,12,8,11,1839,8,10,9,18,7,10,9,10,10,946,2,3,5,5,5,1829,3,4,5,19,3,5,1,3,3,968,9,6,10,6,9,1833,6,8,7,18,5,8,7,7,7,967,9,7,10,7,9,1829,6,8,7,17,6,8,7,8,8,965,9,7,10,7,9,1825,6,8,7,17,6,8,7,8,7,937,9,7,10,8,9,1825,6,8,7,12,6,12,7,8,8,946,8,5,9,5,8,1827,5,8,7,14,6,7,7,7,7,964,9,6,10,6,9,1836,6,9,7,20,5,9,8,9,9,1001,11,8,12,8,11,1837,8,10,9,14,7,10,9,9,9,1006,11,10,13,10,12,1832,9,11,10,44,8,10,10,9,10,995,13,11,14,9,13,1846,9,12,10,27,9,12,11,10,10,facesim
2988,1981,1874,1963,1909,1971,3699,1902,1906,1906,1841,1867,1880,1969,1942,1946,999,22,14,19,14,20,1840,17,15,16,13,11,11,17,18,15,947,12,7,11,10,10,1836,9,7,8,7,7,6,11,13,11,991,17,12,14,11,14,1836,13,11,12,10,9,9,13,13,12,956,12,5,8,7,8,1833,7,6,7,8,6,6,9,11,8,994,16,10,13,12,13,1840,12,10,11,10,9,10,13,15,13,932,6,2,3,3,3,1826,4,2,4,5,2,2,3,5,4,958,13,7,10,9,10,1834,9,7,8,7,6,6,10,12,9,961,14,8,11,9,11,1832,10,8,9,8,8,7,11,12,10,962,13,7,10,8,10,1830,9,7,8,7,6,7,10,11,9,934,12,7,10,16,8,1832,9,7,7,5,5,7,8,16,11,940,11,6,8,7,8,1830,7,5,6,5,4,5,8,10,7,947,13,7,10,9,10,1836,9,7,8,7,6,7,11,9,8,992,14,8,11,9,11,1837,10,8,9,8,7,9,11,12,11,978,14,10,12,11,14,1835,12,10,11,11,10,10,13,13,13,979,13,7,10,8,10,1842,9,7,8,7,7,8,11,12,10,facesim
3027,1976,1883,1964,1924,1990,3722,1910,1907,1910,1834,1878,1897,1965,1963,1957,998,9,10,9,13,11,1844,8,11,10,8,9,11,12,15,13,946,8,6,7,7,10,1850,5,8,7,4,3,5,7,9,7,990,10,8,9,11,12,1836,7,11,9,6,5,8,10,12,9,973,9,8,8,9,11,1841,6,9,9,4,3,5,9,9,8,1003,12,10,11,11,14,1854,9,12,11,7,7,9,12,13,12,944,6,5,4,5,7,1838,5,7,5,4,3,4,5,6,5,963,9,7,9,9,12,1841,7,10,8,4,4,6,9,10,9,960,9,7,8,10,11,1830,6,9,8,5,4,7,9,11,9,963,9,7,8,9,11,1834,6,9,8,4,5,7,9,11,10,926,6,4,4,9,8,1824,3,6,5,1,1,4,6,10,5,947,7,5,6,7,9,1839,4,8,7,2,2,5,7,9,7,957,8,6,7,8,10,1837,5,9,8,4,4,5,9,10,8,993,11,9,10,11,13,1837,8,11,10,6,6,9,11,13,11,992,13,11,12,12,14,1842,10,13,12,7,7,8,13,14,13,985,11,9,9,12,13,1845,8,10,11,5,5,6,10,12,9,facesim
3036,1983,1899,2019,1949,1992,3734,1928,1932,1931,1859,1878,1922,1986,1982,1992,1006,14,11,27,15,17,1846,13,14,16,11,8,14,18,12,18,960,9,8,20,12,11,1842,8,10,12,8,6,12,15,11,17,1014,13,11,21,18,14,1840,13,13,16,11,10,20,23,19,28,989,14,12,38,18,16,1844,14,15,16,12,12,15,20,14,20,1010,14,12,24,16,13,1842,13,14,16,13,10,14,19,12,17,948,4,7,15,9,8,1838,7,9,11,10,7,10,11,7,8,978,10,7,21,12,10,1840,10,10,13,10,8,11,15,11,14,982,13,11,24,17,14,1840,13,13,16,11,11,16,19,13,16,981,14,11,24,17,14,1834,13,14,15,13,10,15,19,13,17,942,11,10,58,12,11,1837,11,13,14,10,9,13,18,17,15,950,8,5,14,11,8,1835,8,8,10,6,4,10,14,7,13,972,11,8,42,12,12,1842,11,13,14,11,9,13,19,11,14,1005,12,9,22,17,15,1844,13,13,17,14,12,17,21,15,18,1005,13,11,55,15,14,1839,12,12,15,14,11,15,18,13,16,1009,14,12,49,17,14,1851,13,15,16,13,12,17,20,14,18,facesim
3011,1973,1890,1985,1937,1976,3712,1905,1927,1934,1872,1891,1917,1978,1948,1973,993,6,8,13,11,9,1839,9,8,9,10,10,9,10,10,10,951,8,5,10,8,9,1838,7,6,6,7,6,4,6,7,7,1010,11,10,13,20,14,1838,11,10,10,10,9,10,11,18,12,978,11,11,13,11,13,1833,11,11,11,10,9,9,11,13,11,996,10,9,13,12,13,1832,11,10,10,10,9,9,11,12,12,938,5,6,5,7,8,1828,8,5,6,6,4,4,3,4,4,961,10,8,12,11,12,1835,10,9,9,9,8,9,10,10,11,968,9,7,10,9,11,1830,9,8,8,9,6,7,9,9,10,977,11,9,13,11,13,1832,11,10,10,10,8,8,12,12,11,943,9,8,12,9,13,1833,11,9,10,9,6,6,10,12,11,952,7,6,8,6,9,1830,7,7,6,8,7,5,7,7,7,968,9,7,10,8,10,1836,9,7,7,7,7,6,9,9,10,1002,14,12,14,12,14,1838,12,12,12,12,11,11,12,12,12,979,8,8,12,11,11,1832,10,9,9,9,7,7,10,9,11,994,12,10,15,12,14,1845,11,10,10,11,10,8,11,12,13,facesim
3031,1971,1868,1967,1920,1968,3708,1901,1904,1905,1837,1868,1897,1991,1972,1966,996,19,11,15,12,18,1840,13,13,13,8,8,10,26,16,16,943,12,7,10,8,10,1834,7,7,7,4,4,6,20,10,8,995,16,9,13,11,13,1834,10,10,10,6,7,9,30,28,13,968,14,7,11,9,11,1837,8,8,7,5,5,8,29,11,10,992,14,8,12,9,12,1838,9,9,9,5,6,8,20,11,11,935,5,3,4,4,5,1830,3,3,6,2,2,3,15,4,4,959,12,6,10,6,10,1836,7,7,7,3,4,6,20,9,8,960,12,6,10,7,10,1833,7,7,7,3,5,6,19,8,9,961,12,6,10,6,10,1833,7,7,7,3,5,6,20,9,9,928,12,7,10,7,9,1829,6,6,6,2,4,5,20,9,8,943,11,5,9,6,9,1831,6,6,6,2,4,5,18,9,8,959,12,6,10,8,10,1834,7,8,7,3,4,6,25,8,9,994,14,8,12,9,12,1837,9,9,9,5,6,8,18,17,11,995,15,10,14,11,14,1834,10,9,10,5,8,9,46,13,13,991,15,9,13,10,14,1846,11,11,11,7,7,9,31,15,10,facesim
3002,1980,1888,1970,1930,1979,3719,1904,1907,1915,1840,1870,1895,1979,1950,1957,1000,14,13,12,14,14,1848,12,13,12,11,11,12,16,14,13,951,9,9,9,9,11,1842,7,9,8,7,7,8,11,11,10,995,12,11,11,10,12,1842,9,10,9,9,9,10,13,14,11,972,10,8,9,10,10,1842,6,7,7,7,6,8,12,12,9,1000,13,12,12,12,13,1844,10,11,10,10,10,10,14,14,12,941,5,4,3,6,10,1837,7,4,6,7,6,8,6,6,7,961,10,8,9,10,10,1840,7,8,7,7,7,8,11,10,9,963,10,9,9,10,10,1837,7,8,7,7,8,8,11,10,9,967,10,9,9,10,10,1836,7,8,7,7,8,7,11,11,9,927,8,6,7,9,8,1833,5,6,5,5,5,6,9,8,7,942,8,6,7,8,8,1834,5,6,5,5,5,6,9,8,7,955,9,7,8,9,9,1836,6,8,7,7,7,7,11,10,8,1002,12,9,10,21,12,1838,8,9,9,9,8,19,12,23,22,985,11,10,12,12,12,1836,10,11,9,9,9,9,15,14,12,988,11,9,10,10,10,1847,7,8,8,7,7,8,11,11,9,facesim
1713,1143,999,1079,1083,1091,5913,1027,1028,992,967,994,1024,1036,1106,1098,572,14,16,16,17,18,4933,24,10,11,10,13,12,19,18,16,495,11,5,5,8,7,4924,12,11,3,3,4,4,9,9,8,535,9,5,6,7,8,4912,11,6,4,4,5,5,8,9,9,542,15,12,13,10,11,4920,23,6,6,6,7,5,13,16,12,548,17,13,18,16,13,4933,17,17,16,8,10,9,8,21,19,496,15,24,24,24,15,4915,43,17,22,17,24,17,25,28,22,501,6,6,12,9,10,4934,17,8,9,7,8,6,12,12,10,515,13,13,13,16,10,4895,26,10,13,11,13,9,10,17,17,490,6,4,4,5,3,4894,13,5,3,5,5,3,7,6,4,478,6,4,5,5,4,4908,15,4,4,3,6,4,11,10,4,492,6,2,2,3,5,4902,11,5,2,2,4,6,5,7,3,505,5,3,6,4,6,4919,18,5,3,3,2,2,11,7,8,513,5,2,8,4,6,4948,16,3,6,5,6,4,7,11,4,544,9,7,11,10,9,4913,15,7,5,9,6,8,12,12,11,543,10,7,7,7,8,4921,12,6,6,5,4,7,8,12,7,facesim
3056,1990,1892,1991,1938,1984,3741,1941,1948,1914,1854,1881,1912,1982,1986,1982,1005,8,7,14,11,11,1854,21,19,11,10,10,12,10,14,15,955,7,3,9,5,8,1847,19,17,8,6,5,7,5,7,10,1002,9,8,14,10,12,1848,23,23,12,10,8,12,10,11,14,978,10,5,9,8,10,1847,39,43,11,9,7,9,8,7,12,1002,11,7,12,10,12,1850,21,20,12,9,8,11,10,11,14,947,6,5,7,7,9,1843,21,19,9,7,4,7,6,6,8,968,7,3,8,9,8,1844,15,40,8,5,4,7,6,20,12,964,8,4,9,8,10,1842,18,16,12,7,5,8,7,11,13,963,7,3,8,6,9,1836,18,19,8,5,4,7,6,8,10,932,5,2,6,3,6,1839,15,17,6,3,2,5,4,5,7,945,6,3,7,3,7,1840,12,15,9,4,3,7,5,6,7,962,7,3,8,5,8,1845,27,37,8,6,4,6,7,5,9,1002,10,6,11,10,11,1848,29,21,11,8,7,11,9,20,11,1004,13,9,12,11,14,1847,48,48,14,10,10,11,11,11,13,995,11,6,11,11,11,1857,39,45,11,8,7,9,8,10,10,facesim
3023,1995,1899,2008,1949,1999,3744,1942,1947,1972,1864,1882,1930,1986,1998,1997,1006,15,13,15,20,16,1854,14,13,23,8,7,21,17,12,17,956,11,9,12,16,11,1848,8,8,20,6,4,20,13,10,13,1015,16,13,17,18,16,1849,14,13,27,9,9,24,18,14,20,985,15,13,16,17,14,1847,12,13,36,7,7,37,16,14,18,1011,16,13,18,17,14,1845,13,14,25,10,9,21,18,14,18,952,7,10,9,10,9,1842,9,9,22,6,5,21,9,7,8,983,15,10,16,19,15,1848,12,12,25,8,8,24,15,26,19,993,19,13,20,25,18,1849,17,14,29,9,11,27,18,30,24,985,17,13,18,24,15,1840,13,15,24,14,11,39,19,25,20,943,11,10,13,16,11,1841,8,10,23,5,6,23,13,11,15,951,10,7,12,15,9,1839,7,7,18,3,4,18,12,9,14,960,13,10,15,19,12,1844,9,11,24,5,7,32,16,12,15,1000,15,12,17,19,14,1845,12,13,26,10,8,26,16,19,17,1011,13,11,16,18,13,1842,11,13,60,11,10,53,17,15,17,1010,16,13,17,18,16,1854,13,14,42,11,9,45,19,15,20,facesim
3026,1978,1898,1988,1944,1987,3744,1916,1933,1947,1879,1900,1919,1993,1964,1970,1000,8,8,12,10,12,1848,9,11,14,12,10,9,12,12,9,963,8,5,9,8,10,1848,7,8,10,7,6,6,9,7,9,1010,12,10,12,12,14,1849,11,10,12,11,9,10,13,11,11,987,12,11,13,13,14,1848,12,11,15,12,10,11,15,13,9,1006,10,9,12,12,13,1849,11,10,12,11,9,9,13,11,11,951,5,5,6,7,8,1847,8,7,9,9,6,7,8,6,6,971,10,7,11,12,12,1848,10,9,11,10,8,9,12,12,9,981,9,7,9,12,11,1840,9,8,10,10,6,6,11,12,8,991,11,8,11,20,13,1844,10,11,11,10,7,11,13,18,14,950,9,5,9,8,11,1843,9,7,11,9,6,7,13,10,9,960,7,4,7,6,9,1840,7,7,8,9,6,6,9,9,5,982,10,6,10,21,12,1849,10,10,11,9,8,14,12,20,19,1011,14,12,16,14,17,1850,14,13,15,14,13,14,17,16,15,990,9,9,11,12,12,1849,9,9,11,10,8,8,13,11,10,996,12,10,14,10,14,1855,11,11,12,12,10,9,13,12,12,facesim
3005,1983,1881,1967,1921,1977,3731,1909,1915,1920,1848,1880,1910,1976,1967,1973,998,16,10,13,11,14,1855,12,10,11,8,8,10,14,14,14,946,9,5,7,8,7,1848,6,5,6,4,4,4,8,11,8,991,11,7,8,7,9,1845,8,7,8,6,5,6,9,12,10,966,10,6,8,10,9,1850,8,8,8,6,6,5,9,12,12,994,11,7,8,9,9,1851,8,7,8,6,5,6,9,12,10,940,5,4,2,5,5,1841,3,3,8,4,3,2,3,6,4,963,11,6,8,7,8,1846,8,7,8,6,4,5,8,12,10,962,10,5,7,6,7,1843,6,5,6,4,4,5,7,12,9,966,9,6,7,7,8,1841,7,6,7,5,5,5,8,18,8,928,8,5,5,5,6,1839,5,4,5,3,3,3,6,10,7,944,8,5,5,5,6,1842,5,4,5,3,3,3,7,9,8,961,10,6,7,6,8,1845,7,7,7,5,4,5,9,16,9,992,11,7,8,8,9,1847,8,7,9,6,5,7,9,13,10,989,11,8,9,9,10,1844,10,9,10,7,7,7,11,12,12,992,12,8,9,10,10,1854,9,8,10,8,7,8,11,13,12,facesim
3031,1988,1887,1983,1934,1986,3726,1912,1914,1917,1845,1877,1910,1981,1977,1965,1003,12,12,14,12,14,1851,11,11,11,10,12,12,13,14,13,954,12,9,13,8,13,1846,8,9,9,7,8,9,9,9,9,1002,15,12,16,14,16,1848,11,12,12,9,11,12,14,13,15,977,13,10,12,8,13,1847,8,8,9,6,7,9,10,9,9,1006,16,12,16,12,16,1848,11,12,12,9,11,12,13,11,13,939,5,3,4,3,5,1838,2,2,3,3,2,3,2,2,2,964,12,11,15,11,13,1848,7,8,8,5,7,8,10,9,11,966,13,11,15,13,14,1844,9,10,10,8,9,9,11,10,11,971,15,10,14,12,14,1841,9,10,10,7,10,10,12,13,13,932,11,7,11,9,11,1837,6,7,7,4,6,7,9,7,10,947,11,7,11,8,11,1837,6,7,8,4,6,7,9,8,8,964,12,8,12,10,12,1842,7,8,8,5,7,8,11,12,11,1000,14,10,14,12,14,1845,9,10,10,7,9,11,12,11,13,1002,15,13,16,13,16,1845,11,12,12,9,11,12,14,13,12,990,13,10,13,11,13,1854,9,9,10,6,8,9,11,10,10,facesim
3025,2017,1902,1998,1943,2021,3744,1925,1928,1922,1858,1904,1911,1983,2014,1995,1011,25,15,18,20,68,1859,14,18,19,13,22,21,18,37,26,958,22,8,9,9,22,1850,7,11,11,7,13,8,9,13,14,1006,23,10,12,11,26,1851,10,14,13,9,19,11,11,14,15,979,35,7,11,11,38,1850,8,12,13,8,28,9,11,12,16,1006,21,11,13,17,22,1853,11,14,17,14,38,17,16,28,21,949,14,5,6,5,17,1846,5,8,7,6,19,8,4,8,10,971,21,6,10,10,22,1846,7,11,10,5,18,9,8,11,12,969,18,8,10,9,22,1844,8,11,12,6,19,12,11,12,13,967,21,10,13,10,23,1843,10,12,12,7,18,10,9,12,15,934,15,5,7,5,18,1843,6,9,8,3,15,7,6,8,10,947,13,5,8,8,15,1844,7,11,10,4,9,11,9,15,14,964,42,7,12,9,29,1849,8,13,14,9,23,8,10,13,13,1001,24,9,12,11,22,1852,10,14,14,9,17,12,12,14,14,1019,72,12,15,13,47,1849,13,15,16,11,39,12,14,14,17,1003,46,10,11,11,39,1861,10,13,13,9,30,11,10,14,13,facesim
3026,1987,1888,1984,1940,1990,3741,1924,1933,1930,1860,1888,1916,1986,1978,1984,1010,10,8,10,19,11,1852,10,10,9,8,7,9,15,20,13,953,9,6,10,12,9,1848,7,7,6,5,5,8,12,6,10,1006,12,9,12,13,17,1844,11,10,11,8,7,10,15,11,12,984,14,9,13,13,11,1843,11,11,8,7,7,11,15,13,13,1014,14,11,15,19,12,1843,12,13,10,8,7,11,15,22,17,947,5,8,7,9,8,1840,9,8,7,6,5,7,9,6,4,974,11,8,11,13,10,1846,11,10,10,9,8,9,14,10,12,979,14,11,15,18,13,1846,13,13,12,10,11,14,17,13,15,979,14,10,14,18,13,1839,11,13,12,12,10,12,16,12,14,938,9,8,10,12,9,1843,7,9,7,6,6,8,12,8,11,960,8,6,10,18,7,1843,7,6,5,4,4,13,11,23,18,967,11,9,12,13,10,1848,10,11,7,6,6,8,14,9,10,1003,12,9,12,15,12,1846,10,11,11,10,8,11,15,12,13,1001,13,10,13,15,12,1846,11,12,11,11,10,13,17,13,15,1003,16,11,15,15,14,1857,12,13,11,11,9,13,18,13,16,facesim
3148,2052,1954,2053,2003,2048,3926,1956,1986,1998,1933,1976,1986,2067,2057,2043,1033,10,10,14,14,11,1909,11,10,12,12,11,10,12,13,15,984,9,5,10,7,9,1919,8,7,8,7,6,4,9,9,10,1039,14,10,14,13,14,1900,13,11,12,11,10,10,14,12,16,1010,11,10,12,11,12,1911,11,10,11,10,7,7,12,8,10,1036,11,8,13,15,13,1909,12,10,11,10,9,9,13,13,13,975,7,6,8,8,9,1896,10,8,11,11,7,6,7,6,8,986,11,7,12,9,12,1873,11,9,10,9,8,8,12,10,12,1001,10,6,10,7,11,1877,10,8,9,9,6,6,11,10,10,1007,11,7,12,8,12,1882,11,9,10,9,7,7,13,11,11,976,10,5,10,8,11,1886,10,7,10,8,6,6,12,11,9,997,8,4,8,11,9,1890,8,7,7,8,6,4,10,11,8,1003,9,5,10,7,10,1897,9,7,8,7,7,6,11,10,10,1045,15,11,16,13,16,1909,15,13,14,13,13,13,16,15,16,1037,11,8,13,10,13,1916,11,10,10,10,8,8,13,11,11,1031,13,10,15,12,14,1915,13,10,12,10,11,8,13,12,15,facesim
3034,1972,1889,1970,1917,1973,3745,1905,1910,1909,1842,1881,1921,1967,2051,1989,998,11,9,14,11,12,1875,10,10,9,6,9,10,12,24,11,956,6,6,7,7,7,1867,5,7,6,4,6,7,7,19,9,997,8,8,9,8,8,1868,7,8,7,5,7,8,9,22,9,969,7,6,9,8,8,1872,6,7,6,3,7,8,7,34,8,997,9,8,10,9,8,1870,7,8,7,5,7,8,9,26,11,943,4,4,3,4,3,1863,3,3,3,3,3,4,3,22,5,965,7,6,8,7,7,1860,6,7,6,4,6,7,8,20,9,963,6,6,7,8,6,1863,5,6,5,4,7,8,8,21,9,966,6,6,7,6,6,1866,5,6,5,3,7,6,7,21,8,933,5,4,6,7,5,1859,4,5,4,2,5,5,6,25,7,951,5,4,7,6,5,1858,4,5,5,2,5,6,6,26,8,973,6,5,7,8,6,1864,5,7,5,3,5,6,8,37,7,995,8,7,9,9,8,1869,7,8,7,5,7,9,9,22,10,1027,9,9,11,11,10,1859,9,11,10,8,10,10,12,65,14,1004,9,9,10,9,9,1873,8,9,8,6,8,8,10,46,12,facesim
2970,1935,1827,1930,1878,1931,3963,1862,1850,1856,1793,1829,1844,1932,1944,1932,982,14,11,18,12,16,1834,11,11,12,9,9,11,14,14,13,930,9,3,10,5,9,1837,5,4,5,1,3,3,6,3,5,984,15,9,15,11,15,1827,11,10,11,8,9,10,12,11,11,975,11,5,10,8,12,1830,7,7,7,6,4,5,8,7,9,982,14,10,15,13,15,1840,11,10,11,8,8,9,11,10,10,921,2,1,5,3,4,1811,2,1,2,1,1,2,1,2,1,948,11,5,11,7,11,1816,7,6,7,4,5,6,8,7,7,941,11,5,11,6,11,1809,7,6,7,4,5,5,7,6,7,946,11,5,11,7,11,1815,7,6,7,4,5,6,8,7,7,910,8,2,8,4,8,1821,4,4,4,1,2,4,5,4,5,926,11,7,12,7,11,1831,7,7,7,4,4,5,7,6,7,951,10,5,11,7,11,1836,7,7,8,5,6,6,9,6,6,982,12,6,12,7,12,1837,8,7,8,5,6,8,9,8,8,1040,10,7,12,15,12,1834,9,8,9,6,7,13,10,28,17,1003,12,6,12,9,12,1831,7,7,7,5,5,8,8,9,7,facesim
