ToRouter0,ToRouter1,ToRouter2,ToRouter3,ToRouter4,ToRouter5,ToRouter6,ToRouter7,ToRouter8,ToRouter9,ToRouter10,ToRouter11,ToRouter12,ToRouter13,ToRouter14,ToRouter15,Applications (Label Classes)
5867,1980.0,1684.0,1628.0,1728.0,1588.0,1492.0,1486.0,1507.0,4031.0,1757.0,4533.0,1608.0,1618.0,1660.0,1726.0,ferret
107,294.0,131.0,42.0,135.0,39.0,42.0,36.0,33.0,2545.0,216.0,2047.0,121.0,72.0,78.0,87.0,ferret
91,288.0,98.0,30.0,157.0,35.0,32.0,29.0,24.0,2363.0,188.0,1902.0,109.0,70.0,87.0,86.0,ferret
120,260.0,115.0,26.0,98.0,28.0,27.0,30.0,24.0,2155.0,179.0,1785.0,96.0,65.0,64.0,62.0,ferret
124,337.0,166.0,36.0,109.0,36.0,31.0,33.0,25.0,2163.0,198.0,2066.0,99.0,65.0,69.0,74.0,ferret
112,306.0,105.0,31.0,123.0,31.0,30.0,29.0,27.0,2284.0,157.0,2359.0,110.0,72.0,67.0,79.0,ferret
61,226.0,96.0,22.0,83.0,23.0,20.0,21.0,20.0,2330.0,154.0,1861.0,75.0,53.0,50.0,53.0,ferret
70,254.0,90.0,21.0,88.0,21.0,20.0,20.0,20.0,2159.0,190.0,1627.0,72.0,60.0,58.0,59.0,ferret
66,270.0,117.0,31.0,115.0,29.0,26.0,28.0,23.0,2171.0,195.0,1701.0,109.0,72.0,69.0,78.0,ferret
87,241.0,125.0,44.0,103.0,42.0,49.0,51.0,41.0,2156.0,235.0,2149.0,154.0,129.0,123.0,146.0,ferret
44,208.0,113.0,25.0,106.0,27.0,23.0,22.0,24.0,2350.0,220.0,2009.0,111.0,64.0,77.0,68.0,ferret
56,353.0,91.0,25.0,95.0,41.0,22.0,23.0,20.0,2250.0,170.0,1764.0,94.0,55.0,66.0,85.0,ferret
80,210.0,139.0,29.0,97.0,35.0,26.0,23.0,23.0,2210.0,173.0,2125.0,96.0,71.0,70.0,75.0,ferret
94,219.0,109.0,28.0,97.0,26.0,24.0,23.0,25.0,2233.0,167.0,2217.0,111.0,66.0,86.0,82.0,ferret
106,206.0,199.0,25.0,100.0,24.0,24.0,22.0,17.0,2217.0,142.0,1930.0,92.0,63.0,63.0,67.0,ferret
136,190.0,161.0,31.0,106.0,28.0,26.0,26.0,25.0,2386.0,236.0,2147.0,112.0,68.0,77.0,74.0,ferret
3571,2298.0,2236.0,2258.0,2246.0,2260.0,2180.0,2181.0,2204.0,4236.0,2190.0,2511.0,2484.0,2480.0,2798.0,2285.0,ferret
1160,12.0,14.0,12.0,14.0,16.0,9.0,11.0,15.0,2016.0,13.0,201.0,154.0,173.0,298.0,15.0,ferret
1129,9.0,8.0,10.0,13.0,11.0,8.0,8.0,8.0,1962.0,6.0,202.0,194.0,166.0,297.0,12.0,ferret
1141,9.0,7.0,9.0,12.0,13.0,5.0,6.0,7.0,1907.0,6.0,248.0,199.0,179.0,284.0,9.0,ferret
1136,15.0,11.0,12.0,17.0,22.0,10.0,11.0,16.0,1912.0,16.0,294.0,231.0,197.0,342.0,14.0,ferret
1146,14.0,9.0,12.0,13.0,16.0,11.0,10.0,12.0,1967.0,10.0,302.0,277.0,227.0,305.0,14.0,ferret
1102,5.0,8.0,4.0,8.0,12.0,7.0,9.0,9.0,1951.0,9.0,220.0,193.0,167.0,241.0,11.0,ferret
1106,10.0,8.0,5.0,12.0,13.0,8.0,4.0,14.0,1886.0,10.0,226.0,150.0,147.0,218.0,10.0,ferret
1121,15.0,6.0,8.0,11.0,13.0,11.0,8.0,12.0,1900.0,11.0,245.0,202.0,152.0,224.0,11.0,ferret
1142,31.0,38.0,29.0,38.0,37.0,36.0,32.0,30.0,1922.0,24.0,307.0,245.0,195.0,298.0,22.0,ferret
1108,14.0,5.0,7.0,11.0,8.0,5.0,7.0,11.0,1962.0,12.0,232.0,178.0,188.0,268.0,10.0,ferret
1124,43.0,40.0,44.0,55.0,54.0,44.0,47.0,43.0,1987.0,31.0,223.0,223.0,222.0,362.0,48.0,ferret
1119,25.0,28.0,28.0,45.0,32.0,30.0,28.0,35.0,1979.0,30.0,262.0,181.0,206.0,301.0,31.0,ferret
1146,28.0,30.0,25.0,38.0,33.0,35.0,29.0,31.0,1943.0,24.0,254.0,217.0,193.0,355.0,27.0,ferret
1175,15.0,18.0,13.0,29.0,23.0,19.0,19.0,15.0,1967.0,18.0,361.0,215.0,238.0,369.0,19.0,ferret
1149,12.0,7.0,8.0,11.0,12.0,7.0,7.0,8.0,1978.0,8.0,238.0,244.0,211.0,393.0,13.0,ferret
449,172.0,1380.0,189.0,481.0,169.0,4638.0,150.0,383.0,148.0,103.0,262.0,112.0,154.0,2560.0,182.0,ferret
93,8.0,1239.0,14.0,179.0,7.0,11497.0,21.0,170.0,5.0,5.0,104.0,4.0,10.0,9110.0,9.0,ferret
58,1.0,1560.0,8.0,158.0,0.0,15960.0,18.0,167.0,2.0,3.0,92.0,1.0,3.0,10173.0,1.0,ferret
102,5.0,3178.0,14.0,148.0,7.0,13033.0,22.0,129.0,7.0,6.0,95.0,5.0,6.0,4594.0,5.0,ferret
124,9.0,4484.0,14.0,140.0,13.0,8830.0,20.0,159.0,9.0,8.0,112.0,8.0,12.0,2861.0,8.0,ferret
101,9.0,4616.0,14.0,132.0,9.0,5015.0,24.0,128.0,5.0,6.0,138.0,7.0,8.0,4169.0,5.0,ferret
54,1.0,3471.0,8.0,117.0,2.0,3152.0,24.0,98.0,0.0,2.0,109.0,0.0,0.0,4174.0,0.0,ferret
68,7.0,1629.0,11.0,142.0,6.0,1264.0,17.0,126.0,5.0,6.0,128.0,2.0,6.0,3252.0,7.0,ferret
90,6.0,1319.0,16.0,166.0,7.0,1091.0,22.0,99.0,6.0,5.0,119.0,5.0,6.0,1737.0,7.0,ferret
89,3.0,1986.0,18.0,149.0,6.0,1093.0,10.0,136.0,2.0,5.0,95.0,3.0,6.0,1628.0,6.0,ferret
59,4.0,7467.0,13.0,172.0,5.0,979.0,16.0,113.0,4.0,3.0,106.0,5.0,8.0,1641.0,6.0,ferret
54,3.0,12555.0,4.0,127.0,5.0,988.0,19.0,124.0,6.0,6.0,101.0,8.0,6.0,1670.0,5.0,ferret
57,3.0,10383.0,13.0,128.0,3.0,1033.0,15.0,104.0,3.0,3.0,129.0,1.0,8.0,1619.0,3.0,ferret
84,6.0,5359.0,15.0,117.0,7.0,1054.0,13.0,125.0,6.0,3.0,121.0,6.0,6.0,1612.0,6.0,ferret
86,2.0,1265.0,11.0,113.0,8.0,1011.0,17.0,148.0,3.0,6.0,138.0,4.0,6.0,1591.0,8.0,ferret
97,6.0,1267.0,17.0,203.0,4.0,1027.0,22.0,173.0,7.0,3.0,134.0,3.0,7.0,1651.0,6.0,ferret
304,142.0,1150.0,148.0,152.0,105.0,3382.0,81.0,117.0,140.0,26.0,53.0,99.0,107.0,235.0,124.0,ferret
79,6.0,1083.0,19.0,24.0,7.0,11563.0,17.0,21.0,19.0,5.0,20.0,7.0,5.0,46.0,7.0,ferret
27,3.0,1571.0,14.0,18.0,1.0,15636.0,2.0,15.0,16.0,3.0,18.0,1.0,1.0,36.0,4.0,ferret
73,6.0,4011.0,26.0,18.0,6.0,13393.0,14.0,18.0,20.0,4.0,19.0,4.0,6.0,61.0,6.0,ferret
83,7.0,5534.0,26.0,18.0,9.0,8783.0,11.0,19.0,33.0,8.0,19.0,9.0,9.0,65.0,9.0,ferret
61,6.0,5609.0,27.0,25.0,7.0,5474.0,17.0,26.0,23.0,6.0,18.0,6.0,7.0,55.0,9.0,ferret
23,0.0,3902.0,15.0,15.0,0.0,4025.0,10.0,15.0,18.0,2.0,13.0,1.0,1.0,38.0,2.0,ferret
47,4.0,1351.0,21.0,19.0,4.0,1368.0,5.0,19.0,18.0,2.0,13.0,5.0,3.0,40.0,6.0,ferret
69,3.0,1102.0,25.0,21.0,4.0,995.0,14.0,15.0,17.0,3.0,18.0,4.0,4.0,41.0,5.0,ferret
69,6.0,1943.0,25.0,29.0,3.0,1019.0,5.0,21.0,13.0,9.0,20.0,9.0,4.0,68.0,11.0,ferret
19,5.0,7266.0,21.0,20.0,4.0,900.0,11.0,17.0,20.0,1.0,14.0,4.0,2.0,60.0,5.0,ferret
26,1.0,13021.0,14.0,16.0,4.0,882.0,2.0,11.0,10.0,2.0,11.0,6.0,6.0,40.0,3.0,ferret
48,5.0,11704.0,23.0,17.0,4.0,937.0,7.0,15.0,24.0,3.0,20.0,4.0,7.0,62.0,6.0,ferret
60,8.0,6565.0,27.0,17.0,5.0,964.0,11.0,14.0,14.0,5.0,15.0,7.0,6.0,36.0,9.0,ferret
95,7.0,1067.0,47.0,25.0,6.0,889.0,11.0,19.0,64.0,6.0,17.0,9.0,7.0,81.0,11.0,ferret
64,6.0,1042.0,24.0,21.0,7.0,901.0,11.0,21.0,37.0,4.0,12.0,4.0,6.0,69.0,10.0,ferret
253,137.0,1497.0,106.0,86.0,80.0,4668.0,46.0,105.0,103.0,37.0,30.0,88.0,92.0,94.0,85.0,ferret
79,8.0,1509.0,15.0,7.0,5.0,10736.0,5.0,7.0,7.0,6.0,4.0,6.0,10.0,18.0,7.0,ferret
23,5.0,2834.0,9.0,1.0,0.0,16260.0,3.0,2.0,2.0,1.0,1.0,1.0,0.0,4.0,1.0,ferret
63,5.0,4708.0,19.0,10.0,7.0,12921.0,4.0,7.0,10.0,4.0,5.0,6.0,6.0,10.0,6.0,ferret
53,8.0,5948.0,14.0,9.0,9.0,9837.0,5.0,11.0,9.0,6.0,8.0,5.0,7.0,13.0,6.0,ferret
55,7.0,5284.0,14.0,8.0,5.0,6030.0,6.0,10.0,8.0,6.0,9.0,4.0,5.0,18.0,6.0,ferret
21,2.0,3670.0,9.0,5.0,0.0,4079.0,5.0,5.0,5.0,2.0,0.0,1.0,1.0,10.0,0.0,ferret
32,4.0,1516.0,13.0,3.0,6.0,1875.0,3.0,5.0,7.0,4.0,3.0,2.0,4.0,9.0,2.0,ferret
63,6.0,1129.0,17.0,6.0,4.0,1149.0,3.0,4.0,9.0,3.0,2.0,3.0,4.0,17.0,5.0,ferret
65,4.0,1309.0,17.0,7.0,5.0,1166.0,3.0,5.0,9.0,6.0,2.0,5.0,4.0,21.0,5.0,ferret
23,4.0,6335.0,17.0,9.0,3.0,1034.0,5.0,10.0,8.0,4.0,7.0,3.0,5.0,13.0,6.0,ferret
17,2.0,12071.0,7.0,2.0,3.0,1019.0,0.0,4.0,2.0,1.0,1.0,5.0,3.0,5.0,3.0,ferret
46,4.0,12651.0,17.0,7.0,2.0,1079.0,5.0,8.0,8.0,4.0,4.0,2.0,6.0,14.0,4.0,ferret
53,5.0,6216.0,17.0,4.0,4.0,1085.0,3.0,4.0,7.0,4.0,5.0,4.0,4.0,13.0,1.0,ferret
52,7.0,1665.0,12.0,14.0,9.0,1029.0,6.0,5.0,8.0,7.0,7.0,8.0,8.0,20.0,12.0,ferret
45,6.0,1074.0,15.0,3.0,4.0,1038.0,2.0,3.0,10.0,4.0,4.0,5.0,2.0,10.0,2.0,ferret
232,110.0,1138.0,100.0,114.0,57.0,4216.0,63.0,73.0,78.0,23.0,37.0,81.0,99.0,86.0,93.0,ferret
61,7.0,1152.0,19.0,5.0,5.0,11453.0,4.0,4.0,4.0,4.0,4.0,5.0,4.0,6.0,11.0,ferret
18,1.0,2286.0,13.0,3.0,0.0,15557.0,0.0,2.0,2.0,1.0,0.0,0.0,1.0,0.0,6.0,ferret
45,5.0,4116.0,26.0,4.0,2.0,12084.0,4.0,4.0,2.0,4.0,5.0,3.0,3.0,5.0,21.0,ferret
68,9.0,5343.0,24.0,8.0,9.0,9368.0,5.0,7.0,7.0,6.0,9.0,8.0,7.0,8.0,15.0,ferret
38,6.0,4820.0,23.0,9.0,4.0,6107.0,3.0,10.0,5.0,4.0,5.0,6.0,5.0,6.0,8.0,ferret
20,1.0,3215.0,14.0,0.0,1.0,4308.0,2.0,0.0,1.0,1.0,1.0,0.0,0.0,1.0,9.0,ferret
43,3.0,1439.0,19.0,3.0,3.0,1929.0,2.0,6.0,1.0,1.0,3.0,4.0,4.0,4.0,12.0,ferret
49,4.0,1106.0,22.0,5.0,4.0,1411.0,2.0,4.0,5.0,6.0,0.0,4.0,3.0,12.0,7.0,ferret
53,4.0,1527.0,21.0,3.0,2.0,1431.0,1.0,3.0,4.0,6.0,2.0,3.0,3.0,2.0,7.0,ferret
15,3.0,6827.0,18.0,5.0,2.0,1307.0,2.0,4.0,4.0,2.0,7.0,3.0,3.0,8.0,10.0,ferret
23,1.0,12735.0,12.0,4.0,1.0,1280.0,3.0,2.0,2.0,2.0,0.0,4.0,2.0,3.0,7.0,ferret
41,4.0,12935.0,25.0,8.0,4.0,1318.0,4.0,6.0,3.0,3.0,3.0,3.0,7.0,8.0,8.0,ferret
54,6.0,6933.0,23.0,5.0,3.0,1361.0,2.0,5.0,2.0,3.0,1.0,5.0,4.0,9.0,9.0,ferret
50,6.0,1291.0,24.0,5.0,5.0,1276.0,4.0,5.0,4.0,5.0,4.0,4.0,6.0,5.0,9.0,ferret
44,4.0,1041.0,42.0,5.0,2.0,1271.0,4.0,2.0,2.0,5.0,3.0,3.0,6.0,2.0,7.0,ferret
251,103.0,1295.0,82.0,104.0,59.0,2607.0,33.0,49.0,74.0,30.0,26.0,62.0,88.0,90.0,104.0,ferret
59,4.0,1061.0,14.0,7.0,4.0,10288.0,3.0,6.0,6.0,4.0,6.0,5.0,5.0,10.0,10.0,ferret
18,0.0,2762.0,6.0,2.0,0.0,13857.0,0.0,0.0,2.0,1.0,1.0,0.0,0.0,9.0,3.0,ferret
49,4.0,4293.0,15.0,10.0,4.0,8698.0,6.0,3.0,4.0,4.0,2.0,4.0,3.0,18.0,5.0,ferret
62,7.0,5430.0,13.0,7.0,9.0,6296.0,6.0,7.0,7.0,6.0,5.0,7.0,8.0,10.0,10.0,ferret
44,5.0,4289.0,12.0,6.0,5.0,5807.0,6.0,3.0,4.0,6.0,4.0,4.0,5.0,11.0,10.0,ferret
21,1.0,2715.0,7.0,0.0,0.0,5284.0,3.0,0.0,2.0,1.0,0.0,0.0,0.0,14.0,11.0,ferret
26,5.0,841.0,9.0,3.0,3.0,3036.0,2.0,5.0,3.0,4.0,1.0,2.0,4.0,14.0,3.0,ferret
33,3.0,732.0,15.0,2.0,1.0,1852.0,2.0,2.0,4.0,2.0,3.0,1.0,3.0,16.0,6.0,ferret
53,4.0,1058.0,15.0,4.0,2.0,1876.0,3.0,2.0,2.0,6.0,2.0,2.0,4.0,8.0,7.0,ferret
20,4.0,5901.0,12.0,4.0,3.0,1768.0,1.0,1.0,5.0,2.0,6.0,2.0,3.0,9.0,7.0,ferret
18,3.0,12671.0,3.0,2.0,2.0,1719.0,1.0,1.0,2.0,1.0,1.0,6.0,4.0,9.0,6.0,ferret
34,4.0,13546.0,13.0,4.0,2.0,1732.0,1.0,2.0,2.0,2.0,2.0,3.0,6.0,9.0,4.0,ferret
51,3.0,7177.0,14.0,6.0,3.0,1746.0,4.0,3.0,4.0,3.0,4.0,4.0,4.0,12.0,7.0,ferret
45,5.0,1712.0,10.0,4.0,4.0,1717.0,4.0,3.0,5.0,4.0,3.0,5.0,6.0,7.0,8.0,ferret
53,4.0,693.0,11.0,7.0,5.0,1699.0,2.0,5.0,4.0,2.0,1.0,3.0,5.0,9.0,7.0,ferret
238,94.0,1400.0,95.0,113.0,71.0,3633.0,47.0,53.0,66.0,26.0,27.0,72.0,96.0,80.0,107.0,ferret
55,3.0,1066.0,15.0,5.0,4.0,11537.0,5.0,3.0,4.0,4.0,4.0,5.0,5.0,6.0,10.0,ferret
21,2.0,1515.0,14.0,1.0,1.0,16514.0,1.0,0.0,2.0,2.0,0.0,1.0,1.0,2.0,1.0,ferret
50,4.0,3180.0,21.0,5.0,5.0,10663.0,3.0,4.0,2.0,4.0,5.0,5.0,5.0,8.0,24.0,ferret
70,8.0,5449.0,24.0,7.0,10.0,8792.0,6.0,6.0,7.0,7.0,6.0,6.0,8.0,6.0,9.0,ferret
47,4.0,5396.0,25.0,7.0,7.0,7021.0,4.0,7.0,3.0,5.0,3.0,3.0,7.0,8.0,12.0,ferret
23,1.0,4032.0,12.0,0.0,0.0,5162.0,2.0,0.0,2.0,2.0,0.0,1.0,0.0,7.0,8.0,ferret
37,2.0,1830.0,16.0,2.0,2.0,1879.0,3.0,3.0,2.0,1.0,3.0,2.0,3.0,4.0,5.0,ferret
40,4.0,1167.0,18.0,5.0,3.0,878.0,0.0,2.0,4.0,3.0,5.0,2.0,4.0,6.0,5.0,ferret
47,4.0,1422.0,22.0,4.0,3.0,915.0,1.0,1.0,2.0,4.0,3.0,3.0,3.0,4.0,7.0,ferret
21,2.0,8420.0,20.0,3.0,3.0,890.0,2.0,2.0,4.0,2.0,6.0,3.0,3.0,6.0,8.0,ferret
19,3.0,14476.0,10.0,3.0,2.0,828.0,1.0,2.0,1.0,1.0,1.0,4.0,2.0,4.0,7.0,ferret
39,4.0,11575.0,23.0,4.0,3.0,827.0,2.0,2.0,3.0,2.0,3.0,2.0,8.0,8.0,8.0,ferret
55,5.0,5330.0,22.0,4.0,4.0,866.0,3.0,3.0,4.0,4.0,2.0,6.0,6.0,6.0,5.0,ferret
46,3.0,1527.0,22.0,6.0,6.0,1399.0,1.0,5.0,3.0,4.0,5.0,2.0,3.0,6.0,9.0,ferret
56,6.0,1067.0,45.0,4.0,3.0,1456.0,3.0,3.0,3.0,5.0,6.0,4.0,3.0,5.0,6.0,ferret
240,88.0,1114.0,78.0,119.0,65.0,4270.0,59.0,55.0,75.0,30.0,27.0,115.0,95.0,106.0,93.0,ferret
51,4.0,1086.0,13.0,6.0,3.0,10838.0,4.0,4.0,4.0,4.0,6.0,21.0,5.0,7.0,9.0,ferret
15,0.0,1776.0,8.0,3.0,0.0,16771.0,1.0,2.0,1.0,1.0,0.0,17.0,0.0,2.0,2.0,ferret
50,4.0,4044.0,11.0,8.0,1.0,16291.0,3.0,2.0,5.0,4.0,2.0,23.0,6.0,6.0,5.0,ferret
69,8.0,5374.0,8.0,9.0,8.0,11068.0,6.0,8.0,7.0,5.0,6.0,36.0,7.0,8.0,9.0,ferret
45,6.0,5295.0,12.0,6.0,4.0,6226.0,3.0,2.0,6.0,4.0,4.0,26.0,6.0,6.0,8.0,ferret
20,0.0,3438.0,3.0,2.0,1.0,3608.0,3.0,1.0,2.0,1.0,0.0,21.0,1.0,2.0,8.0,ferret
38,4.0,1276.0,7.0,6.0,3.0,1418.0,3.0,5.0,4.0,5.0,1.0,20.0,5.0,5.0,3.0,ferret
40,2.0,1080.0,15.0,4.0,3.0,914.0,4.0,0.0,4.0,2.0,3.0,25.0,2.0,4.0,5.0,ferret
52,3.0,1706.0,10.0,5.0,3.0,896.0,2.0,2.0,4.0,5.0,4.0,29.0,4.0,4.0,5.0,ferret
21,3.0,6249.0,7.0,6.0,4.0,847.0,2.0,3.0,4.0,2.0,7.0,21.0,6.0,4.0,7.0,ferret
20,1.0,12249.0,3.0,4.0,1.0,877.0,1.0,1.0,2.0,2.0,0.0,18.0,4.0,1.0,3.0,ferret
44,3.0,12384.0,10.0,6.0,3.0,860.0,2.0,4.0,2.0,3.0,3.0,19.0,9.0,12.0,8.0,ferret
55,3.0,6464.0,11.0,6.0,4.0,865.0,5.0,4.0,2.0,4.0,4.0,29.0,3.0,6.0,9.0,ferret
61,4.0,1044.0,9.0,4.0,2.0,830.0,5.0,5.0,4.0,4.0,1.0,60.0,7.0,9.0,8.0,ferret
47,4.0,1006.0,8.0,3.0,3.0,1182.0,3.0,3.0,4.0,2.0,1.0,34.0,7.0,4.0,5.0,ferret
194,80.0,1115.0,63.0,97.0,46.0,5244.0,32.0,44.0,65.0,13.0,21.0,77.0,82.0,48.0,77.0,ferret
50,4.0,1069.0,4.0,4.0,4.0,10733.0,3.0,3.0,4.0,4.0,4.0,11.0,5.0,2.0,6.0,ferret
11,0.0,2210.0,0.0,2.0,0.0,15536.0,0.0,0.0,2.0,0.0,0.0,0.0,0.0,0.0,2.0,ferret
37,3.0,4087.0,3.0,3.0,6.0,14797.0,2.0,4.0,3.0,1.0,3.0,7.0,1.0,6.0,3.0,ferret
63,7.0,5990.0,10.0,7.0,4.0,10030.0,5.0,4.0,5.0,5.0,3.0,9.0,5.0,6.0,4.0,ferret
34,4.0,5804.0,3.0,3.0,2.0,4577.0,3.0,5.0,3.0,3.0,3.0,9.0,4.0,2.0,6.0,ferret
11,0.0,4043.0,1.0,1.0,0.0,2399.0,0.0,0.0,0.0,0.0,1.0,4.0,1.0,1.0,1.0,ferret
28,2.0,1396.0,2.0,3.0,1.0,1270.0,0.0,2.0,1.0,0.0,1.0,4.0,4.0,1.0,3.0,ferret
36,4.0,1113.0,2.0,3.0,1.0,1097.0,1.0,4.0,2.0,1.0,1.0,10.0,4.0,4.0,3.0,ferret
46,4.0,1720.0,2.0,2.0,1.0,1069.0,2.0,1.0,2.0,1.0,2.0,12.0,2.0,5.0,3.0,ferret
11,3.0,7666.0,1.0,3.0,3.0,996.0,1.0,2.0,4.0,1.0,3.0,7.0,3.0,2.0,3.0,ferret
15,2.0,13313.0,3.0,2.0,1.0,1033.0,2.0,0.0,3.0,0.0,2.0,2.0,1.0,1.0,3.0,ferret
44,6.0,11838.0,5.0,10.0,2.0,1040.0,3.0,3.0,4.0,4.0,5.0,7.0,5.0,7.0,10.0,ferret
46,4.0,5811.0,4.0,4.0,3.0,1019.0,1.0,2.0,5.0,2.0,1.0,8.0,5.0,3.0,1.0,ferret
27,4.0,1090.0,5.0,4.0,4.0,998.0,3.0,3.0,3.0,2.0,3.0,9.0,3.0,2.0,2.0,ferret
45,5.0,1039.0,4.0,4.0,2.0,1309.0,2.0,3.0,3.0,3.0,2.0,9.0,2.0,1.0,4.0,ferret
263,127.0,2806.0,86.0,134.0,93.0,4639.0,55.0,84.0,88.0,45.0,55.0,96.0,135.0,89.0,126.0,ferret
71,3.0,3054.0,5.0,4.0,5.0,9627.0,4.0,4.0,2.0,2.0,2.0,2.0,5.0,4.0,6.0,ferret
32,1.0,3827.0,1.0,0.0,0.0,16914.0,1.0,0.0,2.0,0.0,2.0,1.0,0.0,0.0,0.0,ferret
47,3.0,4607.0,2.0,5.0,1.0,14242.0,2.0,3.0,2.0,0.0,2.0,3.0,5.0,1.0,3.0,ferret
78,1.0,6321.0,3.0,5.0,5.0,9482.0,1.0,5.0,4.0,1.0,3.0,5.0,7.0,5.0,4.0,ferret
57,2.0,5842.0,4.0,4.0,5.0,5510.0,2.0,4.0,2.0,1.0,1.0,2.0,5.0,0.0,4.0,ferret
26,1.0,4891.0,0.0,0.0,0.0,2831.0,1.0,0.0,1.0,0.0,1.0,0.0,0.0,0.0,0.0,ferret
36,2.0,2813.0,1.0,2.0,5.0,1544.0,1.0,2.0,3.0,0.0,1.0,1.0,2.0,1.0,2.0,ferret
53,2.0,1540.0,2.0,2.0,4.0,939.0,2.0,1.0,1.0,1.0,1.0,3.0,4.0,6.0,2.0,ferret
50,3.0,1877.0,5.0,4.0,3.0,890.0,2.0,3.0,3.0,1.0,1.0,3.0,4.0,4.0,4.0,ferret
26,2.0,8582.0,1.0,3.0,1.0,869.0,0.0,2.0,2.0,0.0,0.0,1.0,3.0,0.0,2.0,ferret
31,2.0,12076.0,1.0,3.0,4.0,835.0,0.0,3.0,2.0,0.0,1.0,2.0,4.0,3.0,2.0,ferret
53,3.0,9558.0,2.0,4.0,3.0,879.0,2.0,3.0,3.0,0.0,2.0,2.0,4.0,2.0,5.0,ferret
74,4.0,5009.0,4.0,6.0,4.0,848.0,4.0,4.0,3.0,2.0,5.0,3.0,4.0,5.0,6.0,ferret
51,2.0,2846.0,4.0,6.0,4.0,1189.0,3.0,3.0,4.0,2.0,5.0,2.0,6.0,4.0,6.0,ferret
69,7.0,2570.0,4.0,3.0,4.0,1140.0,2.0,3.0,3.0,1.0,3.0,2.0,6.0,6.0,2.0,ferret
213,84.0,1241.0,72.0,112.0,88.0,3551.0,48.0,45.0,64.0,16.0,21.0,44.0,93.0,75.0,80.0,ferret
53,5.0,1036.0,5.0,5.0,15.0,11486.0,3.0,4.0,6.0,2.0,4.0,4.0,6.0,8.0,5.0,ferret
20,1.0,1428.0,2.0,2.0,14.0,16011.0,0.0,0.0,2.0,0.0,1.0,1.0,1.0,1.0,2.0,ferret
41,5.0,2296.0,4.0,1.0,18.0,13662.0,1.0,2.0,1.0,1.0,2.0,3.0,3.0,3.0,5.0,ferret
67,3.0,4185.0,3.0,4.0,39.0,8190.0,4.0,3.0,2.0,3.0,2.0,5.0,5.0,3.0,6.0,ferret
42,3.0,4271.0,1.0,8.0,15.0,5260.0,2.0,2.0,3.0,1.0,3.0,5.0,6.0,8.0,9.0,ferret
14,1.0,3841.0,1.0,0.0,10.0,2912.0,0.0,1.0,2.0,0.0,0.0,0.0,0.0,1.0,0.0,ferret
34,3.0,2057.0,2.0,2.0,17.0,1155.0,1.0,3.0,1.0,1.0,1.0,3.0,3.0,3.0,2.0,ferret
35,3.0,1070.0,2.0,5.0,19.0,892.0,0.0,1.0,4.0,1.0,2.0,3.0,2.0,2.0,2.0,ferret
38,2.0,1510.0,4.0,4.0,15.0,902.0,3.0,2.0,3.0,2.0,1.0,2.0,4.0,3.0,2.0,ferret
13,3.0,7594.0,1.0,1.0,13.0,841.0,1.0,1.0,1.0,0.0,1.0,1.0,2.0,4.0,1.0,ferret
16,2.0,11327.0,2.0,3.0,11.0,831.0,1.0,2.0,1.0,1.0,0.0,3.0,3.0,2.0,2.0,ferret
25,0.0,10681.0,3.0,4.0,25.0,867.0,2.0,2.0,2.0,4.0,2.0,2.0,4.0,7.0,1.0,ferret
52,4.0,7140.0,3.0,4.0,15.0,861.0,2.0,2.0,4.0,4.0,1.0,5.0,8.0,4.0,4.0,ferret
42,5.0,4909.0,3.0,5.0,51.0,844.0,2.0,7.0,6.0,2.0,1.0,4.0,4.0,4.0,4.0,ferret
45,3.0,2714.0,3.0,5.0,41.0,1128.0,3.0,1.0,3.0,1.0,1.0,4.0,4.0,3.0,2.0,ferret
9208,5947.0,5800.0,5950.0,5899.0,5855.0,5709.0,5807.0,5764.0,9092.0,5726.0,9996.0,10804.0,9862.0,10433.0,5951.0,ferret
2992,66.0,47.0,78.0,68.0,33.0,26.0,65.0,30.0,3166.0,27.0,3846.0,3265.0,1864.0,2611.0,69.0,ferret
2927,49.0,33.0,68.0,55.0,24.0,26.0,51.0,29.0,2926.0,26.0,3456.0,3903.0,1941.0,3023.0,57.0,ferret
3000,69.0,73.0,80.0,64.0,46.0,40.0,63.0,32.0,2608.0,28.0,3845.0,3669.0,1944.0,2575.0,79.0,ferret
2976,68.0,46.0,99.0,52.0,26.0,25.0,58.0,28.0,2708.0,23.0,3176.0,3392.0,1994.0,2865.0,62.0,ferret
2985,69.0,38.0,86.0,58.0,21.0,23.0,64.0,20.0,3039.0,17.0,3256.0,4361.0,2456.0,3331.0,77.0,ferret
2886,48.0,42.0,60.0,35.0,20.0,15.0,32.0,17.0,2974.0,12.0,3323.0,3560.0,1933.0,2757.0,49.0,ferret
2927,67.0,47.0,69.0,45.0,26.0,26.0,51.0,28.0,2450.0,18.0,3589.0,3307.0,1811.0,2624.0,63.0,ferret
2927,75.0,41.0,66.0,51.0,22.0,20.0,53.0,20.0,2542.0,15.0,3704.0,3239.0,1841.0,2699.0,65.0,ferret
2985,178.0,112.0,159.0,166.0,104.0,89.0,149.0,69.0,2567.0,66.0,4047.0,3452.0,2077.0,2879.0,188.0,ferret
2891,51.0,39.0,47.0,34.0,22.0,21.0,32.0,20.0,2884.0,14.0,4129.0,3534.0,2158.0,2648.0,46.0,ferret
2966,148.0,140.0,145.0,146.0,132.0,126.0,140.0,113.0,2727.0,122.0,4071.0,3577.0,2354.0,2898.0,148.0,ferret
2950,124.0,63.0,100.0,70.0,46.0,36.0,65.0,41.0,2775.0,32.0,3510.0,3373.0,2667.0,2617.0,74.0,ferret
2968,151.0,68.0,94.0,90.0,57.0,37.0,75.0,40.0,2942.0,46.0,3875.0,3987.0,2243.0,3461.0,88.0,ferret
2998,187.0,103.0,168.0,105.0,90.0,59.0,94.0,67.0,2951.0,72.0,3538.0,3968.0,2323.0,2844.0,113.0,ferret
3012,76.0,53.0,134.0,64.0,33.0,28.0,61.0,25.0,3240.0,24.0,4339.0,4210.0,2855.0,4265.0,74.0,ferret
226,80.0,924.0,83.0,105.0,62.0,3827.0,42.0,55.0,69.0,14.0,27.0,64.0,97.0,67.0,92.0,ferret
50,4.0,1166.0,5.0,5.0,6.0,10991.0,3.0,4.0,4.0,4.0,4.0,4.0,6.0,2.0,7.0,ferret
15,1.0,3167.0,1.0,0.0,1.0,15745.0,0.0,1.0,1.0,0.0,0.0,0.0,0.0,0.0,0.0,ferret
48,3.0,4775.0,6.0,4.0,11.0,11830.0,4.0,4.0,4.0,2.0,3.0,6.0,7.0,5.0,5.0,ferret
68,5.0,5405.0,2.0,4.0,8.0,8556.0,2.0,5.0,5.0,2.0,4.0,2.0,5.0,5.0,5.0,ferret
42,4.0,4605.0,3.0,7.0,5.0,5978.0,3.0,1.0,2.0,2.0,2.0,5.0,3.0,10.0,3.0,ferret
16,0.0,2792.0,1.0,1.0,2.0,4726.0,0.0,0.0,1.0,1.0,0.0,0.0,1.0,0.0,0.0,ferret
34,2.0,925.0,4.0,4.0,3.0,2664.0,2.0,0.0,4.0,1.0,1.0,1.0,4.0,2.0,2.0,ferret
44,3.0,788.0,3.0,3.0,5.0,1324.0,4.0,4.0,1.0,2.0,1.0,2.0,4.0,4.0,4.0,ferret
42,3.0,773.0,4.0,2.0,6.0,1317.0,1.0,4.0,2.0,2.0,3.0,3.0,3.0,2.0,3.0,ferret
15,1.0,5939.0,3.0,2.0,3.0,1234.0,1.0,2.0,2.0,0.0,1.0,2.0,2.0,1.0,3.0,ferret
21,4.0,12178.0,4.0,2.0,3.0,1205.0,1.0,1.0,4.0,0.0,2.0,2.0,2.0,3.0,4.0,ferret
38,4.0,13088.0,4.0,4.0,6.0,1259.0,1.0,3.0,4.0,2.0,1.0,5.0,6.0,3.0,4.0,ferret
56,4.0,7362.0,8.0,5.0,4.0,1271.0,4.0,3.0,3.0,1.0,4.0,6.0,2.0,3.0,4.0,ferret
43,6.0,2495.0,5.0,3.0,3.0,1242.0,3.0,3.0,5.0,4.0,5.0,4.0,4.0,5.0,4.0,ferret
53,5.0,1923.0,4.0,4.0,8.0,1217.0,3.0,5.0,2.0,2.0,4.0,3.0,4.0,4.0,6.0,ferret
196,84.0,1102.0,76.0,110.0,71.0,3470.0,32.0,58.0,49.0,15.0,27.0,37.0,99.0,59.0,79.0,ferret
49,3.0,2202.0,4.0,5.0,5.0,11821.0,5.0,5.0,4.0,3.0,3.0,3.0,6.0,5.0,5.0,ferret
15,2.0,3296.0,3.0,1.0,0.0,15989.0,0.0,0.0,3.0,0.0,0.0,0.0,0.0,0.0,3.0,ferret
45,7.0,4712.0,3.0,2.0,3.0,12592.0,2.0,2.0,3.0,2.0,2.0,3.0,4.0,2.0,4.0,ferret
63,5.0,4307.0,4.0,3.0,3.0,8984.0,3.0,3.0,2.0,2.0,3.0,5.0,3.0,2.0,4.0,ferret
48,3.0,2997.0,5.0,4.0,3.0,6349.0,1.0,3.0,3.0,1.0,2.0,4.0,3.0,3.0,4.0,ferret
13,0.0,1679.0,2.0,0.0,0.0,4740.0,0.0,0.0,3.0,0.0,1.0,1.0,0.0,0.0,0.0,ferret
24,3.0,807.0,1.0,2.0,4.0,2655.0,1.0,4.0,1.0,0.0,1.0,1.0,3.0,2.0,3.0,ferret
40,4.0,608.0,3.0,4.0,2.0,1339.0,1.0,2.0,3.0,2.0,2.0,1.0,4.0,3.0,3.0,ferret
29,3.0,777.0,3.0,5.0,3.0,1338.0,2.0,0.0,2.0,0.0,1.0,1.0,3.0,4.0,3.0,ferret
12,2.0,6309.0,1.0,3.0,2.0,1231.0,0.0,2.0,2.0,0.0,1.0,1.0,3.0,2.0,1.0,ferret
18,2.0,11739.0,3.0,4.0,2.0,1212.0,1.0,2.0,1.0,1.0,1.0,1.0,2.0,2.0,1.0,ferret
22,2.0,11035.0,4.0,2.0,3.0,1252.0,1.0,2.0,0.0,0.0,3.0,2.0,3.0,3.0,2.0,ferret
54,6.0,8912.0,4.0,3.0,4.0,1266.0,2.0,5.0,2.0,4.0,2.0,3.0,8.0,4.0,5.0,ferret
33,1.0,5389.0,3.0,7.0,5.0,1216.0,2.0,6.0,4.0,2.0,2.0,4.0,6.0,7.0,5.0,ferret
44,6.0,2964.0,5.0,5.0,3.0,1231.0,2.0,2.0,4.0,2.0,1.0,3.0,5.0,3.0,2.0,ferret
251,100.0,1341.0,83.0,133.0,67.0,3317.0,58.0,51.0,58.0,28.0,37.0,71.0,145.0,105.0,95.0,ferret
61,3.0,1275.0,7.0,7.0,6.0,9993.0,4.0,3.0,4.0,2.0,3.0,6.0,15.0,5.0,6.0,ferret
22,0.0,2061.0,1.0,2.0,1.0,11698.0,1.0,0.0,0.0,0.0,0.0,1.0,14.0,2.0,3.0,ferret
48,3.0,3698.0,4.0,6.0,5.0,8211.0,4.0,5.0,3.0,1.0,2.0,4.0,21.0,8.0,3.0,ferret
81,4.0,5997.0,5.0,6.0,4.0,5735.0,4.0,6.0,3.0,3.0,2.0,3.0,35.0,3.0,7.0,ferret
52,4.0,5752.0,2.0,5.0,1.0,4858.0,4.0,1.0,2.0,2.0,2.0,2.0,21.0,3.0,3.0,ferret
22,0.0,4445.0,1.0,3.0,0.0,4160.0,0.0,0.0,0.0,0.0,0.0,1.0,16.0,1.0,2.0,ferret
40,4.0,2056.0,4.0,4.0,1.0,3000.0,2.0,1.0,3.0,1.0,2.0,2.0,19.0,4.0,4.0,ferret
41,3.0,1326.0,5.0,5.0,1.0,1970.0,3.0,3.0,1.0,0.0,0.0,3.0,20.0,2.0,2.0,ferret
36,4.0,1516.0,5.0,3.0,1.0,1898.0,2.0,3.0,1.0,2.0,1.0,4.0,27.0,2.0,4.0,ferret
22,1.0,8025.0,2.0,4.0,3.0,1801.0,2.0,0.0,0.0,0.0,0.0,1.0,16.0,1.0,3.0,ferret
25,2.0,13030.0,5.0,4.0,1.0,1814.0,3.0,0.0,3.0,0.0,1.0,2.0,13.0,2.0,4.0,ferret
39,4.0,10953.0,2.0,6.0,4.0,1814.0,2.0,1.0,2.0,1.0,1.0,4.0,24.0,3.0,3.0,ferret
66,4.0,4295.0,3.0,6.0,3.0,1795.0,5.0,3.0,5.0,1.0,3.0,6.0,13.0,10.0,6.0,ferret
60,4.0,1391.0,6.0,4.0,2.0,1750.0,5.0,2.0,3.0,2.0,4.0,3.0,63.0,4.0,5.0,ferret
55,4.0,1297.0,4.0,5.0,3.0,1781.0,4.0,2.0,3.0,2.0,3.0,2.0,32.0,4.0,4.0,ferret
220,88.0,1495.0,88.0,106.0,63.0,2260.0,46.0,48.0,51.0,21.0,24.0,61.0,96.0,75.0,74.0,ferret
52,3.0,1897.0,4.0,5.0,3.0,10678.0,4.0,5.0,5.0,2.0,2.0,4.0,7.0,3.0,5.0,ferret
20,1.0,2619.0,2.0,0.0,0.0,15388.0,1.0,0.0,0.0,1.0,1.0,0.0,0.0,1.0,1.0,ferret
50,1.0,4103.0,4.0,5.0,2.0,8069.0,2.0,3.0,3.0,2.0,3.0,3.0,9.0,2.0,6.0,ferret
63,4.0,4812.0,4.0,6.0,3.0,6101.0,2.0,3.0,3.0,2.0,4.0,2.0,8.0,4.0,4.0,ferret
41,4.0,4547.0,5.0,2.0,3.0,6321.0,2.0,2.0,0.0,4.0,2.0,3.0,5.0,2.0,5.0,ferret
12,0.0,3405.0,1.0,1.0,0.0,5488.0,1.0,0.0,0.0,0.0,0.0,0.0,2.0,1.0,1.0,ferret
34,1.0,1479.0,4.0,4.0,3.0,3371.0,4.0,1.0,1.0,1.0,1.0,2.0,8.0,0.0,1.0,ferret
38,3.0,915.0,3.0,4.0,3.0,1922.0,2.0,2.0,3.0,2.0,4.0,1.0,9.0,3.0,4.0,ferret
33,3.0,1316.0,3.0,3.0,2.0,1872.0,2.0,0.0,2.0,1.0,2.0,2.0,8.0,4.0,1.0,ferret
15,2.0,6702.0,3.0,2.0,1.0,1808.0,1.0,2.0,1.0,1.0,0.0,0.0,3.0,0.0,1.0,ferret
18,1.0,12282.0,2.0,4.0,2.0,1767.0,1.0,2.0,0.0,1.0,1.0,1.0,3.0,1.0,1.0,ferret
32,4.0,13436.0,6.0,4.0,2.0,1750.0,3.0,2.0,3.0,0.0,1.0,2.0,8.0,4.0,3.0,ferret
56,4.0,7594.0,7.0,13.0,5.0,1774.0,4.0,2.0,3.0,4.0,4.0,9.0,5.0,7.0,13.0,ferret
43,3.0,2056.0,9.0,5.0,4.0,1775.0,3.0,2.0,4.0,1.0,2.0,5.0,6.0,6.0,6.0,ferret
42,5.0,1435.0,4.0,6.0,3.0,1746.0,2.0,4.0,3.0,1.0,1.0,4.0,9.0,4.0,4.0,ferret
223,100.0,1120.0,77.0,128.0,62.0,5416.0,37.0,57.0,43.0,17.0,27.0,61.0,98.0,90.0,114.0,ferret
59,3.0,1487.0,4.0,4.0,4.0,11563.0,3.0,4.0,3.0,3.0,4.0,4.0,5.0,7.0,17.0,ferret
17,2.0,2033.0,2.0,1.0,0.0,15521.0,1.0,1.0,1.0,1.0,1.0,1.0,0.0,0.0,15.0,ferret
47,4.0,3188.0,2.0,4.0,5.0,15283.0,3.0,4.0,1.0,4.0,1.0,5.0,5.0,3.0,18.0,ferret
77,4.0,4060.0,3.0,5.0,3.0,10443.0,3.0,4.0,5.0,2.0,3.0,4.0,5.0,6.0,32.0,ferret
42,3.0,3700.0,2.0,5.0,3.0,4853.0,3.0,3.0,3.0,1.0,2.0,3.0,3.0,3.0,18.0,ferret
11,1.0,2636.0,1.0,2.0,1.0,2142.0,0.0,1.0,1.0,0.0,0.0,0.0,0.0,1.0,15.0,ferret
28,3.0,1486.0,2.0,4.0,4.0,1314.0,0.0,3.0,2.0,0.0,1.0,1.0,2.0,3.0,19.0,ferret
40,4.0,870.0,3.0,6.0,2.0,934.0,1.0,3.0,2.0,2.0,1.0,3.0,3.0,2.0,19.0,ferret
26,4.0,1172.0,2.0,4.0,3.0,897.0,1.0,3.0,1.0,1.0,0.0,1.0,3.0,3.0,18.0,ferret
13,2.0,7693.0,2.0,4.0,2.0,838.0,1.0,2.0,1.0,0.0,0.0,2.0,2.0,0.0,17.0,ferret
17,3.0,13318.0,0.0,5.0,3.0,842.0,0.0,3.0,0.0,0.0,0.0,3.0,3.0,3.0,12.0,ferret
32,2.0,9768.0,2.0,3.0,0.0,871.0,1.0,1.0,1.0,0.0,3.0,1.0,3.0,3.0,30.0,ferret
56,7.0,6394.0,4.0,5.0,3.0,864.0,3.0,3.0,2.0,2.0,3.0,6.0,8.0,7.0,20.0,ferret
54,3.0,3686.0,1.0,6.0,3.0,827.0,2.0,4.0,3.0,1.0,3.0,4.0,5.0,2.0,53.0,ferret
45,5.0,2520.0,5.0,5.0,5.0,999.0,3.0,2.0,1.0,2.0,1.0,1.0,3.0,1.0,27.0,ferret
224,86.0,1458.0,60.0,104.0,47.0,3083.0,29.0,38.0,38.0,18.0,35.0,58.0,90.0,45.0,96.0,ferret
53,3.0,1408.0,4.0,5.0,4.0,11154.0,5.0,4.0,3.0,3.0,3.0,5.0,6.0,3.0,7.0,ferret
15,2.0,1821.0,0.0,0.0,0.0,15911.0,0.0,1.0,0.0,0.0,0.0,1.0,0.0,0.0,1.0,ferret
33,4.0,3778.0,4.0,1.0,2.0,10555.0,2.0,2.0,4.0,1.0,2.0,1.0,3.0,3.0,8.0,ferret
64,4.0,5559.0,4.0,6.0,4.0,6960.0,3.0,3.0,2.0,3.0,2.0,2.0,4.0,3.0,7.0,ferret
36,2.0,5659.0,6.0,1.0,3.0,5026.0,1.0,1.0,1.0,1.0,1.0,2.0,5.0,3.0,4.0,ferret
13,0.0,4756.0,0.0,1.0,0.0,3865.0,0.0,0.0,0.0,1.0,0.0,0.0,0.0,0.0,3.0,ferret
25,4.0,2308.0,3.0,3.0,1.0,2437.0,2.0,1.0,0.0,1.0,1.0,2.0,2.0,1.0,5.0,ferret
33,1.0,1509.0,3.0,2.0,3.0,1314.0,2.0,1.0,2.0,0.0,2.0,0.0,4.0,3.0,10.0,ferret
28,2.0,1860.0,2.0,4.0,0.0,1270.0,1.0,1.0,0.0,2.0,1.0,2.0,3.0,1.0,8.0,ferret
16,3.0,8551.0,3.0,2.0,1.0,1236.0,0.0,0.0,2.0,0.0,1.0,1.0,2.0,3.0,4.0,ferret
24,1.0,13268.0,4.0,2.0,1.0,1211.0,2.0,0.0,1.0,1.0,1.0,0.0,4.0,1.0,4.0,ferret
31,3.0,9046.0,4.0,4.0,3.0,1209.0,2.0,1.0,1.0,2.0,1.0,2.0,5.0,2.0,7.0,ferret
51,3.0,5268.0,3.0,5.0,3.0,1201.0,2.0,4.0,5.0,3.0,4.0,4.0,2.0,4.0,6.0,ferret
28,5.0,2108.0,5.0,5.0,4.0,1201.0,3.0,3.0,3.0,2.0,3.0,2.0,3.0,1.0,6.0,ferret
53,6.0,2029.0,6.0,13.0,2.0,1187.0,2.0,5.0,4.0,1.0,4.0,9.0,4.0,15.0,24.0,ferret
204,81.0,1278.0,62.0,108.0,45.0,4061.0,32.0,42.0,40.0,22.0,33.0,48.0,85.0,45.0,67.0,ferret
47,3.0,1253.0,7.0,4.0,3.0,10793.0,3.0,2.0,3.0,4.0,3.0,3.0,4.0,5.0,5.0,ferret
12,1.0,1412.0,1.0,1.0,0.0,14050.0,0.0,0.0,1.0,0.0,0.0,0.0,0.0,0.0,1.0,ferret
39,4.0,2533.0,4.0,6.0,2.0,12639.0,4.0,3.0,2.0,1.0,1.0,4.0,3.0,3.0,4.0,ferret
66,3.0,3989.0,2.0,5.0,2.0,8919.0,3.0,3.0,3.0,2.0,3.0,5.0,5.0,2.0,4.0,ferret
33,3.0,4243.0,0.0,3.0,1.0,5741.0,3.0,4.0,3.0,1.0,1.0,2.0,1.0,2.0,3.0,ferret
13,1.0,3619.0,1.0,0.0,0.0,3510.0,0.0,0.0,1.0,1.0,0.0,0.0,0.0,0.0,1.0,ferret
25,2.0,1931.0,1.0,3.0,4.0,1979.0,1.0,1.0,4.0,0.0,0.0,0.0,2.0,3.0,3.0,ferret
31,4.0,1346.0,2.0,5.0,0.0,1323.0,1.0,2.0,0.0,1.0,1.0,2.0,3.0,2.0,2.0,ferret
24,2.0,1920.0,3.0,2.0,4.0,1296.0,2.0,1.0,2.0,1.0,1.0,2.0,2.0,2.0,1.0,ferret
14,1.0,8338.0,1.0,2.0,1.0,1242.0,2.0,1.0,0.0,0.0,1.0,1.0,2.0,1.0,1.0,ferret
22,3.0,12539.0,1.0,3.0,2.0,1252.0,1.0,1.0,1.0,0.0,2.0,4.0,1.0,1.0,1.0,ferret
25,3.0,10501.0,2.0,3.0,2.0,1236.0,1.0,2.0,3.0,0.0,3.0,0.0,4.0,2.0,1.0,ferret
48,4.0,5569.0,4.0,4.0,4.0,1245.0,3.0,4.0,1.0,2.0,1.0,3.0,4.0,3.0,2.0,ferret
28,2.0,1282.0,4.0,3.0,4.0,1213.0,4.0,3.0,3.0,3.0,1.0,4.0,4.0,3.0,4.0,ferret
39,4.0,1258.0,2.0,5.0,2.0,1567.0,2.0,3.0,1.0,2.0,1.0,1.0,3.0,5.0,2.0,ferret
172,85.0,1561.0,75.0,98.0,67.0,3965.0,52.0,47.0,41.0,12.0,27.0,45.0,84.0,40.0,63.0,ferret
51,2.0,1465.0,4.0,7.0,6.0,9937.0,4.0,4.0,3.0,2.0,2.0,4.0,6.0,3.0,4.0,ferret
20,0.0,2199.0,2.0,2.0,2.0,16430.0,1.0,1.0,1.0,1.0,1.0,1.0,2.0,1.0,1.0,ferret
45,5.0,3612.0,2.0,8.0,3.0,13519.0,1.0,4.0,1.0,3.0,4.0,1.0,5.0,3.0,2.0,ferret
60,7.0,4519.0,7.0,6.0,5.0,9901.0,3.0,4.0,4.0,3.0,4.0,3.0,7.0,5.0,5.0,ferret
45,4.0,4760.0,4.0,3.0,2.0,6001.0,3.0,1.0,2.0,2.0,2.0,1.0,4.0,4.0,4.0,ferret
14,1.0,3802.0,1.0,1.0,0.0,3805.0,0.0,0.0,0.0,0.0,0.0,0.0,2.0,0.0,0.0,ferret
37,2.0,2526.0,5.0,2.0,3.0,1993.0,4.0,3.0,0.0,1.0,3.0,1.0,4.0,2.0,4.0,ferret
38,1.0,1536.0,5.0,3.0,4.0,1188.0,2.0,1.0,0.0,1.0,3.0,2.0,3.0,2.0,4.0,ferret
25,2.0,1765.0,4.0,4.0,1.0,1144.0,2.0,2.0,1.0,1.0,1.0,1.0,1.0,0.0,3.0,ferret
11,2.0,9244.0,3.0,4.0,5.0,1125.0,2.0,1.0,1.0,0.0,0.0,1.0,4.0,0.0,1.0,ferret
21,2.0,13365.0,3.0,3.0,3.0,1105.0,4.0,2.0,0.0,1.0,2.0,1.0,4.0,2.0,3.0,ferret
27,2.0,8451.0,5.0,4.0,2.0,1113.0,2.0,0.0,1.0,2.0,0.0,2.0,4.0,1.0,2.0,ferret
49,4.0,3803.0,5.0,6.0,2.0,1101.0,2.0,1.0,1.0,2.0,1.0,5.0,7.0,4.0,4.0,ferret
25,4.0,1745.0,4.0,5.0,6.0,1390.0,5.0,3.0,3.0,2.0,4.0,2.0,6.0,4.0,3.0,ferret
37,3.0,1399.0,6.0,3.0,6.0,1425.0,3.0,2.0,3.0,1.0,3.0,2.0,5.0,1.0,2.0,ferret
221,76.0,1395.0,61.0,106.0,49.0,2425.0,47.0,52.0,38.0,29.0,27.0,65.0,86.0,113.0,113.0,ferret
57,2.0,1362.0,3.0,5.0,4.0,8542.0,5.0,3.0,3.0,2.0,3.0,3.0,4.0,7.0,7.0,ferret
31,2.0,1413.0,1.0,0.0,0.0,10308.0,2.0,1.0,0.0,1.0,0.0,1.0,0.0,1.0,2.0,ferret
45,1.0,1649.0,4.0,2.0,2.0,3652.0,3.0,2.0,4.0,1.0,2.0,5.0,5.0,3.0,4.0,ferret
98,2.0,4519.0,5.0,5.0,4.0,3673.0,0.0,3.0,2.0,5.0,3.0,5.0,2.0,3.0,2.0,ferret
50,2.0,4938.0,1.0,3.0,3.0,4374.0,2.0,2.0,1.0,2.0,1.0,6.0,3.0,6.0,5.0,ferret
29,0.0,4839.0,0.0,0.0,0.0,4503.0,1.0,1.0,0.0,0.0,0.0,0.0,0.0,1.0,0.0,ferret
49,3.0,2961.0,1.0,6.0,1.0,4290.0,1.0,0.0,1.0,2.0,0.0,2.0,3.0,2.0,4.0,ferret
44,4.0,1483.0,3.0,3.0,2.0,2272.0,2.0,1.0,3.0,3.0,0.0,2.0,5.0,3.0,2.0,ferret
41,1.0,1926.0,1.0,3.0,2.0,2181.0,1.0,1.0,2.0,0.0,0.0,2.0,3.0,5.0,4.0,ferret
34,1.0,11210.0,0.0,2.0,0.0,2133.0,2.0,2.0,1.0,0.0,0.0,1.0,1.0,2.0,3.0,ferret
23,2.0,13725.0,3.0,3.0,0.0,2134.0,2.0,0.0,1.0,0.0,0.0,1.0,2.0,2.0,1.0,ferret
50,3.0,7426.0,3.0,4.0,2.0,2067.0,1.0,3.0,2.0,1.0,1.0,2.0,4.0,5.0,3.0,ferret
57,5.0,2293.0,2.0,3.0,2.0,2061.0,4.0,2.0,4.0,2.0,3.0,3.0,2.0,6.0,3.0,ferret
107,4.0,1464.0,7.0,5.0,3.0,2057.0,3.0,4.0,4.0,3.0,2.0,2.0,5.0,3.0,5.0,ferret
94,5.0,1392.0,1.0,6.0,2.0,2089.0,3.0,5.0,3.0,2.0,1.0,3.0,3.0,10.0,4.0,ferret
213,66.0,1050.0,65.0,66.0,70.0,2779.0,41.0,44.0,37.0,20.0,38.0,72.0,69.0,74.0,89.0,ferret
50,3.0,1746.0,6.0,2.0,3.0,9858.0,3.0,3.0,2.0,3.0,3.0,6.0,5.0,4.0,6.0,ferret
20,1.0,2795.0,1.0,0.0,0.0,12481.0,0.0,1.0,0.0,0.0,0.0,0.0,0.0,0.0,2.0,ferret
51,5.0,4291.0,4.0,4.0,4.0,6567.0,2.0,3.0,3.0,1.0,1.0,1.0,2.0,4.0,3.0,ferret
52,3.0,4682.0,2.0,4.0,2.0,5129.0,3.0,3.0,2.0,1.0,2.0,1.0,2.0,2.0,2.0,ferret
51,3.0,3883.0,4.0,5.0,1.0,4906.0,3.0,3.0,4.0,1.0,2.0,1.0,3.0,3.0,3.0,ferret
22,0.0,2578.0,1.0,0.0,0.0,4342.0,0.0,0.0,0.0,0.0,1.0,0.0,0.0,0.0,0.0,ferret
37,2.0,1132.0,4.0,0.0,3.0,3441.0,0.0,1.0,2.0,0.0,1.0,3.0,2.0,1.0,2.0,ferret
41,1.0,899.0,2.0,5.0,3.0,1932.0,0.0,2.0,1.0,0.0,2.0,2.0,1.0,2.0,3.0,ferret
43,4.0,1116.0,2.0,2.0,1.0,1858.0,2.0,1.0,1.0,2.0,1.0,2.0,2.0,2.0,2.0,ferret
26,1.0,6067.0,4.0,2.0,1.0,1829.0,0.0,0.0,1.0,0.0,1.0,2.0,1.0,3.0,2.0,ferret
25,1.0,12457.0,3.0,1.0,4.0,1829.0,1.0,2.0,1.0,1.0,2.0,2.0,1.0,2.0,4.0,ferret
45,3.0,12073.0,3.0,3.0,4.0,1750.0,3.0,1.0,1.0,1.0,3.0,4.0,5.0,4.0,3.0,ferret
47,2.0,7431.0,5.0,2.0,5.0,1749.0,2.0,5.0,0.0,1.0,1.0,5.0,3.0,3.0,3.0,ferret
47,2.0,2297.0,4.0,4.0,4.0,1764.0,3.0,4.0,3.0,4.0,2.0,4.0,3.0,1.0,4.0,ferret
63,3.0,1957.0,5.0,1.0,5.0,1773.0,3.0,3.0,1.0,2.0,3.0,3.0,3.0,3.0,4.0,ferret
4742,3140.0,3004.0,3161.0,3133.0,3129.0,2949.0,2987.0,2984.0,4845.0,2947.0,6350.0,3924.0,3233.0,3351.0,3154.0,ferret
1579,39.0,32.0,43.0,40.0,32.0,32.0,33.0,38.0,1869.0,31.0,2414.0,911.0,163.0,176.0,76.0,ferret
1518,33.0,20.0,33.0,34.0,23.0,28.0,24.0,29.0,1851.0,24.0,2625.0,926.0,109.0,198.0,63.0,ferret
1599,40.0,25.0,34.0,38.0,30.0,31.0,30.0,35.0,1861.0,23.0,2412.0,868.0,146.0,200.0,80.0,ferret
1583,45.0,30.0,43.0,45.0,29.0,32.0,38.0,39.0,1867.0,32.0,2641.0,858.0,110.0,208.0,67.0,ferret
1586,33.0,25.0,40.0,37.0,26.0,28.0,28.0,30.0,1856.0,24.0,2449.0,844.0,162.0,211.0,81.0,ferret
1486,27.0,19.0,30.0,28.0,21.0,21.0,22.0,24.0,1859.0,19.0,2646.0,878.0,90.0,169.0,57.0,ferret
1509,30.0,21.0,31.0,34.0,24.0,23.0,28.0,32.0,1858.0,19.0,2571.0,820.0,143.0,197.0,66.0,ferret
1506,29.0,21.0,32.0,31.0,21.0,21.0,23.0,22.0,1852.0,18.0,3048.0,848.0,92.0,178.0,60.0,ferret
1573,85.0,75.0,83.0,89.0,75.0,78.0,72.0,78.0,1904.0,74.0,2597.0,890.0,193.0,233.0,98.0,ferret
1487,24.0,24.0,30.0,31.0,23.0,22.0,21.0,25.0,1852.0,21.0,3011.0,929.0,110.0,179.0,59.0,ferret
1526,38.0,49.0,54.0,65.0,44.0,49.0,35.0,50.0,1866.0,53.0,2552.0,850.0,182.0,185.0,115.0,ferret
1530,48.0,53.0,58.0,66.0,45.0,50.0,33.0,43.0,1875.0,42.0,3259.0,821.0,169.0,215.0,99.0,ferret
1567,61.0,57.0,62.0,71.0,51.0,50.0,43.0,45.0,1877.0,45.0,2638.0,882.0,177.0,258.0,102.0,ferret
1604,62.0,60.0,63.0,77.0,56.0,59.0,39.0,49.0,1876.0,52.0,2821.0,981.0,153.0,261.0,102.0,ferret
1567,31.0,22.0,35.0,37.0,18.0,23.0,24.0,27.0,1859.0,18.0,2811.0,930.0,169.0,279.0,72.0,ferret
215,90.0,1474.0,60.0,76.0,50.0,2806.0,39.0,77.0,47.0,21.0,28.0,43.0,82.0,64.0,94.0,ferret
52,3.0,1444.0,5.0,6.0,4.0,10299.0,3.0,3.0,5.0,3.0,4.0,2.0,6.0,5.0,5.0,ferret
14,1.0,2183.0,0.0,2.0,0.0,14018.0,0.0,1.0,1.0,0.0,0.0,0.0,0.0,0.0,1.0,ferret
35,3.0,4052.0,2.0,3.0,3.0,7931.0,2.0,2.0,3.0,2.0,2.0,3.0,4.0,3.0,5.0,ferret
42,3.0,6187.0,6.0,2.0,2.0,6277.0,1.0,3.0,2.0,2.0,1.0,3.0,4.0,2.0,4.0,ferret
35,2.0,6258.0,4.0,1.0,0.0,5516.0,0.0,3.0,0.0,0.0,2.0,3.0,4.0,2.0,3.0,ferret
14,0.0,4580.0,0.0,0.0,0.0,4917.0,0.0,1.0,0.0,1.0,0.0,0.0,0.0,0.0,0.0,ferret
27,3.0,2218.0,3.0,1.0,1.0,3416.0,2.0,2.0,0.0,0.0,2.0,0.0,1.0,4.0,2.0,ferret
48,3.0,1512.0,2.0,2.0,2.0,1740.0,3.0,3.0,2.0,2.0,2.0,2.0,4.0,4.0,4.0,ferret
26,1.0,1824.0,2.0,2.0,4.0,1684.0,1.0,2.0,2.0,0.0,1.0,1.0,2.0,4.0,3.0,ferret
14,2.0,7859.0,2.0,1.0,1.0,1647.0,0.0,2.0,0.0,0.0,0.0,0.0,2.0,1.0,1.0,ferret
19,3.0,13674.0,1.0,5.0,1.0,1647.0,1.0,2.0,1.0,0.0,0.0,0.0,3.0,3.0,1.0,ferret
20,3.0,11758.0,2.0,1.0,1.0,1580.0,0.0,3.0,0.0,1.0,0.0,0.0,4.0,1.0,3.0,ferret
46,4.0,5446.0,2.0,5.0,2.0,1599.0,1.0,2.0,5.0,3.0,3.0,4.0,3.0,5.0,4.0,ferret
35,4.0,1449.0,6.0,3.0,2.0,1582.0,3.0,5.0,3.0,2.0,4.0,4.0,6.0,9.0,5.0,ferret
52,6.0,1410.0,4.0,3.0,2.0,1602.0,1.0,3.0,4.0,1.0,2.0,3.0,3.0,4.0,2.0,ferret
237,127.0,1659.0,82.0,99.0,70.0,2225.0,48.0,58.0,69.0,26.0,29.0,61.0,68.0,86.0,84.0,ferret
53,11.0,2166.0,4.0,10.0,3.0,11736.0,3.0,5.0,3.0,5.0,6.0,8.0,11.0,12.0,16.0,ferret
17,11.0,2584.0,0.0,1.0,1.0,15721.0,0.0,0.0,1.0,0.0,0.0,0.0,1.0,2.0,1.0,ferret
48,19.0,3941.0,3.0,6.0,1.0,7845.0,1.0,3.0,0.0,2.0,3.0,2.0,2.0,4.0,3.0,ferret
63,42.0,5170.0,1.0,3.0,3.0,4776.0,3.0,4.0,3.0,1.0,5.0,1.0,6.0,6.0,2.0,ferret
47,20.0,4749.0,1.0,3.0,1.0,4632.0,4.0,1.0,4.0,2.0,2.0,3.0,3.0,3.0,3.0,ferret
17,10.0,4197.0,0.0,0.0,0.0,4470.0,0.0,0.0,2.0,0.0,0.0,0.0,1.0,1.0,0.0,ferret
35,13.0,2276.0,1.0,3.0,2.0,3112.0,1.0,3.0,3.0,1.0,1.0,2.0,3.0,1.0,3.0,ferret
43,16.0,1504.0,3.0,2.0,3.0,1515.0,1.0,1.0,3.0,1.0,1.0,1.0,2.0,4.0,1.0,ferret
43,13.0,2006.0,2.0,4.0,2.0,1497.0,2.0,4.0,2.0,2.0,2.0,2.0,3.0,1.0,4.0,ferret
18,15.0,10310.0,2.0,2.0,2.0,1474.0,2.0,3.0,2.0,0.0,1.0,1.0,1.0,3.0,2.0,ferret
21,11.0,14195.0,2.0,1.0,3.0,1392.0,1.0,2.0,2.0,1.0,0.0,2.0,2.0,2.0,2.0,ferret
32,28.0,7449.0,2.0,4.0,5.0,1376.0,2.0,1.0,2.0,1.0,0.0,1.0,4.0,6.0,4.0,ferret
39,16.0,3414.0,4.0,3.0,3.0,1394.0,5.0,5.0,1.0,0.0,2.0,3.0,2.0,2.0,4.0,ferret
47,54.0,1829.0,4.0,4.0,4.0,1391.0,3.0,3.0,4.0,2.0,2.0,4.0,1.0,3.0,3.0,ferret
49,49.0,1633.0,3.0,4.0,3.0,1364.0,3.0,2.0,3.0,2.0,2.0,4.0,4.0,4.0,4.0,ferret
220,89.0,1285.0,114.0,124.0,54.0,1861.0,33.0,44.0,36.0,59.0,33.0,72.0,78.0,76.0,83.0,ferret
58,4.0,1702.0,18.0,23.0,5.0,10840.0,4.0,3.0,4.0,14.0,3.0,5.0,3.0,14.0,5.0,ferret
25,2.0,2305.0,16.0,13.0,0.0,14526.0,1.0,1.0,0.0,10.0,0.0,2.0,1.0,4.0,2.0,ferret
47,9.0,2806.0,18.0,31.0,3.0,8160.0,4.0,3.0,4.0,16.0,3.0,7.0,2.0,13.0,10.0,ferret
55,6.0,2892.0,42.0,42.0,7.0,4516.0,1.0,1.0,2.0,42.0,1.0,9.0,4.0,9.0,12.0,ferret
39,4.0,2294.0,16.0,16.0,1.0,4614.0,1.0,2.0,2.0,16.0,1.0,2.0,4.0,4.0,3.0,ferret
17,2.0,1470.0,10.0,14.0,0.0,4257.0,0.0,0.0,0.0,23.0,0.0,2.0,0.0,2.0,1.0,ferret
27,5.0,1095.0,14.0,18.0,0.0,2628.0,2.0,2.0,1.0,18.0,0.0,4.0,4.0,4.0,3.0,ferret
33,4.0,785.0,14.0,17.0,0.0,1486.0,1.0,2.0,1.0,18.0,1.0,4.0,3.0,0.0,4.0,ferret
24,9.0,807.0,16.0,19.0,3.0,1517.0,0.0,0.0,2.0,14.0,0.0,3.0,3.0,3.0,3.0,ferret
21,5.0,7874.0,12.0,17.0,0.0,1423.0,1.0,0.0,0.0,9.0,2.0,4.0,4.0,6.0,7.0,ferret
21,1.0,12197.0,8.0,12.0,0.0,1375.0,1.0,0.0,0.0,6.0,2.0,2.0,4.0,2.0,1.0,ferret
39,5.0,9317.0,39.0,37.0,2.0,1384.0,2.0,3.0,2.0,18.0,2.0,4.0,4.0,3.0,2.0,ferret
46,5.0,8093.0,8.0,20.0,4.0,1419.0,0.0,1.0,3.0,13.0,1.0,4.0,5.0,6.0,5.0,ferret
42,4.0,6005.0,57.0,63.0,2.0,1381.0,3.0,2.0,2.0,48.0,1.0,4.0,5.0,4.0,4.0,ferret
46,8.0,3370.0,45.0,47.0,3.0,1390.0,3.0,3.0,3.0,29.0,1.0,2.0,6.0,8.0,3.0,ferret
193,82.0,1643.0,74.0,90.0,55.0,1686.0,33.0,43.0,33.0,23.0,19.0,47.0,48.0,53.0,71.0,ferret
48,3.0,1618.0,6.0,6.0,4.0,11981.0,4.0,4.0,2.0,4.0,4.0,3.0,7.0,5.0,6.0,ferret
14,1.0,1661.0,0.0,0.0,0.0,15658.0,0.0,1.0,0.0,1.0,0.0,0.0,0.0,0.0,0.0,ferret
41,3.0,2341.0,8.0,9.0,2.0,10203.0,1.0,2.0,2.0,8.0,1.0,3.0,2.0,4.0,5.0,ferret
52,5.0,4861.0,8.0,10.0,0.0,6003.0,3.0,5.0,1.0,11.0,2.0,3.0,2.0,5.0,4.0,ferret
37,4.0,5183.0,9.0,6.0,0.0,5971.0,3.0,2.0,3.0,4.0,0.0,4.0,3.0,2.0,4.0,ferret
15,0.0,4983.0,2.0,2.0,0.0,5137.0,1.0,0.0,0.0,2.0,1.0,0.0,0.0,0.0,2.0,ferret
27,2.0,3634.0,7.0,5.0,4.0,2701.0,0.0,0.0,3.0,4.0,2.0,2.0,0.0,2.0,2.0,ferret
36,3.0,1783.0,5.0,5.0,3.0,1324.0,1.0,2.0,2.0,6.0,1.0,2.0,2.0,3.0,2.0,ferret
21,2.0,2008.0,11.0,12.0,2.0,1337.0,3.0,2.0,1.0,7.0,1.0,2.0,1.0,2.0,0.0,ferret
14,1.0,10571.0,6.0,14.0,1.0,1226.0,0.0,4.0,2.0,3.0,0.0,4.0,3.0,4.0,7.0,ferret
16,2.0,12383.0,1.0,2.0,2.0,1194.0,1.0,2.0,2.0,1.0,0.0,1.0,2.0,4.0,2.0,ferret
23,2.0,6732.0,4.0,3.0,3.0,1228.0,3.0,3.0,2.0,3.0,1.0,1.0,2.0,2.0,2.0,ferret
29,2.0,2307.0,6.0,7.0,2.0,1259.0,2.0,2.0,3.0,3.0,3.0,3.0,5.0,3.0,1.0,ferret
31,4.0,1707.0,4.0,7.0,3.0,1227.0,3.0,2.0,3.0,4.0,6.0,4.0,4.0,4.0,5.0,ferret
40,5.0,1671.0,9.0,10.0,3.0,1229.0,2.0,2.0,1.0,9.0,2.0,1.0,1.0,3.0,2.0,ferret
200,82.0,1981.0,73.0,81.0,52.0,2265.0,40.0,45.0,51.0,28.0,35.0,55.0,71.0,62.0,81.0,ferret
53,3.0,1941.0,3.0,4.0,4.0,10313.0,2.0,4.0,5.0,2.0,2.0,3.0,3.0,4.0,5.0,ferret
18,1.0,2120.0,1.0,2.0,0.0,14087.0,0.0,0.0,1.0,0.0,0.0,0.0,0.0,0.0,0.0,ferret
46,4.0,2701.0,3.0,5.0,2.0,6780.0,2.0,3.0,2.0,1.0,0.0,2.0,2.0,7.0,1.0,ferret
54,4.0,4168.0,5.0,4.0,5.0,4474.0,1.0,2.0,4.0,1.0,2.0,3.0,3.0,6.0,4.0,ferret
38,3.0,4832.0,4.0,2.0,2.0,4333.0,0.0,2.0,1.0,0.0,2.0,1.0,1.0,3.0,3.0,ferret
12,0.0,4394.0,1.0,0.0,0.0,4337.0,0.0,0.0,0.0,0.0,0.0,0.0,0.0,0.0,0.0,ferret
29,3.0,3137.0,1.0,3.0,0.0,3033.0,3.0,2.0,1.0,0.0,1.0,2.0,2.0,1.0,4.0,ferret
35,4.0,2119.0,2.0,4.0,1.0,1863.0,1.0,4.0,3.0,0.0,1.0,0.0,1.0,2.0,3.0,ferret
31,3.0,2623.0,2.0,2.0,0.0,1840.0,1.0,3.0,3.0,1.0,2.0,2.0,2.0,1.0,3.0,ferret
21,1.0,10437.0,1.0,2.0,2.0,1804.0,0.0,0.0,1.0,0.0,0.0,1.0,2.0,6.0,1.0,ferret
21,2.0,12276.0,1.0,2.0,1.0,1794.0,2.0,1.0,2.0,0.0,0.0,1.0,1.0,1.0,1.0,ferret
29,3.0,5806.0,3.0,3.0,3.0,1754.0,1.0,0.0,2.0,0.0,0.0,3.0,3.0,3.0,2.0,ferret
38,5.0,3030.0,2.0,2.0,3.0,1746.0,1.0,3.0,3.0,4.0,2.0,3.0,2.0,2.0,5.0,ferret
36,3.0,2000.0,3.0,2.0,3.0,1751.0,2.0,3.0,3.0,3.0,1.0,4.0,3.0,2.0,5.0,ferret
46,3.0,2013.0,4.0,3.0,4.0,1738.0,1.0,4.0,4.0,2.0,1.0,3.0,4.0,4.0,4.0,ferret
221,94.0,1593.0,67.0,68.0,55.0,1993.0,29.0,44.0,39.0,19.0,31.0,43.0,63.0,60.0,76.0,ferret
56,3.0,1578.0,6.0,5.0,5.0,9698.0,4.0,4.0,5.0,3.0,3.0,4.0,3.0,6.0,4.0,ferret
16,1.0,1611.0,0.0,0.0,1.0,14168.0,0.0,0.0,0.0,0.0,0.0,0.0,0.0,0.0,0.0,ferret
40,2.0,2273.0,3.0,3.0,6.0,6134.0,1.0,3.0,3.0,1.0,4.0,3.0,4.0,4.0,5.0,ferret
50,2.0,5138.0,2.0,3.0,2.0,4563.0,2.0,2.0,2.0,2.0,0.0,2.0,4.0,3.0,3.0,ferret
37,2.0,5721.0,3.0,3.0,0.0,4702.0,2.0,2.0,1.0,2.0,2.0,2.0,3.0,2.0,3.0,ferret
12,1.0,5460.0,0.0,0.0,0.0,4682.0,0.0,0.0,0.0,0.0,0.0,0.0,0.0,0.0,1.0,ferret
24,3.0,3168.0,4.0,1.0,3.0,3316.0,2.0,1.0,0.0,1.0,0.0,1.0,4.0,3.0,1.0,ferret
33,3.0,1699.0,4.0,2.0,3.0,1776.0,1.0,1.0,0.0,1.0,1.0,2.0,4.0,1.0,4.0,ferret
27,4.0,2008.0,1.0,3.0,4.0,1750.0,1.0,0.0,2.0,1.0,0.0,0.0,2.0,3.0,3.0,ferret
18,2.0,10287.0,2.0,2.0,1.0,1694.0,1.0,1.0,1.0,0.0,1.0,0.0,2.0,2.0,2.0,ferret
22,2.0,12637.0,3.0,4.0,4.0,1681.0,0.0,0.0,0.0,1.0,2.0,2.0,2.0,4.0,2.0,ferret
26,3.0,7435.0,2.0,3.0,1.0,1639.0,0.0,2.0,1.0,1.0,2.0,0.0,4.0,2.0,3.0,ferret
41,3.0,2961.0,4.0,2.0,2.0,1643.0,3.0,1.0,1.0,1.0,2.0,4.0,4.0,4.0,4.0,ferret
36,4.0,1641.0,6.0,4.0,5.0,1659.0,2.0,4.0,4.0,1.0,3.0,3.0,5.0,3.0,4.0,ferret
44,5.0,1592.0,5.0,3.0,2.0,1655.0,3.0,3.0,2.0,0.0,2.0,3.0,5.0,4.0,2.0,ferret
229,92.0,1760.0,61.0,65.0,64.0,2138.0,36.0,48.0,42.0,21.0,43.0,54.0,76.0,89.0,71.0,ferret
55,4.0,1726.0,2.0,3.0,4.0,10602.0,3.0,4.0,4.0,3.0,3.0,4.0,6.0,4.0,6.0,ferret
21,1.0,1796.0,2.0,0.0,0.0,13801.0,1.0,0.0,0.0,0.0,1.0,1.0,0.0,1.0,1.0,ferret
40,3.0,2179.0,3.0,3.0,1.0,7402.0,4.0,1.0,2.0,2.0,2.0,2.0,2.0,4.0,3.0,ferret
42,4.0,4185.0,3.0,2.0,1.0,5018.0,1.0,3.0,1.0,1.0,4.0,3.0,3.0,3.0,4.0,ferret
45,5.0,5093.0,3.0,2.0,4.0,5564.0,2.0,3.0,3.0,2.0,2.0,5.0,3.0,3.0,2.0,ferret
13,1.0,4687.0,1.0,0.0,0.0,5409.0,0.0,0.0,0.0,0.0,0.0,0.0,0.0,0.0,0.0,ferret
29,3.0,3694.0,1.0,0.0,4.0,3019.0,0.0,2.0,3.0,0.0,1.0,2.0,2.0,1.0,0.0,ferret
41,2.0,1906.0,2.0,1.0,4.0,1843.0,2.0,3.0,1.0,1.0,1.0,3.0,2.0,3.0,3.0,ferret
29,2.0,2099.0,4.0,0.0,1.0,1824.0,2.0,0.0,1.0,1.0,1.0,2.0,4.0,3.0,2.0,ferret
16,2.0,10632.0,1.0,0.0,2.0,1753.0,0.0,1.0,2.0,0.0,0.0,2.0,1.0,4.0,1.0,ferret
29,4.0,13302.0,3.0,0.0,0.0,1723.0,0.0,2.0,2.0,0.0,1.0,1.0,2.0,2.0,3.0,ferret
28,1.0,5454.0,2.0,2.0,3.0,1695.0,2.0,2.0,1.0,1.0,1.0,3.0,3.0,3.0,2.0,ferret
44,3.0,2317.0,3.0,5.0,2.0,1715.0,2.0,4.0,4.0,2.0,3.0,3.0,0.0,3.0,4.0,ferret
52,3.0,1820.0,5.0,4.0,6.0,1709.0,3.0,4.0,4.0,4.0,6.0,5.0,4.0,6.0,4.0,ferret
42,5.0,1812.0,2.0,4.0,3.0,1705.0,1.0,3.0,3.0,3.0,1.0,2.0,4.0,3.0,4.0,ferret
447,217.0,1620.0,236.0,529.0,197.0,1898.0,172.0,386.0,148.0,127.0,591.0,185.0,206.0,266.0,206.0,ferret
120,4.0,1427.0,6.0,171.0,5.0,7713.0,5.0,164.0,3.0,3.0,302.0,4.0,4.0,15.0,5.0,ferret
95,1.0,1514.0,1.0,160.0,0.0,11098.0,1.0,157.0,0.0,1.0,292.0,2.0,0.0,9.0,3.0,ferret
124,3.0,2406.0,4.0,155.0,5.0,5052.0,2.0,127.0,3.0,2.0,273.0,3.0,7.0,9.0,8.0,ferret
150,4.0,4356.0,10.0,134.0,5.0,3862.0,7.0,140.0,5.0,4.0,321.0,4.0,5.0,14.0,4.0,ferret
110,2.0,4636.0,3.0,132.0,5.0,3878.0,3.0,126.0,2.0,2.0,318.0,1.0,2.0,10.0,4.0,ferret
79,1.0,3783.0,2.0,115.0,3.0,3905.0,2.0,90.0,1.0,0.0,309.0,3.0,3.0,12.0,1.0,ferret
100,4.0,2286.0,7.0,150.0,3.0,2434.0,6.0,118.0,2.0,1.0,305.0,2.0,3.0,6.0,5.0,ferret
93,4.0,1514.0,6.0,170.0,7.0,1460.0,4.0,97.0,3.0,4.0,300.0,1.0,4.0,8.0,3.0,ferret
79,2.0,2205.0,3.0,139.0,2.0,1429.0,1.0,113.0,1.0,3.0,293.0,3.0,2.0,5.0,4.0,ferret
71,5.0,8277.0,3.0,179.0,5.0,1426.0,3.0,114.0,1.0,2.0,282.0,3.0,4.0,12.0,4.0,ferret
88,3.0,12879.0,5.0,146.0,5.0,1409.0,8.0,129.0,2.0,3.0,260.0,8.0,5.0,13.0,6.0,ferret
97,4.0,8878.0,5.0,133.0,3.0,1355.0,0.0,106.0,3.0,0.0,318.0,2.0,4.0,10.0,3.0,ferret
109,6.0,5281.0,4.0,128.0,4.0,1407.0,4.0,122.0,1.0,2.0,289.0,6.0,5.0,12.0,4.0,ferret
130,4.0,1437.0,5.0,113.0,5.0,1433.0,4.0,148.0,6.0,3.0,328.0,4.0,4.0,10.0,10.0,ferret
110,6.0,1426.0,5.0,208.0,4.0,1428.0,5.0,151.0,2.0,1.0,331.0,3.0,4.0,16.0,5.0,ferret
234,91.0,1634.0,133.0,145.0,79.0,96.0,78.0,85.0,68.0,40.0,48.0,82.0,96.0,123.0,116.0,ferret
54,3.0,1596.0,20.0,24.0,6.0,47.0,15.0,20.0,5.0,6.0,18.0,8.0,9.0,13.0,9.0,ferret
30,1.0,1635.0,14.0,16.0,1.0,47.0,8.0,11.0,1.0,2.0,16.0,3.0,1.0,4.0,4.0,ferret
60,4.0,3528.0,26.0,16.0,3.0,60.0,19.0,19.0,3.0,11.0,21.0,9.0,4.0,11.0,9.0,ferret
77,8.0,5944.0,26.0,18.0,5.0,62.0,37.0,16.0,4.0,6.0,19.0,7.0,8.0,14.0,8.0,ferret
50,2.0,6021.0,24.0,23.0,3.0,60.0,14.0,22.0,2.0,3.0,21.0,7.0,7.0,7.0,7.0,ferret
24,0.0,5403.0,35.0,20.0,2.0,38.0,36.0,11.0,3.0,8.0,14.0,11.0,9.0,19.0,11.0,ferret
29,3.0,2224.0,16.0,16.0,2.0,45.0,11.0,14.0,1.0,4.0,15.0,6.0,7.0,11.0,11.0,ferret
53,4.0,1660.0,20.0,19.0,2.0,46.0,11.0,14.0,2.0,2.0,23.0,3.0,4.0,7.0,6.0,ferret
38,3.0,2411.0,25.0,21.0,3.0,48.0,13.0,21.0,3.0,2.0,21.0,4.0,4.0,5.0,3.0,ferret
20,2.0,8883.0,21.0,15.0,2.0,41.0,10.0,14.0,2.0,5.0,20.0,2.0,6.0,7.0,5.0,ferret
33,6.0,13314.0,16.0,13.0,2.0,36.0,5.0,6.0,0.0,1.0,10.0,6.0,2.0,10.0,6.0,ferret
41,5.0,8172.0,23.0,12.0,3.0,55.0,25.0,13.0,2.0,6.0,20.0,4.0,9.0,4.0,6.0,ferret
53,4.0,4125.0,24.0,14.0,6.0,39.0,8.0,11.0,4.0,6.0,15.0,6.0,7.0,9.0,6.0,ferret
59,7.0,1655.0,27.0,17.0,4.0,79.0,53.0,14.0,3.0,7.0,14.0,6.0,11.0,8.0,10.0,ferret
63,6.0,1616.0,28.0,21.0,3.0,64.0,37.0,21.0,5.0,6.0,25.0,5.0,6.0,14.0,7.0,ferret
178,49.0,1489.0,56.0,69.0,47.0,34.0,41.0,87.0,32.0,31.0,21.0,38.0,57.0,76.0,93.0,ferret
31,4.0,1436.0,14.0,8.0,3.0,12.0,7.0,17.0,4.0,4.0,3.0,2.0,3.0,5.0,4.0,ferret
21,1.0,1813.0,11.0,3.0,0.0,8.0,1.0,19.0,1.0,2.0,2.0,1.0,0.0,4.0,4.0,ferret
36,4.0,3461.0,13.0,9.0,7.0,9.0,9.0,25.0,3.0,4.0,0.0,2.0,2.0,3.0,3.0,ferret
44,5.0,5070.0,13.0,11.0,8.0,9.0,11.0,39.0,5.0,5.0,7.0,6.0,7.0,7.0,8.0,ferret
34,7.0,5472.0,13.0,11.0,2.0,17.0,6.0,26.0,3.0,4.0,7.0,5.0,5.0,5.0,6.0,ferret
19,7.0,4580.0,8.0,7.0,8.0,14.0,7.0,22.0,3.0,1.0,1.0,8.0,6.0,2.0,4.0,ferret
32,5.0,2442.0,9.0,9.0,4.0,8.0,6.0,21.0,3.0,1.0,1.0,3.0,1.0,2.0,6.0,ferret
34,2.0,1527.0,16.0,7.0,3.0,12.0,5.0,12.0,4.0,6.0,4.0,2.0,3.0,11.0,4.0,ferret
24,2.0,2034.0,16.0,4.0,2.0,10.0,7.0,28.0,0.0,1.0,1.0,1.0,2.0,2.0,2.0,ferret
20,4.0,9158.0,14.0,10.0,4.0,11.0,5.0,20.0,3.0,5.0,9.0,4.0,2.0,4.0,7.0,ferret
15,0.0,14018.0,6.0,6.0,2.0,3.0,0.0,12.0,2.0,2.0,2.0,6.0,4.0,3.0,3.0,ferret
22,3.0,8544.0,11.0,6.0,3.0,10.0,5.0,29.0,2.0,4.0,5.0,4.0,6.0,4.0,5.0,ferret
38,6.0,3507.0,12.0,5.0,5.0,10.0,6.0,24.0,2.0,2.0,2.0,2.0,2.0,5.0,3.0,ferret
47,5.0,1481.0,13.0,10.0,6.0,10.0,6.0,59.0,5.0,3.0,2.0,3.0,2.0,3.0,4.0,ferret
50,4.0,1437.0,9.0,4.0,6.0,9.0,12.0,48.0,2.0,3.0,2.0,3.0,3.0,2.0,3.0,ferret
4079,2584.0,2459.0,2563.0,2470.0,2522.0,2394.0,2356.0,2416.0,4420.0,2422.0,2742.0,2704.0,2894.0,2878.0,2983.0,ferret
1288,34.0,23.0,22.0,27.0,23.0,18.0,17.0,17.0,2032.0,19.0,219.0,240.0,308.0,254.0,356.0,ferret
1241,33.0,11.0,17.0,16.0,13.0,15.0,11.0,11.0,2005.0,12.0,237.0,203.0,335.0,227.0,381.0,ferret
1297,34.0,15.0,18.0,25.0,19.0,16.0,18.0,17.0,1908.0,17.0,282.0,238.0,322.0,229.0,347.0,ferret
1246,59.0,16.0,18.0,20.0,22.0,16.0,16.0,17.0,1943.0,15.0,321.0,274.0,375.0,257.0,368.0,ferret
1278,34.0,16.0,22.0,20.0,17.0,21.0,18.0,19.0,2035.0,17.0,313.0,289.0,379.0,277.0,407.0,ferret
1208,26.0,12.0,13.0,17.0,11.0,8.0,16.0,11.0,2026.0,12.0,233.0,257.0,308.0,204.0,338.0,ferret
1188,27.0,10.0,11.0,18.0,12.0,8.0,11.0,13.0,1895.0,14.0,226.0,191.0,288.0,165.0,256.0,ferret
1219,22.0,10.0,16.0,16.0,11.0,8.0,11.0,9.0,1917.0,11.0,244.0,241.0,285.0,208.0,277.0,ferret
1218,32.0,20.0,16.0,30.0,27.0,23.0,19.0,18.0,1911.0,17.0,241.0,250.0,392.0,257.0,346.0,ferret
1222,27.0,12.0,16.0,15.0,10.0,12.0,12.0,10.0,1974.0,13.0,250.0,268.0,355.0,247.0,305.0,ferret
1243,66.0,43.0,54.0,56.0,57.0,48.0,48.0,42.0,1990.0,50.0,254.0,264.0,375.0,311.0,404.0,ferret
1225,56.0,20.0,27.0,32.0,28.0,30.0,24.0,31.0,1940.0,22.0,252.0,234.0,344.0,216.0,345.0,ferret
1264,46.0,26.0,24.0,35.0,33.0,27.0,20.0,27.0,2008.0,26.0,302.0,284.0,336.0,315.0,415.0,ferret
1291,118.0,22.0,27.0,36.0,30.0,28.0,25.0,28.0,1966.0,30.0,279.0,298.0,369.0,292.0,396.0,ferret
1278,78.0,35.0,31.0,37.0,27.0,26.0,22.0,26.0,2073.0,25.0,360.0,288.0,390.0,359.0,402.0,ferret
129,55.0,1291.0,37.0,61.0,44.0,30.0,44.0,45.0,38.0,12.0,11.0,35.0,34.0,37.0,90.0,ferret
30,3.0,1251.0,5.0,3.0,5.0,2.0,2.0,8.0,4.0,3.0,1.0,2.0,3.0,4.0,6.0,ferret
13,2.0,1689.0,3.0,2.0,0.0,2.0,0.0,4.0,0.0,2.0,0.0,1.0,0.0,0.0,2.0,ferret
28,3.0,3034.0,4.0,2.0,1.0,1.0,1.0,4.0,0.0,1.0,3.0,1.0,2.0,1.0,3.0,ferret
42,4.0,4455.0,7.0,5.0,8.0,5.0,6.0,8.0,3.0,4.0,4.0,3.0,1.0,5.0,6.0,ferret
34,3.0,4503.0,5.0,7.0,7.0,7.0,6.0,9.0,3.0,2.0,5.0,3.0,3.0,2.0,2.0,ferret
20,4.0,3786.0,2.0,3.0,2.0,7.0,3.0,6.0,1.0,1.0,2.0,2.0,3.0,3.0,2.0,ferret
34,2.0,2025.0,1.0,5.0,3.0,4.0,3.0,8.0,2.0,3.0,0.0,0.0,0.0,3.0,2.0,ferret
34,2.0,1128.0,3.0,6.0,5.0,11.0,6.0,8.0,4.0,1.0,2.0,1.0,3.0,7.0,10.0,ferret
33,2.0,1482.0,0.0,4.0,1.0,0.0,1.0,10.0,2.0,3.0,2.0,1.0,1.0,1.0,5.0,ferret
12,4.0,7372.0,2.0,6.0,6.0,5.0,7.0,8.0,6.0,0.0,1.0,1.0,2.0,3.0,5.0,ferret
12,3.0,13512.0,2.0,3.0,2.0,2.0,2.0,4.0,2.0,2.0,0.0,2.0,1.0,2.0,3.0,ferret
21,3.0,11780.0,2.0,4.0,5.0,3.0,2.0,8.0,1.0,0.0,2.0,2.0,3.0,2.0,3.0,ferret
19,2.0,6220.0,1.0,3.0,1.0,3.0,3.0,11.0,0.0,0.0,1.0,3.0,0.0,1.0,2.0,ferret
21,3.0,1418.0,1.0,5.0,3.0,3.0,2.0,7.0,3.0,2.0,2.0,2.0,2.0,5.0,4.0,ferret
53,4.0,1077.0,4.0,7.0,2.0,2.0,2.0,8.0,4.0,2.0,2.0,3.0,2.0,3.0,4.0,ferret
821,505.0,2519.0,488.0,854.0,455.0,490.0,479.0,702.0,2319.0,385.0,773.0,455.0,430.0,425.0,497.0,ferret
267,7.0,1926.0,16.0,167.0,4.0,12.0,6.0,174.0,1278.0,3.0,249.0,4.0,5.0,6.0,9.0,ferret
240,4.0,1971.0,16.0,164.0,8.0,21.0,7.0,168.0,1262.0,6.0,366.0,7.0,5.0,10.0,7.0,ferret
245,3.0,2808.0,26.0,154.0,5.0,12.0,6.0,132.0,1204.0,4.0,224.0,7.0,2.0,8.0,7.0,ferret
303,8.0,4320.0,22.0,132.0,5.0,15.0,5.0,152.0,1139.0,4.0,263.0,11.0,6.0,7.0,7.0,ferret
239,5.0,4363.0,16.0,132.0,4.0,12.0,3.0,129.0,1037.0,4.0,288.0,4.0,3.0,7.0,6.0,ferret
242,5.0,4149.0,12.0,119.0,8.0,10.0,7.0,98.0,1148.0,3.0,202.0,4.0,7.0,4.0,5.0,ferret
252,4.0,2466.0,20.0,134.0,0.0,8.0,5.0,121.0,1249.0,3.0,245.0,4.0,6.0,6.0,6.0,ferret
254,3.0,2079.0,18.0,172.0,4.0,8.0,4.0,99.0,712.0,3.0,247.0,9.0,4.0,6.0,2.0,ferret
217,2.0,2455.0,42.0,141.0,6.0,8.0,2.0,122.0,828.0,7.0,230.0,3.0,1.0,4.0,2.0,ferret
199,3.0,6928.0,23.0,169.0,6.0,6.0,7.0,113.0,980.0,2.0,241.0,6.0,2.0,8.0,5.0,ferret
205,9.0,8900.0,17.0,139.0,7.0,12.0,8.0,129.0,981.0,7.0,204.0,8.0,5.0,7.0,8.0,ferret
226,5.0,5026.0,22.0,135.0,1.0,7.0,4.0,108.0,862.0,5.0,262.0,6.0,8.0,5.0,5.0,ferret
222,7.0,2800.0,23.0,116.0,4.0,10.0,2.0,115.0,1002.0,4.0,256.0,5.0,4.0,11.0,9.0,ferret
219,3.0,1995.0,27.0,110.0,4.0,12.0,5.0,151.0,967.0,7.0,245.0,7.0,4.0,9.0,10.0,ferret
251,9.0,2043.0,24.0,201.0,6.0,15.0,5.0,174.0,1665.0,4.0,270.0,6.0,5.0,9.0,6.0,ferret
2402,1507.0,1456.0,1456.0,1853.0,1514.0,1552.0,1486.0,1786.0,6357.0,1371.0,1351.0,1494.0,1407.0,1484.0,1447.0,ferret
771,16.0,50.0,25.0,203.0,18.0,33.0,17.0,200.0,3410.0,19.0,30.0,18.0,19.0,22.0,21.0,ferret
730,21.0,40.0,25.0,192.0,24.0,34.0,24.0,177.0,3414.0,20.0,38.0,26.0,23.0,37.0,33.0,ferret
737,11.0,48.0,21.0,169.0,12.0,34.0,19.0,151.0,3282.0,16.0,20.0,15.0,17.0,15.0,22.0,ferret
809,14.0,72.0,20.0,157.0,18.0,22.0,15.0,178.0,3338.0,16.0,26.0,18.0,14.0,22.0,19.0,ferret
765,16.0,47.0,23.0,164.0,14.0,36.0,15.0,159.0,3210.0,12.0,24.0,16.0,11.0,15.0,18.0,ferret
788,13.0,48.0,17.0,134.0,24.0,27.0,17.0,121.0,3229.0,13.0,32.0,17.0,21.0,23.0,18.0,ferret
772,15.0,48.0,22.0,156.0,20.0,29.0,18.0,138.0,3714.0,17.0,30.0,16.0,18.0,24.0,20.0,ferret
802,14.0,48.0,21.0,193.0,16.0,25.0,11.0,119.0,2399.0,13.0,30.0,13.0,14.0,22.0,19.0,ferret
710,6.0,39.0,20.0,161.0,9.0,9.0,4.0,152.0,2422.0,6.0,22.0,2.0,5.0,2.0,4.0,ferret
702,19.0,48.0,23.0,194.0,16.0,23.0,22.0,140.0,2870.0,18.0,32.0,20.0,21.0,19.0,22.0,ferret
701,19.0,45.0,15.0,160.0,14.0,24.0,14.0,119.0,2715.0,20.0,23.0,24.0,15.0,26.0,27.0,ferret
757,12.0,54.0,19.0,156.0,16.0,20.0,7.0,130.0,2650.0,12.0,23.0,9.0,12.0,9.0,13.0,ferret
722,16.0,45.0,21.0,143.0,13.0,23.0,16.0,144.0,2831.0,12.0,26.0,15.0,16.0,18.0,20.0,ferret
759,20.0,91.0,23.0,139.0,19.0,28.0,21.0,162.0,2929.0,22.0,29.0,24.0,24.0,23.0,22.0,ferret
740,14.0,73.0,21.0,224.0,15.0,38.0,13.0,190.0,4067.0,18.0,20.0,13.0,16.0,16.0,19.0,ferret
1192,796.0,718.0,781.0,810.0,792.0,726.0,779.0,807.0,1470.0,679.0,675.0,785.0,767.0,815.0,799.0,ferret
412,16.0,19.0,32.0,34.0,16.0,15.0,12.0,30.0,773.0,18.0,16.0,19.0,18.0,26.0,22.0,ferret
378,20.0,19.0,26.0,37.0,16.0,20.0,14.0,30.0,740.0,21.0,21.0,20.0,23.0,40.0,24.0,ferret
392,8.0,13.0,31.0,23.0,13.0,15.0,9.0,22.0,710.0,31.0,17.0,14.0,10.0,31.0,16.0,ferret
415,15.0,14.0,43.0,28.0,20.0,16.0,13.0,25.0,744.0,25.0,14.0,15.0,18.0,45.0,17.0,ferret
411,10.0,20.0,30.0,27.0,14.0,20.0,11.0,28.0,753.0,18.0,15.0,16.0,15.0,28.0,14.0,ferret
378,16.0,27.0,28.0,28.0,14.0,16.0,13.0,28.0,744.0,28.0,14.0,13.0,14.0,34.0,18.0,ferret
406,17.0,16.0,30.0,29.0,15.0,15.0,12.0,33.0,767.0,24.0,16.0,18.0,16.0,26.0,19.0,ferret
419,12.0,19.0,27.0,24.0,13.0,13.0,10.0,21.0,813.0,20.0,12.0,14.0,12.0,28.0,13.0,ferret
415,6.0,13.0,30.0,28.0,8.0,8.0,7.0,28.0,795.0,17.0,4.0,9.0,9.0,20.0,12.0,ferret
346,19.0,18.0,46.0,34.0,15.0,14.0,15.0,31.0,708.0,22.0,20.0,19.0,15.0,35.0,26.0,ferret
351,23.0,22.0,35.0,29.0,18.0,14.0,13.0,37.0,694.0,19.0,14.0,23.0,23.0,32.0,22.0,ferret
395,9.0,12.0,31.0,18.0,12.0,14.0,10.0,18.0,737.0,14.0,8.0,13.0,12.0,38.0,14.0,ferret
396,14.0,17.0,31.0,22.0,11.0,10.0,11.0,23.0,716.0,18.0,14.0,19.0,15.0,25.0,18.0,ferret
413,17.0,20.0,40.0,32.0,19.0,14.0,16.0,36.0,668.0,17.0,18.0,19.0,18.0,65.0,28.0,ferret
412,16.0,23.0,35.0,29.0,15.0,14.0,11.0,30.0,717.0,19.0,11.0,17.0,15.0,52.0,21.0,ferret
9304,6098.0,6088.0,5930.0,6024.0,6150.0,6032.0,5995.0,6103.0,9445.0,5969.0,10128.0,8717.0,10316.0,9817.0,10041.0,ferret
3076,36.0,101.0,37.0,39.0,103.0,66.0,30.0,65.0,3246.0,31.0,3468.0,2260.0,3078.0,1740.0,2377.0,ferret
3010,46.0,93.0,40.0,52.0,114.0,75.0,40.0,72.0,3031.0,42.0,3460.0,2395.0,3399.0,1900.0,2727.0,ferret
2987,32.0,106.0,22.0,32.0,102.0,62.0,18.0,61.0,2616.0,23.0,3293.0,1909.0,3205.0,1677.0,2504.0,ferret
3027,30.0,93.0,26.0,27.0,79.0,58.0,18.0,63.0,2755.0,23.0,3082.0,2990.0,3250.0,2091.0,2480.0,ferret
3043,47.0,131.0,42.0,38.0,118.0,73.0,24.0,98.0,3196.0,27.0,3029.0,2531.0,3528.0,2230.0,3223.0,ferret
3004,37.0,88.0,34.0,33.0,80.0,46.0,19.0,64.0,2999.0,21.0,3144.0,2089.0,3315.0,1683.0,2494.0,ferret
3017,26.0,89.0,23.0,27.0,85.0,56.0,16.0,58.0,2499.0,18.0,3088.0,2383.0,2973.0,1579.0,2122.0,ferret
3042,36.0,96.0,33.0,33.0,96.0,58.0,22.0,63.0,2583.0,24.0,3447.0,2507.0,2895.0,1890.0,2336.0,ferret
3058,133.0,194.0,54.0,106.0,258.0,161.0,71.0,151.0,2508.0,78.0,3523.0,3277.0,3225.0,2037.0,2599.0,ferret
3005,28.0,83.0,26.0,22.0,58.0,41.0,17.0,46.0,2889.0,16.0,3682.0,3094.0,3357.0,1932.0,2443.0,ferret
3026,122.0,163.0,109.0,132.0,170.0,135.0,126.0,157.0,2701.0,122.0,3463.0,3419.0,3397.0,2091.0,2795.0,ferret
3042,41.0,107.0,26.0,33.0,90.0,70.0,27.0,75.0,2674.0,79.0,3277.0,4197.0,3536.0,1857.0,2938.0,ferret
3043,100.0,119.0,34.0,48.0,114.0,65.0,37.0,93.0,3025.0,53.0,3405.0,2828.0,3288.0,2458.0,3188.0,ferret
3049,126.0,164.0,50.0,68.0,131.0,78.0,48.0,108.0,2893.0,75.0,3303.0,2272.0,3445.0,1974.0,2861.0,ferret
3068,132.0,176.0,54.0,83.0,177.0,116.0,52.0,119.0,3516.0,70.0,3993.0,2456.0,3852.0,3328.0,3204.0,ferret
3927,2511.0,2431.0,2502.0,2494.0,2483.0,2384.0,2431.0,2449.0,4308.0,2416.0,6199.0,2442.0,2508.0,2490.0,2481.0,ferret
1307,24.0,28.0,24.0,27.0,26.0,21.0,22.0,22.0,1879.0,19.0,3118.0,28.0,30.0,29.0,29.0,ferret
1280,26.0,22.0,27.0,25.0,21.0,25.0,23.0,25.0,1875.0,19.0,3157.0,25.0,29.0,27.0,29.0,ferret
1317,19.0,25.0,18.0,21.0,23.0,20.0,18.0,18.0,1870.0,14.0,2788.0,24.0,26.0,27.0,30.0,ferret
1296,22.0,27.0,20.0,19.0,23.0,19.0,19.0,19.0,1872.0,15.0,2753.0,26.0,30.0,31.0,32.0,ferret
1311,26.0,27.0,22.0,29.0,31.0,26.0,29.0,34.0,1890.0,18.0,2780.0,33.0,37.0,34.0,34.0,ferret
1248,22.0,23.0,20.0,22.0,22.0,22.0,26.0,24.0,1884.0,16.0,2960.0,23.0,24.0,24.0,27.0,ferret
1258,14.0,16.0,13.0,13.0,17.0,14.0,13.0,17.0,1874.0,10.0,3092.0,19.0,21.0,21.0,21.0,ferret
1291,24.0,25.0,22.0,30.0,25.0,27.0,31.0,29.0,1883.0,22.0,3549.0,25.0,28.0,29.0,31.0,ferret
1308,63.0,70.0,60.0,62.0,64.0,63.0,52.0,65.0,1919.0,59.0,3337.0,53.0,67.0,61.0,58.0,ferret
1248,16.0,23.0,14.0,15.0,18.0,16.0,14.0,16.0,1873.0,11.0,3454.0,25.0,24.0,25.0,20.0,ferret
1294,30.0,44.0,29.0,34.0,29.0,35.0,28.0,26.0,1876.0,30.0,3174.0,31.0,37.0,35.0,34.0,ferret
1283,35.0,28.0,28.0,29.0,32.0,23.0,24.0,29.0,1878.0,28.0,3244.0,34.0,40.0,35.0,32.0,ferret
1338,49.0,44.0,43.0,47.0,41.0,42.0,37.0,39.0,1892.0,38.0,3224.0,42.0,43.0,51.0,48.0,ferret
1317,43.0,41.0,37.0,44.0,43.0,39.0,36.0,37.0,1887.0,35.0,3017.0,35.0,46.0,44.0,40.0,ferret
1326,48.0,50.0,42.0,43.0,47.0,42.0,33.0,30.0,1886.0,35.0,3501.0,41.0,43.0,52.0,54.0,ferret
4193,2473.0,2414.0,2399.0,2418.0,2434.0,2302.0,2328.0,2372.0,4337.0,2424.0,2714.0,2675.0,2666.0,2747.0,2631.0,ferret
1485,9.0,11.0,13.0,10.0,10.0,7.0,8.0,8.0,1997.0,38.0,149.0,169.0,188.0,160.0,143.0,ferret
1498,6.0,6.0,12.0,9.0,6.0,6.0,5.0,6.0,1932.0,29.0,172.0,211.0,159.0,188.0,149.0,ferret
1455,10.0,10.0,11.0,14.0,12.0,12.0,8.0,8.0,1851.0,39.0,192.0,219.0,190.0,163.0,152.0,ferret
1472,12.0,9.0,13.0,12.0,16.0,8.0,9.0,11.0,1883.0,38.0,235.0,286.0,178.0,203.0,129.0,ferret
1491,15.0,10.0,19.0,13.0,10.0,14.0,10.0,14.0,1928.0,54.0,262.0,250.0,211.0,229.0,194.0,ferret
1386,7.0,7.0,10.0,11.0,7.0,5.0,8.0,7.0,1892.0,39.0,171.0,185.0,163.0,178.0,119.0,ferret
1356,11.0,8.0,13.0,13.0,11.0,7.0,9.0,10.0,1865.0,47.0,164.0,159.0,142.0,143.0,105.0,ferret
1372,9.0,8.0,12.0,9.0,12.0,5.0,4.0,7.0,1881.0,44.0,183.0,211.0,147.0,165.0,134.0,ferret
1384,15.0,19.0,21.0,26.0,26.0,31.0,20.0,21.0,1883.0,99.0,178.0,240.0,175.0,192.0,137.0,ferret
1385,9.0,7.0,10.0,10.0,11.0,8.0,6.0,7.0,1936.0,29.0,181.0,268.0,174.0,194.0,115.0,ferret
1453,47.0,51.0,54.0,60.0,60.0,48.0,47.0,43.0,1943.0,66.0,178.0,283.0,217.0,232.0,176.0,ferret
1456,24.0,26.0,25.0,34.0,30.0,31.0,21.0,33.0,1920.0,62.0,180.0,535.0,217.0,180.0,166.0,ferret
1488,22.0,16.0,26.0,30.0,26.0,23.0,17.0,24.0,1917.0,54.0,193.0,278.0,197.0,188.0,171.0,ferret
1514,29.0,27.0,40.0,45.0,27.0,26.0,19.0,30.0,1933.0,66.0,229.0,297.0,256.0,214.0,186.0,ferret
1530,21.0,26.0,29.0,34.0,26.0,28.0,19.0,24.0,1969.0,65.0,227.0,268.0,234.0,265.0,202.0,ferret
17050,8142.0,8102.0,8294.0,8452.0,8387.0,8103.0,8170.0,8188.0,11854.0,7729.0,13556.0,12874.0,11953.0,12798.0,12235.0,ferret
6698,24.0,56.0,62.0,61.0,25.0,68.0,63.0,54.0,3318.0,35.0,5635.0,4330.0,2759.0,3228.0,2003.0,ferret
6896,40.0,62.0,87.0,84.0,43.0,105.0,87.0,76.0,3103.0,55.0,5527.0,3866.0,3536.0,3482.0,2192.0,ferret
6731,40.0,85.0,81.0,87.0,37.0,89.0,80.0,72.0,2624.0,42.0,5369.0,4100.0,3127.0,3269.0,2092.0,ferret
7023,40.0,86.0,85.0,70.0,34.0,98.0,80.0,83.0,2742.0,47.0,5689.0,5507.0,3080.0,3622.0,2101.0,ferret
7508,25.0,63.0,82.0,76.0,25.0,85.0,85.0,87.0,3224.0,37.0,4528.0,4149.0,3700.0,3697.0,2774.0,ferret
6614,39.0,71.0,74.0,67.0,39.0,68.0,75.0,71.0,3095.0,47.0,5022.0,4440.0,3217.0,3260.0,1892.0,ferret
6385,35.0,67.0,74.0,66.0,30.0,75.0,71.0,66.0,2491.0,36.0,4103.0,3416.0,3050.0,3098.0,1671.0,ferret
6337,34.0,74.0,72.0,69.0,31.0,72.0,77.0,66.0,2589.0,41.0,5610.0,3360.0,3483.0,3095.0,1987.0,ferret
6469,162.0,162.0,165.0,228.0,127.0,204.0,170.0,171.0,2385.0,122.0,5335.0,3747.0,3663.0,3619.0,2110.0,ferret
6297,37.0,61.0,71.0,62.0,32.0,75.0,62.0,57.0,2790.0,39.0,6101.0,3441.0,3969.0,3505.0,2102.0,ferret
6587,142.0,155.0,159.0,171.0,124.0,169.0,170.0,143.0,2633.0,151.0,5598.0,3120.0,3210.0,3495.0,2405.0,ferret
6464,41.0,97.0,66.0,69.0,45.0,108.0,73.0,70.0,2589.0,76.0,5108.0,4544.0,2893.0,3117.0,2267.0,ferret
7182,74.0,74.0,83.0,87.0,51.0,111.0,95.0,95.0,2865.0,90.0,5309.0,4944.0,2721.0,3432.0,2430.0,ferret
6750,106.0,141.0,87.0,103.0,74.0,152.0,85.0,91.0,2936.0,93.0,5080.0,4395.0,2674.0,3354.0,2280.0,ferret
8066,127.0,138.0,116.0,126.0,66.0,142.0,102.0,105.0,3595.0,80.0,5674.0,4816.0,3262.0,4262.0,3138.0,ferret
8484,4778.0,4629.0,4653.0,4883.0,4713.0,4526.0,4440.0,4407.0,6157.0,4382.0,4905.0,11436.0,11081.0,6117.0,5733.0,ferret
2939,37.0,39.0,39.0,39.0,45.0,48.0,39.0,36.0,1783.0,34.0,262.0,5395.0,5284.0,925.0,378.0,ferret
2988,39.0,35.0,43.0,41.0,43.0,49.0,35.0,39.0,1776.0,37.0,236.0,4814.0,6064.0,1052.0,462.0,ferret
2919,46.0,49.0,48.0,51.0,51.0,53.0,38.0,43.0,1787.0,35.0,252.0,4876.0,6048.0,966.0,351.0,ferret
2981,48.0,46.0,52.0,45.0,51.0,66.0,41.0,44.0,1782.0,38.0,206.0,8447.0,6485.0,1046.0,390.0,ferret
3033,40.0,39.0,45.0,39.0,40.0,52.0,34.0,38.0,1794.0,32.0,205.0,6717.0,5010.0,1108.0,460.0,ferret
2837,49.0,47.0,52.0,61.0,56.0,55.0,41.0,45.0,1804.0,42.0,177.0,5645.0,4794.0,1127.0,414.0,ferret
2846,45.0,44.0,47.0,47.0,49.0,52.0,39.0,46.0,1791.0,40.0,172.0,5760.0,5287.0,1060.0,342.0,ferret
2726,48.0,44.0,54.0,48.0,52.0,58.0,38.0,49.0,1789.0,40.0,197.0,6436.0,5629.0,993.0,426.0,ferret
2763,89.0,89.0,92.0,84.0,100.0,101.0,78.0,85.0,1828.0,82.0,237.0,5813.0,5705.0,1096.0,371.0,ferret
2767,42.0,43.0,48.0,43.0,43.0,47.0,40.0,45.0,1785.0,37.0,202.0,5165.0,6105.0,1040.0,428.0,ferret
2951,76.0,89.0,80.0,88.0,93.0,83.0,84.0,82.0,1812.0,79.0,249.0,5159.0,5886.0,1073.0,507.0,ferret
3087,51.0,54.0,63.0,55.0,63.0,79.0,51.0,49.0,1792.0,54.0,220.0,7522.0,7468.0,1086.0,515.0,ferret
3321,61.0,62.0,69.0,68.0,75.0,72.0,65.0,64.0,1800.0,57.0,271.0,8176.0,5832.0,1113.0,468.0,ferret
3097,71.0,81.0,75.0,81.0,88.0,123.0,63.0,75.0,1814.0,72.0,301.0,6295.0,5046.0,1086.0,454.0,ferret
3290,89.0,87.0,77.0,88.0,78.0,112.0,70.0,68.0,1811.0,63.0,329.0,7641.0,6102.0,1215.0,567.0,ferret
4126,2680.0,2551.0,2660.0,2593.0,2708.0,2506.0,2515.0,2577.0,4348.0,2532.0,2533.0,4233.0,10446.0,2732.0,2658.0,ferret
1360,26.0,25.0,26.0,27.0,39.0,22.0,22.0,23.0,1864.0,21.0,26.0,1115.0,5785.0,26.0,32.0,ferret
1302,28.0,23.0,20.0,25.0,32.0,21.0,20.0,21.0,1853.0,17.0,21.0,1172.0,7264.0,27.0,31.0,ferret
1353,29.0,27.0,23.0,31.0,42.0,24.0,26.0,26.0,1856.0,23.0,24.0,1270.0,6694.0,34.0,28.0,ferret
1317,30.0,25.0,25.0,28.0,57.0,26.0,24.0,26.0,1857.0,23.0,28.0,3079.0,7441.0,31.0,33.0,ferret
1374,33.0,30.0,29.0,35.0,42.0,27.0,32.0,36.0,1867.0,25.0,30.0,2060.0,6982.0,42.0,43.0,ferret
1273,23.0,25.0,21.0,21.0,62.0,25.0,25.0,25.0,1866.0,20.0,23.0,1246.0,7138.0,26.0,27.0,ferret
1272,21.0,18.0,14.0,23.0,34.0,20.0,21.0,18.0,1857.0,17.0,24.0,1000.0,7146.0,26.0,27.0,ferret
1313,28.0,25.0,20.0,27.0,34.0,27.0,24.0,25.0,1859.0,25.0,28.0,1526.0,5964.0,27.0,28.0,ferret
1285,28.0,30.0,33.0,29.0,42.0,30.0,30.0,32.0,1861.0,27.0,33.0,1288.0,5405.0,27.0,30.0,ferret
1282,28.0,25.0,22.0,25.0,37.0,25.0,24.0,26.0,1854.0,22.0,26.0,1687.0,6261.0,29.0,26.0,ferret
1294,28.0,23.0,26.0,30.0,32.0,23.0,27.0,27.0,1853.0,27.0,23.0,1962.0,7660.0,37.0,33.0,ferret
1319,26.0,24.0,27.0,30.0,56.0,28.0,25.0,24.0,1858.0,24.0,33.0,2987.0,10318.0,27.0,25.0,ferret
1367,25.0,28.0,27.0,27.0,40.0,27.0,23.0,28.0,1861.0,27.0,31.0,2844.0,8693.0,30.0,31.0,ferret
1389,37.0,29.0,33.0,39.0,93.0,30.0,32.0,33.0,1862.0,28.0,30.0,1539.0,8936.0,34.0,32.0,ferret
1366,35.0,32.0,32.0,31.0,67.0,31.0,31.0,37.0,1864.0,32.0,40.0,2007.0,8254.0,36.0,44.0,ferret
2002,1449.0,1346.0,1422.0,1372.0,1407.0,1308.0,1332.0,1354.0,3239.0,1331.0,1288.0,1316.0,1382.0,1417.0,1457.0,ferret
443,38.0,26.0,21.0,32.0,19.0,13.0,16.0,20.0,1937.0,14.0,32.0,17.0,25.0,33.0,39.0,ferret
392,31.0,16.0,18.0,20.0,14.0,5.0,9.0,20.0,1928.0,10.0,26.0,9.0,22.0,23.0,45.0,ferret
424,23.0,15.0,18.0,21.0,25.0,11.0,11.0,14.0,1921.0,8.0,25.0,9.0,22.0,23.0,41.0,ferret
396,39.0,26.0,21.0,22.0,25.0,17.0,18.0,21.0,1924.0,20.0,30.0,18.0,26.0,32.0,49.0,ferret
413,30.0,24.0,20.0,23.0,15.0,14.0,11.0,24.0,1930.0,15.0,26.0,12.0,22.0,26.0,49.0,ferret
345,20.0,17.0,16.0,14.0,18.0,9.0,12.0,19.0,1930.0,9.0,20.0,11.0,17.0,19.0,36.0,ferret
353,19.0,11.0,18.0,16.0,15.0,6.0,7.0,18.0,1924.0,7.0,17.0,9.0,15.0,13.0,33.0,ferret
374,23.0,20.0,10.0,22.0,13.0,9.0,8.0,15.0,1923.0,9.0,26.0,12.0,21.0,23.0,40.0,ferret
367,30.0,35.0,27.0,33.0,29.0,21.0,20.0,31.0,1938.0,24.0,37.0,23.0,37.0,34.0,55.0,ferret
385,31.0,28.0,24.0,34.0,21.0,18.0,20.0,28.0,1941.0,27.0,46.0,27.0,31.0,32.0,44.0,ferret
387,73.0,60.0,68.0,59.0,64.0,51.0,45.0,64.0,1947.0,60.0,56.0,47.0,60.0,57.0,80.0,ferret
349,30.0,24.0,22.0,25.0,19.0,18.0,13.0,21.0,1929.0,19.0,28.0,19.0,29.0,33.0,59.0,ferret
387,15.0,24.0,21.0,23.0,16.0,17.0,9.0,22.0,1926.0,18.0,24.0,18.0,21.0,24.0,46.0,ferret
390,22.0,18.0,23.0,26.0,19.0,18.0,14.0,17.0,1933.0,16.0,20.0,15.0,23.0,25.0,77.0,ferret
420,27.0,20.0,24.0,24.0,17.0,15.0,10.0,19.0,1924.0,9.0,22.0,12.0,19.0,37.0,53.0,ferret
12487,5893.0,5932.0,7492.0,5843.0,5862.0,5680.0,5580.0,5710.0,6591.0,5775.0,8144.0,7118.0,13238.0,9128.0,9718.0,ferret
4358,24.0,26.0,889.0,26.0,28.0,24.0,25.0,27.0,889.0,73.0,1481.0,869.0,5153.0,1787.0,2516.0,ferret
4526,22.0,18.0,873.0,18.0,21.0,19.0,18.0,20.0,802.0,61.0,1564.0,962.0,6692.0,2170.0,2751.0,ferret
4481,59.0,55.0,883.0,57.0,56.0,32.0,30.0,37.0,646.0,103.0,1493.0,1044.0,5502.0,2039.0,2683.0,ferret
4437,31.0,24.0,1040.0,24.0,26.0,23.0,26.0,27.0,693.0,98.0,1635.0,1059.0,7602.0,2187.0,2614.0,ferret
4742,32.0,25.0,932.0,25.0,31.0,26.0,27.0,27.0,751.0,89.0,1710.0,1142.0,7915.0,2462.0,3044.0,ferret
4236,22.0,19.0,811.0,18.0,25.0,17.0,20.0,22.0,742.0,82.0,1432.0,962.0,5880.0,2168.0,2539.0,ferret
4074,25.0,20.0,725.0,20.0,23.0,21.0,19.0,23.0,675.0,84.0,1398.0,797.0,6599.0,1681.0,2319.0,ferret
4155,21.0,19.0,713.0,22.0,23.0,20.0,21.0,24.0,665.0,73.0,1554.0,919.0,6076.0,1836.0,2430.0,ferret
4180,73.0,69.0,736.0,79.0,78.0,66.0,75.0,72.0,675.0,189.0,1399.0,912.0,6014.0,2148.0,2560.0,ferret
4257,36.0,26.0,827.0,31.0,29.0,25.0,33.0,36.0,782.0,63.0,1617.0,943.0,5712.0,2092.0,2794.0,ferret
4712,70.0,74.0,845.0,71.0,68.0,50.0,50.0,62.0,677.0,105.0,1445.0,947.0,6947.0,2392.0,3016.0,ferret
4475,57.0,56.0,996.0,61.0,55.0,45.0,36.0,46.0,703.0,139.0,1783.0,857.0,8043.0,2016.0,2750.0,ferret
4501,32.0,29.0,839.0,20.0,30.0,32.0,33.0,33.0,691.0,87.0,1630.0,1058.0,8688.0,2161.0,2579.0,ferret
4545,52.0,32.0,1087.0,33.0,46.0,41.0,26.0,34.0,716.0,140.0,1701.0,1025.0,8076.0,2026.0,2655.0,ferret
5482,74.0,54.0,1433.0,52.0,50.0,34.0,36.0,36.0,853.0,148.0,2215.0,1281.0,6783.0,2616.0,2943.0,ferret
12668,6278.0,6283.0,10066.0,5913.0,6092.0,5872.0,5862.0,5978.0,5977.0,5798.0,11468.0,5910.0,8477.0,9523.0,9837.0,ferret
4912,33.0,85.0,3124.0,31.0,31.0,25.0,28.0,35.0,53.0,44.0,4686.0,44.0,1984.0,3002.0,2844.0,ferret
5024,60.0,86.0,3266.0,57.0,50.0,54.0,53.0,57.0,112.0,66.0,5063.0,78.0,2519.0,3326.0,3211.0,ferret
5063,191.0,224.0,3208.0,199.0,183.0,173.0,168.0,164.0,204.0,189.0,4775.0,201.0,2307.0,3142.0,3036.0,ferret
4636,32.0,75.0,3065.0,26.0,26.0,25.0,27.0,35.0,53.0,52.0,4684.0,52.0,1993.0,3542.0,2694.0,ferret
4958,35.0,70.0,3250.0,27.0,27.0,27.0,31.0,35.0,69.0,43.0,4148.0,48.0,2108.0,3378.0,3096.0,ferret
4573,32.0,74.0,3049.0,27.0,29.0,24.0,30.0,33.0,54.0,49.0,5008.0,49.0,1855.0,3371.0,2894.0,ferret
4548,29.0,67.0,2981.0,26.0,28.0,20.0,22.0,35.0,43.0,40.0,4371.0,38.0,2116.0,2943.0,2708.0,ferret
4595,35.0,77.0,2911.0,31.0,33.0,26.0,30.0,36.0,54.0,46.0,4891.0,57.0,2023.0,2944.0,2703.0,ferret
4635,101.0,129.0,2980.0,92.0,97.0,102.0,92.0,111.0,124.0,149.0,4656.0,128.0,2261.0,3272.0,2752.0,ferret
4556,55.0,86.0,3070.0,54.0,50.0,46.0,57.0,52.0,80.0,59.0,5472.0,83.0,1764.0,3361.0,2999.0,ferret
4878,155.0,179.0,3084.0,141.0,149.0,165.0,166.0,151.0,183.0,169.0,4768.0,162.0,2461.0,3182.0,2878.0,ferret
4704,104.0,149.0,3108.0,104.0,100.0,95.0,100.0,113.0,132.0,132.0,5234.0,130.0,2495.0,3428.0,2787.0,ferret
4854,43.0,78.0,3084.0,40.0,43.0,44.0,40.0,48.0,58.0,53.0,4605.0,62.0,2118.0,3357.0,2724.0,ferret
4813,63.0,148.0,3027.0,58.0,62.0,61.0,56.0,66.0,113.0,109.0,5062.0,112.0,2266.0,3568.0,2693.0,ferret
5451,88.0,145.0,3340.0,67.0,68.0,79.0,69.0,79.0,117.0,113.0,4879.0,113.0,1920.0,3523.0,3122.0,ferret
14272,6202.0,9851.0,10185.0,6665.0,6563.0,6309.0,6287.0,6390.0,6397.0,6521.0,7867.0,6461.0,7947.0,12374.0,9661.0,ferret
6220,35.0,1692.0,3491.0,39.0,39.0,30.0,32.0,34.0,36.0,33.0,1665.0,31.0,996.0,5485.0,2554.0,ferret
6801,131.0,1923.0,3596.0,111.0,95.0,79.0,82.0,79.0,82.0,91.0,1184.0,79.0,1275.0,5952.0,3453.0,ferret
6360,76.0,1631.0,3435.0,75.0,67.0,58.0,61.0,63.0,70.0,65.0,1697.0,65.0,1257.0,5779.0,3257.0,ferret
6569,35.0,1744.0,3461.0,31.0,35.0,29.0,31.0,31.0,33.0,33.0,1152.0,28.0,1157.0,7401.0,3384.0,ferret
6871,38.0,2026.0,3341.0,36.0,37.0,32.0,33.0,33.0,39.0,33.0,1902.0,32.0,1305.0,6351.0,3170.0,ferret
6474,26.0,1699.0,3293.0,29.0,29.0,21.0,27.0,25.0,30.0,26.0,1167.0,27.0,1185.0,6045.0,2776.0,ferret
5948,30.0,1488.0,3403.0,33.0,33.0,27.0,31.0,30.0,33.0,31.0,1601.0,29.0,992.0,5838.0,2650.0,ferret
5953,36.0,1473.0,3388.0,34.0,36.0,29.0,32.0,31.0,39.0,29.0,1011.0,34.0,1071.0,5769.0,2937.0,ferret
5864,40.0,1351.0,3375.0,43.0,44.0,36.0,37.0,36.0,43.0,35.0,1594.0,38.0,1009.0,6580.0,3288.0,ferret
6184,39.0,1589.0,3512.0,38.0,35.0,30.0,34.0,30.0,35.0,28.0,1166.0,32.0,1209.0,7245.0,3556.0,ferret
6412,141.0,1627.0,3586.0,167.0,146.0,145.0,149.0,149.0,162.0,164.0,1772.0,155.0,1174.0,5707.0,3325.0,ferret
6313,40.0,1806.0,3350.0,44.0,38.0,32.0,33.0,33.0,37.0,32.0,1297.0,29.0,1104.0,5915.0,3717.0,ferret
6662,95.0,1989.0,3512.0,114.0,92.0,77.0,72.0,78.0,85.0,86.0,2163.0,89.0,1200.0,6377.0,2924.0,ferret
6624,37.0,2162.0,3159.0,48.0,44.0,41.0,39.0,40.0,43.0,48.0,1363.0,37.0,1239.0,5229.0,2467.0,ferret
7140,62.0,2979.0,3434.0,68.0,67.0,63.0,44.0,48.0,60.0,64.0,2160.0,48.0,1555.0,5905.0,2962.0,ferret
12701,5577.0,9506.0,6049.0,9103.0,7599.0,5408.0,5390.0,5574.0,5360.0,5377.0,11279.0,5803.0,5737.0,13351.0,10882.0,ferret
5168,32.0,2116.0,238.0,1912.0,1064.0,28.0,30.0,38.0,34.0,31.0,5560.0,35.0,42.0,6425.0,5068.0,ferret
5571,98.0,2652.0,278.0,2227.0,1228.0,62.0,49.0,69.0,65.0,67.0,5289.0,83.0,77.0,7442.0,4809.0,ferret
5465,73.0,2066.0,283.0,1977.0,1157.0,68.0,63.0,81.0,77.0,67.0,5356.0,75.0,86.0,6997.0,5304.0,ferret
6482,110.0,2224.0,290.0,2140.0,1383.0,77.0,65.0,81.0,80.0,94.0,5150.0,106.0,93.0,8658.0,5582.0,ferret
6024,70.0,2741.0,290.0,2397.0,1147.0,38.0,43.0,46.0,53.0,45.0,5086.0,57.0,64.0,7176.0,4924.0,ferret
5562,28.0,2339.0,206.0,1820.0,1036.0,20.0,21.0,28.0,29.0,21.0,5315.0,25.0,32.0,5671.0,5639.0,ferret
4961,30.0,2019.0,214.0,1652.0,942.0,23.0,24.0,31.0,29.0,24.0,5273.0,26.0,33.0,5785.0,4501.0,ferret
5118,36.0,1957.0,258.0,1729.0,947.0,25.0,25.0,32.0,32.0,25.0,5565.0,31.0,35.0,5967.0,4793.0,ferret
5187,36.0,1855.0,243.0,1589.0,916.0,33.0,28.0,38.0,35.0,29.0,5533.0,32.0,41.0,6329.0,5260.0,ferret
5277,35.0,2120.0,250.0,1901.0,999.0,24.0,24.0,32.0,29.0,24.0,5822.0,29.0,33.0,8229.0,5444.0,ferret
6093,84.0,2167.0,303.0,1841.0,1007.0,71.0,65.0,82.0,81.0,76.0,5581.0,102.0,91.0,6114.0,4473.0,ferret
6001,33.0,2122.0,238.0,1933.0,1014.0,28.0,22.0,34.0,31.0,28.0,5454.0,27.0,35.0,6614.0,7052.0,ferret
5455,68.0,2382.0,294.0,1957.0,1105.0,66.0,53.0,74.0,68.0,63.0,5555.0,72.0,80.0,6588.0,5403.0,ferret
5462,34.0,2193.0,215.0,2152.0,1248.0,38.0,30.0,35.0,36.0,28.0,5358.0,54.0,34.0,4857.0,4869.0,ferret
6020,47.0,3752.0,258.0,2611.0,1356.0,55.0,38.0,52.0,44.0,39.0,5951.0,73.0,51.0,7000.0,5056.0,ferret
16144,8352.0,11466.0,11945.0,11649.0,11286.0,8169.0,8583.0,8313.0,8294.0,8022.0,9539.0,8254.0,8656.0,11240.0,14446.0,ferret
7653,34.0,2016.0,2972.0,2107.0,2500.0,30.0,31.0,33.0,37.0,32.0,1058.0,29.0,162.0,2226.0,5950.0,ferret
7919,115.0,2232.0,2639.0,2351.0,2573.0,77.0,71.0,82.0,71.0,66.0,1135.0,85.0,237.0,2979.0,5195.0,ferret
7563,143.0,2323.0,2387.0,2148.0,2728.0,110.0,100.0,107.0,125.0,100.0,1112.0,102.0,362.0,2913.0,5427.0,ferret
7881,131.0,2238.0,2672.0,2027.0,2611.0,97.0,90.0,94.0,96.0,91.0,1340.0,101.0,315.0,3414.0,5662.0,ferret
7869,123.0,2377.0,2738.0,2487.0,2594.0,117.0,115.0,118.0,122.0,108.0,1222.0,116.0,342.0,2318.0,6482.0,ferret
8145,26.0,1963.0,2242.0,1856.0,2422.0,20.0,24.0,24.0,31.0,25.0,1046.0,22.0,159.0,2461.0,5861.0,ferret
7907,30.0,1853.0,1999.0,1792.0,2452.0,24.0,27.0,28.0,29.0,26.0,1085.0,24.0,146.0,2308.0,5523.0,ferret
7654,33.0,1912.0,2184.0,1771.0,2575.0,26.0,30.0,29.0,35.0,28.0,1196.0,29.0,151.0,2166.0,5362.0,ferret
8644,36.0,1828.0,1990.0,1612.0,2454.0,32.0,31.0,34.0,35.0,35.0,1043.0,34.0,156.0,2290.0,6076.0,ferret
8497,25.0,1993.0,2033.0,2055.0,2312.0,22.0,25.0,23.0,31.0,25.0,1171.0,29.0,184.0,3482.0,5347.0,ferret
8188,166.0,2186.0,2223.0,2058.0,2621.0,170.0,169.0,159.0,176.0,173.0,1179.0,174.0,308.0,2768.0,4438.0,ferret
7901,29.0,1981.0,2073.0,2024.0,2463.0,24.0,26.0,30.0,34.0,32.0,1454.0,28.0,163.0,2575.0,7863.0,ferret
7815,58.0,2144.0,2348.0,2146.0,2574.0,43.0,41.0,47.0,53.0,46.0,1331.0,46.0,189.0,2238.0,7408.0,ferret
7617,40.0,2119.0,2511.0,2098.0,2543.0,45.0,41.0,37.0,46.0,47.0,1258.0,48.0,215.0,1848.0,6176.0,ferret
7790,38.0,3006.0,2612.0,2940.0,2662.0,43.0,42.0,38.0,46.0,45.0,1167.0,52.0,188.0,2706.0,6591.0,ferret
8755,2258.0,2669.0,2881.0,2784.0,2264.0,2213.0,2402.0,2304.0,2254.0,2099.0,8225.0,2342.0,2675.0,2565.0,8860.0,ferret
8680,23.0,239.0,393.0,254.0,29.0,24.0,113.0,21.0,23.0,20.0,4545.0,20.0,280.0,196.0,6359.0,ferret
9359,40.0,302.0,464.0,267.0,24.0,33.0,123.0,24.0,24.0,22.0,3969.0,31.0,330.0,227.0,7311.0,ferret
8633,44.0,242.0,399.0,247.0,45.0,43.0,165.0,40.0,38.0,38.0,4110.0,42.0,351.0,228.0,5922.0,ferret
8424,35.0,270.0,479.0,244.0,39.0,31.0,162.0,26.0,30.0,27.0,2214.0,28.0,329.0,236.0,5967.0,ferret
6947,40.0,282.0,492.0,285.0,49.0,36.0,144.0,43.0,46.0,35.0,2368.0,40.0,351.0,233.0,8608.0,ferret
8482,15.0,198.0,417.0,199.0,20.0,17.0,100.0,15.0,18.0,17.0,4046.0,16.0,276.0,256.0,5304.0,ferret
8554,17.0,188.0,325.0,226.0,19.0,17.0,96.0,15.0,17.0,18.0,4050.0,16.0,250.0,214.0,5994.0,ferret
7610,18.0,212.0,365.0,217.0,22.0,20.0,104.0,15.0,21.0,18.0,5545.0,20.0,248.0,197.0,6405.0,ferret
9683,20.0,203.0,371.0,204.0,27.0,22.0,104.0,19.0,19.0,21.0,6269.0,23.0,242.0,189.0,6870.0,ferret
10275,20.0,199.0,382.0,228.0,24.0,19.0,93.0,15.0,20.0,16.0,6329.0,19.0,266.0,196.0,5757.0,ferret
8353,28.0,233.0,368.0,238.0,31.0,31.0,142.0,27.0,28.0,29.0,5880.0,24.0,260.0,198.0,4927.0,ferret
9268,16.0,218.0,378.0,260.0,21.0,17.0,127.0,15.0,14.0,17.0,4371.0,19.0,242.0,195.0,11416.0,ferret
7399,53.0,285.0,473.0,291.0,52.0,46.0,150.0,37.0,45.0,43.0,4253.0,50.0,292.0,251.0,8676.0,ferret
8947,31.0,284.0,431.0,264.0,28.0,31.0,181.0,25.0,21.0,29.0,4056.0,26.0,284.0,219.0,5437.0,ferret
8223,23.0,333.0,558.0,320.0,29.0,24.0,153.0,17.0,20.0,17.0,6163.0,19.0,299.0,221.0,7670.0,ferret
8143,1576.0,2390.0,5694.0,2382.0,1609.0,1488.0,2540.0,1513.0,1469.0,1429.0,2379.0,1627.0,2381.0,2480.0,2449.0,ferret
7870,13.0,573.0,7656.0,418.0,20.0,8.0,530.0,9.0,13.0,12.0,465.0,13.0,650.0,402.0,832.0,ferret
8027,33.0,516.0,6396.0,376.0,25.0,14.0,785.0,18.0,16.0,16.0,523.0,25.0,625.0,520.0,723.0,ferret
8223,31.0,583.0,3637.0,405.0,42.0,21.0,773.0,18.0,24.0,24.0,623.0,37.0,673.0,634.0,799.0,ferret
8540,28.0,621.0,1754.0,424.0,37.0,23.0,871.0,21.0,19.0,15.0,631.0,35.0,652.0,595.0,817.0,ferret
7576,18.0,673.0,2471.0,502.0,30.0,14.0,781.0,14.0,16.0,15.0,748.0,19.0,677.0,607.0,971.0,ferret
7818,11.0,483.0,3767.0,342.0,19.0,7.0,470.0,10.0,13.0,10.0,696.0,11.0,601.0,436.0,699.0,ferret
7632,38.0,558.0,3530.0,446.0,35.0,24.0,413.0,24.0,19.0,21.0,748.0,38.0,657.0,550.0,712.0,ferret
7580,12.0,457.0,1967.0,357.0,21.0,5.0,418.0,8.0,12.0,7.0,893.0,9.0,590.0,428.0,761.0,ferret
8802,14.0,418.0,1564.0,241.0,16.0,7.0,408.0,7.0,12.0,10.0,699.0,10.0,627.0,386.0,845.0,ferret
9394,11.0,460.0,1521.0,380.0,19.0,6.0,452.0,6.0,8.0,7.0,702.0,10.0,663.0,434.0,685.0,ferret
6807,46.0,498.0,1670.0,414.0,53.0,59.0,516.0,40.0,40.0,44.0,514.0,59.0,627.0,613.0,721.0,ferret
9575,12.0,502.0,1576.0,398.0,21.0,5.0,615.0,6.0,10.0,7.0,831.0,8.0,556.0,403.0,1507.0,ferret
7925,33.0,532.0,1615.0,366.0,26.0,15.0,627.0,21.0,26.0,16.0,735.0,25.0,626.0,550.0,1077.0,ferret
8524,32.0,761.0,1699.0,533.0,45.0,19.0,890.0,22.0,21.0,22.0,786.0,28.0,666.0,502.0,712.0,ferret
8493,9.0,763.0,1747.0,485.0,21.0,12.0,743.0,9.0,13.0,15.0,858.0,12.0,658.0,572.0,942.0,ferret
5192,1677.0,2437.0,7018.0,2739.0,1628.0,1525.0,3056.0,1650.0,1574.0,1647.0,2032.0,1538.0,3673.0,1679.0,2300.0,ferret
4280,15.0,664.0,10353.0,512.0,18.0,7.0,770.0,11.0,12.0,58.0,328.0,13.0,3344.0,32.0,596.0,ferret
3748,32.0,707.0,5877.0,557.0,24.0,22.0,905.0,26.0,23.0,104.0,346.0,28.0,2358.0,49.0,646.0,ferret
3563,26.0,687.0,3361.0,478.0,25.0,11.0,825.0,19.0,14.0,82.0,415.0,19.0,1016.0,41.0,657.0,ferret
4159,46.0,735.0,2717.0,535.0,25.0,19.0,839.0,23.0,18.0,106.0,326.0,26.0,1015.0,41.0,624.0,ferret
3328,20.0,760.0,3116.0,693.0,22.0,17.0,941.0,17.0,17.0,83.0,336.0,20.0,1084.0,37.0,667.0,ferret
4208,11.0,659.0,4568.0,489.0,10.0,2.0,718.0,7.0,6.0,69.0,279.0,8.0,1390.0,22.0,618.0,ferret
3817,58.0,670.0,5673.0,686.0,26.0,23.0,668.0,24.0,24.0,90.0,288.0,35.0,2122.0,41.0,610.0,ferret
3416,9.0,638.0,4056.0,474.0,13.0,4.0,680.0,6.0,9.0,59.0,307.0,7.0,1929.0,26.0,610.0,ferret
4301,13.0,605.0,2546.0,397.0,14.0,6.0,625.0,9.0,8.0,53.0,269.0,12.0,1112.0,29.0,627.0,ferret
4036,14.0,643.0,2392.0,526.0,7.0,7.0,705.0,10.0,13.0,59.0,366.0,11.0,1081.0,27.0,573.0,ferret
3221,57.0,677.0,2475.0,537.0,60.0,56.0,916.0,46.0,59.0,104.0,386.0,60.0,1056.0,55.0,622.0,ferret
3951,14.0,643.0,2512.0,583.0,11.0,9.0,806.0,12.0,11.0,81.0,301.0,13.0,988.0,26.0,646.0,ferret
3250,36.0,701.0,2516.0,475.0,19.0,11.0,825.0,16.0,26.0,72.0,346.0,24.0,996.0,39.0,690.0,ferret
4643,30.0,746.0,2495.0,514.0,25.0,23.0,828.0,24.0,26.0,133.0,346.0,28.0,1013.0,35.0,584.0,ferret
3723,20.0,836.0,2525.0,872.0,23.0,11.0,1168.0,14.0,15.0,112.0,411.0,23.0,1014.0,32.0,636.0,ferret
792,389.0,435.0,5296.0,515.0,366.0,262.0,435.0,267.0,275.0,422.0,347.0,307.0,1769.0,401.0,589.0,ferret
321,10.0,86.0,13004.0,93.0,14.0,10.0,94.0,10.0,10.0,109.0,79.0,11.0,3889.0,19.0,151.0,ferret
304,12.0,76.0,7349.0,81.0,15.0,12.0,98.0,10.0,13.0,122.0,64.0,13.0,1593.0,19.0,171.0,ferret
369,12.0,82.0,4984.0,81.0,14.0,8.0,104.0,10.0,11.0,128.0,79.0,12.0,1069.0,20.0,181.0,ferret
340,14.0,77.0,2493.0,85.0,12.0,10.0,117.0,10.0,7.0,157.0,77.0,12.0,1046.0,21.0,180.0,ferret
359,10.0,95.0,3764.0,115.0,10.0,11.0,116.0,9.0,8.0,128.0,76.0,8.0,1129.0,20.0,197.0,ferret
260,4.0,69.0,5641.0,79.0,6.0,2.0,77.0,2.0,2.0,105.0,63.0,2.0,1170.0,15.0,144.0,ferret
282,11.0,54.0,5779.0,93.0,13.0,8.0,78.0,6.0,6.0,146.0,67.0,9.0,1771.0,12.0,132.0,ferret
259,6.0,62.0,3945.0,74.0,8.0,5.0,79.0,6.0,6.0,99.0,67.0,7.0,1733.0,13.0,131.0,ferret
248,6.0,68.0,2679.0,70.0,6.0,4.0,64.0,6.0,5.0,86.0,62.0,5.0,1128.0,7.0,115.0,ferret
249,15.0,71.0,2479.0,93.0,13.0,7.0,84.0,12.0,10.0,83.0,78.0,10.0,1083.0,23.0,189.0,ferret
246,10.0,63.0,2523.0,59.0,8.0,7.0,74.0,5.0,6.0,79.0,71.0,13.0,1044.0,12.0,157.0,ferret
289,7.0,75.0,2594.0,78.0,7.0,4.0,82.0,5.0,6.0,108.0,65.0,6.0,1080.0,15.0,155.0,ferret
307,13.0,77.0,2645.0,85.0,10.0,9.0,82.0,12.0,10.0,119.0,68.0,12.0,1089.0,20.0,147.0,ferret
341,12.0,95.0,2526.0,85.0,10.0,7.0,86.0,8.0,8.0,146.0,76.0,11.0,1043.0,18.0,158.0,ferret
361,13.0,139.0,2566.0,115.0,15.0,8.0,110.0,8.0,8.0,193.0,99.0,11.0,1071.0,16.0,167.0,ferret
4456,2592.0,4555.0,4488.0,4481.0,3522.0,2513.0,4567.0,2566.0,2500.0,5824.0,6770.0,2612.0,8320.0,2768.0,3386.0,ferret
1543,14.0,1192.0,1230.0,853.0,645.0,8.0,1243.0,10.0,13.0,7774.0,4804.0,12.0,13602.0,15.0,403.0,ferret
1602,55.0,1497.0,1378.0,926.0,770.0,17.0,1441.0,25.0,21.0,6332.0,3467.0,31.0,6510.0,43.0,506.0,ferret
1671,63.0,1224.0,1330.0,826.0,749.0,29.0,1270.0,42.0,25.0,5780.0,4749.0,35.0,5021.0,46.0,636.0,ferret
1690,68.0,1225.0,1383.0,749.0,783.0,19.0,1211.0,23.0,19.0,4450.0,3402.0,22.0,4010.0,29.0,512.0,ferret
1666,46.0,1506.0,1575.0,1281.0,750.0,24.0,1580.0,21.0,22.0,3773.0,4261.0,31.0,4484.0,37.0,635.0,ferret
1527,12.0,1344.0,1252.0,798.0,657.0,4.0,1103.0,6.0,9.0,3329.0,3452.0,8.0,4838.0,7.0,402.0,ferret
1573,55.0,1195.0,1129.0,1009.0,670.0,14.0,1007.0,17.0,19.0,3221.0,4516.0,23.0,6873.0,33.0,461.0,ferret
1526,14.0,1100.0,1135.0,778.0,629.0,5.0,1060.0,7.0,10.0,2218.0,3756.0,8.0,7945.0,11.0,424.0,ferret
1436,15.0,1047.0,1155.0,676.0,560.0,7.0,1016.0,8.0,11.0,1750.0,4910.0,7.0,5042.0,11.0,310.0,ferret
1491,47.0,1158.0,1260.0,915.0,757.0,31.0,1204.0,32.0,18.0,1533.0,4171.0,47.0,4195.0,60.0,516.0,ferret
1517,52.0,1272.0,1129.0,849.0,630.0,28.0,1378.0,42.0,47.0,1672.0,4926.0,49.0,4144.0,54.0,531.0,ferret
1560,19.0,1212.0,1166.0,920.0,665.0,7.0,1277.0,7.0,10.0,1664.0,3668.0,14.0,4199.0,15.0,397.0,ferret
1525,31.0,1189.0,1314.0,858.0,683.0,16.0,1244.0,15.0,17.0,1725.0,4656.0,19.0,4256.0,27.0,436.0,ferret
1640,31.0,1276.0,1373.0,828.0,767.0,23.0,1245.0,23.0,26.0,1794.0,3492.0,22.0,4185.0,23.0,417.0,ferret
1719,61.0,1646.0,1721.0,1445.0,860.0,33.0,1837.0,34.0,26.0,1923.0,5284.0,42.0,4218.0,58.0,499.0,ferret
6168,2272.0,2037.0,2106.0,2018.0,2081.0,1863.0,1972.0,1929.0,4973.0,1851.0,3090.0,1901.0,1980.0,1989.0,2087.0,ferret
1079,178.0,85.0,81.0,95.0,78.0,26.0,83.0,37.0,3135.0,21.0,909.0,31.0,26.0,31.0,30.0,ferret
1020,166.0,63.0,51.0,63.0,69.0,10.0,70.0,9.0,2816.0,11.0,761.0,18.0,12.0,23.0,17.0,ferret
1052,171.0,61.0,50.0,60.0,55.0,9.0,72.0,12.0,2387.0,5.0,813.0,12.0,9.0,14.0,21.0,ferret
1020,198.0,55.0,63.0,60.0,62.0,11.0,98.0,21.0,2481.0,12.0,776.0,28.0,21.0,27.0,21.0,ferret
1062,203.0,75.0,67.0,70.0,67.0,15.0,93.0,17.0,2743.0,10.0,819.0,14.0,15.0,16.0,24.0,ferret
967,143.0,49.0,57.0,51.0,53.0,2.0,64.0,14.0,2705.0,6.0,685.0,14.0,11.0,13.0,19.0,ferret
985,168.0,56.0,53.0,62.0,54.0,8.0,58.0,17.0,2537.0,11.0,555.0,18.0,11.0,28.0,25.0,ferret
1032,179.0,57.0,72.0,55.0,70.0,13.0,89.0,18.0,2467.0,18.0,643.0,14.0,19.0,21.0,23.0,ferret
1051,176.0,126.0,118.0,109.0,116.0,44.0,138.0,41.0,2416.0,26.0,743.0,30.0,32.0,51.0,65.0,ferret
987,124.0,55.0,85.0,74.0,69.0,20.0,70.0,28.0,2845.0,31.0,719.0,32.0,29.0,30.0,38.0,ferret
1054,335.0,143.0,150.0,143.0,147.0,93.0,146.0,99.0,2738.0,93.0,750.0,96.0,93.0,97.0,97.0,ferret
1002,135.0,58.0,73.0,68.0,67.0,10.0,77.0,20.0,2519.0,20.0,661.0,27.0,32.0,28.0,29.0,ferret
1042,134.0,62.0,66.0,66.0,65.0,11.0,67.0,20.0,2529.0,16.0,749.0,27.0,20.0,26.0,30.0,ferret
1036,134.0,58.0,60.0,63.0,60.0,9.0,99.0,20.0,2525.0,14.0,730.0,17.0,21.0,19.0,26.0,ferret
1110,118.0,74.0,69.0,81.0,66.0,10.0,100.0,21.0,2993.0,12.0,809.0,27.0,18.0,29.0,34.0,ferret
1054,663.0,607.0,655.0,731.0,657.0,589.0,611.0,621.0,636.0,5879.0,3360.0,587.0,4289.0,636.0,642.0,ferret
343,11.0,37.0,24.0,72.0,24.0,12.0,21.0,13.0,14.0,12572.0,1341.0,12.0,7779.0,16.0,25.0,ferret
309,16.0,39.0,29.0,75.0,23.0,16.0,35.0,13.0,7.0,8020.0,2505.0,12.0,5231.0,18.0,29.0,ferret
355,22.0,68.0,34.0,79.0,32.0,27.0,32.0,19.0,21.0,5856.0,1331.0,19.0,3809.0,28.0,30.0,ferret
352,20.0,70.0,34.0,71.0,22.0,18.0,33.0,14.0,11.0,3554.0,2560.0,14.0,2017.0,16.0,32.0,ferret
356,17.0,58.0,37.0,107.0,29.0,13.0,31.0,11.0,13.0,4446.0,1077.0,14.0,2565.0,25.0,29.0,ferret
304,7.0,40.0,16.0,60.0,13.0,4.0,14.0,5.0,6.0,6329.0,2347.0,4.0,3395.0,8.0,19.0,ferret
318,19.0,51.0,21.0,82.0,25.0,14.0,24.0,13.0,13.0,6916.0,1093.0,15.0,4293.0,20.0,19.0,ferret
321,5.0,41.0,19.0,67.0,19.0,5.0,17.0,5.0,7.0,4469.0,2328.0,5.0,3855.0,10.0,20.0,ferret
331,8.0,35.0,24.0,58.0,21.0,7.0,21.0,7.0,8.0,3279.0,1487.0,9.0,2298.0,9.0,21.0,ferret
305,17.0,50.0,24.0,83.0,25.0,11.0,29.0,12.0,14.0,3070.0,2640.0,15.0,2048.0,19.0,25.0,ferret
303,15.0,32.0,11.0,84.0,12.0,15.0,17.0,9.0,10.0,3141.0,1374.0,11.0,2026.0,13.0,21.0,ferret
300,5.0,36.0,15.0,65.0,12.0,5.0,12.0,10.0,6.0,3231.0,3080.0,7.0,2084.0,10.0,21.0,ferret
321,17.0,42.0,18.0,71.0,22.0,15.0,20.0,15.0,15.0,3193.0,1323.0,17.0,2087.0,19.0,29.0,ferret
330,10.0,47.0,20.0,78.0,21.0,11.0,19.0,14.0,13.0,3116.0,2386.0,12.0,2043.0,18.0,24.0,ferret
333,17.0,58.0,35.0,77.0,28.0,20.0,35.0,18.0,11.0,3135.0,1501.0,12.0,2022.0,18.0,30.0,ferret
529,341.0,237.0,305.0,291.0,311.0,224.0,265.0,256.0,241.0,5727.0,5995.0,246.0,317.0,285.0,321.0,ferret
180,8.0,18.0,11.0,24.0,10.0,6.0,8.0,7.0,10.0,13849.0,5358.0,7.0,25.0,7.0,10.0,ferret
121,6.0,11.0,11.0,13.0,8.0,5.0,9.0,5.0,4.0,10216.0,5056.0,6.0,16.0,6.0,10.0,ferret
163,9.0,22.0,9.0,21.0,15.0,9.0,13.0,7.0,8.0,6641.0,5319.0,9.0,21.0,6.0,16.0,ferret
155,10.0,13.0,16.0,20.0,20.0,6.0,8.0,7.0,7.0,3621.0,4464.0,8.0,28.0,9.0,8.0,ferret
162,11.0,19.0,14.0,24.0,16.0,12.0,13.0,9.0,10.0,3860.0,5047.0,10.0,26.0,7.0,17.0,ferret
122,1.0,11.0,9.0,16.0,6.0,1.0,5.0,4.0,2.0,5993.0,5145.0,2.0,18.0,6.0,2.0,ferret
140,5.0,13.0,7.0,16.0,8.0,6.0,10.0,9.0,5.0,5952.0,5159.0,6.0,23.0,5.0,9.0,ferret
142,4.0,17.0,8.0,16.0,8.0,4.0,3.0,3.0,6.0,3637.0,4982.0,3.0,21.0,5.0,10.0,ferret
129,6.0,16.0,8.0,19.0,5.0,2.0,2.0,4.0,3.0,2523.0,5717.0,4.0,27.0,7.0,6.0,ferret
103,6.0,16.0,11.0,21.0,11.0,7.0,13.0,5.0,4.0,2355.0,5891.0,3.0,19.0,3.0,5.0,ferret
116,5.0,7.0,11.0,13.0,12.0,4.0,7.0,5.0,4.0,2416.0,5589.0,6.0,18.0,8.0,8.0,ferret
127,6.0,14.0,9.0,18.0,11.0,3.0,9.0,3.0,3.0,2489.0,5303.0,5.0,24.0,9.0,10.0,ferret
161,11.0,19.0,14.0,19.0,14.0,8.0,11.0,8.0,6.0,2454.0,5212.0,4.0,18.0,8.0,14.0,ferret
147,10.0,13.0,12.0,19.0,13.0,8.0,13.0,8.0,7.0,2390.0,4966.0,7.0,26.0,7.0,14.0,ferret
169,9.0,17.0,12.0,18.0,11.0,8.0,10.0,11.0,8.0,2439.0,5664.0,8.0,24.0,9.0,13.0,ferret
478,262.0,207.0,266.0,242.0,258.0,187.0,231.0,214.0,231.0,4862.0,3416.0,230.0,250.0,218.0,243.0,ferret
138,7.0,19.0,8.0,13.0,7.0,6.0,14.0,5.0,6.0,12588.0,3556.0,5.0,13.0,8.0,7.0,ferret
95,4.0,19.0,6.0,6.0,9.0,3.0,30.0,8.0,9.0,12958.0,2651.0,5.0,8.0,8.0,6.0,ferret
142,8.0,41.0,12.0,11.0,10.0,9.0,13.0,6.0,8.0,9519.0,3456.0,6.0,13.0,11.0,7.0,ferret
131,10.0,25.0,10.0,7.0,11.0,7.0,19.0,9.0,7.0,4580.0,2284.0,8.0,13.0,9.0,9.0,ferret
142,8.0,36.0,11.0,17.0,12.0,9.0,15.0,11.0,8.0,5836.0,3135.0,8.0,16.0,10.0,7.0,ferret
103,6.0,17.0,6.0,8.0,4.0,3.0,20.0,1.0,3.0,6886.0,3054.0,2.0,9.0,5.0,6.0,ferret
116,7.0,41.0,8.0,7.0,10.0,4.0,12.0,5.0,4.0,5485.0,3347.0,6.0,7.0,5.0,9.0,ferret
120,7.0,24.0,9.0,8.0,6.0,2.0,16.0,2.0,4.0,2598.0,2649.0,3.0,5.0,5.0,5.0,ferret
127,6.0,25.0,5.0,7.0,6.0,3.0,10.0,4.0,4.0,2076.0,3674.0,3.0,5.0,3.0,6.0,ferret
93,5.0,25.0,6.0,10.0,6.0,2.0,12.0,3.0,5.0,2037.0,3123.0,4.0,9.0,2.0,2.0,ferret
107,5.0,17.0,5.0,5.0,6.0,2.0,12.0,4.0,5.0,2059.0,3470.0,5.0,7.0,3.0,6.0,ferret
113,5.0,23.0,11.0,12.0,7.0,3.0,20.0,3.0,4.0,2059.0,2858.0,4.0,11.0,4.0,6.0,ferret
130,7.0,25.0,7.0,4.0,7.0,3.0,13.0,4.0,7.0,2066.0,3487.0,8.0,10.0,6.0,6.0,ferret
117,5.0,28.0,9.0,7.0,11.0,6.0,13.0,5.0,9.0,2016.0,2722.0,6.0,7.0,5.0,11.0,ferret
128,8.0,25.0,10.0,9.0,10.0,4.0,10.0,4.0,8.0,2040.0,3914.0,7.0,8.0,9.0,5.0,ferret
2974,1980.0,4884.0,2124.0,2552.0,1890.0,1845.0,2600.0,1869.0,1838.0,5617.0,5739.0,1947.0,3603.0,1965.0,1949.0,ferret
993,14.0,2963.0,163.0,413.0,12.0,64.0,434.0,13.0,12.0,13478.0,2761.0,10.0,4057.0,11.0,14.0,ferret
912,38.0,2929.0,202.0,495.0,31.0,105.0,496.0,24.0,27.0,12130.0,3444.0,31.0,2493.0,31.0,27.0,ferret
961,43.0,2809.0,210.0,450.0,31.0,99.0,548.0,39.0,29.0,8808.0,2818.0,38.0,2396.0,32.0,34.0,ferret
1032,46.0,3047.0,246.0,466.0,44.0,105.0,806.0,30.0,40.0,4370.0,3451.0,42.0,1311.0,46.0,40.0,ferret
965,36.0,2913.0,224.0,461.0,28.0,88.0,569.0,33.0,29.0,4692.0,2564.0,22.0,1427.0,23.0,28.0,ferret
872,15.0,2664.0,153.0,360.0,9.0,52.0,457.0,13.0,13.0,5784.0,3565.0,12.0,1703.0,17.0,14.0,ferret
946,47.0,2809.0,187.0,586.0,30.0,85.0,395.0,37.0,31.0,4710.0,2696.0,44.0,2490.0,46.0,36.0,ferret
948,11.0,3036.0,159.0,387.0,9.0,50.0,374.0,11.0,14.0,3061.0,3546.0,8.0,2106.0,8.0,11.0,ferret
936,13.0,2908.0,166.0,306.0,11.0,53.0,417.0,11.0,10.0,2176.0,3028.0,8.0,1160.0,10.0,11.0,ferret
864,30.0,2868.0,158.0,365.0,17.0,69.0,418.0,29.0,24.0,2114.0,3830.0,19.0,1071.0,11.0,21.0,ferret
893,32.0,2941.0,165.0,349.0,38.0,99.0,412.0,43.0,30.0,2098.0,3059.0,21.0,1077.0,24.0,30.0,ferret
977,12.0,3055.0,172.0,333.0,7.0,80.0,488.0,10.0,10.0,2135.0,3977.0,8.0,1106.0,8.0,15.0,ferret
948,27.0,2877.0,195.0,393.0,22.0,117.0,450.0,27.0,22.0,2111.0,3092.0,29.0,1093.0,33.0,35.0,ferret
1000,23.0,2771.0,204.0,442.0,19.0,129.0,633.0,22.0,17.0,2061.0,3565.0,17.0,1104.0,16.0,24.0,ferret
991,27.0,2914.0,232.0,453.0,30.0,115.0,655.0,28.0,23.0,2059.0,3151.0,23.0,1082.0,20.0,26.0,ferret
7099,4564.0,7961.0,5403.0,6252.0,4527.0,5499.0,8692.0,5870.0,4454.0,10115.0,10024.0,4426.0,9389.0,4731.0,4551.0,ferret
2280,25.0,3412.0,579.0,1349.0,26.0,594.0,3200.0,1007.0,27.0,12972.0,5259.0,25.0,10487.0,29.0,34.0,ferret
2267,75.0,3331.0,637.0,1341.0,54.0,885.0,3751.0,1033.0,57.0,10553.0,5173.0,70.0,7792.0,64.0,70.0,ferret
2289,86.0,3184.0,677.0,1338.0,56.0,895.0,3621.0,1086.0,62.0,6686.0,5206.0,75.0,6262.0,100.0,90.0,ferret
2382,84.0,3258.0,755.0,1342.0,65.0,1020.0,3647.0,1284.0,55.0,3392.0,4608.0,59.0,3448.0,79.0,87.0,ferret
2303,55.0,3268.0,841.0,1402.0,43.0,868.0,3720.0,1310.0,44.0,4091.0,4523.0,47.0,3732.0,50.0,58.0,ferret
2234,83.0,3340.0,648.0,1382.0,74.0,626.0,3565.0,1179.0,54.0,6750.0,5189.0,77.0,4855.0,119.0,92.0,ferret
2194,119.0,3399.0,548.0,1317.0,83.0,947.0,2802.0,1010.0,76.0,6195.0,5132.0,103.0,5913.0,143.0,121.0,ferret
2251,55.0,3480.0,599.0,1288.0,34.0,721.0,3334.0,941.0,34.0,3725.0,4986.0,68.0,4396.0,91.0,70.0,ferret
2239,26.0,3331.0,539.0,1131.0,20.0,512.0,2972.0,873.0,19.0,2577.0,5651.0,22.0,2920.0,22.0,33.0,ferret
2165,49.0,3308.0,567.0,1320.0,37.0,575.0,3222.0,920.0,34.0,2502.0,5861.0,46.0,2613.0,52.0,51.0,ferret
2264,124.0,3394.0,589.0,1366.0,125.0,685.0,3149.0,1025.0,117.0,2620.0,5696.0,125.0,2684.0,119.0,137.0,ferret
2222,24.0,3202.0,540.0,1311.0,20.0,788.0,3036.0,1098.0,21.0,2613.0,5330.0,18.0,2605.0,22.0,40.0,ferret
2212,58.0,3255.0,648.0,1397.0,54.0,750.0,3302.0,1036.0,45.0,2584.0,5198.0,50.0,2645.0,64.0,68.0,ferret
2380,43.0,3155.0,708.0,1421.0,30.0,1010.0,3662.0,1450.0,31.0,2499.0,5042.0,30.0,2527.0,35.0,83.0,ferret
2299,57.0,3287.0,847.0,1457.0,40.0,948.0,3690.0,1355.0,46.0,2516.0,5684.0,48.0,2522.0,65.0,85.0,ferret
7320,4606.0,5549.0,5757.0,5949.0,4671.0,5866.0,8224.0,7535.0,4479.0,10840.0,5593.0,4567.0,11142.0,6493.0,4723.0,ferret
2316,28.0,1037.0,682.0,736.0,42.0,758.0,3143.0,2752.0,28.0,12966.0,745.0,27.0,15375.0,1133.0,27.0,ferret
2295,59.0,1060.0,966.0,827.0,76.0,905.0,3535.0,2850.0,66.0,9461.0,817.0,61.0,10217.0,1308.0,60.0,ferret
2354,88.0,992.0,718.0,786.0,63.0,821.0,3335.0,2825.0,63.0,4954.0,810.0,58.0,6486.0,1215.0,62.0,ferret
2420,66.0,1082.0,768.0,742.0,84.0,896.0,3264.0,2822.0,57.0,2432.0,817.0,58.0,3869.0,1407.0,64.0,ferret
2359,41.0,1067.0,858.0,920.0,46.0,866.0,3493.0,2811.0,51.0,3379.0,874.0,50.0,4526.0,1323.0,58.0,ferret
2322,78.0,1033.0,777.0,765.0,76.0,720.0,3330.0,2863.0,57.0,6061.0,917.0,56.0,6614.0,1304.0,65.0,ferret
2289,87.0,1123.0,702.0,796.0,77.0,712.0,3085.0,2803.0,67.0,7610.0,896.0,72.0,8894.0,1177.0,76.0,ferret
2333,69.0,1112.0,659.0,713.0,76.0,708.0,3301.0,2926.0,72.0,4285.0,1029.0,73.0,6814.0,1148.0,82.0,ferret
2259,25.0,959.0,626.0,614.0,35.0,611.0,3206.0,2714.0,27.0,2526.0,844.0,27.0,3640.0,990.0,29.0,ferret
2192,42.0,1082.0,726.0,768.0,46.0,708.0,3307.0,2710.0,48.0,2403.0,1072.0,43.0,3327.0,1121.0,53.0,ferret
2285,134.0,1142.0,765.0,858.0,143.0,897.0,3232.0,2873.0,135.0,2547.0,985.0,136.0,3421.0,1217.0,142.0,ferret
2297,25.0,993.0,683.0,789.0,50.0,795.0,3192.0,2849.0,24.0,2497.0,1043.0,20.0,3461.0,1232.0,26.0,ferret
2263,46.0,1016.0,784.0,795.0,48.0,878.0,3296.0,2812.0,46.0,2492.0,976.0,48.0,3478.0,1140.0,53.0,ferret
2437,73.0,1071.0,830.0,807.0,117.0,937.0,3294.0,2729.0,61.0,2410.0,975.0,71.0,3279.0,1604.0,78.0,ferret
2384,30.0,1034.0,1129.0,939.0,69.0,1128.0,3564.0,2819.0,38.0,2412.0,1002.0,35.0,3235.0,1507.0,39.0,ferret
11193,7481.0,7334.0,10137.0,10210.0,7378.0,10342.0,11198.0,10770.0,7194.0,13046.0,12528.0,7185.0,12676.0,11417.0,7217.0,ferret
3744,33.0,39.0,1433.0,1985.0,37.0,2054.0,2752.0,3434.0,32.0,13156.0,4169.0,28.0,13320.0,2311.0,28.0,ferret
3709,72.0,69.0,1744.0,2397.0,87.0,2213.0,3348.0,3325.0,73.0,8161.0,4703.0,71.0,8419.0,2834.0,62.0,ferret
3759,162.0,100.0,1538.0,2105.0,107.0,2063.0,2765.0,3234.0,82.0,5273.0,4123.0,73.0,6977.0,2456.0,91.0,ferret
3737,115.0,84.0,1594.0,1935.0,87.0,1946.0,2710.0,3086.0,66.0,4402.0,4276.0,68.0,4706.0,2416.0,68.0,ferret
3715,56.0,61.0,1849.0,2553.0,71.0,2199.0,2915.0,3057.0,47.0,3915.0,3408.0,42.0,4570.0,2738.0,47.0,ferret
3680,155.0,100.0,1710.0,2381.0,92.0,1895.0,2758.0,3282.0,70.0,5282.0,4708.0,67.0,5431.0,2669.0,74.0,ferret
3753,181.0,142.0,1630.0,2230.0,144.0,1885.0,2593.0,3252.0,122.0,6244.0,3951.0,113.0,7170.0,2312.0,114.0,ferret
3734,124.0,130.0,1448.0,1968.0,128.0,1682.0,2690.0,3232.0,110.0,4584.0,5012.0,113.0,6585.0,2295.0,106.0,ferret
3613,37.0,40.0,1299.0,1823.0,39.0,1569.0,2444.0,3179.0,31.0,3157.0,4419.0,26.0,3721.0,2099.0,28.0,ferret
3666,79.0,78.0,1442.0,2251.0,81.0,1826.0,2683.0,3305.0,59.0,2956.0,5217.0,55.0,3393.0,2385.0,65.0,ferret
3637,104.0,97.0,1485.0,2147.0,91.0,2007.0,2679.0,3306.0,87.0,2980.0,4471.0,86.0,3360.0,2450.0,73.0,ferret
3600,33.0,36.0,1393.0,2195.0,32.0,2007.0,2610.0,3103.0,28.0,3017.0,4859.0,20.0,3353.0,2329.0,27.0,ferret
3716,100.0,93.0,1656.0,2314.0,91.0,2217.0,3088.0,3188.0,70.0,3039.0,4096.0,71.0,3462.0,2507.0,88.0,ferret
3814,185.0,130.0,1774.0,2339.0,132.0,2312.0,2975.0,3133.0,109.0,3013.0,4827.0,116.0,3491.0,2722.0,113.0,ferret
3641,50.0,54.0,2532.0,2512.0,55.0,2964.0,3659.0,3100.0,40.0,2896.0,4726.0,42.0,3286.0,3272.0,43.0,ferret
12574,7771.0,7727.0,10490.0,9473.0,8263.0,9954.0,11294.0,10457.0,7636.0,11931.0,9553.0,10795.0,15008.0,11669.0,8178.0,ferret
3908,33.0,42.0,1602.0,1170.0,147.0,1124.0,2258.0,2277.0,48.0,12358.0,2023.0,2529.0,14348.0,2520.0,37.0,ferret
3883,32.0,32.0,1801.0,1307.0,172.0,1224.0,2534.0,2285.0,43.0,11239.0,1247.0,2815.0,10992.0,2769.0,36.0,ferret
4009,102.0,55.0,1677.0,1230.0,176.0,1301.0,2508.0,2354.0,56.0,8645.0,2013.0,1953.0,6923.0,2673.0,70.0,ferret
4024,45.0,57.0,1747.0,1327.0,193.0,1248.0,2547.0,2367.0,61.0,3500.0,1183.0,1950.0,4071.0,2691.0,66.0,ferret
4051,43.0,46.0,1952.0,1495.0,157.0,1344.0,2784.0,2402.0,48.0,4939.0,2244.0,2474.0,4346.0,2659.0,48.0,ferret
3883,112.0,75.0,1816.0,1527.0,176.0,1025.0,2589.0,2389.0,54.0,7093.0,1390.0,2297.0,6547.0,2783.0,74.0,ferret
3897,85.0,61.0,1674.0,1228.0,157.0,1040.0,2226.0,2306.0,61.0,6487.0,2257.0,2035.0,8841.0,2653.0,65.0,ferret
3871,50.0,54.0,1650.0,1186.0,175.0,1046.0,2392.0,2311.0,70.0,3665.0,1627.0,1616.0,6758.0,2594.0,63.0,ferret
3837,38.0,37.0,1545.0,1332.0,103.0,915.0,2313.0,2270.0,45.0,2271.0,2032.0,1496.0,3551.0,2568.0,39.0,ferret
3803,48.0,49.0,1672.0,1616.0,132.0,955.0,2345.0,2256.0,64.0,2263.0,1412.0,1579.0,3376.0,2703.0,43.0,ferret
3880,122.0,136.0,1659.0,1357.0,239.0,1183.0,2427.0,2308.0,122.0,2407.0,2006.0,1580.0,3432.0,2557.0,134.0,ferret
4010,101.0,70.0,1767.0,1504.0,292.0,1224.0,2515.0,2432.0,74.0,2300.0,1705.0,1610.0,3480.0,2881.0,84.0,ferret
3904,48.0,52.0,1736.0,1561.0,163.0,1269.0,2736.0,2390.0,58.0,2318.0,2352.0,1570.0,3468.0,2511.0,48.0,ferret
4158,68.0,57.0,1778.0,2184.0,273.0,1275.0,2446.0,2269.0,89.0,2289.0,1713.0,2450.0,3287.0,2907.0,73.0,ferret
4098,31.0,40.0,2326.0,1359.0,239.0,1569.0,3217.0,2559.0,62.0,2419.0,2544.0,2109.0,3351.0,3487.0,35.0,ferret
7572,4752.0,4728.0,6399.0,5952.0,5958.0,6591.0,8036.0,4596.0,4605.0,8884.0,5455.0,8651.0,11987.0,6347.0,4723.0,ferret
2407,27.0,63.0,920.0,908.0,721.0,1442.0,2593.0,31.0,28.0,11602.0,505.0,6965.0,14960.0,966.0,28.0,ferret
2355,29.0,65.0,1036.0,1045.0,745.0,1525.0,2806.0,30.0,27.0,11016.0,461.0,6797.0,11488.0,955.0,27.0,ferret
2449,74.0,93.0,992.0,946.0,743.0,1478.0,2723.0,47.0,39.0,8060.0,613.0,6181.0,5772.0,1056.0,54.0,ferret
2442,45.0,85.0,1058.0,1092.0,801.0,1604.0,2740.0,38.0,36.0,4776.0,526.0,5383.0,4738.0,1316.0,49.0,ferret
2434,85.0,127.0,1246.0,1281.0,889.0,1700.0,2901.0,74.0,67.0,5511.0,630.0,4711.0,4347.0,1435.0,78.0,ferret
2274,83.0,105.0,1032.0,1058.0,754.0,1399.0,2742.0,34.0,38.0,6514.0,477.0,4431.0,6738.0,956.0,62.0,ferret
2324,76.0,119.0,863.0,982.0,716.0,1426.0,2427.0,42.0,42.0,5239.0,421.0,3388.0,9031.0,891.0,49.0,ferret
2340,44.0,95.0,815.0,819.0,621.0,1420.0,2755.0,57.0,53.0,2064.0,487.0,2166.0,6466.0,1008.0,45.0,ferret
2333,28.0,58.0,811.0,1415.0,562.0,1303.0,2602.0,32.0,27.0,1966.0,372.0,1947.0,3590.0,1142.0,27.0,ferret
2325,39.0,85.0,893.0,1349.0,579.0,1406.0,2679.0,39.0,46.0,1634.0,569.0,1966.0,3292.0,1255.0,49.0,ferret
2293,82.0,106.0,944.0,1062.0,688.0,1546.0,2589.0,63.0,70.0,1758.0,513.0,2017.0,3315.0,1398.0,73.0,ferret
2389,84.0,129.0,919.0,1178.0,863.0,1561.0,2673.0,61.0,71.0,1743.0,518.0,2013.0,3410.0,1425.0,80.0,ferret
2339,35.0,80.0,1016.0,1218.0,691.0,1519.0,2882.0,35.0,42.0,1785.0,502.0,2032.0,3447.0,1327.0,42.0,ferret
2472,52.0,101.0,1019.0,999.0,989.0,1616.0,2687.0,47.0,42.0,1679.0,574.0,2181.0,3271.0,1229.0,58.0,ferret
2399,25.0,79.0,1303.0,1160.0,1046.0,1814.0,3150.0,21.0,22.0,1866.0,724.0,2261.0,3323.0,1295.0,29.0,ferret
445,313.0,222.0,318.0,326.0,281.0,201.0,267.0,273.0,255.0,5180.0,207.0,3547.0,6571.0,304.0,284.0,ferret
168,12.0,23.0,22.0,26.0,20.0,20.0,23.0,17.0,16.0,13857.0,33.0,10127.0,14293.0,22.0,17.0,ferret
123,18.0,15.0,19.0,20.0,16.0,17.0,13.0,12.0,11.0,10232.0,28.0,10611.0,9359.0,17.0,17.0,ferret
172,15.0,18.0,20.0,22.0,23.0,24.0,21.0,19.0,15.0,8388.0,36.0,5899.0,7591.0,29.0,19.0,ferret
175,17.0,17.0,27.0,27.0,23.0,28.0,24.0,14.0,12.0,4895.0,51.0,3707.0,5043.0,28.0,15.0,ferret
161,21.0,25.0,25.0,29.0,27.0,28.0,30.0,22.0,20.0,4234.0,44.0,6218.0,5029.0,21.0,14.0,ferret
112,18.0,16.0,20.0,17.0,19.0,17.0,21.0,16.0,15.0,5048.0,25.0,7470.0,5848.0,15.0,13.0,ferret
147,22.0,20.0,18.0,23.0,19.0,19.0,17.0,15.0,15.0,5596.0,31.0,5746.0,6669.0,19.0,13.0,ferret
149,14.0,16.0,23.0,21.0,17.0,16.0,22.0,16.0,11.0,3995.0,38.0,2619.0,6465.0,19.0,12.0,ferret
144,14.0,21.0,22.0,23.0,21.0,20.0,22.0,17.0,12.0,2599.0,40.0,2175.0,4274.0,20.0,12.0,ferret
89,20.0,22.0,18.0,18.0,15.0,17.0,21.0,11.0,12.0,2304.0,31.0,2169.0,3598.0,18.0,11.0,ferret
98,11.0,9.0,12.0,15.0,13.0,12.0,14.0,6.0,10.0,2370.0,20.0,2164.0,3512.0,15.0,14.0,ferret
125,18.0,19.0,18.0,17.0,18.0,18.0,19.0,15.0,14.0,2440.0,53.0,2177.0,3649.0,21.0,14.0,ferret
134,15.0,14.0,20.0,19.0,16.0,18.0,19.0,15.0,14.0,2466.0,23.0,2177.0,3645.0,12.0,13.0,ferret
162,15.0,17.0,16.0,20.0,20.0,20.0,18.0,13.0,13.0,2360.0,68.0,2157.0,3557.0,18.0,11.0,ferret
147,13.0,16.0,15.0,22.0,21.0,18.0,22.0,10.0,10.0,2376.0,54.0,2153.0,3495.0,24.0,11.0,ferret
2717,1499.0,1480.0,1554.0,1542.0,1555.0,1510.0,1497.0,1576.0,6588.0,1490.0,7291.0,1477.0,1472.0,1489.0,1788.0,ferret
800,34.0,68.0,63.0,65.0,48.0,103.0,56.0,81.0,5203.0,89.0,5486.0,60.0,53.0,57.0,47.0,ferret
749,24.0,48.0,53.0,46.0,51.0,93.0,47.0,74.0,4276.0,75.0,5066.0,41.0,41.0,43.0,36.0,ferret
795,28.0,70.0,47.0,48.0,57.0,90.0,57.0,90.0,3283.0,82.0,5270.0,41.0,41.0,47.0,47.0,ferret
807,30.0,81.0,62.0,52.0,50.0,98.0,70.0,136.0,3553.0,102.0,4558.0,43.0,43.0,46.0,56.0,ferret
815,23.0,77.0,62.0,63.0,52.0,107.0,81.0,134.0,4049.0,99.0,4665.0,43.0,44.0,49.0,61.0,ferret
736,18.0,56.0,48.0,36.0,47.0,57.0,43.0,99.0,4132.0,90.0,5647.0,28.0,32.0,32.0,39.0,ferret
761,21.0,58.0,39.0,37.0,45.0,82.0,37.0,75.0,3624.0,100.0,5071.0,41.0,36.0,40.0,38.0,ferret
777,31.0,71.0,62.0,60.0,57.0,110.0,61.0,107.0,3633.0,98.0,5576.0,56.0,44.0,50.0,55.0,ferret
844,82.0,150.0,117.0,120.0,113.0,191.0,121.0,202.0,3375.0,173.0,5771.0,94.0,98.0,139.0,130.0,ferret
715,25.0,59.0,36.0,58.0,43.0,85.0,41.0,93.0,4354.0,69.0,6013.0,36.0,38.0,45.0,40.0,ferret
730,41.0,78.0,53.0,62.0,62.0,93.0,65.0,81.0,3840.0,89.0,5709.0,65.0,61.0,71.0,74.0,ferret
758,23.0,68.0,49.0,38.0,44.0,92.0,41.0,101.0,3730.0,79.0,5274.0,37.0,46.0,49.0,48.0,ferret
756,20.0,70.0,51.0,50.0,45.0,94.0,50.0,93.0,3739.0,91.0,5312.0,41.0,34.0,56.0,47.0,ferret
769,21.0,74.0,49.0,48.0,45.0,84.0,44.0,134.0,3689.0,78.0,5104.0,46.0,43.0,52.0,49.0,ferret
936,29.0,70.0,62.0,50.0,49.0,96.0,50.0,115.0,4872.0,95.0,5815.0,44.0,38.0,40.0,48.0,ferret
8012,5047.0,5563.0,6285.0,5809.0,6550.0,6000.0,6404.0,7188.0,4730.0,11072.0,10302.0,9056.0,7062.0,7527.0,4995.0,ferret
2537,19.0,450.0,860.0,686.0,832.0,588.0,1156.0,1118.0,24.0,13030.0,4001.0,10460.0,4417.0,2183.0,20.0,ferret
2485,99.0,493.0,989.0,789.0,974.0,716.0,1300.0,1400.0,73.0,10035.0,4757.0,9483.0,1732.0,2555.0,71.0,ferret
2514,66.0,439.0,844.0,804.0,793.0,650.0,1200.0,1158.0,39.0,5141.0,3953.0,5538.0,1496.0,2588.0,45.0,ferret
2509,50.0,469.0,949.0,885.0,796.0,656.0,1221.0,1308.0,44.0,3163.0,4037.0,3735.0,1521.0,3187.0,39.0,ferret
2569,114.0,585.0,1181.0,883.0,934.0,752.0,1347.0,1554.0,68.0,3736.0,3485.0,5837.0,1619.0,2666.0,74.0,ferret
2408,79.0,483.0,999.0,770.0,859.0,593.0,1178.0,1111.0,47.0,6314.0,4561.0,6853.0,1629.0,2702.0,49.0,ferret
2477,96.0,419.0,877.0,870.0,752.0,574.0,1165.0,1061.0,73.0,6450.0,3755.0,5632.0,2079.0,2248.0,72.0,ferret
2499,114.0,521.0,881.0,795.0,842.0,615.0,1214.0,1015.0,81.0,4136.0,4867.0,2716.0,3025.0,2085.0,86.0,ferret
2382,25.0,304.0,776.0,2091.0,620.0,478.0,1101.0,887.0,21.0,2741.0,4177.0,2048.0,1911.0,2734.0,15.0,ferret
2411,33.0,368.0,863.0,976.0,692.0,528.0,1148.0,1001.0,32.0,2590.0,5355.0,2080.0,1561.0,2892.0,29.0,ferret
2426,67.0,363.0,912.0,892.0,731.0,637.0,1155.0,1040.0,69.0,2650.0,4012.0,2102.0,1520.0,2645.0,60.0,ferret
2512,55.0,408.0,888.0,841.0,740.0,592.0,1155.0,1133.0,58.0,2707.0,4975.0,2104.0,1611.0,2959.0,57.0,ferret
2507,42.0,474.0,1006.0,903.0,788.0,645.0,1289.0,1145.0,38.0,2718.0,3889.0,2122.0,1608.0,2591.0,45.0,ferret
2546,52.0,493.0,933.0,743.0,887.0,679.0,1267.0,1452.0,46.0,2686.0,4606.0,2128.0,1651.0,2136.0,45.0,ferret
2508,22.0,653.0,1111.0,850.0,1071.0,849.0,1408.0,1621.0,22.0,2806.0,4473.0,2299.0,1648.0,2974.0,18.0,ferret
6228,3919.0,4787.0,4915.0,5520.0,6584.0,5086.0,5093.0,4528.0,3647.0,8714.0,5163.0,7187.0,5794.0,9094.0,3816.0,ferret
1970,29.0,537.0,611.0,1581.0,3867.0,504.0,880.0,638.0,28.0,13596.0,1923.0,11366.0,1379.0,5345.0,23.0,ferret
2035,93.0,623.0,625.0,3394.0,5151.0,640.0,1013.0,662.0,57.0,9185.0,1110.0,8714.0,1756.0,6523.0,57.0,ferret
2052,54.0,574.0,692.0,2355.0,2946.0,629.0,1049.0,594.0,35.0,6612.0,1971.0,6595.0,1501.0,5335.0,47.0,ferret
2224,52.0,566.0,704.0,2105.0,2104.0,606.0,1085.0,646.0,42.0,4897.0,1027.0,5195.0,1530.0,8265.0,45.0,ferret
2417,80.0,665.0,798.0,3453.0,2664.0,706.0,1241.0,828.0,52.0,4621.0,2126.0,6880.0,1793.0,6888.0,57.0,ferret
2167,62.0,523.0,573.0,3271.0,2518.0,443.0,820.0,559.0,37.0,5935.0,1206.0,7459.0,1475.0,6532.0,35.0,ferret
1920,72.0,471.0,570.0,1755.0,1754.0,408.0,652.0,481.0,49.0,5873.0,2306.0,5481.0,1636.0,5352.0,57.0,ferret
1830,68.0,536.0,584.0,1385.0,1134.0,469.0,790.0,474.0,43.0,3977.0,1562.0,2507.0,1580.0,4608.0,52.0,ferret
1842,35.0,381.0,571.0,3168.0,1011.0,369.0,749.0,414.0,30.0,2673.0,2103.0,2047.0,1248.0,7019.0,27.0,ferret
1902,35.0,454.0,545.0,3669.0,1059.0,392.0,797.0,516.0,32.0,2412.0,1208.0,2030.0,1387.0,7578.0,30.0,ferret
1826,91.0,486.0,587.0,1762.0,1161.0,496.0,888.0,538.0,83.0,2533.0,2017.0,2119.0,1393.0,5779.0,85.0,ferret
1867,39.0,439.0,588.0,1172.0,1126.0,456.0,910.0,497.0,39.0,2559.0,1550.0,2080.0,1405.0,6795.0,36.0,ferret
1898,117.0,714.0,830.0,1174.0,1426.0,656.0,1243.0,726.0,73.0,2574.0,2257.0,2124.0,1466.0,6538.0,83.0,ferret
1979,44.0,597.0,697.0,951.0,1341.0,554.0,1013.0,673.0,38.0,2437.0,1193.0,1975.0,1877.0,6434.0,35.0,ferret
1924,27.0,630.0,762.0,912.0,1378.0,610.0,1173.0,677.0,19.0,2447.0,2369.0,2052.0,1632.0,6424.0,19.0,ferret
10820,7109.0,9666.0,8580.0,8174.0,11833.0,9666.0,9539.0,9505.0,6618.0,12287.0,7563.0,11647.0,9137.0,12877.0,6790.0,ferret
3573,34.0,7272.0,1263.0,1748.0,7704.0,2073.0,1965.0,1432.0,39.0,13603.0,507.0,6626.0,945.0,6576.0,29.0,ferret
3528,114.0,7509.0,1509.0,6269.0,12028.0,2190.0,2312.0,1673.0,79.0,6051.0,632.0,8960.0,1180.0,8699.0,80.0,ferret
3493,84.0,4042.0,1303.0,3296.0,11924.0,2039.0,2080.0,1402.0,62.0,4568.0,671.0,10181.0,984.0,5982.0,70.0,ferret
3620,61.0,2189.0,1478.0,2300.0,8052.0,2079.0,2043.0,1333.0,65.0,3534.0,500.0,5836.0,980.0,7649.0,64.0,ferret
3990,98.0,3992.0,1642.0,4300.0,4069.0,2353.0,2401.0,1683.0,81.0,3689.0,640.0,5522.0,1295.0,7864.0,81.0,ferret
3618,88.0,4709.0,1420.0,3252.0,1827.0,2209.0,2158.0,1456.0,56.0,4561.0,559.0,5691.0,1125.0,6874.0,59.0,ferret
3543,100.0,4012.0,1380.0,2255.0,1220.0,2095.0,1922.0,1318.0,66.0,6408.0,463.0,8048.0,1094.0,5663.0,63.0,ferret
3360,124.0,2103.0,1327.0,1559.0,858.0,2051.0,1834.0,1177.0,60.0,5449.0,536.0,2894.0,1114.0,5682.0,62.0,ferret
3332,38.0,1412.0,1326.0,2663.0,768.0,2034.0,1741.0,1109.0,37.0,3554.0,408.0,657.0,881.0,6438.0,33.0,ferret
3445,50.0,1437.0,1458.0,7295.0,755.0,2105.0,1877.0,1357.0,45.0,3187.0,554.0,825.0,928.0,7791.0,49.0,ferret
3474,165.0,1524.0,1392.0,2881.0,930.0,2222.0,2135.0,1437.0,149.0,3353.0,578.0,2360.0,1238.0,5831.0,136.0,ferret
3513,103.0,1431.0,1621.0,964.0,881.0,2126.0,2052.0,1379.0,69.0,3357.0,535.0,1509.0,964.0,6398.0,71.0,ferret
3612,165.0,1503.0,1676.0,536.0,934.0,2345.0,2430.0,1599.0,99.0,3412.0,664.0,2712.0,1053.0,6108.0,105.0,ferret
3458,55.0,1413.0,1819.0,342.0,829.0,2196.0,2074.0,1482.0,54.0,3245.0,518.0,3478.0,1022.0,5253.0,56.0,ferret
3411,31.0,1577.0,1445.0,766.0,1285.0,2300.0,2408.0,2263.0,31.0,3226.0,585.0,4159.0,1692.0,5184.0,27.0,ferret
1018,620.0,776.0,638.0,656.0,3597.0,551.0,679.0,660.0,578.0,5970.0,539.0,3372.0,617.0,4140.0,611.0,ferret
320,20.0,477.0,24.0,23.0,10863.0,19.0,40.0,20.0,23.0,13312.0,19.0,10263.0,21.0,3568.0,22.0,ferret
284,22.0,556.0,21.0,23.0,12620.0,19.0,40.0,16.0,14.0,7618.0,15.0,7892.0,21.0,5020.0,16.0,ferret
337,25.0,438.0,21.0,21.0,7253.0,23.0,43.0,17.0,21.0,5215.0,20.0,4902.0,24.0,3032.0,25.0,ferret
342,22.0,233.0,31.0,20.0,4565.0,28.0,50.0,23.0,13.0,3068.0,22.0,3171.0,25.0,4823.0,19.0,ferret
348,24.0,242.0,21.0,30.0,5493.0,21.0,46.0,19.0,21.0,4012.0,23.0,6208.0,22.0,6040.0,21.0,ferret
290,20.0,229.0,17.0,19.0,5468.0,19.0,30.0,14.0,15.0,6294.0,13.0,7134.0,16.0,3966.0,18.0,ferret
341,19.0,235.0,17.0,24.0,4382.0,23.0,30.0,15.0,20.0,7524.0,14.0,6863.0,21.0,3108.0,22.0,ferret
356,22.0,241.0,21.0,26.0,1924.0,20.0,37.0,20.0,20.0,5146.0,21.0,2778.0,25.0,2881.0,22.0,ferret
307,19.0,220.0,20.0,22.0,1821.0,18.0,33.0,21.0,18.0,3429.0,21.0,1776.0,18.0,3005.0,20.0,ferret
259,16.0,227.0,18.0,12.0,1824.0,16.0,32.0,16.0,16.0,3078.0,13.0,1792.0,19.0,4265.0,14.0,ferret
280,12.0,213.0,17.0,18.0,1851.0,12.0,20.0,10.0,11.0,3193.0,11.0,2195.0,14.0,3821.0,13.0,ferret
306,15.0,229.0,14.0,16.0,1842.0,15.0,46.0,18.0,11.0,3245.0,18.0,1809.0,17.0,4323.0,13.0,ferret
325,23.0,231.0,22.0,25.0,1807.0,21.0,33.0,19.0,16.0,3226.0,16.0,1762.0,16.0,3935.0,23.0,ferret
331,13.0,225.0,16.0,18.0,1804.0,15.0,63.0,15.0,13.0,3140.0,18.0,1740.0,20.0,3056.0,12.0,ferret
307,12.0,231.0,19.0,17.0,1811.0,19.0,49.0,20.0,12.0,3165.0,17.0,1988.0,20.0,2516.0,11.0,ferret
443,254.0,205.0,289.0,261.0,2588.0,187.0,244.0,247.0,196.0,2618.0,166.0,4608.0,248.0,262.0,248.0,ferret
137,8.0,16.0,8.0,9.0,10896.0,9.0,15.0,43.0,7.0,5735.0,12.0,10497.0,13.0,22.0,10.0,ferret
98,4.0,8.0,9.0,5.0,15194.0,2.0,5.0,54.0,2.0,2018.0,9.0,6733.0,2.0,18.0,9.0,ferret
152,7.0,14.0,5.0,10.0,9698.0,10.0,10.0,49.0,5.0,1184.0,14.0,6443.0,11.0,23.0,5.0,ferret
137,9.0,22.0,11.0,13.0,6070.0,7.0,13.0,46.0,11.0,1176.0,16.0,5869.0,14.0,26.0,5.0,ferret
120,3.0,23.0,8.0,8.0,6897.0,5.0,17.0,58.0,7.0,1253.0,15.0,5493.0,15.0,22.0,7.0,ferret
96,4.0,19.0,3.0,4.0,6278.0,1.0,11.0,38.0,7.0,1734.0,15.0,6060.0,8.0,17.0,4.0,ferret
132,9.0,19.0,6.0,14.0,3910.0,4.0,10.0,40.0,5.0,2400.0,13.0,4968.0,11.0,21.0,9.0,ferret
119,6.0,25.0,9.0,10.0,1674.0,3.0,13.0,39.0,6.0,1855.0,16.0,3802.0,10.0,20.0,7.0,ferret
108,6.0,12.0,5.0,6.0,1663.0,5.0,11.0,35.0,4.0,1326.0,10.0,2842.0,8.0,21.0,6.0,ferret
70,2.0,17.0,1.0,3.0,1641.0,1.0,12.0,42.0,5.0,1208.0,12.0,2697.0,7.0,19.0,5.0,ferret
82,6.0,18.0,6.0,4.0,1615.0,3.0,7.0,36.0,4.0,1217.0,6.0,2686.0,8.0,14.0,7.0,ferret
103,5.0,20.0,2.0,5.0,1629.0,2.0,9.0,38.0,6.0,1274.0,14.0,2743.0,9.0,19.0,7.0,ferret
129,9.0,19.0,10.0,8.0,1657.0,8.0,11.0,41.0,8.0,1268.0,11.0,2764.0,12.0,26.0,12.0,ferret
126,6.0,17.0,10.0,6.0,1657.0,6.0,12.0,46.0,8.0,1218.0,18.0,2676.0,12.0,16.0,10.0,ferret
124,9.0,15.0,8.0,7.0,1643.0,5.0,13.0,43.0,6.0,1223.0,13.0,2627.0,8.0,24.0,7.0,ferret
310,184.0,108.0,128.0,161.0,2798.0,70.0,93.0,114.0,93.0,116.0,66.0,2889.0,101.0,181.0,157.0,ferret
90,15.0,13.0,12.0,15.0,10887.0,6.0,6.0,10.0,8.0,63.0,13.0,11254.0,8.0,23.0,15.0,ferret
55,20.0,2.0,6.0,4.0,12187.0,4.0,3.0,1.0,4.0,28.0,2.0,12137.0,6.0,7.0,4.0,ferret
76,23.0,9.0,7.0,11.0,7485.0,4.0,6.0,5.0,3.0,36.0,6.0,7965.0,4.0,3.0,9.0,ferret
91,37.0,9.0,8.0,7.0,4517.0,5.0,9.0,13.0,8.0,51.0,8.0,5177.0,14.0,10.0,9.0,ferret
77,21.0,9.0,8.0,8.0,4802.0,9.0,7.0,7.0,6.0,41.0,8.0,6527.0,8.0,6.0,5.0,ferret
39,18.0,13.0,6.0,7.0,4352.0,5.0,3.0,3.0,1.0,36.0,2.0,6656.0,4.0,3.0,4.0,ferret
62,46.0,8.0,8.0,10.0,3387.0,7.0,5.0,9.0,6.0,37.0,7.0,4216.0,9.0,8.0,8.0,ferret
69,20.0,12.0,6.0,7.0,1744.0,4.0,9.0,7.0,5.0,40.0,11.0,1905.0,9.0,11.0,4.0,ferret
54,21.0,7.0,5.0,7.0,1634.0,3.0,2.0,3.0,3.0,40.0,10.0,1725.0,1.0,5.0,4.0,ferret
42,20.0,7.0,5.0,13.0,1608.0,5.0,6.0,3.0,3.0,30.0,11.0,1698.0,6.0,10.0,8.0,ferret
36,16.0,2.0,5.0,6.0,1640.0,2.0,2.0,2.0,5.0,28.0,3.0,1687.0,3.0,8.0,6.0,ferret
62,26.0,8.0,8.0,15.0,1643.0,7.0,6.0,4.0,3.0,45.0,6.0,1694.0,6.0,10.0,5.0,ferret
55,17.0,12.0,5.0,8.0,1623.0,3.0,5.0,6.0,2.0,31.0,3.0,1712.0,4.0,4.0,5.0,ferret
97,71.0,5.0,4.0,10.0,1583.0,6.0,6.0,6.0,4.0,66.0,7.0,1681.0,4.0,7.0,7.0,ferret
81,45.0,6.0,4.0,6.0,1611.0,3.0,3.0,4.0,4.0,51.0,7.0,1681.0,7.0,5.0,5.0,ferret
7159,4279.0,6564.0,5679.0,5240.0,8166.0,5696.0,6404.0,6931.0,4001.0,4729.0,9548.0,7106.0,5834.0,5169.0,4459.0,ferret
2155,22.0,7996.0,745.0,590.0,10200.0,1323.0,1702.0,1575.0,16.0,391.0,5134.0,10482.0,774.0,604.0,14.0,ferret
2167,32.0,9129.0,933.0,680.0,13697.0,1406.0,1946.0,1599.0,22.0,380.0,4817.0,12912.0,779.0,750.0,29.0,ferret
2282,48.0,6491.0,707.0,637.0,8941.0,1443.0,1877.0,1351.0,29.0,474.0,5049.0,8926.0,790.0,644.0,43.0,ferret
2302,54.0,3539.0,861.0,634.0,6489.0,1495.0,2084.0,1543.0,45.0,492.0,4306.0,6361.0,847.0,744.0,57.0,ferret
2274,28.0,5292.0,1008.0,645.0,5244.0,1436.0,2058.0,1638.0,22.0,437.0,4846.0,7883.0,927.0,940.0,21.0,ferret
2095,46.0,5266.0,944.0,583.0,4696.0,1186.0,1832.0,1422.0,17.0,419.0,4793.0,7308.0,862.0,735.0,47.0,ferret
2133,57.0,4076.0,734.0,607.0,2993.0,1192.0,1625.0,1263.0,31.0,547.0,4781.0,4316.0,854.0,601.0,55.0,ferret
2100,75.0,1624.0,781.0,650.0,1690.0,1205.0,1686.0,1330.0,43.0,627.0,5182.0,1841.0,871.0,660.0,73.0,ferret
2024,25.0,1448.0,803.0,472.0,1500.0,1073.0,1777.0,1225.0,13.0,366.0,5415.0,1611.0,727.0,591.0,12.0,ferret
2104,60.0,1444.0,955.0,800.0,1516.0,1254.0,1924.0,1494.0,38.0,476.0,5617.0,1634.0,829.0,677.0,64.0,ferret
2032,53.0,1420.0,702.0,570.0,1522.0,1310.0,1666.0,1282.0,32.0,373.0,5325.0,1618.0,811.0,613.0,40.0,ferret
2170,29.0,1413.0,1160.0,535.0,1527.0,1439.0,1797.0,1360.0,18.0,397.0,4966.0,1646.0,851.0,643.0,21.0,ferret
2235,79.0,1505.0,1302.0,655.0,1565.0,1454.0,2040.0,1567.0,51.0,469.0,5254.0,1735.0,901.0,770.0,85.0,ferret
2241,50.0,1470.0,1594.0,638.0,1515.0,1355.0,2087.0,1785.0,42.0,428.0,4831.0,1691.0,1022.0,747.0,56.0,ferret
2243,27.0,1572.0,787.0,639.0,1528.0,1477.0,2134.0,2046.0,15.0,532.0,5591.0,1708.0,1333.0,756.0,18.0,ferret
11200,6286.0,9636.0,8004.0,6887.0,9904.0,7555.0,8169.0,8189.0,5252.0,6830.0,6251.0,9643.0,9193.0,9510.0,7428.0,ferret
3838,250.0,10273.0,1159.0,551.0,5805.0,1353.0,1776.0,1665.0,54.0,1039.0,527.0,10889.0,2217.0,1990.0,772.0,ferret
3839,320.0,12490.0,1350.0,492.0,6144.0,1415.0,1989.0,1581.0,42.0,1107.0,522.0,12530.0,2279.0,2077.0,715.0,ferret
4110,386.0,7365.0,1204.0,661.0,3082.0,1700.0,2418.0,1543.0,45.0,1158.0,568.0,9351.0,2238.0,2108.0,887.0,ferret
4325,571.0,4326.0,1620.0,690.0,2558.0,1749.0,2121.0,1673.0,86.0,1150.0,615.0,7469.0,2470.0,2206.0,1158.0,ferret
4311,444.0,6690.0,1843.0,833.0,3314.0,2252.0,2217.0,1963.0,50.0,1178.0,725.0,8234.0,2670.0,2530.0,1152.0,ferret
3757,360.0,7043.0,1717.0,551.0,3368.0,1532.0,1973.0,1511.0,42.0,1058.0,647.0,7078.0,2373.0,2027.0,789.0,ferret
3925,386.0,5560.0,1229.0,551.0,2627.0,1346.0,1904.0,1300.0,70.0,1060.0,589.0,4042.0,2166.0,1931.0,846.0,ferret
3793,349.0,2643.0,1256.0,600.0,2042.0,1208.0,1813.0,1358.0,95.0,1005.0,607.0,1878.0,2176.0,2047.0,854.0,ferret
3453,180.0,1884.0,1298.0,329.0,1656.0,1190.0,1811.0,1217.0,28.0,879.0,582.0,1702.0,1997.0,1525.0,624.0,ferret
3814,398.0,2010.0,1531.0,709.0,1872.0,1743.0,1885.0,1564.0,129.0,1103.0,619.0,1827.0,2398.0,2055.0,850.0,ferret
3782,279.0,1973.0,1164.0,488.0,1895.0,2148.0,1717.0,1338.0,116.0,934.0,500.0,1835.0,2161.0,1898.0,968.0,ferret
4154,433.0,1945.0,1448.0,530.0,1892.0,1954.0,1775.0,1308.0,41.0,932.0,490.0,1750.0,2138.0,1844.0,956.0,ferret
4169,526.0,2089.0,2242.0,758.0,2176.0,2315.0,1976.0,1740.0,104.0,1243.0,628.0,1958.0,2459.0,2165.0,997.0,ferret
4521,752.0,2117.0,1861.0,810.0,2169.0,1913.0,1934.0,1880.0,100.0,1177.0,666.0,1923.0,2767.0,2337.0,1235.0,ferret
4767,625.0,2496.0,1681.0,864.0,2545.0,2026.0,2364.0,2292.0,83.0,1363.0,771.0,2456.0,2865.0,2840.0,1153.0,ferret
16801,13881.0,14857.0,13958.0,11478.0,15420.0,15147.0,12928.0,14852.0,11050.0,11143.0,10351.0,12476.0,15015.0,15628.0,11246.0,ferret
5617,2565.0,6677.0,1900.0,121.0,8760.0,3279.0,2288.0,2121.0,113.0,252.0,104.0,9145.0,3041.0,2457.0,106.0,ferret
5753,2548.0,9614.0,2476.0,77.0,19487.0,3568.0,3104.0,2477.0,74.0,254.0,87.0,13021.0,3316.0,2773.0,75.0,ferret
5839,2433.0,6165.0,1988.0,85.0,8740.0,3481.0,3207.0,1894.0,87.0,297.0,94.0,7475.0,3063.0,2500.0,84.0,ferret
5799,2383.0,4325.0,2326.0,98.0,6860.0,3824.0,3370.0,1876.0,99.0,253.0,100.0,5072.0,3104.0,2102.0,100.0,ferret
5599,2454.0,5280.0,2101.0,100.0,5978.0,3261.0,2461.0,2223.0,91.0,266.0,106.0,7924.0,3624.0,2615.0,104.0,ferret
5552,2398.0,5384.0,2548.0,87.0,14120.0,3725.0,2538.0,1985.0,88.0,250.0,114.0,7519.0,3642.0,2265.0,97.0,ferret
5469,2501.0,3794.0,1811.0,95.0,4158.0,3478.0,2480.0,1882.0,94.0,251.0,104.0,4553.0,3188.0,2171.0,109.0,ferret
5426,2398.0,2144.0,1923.0,122.0,2799.0,3582.0,2118.0,1850.0,113.0,240.0,95.0,1610.0,3079.0,2158.0,126.0,ferret
5516,2354.0,1582.0,2016.0,39.0,910.0,3807.0,3107.0,1663.0,33.0,147.0,30.0,1477.0,2945.0,1943.0,32.0,ferret
5601,2694.0,1725.0,2656.0,181.0,4823.0,4042.0,3202.0,1983.0,170.0,281.0,161.0,1656.0,3267.0,2246.0,178.0,ferret
5222,2495.0,1626.0,1650.0,89.0,1097.0,3496.0,2481.0,1820.0,94.0,199.0,88.0,1538.0,3060.0,2146.0,95.0,ferret
4980,2474.0,1679.0,1555.0,66.0,1849.0,3103.0,2807.0,1748.0,64.0,183.0,75.0,1483.0,3032.0,2161.0,63.0,ferret
5474,2615.0,1783.0,2281.0,115.0,2522.0,2909.0,3013.0,2126.0,137.0,277.0,127.0,1578.0,3247.0,2525.0,143.0,ferret
5955,2575.0,1898.0,2473.0,133.0,10120.0,3933.0,3073.0,2255.0,129.0,266.0,135.0,1629.0,3357.0,2356.0,148.0,ferret
5681,2715.0,2077.0,2229.0,89.0,3256.0,4077.0,2635.0,2917.0,99.0,254.0,104.0,1819.0,3653.0,3340.0,114.0,ferret
18199,14547.0,15630.0,13736.0,11928.0,15559.0,16777.0,14067.0,15300.0,11020.0,10038.0,9338.0,12689.0,12773.0,14815.0,11572.0,ferret
5858,2778.0,8189.0,2807.0,85.0,8846.0,5751.0,3589.0,2278.0,67.0,85.0,53.0,9283.0,2112.0,1691.0,59.0,ferret
5788,2858.0,10890.0,3301.0,66.0,9444.0,5755.0,3787.0,2672.0,89.0,91.0,65.0,10612.0,2163.0,2304.0,73.0,ferret
5663,2644.0,11125.0,2836.0,45.0,8165.0,5415.0,3582.0,2114.0,50.0,68.0,44.0,6252.0,2059.0,1745.0,44.0,ferret
5991,2668.0,6318.0,3614.0,34.0,4993.0,5508.0,5111.0,2186.0,37.0,36.0,28.0,3884.0,1782.0,1619.0,28.0,ferret
5553,2720.0,6753.0,2948.0,57.0,4118.0,3712.0,3356.0,2486.0,67.0,80.0,57.0,5865.0,2276.0,1982.0,56.0,ferret
5257,2528.0,6797.0,3751.0,45.0,2944.0,4914.0,3225.0,2143.0,47.0,62.0,32.0,6098.0,2142.0,1589.0,31.0,ferret
5155,2693.0,9522.0,1931.0,46.0,2876.0,5907.0,2566.0,2033.0,51.0,68.0,37.0,4573.0,1721.0,1498.0,34.0,ferret
5607,2886.0,3177.0,2437.0,132.0,1944.0,6233.0,2659.0,2158.0,104.0,121.0,86.0,2248.0,2178.0,1962.0,121.0,ferret
5540,2647.0,496.0,3858.0,33.0,1264.0,5816.0,3982.0,1990.0,37.0,34.0,27.0,1884.0,2032.0,1421.0,29.0,ferret
5052,2720.0,817.0,3715.0,37.0,1275.0,4789.0,3571.0,2221.0,40.0,34.0,27.0,1944.0,2589.0,1576.0,29.0,ferret
4693,2646.0,2147.0,2368.0,27.0,1349.0,4282.0,2384.0,2051.0,29.0,27.0,21.0,1887.0,2031.0,1504.0,23.0,ferret
4770,2701.0,1263.0,3366.0,38.0,1369.0,3445.0,3254.0,2100.0,58.0,75.0,46.0,2005.0,1986.0,1528.0,57.0,ferret
5012,2813.0,2448.0,4093.0,74.0,1388.0,2538.0,2933.0,2330.0,80.0,114.0,72.0,2094.0,2062.0,1716.0,81.0,ferret
5727,2638.0,3102.0,3358.0,115.0,1316.0,4877.0,3598.0,2735.0,92.0,108.0,69.0,2039.0,2392.0,1824.0,113.0,ferret
5808,2788.0,4167.0,2075.0,27.0,2316.0,6883.0,4015.0,2834.0,31.0,27.0,23.0,2289.0,2210.0,2497.0,26.0,ferret
4619,2958.0,2812.0,2927.0,2809.0,2875.0,2734.0,2763.0,2756.0,6922.0,2777.0,4559.0,7585.0,2803.0,2885.0,3004.0,ferret
1500,82.0,77.0,77.0,51.0,75.0,46.0,38.0,37.0,3976.0,72.0,1116.0,2596.0,62.0,66.0,68.0,ferret
1431,73.0,55.0,43.0,35.0,54.0,30.0,28.0,33.0,3621.0,50.0,1304.0,3295.0,39.0,56.0,50.0,ferret
1492,68.0,61.0,47.0,27.0,75.0,30.0,24.0,24.0,3033.0,58.0,1393.0,2864.0,49.0,58.0,53.0,ferret
1465,76.0,69.0,60.0,33.0,65.0,28.0,33.0,28.0,3201.0,60.0,1376.0,3092.0,55.0,70.0,59.0,ferret
1477,78.0,74.0,65.0,29.0,70.0,28.0,31.0,33.0,3706.0,82.0,1507.0,4212.0,67.0,67.0,69.0,ferret
1409,59.0,55.0,51.0,24.0,51.0,18.0,24.0,25.0,3604.0,60.0,1501.0,2983.0,51.0,52.0,45.0,ferret
1423,65.0,60.0,46.0,25.0,57.0,27.0,27.0,26.0,2979.0,65.0,1205.0,2551.0,54.0,59.0,50.0,ferret
1444,76.0,70.0,55.0,39.0,59.0,32.0,32.0,25.0,3034.0,69.0,1055.0,2772.0,57.0,73.0,58.0,ferret
1488,163.0,134.0,133.0,81.0,138.0,60.0,57.0,59.0,2966.0,110.0,1202.0,3207.0,106.0,161.0,156.0,ferret
1402,59.0,47.0,39.0,31.0,42.0,26.0,26.0,24.0,3486.0,48.0,1253.0,2852.0,47.0,56.0,38.0,ferret
1442,101.0,88.0,86.0,77.0,97.0,75.0,69.0,78.0,3203.0,80.0,1414.0,3158.0,79.0,91.0,109.0,ferret
1405,115.0,72.0,61.0,89.0,105.0,26.0,25.0,48.0,3776.0,64.0,1551.0,2571.0,53.0,81.0,70.0,ferret
1442,65.0,47.0,61.0,27.0,55.0,21.0,22.0,18.0,3193.0,56.0,1499.0,3408.0,49.0,63.0,57.0,ferret
1463,64.0,59.0,51.0,19.0,55.0,20.0,23.0,21.0,3160.0,50.0,1402.0,3295.0,44.0,57.0,56.0,ferret
1547,76.0,66.0,66.0,29.0,71.0,27.0,26.0,28.0,4063.0,59.0,1289.0,4199.0,60.0,63.0,58.0,ferret
17782,14660.0,15153.0,12181.0,11157.0,13889.0,17920.0,17747.0,14900.0,10775.0,10616.0,9471.0,14694.0,11970.0,14270.0,10651.0,ferret
5985,3016.0,10222.0,1590.0,200.0,8644.0,7568.0,5359.0,1857.0,79.0,117.0,55.0,8797.0,2299.0,3208.0,172.0,ferret
5690,2970.0,5710.0,1626.0,196.0,9665.0,6472.0,4981.0,1983.0,68.0,110.0,51.0,10026.0,2641.0,3561.0,157.0,ferret
5704,2888.0,3483.0,1410.0,265.0,5110.0,7084.0,4188.0,1915.0,80.0,142.0,70.0,9777.0,2655.0,3466.0,244.0,ferret
5716,2743.0,2744.0,1532.0,182.0,3475.0,7086.0,4922.0,1728.0,40.0,73.0,30.0,11093.0,2615.0,3012.0,203.0,ferret
5474,2769.0,3529.0,1442.0,260.0,5081.0,4566.0,4874.0,2386.0,75.0,135.0,51.0,6213.0,1486.0,3353.0,206.0,ferret
5428,2787.0,5062.0,1474.0,178.0,5001.0,4744.0,5515.0,1811.0,59.0,101.0,45.0,4307.0,2196.0,3049.0,168.0,ferret
5636,2923.0,5949.0,1037.0,163.0,4078.0,7540.0,5717.0,1729.0,59.0,103.0,47.0,2214.0,2173.0,2928.0,158.0,ferret
5592,2970.0,4312.0,1152.0,214.0,2604.0,7677.0,4726.0,1796.0,89.0,125.0,62.0,1227.0,2371.0,3092.0,192.0,ferret
5527,2764.0,2847.0,1773.0,87.0,2304.0,7246.0,5009.0,1625.0,40.0,69.0,34.0,1049.0,3020.0,2840.0,130.0,ferret
5457,2942.0,2734.0,1241.0,155.0,2292.0,6393.0,5711.0,1818.0,42.0,72.0,35.0,1019.0,2463.0,2910.0,157.0,ferret
4864,2891.0,2754.0,873.0,84.0,2280.0,6727.0,4406.0,1904.0,36.0,57.0,27.0,1003.0,1744.0,2915.0,120.0,ferret
5153,2944.0,2842.0,1155.0,179.0,2404.0,5728.0,5143.0,1742.0,73.0,115.0,57.0,1098.0,2137.0,3018.0,225.0,ferret
5137,2777.0,2756.0,1463.0,203.0,2335.0,3095.0,4651.0,2002.0,63.0,116.0,57.0,1061.0,2200.0,3090.0,171.0,ferret
5423,2883.0,2742.0,1564.0,240.0,2335.0,4396.0,4510.0,2195.0,96.0,127.0,73.0,1066.0,1920.0,3098.0,253.0,ferret
5609,2889.0,2676.0,1144.0,221.0,2313.0,6610.0,6357.0,2590.0,47.0,90.0,41.0,1058.0,1753.0,3400.0,212.0,ferret
13031,8668.0,12363.0,8922.0,9122.0,12918.0,10602.0,14547.0,13657.0,8493.0,8700.0,8170.0,12165.0,11386.0,11676.0,11805.0,ferret
4338,140.0,11241.0,248.0,109.0,10994.0,1530.0,3938.0,3069.0,97.0,119.0,77.0,8870.0,3184.0,2886.0,3876.0,ferret
4262,120.0,10965.0,175.0,62.0,12692.0,1491.0,4792.0,3524.0,51.0,89.0,47.0,11455.0,3065.0,3151.0,3114.0,ferret
4457,184.0,8000.0,286.0,142.0,9162.0,1507.0,5007.0,3016.0,134.0,177.0,105.0,9084.0,3110.0,3114.0,3479.0,ferret
4594,146.0,4920.0,254.0,82.0,6108.0,1542.0,6307.0,2805.0,71.0,126.0,54.0,8397.0,4683.0,2845.0,3306.0,ferret
4641,162.0,5476.0,306.0,98.0,5321.0,1646.0,7576.0,3747.0,82.0,151.0,70.0,6431.0,3337.0,3228.0,3074.0,ferret
4486,151.0,5909.0,203.0,99.0,4620.0,1483.0,5245.0,3257.0,83.0,127.0,83.0,5352.0,4934.0,3252.0,2476.0,ferret
4376,107.0,5092.0,161.0,52.0,2844.0,1411.0,6284.0,2845.0,47.0,91.0,44.0,3342.0,2966.0,2761.0,3337.0,ferret
4161,162.0,2488.0,207.0,98.0,1511.0,1457.0,4096.0,2622.0,80.0,101.0,72.0,1434.0,2671.0,2827.0,3278.0,ferret
4254,75.0,1734.0,152.0,41.0,1379.0,1373.0,4462.0,2692.0,40.0,58.0,32.0,1259.0,3454.0,2957.0,3496.0,ferret
4356,142.0,1707.0,210.0,81.0,1380.0,1471.0,6963.0,3157.0,70.0,82.0,54.0,1312.0,3579.0,3095.0,3301.0,ferret
4086,75.0,1673.0,107.0,30.0,1351.0,1410.0,6099.0,3311.0,33.0,46.0,22.0,1254.0,2935.0,3187.0,2717.0,ferret
4179,131.0,1728.0,173.0,59.0,1379.0,1424.0,7720.0,2829.0,45.0,90.0,45.0,1340.0,3205.0,3420.0,2435.0,ferret
4280,107.0,1768.0,197.0,53.0,1417.0,1510.0,6380.0,3364.0,49.0,89.0,60.0,1371.0,4148.0,3223.0,1768.0,ferret
4161,165.0,1740.0,208.0,83.0,1382.0,1510.0,4859.0,2951.0,67.0,95.0,112.0,1340.0,4007.0,2888.0,2158.0,ferret
4272,212.0,1962.0,293.0,146.0,1648.0,1748.0,6090.0,3658.0,115.0,183.0,119.0,1623.0,2937.0,3884.0,2975.0,ferret
7962,5522.0,7648.0,5166.0,5776.0,10129.0,8281.0,5968.0,6085.0,4612.0,4973.0,4435.0,7161.0,7710.0,10310.0,11107.0,ferret
2789,47.0,11645.0,47.0,41.0,10345.0,2517.0,792.0,836.0,41.0,43.0,33.0,10917.0,4485.0,4270.0,6603.0,ferret
2502,49.0,13423.0,48.0,50.0,13937.0,2590.0,711.0,925.0,40.0,42.0,39.0,12068.0,9078.0,3740.0,5034.0,ferret
2610,46.0,12904.0,42.0,38.0,11062.0,2517.0,736.0,829.0,38.0,35.0,30.0,8841.0,3244.0,3430.0,5425.0,ferret
2914,43.0,8076.0,42.0,35.0,9165.0,2856.0,1052.0,877.0,34.0,36.0,28.0,6121.0,6253.0,4295.0,6195.0,ferret
3006,52.0,7228.0,52.0,48.0,5013.0,4041.0,1125.0,994.0,43.0,45.0,43.0,6628.0,8223.0,3662.0,4955.0,ferret
2683,73.0,5018.0,81.0,70.0,3829.0,7170.0,761.0,983.0,57.0,70.0,53.0,6275.0,8932.0,3953.0,3896.0,ferret
2557,65.0,3137.0,57.0,52.0,2266.0,7941.0,759.0,838.0,51.0,51.0,51.0,4133.0,3312.0,3422.0,6233.0,ferret
2458,71.0,1442.0,78.0,71.0,1184.0,4271.0,713.0,906.0,54.0,72.0,57.0,1572.0,3506.0,3223.0,6093.0,ferret
2329,39.0,1443.0,37.0,33.0,1119.0,2720.0,767.0,852.0,35.0,29.0,29.0,1467.0,3933.0,3548.0,5249.0,ferret
2512,47.0,1308.0,41.0,37.0,1066.0,2633.0,1081.0,829.0,32.0,28.0,24.0,1448.0,8847.0,4149.0,5385.0,ferret
2228,27.0,1241.0,25.0,25.0,1105.0,2632.0,795.0,806.0,26.0,17.0,16.0,1419.0,3151.0,3579.0,4757.0,ferret
2230,47.0,1321.0,45.0,43.0,1148.0,2528.0,1035.0,868.0,38.0,39.0,31.0,1478.0,3134.0,3936.0,4101.0,ferret
2428,48.0,1408.0,44.0,37.0,1169.0,2680.0,921.0,1074.0,38.0,43.0,43.0,1576.0,3990.0,4367.0,2666.0,ferret
2575,61.0,1335.0,57.0,49.0,1117.0,2726.0,790.0,1655.0,45.0,52.0,85.0,1481.0,5476.0,4336.0,3590.0,ferret
2518,54.0,1473.0,47.0,49.0,1293.0,2999.0,952.0,1048.0,46.0,51.0,52.0,1685.0,3009.0,4453.0,4921.0,ferret
9412,5985.0,9365.0,5860.0,6181.0,8869.0,7446.0,7099.0,7581.0,5200.0,5228.0,4890.0,8381.0,7299.0,14454.0,7690.0,ferret
3077,130.0,10566.0,125.0,164.0,8562.0,2147.0,1134.0,1353.0,37.0,122.0,25.0,10103.0,1632.0,7241.0,1639.0,ferret
3062,149.0,14265.0,106.0,123.0,10802.0,2462.0,1186.0,1571.0,33.0,117.0,31.0,10048.0,1806.0,6235.0,1606.0,ferret
3134,200.0,10096.0,123.0,159.0,6928.0,2920.0,1151.0,1352.0,37.0,127.0,31.0,6287.0,1573.0,6287.0,1582.0,ferret
3262,211.0,7041.0,125.0,129.0,4621.0,3257.0,1192.0,1330.0,29.0,147.0,24.0,4186.0,1735.0,6917.0,1829.0,ferret
3384,250.0,6053.0,179.0,214.0,5488.0,4634.0,1432.0,1535.0,56.0,186.0,54.0,7708.0,2063.0,5279.0,1990.0,ferret
2950,203.0,4911.0,167.0,171.0,4978.0,7432.0,1177.0,1342.0,66.0,168.0,64.0,8654.0,3427.0,5866.0,1595.0,ferret
3181,248.0,2903.0,192.0,197.0,3472.0,9624.0,1042.0,1319.0,51.0,177.0,49.0,6345.0,1611.0,6367.0,1966.0,ferret
2998,192.0,1631.0,148.0,152.0,1978.0,6317.0,1096.0,1320.0,70.0,136.0,67.0,2347.0,1609.0,6396.0,2246.0,ferret
2738,94.0,1318.0,77.0,70.0,1845.0,4409.0,1056.0,1274.0,29.0,97.0,21.0,2051.0,1617.0,6696.0,1527.0,ferret
2724,150.0,1284.0,111.0,107.0,1863.0,1931.0,1080.0,1259.0,25.0,114.0,18.0,2056.0,1795.0,5841.0,1485.0,ferret
2582,78.0,1252.0,62.0,55.0,1833.0,1936.0,938.0,1192.0,19.0,88.0,12.0,2111.0,1490.0,4936.0,1474.0,ferret
2850,197.0,1323.0,110.0,113.0,1880.0,1999.0,1023.0,1328.0,27.0,115.0,26.0,2146.0,1576.0,4897.0,1558.0,ferret
2850,237.0,1393.0,163.0,181.0,2063.0,2089.0,1283.0,1404.0,59.0,175.0,63.0,2164.0,1810.0,4664.0,1495.0,ferret
3167,224.0,1281.0,109.0,142.0,1901.0,1900.0,1161.0,1402.0,37.0,133.0,38.0,2081.0,2373.0,6850.0,1803.0,ferret
3238,286.0,1408.0,192.0,211.0,2137.0,2152.0,1417.0,1697.0,61.0,202.0,80.0,2304.0,2150.0,8085.0,1914.0,ferret
17946,9037.0,12254.0,9306.0,9222.0,15873.0,10879.0,12636.0,13699.0,8810.0,10333.0,8391.0,13166.0,11110.0,16400.0,9336.0,ferret
6635,71.0,7108.0,75.0,90.0,9443.0,1969.0,1916.0,3773.0,63.0,4519.0,49.0,9763.0,1531.0,8267.0,387.0,ferret
6942,84.0,8272.0,75.0,94.0,5565.0,1944.0,2244.0,4033.0,75.0,5074.0,65.0,9955.0,1945.0,8586.0,391.0,ferret
6635,67.0,7534.0,62.0,85.0,3962.0,2112.0,1971.0,3899.0,59.0,4279.0,47.0,7211.0,1661.0,7542.0,355.0,ferret
6563,67.0,6162.0,73.0,66.0,3942.0,3520.0,2005.0,3952.0,58.0,2760.0,47.0,6513.0,1755.0,7516.0,445.0,ferret
7079,128.0,4478.0,95.0,117.0,4165.0,7641.0,2409.0,4250.0,95.0,2325.0,82.0,7512.0,1860.0,6513.0,478.0,ferret
6613,70.0,3429.0,79.0,83.0,4812.0,18483.0,1929.0,3946.0,85.0,1915.0,68.0,7393.0,1946.0,5718.0,373.0,ferret
6669,184.0,2344.0,147.0,161.0,5264.0,21240.0,1929.0,3760.0,135.0,1377.0,119.0,5209.0,1624.0,5562.0,510.0,ferret
6492,102.0,1846.0,83.0,90.0,6544.0,7847.0,2031.0,3887.0,81.0,1194.0,76.0,2208.0,1635.0,7024.0,498.0,ferret
6161,37.0,1901.0,40.0,41.0,4510.0,2138.0,1820.0,3753.0,31.0,1168.0,24.0,1829.0,2072.0,7704.0,301.0,ferret
6317,110.0,2074.0,119.0,126.0,3892.0,2089.0,2231.0,3855.0,121.0,1259.0,103.0,1933.0,2426.0,7088.0,406.0,ferret
6039,29.0,1802.0,22.0,29.0,3694.0,1967.0,2300.0,3490.0,25.0,1072.0,18.0,1845.0,1761.0,7340.0,293.0,ferret
6213,51.0,1810.0,43.0,55.0,3932.0,2002.0,2352.0,3736.0,45.0,1254.0,44.0,1906.0,1809.0,5805.0,356.0,ferret
6551,101.0,2109.0,111.0,98.0,4094.0,2146.0,2244.0,3709.0,92.0,1405.0,86.0,2024.0,2445.0,5178.0,444.0,ferret
6698,43.0,1795.0,40.0,46.0,3994.0,2009.0,1945.0,3738.0,40.0,1308.0,39.0,1857.0,3298.0,3828.0,365.0,ferret
8229,114.0,2091.0,105.0,122.0,4378.0,2458.0,3298.0,4255.0,93.0,1613.0,92.0,2339.0,1971.0,4952.0,485.0,ferret
16418,8969.0,11884.0,8978.0,8401.0,15938.0,10920.0,12116.0,13065.0,8366.0,12071.0,7849.0,11199.0,13465.0,12919.0,7790.0,ferret
7003,45.0,2893.0,58.0,46.0,11861.0,2144.0,2350.0,3833.0,45.0,9342.0,36.0,10209.0,6208.0,5547.0,43.0,ferret
6282,78.0,2825.0,87.0,77.0,8051.0,2207.0,2769.0,4387.0,68.0,11441.0,61.0,7768.0,6874.0,4985.0,72.0,ferret
5858,50.0,2753.0,42.0,45.0,6201.0,2562.0,2553.0,4328.0,44.0,11761.0,37.0,4096.0,4150.0,4417.0,42.0,ferret
5571,45.0,2741.0,44.0,37.0,6167.0,3731.0,2347.0,5139.0,40.0,10909.0,32.0,3035.0,2801.0,5259.0,36.0,ferret
5954,97.0,2777.0,99.0,93.0,7364.0,7769.0,2909.0,4708.0,86.0,5116.0,71.0,5608.0,2705.0,4436.0,82.0,ferret
6171,57.0,2870.0,70.0,65.0,5917.0,18095.0,2618.0,4483.0,55.0,3242.0,54.0,6825.0,2796.0,4595.0,48.0,ferret
6660,139.0,2870.0,114.0,104.0,6291.0,20901.0,2401.0,3647.0,88.0,1402.0,84.0,5868.0,2861.0,3985.0,97.0,ferret
6302,75.0,2832.0,98.0,73.0,6584.0,7458.0,2309.0,4449.0,85.0,1069.0,93.0,2643.0,5413.0,4983.0,80.0,ferret
5483,38.0,2769.0,38.0,34.0,4962.0,2850.0,2388.0,4526.0,35.0,933.0,30.0,2220.0,3623.0,5029.0,33.0,ferret
5252,95.0,2896.0,113.0,85.0,4075.0,2284.0,2566.0,5365.0,84.0,967.0,87.0,2233.0,3528.0,3856.0,78.0,ferret
5284,30.0,2955.0,29.0,26.0,3925.0,2222.0,2865.0,4526.0,30.0,928.0,23.0,2209.0,2343.0,5121.0,26.0,ferret
5110,52.0,2838.0,59.0,52.0,3977.0,2220.0,2807.0,5560.0,49.0,1016.0,34.0,2248.0,966.0,4239.0,47.0,ferret
5276,63.0,2870.0,71.0,63.0,4556.0,2264.0,2602.0,4770.0,65.0,1010.0,64.0,2258.0,866.0,3835.0,63.0,ferret
5232,37.0,2687.0,39.0,43.0,4342.0,2229.0,2387.0,4461.0,50.0,917.0,44.0,2209.0,1144.0,4197.0,40.0,ferret
6240,48.0,2993.0,58.0,48.0,5376.0,2455.0,2873.0,4240.0,44.0,1066.0,39.0,2429.0,1921.0,3453.0,51.0,ferret
7360,2715.0,4890.0,2745.0,2528.0,10296.0,4448.0,3002.0,10871.0,2406.0,4535.0,2243.0,6043.0,2528.0,2582.0,2371.0,ferret
13572,28.0,2266.0,35.0,33.0,16924.0,1710.0,27.0,6979.0,36.0,10308.0,34.0,10368.0,135.0,285.0,39.0,ferret
15198,33.0,2104.0,38.0,42.0,10188.0,1768.0,34.0,7717.0,35.0,13716.0,44.0,12186.0,129.0,389.0,47.0,ferret
11875,30.0,2057.0,28.0,28.0,6624.0,1928.0,22.0,6192.0,33.0,7085.0,34.0,7992.0,141.0,359.0,37.0,ferret
9003,28.0,2191.0,30.0,27.0,5096.0,3953.0,29.0,6651.0,29.0,4555.0,29.0,6108.0,128.0,268.0,35.0,ferret
6989,36.0,2147.0,38.0,35.0,5152.0,8726.0,39.0,6788.0,40.0,6131.0,43.0,6633.0,167.0,323.0,48.0,ferret
5612,30.0,2041.0,32.0,29.0,6533.0,20132.0,28.0,7348.0,34.0,5842.0,39.0,6794.0,143.0,295.0,40.0,ferret
4208,35.0,2160.0,44.0,36.0,8828.0,23913.0,39.0,6362.0,44.0,4030.0,41.0,4844.0,189.0,377.0,48.0,ferret
2653,37.0,2161.0,38.0,36.0,7868.0,8415.0,42.0,6724.0,46.0,1764.0,43.0,2312.0,152.0,390.0,46.0,ferret
2334,29.0,2165.0,32.0,27.0,4870.0,2013.0,22.0,6041.0,29.0,1627.0,37.0,1657.0,118.0,302.0,33.0,ferret
2193,28.0,2287.0,38.0,29.0,4117.0,1823.0,41.0,8022.0,38.0,1607.0,51.0,1646.0,141.0,263.0,37.0,ferret
2131,16.0,2300.0,26.0,21.0,4151.0,1815.0,17.0,5963.0,25.0,1609.0,23.0,1637.0,113.0,419.0,37.0,ferret
2226,27.0,2185.0,23.0,26.0,4268.0,1825.0,28.0,7953.0,26.0,1633.0,37.0,1638.0,113.0,292.0,36.0,ferret
2298,57.0,2261.0,49.0,45.0,4471.0,1827.0,52.0,6817.0,50.0,1650.0,46.0,1657.0,153.0,389.0,69.0,ferret
2202,34.0,2151.0,40.0,42.0,4365.0,1839.0,43.0,7146.0,39.0,1627.0,44.0,1618.0,138.0,334.0,57.0,ferret
2213,26.0,2295.0,31.0,24.0,4261.0,1836.0,33.0,7705.0,31.0,1615.0,42.0,1618.0,148.0,219.0,37.0,ferret
14510,6588.0,6421.0,8113.0,6382.0,14422.0,8566.0,8652.0,14654.0,5975.0,7496.0,5998.0,8581.0,7336.0,7778.0,7088.0,ferret
8550,101.0,90.0,1490.0,217.0,17304.0,1687.0,1681.0,7727.0,53.0,7824.0,43.0,10883.0,682.0,791.0,345.0,ferret
9799,130.0,82.0,1500.0,142.0,10574.0,2239.0,1879.0,7561.0,70.0,10657.0,55.0,12595.0,718.0,796.0,379.0,ferret
8787,152.0,105.0,1416.0,165.0,4649.0,2952.0,1603.0,7036.0,68.0,8223.0,66.0,11338.0,671.0,734.0,408.0,ferret
7261,155.0,92.0,1419.0,140.0,4304.0,3221.0,1465.0,6015.0,53.0,5041.0,46.0,8596.0,702.0,743.0,429.0,ferret
7965,133.0,76.0,1430.0,143.0,4528.0,4957.0,1718.0,6895.0,60.0,4337.0,49.0,8678.0,700.0,737.0,458.0,ferret
7229,130.0,95.0,1351.0,125.0,6282.0,13579.0,1648.0,7627.0,73.0,3271.0,70.0,6402.0,665.0,834.0,387.0,ferret
6371,115.0,71.0,1395.0,106.0,8711.0,16480.0,1428.0,8261.0,48.0,1739.0,48.0,3225.0,607.0,696.0,344.0,ferret
5522,75.0,60.0,1394.0,85.0,9305.0,8601.0,1354.0,7338.0,52.0,1139.0,48.0,1509.0,606.0,628.0,315.0,ferret
5413,67.0,50.0,1277.0,69.0,4924.0,4347.0,1546.0,5792.0,29.0,1229.0,23.0,1593.0,623.0,632.0,270.0,ferret
5519,146.0,132.0,1436.0,163.0,4333.0,2710.0,1821.0,7541.0,125.0,1184.0,110.0,1582.0,735.0,745.0,488.0,ferret
5437,63.0,45.0,1354.0,68.0,4247.0,1526.0,1672.0,6448.0,28.0,1044.0,20.0,1428.0,602.0,618.0,342.0,ferret
5507,122.0,81.0,1408.0,106.0,4427.0,1638.0,2046.0,7938.0,41.0,1170.0,36.0,1487.0,668.0,659.0,374.0,ferret
5846,155.0,105.0,1510.0,154.0,4636.0,1645.0,1860.0,6844.0,91.0,1304.0,67.0,1664.0,670.0,778.0,367.0,ferret
6095,184.0,154.0,1499.0,188.0,4531.0,1585.0,1821.0,8033.0,83.0,1201.0,60.0,1567.0,871.0,808.0,493.0,ferret
6482,248.0,177.0,1636.0,263.0,4528.0,1772.0,1995.0,8821.0,111.0,1566.0,130.0,1704.0,904.0,884.0,540.0,ferret
10892,4734.0,4642.0,4776.0,4663.0,12301.0,7927.0,8674.0,12277.0,4406.0,6528.0,4603.0,7352.0,4658.0,4529.0,4567.0,ferret
4860,40.0,47.0,52.0,47.0,15620.0,2957.0,2415.0,5557.0,43.0,3703.0,31.0,9390.0,51.0,43.0,38.0,ferret
5256,48.0,36.0,47.0,40.0,9703.0,2909.0,2740.0,5928.0,42.0,5866.0,37.0,14375.0,45.0,37.0,38.0,ferret
5005,78.0,78.0,85.0,139.0,6493.0,3037.0,2451.0,5746.0,79.0,5977.0,60.0,7991.0,90.0,100.0,83.0,ferret
6406,45.0,45.0,73.0,61.0,5303.0,3865.0,2246.0,4880.0,49.0,4826.0,32.0,4979.0,67.0,54.0,43.0,ferret
5509,48.0,40.0,51.0,50.0,5411.0,6289.0,3104.0,6195.0,48.0,3868.0,36.0,8017.0,47.0,34.0,35.0,ferret
5332,52.0,45.0,53.0,47.0,7391.0,17025.0,2472.0,6246.0,48.0,2520.0,34.0,7859.0,57.0,38.0,37.0,ferret
5139,58.0,43.0,51.0,47.0,9941.0,19171.0,2500.0,6978.0,47.0,2029.0,50.0,4668.0,51.0,38.0,45.0,ferret
4798,36.0,32.0,44.0,33.0,9410.0,6998.0,2606.0,5948.0,45.0,1491.0,31.0,1644.0,39.0,30.0,29.0,ferret
4775,36.0,29.0,45.0,36.0,5455.0,3043.0,2056.0,4732.0,32.0,1491.0,25.0,1497.0,54.0,28.0,30.0,ferret
4883,76.0,67.0,81.0,76.0,4562.0,2982.0,2941.0,6328.0,84.0,1535.0,74.0,1634.0,79.0,66.0,56.0,ferret
4810,25.0,19.0,20.0,26.0,4578.0,2986.0,3141.0,5693.0,25.0,1490.0,14.0,1555.0,23.0,22.0,23.0,ferret
4893,40.0,32.0,63.0,51.0,4748.0,3046.0,2631.0,6906.0,32.0,1544.0,22.0,1583.0,58.0,22.0,33.0,ferret
5103,92.0,87.0,104.0,106.0,5050.0,3171.0,2962.0,6016.0,113.0,1638.0,89.0,1696.0,101.0,107.0,103.0,ferret
5131,80.0,77.0,131.0,114.0,4879.0,3068.0,2087.0,5979.0,77.0,1562.0,73.0,1677.0,129.0,82.0,82.0,ferret
5452,55.0,49.0,91.0,75.0,5062.0,3352.0,4181.0,7683.0,54.0,1746.0,42.0,2039.0,90.0,48.0,45.0,ferret
7531,3446.0,3232.0,3579.0,3683.0,10477.0,5383.0,7607.0,7459.0,3378.0,5753.0,2714.0,6916.0,2630.0,2485.0,2522.0,ferret
4295,34.0,32.0,35.0,34.0,14472.0,1986.0,5118.0,3418.0,35.0,8330.0,25.0,9998.0,33.0,30.0,30.0,ferret
4877,29.0,22.0,31.0,25.0,8266.0,2009.0,4911.0,3312.0,29.0,14230.0,18.0,13611.0,23.0,25.0,23.0,ferret
4468,34.0,31.0,34.0,31.0,6710.0,2608.0,5447.0,3171.0,32.0,6816.0,19.0,10855.0,30.0,22.0,28.0,ferret
5055,32.0,23.0,29.0,26.0,5763.0,4324.0,7587.0,2559.0,27.0,4849.0,17.0,8894.0,23.0,25.0,24.0,ferret
4618,43.0,37.0,39.0,33.0,5690.0,7329.0,5140.0,3443.0,44.0,4770.0,25.0,7867.0,26.0,28.0,25.0,ferret
4278,36.0,33.0,38.0,32.0,5893.0,17623.0,3831.0,3679.0,36.0,6543.0,15.0,5876.0,22.0,19.0,19.0,ferret
4028,39.0,35.0,35.0,30.0,7948.0,19227.0,3766.0,3517.0,38.0,5329.0,30.0,3430.0,31.0,27.0,26.0,ferret
4442,34.0,30.0,29.0,26.0,10339.0,8967.0,4884.0,3006.0,36.0,2874.0,19.0,1611.0,23.0,21.0,18.0,ferret
4344,29.0,27.0,29.0,24.0,6256.0,3647.0,6648.0,2461.0,32.0,2061.0,21.0,1416.0,29.0,25.0,23.0,ferret
4378,48.0,42.0,40.0,36.0,5094.0,2007.0,7130.0,3157.0,44.0,2029.0,23.0,1432.0,31.0,27.0,28.0,ferret
3579,17.0,19.0,21.0,14.0,5119.0,1997.0,4285.0,3140.0,22.0,2057.0,13.0,1385.0,18.0,19.0,14.0,ferret
3953,37.0,33.0,36.0,30.0,5265.0,2075.0,4764.0,3969.0,33.0,2155.0,20.0,1517.0,24.0,25.0,22.0,ferret
3567,42.0,32.0,38.0,37.0,5458.0,2118.0,3425.0,3516.0,38.0,2054.0,23.0,1443.0,29.0,26.0,34.0,ferret
3740,35.0,28.0,34.0,36.0,5431.0,2088.0,2244.0,3176.0,32.0,2044.0,20.0,1444.0,26.0,23.0,27.0,ferret
3601,36.0,26.0,33.0,28.0,5451.0,2237.0,2635.0,3592.0,31.0,2185.0,17.0,1634.0,25.0,27.0,29.0,ferret
3837,2500.0,2451.0,2480.0,2480.0,2489.0,2376.0,2415.0,2439.0,4312.0,2375.0,8475.0,3042.0,2512.0,2467.0,2471.0,ferret
1279,29.0,49.0,44.0,37.0,44.0,27.0,31.0,27.0,1894.0,34.0,5552.0,331.0,65.0,36.0,36.0,ferret
1240,27.0,39.0,36.0,23.0,30.0,24.0,23.0,21.0,1874.0,33.0,5203.0,450.0,59.0,34.0,39.0,ferret
1271,25.0,59.0,30.0,30.0,40.0,21.0,27.0,25.0,1874.0,29.0,5348.0,381.0,71.0,31.0,25.0,ferret
1271,25.0,54.0,38.0,28.0,35.0,28.0,27.0,28.0,1880.0,33.0,4613.0,343.0,62.0,39.0,38.0,ferret
1273,28.0,53.0,34.0,32.0,33.0,30.0,29.0,32.0,1888.0,32.0,4727.0,506.0,64.0,29.0,31.0,ferret
1211,20.0,48.0,30.0,24.0,25.0,18.0,24.0,26.0,1883.0,26.0,5520.0,394.0,57.0,23.0,22.0,ferret
1242,24.0,47.0,32.0,25.0,30.0,23.0,22.0,25.0,1876.0,34.0,5291.0,366.0,59.0,30.0,27.0,ferret
1253,23.0,56.0,36.0,27.0,33.0,24.0,24.0,23.0,1885.0,35.0,5728.0,371.0,56.0,36.0,33.0,ferret
1285,53.0,79.0,70.0,58.0,63.0,55.0,57.0,55.0,1922.0,72.0,6164.0,370.0,103.0,71.0,69.0,ferret
1211,33.0,50.0,28.0,25.0,33.0,22.0,23.0,29.0,1887.0,27.0,6234.0,365.0,65.0,30.0,24.0,ferret
1294,116.0,113.0,96.0,113.0,111.0,103.0,106.0,100.0,1964.0,114.0,5894.0,511.0,163.0,97.0,95.0,ferret
1275,51.0,91.0,67.0,53.0,55.0,40.0,48.0,49.0,1908.0,61.0,5536.0,359.0,94.0,63.0,65.0,ferret
1252,22.0,47.0,28.0,20.0,26.0,20.0,21.0,20.0,1882.0,24.0,5532.0,449.0,65.0,27.0,31.0,ferret
1250,21.0,54.0,30.0,25.0,22.0,20.0,23.0,23.0,1877.0,25.0,5197.0,407.0,62.0,25.0,20.0,ferret
1270,21.0,57.0,34.0,19.0,31.0,20.0,20.0,18.0,1883.0,34.0,6011.0,542.0,58.0,34.0,27.0,ferret
12334,5056.0,4953.0,6102.0,5393.0,8070.0,5890.0,8749.0,7946.0,5244.0,6681.0,4786.0,7706.0,5894.0,4481.0,4950.0,ferret
6653,37.0,39.0,653.0,30.0,4911.0,1333.0,6168.0,2045.0,37.0,7852.0,339.0,9518.0,1938.0,29.0,313.0,ferret
6961,35.0,23.0,754.0,26.0,2880.0,1459.0,5960.0,2158.0,32.0,15227.0,337.0,13763.0,2027.0,25.0,303.0,ferret
6423,63.0,134.0,699.0,59.0,2306.0,2502.0,5559.0,2040.0,55.0,11747.0,441.0,9768.0,1689.0,47.0,349.0,ferret
6915,29.0,21.0,693.0,20.0,2225.0,3092.0,10446.0,2080.0,26.0,5310.0,338.0,8195.0,1318.0,21.0,317.0,ferret
5935,65.0,79.0,855.0,78.0,2331.0,4065.0,4116.0,2191.0,76.0,4987.0,375.0,8439.0,1267.0,53.0,366.0,ferret
6766,63.0,72.0,841.0,69.0,2543.0,5265.0,2674.0,2131.0,67.0,6440.0,330.0,7100.0,1071.0,59.0,369.0,ferret
5905,39.0,35.0,649.0,32.0,2865.0,6105.0,3526.0,2107.0,43.0,5144.0,318.0,3970.0,1004.0,38.0,345.0,ferret
6782,125.0,103.0,691.0,121.0,3796.0,6320.0,4864.0,2095.0,129.0,2461.0,409.0,1878.0,1145.0,130.0,396.0,ferret
7349,36.0,27.0,601.0,28.0,2657.0,4692.0,7397.0,2108.0,35.0,1738.0,358.0,1697.0,1079.0,30.0,341.0,ferret
6944,46.0,43.0,683.0,54.0,2248.0,1181.0,8727.0,2101.0,46.0,1708.0,356.0,1699.0,1088.0,46.0,373.0,ferret
6004,38.0,28.0,648.0,32.0,2139.0,1034.0,5269.0,2205.0,36.0,1701.0,335.0,1636.0,962.0,31.0,528.0,ferret
6610,34.0,41.0,624.0,39.0,2187.0,1110.0,5910.0,2326.0,36.0,1775.0,342.0,1677.0,1011.0,39.0,341.0,ferret
6757,68.0,60.0,723.0,77.0,2342.0,1271.0,2357.0,2227.0,75.0,1786.0,399.0,1759.0,1082.0,62.0,417.0,ferret
5913,35.0,32.0,616.0,32.0,2218.0,1056.0,1351.0,2177.0,34.0,1743.0,346.0,1654.0,1042.0,35.0,334.0,ferret
7127,42.0,26.0,722.0,34.0,2308.0,1232.0,2065.0,2306.0,32.0,1800.0,409.0,1714.0,1144.0,27.0,356.0,ferret
14903,7657.0,6889.0,10163.0,8223.0,8013.0,8844.0,8286.0,12933.0,6796.0,9138.0,9347.0,11256.0,9311.0,6924.0,10246.0,ferret
7610,2946.0,69.0,2530.0,585.0,575.0,1689.0,930.0,5468.0,62.0,8717.0,2860.0,10271.0,9169.0,90.0,3053.0,ferret
8412,3220.0,25.0,2581.0,480.0,474.0,1693.0,879.0,5391.0,30.0,12669.0,2840.0,12464.0,11858.0,31.0,3067.0,ferret
7646,2152.0,139.0,2579.0,599.0,605.0,2292.0,937.0,5419.0,138.0,7423.0,2926.0,11107.0,9704.0,135.0,3067.0,ferret
8056,1104.0,92.0,2574.0,658.0,521.0,4315.0,974.0,5536.0,80.0,3883.0,3007.0,10248.0,6525.0,100.0,3017.0,ferret
7292,2047.0,116.0,2750.0,667.0,580.0,7050.0,1080.0,5907.0,120.0,5271.0,2933.0,6800.0,4740.0,122.0,3171.0,ferret
7553,2171.0,94.0,2549.0,541.0,572.0,16719.0,890.0,6810.0,89.0,7018.0,2744.0,5427.0,3252.0,103.0,3068.0,ferret
7409,1560.0,119.0,2505.0,595.0,587.0,15519.0,878.0,7892.0,109.0,6061.0,2780.0,3256.0,1939.0,139.0,3190.0,ferret
7925,837.0,110.0,2507.0,547.0,544.0,8126.0,907.0,8695.0,104.0,3516.0,2932.0,1851.0,1222.0,119.0,3295.0,ferret
8233,740.0,32.0,2466.0,451.0,445.0,3409.0,831.0,6411.0,36.0,2465.0,2937.0,1402.0,1152.0,35.0,3325.0,ferret
7946,748.0,47.0,2646.0,554.0,491.0,1754.0,926.0,5517.0,46.0,2405.0,2999.0,1344.0,1080.0,58.0,3298.0,ferret
6702,737.0,67.0,2449.0,418.0,485.0,1733.0,915.0,9261.0,77.0,2454.0,3003.0,1372.0,1104.0,74.0,3302.0,ferret
6997,778.0,41.0,2358.0,676.0,478.0,1737.0,902.0,14344.0,42.0,2469.0,2863.0,1415.0,1157.0,48.0,3210.0,ferret
6520,830.0,131.0,2619.0,610.0,572.0,1876.0,966.0,11931.0,127.0,2540.0,2913.0,1539.0,1274.0,128.0,3267.0,ferret
6759,792.0,33.0,2512.0,684.0,467.0,1726.0,795.0,7337.0,35.0,2418.0,2841.0,1342.0,1069.0,38.0,3213.0,ferret
7641,851.0,85.0,2673.0,898.0,544.0,1767.0,986.0,5523.0,79.0,2441.0,3046.0,1422.0,1178.0,75.0,3314.0,ferret
13921,9726.0,7506.0,10613.0,9843.0,8350.0,8978.0,9379.0,13633.0,7203.0,9585.0,9819.0,11211.0,10341.0,9036.0,10751.0,ferret
6194,9805.0,75.0,3008.0,1030.0,430.0,1719.0,1412.0,5908.0,76.0,8894.0,2888.0,10310.0,8824.0,927.0,3086.0,ferret
6557,14260.0,31.0,3119.0,972.0,436.0,1441.0,1370.0,5890.0,34.0,12743.0,2898.0,9930.0,12795.0,854.0,3045.0,ferret
6353,9881.0,126.0,3119.0,986.0,530.0,2282.0,1453.0,5964.0,116.0,6726.0,2990.0,7502.0,10435.0,854.0,3088.0,ferret
6484,5279.0,121.0,3185.0,1057.0,491.0,4003.0,1396.0,5958.0,125.0,2806.0,3085.0,6241.0,8318.0,1246.0,3109.0,ferret
6358,6239.0,101.0,3208.0,1097.0,495.0,7312.0,1437.0,6132.0,114.0,4586.0,2977.0,5809.0,5928.0,975.0,3168.0,ferret
6197,5380.0,70.0,3128.0,1027.0,457.0,17068.0,1301.0,6693.0,67.0,6906.0,2884.0,5832.0,4372.0,929.0,3086.0,ferret
6706,3478.0,168.0,3224.0,1035.0,562.0,19122.0,1449.0,7584.0,186.0,6411.0,3369.0,4292.0,2378.0,975.0,3226.0,ferret
6803,1546.0,78.0,3113.0,820.0,433.0,8873.0,1309.0,9039.0,58.0,3607.0,3120.0,1739.0,1187.0,719.0,3287.0,ferret
6352,1413.0,33.0,3115.0,805.0,450.0,2882.0,1350.0,7413.0,36.0,2718.0,3000.0,1552.0,1134.0,729.0,3527.0,ferret
6157,1427.0,63.0,3217.0,1019.0,430.0,1510.0,1355.0,6081.0,49.0,2630.0,3051.0,1551.0,1103.0,790.0,3356.0,ferret
5929,1445.0,126.0,3376.0,882.0,473.0,1611.0,1547.0,10067.0,110.0,2820.0,3243.0,1684.0,1178.0,796.0,3429.0,ferret
6131,1368.0,55.0,3083.0,933.0,387.0,1506.0,1470.0,14828.0,46.0,2719.0,3192.0,1605.0,1148.0,838.0,3270.0,ferret
6018,1411.0,78.0,3030.0,956.0,436.0,1566.0,1436.0,10602.0,74.0,2713.0,3112.0,1607.0,1172.0,856.0,3263.0,ferret
6212,1427.0,76.0,3175.0,1356.0,414.0,1522.0,1453.0,7327.0,64.0,2696.0,2988.0,1562.0,1101.0,959.0,3288.0,ferret
6233,1389.0,87.0,3260.0,1326.0,459.0,1563.0,1535.0,6031.0,80.0,2747.0,3028.0,1668.0,1138.0,1069.0,3320.0,ferret
10588,8942.0,6222.0,9001.0,13550.0,6679.0,7615.0,6770.0,9499.0,5613.0,7352.0,8367.0,8295.0,8838.0,9661.0,7222.0,ferret
3793,10870.0,140.0,2523.0,6836.0,122.0,1352.0,207.0,2902.0,47.0,7534.0,2891.0,10099.0,9981.0,5130.0,818.0,ferret
3980,12955.0,142.0,2609.0,6869.0,126.0,1710.0,227.0,2872.0,38.0,14645.0,2887.0,12827.0,12933.0,3839.0,828.0,ferret
4037,10302.0,200.0,2629.0,5177.0,164.0,2407.0,276.0,2888.0,64.0,11951.0,2825.0,10187.0,10415.0,2382.0,827.0,ferret
4252,8055.0,255.0,2708.0,4834.0,207.0,3791.0,304.0,3023.0,90.0,6595.0,2961.0,7827.0,6769.0,2535.0,1036.0,ferret
4240,7105.0,202.0,2731.0,5176.0,161.0,5122.0,251.0,3092.0,48.0,6213.0,2788.0,8653.0,4396.0,2414.0,864.0,ferret
4087,5450.0,191.0,2682.0,5529.0,174.0,8866.0,260.0,3107.0,77.0,7409.0,2733.0,7431.0,2968.0,2516.0,953.0,ferret
4145,3592.0,230.0,2702.0,5074.0,154.0,10318.0,233.0,3654.0,55.0,4962.0,2859.0,4247.0,1740.0,2751.0,890.0,ferret
4045,1745.0,169.0,2655.0,4761.0,142.0,5410.0,217.0,3681.0,65.0,2264.0,2860.0,1689.0,1136.0,2835.0,929.0,ferret
3641,1564.0,103.0,2630.0,4273.0,86.0,2485.0,178.0,3572.0,30.0,1796.0,2728.0,1535.0,1127.0,2752.0,841.0,ferret
3608,1516.0,117.0,2816.0,4213.0,99.0,1315.0,183.0,2975.0,35.0,1741.0,2870.0,1480.0,1088.0,2282.0,797.0,ferret
3431,1442.0,139.0,2649.0,3989.0,116.0,1202.0,189.0,4269.0,58.0,1805.0,2958.0,1478.0,1031.0,2315.0,833.0,ferret
3708,1496.0,173.0,2596.0,4128.0,111.0,1204.0,232.0,5263.0,32.0,1752.0,2905.0,1497.0,1139.0,2388.0,844.0,ferret
3667,1590.0,193.0,2615.0,4258.0,185.0,1314.0,336.0,4219.0,57.0,1768.0,2921.0,1552.0,1243.0,2436.0,811.0,ferret
4125,1586.0,279.0,2781.0,4440.0,223.0,1385.0,329.0,3642.0,79.0,1881.0,2995.0,1575.0,1205.0,2467.0,1023.0,ferret
4127,1588.0,286.0,2852.0,4655.0,214.0,1570.0,323.0,3081.0,85.0,1804.0,3132.0,1524.0,1239.0,2608.0,1018.0,ferret
6679,5685.0,4097.0,4252.0,9416.0,4097.0,5027.0,4217.0,4885.0,2759.0,4589.0,3161.0,6617.0,6443.0,9147.0,4480.0,ferret
2377,5747.0,501.0,431.0,7160.0,366.0,1816.0,520.0,1451.0,61.0,8836.0,205.0,11810.0,9952.0,7836.0,701.0,ferret
2496,7692.0,520.0,544.0,5815.0,459.0,1889.0,768.0,1530.0,52.0,15231.0,213.0,10816.0,12706.0,6553.0,732.0,ferret
2695,4956.0,673.0,586.0,5561.0,536.0,2003.0,784.0,1597.0,62.0,12373.0,323.0,7508.0,10080.0,5124.0,848.0,ferret
2793,3344.0,810.0,727.0,5712.0,636.0,4982.0,820.0,1690.0,99.0,6513.0,326.0,5175.0,7645.0,4657.0,942.0,ferret
3046,4649.0,817.0,839.0,5429.0,571.0,7628.0,993.0,1827.0,61.0,7051.0,334.0,5495.0,5953.0,4499.0,991.0,ferret
2371,4339.0,544.0,504.0,5093.0,364.0,17501.0,624.0,1566.0,49.0,6703.0,201.0,5988.0,4535.0,4609.0,661.0,ferret
2664,3319.0,613.0,620.0,5190.0,463.0,18493.0,584.0,1531.0,64.0,4450.0,265.0,4271.0,3067.0,5336.0,756.0,ferret
2476,1626.0,499.0,496.0,5294.0,411.0,10091.0,597.0,1530.0,65.0,2167.0,243.0,2457.0,1659.0,5117.0,722.0,ferret
2166,1506.0,391.0,308.0,5314.0,264.0,3098.0,408.0,1412.0,24.0,1701.0,121.0,1795.0,1563.0,4726.0,570.0,ferret
2241,1513.0,430.0,398.0,4868.0,313.0,1847.0,438.0,1432.0,28.0,1670.0,167.0,1786.0,1602.0,4239.0,608.0,ferret
2198,1392.0,383.0,397.0,4658.0,416.0,1731.0,478.0,1456.0,42.0,1740.0,148.0,1806.0,1541.0,4344.0,781.0,ferret
2452,1516.0,580.0,562.0,4718.0,367.0,1747.0,541.0,1464.0,25.0,1674.0,252.0,1806.0,1587.0,4257.0,713.0,ferret
2434,1534.0,593.0,631.0,4949.0,520.0,1801.0,649.0,1550.0,72.0,1756.0,244.0,1851.0,1671.0,4288.0,834.0,ferret
2723,1598.0,750.0,724.0,4912.0,493.0,1898.0,703.0,1536.0,45.0,1719.0,324.0,1818.0,1582.0,4381.0,892.0,ferret
2950,1923.0,882.0,893.0,5283.0,646.0,1984.0,798.0,1804.0,82.0,1865.0,350.0,2036.0,1821.0,4605.0,1043.0,ferret
636,3127.0,387.0,529.0,495.0,441.0,2069.0,383.0,448.0,319.0,2048.0,290.0,4440.0,2320.0,8923.0,339.0,ferret
216,12585.0,70.0,37.0,44.0,34.0,1882.0,40.0,47.0,21.0,8864.0,38.0,10968.0,11570.0,13301.0,36.0,ferret
175,11995.0,58.0,38.0,28.0,26.0,1847.0,21.0,39.0,13.0,14894.0,26.0,12470.0,16289.0,9482.0,22.0,ferret
278,9944.0,83.0,32.0,32.0,33.0,2797.0,30.0,40.0,15.0,11130.0,31.0,8359.0,11194.0,6720.0,24.0,ferret
270,6076.0,86.0,45.0,35.0,41.0,4354.0,35.0,66.0,26.0,6603.0,50.0,7280.0,7160.0,6010.0,38.0,ferret
242,6048.0,101.0,40.0,37.0,35.0,7684.0,29.0,53.0,19.0,7329.0,31.0,6333.0,5989.0,5931.0,25.0,ferret
164,5458.0,62.0,28.0,22.0,24.0,17413.0,27.0,40.0,15.0,6758.0,20.0,6003.0,4748.0,6603.0,16.0,ferret
200,4904.0,68.0,33.0,26.0,30.0,20853.0,27.0,42.0,19.0,4933.0,27.0,4364.0,2187.0,7562.0,19.0,ferret
236,2171.0,72.0,31.0,34.0,33.0,9400.0,31.0,36.0,18.0,2414.0,59.0,2143.0,1104.0,8341.0,36.0,ferret
182,1697.0,55.0,23.0,26.0,18.0,4013.0,24.0,46.0,9.0,1902.0,31.0,1698.0,1155.0,6718.0,26.0,ferret
130,1598.0,43.0,17.0,19.0,21.0,1782.0,24.0,30.0,9.0,1792.0,23.0,1648.0,1100.0,5806.0,17.0,ferret
136,1601.0,37.0,20.0,20.0,14.0,1828.0,15.0,23.0,11.0,1815.0,18.0,1674.0,1061.0,5658.0,18.0,ferret
151,1657.0,57.0,22.0,17.0,19.0,1836.0,21.0,53.0,7.0,1819.0,39.0,1666.0,1103.0,5916.0,18.0,ferret
173,1654.0,82.0,33.0,27.0,32.0,1799.0,30.0,39.0,13.0,1845.0,26.0,1667.0,1138.0,5844.0,26.0,ferret
215,1556.0,81.0,27.0,30.0,25.0,1767.0,24.0,77.0,11.0,1796.0,59.0,1637.0,1058.0,5721.0,20.0,ferret
200,1612.0,93.0,40.0,37.0,35.0,1790.0,29.0,67.0,15.0,1816.0,50.0,1670.0,1054.0,5674.0,29.0,ferret
5235,5579.0,2975.0,3122.0,3626.0,3106.0,4817.0,4722.0,4272.0,2418.0,4104.0,2985.0,5448.0,5392.0,7709.0,4752.0,ferret
1564,9337.0,196.0,268.0,488.0,129.0,3840.0,2455.0,1059.0,43.0,7976.0,282.0,10072.0,10319.0,5793.0,2279.0,ferret
1527,10815.0,179.0,215.0,496.0,144.0,5074.0,2774.0,1099.0,34.0,15619.0,257.0,12811.0,13747.0,3923.0,2747.0,ferret
1746,7962.0,245.0,297.0,487.0,179.0,3421.0,2007.0,1557.0,48.0,13978.0,314.0,8987.0,9524.0,3621.0,2504.0,ferret
1804,5203.0,301.0,325.0,537.0,198.0,4331.0,1346.0,1961.0,53.0,7253.0,350.0,5256.0,5645.0,3449.0,2380.0,ferret
1808,6270.0,308.0,344.0,590.0,183.0,6133.0,2229.0,1890.0,30.0,6974.0,321.0,6876.0,5107.0,3574.0,1666.0,ferret
1476,5951.0,196.0,216.0,400.0,102.0,8755.0,2706.0,1505.0,28.0,7114.0,280.0,6672.0,4519.0,3399.0,1320.0,ferret
1627,5054.0,199.0,241.0,458.0,132.0,10745.0,1901.0,1028.0,33.0,4119.0,292.0,4225.0,2925.0,3471.0,924.0,ferret
1528,2194.0,211.0,267.0,533.0,132.0,6518.0,1060.0,850.0,44.0,1583.0,253.0,1945.0,1488.0,4070.0,776.0,ferret
1347,1958.0,111.0,184.0,361.0,56.0,3632.0,977.0,1163.0,13.0,1496.0,221.0,1770.0,1434.0,4249.0,757.0,ferret
1435,1969.0,123.0,272.0,458.0,64.0,1582.0,967.0,2138.0,13.0,1503.0,251.0,1761.0,1403.0,3484.0,756.0,ferret
1465,1901.0,138.0,223.0,413.0,88.0,1577.0,1033.0,3363.0,34.0,1511.0,213.0,1761.0,1435.0,3479.0,778.0,ferret
1571,1973.0,164.0,219.0,448.0,96.0,1506.0,942.0,2237.0,13.0,1434.0,308.0,1734.0,1435.0,3371.0,707.0,ferret
1584,1957.0,198.0,243.0,412.0,118.0,1609.0,1041.0,1710.0,30.0,1528.0,303.0,1781.0,1471.0,3438.0,940.0,ferret
1796,2040.0,278.0,336.0,506.0,183.0,1615.0,1086.0,1048.0,48.0,1577.0,379.0,1785.0,1436.0,3475.0,901.0,ferret
1871,2109.0,333.0,350.0,706.0,216.0,1815.0,1341.0,1291.0,50.0,1638.0,465.0,1913.0,1531.0,3654.0,1087.0,ferret
814,3198.0,466.0,602.0,569.0,539.0,3398.0,4639.0,1951.0,415.0,2143.0,338.0,5214.0,4180.0,484.0,6496.0,ferret
314,11289.0,31.0,32.0,40.0,29.0,12096.0,12070.0,1487.0,20.0,9137.0,27.0,11160.0,11092.0,32.0,14547.0,ferret
246,11910.0,20.0,27.0,28.0,24.0,15856.0,9285.0,1574.0,11.0,14544.0,21.0,11720.0,13904.0,23.0,8902.0,ferret
321,7563.0,31.0,28.0,37.0,38.0,9027.0,5752.0,2236.0,18.0,10910.0,27.0,9853.0,10602.0,41.0,5704.0,ferret
307,4221.0,39.0,42.0,43.0,42.0,5866.0,3027.0,4882.0,26.0,5995.0,28.0,10062.0,7085.0,41.0,4265.0,ferret
291,6710.0,26.0,32.0,35.0,30.0,4272.0,6180.0,5622.0,19.0,5456.0,27.0,7020.0,5035.0,29.0,4255.0,ferret
209,6418.0,16.0,24.0,28.0,24.0,3681.0,8946.0,5286.0,11.0,6252.0,13.0,6442.0,4077.0,20.0,6281.0,ferret
249,5831.0,18.0,21.0,26.0,21.0,2335.0,7252.0,3317.0,12.0,4878.0,17.0,3671.0,2585.0,20.0,7276.0,ferret
266,2400.0,27.0,34.0,37.0,31.0,1238.0,4199.0,1621.0,21.0,2294.0,24.0,1765.0,1388.0,32.0,4391.0,ferret
223,1896.0,20.0,24.0,25.0,19.0,1240.0,2506.0,1965.0,10.0,1874.0,23.0,1522.0,1318.0,23.0,3024.0,ferret
169,1811.0,16.0,23.0,21.0,14.0,1173.0,2413.0,10002.0,9.0,1769.0,16.0,1491.0,1269.0,25.0,2927.0,ferret
179,1869.0,15.0,21.0,25.0,18.0,1150.0,2479.0,14541.0,12.0,1837.0,16.0,1524.0,1302.0,32.0,2930.0,ferret
192,1858.0,17.0,21.0,17.0,15.0,1143.0,2416.0,7068.0,3.0,1829.0,21.0,1570.0,1317.0,19.0,3007.0,ferret
244,1845.0,21.0,21.0,24.0,22.0,1183.0,2405.0,2792.0,14.0,1807.0,23.0,1535.0,1341.0,29.0,3030.0,ferret
257,1818.0,26.0,32.0,37.0,26.0,1172.0,2391.0,1578.0,18.0,1813.0,26.0,1484.0,1303.0,38.0,2966.0,ferret
236,1847.0,19.0,19.0,35.0,22.0,1187.0,2435.0,1507.0,12.0,1787.0,20.0,1529.0,1301.0,22.0,2941.0,ferret
648,3326.0,305.0,414.0,427.0,455.0,3666.0,5071.0,2398.0,273.0,2737.0,219.0,5051.0,3580.0,331.0,6757.0,ferret
206,12560.0,22.0,24.0,22.0,23.0,11041.0,14108.0,2076.0,12.0,7602.0,13.0,10958.0,10100.0,16.0,14169.0,ferret
159,12889.0,7.0,18.0,13.0,15.0,15050.0,7653.0,2131.0,6.0,15304.0,4.0,6688.0,13682.0,9.0,8265.0,ferret
220,10636.0,17.0,17.0,21.0,30.0,10637.0,3831.0,3646.0,11.0,12353.0,17.0,4576.0,11650.0,16.0,4959.0,ferret
231,7180.0,21.0,23.0,32.0,30.0,7817.0,2157.0,5729.0,12.0,8463.0,18.0,4192.0,8555.0,17.0,3042.0,ferret
240,6661.0,16.0,22.0,19.0,18.0,6460.0,3535.0,6094.0,10.0,7638.0,12.0,5049.0,6671.0,19.0,4435.0,ferret
133,5928.0,9.0,15.0,18.0,10.0,4877.0,6629.0,5480.0,4.0,7641.0,9.0,6437.0,4633.0,12.0,7654.0,ferret
159,4407.0,12.0,16.0,12.0,16.0,2421.0,6177.0,3334.0,7.0,5294.0,12.0,5582.0,2793.0,13.0,8734.0,ferret
175,2186.0,21.0,26.0,28.0,20.0,1718.0,4138.0,2254.0,11.0,2565.0,13.0,3463.0,1411.0,15.0,4377.0,ferret
144,1749.0,5.0,10.0,8.0,10.0,1706.0,2262.0,2805.0,4.0,2056.0,6.0,2568.0,1295.0,10.0,2987.0,ferret
98,1638.0,12.0,12.0,14.0,6.0,1619.0,2146.0,8545.0,2.0,2027.0,2.0,2500.0,1237.0,7.0,2873.0,ferret
124,1616.0,12.0,15.0,16.0,18.0,1610.0,2193.0,12238.0,6.0,2034.0,10.0,2551.0,1247.0,8.0,2925.0,ferret
133,1643.0,9.0,11.0,10.0,4.0,1619.0,2235.0,7186.0,3.0,2013.0,3.0,2560.0,1288.0,5.0,3005.0,ferret
167,1660.0,12.0,17.0,13.0,13.0,1640.0,2189.0,4392.0,5.0,1989.0,10.0,2512.0,1301.0,11.0,3033.0,ferret
177,1611.0,15.0,19.0,22.0,27.0,1586.0,2163.0,2155.0,12.0,2035.0,12.0,2427.0,1262.0,17.0,2924.0,ferret
165,1630.0,14.0,18.0,16.0,20.0,1576.0,2186.0,2124.0,9.0,2004.0,10.0,2461.0,1483.0,13.0,2933.0,ferret
1249,3461.0,666.0,761.0,816.0,807.0,2776.0,7311.0,2075.0,698.0,3122.0,601.0,4276.0,3703.0,784.0,6866.0,ferret
389,9612.0,19.0,25.0,24.0,24.0,9636.0,9906.0,1453.0,30.0,9024.0,17.0,9941.0,12057.0,24.0,13988.0,ferret
346,12765.0,12.0,20.0,14.0,16.0,12937.0,7577.0,1451.0,29.0,15539.0,12.0,8775.0,15141.0,17.0,7567.0,ferret
405,7534.0,24.0,22.0,20.0,30.0,5072.0,11525.0,1981.0,42.0,11854.0,20.0,4534.0,11291.0,28.0,5427.0,ferret
437,3991.0,22.0,27.0,31.0,30.0,4512.0,6319.0,4922.0,55.0,8899.0,23.0,3210.0,7392.0,34.0,3708.0,ferret
420,7003.0,17.0,24.0,20.0,19.0,4908.0,4755.0,5349.0,45.0,6188.0,18.0,5808.0,5035.0,27.0,4550.0,ferret
331,7496.0,10.0,12.0,14.0,14.0,4957.0,5361.0,5153.0,22.0,5407.0,9.0,6794.0,3673.0,12.0,5839.0,ferret
352,5859.0,13.0,11.0,14.0,17.0,4187.0,10580.0,3453.0,27.0,4220.0,12.0,5582.0,2355.0,18.0,6677.0,ferret
351,2613.0,20.0,20.0,25.0,24.0,2048.0,4347.0,1545.0,32.0,2440.0,14.0,2937.0,1122.0,25.0,5005.0,ferret
338,2079.0,3.0,9.0,11.0,11.0,1948.0,1525.0,1902.0,21.0,1865.0,9.0,2415.0,1126.0,13.0,3726.0,ferret
282,2037.0,10.0,10.0,14.0,7.0,1894.0,1403.0,10571.0,22.0,1796.0,5.0,2328.0,1053.0,10.0,3534.0,ferret
315,2019.0,9.0,22.0,17.0,18.0,1910.0,4706.0,13524.0,34.0,1833.0,14.0,2402.0,1041.0,13.0,3595.0,ferret
312,2021.0,8.0,5.0,9.0,7.0,1828.0,2002.0,7538.0,33.0,1840.0,4.0,2376.0,1092.0,8.0,3635.0,ferret
352,2015.0,13.0,16.0,13.0,14.0,1827.0,2781.0,2624.0,26.0,1826.0,12.0,2398.0,1133.0,25.0,3668.0,ferret
404,2012.0,19.0,21.0,20.0,27.0,1847.0,3455.0,1528.0,77.0,1802.0,17.0,2347.0,1080.0,28.0,3620.0,ferret
364,2035.0,18.0,19.0,14.0,19.0,1838.0,7190.0,1465.0,65.0,1790.0,11.0,2360.0,1087.0,19.0,3625.0,ferret
3251,2098.0,2001.0,2068.0,2071.0,2068.0,1987.0,2011.0,2060.0,3916.0,2008.0,2459.0,2070.0,2089.0,2092.0,2081.0,ferret
1060,15.0,26.0,15.0,16.0,22.0,12.0,18.0,20.0,1896.0,16.0,257.0,42.0,34.0,15.0,17.0,ferret
1010,16.0,9.0,12.0,16.0,20.0,12.0,19.0,22.0,1904.0,11.0,216.0,41.0,31.0,19.0,17.0,ferret
1044,18.0,20.0,12.0,20.0,19.0,13.0,17.0,23.0,1875.0,12.0,176.0,56.0,29.0,13.0,15.0,ferret
1048,20.0,16.0,12.0,17.0,21.0,12.0,17.0,24.0,1902.0,17.0,202.0,50.0,28.0,18.0,16.0,ferret
1044,18.0,18.0,18.0,18.0,22.0,15.0,17.0,25.0,1903.0,16.0,256.0,53.0,36.0,21.0,23.0,ferret
1002,10.0,13.0,4.0,11.0,14.0,5.0,13.0,20.0,1896.0,4.0,329.0,47.0,23.0,9.0,10.0,ferret
1013,12.0,17.0,9.0,17.0,19.0,8.0,18.0,19.0,1895.0,8.0,479.0,43.0,25.0,13.0,15.0,ferret
1041,21.0,19.0,11.0,19.0,24.0,13.0,17.0,19.0,1899.0,11.0,578.0,42.0,28.0,16.0,14.0,ferret
1059,41.0,51.0,40.0,47.0,55.0,51.0,40.0,53.0,1922.0,45.0,364.0,107.0,60.0,44.0,36.0,ferret
1009,16.0,16.0,9.0,13.0,15.0,12.0,17.0,20.0,1905.0,10.0,243.0,45.0,27.0,14.0,11.0,ferret
1048,41.0,42.0,41.0,50.0,52.0,43.0,31.0,38.0,1929.0,35.0,210.0,68.0,47.0,45.0,38.0,ferret
1049,41.0,47.0,35.0,43.0,45.0,37.0,34.0,37.0,1941.0,29.0,531.0,60.0,52.0,44.0,36.0,ferret
1047,13.0,20.0,11.0,16.0,18.0,10.0,15.0,18.0,1908.0,12.0,580.0,47.0,27.0,18.0,11.0,ferret
1055,13.0,14.0,11.0,15.0,18.0,10.0,14.0,18.0,1913.0,11.0,286.0,42.0,27.0,15.0,17.0,ferret
1056,14.0,16.0,9.0,14.0,19.0,9.0,14.0,15.0,1905.0,9.0,459.0,54.0,26.0,13.0,12.0,ferret
788,5006.0,368.0,452.0,496.0,476.0,2400.0,4875.0,1736.0,334.0,1848.0,259.0,4328.0,3036.0,444.0,5883.0,ferret
241,11045.0,21.0,13.0,28.0,26.0,11960.0,12175.0,1464.0,14.0,8472.0,13.0,10751.0,10599.0,16.0,14280.0,ferret
209,12076.0,14.0,10.0,24.0,24.0,16532.0,7700.0,2022.0,12.0,15344.0,10.0,9949.0,11155.0,15.0,10623.0,ferret
265,9071.0,20.0,15.0,30.0,29.0,9864.0,6890.0,2955.0,22.0,12206.0,15.0,5541.0,5463.0,15.0,7714.0,ferret
285,7276.0,23.0,22.0,26.0,26.0,6543.0,3470.0,4117.0,21.0,7878.0,21.0,3636.0,3426.0,25.0,3994.0,ferret
266,7023.0,23.0,16.0,29.0,33.0,6115.0,4710.0,4236.0,19.0,7139.0,16.0,6000.0,5649.0,20.0,4600.0,ferret
198,6628.0,22.0,5.0,22.0,28.0,5409.0,6904.0,3504.0,11.0,6815.0,7.0,6987.0,5531.0,10.0,6670.0,ferret
185,5139.0,21.0,6.0,20.0,23.0,2706.0,8706.0,2155.0,14.0,4509.0,6.0,5283.0,5083.0,10.0,5707.0,ferret
200,2188.0,17.0,20.0,25.0,19.0,1295.0,5021.0,1393.0,17.0,2492.0,11.0,2808.0,2116.0,20.0,3271.0,ferret
201,1925.0,13.0,5.0,23.0,20.0,1390.0,2282.0,1613.0,12.0,1701.0,8.0,2017.0,2026.0,10.0,2561.0,ferret
140,1854.0,15.0,6.0,15.0,17.0,1276.0,2139.0,9177.0,10.0,1630.0,5.0,1992.0,2023.0,6.0,2464.0,ferret
148,1887.0,15.0,9.0,13.0,18.0,1208.0,3403.0,13436.0,11.0,1644.0,8.0,2028.0,2052.0,14.0,2520.0,ferret
214,1935.0,14.0,4.0,21.0,16.0,1210.0,2208.0,8612.0,7.0,1622.0,3.0,2010.0,2030.0,3.0,2599.0,ferret
216,1881.0,17.0,8.0,21.0,19.0,1289.0,2171.0,3869.0,17.0,1641.0,9.0,1980.0,1982.0,12.0,2618.0,ferret
300,1843.0,17.0,12.0,24.0,20.0,1227.0,2181.0,1730.0,19.0,1671.0,16.0,1976.0,1953.0,16.0,2537.0,ferret
273,1886.0,23.0,8.0,25.0,22.0,1218.0,3415.0,1335.0,17.0,1629.0,11.0,1971.0,1962.0,12.0,2517.0,ferret
605,3890.0,237.0,365.0,353.0,384.0,4180.0,4619.0,1692.0,245.0,2157.0,179.0,3497.0,3753.0,311.0,6457.0,ferret
184,10659.0,17.0,14.0,18.0,18.0,11136.0,11744.0,1405.0,11.0,7704.0,8.0,9999.0,11148.0,11.0,14839.0,ferret
135,11729.0,5.0,10.0,11.0,10.0,15771.0,8544.0,1529.0,7.0,15351.0,3.0,11661.0,12844.0,8.0,9533.0,ferret
204,7007.0,13.0,12.0,15.0,19.0,11051.0,5534.0,3464.0,8.0,10629.0,5.0,7129.0,10459.0,10.0,5584.0,ferret
195,3837.0,15.0,17.0,23.0,19.0,8982.0,3670.0,5909.0,13.0,5133.0,10.0,3685.0,8126.0,14.0,3612.0,ferret
210,6399.0,14.0,14.0,17.0,22.0,6415.0,5160.0,6209.0,12.0,6421.0,7.0,6240.0,5914.0,9.0,4524.0,ferret
128,7129.0,13.0,4.0,14.0,14.0,4638.0,6550.0,5062.0,5.0,7777.0,1.0,7670.0,4563.0,2.0,7456.0,ferret
156,5954.0,13.0,7.0,15.0,10.0,2606.0,5773.0,2195.0,5.0,5789.0,4.0,5328.0,3038.0,5.0,7669.0,ferret
169,2749.0,14.0,19.0,16.0,14.0,1580.0,4289.0,1502.0,6.0,2497.0,7.0,2854.0,1313.0,7.0,3880.0,ferret
147,2036.0,9.0,6.0,10.0,11.0,1533.0,2784.0,2250.0,5.0,2047.0,3.0,2066.0,1272.0,6.0,2841.0,ferret
90,1981.0,10.0,5.0,11.0,9.0,1420.0,2607.0,8329.0,3.0,1996.0,2.0,2063.0,1244.0,6.0,2738.0,ferret
98,1982.0,8.0,9.0,11.0,7.0,1458.0,2674.0,14123.0,5.0,2022.0,4.0,2083.0,1251.0,6.0,2787.0,ferret
120,1977.0,10.0,3.0,11.0,8.0,1438.0,2640.0,8941.0,3.0,2044.0,3.0,2074.0,1271.0,4.0,2883.0,ferret
164,1958.0,13.0,9.0,14.0,15.0,1429.0,2647.0,4670.0,7.0,1991.0,7.0,2070.0,1252.0,6.0,2914.0,ferret
176,1952.0,11.0,13.0,21.0,16.0,1393.0,2680.0,1441.0,9.0,2038.0,8.0,2047.0,1234.0,11.0,2829.0,ferret
161,1981.0,10.0,6.0,9.0,9.0,1411.0,2642.0,1414.0,7.0,2011.0,5.0,2081.0,1277.0,5.0,2786.0,ferret
1228,3999.0,677.0,734.0,781.0,831.0,6758.0,3642.0,2067.0,643.0,3063.0,569.0,4916.0,2607.0,761.0,4377.0,ferret
368,10047.0,20.0,14.0,20.0,17.0,12273.0,12257.0,1131.0,12.0,10054.0,13.0,11737.0,11137.0,29.0,13207.0,ferret
347,13273.0,17.0,15.0,16.0,17.0,9751.0,13769.0,2338.0,10.0,14958.0,7.0,6354.0,13848.0,29.0,12970.0,ferret
387,7336.0,17.0,14.0,16.0,16.0,7404.0,11779.0,4931.0,14.0,12268.0,13.0,2936.0,6854.0,35.0,11975.0,ferret
408,4020.0,28.0,21.0,23.0,28.0,5212.0,6948.0,5985.0,22.0,9822.0,21.0,2722.0,3365.0,34.0,7047.0,ferret
427,7141.0,21.0,15.0,17.0,20.0,7581.0,7020.0,5435.0,12.0,6394.0,10.0,5301.0,5287.0,38.0,7356.0,ferret
326,7477.0,13.0,8.0,15.0,12.0,4901.0,6978.0,3636.0,10.0,4794.0,6.0,7314.0,4942.0,32.0,7922.0,ferret
363,6166.0,17.0,8.0,13.0,10.0,3831.0,4146.0,1074.0,9.0,3475.0,7.0,6812.0,4375.0,26.0,5562.0,ferret
340,2481.0,24.0,23.0,23.0,28.0,2301.0,1989.0,1004.0,16.0,2020.0,16.0,3736.0,1596.0,40.0,2608.0,ferret
332,2084.0,8.0,11.0,14.0,14.0,3933.0,1681.0,1484.0,6.0,1739.0,5.0,2496.0,1514.0,27.0,2225.0,ferret
264,2049.0,7.0,6.0,12.0,8.0,1781.0,1562.0,6852.0,3.0,1608.0,5.0,2463.0,1540.0,20.0,2198.0,ferret
291,2041.0,17.0,14.0,17.0,17.0,2327.0,1549.0,13884.0,8.0,1655.0,9.0,2493.0,1546.0,24.0,2202.0,ferret
320,2045.0,10.0,5.0,9.0,12.0,3125.0,1551.0,13799.0,4.0,1688.0,4.0,2503.0,1503.0,22.0,2182.0,ferret
373,2015.0,17.0,12.0,17.0,14.0,6292.0,1582.0,6699.0,12.0,1668.0,7.0,2464.0,1504.0,34.0,2275.0,ferret
376,2019.0,25.0,16.0,22.0,21.0,4019.0,1590.0,1582.0,20.0,1630.0,15.0,2410.0,1542.0,27.0,2246.0,ferret
348,2006.0,21.0,10.0,17.0,15.0,4399.0,1576.0,952.0,14.0,1630.0,9.0,2447.0,1543.0,32.0,2261.0,ferret
3739,4777.0,1852.0,1894.0,2623.0,2102.0,3618.0,4936.0,3629.0,1406.0,3704.0,2050.0,3546.0,3736.0,1782.0,8156.0,ferret
1842,10616.0,190.0,113.0,504.0,165.0,14472.0,12068.0,1772.0,31.0,8376.0,830.0,6389.0,10503.0,68.0,13451.0,ferret
1893,14323.0,112.0,99.0,476.0,150.0,8410.0,12421.0,2463.0,18.0,13589.0,604.0,4000.0,13691.0,86.0,8005.0,ferret
1898,11813.0,186.0,98.0,490.0,174.0,5796.0,8475.0,3392.0,24.0,8673.0,1355.0,1834.0,7703.0,59.0,5628.0,ferret
1945,7839.0,230.0,137.0,518.0,234.0,5995.0,3518.0,5279.0,35.0,3462.0,2123.0,1590.0,4359.0,106.0,4282.0,ferret
1938,6531.0,236.0,125.0,508.0,166.0,12237.0,6141.0,5278.0,24.0,5577.0,2913.0,2631.0,5614.0,54.0,4730.0,ferret
1696,5128.0,140.0,84.0,397.0,116.0,6678.0,7478.0,4371.0,14.0,7994.0,4983.0,3333.0,5134.0,42.0,7136.0,ferret
1957,3248.0,144.0,91.0,439.0,139.0,5136.0,5070.0,2762.0,21.0,6931.0,6477.0,3076.0,3814.0,31.0,8634.0,ferret
1961,1558.0,171.0,101.0,459.0,151.0,3349.0,2544.0,1807.0,34.0,3380.0,3489.0,1597.0,1742.0,55.0,4767.0,ferret
1775,1543.0,106.0,58.0,339.0,94.0,7051.0,1918.0,2008.0,8.0,2456.0,1524.0,1251.0,1590.0,31.0,3490.0,ferret
1683,1498.0,92.0,65.0,417.0,107.0,1365.0,1834.0,9485.0,11.0,2366.0,606.0,1226.0,1575.0,45.0,3341.0,ferret
1766,1370.0,104.0,80.0,320.0,127.0,693.0,1877.0,12599.0,24.0,2488.0,599.0,1275.0,1562.0,48.0,3396.0,ferret
1898,1446.0,181.0,115.0,561.0,179.0,671.0,1864.0,7486.0,14.0,2478.0,698.0,1272.0,1577.0,47.0,3456.0,ferret
1865,1506.0,138.0,81.0,411.0,149.0,6372.0,1838.0,3511.0,16.0,2413.0,640.0,1271.0,1574.0,39.0,3522.0,ferret
1913,1496.0,233.0,135.0,711.0,224.0,891.0,1864.0,2007.0,26.0,2420.0,692.0,1245.0,1572.0,96.0,3429.0,ferret
1972,1533.0,275.0,135.0,780.0,243.0,679.0,1893.0,1821.0,20.0,2416.0,696.0,1274.0,1576.0,71.0,3364.0,ferret
4354,4026.0,2004.0,2405.0,2359.0,2277.0,3791.0,5107.0,2726.0,1427.0,2809.0,2336.0,1676.0,7378.0,2171.0,6971.0,ferret
1894,10795.0,283.0,366.0,377.0,333.0,12136.0,11621.0,535.0,35.0,9875.0,900.0,124.0,11287.0,254.0,14550.0,ferret
1962,14951.0,293.0,409.0,527.0,392.0,15744.0,13308.0,703.0,49.0,14941.0,1442.0,170.0,9628.0,318.0,9077.0,ferret
2175,10391.0,334.0,395.0,491.0,421.0,9177.0,9081.0,1304.0,40.0,13554.0,1946.0,206.0,5656.0,406.0,7561.0,ferret
2089,6580.0,369.0,522.0,527.0,529.0,5728.0,4108.0,1868.0,58.0,9202.0,2252.0,213.0,4074.0,473.0,4407.0,ferret
2153,7954.0,418.0,514.0,637.0,504.0,4969.0,6329.0,2078.0,36.0,7549.0,1773.0,217.0,4475.0,517.0,5520.0,ferret
1840,6727.0,274.0,337.0,374.0,315.0,4514.0,7929.0,1702.0,18.0,5156.0,2153.0,108.0,4906.0,286.0,6720.0,ferret
2050,4244.0,257.0,372.0,353.0,342.0,2647.0,4769.0,949.0,17.0,3572.0,3680.0,95.0,5395.0,263.0,7148.0,ferret
2057,1754.0,298.0,420.0,424.0,405.0,1482.0,2252.0,673.0,38.0,1553.0,4492.0,167.0,5195.0,345.0,3786.0,ferret
1866,1558.0,310.0,313.0,318.0,291.0,1431.0,1782.0,803.0,13.0,1496.0,3076.0,78.0,3922.0,208.0,2597.0,ferret
1770,1502.0,267.0,353.0,406.0,407.0,1432.0,1780.0,2321.0,17.0,1519.0,1139.0,101.0,3434.0,274.0,2443.0,ferret
1736,1472.0,257.0,298.0,316.0,314.0,1405.0,1805.0,4480.0,31.0,1354.0,516.0,81.0,3320.0,304.0,2535.0,ferret
1978,1484.0,251.0,460.0,438.0,406.0,1396.0,1730.0,4561.0,19.0,1462.0,618.0,125.0,3622.0,407.0,2569.0,ferret
1986,1511.0,291.0,394.0,420.0,426.0,1416.0,1768.0,2783.0,23.0,1549.0,602.0,146.0,3571.0,298.0,2671.0,ferret
2124,1529.0,311.0,544.0,579.0,444.0,1373.0,1831.0,1261.0,27.0,1580.0,600.0,181.0,3577.0,364.0,2537.0,ferret
2166,1577.0,408.0,559.0,542.0,481.0,1430.0,1857.0,798.0,22.0,1623.0,623.0,165.0,3605.0,459.0,2636.0,ferret
4671,4334.0,4314.0,2582.0,3113.0,3444.0,4065.0,4962.0,2830.0,1451.0,3900.0,2974.0,2298.0,9478.0,4623.0,8146.0,ferret
1393,9745.0,2281.0,244.0,580.0,626.0,10007.0,12459.0,693.0,26.0,7137.0,1596.0,385.0,14605.0,8093.0,13579.0,ferret
1621,14964.0,2402.0,283.0,640.0,753.0,13202.0,13406.0,787.0,25.0,14117.0,1655.0,498.0,8567.0,9427.0,9075.0,ferret
1969,9102.0,3260.0,234.0,679.0,756.0,6258.0,10739.0,822.0,33.0,11384.0,3157.0,564.0,4955.0,5468.0,6132.0,ferret
2000,3995.0,4994.0,348.0,711.0,851.0,5116.0,6740.0,925.0,45.0,7610.0,5086.0,563.0,4842.0,3882.0,4408.0,ferret
2342,6621.0,5616.0,349.0,945.0,929.0,5247.0,7518.0,1217.0,36.0,7082.0,7135.0,846.0,4976.0,5051.0,5339.0,ferret
1706,6714.0,5520.0,206.0,561.0,623.0,5068.0,7530.0,772.0,12.0,7096.0,11147.0,443.0,5678.0,4367.0,7997.0,ferret
1668,5029.0,3930.0,200.0,543.0,629.0,3973.0,4659.0,734.0,16.0,4758.0,12135.0,383.0,7089.0,3616.0,8299.0,ferret
1733,1817.0,2620.0,284.0,750.0,674.0,1890.0,2184.0,891.0,42.0,2445.0,8102.0,486.0,7281.0,2038.0,3999.0,ferret
1314,1474.0,2780.0,203.0,531.0,572.0,1749.0,1669.0,669.0,8.0,2283.0,4800.0,307.0,5503.0,1911.0,2806.0,ferret
1434,1515.0,8340.0,257.0,755.0,762.0,1782.0,1639.0,744.0,46.0,2266.0,1412.0,469.0,4748.0,2043.0,2811.0,ferret
1311,1490.0,10452.0,212.0,497.0,649.0,1771.0,1623.0,677.0,33.0,1988.0,1287.0,297.0,4749.0,1893.0,2812.0,ferret
1694,1493.0,6003.0,287.0,597.0,840.0,1711.0,1595.0,758.0,30.0,2246.0,1352.0,413.0,4886.0,1992.0,2908.0,ferret
1523,1522.0,3019.0,235.0,558.0,671.0,1734.0,1700.0,774.0,18.0,2333.0,1464.0,409.0,5048.0,1923.0,2962.0,ferret
1867,1514.0,2488.0,335.0,699.0,789.0,1727.0,1658.0,884.0,38.0,2448.0,1429.0,542.0,4956.0,2027.0,2878.0,ferret
2063,1808.0,2629.0,335.0,785.0,871.0,1861.0,1784.0,906.0,17.0,2368.0,1520.0,607.0,5048.0,2244.0,3001.0,ferret
758,2990.0,2546.0,648.0,575.0,647.0,3131.0,4939.0,576.0,368.0,1692.0,2359.0,369.0,6712.0,2521.0,5351.0,ferret
275,10216.0,2108.0,61.0,32.0,34.0,10094.0,12422.0,48.0,17.0,7719.0,2313.0,36.0,15535.0,11376.0,13322.0,ferret
223,16462.0,2340.0,51.0,39.0,38.0,11741.0,10250.0,51.0,24.0,17194.0,2912.0,31.0,9819.0,13734.0,12404.0,ferret
311,10111.0,3421.0,68.0,47.0,46.0,7172.0,5210.0,59.0,21.0,14953.0,3444.0,38.0,8782.0,8811.0,9426.0,ferret
304,5234.0,4416.0,79.0,42.0,44.0,5123.0,2847.0,60.0,29.0,9868.0,4328.0,33.0,5298.0,5121.0,5307.0,ferret
346,7497.0,5056.0,63.0,51.0,46.0,5294.0,4989.0,68.0,29.0,7842.0,6927.0,37.0,5148.0,5102.0,5928.0,ferret
266,6671.0,4291.0,44.0,21.0,23.0,4726.0,7284.0,37.0,8.0,7850.0,15957.0,19.0,5521.0,4668.0,7588.0,ferret
273,4341.0,3548.0,48.0,22.0,21.0,3760.0,6425.0,32.0,13.0,3957.0,20396.0,17.0,7654.0,3180.0,5389.0,ferret
303,1639.0,2344.0,93.0,50.0,48.0,2305.0,3291.0,67.0,28.0,1580.0,8499.0,41.0,7080.0,1560.0,2702.0,ferret
208,1469.0,2561.0,57.0,26.0,23.0,2255.0,2243.0,35.0,8.0,1483.0,3517.0,30.0,4641.0,1483.0,2189.0,ferret
161,1466.0,8543.0,63.0,40.0,28.0,2186.0,2157.0,58.0,23.0,1509.0,2127.0,36.0,3968.0,1469.0,2193.0,ferret
156,1436.0,11153.0,56.0,33.0,25.0,2168.0,2205.0,50.0,23.0,1455.0,1810.0,28.0,4046.0,1454.0,2224.0,ferret
199,1437.0,7664.0,86.0,42.0,37.0,2143.0,2235.0,57.0,21.0,1445.0,1829.0,32.0,4127.0,1459.0,2239.0,ferret
219,1438.0,4344.0,51.0,29.0,23.0,2132.0,2173.0,43.0,13.0,1472.0,1832.0,25.0,4227.0,1462.0,2265.0,ferret
249,1460.0,2201.0,90.0,42.0,38.0,2144.0,2186.0,59.0,27.0,1515.0,1804.0,28.0,4151.0,1414.0,2209.0,ferret
221,1416.0,2197.0,75.0,22.0,18.0,2151.0,2199.0,35.0,12.0,1416.0,1827.0,19.0,4115.0,1428.0,2239.0,ferret
680,4309.0,1587.0,671.0,668.0,751.0,4965.0,4057.0,350.0,291.0,3192.0,2248.0,269.0,7293.0,4168.0,6756.0,ferret
242,10816.0,1022.0,20.0,17.0,32.0,10786.0,12771.0,11.0,14.0,8139.0,1737.0,11.0,15689.0,11234.0,14515.0,ferret
253,12431.0,2365.0,27.0,16.0,35.0,15538.0,13007.0,11.0,12.0,15746.0,2158.0,9.0,9641.0,14466.0,9334.0,ferret
349,10995.0,3769.0,26.0,32.0,57.0,14510.0,12589.0,14.0,13.0,13975.0,2675.0,15.0,5613.0,14789.0,5611.0,ferret
344,7285.0,5007.0,35.0,22.0,66.0,9279.0,10329.0,18.0,21.0,9682.0,3752.0,19.0,4409.0,11760.0,4117.0,ferret
368,6723.0,4641.0,36.0,34.0,49.0,4794.0,7594.0,21.0,20.0,6860.0,7531.0,21.0,4875.0,6557.0,5020.0,ferret
230,5453.0,3025.0,17.0,19.0,42.0,2979.0,6684.0,18.0,12.0,5692.0,17230.0,11.0,5850.0,3762.0,7275.0,ferret
261,4375.0,1364.0,14.0,9.0,29.0,958.0,3872.0,9.0,8.0,3159.0,22268.0,3.0,7065.0,1470.0,7238.0,ferret
191,2082.0,914.0,33.0,23.0,40.0,780.0,1918.0,22.0,14.0,1389.0,9820.0,17.0,7786.0,930.0,4220.0,ferret
162,1655.0,1224.0,20.0,11.0,30.0,724.0,1598.0,13.0,8.0,1277.0,4605.0,7.0,4866.0,950.0,2848.0,ferret
111,1643.0,6216.0,27.0,18.0,35.0,656.0,1463.0,17.0,13.0,1267.0,2266.0,9.0,4184.0,845.0,2740.0,ferret
103,1663.0,12597.0,17.0,13.0,28.0,662.0,1452.0,10.0,9.0,1238.0,1834.0,13.0,4187.0,837.0,2786.0,ferret
146,1661.0,14141.0,27.0,21.0,62.0,724.0,1475.0,15.0,9.0,1245.0,1849.0,12.0,4339.0,919.0,2876.0,ferret
179,1623.0,6414.0,18.0,18.0,31.0,708.0,1488.0,13.0,12.0,1247.0,1818.0,11.0,4395.0,955.0,2885.0,ferret
198,1594.0,1532.0,28.0,15.0,88.0,667.0,1464.0,15.0,13.0,1273.0,1788.0,10.0,4341.0,853.0,2780.0,ferret
163,2106.0,862.0,17.0,8.0,56.0,696.0,1463.0,14.0,6.0,1246.0,1842.0,6.0,4264.0,879.0,2776.0,ferret
754,3902.0,1334.0,573.0,592.0,637.0,5249.0,3820.0,378.0,302.0,3486.0,2538.0,273.0,7619.0,3192.0,5847.0,ferret
256,11598.0,1338.0,33.0,12.0,14.0,10673.0,12683.0,14.0,13.0,8767.0,2259.0,10.0,14606.0,11249.0,13004.0,ferret
212,12565.0,2676.0,31.0,18.0,17.0,15043.0,12387.0,11.0,16.0,14768.0,2267.0,8.0,8696.0,14440.0,6393.0,ferret
279,11983.0,4187.0,45.0,15.0,23.0,14334.0,9435.0,13.0,17.0,10797.0,2374.0,14.0,5496.0,10495.0,5839.0,ferret
310,9173.0,5035.0,40.0,18.0,28.0,9142.0,5453.0,17.0,19.0,8434.0,4157.0,16.0,4709.0,7516.0,5008.0,ferret
330,8470.0,4144.0,42.0,22.0,28.0,4038.0,7212.0,21.0,19.0,6302.0,7762.0,15.0,4959.0,5218.0,4560.0,ferret
204,6149.0,2740.0,27.0,8.0,16.0,2683.0,7748.0,12.0,11.0,6081.0,19644.0,5.0,5620.0,4116.0,5445.0,ferret
214,4599.0,1197.0,32.0,8.0,9.0,1284.0,5317.0,9.0,11.0,4589.0,20288.0,5.0,7367.0,2292.0,7413.0,ferret
210,1658.0,911.0,39.0,17.0,30.0,949.0,2673.0,18.0,18.0,2653.0,6840.0,15.0,7115.0,1285.0,6051.0,ferret
159,1547.0,931.0,31.0,6.0,15.0,888.0,2091.0,5.0,7.0,1871.0,2615.0,5.0,5493.0,1289.0,4176.0,ferret
108,1438.0,5367.0,47.0,19.0,19.0,847.0,2012.0,16.0,13.0,1812.0,2352.0,8.0,4523.0,1242.0,3940.0,ferret
107,1431.0,12598.0,27.0,8.0,7.0,862.0,2029.0,9.0,13.0,1845.0,2373.0,5.0,4536.0,1225.0,3958.0,ferret
145,1481.0,14170.0,35.0,16.0,15.0,888.0,2025.0,13.0,13.0,1859.0,2391.0,9.0,4690.0,1246.0,4060.0,ferret
183,1468.0,6690.0,33.0,9.0,17.0,873.0,2033.0,16.0,14.0,1803.0,2364.0,9.0,4821.0,1308.0,4102.0,ferret
195,1406.0,2331.0,37.0,17.0,17.0,841.0,2075.0,16.0,19.0,1825.0,2368.0,13.0,4726.0,1246.0,4028.0,ferret
167,1650.0,1602.0,36.0,7.0,9.0,1267.0,2001.0,8.0,9.0,1815.0,2366.0,8.0,4681.0,1233.0,3976.0,ferret
1781,4960.0,2116.0,1078.0,1414.0,1214.0,4531.0,4857.0,1208.0,757.0,2757.0,2321.0,772.0,5359.0,5117.0,7582.0,ferret
493,11167.0,1147.0,36.0,218.0,40.0,11290.0,11252.0,207.0,15.0,7774.0,1705.0,19.0,8295.0,10773.0,15155.0,ferret
493,14789.0,1867.0,49.0,218.0,42.0,15224.0,10941.0,212.0,25.0,15033.0,1591.0,20.0,5121.0,16073.0,7156.0,ferret
564,12056.0,3886.0,54.0,206.0,52.0,12476.0,7600.0,177.0,26.0,10619.0,2821.0,23.0,3508.0,12495.0,4143.0,ferret
578,10230.0,5432.0,49.0,194.0,64.0,8365.0,4353.0,210.0,29.0,5098.0,5128.0,32.0,3432.0,9010.0,3237.0,ferret
633,8326.0,5379.0,56.0,221.0,50.0,5903.0,6792.0,202.0,31.0,5981.0,8612.0,28.0,3615.0,5648.0,4388.0,ferret
444,5887.0,3785.0,37.0,181.0,33.0,3887.0,8809.0,152.0,12.0,7669.0,15548.0,11.0,3543.0,3852.0,6519.0,ferret
490,3583.0,1491.0,28.0,188.0,32.0,1912.0,6519.0,175.0,9.0,5718.0,17361.0,11.0,4431.0,1946.0,7893.0,ferret
495,1692.0,1162.0,66.0,307.0,66.0,1332.0,3768.0,162.0,35.0,2369.0,10404.0,36.0,5450.0,1158.0,5391.0,ferret
401,1536.0,2192.0,32.0,192.0,26.0,1357.0,2310.0,155.0,11.0,2043.0,4959.0,10.0,4335.0,1100.0,3346.0,ferret
364,1526.0,7533.0,44.0,219.0,46.0,1253.0,2283.0,160.0,17.0,2041.0,1626.0,19.0,3545.0,1049.0,3202.0,ferret
349,1428.0,13336.0,35.0,191.0,49.0,1244.0,2256.0,189.0,19.0,2054.0,1544.0,22.0,3468.0,1031.0,3290.0,ferret
415,1506.0,11090.0,45.0,186.0,45.0,1267.0,2279.0,197.0,14.0,2065.0,1600.0,26.0,3544.0,1119.0,3385.0,ferret
488,1519.0,5331.0,35.0,175.0,37.0,1316.0,2254.0,165.0,16.0,2032.0,1684.0,20.0,3588.0,1142.0,3447.0,ferret
482,1484.0,1140.0,44.0,182.0,43.0,1244.0,2299.0,248.0,26.0,2088.0,1607.0,20.0,3630.0,1077.0,3278.0,ferret
448,1488.0,1115.0,39.0,247.0,29.0,1433.0,2275.0,239.0,10.0,2081.0,1653.0,12.0,3613.0,1097.0,3309.0,ferret
5838,3808.0,3707.0,3705.0,3713.0,3741.0,3641.0,3677.0,3680.0,7308.0,3640.0,7896.0,7165.0,8061.0,3701.0,3768.0,ferret
1900,51.0,62.0,19.0,57.0,22.0,50.0,49.0,52.0,3405.0,47.0,3612.0,1692.0,2451.0,27.0,27.0,ferret
1839,53.0,43.0,25.0,51.0,19.0,44.0,36.0,42.0,3222.0,37.0,3306.0,1862.0,2857.0,38.0,22.0,ferret
1871,46.0,69.0,12.0,47.0,18.0,40.0,40.0,43.0,2734.0,43.0,3641.0,1780.0,2666.0,21.0,18.0,ferret
1850,56.0,64.0,18.0,53.0,27.0,43.0,55.0,48.0,2769.0,56.0,3076.0,1866.0,2791.0,29.0,22.0,ferret
1887,56.0,81.0,17.0,63.0,17.0,54.0,57.0,67.0,3251.0,68.0,3325.0,2936.0,3374.0,23.0,18.0,ferret
1808,29.0,57.0,11.0,38.0,12.0,26.0,33.0,39.0,3115.0,45.0,3248.0,1669.0,2860.0,22.0,18.0,ferret
1835,55.0,61.0,15.0,49.0,17.0,36.0,40.0,47.0,2600.0,53.0,3395.0,1544.0,2322.0,23.0,19.0,ferret
1834,54.0,81.0,19.0,51.0,22.0,40.0,46.0,46.0,2681.0,51.0,3536.0,1824.0,2574.0,27.0,17.0,ferret
1850,155.0,134.0,36.0,161.0,69.0,115.0,98.0,89.0,2502.0,116.0,3626.0,1949.0,2692.0,56.0,71.0,ferret
1814,34.0,46.0,16.0,32.0,21.0,18.0,24.0,25.0,3020.0,28.0,3940.0,1711.0,2845.0,24.0,17.0,ferret
1890,140.0,150.0,98.0,140.0,126.0,123.0,140.0,129.0,2996.0,127.0,3717.0,2156.0,2947.0,121.0,122.0,ferret
1809,100.0,77.0,19.0,100.0,28.0,47.0,42.0,68.0,3076.0,49.0,3768.0,1549.0,3020.0,42.0,23.0,ferret
1861,148.0,102.0,27.0,96.0,58.0,61.0,59.0,75.0,3113.0,80.0,3785.0,2122.0,3155.0,60.0,34.0,ferret
1857,55.0,88.0,18.0,62.0,19.0,41.0,43.0,50.0,2765.0,44.0,3404.0,1937.0,2867.0,25.0,21.0,ferret
1903,61.0,73.0,18.0,52.0,19.0,49.0,44.0,51.0,3485.0,49.0,3902.0,2725.0,3812.0,26.0,22.0,ferret
1099,4849.0,1988.0,714.0,1020.0,729.0,4264.0,4436.0,765.0,390.0,3028.0,1736.0,426.0,537.0,3515.0,3481.0,ferret
324,10712.0,2077.0,34.0,199.0,18.0,9618.0,12861.0,211.0,9.0,9951.0,1579.0,22.0,46.0,11118.0,7227.0,ferret
264,14537.0,3530.0,30.0,185.0,18.0,13710.0,8494.0,189.0,9.0,15765.0,1387.0,15.0,37.0,14844.0,2462.0,ferret
360,10553.0,5451.0,44.0,170.0,25.0,10528.0,6657.0,161.0,11.0,14017.0,3065.0,29.0,53.0,12249.0,1755.0,ferret
407,7647.0,5671.0,60.0,174.0,30.0,7383.0,4349.0,201.0,18.0,13701.0,5070.0,33.0,64.0,8961.0,1810.0,ferret
383,5085.0,4888.0,43.0,164.0,24.0,4681.0,4977.0,177.0,15.0,9821.0,8071.0,21.0,59.0,6378.0,1935.0,ferret
216,4350.0,2807.0,33.0,162.0,15.0,3687.0,7488.0,127.0,6.0,5705.0,15533.0,23.0,48.0,5291.0,2392.0,ferret
268,3244.0,1492.0,30.0,150.0,10.0,2357.0,6393.0,143.0,7.0,3221.0,18205.0,18.0,38.0,2641.0,3621.0,ferret
284,2037.0,1161.0,47.0,203.0,33.0,1330.0,4752.0,133.0,14.0,1866.0,11044.0,28.0,54.0,1189.0,2798.0,ferret
210,1462.0,1251.0,36.0,173.0,13.0,1270.0,2547.0,164.0,6.0,1526.0,4876.0,17.0,54.0,1178.0,1920.0,ferret
137,1411.0,6259.0,28.0,194.0,12.0,1236.0,2357.0,149.0,7.0,1412.0,1423.0,18.0,45.0,1117.0,1807.0,ferret
171,1411.0,12781.0,36.0,150.0,18.0,1222.0,2451.0,149.0,10.0,1442.0,1374.0,19.0,36.0,1092.0,1844.0,ferret
224,1478.0,10393.0,54.0,156.0,19.0,1243.0,2369.0,165.0,5.0,1509.0,1394.0,13.0,60.0,1169.0,1853.0,ferret
265,1474.0,7806.0,57.0,166.0,26.0,1263.0,2427.0,184.0,20.0,1487.0,1473.0,34.0,47.0,1220.0,1933.0,ferret
314,1421.0,3244.0,42.0,129.0,12.0,1214.0,2371.0,242.0,11.0,1431.0,1426.0,17.0,64.0,1112.0,1923.0,ferret
268,1447.0,2733.0,48.0,244.0,20.0,1498.0,2401.0,280.0,7.0,1463.0,1467.0,30.0,88.0,1139.0,1897.0,ferret
589,3177.0,1423.0,445.0,461.0,388.0,3695.0,4767.0,337.0,235.0,2313.0,2073.0,239.0,258.0,3459.0,318.0,ferret
201,10679.0,1553.0,15.0,29.0,15.0,12043.0,12145.0,35.0,7.0,8669.0,1771.0,22.0,17.0,11028.0,25.0,ferret
140,12943.0,3261.0,15.0,22.0,8.0,15676.0,8558.0,30.0,4.0,16548.0,2251.0,27.0,11.0,14983.0,21.0,ferret
230,8190.0,5135.0,26.0,28.0,18.0,12272.0,5149.0,37.0,6.0,15984.0,2876.0,27.0,17.0,13795.0,30.0,ferret
239,5224.0,5890.0,32.0,27.0,25.0,8153.0,2893.0,55.0,8.0,12192.0,4609.0,18.0,17.0,8736.0,34.0,ferret
207,7198.0,5232.0,26.0,35.0,23.0,5586.0,4900.0,47.0,9.0,7987.0,6586.0,30.0,26.0,5486.0,30.0,ferret
127,7001.0,2868.0,12.0,20.0,9.0,3954.0,7473.0,24.0,3.0,5617.0,14314.0,17.0,13.0,2690.0,18.0,ferret
159,5200.0,1774.0,13.0,21.0,9.0,1835.0,6502.0,25.0,6.0,2957.0,16794.0,13.0,11.0,1690.0,20.0,ferret
166,2251.0,1134.0,30.0,33.0,19.0,1331.0,4083.0,29.0,10.0,1345.0,11603.0,31.0,18.0,884.0,43.0,ferret
125,1893.0,1341.0,22.0,25.0,7.0,1308.0,2661.0,38.0,5.0,1298.0,5221.0,21.0,19.0,882.0,24.0,ferret
84,1859.0,6856.0,16.0,23.0,6.0,1206.0,2508.0,31.0,4.0,1255.0,2657.0,18.0,15.0,847.0,19.0,ferret
92,1841.0,13293.0,16.0,17.0,11.0,1196.0,2573.0,28.0,7.0,1226.0,1154.0,17.0,11.0,861.0,21.0,ferret
119,1871.0,11407.0,19.0,18.0,12.0,1250.0,2596.0,51.0,9.0,1246.0,1180.0,19.0,17.0,849.0,24.0,ferret
133,1847.0,6190.0,25.0,22.0,18.0,1250.0,2544.0,30.0,8.0,1267.0,1170.0,21.0,19.0,891.0,30.0,ferret
155,1807.0,2005.0,18.0,23.0,12.0,1212.0,2544.0,81.0,8.0,1283.0,1162.0,18.0,13.0,819.0,24.0,ferret
164,1825.0,1432.0,26.0,36.0,25.0,1223.0,2549.0,70.0,12.0,1271.0,1176.0,33.0,16.0,1702.0,28.0,ferret
509,4259.0,836.0,339.0,346.0,364.0,4659.0,2872.0,245.0,201.0,2127.0,2405.0,204.0,261.0,2879.0,281.0,ferret
136,11633.0,660.0,25.0,10.0,6.0,11394.0,12919.0,13.0,6.0,8352.0,2199.0,11.0,8.0,11091.0,21.0,ferret
102,10291.0,704.0,20.0,9.0,7.0,15884.0,13997.0,8.0,7.0,14998.0,2209.0,4.0,4.0,14673.0,20.0,ferret
169,6872.0,1612.0,34.0,11.0,8.0,12804.0,12485.0,11.0,7.0,10650.0,2777.0,14.0,10.0,12355.0,26.0,ferret
186,4799.0,3063.0,35.0,20.0,16.0,8838.0,8564.0,13.0,10.0,5142.0,4513.0,8.0,14.0,8962.0,43.0,ferret
198,5126.0,3137.0,34.0,17.0,13.0,4865.0,7768.0,15.0,11.0,5626.0,7532.0,13.0,14.0,6688.0,31.0,ferret
109,5592.0,2622.0,21.0,7.0,4.0,3616.0,7112.0,9.0,4.0,6452.0,18903.0,8.0,6.0,5106.0,12.0,ferret
126,5599.0,1124.0,24.0,7.0,3.0,1650.0,3951.0,10.0,4.0,4990.0,18445.0,7.0,3.0,2164.0,19.0,ferret
140,3219.0,648.0,31.0,22.0,15.0,1147.0,1872.0,10.0,10.0,2636.0,7227.0,13.0,14.0,1130.0,30.0,ferret
114,2135.0,1253.0,33.0,7.0,5.0,1110.0,1568.0,11.0,3.0,2035.0,3056.0,9.0,7.0,1177.0,26.0,ferret
62,2074.0,6612.0,23.0,11.0,2.0,1024.0,1525.0,11.0,5.0,1987.0,2328.0,8.0,8.0,1098.0,19.0,ferret
79,2071.0,14659.0,21.0,11.0,3.0,1022.0,1442.0,5.0,4.0,1990.0,2321.0,5.0,5.0,1075.0,15.0,ferret
106,2115.0,10674.0,28.0,16.0,6.0,1060.0,1446.0,14.0,6.0,2021.0,2348.0,11.0,16.0,1112.0,42.0,ferret
141,2069.0,7447.0,28.0,14.0,11.0,1074.0,1499.0,15.0,9.0,1998.0,2321.0,12.0,10.0,1175.0,30.0,ferret
155,1974.0,2831.0,45.0,12.0,8.0,1028.0,1528.0,10.0,7.0,2026.0,2301.0,7.0,6.0,1064.0,66.0,ferret
131,2017.0,2470.0,37.0,14.0,10.0,1036.0,1427.0,11.0,7.0,1990.0,2260.0,8.0,10.0,1070.0,45.0,ferret
529,4007.0,1412.0,354.0,376.0,394.0,3433.0,4269.0,215.0,188.0,1963.0,1795.0,188.0,251.0,3288.0,249.0,ferret
175,11717.0,1217.0,15.0,9.0,13.0,11545.0,11733.0,11.0,9.0,8538.0,1430.0,10.0,7.0,10945.0,14.0,ferret
106,14220.0,1515.0,12.0,7.0,11.0,15240.0,15003.0,7.0,6.0,14777.0,2384.0,6.0,9.0,14376.0,7.0,ferret
192,11156.0,3317.0,16.0,13.0,18.0,13925.0,12176.0,12.0,10.0,11232.0,4346.0,9.0,10.0,10621.0,13.0,ferret
207,7454.0,5182.0,22.0,22.0,27.0,9192.0,7787.0,18.0,16.0,6885.0,6743.0,18.0,15.0,7487.0,23.0,ferret
210,6763.0,5376.0,18.0,13.0,16.0,5876.0,6802.0,15.0,13.0,6163.0,8040.0,13.0,15.0,5706.0,18.0,ferret
92,5414.0,4641.0,8.0,7.0,5.0,4118.0,6431.0,5.0,2.0,6471.0,12584.0,3.0,3.0,4667.0,11.0,ferret
123,4163.0,2042.0,14.0,8.0,10.0,1769.0,4004.0,10.0,7.0,4949.0,14698.0,8.0,5.0,2904.0,11.0,ferret
120,2066.0,1291.0,23.0,11.0,17.0,1135.0,1928.0,9.0,9.0,2355.0,12821.0,11.0,15.0,1397.0,16.0,ferret
110,1655.0,2186.0,17.0,6.0,8.0,1138.0,1495.0,5.0,4.0,1932.0,7606.0,5.0,7.0,1334.0,13.0,ferret
65,1570.0,7917.0,15.0,5.0,9.0,1049.0,1459.0,9.0,6.0,1824.0,2330.0,4.0,8.0,1329.0,16.0,ferret
68,1530.0,13818.0,9.0,5.0,13.0,1052.0,1486.0,6.0,4.0,1818.0,1219.0,7.0,5.0,1304.0,5.0,ferret
96,1558.0,9721.0,18.0,8.0,13.0,1065.0,1574.0,9.0,6.0,1856.0,1279.0,9.0,12.0,1378.0,14.0,ferret
132,1589.0,5093.0,22.0,16.0,15.0,1085.0,1434.0,11.0,10.0,1857.0,1298.0,10.0,10.0,1364.0,18.0,ferret
139,1557.0,1269.0,16.0,9.0,15.0,1036.0,1500.0,10.0,10.0,1843.0,1234.0,11.0,7.0,1321.0,15.0,ferret
134,1560.0,1263.0,19.0,20.0,15.0,1477.0,1471.0,11.0,9.0,1814.0,1224.0,17.0,10.0,1322.0,25.0,ferret
458,4005.0,1215.0,296.0,292.0,302.0,3569.0,3383.0,192.0,176.0,1865.0,2156.0,188.0,243.0,3121.0,226.0,ferret
132,11086.0,1270.0,22.0,7.0,10.0,10868.0,11052.0,7.0,8.0,7603.0,1826.0,8.0,9.0,10743.0,15.0,ferret
84,10666.0,2546.0,20.0,4.0,6.0,15534.0,14078.0,5.0,2.0,15537.0,2868.0,1.0,4.0,15269.0,15.0,ferret
146,7323.0,4037.0,36.0,11.0,12.0,10781.0,9576.0,5.0,6.0,12736.0,3871.0,6.0,9.0,12276.0,27.0,ferret
159,4689.0,5029.0,29.0,10.0,14.0,7010.0,5770.0,8.0,6.0,5667.0,5070.0,6.0,11.0,8799.0,25.0,ferret
165,5672.0,4282.0,33.0,10.0,12.0,5267.0,8294.0,9.0,10.0,5326.0,6792.0,9.0,13.0,6652.0,23.0,ferret
80,6635.0,2320.0,17.0,3.0,5.0,4315.0,8922.0,3.0,3.0,5864.0,12736.0,2.0,3.0,4661.0,14.0,ferret
104,5934.0,1098.0,22.0,7.0,5.0,2339.0,5498.0,6.0,3.0,4065.0,16368.0,3.0,4.0,2400.0,13.0,ferret
109,3305.0,971.0,25.0,6.0,7.0,1506.0,2006.0,4.0,8.0,2006.0,11807.0,4.0,13.0,1215.0,22.0,ferret
100,2280.0,1274.0,32.0,5.0,7.0,1508.0,1883.0,4.0,4.0,1869.0,6767.0,4.0,7.0,1218.0,10.0,ferret
47,2203.0,5990.0,21.0,4.0,3.0,1424.0,1907.0,5.0,3.0,1826.0,2402.0,1.0,6.0,1162.0,18.0,ferret
55,2148.0,12494.0,16.0,2.0,4.0,1379.0,1922.0,3.0,3.0,1841.0,1438.0,3.0,2.0,1145.0,14.0,ferret
96,2223.0,13484.0,26.0,6.0,6.0,1413.0,1823.0,8.0,5.0,1810.0,1473.0,3.0,11.0,1211.0,18.0,ferret
129,2189.0,7139.0,29.0,6.0,9.0,1436.0,1854.0,9.0,7.0,1813.0,1448.0,10.0,10.0,1224.0,17.0,ferret
124,2114.0,1337.0,30.0,7.0,9.0,1389.0,1922.0,6.0,7.0,1844.0,1419.0,6.0,7.0,1180.0,18.0,ferret
113,2153.0,855.0,53.0,9.0,7.0,1390.0,1887.0,9.0,8.0,1802.0,1442.0,8.0,9.0,1209.0,12.0,ferret
513,4281.0,1330.0,297.0,324.0,327.0,3724.0,4568.0,196.0,164.0,2723.0,1892.0,154.0,243.0,5231.0,231.0,ferret
151,10568.0,1875.0,14.0,7.0,13.0,10432.0,11592.0,10.0,6.0,11351.0,1739.0,7.0,12.0,10785.0,15.0,ferret
82,10588.0,3298.0,11.0,3.0,7.0,15575.0,14867.0,1.0,3.0,13528.0,1741.0,3.0,10.0,15022.0,16.0,ferret
166,5943.0,5518.0,22.0,11.0,16.0,11999.0,10857.0,10.0,6.0,9655.0,2476.0,7.0,22.0,13129.0,25.0,ferret
179,3801.0,6247.0,21.0,11.0,18.0,8253.0,8004.0,12.0,12.0,9881.0,4474.0,8.0,12.0,10592.0,13.0,ferret
178,6210.0,5463.0,20.0,10.0,15.0,5636.0,8203.0,11.0,9.0,6364.0,7812.0,8.0,21.0,4893.0,22.0,ferret
97,6915.0,3247.0,9.0,3.0,6.0,4297.0,8235.0,4.0,4.0,4525.0,18289.0,3.0,16.0,2699.0,19.0,ferret
113,5949.0,1440.0,11.0,5.0,8.0,2450.0,4644.0,8.0,5.0,3965.0,20586.0,4.0,15.0,1213.0,14.0,ferret
115,3014.0,1137.0,23.0,9.0,14.0,1350.0,1969.0,7.0,6.0,2726.0,9581.0,5.0,20.0,895.0,26.0,ferret
99,2256.0,1537.0,19.0,5.0,7.0,1348.0,1694.0,5.0,4.0,1905.0,3184.0,4.0,11.0,907.0,15.0,ferret
59,2214.0,6370.0,15.0,4.0,6.0,1258.0,1677.0,6.0,3.0,1765.0,1814.0,3.0,11.0,845.0,13.0,ferret
52,2194.0,13098.0,6.0,3.0,5.0,1242.0,1679.0,2.0,3.0,1795.0,1799.0,4.0,13.0,806.0,8.0,ferret
82,2203.0,12028.0,15.0,3.0,9.0,1273.0,1631.0,7.0,3.0,1852.0,1829.0,3.0,18.0,886.0,17.0,ferret
125,2179.0,6803.0,24.0,9.0,12.0,1261.0,1637.0,12.0,5.0,1816.0,1808.0,7.0,18.0,909.0,20.0,ferret
123,2162.0,1470.0,13.0,6.0,9.0,1240.0,1668.0,7.0,6.0,1760.0,1826.0,4.0,11.0,852.0,14.0,ferret
113,2165.0,1205.0,15.0,10.0,14.0,1229.0,1690.0,10.0,5.0,1755.0,1786.0,8.0,19.0,864.0,18.0,ferret
540,3596.0,1151.0,329.0,289.0,359.0,2546.0,4859.0,220.0,209.0,3081.0,1746.0,196.0,275.0,3116.0,247.0,ferret
159,9943.0,1290.0,24.0,8.0,10.0,11967.0,12690.0,6.0,6.0,9385.0,1809.0,8.0,11.0,12416.0,13.0,ferret
106,11246.0,2585.0,21.0,9.0,5.0,15806.0,11232.0,1.0,5.0,11426.0,1580.0,6.0,8.0,14951.0,11.0,ferret
175,6810.0,4370.0,31.0,10.0,9.0,10557.0,9571.0,5.0,9.0,5249.0,2265.0,9.0,13.0,13971.0,32.0,ferret
192,3793.0,5417.0,33.0,8.0,13.0,6935.0,7653.0,10.0,13.0,2924.0,5435.0,11.0,17.0,8021.0,16.0,ferret
214,6405.0,4784.0,35.0,13.0,14.0,5719.0,6866.0,10.0,12.0,3972.0,7989.0,13.0,17.0,4978.0,22.0,ferret
107,6424.0,2867.0,17.0,5.0,5.0,4868.0,6916.0,3.0,2.0,6799.0,18344.0,1.0,12.0,3096.0,19.0,ferret
139,5551.0,1238.0,17.0,5.0,4.0,2032.0,5234.0,6.0,4.0,6377.0,18513.0,3.0,7.0,1724.0,9.0,ferret
129,2964.0,927.0,22.0,9.0,8.0,1304.0,3287.0,5.0,11.0,3818.0,10304.0,8.0,14.0,881.0,16.0,ferret
129,2244.0,1240.0,22.0,4.0,7.0,1405.0,2125.0,2.0,4.0,3047.0,3818.0,3.0,6.0,911.0,12.0,ferret
72,2186.0,6023.0,21.0,9.0,4.0,1253.0,2016.0,6.0,4.0,2867.0,1649.0,5.0,10.0,845.0,8.0,ferret
82,2178.0,13255.0,15.0,5.0,4.0,1200.0,2013.0,2.0,5.0,2925.0,1630.0,7.0,5.0,850.0,5.0,ferret
130,2204.0,13789.0,29.0,6.0,7.0,1227.0,2036.0,4.0,6.0,2922.0,1640.0,6.0,18.0,868.0,16.0,ferret
155,2192.0,7034.0,27.0,11.0,11.0,1299.0,2003.0,6.0,11.0,2900.0,1647.0,13.0,14.0,933.0,14.0,ferret
221,2176.0,1884.0,31.0,8.0,9.0,1241.0,1996.0,6.0,8.0,2908.0,1642.0,8.0,6.0,852.0,10.0,ferret
166,2178.0,1386.0,54.0,10.0,9.0,1212.0,2008.0,10.0,9.0,2874.0,1587.0,11.0,11.0,1118.0,13.0,ferret
479,5135.0,1517.0,303.0,343.0,344.0,3230.0,3760.0,219.0,178.0,2174.0,2646.0,173.0,269.0,2576.0,219.0,ferret
170,10395.0,1264.0,14.0,10.0,7.0,11946.0,11299.0,7.0,6.0,9001.0,2407.0,12.0,7.0,11016.0,11.0,ferret
105,7220.0,2355.0,11.0,7.0,7.0,15897.0,12900.0,2.0,2.0,15059.0,2434.0,6.0,6.0,13770.0,4.0,ferret
173,4398.0,4186.0,19.0,16.0,18.0,12329.0,10174.0,9.0,6.0,8630.0,2517.0,12.0,12.0,9377.0,10.0,ferret
188,3496.0,5418.0,14.0,15.0,17.0,7649.0,6452.0,12.0,10.0,5032.0,3616.0,14.0,16.0,6185.0,13.0,ferret
197,5273.0,5083.0,18.0,11.0,11.0,5770.0,7884.0,8.0,8.0,5596.0,6349.0,11.0,17.0,6024.0,12.0,ferret
99,7045.0,3612.0,6.0,4.0,2.0,3652.0,8141.0,1.0,1.0,7471.0,21736.0,3.0,1.0,5139.0,11.0,ferret
130,7217.0,1419.0,8.0,6.0,4.0,1700.0,5599.0,6.0,3.0,5825.0,21696.0,7.0,3.0,3368.0,3.0,ferret
133,4559.0,1158.0,18.0,12.0,8.0,1094.0,2421.0,6.0,8.0,2966.0,7388.0,11.0,12.0,1493.0,10.0,ferret
114,2817.0,1447.0,20.0,6.0,5.0,1120.0,2061.0,3.0,4.0,2070.0,2653.0,4.0,7.0,1481.0,9.0,ferret
77,2744.0,6260.0,7.0,6.0,5.0,1081.0,1974.0,5.0,3.0,2003.0,2541.0,6.0,5.0,1463.0,4.0,ferret
76,2747.0,12868.0,5.0,6.0,4.0,1042.0,1989.0,1.0,2.0,2053.0,2602.0,9.0,7.0,1425.0,7.0,ferret
97,2804.0,13392.0,11.0,8.0,9.0,1020.0,1969.0,3.0,5.0,2055.0,2570.0,7.0,14.0,1464.0,10.0,ferret
149,2734.0,7002.0,18.0,11.0,13.0,1070.0,1992.0,7.0,8.0,2003.0,2543.0,12.0,12.0,1511.0,10.0,ferret
139,2671.0,1656.0,13.0,11.0,8.0,1187.0,2002.0,7.0,6.0,2017.0,2508.0,11.0,8.0,1456.0,9.0,ferret
126,2676.0,1077.0,14.0,10.0,11.0,1289.0,2004.0,7.0,4.0,1996.0,2506.0,9.0,10.0,1550.0,12.0,ferret
885,1836.0,1505.0,511.0,765.0,571.0,3540.0,4155.0,669.0,313.0,3089.0,2218.0,334.0,408.0,2618.0,421.0,ferret
244,2826.0,1070.0,13.0,198.0,11.0,11793.0,11876.0,198.0,7.0,9435.0,1859.0,9.0,8.0,10926.0,25.0,ferret
217,2040.0,1702.0,8.0,173.0,5.0,15101.0,15433.0,179.0,4.0,12570.0,1852.0,6.0,7.0,13503.0,17.0,ferret
273,1222.0,3715.0,9.0,163.0,10.0,11298.0,12291.0,144.0,8.0,6102.0,2207.0,10.0,10.0,7593.0,16.0,ferret
265,866.0,5295.0,23.0,161.0,15.0,7084.0,7273.0,180.0,9.0,3788.0,3414.0,17.0,14.0,4228.0,26.0,ferret
302,1053.0,5207.0,16.0,152.0,11.0,4812.0,7451.0,143.0,7.0,4986.0,7155.0,10.0,11.0,5528.0,23.0,ferret
190,1429.0,4095.0,2.0,110.0,2.0,3696.0,6856.0,101.0,2.0,7050.0,18288.0,3.0,4.0,5096.0,10.0,ferret
205,1693.0,1905.0,6.0,156.0,4.0,1706.0,3893.0,128.0,4.0,6147.0,22011.0,5.0,3.0,4050.0,9.0,ferret
224,1174.0,1112.0,15.0,199.0,17.0,1371.0,1778.0,112.0,5.0,3910.0,8407.0,14.0,11.0,1764.0,17.0,ferret
173,841.0,1540.0,9.0,156.0,10.0,1357.0,1532.0,143.0,5.0,2863.0,2465.0,8.0,6.0,1689.0,11.0,ferret
124,823.0,7919.0,3.0,176.0,3.0,1248.0,1498.0,136.0,2.0,2736.0,1945.0,4.0,1.0,1634.0,10.0,ferret
140,818.0,13082.0,8.0,150.0,7.0,1243.0,1470.0,142.0,4.0,2754.0,1946.0,8.0,4.0,1658.0,17.0,ferret
173,846.0,10103.0,10.0,159.0,12.0,1269.0,1465.0,152.0,6.0,2782.0,1953.0,10.0,9.0,1648.0,17.0,ferret
215,857.0,5471.0,12.0,141.0,13.0,1288.0,1496.0,143.0,5.0,2759.0,1939.0,11.0,10.0,1649.0,23.0,ferret
245,850.0,1734.0,10.0,122.0,10.0,1240.0,1520.0,216.0,5.0,2769.0,1933.0,6.0,6.0,1622.0,13.0,ferret
213,880.0,1614.0,14.0,219.0,13.0,1261.0,1510.0,225.0,9.0,2743.0,1956.0,11.0,10.0,1645.0,22.0,ferret
837,514.0,1832.0,477.0,684.0,464.0,3672.0,3744.0,631.0,313.0,2203.0,3112.0,308.0,371.0,2777.0,398.0,ferret
231,53.0,1455.0,47.0,207.0,16.0,11600.0,12914.0,224.0,17.0,5203.0,2318.0,15.0,22.0,10929.0,36.0,ferret
180,46.0,2021.0,16.0,174.0,7.0,16457.0,12524.0,187.0,8.0,6795.0,2915.0,3.0,4.0,13998.0,9.0,ferret
238,66.0,3247.0,37.0,163.0,18.0,11289.0,8844.0,156.0,10.0,3308.0,3391.0,9.0,13.0,9098.0,14.0,ferret
235,91.0,5333.0,34.0,151.0,15.0,8524.0,5249.0,210.0,12.0,1862.0,4189.0,13.0,15.0,5400.0,21.0,ferret
249,64.0,5459.0,32.0,150.0,12.0,5786.0,5842.0,167.0,13.0,2644.0,5344.0,9.0,13.0,6068.0,16.0,ferret
144,44.0,4555.0,16.0,119.0,5.0,4603.0,6697.0,116.0,8.0,4310.0,15136.0,4.0,5.0,5092.0,6.0,ferret
185,41.0,2408.0,17.0,138.0,6.0,2181.0,5121.0,157.0,10.0,3806.0,15879.0,5.0,6.0,3433.0,9.0,ferret
203,64.0,1538.0,28.0,193.0,15.0,1139.0,2659.0,115.0,8.0,2340.0,8845.0,15.0,12.0,1840.0,17.0,ferret
164,49.0,2047.0,29.0,164.0,5.0,1141.0,1847.0,154.0,6.0,1918.0,5235.0,5.0,8.0,1709.0,7.0,ferret
119,57.0,9222.0,21.0,189.0,10.0,1059.0,1717.0,149.0,17.0,1848.0,3293.0,4.0,5.0,1681.0,6.0,ferret
141,37.0,13261.0,22.0,134.0,9.0,1032.0,1764.0,136.0,10.0,1864.0,2292.0,8.0,6.0,1671.0,5.0,ferret
157,55.0,9816.0,25.0,152.0,10.0,1074.0,1774.0,174.0,8.0,1861.0,2342.0,7.0,12.0,1689.0,10.0,ferret
196,59.0,4648.0,32.0,139.0,11.0,1100.0,1797.0,154.0,12.0,1859.0,2310.0,10.0,13.0,1729.0,15.0,ferret
239,102.0,1496.0,26.0,119.0,11.0,1069.0,1761.0,238.0,15.0,1877.0,2225.0,8.0,9.0,1641.0,13.0,ferret
205,98.0,1474.0,32.0,219.0,10.0,1093.0,1795.0,227.0,11.0,1887.0,2325.0,9.0,13.0,1695.0,11.0,ferret
3751,2429.0,2327.0,2419.0,2402.0,2403.0,2301.0,2349.0,2323.0,4206.0,2340.0,5987.0,2352.0,2375.0,2471.0,2405.0,ferret
1222,27.0,23.0,22.0,23.0,20.0,29.0,31.0,28.0,1889.0,26.0,3001.0,35.0,33.0,72.0,20.0,ferret
1174,27.0,20.0,24.0,16.0,18.0,31.0,31.0,25.0,1880.0,27.0,2903.0,29.0,27.0,64.0,16.0,ferret
1222,20.0,19.0,16.0,17.0,15.0,22.0,22.0,19.0,1868.0,21.0,2874.0,23.0,23.0,59.0,14.0,ferret
1213,28.0,24.0,20.0,22.0,16.0,25.0,33.0,27.0,1882.0,27.0,2813.0,29.0,31.0,61.0,14.0,ferret
1216,22.0,21.0,19.0,19.0,17.0,25.0,26.0,25.0,1878.0,24.0,2769.0,27.0,25.0,62.0,17.0,ferret
1158,23.0,24.0,19.0,18.0,15.0,21.0,29.0,23.0,1881.0,23.0,3051.0,26.0,27.0,46.0,13.0,ferret
1181,24.0,19.0,20.0,19.0,17.0,27.0,29.0,22.0,1880.0,23.0,3098.0,25.0,22.0,60.0,12.0,ferret
1176,26.0,24.0,18.0,20.0,16.0,24.0,29.0,25.0,1877.0,23.0,3413.0,28.0,27.0,64.0,15.0,ferret
1229,63.0,61.0,59.0,61.0,56.0,74.0,63.0,74.0,1930.0,69.0,3162.0,73.0,72.0,98.0,64.0,ferret
1172,26.0,18.0,16.0,25.0,20.0,26.0,30.0,22.0,1883.0,22.0,3493.0,32.0,31.0,71.0,19.0,ferret
1181,29.0,33.0,33.0,38.0,29.0,35.0,31.0,31.0,1892.0,41.0,3138.0,38.0,34.0,92.0,25.0,ferret
1196,35.0,38.0,37.0,33.0,28.0,38.0,32.0,32.0,1887.0,39.0,3703.0,28.0,41.0,82.0,34.0,ferret
1231,53.0,51.0,51.0,47.0,38.0,54.0,43.0,41.0,1909.0,45.0,3154.0,41.0,44.0,101.0,56.0,ferret
1204,17.0,20.0,14.0,14.0,12.0,17.0,19.0,18.0,1869.0,21.0,3089.0,19.0,22.0,66.0,16.0,ferret
1201,25.0,22.0,13.0,9.0,8.0,22.0,22.0,18.0,1875.0,20.0,3463.0,18.0,22.0,61.0,8.0,ferret
367,239.0,1045.0,268.0,257.0,231.0,2289.0,4306.0,197.0,173.0,113.0,2819.0,147.0,183.0,2132.0,177.0,ferret
123,20.0,933.0,34.0,42.0,9.0,10519.0,13446.0,23.0,6.0,39.0,2661.0,7.0,8.0,10796.0,10.0,ferret
72,14.0,1609.0,22.0,29.0,2.0,13824.0,9180.0,17.0,3.0,29.0,2627.0,4.0,1.0,14049.0,7.0,ferret
126,16.0,3744.0,30.0,63.0,15.0,7561.0,5962.0,19.0,10.0,37.0,2683.0,9.0,11.0,10314.0,14.0,ferret
123,20.0,4863.0,63.0,57.0,14.0,4791.0,3514.0,25.0,5.0,68.0,3350.0,17.0,11.0,6166.0,19.0,ferret
130,18.0,4477.0,30.0,46.0,10.0,4808.0,4873.0,27.0,7.0,46.0,6786.0,8.0,8.0,5989.0,12.0,ferret
76,13.0,2973.0,21.0,28.0,4.0,4649.0,7114.0,15.0,3.0,45.0,19637.0,3.0,2.0,5370.0,5.0,ferret
98,12.0,1081.0,22.0,31.0,7.0,2655.0,6169.0,18.0,5.0,46.0,19471.0,6.0,4.0,3140.0,8.0,ferret
109,17.0,915.0,45.0,31.0,7.0,1934.0,3960.0,14.0,6.0,43.0,6472.0,9.0,4.0,1493.0,11.0,ferret
93,23.0,1254.0,28.0,37.0,5.0,1913.0,2277.0,21.0,4.0,46.0,2832.0,5.0,4.0,1486.0,5.0,ferret
43,16.0,5993.0,36.0,38.0,7.0,1821.0,2144.0,23.0,5.0,36.0,2767.0,7.0,8.0,1444.0,16.0,ferret
50,6.0,12782.0,12.0,19.0,4.0,1787.0,2171.0,12.0,3.0,29.0,2794.0,8.0,3.0,1408.0,9.0,ferret
72,18.0,14334.0,38.0,51.0,5.0,1792.0,2191.0,17.0,5.0,44.0,2797.0,3.0,6.0,1450.0,7.0,ferret
97,16.0,6659.0,27.0,34.0,8.0,1797.0,2134.0,16.0,7.0,35.0,2782.0,9.0,8.0,1477.0,9.0,ferret
113,15.0,883.0,69.0,79.0,8.0,1777.0,2128.0,18.0,7.0,65.0,2725.0,6.0,6.0,1444.0,9.0,ferret
92,15.0,850.0,51.0,63.0,6.0,1771.0,2111.0,20.0,7.0,47.0,2717.0,6.0,10.0,1434.0,7.0,ferret
408,225.0,1358.0,226.0,213.0,232.0,2928.0,3960.0,168.0,154.0,115.0,2237.0,129.0,201.0,3261.0,179.0,ferret
123,9.0,1226.0,26.0,21.0,10.0,11393.0,11827.0,9.0,13.0,20.0,2074.0,8.0,11.0,10337.0,9.0,ferret
71,6.0,1596.0,21.0,17.0,2.0,14667.0,11375.0,5.0,3.0,5.0,2064.0,3.0,5.0,14026.0,6.0,ferret
108,7.0,3486.0,38.0,34.0,5.0,9376.0,7270.0,8.0,3.0,14.0,2301.0,7.0,7.0,10002.0,10.0,ferret
116,9.0,5270.0,50.0,19.0,10.0,6480.0,3497.0,12.0,11.0,11.0,3327.0,7.0,10.0,7309.0,10.0,ferret
126,12.0,5041.0,37.0,17.0,8.0,5324.0,6146.0,15.0,6.0,14.0,7854.0,7.0,9.0,6043.0,8.0,ferret
70,7.0,4359.0,22.0,25.0,2.0,4706.0,8573.0,4.0,2.0,15.0,18787.0,2.0,2.0,4633.0,3.0,ferret
74,4.0,1800.0,26.0,13.0,3.0,2708.0,7105.0,6.0,3.0,12.0,22584.0,3.0,3.0,3068.0,3.0,ferret
95,7.0,1296.0,35.0,19.0,5.0,1491.0,3855.0,6.0,6.0,14.0,8430.0,3.0,6.0,1504.0,7.0,ferret
93,6.0,1850.0,41.0,16.0,6.0,1535.0,2437.0,4.0,4.0,15.0,2564.0,2.0,5.0,1459.0,6.0,ferret
64,13.0,9603.0,29.0,30.0,7.0,1439.0,2343.0,14.0,9.0,16.0,2170.0,8.0,6.0,1428.0,12.0,ferret
54,5.0,14833.0,17.0,13.0,4.0,1373.0,2361.0,5.0,4.0,7.0,2214.0,4.0,1.0,1427.0,2.0,ferret
65,11.0,10556.0,28.0,15.0,5.0,1402.0,2340.0,11.0,6.0,11.0,2197.0,3.0,7.0,1470.0,7.0,ferret
104,11.0,3810.0,34.0,20.0,7.0,1444.0,2320.0,6.0,7.0,18.0,2158.0,7.0,6.0,1485.0,7.0,ferret
104,7.0,1266.0,34.0,14.0,8.0,1417.0,2337.0,8.0,8.0,11.0,2174.0,2.0,5.0,1423.0,8.0,ferret
92,9.0,1214.0,38.0,19.0,7.0,1405.0,2331.0,6.0,7.0,14.0,2214.0,5.0,5.0,1431.0,10.0,ferret
479,298.0,2026.0,286.0,247.0,282.0,4205.0,5336.0,172.0,173.0,91.0,2113.0,159.0,238.0,4301.0,209.0,ferret
151,13.0,2807.0,20.0,17.0,13.0,11702.0,12905.0,8.0,7.0,5.0,1876.0,8.0,9.0,10371.0,9.0,ferret
103,15.0,4496.0,12.0,6.0,9.0,17319.0,9857.0,4.0,3.0,4.0,1894.0,2.0,4.0,13543.0,5.0,ferret
152,18.0,5977.0,18.0,14.0,11.0,13509.0,9463.0,6.0,6.0,5.0,1995.0,8.0,9.0,10700.0,7.0,ferret
134,14.0,5488.0,18.0,11.0,14.0,9641.0,9236.0,9.0,11.0,8.0,3874.0,11.0,9.0,8733.0,10.0,ferret
158,18.0,4450.0,15.0,14.0,11.0,6385.0,6270.0,9.0,10.0,12.0,7642.0,7.0,8.0,6188.0,9.0,ferret
84,20.0,2539.0,8.0,7.0,4.0,3917.0,5709.0,2.0,2.0,4.0,18661.0,1.0,1.0,4762.0,2.0,ferret
108,16.0,1301.0,11.0,5.0,6.0,1904.0,4287.0,5.0,4.0,4.0,23009.0,2.0,3.0,2958.0,3.0,ferret
101,17.0,934.0,15.0,15.0,7.0,1086.0,3098.0,4.0,7.0,9.0,8022.0,5.0,4.0,1384.0,5.0,ferret
100,13.0,1084.0,19.0,8.0,5.0,1107.0,2171.0,4.0,4.0,6.0,2244.0,4.0,7.0,1251.0,5.0,ferret
56,20.0,6644.0,16.0,14.0,8.0,1111.0,1954.0,7.0,5.0,7.0,1986.0,3.0,6.0,1206.0,5.0,ferret
67,9.0,11970.0,9.0,3.0,5.0,1064.0,2015.0,3.0,5.0,3.0,2010.0,3.0,3.0,1260.0,2.0,ferret
83,13.0,10545.0,17.0,8.0,8.0,1061.0,2061.0,9.0,3.0,7.0,2000.0,3.0,9.0,1295.0,2.0,ferret
126,18.0,7466.0,18.0,13.0,7.0,1056.0,2033.0,6.0,6.0,6.0,2006.0,5.0,8.0,1244.0,6.0,ferret
114,8.0,4205.0,13.0,9.0,8.0,1218.0,1989.0,7.0,9.0,7.0,1983.0,5.0,7.0,1208.0,8.0,ferret
109,13.0,2624.0,17.0,8.0,8.0,1415.0,1986.0,5.0,5.0,4.0,2028.0,3.0,7.0,1278.0,4.0,ferret
427,219.0,1438.0,212.0,188.0,236.0,3824.0,5463.0,159.0,155.0,99.0,2439.0,150.0,217.0,3279.0,197.0,ferret
117,11.0,1654.0,23.0,11.0,11.0,10395.0,13313.0,8.0,8.0,19.0,2265.0,6.0,10.0,11646.0,9.0,ferret
62,7.0,2890.0,15.0,6.0,13.0,14415.0,6603.0,5.0,4.0,11.0,2214.0,3.0,6.0,12231.0,6.0,ferret
108,8.0,4318.0,29.0,8.0,28.0,11459.0,3866.0,6.0,9.0,17.0,2309.0,4.0,7.0,6298.0,8.0,ferret
107,12.0,5172.0,24.0,12.0,23.0,8037.0,2672.0,8.0,8.0,16.0,2658.0,7.0,9.0,3703.0,11.0,ferret
128,10.0,4303.0,45.0,16.0,17.0,4931.0,3810.0,9.0,8.0,20.0,6429.0,10.0,12.0,4563.0,10.0,ferret
58,12.0,3335.0,19.0,3.0,15.0,3705.0,6781.0,4.0,3.0,12.0,19743.0,4.0,2.0,4260.0,2.0,ferret
85,8.0,1754.0,19.0,4.0,12.0,1993.0,6600.0,4.0,5.0,16.0,23534.0,3.0,3.0,3595.0,4.0,ferret
92,10.0,1114.0,24.0,5.0,15.0,1088.0,5000.0,4.0,7.0,19.0,6385.0,3.0,6.0,1847.0,5.0,ferret
93,7.0,1243.0,18.0,5.0,13.0,1090.0,2902.0,3.0,5.0,11.0,2425.0,4.0,5.0,1640.0,4.0,ferret
49,11.0,8235.0,20.0,12.0,13.0,1033.0,2715.0,5.0,5.0,16.0,2338.0,3.0,6.0,1592.0,6.0,ferret
52,2.0,12962.0,14.0,4.0,10.0,1042.0,2758.0,2.0,2.0,9.0,2393.0,3.0,1.0,1634.0,2.0,ferret
76,10.0,11090.0,25.0,5.0,15.0,1019.0,2727.0,4.0,4.0,17.0,2423.0,4.0,7.0,1646.0,5.0,ferret
118,11.0,6313.0,29.0,9.0,16.0,1037.0,2712.0,7.0,9.0,13.0,2354.0,7.0,9.0,1623.0,8.0,ferret
103,5.0,3841.0,26.0,7.0,13.0,1019.0,2700.0,6.0,6.0,7.0,2312.0,3.0,5.0,1596.0,8.0,ferret
106,10.0,2126.0,28.0,9.0,12.0,1338.0,2688.0,7.0,5.0,11.0,2371.0,6.0,8.0,1634.0,8.0,ferret
650,312.0,1417.0,298.0,581.0,353.0,2153.0,4864.0,519.0,204.0,153.0,2439.0,207.0,271.0,4176.0,297.0,ferret
165,10.0,1158.0,19.0,183.0,13.0,10403.0,12479.0,189.0,7.0,20.0,2025.0,8.0,10.0,8880.0,9.0,ferret
110,7.0,1579.0,8.0,168.0,8.0,15397.0,9107.0,171.0,4.0,12.0,2078.0,3.0,5.0,8917.0,5.0,ferret
161,10.0,3059.0,15.0,162.0,12.0,7085.0,6241.0,144.0,6.0,9.0,2141.0,6.0,10.0,5077.0,6.0,ferret
173,10.0,4759.0,18.0,143.0,20.0,4960.0,3363.0,185.0,5.0,17.0,2886.0,10.0,11.0,3504.0,11.0,ferret
188,10.0,5151.0,17.0,143.0,16.0,4918.0,5046.0,143.0,7.0,20.0,5972.0,9.0,10.0,5410.0,11.0,ferret
99,3.0,4106.0,8.0,109.0,11.0,5000.0,7309.0,103.0,3.0,13.0,15350.0,0.0,1.0,5367.0,3.0,ferret
131,5.0,1741.0,11.0,145.0,6.0,3450.0,6159.0,135.0,2.0,9.0,19209.0,2.0,2.0,4694.0,3.0,ferret
153,10.0,1191.0,19.0,200.0,18.0,1723.0,4326.0,109.0,5.0,17.0,5677.0,10.0,10.0,2726.0,15.0,ferret
121,4.0,1356.0,21.0,143.0,13.0,1656.0,2732.0,136.0,4.0,12.0,2206.0,5.0,7.0,2591.0,7.0,ferret
76,9.0,6355.0,16.0,178.0,12.0,1657.0,2568.0,134.0,7.0,12.0,2131.0,4.0,7.0,2569.0,11.0,ferret
60,5.0,12927.0,2.0,147.0,6.0,1605.0,2616.0,133.0,9.0,10.0,2117.0,4.0,3.0,2604.0,3.0,ferret
111,10.0,11866.0,16.0,136.0,14.0,1587.0,2605.0,158.0,3.0,14.0,2144.0,5.0,9.0,2617.0,6.0,ferret
145,9.0,6617.0,20.0,127.0,12.0,1580.0,2592.0,141.0,4.0,15.0,2145.0,9.0,9.0,2552.0,10.0,ferret
158,5.0,2184.0,12.0,116.0,8.0,1596.0,2585.0,212.0,5.0,10.0,2123.0,5.0,5.0,2490.0,7.0,ferret
159,10.0,1921.0,16.0,206.0,14.0,1587.0,2599.0,222.0,7.0,17.0,2201.0,5.0,9.0,2541.0,9.0,ferret
544,260.0,1399.0,268.0,559.0,298.0,3192.0,4387.0,456.0,195.0,118.0,368.0,170.0,250.0,3201.0,236.0,ferret
140,7.0,1210.0,23.0,186.0,8.0,11390.0,9205.0,188.0,7.0,13.0,129.0,8.0,10.0,10166.0,13.0,ferret
95,2.0,1458.0,16.0,173.0,4.0,15381.0,4540.0,180.0,4.0,4.0,141.0,4.0,2.0,11987.0,6.0,ferret
135,7.0,3172.0,46.0,163.0,10.0,9143.0,2455.0,147.0,7.0,12.0,155.0,9.0,8.0,5660.0,11.0,ferret
162,11.0,5502.0,42.0,146.0,16.0,6796.0,2165.0,172.0,8.0,12.0,174.0,8.0,11.0,3276.0,11.0,ferret
164,13.0,5825.0,37.0,152.0,16.0,5538.0,3267.0,160.0,9.0,8.0,187.0,11.0,10.0,5607.0,8.0,ferret
85,1.0,4946.0,39.0,122.0,4.0,4822.0,5426.0,112.0,2.0,8.0,154.0,2.0,1.0,5640.0,4.0,ferret
115,4.0,2037.0,24.0,152.0,3.0,2523.0,5347.0,143.0,3.0,8.0,203.0,5.0,3.0,4845.0,5.0,ferret
131,6.0,1255.0,36.0,188.0,14.0,1563.0,3542.0,106.0,6.0,8.0,176.0,7.0,8.0,2259.0,7.0,ferret
114,4.0,1731.0,27.0,157.0,5.0,1530.0,2247.0,152.0,2.0,6.0,147.0,3.0,4.0,2033.0,5.0,ferret
61,5.0,7949.0,34.0,185.0,6.0,1480.0,2124.0,132.0,3.0,6.0,157.0,7.0,6.0,2015.0,10.0,ferret
89,4.0,13058.0,46.0,152.0,10.0,1442.0,2205.0,139.0,7.0,3.0,128.0,12.0,10.0,2054.0,12.0,ferret
87,5.0,9803.0,38.0,141.0,3.0,1437.0,2178.0,128.0,3.0,12.0,171.0,4.0,8.0,2035.0,6.0,ferret
133,9.0,4763.0,31.0,133.0,7.0,1466.0,2183.0,138.0,5.0,10.0,151.0,7.0,7.0,2005.0,7.0,ferret
147,5.0,1221.0,35.0,120.0,6.0,1448.0,2180.0,154.0,5.0,7.0,169.0,4.0,5.0,1990.0,8.0,ferret
123,8.0,1190.0,36.0,218.0,6.0,1435.0,2207.0,193.0,4.0,11.0,187.0,4.0,8.0,2038.0,7.0,ferret
316,164.0,1626.0,150.0,170.0,152.0,2241.0,172.0,136.0,104.0,68.0,73.0,106.0,145.0,3615.0,130.0,ferret
91,7.0,1578.0,17.0,28.0,9.0,12002.0,44.0,23.0,6.0,6.0,20.0,8.0,7.0,9909.0,9.0,ferret
40,1.0,1637.0,8.0,16.0,4.0,16594.0,39.0,16.0,3.0,3.0,16.0,5.0,3.0,11088.0,4.0,ferret
85,7.0,2757.0,16.0,19.0,5.0,9456.0,43.0,19.0,6.0,5.0,19.0,6.0,6.0,5277.0,6.0,ferret
93,8.0,5986.0,14.0,20.0,10.0,5974.0,60.0,19.0,6.0,7.0,19.0,9.0,8.0,3003.0,9.0,ferret
89,6.0,6096.0,17.0,28.0,7.0,5570.0,47.0,26.0,6.0,9.0,19.0,8.0,7.0,4535.0,11.0,ferret
42,1.0,5956.0,8.0,15.0,4.0,5203.0,34.0,15.0,2.0,5.0,13.0,2.0,0.0,4576.0,2.0,ferret
71,4.0,2806.0,9.0,20.0,6.0,3086.0,28.0,21.0,8.0,6.0,15.0,5.0,8.0,3823.0,7.0,ferret
79,3.0,1678.0,17.0,21.0,5.0,1461.0,43.0,17.0,2.0,3.0,22.0,4.0,4.0,2316.0,5.0,ferret
64,7.0,2152.0,17.0,20.0,3.0,1477.0,36.0,21.0,4.0,5.0,22.0,3.0,4.0,2010.0,4.0,ferret
37,5.0,10457.0,14.0,20.0,4.0,1380.0,42.0,20.0,4.0,3.0,19.0,4.0,5.0,2015.0,5.0,ferret
37,2.0,13673.0,5.0,15.0,6.0,1343.0,27.0,11.0,0.0,1.0,9.0,10.0,6.0,2027.0,4.0,ferret
53,6.0,7337.0,15.0,17.0,6.0,1354.0,49.0,16.0,3.0,3.0,21.0,1.0,8.0,2037.0,3.0,ferret
79,9.0,3005.0,17.0,15.0,7.0,1377.0,37.0,15.0,6.0,5.0,15.0,5.0,7.0,1985.0,5.0,ferret
85,4.0,1639.0,13.0,17.0,6.0,1363.0,67.0,17.0,5.0,6.0,13.0,5.0,5.0,1963.0,7.0,ferret
72,10.0,1581.0,11.0,23.0,6.0,1323.0,61.0,21.0,5.0,4.0,12.0,5.0,5.0,1991.0,6.0,ferret
229,102.0,1685.0,154.0,171.0,74.0,3446.0,94.0,158.0,71.0,40.0,52.0,85.0,126.0,2763.0,143.0,ferret
60,3.0,2203.0,19.0,8.0,2.0,11479.0,15.0,18.0,2.0,5.0,7.0,4.0,11.0,9438.0,8.0,ferret
33,3.0,2614.0,13.0,5.0,0.0,15786.0,4.0,16.0,1.0,2.0,1.0,1.0,6.0,12516.0,6.0,ferret
72,4.0,3776.0,31.0,8.0,7.0,11925.0,12.0,23.0,5.0,7.0,8.0,8.0,25.0,7289.0,8.0,ferret
94,10.0,5431.0,27.0,13.0,10.0,8627.0,11.0,53.0,8.0,6.0,8.0,8.0,17.0,5426.0,9.0,ferret
48,7.0,5199.0,24.0,8.0,6.0,6293.0,15.0,24.0,5.0,4.0,9.0,3.0,15.0,6748.0,5.0,ferret
35,0.0,4529.0,13.0,2.0,0.0,4351.0,16.0,19.0,1.0,1.0,4.0,1.0,12.0,6728.0,2.0,ferret
59,3.0,2513.0,26.0,11.0,5.0,2388.0,7.0,29.0,6.0,3.0,2.0,4.0,10.0,4579.0,9.0,ferret
68,7.0,1481.0,28.0,9.0,4.0,1400.0,17.0,16.0,5.0,5.0,11.0,3.0,16.0,2229.0,7.0,ferret
49,3.0,1670.0,22.0,5.0,3.0,1386.0,8.0,19.0,3.0,1.0,3.0,2.0,15.0,2012.0,3.0,ferret
25,3.0,9464.0,21.0,10.0,2.0,1306.0,13.0,23.0,4.0,3.0,10.0,3.0,14.0,2016.0,9.0,ferret
31,2.0,13393.0,19.0,7.0,2.0,1299.0,3.0,12.0,2.0,3.0,4.0,4.0,13.0,2058.0,4.0,ferret
43,4.0,8031.0,24.0,8.0,1.0,1284.0,8.0,37.0,2.0,3.0,5.0,2.0,12.0,2058.0,4.0,ferret
61,2.0,4352.0,46.0,9.0,2.0,1299.0,9.0,24.0,1.0,4.0,10.0,4.0,13.0,2033.0,5.0,ferret
69,3.0,2587.0,26.0,3.0,3.0,1292.0,7.0,64.0,2.0,4.0,3.0,4.0,10.0,2012.0,2.0,ferret
75,6.0,2039.0,27.0,5.0,4.0,1414.0,11.0,52.0,3.0,4.0,6.0,2.0,11.0,1968.0,7.0,ferret
308,140.0,1296.0,121.0,161.0,113.0,5299.0,91.0,125.0,66.0,47.0,59.0,71.0,106.0,2341.0,130.0,ferret
76,4.0,1258.0,15.0,7.0,8.0,11822.0,4.0,9.0,7.0,4.0,13.0,5.0,9.0,10899.0,5.0,ferret
33,2.0,1492.0,7.0,3.0,2.0,15845.0,1.0,4.0,1.0,2.0,12.0,1.0,3.0,12542.0,0.0,ferret
70,8.0,3062.0,14.0,8.0,4.0,15829.0,4.0,9.0,4.0,3.0,16.0,3.0,10.0,6044.0,4.0,ferret
93,9.0,5993.0,11.0,9.0,9.0,10573.0,9.0,12.0,6.0,8.0,14.0,6.0,12.0,3498.0,9.0,ferret
67,8.0,6404.0,12.0,7.0,6.0,6633.0,9.0,10.0,7.0,5.0,11.0,5.0,10.0,5450.0,6.0,ferret
36,2.0,5379.0,7.0,2.0,1.0,2739.0,3.0,6.0,0.0,1.0,15.0,0.0,9.0,5338.0,0.0,ferret
59,8.0,2681.0,11.0,7.0,6.0,1003.0,5.0,10.0,3.0,4.0,12.0,2.0,4.0,4258.0,6.0,ferret
76,5.0,1295.0,15.0,9.0,8.0,902.0,10.0,10.0,5.0,4.0,19.0,3.0,10.0,1903.0,8.0,ferret
47,1.0,1915.0,16.0,4.0,4.0,922.0,2.0,12.0,2.0,6.0,7.0,2.0,16.0,1657.0,3.0,ferret
30,6.0,7683.0,14.0,4.0,5.0,870.0,7.0,12.0,4.0,2.0,13.0,4.0,10.0,1643.0,6.0,ferret
25,4.0,13677.0,4.0,3.0,4.0,855.0,3.0,4.0,2.0,2.0,6.0,6.0,6.0,1697.0,4.0,ferret
36,5.0,9309.0,14.0,10.0,3.0,865.0,6.0,11.0,2.0,4.0,14.0,1.0,9.0,1700.0,1.0,ferret
57,8.0,5232.0,17.0,4.0,7.0,901.0,2.0,11.0,5.0,4.0,9.0,4.0,10.0,1670.0,4.0,ferret
46,5.0,1270.0,9.0,5.0,3.0,1087.0,3.0,6.0,2.0,3.0,7.0,2.0,6.0,1663.0,7.0,ferret
70,5.0,1236.0,12.0,5.0,5.0,1719.0,4.0,10.0,4.0,3.0,18.0,3.0,7.0,1689.0,4.0,ferret
319,134.0,1628.0,136.0,164.0,96.0,4304.0,89.0,115.0,72.0,31.0,52.0,80.0,96.0,4581.0,142.0,ferret
78,4.0,1565.0,17.0,6.0,7.0,10279.0,5.0,6.0,5.0,5.0,10.0,6.0,7.0,10687.0,6.0,ferret
35,1.0,1670.0,15.0,2.0,0.0,14991.0,3.0,0.0,0.0,2.0,2.0,1.0,0.0,10920.0,2.0,ferret
70,5.0,3087.0,27.0,6.0,4.0,13355.0,3.0,5.0,3.0,4.0,7.0,5.0,3.0,7522.0,7.0,ferret
95,9.0,6114.0,26.0,9.0,10.0,10488.0,5.0,9.0,8.0,8.0,7.0,8.0,8.0,5555.0,8.0,ferret
59,4.0,6156.0,24.0,7.0,6.0,6673.0,8.0,6.0,5.0,5.0,8.0,4.0,9.0,4699.0,6.0,ferret
32,0.0,5706.0,15.0,1.0,1.0,4474.0,4.0,1.0,1.0,2.0,3.0,1.0,1.0,4432.0,0.0,ferret
60,4.0,3166.0,21.0,2.0,2.0,1236.0,2.0,7.0,1.0,2.0,5.0,1.0,3.0,3196.0,2.0,ferret
75,4.0,1680.0,25.0,7.0,2.0,933.0,12.0,4.0,4.0,7.0,9.0,3.0,3.0,1928.0,3.0,ferret
49,6.0,2045.0,23.0,4.0,1.0,911.0,5.0,3.0,2.0,3.0,7.0,3.0,2.0,1789.0,4.0,ferret
20,2.0,9515.0,23.0,5.0,1.0,843.0,6.0,3.0,2.0,3.0,9.0,2.0,3.0,1760.0,2.0,ferret
32,4.0,14027.0,14.0,6.0,5.0,829.0,1.0,4.0,2.0,3.0,0.0,2.0,4.0,1800.0,4.0,ferret
42,5.0,8405.0,24.0,3.0,4.0,885.0,1.0,2.0,3.0,2.0,7.0,3.0,6.0,1853.0,5.0,ferret
50,4.0,3516.0,26.0,6.0,2.0,880.0,3.0,5.0,2.0,6.0,6.0,2.0,1.0,1795.0,3.0,ferret
50,0.0,1661.0,38.0,3.0,2.0,1209.0,4.0,4.0,4.0,7.0,4.0,3.0,2.0,1728.0,5.0,ferret
76,6.0,1618.0,26.0,5.0,3.0,877.0,5.0,4.0,2.0,3.0,4.0,5.0,3.0,1763.0,4.0,ferret
