From router 0 to router 0,From router 0 to router 1,From router 0 to router 2,From router 0 to router 3,From router 0 to router 4,From router 0 to router 5,From router 0 to router 6,From router 0 to router 7,From router 0 to router 8,From router 0 to router 9,From router 0 to router 10,From router 0 to router 11,From router 0 to router 12,From router 0 to router 13,From router 0 to router 14,From router 0 to router 15,From router 1 to router 0,From router 1 to router 1,From router 1 to router 2,From router 1 to router 3,From router 1 to router 4,From router 1 to router 5,From router 1 to router 6,From router 1 to router 7,From router 1 to router 8,From router 1 to router 9,From router 1 to router 10,From router 1 to router 11,From router 1 to router 12,From router 1 to router 13,From router 1 to router 14,From router 1 to router 15,From router 2 to router 0,From router 2 to router 1,From router 2 to router 2,From router 2 to router 3,From router 2 to router 4,From router 2 to router 5,From router 2 to router 6,From router 2 to router 7,From router 2 to router 8,From router 2 to router 9,From router 2 to router 10,From router 2 to router 11,From router 2 to router 12,From router 2 to router 13,From router 2 to router 14,From router 2 to router 15,From router 3 to router 0,From router 3 to router 1,From router 3 to router 2,From router 3 to router 3,From router 3 to router 4,From router 3 to router 5,From router 3 to router 6,From router 3 to router 7,From router 3 to router 8,From router 3 to router 9,From router 3 to router 10,From router 3 to router 11,From router 3 to router 12,From router 3 to router 13,From router 3 to router 14,From router 3 to router 15,From router 4 to router 0,From router 4 to router 1,From router 4 to router 2,From router 4 to router 3,From router 4 to router 4,From router 4 to router 5,From router 4 to router 6,From router 4 to router 7,From router 4 to router 8,From router 4 to router 9,From router 4 to router 10,From router 4 to router 11,From router 4 to router 12,From router 4 to router 13,From router 4 to router 14,From router 4 to router 15,From router 5 to router 0,From router 5 to router 1,From router 5 to router 2,From router 5 to router 3,From router 5 to router 4,From router 5 to router 5,From router 5 to router 6,From router 5 to router 7,From router 5 to router 8,From router 5 to router 9,From router 5 to router 10,From router 5 to router 11,From router 5 to router 12,From router 5 to router 13,From router 5 to router 14,From router 5 to router 15,From router 6 to router 0,From router 6 to router 1,From router 6 to router 2,From router 6 to router 3,From router 6 to router 4,From router 6 to router 5,From router 6 to router 6,From router 6 to router 7,From router 6 to router 8,From router 6 to router 9,From router 6 to router 10,From router 6 to router 11,From router 6 to router 12,From router 6 to router 13,From router 6 to router 14,From router 6 to router 15,From router 7 to router 0,From router 7 to router 1,From router 7 to router 2,From router 7 to router 3,From router 7 to router 4,From router 7 to router 5,From router 7 to router 6,From router 7 to router 7,From router 7 to router 8,From router 7 to router 9,From router 7 to router 10,From router 7 to router 11,From router 7 to router 12,From router 7 to router 13,From router 7 to router 14,From router 7 to router 15,From router 8 to router 0,From router 8 to router 1,From router 8 to router 2,From router 8 to router 3,From router 8 to router 4,From router 8 to router 5,From router 8 to router 6,From router 8 to router 7,From router 8 to router 8,From router 8 to router 9,From router 8 to router 10,From router 8 to router 11,From router 8 to router 12,From router 8 to router 13,From router 8 to router 14,From router 8 to router 15,From router 9 to router 0,From router 9 to router 1,From router 9 to router 2,From router 9 to router 3,From router 9 to router 4,From router 9 to router 5,From router 9 to router 6,From router 9 to router 7,From router 9 to router 8,From router 9 to router 9,From router 9 to router 10,From router 9 to router 11,From router 9 to router 12,From router 9 to router 13,From router 9 to router 14,From router 9 to router 15,From router 10 to router 0,From router 10 to router 1,From router 10 to router 2,From router 10 to router 3,From router 10 to router 4,From router 10 to router 5,From router 10 to router 6,From router 10 to router 7,From router 10 to router 8,From router 10 to router 9,From router 10 to router 10,From router 10 to router 11,From router 10 to router 12,From router 10 to router 13,From router 10 to router 14,From router 10 to router 15,From router 11 to router 0,From router 11 to router 1,From router 11 to router 2,From router 11 to router 3,From router 11 to router 4,From router 11 to router 5,From router 11 to router 6,From router 11 to router 7,From router 11 to router 8,From router 11 to router 9,From router 11 to router 10,From router 11 to router 11,From router 11 to router 12,From router 11 to router 13,From router 11 to router 14,From router 11 to router 15,From router 12 to router 0,From router 12 to router 1,From router 12 to router 2,From router 12 to router 3,From router 12 to router 4,From router 12 to router 5,From router 12 to router 6,From router 12 to router 7,From router 12 to router 8,From router 12 to router 9,From router 12 to router 10,From router 12 to router 11,From router 12 to router 12,From router 12 to router 13,From router 12 to router 14,From router 12 to router 15,From router 13 to router 0,From router 13 to router 1,From router 13 to router 2,From router 13 to router 3,From router 13 to router 4,From router 13 to router 5,From router 13 to router 6,From router 13 to router 7,From router 13 to router 8,From router 13 to router 9,From router 13 to router 10,From router 13 to router 11,From router 13 to router 12,From router 13 to router 13,From router 13 to router 14,From router 13 to router 15,From router 14 to router 0,From router 14 to router 1,From router 14 to router 2,From router 14 to router 3,From router 14 to router 4,From router 14 to router 5,From router 14 to router 6,From router 14 to router 7,From router 14 to router 8,From router 14 to router 9,From router 14 to router 10,From router 14 to router 11,From router 14 to router 12,From router 14 to router 13,From router 14 to router 14,From router 14 to router 15,From router 15 to router 0,From router 15 to router 1,From router 15 to router 2,From router 15 to router 3,From router 15 to router 4,From router 15 to router 5,From router 15 to router 6,From router 15 to router 7,From router 15 to router 8,From router 15 to router 9,From router 15 to router 10,From router 15 to router 11,From router 15 to router 12,From router 15 to router 13,From router 15 to router 14,From router 15 to router 15,Applications (Label Classes)
0.0,0.0,0.0,0.0,0.0,0.0,0.0,0.0,0.0,0.0,0.0,0.0,0.0,0.0,0.0,0.0,0.0,0.0,0.0,0.0,0.0,0.0,0.0,0.0,0.0,0.0,0.0,0.0,0.0,0.0,0.0,0.0,0.0,0.0,0.0,0.0,0.0,0.0,0.0,0.0,0.0,0.0,0.0,0.0,0.0,0.0,0.0,0.0,0.0,0.0,0.0,0.0,0.0,0.0,0.0,0.0,0.0,0.0,0.0,0.0,0.0,0.0,0.0,0.0,0.0,0.0,0.0,0.0,0.0,0.0,0.0,0.0,0.0,0.0,0.0,0.0,0.0,0.0,0.0,0.0,0.0,0.0,0.0,0.0,0.0,0.0,0.0,0.0,0.0,0.0,0.0,0.0,0.0,0.0,0.0,0.0,0.0,0.0,0.0,0.0,0.0,0.0,0.0,0.0,0.0,0.0,0.0,0.0,0.0,0.0,0.0,0.0,0.0,0.0,0.0,0.0,0.0,0.0,0.0,0.0,0.0,0.0,0.0,0.0,0.0,0.0,0.0,0.0,0.0,0.0,0.0,0.0,0.0,0.0,0.0,0.0,0.0,0.0,0.0,0.0,0.0,0.0,0.0,0.0,0.0,0.0,0.0,0.0,0.0,0.0,0.0,0.0,0.0,0.0,0.0,0.0,0.0,0.0,0.0,0.0,0.0,0.0,0.0,0.0,0.0,0.0,0.0,0.0,0.0,0.0,0.0,0.0,0.0,0.0,0.0,0.0,0.0,0.0,0.0,0.0,0.0,0.0,0.0,0.0,0.0,0.0,0.0,0.0,0.0,0.0,0.0,0.0,0.0,0.0,0.0,0.0,0.0,0.0,0.0,0.0,0.0,0.0,0.0,0.0,0.0,0.0,0.0,0.0,0.0,0.0,0.0,0.0,0.0,0.0,0.0,0.0,0.0,0.0,0.0,0.0,0.0,0.0,0.0,0.0,0.0,0.0,0.0,0.0,0.0,0.0,0.0,0.0,0.0,0.0,0.0,0.0,0.0,0.0,0.0,0.0,0.0,0.0,0.0,0.0,0.0,0.0,0.0,0.0,0.0,0.0,0.0,0.0,0.0,0.0,0.0,0.0,freqmine
435.0,370.0,325.0,390.0,358.0,356.0,320.0,344.0,335.0,348.0,314.0,325.0,3483.0,370.0,378.0,369.0,41.0,2.0,5.0,15.0,4.0,3.0,3.0,1.0,5.0,6.0,4.0,3.0,1539.0,5.0,6.0,3.0,10.0,0.0,0.0,15.0,3.0,1.0,1.0,3.0,0.0,1.0,0.0,1.0,1832.0,1.0,4.0,2.0,30.0,3.0,1.0,12.0,7.0,5.0,4.0,5.0,6.0,2.0,2.0,0.0,1756.0,4.0,12.0,12.0,32.0,3.0,3.0,31.0,1.0,3.0,1.0,2.0,4.0,3.0,2.0,1.0,1713.0,3.0,4.0,3.0,32.0,5.0,5.0,17.0,4.0,3.0,2.0,1.0,1.0,1.0,2.0,1.0,1964.0,1.0,4.0,4.0,12.0,4.0,0.0,14.0,1.0,2.0,0.0,3.0,1.0,2.0,0.0,1.0,1979.0,3.0,3.0,2.0,27.0,5.0,1.0,13.0,6.0,4.0,0.0,1.0,2.0,1.0,1.0,2.0,1788.0,3.0,1.0,5.0,22.0,2.0,0.0,13.0,3.0,5.0,2.0,2.0,2.0,2.0,0.0,0.0,1782.0,3.0,4.0,3.0,30.0,2.0,1.0,14.0,2.0,2.0,3.0,2.0,3.0,4.0,1.0,0.0,1619.0,3.0,4.0,3.0,11.0,3.0,1.0,14.0,3.0,1.0,1.0,2.0,2.0,3.0,2.0,2.0,1938.0,2.0,3.0,3.0,12.0,1.0,1.0,10.0,3.0,1.0,0.0,1.0,0.0,1.0,1.0,2.0,1899.0,2.0,0.0,2.0,18.0,1.0,1.0,17.0,2.0,2.0,1.0,2.0,1.0,1.0,1.0,1.0,1974.0,1.0,2.0,2.0,37.0,3.0,2.0,16.0,3.0,2.0,2.0,3.0,2.0,5.0,2.0,2.0,2370.0,2.0,4.0,4.0,46.0,5.0,3.0,50.0,4.0,3.0,4.0,3.0,4.0,6.0,3.0,1.0,2122.0,5.0,6.0,4.0,39.0,3.0,2.0,28.0,12.0,3.0,1.0,3.0,5.0,2.0,1.0,1.0,2179.0,4.0,10.0,2.0,freqmine
5676.0,1531.0,1452.0,1497.0,1514.0,1568.0,1389.0,1448.0,1441.0,1459.0,1363.0,1402.0,1457.0,1527.0,1564.0,1537.0,3500.0,19.0,18.0,20.0,34.0,66.0,16.0,20.0,18.0,28.0,16.0,20.0,24.0,21.0,53.0,31.0,3488.0,22.0,12.0,14.0,14.0,32.0,15.0,13.0,17.0,28.0,14.0,13.0,16.0,15.0,24.0,28.0,3467.0,23.0,24.0,21.0,29.0,36.0,22.0,25.0,35.0,33.0,19.0,21.0,21.0,25.0,21.0,28.0,3512.0,41.0,25.0,26.0,25.0,60.0,29.0,29.0,27.0,60.0,23.0,24.0,28.0,30.0,34.0,29.0,3601.0,23.0,27.0,29.0,37.0,38.0,25.0,28.0,27.0,53.0,26.0,26.0,30.0,29.0,46.0,35.0,3469.0,21.0,23.0,22.0,26.0,43.0,23.0,27.0,27.0,43.0,25.0,27.0,19.0,27.0,22.0,23.0,3444.0,21.0,18.0,21.0,19.0,29.0,15.0,13.0,22.0,29.0,15.0,13.0,15.0,18.0,17.0,24.0,3470.0,37.0,24.0,24.0,35.0,40.0,20.0,20.0,20.0,36.0,18.0,17.0,18.0,20.0,46.0,27.0,3481.0,22.0,26.0,24.0,31.0,38.0,20.0,24.0,22.0,31.0,19.0,20.0,29.0,24.0,43.0,30.0,3439.0,23.0,21.0,22.0,34.0,33.0,18.0,21.0,27.0,31.0,22.0,19.0,23.0,27.0,27.0,25.0,3473.0,20.0,21.0,27.0,20.0,27.0,22.0,21.0,23.0,29.0,22.0,18.0,23.0,20.0,32.0,24.0,3515.0,32.0,18.0,19.0,26.0,48.0,25.0,21.0,29.0,47.0,19.0,17.0,17.0,23.0,23.0,21.0,3550.0,22.0,24.0,29.0,36.0,37.0,29.0,35.0,28.0,35.0,26.0,25.0,28.0,25.0,29.0,27.0,3550.0,47.0,29.0,31.0,28.0,67.0,29.0,30.0,32.0,70.0,23.0,27.0,20.0,24.0,29.0,23.0,3576.0,46.0,24.0,29.0,29.0,53.0,28.0,24.0,26.0,57.0,23.0,25.0,21.0,25.0,28.0,17.0,freqmine
5581.0,1859.0,1832.0,1949.0,1874.0,1862.0,1812.0,1882.0,1856.0,1851.0,1794.0,1852.0,1778.0,1866.0,1871.0,1885.0,2653.0,16.0,26.0,37.0,24.0,28.0,22.0,22.0,21.0,29.0,28.0,29.0,14.0,26.0,28.0,29.0,2622.0,16.0,26.0,48.0,26.0,50.0,27.0,38.0,30.0,37.0,38.0,43.0,26.0,44.0,34.0,59.0,2670.0,23.0,35.0,41.0,54.0,41.0,40.0,40.0,27.0,40.0,43.0,50.0,30.0,50.0,50.0,39.0,2659.0,19.0,27.0,59.0,51.0,25.0,44.0,52.0,44.0,28.0,34.0,78.0,23.0,60.0,55.0,35.0,2642.0,22.0,42.0,74.0,50.0,34.0,41.0,48.0,37.0,48.0,32.0,52.0,36.0,44.0,43.0,45.0,2578.0,17.0,19.0,31.0,52.0,18.0,22.0,36.0,18.0,25.0,24.0,31.0,21.0,27.0,39.0,22.0,2630.0,15.0,31.0,49.0,46.0,30.0,39.0,33.0,32.0,33.0,33.0,41.0,24.0,36.0,41.0,27.0,2635.0,17.0,30.0,38.0,40.0,21.0,37.0,37.0,21.0,29.0,36.0,38.0,23.0,31.0,35.0,31.0,2633.0,16.0,35.0,48.0,46.0,23.0,36.0,38.0,28.0,27.0,35.0,47.0,26.0,52.0,39.0,30.0,2608.0,15.0,39.0,43.0,32.0,33.0,25.0,32.0,15.0,34.0,30.0,38.0,23.0,34.0,36.0,46.0,2648.0,13.0,21.0,37.0,43.0,20.0,26.0,32.0,21.0,34.0,31.0,25.0,26.0,35.0,55.0,29.0,2660.0,13.0,43.0,66.0,47.0,40.0,43.0,56.0,39.0,44.0,45.0,61.0,20.0,65.0,59.0,45.0,2680.0,18.0,31.0,46.0,41.0,33.0,30.0,34.0,26.0,32.0,33.0,52.0,31.0,33.0,49.0,39.0,2669.0,18.0,48.0,106.0,93.0,63.0,71.0,80.0,68.0,68.0,57.0,111.0,29.0,107.0,71.0,63.0,2664.0,18.0,56.0,75.0,47.0,49.0,45.0,47.0,44.0,56.0,76.0,76.0,26.0,90.0,61.0,56.0,freqmine
7089.0,2551.0,2476.0,2519.0,2507.0,2528.0,2453.0,2496.0,2513.0,2503.0,2433.0,2479.0,2469.0,2512.0,2525.0,2538.0,3755.0,10.0,14.0,10.0,10.0,12.0,8.0,8.0,10.0,10.0,7.0,9.0,8.0,11.0,13.0,15.0,3733.0,8.0,4.0,5.0,7.0,6.0,8.0,2.0,4.0,5.0,5.0,7.0,4.0,6.0,11.0,6.0,3743.0,11.0,7.0,7.0,18.0,9.0,12.0,8.0,10.0,7.0,5.0,8.0,10.0,13.0,24.0,12.0,3762.0,17.0,15.0,22.0,31.0,16.0,26.0,19.0,20.0,14.0,15.0,22.0,14.0,17.0,33.0,18.0,3743.0,10.0,11.0,9.0,10.0,10.0,8.0,8.0,8.0,10.0,6.0,9.0,9.0,7.0,15.0,9.0,3713.0,12.0,10.0,10.0,15.0,7.0,9.0,5.0,8.0,6.0,4.0,7.0,6.0,9.0,19.0,9.0,3732.0,19.0,14.0,12.0,21.0,15.0,9.0,16.0,15.0,12.0,12.0,16.0,11.0,13.0,22.0,12.0,3753.0,21.0,13.0,18.0,27.0,15.0,17.0,16.0,16.0,12.0,16.0,18.0,11.0,17.0,22.0,16.0,3728.0,10.0,9.0,15.0,17.0,18.0,9.0,11.0,16.0,8.0,10.0,16.0,6.0,14.0,15.0,9.0,3696.0,9.0,7.0,8.0,9.0,4.0,5.0,6.0,7.0,8.0,7.0,9.0,6.0,7.0,12.0,7.0,3715.0,13.0,10.0,9.0,21.0,8.0,11.0,12.0,10.0,9.0,9.0,14.0,13.0,10.0,23.0,15.0,3752.0,18.0,20.0,23.0,25.0,19.0,23.0,19.0,20.0,17.0,17.0,21.0,16.0,17.0,24.0,19.0,3760.0,12.0,9.0,12.0,19.0,12.0,8.0,10.0,11.0,9.0,7.0,13.0,15.0,10.0,24.0,18.0,3750.0,17.0,14.0,20.0,23.0,13.0,19.0,14.0,18.0,16.0,12.0,17.0,11.0,17.0,24.0,17.0,3752.0,8.0,7.0,8.0,12.0,8.0,9.0,7.0,7.0,8.0,6.0,9.0,9.0,11.0,15.0,10.0,freqmine
5062.0,1565.0,1478.0,1536.0,1522.0,1520.0,1452.0,1500.0,1501.0,1494.0,1427.0,1458.0,1496.0,1523.0,1543.0,1557.0,2272.0,10.0,11.0,10.0,9.0,8.0,9.0,10.0,10.0,9.0,7.0,7.0,6.0,7.0,11.0,10.0,2213.0,8.0,6.0,7.0,5.0,7.0,5.0,6.0,7.0,4.0,3.0,3.0,4.0,3.0,8.0,7.0,2250.0,13.0,10.0,11.0,9.0,9.0,8.0,8.0,9.0,7.0,4.0,4.0,7.0,5.0,15.0,7.0,2245.0,12.0,10.0,7.0,7.0,7.0,8.0,10.0,10.0,10.0,6.0,6.0,9.0,5.0,15.0,9.0,2233.0,13.0,9.0,9.0,9.0,7.0,10.0,10.0,9.0,8.0,5.0,7.0,6.0,7.0,11.0,8.0,2188.0,11.0,8.0,9.0,8.0,5.0,6.0,7.0,9.0,7.0,3.0,3.0,6.0,3.0,12.0,7.0,2229.0,11.0,10.0,11.0,10.0,8.0,9.0,9.0,9.0,8.0,5.0,5.0,7.0,6.0,13.0,7.0,2246.0,11.0,9.0,10.0,9.0,6.0,10.0,9.0,9.0,9.0,3.0,6.0,8.0,7.0,13.0,8.0,2243.0,14.0,9.0,11.0,13.0,6.0,12.0,12.0,9.0,9.0,5.0,9.0,10.0,7.0,12.0,8.0,2206.0,9.0,7.0,9.0,7.0,5.0,7.0,7.0,9.0,6.0,3.0,4.0,5.0,6.0,9.0,6.0,2244.0,15.0,12.0,7.0,9.0,7.0,10.0,9.0,9.0,8.0,2.0,6.0,7.0,6.0,14.0,9.0,2275.0,13.0,8.0,8.0,9.0,9.0,7.0,9.0,8.0,10.0,5.0,5.0,10.0,7.0,10.0,9.0,2250.0,13.0,12.0,9.0,11.0,6.0,9.0,8.0,10.0,8.0,6.0,4.0,9.0,6.0,16.0,10.0,2278.0,15.0,15.0,13.0,15.0,11.0,13.0,14.0,17.0,13.0,12.0,14.0,12.0,11.0,17.0,12.0,2259.0,15.0,11.0,11.0,12.0,7.0,9.0,9.0,11.0,9.0,5.0,6.0,10.0,7.0,13.0,9.0,freqmine
7845.0,2916.0,2832.0,2907.0,2927.0,2920.0,2829.0,2867.0,2887.0,2896.0,2819.0,2845.0,2884.0,2910.0,2924.0,2934.0,4288.0,14.0,16.0,20.0,25.0,19.0,16.0,14.0,14.0,18.0,15.0,12.0,11.0,21.0,14.0,22.0,4257.0,28.0,25.0,33.0,32.0,28.0,23.0,26.0,28.0,28.0,24.0,24.0,29.0,32.0,36.0,35.0,4300.0,29.0,29.0,36.0,34.0,38.0,30.0,32.0,31.0,37.0,29.0,27.0,31.0,35.0,38.0,39.0,4308.0,34.0,28.0,35.0,37.0,44.0,32.0,33.0,31.0,37.0,32.0,23.0,32.0,36.0,32.0,31.0,4300.0,33.0,30.0,36.0,33.0,38.0,27.0,31.0,33.0,36.0,31.0,27.0,33.0,34.0,38.0,38.0,4252.0,29.0,29.0,36.0,32.0,37.0,25.0,29.0,30.0,32.0,26.0,25.0,30.0,34.0,33.0,34.0,4257.0,29.0,27.0,34.0,34.0,36.0,26.0,26.0,31.0,35.0,26.0,24.0,30.0,33.0,34.0,33.0,4283.0,29.0,27.0,33.0,33.0,39.0,30.0,28.0,30.0,34.0,23.0,24.0,29.0,31.0,36.0,32.0,4276.0,33.0,29.0,33.0,33.0,37.0,27.0,27.0,31.0,33.0,28.0,24.0,30.0,30.0,33.0,38.0,4255.0,30.0,26.0,32.0,33.0,34.0,28.0,25.0,28.0,31.0,26.0,22.0,28.0,32.0,33.0,36.0,4247.0,30.0,27.0,36.0,33.0,39.0,26.0,26.0,31.0,31.0,26.0,20.0,27.0,30.0,37.0,35.0,4275.0,24.0,20.0,27.0,29.0,31.0,19.0,24.0,22.0,28.0,19.0,19.0,27.0,26.0,27.0,24.0,4316.0,30.0,31.0,36.0,35.0,38.0,33.0,33.0,32.0,40.0,34.0,27.0,35.0,34.0,40.0,37.0,4297.0,28.0,28.0,37.0,32.0,40.0,28.0,29.0,31.0,34.0,30.0,28.0,34.0,36.0,35.0,34.0,4302.0,32.0,29.0,35.0,29.0,32.0,26.0,32.0,31.0,31.0,29.0,26.0,26.0,32.0,32.0,37.0,freqmine
9434.0,4809.0,5737.0,5785.0,5451.0,5579.0,5370.0,5399.0,6053.0,6030.0,5813.0,5474.0,5620.0,5430.0,5426.0,5240.0,3890.0,22.0,575.0,646.0,543.0,677.0,936.0,598.0,655.0,715.0,610.0,558.0,500.0,542.0,611.0,573.0,4081.0,47.0,639.0,675.0,701.0,695.0,821.0,683.0,869.0,1013.0,645.0,626.0,658.0,615.0,650.0,666.0,4260.0,42.0,613.0,639.0,577.0,676.0,713.0,601.0,725.0,741.0,592.0,663.0,551.0,831.0,961.0,648.0,4007.0,28.0,643.0,598.0,645.0,656.0,703.0,554.0,630.0,632.0,575.0,605.0,636.0,761.0,819.0,603.0,4018.0,42.0,713.0,645.0,668.0,655.0,795.0,938.0,628.0,725.0,689.0,724.0,617.0,791.0,764.0,604.0,3899.0,33.0,695.0,671.0,619.0,653.0,708.0,797.0,655.0,702.0,848.0,697.0,665.0,625.0,676.0,619.0,4217.0,35.0,698.0,724.0,599.0,747.0,667.0,689.0,571.0,681.0,885.0,645.0,650.0,695.0,724.0,595.0,4316.0,35.0,896.0,985.0,897.0,984.0,971.0,966.0,843.0,903.0,1045.0,910.0,911.0,1001.0,963.0,1051.0,4226.0,37.0,669.0,752.0,702.0,801.0,850.0,784.0,777.0,741.0,798.0,789.0,762.0,727.0,784.0,964.0,4077.0,29.0,705.0,809.0,1144.0,840.0,757.0,799.0,763.0,781.0,814.0,774.0,1005.0,789.0,758.0,951.0,3951.0,31.0,621.0,609.0,691.0,640.0,657.0,600.0,568.0,589.0,607.0,834.0,755.0,641.0,638.0,663.0,3972.0,36.0,985.0,671.0,638.0,631.0,699.0,598.0,684.0,685.0,668.0,893.0,695.0,639.0,626.0,683.0,3923.0,37.0,904.0,886.0,622.0,650.0,646.0,662.0,588.0,644.0,638.0,759.0,637.0,755.0,721.0,648.0,3815.0,34.0,673.0,851.0,620.0,554.0,638.0,636.0,561.0,624.0,619.0,587.0,626.0,640.0,621.0,595.0,3846.0,40.0,717.0,848.0,644.0,1005.0,738.0,736.0,634.0,673.0,662.0,655.0,666.0,653.0,724.0,618.0,freqmine
9825.0,5505.0,6782.0,6968.0,6681.0,6856.0,6372.0,6414.0,6806.0,6969.0,6684.0,6620.0,6631.0,6557.0,6513.0,6288.0,3652.0,19.0,931.0,939.0,896.0,1077.0,1513.0,892.0,1117.0,1108.0,1002.0,918.0,827.0,786.0,909.0,866.0,3789.0,47.0,959.0,1042.0,980.0,1004.0,1269.0,1024.0,1454.0,1561.0,1031.0,1047.0,1047.0,936.0,979.0,1028.0,4259.0,44.0,885.0,927.0,891.0,1000.0,1085.0,905.0,1130.0,1241.0,916.0,989.0,944.0,1284.0,1469.0,1013.0,3799.0,48.0,963.0,927.0,1019.0,949.0,1046.0,849.0,988.0,1030.0,943.0,908.0,987.0,1109.0,1218.0,985.0,3708.0,46.0,1012.0,1002.0,977.0,1001.0,1195.0,1556.0,1099.0,1144.0,981.0,1106.0,1063.0,1184.0,1189.0,917.0,3577.0,40.0,1054.0,1038.0,983.0,961.0,1131.0,1198.0,1048.0,1131.0,1324.0,1103.0,942.0,981.0,1074.0,970.0,4049.0,47.0,1087.0,987.0,969.0,1034.0,1004.0,1047.0,952.0,1071.0,1365.0,951.0,970.0,1089.0,1037.0,977.0,4064.0,49.0,1465.0,1620.0,1436.0,1479.0,1514.0,1554.0,1482.0,1443.0,1681.0,1468.0,1449.0,1420.0,1590.0,1748.0,3964.0,50.0,1211.0,1220.0,1191.0,1266.0,1193.0,1240.0,1235.0,1217.0,1242.0,1170.0,1158.0,1105.0,1152.0,1774.0,3760.0,39.0,1263.0,1167.0,1725.0,1241.0,1176.0,1188.0,1226.0,1353.0,1303.0,1231.0,1598.0,1114.0,1139.0,1477.0,3642.0,39.0,900.0,882.0,1115.0,920.0,1108.0,848.0,919.0,991.0,1053.0,1287.0,1159.0,986.0,960.0,1016.0,3701.0,37.0,1579.0,946.0,1107.0,954.0,1064.0,905.0,1072.0,1120.0,1001.0,1297.0,1115.0,951.0,998.0,1086.0,3808.0,45.0,1405.0,1267.0,1081.0,982.0,1030.0,1031.0,1013.0,1081.0,1002.0,1257.0,1010.0,1049.0,1082.0,1087.0,3596.0,48.0,1087.0,1401.0,992.0,946.0,895.0,932.0,852.0,944.0,963.0,933.0,981.0,892.0,932.0,885.0,3536.0,48.0,1057.0,1331.0,995.0,1599.0,1036.0,1118.0,997.0,1121.0,1021.0,1097.0,1012.0,934.0,986.0,906.0,freqmine
10162.0,5615.0,7001.0,7157.0,6678.0,7229.0,6481.0,6610.0,6906.0,7004.0,6972.0,6777.0,6663.0,6637.0,6767.0,6535.0,3787.0,16.0,972.0,970.0,839.0,1151.0,1397.0,871.0,1071.0,1083.0,1004.0,924.0,820.0,923.0,986.0,970.0,3916.0,27.0,1016.0,1018.0,996.0,1133.0,1248.0,1010.0,1370.0,1626.0,1052.0,986.0,993.0,969.0,1060.0,1082.0,4378.0,29.0,987.0,911.0,921.0,1168.0,1017.0,905.0,1161.0,1114.0,925.0,968.0,857.0,1355.0,1483.0,1057.0,3801.0,35.0,1110.0,875.0,928.0,1124.0,902.0,870.0,964.0,984.0,865.0,854.0,942.0,1201.0,1187.0,940.0,3917.0,39.0,1179.0,976.0,978.0,1167.0,1032.0,1471.0,1078.0,1074.0,1055.0,1116.0,932.0,1371.0,1236.0,1080.0,3709.0,36.0,1231.0,1058.0,917.0,1115.0,961.0,1192.0,1008.0,1008.0,1312.0,1010.0,965.0,1039.0,1030.0,988.0,4184.0,39.0,1237.0,1081.0,922.0,1198.0,960.0,1041.0,930.0,1087.0,1425.0,925.0,940.0,1153.0,1152.0,995.0,4130.0,35.0,1627.0,1596.0,1416.0,1637.0,1489.0,1486.0,1614.0,1531.0,1560.0,1394.0,1394.0,1632.0,1471.0,1809.0,3966.0,31.0,1152.0,1225.0,1124.0,1303.0,1212.0,1232.0,1322.0,1148.0,1297.0,1140.0,1120.0,1245.0,1177.0,1683.0,3913.0,31.0,1260.0,1206.0,1699.0,1306.0,1135.0,1175.0,1279.0,1315.0,1351.0,1118.0,1566.0,1295.0,1194.0,1443.0,3831.0,28.0,1019.0,868.0,1044.0,1110.0,995.0,930.0,970.0,1000.0,1009.0,1283.0,1138.0,1040.0,1016.0,1003.0,3703.0,30.0,1651.0,962.0,1030.0,1223.0,1048.0,927.0,1091.0,1105.0,1007.0,1354.0,1076.0,1053.0,971.0,1084.0,3886.0,32.0,1417.0,1325.0,1026.0,1196.0,1022.0,1026.0,1038.0,1101.0,979.0,1142.0,973.0,1154.0,1114.0,1104.0,3743.0,32.0,1175.0,1275.0,923.0,1071.0,889.0,924.0,970.0,1007.0,946.0,981.0,933.0,1025.0,1072.0,924.0,3771.0,26.0,1205.0,1285.0,960.0,1850.0,953.0,1168.0,1009.0,1104.0,1110.0,1106.0,983.0,1107.0,1068.0,1038.0,freqmine
7903.0,4108.0,5697.0,5560.0,5037.0,5339.0,4939.0,4807.0,5322.0,5213.0,5175.0,5062.0,4998.0,5094.0,4847.0,5158.0,2790.0,19.0,1076.0,841.0,673.0,909.0,991.0,654.0,725.0,964.0,804.0,709.0,663.0,749.0,638.0,899.0,2943.0,36.0,1359.0,931.0,796.0,902.0,962.0,816.0,935.0,1344.0,847.0,782.0,852.0,888.0,698.0,1044.0,3281.0,36.0,1164.0,837.0,723.0,810.0,820.0,764.0,783.0,1089.0,827.0,793.0,760.0,1219.0,914.0,950.0,2883.0,30.0,1250.0,792.0,753.0,837.0,776.0,826.0,765.0,911.0,827.0,733.0,767.0,1069.0,872.0,1003.0,2894.0,35.0,1316.0,894.0,781.0,895.0,899.0,1089.0,854.0,1033.0,910.0,899.0,853.0,1069.0,851.0,1046.0,2727.0,35.0,1245.0,881.0,753.0,847.0,719.0,943.0,821.0,992.0,1062.0,868.0,757.0,909.0,679.0,1028.0,3024.0,31.0,1123.0,924.0,812.0,890.0,745.0,819.0,713.0,909.0,1084.0,750.0,718.0,977.0,718.0,951.0,3046.0,34.0,1557.0,1328.0,1019.0,1140.0,1040.0,1161.0,1542.0,1261.0,1370.0,1088.0,1108.0,1327.0,976.0,1535.0,2896.0,33.0,1297.0,1028.0,845.0,967.0,890.0,874.0,1190.0,962.0,1030.0,892.0,883.0,982.0,747.0,1412.0,2890.0,30.0,1337.0,1043.0,1220.0,1044.0,880.0,972.0,1157.0,1085.0,1068.0,921.0,1199.0,1095.0,798.0,1378.0,2827.0,34.0,1099.0,773.0,799.0,810.0,775.0,675.0,817.0,834.0,873.0,989.0,971.0,905.0,744.0,1036.0,2762.0,27.0,1589.0,883.0,821.0,829.0,843.0,720.0,877.0,1006.0,840.0,995.0,960.0,945.0,654.0,1078.0,2877.0,34.0,1429.0,1140.0,771.0,855.0,736.0,876.0,939.0,925.0,850.0,955.0,827.0,1012.0,729.0,1044.0,2786.0,32.0,1236.0,1143.0,751.0,737.0,840.0,751.0,823.0,928.0,780.0,813.0,864.0,911.0,651.0,913.0,2860.0,35.0,1362.0,1250.0,862.0,1352.0,973.0,1022.0,929.0,1101.0,919.0,940.0,854.0,1002.0,803.0,1048.0,freqmine
4312.0,2579.0,3757.0,3990.0,2773.0,3788.0,3310.0,2623.0,3882.0,3968.0,3668.0,2758.0,2800.0,3569.0,2631.0,3540.0,1433.0,9.0,959.0,849.0,56.0,1003.0,651.0,57.0,857.0,1000.0,869.0,114.0,111.0,783.0,56.0,882.0,1514.0,14.0,1268.0,940.0,53.0,1004.0,714.0,63.0,1088.0,1474.0,936.0,143.0,145.0,902.0,57.0,983.0,1593.0,22.0,1087.0,864.0,45.0,936.0,667.0,66.0,910.0,1127.0,837.0,167.0,151.0,1217.0,67.0,885.0,1579.0,13.0,905.0,826.0,40.0,878.0,713.0,76.0,915.0,938.0,766.0,146.0,149.0,1075.0,69.0,870.0,1441.0,23.0,1034.0,933.0,46.0,990.0,706.0,58.0,958.0,964.0,905.0,178.0,162.0,1117.0,60.0,945.0,1428.0,9.0,954.0,933.0,41.0,939.0,723.0,64.0,929.0,972.0,1105.0,142.0,138.0,900.0,71.0,875.0,1446.0,11.0,866.0,909.0,56.0,1006.0,749.0,49.0,879.0,913.0,1163.0,134.0,131.0,1002.0,73.0,939.0,1581.0,19.0,1256.0,1496.0,52.0,1468.0,897.0,65.0,1706.0,1238.0,1509.0,158.0,140.0,1282.0,69.0,1517.0,1579.0,13.0,1115.0,1129.0,54.0,1125.0,773.0,63.0,1396.0,1015.0,1094.0,160.0,123.0,1019.0,63.0,1446.0,1470.0,17.0,1087.0,1122.0,37.0,1177.0,754.0,44.0,1255.0,1144.0,1121.0,137.0,129.0,1047.0,64.0,1234.0,1461.0,9.0,897.0,814.0,36.0,941.0,629.0,41.0,987.0,891.0,883.0,106.0,211.0,901.0,59.0,985.0,1605.0,18.0,1041.0,910.0,50.0,959.0,1011.0,87.0,1122.0,1044.0,912.0,182.0,165.0,957.0,100.0,1019.0,1462.0,18.0,936.0,1291.0,48.0,929.0,938.0,48.0,974.0,1020.0,909.0,132.0,139.0,955.0,62.0,993.0,1544.0,10.0,810.0,1287.0,54.0,910.0,740.0,101.0,946.0,905.0,842.0,152.0,187.0,892.0,98.0,863.0,1497.0,16.0,1023.0,1227.0,56.0,1522.0,763.0,105.0,959.0,1021.0,953.0,201.0,209.0,982.0,91.0,894.0,freqmine
357.0,315.0,262.0,307.0,283.0,303.0,257.0,268.0,268.0,270.0,239.0,248.0,3062.0,302.0,292.0,317.0,49.0,4.0,3.0,5.0,6.0,7.0,2.0,5.0,3.0,3.0,2.0,6.0,1501.0,5.0,5.0,6.0,22.0,2.0,1.0,3.0,2.0,3.0,1.0,1.0,3.0,3.0,1.0,1.0,1738.0,4.0,3.0,4.0,42.0,4.0,2.0,5.0,9.0,4.0,0.0,1.0,3.0,3.0,4.0,2.0,1646.0,5.0,8.0,8.0,30.0,4.0,2.0,4.0,5.0,4.0,1.0,4.0,1.0,1.0,2.0,1.0,1592.0,2.0,4.0,2.0,44.0,3.0,0.0,4.0,3.0,3.0,0.0,5.0,2.0,4.0,0.0,3.0,1814.0,6.0,3.0,6.0,15.0,2.0,2.0,3.0,4.0,3.0,2.0,1.0,0.0,2.0,1.0,1.0,1898.0,2.0,2.0,4.0,22.0,1.0,2.0,2.0,1.0,1.0,3.0,2.0,4.0,3.0,1.0,0.0,1652.0,3.0,5.0,2.0,23.0,4.0,2.0,3.0,5.0,1.0,1.0,1.0,1.0,1.0,1.0,3.0,1620.0,1.0,2.0,3.0,22.0,5.0,2.0,2.0,4.0,3.0,0.0,2.0,1.0,0.0,2.0,3.0,1442.0,3.0,5.0,5.0,7.0,2.0,2.0,3.0,3.0,2.0,2.0,2.0,1.0,2.0,1.0,1.0,1949.0,4.0,2.0,2.0,11.0,4.0,1.0,4.0,2.0,3.0,0.0,0.0,3.0,3.0,0.0,0.0,1721.0,1.0,3.0,3.0,19.0,1.0,1.0,1.0,2.0,1.0,1.0,1.0,1.0,0.0,1.0,1.0,1981.0,0.0,0.0,0.0,39.0,4.0,2.0,4.0,4.0,5.0,3.0,3.0,3.0,2.0,3.0,1.0,2430.0,6.0,3.0,3.0,35.0,5.0,2.0,4.0,6.0,5.0,2.0,5.0,3.0,3.0,3.0,4.0,2135.0,3.0,2.0,3.0,51.0,5.0,1.0,7.0,4.0,4.0,4.0,4.0,3.0,5.0,2.0,3.0,2199.0,3.0,6.0,6.0,freqmine
4685.0,3130.0,3140.0,4319.0,3123.0,4388.0,4231.0,3028.0,4346.0,4358.0,4129.0,3074.0,3133.0,4156.0,3096.0,4128.0,1576.0,9.0,23.0,890.0,12.0,1042.0,1059.0,7.0,931.0,1018.0,836.0,6.0,9.0,834.0,9.0,965.0,1588.0,26.0,30.0,1005.0,19.0,1050.0,1189.0,23.0,1109.0,1529.0,966.0,18.0,18.0,946.0,22.0,1019.0,1627.0,18.0,27.0,765.0,15.0,976.0,1089.0,16.0,1046.0,1096.0,708.0,11.0,13.0,1397.0,16.0,1034.0,1582.0,26.0,38.0,767.0,20.0,940.0,1142.0,25.0,945.0,952.0,735.0,21.0,24.0,1133.0,22.0,919.0,1502.0,26.0,26.0,895.0,15.0,995.0,1134.0,18.0,969.0,1033.0,855.0,13.0,12.0,1146.0,16.0,864.0,1474.0,18.0,30.0,893.0,14.0,921.0,1285.0,15.0,1029.0,983.0,1176.0,12.0,16.0,955.0,20.0,934.0,1535.0,26.0,27.0,984.0,18.0,1093.0,1205.0,29.0,995.0,919.0,1155.0,17.0,17.0,1043.0,23.0,989.0,1609.0,23.0,20.0,1556.0,9.0,1479.0,1544.0,18.0,2141.0,1379.0,1564.0,10.0,11.0,1616.0,14.0,1631.0,1644.0,25.0,35.0,1076.0,17.0,1253.0,1220.0,13.0,1537.0,1181.0,1116.0,10.0,12.0,1146.0,18.0,1652.0,1591.0,25.0,31.0,1146.0,14.0,1139.0,1242.0,13.0,1469.0,1273.0,1115.0,12.0,13.0,1132.0,15.0,1443.0,1558.0,27.0,29.0,818.0,26.0,944.0,1077.0,19.0,989.0,896.0,902.0,18.0,20.0,946.0,21.0,1054.0,1582.0,24.0,29.0,872.0,27.0,961.0,1622.0,20.0,1098.0,1078.0,858.0,16.0,21.0,976.0,25.0,1058.0,1577.0,26.0,25.0,1259.0,16.0,953.0,1458.0,14.0,1103.0,964.0,892.0,15.0,16.0,1112.0,12.0,1043.0,1575.0,27.0,34.0,1278.0,23.0,838.0,1203.0,29.0,870.0,811.0,737.0,17.0,25.0,917.0,27.0,878.0,1531.0,27.0,32.0,1166.0,17.0,1517.0,1245.0,16.0,1044.0,915.0,880.0,16.0,13.0,951.0,18.0,960.0,freqmine
3607.0,2402.0,2308.0,2677.0,2386.0,2563.0,4164.0,2324.0,2520.0,2525.0,2512.0,2297.0,2309.0,2548.0,2399.0,2569.0,1197.0,11.0,7.0,203.0,10.0,170.0,1891.0,9.0,148.0,175.0,188.0,8.0,9.0,153.0,14.0,160.0,1169.0,32.0,29.0,239.0,37.0,192.0,1894.0,25.0,185.0,258.0,240.0,20.0,33.0,164.0,21.0,197.0,1221.0,23.0,22.0,199.0,27.0,164.0,1889.0,25.0,168.0,211.0,197.0,17.0,20.0,199.0,24.0,180.0,1205.0,30.0,24.0,202.0,36.0,176.0,1901.0,28.0,167.0,150.0,200.0,20.0,31.0,198.0,30.0,175.0,1181.0,25.0,21.0,208.0,29.0,167.0,1887.0,18.0,153.0,185.0,203.0,16.0,20.0,219.0,22.0,181.0,1139.0,18.0,22.0,216.0,28.0,161.0,1883.0,15.0,166.0,170.0,256.0,16.0,20.0,191.0,16.0,170.0,1171.0,28.0,27.0,221.0,39.0,171.0,1892.0,26.0,163.0,151.0,262.0,24.0,25.0,203.0,25.0,170.0,1167.0,17.0,16.0,336.0,17.0,238.0,1887.0,13.0,261.0,220.0,329.0,16.0,20.0,257.0,16.0,293.0,1193.0,29.0,22.0,291.0,32.0,178.0,1890.0,18.0,221.0,196.0,245.0,16.0,26.0,207.0,21.0,267.0,1149.0,23.0,20.0,276.0,33.0,209.0,1891.0,17.0,221.0,181.0,247.0,17.0,22.0,187.0,23.0,257.0,1162.0,24.0,22.0,190.0,34.0,169.0,1894.0,26.0,180.0,155.0,197.0,18.0,25.0,165.0,28.0,159.0,1162.0,21.0,27.0,221.0,28.0,180.0,1895.0,25.0,178.0,191.0,209.0,20.0,23.0,186.0,25.0,194.0,1193.0,24.0,19.0,286.0,30.0,170.0,1892.0,18.0,197.0,174.0,199.0,14.0,21.0,184.0,21.0,193.0,1210.0,28.0,30.0,303.0,38.0,174.0,1898.0,29.0,162.0,161.0,234.0,26.0,29.0,174.0,30.0,147.0,1197.0,26.0,26.0,278.0,31.0,275.0,1894.0,19.0,175.0,168.0,241.0,23.0,24.0,186.0,24.0,148.0,freqmine
3042.0,1997.0,1926.0,1958.0,1958.0,1962.0,3796.0,1960.0,1962.0,1960.0,1903.0,1941.0,1950.0,1990.0,1988.0,2018.0,997.0,8.0,7.0,8.0,10.0,10.0,1895.0,7.0,7.0,8.0,5.0,5.0,5.0,9.0,9.0,10.0,999.0,40.0,36.0,32.0,38.0,43.0,1924.0,42.0,41.0,32.0,21.0,46.0,35.0,43.0,44.0,37.0,999.0,27.0,22.0,23.0,28.0,38.0,1914.0,24.0,29.0,26.0,15.0,36.0,30.0,32.0,26.0,27.0,1001.0,30.0,26.0,26.0,27.0,35.0,1920.0,32.0,29.0,24.0,19.0,36.0,27.0,35.0,30.0,30.0,993.0,23.0,21.0,22.0,28.0,34.0,1916.0,23.0,28.0,25.0,16.0,31.0,24.0,33.0,29.0,28.0,969.0,25.0,23.0,19.0,24.0,28.0,1907.0,26.0,23.0,20.0,15.0,35.0,24.0,29.0,21.0,25.0,1007.0,30.0,27.0,24.0,32.0,34.0,1914.0,34.0,32.0,28.0,16.0,39.0,32.0,36.0,30.0,29.0,993.0,22.0,19.0,14.0,20.0,19.0,1904.0,15.0,17.0,16.0,10.0,23.0,23.0,25.0,21.0,19.0,1002.0,27.0,27.0,26.0,26.0,33.0,1911.0,28.0,34.0,25.0,15.0,36.0,32.0,31.0,26.0,26.0,984.0,29.0,24.0,23.0,35.0,39.0,1908.0,30.0,31.0,27.0,17.0,40.0,33.0,31.0,36.0,30.0,984.0,29.0,23.0,21.0,24.0,32.0,1909.0,30.0,32.0,28.0,17.0,35.0,29.0,31.0,29.0,29.0,995.0,32.0,28.0,23.0,29.0,32.0,1906.0,26.0,29.0,22.0,20.0,43.0,29.0,33.0,31.0,35.0,1006.0,23.0,25.0,23.0,29.0,33.0,1906.0,27.0,26.0,26.0,17.0,37.0,30.0,28.0,32.0,29.0,1020.0,34.0,31.0,26.0,33.0,32.0,1920.0,30.0,33.0,31.0,23.0,46.0,34.0,33.0,37.0,36.0,1027.0,30.0,25.0,23.0,28.0,33.0,1908.0,30.0,31.0,26.0,17.0,41.0,30.0,35.0,33.0,30.0,freqmine
3603.0,2312.0,2361.0,3496.0,2346.0,2609.0,3185.0,2165.0,2612.0,3393.0,3148.0,2269.0,2270.0,3240.0,2264.0,3266.0,1159.0,7.0,13.0,882.0,10.0,239.0,906.0,7.0,100.0,881.0,709.0,6.0,8.0,786.0,6.0,787.0,1175.0,17.0,26.0,931.0,25.0,266.0,965.0,16.0,136.0,1350.0,777.0,22.0,13.0,806.0,23.0,941.0,1212.0,23.0,28.0,819.0,14.0,270.0,908.0,11.0,150.0,974.0,684.0,18.0,14.0,1083.0,17.0,858.0,1184.0,15.0,24.0,763.0,18.0,242.0,982.0,12.0,136.0,781.0,626.0,22.0,11.0,995.0,20.0,791.0,1133.0,17.0,32.0,877.0,18.0,278.0,1016.0,14.0,207.0,938.0,755.0,25.0,20.0,1086.0,16.0,846.0,1070.0,10.0,24.0,813.0,17.0,233.0,1052.0,10.0,154.0,819.0,866.0,19.0,10.0,866.0,12.0,744.0,1093.0,14.0,20.0,807.0,13.0,232.0,973.0,10.0,107.0,811.0,926.0,15.0,10.0,898.0,17.0,808.0,1238.0,18.0,30.0,1329.0,22.0,350.0,1430.0,20.0,157.0,1230.0,1206.0,25.0,17.0,1239.0,16.0,1582.0,1210.0,20.0,28.0,987.0,12.0,280.0,1073.0,14.0,114.0,881.0,860.0,18.0,14.0,943.0,16.0,1497.0,1134.0,27.0,26.0,1038.0,18.0,287.0,1177.0,9.0,148.0,956.0,910.0,17.0,13.0,995.0,18.0,1300.0,1146.0,13.0,18.0,736.0,13.0,233.0,945.0,8.0,101.0,747.0,722.0,12.0,8.0,947.0,15.0,871.0,1155.0,16.0,24.0,812.0,17.0,247.0,1538.0,12.0,118.0,886.0,683.0,15.0,10.0,848.0,17.0,918.0,1143.0,16.0,24.0,1137.0,16.0,248.0,1204.0,11.0,142.0,901.0,736.0,17.0,16.0,967.0,16.0,883.0,1149.0,19.0,26.0,1052.0,18.0,221.0,1041.0,13.0,123.0,738.0,644.0,22.0,12.0,832.0,20.0,816.0,1111.0,20.0,30.0,1103.0,14.0,353.0,978.0,9.0,157.0,874.0,792.0,19.0,14.0,869.0,15.0,897.0,freqmine
4177.0,1515.0,1626.0,1713.0,1567.0,1556.0,2116.0,1551.0,1557.0,1807.0,1559.0,1467.0,1487.0,1760.0,1539.0,1705.0,2086.0,7.0,41.0,91.0,42.0,40.0,471.0,29.0,30.0,239.0,81.0,35.0,36.0,206.0,35.0,131.0,2193.0,13.0,47.0,106.0,48.0,48.0,569.0,49.0,35.0,289.0,83.0,50.0,68.0,242.0,52.0,189.0,2238.0,18.0,67.0,109.0,52.0,57.0,542.0,45.0,49.0,312.0,94.0,47.0,56.0,328.0,47.0,215.0,2172.0,17.0,81.0,121.0,57.0,61.0,575.0,70.0,56.0,244.0,89.0,60.0,63.0,322.0,63.0,192.0,2297.0,22.0,63.0,130.0,63.0,53.0,639.0,47.0,79.0,305.0,112.0,62.0,59.0,298.0,54.0,214.0,2222.0,16.0,61.0,116.0,85.0,61.0,534.0,62.0,50.0,286.0,98.0,58.0,65.0,249.0,45.0,166.0,2154.0,16.0,44.0,90.0,73.0,43.0,524.0,39.0,37.0,236.0,76.0,46.0,52.0,238.0,65.0,134.0,2139.0,17.0,57.0,100.0,52.0,49.0,758.0,45.0,34.0,311.0,106.0,50.0,54.0,287.0,51.0,164.0,2123.0,17.0,53.0,110.0,42.0,40.0,571.0,37.0,42.0,208.0,77.0,38.0,52.0,301.0,40.0,166.0,2168.0,10.0,65.0,134.0,49.0,43.0,622.0,46.0,52.0,264.0,75.0,60.0,59.0,264.0,55.0,156.0,2062.0,13.0,43.0,83.0,40.0,37.0,457.0,32.0,35.0,213.0,67.0,33.0,52.0,236.0,53.0,137.0,2106.0,14.0,86.0,118.0,70.0,75.0,750.0,51.0,65.0,262.0,101.0,58.0,70.0,289.0,70.0,189.0,2174.0,17.0,61.0,128.0,67.0,49.0,712.0,54.0,49.0,246.0,95.0,53.0,57.0,232.0,56.0,183.0,2209.0,14.0,115.0,137.0,82.0,84.0,560.0,60.0,73.0,248.0,112.0,77.0,83.0,295.0,65.0,214.0,2183.0,21.0,105.0,225.0,80.0,81.0,651.0,63.0,78.0,382.0,153.0,77.0,82.0,353.0,76.0,217.0,freqmine
6127.0,2071.0,1980.0,2051.0,2016.0,2047.0,1990.0,2030.0,2060.0,2046.0,1989.0,2033.0,2010.0,1998.0,2027.0,2026.0,3453.0,6.0,12.0,11.0,13.0,10.0,16.0,12.0,19.0,12.0,11.0,10.0,11.0,12.0,15.0,15.0,3639.0,32.0,19.0,32.0,35.0,37.0,34.0,32.0,30.0,25.0,22.0,26.0,36.0,28.0,36.0,32.0,3577.0,28.0,23.0,30.0,41.0,44.0,36.0,37.0,35.0,25.0,26.0,38.0,38.0,32.0,40.0,32.0,3479.0,31.0,22.0,33.0,29.0,41.0,40.0,30.0,47.0,26.0,26.0,28.0,36.0,32.0,34.0,32.0,3632.0,30.0,22.0,36.0,44.0,38.0,33.0,37.0,36.0,32.0,31.0,36.0,39.0,32.0,39.0,33.0,3712.0,25.0,24.0,27.0,33.0,35.0,33.0,28.0,32.0,27.0,30.0,36.0,37.0,29.0,35.0,29.0,3599.0,30.0,20.0,32.0,30.0,30.0,31.0,31.0,30.0,23.0,24.0,28.0,30.0,28.0,32.0,31.0,3494.0,30.0,21.0,36.0,42.0,48.0,41.0,40.0,31.0,32.0,36.0,39.0,39.0,35.0,40.0,35.0,3514.0,32.0,19.0,34.0,42.0,43.0,47.0,37.0,43.0,27.0,34.0,39.0,42.0,33.0,42.0,36.0,3584.0,29.0,17.0,31.0,34.0,39.0,41.0,34.0,28.0,30.0,33.0,36.0,35.0,26.0,38.0,28.0,3523.0,25.0,14.0,25.0,28.0,31.0,33.0,27.0,21.0,21.0,22.0,25.0,26.0,23.0,29.0,23.0,3548.0,27.0,19.0,33.0,35.0,35.0,36.0,34.0,41.0,25.0,26.0,28.0,36.0,29.0,37.0,29.0,3561.0,30.0,24.0,39.0,49.0,50.0,33.0,40.0,43.0,34.0,37.0,42.0,40.0,33.0,46.0,36.0,3547.0,27.0,19.0,33.0,33.0,34.0,37.0,32.0,61.0,23.0,25.0,28.0,34.0,32.0,36.0,30.0,3725.0,33.0,27.0,43.0,50.0,45.0,48.0,37.0,46.0,30.0,35.0,45.0,43.0,35.0,47.0,36.0,freqmine
6364.0,2084.0,2028.0,2085.0,2097.0,2125.0,2026.0,2069.0,2102.0,2118.0,2037.0,2060.0,2043.0,2058.0,2092.0,2105.0,3522.0,6.0,7.0,7.0,11.0,13.0,6.0,9.0,10.0,14.0,7.0,8.0,8.0,11.0,8.0,10.0,3649.0,21.0,20.0,28.0,28.0,36.0,33.0,26.0,32.0,36.0,28.0,25.0,23.0,25.0,37.0,29.0,3635.0,26.0,28.0,30.0,33.0,43.0,34.0,29.0,35.0,39.0,32.0,36.0,30.0,36.0,37.0,33.0,3525.0,19.0,19.0,26.0,31.0,58.0,30.0,25.0,35.0,53.0,26.0,22.0,25.0,25.0,30.0,29.0,3615.0,25.0,29.0,32.0,40.0,45.0,37.0,30.0,36.0,58.0,32.0,37.0,37.0,32.0,43.0,37.0,3606.0,27.0,24.0,36.0,36.0,42.0,31.0,25.0,31.0,41.0,28.0,28.0,24.0,27.0,31.0,28.0,3665.0,19.0,20.0,28.0,34.0,34.0,29.0,21.0,29.0,35.0,28.0,24.0,22.0,27.0,28.0,27.0,3654.0,32.0,28.0,37.0,47.0,52.0,39.0,34.0,36.0,43.0,35.0,32.0,28.0,35.0,48.0,33.0,3549.0,26.0,29.0,34.0,39.0,42.0,33.0,29.0,38.0,40.0,35.0,37.0,31.0,34.0,41.0,33.0,3581.0,30.0,28.0,30.0,36.0,40.0,34.0,28.0,37.0,40.0,33.0,32.0,27.0,32.0,36.0,33.0,3518.0,19.0,19.0,25.0,30.0,30.0,28.0,23.0,31.0,29.0,22.0,24.0,24.0,25.0,29.0,27.0,3561.0,20.0,20.0,27.0,30.0,45.0,29.0,23.0,33.0,43.0,28.0,24.0,23.0,28.0,31.0,29.0,3603.0,23.0,27.0,32.0,39.0,47.0,37.0,29.0,38.0,41.0,34.0,32.0,31.0,32.0,39.0,33.0,3537.0,23.0,21.0,29.0,33.0,74.0,30.0,23.0,35.0,72.0,28.0,27.0,24.0,26.0,30.0,28.0,3638.0,26.0,29.0,34.0,37.0,59.0,39.0,32.0,33.0,55.0,31.0,37.0,29.0,33.0,36.0,32.0,freqmine
6235.0,2138.0,2077.0,2150.0,2164.0,2117.0,2062.0,2106.0,2100.0,2138.0,2045.0,2081.0,2093.0,2148.0,2158.0,2172.0,3505.0,9.0,10.0,19.0,16.0,10.0,7.0,8.0,8.0,7.0,6.0,8.0,7.0,10.0,10.0,11.0,3764.0,49.0,46.0,56.0,57.0,52.0,48.0,48.0,46.0,50.0,42.0,44.0,42.0,51.0,48.0,54.0,3659.0,61.0,56.0,60.0,100.0,66.0,60.0,58.0,56.0,63.0,54.0,58.0,56.0,74.0,71.0,72.0,3580.0,53.0,50.0,79.0,80.0,57.0,50.0,55.0,52.0,54.0,47.0,77.0,48.0,81.0,56.0,61.0,3663.0,55.0,56.0,62.0,69.0,55.0,55.0,56.0,52.0,55.0,45.0,52.0,45.0,62.0,59.0,64.0,3625.0,56.0,60.0,61.0,63.0,58.0,52.0,54.0,56.0,54.0,50.0,54.0,53.0,66.0,57.0,64.0,3579.0,47.0,47.0,48.0,54.0,52.0,45.0,48.0,48.0,51.0,42.0,45.0,43.0,51.0,47.0,55.0,3558.0,55.0,55.0,58.0,66.0,58.0,56.0,54.0,52.0,56.0,45.0,50.0,48.0,60.0,61.0,59.0,3624.0,58.0,61.0,65.0,71.0,60.0,57.0,54.0,55.0,56.0,51.0,55.0,52.0,65.0,62.0,68.0,3636.0,54.0,56.0,62.0,61.0,59.0,54.0,57.0,54.0,54.0,49.0,54.0,51.0,62.0,59.0,60.0,3521.0,47.0,45.0,50.0,50.0,52.0,43.0,48.0,47.0,50.0,42.0,40.0,44.0,63.0,53.0,57.0,3589.0,45.0,45.0,70.0,74.0,47.0,45.0,50.0,48.0,49.0,41.0,52.0,44.0,74.0,50.0,56.0,3646.0,54.0,53.0,58.0,63.0,55.0,55.0,56.0,52.0,54.0,51.0,53.0,49.0,63.0,66.0,63.0,3604.0,48.0,50.0,88.0,91.0,51.0,48.0,52.0,49.0,52.0,45.0,82.0,46.0,96.0,50.0,59.0,3700.0,53.0,59.0,84.0,85.0,58.0,54.0,53.0,52.0,57.0,48.0,57.0,50.0,83.0,62.0,62.0,freqmine
6240.0,2147.0,2041.0,2138.0,2120.0,2117.0,2034.0,2070.0,2086.0,2081.0,2011.0,2049.0,2074.0,2143.0,2139.0,2132.0,3462.0,9.0,9.0,9.0,10.0,10.0,9.0,10.0,11.0,13.0,12.0,8.0,10.0,11.0,12.0,14.0,3594.0,18.0,16.0,14.0,19.0,16.0,12.0,15.0,22.0,21.0,15.0,14.0,14.0,22.0,29.0,18.0,3717.0,43.0,36.0,35.0,38.0,34.0,29.0,33.0,38.0,36.0,29.0,29.0,29.0,35.0,61.0,39.0,3609.0,20.0,19.0,16.0,30.0,17.0,16.0,15.0,24.0,23.0,16.0,15.0,21.0,24.0,49.0,22.0,3659.0,38.0,32.0,30.0,34.0,27.0,25.0,29.0,37.0,34.0,27.0,30.0,27.0,39.0,50.0,34.0,3643.0,35.0,27.0,27.0,29.0,25.0,20.0,30.0,33.0,35.0,26.0,27.0,25.0,34.0,33.0,32.0,3552.0,16.0,15.0,16.0,18.0,14.0,12.0,15.0,22.0,21.0,17.0,16.0,18.0,25.0,27.0,17.0,3526.0,34.0,27.0,29.0,36.0,28.0,25.0,26.0,35.0,31.0,25.0,26.0,26.0,34.0,44.0,32.0,3514.0,39.0,33.0,34.0,36.0,27.0,27.0,30.0,36.0,31.0,23.0,28.0,29.0,36.0,53.0,34.0,3620.0,39.0,32.0,31.0,33.0,25.0,26.0,24.0,38.0,34.0,24.0,28.0,24.0,36.0,40.0,30.0,3591.0,18.0,17.0,14.0,31.0,14.0,12.0,13.0,22.0,20.0,15.0,15.0,28.0,23.0,49.0,28.0,3585.0,20.0,21.0,19.0,23.0,18.0,14.0,17.0,25.0,24.0,17.0,15.0,16.0,24.0,23.0,17.0,3671.0,41.0,35.0,35.0,51.0,32.0,31.0,33.0,41.0,38.0,33.0,34.0,44.0,37.0,67.0,47.0,3560.0,23.0,21.0,24.0,29.0,21.0,17.0,19.0,29.0,26.0,18.0,23.0,20.0,27.0,27.0,19.0,3690.0,42.0,35.0,38.0,36.0,30.0,34.0,33.0,40.0,39.0,36.0,36.0,33.0,42.0,47.0,36.0,freqmine
8066.0,1898.0,1848.0,1924.0,1942.0,1930.0,1860.0,1891.0,1900.0,1866.0,1802.0,1832.0,1867.0,1921.0,1914.0,1917.0,5555.0,12.0,10.0,10.0,11.0,13.0,9.0,9.0,11.0,10.0,6.0,8.0,11.0,11.0,10.0,11.0,5832.0,33.0,25.0,31.0,27.0,30.0,25.0,30.0,33.0,27.0,25.0,33.0,33.0,33.0,31.0,40.0,6290.0,37.0,33.0,37.0,33.0,34.0,29.0,37.0,42.0,31.0,37.0,40.0,45.0,40.0,39.0,44.0,7345.0,37.0,30.0,37.0,32.0,37.0,27.0,38.0,38.0,32.0,32.0,38.0,40.0,39.0,38.0,45.0,6898.0,41.0,37.0,40.0,37.0,37.0,34.0,40.0,43.0,35.0,36.0,39.0,47.0,40.0,36.0,45.0,6967.0,36.0,33.0,34.0,34.0,35.0,33.0,38.0,37.0,33.0,33.0,42.0,47.0,38.0,35.0,44.0,6478.0,34.0,28.0,31.0,29.0,33.0,26.0,33.0,33.0,29.0,27.0,32.0,34.0,33.0,33.0,40.0,5582.0,40.0,38.0,37.0,38.0,34.0,33.0,41.0,46.0,37.0,35.0,40.0,43.0,36.0,36.0,45.0,5423.0,40.0,36.0,40.0,36.0,38.0,33.0,43.0,45.0,34.0,36.0,44.0,44.0,42.0,40.0,50.0,5435.0,40.0,37.0,40.0,38.0,36.0,34.0,46.0,46.0,38.0,36.0,45.0,47.0,42.0,40.0,46.0,5570.0,32.0,26.0,30.0,28.0,31.0,24.0,33.0,34.0,28.0,27.0,32.0,32.0,34.0,35.0,39.0,5679.0,33.0,25.0,31.0,28.0,33.0,24.0,32.0,32.0,30.0,25.0,31.0,33.0,32.0,32.0,38.0,5526.0,39.0,35.0,39.0,35.0,36.0,32.0,42.0,41.0,32.0,34.0,40.0,46.0,40.0,41.0,45.0,5684.0,38.0,30.0,36.0,33.0,36.0,29.0,40.0,37.0,32.0,32.0,37.0,40.0,39.0,37.0,45.0,5633.0,43.0,39.0,40.0,38.0,40.0,34.0,44.0,47.0,38.0,37.0,43.0,49.0,42.0,40.0,48.0,freqmine
375.0,310.0,253.0,300.0,288.0,300.0,254.0,283.0,277.0,281.0,243.0,250.0,3192.0,299.0,296.0,288.0,46.0,5.0,6.0,3.0,4.0,2.0,5.0,3.0,4.0,5.0,5.0,1.0,1490.0,5.0,4.0,4.0,15.0,4.0,1.0,1.0,3.0,3.0,1.0,1.0,0.0,1.0,1.0,1.0,1823.0,0.0,3.0,4.0,50.0,4.0,2.0,1.0,8.0,2.0,4.0,4.0,1.0,3.0,0.0,1.0,1670.0,4.0,6.0,3.0,33.0,3.0,1.0,4.0,2.0,3.0,2.0,1.0,1.0,2.0,2.0,1.0,1575.0,4.0,3.0,4.0,39.0,3.0,3.0,4.0,5.0,2.0,5.0,1.0,4.0,1.0,4.0,1.0,1791.0,1.0,4.0,2.0,14.0,3.0,0.0,2.0,2.0,2.0,0.0,2.0,3.0,1.0,0.0,0.0,1940.0,1.0,3.0,1.0,31.0,2.0,1.0,3.0,4.0,4.0,0.0,2.0,0.0,1.0,1.0,3.0,1735.0,2.0,1.0,2.0,28.0,3.0,2.0,4.0,3.0,3.0,1.0,3.0,3.0,4.0,2.0,0.0,1688.0,2.0,5.0,2.0,32.0,2.0,1.0,2.0,3.0,3.0,2.0,3.0,3.0,4.0,1.0,0.0,1351.0,3.0,2.0,2.0,8.0,4.0,1.0,1.0,3.0,3.0,1.0,2.0,3.0,2.0,1.0,1.0,1888.0,1.0,4.0,5.0,11.0,1.0,0.0,0.0,2.0,1.0,1.0,3.0,0.0,0.0,0.0,0.0,1775.0,3.0,0.0,1.0,18.0,1.0,0.0,1.0,2.0,0.0,1.0,0.0,1.0,1.0,0.0,0.0,1736.0,1.0,1.0,2.0,40.0,4.0,3.0,3.0,3.0,0.0,2.0,2.0,3.0,4.0,0.0,3.0,2374.0,0.0,7.0,4.0,39.0,1.0,4.0,5.0,4.0,4.0,4.0,3.0,5.0,6.0,2.0,1.0,2039.0,7.0,4.0,6.0,36.0,3.0,3.0,1.0,5.0,3.0,1.0,1.0,1.0,1.0,2.0,1.0,2143.0,3.0,7.0,2.0,freqmine
21483.0,688.0,591.0,628.0,642.0,689.0,569.0,621.0,626.0,624.0,563.0,596.0,635.0,695.0,681.0,702.0,22901.0,8.0,8.0,8.0,9.0,11.0,8.0,9.0,8.0,9.0,7.0,8.0,8.0,10.0,12.0,10.0,22296.0,5.0,2.0,4.0,5.0,5.0,1.0,3.0,3.0,3.0,1.0,2.0,3.0,5.0,6.0,6.0,21901.0,8.0,3.0,4.0,5.0,7.0,4.0,4.0,4.0,5.0,2.0,4.0,4.0,6.0,7.0,7.0,23402.0,8.0,6.0,5.0,5.0,8.0,4.0,5.0,4.0,6.0,3.0,4.0,5.0,7.0,5.0,6.0,21063.0,12.0,8.0,10.0,11.0,11.0,8.0,9.0,9.0,9.0,7.0,8.0,10.0,11.0,11.0,12.0,21114.0,7.0,4.0,6.0,7.0,7.0,3.0,5.0,6.0,5.0,3.0,4.0,5.0,7.0,6.0,7.0,20451.0,10.0,6.0,8.0,9.0,9.0,5.0,7.0,7.0,7.0,5.0,6.0,7.0,9.0,9.0,10.0,21113.0,10.0,6.0,8.0,9.0,9.0,6.0,7.0,7.0,7.0,6.0,6.0,7.0,9.0,8.0,11.0,21531.0,9.0,5.0,7.0,8.0,9.0,5.0,6.0,6.0,6.0,5.0,5.0,7.0,8.0,8.0,9.0,20480.0,6.0,2.0,3.0,5.0,5.0,1.0,3.0,3.0,3.0,3.0,2.0,3.0,5.0,6.0,6.0,21182.0,7.0,3.0,5.0,6.0,6.0,3.0,4.0,4.0,4.0,3.0,4.0,5.0,6.0,5.0,8.0,21989.0,10.0,6.0,7.0,8.0,9.0,5.0,7.0,7.0,7.0,5.0,6.0,7.0,10.0,9.0,11.0,20878.0,9.0,5.0,7.0,8.0,9.0,5.0,6.0,6.0,6.0,4.0,5.0,8.0,8.0,7.0,9.0,21114.0,10.0,7.0,8.0,8.0,10.0,5.0,8.0,7.0,8.0,5.0,7.0,8.0,9.0,10.0,11.0,20651.0,10.0,5.0,6.0,8.0,9.0,4.0,6.0,6.0,5.0,4.0,6.0,7.0,9.0,9.0,9.0,freqmine
21230.0,561.0,551.0,558.0,568.0,585.0,558.0,558.0,554.0,552.0,556.0,587.0,593.0,630.0,628.0,611.0,22528.0,1.0,2.0,3.0,4.0,1.0,1.0,1.0,2.0,1.0,1.0,3.0,4.0,4.0,4.0,3.0,22444.0,0.0,0.0,1.0,2.0,1.0,1.0,1.0,0.0,1.0,0.0,1.0,1.0,2.0,2.0,1.0,22087.0,0.0,1.0,2.0,3.0,2.0,1.0,2.0,1.0,1.0,1.0,1.0,3.0,3.0,3.0,2.0,23030.0,0.0,0.0,1.0,1.0,2.0,0.0,1.0,1.0,1.0,2.0,1.0,2.0,3.0,4.0,3.0,21169.0,1.0,1.0,1.0,3.0,3.0,2.0,3.0,2.0,3.0,2.0,2.0,2.0,3.0,4.0,2.0,21679.0,1.0,0.0,1.0,1.0,1.0,0.0,2.0,0.0,1.0,0.0,1.0,1.0,2.0,3.0,2.0,20330.0,0.0,0.0,0.0,1.0,1.0,0.0,1.0,1.0,1.0,0.0,1.0,1.0,2.0,3.0,1.0,20784.0,0.0,0.0,0.0,1.0,1.0,0.0,1.0,0.0,1.0,0.0,1.0,1.0,2.0,3.0,2.0,21945.0,0.0,0.0,0.0,1.0,1.0,0.0,1.0,1.0,1.0,1.0,1.0,1.0,2.0,3.0,1.0,19924.0,2.0,1.0,2.0,2.0,1.0,2.0,2.0,1.0,2.0,1.0,2.0,2.0,3.0,4.0,2.0,21127.0,1.0,1.0,1.0,2.0,2.0,1.0,2.0,1.0,2.0,1.0,2.0,2.0,3.0,4.0,3.0,21856.0,1.0,1.0,2.0,3.0,2.0,2.0,2.0,1.0,2.0,1.0,2.0,2.0,4.0,4.0,3.0,20320.0,2.0,2.0,2.0,3.0,3.0,2.0,3.0,2.0,3.0,2.0,3.0,4.0,4.0,5.0,5.0,21194.0,2.0,3.0,4.0,5.0,4.0,3.0,4.0,3.0,4.0,3.0,4.0,4.0,5.0,7.0,6.0,21055.0,2.0,3.0,3.0,4.0,3.0,3.0,3.0,3.0,4.0,2.0,3.0,3.0,4.0,5.0,4.0,freqmine
21459.0,566.0,556.0,588.0,555.0,544.0,579.0,561.0,554.0,558.0,567.0,593.0,598.0,638.0,614.0,599.0,22240.0,1.0,2.0,2.0,4.0,1.0,1.0,1.0,1.0,1.0,2.0,2.0,2.0,3.0,3.0,2.0,22860.0,2.0,2.0,4.0,8.0,3.0,4.0,1.0,3.0,0.0,3.0,4.0,2.0,5.0,6.0,3.0,22925.0,4.0,4.0,5.0,9.0,3.0,6.0,2.0,3.0,2.0,3.0,4.0,2.0,6.0,5.0,3.0,22130.0,3.0,4.0,5.0,9.0,6.0,7.0,1.0,3.0,2.0,6.0,5.0,3.0,7.0,8.0,4.0,20018.0,1.0,4.0,5.0,8.0,3.0,5.0,1.0,2.0,1.0,3.0,4.0,2.0,5.0,5.0,3.0,21440.0,1.0,2.0,4.0,8.0,3.0,4.0,2.0,3.0,0.0,3.0,4.0,2.0,5.0,5.0,4.0,20083.0,1.0,1.0,4.0,7.0,3.0,5.0,0.0,2.0,0.0,3.0,4.0,2.0,5.0,5.0,3.0,21023.0,1.0,2.0,4.0,7.0,3.0,4.0,1.0,2.0,0.0,3.0,4.0,2.0,5.0,6.0,3.0,21756.0,1.0,4.0,6.0,10.0,4.0,5.0,2.0,2.0,1.0,3.0,4.0,2.0,5.0,5.0,3.0,20106.0,2.0,4.0,4.0,9.0,4.0,6.0,3.0,5.0,2.0,5.0,5.0,4.0,7.0,7.0,4.0,20945.0,2.0,3.0,5.0,8.0,4.0,5.0,1.0,3.0,1.0,4.0,5.0,3.0,6.0,7.0,4.0,21838.0,2.0,2.0,4.0,7.0,4.0,4.0,1.0,3.0,1.0,3.0,5.0,3.0,7.0,7.0,4.0,20088.0,3.0,5.0,6.0,12.0,5.0,6.0,4.0,5.0,3.0,5.0,7.0,6.0,7.0,8.0,6.0,21195.0,3.0,6.0,6.0,11.0,6.0,7.0,3.0,6.0,3.0,7.0,7.0,6.0,8.0,9.0,6.0,20973.0,2.0,4.0,4.0,8.0,4.0,5.0,2.0,4.0,1.0,4.0,5.0,3.0,6.0,7.0,5.0,freqmine
22191.0,583.0,575.0,594.0,596.0,561.0,572.0,556.0,539.0,542.0,591.0,624.0,635.0,668.0,633.0,619.0,22610.0,1.0,3.0,2.0,2.0,2.0,2.0,2.0,1.0,3.0,1.0,2.0,2.0,4.0,2.0,2.0,21601.0,2.0,3.0,2.0,3.0,3.0,2.0,1.0,0.0,3.0,3.0,4.0,2.0,4.0,5.0,7.0,22094.0,3.0,5.0,3.0,4.0,5.0,3.0,2.0,2.0,4.0,4.0,6.0,3.0,5.0,6.0,5.0,23642.0,3.0,4.0,3.0,3.0,5.0,2.0,2.0,0.0,3.0,4.0,5.0,2.0,4.0,3.0,4.0,20507.0,3.0,3.0,2.0,3.0,3.0,2.0,1.0,0.0,3.0,3.0,5.0,2.0,4.0,3.0,4.0,20085.0,2.0,3.0,2.0,4.0,3.0,2.0,1.0,0.0,3.0,2.0,5.0,3.0,4.0,4.0,4.0,19368.0,3.0,3.0,2.0,3.0,3.0,2.0,1.0,0.0,3.0,3.0,4.0,2.0,4.0,3.0,4.0,19058.0,2.0,4.0,2.0,3.0,3.0,2.0,1.0,0.0,3.0,3.0,4.0,2.0,4.0,4.0,4.0,19161.0,3.0,3.0,2.0,2.0,3.0,2.0,1.0,0.0,3.0,4.0,5.0,2.0,4.0,3.0,4.0,19137.0,4.0,5.0,5.0,4.0,4.0,5.0,3.0,2.0,5.0,5.0,7.0,5.0,6.0,5.0,7.0,21115.0,3.0,4.0,5.0,4.0,4.0,4.0,2.0,1.0,4.0,4.0,6.0,3.0,5.0,4.0,5.0,21592.0,3.0,4.0,4.0,3.0,4.0,4.0,2.0,2.0,5.0,5.0,5.0,3.0,7.0,4.0,5.0,20211.0,4.0,6.0,4.0,4.0,5.0,5.0,3.0,2.0,5.0,5.0,7.0,5.0,7.0,5.0,6.0,21392.0,4.0,5.0,6.0,3.0,5.0,5.0,3.0,2.0,5.0,5.0,7.0,4.0,6.0,5.0,6.0,21066.0,3.0,4.0,3.0,3.0,4.0,4.0,3.0,2.0,4.0,5.0,6.0,3.0,5.0,4.0,5.0,freqmine
21499.0,575.0,552.0,564.0,582.0,558.0,557.0,559.0,555.0,560.0,533.0,560.0,598.0,635.0,599.0,595.0,22238.0,2.0,2.0,2.0,2.0,2.0,1.0,1.0,2.0,2.0,2.0,4.0,2.0,3.0,3.0,3.0,22539.0,2.0,3.0,3.0,3.0,2.0,3.0,1.0,0.0,1.0,1.0,2.0,2.0,2.0,1.0,3.0,22064.0,2.0,4.0,3.0,4.0,3.0,4.0,2.0,1.0,2.0,2.0,2.0,2.0,2.0,2.0,6.0,23039.0,1.0,3.0,2.0,3.0,3.0,4.0,1.0,2.0,1.0,4.0,1.0,3.0,3.0,4.0,4.0,21012.0,2.0,3.0,3.0,3.0,1.0,3.0,1.0,0.0,1.0,1.0,1.0,2.0,2.0,3.0,4.0,21559.0,1.0,1.0,1.0,2.0,0.0,3.0,0.0,1.0,2.0,1.0,2.0,1.0,2.0,2.0,1.0,20466.0,1.0,3.0,2.0,3.0,1.0,3.0,1.0,0.0,1.0,1.0,1.0,2.0,2.0,3.0,3.0,20958.0,1.0,2.0,2.0,3.0,1.0,4.0,1.0,0.0,1.0,1.0,1.0,3.0,2.0,2.0,3.0,21182.0,2.0,4.0,3.0,5.0,3.0,4.0,2.0,1.0,3.0,2.0,3.0,4.0,3.0,3.0,5.0,20298.0,2.0,4.0,3.0,5.0,1.0,4.0,2.0,2.0,2.0,2.0,3.0,4.0,3.0,3.0,6.0,19864.0,3.0,3.0,4.0,4.0,2.0,4.0,2.0,2.0,4.0,3.0,4.0,3.0,3.0,3.0,4.0,21674.0,3.0,5.0,3.0,5.0,2.0,4.0,2.0,1.0,2.0,2.0,2.0,3.0,4.0,3.0,4.0,20299.0,5.0,5.0,4.0,6.0,4.0,5.0,3.0,2.0,3.0,3.0,3.0,5.0,5.0,4.0,6.0,21125.0,4.0,5.0,4.0,6.0,4.0,6.0,4.0,2.0,3.0,4.0,4.0,5.0,4.0,4.0,5.0,21080.0,4.0,5.0,5.0,5.0,2.0,4.0,2.0,1.0,4.0,2.0,3.0,3.0,3.0,3.0,5.0,freqmine
21778.0,611.0,602.0,620.0,607.0,612.0,616.0,625.0,609.0,601.0,613.0,643.0,638.0,633.0,675.0,636.0,22197.0,1.0,5.0,2.0,5.0,3.0,13.0,18.0,3.0,3.0,2.0,3.0,12.0,4.0,14.0,5.0,22526.0,2.0,3.0,3.0,6.0,1.0,16.0,15.0,5.0,4.0,1.0,3.0,12.0,3.0,12.0,3.0,21704.0,1.0,3.0,4.0,5.0,3.0,17.0,14.0,5.0,3.0,0.0,3.0,12.0,3.0,13.0,3.0,23019.0,2.0,3.0,4.0,6.0,4.0,17.0,28.0,5.0,5.0,1.0,4.0,26.0,3.0,26.0,4.0,21020.0,2.0,3.0,4.0,6.0,3.0,17.0,14.0,5.0,3.0,1.0,3.0,11.0,3.0,12.0,4.0,21365.0,2.0,3.0,3.0,4.0,2.0,13.0,42.0,6.0,5.0,3.0,5.0,17.0,5.0,27.0,6.0,20620.0,2.0,2.0,3.0,6.0,2.0,19.0,16.0,7.0,5.0,2.0,5.0,26.0,5.0,23.0,8.0,20797.0,3.0,2.0,3.0,5.0,1.0,14.0,13.0,4.0,3.0,1.0,4.0,15.0,4.0,12.0,4.0,21195.0,3.0,3.0,4.0,6.0,2.0,15.0,13.0,6.0,4.0,1.0,6.0,16.0,4.0,14.0,6.0,20567.0,4.0,3.0,4.0,6.0,1.0,16.0,14.0,6.0,4.0,1.0,5.0,17.0,4.0,17.0,5.0,21246.0,3.0,4.0,5.0,9.0,3.0,14.0,13.0,7.0,5.0,2.0,5.0,14.0,4.0,14.0,5.0,20341.0,2.0,3.0,4.0,6.0,1.0,17.0,27.0,6.0,5.0,2.0,6.0,25.0,8.0,45.0,8.0,19287.0,4.0,6.0,6.0,8.0,4.0,18.0,17.0,9.0,7.0,4.0,6.0,17.0,5.0,18.0,6.0,19817.0,3.0,4.0,5.0,8.0,3.0,31.0,43.0,6.0,6.0,3.0,6.0,45.0,6.0,46.0,8.0,20274.0,2.0,4.0,4.0,6.0,3.0,27.0,29.0,6.0,5.0,2.0,5.0,28.0,5.0,32.0,5.0,freqmine
20838.0,550.0,552.0,562.0,593.0,585.0,593.0,587.0,564.0,574.0,581.0,603.0,637.0,675.0,600.0,561.0,21218.0,1.0,3.0,2.0,5.0,2.0,1.0,1.0,2.0,2.0,1.0,2.0,2.0,8.0,2.0,1.0,21255.0,0.0,0.0,1.0,1.0,1.0,0.0,0.0,1.0,2.0,0.0,0.0,1.0,4.0,1.0,1.0,20633.0,0.0,0.0,2.0,1.0,0.0,0.0,0.0,0.0,1.0,1.0,0.0,2.0,4.0,1.0,1.0,22066.0,1.0,2.0,2.0,1.0,2.0,2.0,3.0,1.0,2.0,2.0,1.0,3.0,4.0,2.0,2.0,20842.0,0.0,0.0,1.0,2.0,0.0,0.0,0.0,0.0,2.0,1.0,1.0,2.0,4.0,1.0,2.0,21728.0,3.0,3.0,4.0,6.0,3.0,1.0,2.0,1.0,2.0,1.0,1.0,2.0,4.0,3.0,2.0,20238.0,3.0,3.0,5.0,7.0,3.0,3.0,1.0,1.0,2.0,1.0,1.0,2.0,4.0,3.0,2.0,20495.0,1.0,1.0,2.0,3.0,2.0,1.0,1.0,1.0,2.0,1.0,1.0,2.0,5.0,1.0,2.0,21255.0,0.0,0.0,1.0,1.0,1.0,0.0,0.0,0.0,1.0,1.0,0.0,1.0,4.0,0.0,1.0,20611.0,2.0,1.0,3.0,2.0,2.0,1.0,1.0,1.0,2.0,1.0,1.0,2.0,5.0,1.0,3.0,21301.0,2.0,1.0,2.0,2.0,2.0,1.0,1.0,1.0,2.0,1.0,2.0,3.0,5.0,1.0,3.0,21503.0,4.0,4.0,6.0,8.0,5.0,4.0,4.0,4.0,5.0,4.0,4.0,2.0,6.0,4.0,3.0,20314.0,3.0,2.0,5.0,4.0,4.0,3.0,3.0,3.0,4.0,3.0,3.0,5.0,6.0,3.0,4.0,21299.0,3.0,4.0,5.0,7.0,5.0,5.0,5.0,5.0,5.0,4.0,4.0,7.0,7.0,4.0,4.0,20517.0,2.0,1.0,2.0,3.0,2.0,1.0,1.0,1.0,2.0,1.0,2.0,3.0,4.0,2.0,1.0,freqmine
21415.0,646.0,609.0,659.0,610.0,600.0,602.0,587.0,591.0,590.0,629.0,595.0,682.0,714.0,672.0,649.0,21825.0,2.0,4.0,3.0,4.0,4.0,2.0,4.0,2.0,2.0,15.0,2.0,4.0,2.0,4.0,5.0,22166.0,2.0,1.0,2.0,4.0,0.0,0.0,1.0,1.0,3.0,14.0,1.0,2.0,4.0,2.0,2.0,21705.0,3.0,2.0,2.0,6.0,3.0,1.0,3.0,3.0,5.0,15.0,0.0,3.0,4.0,2.0,3.0,23659.0,3.0,0.0,4.0,2.0,2.0,1.0,0.0,3.0,4.0,26.0,0.0,2.0,4.0,2.0,2.0,19700.0,2.0,2.0,2.0,5.0,2.0,1.0,2.0,3.0,4.0,15.0,0.0,2.0,4.0,2.0,2.0,20339.0,1.0,0.0,2.0,10.0,1.0,0.0,1.0,2.0,4.0,16.0,0.0,2.0,4.0,7.0,1.0,19078.0,2.0,0.0,2.0,9.0,1.0,0.0,0.0,2.0,4.0,16.0,0.0,2.0,4.0,9.0,2.0,18206.0,2.0,1.0,3.0,4.0,2.0,2.0,2.0,2.0,5.0,14.0,0.0,2.0,4.0,1.0,2.0,19234.0,2.0,1.0,3.0,4.0,2.0,1.0,2.0,3.0,4.0,14.0,0.0,2.0,4.0,2.0,3.0,18833.0,2.0,1.0,3.0,6.0,1.0,1.0,2.0,3.0,6.0,10.0,3.0,4.0,6.0,5.0,4.0,20105.0,1.0,0.0,2.0,4.0,1.0,0.0,0.0,2.0,4.0,9.0,0.0,1.0,2.0,1.0,2.0,20478.0,2.0,1.0,2.0,10.0,1.0,1.0,1.0,2.0,4.0,27.0,0.0,2.0,4.0,10.0,4.0,20313.0,4.0,3.0,4.0,4.0,3.0,3.0,4.0,2.0,4.0,15.0,1.0,3.0,3.0,3.0,4.0,20764.0,2.0,3.0,5.0,11.0,3.0,2.0,2.0,2.0,4.0,50.0,1.0,2.0,3.0,13.0,4.0,21330.0,1.0,0.0,1.0,3.0,0.0,0.0,1.0,1.0,3.0,24.0,1.0,1.0,4.0,2.0,5.0,freqmine
21579.0,663.0,606.0,593.0,613.0,638.0,609.0,631.0,622.0,607.0,591.0,604.0,589.0,669.0,639.0,672.0,22014.0,8.0,8.0,7.0,6.0,7.0,6.0,5.0,5.0,7.0,4.0,5.0,6.0,8.0,6.0,7.0,22240.0,5.0,2.0,3.0,4.0,6.0,3.0,4.0,2.0,5.0,1.0,1.0,1.0,2.0,3.0,3.0,21691.0,6.0,2.0,4.0,5.0,6.0,4.0,4.0,2.0,4.0,1.0,2.0,0.0,4.0,2.0,2.0,23333.0,6.0,4.0,3.0,2.0,7.0,3.0,4.0,1.0,2.0,3.0,2.0,0.0,2.0,2.0,3.0,21001.0,6.0,3.0,5.0,4.0,6.0,5.0,5.0,2.0,4.0,2.0,2.0,1.0,2.0,2.0,2.0,21164.0,5.0,3.0,3.0,7.0,4.0,4.0,4.0,2.0,3.0,0.0,1.0,0.0,1.0,7.0,1.0,20376.0,5.0,4.0,4.0,7.0,6.0,4.0,5.0,1.0,2.0,2.0,1.0,0.0,1.0,6.0,1.0,20815.0,5.0,3.0,3.0,5.0,5.0,2.0,4.0,2.0,4.0,1.0,1.0,1.0,2.0,2.0,3.0,20899.0,5.0,3.0,3.0,4.0,5.0,3.0,4.0,2.0,4.0,1.0,2.0,1.0,2.0,2.0,1.0,19820.0,5.0,4.0,6.0,13.0,7.0,4.0,8.0,4.0,8.0,1.0,2.0,2.0,2.0,10.0,7.0,20209.0,5.0,3.0,3.0,3.0,5.0,3.0,4.0,1.0,2.0,1.0,0.0,1.0,3.0,2.0,2.0,21434.0,5.0,3.0,2.0,7.0,4.0,2.0,2.0,2.0,3.0,1.0,1.0,1.0,4.0,7.0,1.0,19111.0,4.0,3.0,2.0,7.0,4.0,3.0,2.0,4.0,6.0,1.0,3.0,4.0,6.0,4.0,5.0,19854.0,6.0,4.0,2.0,9.0,4.0,3.0,2.0,3.0,5.0,3.0,3.0,3.0,6.0,11.0,3.0,21039.0,5.0,4.0,4.0,4.0,5.0,4.0,3.0,2.0,5.0,1.0,2.0,2.0,3.0,3.0,1.0,freqmine
20225.0,637.0,571.0,604.0,633.0,658.0,648.0,655.0,631.0,617.0,607.0,617.0,643.0,722.0,695.0,663.0,20714.0,5.0,5.0,5.0,6.0,4.0,4.0,4.0,5.0,3.0,5.0,3.0,5.0,4.0,5.0,6.0,20644.0,6.0,1.0,4.0,5.0,5.0,2.0,3.0,3.0,2.0,3.0,2.0,3.0,4.0,4.0,6.0,20448.0,4.0,2.0,3.0,5.0,5.0,4.0,3.0,3.0,3.0,3.0,2.0,5.0,4.0,5.0,7.0,23428.0,3.0,2.0,4.0,3.0,4.0,2.0,1.0,4.0,2.0,3.0,3.0,4.0,5.0,6.0,5.0,20992.0,5.0,4.0,4.0,4.0,3.0,3.0,2.0,3.0,3.0,3.0,3.0,3.0,5.0,5.0,6.0,20963.0,3.0,2.0,4.0,6.0,5.0,2.0,1.0,2.0,2.0,4.0,3.0,3.0,5.0,7.0,4.0,20538.0,2.0,0.0,2.0,6.0,3.0,1.0,0.0,3.0,3.0,2.0,3.0,3.0,5.0,8.0,4.0,20120.0,4.0,1.0,5.0,3.0,2.0,2.0,1.0,3.0,3.0,4.0,4.0,2.0,4.0,3.0,3.0,20589.0,4.0,2.0,5.0,4.0,2.0,4.0,2.0,2.0,2.0,4.0,4.0,3.0,3.0,4.0,4.0,20702.0,3.0,1.0,3.0,8.0,3.0,5.0,1.0,5.0,4.0,5.0,4.0,3.0,5.0,10.0,4.0,20889.0,1.0,0.0,2.0,4.0,1.0,1.0,0.0,1.0,1.0,3.0,3.0,3.0,2.0,2.0,3.0,21902.0,4.0,0.0,4.0,5.0,3.0,2.0,2.0,1.0,1.0,2.0,2.0,2.0,3.0,6.0,3.0,20169.0,6.0,3.0,6.0,4.0,4.0,5.0,5.0,2.0,2.0,5.0,3.0,4.0,2.0,3.0,3.0,21219.0,4.0,2.0,7.0,8.0,5.0,6.0,4.0,3.0,2.0,4.0,4.0,5.0,3.0,7.0,7.0,20042.0,8.0,1.0,4.0,5.0,5.0,3.0,3.0,5.0,4.0,5.0,5.0,4.0,5.0,6.0,5.0,freqmine
341.0,294.0,253.0,267.0,274.0,286.0,247.0,260.0,267.0,268.0,236.0,239.0,3196.0,280.0,281.0,299.0,39.0,2.0,2.0,4.0,4.0,5.0,2.0,4.0,4.0,3.0,1.0,5.0,1431.0,3.0,3.0,4.0,19.0,3.0,0.0,2.0,2.0,1.0,1.0,2.0,2.0,2.0,1.0,0.0,1734.0,1.0,1.0,1.0,23.0,2.0,2.0,3.0,1.0,3.0,1.0,2.0,3.0,1.0,0.0,1.0,1684.0,1.0,6.0,1.0,29.0,1.0,2.0,2.0,2.0,7.0,0.0,3.0,4.0,3.0,1.0,1.0,1640.0,3.0,3.0,0.0,37.0,4.0,3.0,3.0,3.0,5.0,0.0,2.0,1.0,4.0,0.0,1.0,1864.0,5.0,4.0,4.0,15.0,1.0,2.0,0.0,4.0,1.0,0.0,1.0,0.0,2.0,0.0,1.0,1989.0,2.0,1.0,3.0,20.0,4.0,1.0,2.0,3.0,2.0,2.0,0.0,1.0,2.0,1.0,0.0,1685.0,3.0,2.0,4.0,27.0,3.0,1.0,2.0,2.0,2.0,1.0,1.0,2.0,1.0,0.0,2.0,1543.0,3.0,1.0,5.0,25.0,3.0,3.0,2.0,4.0,3.0,1.0,2.0,1.0,1.0,1.0,2.0,1400.0,2.0,3.0,4.0,9.0,2.0,2.0,1.0,3.0,1.0,2.0,2.0,2.0,2.0,1.0,1.0,1961.0,4.0,1.0,2.0,9.0,4.0,1.0,0.0,2.0,1.0,1.0,0.0,2.0,2.0,0.0,0.0,1916.0,1.0,3.0,3.0,18.0,0.0,2.0,0.0,2.0,0.0,0.0,0.0,0.0,1.0,2.0,0.0,1845.0,1.0,0.0,0.0,33.0,4.0,0.0,2.0,6.0,4.0,2.0,2.0,2.0,2.0,2.0,1.0,2431.0,2.0,1.0,2.0,34.0,5.0,2.0,3.0,6.0,3.0,2.0,3.0,2.0,2.0,3.0,4.0,2114.0,1.0,4.0,4.0,44.0,5.0,4.0,3.0,3.0,4.0,2.0,3.0,6.0,4.0,3.0,2.0,2242.0,3.0,4.0,6.0,freqmine
21304.0,720.0,673.0,666.0,662.0,677.0,632.0,633.0,649.0,631.0,617.0,652.0,721.0,752.0,801.0,794.0,21169.0,5.0,18.0,7.0,9.0,9.0,8.0,7.0,7.0,7.0,4.0,4.0,5.0,8.0,10.0,15.0,21608.0,1.0,10.0,9.0,13.0,6.0,7.0,3.0,5.0,5.0,4.0,7.0,9.0,9.0,30.0,39.0,21130.0,6.0,16.0,9.0,9.0,8.0,7.0,6.0,8.0,5.0,5.0,4.0,5.0,7.0,7.0,19.0,21963.0,6.0,27.0,8.0,9.0,9.0,9.0,8.0,7.0,6.0,7.0,4.0,6.0,5.0,6.0,33.0,19861.0,6.0,15.0,8.0,10.0,9.0,9.0,8.0,7.0,6.0,6.0,4.0,7.0,6.0,8.0,17.0,20252.0,8.0,20.0,8.0,11.0,7.0,7.0,7.0,7.0,5.0,5.0,2.0,5.0,5.0,11.0,23.0,19208.0,8.0,19.0,9.0,10.0,8.0,9.0,8.0,7.0,5.0,6.0,3.0,5.0,4.0,10.0,21.0,18500.0,5.0,13.0,6.0,10.0,9.0,9.0,7.0,8.0,5.0,5.0,3.0,6.0,4.0,8.0,21.0,18499.0,4.0,15.0,5.0,9.0,7.0,6.0,4.0,7.0,5.0,5.0,3.0,5.0,5.0,7.0,19.0,19035.0,7.0,22.0,9.0,12.0,8.0,8.0,9.0,7.0,6.0,6.0,3.0,6.0,4.0,13.0,21.0,20654.0,4.0,10.0,4.0,7.0,6.0,5.0,4.0,6.0,5.0,2.0,1.0,4.0,4.0,5.0,19.0,21488.0,5.0,34.0,5.0,10.0,8.0,7.0,5.0,8.0,5.0,3.0,3.0,6.0,7.0,12.0,24.0,20701.0,4.0,16.0,6.0,8.0,9.0,6.0,4.0,7.0,5.0,2.0,3.0,7.0,6.0,8.0,18.0,21606.0,6.0,50.0,6.0,9.0,10.0,7.0,7.0,9.0,8.0,5.0,4.0,7.0,6.0,12.0,48.0,21270.0,5.0,44.0,10.0,11.0,10.0,10.0,8.0,8.0,6.0,5.0,5.0,7.0,6.0,12.0,30.0,freqmine
20596.0,695.0,610.0,658.0,648.0,718.0,683.0,701.0,688.0,670.0,655.0,623.0,671.0,711.0,755.0,756.0,20063.0,4.0,5.0,7.0,8.0,6.0,5.0,6.0,7.0,7.0,5.0,3.0,5.0,3.0,7.0,8.0,20171.0,4.0,4.0,4.0,9.0,7.0,3.0,6.0,5.0,5.0,2.0,2.0,1.0,1.0,10.0,7.0,19532.0,5.0,4.0,4.0,7.0,8.0,5.0,6.0,6.0,10.0,4.0,3.0,3.0,2.0,10.0,6.0,21807.0,4.0,5.0,5.0,6.0,8.0,5.0,5.0,6.0,9.0,5.0,4.0,3.0,7.0,12.0,9.0,20276.0,6.0,5.0,7.0,10.0,10.0,4.0,6.0,8.0,9.0,4.0,5.0,4.0,7.0,10.0,10.0,20972.0,2.0,6.0,6.0,8.0,8.0,4.0,5.0,8.0,8.0,5.0,4.0,4.0,5.0,8.0,8.0,20292.0,2.0,3.0,5.0,7.0,7.0,1.0,4.0,6.0,6.0,1.0,2.0,3.0,5.0,8.0,5.0,19125.0,4.0,5.0,6.0,7.0,6.0,5.0,6.0,6.0,7.0,3.0,2.0,4.0,6.0,8.0,6.0,19508.0,5.0,5.0,6.0,7.0,8.0,5.0,8.0,7.0,7.0,3.0,2.0,3.0,6.0,9.0,6.0,19896.0,3.0,3.0,3.0,6.0,5.0,4.0,5.0,5.0,5.0,2.0,1.0,3.0,5.0,8.0,6.0,19610.0,1.0,3.0,5.0,6.0,6.0,3.0,6.0,3.0,4.0,1.0,0.0,1.0,3.0,7.0,5.0,19827.0,4.0,4.0,6.0,6.0,6.0,3.0,6.0,4.0,6.0,3.0,1.0,2.0,4.0,7.0,5.0,19100.0,4.0,5.0,6.0,7.0,7.0,5.0,8.0,5.0,9.0,5.0,3.0,4.0,4.0,7.0,8.0,19773.0,6.0,8.0,9.0,10.0,11.0,7.0,10.0,7.0,9.0,9.0,5.0,6.0,10.0,12.0,11.0,20103.0,4.0,4.0,5.0,16.0,7.0,4.0,7.0,5.0,6.0,5.0,3.0,17.0,6.0,21.0,21.0,freqmine
21644.0,758.0,639.0,672.0,674.0,647.0,618.0,677.0,656.0,640.0,613.0,601.0,664.0,727.0,791.0,766.0,21618.0,14.0,8.0,6.0,8.0,7.0,3.0,5.0,6.0,7.0,7.0,8.0,9.0,13.0,19.0,18.0,21597.0,21.0,3.0,5.0,7.0,4.0,5.0,4.0,3.0,4.0,4.0,2.0,5.0,5.0,10.0,8.0,21120.0,18.0,4.0,7.0,4.0,4.0,4.0,6.0,5.0,3.0,3.0,3.0,5.0,9.0,2.0,7.0,23151.0,32.0,4.0,5.0,10.0,11.0,7.0,8.0,5.0,5.0,5.0,2.0,6.0,5.0,4.0,6.0,20323.0,18.0,7.0,9.0,7.0,8.0,8.0,9.0,8.0,5.0,8.0,6.0,7.0,7.0,7.0,7.0,19683.0,18.0,4.0,7.0,7.0,7.0,3.0,5.0,4.0,4.0,3.0,2.0,4.0,4.0,5.0,6.0,19684.0,19.0,4.0,7.0,5.0,5.0,5.0,6.0,4.0,4.0,6.0,3.0,4.0,4.0,7.0,6.0,18076.0,19.0,3.0,6.0,9.0,7.0,5.0,6.0,4.0,6.0,5.0,3.0,6.0,5.0,5.0,8.0,17649.0,20.0,4.0,7.0,6.0,5.0,5.0,4.0,5.0,7.0,4.0,3.0,6.0,6.0,6.0,8.0,18562.0,17.0,4.0,6.0,5.0,4.0,3.0,5.0,4.0,4.0,3.0,3.0,4.0,4.0,9.0,7.0,19157.0,13.0,0.0,2.0,2.0,3.0,1.0,1.0,2.0,2.0,1.0,1.0,2.0,3.0,3.0,5.0,20017.0,32.0,2.0,4.0,4.0,6.0,3.0,4.0,5.0,4.0,2.0,1.0,4.0,6.0,6.0,7.0,19893.0,17.0,2.0,4.0,6.0,7.0,2.0,2.0,5.0,5.0,3.0,4.0,6.0,7.0,7.0,6.0,20774.0,64.0,6.0,9.0,11.0,9.0,6.0,8.0,10.0,8.0,5.0,6.0,7.0,7.0,11.0,9.0,21080.0,42.0,7.0,7.0,8.0,8.0,7.0,5.0,9.0,8.0,5.0,6.0,7.0,7.0,15.0,9.0,freqmine
20153.0,731.0,615.0,666.0,700.0,696.0,677.0,710.0,656.0,675.0,668.0,689.0,728.0,753.0,764.0,767.0,18900.0,6.0,5.0,8.0,11.0,7.0,6.0,7.0,7.0,7.0,5.0,6.0,8.0,7.0,14.0,9.0,19454.0,4.0,1.0,4.0,4.0,5.0,1.0,3.0,2.0,4.0,1.0,2.0,4.0,5.0,5.0,4.0,19206.0,4.0,2.0,5.0,9.0,9.0,6.0,4.0,5.0,6.0,4.0,4.0,7.0,4.0,9.0,5.0,21850.0,5.0,2.0,3.0,4.0,6.0,2.0,2.0,6.0,5.0,1.0,4.0,6.0,7.0,7.0,5.0,21315.0,3.0,1.0,3.0,7.0,3.0,3.0,1.0,3.0,5.0,2.0,3.0,6.0,7.0,7.0,7.0,21403.0,1.0,1.0,1.0,3.0,3.0,2.0,2.0,1.0,3.0,2.0,2.0,5.0,6.0,6.0,6.0,19942.0,3.0,1.0,3.0,6.0,5.0,2.0,2.0,4.0,4.0,1.0,4.0,7.0,8.0,7.0,7.0,17693.0,2.0,3.0,4.0,4.0,3.0,1.0,4.0,4.0,4.0,3.0,3.0,6.0,4.0,5.0,6.0,18439.0,4.0,2.0,4.0,6.0,5.0,1.0,6.0,3.0,4.0,3.0,3.0,6.0,7.0,6.0,5.0,18874.0,4.0,1.0,5.0,3.0,3.0,2.0,3.0,2.0,4.0,2.0,2.0,5.0,8.0,6.0,4.0,19231.0,2.0,2.0,4.0,3.0,3.0,2.0,5.0,2.0,3.0,2.0,1.0,4.0,4.0,4.0,3.0,20460.0,5.0,1.0,5.0,4.0,3.0,3.0,4.0,1.0,3.0,2.0,1.0,4.0,5.0,5.0,3.0,19176.0,7.0,6.0,7.0,7.0,5.0,5.0,9.0,4.0,7.0,7.0,3.0,7.0,6.0,7.0,8.0,20255.0,9.0,5.0,9.0,7.0,6.0,5.0,7.0,3.0,8.0,6.0,4.0,9.0,9.0,9.0,6.0,19831.0,8.0,4.0,6.0,9.0,8.0,5.0,7.0,4.0,6.0,6.0,3.0,6.0,9.0,7.0,7.0,freqmine
18195.0,783.0,736.0,779.0,754.0,760.0,728.0,752.0,727.0,736.0,707.0,721.0,773.0,798.0,821.0,829.0,18035.0,6.0,8.0,9.0,16.0,6.0,4.0,6.0,6.0,9.0,7.0,4.0,6.0,6.0,9.0,6.0,18577.0,2.0,2.0,6.0,8.0,4.0,2.0,3.0,5.0,6.0,5.0,2.0,4.0,2.0,3.0,4.0,19502.0,9.0,5.0,8.0,8.0,7.0,4.0,9.0,8.0,8.0,8.0,5.0,8.0,6.0,5.0,8.0,21291.0,8.0,4.0,11.0,9.0,9.0,5.0,11.0,8.0,9.0,9.0,4.0,6.0,4.0,5.0,5.0,18863.0,5.0,5.0,11.0,9.0,7.0,3.0,8.0,8.0,8.0,7.0,3.0,5.0,4.0,6.0,5.0,19311.0,7.0,3.0,9.0,10.0,7.0,3.0,6.0,7.0,9.0,6.0,2.0,4.0,2.0,5.0,3.0,18689.0,9.0,7.0,10.0,11.0,8.0,5.0,10.0,9.0,11.0,9.0,5.0,7.0,4.0,7.0,6.0,15314.0,6.0,3.0,8.0,10.0,10.0,4.0,6.0,6.0,9.0,6.0,4.0,6.0,6.0,7.0,4.0,16671.0,8.0,6.0,8.0,10.0,7.0,8.0,7.0,9.0,11.0,9.0,5.0,8.0,6.0,7.0,8.0,16803.0,5.0,5.0,7.0,10.0,7.0,5.0,6.0,8.0,9.0,6.0,3.0,5.0,4.0,6.0,6.0,17666.0,3.0,1.0,5.0,10.0,6.0,1.0,3.0,6.0,7.0,4.0,3.0,4.0,4.0,5.0,4.0,17873.0,8.0,7.0,11.0,13.0,11.0,6.0,8.0,13.0,13.0,9.0,8.0,10.0,10.0,11.0,11.0,18074.0,6.0,2.0,8.0,10.0,8.0,4.0,4.0,9.0,8.0,5.0,6.0,9.0,7.0,9.0,6.0,18934.0,7.0,7.0,8.0,13.0,10.0,7.0,8.0,12.0,10.0,8.0,7.0,8.0,8.0,10.0,9.0,19475.0,7.0,5.0,9.0,7.0,5.0,4.0,6.0,7.0,10.0,5.0,4.0,8.0,5.0,9.0,8.0,freqmine
7724.0,1175.0,1114.0,1212.0,1142.0,1110.0,1070.0,1035.0,1040.0,1188.0,1175.0,1179.0,1166.0,1097.0,1102.0,1136.0,6751.0,5.0,7.0,11.0,12.0,8.0,7.0,6.0,8.0,4.0,4.0,7.0,5.0,7.0,8.0,8.0,7056.0,7.0,5.0,9.0,6.0,6.0,5.0,5.0,6.0,6.0,4.0,5.0,3.0,8.0,11.0,8.0,5745.0,8.0,9.0,12.0,11.0,10.0,9.0,6.0,7.0,8.0,6.0,8.0,6.0,10.0,13.0,8.0,5836.0,4.0,6.0,7.0,7.0,5.0,4.0,3.0,4.0,4.0,5.0,6.0,5.0,7.0,9.0,7.0,6200.0,6.0,4.0,7.0,8.0,6.0,6.0,3.0,5.0,4.0,2.0,6.0,5.0,6.0,7.0,6.0,5913.0,2.0,4.0,7.0,6.0,4.0,5.0,2.0,3.0,2.0,3.0,4.0,3.0,4.0,7.0,5.0,5774.0,3.0,4.0,8.0,9.0,5.0,5.0,2.0,4.0,2.0,2.0,4.0,3.0,7.0,7.0,6.0,5930.0,7.0,5.0,9.0,7.0,4.0,5.0,4.0,5.0,3.0,3.0,6.0,4.0,7.0,7.0,6.0,6202.0,6.0,6.0,10.0,10.0,7.0,5.0,4.0,5.0,3.0,3.0,5.0,5.0,7.0,8.0,6.0,6485.0,6.0,7.0,9.0,8.0,3.0,6.0,4.0,6.0,4.0,4.0,6.0,5.0,6.0,8.0,6.0,6780.0,7.0,7.0,8.0,6.0,4.0,6.0,5.0,5.0,3.0,3.0,5.0,4.0,6.0,7.0,5.0,6499.0,5.0,4.0,6.0,5.0,3.0,4.0,4.0,2.0,3.0,2.0,2.0,2.0,5.0,5.0,2.0,6730.0,7.0,6.0,9.0,7.0,5.0,6.0,5.0,4.0,3.0,3.0,4.0,4.0,5.0,6.0,7.0,6797.0,9.0,7.0,14.0,9.0,7.0,8.0,8.0,7.0,7.0,6.0,8.0,6.0,8.0,8.0,9.0,7068.0,5.0,6.0,9.0,9.0,7.0,5.0,5.0,6.0,3.0,4.0,6.0,3.0,6.0,7.0,6.0,freqmine
2321.0,45.0,10.0,60.0,45.0,47.0,17.0,22.0,28.0,19.0,6.0,27.0,42.0,70.0,77.0,101.0,2201.0,5.0,4.0,3.0,3.0,4.0,2.0,2.0,1.0,4.0,2.0,3.0,4.0,3.0,4.0,5.0,2195.0,2.0,1.0,2.0,4.0,1.0,1.0,1.0,0.0,0.0,0.0,2.0,1.0,2.0,0.0,1.0,2216.0,5.0,3.0,4.0,6.0,2.0,2.0,2.0,4.0,2.0,2.0,2.0,4.0,5.0,3.0,6.0,2205.0,5.0,2.0,4.0,3.0,4.0,3.0,2.0,2.0,2.0,3.0,1.0,2.0,3.0,3.0,5.0,2199.0,3.0,2.0,4.0,2.0,0.0,2.0,2.0,2.0,1.0,2.0,0.0,2.0,2.0,2.0,4.0,2175.0,2.0,0.0,1.0,1.0,1.0,0.0,2.0,1.0,0.0,0.0,1.0,1.0,2.0,1.0,2.0,2168.0,3.0,1.0,2.0,1.0,2.0,1.0,1.0,2.0,0.0,1.0,1.0,1.0,2.0,2.0,3.0,2182.0,2.0,2.0,3.0,4.0,1.0,1.0,2.0,2.0,2.0,3.0,1.0,1.0,2.0,2.0,3.0,2193.0,2.0,2.0,2.0,3.0,1.0,0.0,0.0,2.0,1.0,1.0,1.0,1.0,2.0,3.0,3.0,2195.0,4.0,1.0,2.0,3.0,2.0,1.0,2.0,3.0,2.0,1.0,2.0,2.0,4.0,4.0,3.0,2229.0,2.0,0.0,2.0,2.0,2.0,1.0,0.0,1.0,1.0,0.0,1.0,0.0,1.0,2.0,5.0,2242.0,1.0,1.0,3.0,3.0,2.0,1.0,1.0,2.0,1.0,0.0,1.0,2.0,3.0,2.0,5.0,2231.0,1.0,3.0,3.0,3.0,2.0,1.0,2.0,2.0,3.0,3.0,2.0,4.0,3.0,4.0,4.0,2232.0,2.0,5.0,4.0,6.0,3.0,3.0,3.0,3.0,4.0,4.0,2.0,4.0,5.0,5.0,6.0,2207.0,4.0,3.0,4.0,4.0,2.0,3.0,3.0,2.0,2.0,2.0,2.0,4.0,4.0,5.0,8.0,freqmine
4220.0,1162.0,1137.0,1156.0,1183.0,1187.0,1184.0,1181.0,1186.0,1182.0,1177.0,1196.0,1202.0,1260.0,1265.0,1232.0,2628.0,2.0,6.0,3.0,9.0,1.0,3.0,2.0,3.0,1.0,5.0,2.0,4.0,7.0,4.0,3.0,2689.0,2.0,3.0,2.0,5.0,0.0,2.0,1.0,1.0,1.0,1.0,1.0,2.0,3.0,5.0,2.0,2682.0,2.0,3.0,3.0,7.0,1.0,2.0,2.0,2.0,2.0,2.0,3.0,1.0,4.0,5.0,3.0,2650.0,5.0,5.0,5.0,7.0,4.0,3.0,3.0,6.0,3.0,5.0,5.0,4.0,8.0,9.0,5.0,2805.0,1.0,4.0,1.0,6.0,3.0,3.0,3.0,1.0,2.0,1.0,4.0,2.0,7.0,3.0,2.0,2781.0,2.0,5.0,2.0,7.0,2.0,2.0,2.0,2.0,2.0,2.0,3.0,3.0,5.0,5.0,2.0,2725.0,1.0,3.0,2.0,7.0,0.0,2.0,2.0,1.0,1.0,1.0,2.0,3.0,5.0,5.0,4.0,2755.0,0.0,3.0,1.0,5.0,3.0,1.0,1.0,2.0,0.0,1.0,2.0,1.0,3.0,5.0,2.0,2630.0,2.0,3.0,2.0,4.0,2.0,2.0,4.0,2.0,1.0,3.0,1.0,1.0,4.0,4.0,3.0,2695.0,2.0,4.0,3.0,8.0,2.0,5.0,4.0,3.0,3.0,3.0,2.0,3.0,7.0,4.0,4.0,2684.0,0.0,3.0,2.0,5.0,2.0,2.0,3.0,2.0,1.0,3.0,4.0,2.0,5.0,4.0,0.0,2712.0,3.0,4.0,2.0,6.0,2.0,3.0,3.0,3.0,1.0,2.0,3.0,3.0,7.0,5.0,3.0,2918.0,4.0,4.0,4.0,7.0,3.0,4.0,4.0,3.0,3.0,3.0,3.0,4.0,6.0,5.0,5.0,2839.0,2.0,5.0,5.0,9.0,3.0,5.0,6.0,7.0,4.0,6.0,7.0,6.0,8.0,6.0,6.0,2763.0,3.0,4.0,5.0,8.0,5.0,4.0,7.0,4.0,4.0,5.0,5.0,5.0,8.0,6.0,5.0,freqmine
5756.0,1932.0,1867.0,1867.0,1933.0,1913.0,1942.0,1953.0,1961.0,1972.0,1942.0,1930.0,1920.0,1971.0,1961.0,2012.0,3130.0,5.0,10.0,5.0,6.0,5.0,10.0,6.0,7.0,8.0,4.0,6.0,6.0,11.0,8.0,9.0,3100.0,4.0,3.0,3.0,6.0,9.0,8.0,4.0,6.0,6.0,6.0,4.0,8.0,8.0,6.0,9.0,3103.0,2.0,3.0,3.0,4.0,5.0,4.0,3.0,2.0,2.0,1.0,3.0,5.0,5.0,5.0,5.0,3060.0,4.0,6.0,5.0,9.0,8.0,7.0,6.0,5.0,6.0,4.0,4.0,7.0,6.0,7.0,5.0,3248.0,5.0,2.0,3.0,5.0,3.0,3.0,0.0,5.0,4.0,2.0,1.0,5.0,6.0,9.0,5.0,3252.0,7.0,3.0,4.0,6.0,8.0,8.0,3.0,7.0,6.0,4.0,4.0,6.0,9.0,8.0,9.0,3293.0,5.0,4.0,2.0,5.0,5.0,7.0,3.0,4.0,7.0,4.0,3.0,5.0,5.0,5.0,7.0,3175.0,3.0,2.0,3.0,4.0,3.0,7.0,2.0,4.0,4.0,1.0,2.0,5.0,4.0,5.0,6.0,3159.0,3.0,2.0,3.0,5.0,3.0,5.0,0.0,2.0,2.0,1.0,2.0,5.0,6.0,5.0,4.0,3172.0,5.0,5.0,5.0,5.0,5.0,7.0,3.0,7.0,7.0,5.0,6.0,8.0,7.0,7.0,9.0,3084.0,5.0,2.0,3.0,6.0,3.0,4.0,0.0,5.0,5.0,1.0,2.0,5.0,6.0,6.0,6.0,3081.0,6.0,4.0,3.0,7.0,5.0,7.0,3.0,6.0,6.0,5.0,5.0,6.0,8.0,6.0,8.0,3338.0,4.0,4.0,4.0,9.0,8.0,8.0,3.0,6.0,5.0,5.0,5.0,8.0,8.0,8.0,7.0,3175.0,8.0,6.0,6.0,10.0,8.0,10.0,4.0,7.0,7.0,6.0,6.0,8.0,9.0,8.0,9.0,3516.0,9.0,7.0,5.0,6.0,5.0,8.0,4.0,9.0,9.0,4.0,5.0,7.0,8.0,6.0,7.0,freqmine
6104.0,1994.0,1901.0,1970.0,2007.0,1992.0,1974.0,2012.0,2001.0,1990.0,1942.0,1937.0,1942.0,2000.0,2045.0,2031.0,3197.0,3.0,4.0,7.0,10.0,11.0,4.0,7.0,6.0,10.0,7.0,7.0,8.0,9.0,6.0,8.0,3184.0,4.0,4.0,6.0,10.0,5.0,4.0,6.0,5.0,8.0,4.0,5.0,5.0,6.0,9.0,6.0,3194.0,5.0,3.0,5.0,8.0,7.0,5.0,4.0,4.0,9.0,5.0,2.0,7.0,9.0,7.0,6.0,3163.0,5.0,4.0,5.0,5.0,10.0,4.0,6.0,3.0,8.0,6.0,4.0,9.0,10.0,9.0,9.0,3227.0,1.0,3.0,5.0,8.0,6.0,3.0,6.0,3.0,5.0,5.0,4.0,6.0,5.0,4.0,7.0,3262.0,3.0,6.0,7.0,9.0,11.0,5.0,9.0,5.0,8.0,7.0,5.0,8.0,8.0,8.0,6.0,3355.0,4.0,3.0,9.0,9.0,7.0,4.0,9.0,6.0,8.0,6.0,7.0,8.0,9.0,8.0,5.0,3298.0,4.0,2.0,4.0,6.0,5.0,3.0,3.0,2.0,5.0,4.0,5.0,6.0,8.0,5.0,6.0,3134.0,3.0,3.0,6.0,10.0,8.0,6.0,6.0,6.0,7.0,6.0,7.0,9.0,9.0,9.0,7.0,3189.0,5.0,4.0,7.0,10.0,7.0,7.0,9.0,5.0,8.0,6.0,5.0,8.0,9.0,8.0,7.0,3098.0,2.0,3.0,5.0,6.0,7.0,3.0,7.0,2.0,6.0,5.0,4.0,6.0,7.0,6.0,4.0,3102.0,5.0,3.0,8.0,10.0,9.0,6.0,8.0,5.0,10.0,5.0,5.0,5.0,8.0,5.0,6.0,3318.0,7.0,4.0,8.0,7.0,7.0,5.0,7.0,5.0,10.0,6.0,5.0,8.0,9.0,7.0,8.0,3211.0,4.0,8.0,7.0,10.0,12.0,9.0,11.0,6.0,13.0,8.0,9.0,8.0,10.0,6.0,9.0,3438.0,3.0,4.0,5.0,10.0,8.0,5.0,6.0,4.0,8.0,8.0,8.0,8.0,10.0,8.0,9.0,freqmine
370.0,298.0,262.0,295.0,293.0,299.0,253.0,278.0,283.0,283.0,249.0,256.0,3222.0,280.0,300.0,290.0,41.0,2.0,3.0,6.0,5.0,5.0,3.0,3.0,4.0,2.0,4.0,1.0,1510.0,2.0,5.0,5.0,19.0,2.0,1.0,1.0,4.0,3.0,0.0,0.0,1.0,2.0,1.0,1.0,1805.0,3.0,2.0,2.0,39.0,3.0,1.0,4.0,4.0,3.0,0.0,2.0,2.0,2.0,2.0,2.0,1691.0,2.0,1.0,4.0,37.0,4.0,2.0,3.0,2.0,1.0,3.0,0.0,1.0,1.0,4.0,2.0,1588.0,1.0,3.0,5.0,40.0,2.0,0.0,3.0,5.0,3.0,2.0,5.0,5.0,2.0,1.0,2.0,1900.0,2.0,5.0,1.0,14.0,2.0,0.0,2.0,2.0,1.0,0.0,1.0,1.0,1.0,1.0,0.0,1946.0,2.0,2.0,1.0,33.0,1.0,2.0,1.0,4.0,2.0,0.0,3.0,3.0,2.0,1.0,1.0,1708.0,2.0,3.0,2.0,30.0,2.0,2.0,2.0,3.0,4.0,2.0,2.0,2.0,3.0,2.0,0.0,1653.0,1.0,5.0,0.0,35.0,2.0,1.0,3.0,3.0,2.0,2.0,2.0,3.0,4.0,1.0,1.0,1374.0,3.0,3.0,2.0,14.0,3.0,2.0,5.0,3.0,1.0,1.0,3.0,2.0,3.0,1.0,2.0,1940.0,2.0,2.0,2.0,17.0,1.0,1.0,3.0,3.0,4.0,0.0,4.0,2.0,5.0,2.0,2.0,1881.0,2.0,1.0,0.0,25.0,1.0,0.0,0.0,2.0,2.0,0.0,2.0,0.0,1.0,0.0,1.0,1831.0,0.0,0.0,2.0,29.0,1.0,3.0,3.0,6.0,4.0,1.0,2.0,1.0,3.0,2.0,2.0,2525.0,7.0,5.0,3.0,37.0,3.0,3.0,2.0,4.0,8.0,4.0,4.0,4.0,3.0,2.0,1.0,2195.0,5.0,3.0,4.0,35.0,3.0,3.0,2.0,4.0,3.0,2.0,4.0,1.0,3.0,1.0,1.0,2174.0,3.0,3.0,2.0,freqmine
5915.0,1951.0,1890.0,1914.0,1948.0,1958.0,1920.0,1962.0,1952.0,1944.0,1884.0,1923.0,1928.0,1963.0,1959.0,1966.0,3170.0,6.0,8.0,11.0,9.0,8.0,4.0,4.0,8.0,8.0,6.0,4.0,5.0,7.0,13.0,10.0,3093.0,4.0,4.0,9.0,7.0,7.0,3.0,3.0,6.0,7.0,3.0,4.0,3.0,7.0,5.0,8.0,3040.0,7.0,7.0,11.0,10.0,10.0,4.0,8.0,10.0,11.0,7.0,10.0,6.0,8.0,9.0,12.0,3036.0,9.0,8.0,13.0,14.0,13.0,7.0,8.0,9.0,12.0,8.0,7.0,5.0,8.0,9.0,9.0,3115.0,9.0,5.0,12.0,12.0,9.0,7.0,6.0,7.0,9.0,4.0,5.0,5.0,10.0,7.0,8.0,3096.0,5.0,3.0,9.0,9.0,4.0,1.0,3.0,5.0,7.0,1.0,2.0,2.0,5.0,4.0,5.0,3148.0,4.0,4.0,7.0,8.0,6.0,4.0,4.0,6.0,6.0,2.0,2.0,2.0,5.0,6.0,8.0,3167.0,6.0,6.0,8.0,9.0,7.0,2.0,6.0,7.0,10.0,5.0,2.0,3.0,4.0,7.0,6.0,3052.0,8.0,5.0,8.0,5.0,7.0,0.0,6.0,5.0,8.0,3.0,2.0,2.0,5.0,4.0,7.0,3039.0,5.0,4.0,7.0,7.0,6.0,2.0,5.0,9.0,7.0,2.0,5.0,2.0,7.0,5.0,6.0,3019.0,7.0,4.0,9.0,8.0,7.0,3.0,5.0,6.0,7.0,3.0,4.0,4.0,6.0,8.0,7.0,3036.0,3.0,4.0,8.0,7.0,5.0,3.0,6.0,7.0,6.0,3.0,5.0,4.0,8.0,10.0,9.0,3185.0,6.0,6.0,8.0,7.0,8.0,3.0,6.0,7.0,8.0,5.0,4.0,6.0,5.0,7.0,8.0,3007.0,9.0,8.0,12.0,11.0,9.0,6.0,8.0,12.0,11.0,7.0,7.0,7.0,10.0,13.0,12.0,3216.0,7.0,6.0,11.0,8.0,9.0,4.0,9.0,7.0,9.0,4.0,3.0,5.0,7.0,9.0,10.0,freqmine
5640.0,1968.0,1890.0,1998.0,1979.0,2001.0,1937.0,1945.0,1953.0,1957.0,1945.0,1936.0,1934.0,1992.0,1979.0,1984.0,3113.0,6.0,7.0,11.0,13.0,11.0,10.0,7.0,10.0,8.0,8.0,7.0,8.0,12.0,10.0,11.0,3150.0,7.0,7.0,11.0,13.0,8.0,9.0,8.0,11.0,8.0,9.0,5.0,7.0,10.0,12.0,8.0,3147.0,8.0,10.0,12.0,14.0,11.0,12.0,13.0,13.0,12.0,12.0,7.0,10.0,13.0,14.0,13.0,3048.0,5.0,5.0,9.0,14.0,8.0,11.0,8.0,11.0,7.0,10.0,6.0,8.0,9.0,11.0,11.0,3169.0,9.0,11.0,12.0,18.0,10.0,9.0,9.0,13.0,12.0,13.0,8.0,10.0,9.0,13.0,14.0,3099.0,3.0,4.0,8.0,12.0,5.0,8.0,5.0,7.0,6.0,8.0,5.0,5.0,9.0,9.0,9.0,3104.0,5.0,5.0,12.0,15.0,8.0,7.0,5.0,7.0,7.0,8.0,5.0,7.0,10.0,9.0,10.0,3062.0,8.0,9.0,14.0,16.0,11.0,11.0,8.0,9.0,7.0,12.0,7.0,9.0,13.0,11.0,10.0,3075.0,9.0,12.0,17.0,20.0,12.0,14.0,9.0,13.0,9.0,12.0,10.0,11.0,14.0,14.0,13.0,3130.0,6.0,9.0,12.0,14.0,6.0,9.0,6.0,9.0,7.0,8.0,6.0,7.0,9.0,9.0,11.0,3008.0,3.0,7.0,10.0,13.0,6.0,6.0,4.0,7.0,6.0,8.0,3.0,5.0,7.0,8.0,8.0,2982.0,8.0,8.0,12.0,15.0,9.0,9.0,6.0,9.0,9.0,8.0,6.0,7.0,11.0,9.0,8.0,3179.0,8.0,8.0,11.0,17.0,11.0,10.0,7.0,11.0,8.0,10.0,9.0,10.0,14.0,14.0,12.0,2993.0,8.0,10.0,13.0,18.0,11.0,11.0,9.0,11.0,9.0,11.0,11.0,10.0,12.0,11.0,9.0,3166.0,11.0,12.0,16.0,17.0,13.0,13.0,8.0,13.0,12.0,14.0,11.0,12.0,16.0,12.0,17.0,freqmine
5666.0,2101.0,1995.0,2078.0,2074.0,2073.0,2012.0,2023.0,2027.0,2053.0,1971.0,1965.0,1978.0,2036.0,2045.0,2057.0,3163.0,16.0,13.0,15.0,16.0,13.0,10.0,13.0,12.0,14.0,11.0,8.0,13.0,12.0,17.0,20.0,3171.0,14.0,7.0,11.0,11.0,11.0,6.0,9.0,7.0,11.0,9.0,4.0,8.0,8.0,11.0,14.0,3163.0,16.0,10.0,14.0,16.0,13.0,12.0,14.0,11.0,14.0,12.0,8.0,13.0,12.0,13.0,15.0,3205.0,16.0,12.0,13.0,13.0,13.0,13.0,14.0,13.0,15.0,14.0,10.0,12.0,12.0,14.0,14.0,3189.0,10.0,6.0,9.0,8.0,8.0,7.0,10.0,8.0,10.0,9.0,5.0,9.0,8.0,9.0,9.0,3184.0,13.0,7.0,10.0,12.0,8.0,6.0,8.0,8.0,10.0,8.0,4.0,8.0,7.0,10.0,12.0,3152.0,12.0,7.0,9.0,10.0,8.0,7.0,8.0,8.0,11.0,9.0,6.0,8.0,7.0,10.0,11.0,3100.0,9.0,6.0,8.0,10.0,7.0,8.0,10.0,10.0,12.0,9.0,7.0,8.0,7.0,10.0,11.0,3078.0,9.0,4.0,6.0,8.0,7.0,6.0,9.0,7.0,9.0,9.0,4.0,8.0,6.0,9.0,9.0,3126.0,13.0,7.0,11.0,11.0,10.0,9.0,10.0,8.0,12.0,10.0,5.0,9.0,11.0,13.0,15.0,3116.0,7.0,2.0,4.0,6.0,4.0,4.0,7.0,4.0,7.0,5.0,2.0,5.0,5.0,7.0,8.0,3058.0,12.0,4.0,8.0,9.0,7.0,4.0,7.0,6.0,9.0,7.0,2.0,6.0,7.0,9.0,13.0,3187.0,10.0,5.0,9.0,10.0,5.0,7.0,9.0,7.0,10.0,9.0,5.0,8.0,7.0,9.0,10.0,3094.0,13.0,9.0,13.0,13.0,11.0,9.0,10.0,9.0,13.0,14.0,7.0,12.0,12.0,14.0,19.0,3257.0,16.0,8.0,12.0,14.0,10.0,7.0,10.0,10.0,11.0,10.0,6.0,11.0,9.0,13.0,15.0,freqmine
18096.0,10388.0,11496.0,12244.0,11476.0,12831.0,11355.0,11463.0,11379.0,11715.0,11804.0,11429.0,11272.0,11812.0,11065.0,11954.0,7108.0,24.0,1063.0,1354.0,768.0,1685.0,1712.0,772.0,944.0,1650.0,1460.0,869.0,795.0,1109.0,785.0,1315.0,7164.0,64.0,1510.0,1279.0,963.0,1412.0,1326.0,838.0,997.0,2785.0,1360.0,972.0,851.0,1259.0,832.0,1278.0,7155.0,54.0,1303.0,1154.0,826.0,1484.0,1016.0,803.0,929.0,1922.0,1209.0,1040.0,878.0,2165.0,1734.0,1355.0,7085.0,62.0,1114.0,1205.0,986.0,1322.0,931.0,862.0,937.0,1524.0,1276.0,970.0,913.0,1961.0,1243.0,1406.0,7340.0,59.0,1064.0,1353.0,894.0,1251.0,1022.0,1588.0,828.0,1451.0,1349.0,1047.0,989.0,1832.0,1139.0,1212.0,7182.0,62.0,948.0,1285.0,774.0,1235.0,819.0,1166.0,962.0,1574.0,1896.0,1037.0,1011.0,1410.0,995.0,1117.0,7643.0,59.0,881.0,1377.0,770.0,1343.0,828.0,1027.0,873.0,1311.0,2264.0,826.0,888.0,1415.0,1005.0,1252.0,7350.0,63.0,864.0,1507.0,918.0,1203.0,841.0,881.0,1511.0,1206.0,1815.0,841.0,755.0,1285.0,842.0,1577.0,7194.0,63.0,858.0,1417.0,821.0,1437.0,976.0,908.0,1281.0,1195.0,1445.0,836.0,780.0,1122.0,855.0,2361.0,7048.0,63.0,998.0,1174.0,1835.0,1452.0,918.0,930.0,1243.0,1462.0,1486.0,912.0,1465.0,1318.0,851.0,1731.0,7173.0,57.0,1004.0,1129.0,1148.0,1352.0,986.0,816.0,1027.0,1354.0,1310.0,1342.0,1333.0,1312.0,967.0,1472.0,7096.0,56.0,1073.0,1230.0,932.0,1118.0,991.0,844.0,1073.0,1411.0,1168.0,1461.0,1114.0,1248.0,883.0,1385.0,7101.0,62.0,1091.0,1872.0,919.0,1191.0,883.0,851.0,875.0,1444.0,1210.0,1238.0,971.0,1480.0,1006.0,1461.0,6982.0,58.0,906.0,2201.0,877.0,1182.0,853.0,913.0,900.0,1257.0,1253.0,904.0,1054.0,1385.0,929.0,1255.0,7262.0,62.0,956.0,2004.0,816.0,2496.0,1005.0,1118.0,914.0,1331.0,1419.0,1004.0,995.0,1417.0,899.0,1320.0,freqmine
10014.0,4962.0,6060.0,6411.0,6211.0,6398.0,7940.0,5833.0,5843.0,5762.0,6101.0,5294.0,5780.0,6203.0,5987.0,6083.0,3065.0,26.0,1072.0,845.0,943.0,889.0,2284.0,770.0,565.0,898.0,910.0,438.0,579.0,832.0,881.0,801.0,3216.0,61.0,1252.0,805.0,1080.0,738.0,2243.0,1065.0,527.0,1106.0,912.0,442.0,775.0,980.0,799.0,977.0,3132.0,81.0,1039.0,833.0,1188.0,696.0,2191.0,949.0,593.0,874.0,872.0,493.0,703.0,1268.0,951.0,952.0,3219.0,71.0,982.0,866.0,1253.0,748.0,2299.0,853.0,694.0,869.0,848.0,464.0,636.0,1141.0,898.0,1011.0,3177.0,81.0,1053.0,1202.0,1138.0,867.0,2633.0,982.0,883.0,1211.0,1041.0,638.0,675.0,1413.0,996.0,1004.0,2967.0,101.0,1173.0,1002.0,1073.0,851.0,2496.0,1151.0,819.0,971.0,1187.0,605.0,692.0,1379.0,1054.0,828.0,3258.0,74.0,1167.0,1075.0,1137.0,855.0,2504.0,1049.0,684.0,920.0,1040.0,490.0,668.0,1071.0,1049.0,866.0,3319.0,91.0,1202.0,1096.0,977.0,800.0,2239.0,1080.0,635.0,1047.0,1003.0,499.0,819.0,891.0,1042.0,1216.0,2967.0,81.0,1087.0,985.0,1159.0,943.0,2114.0,771.0,631.0,857.0,1088.0,386.0,672.0,928.0,940.0,1029.0,2996.0,80.0,1039.0,1005.0,943.0,863.0,2236.0,1085.0,678.0,1006.0,891.0,476.0,854.0,1133.0,880.0,1092.0,2936.0,78.0,1176.0,872.0,904.0,803.0,2097.0,1081.0,767.0,763.0,872.0,426.0,706.0,979.0,837.0,887.0,3141.0,75.0,1219.0,1090.0,1024.0,1139.0,3635.0,1005.0,798.0,984.0,932.0,459.0,643.0,960.0,957.0,1065.0,3362.0,72.0,1222.0,1153.0,1114.0,771.0,3035.0,948.0,931.0,870.0,1044.0,505.0,686.0,884.0,931.0,1028.0,3201.0,68.0,1134.0,1124.0,820.0,773.0,2683.0,853.0,872.0,791.0,917.0,461.0,626.0,1057.0,958.0,875.0,3557.0,80.0,1456.0,1586.0,1393.0,1145.0,2734.0,1132.0,1038.0,1149.0,1124.0,661.0,833.0,1373.0,1112.0,1062.0,freqmine
21064.0,12447.0,21517.0,15500.0,18644.0,15988.0,15199.0,21219.0,20202.0,15927.0,14825.0,14442.0,15130.0,15426.0,20108.0,14708.0,7578.0,36.0,9345.0,1793.0,6595.0,2217.0,1873.0,7984.0,6717.0,3164.0,1631.0,1383.0,2307.0,2087.0,6616.0,1923.0,7761.0,132.0,8821.0,1582.0,7841.0,2192.0,2055.0,9226.0,7309.0,3354.0,1682.0,1407.0,2892.0,2370.0,6300.0,2505.0,7864.0,182.0,9030.0,1947.0,7394.0,1828.0,1828.0,9006.0,5935.0,2316.0,1595.0,1581.0,2390.0,2103.0,6519.0,2160.0,7664.0,152.0,9502.0,1871.0,7453.0,1805.0,1756.0,7311.0,7378.0,2690.0,1577.0,1591.0,2294.0,2173.0,6517.0,2056.0,7952.0,170.0,8516.0,3017.0,6659.0,2387.0,2124.0,7735.0,7207.0,3661.0,2161.0,2215.0,2527.0,2812.0,6213.0,2054.0,7827.0,128.0,9304.0,2873.0,6179.0,2547.0,2152.0,9453.0,5799.0,3285.0,2345.0,2287.0,2382.0,2726.0,5938.0,1988.0,7595.0,150.0,8871.0,2818.0,6559.0,2509.0,1893.0,9816.0,6128.0,3833.0,1641.0,1708.0,2040.0,2545.0,6945.0,2221.0,7483.0,175.0,9265.0,2176.0,6911.0,1893.0,1800.0,8954.0,6377.0,3632.0,2011.0,2376.0,2499.0,2292.0,6563.0,2431.0,7559.0,186.0,9469.0,1905.0,6922.0,2565.0,1894.0,7399.0,6081.0,3461.0,1743.0,1625.0,2333.0,2213.0,7520.0,1945.0,7579.0,172.0,10736.0,1932.0,5950.0,2897.0,1931.0,10291.0,6240.0,3332.0,1821.0,1869.0,2759.0,2604.0,7217.0,2830.0,7472.0,186.0,9860.0,2547.0,5935.0,2347.0,1850.0,9105.0,6575.0,3103.0,1623.0,1901.0,2526.0,2304.0,5642.0,2197.0,7567.0,164.0,10880.0,2628.0,7510.0,2914.0,1960.0,8570.0,6389.0,3670.0,2126.0,1760.0,2221.0,2180.0,7272.0,2315.0,7623.0,201.0,8629.0,2384.0,6874.0,2396.0,2038.0,8199.0,7771.0,3369.0,2073.0,1877.0,2468.0,2397.0,6434.0,2347.0,7650.0,156.0,9592.0,2252.0,6198.0,1903.0,1816.0,7759.0,5944.0,2881.0,1763.0,1709.0,2497.0,2043.0,5953.0,2262.0,7677.0,158.0,9981.0,3495.0,7078.0,2760.0,2170.0,7732.0,7630.0,3793.0,2087.0,2168.0,2567.0,2481.0,7142.0,2403.0,freqmine
24481.0,15616.0,19358.0,16963.0,17436.0,16999.0,17017.0,17598.0,18299.0,16590.0,16587.0,16543.0,16567.0,16683.0,17270.0,16671.0,8873.0,36.0,3530.0,1104.0,1647.0,1141.0,1109.0,1497.0,2537.0,1109.0,1169.0,1146.0,1089.0,1126.0,1434.0,1146.0,8836.0,88.0,3584.0,1147.0,1705.0,1175.0,1149.0,1706.0,2537.0,1133.0,1190.0,1163.0,1113.0,1149.0,1395.0,1175.0,9027.0,45.0,3358.0,1131.0,1487.0,1168.0,1156.0,1549.0,2412.0,1122.0,1187.0,1154.0,1105.0,1141.0,1665.0,1166.0,8867.0,97.0,3302.0,1136.0,1417.0,1178.0,1176.0,1729.0,2656.0,1141.0,1195.0,1167.0,1115.0,1160.0,1375.0,1176.0,9025.0,48.0,3309.0,1134.0,1424.0,1168.0,1158.0,1872.0,2591.0,1130.0,1189.0,1158.0,1108.0,1148.0,1481.0,1168.0,9035.0,38.0,3530.0,1129.0,1420.0,1164.0,1150.0,1782.0,2162.0,1134.0,1186.0,1158.0,1102.0,1143.0,1307.0,1161.0,8863.0,81.0,3425.0,1135.0,1447.0,1173.0,1161.0,1760.0,2477.0,1137.0,1194.0,1160.0,1107.0,1153.0,1484.0,1170.0,8834.0,66.0,3270.0,1132.0,1780.0,1173.0,1155.0,1922.0,2402.0,1129.0,1185.0,1162.0,1104.0,1150.0,1451.0,1164.0,8835.0,53.0,3317.0,1134.0,1494.0,1166.0,1154.0,1647.0,2422.0,1127.0,1181.0,1160.0,1099.0,1140.0,1369.0,1156.0,8797.0,44.0,3934.0,1112.0,1511.0,1159.0,1143.0,1737.0,2380.0,1118.0,1176.0,1153.0,1090.0,1134.0,1461.0,1152.0,8777.0,37.0,3674.0,1115.0,1468.0,1158.0,1138.0,1730.0,2283.0,1112.0,1168.0,1148.0,1088.0,1128.0,1266.0,1142.0,8827.0,42.0,3642.0,1121.0,1748.0,1164.0,1146.0,1743.0,2457.0,1117.0,1177.0,1151.0,1093.0,1138.0,1443.0,1149.0,8871.0,46.0,3387.0,1129.0,1764.0,1171.0,1154.0,1840.0,2594.0,1123.0,1187.0,1161.0,1101.0,1145.0,1462.0,1157.0,8881.0,73.0,3492.0,1137.0,1897.0,1179.0,1165.0,1528.0,2305.0,1130.0,1191.0,1167.0,1112.0,1152.0,1683.0,1162.0,8853.0,45.0,3833.0,1131.0,2166.0,1167.0,1150.0,1685.0,2622.0,1119.0,1183.0,1151.0,1107.0,1141.0,1559.0,1160.0,freqmine
25714.0,16442.0,17379.0,17824.0,17501.0,17869.0,17765.0,17468.0,17430.0,17405.0,17387.0,17356.0,17435.0,17586.0,17548.0,17545.0,9266.0,36.0,1100.0,1109.0,1145.0,1106.0,1116.0,1101.0,1127.0,1094.0,1135.0,1095.0,1095.0,1178.0,1160.0,1170.0,9216.0,48.0,1113.0,1122.0,1163.0,1133.0,1144.0,1113.0,1124.0,1099.0,1142.0,1113.0,1105.0,1185.0,1168.0,1196.0,9429.0,38.0,1107.0,1126.0,1149.0,1136.0,1141.0,1111.0,1131.0,1099.0,1151.0,1108.0,1111.0,1195.0,1171.0,1185.0,9250.0,46.0,1108.0,1123.0,1147.0,1130.0,1146.0,1114.0,1129.0,1107.0,1146.0,1105.0,1111.0,1190.0,1171.0,1189.0,9449.0,41.0,1109.0,1127.0,1163.0,1139.0,1149.0,1121.0,1138.0,1113.0,1153.0,1113.0,1114.0,1198.0,1172.0,1186.0,9398.0,34.0,1111.0,1127.0,1156.0,1139.0,1149.0,1119.0,1138.0,1110.0,1154.0,1109.0,1113.0,1191.0,1172.0,1183.0,9252.0,43.0,1103.0,1123.0,1141.0,1130.0,1139.0,1110.0,1128.0,1104.0,1145.0,1100.0,1104.0,1187.0,1166.0,1180.0,9226.0,42.0,1102.0,1118.0,1138.0,1127.0,1136.0,1107.0,1126.0,1099.0,1144.0,1097.0,1104.0,1187.0,1164.0,1175.0,9228.0,43.0,1103.0,1119.0,1144.0,1131.0,1142.0,1116.0,1131.0,1100.0,1147.0,1100.0,1104.0,1190.0,1164.0,1174.0,9189.0,37.0,1093.0,1112.0,1135.0,1126.0,1133.0,1108.0,1125.0,1095.0,1142.0,1095.0,1096.0,1182.0,1158.0,1168.0,9186.0,28.0,1086.0,1105.0,1131.0,1124.0,1129.0,1099.0,1121.0,1084.0,1136.0,1092.0,1091.0,1178.0,1150.0,1159.0,9230.0,34.0,1097.0,1116.0,1141.0,1131.0,1138.0,1109.0,1133.0,1095.0,1139.0,1095.0,1101.0,1188.0,1157.0,1174.0,9273.0,40.0,1101.0,1117.0,1150.0,1136.0,1146.0,1117.0,1134.0,1105.0,1147.0,1103.0,1112.0,1194.0,1166.0,1183.0,9270.0,40.0,1100.0,1126.0,1148.0,1131.0,1141.0,1109.0,1132.0,1099.0,1143.0,1102.0,1108.0,1188.0,1162.0,1179.0,9250.0,38.0,1101.0,1117.0,1145.0,1125.0,1136.0,1112.0,1125.0,1099.0,1140.0,1093.0,1108.0,1182.0,1158.0,1180.0,freqmine
24976.0,15961.0,16864.0,17272.0,16930.0,17300.0,17254.0,16935.0,16947.0,16923.0,16899.0,16844.0,16964.0,17017.0,17043.0,17016.0,9016.0,35.0,1077.0,1067.0,1052.0,1048.0,1095.0,1042.0,1118.0,1080.0,1122.0,1055.0,1113.0,1099.0,1136.0,1145.0,8923.0,28.0,1062.0,1065.0,1039.0,1055.0,1102.0,1033.0,1101.0,1069.0,1113.0,1049.0,1101.0,1087.0,1122.0,1133.0,9140.0,31.0,1078.0,1079.0,1051.0,1071.0,1121.0,1049.0,1115.0,1077.0,1128.0,1059.0,1114.0,1103.0,1139.0,1143.0,8980.0,32.0,1072.0,1073.0,1048.0,1061.0,1120.0,1047.0,1112.0,1076.0,1122.0,1052.0,1112.0,1099.0,1134.0,1139.0,9165.0,32.0,1080.0,1085.0,1061.0,1072.0,1125.0,1053.0,1125.0,1087.0,1130.0,1060.0,1119.0,1108.0,1141.0,1150.0,9117.0,28.0,1077.0,1085.0,1060.0,1071.0,1125.0,1052.0,1121.0,1088.0,1130.0,1060.0,1117.0,1106.0,1144.0,1153.0,8984.0,29.0,1068.0,1075.0,1047.0,1062.0,1116.0,1042.0,1108.0,1076.0,1116.0,1049.0,1105.0,1094.0,1133.0,1137.0,8953.0,33.0,1065.0,1071.0,1044.0,1060.0,1116.0,1043.0,1106.0,1076.0,1117.0,1049.0,1104.0,1096.0,1132.0,1137.0,8967.0,37.0,1071.0,1077.0,1049.0,1066.0,1121.0,1048.0,1113.0,1078.0,1122.0,1057.0,1108.0,1095.0,1138.0,1142.0,8923.0,29.0,1064.0,1067.0,1042.0,1057.0,1110.0,1040.0,1107.0,1073.0,1115.0,1051.0,1101.0,1090.0,1132.0,1133.0,8924.0,21.0,1057.0,1063.0,1034.0,1055.0,1106.0,1033.0,1102.0,1064.0,1111.0,1052.0,1096.0,1088.0,1126.0,1127.0,8962.0,26.0,1065.0,1068.0,1042.0,1064.0,1112.0,1041.0,1112.0,1070.0,1117.0,1052.0,1105.0,1097.0,1133.0,1134.0,8997.0,31.0,1071.0,1074.0,1049.0,1064.0,1120.0,1051.0,1115.0,1076.0,1124.0,1060.0,1113.0,1103.0,1138.0,1138.0,8991.0,28.0,1068.0,1076.0,1048.0,1060.0,1118.0,1043.0,1109.0,1074.0,1121.0,1054.0,1109.0,1095.0,1134.0,1134.0,8971.0,29.0,1065.0,1069.0,1044.0,1060.0,1111.0,1043.0,1104.0,1072.0,1116.0,1051.0,1108.0,1094.0,1132.0,1134.0,freqmine
30129.0,14207.0,15106.0,15857.0,15227.0,17432.0,16409.0,15399.0,15328.0,15945.0,16259.0,16476.0,17015.0,15730.0,15377.0,16078.0,13714.0,30.0,1135.0,1784.0,1108.0,2380.0,2337.0,1109.0,1163.0,1677.0,1710.0,1860.0,3388.0,1459.0,1148.0,1564.0,15621.0,25.0,1113.0,1332.0,1090.0,1959.0,1694.0,1101.0,1145.0,1656.0,1571.0,1807.0,3677.0,1411.0,1135.0,1621.0,13833.0,33.0,1133.0,1727.0,1105.0,1631.0,1721.0,1117.0,1159.0,1679.0,1675.0,2484.0,3240.0,1406.0,1164.0,1597.0,14434.0,27.0,1126.0,1939.0,1100.0,2047.0,2100.0,1112.0,1152.0,1796.0,1899.0,2176.0,3476.0,1416.0,1146.0,1609.0,14321.0,35.0,1140.0,3377.0,1119.0,2352.0,2249.0,1122.0,1168.0,1976.0,1936.0,2194.0,3375.0,1549.0,1167.0,1604.0,13323.0,32.0,1141.0,2907.0,1107.0,9635.0,2006.0,1118.0,1167.0,2078.0,2126.0,2420.0,2697.0,1443.0,1163.0,2377.0,14862.0,24.0,1121.0,2216.0,1101.0,2288.0,1829.0,1109.0,1148.0,1803.0,1747.0,2030.0,2478.0,1414.0,1145.0,1674.0,15281.0,28.0,1118.0,1642.0,1094.0,1990.0,1672.0,1109.0,1148.0,1767.0,1821.0,2122.0,2879.0,1406.0,1147.0,1609.0,15653.0,36.0,1130.0,1621.0,1108.0,2450.0,1827.0,1119.0,1163.0,1791.0,1852.0,1985.0,3015.0,1474.0,1155.0,1816.0,15700.0,29.0,1127.0,1550.0,1098.0,5013.0,2271.0,1120.0,1162.0,1816.0,1849.0,2311.0,3602.0,1463.0,1157.0,1727.0,14598.0,26.0,1121.0,2329.0,1095.0,2388.0,2156.0,1115.0,1156.0,1630.0,1760.0,2251.0,2858.0,1492.0,1144.0,1696.0,13475.0,24.0,1125.0,2046.0,1105.0,5299.0,1920.0,1115.0,1163.0,1718.0,1960.0,2024.0,2990.0,1419.0,1148.0,1722.0,15084.0,32.0,1128.0,1752.0,1108.0,1831.0,1962.0,1122.0,1167.0,1662.0,1824.0,2015.0,3015.0,1422.0,1155.0,1544.0,15225.0,25.0,1123.0,1731.0,1105.0,1809.0,1904.0,1106.0,1152.0,1600.0,1748.0,2678.0,3082.0,1386.0,1140.0,1628.0,15349.0,35.0,1140.0,2894.0,1109.0,4566.0,1822.0,1116.0,1160.0,1801.0,1816.0,2384.0,2704.0,1402.0,1159.0,1660.0,freqmine
384.0,345.0,285.0,310.0,306.0,313.0,278.0,294.0,299.0,295.0,278.0,280.0,3227.0,304.0,307.0,315.0,76.0,4.0,4.0,3.0,4.0,3.0,4.0,5.0,3.0,6.0,4.0,5.0,1693.0,7.0,4.0,5.0,48.0,1.0,1.0,2.0,1.0,1.0,1.0,2.0,2.0,1.0,0.0,0.0,1781.0,0.0,3.0,3.0,58.0,4.0,3.0,2.0,3.0,2.0,2.0,2.0,2.0,3.0,2.0,1.0,1699.0,4.0,7.0,1.0,54.0,3.0,4.0,2.0,4.0,5.0,1.0,3.0,2.0,6.0,1.0,1.0,1756.0,5.0,5.0,2.0,54.0,4.0,3.0,4.0,4.0,2.0,2.0,1.0,2.0,3.0,3.0,4.0,1891.0,2.0,4.0,5.0,39.0,2.0,1.0,3.0,2.0,4.0,0.0,1.0,4.0,1.0,0.0,0.0,1988.0,1.0,1.0,2.0,49.0,2.0,0.0,3.0,2.0,2.0,2.0,2.0,1.0,2.0,0.0,1.0,1618.0,2.0,1.0,2.0,54.0,5.0,0.0,3.0,4.0,2.0,0.0,1.0,3.0,1.0,1.0,3.0,1634.0,3.0,2.0,5.0,49.0,5.0,3.0,2.0,4.0,1.0,0.0,2.0,1.0,0.0,1.0,2.0,1473.0,1.0,3.0,2.0,43.0,3.0,1.0,1.0,2.0,2.0,1.0,2.0,3.0,2.0,1.0,1.0,1865.0,3.0,3.0,3.0,42.0,7.0,3.0,5.0,5.0,3.0,2.0,3.0,6.0,3.0,2.0,2.0,2000.0,4.0,4.0,4.0,45.0,2.0,0.0,1.0,3.0,0.0,3.0,1.0,2.0,1.0,1.0,0.0,1834.0,2.0,3.0,2.0,55.0,7.0,4.0,7.0,3.0,2.0,4.0,5.0,5.0,3.0,3.0,3.0,2402.0,1.0,4.0,3.0,57.0,3.0,2.0,5.0,4.0,1.0,1.0,2.0,3.0,5.0,3.0,3.0,2111.0,4.0,5.0,4.0,56.0,4.0,2.0,3.0,4.0,2.0,1.0,1.0,3.0,2.0,2.0,4.0,2380.0,3.0,5.0,2.0,freqmine
29884.0,13398.0,14554.0,14192.0,14766.0,14666.0,14582.0,15047.0,21124.0,14421.0,14230.0,14271.0,14612.0,14476.0,14960.0,14532.0,14335.0,31.0,1477.0,976.0,1359.0,1238.0,1292.0,1573.0,7226.0,1092.0,1054.0,1041.0,1208.0,1020.0,1501.0,1115.0,15444.0,30.0,1478.0,952.0,1330.0,1180.0,1264.0,1562.0,7210.0,1032.0,1006.0,1072.0,1187.0,947.0,1423.0,1116.0,14684.0,54.0,1476.0,1045.0,1371.0,1135.0,1307.0,1595.0,7247.0,1073.0,1072.0,1060.0,1255.0,1011.0,1668.0,1130.0,14875.0,38.0,1501.0,962.0,1446.0,1191.0,1252.0,1635.0,8033.0,1072.0,1112.0,1099.0,1243.0,1014.0,1708.0,1150.0,16444.0,53.0,1555.0,1022.0,1497.0,1315.0,1307.0,1618.0,7323.0,1136.0,1111.0,1068.0,1319.0,1079.0,1609.0,1282.0,14917.0,45.0,1504.0,1058.0,1444.0,2279.0,1364.0,1591.0,5406.0,1105.0,1077.0,1084.0,1322.0,1030.0,1512.0,1212.0,15383.0,34.0,1482.0,1063.0,1453.0,1289.0,1289.0,1633.0,6459.0,1102.0,1098.0,1087.0,1267.0,1032.0,1530.0,1143.0,16766.0,39.0,1434.0,990.0,1390.0,1291.0,1269.0,1620.0,7454.0,1078.0,1048.0,1031.0,1243.0,945.0,1543.0,1136.0,17152.0,52.0,1487.0,992.0,1442.0,1240.0,1314.0,1590.0,7004.0,1113.0,1064.0,1090.0,1262.0,1011.0,1670.0,1107.0,16678.0,46.0,1481.0,1049.0,1509.0,1651.0,1368.0,1623.0,7090.0,1104.0,1079.0,1081.0,1292.0,1040.0,1618.0,1214.0,15654.0,39.0,1452.0,1019.0,1416.0,1245.0,1331.0,1578.0,7293.0,1080.0,1026.0,1032.0,1284.0,1020.0,1595.0,1149.0,14680.0,46.0,1478.0,1001.0,1407.0,1634.0,1367.0,1645.0,7572.0,1086.0,1139.0,1086.0,1276.0,1054.0,1564.0,1191.0,15930.0,48.0,1449.0,1003.0,1409.0,1181.0,1276.0,1615.0,7448.0,1107.0,1056.0,1082.0,1229.0,991.0,1823.0,1086.0,16027.0,39.0,1456.0,962.0,1457.0,1064.0,1278.0,1603.0,6198.0,1065.0,1030.0,1063.0,1206.0,995.0,1663.0,1094.0,15867.0,48.0,1469.0,1010.0,1521.0,1474.0,1343.0,1610.0,7867.0,1132.0,1080.0,1087.0,1265.0,996.0,1540.0,1175.0,freqmine
30763.0,15467.0,16042.0,16143.0,16321.0,16659.0,17012.0,17405.0,20248.0,16814.0,16779.0,16802.0,17429.0,17894.0,17126.0,17363.0,13589.0,32.0,1341.0,1186.0,1199.0,1256.0,1355.0,1627.0,4525.0,1180.0,1267.0,1227.0,1275.0,1470.0,1205.0,1197.0,14030.0,63.0,1238.0,1139.0,1114.0,1154.0,1390.0,1620.0,4314.0,1153.0,1163.0,1156.0,1237.0,1398.0,1155.0,1125.0,13926.0,61.0,1272.0,1113.0,1137.0,1168.0,1365.0,1528.0,4046.0,1165.0,1151.0,1130.0,1231.0,1347.0,1187.0,1171.0,13630.0,67.0,1317.0,1179.0,1143.0,1238.0,1419.0,1607.0,4427.0,1190.0,1277.0,1155.0,1311.0,1355.0,1111.0,1205.0,15251.0,63.0,1436.0,1294.0,1222.0,1313.0,1520.0,1844.0,3979.0,1239.0,1399.0,1310.0,1471.0,1514.0,1256.0,1324.0,14281.0,60.0,1505.0,1285.0,1255.0,1391.0,1639.0,2061.0,3387.0,1393.0,1364.0,1269.0,1482.0,1537.0,1242.0,1385.0,14069.0,61.0,1479.0,1353.0,1271.0,1433.0,1500.0,1815.0,3889.0,1263.0,1362.0,1332.0,1388.0,1569.0,1236.0,1340.0,15909.0,56.0,1340.0,1258.0,1200.0,1299.0,1523.0,1798.0,4436.0,1229.0,1342.0,1297.0,1366.0,1520.0,1160.0,1294.0,15792.0,68.0,1432.0,1279.0,1245.0,1342.0,1503.0,1893.0,4136.0,1311.0,1313.0,1227.0,1333.0,1525.0,1185.0,1298.0,14998.0,63.0,1511.0,1286.0,1282.0,1408.0,1610.0,2027.0,4224.0,1304.0,1391.0,1336.0,1439.0,1647.0,1245.0,1352.0,14218.0,53.0,1408.0,1266.0,1238.0,1357.0,1551.0,1804.0,4023.0,1296.0,1345.0,1198.0,1364.0,1475.0,1244.0,1299.0,13954.0,59.0,1554.0,1312.0,1311.0,1428.0,1695.0,2168.0,4333.0,1373.0,1416.0,1334.0,1428.0,1685.0,1263.0,1421.0,14811.0,66.0,1506.0,1317.0,1284.0,1465.0,1666.0,2090.0,4221.0,1318.0,1438.0,1292.0,1467.0,1684.0,1303.0,1342.0,14821.0,61.0,1458.0,1318.0,1192.0,1365.0,1549.0,1829.0,3836.0,1282.0,1480.0,1284.0,1449.0,1592.0,1189.0,1342.0,14613.0,60.0,1535.0,1382.0,1296.0,1405.0,1604.0,1866.0,4185.0,1373.0,1439.0,1352.0,1511.0,1653.0,1285.0,1372.0,freqmine
7988.0,3298.0,3778.0,3879.0,3878.0,3963.0,3611.0,3703.0,3571.0,3578.0,3481.0,3646.0,3720.0,3677.0,3921.0,3867.0,3432.0,22.0,369.0,305.0,336.0,340.0,243.0,283.0,279.0,217.0,229.0,326.0,256.0,213.0,324.0,284.0,3626.0,34.0,395.0,392.0,386.0,389.0,280.0,322.0,308.0,238.0,235.0,354.0,338.0,233.0,401.0,342.0,3656.0,43.0,390.0,325.0,440.0,366.0,301.0,307.0,298.0,228.0,251.0,370.0,307.0,252.0,435.0,354.0,3643.0,38.0,421.0,422.0,389.0,375.0,294.0,334.0,292.0,262.0,267.0,390.0,344.0,240.0,554.0,418.0,3846.0,38.0,421.0,381.0,394.0,357.0,307.0,308.0,331.0,280.0,261.0,376.0,329.0,262.0,419.0,352.0,3591.0,33.0,373.0,302.0,338.0,356.0,254.0,315.0,282.0,233.0,256.0,346.0,310.0,243.0,376.0,287.0,3489.0,35.0,379.0,312.0,363.0,352.0,282.0,268.0,292.0,241.0,283.0,342.0,302.0,252.0,399.0,308.0,3401.0,34.0,374.0,298.0,360.0,320.0,269.0,302.0,253.0,234.0,248.0,344.0,330.0,218.0,363.0,299.0,3444.0,35.0,380.0,325.0,373.0,332.0,261.0,298.0,298.0,181.0,250.0,347.0,301.0,233.0,382.0,312.0,3486.0,32.0,371.0,302.0,354.0,321.0,252.0,302.0,291.0,224.0,221.0,355.0,309.0,253.0,379.0,289.0,3499.0,38.0,373.0,311.0,355.0,470.0,283.0,298.0,284.0,246.0,253.0,322.0,330.0,241.0,387.0,308.0,3713.0,33.0,441.0,371.0,429.0,396.0,362.0,350.0,349.0,281.0,289.0,422.0,334.0,322.0,414.0,381.0,3645.0,40.0,384.0,326.0,386.0,357.0,321.0,347.0,328.0,243.0,298.0,389.0,355.0,259.0,396.0,316.0,3673.0,37.0,512.0,471.0,602.0,432.0,394.0,416.0,412.0,346.0,333.0,484.0,417.0,349.0,420.0,456.0,3883.0,37.0,529.0,461.0,495.0,440.0,364.0,383.0,339.0,329.0,313.0,444.0,397.0,326.0,521.0,385.0,freqmine
25753.0,16516.0,17464.0,17858.0,17487.0,17903.0,17824.0,17543.0,17433.0,17481.0,17480.0,17421.0,17446.0,17585.0,17545.0,17474.0,9338.0,42.0,1135.0,1123.0,1112.0,1138.0,1099.0,1136.0,1106.0,1125.0,1136.0,1136.0,1099.0,1168.0,1127.0,1098.0,9377.0,128.0,1217.0,1211.0,1198.0,1270.0,1263.0,1248.0,1204.0,1209.0,1239.0,1226.0,1211.0,1300.0,1237.0,1217.0,9567.0,124.0,1215.0,1223.0,1198.0,1274.0,1225.0,1237.0,1188.0,1199.0,1230.0,1221.0,1216.0,1278.0,1247.0,1218.0,9368.0,129.0,1204.0,1206.0,1198.0,1244.0,1240.0,1230.0,1184.0,1205.0,1223.0,1214.0,1209.0,1280.0,1228.0,1208.0,9603.0,125.0,1218.0,1231.0,1214.0,1260.0,1236.0,1252.0,1201.0,1220.0,1244.0,1226.0,1210.0,1297.0,1244.0,1225.0,9603.0,144.0,1243.0,1247.0,1228.0,1285.0,1272.0,1257.0,1224.0,1236.0,1263.0,1244.0,1259.0,1318.0,1269.0,1237.0,9438.0,165.0,1251.0,1249.0,1230.0,1305.0,1298.0,1284.0,1221.0,1268.0,1264.0,1243.0,1277.0,1327.0,1294.0,1239.0,9362.0,123.0,1201.0,1216.0,1199.0,1254.0,1228.0,1230.0,1191.0,1206.0,1225.0,1214.0,1216.0,1271.0,1239.0,1208.0,9372.0,132.0,1203.0,1218.0,1200.0,1258.0,1257.0,1249.0,1189.0,1203.0,1231.0,1219.0,1211.0,1280.0,1236.0,1210.0,9321.0,132.0,1214.0,1234.0,1203.0,1279.0,1230.0,1249.0,1194.0,1201.0,1246.0,1236.0,1212.0,1289.0,1249.0,1206.0,9328.0,129.0,1197.0,1198.0,1182.0,1261.0,1211.0,1230.0,1185.0,1191.0,1230.0,1218.0,1196.0,1261.0,1229.0,1182.0,9375.0,129.0,1220.0,1229.0,1211.0,1278.0,1241.0,1254.0,1210.0,1204.0,1250.0,1231.0,1232.0,1285.0,1234.0,1213.0,9447.0,153.0,1231.0,1231.0,1225.0,1285.0,1288.0,1277.0,1224.0,1224.0,1267.0,1248.0,1254.0,1305.0,1278.0,1238.0,9396.0,126.0,1214.0,1224.0,1205.0,1261.0,1245.0,1244.0,1193.0,1205.0,1236.0,1230.0,1205.0,1282.0,1246.0,1214.0,9387.0,130.0,1214.0,1224.0,1207.0,1259.0,1236.0,1247.0,1189.0,1195.0,1230.0,1228.0,1218.0,1281.0,1234.0,1201.0,freqmine
26158.0,16680.0,17607.0,18074.0,17715.0,18142.0,18027.0,17720.0,17696.0,17683.0,17632.0,17633.0,17726.0,17749.0,17734.0,17711.0,9459.0,40.0,1113.0,1140.0,1146.0,1132.0,1155.0,1135.0,1179.0,1153.0,1142.0,1142.0,1159.0,1124.0,1107.0,1127.0,9375.0,36.0,1104.0,1139.0,1133.0,1138.0,1162.0,1126.0,1160.0,1142.0,1134.0,1136.0,1147.0,1111.0,1099.0,1117.0,9606.0,38.0,1120.0,1153.0,1153.0,1151.0,1176.0,1138.0,1179.0,1154.0,1150.0,1146.0,1163.0,1123.0,1118.0,1129.0,9419.0,39.0,1113.0,1148.0,1137.0,1143.0,1175.0,1137.0,1168.0,1152.0,1144.0,1138.0,1155.0,1117.0,1102.0,1118.0,9638.0,41.0,1128.0,1160.0,1156.0,1160.0,1178.0,1147.0,1187.0,1165.0,1152.0,1153.0,1168.0,1134.0,1117.0,1138.0,9572.0,35.0,1118.0,1155.0,1152.0,1157.0,1178.0,1145.0,1185.0,1161.0,1155.0,1151.0,1169.0,1133.0,1114.0,1133.0,9420.0,36.0,1106.0,1142.0,1141.0,1143.0,1165.0,1133.0,1171.0,1147.0,1137.0,1135.0,1154.0,1116.0,1107.0,1118.0,9392.0,38.0,1104.0,1137.0,1135.0,1145.0,1167.0,1134.0,1166.0,1149.0,1140.0,1134.0,1154.0,1118.0,1107.0,1120.0,9399.0,41.0,1106.0,1143.0,1141.0,1144.0,1168.0,1137.0,1173.0,1147.0,1144.0,1140.0,1155.0,1122.0,1111.0,1123.0,9374.0,37.0,1104.0,1141.0,1141.0,1151.0,1170.0,1140.0,1173.0,1151.0,1144.0,1148.0,1160.0,1121.0,1106.0,1119.0,9368.0,26.0,1098.0,1128.0,1128.0,1139.0,1158.0,1128.0,1164.0,1134.0,1135.0,1134.0,1147.0,1116.0,1097.0,1111.0,9407.0,33.0,1100.0,1138.0,1135.0,1144.0,1167.0,1136.0,1174.0,1143.0,1144.0,1138.0,1153.0,1121.0,1103.0,1118.0,9442.0,37.0,1105.0,1139.0,1137.0,1142.0,1169.0,1141.0,1171.0,1143.0,1143.0,1143.0,1159.0,1122.0,1104.0,1118.0,9442.0,34.0,1108.0,1143.0,1140.0,1143.0,1170.0,1133.0,1170.0,1141.0,1142.0,1141.0,1156.0,1117.0,1103.0,1119.0,9418.0,34.0,1105.0,1139.0,1135.0,1140.0,1167.0,1129.0,1162.0,1140.0,1137.0,1136.0,1155.0,1116.0,1100.0,1123.0,freqmine
26157.0,16700.0,17668.0,18165.0,17749.0,18229.0,18098.0,17756.0,17709.0,17686.0,17635.0,17624.0,17735.0,17795.0,17759.0,17726.0,9472.0,35.0,1141.0,1122.0,1146.0,1136.0,1135.0,1137.0,1165.0,1132.0,1139.0,1120.0,1151.0,1141.0,1119.0,1124.0,9392.0,30.0,1124.0,1124.0,1136.0,1151.0,1151.0,1136.0,1151.0,1126.0,1132.0,1119.0,1146.0,1135.0,1113.0,1117.0,9654.0,34.0,1143.0,1140.0,1149.0,1163.0,1163.0,1148.0,1163.0,1137.0,1147.0,1132.0,1158.0,1146.0,1125.0,1127.0,9433.0,33.0,1133.0,1128.0,1140.0,1153.0,1154.0,1141.0,1155.0,1127.0,1137.0,1121.0,1151.0,1136.0,1114.0,1115.0,9680.0,35.0,1142.0,1141.0,1161.0,1169.0,1170.0,1161.0,1169.0,1142.0,1154.0,1140.0,1167.0,1153.0,1128.0,1130.0,9620.0,30.0,1138.0,1141.0,1152.0,1164.0,1159.0,1152.0,1168.0,1138.0,1145.0,1137.0,1159.0,1145.0,1124.0,1123.0,9431.0,30.0,1126.0,1128.0,1137.0,1149.0,1149.0,1140.0,1149.0,1127.0,1133.0,1119.0,1147.0,1133.0,1111.0,1107.0,9399.0,33.0,1121.0,1126.0,1133.0,1149.0,1148.0,1136.0,1148.0,1126.0,1132.0,1119.0,1147.0,1131.0,1113.0,1109.0,9413.0,36.0,1127.0,1129.0,1136.0,1151.0,1151.0,1144.0,1155.0,1134.0,1137.0,1126.0,1150.0,1132.0,1114.0,1110.0,9376.0,29.0,1125.0,1131.0,1136.0,1154.0,1142.0,1133.0,1149.0,1126.0,1130.0,1120.0,1139.0,1125.0,1111.0,1102.0,9370.0,20.0,1117.0,1117.0,1125.0,1145.0,1144.0,1126.0,1144.0,1115.0,1124.0,1115.0,1135.0,1118.0,1103.0,1099.0,9423.0,25.0,1126.0,1127.0,1133.0,1156.0,1152.0,1136.0,1155.0,1124.0,1131.0,1119.0,1144.0,1133.0,1112.0,1111.0,9457.0,32.0,1128.0,1133.0,1138.0,1162.0,1154.0,1143.0,1154.0,1132.0,1136.0,1121.0,1152.0,1137.0,1116.0,1110.0,9452.0,28.0,1126.0,1138.0,1141.0,1156.0,1152.0,1135.0,1152.0,1127.0,1137.0,1118.0,1149.0,1134.0,1113.0,1109.0,9428.0,30.0,1123.0,1128.0,1135.0,1151.0,1149.0,1132.0,1151.0,1128.0,1132.0,1113.0,1147.0,1133.0,1116.0,1112.0,freqmine
26906.0,16960.0,18015.0,18388.0,18100.0,18474.0,18436.0,18143.0,18063.0,18047.0,18063.0,17912.0,18062.0,18186.0,18126.0,18101.0,9715.0,39.0,1227.0,1159.0,1193.0,1181.0,1224.0,1202.0,1205.0,1218.0,1249.0,1175.0,1207.0,1236.0,1189.0,1185.0,9611.0,35.0,1241.0,1209.0,1210.0,1217.0,1227.0,1234.0,1227.0,1230.0,1240.0,1181.0,1249.0,1233.0,1193.0,1216.0,9813.0,37.0,1187.0,1188.0,1184.0,1192.0,1233.0,1202.0,1231.0,1213.0,1239.0,1170.0,1224.0,1233.0,1196.0,1195.0,9616.0,39.0,1180.0,1170.0,1180.0,1187.0,1223.0,1190.0,1208.0,1207.0,1232.0,1170.0,1205.0,1227.0,1181.0,1190.0,9850.0,40.0,1224.0,1207.0,1217.0,1197.0,1229.0,1210.0,1235.0,1218.0,1223.0,1182.0,1240.0,1233.0,1192.0,1205.0,9813.0,34.0,1233.0,1207.0,1220.0,1195.0,1238.0,1210.0,1242.0,1275.0,1240.0,1179.0,1250.0,1232.0,1191.0,1219.0,9663.0,59.0,1223.0,1199.0,1211.0,1202.0,1241.0,1207.0,1217.0,1241.0,1245.0,1175.0,1242.0,1820.0,1202.0,1192.0,9625.0,36.0,1225.0,1181.0,1182.0,1182.0,1218.0,1190.0,1201.0,1194.0,1214.0,1165.0,1212.0,1218.0,1180.0,1186.0,9632.0,65.0,1236.0,1190.0,1213.0,1201.0,1994.0,1214.0,1222.0,1220.0,1232.0,1190.0,1220.0,1233.0,1206.0,1213.0,9590.0,39.0,1207.0,1182.0,1181.0,1183.0,1210.0,1212.0,1220.0,1197.0,1228.0,1168.0,1194.0,1225.0,1176.0,1181.0,9580.0,28.0,1177.0,1188.0,1194.0,1278.0,1208.0,1196.0,1212.0,1193.0,1227.0,1166.0,1219.0,1220.0,1176.0,1195.0,9622.0,29.0,1204.0,1194.0,1186.0,1187.0,1227.0,1191.0,1211.0,1191.0,1229.0,1159.0,1209.0,1215.0,1175.0,1202.0,9685.0,39.0,1219.0,1191.0,1219.0,1197.0,1229.0,1225.0,1244.0,1210.0,1248.0,1178.0,1232.0,1235.0,1186.0,1223.0,9676.0,37.0,1210.0,1182.0,1185.0,1197.0,1230.0,1195.0,1192.0,1201.0,1239.0,1171.0,1218.0,1232.0,1177.0,1190.0,9656.0,32.0,1246.0,1198.0,1217.0,1205.0,1224.0,1233.0,1207.0,1225.0,1264.0,1166.0,1231.0,1223.0,1176.0,1198.0,freqmine
25167.0,15952.0,16871.0,17290.0,16924.0,17360.0,17214.0,16956.0,16907.0,16893.0,16858.0,16881.0,16934.0,17009.0,16968.0,17001.0,9267.0,43.0,1095.0,1081.0,1105.0,1127.0,1057.0,1097.0,1124.0,1070.0,1092.0,1117.0,1100.0,1105.0,1090.0,1106.0,9213.0,55.0,1109.0,1108.0,1116.0,1156.0,1085.0,1105.0,1116.0,1075.0,1096.0,1135.0,1108.0,1117.0,1106.0,1128.0,9443.0,50.0,1119.0,1110.0,1123.0,1163.0,1088.0,1117.0,1131.0,1079.0,1108.0,1136.0,1114.0,1127.0,1109.0,1130.0,9243.0,53.0,1110.0,1102.0,1118.0,1155.0,1086.0,1108.0,1123.0,1078.0,1086.0,1129.0,1111.0,1124.0,1101.0,1129.0,9447.0,55.0,1119.0,1104.0,1126.0,1156.0,1093.0,1122.0,1136.0,1086.0,1106.0,1138.0,1121.0,1131.0,1111.0,1132.0,9415.0,51.0,1114.0,1111.0,1125.0,1164.0,1093.0,1120.0,1138.0,1084.0,1109.0,1140.0,1119.0,1126.0,1114.0,1133.0,9265.0,60.0,1108.0,1103.0,1118.0,1148.0,1083.0,1107.0,1122.0,1078.0,1096.0,1131.0,1113.0,1126.0,1110.0,1126.0,9228.0,56.0,1099.0,1097.0,1113.0,1147.0,1082.0,1102.0,1119.0,1074.0,1094.0,1124.0,1106.0,1114.0,1099.0,1122.0,9257.0,60.0,1108.0,1105.0,1117.0,1152.0,1088.0,1117.0,1126.0,1080.0,1100.0,1134.0,1111.0,1121.0,1105.0,1131.0,9232.0,77.0,1118.0,1111.0,1122.0,1161.0,1092.0,1122.0,1140.0,1093.0,1127.0,1154.0,1129.0,1142.0,1124.0,1137.0,9193.0,44.0,1091.0,1084.0,1098.0,1143.0,1074.0,1099.0,1111.0,1063.0,1093.0,1124.0,1099.0,1111.0,1094.0,1107.0,9244.0,49.0,1101.0,1097.0,1111.0,1147.0,1083.0,1109.0,1129.0,1073.0,1095.0,1133.0,1107.0,1115.0,1100.0,1121.0,9282.0,61.0,1107.0,1106.0,1120.0,1157.0,1089.0,1120.0,1127.0,1081.0,1110.0,1140.0,1118.0,1137.0,1111.0,1130.0,9262.0,50.0,1101.0,1104.0,1114.0,1148.0,1083.0,1108.0,1121.0,1074.0,1095.0,1130.0,1109.0,1122.0,1100.0,1120.0,9265.0,51.0,1103.0,1106.0,1119.0,1154.0,1088.0,1109.0,1123.0,1076.0,1126.0,1133.0,1119.0,1124.0,1106.0,1127.0,freqmine
25636.0,16376.0,17328.0,17796.0,17392.0,17843.0,17683.0,17382.0,17321.0,17357.0,17306.0,17286.0,17358.0,17430.0,17452.0,17407.0,9259.0,38.0,1120.0,1127.0,1119.0,1123.0,1114.0,1116.0,1110.0,1136.0,1135.0,1110.0,1097.0,1106.0,1122.0,1120.0,9178.0,33.0,1107.0,1128.0,1102.0,1137.0,1121.0,1111.0,1094.0,1119.0,1125.0,1103.0,1088.0,1093.0,1112.0,1111.0,9426.0,33.0,1119.0,1143.0,1116.0,1149.0,1133.0,1126.0,1110.0,1131.0,1141.0,1114.0,1104.0,1106.0,1128.0,1122.0,9221.0,31.0,1115.0,1129.0,1108.0,1142.0,1131.0,1120.0,1101.0,1125.0,1130.0,1108.0,1097.0,1098.0,1122.0,1113.0,9443.0,35.0,1124.0,1147.0,1123.0,1157.0,1138.0,1132.0,1119.0,1140.0,1142.0,1120.0,1108.0,1113.0,1134.0,1128.0,9366.0,29.0,1120.0,1143.0,1117.0,1155.0,1136.0,1126.0,1112.0,1140.0,1140.0,1118.0,1101.0,1108.0,1129.0,1118.0,9210.0,31.0,1111.0,1126.0,1108.0,1137.0,1123.0,1114.0,1096.0,1124.0,1125.0,1103.0,1086.0,1096.0,1118.0,1105.0,9189.0,33.0,1108.0,1124.0,1103.0,1135.0,1126.0,1112.0,1096.0,1123.0,1127.0,1101.0,1086.0,1095.0,1120.0,1106.0,9199.0,39.0,1111.0,1129.0,1107.0,1138.0,1127.0,1116.0,1102.0,1124.0,1126.0,1106.0,1087.0,1096.0,1120.0,1106.0,9164.0,30.0,1106.0,1124.0,1108.0,1142.0,1124.0,1112.0,1100.0,1118.0,1124.0,1105.0,1084.0,1093.0,1115.0,1103.0,9161.0,22.0,1099.0,1115.0,1099.0,1135.0,1118.0,1103.0,1093.0,1108.0,1118.0,1100.0,1077.0,1087.0,1108.0,1097.0,9207.0,26.0,1106.0,1125.0,1105.0,1137.0,1127.0,1113.0,1103.0,1115.0,1122.0,1105.0,1084.0,1096.0,1116.0,1109.0,9245.0,32.0,1109.0,1126.0,1110.0,1144.0,1134.0,1122.0,1104.0,1123.0,1128.0,1112.0,1094.0,1106.0,1117.0,1114.0,9253.0,29.0,1110.0,1131.0,1115.0,1140.0,1132.0,1115.0,1105.0,1123.0,1129.0,1111.0,1098.0,1100.0,1116.0,1112.0,9229.0,30.0,1107.0,1128.0,1110.0,1138.0,1131.0,1112.0,1099.0,1120.0,1127.0,1108.0,1097.0,1098.0,1116.0,1112.0,freqmine
25799.0,16479.0,17437.0,17863.0,17478.0,17938.0,17824.0,17537.0,17463.0,17495.0,17419.0,17416.0,17478.0,17575.0,17546.0,17526.0,9319.0,36.0,1131.0,1091.0,1103.0,1104.0,1140.0,1124.0,1126.0,1141.0,1137.0,1125.0,1110.0,1137.0,1128.0,1137.0,9234.0,29.0,1116.0,1091.0,1090.0,1113.0,1148.0,1114.0,1105.0,1128.0,1127.0,1120.0,1103.0,1123.0,1116.0,1129.0,9481.0,33.0,1132.0,1105.0,1103.0,1126.0,1160.0,1127.0,1120.0,1141.0,1144.0,1129.0,1118.0,1139.0,1131.0,1139.0,9281.0,29.0,1127.0,1097.0,1093.0,1115.0,1156.0,1124.0,1110.0,1134.0,1134.0,1122.0,1110.0,1130.0,1121.0,1131.0,9509.0,32.0,1131.0,1114.0,1112.0,1130.0,1166.0,1134.0,1126.0,1148.0,1144.0,1138.0,1126.0,1144.0,1135.0,1146.0,9428.0,27.0,1129.0,1109.0,1104.0,1123.0,1160.0,1128.0,1121.0,1140.0,1143.0,1131.0,1119.0,1140.0,1130.0,1138.0,9286.0,31.0,1121.0,1098.0,1096.0,1116.0,1148.0,1121.0,1108.0,1133.0,1131.0,1120.0,1110.0,1131.0,1121.0,1128.0,9256.0,34.0,1120.0,1099.0,1094.0,1118.0,1150.0,1121.0,1109.0,1133.0,1131.0,1118.0,1109.0,1128.0,1120.0,1130.0,9270.0,37.0,1123.0,1100.0,1098.0,1120.0,1151.0,1123.0,1113.0,1134.0,1135.0,1125.0,1111.0,1132.0,1121.0,1131.0,9220.0,28.0,1117.0,1093.0,1089.0,1118.0,1143.0,1116.0,1109.0,1129.0,1130.0,1118.0,1105.0,1126.0,1115.0,1125.0,9219.0,20.0,1113.0,1087.0,1085.0,1114.0,1140.0,1112.0,1106.0,1122.0,1127.0,1117.0,1102.0,1125.0,1112.0,1122.0,9261.0,24.0,1121.0,1096.0,1091.0,1121.0,1149.0,1118.0,1118.0,1129.0,1133.0,1119.0,1110.0,1134.0,1118.0,1131.0,9301.0,30.0,1121.0,1100.0,1095.0,1124.0,1156.0,1130.0,1116.0,1137.0,1138.0,1124.0,1118.0,1144.0,1126.0,1131.0,9289.0,27.0,1119.0,1103.0,1096.0,1116.0,1151.0,1120.0,1113.0,1131.0,1134.0,1119.0,1113.0,1134.0,1121.0,1126.0,9278.0,28.0,1120.0,1099.0,1092.0,1117.0,1148.0,1118.0,1111.0,1132.0,1129.0,1116.0,1112.0,1134.0,1121.0,1126.0,freqmine
482.0,370.0,317.0,343.0,338.0,347.0,301.0,331.0,345.0,325.0,305.0,314.0,3185.0,339.0,338.0,346.0,104.0,10.0,6.0,9.0,7.0,8.0,3.0,5.0,7.0,4.0,4.0,5.0,1567.0,4.0,4.0,11.0,74.0,4.0,1.0,3.0,5.0,2.0,1.0,1.0,2.0,2.0,2.0,3.0,1744.0,3.0,2.0,6.0,91.0,5.0,1.0,4.0,2.0,4.0,2.0,2.0,4.0,2.0,3.0,2.0,1655.0,1.0,2.0,7.0,88.0,4.0,3.0,8.0,7.0,9.0,5.0,7.0,7.0,3.0,7.0,5.0,1647.0,5.0,8.0,9.0,96.0,4.0,1.0,6.0,3.0,5.0,2.0,3.0,5.0,2.0,3.0,2.0,1873.0,4.0,3.0,6.0,67.0,3.0,1.0,3.0,5.0,1.0,1.0,1.0,1.0,1.0,1.0,3.0,1968.0,2.0,1.0,5.0,82.0,6.0,2.0,7.0,6.0,4.0,1.0,0.0,3.0,1.0,3.0,3.0,1698.0,2.0,4.0,5.0,93.0,2.0,3.0,3.0,3.0,3.0,2.0,4.0,2.0,3.0,4.0,5.0,1628.0,3.0,4.0,5.0,81.0,4.0,0.0,8.0,2.0,3.0,1.0,2.0,4.0,6.0,4.0,2.0,1417.0,3.0,4.0,6.0,73.0,5.0,2.0,4.0,4.0,1.0,2.0,5.0,4.0,3.0,2.0,4.0,1923.0,3.0,5.0,7.0,78.0,10.0,6.0,7.0,10.0,7.0,6.0,7.0,4.0,3.0,5.0,9.0,1911.0,4.0,8.0,8.0,63.0,2.0,3.0,1.0,3.0,1.0,1.0,2.0,2.0,2.0,1.0,2.0,1946.0,2.0,1.0,2.0,85.0,9.0,5.0,10.0,15.0,10.0,6.0,7.0,8.0,9.0,10.0,10.0,2453.0,4.0,9.0,6.0,88.0,7.0,3.0,6.0,5.0,7.0,3.0,4.0,6.0,2.0,5.0,4.0,2099.0,3.0,2.0,6.0,90.0,6.0,2.0,5.0,3.0,6.0,4.0,4.0,5.0,4.0,6.0,4.0,2292.0,2.0,4.0,7.0,freqmine
29191.0,17920.0,19667.0,19629.0,19642.0,19556.0,19540.0,19430.0,19121.0,19360.0,19234.0,19030.0,19711.0,19314.0,19759.0,19361.0,10440.0,39.0,1674.0,1294.0,1541.0,1180.0,1250.0,1284.0,1192.0,1316.0,1248.0,1168.0,1488.0,1320.0,1539.0,1310.0,10480.0,37.0,1602.0,1401.0,1553.0,1215.0,1250.0,1285.0,1208.0,1357.0,1248.0,1191.0,1529.0,1322.0,1668.0,1316.0,10623.0,42.0,1552.0,1332.0,1509.0,1197.0,1287.0,1336.0,1216.0,1352.0,1275.0,1185.0,1536.0,1321.0,1541.0,1346.0,10566.0,41.0,1564.0,1346.0,1573.0,1186.0,1259.0,1306.0,1178.0,1360.0,1279.0,1163.0,1555.0,1337.0,1525.0,1363.0,10733.0,37.0,1724.0,1393.0,1632.0,1224.0,1282.0,1293.0,1222.0,1364.0,1294.0,1199.0,1556.0,1407.0,1580.0,1339.0,10674.0,41.0,1734.0,1404.0,1620.0,1200.0,1281.0,1347.0,1228.0,1325.0,1315.0,1196.0,1471.0,1323.0,1640.0,1352.0,10517.0,43.0,1785.0,1426.0,1623.0,1198.0,1267.0,1323.0,1185.0,1390.0,1276.0,1170.0,1511.0,1350.0,1615.0,1374.0,10406.0,40.0,1651.0,1427.0,1605.0,1200.0,1285.0,1309.0,1191.0,1378.0,1254.0,1177.0,1565.0,1316.0,1550.0,1351.0,10428.0,48.0,1649.0,1363.0,1636.0,1183.0,1251.0,1332.0,1179.0,1351.0,1294.0,1170.0,1457.0,1330.0,1535.0,1274.0,10466.0,41.0,1650.0,1290.0,1554.0,1193.0,1259.0,1351.0,1184.0,1421.0,1270.0,1175.0,1525.0,1340.0,1660.0,1261.0,10395.0,25.0,1562.0,1305.0,1585.0,1207.0,1271.0,1301.0,1179.0,1421.0,1243.0,1188.0,1511.0,1331.0,1546.0,1270.0,10502.0,37.0,1702.0,1397.0,1640.0,1177.0,1290.0,1330.0,1192.0,1392.0,1272.0,1162.0,1500.0,1339.0,1561.0,1333.0,10434.0,49.0,1665.0,1392.0,1505.0,1218.0,1304.0,1316.0,1213.0,1374.0,1278.0,1194.0,1541.0,1322.0,1594.0,1292.0,10572.0,35.0,1762.0,1320.0,1548.0,1190.0,1243.0,1317.0,1177.0,1426.0,1267.0,1165.0,1488.0,1249.0,1558.0,1333.0,10535.0,43.0,1796.0,1414.0,1530.0,1212.0,1290.0,1295.0,1195.0,1433.0,1304.0,1183.0,1503.0,1292.0,1608.0,1254.0,freqmine
35135.0,21074.0,24895.0,24308.0,24338.0,21936.0,24291.0,24354.0,21773.0,24282.0,24157.0,21647.0,23964.0,24600.0,24719.0,24302.0,13992.0,37.0,3904.0,3375.0,3491.0,1114.0,3313.0,3652.0,1110.0,3609.0,3367.0,1097.0,3145.0,3394.0,3624.0,3201.0,13876.0,63.0,3791.0,3243.0,3793.0,1132.0,3621.0,3735.0,1118.0,3388.0,3461.0,1116.0,3196.0,3666.0,3498.0,3114.0,14041.0,64.0,3595.0,3370.0,3502.0,1138.0,3546.0,3744.0,1120.0,3238.0,3654.0,1115.0,3274.0,3486.0,3725.0,3173.0,13970.0,70.0,3347.0,3302.0,3528.0,1142.0,3760.0,4011.0,1124.0,3231.0,3606.0,1124.0,3489.0,3801.0,3731.0,3648.0,13994.0,51.0,3762.0,3549.0,3632.0,1130.0,3770.0,4039.0,1117.0,3483.0,3536.0,1115.0,3579.0,3609.0,3448.0,3587.0,14071.0,58.0,3792.0,3088.0,4111.0,1133.0,3751.0,4011.0,1116.0,3370.0,3485.0,1127.0,3669.0,3368.0,3677.0,3476.0,13715.0,58.0,3836.0,3099.0,3913.0,1141.0,3934.0,3924.0,1119.0,3491.0,3509.0,1127.0,3481.0,3425.0,3970.0,3337.0,13537.0,53.0,3682.0,3314.0,3779.0,1129.0,3407.0,3922.0,1108.0,3425.0,3597.0,1105.0,3564.0,3330.0,3778.0,3669.0,13387.0,64.0,3843.0,3438.0,3776.0,1132.0,3428.0,3860.0,1121.0,3401.0,3166.0,1120.0,3656.0,3540.0,3538.0,3687.0,13576.0,72.0,3810.0,3384.0,3724.0,1139.0,3584.0,4000.0,1137.0,3547.0,3566.0,1126.0,3964.0,3614.0,3532.0,3427.0,13438.0,39.0,3564.0,3341.0,3636.0,1127.0,3461.0,3956.0,1102.0,3702.0,3508.0,1109.0,3522.0,3518.0,3697.0,3243.0,13765.0,60.0,3718.0,3208.0,4195.0,1143.0,3454.0,3978.0,1122.0,3673.0,3479.0,1121.0,3718.0,3563.0,3660.0,3108.0,13869.0,62.0,3551.0,3573.0,4305.0,1149.0,3610.0,3763.0,1120.0,3684.0,3432.0,1130.0,3583.0,3636.0,3622.0,3299.0,13726.0,57.0,3644.0,3530.0,3668.0,1138.0,3789.0,3782.0,1119.0,3385.0,3265.0,1123.0,3609.0,3661.0,3665.0,3185.0,14082.0,59.0,3882.0,3664.0,3704.0,1149.0,4009.0,3903.0,1129.0,3642.0,3486.0,1130.0,3330.0,3649.0,3690.0,3401.0,freqmine
32708.0,20500.0,23960.0,23961.0,23867.0,21645.0,24000.0,23793.0,21070.0,23356.0,23286.0,21090.0,23297.0,23621.0,24066.0,23807.0,12074.0,38.0,3626.0,3455.0,3472.0,1105.0,3607.0,3420.0,1091.0,3405.0,3482.0,1084.0,3505.0,3561.0,3581.0,3444.0,11986.0,44.0,3407.0,3621.0,3372.0,1115.0,3556.0,3489.0,1083.0,3417.0,3636.0,1085.0,3542.0,3462.0,3679.0,3617.0,11935.0,50.0,3372.0,3601.0,3313.0,1123.0,3924.0,3069.0,1093.0,3465.0,3672.0,1098.0,3386.0,3452.0,3724.0,3616.0,11848.0,51.0,3264.0,3625.0,3482.0,1118.0,3630.0,3118.0,1096.0,3453.0,4282.0,1104.0,3312.0,3557.0,3609.0,3624.0,12085.0,33.0,3221.0,3828.0,3494.0,1119.0,3866.0,3356.0,1089.0,3574.0,4034.0,1093.0,3469.0,3823.0,3835.0,3896.0,11985.0,40.0,3399.0,4180.0,3278.0,1108.0,3811.0,3631.0,1089.0,3399.0,4001.0,1092.0,3546.0,3573.0,3540.0,4178.0,12250.0,47.0,3465.0,3614.0,3644.0,1126.0,3700.0,3456.0,1098.0,3340.0,3782.0,1096.0,3761.0,3383.0,3658.0,3886.0,11963.0,34.0,3212.0,3289.0,3475.0,1117.0,3972.0,3178.0,1079.0,3556.0,3653.0,1076.0,3466.0,3134.0,3558.0,3845.0,11715.0,53.0,3253.0,3345.0,3653.0,1116.0,3809.0,3277.0,1092.0,3481.0,3396.0,1101.0,3517.0,3269.0,3618.0,3963.0,11703.0,42.0,3534.0,3640.0,3657.0,1110.0,3660.0,3204.0,1088.0,3331.0,3139.0,1097.0,3602.0,3344.0,3771.0,3930.0,11710.0,23.0,3424.0,3368.0,3614.0,1112.0,3614.0,3490.0,1082.0,3255.0,3344.0,1084.0,3847.0,3383.0,3459.0,3586.0,11737.0,39.0,3287.0,3563.0,3263.0,1115.0,3290.0,3441.0,1089.0,3697.0,3497.0,1095.0,3770.0,3294.0,3582.0,3510.0,11830.0,47.0,3356.0,3275.0,3190.0,1126.0,3115.0,3433.0,1091.0,3733.0,3580.0,1104.0,3560.0,3433.0,3584.0,3394.0,11946.0,43.0,3253.0,3559.0,3634.0,1116.0,3492.0,3334.0,1089.0,3470.0,3428.0,1099.0,3482.0,3493.0,3587.0,3296.0,11907.0,43.0,3338.0,3577.0,3624.0,1108.0,3579.0,3535.0,1082.0,3390.0,3288.0,1092.0,3619.0,3487.0,3812.0,3282.0,freqmine
25660.0,17073.0,17422.0,19894.0,18001.0,18234.0,20663.0,19593.0,18038.0,20380.0,20882.0,18046.0,20279.0,20812.0,19117.0,20682.0,8558.0,36.0,600.0,3210.0,1186.0,1197.0,3819.0,2613.0,1205.0,3429.0,3811.0,1181.0,3205.0,3784.0,2270.0,3865.0,8490.0,63.0,574.0,3036.0,1280.0,1227.0,3578.0,2698.0,1226.0,3489.0,4082.0,1204.0,3022.0,3935.0,2093.0,3920.0,8441.0,40.0,576.0,3127.0,1221.0,1216.0,3747.0,2598.0,1204.0,3434.0,3660.0,1181.0,2961.0,3865.0,2072.0,3723.0,8428.0,70.0,544.0,3248.0,1145.0,1224.0,3871.0,2466.0,1232.0,3423.0,3620.0,1201.0,3139.0,3827.0,2103.0,3779.0,8571.0,37.0,547.0,3454.0,1393.0,1213.0,4253.0,2411.0,1209.0,3764.0,4201.0,1183.0,3171.0,3776.0,2141.0,3880.0,8467.0,36.0,533.0,3405.0,1236.0,1199.0,4319.0,2643.0,1200.0,3782.0,4165.0,1178.0,3175.0,3704.0,2106.0,3820.0,8497.0,46.0,588.0,3714.0,1263.0,1208.0,4111.0,2716.0,1204.0,3483.0,4476.0,1189.0,3411.0,3793.0,2126.0,4098.0,8453.0,35.0,569.0,3423.0,1284.0,1205.0,4023.0,2458.0,1195.0,3331.0,4357.0,1173.0,3282.0,3588.0,2171.0,4079.0,8454.0,43.0,612.0,3057.0,1347.0,1195.0,4022.0,2700.0,1208.0,3296.0,4335.0,1183.0,3149.0,3764.0,2080.0,3806.0,8511.0,38.0,597.0,3140.0,1508.0,1192.0,4272.0,2789.0,1201.0,3642.0,4228.0,1180.0,3361.0,3870.0,1978.0,3951.0,8452.0,24.0,622.0,3400.0,1336.0,1203.0,4143.0,2469.0,1196.0,3399.0,3921.0,1175.0,3308.0,3931.0,2160.0,3952.0,8561.0,36.0,593.0,3275.0,1305.0,1203.0,4146.0,2656.0,1207.0,3355.0,3847.0,1183.0,3278.0,3852.0,1959.0,3940.0,8530.0,39.0,549.0,3350.0,1294.0,1208.0,3824.0,2408.0,1208.0,3435.0,3977.0,1187.0,3300.0,3746.0,1904.0,3913.0,8592.0,53.0,671.0,3088.0,1214.0,1220.0,3569.0,2557.0,1227.0,3693.0,4088.0,1204.0,3404.0,3689.0,1990.0,3815.0,8609.0,46.0,602.0,3191.0,1239.0,1209.0,3595.0,2663.0,1212.0,3849.0,3878.0,1186.0,3514.0,3947.0,2088.0,3830.0,freqmine
11825.0,7789.0,7598.0,7848.0,7728.0,11238.0,9826.0,7656.0,11565.0,7819.0,9059.0,11131.0,7844.0,8303.0,7928.0,8885.0,3903.0,31.0,22.0,63.0,33.0,3592.0,2160.0,26.0,3575.0,67.0,1250.0,3456.0,70.0,514.0,114.0,976.0,3816.0,37.0,14.0,62.0,20.0,3725.0,2201.0,20.0,3328.0,61.0,1478.0,3486.0,58.0,533.0,29.0,1050.0,3928.0,57.0,33.0,76.0,44.0,3578.0,1929.0,44.0,3538.0,74.0,1510.0,3627.0,67.0,531.0,51.0,1107.0,3885.0,58.0,22.0,49.0,27.0,3519.0,2195.0,33.0,3835.0,50.0,1325.0,3642.0,54.0,501.0,49.0,982.0,3848.0,32.0,19.0,56.0,24.0,3609.0,2161.0,27.0,3761.0,61.0,1355.0,3556.0,57.0,486.0,33.0,1026.0,3850.0,21.0,12.0,36.0,18.0,3749.0,2401.0,22.0,4016.0,53.0,1216.0,3808.0,42.0,429.0,26.0,1079.0,3858.0,42.0,31.0,76.0,40.0,3855.0,2558.0,46.0,3693.0,79.0,1336.0,3623.0,72.0,412.0,55.0,1082.0,3897.0,24.0,15.0,47.0,18.0,4038.0,2392.0,24.0,3965.0,53.0,1327.0,3471.0,49.0,402.0,31.0,1097.0,3921.0,58.0,37.0,69.0,43.0,3830.0,2513.0,42.0,3778.0,75.0,1398.0,3527.0,67.0,395.0,49.0,1180.0,3911.0,36.0,20.0,45.0,21.0,3749.0,2658.0,26.0,4016.0,52.0,1462.0,3441.0,40.0,468.0,41.0,1018.0,3876.0,13.0,7.0,27.0,9.0,3751.0,2409.0,17.0,3753.0,34.0,1301.0,3543.0,28.0,400.0,25.0,1061.0,3918.0,52.0,33.0,72.0,38.0,3688.0,2590.0,41.0,3600.0,69.0,1288.0,3874.0,70.0,549.0,66.0,1150.0,3905.0,45.0,21.0,66.0,28.0,3537.0,2494.0,31.0,3594.0,64.0,1252.0,3605.0,66.0,492.0,39.0,1027.0,3977.0,66.0,26.0,63.0,38.0,3552.0,2371.0,29.0,3471.0,65.0,1383.0,3541.0,62.0,582.0,78.0,1039.0,3921.0,51.0,26.0,65.0,22.0,3771.0,2267.0,30.0,3808.0,69.0,1432.0,3408.0,58.0,546.0,46.0,1010.0,freqmine
8369.0,5571.0,5416.0,5484.0,5468.0,10960.0,5439.0,5431.0,8865.0,5506.0,5507.0,10601.0,5601.0,5654.0,5557.0,5571.0,2797.0,24.0,24.0,25.0,27.0,5398.0,30.0,23.0,3408.0,28.0,46.0,5339.0,21.0,24.0,18.0,29.0,2717.0,22.0,14.0,20.0,20.0,5379.0,27.0,16.0,3191.0,20.0,36.0,5025.0,14.0,17.0,17.0,22.0,2762.0,28.0,26.0,32.0,30.0,5622.0,29.0,25.0,3468.0,28.0,55.0,5143.0,28.0,28.0,28.0,34.0,2747.0,25.0,20.0,26.0,25.0,5450.0,32.0,24.0,3636.0,24.0,46.0,5179.0,17.0,21.0,24.0,27.0,2779.0,23.0,21.0,23.0,22.0,5423.0,30.0,22.0,3802.0,23.0,44.0,5471.0,22.0,20.0,32.0,32.0,2740.0,41.0,39.0,41.0,38.0,5499.0,48.0,42.0,3700.0,42.0,63.0,5570.0,41.0,31.0,50.0,47.0,2729.0,31.0,23.0,28.0,33.0,5493.0,30.0,23.0,3801.0,26.0,56.0,5510.0,24.0,24.0,30.0,34.0,2711.0,18.0,17.0,18.0,18.0,5242.0,30.0,17.0,3497.0,21.0,53.0,5322.0,20.0,16.0,20.0,24.0,2767.0,30.0,28.0,29.0,32.0,5495.0,35.0,30.0,3628.0,27.0,60.0,5610.0,32.0,35.0,34.0,41.0,2759.0,32.0,30.0,37.0,33.0,5762.0,38.0,36.0,3712.0,35.0,65.0,5934.0,36.0,28.0,51.0,42.0,2770.0,17.0,15.0,16.0,15.0,5236.0,25.0,15.0,4037.0,15.0,48.0,5524.0,16.0,13.0,22.0,25.0,2815.0,30.0,27.0,30.0,30.0,5666.0,28.0,29.0,3862.0,27.0,53.0,5565.0,23.0,26.0,28.0,37.0,2851.0,42.0,36.0,36.0,45.0,5573.0,39.0,34.0,3289.0,46.0,63.0,5503.0,40.0,40.0,48.0,47.0,2792.0,37.0,27.0,32.0,28.0,5495.0,30.0,27.0,3519.0,31.0,62.0,5624.0,28.0,30.0,27.0,34.0,2808.0,45.0,37.0,44.0,40.0,5405.0,51.0,43.0,3445.0,46.0,59.0,5437.0,37.0,38.0,44.0,48.0,freqmine
3743.0,2188.0,2043.0,2123.0,2107.0,3339.0,2024.0,2142.0,2135.0,2016.0,2030.0,5363.0,2123.0,2188.0,2313.0,2262.0,1294.0,17.0,44.0,40.0,47.0,959.0,35.0,47.0,56.0,35.0,33.0,2949.0,34.0,35.0,44.0,39.0,1194.0,11.0,32.0,36.0,47.0,1002.0,23.0,40.0,47.0,23.0,25.0,2968.0,28.0,30.0,45.0,33.0,1248.0,16.0,41.0,30.0,46.0,949.0,31.0,42.0,44.0,36.0,32.0,3030.0,30.0,34.0,42.0,35.0,1228.0,16.0,62.0,44.0,46.0,949.0,42.0,58.0,71.0,42.0,38.0,3171.0,47.0,41.0,61.0,53.0,1285.0,23.0,53.0,45.0,63.0,1016.0,53.0,56.0,79.0,47.0,49.0,3237.0,48.0,49.0,54.0,49.0,1208.0,21.0,41.0,30.0,49.0,1060.0,37.0,42.0,63.0,31.0,41.0,3192.0,34.0,39.0,40.0,40.0,1246.0,14.0,37.0,29.0,49.0,992.0,34.0,36.0,49.0,34.0,38.0,3163.0,37.0,34.0,50.0,34.0,1254.0,23.0,54.0,46.0,76.0,1092.0,46.0,47.0,47.0,34.0,44.0,3044.0,37.0,35.0,66.0,42.0,1189.0,16.0,32.0,39.0,41.0,937.0,28.0,38.0,50.0,29.0,35.0,3107.0,33.0,37.0,41.0,30.0,1206.0,26.0,48.0,37.0,57.0,1205.0,42.0,48.0,62.0,42.0,41.0,2964.0,38.0,44.0,60.0,44.0,1206.0,16.0,53.0,47.0,72.0,1005.0,53.0,49.0,52.0,48.0,45.0,3256.0,44.0,45.0,57.0,47.0,1255.0,18.0,59.0,40.0,49.0,1054.0,35.0,56.0,67.0,30.0,32.0,3369.0,37.0,39.0,58.0,36.0,1309.0,20.0,46.0,41.0,55.0,1148.0,41.0,48.0,51.0,37.0,37.0,3522.0,42.0,38.0,45.0,44.0,1344.0,17.0,70.0,48.0,88.0,963.0,35.0,86.0,110.0,40.0,40.0,3609.0,49.0,48.0,89.0,50.0,1344.0,20.0,70.0,43.0,63.0,961.0,37.0,55.0,67.0,40.0,37.0,3685.0,42.0,37.0,72.0,39.0,freqmine
2153.0,889.0,866.0,961.0,892.0,901.0,857.0,900.0,915.0,896.0,800.0,853.0,840.0,879.0,884.0,902.0,1300.0,9.0,16.0,14.0,16.0,16.0,12.0,14.0,11.0,15.0,19.0,19.0,12.0,16.0,13.0,14.0,1288.0,9.0,7.0,9.0,9.0,6.0,4.0,9.0,9.0,9.0,15.0,11.0,4.0,8.0,11.0,8.0,1340.0,9.0,10.0,17.0,15.0,23.0,11.0,13.0,14.0,14.0,22.0,12.0,10.0,16.0,13.0,12.0,1296.0,9.0,8.0,13.0,11.0,14.0,7.0,12.0,11.0,9.0,15.0,14.0,7.0,15.0,12.0,12.0,1305.0,11.0,11.0,10.0,16.0,12.0,12.0,15.0,11.0,14.0,22.0,14.0,10.0,16.0,12.0,14.0,1281.0,4.0,4.0,11.0,7.0,9.0,7.0,11.0,9.0,9.0,10.0,7.0,4.0,11.0,9.0,8.0,1309.0,7.0,7.0,10.0,12.0,7.0,6.0,6.0,11.0,8.0,13.0,9.0,7.0,14.0,14.0,8.0,1324.0,8.0,9.0,3.0,8.0,10.0,3.0,10.0,9.0,9.0,15.0,17.0,7.0,12.0,8.0,12.0,1299.0,8.0,5.0,9.0,10.0,10.0,5.0,8.0,7.0,9.0,14.0,15.0,6.0,12.0,11.0,7.0,1237.0,7.0,7.0,10.0,11.0,11.0,13.0,10.0,9.0,12.0,13.0,19.0,7.0,23.0,11.0,14.0,1266.0,3.0,10.0,4.0,9.0,7.0,5.0,6.0,8.0,6.0,11.0,15.0,9.0,13.0,4.0,7.0,1277.0,8.0,11.0,8.0,12.0,13.0,7.0,10.0,11.0,11.0,17.0,12.0,9.0,18.0,12.0,14.0,1302.0,8.0,14.0,16.0,18.0,12.0,15.0,17.0,16.0,19.0,30.0,18.0,17.0,19.0,18.0,17.0,1300.0,10.0,10.0,8.0,15.0,14.0,9.0,13.0,10.0,9.0,19.0,12.0,11.0,15.0,15.0,10.0,1313.0,8.0,10.0,9.0,14.0,10.0,6.0,12.0,11.0,13.0,15.0,16.0,12.0,14.0,17.0,11.0,freqmine
7296.0,4301.0,5162.0,5007.0,5011.0,5195.0,5051.0,5067.0,5012.0,4969.0,4922.0,4802.0,4939.0,4959.0,4966.0,5047.0,2927.0,15.0,676.0,747.0,743.0,799.0,812.0,670.0,731.0,765.0,680.0,646.0,758.0,694.0,747.0,785.0,2999.0,56.0,736.0,813.0,819.0,866.0,795.0,801.0,853.0,821.0,781.0,782.0,870.0,797.0,758.0,898.0,2875.0,45.0,808.0,731.0,762.0,960.0,746.0,737.0,703.0,758.0,721.0,684.0,779.0,720.0,809.0,745.0,2894.0,37.0,866.0,745.0,748.0,823.0,770.0,808.0,730.0,776.0,768.0,713.0,769.0,712.0,829.0,760.0,3013.0,51.0,852.0,780.0,815.0,842.0,871.0,791.0,807.0,752.0,772.0,768.0,802.0,771.0,758.0,808.0,3000.0,36.0,790.0,824.0,818.0,788.0,804.0,713.0,791.0,699.0,774.0,756.0,795.0,696.0,705.0,823.0,2978.0,34.0,831.0,737.0,769.0,804.0,801.0,701.0,736.0,694.0,741.0,725.0,828.0,686.0,738.0,750.0,2891.0,52.0,847.0,768.0,797.0,793.0,779.0,791.0,678.0,726.0,786.0,834.0,723.0,730.0,785.0,833.0,2982.0,47.0,785.0,713.0,800.0,758.0,827.0,699.0,719.0,640.0,844.0,684.0,746.0,738.0,718.0,772.0,2946.0,44.0,816.0,810.0,808.0,841.0,824.0,745.0,757.0,726.0,738.0,792.0,704.0,787.0,756.0,847.0,2962.0,47.0,797.0,701.0,781.0,747.0,747.0,816.0,722.0,731.0,756.0,742.0,733.0,748.0,770.0,831.0,2937.0,53.0,805.0,738.0,856.0,826.0,848.0,764.0,744.0,812.0,764.0,779.0,707.0,724.0,749.0,928.0,2843.0,42.0,746.0,792.0,792.0,783.0,827.0,684.0,716.0,749.0,753.0,740.0,720.0,713.0,726.0,769.0,2982.0,50.0,799.0,755.0,815.0,782.0,844.0,709.0,803.0,803.0,819.0,733.0,830.0,753.0,721.0,763.0,2974.0,52.0,826.0,823.0,752.0,828.0,862.0,763.0,836.0,808.0,840.0,767.0,876.0,868.0,762.0,807.0,freqmine
5056.0,2293.0,3789.0,3468.0,3552.0,3638.0,3468.0,3338.0,3554.0,3687.0,3754.0,3708.0,3600.0,3689.0,3652.0,3451.0,2701.0,14.0,1631.0,1152.0,1372.0,1368.0,1533.0,1184.0,1210.0,1570.0,1639.0,1418.0,1384.0,1378.0,1456.0,1220.0,2565.0,49.0,1566.0,1206.0,1387.0,1384.0,1635.0,1272.0,1218.0,1600.0,1639.0,1468.0,1363.0,1398.0,1410.0,1241.0,2742.0,42.0,1642.0,1162.0,1372.0,1427.0,1540.0,1243.0,1141.0,1568.0,1407.0,1363.0,1371.0,1396.0,1518.0,1203.0,2554.0,44.0,1572.0,1079.0,1379.0,1359.0,1539.0,1238.0,1142.0,1677.0,1398.0,1517.0,1349.0,1380.0,1452.0,1202.0,2653.0,42.0,1713.0,1177.0,1377.0,1366.0,1490.0,1236.0,1187.0,1627.0,1518.0,1566.0,1364.0,1426.0,1453.0,1128.0,2630.0,56.0,1768.0,1173.0,1465.0,1354.0,1501.0,1219.0,1211.0,1610.0,1624.0,1562.0,1361.0,1508.0,1451.0,1228.0,2656.0,32.0,1527.0,1192.0,1327.0,1427.0,1482.0,1256.0,1103.0,1521.0,1552.0,1433.0,1413.0,1477.0,1424.0,1104.0,2740.0,59.0,1634.0,1196.0,1467.0,1453.0,1478.0,1168.0,1176.0,1578.0,1689.0,1722.0,1405.0,1501.0,1445.0,1206.0,2692.0,60.0,1668.0,1217.0,1472.0,1547.0,1467.0,1322.0,1223.0,1574.0,1495.0,1592.0,1425.0,1491.0,1492.0,1220.0,2625.0,42.0,1662.0,1231.0,1461.0,1558.0,1618.0,1308.0,1325.0,1625.0,1605.0,1566.0,1447.0,1491.0,1499.0,1331.0,2582.0,52.0,1679.0,1247.0,1393.0,1455.0,1486.0,1236.0,1166.0,1767.0,1583.0,1465.0,1422.0,1474.0,1421.0,1199.0,2675.0,46.0,1663.0,1349.0,1419.0,1428.0,1568.0,1287.0,1347.0,1562.0,1667.0,1602.0,1418.0,1500.0,1435.0,1340.0,2645.0,44.0,1582.0,1256.0,1346.0,1366.0,1550.0,1263.0,1267.0,1528.0,1434.0,1602.0,1367.0,1418.0,1454.0,1221.0,2658.0,39.0,1563.0,1164.0,1283.0,1349.0,1414.0,1151.0,1264.0,1450.0,1582.0,1633.0,1341.0,1367.0,1373.0,1176.0,2607.0,45.0,1808.0,1234.0,1320.0,1443.0,1446.0,1219.0,1258.0,1560.0,1601.0,1498.0,1465.0,1484.0,1464.0,1212.0,freqmine
691.0,492.0,425.0,463.0,459.0,449.0,402.0,425.0,412.0,418.0,405.0,404.0,3352.0,436.0,447.0,472.0,214.0,5.0,10.0,6.0,7.0,7.0,10.0,9.0,6.0,9.0,6.0,6.0,1555.0,6.0,6.0,4.0,183.0,4.0,5.0,3.0,1.0,3.0,4.0,3.0,2.0,3.0,0.0,2.0,1929.0,2.0,3.0,2.0,198.0,4.0,8.0,3.0,8.0,6.0,7.0,7.0,4.0,4.0,3.0,5.0,1686.0,6.0,6.0,4.0,201.0,8.0,12.0,9.0,7.0,6.0,9.0,9.0,10.0,10.0,9.0,6.0,1675.0,9.0,10.0,6.0,181.0,6.0,7.0,2.0,6.0,3.0,7.0,5.0,1.0,4.0,3.0,5.0,1964.0,3.0,3.0,5.0,160.0,5.0,1.0,3.0,2.0,3.0,4.0,4.0,1.0,1.0,3.0,0.0,1974.0,2.0,2.0,1.0,179.0,4.0,5.0,3.0,2.0,3.0,6.0,7.0,4.0,4.0,3.0,4.0,1658.0,3.0,3.0,4.0,166.0,4.0,4.0,5.0,3.0,2.0,4.0,5.0,4.0,3.0,0.0,1.0,1702.0,2.0,3.0,5.0,171.0,5.0,5.0,0.0,4.0,4.0,6.0,7.0,2.0,2.0,0.0,1.0,1381.0,3.0,3.0,3.0,170.0,6.0,4.0,4.0,6.0,5.0,7.0,6.0,3.0,3.0,2.0,4.0,1993.0,4.0,4.0,4.0,175.0,11.0,9.0,13.0,10.0,6.0,8.0,9.0,9.0,11.0,10.0,8.0,1800.0,9.0,4.0,10.0,180.0,5.0,3.0,3.0,4.0,1.0,2.0,2.0,2.0,2.0,1.0,3.0,1714.0,4.0,3.0,7.0,193.0,16.0,17.0,18.0,10.0,6.0,17.0,17.0,11.0,17.0,16.0,10.0,2419.0,21.0,12.0,20.0,188.0,5.0,6.0,4.0,6.0,3.0,5.0,8.0,3.0,5.0,4.0,6.0,2111.0,7.0,8.0,4.0,205.0,8.0,8.0,8.0,6.0,5.0,7.0,8.0,7.0,5.0,3.0,3.0,2213.0,9.0,6.0,10.0,freqmine
3167.0,1599.0,2006.0,2271.0,2026.0,2756.0,2503.0,2285.0,3007.0,3121.0,2944.0,2875.0,2844.0,2494.0,3290.0,2395.0,1571.0,11.0,547.0,851.0,543.0,1370.0,1214.0,773.0,1480.0,1761.0,1601.0,1460.0,1484.0,991.0,1674.0,878.0,1424.0,41.0,595.0,785.0,572.0,1325.0,1181.0,774.0,1554.0,1713.0,1524.0,1585.0,1371.0,906.0,1638.0,947.0,1469.0,38.0,618.0,833.0,507.0,1298.0,1160.0,764.0,1543.0,1707.0,1506.0,1487.0,1333.0,897.0,1747.0,880.0,1452.0,33.0,552.0,781.0,501.0,1274.0,1073.0,743.0,1523.0,1643.0,1473.0,1508.0,1480.0,959.0,1626.0,905.0,1494.0,36.0,630.0,847.0,512.0,1149.0,1164.0,837.0,1587.0,1510.0,1452.0,1512.0,1405.0,988.0,1580.0,931.0,1500.0,31.0,589.0,779.0,513.0,1178.0,1149.0,786.0,1718.0,1526.0,1525.0,1509.0,1305.0,928.0,1557.0,998.0,1473.0,32.0,537.0,766.0,473.0,1279.0,1123.0,800.0,1714.0,1509.0,1518.0,1459.0,1332.0,944.0,1494.0,806.0,1536.0,28.0,585.0,808.0,504.0,1326.0,1050.0,782.0,1765.0,1519.0,1591.0,1560.0,1389.0,908.0,1681.0,998.0,1586.0,46.0,652.0,847.0,542.0,1281.0,1139.0,890.0,1645.0,1625.0,1550.0,1519.0,1402.0,920.0,1841.0,945.0,1504.0,30.0,598.0,856.0,565.0,1358.0,1252.0,924.0,1679.0,1807.0,1643.0,1556.0,1448.0,1001.0,1785.0,987.0,1480.0,38.0,596.0,869.0,562.0,1275.0,1225.0,894.0,1621.0,1882.0,1589.0,1451.0,1468.0,928.0,1733.0,964.0,1571.0,35.0,603.0,852.0,610.0,1321.0,1213.0,966.0,1734.0,1794.0,1736.0,1584.0,1578.0,1000.0,1857.0,1044.0,1637.0,31.0,616.0,820.0,546.0,1320.0,1136.0,960.0,1550.0,1709.0,1606.0,1545.0,1452.0,887.0,1803.0,900.0,1638.0,54.0,659.0,827.0,523.0,1308.0,1070.0,856.0,1870.0,1532.0,1641.0,1598.0,1418.0,986.0,1554.0,890.0,1520.0,35.0,715.0,889.0,592.0,1307.0,1115.0,960.0,1629.0,1665.0,1578.0,1499.0,1451.0,1011.0,1667.0,924.0,freqmine
2517.0,1083.0,1734.0,1133.0,2601.0,2140.0,2623.0,1660.0,2594.0,2116.0,2792.0,1203.0,1042.0,2708.0,1355.0,1110.0,1479.0,13.0,809.0,74.0,1560.0,1117.0,1713.0,623.0,1485.0,1258.0,1883.0,335.0,79.0,1592.0,279.0,66.0,1456.0,25.0,759.0,66.0,1469.0,1057.0,1655.0,597.0,1590.0,1228.0,1726.0,347.0,64.0,1551.0,256.0,88.0,1472.0,24.0,783.0,62.0,1552.0,1033.0,1529.0,566.0,1416.0,1162.0,1520.0,283.0,52.0,1467.0,241.0,51.0,1490.0,33.0,780.0,79.0,1570.0,1091.0,1476.0,601.0,1445.0,1232.0,1710.0,342.0,78.0,1559.0,249.0,77.0,1573.0,40.0,863.0,92.0,1560.0,1091.0,1500.0,593.0,1466.0,1163.0,1761.0,333.0,72.0,1548.0,278.0,63.0,1437.0,28.0,766.0,51.0,1583.0,1062.0,1549.0,599.0,1562.0,1108.0,1796.0,304.0,54.0,1445.0,223.0,90.0,1491.0,23.0,767.0,71.0,1488.0,1014.0,1579.0,616.0,1539.0,1160.0,1656.0,295.0,57.0,1516.0,255.0,48.0,1485.0,35.0,778.0,66.0,1673.0,1082.0,1634.0,616.0,1585.0,1216.0,1840.0,366.0,63.0,1666.0,254.0,77.0,1636.0,25.0,808.0,138.0,1666.0,1156.0,1677.0,632.0,1604.0,1294.0,1787.0,383.0,121.0,1484.0,315.0,90.0,1491.0,26.0,880.0,98.0,1721.0,1097.0,1667.0,656.0,1730.0,1228.0,1804.0,437.0,94.0,1557.0,295.0,90.0,1372.0,20.0,775.0,50.0,1574.0,1051.0,1483.0,628.0,1463.0,1229.0,1609.0,338.0,48.0,1575.0,330.0,46.0,1430.0,21.0,814.0,53.0,1591.0,1098.0,1568.0,625.0,1602.0,1315.0,1740.0,391.0,55.0,1560.0,300.0,77.0,1546.0,26.0,823.0,98.0,1533.0,1099.0,1580.0,677.0,1525.0,1208.0,1704.0,361.0,97.0,1469.0,317.0,77.0,1522.0,23.0,755.0,64.0,1588.0,1057.0,1527.0,667.0,1565.0,1188.0,1709.0,345.0,65.0,1490.0,257.0,47.0,1397.0,21.0,825.0,121.0,1624.0,1061.0,1592.0,703.0,1443.0,1232.0,1702.0,368.0,130.0,1451.0,337.0,86.0,freqmine
2560.0,890.0,1743.0,1490.0,2259.0,1329.0,2187.0,840.0,1214.0,809.0,2396.0,1752.0,849.0,2498.0,1010.0,937.0,1566.0,11.0,1023.0,606.0,1452.0,487.0,1527.0,51.0,431.0,78.0,1574.0,929.0,67.0,1498.0,73.0,87.0,1444.0,19.0,939.0,580.0,1467.0,422.0,1450.0,47.0,407.0,63.0,1533.0,926.0,48.0,1435.0,56.0,110.0,1493.0,16.0,1086.0,544.0,1374.0,425.0,1424.0,51.0,373.0,43.0,1468.0,904.0,44.0,1387.0,62.0,95.0,1468.0,22.0,1051.0,572.0,1363.0,408.0,1444.0,56.0,438.0,56.0,1426.0,974.0,53.0,1489.0,66.0,94.0,1554.0,21.0,1122.0,585.0,1369.0,408.0,1394.0,59.0,409.0,76.0,1478.0,966.0,53.0,1494.0,125.0,78.0,1545.0,28.0,1065.0,573.0,1361.0,433.0,1430.0,62.0,413.0,58.0,1594.0,918.0,36.0,1504.0,53.0,91.0,1572.0,12.0,994.0,567.0,1313.0,452.0,1405.0,65.0,407.0,60.0,1536.0,948.0,50.0,1568.0,61.0,71.0,1572.0,24.0,996.0,579.0,1399.0,416.0,1377.0,46.0,388.0,46.0,1593.0,1019.0,35.0,1617.0,41.0,85.0,1561.0,13.0,1033.0,551.0,1387.0,474.0,1335.0,75.0,456.0,103.0,1517.0,923.0,65.0,1536.0,118.0,94.0,1565.0,21.0,1105.0,620.0,1513.0,482.0,1494.0,71.0,502.0,64.0,1575.0,1076.0,57.0,1581.0,90.0,109.0,1539.0,17.0,1066.0,600.0,1391.0,477.0,1442.0,62.0,432.0,77.0,1545.0,969.0,43.0,1461.0,84.0,84.0,1647.0,16.0,1076.0,555.0,1406.0,549.0,1531.0,62.0,550.0,86.0,1653.0,1121.0,48.0,1560.0,101.0,102.0,1620.0,28.0,1077.0,595.0,1344.0,498.0,1426.0,60.0,421.0,66.0,1550.0,1050.0,72.0,1394.0,139.0,109.0,1658.0,15.0,1011.0,607.0,1403.0,467.0,1329.0,66.0,473.0,68.0,1504.0,1051.0,52.0,1420.0,62.0,105.0,1554.0,13.0,1050.0,645.0,1428.0,469.0,1510.0,57.0,442.0,70.0,1648.0,1024.0,91.0,1451.0,131.0,109.0,freqmine
1340.0,843.0,2374.0,2371.0,801.0,866.0,746.0,821.0,763.0,679.0,1520.0,2269.0,1624.0,2148.0,1566.0,2442.0,465.0,12.0,1740.0,1634.0,55.0,62.0,68.0,55.0,59.0,54.0,939.0,1594.0,1013.0,1302.0,770.0,1585.0,368.0,24.0,1662.0,1662.0,56.0,54.0,59.0,35.0,49.0,41.0,878.0,1680.0,925.0,1234.0,751.0,1672.0,445.0,24.0,1786.0,1660.0,59.0,54.0,57.0,41.0,37.0,29.0,761.0,1656.0,937.0,1207.0,717.0,1602.0,419.0,17.0,1634.0,1589.0,46.0,48.0,45.0,44.0,37.0,51.0,773.0,1673.0,952.0,1155.0,650.0,1503.0,442.0,22.0,1712.0,1624.0,56.0,59.0,51.0,56.0,43.0,61.0,817.0,1551.0,966.0,1251.0,791.0,1475.0,389.0,17.0,1906.0,1724.0,52.0,41.0,43.0,33.0,44.0,25.0,852.0,1538.0,917.0,1284.0,737.0,1625.0,427.0,17.0,1668.0,1623.0,39.0,43.0,63.0,63.0,38.0,41.0,867.0,1514.0,869.0,1260.0,824.0,1569.0,417.0,16.0,1649.0,1597.0,48.0,36.0,73.0,29.0,32.0,22.0,923.0,1614.0,833.0,1224.0,655.0,1679.0,362.0,20.0,1701.0,1560.0,71.0,67.0,70.0,89.0,63.0,72.0,807.0,1465.0,813.0,1190.0,690.0,1555.0,364.0,15.0,1818.0,1569.0,71.0,66.0,68.0,46.0,53.0,39.0,901.0,1578.0,875.0,1312.0,763.0,1763.0,365.0,23.0,1805.0,1546.0,50.0,79.0,64.0,79.0,30.0,46.0,845.0,1459.0,917.0,1219.0,799.0,1604.0,404.0,28.0,1784.0,1741.0,59.0,90.0,84.0,81.0,52.0,78.0,859.0,1607.0,972.0,1345.0,716.0,1699.0,461.0,27.0,1586.0,1722.0,68.0,73.0,68.0,73.0,60.0,50.0,813.0,1506.0,954.0,1250.0,779.0,1613.0,454.0,19.0,1595.0,1529.0,62.0,47.0,56.0,46.0,55.0,43.0,843.0,1435.0,958.0,1288.0,659.0,1595.0,439.0,18.0,1803.0,1751.0,83.0,71.0,72.0,58.0,60.0,53.0,908.0,1656.0,965.0,1338.0,734.0,1653.0,freqmine
1381.0,947.0,1988.0,2177.0,1874.0,940.0,749.0,842.0,1210.0,858.0,2255.0,2265.0,2471.0,2550.0,2472.0,2477.0,520.0,9.0,1407.0,1442.0,1126.0,69.0,63.0,50.0,452.0,70.0,1514.0,1473.0,1817.0,1607.0,1680.0,1515.0,405.0,27.0,1255.0,1352.0,1146.0,36.0,41.0,58.0,464.0,56.0,1472.0,1611.0,1748.0,1626.0,1596.0,1557.0,461.0,21.0,1348.0,1437.0,1117.0,42.0,32.0,41.0,440.0,45.0,1408.0,1506.0,1882.0,1601.0,1632.0,1572.0,451.0,24.0,1310.0,1340.0,1061.0,38.0,32.0,51.0,452.0,60.0,1447.0,1476.0,1705.0,1534.0,1522.0,1484.0,484.0,20.0,1330.0,1368.0,1075.0,34.0,36.0,50.0,384.0,47.0,1456.0,1409.0,1635.0,1595.0,1576.0,1464.0,402.0,12.0,1329.0,1523.0,1085.0,44.0,29.0,30.0,415.0,38.0,1536.0,1524.0,1740.0,1734.0,1518.0,1457.0,430.0,15.0,1230.0,1561.0,1087.0,25.0,37.0,55.0,392.0,41.0,1419.0,1517.0,1699.0,1686.0,1525.0,1404.0,436.0,21.0,1317.0,1530.0,1013.0,37.0,34.0,42.0,387.0,39.0,1499.0,1547.0,1619.0,1661.0,1472.0,1537.0,461.0,17.0,1257.0,1406.0,1070.0,70.0,58.0,77.0,432.0,161.0,1444.0,1452.0,1533.0,1563.0,1448.0,1420.0,419.0,21.0,1319.0,1519.0,1164.0,46.0,59.0,47.0,450.0,55.0,1428.0,1559.0,1685.0,1614.0,1545.0,1561.0,404.0,16.0,1307.0,1410.0,1091.0,47.0,41.0,51.0,401.0,46.0,1397.0,1435.0,1704.0,1573.0,1469.0,1501.0,455.0,22.0,1354.0,1457.0,1113.0,65.0,62.0,92.0,436.0,87.0,1559.0,1527.0,1812.0,1712.0,1565.0,1598.0,509.0,32.0,1453.0,1457.0,1132.0,79.0,40.0,70.0,426.0,75.0,1496.0,1591.0,1682.0,1625.0,1737.0,1504.0,507.0,26.0,1387.0,1353.0,1133.0,48.0,51.0,73.0,453.0,52.0,1464.0,1534.0,1764.0,1605.0,1526.0,1477.0,486.0,22.0,1408.0,1534.0,1094.0,77.0,77.0,77.0,504.0,93.0,1592.0,1550.0,1753.0,1604.0,1664.0,1559.0,freqmine
1689.0,1059.0,2562.0,2427.0,2626.0,1043.0,2191.0,1066.0,2228.0,1279.0,2131.0,2428.0,2530.0,2802.0,2764.0,2554.0,568.0,9.0,1646.0,1369.0,1643.0,72.0,1373.0,104.0,1263.0,371.0,1155.0,1443.0,1534.0,1672.0,1630.0,1491.0,505.0,44.0,1555.0,1287.0,1647.0,51.0,1421.0,116.0,1287.0,376.0,1257.0,1683.0,1454.0,1659.0,1500.0,1521.0,588.0,38.0,1667.0,1429.0,1643.0,61.0,1358.0,100.0,1282.0,351.0,1224.0,1589.0,1598.0,1645.0,1686.0,1587.0,525.0,27.0,1662.0,1411.0,1571.0,50.0,1364.0,93.0,1364.0,319.0,1188.0,1535.0,1532.0,1500.0,1649.0,1414.0,523.0,23.0,1605.0,1357.0,1433.0,44.0,1306.0,90.0,1312.0,335.0,1188.0,1521.0,1554.0,1626.0,1659.0,1368.0,503.0,19.0,1653.0,1415.0,1482.0,63.0,1362.0,94.0,1353.0,355.0,1231.0,1656.0,1581.0,1637.0,1594.0,1533.0,536.0,28.0,1487.0,1470.0,1525.0,56.0,1260.0,123.0,1186.0,340.0,1197.0,1589.0,1571.0,1719.0,1538.0,1452.0,531.0,36.0,1533.0,1467.0,1589.0,45.0,1180.0,112.0,1289.0,318.0,1276.0,1693.0,1556.0,1745.0,1520.0,1550.0,520.0,30.0,1544.0,1362.0,1621.0,66.0,1230.0,102.0,1320.0,387.0,1165.0,1499.0,1463.0,1566.0,1615.0,1453.0,534.0,29.0,1530.0,1342.0,1603.0,71.0,1295.0,107.0,1391.0,401.0,1317.0,1789.0,1575.0,1641.0,1663.0,1617.0,489.0,36.0,1607.0,1400.0,1664.0,74.0,1417.0,106.0,1292.0,369.0,1192.0,1674.0,1587.0,1689.0,1597.0,1681.0,560.0,32.0,1668.0,1436.0,1668.0,98.0,1430.0,122.0,1488.0,387.0,1314.0,1733.0,1691.0,1740.0,1685.0,1621.0,580.0,37.0,1677.0,1493.0,1536.0,80.0,1490.0,126.0,1449.0,370.0,1267.0,1776.0,1547.0,1618.0,1815.0,1578.0,592.0,36.0,1763.0,1334.0,1497.0,52.0,1333.0,111.0,1316.0,339.0,1309.0,1629.0,1470.0,1645.0,1698.0,1532.0,576.0,34.0,1817.0,1512.0,1612.0,67.0,1349.0,127.0,1323.0,376.0,1283.0,1635.0,1669.0,1731.0,1789.0,1537.0,freqmine
2242.0,1538.0,2713.0,2835.0,3068.0,1417.0,3067.0,2993.0,2988.0,2906.0,2959.0,3120.0,3295.0,3206.0,3521.0,1986.0,793.0,9.0,1452.0,1450.0,1661.0,62.0,1881.0,1663.0,1453.0,1690.0,1568.0,1821.0,1878.0,1648.0,2149.0,485.0,687.0,70.0,1406.0,1453.0,1649.0,76.0,1766.0,1621.0,1595.0,1564.0,1741.0,1760.0,1852.0,1592.0,2078.0,599.0,773.0,48.0,1447.0,1528.0,1786.0,56.0,1753.0,1599.0,1502.0,1732.0,1741.0,1749.0,1823.0,1574.0,2083.0,594.0,742.0,62.0,1438.0,1531.0,1687.0,76.0,1785.0,1538.0,1620.0,1762.0,1655.0,1885.0,1841.0,1588.0,2085.0,575.0,734.0,46.0,1363.0,1417.0,1577.0,58.0,1685.0,1477.0,1595.0,1530.0,1496.0,1785.0,1915.0,1591.0,2186.0,498.0,718.0,61.0,1462.0,1463.0,1670.0,66.0,1860.0,1542.0,1620.0,1605.0,1718.0,1791.0,1925.0,1567.0,2085.0,607.0,739.0,45.0,1393.0,1439.0,1681.0,53.0,1848.0,1504.0,1519.0,1477.0,1617.0,1725.0,1855.0,1657.0,2003.0,549.0,766.0,58.0,1292.0,1384.0,1800.0,63.0,1663.0,1452.0,1601.0,1495.0,1709.0,1871.0,1833.0,1549.0,2022.0,562.0,753.0,56.0,1414.0,1436.0,1755.0,74.0,1751.0,1474.0,1618.0,1556.0,1690.0,1782.0,1825.0,1498.0,1972.0,471.0,719.0,64.0,1554.0,1467.0,1797.0,90.0,1983.0,1492.0,1697.0,1618.0,1784.0,1819.0,2023.0,1546.0,2103.0,563.0,756.0,59.0,1503.0,1408.0,1812.0,103.0,1992.0,1481.0,1603.0,1696.0,1723.0,1688.0,1894.0,1570.0,1978.0,530.0,784.0,61.0,1569.0,1517.0,1790.0,111.0,2078.0,1527.0,1674.0,1705.0,1800.0,1774.0,1899.0,1644.0,2038.0,612.0,835.0,63.0,1543.0,1534.0,1765.0,85.0,1976.0,1612.0,1567.0,1761.0,1724.0,1921.0,1732.0,1575.0,2078.0,570.0,808.0,75.0,1585.0,1532.0,1663.0,77.0,1857.0,1677.0,1572.0,1618.0,1730.0,1800.0,1770.0,1560.0,2108.0,583.0,768.0,41.0,1556.0,1557.0,1782.0,77.0,1890.0,1739.0,1586.0,1692.0,1729.0,1743.0,1948.0,1677.0,2219.0,579.0,freqmine
3127.0,1551.0,2822.0,3064.0,3225.0,1494.0,3014.0,2933.0,2944.0,2815.0,3016.0,3262.0,3042.0,3307.0,3267.0,1504.0,1703.0,15.0,1469.0,1633.0,1848.0,55.0,1741.0,1562.0,1596.0,1478.0,1658.0,1875.0,1643.0,1792.0,1913.0,49.0,1589.0,68.0,1417.0,1519.0,1821.0,79.0,1656.0,1611.0,1620.0,1408.0,1686.0,1753.0,1651.0,1607.0,1841.0,98.0,1702.0,75.0,1493.0,1655.0,1843.0,83.0,1767.0,1611.0,1503.0,1526.0,1670.0,1830.0,1677.0,1645.0,1934.0,86.0,1681.0,76.0,1506.0,1614.0,1733.0,81.0,1647.0,1610.0,1500.0,1433.0,1687.0,1866.0,1776.0,1622.0,1852.0,111.0,1716.0,55.0,1419.0,1535.0,1697.0,54.0,1529.0,1408.0,1462.0,1323.0,1539.0,1751.0,1572.0,1598.0,1761.0,57.0,1616.0,72.0,1534.0,1637.0,1770.0,67.0,1748.0,1614.0,1522.0,1422.0,1691.0,1849.0,1571.0,1663.0,1748.0,79.0,1683.0,71.0,1449.0,1661.0,1769.0,73.0,1711.0,1651.0,1633.0,1317.0,1572.0,1697.0,1584.0,1756.0,1798.0,70.0,1671.0,82.0,1482.0,1983.0,1791.0,87.0,1706.0,1583.0,1609.0,1377.0,1732.0,1956.0,1603.0,1673.0,1716.0,103.0,1772.0,60.0,1662.0,1588.0,1808.0,81.0,1595.0,1503.0,1587.0,1415.0,1692.0,1709.0,1576.0,1657.0,1706.0,71.0,1636.0,67.0,1619.0,1599.0,1807.0,95.0,1749.0,1537.0,1621.0,1488.0,1680.0,1826.0,1699.0,1757.0,1886.0,91.0,1611.0,79.0,1643.0,1732.0,1759.0,91.0,1825.0,1615.0,1540.0,1604.0,1727.0,1806.0,1685.0,1693.0,1957.0,93.0,1690.0,70.0,1554.0,1763.0,1894.0,101.0,1879.0,1771.0,1811.0,1561.0,1828.0,2010.0,1637.0,1820.0,2011.0,92.0,1719.0,72.0,1625.0,1783.0,1911.0,93.0,1740.0,1695.0,1678.0,1506.0,1725.0,1982.0,1678.0,1655.0,2070.0,88.0,1756.0,80.0,1653.0,1505.0,1912.0,84.0,1761.0,1702.0,1644.0,1477.0,1670.0,1997.0,1623.0,1770.0,1781.0,98.0,1653.0,60.0,1690.0,1756.0,2123.0,92.0,1760.0,1694.0,1630.0,1608.0,1790.0,1949.0,1644.0,1657.0,1939.0,93.0,freqmine
2493.0,1485.0,2763.0,2907.0,2876.0,1707.0,2731.0,2861.0,2783.0,3018.0,2170.0,2897.0,2679.0,2901.0,3072.0,2970.0,987.0,15.0,1487.0,1517.0,1350.0,325.0,1512.0,1593.0,1426.0,1677.0,783.0,1583.0,1424.0,1432.0,1527.0,1527.0,905.0,69.0,1416.0,1478.0,1417.0,350.0,1465.0,1558.0,1484.0,1751.0,806.0,1500.0,1451.0,1403.0,1551.0,1514.0,942.0,60.0,1508.0,1566.0,1474.0,334.0,1448.0,1540.0,1426.0,1836.0,789.0,1525.0,1471.0,1353.0,1630.0,1477.0,953.0,64.0,1508.0,1483.0,1416.0,301.0,1488.0,1560.0,1565.0,1759.0,806.0,1590.0,1584.0,1405.0,1603.0,1546.0,913.0,41.0,1387.0,1513.0,1446.0,301.0,1399.0,1492.0,1472.0,1645.0,746.0,1533.0,1416.0,1428.0,1643.0,1441.0,902.0,63.0,1511.0,1419.0,1498.0,324.0,1533.0,1526.0,1572.0,1616.0,782.0,1671.0,1360.0,1408.0,1598.0,1595.0,906.0,55.0,1473.0,1498.0,1401.0,348.0,1593.0,1515.0,1536.0,1624.0,780.0,1646.0,1450.0,1469.0,1529.0,1530.0,964.0,73.0,1459.0,1512.0,1342.0,359.0,1469.0,1521.0,1478.0,1693.0,799.0,1617.0,1445.0,1476.0,1524.0,1443.0,977.0,64.0,1518.0,1506.0,1418.0,339.0,1411.0,1490.0,1448.0,1716.0,761.0,1522.0,1581.0,1387.0,1670.0,1519.0,920.0,60.0,1464.0,1592.0,1506.0,344.0,1522.0,1472.0,1535.0,1710.0,835.0,1554.0,1481.0,1531.0,1694.0,1559.0,929.0,70.0,1472.0,1556.0,1495.0,342.0,1484.0,1487.0,1495.0,1687.0,838.0,1504.0,1469.0,1555.0,1689.0,1481.0,938.0,62.0,1621.0,1628.0,1533.0,366.0,1552.0,1554.0,1649.0,1735.0,846.0,1552.0,1596.0,1626.0,1631.0,1634.0,1013.0,75.0,1553.0,1623.0,1458.0,339.0,1587.0,1653.0,1492.0,1692.0,765.0,1531.0,1589.0,1471.0,1716.0,1604.0,1027.0,75.0,1580.0,1511.0,1519.0,306.0,1581.0,1544.0,1589.0,1638.0,879.0,1612.0,1455.0,1443.0,1625.0,1585.0,1013.0,55.0,1689.0,1601.0,1669.0,366.0,1581.0,1671.0,1554.0,1831.0,846.0,1647.0,1562.0,1448.0,1736.0,1643.0,freqmine
3627.0,1477.0,2858.0,3033.0,2407.0,3237.0,1886.0,1758.0,2322.0,3103.0,1987.0,2842.0,2429.0,1811.0,2948.0,1749.0,1988.0,11.0,1564.0,1500.0,980.0,1955.0,564.0,355.0,962.0,1704.0,662.0,1542.0,954.0,307.0,1475.0,239.0,1915.0,67.0,1341.0,1386.0,943.0,1775.0,535.0,376.0,995.0,1610.0,653.0,1607.0,912.0,331.0,1486.0,317.0,1909.0,68.0,1461.0,1471.0,1045.0,1795.0,581.0,363.0,923.0,1811.0,710.0,1584.0,954.0,314.0,1518.0,271.0,1916.0,70.0,1466.0,1491.0,1020.0,1771.0,587.0,401.0,994.0,1819.0,774.0,1512.0,884.0,333.0,1443.0,314.0,1891.0,38.0,1511.0,1526.0,1009.0,1539.0,538.0,382.0,971.0,1819.0,797.0,1479.0,943.0,364.0,1525.0,286.0,1931.0,58.0,1530.0,1475.0,1019.0,1609.0,628.0,406.0,1038.0,1656.0,817.0,1377.0,941.0,364.0,1436.0,319.0,1939.0,64.0,1440.0,1606.0,1010.0,1661.0,598.0,416.0,997.0,1778.0,765.0,1486.0,948.0,372.0,1425.0,369.0,1953.0,64.0,1421.0,1460.0,1001.0,1697.0,593.0,419.0,946.0,1575.0,792.0,1496.0,1001.0,360.0,1337.0,311.0,1954.0,65.0,1626.0,1483.0,955.0,1693.0,650.0,456.0,1003.0,1600.0,739.0,1490.0,1001.0,349.0,1592.0,327.0,1933.0,57.0,1444.0,1506.0,1064.0,1677.0,571.0,433.0,1053.0,1742.0,767.0,1538.0,972.0,372.0,1526.0,348.0,1888.0,62.0,1644.0,1512.0,994.0,1780.0,548.0,402.0,883.0,1781.0,759.0,1434.0,958.0,317.0,1607.0,307.0,1954.0,54.0,1616.0,1552.0,1066.0,1770.0,620.0,404.0,1005.0,1653.0,757.0,1528.0,1002.0,368.0,1535.0,337.0,1969.0,66.0,1635.0,1527.0,1044.0,1842.0,627.0,442.0,969.0,1704.0,779.0,1547.0,1039.0,401.0,1582.0,317.0,1965.0,66.0,1639.0,1569.0,1034.0,1693.0,587.0,425.0,926.0,1737.0,751.0,1555.0,964.0,380.0,1498.0,323.0,2004.0,53.0,1781.0,1715.0,1063.0,1795.0,594.0,551.0,1132.0,1770.0,795.0,1558.0,1104.0,416.0,1604.0,350.0,freqmine
621.0,442.0,394.0,417.0,392.0,416.0,386.0,445.0,400.0,396.0,368.0,377.0,3296.0,416.0,461.0,445.0,178.0,4.0,3.0,6.0,6.0,4.0,3.0,15.0,4.0,2.0,3.0,4.0,1609.0,5.0,7.0,7.0,150.0,3.0,1.0,2.0,4.0,2.0,1.0,16.0,1.0,0.0,1.0,2.0,1898.0,2.0,5.0,3.0,174.0,6.0,0.0,8.0,2.0,3.0,1.0,16.0,1.0,4.0,1.0,4.0,1713.0,3.0,11.0,7.0,158.0,5.0,1.0,1.0,4.0,4.0,4.0,27.0,3.0,2.0,4.0,3.0,1761.0,2.0,7.0,5.0,169.0,4.0,1.0,4.0,2.0,5.0,2.0,16.0,4.0,3.0,1.0,2.0,2044.0,5.0,10.0,6.0,148.0,3.0,3.0,2.0,4.0,2.0,1.0,15.0,4.0,3.0,2.0,4.0,1985.0,4.0,4.0,5.0,150.0,5.0,1.0,2.0,5.0,3.0,1.0,12.0,6.0,3.0,4.0,3.0,1910.0,6.0,6.0,6.0,154.0,4.0,2.0,2.0,4.0,3.0,4.0,12.0,2.0,3.0,3.0,2.0,1758.0,3.0,8.0,2.0,157.0,2.0,1.0,2.0,3.0,4.0,1.0,12.0,2.0,1.0,3.0,4.0,1519.0,3.0,7.0,3.0,139.0,3.0,2.0,2.0,3.0,1.0,2.0,11.0,3.0,3.0,1.0,2.0,2114.0,4.0,6.0,2.0,140.0,3.0,1.0,3.0,3.0,3.0,2.0,10.0,2.0,2.0,1.0,2.0,1886.0,3.0,6.0,5.0,161.0,3.0,1.0,1.0,2.0,2.0,2.0,19.0,1.0,1.0,1.0,1.0,1957.0,1.0,3.0,4.0,163.0,4.0,4.0,5.0,6.0,9.0,2.0,12.0,4.0,2.0,5.0,4.0,2429.0,3.0,6.0,3.0,218.0,4.0,3.0,3.0,7.0,6.0,3.0,31.0,7.0,3.0,4.0,5.0,2123.0,4.0,5.0,7.0,192.0,5.0,3.0,5.0,5.0,5.0,4.0,34.0,2.0,4.0,3.0,4.0,2431.0,1.0,10.0,3.0,freqmine
3311.0,1285.0,2317.0,2767.0,2763.0,2370.0,2384.0,1247.0,2000.0,2706.0,1392.0,2529.0,2631.0,1353.0,2612.0,1268.0,2071.0,11.0,1252.0,1581.0,1482.0,1178.0,1298.0,40.0,880.0,1612.0,320.0,1339.0,1627.0,45.0,1402.0,34.0,2032.0,57.0,1182.0,1526.0,1464.0,1170.0,1282.0,65.0,844.0,1636.0,306.0,1413.0,1507.0,97.0,1458.0,85.0,2068.0,73.0,1212.0,1561.0,1566.0,1214.0,1281.0,71.0,866.0,1690.0,370.0,1345.0,1526.0,78.0,1495.0,71.0,2050.0,60.0,1159.0,1527.0,1404.0,1156.0,1230.0,75.0,836.0,1584.0,351.0,1402.0,1530.0,110.0,1417.0,80.0,1970.0,57.0,1194.0,1591.0,1495.0,1082.0,1213.0,60.0,767.0,1543.0,330.0,1377.0,1369.0,66.0,1446.0,57.0,2079.0,63.0,1105.0,1515.0,1515.0,1100.0,1297.0,77.0,886.0,1565.0,378.0,1376.0,1420.0,107.0,1487.0,74.0,2079.0,55.0,1088.0,1496.0,1510.0,1112.0,1303.0,115.0,810.0,1492.0,340.0,1333.0,1529.0,100.0,1384.0,61.0,2139.0,62.0,1085.0,1462.0,1544.0,1139.0,1289.0,66.0,805.0,1515.0,380.0,1392.0,1512.0,90.0,1368.0,82.0,2099.0,62.0,1146.0,1518.0,1600.0,1158.0,1308.0,77.0,917.0,1640.0,356.0,1342.0,1555.0,85.0,1489.0,81.0,2032.0,61.0,1148.0,1650.0,1614.0,1155.0,1425.0,76.0,990.0,1555.0,424.0,1574.0,1532.0,103.0,1436.0,66.0,1983.0,61.0,1152.0,1636.0,1629.0,1165.0,1395.0,68.0,883.0,1747.0,383.0,1428.0,1577.0,81.0,1435.0,73.0,2061.0,58.0,1154.0,1491.0,1642.0,1148.0,1425.0,82.0,944.0,1666.0,370.0,1502.0,1558.0,99.0,1501.0,71.0,2076.0,58.0,1221.0,1593.0,1467.0,1204.0,1417.0,85.0,880.0,1594.0,404.0,1447.0,1498.0,102.0,1589.0,90.0,2073.0,70.0,1215.0,1549.0,1688.0,1206.0,1328.0,81.0,888.0,1572.0,424.0,1572.0,1520.0,100.0,1406.0,82.0,2159.0,52.0,1308.0,1692.0,1652.0,1187.0,1383.0,91.0,908.0,1751.0,389.0,1538.0,1584.0,102.0,1424.0,71.0,freqmine
4728.0,1978.0,2515.0,3384.0,3091.0,3324.0,3160.0,2780.0,3552.0,3357.0,2871.0,2656.0,3076.0,1982.0,3768.0,2037.0,2391.0,15.0,729.0,1426.0,1215.0,1335.0,1445.0,913.0,1602.0,1513.0,1231.0,837.0,1178.0,43.0,1602.0,41.0,2383.0,91.0,898.0,1362.0,1330.0,1224.0,1548.0,918.0,1616.0,1545.0,1241.0,934.0,1203.0,106.0,1723.0,153.0,2453.0,109.0,954.0,1400.0,1269.0,1309.0,1537.0,980.0,1541.0,1534.0,1322.0,968.0,1186.0,105.0,1803.0,138.0,2385.0,100.0,872.0,1356.0,1239.0,1327.0,1471.0,981.0,1516.0,1576.0,1242.0,958.0,1291.0,118.0,1605.0,145.0,2446.0,83.0,812.0,1404.0,1248.0,1370.0,1399.0,998.0,1495.0,1573.0,1229.0,920.0,1212.0,87.0,1604.0,120.0,2493.0,103.0,847.0,1402.0,1248.0,1376.0,1425.0,907.0,1577.0,1450.0,1213.0,935.0,1226.0,99.0,1630.0,150.0,2334.0,72.0,785.0,1385.0,1193.0,1288.0,1424.0,956.0,1504.0,1536.0,1175.0,917.0,1152.0,87.0,1558.0,105.0,2506.0,84.0,812.0,1416.0,1195.0,1413.0,1459.0,999.0,1666.0,1528.0,1216.0,1012.0,1127.0,103.0,1579.0,131.0,2529.0,104.0,869.0,1434.0,1289.0,1410.0,1450.0,1094.0,1585.0,1628.0,1255.0,964.0,1263.0,92.0,1719.0,144.0,2513.0,92.0,949.0,1476.0,1316.0,1420.0,1482.0,995.0,1789.0,1496.0,1286.0,1024.0,1312.0,138.0,1751.0,143.0,2476.0,117.0,1047.0,1445.0,1313.0,1439.0,1600.0,1016.0,1685.0,1679.0,1303.0,1011.0,1324.0,118.0,1728.0,127.0,2593.0,102.0,909.0,1366.0,1428.0,1402.0,1538.0,966.0,1641.0,1549.0,1336.0,1003.0,1317.0,122.0,1708.0,150.0,2418.0,84.0,1017.0,1448.0,1305.0,1435.0,1465.0,1052.0,1658.0,1467.0,1250.0,992.0,1176.0,113.0,1817.0,135.0,2614.0,109.0,971.0,1350.0,1342.0,1272.0,1410.0,909.0,1632.0,1389.0,1327.0,1017.0,1279.0,127.0,1608.0,144.0,2600.0,81.0,926.0,1664.0,1414.0,1409.0,1509.0,1018.0,1851.0,1656.0,1372.0,975.0,1387.0,123.0,1791.0,126.0,freqmine
1457.0,690.0,747.0,869.0,734.0,849.0,734.0,819.0,1667.0,739.0,703.0,723.0,658.0,679.0,1626.0,704.0,567.0,9.0,75.0,78.0,24.0,79.0,77.0,73.0,887.0,74.0,65.0,69.0,22.0,35.0,892.0,38.0,643.0,34.0,99.0,116.0,59.0,110.0,102.0,93.0,901.0,98.0,94.0,95.0,56.0,49.0,933.0,67.0,674.0,40.0,101.0,101.0,59.0,102.0,135.0,93.0,872.0,95.0,94.0,92.0,62.0,45.0,937.0,63.0,670.0,42.0,125.0,119.0,71.0,127.0,116.0,110.0,846.0,111.0,131.0,109.0,80.0,48.0,840.0,74.0,647.0,35.0,125.0,101.0,59.0,94.0,100.0,101.0,892.0,101.0,86.0,89.0,56.0,43.0,895.0,56.0,596.0,32.0,84.0,96.0,53.0,90.0,82.0,89.0,857.0,92.0,87.0,109.0,55.0,35.0,817.0,51.0,567.0,30.0,91.0,87.0,52.0,133.0,77.0,65.0,844.0,87.0,71.0,74.0,51.0,47.0,839.0,54.0,611.0,34.0,88.0,97.0,54.0,87.0,90.0,86.0,937.0,88.0,83.0,88.0,48.0,40.0,801.0,62.0,599.0,33.0,100.0,109.0,67.0,107.0,103.0,91.0,924.0,95.0,104.0,100.0,63.0,42.0,936.0,74.0,570.0,32.0,94.0,122.0,53.0,92.0,85.0,79.0,1027.0,85.0,73.0,91.0,62.0,59.0,923.0,84.0,576.0,34.0,82.0,79.0,55.0,76.0,69.0,72.0,885.0,96.0,68.0,71.0,57.0,44.0,864.0,55.0,639.0,28.0,128.0,131.0,60.0,138.0,134.0,122.0,855.0,126.0,121.0,111.0,61.0,49.0,785.0,84.0,607.0,32.0,101.0,106.0,44.0,107.0,94.0,93.0,899.0,90.0,82.0,97.0,45.0,53.0,905.0,62.0,678.0,33.0,172.0,162.0,93.0,165.0,148.0,157.0,851.0,151.0,138.0,148.0,74.0,47.0,781.0,54.0,656.0,29.0,126.0,147.0,64.0,126.0,139.0,124.0,948.0,133.0,114.0,119.0,65.0,62.0,875.0,55.0,freqmine
126.0,32.0,40.0,53.0,49.0,58.0,37.0,64.0,98.0,79.0,33.0,63.0,50.0,157.0,128.0,97.0,37.0,2.0,3.0,1.0,3.0,1.0,1.0,4.0,29.0,4.0,1.0,2.0,3.0,60.0,25.0,31.0,37.0,4.0,3.0,5.0,3.0,4.0,2.0,3.0,23.0,6.0,1.0,3.0,3.0,48.0,19.0,25.0,43.0,3.0,10.0,5.0,3.0,13.0,3.0,3.0,34.0,5.0,3.0,4.0,6.0,31.0,27.0,10.0,40.0,4.0,7.0,10.0,5.0,4.0,3.0,5.0,48.0,5.0,1.0,6.0,5.0,40.0,41.0,29.0,46.0,3.0,4.0,5.0,4.0,2.0,0.0,3.0,23.0,5.0,3.0,3.0,3.0,66.0,23.0,9.0,34.0,3.0,3.0,8.0,3.0,6.0,1.0,2.0,31.0,3.0,2.0,3.0,3.0,33.0,22.0,15.0,41.0,4.0,6.0,7.0,5.0,6.0,4.0,3.0,24.0,4.0,1.0,3.0,3.0,53.0,21.0,9.0,48.0,2.0,2.0,5.0,2.0,3.0,4.0,2.0,25.0,5.0,3.0,5.0,4.0,50.0,40.0,23.0,57.0,4.0,7.0,9.0,5.0,6.0,5.0,6.0,34.0,4.0,3.0,4.0,5.0,48.0,32.0,22.0,28.0,2.0,4.0,6.0,4.0,4.0,4.0,4.0,24.0,5.0,0.0,2.0,3.0,55.0,33.0,23.0,40.0,4.0,4.0,8.0,5.0,6.0,4.0,5.0,17.0,6.0,3.0,5.0,5.0,30.0,18.0,15.0,37.0,5.0,8.0,11.0,7.0,6.0,6.0,7.0,43.0,6.0,5.0,7.0,4.0,52.0,48.0,26.0,53.0,3.0,2.0,10.0,3.0,4.0,3.0,2.0,23.0,4.0,5.0,7.0,4.0,49.0,31.0,21.0,57.0,3.0,7.0,8.0,6.0,7.0,6.0,4.0,63.0,7.0,3.0,5.0,5.0,52.0,64.0,17.0,51.0,4.0,7.0,4.0,6.0,4.0,4.0,3.0,42.0,5.0,3.0,5.0,4.0,45.0,50.0,20.0,freqmine
2964.0,579.0,637.0,670.0,685.0,643.0,609.0,593.0,576.0,621.0,642.0,595.0,626.0,692.0,628.0,768.0,2258.0,4.0,10.0,18.0,23.0,17.0,23.0,10.0,15.0,18.0,12.0,22.0,29.0,38.0,15.0,97.0,4480.0,38.0,46.0,50.0,63.0,51.0,56.0,49.0,35.0,44.0,44.0,53.0,69.0,65.0,40.0,168.0,4407.0,43.0,63.0,53.0,82.0,55.0,71.0,51.0,54.0,62.0,53.0,59.0,68.0,68.0,56.0,118.0,4502.0,42.0,73.0,72.0,82.0,67.0,82.0,63.0,63.0,69.0,79.0,87.0,108.0,92.0,76.0,154.0,4066.0,30.0,65.0,50.0,68.0,62.0,59.0,48.0,46.0,47.0,49.0,52.0,63.0,68.0,45.0,175.0,4345.0,38.0,57.0,57.0,74.0,63.0,59.0,56.0,53.0,62.0,60.0,68.0,66.0,68.0,48.0,155.0,3952.0,26.0,45.0,53.0,62.0,51.0,51.0,38.0,38.0,38.0,39.0,43.0,50.0,59.0,30.0,105.0,4316.0,39.0,53.0,48.0,72.0,58.0,65.0,50.0,49.0,49.0,46.0,49.0,61.0,80.0,40.0,135.0,4454.0,39.0,55.0,58.0,65.0,56.0,56.0,54.0,48.0,50.0,51.0,53.0,70.0,70.0,45.0,132.0,4362.0,35.0,47.0,62.0,74.0,51.0,59.0,48.0,54.0,51.0,49.0,46.0,75.0,69.0,50.0,139.0,4503.0,34.0,54.0,49.0,74.0,53.0,52.0,52.0,51.0,59.0,40.0,41.0,61.0,78.0,52.0,103.0,4419.0,36.0,52.0,77.0,128.0,63.0,83.0,52.0,60.0,59.0,81.0,74.0,107.0,87.0,66.0,142.0,4082.0,29.0,51.0,53.0,68.0,61.0,67.0,59.0,53.0,60.0,53.0,57.0,84.0,71.0,49.0,139.0,4537.0,42.0,65.0,86.0,112.0,61.0,92.0,57.0,73.0,60.0,79.0,94.0,110.0,122.0,48.0,147.0,3793.0,29.0,62.0,80.0,108.0,54.0,89.0,61.0,57.0,60.0,72.0,78.0,105.0,94.0,54.0,102.0,freqmine
5486.0,1148.0,1050.0,1129.0,1119.0,1134.0,1041.0,1061.0,1071.0,1034.0,1011.0,1089.0,1060.0,1101.0,1138.0,1184.0,4229.0,10.0,10.0,12.0,14.0,13.0,14.0,14.0,11.0,12.0,12.0,15.0,14.0,13.0,18.0,37.0,8604.0,40.0,53.0,45.0,45.0,44.0,41.0,46.0,39.0,33.0,44.0,58.0,41.0,37.0,41.0,65.0,8706.0,47.0,53.0,40.0,37.0,47.0,50.0,52.0,40.0,32.0,49.0,52.0,48.0,51.0,49.0,69.0,8699.0,40.0,52.0,52.0,46.0,44.0,48.0,53.0,45.0,33.0,44.0,60.0,42.0,48.0,44.0,85.0,7867.0,33.0,53.0,36.0,37.0,37.0,37.0,44.0,30.0,30.0,44.0,50.0,34.0,41.0,41.0,61.0,8500.0,39.0,51.0,40.0,39.0,37.0,39.0,41.0,38.0,28.0,38.0,48.0,39.0,44.0,40.0,64.0,7641.0,29.0,33.0,39.0,35.0,33.0,38.0,38.0,30.0,24.0,34.0,43.0,31.0,36.0,34.0,55.0,8478.0,35.0,50.0,42.0,43.0,43.0,45.0,43.0,41.0,29.0,37.0,53.0,40.0,36.0,38.0,76.0,8576.0,39.0,52.0,40.0,44.0,42.0,44.0,47.0,45.0,37.0,43.0,53.0,42.0,42.0,37.0,72.0,8409.0,29.0,37.0,43.0,37.0,33.0,35.0,44.0,37.0,24.0,37.0,49.0,34.0,47.0,32.0,59.0,8736.0,42.0,43.0,44.0,40.0,40.0,47.0,50.0,39.0,31.0,37.0,48.0,35.0,37.0,42.0,59.0,8610.0,43.0,55.0,42.0,42.0,42.0,40.0,47.0,45.0,34.0,48.0,49.0,43.0,42.0,44.0,80.0,7927.0,37.0,48.0,45.0,38.0,45.0,47.0,45.0,44.0,32.0,41.0,53.0,39.0,45.0,46.0,55.0,8850.0,42.0,56.0,51.0,46.0,46.0,50.0,53.0,44.0,37.0,47.0,58.0,42.0,52.0,49.0,89.0,7376.0,31.0,36.0,39.0,35.0,37.0,36.0,32.0,29.0,17.0,40.0,44.0,31.0,34.0,38.0,68.0,freqmine
7567.0,3603.0,5083.0,5211.0,5253.0,5495.0,5323.0,5167.0,5217.0,5211.0,5232.0,5050.0,5358.0,5418.0,5133.0,5467.0,3605.0,18.0,1565.0,1439.0,1726.0,1686.0,1849.0,1628.0,1681.0,1830.0,1776.0,1578.0,1709.0,1549.0,1549.0,1615.0,4148.0,220.0,1614.0,1750.0,1765.0,1787.0,1981.0,1829.0,1739.0,1964.0,1797.0,1850.0,1763.0,1684.0,1675.0,1913.0,4127.0,194.0,1700.0,1808.0,1780.0,1734.0,1918.0,1876.0,1825.0,1840.0,1826.0,1747.0,1781.0,1725.0,1746.0,1866.0,4085.0,229.0,1687.0,1723.0,1708.0,1952.0,1953.0,1955.0,1882.0,1919.0,1839.0,1831.0,1959.0,1848.0,1794.0,1894.0,4108.0,203.0,1871.0,1743.0,1786.0,1717.0,1859.0,1793.0,1890.0,1697.0,1774.0,1749.0,1943.0,1660.0,1680.0,1699.0,4243.0,213.0,1862.0,1739.0,1814.0,1703.0,1887.0,1793.0,1848.0,1843.0,1878.0,1676.0,1931.0,1624.0,1646.0,1925.0,3892.0,175.0,1653.0,1689.0,1781.0,1871.0,1861.0,1791.0,1783.0,1724.0,1734.0,1669.0,1812.0,1713.0,1613.0,1790.0,3992.0,178.0,1642.0,1694.0,1675.0,1761.0,1913.0,1848.0,1869.0,1660.0,1839.0,1791.0,1722.0,1674.0,1587.0,1952.0,4047.0,206.0,1867.0,1828.0,1773.0,1815.0,1975.0,2084.0,1808.0,1905.0,1741.0,1669.0,1863.0,1645.0,1797.0,1858.0,4174.0,217.0,1791.0,1723.0,2123.0,1799.0,2005.0,1880.0,1909.0,1953.0,2084.0,1962.0,1964.0,1917.0,1714.0,2100.0,4030.0,197.0,1752.0,1689.0,1842.0,1878.0,1917.0,1858.0,2008.0,1861.0,1840.0,1719.0,1796.0,1766.0,1672.0,1851.0,4230.0,220.0,1812.0,1759.0,1851.0,1908.0,2032.0,1799.0,1942.0,1904.0,1930.0,1929.0,1850.0,1861.0,1761.0,1910.0,4044.0,185.0,1744.0,1749.0,1629.0,1773.0,2037.0,1793.0,1758.0,1876.0,1913.0,1766.0,1731.0,1577.0,1641.0,1831.0,4314.0,210.0,1757.0,1655.0,1907.0,1744.0,1941.0,1742.0,1828.0,1749.0,1874.0,1880.0,1770.0,1820.0,1653.0,1885.0,4184.0,142.0,1743.0,1798.0,1866.0,1890.0,2064.0,1947.0,1829.0,2036.0,1812.0,1724.0,1923.0,1825.0,1613.0,1888.0,freqmine
9397.0,5018.0,7416.0,7026.0,6791.0,7024.0,6987.0,6767.0,6857.0,6885.0,7015.0,6965.0,6812.0,6955.0,6745.0,6922.0,4293.0,22.0,1766.0,1960.0,1792.0,2222.0,2117.0,1942.0,1962.0,1942.0,2215.0,1922.0,1798.0,1875.0,1855.0,1675.0,4311.0,253.0,2286.0,2277.0,2066.0,2203.0,2057.0,2093.0,2009.0,2089.0,2363.0,2256.0,1847.0,2082.0,2090.0,2038.0,4431.0,239.0,2224.0,2320.0,1924.0,2209.0,2177.0,2143.0,2083.0,2205.0,2246.0,2144.0,1974.0,1994.0,2024.0,1916.0,4412.0,263.0,2040.0,2143.0,2001.0,2284.0,2146.0,2099.0,2054.0,2162.0,2357.0,2414.0,1976.0,2050.0,1973.0,1978.0,4481.0,263.0,2246.0,2189.0,2039.0,2139.0,2036.0,2171.0,2031.0,2067.0,2225.0,2199.0,1914.0,1927.0,1925.0,1909.0,4561.0,275.0,2225.0,2162.0,2024.0,2253.0,2142.0,2071.0,1926.0,2112.0,2306.0,2244.0,1936.0,2050.0,1904.0,2064.0,4296.0,198.0,2132.0,2146.0,1950.0,2044.0,2178.0,1954.0,1794.0,1985.0,2322.0,2075.0,1858.0,1998.0,1983.0,1779.0,4365.0,242.0,2228.0,2132.0,1943.0,2194.0,2068.0,2122.0,1952.0,2157.0,2427.0,2249.0,1867.0,1998.0,1982.0,2078.0,4472.0,260.0,2270.0,2226.0,1996.0,2249.0,2296.0,2185.0,2002.0,2311.0,2325.0,2199.0,1863.0,1935.0,2134.0,1928.0,4493.0,243.0,2143.0,2284.0,2078.0,2175.0,2422.0,2265.0,2388.0,2273.0,2511.0,2469.0,1992.0,2243.0,2025.0,2196.0,4426.0,242.0,2132.0,2358.0,1977.0,2170.0,2295.0,2092.0,2121.0,2229.0,2497.0,2249.0,2015.0,2054.0,2080.0,1972.0,4549.0,243.0,2219.0,2202.0,2145.0,2259.0,2152.0,2131.0,2108.0,2203.0,2376.0,2275.0,2048.0,2143.0,1944.0,1966.0,4432.0,228.0,2372.0,2398.0,1931.0,2260.0,2190.0,2073.0,1999.0,2106.0,2390.0,2168.0,2040.0,2112.0,1971.0,1895.0,4376.0,280.0,2331.0,2051.0,1881.0,2147.0,2114.0,1927.0,1889.0,1964.0,2301.0,2260.0,1867.0,2119.0,1863.0,1896.0,4406.0,190.0,2723.0,2337.0,2195.0,2206.0,2331.0,2074.0,2139.0,2343.0,2232.0,2195.0,2062.0,2292.0,2049.0,1995.0,freqmine
10761.0,6042.0,7228.0,7978.0,7697.0,7535.0,7690.0,7280.0,7415.0,7627.0,7787.0,7612.0,7777.0,7879.0,7549.0,7959.0,4796.0,29.0,1376.0,2122.0,1811.0,1950.0,1934.0,1500.0,1646.0,2051.0,1931.0,1950.0,1968.0,1713.0,1631.0,1938.0,4767.0,159.0,1414.0,2183.0,1915.0,1808.0,2133.0,1619.0,1817.0,1969.0,2046.0,2166.0,1957.0,1896.0,1777.0,2182.0,4678.0,163.0,1627.0,2194.0,1826.0,1871.0,2178.0,1542.0,1704.0,2026.0,2050.0,2137.0,2054.0,1918.0,1740.0,2283.0,4724.0,194.0,1580.0,2095.0,1872.0,2003.0,2087.0,1517.0,1738.0,2100.0,2046.0,2101.0,2032.0,1806.0,1692.0,2150.0,4715.0,203.0,1566.0,2099.0,1719.0,1883.0,2077.0,1489.0,1803.0,2050.0,1955.0,1915.0,1886.0,1793.0,1668.0,2092.0,4650.0,181.0,1464.0,2040.0,1872.0,1790.0,2088.0,1481.0,1692.0,1925.0,1945.0,1902.0,2050.0,1830.0,1583.0,2088.0,4864.0,173.0,1462.0,2098.0,1767.0,1779.0,2008.0,1501.0,1732.0,1869.0,1973.0,1895.0,1955.0,1823.0,1733.0,2036.0,4861.0,181.0,1499.0,2177.0,1877.0,1808.0,1891.0,1511.0,1765.0,1868.0,2010.0,2208.0,1875.0,1950.0,1787.0,2316.0,4699.0,207.0,1735.0,2212.0,1820.0,1841.0,2191.0,1563.0,1677.0,2080.0,1951.0,2044.0,2165.0,1816.0,1875.0,1992.0,5027.0,187.0,1659.0,2172.0,1929.0,1979.0,2079.0,1557.0,1863.0,2071.0,2158.0,2376.0,2027.0,1958.0,1801.0,2330.0,4685.0,161.0,1473.0,2213.0,1925.0,1819.0,2176.0,1498.0,1725.0,2052.0,1899.0,2087.0,2043.0,1768.0,1885.0,2023.0,5038.0,165.0,1571.0,2088.0,1821.0,1874.0,2050.0,1537.0,1847.0,1954.0,2118.0,2200.0,2139.0,1836.0,1867.0,2139.0,4802.0,175.0,1479.0,2046.0,1704.0,1891.0,2015.0,1489.0,1711.0,2006.0,1941.0,2098.0,2025.0,1912.0,1860.0,2104.0,4938.0,192.0,1501.0,2116.0,1703.0,1719.0,2047.0,1509.0,1707.0,1894.0,1927.0,2012.0,1828.0,1843.0,1656.0,1919.0,4812.0,173.0,1759.0,2280.0,1962.0,1865.0,2097.0,1675.0,1864.0,2118.0,2021.0,2006.0,2259.0,1939.0,1916.0,2094.0,freqmine
13658.0,7926.0,9821.0,10026.0,9541.0,10061.0,9811.0,9585.0,9855.0,9386.0,9258.0,9525.0,9185.0,9768.0,9522.0,9767.0,5856.0,36.0,2329.0,2298.0,1883.0,2167.0,1924.0,1923.0,2006.0,1893.0,1782.0,2180.0,1982.0,1931.0,1699.0,1711.0,5716.0,155.0,2345.0,2322.0,1859.0,2234.0,2189.0,1879.0,2284.0,1936.0,1952.0,2264.0,1773.0,1947.0,1747.0,1900.0,5997.0,166.0,2350.0,2284.0,1859.0,2297.0,2116.0,2125.0,2268.0,2077.0,1732.0,1975.0,1911.0,1780.0,1901.0,2214.0,5823.0,148.0,2212.0,2315.0,1949.0,2245.0,2049.0,1846.0,2165.0,1991.0,1830.0,1958.0,1763.0,1708.0,1810.0,2064.0,5752.0,187.0,2205.0,2326.0,1811.0,2063.0,2220.0,1923.0,2295.0,1957.0,1687.0,1996.0,1749.0,1807.0,1722.0,1913.0,5981.0,169.0,2063.0,2350.0,1859.0,2220.0,2185.0,2060.0,2168.0,1827.0,1862.0,1950.0,1696.0,1763.0,1671.0,1851.0,5869.0,148.0,2031.0,2292.0,1926.0,2258.0,1933.0,2091.0,2078.0,1729.0,1868.0,1991.0,1738.0,1678.0,1866.0,1745.0,5984.0,159.0,2239.0,2427.0,2000.0,2264.0,2165.0,2070.0,2242.0,1757.0,1951.0,2165.0,1690.0,1833.0,1833.0,2013.0,5896.0,196.0,2299.0,2564.0,1919.0,2392.0,2008.0,2029.0,2117.0,1925.0,1839.0,2070.0,1842.0,1655.0,2077.0,1916.0,6075.0,190.0,2178.0,2330.0,2034.0,2318.0,2239.0,2057.0,2298.0,1953.0,1945.0,2162.0,1871.0,1862.0,1848.0,1964.0,5891.0,150.0,2477.0,2261.0,1884.0,2432.0,2151.0,2094.0,2074.0,1921.0,1741.0,1976.0,1932.0,1623.0,1765.0,1890.0,5927.0,162.0,2100.0,2186.0,1992.0,2397.0,1927.0,2114.0,2308.0,1889.0,1924.0,2080.0,1859.0,1885.0,1747.0,1971.0,6015.0,152.0,2156.0,2455.0,1959.0,2213.0,1963.0,2047.0,2146.0,1814.0,1740.0,2108.0,1711.0,1736.0,1884.0,1909.0,6118.0,161.0,2237.0,2295.0,1800.0,2313.0,2018.0,1952.0,2104.0,1780.0,1864.0,2177.0,1641.0,1817.0,1831.0,1830.0,6142.0,184.0,2377.0,2651.0,2275.0,2491.0,2109.0,2038.0,2240.0,2016.0,1894.0,2123.0,2052.0,1994.0,2032.0,1937.0,freqmine
821.0,554.0,481.0,518.0,511.0,521.0,475.0,504.0,490.0,484.0,469.0,518.0,3365.0,500.0,512.0,537.0,282.0,7.0,6.0,4.0,5.0,5.0,4.0,5.0,5.0,5.0,5.0,15.0,1524.0,5.0,5.0,8.0,242.0,3.0,1.0,3.0,3.0,2.0,0.0,1.0,2.0,2.0,1.0,14.0,1805.0,1.0,3.0,4.0,258.0,4.0,4.0,1.0,5.0,1.0,3.0,2.0,4.0,2.0,2.0,15.0,1563.0,4.0,3.0,6.0,257.0,4.0,1.0,4.0,7.0,5.0,0.0,5.0,3.0,1.0,4.0,34.0,1712.0,2.0,1.0,6.0,260.0,4.0,3.0,4.0,6.0,2.0,2.0,3.0,3.0,2.0,4.0,19.0,1886.0,1.0,0.0,5.0,238.0,3.0,0.0,2.0,4.0,4.0,1.0,3.0,0.0,1.0,2.0,13.0,2001.0,1.0,2.0,5.0,258.0,4.0,5.0,3.0,9.0,3.0,6.0,2.0,2.0,2.0,2.0,25.0,1827.0,3.0,15.0,9.0,246.0,2.0,1.0,3.0,5.0,3.0,0.0,4.0,2.0,1.0,1.0,14.0,1747.0,1.0,4.0,6.0,244.0,5.0,1.0,4.0,3.0,2.0,1.0,1.0,2.0,2.0,2.0,12.0,1417.0,1.0,3.0,3.0,234.0,4.0,1.0,2.0,5.0,3.0,3.0,2.0,1.0,1.0,2.0,11.0,2026.0,1.0,1.0,6.0,246.0,6.0,2.0,3.0,6.0,5.0,2.0,5.0,4.0,1.0,3.0,8.0,1864.0,2.0,5.0,15.0,243.0,2.0,1.0,1.0,5.0,1.0,3.0,2.0,2.0,0.0,4.0,20.0,1883.0,1.0,2.0,3.0,256.0,5.0,1.0,2.0,5.0,2.0,4.0,6.0,3.0,4.0,1.0,12.0,2410.0,8.0,3.0,10.0,255.0,5.0,3.0,6.0,5.0,3.0,2.0,4.0,3.0,4.0,3.0,44.0,2104.0,5.0,1.0,6.0,267.0,2.0,4.0,4.0,5.0,5.0,4.0,3.0,3.0,3.0,5.0,24.0,2418.0,7.0,3.0,9.0,freqmine
12088.0,6755.0,8120.0,8342.0,7841.0,8566.0,8151.0,8089.0,7525.0,8193.0,8679.0,7727.0,8373.0,8798.0,8646.0,8428.0,5541.0,26.0,1766.0,1898.0,1402.0,2172.0,1729.0,1594.0,943.0,1954.0,2205.0,1331.0,1756.0,2215.0,2114.0,1908.0,5335.0,96.0,1607.0,1798.0,1384.0,2181.0,1658.0,1694.0,1121.0,1714.0,2351.0,1402.0,1839.0,2126.0,2040.0,2023.0,5301.0,98.0,1629.0,1982.0,1305.0,2006.0,1585.0,1660.0,904.0,1846.0,2208.0,1265.0,1900.0,2100.0,2243.0,1963.0,5327.0,73.0,1622.0,1943.0,1319.0,1974.0,1596.0,1567.0,844.0,1775.0,2297.0,1426.0,1848.0,2133.0,1990.0,1993.0,5140.0,105.0,1627.0,1922.0,1195.0,1920.0,1558.0,1557.0,659.0,1668.0,2112.0,1294.0,1919.0,2171.0,2069.0,1769.0,5236.0,87.0,1550.0,1831.0,1203.0,2024.0,1624.0,1583.0,710.0,1790.0,2088.0,1284.0,1669.0,2161.0,1946.0,1987.0,5363.0,96.0,1761.0,1771.0,1171.0,1915.0,1472.0,1679.0,742.0,1743.0,2138.0,1263.0,1776.0,2165.0,1940.0,1799.0,5280.0,82.0,1751.0,1808.0,1295.0,1970.0,1557.0,1532.0,954.0,1601.0,2239.0,1247.0,1863.0,2260.0,1852.0,1922.0,5298.0,115.0,1819.0,2146.0,1221.0,2100.0,1588.0,1718.0,713.0,1892.0,2099.0,1233.0,2062.0,2193.0,1886.0,1832.0,5633.0,100.0,1657.0,1965.0,1469.0,2148.0,1717.0,1715.0,1116.0,1885.0,2338.0,1531.0,1839.0,2186.0,1914.0,2162.0,5301.0,80.0,1705.0,1737.0,1245.0,2020.0,1727.0,1632.0,662.0,2235.0,2080.0,1252.0,1833.0,2085.0,2099.0,1977.0,5470.0,105.0,1634.0,1831.0,1392.0,2076.0,1510.0,1647.0,999.0,2150.0,2260.0,1426.0,1831.0,2117.0,1929.0,1915.0,5256.0,89.0,1614.0,1873.0,1282.0,2108.0,1488.0,1633.0,741.0,1664.0,2177.0,1344.0,1900.0,2027.0,1975.0,1925.0,5291.0,89.0,1664.0,1874.0,1202.0,2030.0,1507.0,1553.0,835.0,1759.0,2176.0,1376.0,1983.0,2218.0,1904.0,1787.0,5463.0,107.0,1806.0,2011.0,1345.0,2068.0,1607.0,1741.0,917.0,2190.0,2245.0,1330.0,2038.0,2108.0,2194.0,2175.0,freqmine
13752.0,8361.0,9609.0,10246.0,10499.0,10246.0,10365.0,10511.0,10454.0,9301.0,10033.0,9966.0,9327.0,9889.0,9893.0,10659.0,5215.0,32.0,1802.0,2072.0,2219.0,2063.0,1881.0,2209.0,2368.0,1524.0,1915.0,1726.0,1446.0,1541.0,1718.0,2488.0,5251.0,120.0,1770.0,2331.0,2357.0,2056.0,1959.0,2259.0,2305.0,1526.0,2081.0,2032.0,1312.0,1644.0,1822.0,2267.0,5166.0,133.0,1735.0,2216.0,2348.0,2128.0,1888.0,2172.0,2332.0,1619.0,1872.0,1840.0,1564.0,1518.0,1759.0,2118.0,5222.0,99.0,1639.0,2149.0,2066.0,2135.0,1934.0,2348.0,2339.0,1544.0,1904.0,2107.0,1470.0,1681.0,1760.0,2463.0,5127.0,130.0,1645.0,2092.0,2013.0,1877.0,1856.0,2237.0,2257.0,1389.0,1857.0,1959.0,1302.0,1546.0,1624.0,2182.0,5231.0,92.0,1653.0,2250.0,2083.0,1868.0,2028.0,2321.0,2185.0,1223.0,1842.0,2030.0,1128.0,1460.0,1571.0,2109.0,5308.0,110.0,1664.0,2318.0,2000.0,2108.0,1967.0,2164.0,2028.0,1204.0,1876.0,1885.0,1149.0,1696.0,1705.0,1933.0,5241.0,94.0,1698.0,2177.0,2083.0,1916.0,1969.0,2127.0,2337.0,1212.0,1839.0,1878.0,1225.0,1676.0,1641.0,2368.0,5277.0,106.0,1871.0,2286.0,2177.0,2219.0,2108.0,2219.0,2153.0,1366.0,1846.0,1830.0,1433.0,1560.0,1821.0,2013.0,5397.0,125.0,1701.0,2137.0,2262.0,2136.0,2008.0,2331.0,2336.0,1405.0,2148.0,2219.0,1454.0,1753.0,1713.0,2244.0,5173.0,91.0,1568.0,2127.0,2241.0,2015.0,2049.0,2483.0,2204.0,1472.0,1820.0,1928.0,1470.0,1532.0,1736.0,2279.0,5668.0,92.0,1671.0,2161.0,2235.0,2148.0,2055.0,2112.0,2348.0,1513.0,1871.0,1981.0,1371.0,1649.0,1660.0,2207.0,5326.0,94.0,1721.0,2242.0,2299.0,2016.0,2091.0,2098.0,2133.0,1384.0,1926.0,1957.0,1276.0,1650.0,1712.0,1976.0,5260.0,120.0,1749.0,2197.0,1952.0,2128.0,2032.0,2165.0,2416.0,1238.0,2014.0,2013.0,1174.0,1495.0,1668.0,2197.0,5244.0,129.0,1757.0,2451.0,2592.0,2131.0,2316.0,2355.0,2574.0,1553.0,2210.0,1948.0,1464.0,1610.0,1878.0,2218.0,freqmine
11668.0,6155.0,7793.0,8002.0,7479.0,7272.0,7434.0,6959.0,7681.0,7579.0,8280.0,7471.0,7453.0,8094.0,7755.0,7580.0,5628.0,26.0,2146.0,1938.0,1466.0,1765.0,1646.0,1158.0,1561.0,1774.0,2581.0,1452.0,1691.0,1754.0,2164.0,1416.0,5471.0,62.0,2095.0,2060.0,1493.0,1413.0,1680.0,985.0,1673.0,1874.0,2418.0,1602.0,1600.0,1862.0,1979.0,1488.0,5663.0,88.0,2019.0,2090.0,1492.0,1259.0,1539.0,1068.0,1531.0,1754.0,2532.0,1390.0,1531.0,1551.0,2006.0,1408.0,5407.0,66.0,1966.0,2034.0,1352.0,1298.0,1594.0,1026.0,1496.0,1920.0,2707.0,1459.0,1607.0,1800.0,1875.0,1331.0,5423.0,71.0,1948.0,1931.0,1156.0,1172.0,1410.0,942.0,1477.0,1848.0,2383.0,1187.0,1610.0,1541.0,2028.0,1211.0,5157.0,76.0,2050.0,1996.0,1332.0,1222.0,1389.0,904.0,1421.0,1695.0,2346.0,1322.0,1434.0,1509.0,1903.0,1387.0,5430.0,74.0,1918.0,1942.0,1341.0,1172.0,1544.0,1090.0,1433.0,1762.0,2576.0,1249.0,1439.0,1545.0,1870.0,1187.0,5496.0,55.0,1942.0,2030.0,1393.0,1271.0,1415.0,998.0,1552.0,1979.0,2711.0,1460.0,1467.0,1733.0,1702.0,1414.0,5407.0,67.0,2194.0,2216.0,1470.0,1455.0,1585.0,1131.0,1374.0,1925.0,2307.0,1387.0,1781.0,1599.0,2065.0,1324.0,6056.0,86.0,2060.0,2117.0,1823.0,1305.0,1665.0,1138.0,1808.0,1948.0,2539.0,1702.0,1767.0,1778.0,2108.0,1629.0,5691.0,75.0,1975.0,2085.0,1400.0,1351.0,1527.0,1136.0,1561.0,1875.0,2498.0,1405.0,1639.0,1638.0,1981.0,1363.0,5751.0,71.0,1930.0,1941.0,1654.0,1516.0,1577.0,1304.0,1687.0,1776.0,2438.0,1589.0,1549.0,1935.0,1939.0,1500.0,5663.0,60.0,1872.0,2075.0,1296.0,1267.0,1484.0,1071.0,1591.0,1897.0,2479.0,1522.0,1647.0,1601.0,1896.0,1225.0,5377.0,74.0,1953.0,1977.0,1452.0,1237.0,1404.0,929.0,1467.0,1712.0,2436.0,1462.0,1448.0,1507.0,1801.0,1251.0,5565.0,72.0,2149.0,2038.0,1631.0,1352.0,1527.0,1103.0,1838.0,2066.0,2698.0,1510.0,1569.0,1569.0,1893.0,1261.0,freqmine
11224.0,6903.0,8314.0,8450.0,8478.0,8624.0,8970.0,8781.0,8507.0,7973.0,8007.0,8167.0,8220.0,8684.0,9317.0,9052.0,4279.0,31.0,1851.0,1761.0,1528.0,2242.0,2509.0,2253.0,1637.0,1482.0,1291.0,1801.0,1854.0,1930.0,2677.0,2261.0,4278.0,99.0,1829.0,1824.0,1586.0,1932.0,2339.0,2226.0,1768.0,1435.0,1411.0,2013.0,1739.0,1981.0,2602.0,2387.0,4225.0,132.0,1751.0,1958.0,1649.0,1838.0,2237.0,2208.0,1621.0,1414.0,1281.0,1844.0,1760.0,1958.0,2606.0,2352.0,4386.0,93.0,1671.0,1766.0,1446.0,1893.0,2423.0,2177.0,1630.0,1404.0,1274.0,1908.0,1884.0,1970.0,2598.0,2313.0,4296.0,115.0,1887.0,1721.0,1413.0,1713.0,2521.0,2192.0,1666.0,1368.0,1144.0,1814.0,1562.0,1921.0,2765.0,2231.0,4199.0,133.0,1800.0,1854.0,1488.0,1673.0,2432.0,2119.0,1598.0,1306.0,1210.0,1843.0,1597.0,1876.0,2610.0,2459.0,4275.0,106.0,1755.0,1691.0,1450.0,1655.0,2503.0,2014.0,1578.0,1257.0,1190.0,1817.0,1788.0,1939.0,2360.0,1970.0,4364.0,98.0,1653.0,1669.0,1545.0,1757.0,2506.0,2006.0,1638.0,1373.0,1412.0,1961.0,1716.0,2114.0,2471.0,2304.0,4231.0,89.0,1957.0,1838.0,1563.0,1914.0,2239.0,2199.0,1822.0,1587.0,1301.0,1972.0,1762.0,1884.0,2670.0,2256.0,4473.0,111.0,1844.0,1701.0,1777.0,1808.0,2459.0,2289.0,2059.0,1401.0,1482.0,2131.0,1730.0,2216.0,2485.0,2488.0,4143.0,90.0,1901.0,1969.0,1580.0,1779.0,2650.0,2260.0,1533.0,1546.0,1151.0,1849.0,1847.0,1823.0,2738.0,2464.0,4599.0,98.0,1739.0,1853.0,1757.0,1834.0,2666.0,2170.0,1642.0,1541.0,1430.0,1865.0,1731.0,1905.0,2649.0,2360.0,4284.0,97.0,1763.0,1791.0,1479.0,1731.0,2439.0,1944.0,1625.0,1269.0,1269.0,1902.0,1857.0,1760.0,2802.0,2057.0,4320.0,111.0,1684.0,1871.0,1488.0,1697.0,2479.0,2035.0,1650.0,1323.0,1301.0,1804.0,1575.0,1865.0,2720.0,2448.0,4341.0,109.0,2014.0,2176.0,1787.0,1861.0,2578.0,2310.0,1847.0,1507.0,1353.0,2056.0,1838.0,2083.0,3045.0,2693.0,freqmine
11321.0,6263.0,7917.0,8308.0,8442.0,8694.0,6962.0,8016.0,8333.0,8832.0,7649.0,8226.0,8180.0,7920.0,7706.0,7567.0,5265.0,25.0,2106.0,2222.0,2467.0,3112.0,1342.0,2096.0,2425.0,2594.0,1982.0,2627.0,2488.0,1935.0,1797.0,1639.0,5246.0,111.0,2229.0,2520.0,2333.0,2630.0,1331.0,2036.0,3049.0,2692.0,1966.0,2594.0,2319.0,1910.0,1793.0,1717.0,5191.0,80.0,2026.0,2435.0,2283.0,2609.0,1085.0,2109.0,2496.0,2938.0,1931.0,2369.0,2367.0,1798.0,1733.0,1594.0,5288.0,69.0,2041.0,2591.0,2280.0,2643.0,1083.0,1888.0,2398.0,2575.0,1777.0,2463.0,2276.0,1905.0,1534.0,1520.0,5136.0,70.0,1960.0,2535.0,2260.0,2280.0,1047.0,1946.0,2332.0,2780.0,1814.0,2223.0,2152.0,1919.0,1462.0,1443.0,5095.0,58.0,1852.0,2609.0,2296.0,2622.0,1040.0,2010.0,2406.0,2297.0,1664.0,2098.0,2262.0,1684.0,1344.0,1691.0,5054.0,59.0,1846.0,2380.0,2170.0,2438.0,1020.0,2050.0,2427.0,2431.0,1804.0,2158.0,2314.0,1657.0,1530.0,1453.0,5139.0,74.0,1883.0,2233.0,2427.0,2588.0,997.0,1989.0,2529.0,2567.0,1891.0,2465.0,2234.0,1825.0,1605.0,1706.0,5202.0,89.0,1962.0,2391.0,2457.0,2743.0,1267.0,2118.0,2498.0,2635.0,2025.0,2372.0,2559.0,1854.0,1537.0,1647.0,5462.0,68.0,2064.0,2318.0,2671.0,2672.0,1231.0,2034.0,2458.0,2688.0,2127.0,2710.0,2425.0,2041.0,1627.0,1919.0,5098.0,69.0,2050.0,2636.0,2379.0,2833.0,1175.0,2031.0,2802.0,2908.0,1862.0,2250.0,2399.0,1765.0,1640.0,1604.0,5254.0,72.0,2011.0,2556.0,2495.0,2790.0,1287.0,1983.0,2704.0,2847.0,1905.0,2533.0,2219.0,1885.0,1649.0,1862.0,5264.0,81.0,2197.0,2464.0,2123.0,2549.0,1286.0,2127.0,2341.0,2522.0,1905.0,2533.0,2320.0,1781.0,1743.0,1640.0,5398.0,86.0,2099.0,2295.0,2577.0,2526.0,1041.0,1937.0,2465.0,2581.0,1815.0,2453.0,2253.0,1814.0,1589.0,1447.0,5211.0,90.0,2469.0,2683.0,2622.0,2543.0,1255.0,2299.0,2397.0,2781.0,2066.0,2525.0,2410.0,2059.0,1859.0,1676.0,freqmine
11463.0,6124.0,8715.0,7708.0,8510.0,7397.0,7793.0,8273.0,7961.0,7047.0,7900.0,7453.0,8177.0,8386.0,7656.0,8412.0,5247.0,34.0,2773.0,1956.0,2368.0,1914.0,2202.0,2773.0,1723.0,1455.0,2231.0,1813.0,2527.0,2690.0,1839.0,2576.0,5244.0,86.0,2545.0,1819.0,2325.0,1696.0,2355.0,2738.0,1962.0,1039.0,2069.0,1899.0,2502.0,2364.0,1901.0,2708.0,5332.0,104.0,2822.0,2028.0,2654.0,1522.0,2062.0,2603.0,1888.0,1161.0,2314.0,1599.0,2676.0,2181.0,1700.0,2682.0,5194.0,96.0,2527.0,1722.0,2641.0,1411.0,1946.0,2640.0,1909.0,1064.0,2230.0,1793.0,2530.0,2148.0,1821.0,2454.0,5314.0,78.0,2718.0,1601.0,2404.0,1357.0,2104.0,2310.0,1850.0,1083.0,2005.0,1595.0,2232.0,2076.0,1795.0,2406.0,5302.0,92.0,2625.0,1663.0,2297.0,1385.0,1951.0,2467.0,1828.0,1009.0,2119.0,1628.0,2267.0,2180.0,1574.0,2459.0,5251.0,91.0,2719.0,1821.0,2554.0,1312.0,1932.0,2302.0,1965.0,971.0,1951.0,1619.0,2378.0,2313.0,1606.0,2355.0,5463.0,83.0,2904.0,1664.0,2732.0,1392.0,2021.0,2436.0,1915.0,998.0,1979.0,1845.0,2357.0,2350.0,1892.0,2431.0,5262.0,75.0,2798.0,1870.0,3023.0,1738.0,1972.0,2408.0,1925.0,1298.0,2118.0,1597.0,2560.0,2337.0,1968.0,2344.0,5729.0,87.0,2932.0,1785.0,3042.0,1659.0,2365.0,2406.0,2183.0,1099.0,2313.0,1882.0,2268.0,2383.0,2112.0,2789.0,5420.0,86.0,2821.0,1830.0,2720.0,1587.0,2117.0,2418.0,1907.0,1354.0,1965.0,1625.0,2641.0,2318.0,1813.0,2555.0,5427.0,87.0,3018.0,1734.0,2453.0,1527.0,2227.0,2448.0,2112.0,1207.0,2214.0,1912.0,2399.0,2557.0,1919.0,2744.0,5438.0,85.0,2927.0,1806.0,2520.0,1572.0,1994.0,2581.0,1720.0,1127.0,2013.0,1811.0,2288.0,2205.0,1937.0,2366.0,5364.0,89.0,2561.0,1721.0,2536.0,1287.0,2079.0,2528.0,1916.0,1006.0,2018.0,1814.0,2252.0,2181.0,1972.0,2597.0,5550.0,87.0,3010.0,2220.0,2902.0,1578.0,2314.0,2857.0,2102.0,1271.0,2251.0,1624.0,2528.0,2278.0,2089.0,2652.0,freqmine
8054.0,5837.0,5073.0,6136.0,5653.0,6019.0,5886.0,5252.0,6026.0,6252.0,6306.0,6519.0,6090.0,6772.0,6479.0,6367.0,3884.0,1188.0,1082.0,2133.0,1512.0,2138.0,1873.0,1404.0,1820.0,2109.0,1954.0,2425.0,1819.0,2326.0,2370.0,1937.0,3746.0,1342.0,834.0,1932.0,1472.0,1915.0,1870.0,1160.0,1859.0,2098.0,2109.0,2431.0,1925.0,2256.0,2239.0,1974.0,3775.0,1273.0,1058.0,2078.0,1436.0,1827.0,2087.0,1133.0,1545.0,2233.0,2222.0,2468.0,1887.0,2259.0,2483.0,1908.0,3795.0,1283.0,863.0,2036.0,1338.0,1778.0,1972.0,1074.0,1665.0,2183.0,2203.0,2462.0,2014.0,2330.0,2247.0,1823.0,3813.0,1234.0,949.0,1959.0,1283.0,1742.0,1682.0,940.0,1575.0,2178.0,2106.0,2367.0,1822.0,2149.0,2174.0,1733.0,3825.0,1372.0,881.0,1913.0,1277.0,1861.0,1614.0,881.0,1655.0,2057.0,2055.0,2152.0,1704.0,2141.0,2109.0,1908.0,3825.0,1216.0,987.0,2000.0,1129.0,1684.0,1902.0,993.0,1582.0,1917.0,2020.0,2302.0,1742.0,2204.0,2446.0,1602.0,3844.0,1353.0,821.0,2087.0,1361.0,1813.0,1932.0,924.0,1803.0,1915.0,2089.0,2521.0,2063.0,2430.0,2290.0,1874.0,3801.0,1324.0,1156.0,2081.0,1284.0,1938.0,2039.0,1139.0,1768.0,2285.0,2125.0,2677.0,2141.0,2421.0,2590.0,1838.0,3970.0,1412.0,1009.0,2126.0,1762.0,1913.0,2207.0,1109.0,2048.0,2226.0,2334.0,2826.0,2012.0,2640.0,2488.0,1843.0,3753.0,1515.0,994.0,2103.0,1353.0,1923.0,1943.0,1126.0,1670.0,2738.0,2103.0,2336.0,2113.0,2501.0,2854.0,1885.0,4021.0,1492.0,913.0,1951.0,1417.0,1963.0,1792.0,1082.0,1884.0,2156.0,2341.0,2495.0,1928.0,2314.0,2352.0,1933.0,3859.0,1236.0,1071.0,2041.0,1292.0,1820.0,1727.0,1257.0,1663.0,2238.0,1915.0,2528.0,1719.0,2201.0,2583.0,1794.0,3874.0,1333.0,877.0,1993.0,1179.0,1579.0,1672.0,1064.0,1699.0,2047.0,1935.0,2572.0,1687.0,2168.0,2183.0,1803.0,3894.0,1570.0,1041.0,2300.0,1487.0,2016.0,1922.0,1308.0,1657.0,2242.0,2347.0,2527.0,2092.0,2489.0,2540.0,1896.0,freqmine
6694.0,2287.0,2122.0,2242.0,2087.0,2217.0,2020.0,2168.0,2076.0,2071.0,2003.0,2543.0,2229.0,2425.0,2277.0,2247.0,3254.0,112.0,155.0,127.0,117.0,112.0,118.0,158.0,114.0,173.0,113.0,448.0,151.0,285.0,206.0,139.0,3191.0,118.0,119.0,135.0,132.0,126.0,116.0,139.0,101.0,136.0,119.0,445.0,171.0,338.0,187.0,191.0,3416.0,141.0,163.0,133.0,108.0,124.0,128.0,146.0,113.0,139.0,119.0,402.0,166.0,274.0,174.0,146.0,3279.0,124.0,134.0,126.0,109.0,114.0,113.0,155.0,105.0,115.0,109.0,402.0,144.0,251.0,141.0,136.0,3192.0,154.0,154.0,151.0,113.0,138.0,138.0,213.0,135.0,146.0,133.0,387.0,170.0,271.0,179.0,142.0,3080.0,134.0,138.0,110.0,98.0,101.0,106.0,150.0,105.0,134.0,119.0,322.0,155.0,249.0,142.0,147.0,3065.0,124.0,147.0,122.0,113.0,120.0,116.0,140.0,116.0,125.0,109.0,324.0,144.0,242.0,169.0,126.0,3117.0,112.0,138.0,132.0,105.0,114.0,118.0,137.0,104.0,129.0,131.0,389.0,164.0,269.0,163.0,149.0,2966.0,220.0,156.0,129.0,112.0,134.0,130.0,143.0,122.0,128.0,136.0,365.0,183.0,276.0,213.0,167.0,3114.0,128.0,150.0,124.0,90.0,112.0,104.0,142.0,105.0,118.0,110.0,435.0,150.0,326.0,201.0,136.0,3197.0,152.0,197.0,143.0,101.0,149.0,137.0,193.0,129.0,141.0,129.0,364.0,164.0,448.0,192.0,159.0,3516.0,170.0,174.0,163.0,114.0,145.0,151.0,151.0,123.0,161.0,125.0,429.0,190.0,320.0,205.0,228.0,3458.0,148.0,160.0,143.0,138.0,133.0,155.0,158.0,132.0,133.0,131.0,405.0,189.0,268.0,254.0,164.0,3483.0,153.0,180.0,163.0,118.0,111.0,113.0,151.0,115.0,153.0,115.0,377.0,151.0,241.0,190.0,177.0,3599.0,187.0,192.0,193.0,131.0,156.0,129.0,185.0,150.0,187.0,150.0,435.0,200.0,357.0,221.0,207.0,freqmine
2307.0,595.0,571.0,556.0,560.0,594.0,567.0,560.0,553.0,550.0,577.0,557.0,574.0,574.0,575.0,571.0,1313.0,10.0,1.0,5.0,8.0,5.0,4.0,5.0,3.0,4.0,5.0,5.0,6.0,4.0,8.0,8.0,1286.0,17.0,13.0,12.0,17.0,16.0,10.0,15.0,14.0,13.0,15.0,9.0,21.0,20.0,12.0,8.0,1334.0,20.0,15.0,13.0,13.0,15.0,14.0,20.0,7.0,10.0,12.0,14.0,18.0,10.0,9.0,10.0,1277.0,11.0,16.0,12.0,14.0,16.0,11.0,19.0,9.0,10.0,13.0,14.0,19.0,16.0,14.0,9.0,1323.0,16.0,13.0,16.0,11.0,19.0,9.0,16.0,9.0,12.0,13.0,13.0,16.0,16.0,14.0,11.0,1236.0,22.0,9.0,14.0,13.0,18.0,11.0,15.0,11.0,15.0,12.0,14.0,17.0,14.0,16.0,11.0,1206.0,16.0,10.0,13.0,11.0,18.0,13.0,15.0,8.0,6.0,16.0,11.0,18.0,13.0,12.0,6.0,1212.0,15.0,15.0,17.0,12.0,14.0,16.0,18.0,11.0,10.0,14.0,12.0,18.0,17.0,9.0,10.0,1110.0,19.0,9.0,17.0,19.0,17.0,10.0,19.0,10.0,14.0,18.0,18.0,19.0,14.0,9.0,14.0,1238.0,22.0,13.0,20.0,14.0,19.0,9.0,18.0,12.0,15.0,18.0,10.0,18.0,17.0,13.0,8.0,1259.0,21.0,12.0,20.0,22.0,22.0,15.0,20.0,12.0,15.0,18.0,15.0,18.0,17.0,9.0,18.0,1361.0,17.0,12.0,15.0,15.0,15.0,10.0,15.0,9.0,11.0,14.0,12.0,19.0,16.0,14.0,12.0,1370.0,17.0,14.0,20.0,16.0,21.0,14.0,21.0,12.0,15.0,17.0,12.0,22.0,16.0,19.0,16.0,1382.0,19.0,15.0,17.0,15.0,22.0,11.0,15.0,10.0,13.0,10.0,22.0,17.0,17.0,13.0,15.0,1437.0,23.0,14.0,15.0,14.0,16.0,16.0,18.0,14.0,13.0,18.0,15.0,23.0,17.0,14.0,15.0,freqmine
0.0,0.0,0.0,0.0,0.0,0.0,0.0,0.0,0.0,0.0,0.0,0.0,0.0,0.0,0.0,0.0,0.0,0.0,0.0,0.0,0.0,0.0,0.0,0.0,0.0,0.0,0.0,0.0,0.0,0.0,0.0,0.0,0.0,0.0,0.0,0.0,0.0,0.0,0.0,0.0,0.0,0.0,0.0,0.0,0.0,0.0,0.0,0.0,0.0,0.0,0.0,0.0,0.0,0.0,0.0,0.0,0.0,0.0,0.0,0.0,0.0,0.0,0.0,0.0,0.0,0.0,0.0,0.0,0.0,0.0,0.0,0.0,0.0,0.0,0.0,0.0,0.0,0.0,0.0,0.0,0.0,0.0,0.0,0.0,0.0,0.0,0.0,0.0,0.0,0.0,0.0,0.0,0.0,0.0,0.0,0.0,0.0,0.0,0.0,0.0,0.0,0.0,0.0,0.0,0.0,0.0,0.0,0.0,0.0,0.0,0.0,0.0,0.0,0.0,0.0,0.0,0.0,0.0,0.0,0.0,0.0,0.0,0.0,0.0,0.0,0.0,0.0,0.0,0.0,0.0,0.0,0.0,0.0,0.0,0.0,0.0,0.0,0.0,0.0,0.0,0.0,0.0,0.0,0.0,0.0,0.0,0.0,0.0,0.0,0.0,0.0,0.0,0.0,0.0,0.0,0.0,0.0,0.0,0.0,0.0,0.0,0.0,0.0,0.0,0.0,0.0,0.0,0.0,0.0,0.0,0.0,0.0,0.0,0.0,0.0,0.0,0.0,0.0,0.0,0.0,0.0,0.0,0.0,0.0,0.0,0.0,0.0,0.0,0.0,0.0,0.0,0.0,0.0,0.0,0.0,0.0,0.0,0.0,0.0,0.0,0.0,0.0,0.0,0.0,0.0,0.0,0.0,0.0,0.0,0.0,0.0,0.0,0.0,0.0,0.0,0.0,0.0,0.0,0.0,0.0,0.0,0.0,0.0,0.0,0.0,0.0,0.0,0.0,0.0,0.0,0.0,0.0,0.0,0.0,0.0,0.0,0.0,0.0,0.0,0.0,0.0,0.0,0.0,0.0,0.0,0.0,0.0,0.0,0.0,0.0,0.0,0.0,0.0,0.0,0.0,0.0,freqmine
554.0,451.0,368.0,412.0,398.0,387.0,391.0,371.0,366.0,371.0,354.0,362.0,3299.0,371.0,398.0,401.0,154.0,11.0,4.0,7.0,15.0,6.0,38.0,3.0,6.0,5.0,5.0,4.0,1616.0,8.0,16.0,11.0,129.0,14.0,0.0,1.0,1.0,0.0,13.0,2.0,2.0,1.0,0.0,0.0,1880.0,2.0,2.0,3.0,148.0,16.0,1.0,2.0,5.0,4.0,15.0,2.0,2.0,1.0,2.0,2.0,1752.0,2.0,3.0,3.0,139.0,34.0,2.0,2.0,2.0,2.0,32.0,0.0,1.0,2.0,1.0,1.0,1754.0,2.0,6.0,2.0,138.0,16.0,2.0,2.0,2.0,6.0,18.0,4.0,2.0,4.0,1.0,0.0,2005.0,3.0,2.0,3.0,124.0,13.0,1.0,1.0,4.0,0.0,12.0,2.0,5.0,3.0,2.0,3.0,1976.0,3.0,6.0,3.0,131.0,16.0,1.0,2.0,8.0,3.0,12.0,1.0,2.0,3.0,2.0,2.0,1832.0,1.0,8.0,3.0,126.0,14.0,2.0,3.0,4.0,3.0,13.0,0.0,1.0,2.0,1.0,0.0,1763.0,2.0,1.0,2.0,126.0,15.0,1.0,1.0,3.0,1.0,14.0,2.0,1.0,0.0,0.0,2.0,1403.0,1.0,1.0,3.0,122.0,15.0,3.0,5.0,3.0,1.0,13.0,3.0,3.0,2.0,2.0,3.0,1997.0,3.0,4.0,3.0,125.0,27.0,3.0,4.0,10.0,3.0,15.0,4.0,3.0,6.0,4.0,0.0,1933.0,3.0,14.0,5.0,124.0,27.0,3.0,3.0,6.0,2.0,19.0,2.0,3.0,4.0,3.0,2.0,1906.0,3.0,2.0,4.0,129.0,18.0,2.0,3.0,5.0,6.0,15.0,3.0,2.0,0.0,5.0,2.0,2394.0,1.0,4.0,3.0,140.0,45.0,3.0,5.0,5.0,3.0,40.0,4.0,3.0,2.0,3.0,3.0,2082.0,2.0,7.0,5.0,147.0,33.0,3.0,4.0,5.0,3.0,23.0,5.0,5.0,5.0,2.0,3.0,2475.0,2.0,5.0,5.0,freqmine
796.0,523.0,467.0,506.0,504.0,494.0,473.0,470.0,482.0,484.0,457.0,461.0,3291.0,524.0,510.0,518.0,268.0,6.0,4.0,6.0,12.0,8.0,5.0,5.0,5.0,5.0,4.0,4.0,1546.0,2.0,11.0,6.0,232.0,1.0,0.0,2.0,4.0,5.0,1.0,1.0,2.0,1.0,0.0,1.0,1906.0,2.0,2.0,2.0,251.0,3.0,3.0,5.0,5.0,3.0,2.0,3.0,6.0,4.0,1.0,1.0,1654.0,5.0,6.0,1.0,251.0,7.0,3.0,4.0,4.0,5.0,3.0,2.0,10.0,4.0,4.0,4.0,1769.0,4.0,4.0,2.0,245.0,4.0,2.0,2.0,5.0,1.0,1.0,2.0,4.0,2.0,0.0,1.0,1903.0,5.0,6.0,2.0,242.0,4.0,1.0,3.0,11.0,1.0,0.0,1.0,2.0,2.0,0.0,1.0,1999.0,3.0,13.0,5.0,240.0,3.0,0.0,1.0,7.0,0.0,1.0,1.0,2.0,2.0,0.0,0.0,1875.0,2.0,7.0,2.0,242.0,3.0,3.0,2.0,3.0,3.0,2.0,2.0,4.0,3.0,2.0,2.0,1704.0,4.0,6.0,3.0,243.0,3.0,1.0,4.0,4.0,5.0,1.0,2.0,3.0,3.0,2.0,1.0,1393.0,4.0,3.0,3.0,228.0,2.0,1.0,1.0,4.0,0.0,1.0,1.0,4.0,4.0,1.0,1.0,1901.0,3.0,3.0,4.0,237.0,5.0,6.0,2.0,12.0,4.0,4.0,3.0,8.0,7.0,1.0,2.0,1893.0,3.0,9.0,2.0,254.0,2.0,2.0,1.0,4.0,4.0,4.0,5.0,4.0,5.0,2.0,5.0,2033.0,3.0,4.0,3.0,260.0,6.0,9.0,5.0,7.0,9.0,3.0,6.0,12.0,8.0,4.0,9.0,2436.0,6.0,7.0,7.0,255.0,3.0,2.0,4.0,4.0,5.0,4.0,5.0,6.0,4.0,4.0,3.0,2227.0,4.0,3.0,6.0,257.0,6.0,2.0,2.0,3.0,3.0,1.0,1.0,3.0,5.0,4.0,1.0,2413.0,5.0,5.0,2.0,freqmine
616.0,453.0,389.0,413.0,417.0,418.0,380.0,396.0,403.0,381.0,370.0,378.0,3384.0,418.0,402.0,439.0,173.0,7.0,5.0,5.0,9.0,4.0,5.0,6.0,5.0,6.0,4.0,6.0,1587.0,7.0,10.0,5.0,142.0,5.0,2.0,5.0,2.0,1.0,1.0,1.0,2.0,2.0,2.0,1.0,1922.0,2.0,3.0,3.0,157.0,5.0,0.0,4.0,1.0,4.0,1.0,0.0,0.0,3.0,2.0,3.0,1658.0,3.0,1.0,6.0,153.0,5.0,2.0,2.0,4.0,3.0,1.0,3.0,1.0,5.0,2.0,5.0,1664.0,4.0,4.0,5.0,156.0,4.0,4.0,7.0,3.0,2.0,3.0,2.0,1.0,3.0,3.0,5.0,1977.0,1.0,1.0,6.0,137.0,3.0,0.0,3.0,7.0,3.0,2.0,2.0,2.0,2.0,1.0,1.0,2076.0,2.0,4.0,3.0,143.0,4.0,2.0,3.0,2.0,2.0,2.0,1.0,3.0,1.0,1.0,2.0,1845.0,3.0,4.0,2.0,146.0,6.0,1.0,6.0,5.0,5.0,2.0,3.0,2.0,3.0,2.0,4.0,1713.0,3.0,3.0,5.0,135.0,4.0,1.0,4.0,2.0,1.0,1.0,1.0,3.0,2.0,1.0,1.0,1464.0,1.0,3.0,2.0,132.0,5.0,3.0,4.0,3.0,3.0,2.0,3.0,3.0,1.0,1.0,2.0,1996.0,3.0,3.0,3.0,135.0,4.0,2.0,6.0,5.0,4.0,0.0,2.0,1.0,1.0,1.0,2.0,1976.0,0.0,6.0,3.0,145.0,3.0,1.0,3.0,3.0,2.0,1.0,1.0,1.0,1.0,2.0,2.0,2080.0,1.0,1.0,3.0,158.0,5.0,5.0,7.0,7.0,3.0,3.0,5.0,2.0,1.0,3.0,3.0,2520.0,4.0,6.0,5.0,147.0,6.0,5.0,5.0,5.0,4.0,3.0,3.0,4.0,5.0,2.0,5.0,2199.0,7.0,6.0,5.0,164.0,5.0,4.0,5.0,5.0,4.0,3.0,3.0,5.0,2.0,1.0,3.0,2398.0,4.0,4.0,8.0,freqmine
810.0,547.0,484.0,519.0,505.0,522.0,475.0,492.0,494.0,488.0,467.0,477.0,3287.0,528.0,515.0,556.0,268.0,6.0,4.0,5.0,7.0,8.0,3.0,4.0,6.0,5.0,4.0,5.0,1545.0,5.0,8.0,9.0,238.0,3.0,2.0,3.0,4.0,4.0,2.0,2.0,1.0,3.0,0.0,3.0,1739.0,2.0,2.0,5.0,258.0,4.0,4.0,0.0,7.0,3.0,5.0,4.0,4.0,1.0,1.0,3.0,1644.0,3.0,5.0,4.0,252.0,5.0,4.0,4.0,4.0,6.0,2.0,1.0,3.0,2.0,3.0,5.0,1597.0,2.0,3.0,6.0,261.0,7.0,1.0,2.0,5.0,6.0,3.0,3.0,5.0,3.0,1.0,2.0,2004.0,4.0,5.0,4.0,239.0,5.0,2.0,2.0,2.0,1.0,1.0,1.0,1.0,2.0,0.0,3.0,2011.0,1.0,8.0,3.0,244.0,5.0,2.0,4.0,5.0,4.0,1.0,4.0,1.0,3.0,1.0,3.0,1822.0,4.0,4.0,6.0,244.0,3.0,2.0,2.0,4.0,2.0,3.0,3.0,3.0,1.0,1.0,4.0,1609.0,3.0,3.0,3.0,241.0,3.0,3.0,0.0,5.0,1.0,2.0,4.0,0.0,1.0,0.0,3.0,1441.0,4.0,3.0,5.0,232.0,4.0,2.0,2.0,4.0,1.0,2.0,2.0,1.0,4.0,2.0,2.0,2083.0,3.0,3.0,3.0,238.0,4.0,2.0,2.0,3.0,2.0,2.0,3.0,3.0,3.0,1.0,6.0,1931.0,3.0,5.0,6.0,256.0,5.0,4.0,2.0,2.0,1.0,4.0,3.0,5.0,2.0,2.0,3.0,2029.0,1.0,2.0,3.0,259.0,8.0,5.0,4.0,5.0,5.0,2.0,5.0,3.0,5.0,3.0,8.0,2421.0,5.0,3.0,7.0,257.0,6.0,3.0,4.0,6.0,4.0,3.0,6.0,5.0,5.0,2.0,4.0,2148.0,3.0,6.0,6.0,275.0,6.0,5.0,4.0,5.0,6.0,5.0,5.0,3.0,6.0,3.0,4.0,2324.0,5.0,5.0,6.0,freqmine
626.0,471.0,394.0,426.0,424.0,429.0,390.0,404.0,401.0,404.0,375.0,392.0,3382.0,433.0,441.0,460.0,192.0,5.0,7.0,6.0,6.0,3.0,6.0,5.0,4.0,4.0,4.0,5.0,1759.0,6.0,7.0,5.0,156.0,3.0,2.0,3.0,4.0,0.0,0.0,2.0,2.0,0.0,1.0,1.0,1921.0,3.0,2.0,2.0,169.0,5.0,3.0,4.0,3.0,5.0,1.0,3.0,3.0,5.0,2.0,4.0,1872.0,4.0,2.0,3.0,167.0,3.0,2.0,3.0,3.0,2.0,1.0,3.0,4.0,2.0,2.0,4.0,1715.0,4.0,5.0,4.0,168.0,4.0,5.0,3.0,4.0,2.0,1.0,4.0,3.0,4.0,2.0,3.0,2015.0,5.0,2.0,3.0,149.0,2.0,1.0,2.0,3.0,1.0,1.0,3.0,2.0,1.0,1.0,1.0,2054.0,3.0,3.0,4.0,160.0,4.0,2.0,2.0,3.0,1.0,4.0,0.0,4.0,3.0,1.0,2.0,2009.0,2.0,5.0,3.0,156.0,4.0,3.0,3.0,4.0,3.0,0.0,2.0,2.0,4.0,1.0,1.0,1806.0,3.0,3.0,5.0,158.0,4.0,2.0,4.0,3.0,6.0,2.0,1.0,4.0,4.0,2.0,4.0,1508.0,3.0,3.0,4.0,144.0,4.0,3.0,4.0,4.0,3.0,2.0,2.0,3.0,2.0,2.0,3.0,2046.0,3.0,1.0,4.0,151.0,4.0,2.0,3.0,5.0,4.0,2.0,0.0,1.0,2.0,1.0,4.0,1970.0,4.0,4.0,2.0,161.0,4.0,3.0,1.0,4.0,3.0,2.0,3.0,3.0,2.0,1.0,2.0,2101.0,2.0,1.0,1.0,175.0,5.0,2.0,4.0,4.0,4.0,4.0,3.0,4.0,4.0,1.0,3.0,2433.0,3.0,6.0,5.0,177.0,4.0,5.0,4.0,6.0,4.0,4.0,3.0,4.0,3.0,3.0,4.0,2245.0,6.0,1.0,6.0,187.0,5.0,4.0,4.0,6.0,3.0,4.0,3.0,6.0,4.0,4.0,4.0,2562.0,5.0,5.0,4.0,freqmine
764.0,524.0,464.0,485.0,493.0,498.0,465.0,461.0,474.0,454.0,445.0,456.0,3301.0,497.0,481.0,483.0,252.0,5.0,4.0,4.0,7.0,7.0,3.0,4.0,5.0,4.0,3.0,3.0,1526.0,5.0,8.0,6.0,224.0,3.0,1.0,2.0,5.0,3.0,3.0,1.0,2.0,4.0,1.0,2.0,1872.0,3.0,4.0,5.0,235.0,3.0,1.0,3.0,4.0,0.0,1.0,1.0,2.0,1.0,1.0,0.0,1726.0,2.0,4.0,4.0,237.0,6.0,3.0,2.0,4.0,3.0,4.0,2.0,2.0,3.0,2.0,2.0,1775.0,3.0,3.0,1.0,244.0,3.0,0.0,3.0,6.0,3.0,3.0,1.0,3.0,2.0,2.0,2.0,2029.0,3.0,1.0,6.0,225.0,3.0,2.0,2.0,4.0,4.0,2.0,1.0,2.0,2.0,0.0,1.0,2055.0,1.0,7.0,4.0,223.0,2.0,4.0,2.0,3.0,2.0,0.0,4.0,1.0,1.0,1.0,2.0,1967.0,3.0,5.0,1.0,233.0,3.0,1.0,1.0,3.0,3.0,3.0,2.0,2.0,0.0,3.0,3.0,1743.0,3.0,4.0,2.0,217.0,2.0,2.0,2.0,5.0,2.0,2.0,1.0,2.0,0.0,0.0,0.0,1487.0,2.0,2.0,1.0,216.0,3.0,1.0,1.0,3.0,2.0,1.0,2.0,2.0,1.0,1.0,1.0,2050.0,3.0,3.0,4.0,222.0,3.0,3.0,1.0,4.0,2.0,1.0,3.0,5.0,1.0,0.0,0.0,2158.0,2.0,7.0,2.0,224.0,2.0,1.0,2.0,2.0,1.0,0.0,0.0,3.0,1.0,0.0,0.0,1962.0,2.0,2.0,3.0,239.0,4.0,5.0,4.0,5.0,5.0,0.0,3.0,4.0,3.0,4.0,3.0,2465.0,5.0,4.0,3.0,233.0,4.0,3.0,5.0,7.0,4.0,3.0,4.0,5.0,4.0,3.0,3.0,2068.0,5.0,7.0,6.0,233.0,6.0,2.0,4.0,4.0,5.0,2.0,2.0,2.0,1.0,2.0,3.0,2486.0,3.0,5.0,7.0,freqmine
661.0,475.0,404.0,431.0,443.0,417.0,403.0,408.0,413.0,411.0,441.0,415.0,3268.0,424.0,466.0,455.0,205.0,7.0,6.0,5.0,5.0,3.0,5.0,5.0,4.0,5.0,21.0,6.0,1584.0,4.0,12.0,6.0,167.0,4.0,3.0,3.0,2.0,2.0,2.0,3.0,1.0,2.0,20.0,2.0,1790.0,1.0,2.0,3.0,179.0,6.0,3.0,3.0,5.0,4.0,3.0,3.0,2.0,2.0,21.0,3.0,1648.0,2.0,6.0,5.0,189.0,5.0,3.0,4.0,5.0,6.0,3.0,5.0,4.0,4.0,33.0,3.0,1611.0,3.0,6.0,7.0,175.0,6.0,2.0,2.0,4.0,2.0,2.0,2.0,1.0,3.0,20.0,2.0,1882.0,1.0,6.0,4.0,166.0,5.0,2.0,0.0,3.0,1.0,1.0,1.0,0.0,3.0,24.0,2.0,1875.0,3.0,7.0,4.0,169.0,6.0,3.0,1.0,5.0,1.0,2.0,1.0,1.0,1.0,18.0,2.0,1839.0,0.0,7.0,7.0,172.0,4.0,3.0,1.0,4.0,2.0,1.0,1.0,1.0,3.0,15.0,1.0,1613.0,1.0,2.0,3.0,168.0,5.0,2.0,2.0,3.0,0.0,3.0,2.0,1.0,1.0,14.0,2.0,1486.0,2.0,4.0,4.0,168.0,5.0,3.0,4.0,7.0,1.0,4.0,3.0,5.0,3.0,14.0,7.0,1926.0,6.0,7.0,7.0,173.0,5.0,5.0,3.0,3.0,2.0,3.0,1.0,2.0,4.0,17.0,3.0,2050.0,3.0,7.0,6.0,169.0,5.0,2.0,2.0,4.0,3.0,3.0,3.0,4.0,0.0,19.0,1.0,2173.0,2.0,3.0,3.0,175.0,5.0,2.0,2.0,5.0,0.0,5.0,3.0,5.0,5.0,18.0,3.0,2403.0,4.0,4.0,3.0,195.0,5.0,4.0,3.0,5.0,3.0,4.0,3.0,1.0,3.0,51.0,3.0,2109.0,2.0,5.0,2.0,190.0,5.0,3.0,3.0,3.0,4.0,4.0,6.0,2.0,4.0,29.0,3.0,2289.0,2.0,3.0,6.0,freqmine
802.0,525.0,466.0,491.0,474.0,498.0,452.0,489.0,482.0,475.0,458.0,461.0,3446.0,507.0,506.0,511.0,249.0,5.0,6.0,5.0,6.0,5.0,4.0,7.0,3.0,5.0,3.0,2.0,1711.0,5.0,3.0,7.0,221.0,3.0,1.0,1.0,5.0,1.0,1.0,2.0,4.0,0.0,0.0,1.0,1941.0,2.0,2.0,3.0,235.0,3.0,2.0,1.0,4.0,3.0,2.0,3.0,4.0,4.0,1.0,4.0,1775.0,3.0,1.0,1.0,228.0,6.0,1.0,3.0,3.0,6.0,0.0,3.0,3.0,3.0,4.0,2.0,1743.0,3.0,1.0,1.0,239.0,4.0,2.0,3.0,4.0,3.0,1.0,4.0,5.0,3.0,1.0,5.0,2146.0,4.0,2.0,2.0,212.0,5.0,2.0,5.0,4.0,2.0,2.0,4.0,2.0,1.0,2.0,2.0,2145.0,2.0,3.0,2.0,231.0,3.0,1.0,5.0,2.0,4.0,1.0,5.0,3.0,3.0,1.0,0.0,1950.0,3.0,3.0,2.0,230.0,4.0,0.0,4.0,4.0,2.0,1.0,6.0,2.0,2.0,2.0,2.0,1813.0,4.0,3.0,3.0,225.0,5.0,1.0,2.0,2.0,4.0,1.0,4.0,3.0,3.0,1.0,2.0,1527.0,4.0,2.0,3.0,222.0,7.0,4.0,7.0,15.0,5.0,6.0,9.0,7.0,8.0,1.0,1.0,1957.0,3.0,8.0,6.0,222.0,3.0,1.0,5.0,3.0,2.0,0.0,3.0,4.0,3.0,2.0,3.0,2027.0,5.0,2.0,3.0,226.0,5.0,3.0,2.0,3.0,1.0,1.0,4.0,0.0,2.0,1.0,3.0,2171.0,3.0,2.0,2.0,246.0,6.0,3.0,4.0,6.0,4.0,2.0,4.0,5.0,2.0,3.0,1.0,2592.0,3.0,4.0,7.0,245.0,4.0,2.0,3.0,3.0,3.0,2.0,6.0,5.0,3.0,5.0,3.0,2287.0,6.0,1.0,5.0,248.0,4.0,3.0,3.0,5.0,3.0,2.0,4.0,5.0,4.0,2.0,2.0,2442.0,4.0,4.0,0.0,freqmine
684.0,479.0,428.0,449.0,448.0,444.0,418.0,432.0,448.0,425.0,407.0,416.0,3288.0,455.0,493.0,468.0,211.0,5.0,5.0,10.0,7.0,6.0,6.0,4.0,6.0,5.0,4.0,7.0,1633.0,7.0,19.0,7.0,179.0,3.0,2.0,2.0,3.0,1.0,2.0,2.0,0.0,2.0,0.0,2.0,1869.0,2.0,16.0,3.0,190.0,3.0,3.0,6.0,6.0,4.0,4.0,6.0,4.0,1.0,2.0,2.0,1576.0,4.0,21.0,7.0,190.0,4.0,4.0,3.0,4.0,3.0,4.0,1.0,2.0,1.0,2.0,3.0,1722.0,3.0,26.0,4.0,192.0,3.0,2.0,6.0,2.0,3.0,2.0,3.0,2.0,1.0,1.0,2.0,1893.0,4.0,13.0,7.0,177.0,4.0,3.0,4.0,2.0,2.0,3.0,3.0,3.0,2.0,1.0,3.0,2024.0,4.0,17.0,6.0,188.0,6.0,5.0,5.0,5.0,3.0,3.0,3.0,3.0,3.0,3.0,6.0,1949.0,5.0,18.0,8.0,191.0,5.0,3.0,4.0,2.0,3.0,3.0,0.0,5.0,1.0,2.0,4.0,1790.0,1.0,15.0,6.0,178.0,2.0,3.0,5.0,5.0,3.0,2.0,1.0,2.0,3.0,1.0,1.0,1467.0,0.0,15.0,6.0,176.0,3.0,4.0,3.0,7.0,2.0,2.0,2.0,3.0,3.0,1.0,3.0,1922.0,3.0,37.0,6.0,174.0,5.0,4.0,3.0,5.0,3.0,3.0,3.0,5.0,1.0,1.0,3.0,1795.0,3.0,17.0,5.0,190.0,2.0,3.0,0.0,2.0,1.0,1.0,1.0,1.0,0.0,1.0,1.0,2185.0,2.0,37.0,7.0,196.0,3.0,5.0,5.0,5.0,3.0,4.0,4.0,1.0,4.0,3.0,4.0,2399.0,8.0,15.0,7.0,195.0,5.0,3.0,9.0,7.0,5.0,5.0,3.0,5.0,4.0,3.0,4.0,2063.0,4.0,40.0,13.0,199.0,5.0,3.0,3.0,2.0,2.0,3.0,3.0,2.0,1.0,1.0,3.0,2510.0,3.0,37.0,11.0,freqmine
743.0,505.0,451.0,477.0,466.0,488.0,449.0,470.0,465.0,469.0,440.0,451.0,3386.0,488.0,477.0,478.0,234.0,5.0,5.0,3.0,5.0,4.0,3.0,5.0,6.0,4.0,3.0,2.0,1659.0,3.0,5.0,6.0,212.0,2.0,1.0,4.0,2.0,4.0,0.0,3.0,2.0,1.0,1.0,1.0,1848.0,2.0,2.0,5.0,225.0,7.0,3.0,5.0,3.0,5.0,3.0,4.0,3.0,5.0,3.0,2.0,1776.0,4.0,4.0,4.0,224.0,3.0,2.0,4.0,1.0,3.0,2.0,6.0,1.0,2.0,3.0,1.0,1725.0,4.0,4.0,5.0,233.0,5.0,1.0,1.0,4.0,3.0,3.0,3.0,2.0,4.0,3.0,2.0,1971.0,2.0,6.0,4.0,212.0,1.0,1.0,2.0,3.0,2.0,1.0,1.0,1.0,2.0,0.0,1.0,2111.0,1.0,3.0,4.0,220.0,2.0,1.0,3.0,4.0,3.0,2.0,4.0,5.0,3.0,3.0,2.0,1978.0,3.0,1.0,2.0,222.0,3.0,1.0,3.0,5.0,3.0,1.0,6.0,1.0,4.0,0.0,1.0,1791.0,4.0,3.0,2.0,221.0,4.0,2.0,3.0,1.0,2.0,2.0,4.0,3.0,2.0,1.0,1.0,1405.0,4.0,1.0,3.0,206.0,3.0,2.0,3.0,4.0,0.0,3.0,5.0,1.0,3.0,1.0,1.0,2032.0,3.0,5.0,3.0,213.0,1.0,1.0,3.0,2.0,2.0,4.0,5.0,3.0,3.0,5.0,2.0,1885.0,2.0,5.0,5.0,213.0,6.0,3.0,3.0,3.0,2.0,0.0,1.0,1.0,1.0,1.0,4.0,2079.0,0.0,2.0,1.0,228.0,5.0,2.0,5.0,5.0,3.0,4.0,5.0,5.0,3.0,6.0,4.0,2430.0,1.0,8.0,6.0,230.0,6.0,4.0,4.0,9.0,3.0,2.0,8.0,8.0,6.0,9.0,7.0,2184.0,8.0,13.0,9.0,226.0,5.0,3.0,6.0,6.0,7.0,3.0,4.0,3.0,4.0,4.0,3.0,2430.0,5.0,3.0,3.0,freqmine
0.0,0.0,0.0,0.0,0.0,0.0,0.0,0.0,0.0,0.0,0.0,0.0,0.0,0.0,0.0,0.0,0.0,0.0,0.0,0.0,0.0,0.0,0.0,0.0,0.0,0.0,0.0,0.0,0.0,0.0,0.0,0.0,0.0,0.0,0.0,0.0,0.0,0.0,0.0,0.0,0.0,0.0,0.0,0.0,0.0,0.0,0.0,0.0,0.0,0.0,0.0,0.0,0.0,0.0,0.0,0.0,0.0,0.0,0.0,0.0,0.0,0.0,0.0,0.0,0.0,0.0,0.0,0.0,0.0,0.0,0.0,0.0,0.0,0.0,0.0,0.0,0.0,0.0,0.0,0.0,0.0,0.0,0.0,0.0,0.0,0.0,0.0,0.0,0.0,0.0,0.0,0.0,0.0,0.0,0.0,0.0,0.0,0.0,0.0,0.0,0.0,0.0,0.0,0.0,0.0,0.0,0.0,0.0,0.0,0.0,0.0,0.0,0.0,0.0,0.0,0.0,0.0,0.0,0.0,0.0,0.0,0.0,0.0,0.0,0.0,0.0,0.0,0.0,0.0,0.0,0.0,0.0,0.0,0.0,0.0,0.0,0.0,0.0,0.0,0.0,0.0,0.0,0.0,0.0,0.0,0.0,0.0,0.0,0.0,0.0,0.0,0.0,0.0,0.0,0.0,0.0,0.0,0.0,0.0,0.0,0.0,0.0,0.0,0.0,0.0,0.0,0.0,0.0,0.0,0.0,0.0,0.0,0.0,0.0,0.0,0.0,0.0,0.0,0.0,0.0,0.0,0.0,0.0,0.0,0.0,0.0,0.0,0.0,0.0,0.0,0.0,0.0,0.0,0.0,0.0,0.0,0.0,0.0,0.0,0.0,0.0,0.0,0.0,0.0,0.0,0.0,0.0,0.0,0.0,0.0,0.0,0.0,0.0,0.0,0.0,0.0,0.0,0.0,0.0,0.0,0.0,0.0,0.0,0.0,0.0,0.0,0.0,0.0,0.0,0.0,0.0,0.0,0.0,0.0,0.0,0.0,0.0,0.0,0.0,0.0,0.0,0.0,0.0,0.0,0.0,0.0,0.0,0.0,0.0,0.0,0.0,0.0,0.0,0.0,0.0,0.0,freqmine
727.0,519.0,451.0,475.0,473.0,491.0,446.0,474.0,470.0,481.0,448.0,459.0,3383.0,497.0,476.0,496.0,237.0,3.0,4.0,4.0,5.0,5.0,4.0,6.0,3.0,4.0,5.0,5.0,1582.0,6.0,6.0,7.0,202.0,5.0,2.0,3.0,5.0,3.0,3.0,1.0,2.0,3.0,2.0,2.0,1949.0,3.0,3.0,4.0,211.0,1.0,5.0,2.0,6.0,3.0,1.0,3.0,4.0,2.0,0.0,4.0,1774.0,6.0,3.0,5.0,210.0,3.0,2.0,3.0,3.0,6.0,2.0,2.0,3.0,2.0,2.0,2.0,1830.0,2.0,3.0,2.0,225.0,2.0,5.0,5.0,4.0,6.0,1.0,3.0,4.0,2.0,2.0,2.0,2024.0,4.0,2.0,3.0,197.0,4.0,1.0,2.0,4.0,2.0,1.0,1.0,2.0,1.0,4.0,2.0,2070.0,3.0,1.0,3.0,217.0,5.0,3.0,4.0,3.0,5.0,1.0,3.0,3.0,3.0,2.0,4.0,1850.0,6.0,4.0,6.0,213.0,3.0,2.0,3.0,2.0,3.0,2.0,1.0,3.0,1.0,3.0,3.0,1835.0,2.0,2.0,4.0,214.0,3.0,2.0,2.0,3.0,4.0,2.0,3.0,2.0,4.0,2.0,3.0,1526.0,3.0,4.0,4.0,204.0,4.0,3.0,3.0,6.0,5.0,3.0,2.0,4.0,2.0,1.0,2.0,2115.0,5.0,5.0,3.0,205.0,5.0,3.0,2.0,4.0,4.0,2.0,3.0,1.0,2.0,3.0,3.0,1992.0,6.0,3.0,3.0,205.0,2.0,3.0,0.0,2.0,1.0,2.0,1.0,2.0,1.0,0.0,0.0,1991.0,2.0,0.0,4.0,228.0,4.0,4.0,2.0,4.0,6.0,2.0,4.0,3.0,3.0,4.0,6.0,2482.0,7.0,2.0,4.0,219.0,3.0,4.0,4.0,11.0,5.0,4.0,3.0,4.0,4.0,4.0,3.0,2136.0,4.0,5.0,5.0,223.0,6.0,4.0,2.0,5.0,3.0,5.0,5.0,2.0,4.0,2.0,4.0,2483.0,4.0,5.0,9.0,freqmine
809.0,506.0,445.0,467.0,481.0,479.0,447.0,455.0,453.0,459.0,428.0,451.0,3289.0,483.0,505.0,494.0,238.0,6.0,6.0,6.0,7.0,5.0,3.0,3.0,7.0,6.0,3.0,5.0,1679.0,6.0,6.0,6.0,212.0,1.0,1.0,2.0,1.0,2.0,0.0,2.0,1.0,1.0,1.0,1.0,1863.0,2.0,5.0,2.0,224.0,3.0,1.0,2.0,3.0,4.0,2.0,2.0,0.0,2.0,3.0,2.0,1792.0,0.0,4.0,4.0,229.0,3.0,3.0,1.0,5.0,4.0,5.0,3.0,3.0,2.0,3.0,4.0,1761.0,4.0,5.0,3.0,225.0,5.0,2.0,3.0,6.0,4.0,2.0,4.0,2.0,4.0,3.0,4.0,1978.0,4.0,6.0,7.0,210.0,1.0,3.0,3.0,2.0,3.0,0.0,2.0,2.0,3.0,0.0,2.0,2159.0,3.0,2.0,1.0,214.0,3.0,1.0,3.0,5.0,2.0,2.0,0.0,3.0,3.0,3.0,2.0,1908.0,1.0,3.0,4.0,209.0,4.0,2.0,2.0,2.0,4.0,2.0,2.0,0.0,3.0,0.0,3.0,1807.0,2.0,6.0,4.0,215.0,4.0,2.0,2.0,5.0,3.0,2.0,2.0,2.0,0.0,2.0,2.0,1565.0,2.0,4.0,1.0,200.0,4.0,2.0,2.0,6.0,1.0,2.0,3.0,1.0,3.0,1.0,2.0,1982.0,2.0,6.0,4.0,213.0,4.0,1.0,3.0,3.0,2.0,0.0,3.0,3.0,3.0,3.0,4.0,1954.0,4.0,7.0,6.0,213.0,2.0,0.0,1.0,3.0,1.0,1.0,1.0,1.0,1.0,2.0,2.0,2108.0,1.0,3.0,4.0,227.0,5.0,2.0,6.0,3.0,1.0,3.0,4.0,3.0,5.0,5.0,3.0,2333.0,5.0,7.0,6.0,244.0,6.0,4.0,4.0,11.0,5.0,2.0,5.0,6.0,6.0,5.0,6.0,2212.0,8.0,13.0,7.0,234.0,4.0,4.0,6.0,4.0,6.0,1.0,2.0,5.0,3.0,3.0,3.0,2480.0,8.0,6.0,3.0,freqmine
765.0,502.0,452.0,476.0,479.0,477.0,450.0,456.0,463.0,465.0,441.0,440.0,3306.0,477.0,474.0,480.0,235.0,5.0,5.0,4.0,6.0,4.0,5.0,4.0,2.0,2.0,3.0,3.0,1485.0,4.0,5.0,5.0,210.0,3.0,1.0,1.0,4.0,4.0,1.0,1.0,1.0,1.0,1.0,1.0,1820.0,1.0,1.0,4.0,223.0,5.0,1.0,3.0,4.0,1.0,3.0,2.0,4.0,3.0,0.0,0.0,1775.0,2.0,5.0,0.0,229.0,6.0,3.0,4.0,5.0,4.0,3.0,3.0,3.0,6.0,4.0,2.0,1862.0,4.0,4.0,5.0,225.0,5.0,3.0,4.0,5.0,1.0,4.0,2.0,3.0,1.0,2.0,2.0,1786.0,2.0,3.0,2.0,211.0,6.0,2.0,3.0,7.0,3.0,4.0,2.0,1.0,1.0,2.0,2.0,2130.0,2.0,3.0,3.0,215.0,2.0,2.0,1.0,3.0,1.0,3.0,2.0,1.0,1.0,0.0,1.0,2020.0,4.0,3.0,2.0,221.0,3.0,1.0,2.0,6.0,1.0,1.0,2.0,2.0,1.0,2.0,0.0,1783.0,4.0,1.0,0.0,219.0,2.0,1.0,3.0,4.0,1.0,2.0,2.0,1.0,3.0,0.0,1.0,1475.0,3.0,3.0,5.0,209.0,4.0,2.0,2.0,4.0,2.0,4.0,2.0,4.0,1.0,1.0,2.0,1927.0,2.0,3.0,2.0,207.0,3.0,3.0,1.0,4.0,2.0,5.0,2.0,2.0,2.0,2.0,2.0,1871.0,4.0,3.0,4.0,216.0,6.0,2.0,1.0,5.0,2.0,3.0,1.0,1.0,2.0,4.0,3.0,2038.0,1.0,3.0,2.0,227.0,5.0,6.0,4.0,8.0,4.0,1.0,2.0,4.0,5.0,1.0,4.0,2322.0,0.0,5.0,1.0,227.0,4.0,4.0,6.0,5.0,4.0,6.0,2.0,2.0,2.0,1.0,2.0,2164.0,2.0,5.0,3.0,231.0,5.0,3.0,2.0,6.0,2.0,4.0,4.0,2.0,5.0,2.0,4.0,2435.0,1.0,3.0,5.0,freqmine
769.0,512.0,453.0,500.0,467.0,479.0,454.0,467.0,468.0,460.0,447.0,460.0,3296.0,479.0,491.0,489.0,241.0,3.0,2.0,6.0,5.0,4.0,4.0,4.0,6.0,4.0,3.0,3.0,1590.0,6.0,5.0,4.0,211.0,4.0,0.0,3.0,3.0,0.0,3.0,0.0,6.0,4.0,1.0,2.0,1889.0,2.0,4.0,0.0,238.0,4.0,1.0,6.0,3.0,5.0,3.0,2.0,3.0,3.0,2.0,2.0,1776.0,6.0,2.0,5.0,220.0,3.0,1.0,3.0,2.0,4.0,2.0,1.0,4.0,1.0,1.0,4.0,1811.0,4.0,6.0,2.0,225.0,1.0,2.0,4.0,3.0,3.0,3.0,2.0,4.0,5.0,0.0,1.0,1955.0,3.0,4.0,4.0,213.0,1.0,1.0,1.0,2.0,1.0,1.0,2.0,6.0,2.0,0.0,0.0,1957.0,1.0,2.0,5.0,216.0,3.0,2.0,3.0,5.0,4.0,1.0,0.0,4.0,2.0,1.0,1.0,1970.0,2.0,2.0,1.0,218.0,4.0,3.0,3.0,3.0,5.0,5.0,1.0,6.0,5.0,1.0,3.0,1704.0,2.0,4.0,3.0,215.0,2.0,2.0,2.0,3.0,4.0,2.0,1.0,4.0,2.0,0.0,1.0,1391.0,2.0,3.0,2.0,212.0,4.0,2.0,3.0,2.0,1.0,2.0,4.0,5.0,3.0,1.0,1.0,1959.0,1.0,8.0,5.0,220.0,6.0,5.0,5.0,3.0,4.0,2.0,2.0,5.0,3.0,1.0,8.0,1815.0,3.0,6.0,5.0,219.0,3.0,0.0,3.0,1.0,0.0,3.0,1.0,4.0,1.0,2.0,3.0,2052.0,0.0,2.0,1.0,229.0,6.0,4.0,4.0,4.0,5.0,6.0,4.0,6.0,3.0,2.0,7.0,2458.0,8.0,6.0,8.0,234.0,4.0,3.0,3.0,6.0,5.0,4.0,6.0,9.0,7.0,7.0,6.0,2239.0,5.0,10.0,6.0,229.0,4.0,5.0,3.0,2.0,7.0,3.0,2.0,6.0,1.0,1.0,2.0,2378.0,3.0,5.0,1.0,freqmine
775.0,515.0,462.0,493.0,506.0,474.0,451.0,468.0,468.0,478.0,452.0,454.0,3313.0,506.0,491.0,501.0,250.0,4.0,6.0,7.0,9.0,6.0,4.0,3.0,6.0,7.0,3.0,6.0,1576.0,6.0,6.0,3.0,228.0,1.0,2.0,4.0,5.0,2.0,1.0,4.0,2.0,2.0,0.0,0.0,2017.0,6.0,3.0,6.0,240.0,2.0,4.0,2.0,5.0,4.0,2.0,3.0,5.0,3.0,1.0,3.0,1853.0,4.0,3.0,3.0,246.0,5.0,5.0,4.0,5.0,3.0,3.0,3.0,4.0,3.0,3.0,2.0,1714.0,8.0,5.0,3.0,232.0,5.0,2.0,2.0,5.0,4.0,1.0,1.0,5.0,1.0,1.0,2.0,2019.0,5.0,3.0,4.0,218.0,4.0,1.0,5.0,4.0,4.0,1.0,1.0,2.0,2.0,0.0,0.0,2150.0,5.0,4.0,1.0,224.0,4.0,1.0,4.0,5.0,4.0,4.0,2.0,3.0,3.0,1.0,1.0,1982.0,4.0,4.0,3.0,227.0,5.0,3.0,6.0,7.0,3.0,2.0,5.0,2.0,3.0,2.0,2.0,1655.0,7.0,5.0,6.0,232.0,6.0,4.0,4.0,6.0,3.0,4.0,2.0,5.0,3.0,4.0,2.0,1536.0,8.0,5.0,4.0,223.0,4.0,2.0,4.0,7.0,1.0,3.0,3.0,3.0,4.0,3.0,3.0,1926.0,7.0,5.0,5.0,220.0,4.0,5.0,4.0,7.0,2.0,2.0,4.0,3.0,2.0,1.0,0.0,1774.0,3.0,2.0,3.0,224.0,2.0,2.0,0.0,2.0,0.0,0.0,0.0,0.0,0.0,2.0,0.0,2194.0,4.0,2.0,1.0,248.0,6.0,3.0,6.0,4.0,2.0,3.0,6.0,5.0,3.0,4.0,2.0,2357.0,5.0,4.0,4.0,243.0,7.0,6.0,6.0,9.0,4.0,5.0,3.0,5.0,5.0,5.0,4.0,2207.0,9.0,7.0,6.0,244.0,4.0,1.0,4.0,6.0,2.0,4.0,3.0,3.0,5.0,4.0,3.0,2270.0,5.0,2.0,8.0,freqmine
831.0,534.0,478.0,506.0,495.0,507.0,464.0,490.0,495.0,491.0,462.0,467.0,3299.0,515.0,508.0,520.0,261.0,5.0,3.0,4.0,3.0,6.0,5.0,6.0,4.0,3.0,3.0,2.0,1649.0,6.0,4.0,9.0,234.0,4.0,1.0,3.0,2.0,5.0,2.0,0.0,1.0,0.0,1.0,1.0,1933.0,0.0,0.0,0.0,251.0,5.0,1.0,6.0,3.0,3.0,4.0,2.0,1.0,2.0,2.0,2.0,1757.0,3.0,5.0,4.0,246.0,4.0,3.0,5.0,2.0,6.0,3.0,4.0,3.0,4.0,3.0,4.0,1703.0,1.0,2.0,4.0,245.0,5.0,3.0,5.0,2.0,3.0,3.0,6.0,1.0,1.0,3.0,1.0,1786.0,3.0,3.0,2.0,227.0,2.0,2.0,2.0,4.0,2.0,0.0,3.0,1.0,2.0,0.0,3.0,2088.0,1.0,1.0,4.0,243.0,2.0,2.0,3.0,3.0,4.0,1.0,4.0,0.0,3.0,1.0,2.0,2077.0,3.0,2.0,3.0,241.0,2.0,2.0,2.0,3.0,3.0,2.0,1.0,3.0,2.0,1.0,2.0,1835.0,2.0,2.0,3.0,241.0,2.0,1.0,6.0,3.0,4.0,1.0,4.0,2.0,3.0,0.0,2.0,1544.0,1.0,2.0,4.0,227.0,3.0,3.0,4.0,2.0,4.0,1.0,3.0,3.0,2.0,1.0,1.0,2055.0,2.0,2.0,3.0,228.0,2.0,1.0,5.0,3.0,6.0,1.0,4.0,2.0,6.0,0.0,0.0,1771.0,6.0,1.0,3.0,241.0,4.0,2.0,3.0,2.0,2.0,1.0,0.0,0.0,2.0,0.0,1.0,2163.0,0.0,0.0,1.0,252.0,3.0,3.0,3.0,8.0,7.0,2.0,3.0,5.0,9.0,2.0,5.0,2400.0,7.0,5.0,4.0,251.0,2.0,3.0,6.0,4.0,6.0,3.0,4.0,3.0,6.0,1.0,2.0,2217.0,2.0,3.0,6.0,256.0,5.0,4.0,3.0,4.0,4.0,2.0,1.0,3.0,2.0,1.0,1.0,2408.0,4.0,5.0,0.0,freqmine
835.0,551.0,523.0,558.0,528.0,565.0,489.0,507.0,520.0,527.0,474.0,473.0,3338.0,506.0,559.0,530.0,277.0,4.0,11.0,5.0,8.0,9.0,5.0,4.0,9.0,10.0,4.0,4.0,1563.0,5.0,8.0,7.0,254.0,3.0,9.0,2.0,10.0,41.0,3.0,1.0,13.0,15.0,3.0,4.0,1818.0,5.0,17.0,12.0,278.0,5.0,15.0,5.0,6.0,12.0,3.0,3.0,11.0,12.0,4.0,1.0,1832.0,6.0,7.0,7.0,269.0,4.0,26.0,2.0,4.0,28.0,1.0,0.0,27.0,27.0,4.0,0.0,1781.0,4.0,4.0,7.0,277.0,3.0,10.0,3.0,8.0,8.0,4.0,1.0,25.0,12.0,5.0,5.0,1825.0,6.0,11.0,13.0,247.0,4.0,10.0,3.0,6.0,9.0,2.0,1.0,11.0,9.0,2.0,0.0,2141.0,3.0,5.0,4.0,253.0,3.0,7.0,5.0,3.0,7.0,2.0,0.0,12.0,6.0,2.0,1.0,1934.0,3.0,4.0,6.0,251.0,4.0,9.0,4.0,5.0,11.0,1.0,3.0,7.0,22.0,6.0,2.0,1755.0,5.0,9.0,8.0,250.0,5.0,9.0,2.0,5.0,9.0,2.0,2.0,6.0,6.0,6.0,3.0,1596.0,4.0,8.0,7.0,238.0,4.0,7.0,4.0,4.0,8.0,2.0,1.0,9.0,9.0,3.0,1.0,2005.0,3.0,6.0,5.0,236.0,3.0,7.0,3.0,3.0,7.0,2.0,2.0,6.0,6.0,2.0,1.0,1755.0,2.0,6.0,5.0,248.0,2.0,17.0,4.0,4.0,20.0,2.0,1.0,22.0,27.0,3.0,2.0,2085.0,2.0,2.0,3.0,256.0,3.0,9.0,9.0,3.0,9.0,2.0,2.0,10.0,5.0,2.0,1.0,2246.0,2.0,4.0,6.0,280.0,7.0,51.0,6.0,6.0,42.0,3.0,3.0,42.0,42.0,5.0,5.0,2107.0,4.0,12.0,9.0,265.0,2.0,20.0,4.0,4.0,28.0,3.0,5.0,20.0,25.0,5.0,5.0,2344.0,4.0,5.0,12.0,freqmine
811.0,546.0,504.0,527.0,552.0,521.0,490.0,499.0,514.0,501.0,483.0,480.0,3491.0,544.0,527.0,531.0,274.0,3.0,5.0,5.0,15.0,8.0,3.0,4.0,4.0,6.0,5.0,4.0,1674.0,8.0,7.0,6.0,256.0,3.0,3.0,1.0,20.0,3.0,1.0,2.0,0.0,0.0,2.0,1.0,1979.0,12.0,6.0,4.0,269.0,4.0,3.0,4.0,13.0,5.0,2.0,3.0,2.0,1.0,3.0,3.0,1830.0,6.0,2.0,4.0,263.0,5.0,7.0,6.0,29.0,8.0,7.0,5.0,7.0,5.0,6.0,6.0,1870.0,31.0,13.0,8.0,264.0,6.0,5.0,7.0,16.0,3.0,3.0,3.0,4.0,2.0,3.0,0.0,1886.0,10.0,9.0,6.0,244.0,1.0,4.0,2.0,12.0,4.0,1.0,1.0,3.0,1.0,2.0,1.0,2330.0,11.0,2.0,3.0,250.0,4.0,3.0,1.0,11.0,4.0,1.0,4.0,0.0,3.0,2.0,1.0,2006.0,10.0,5.0,3.0,262.0,5.0,6.0,3.0,22.0,6.0,3.0,5.0,3.0,4.0,3.0,5.0,1848.0,13.0,9.0,9.0,257.0,4.0,5.0,3.0,26.0,4.0,2.0,4.0,4.0,3.0,2.0,2.0,1471.0,16.0,10.0,8.0,248.0,4.0,4.0,6.0,17.0,5.0,1.0,3.0,4.0,3.0,4.0,3.0,2062.0,12.0,3.0,4.0,243.0,3.0,4.0,3.0,14.0,1.0,3.0,3.0,3.0,2.0,2.0,3.0,2035.0,9.0,0.0,3.0,244.0,2.0,1.0,2.0,22.0,2.0,3.0,2.0,2.0,2.0,2.0,1.0,2181.0,20.0,2.0,2.0,261.0,5.0,5.0,1.0,12.0,5.0,3.0,5.0,3.0,7.0,6.0,3.0,2327.0,13.0,5.0,5.0,267.0,3.0,7.0,5.0,53.0,6.0,3.0,5.0,5.0,5.0,5.0,3.0,2241.0,41.0,2.0,6.0,269.0,7.0,5.0,4.0,35.0,3.0,1.0,3.0,4.0,4.0,2.0,1.0,2567.0,22.0,6.0,4.0,freqmine
812.0,542.0,490.0,515.0,507.0,522.0,481.0,511.0,503.0,509.0,476.0,479.0,3367.0,525.0,514.0,521.0,278.0,7.0,3.0,5.0,4.0,4.0,3.0,4.0,5.0,4.0,2.0,3.0,1534.0,4.0,3.0,4.0,253.0,6.0,2.0,5.0,5.0,4.0,2.0,2.0,3.0,3.0,1.0,1.0,1854.0,3.0,7.0,3.0,262.0,3.0,2.0,2.0,6.0,3.0,2.0,2.0,3.0,2.0,1.0,2.0,1802.0,4.0,3.0,1.0,263.0,8.0,3.0,7.0,6.0,2.0,1.0,4.0,1.0,3.0,3.0,2.0,1618.0,6.0,8.0,3.0,264.0,5.0,0.0,2.0,6.0,4.0,2.0,3.0,1.0,3.0,3.0,2.0,1933.0,5.0,8.0,4.0,247.0,2.0,0.0,3.0,1.0,2.0,0.0,2.0,1.0,1.0,0.0,0.0,2026.0,1.0,1.0,2.0,262.0,3.0,0.0,4.0,3.0,2.0,2.0,1.0,4.0,2.0,1.0,3.0,1944.0,1.0,2.0,2.0,261.0,4.0,2.0,2.0,4.0,2.0,1.0,1.0,2.0,1.0,3.0,1.0,1743.0,3.0,5.0,1.0,260.0,5.0,2.0,3.0,4.0,2.0,1.0,3.0,2.0,1.0,1.0,2.0,1525.0,1.0,5.0,3.0,243.0,4.0,2.0,3.0,3.0,4.0,2.0,3.0,4.0,3.0,2.0,2.0,1906.0,3.0,3.0,4.0,245.0,3.0,0.0,2.0,2.0,2.0,0.0,2.0,1.0,2.0,2.0,0.0,1846.0,2.0,1.0,1.0,250.0,4.0,3.0,4.0,5.0,2.0,1.0,3.0,6.0,1.0,1.0,2.0,2219.0,2.0,3.0,2.0,270.0,6.0,4.0,5.0,7.0,2.0,4.0,5.0,5.0,5.0,3.0,4.0,2410.0,2.0,8.0,6.0,262.0,8.0,4.0,4.0,6.0,4.0,3.0,4.0,3.0,2.0,2.0,1.0,2155.0,2.0,5.0,1.0,267.0,6.0,1.0,4.0,3.0,3.0,3.0,4.0,1.0,5.0,3.0,3.0,2439.0,4.0,0.0,3.0,freqmine
822.0,554.0,501.0,501.0,492.0,502.0,490.0,495.0,496.0,491.0,475.0,479.0,3359.0,510.0,508.0,509.0,281.0,6.0,5.0,8.0,7.0,4.0,4.0,7.0,3.0,3.0,4.0,2.0,1594.0,6.0,4.0,4.0,252.0,2.0,3.0,4.0,7.0,2.0,3.0,4.0,2.0,2.0,2.0,1.0,1955.0,3.0,4.0,3.0,255.0,5.0,3.0,4.0,4.0,2.0,2.0,2.0,0.0,1.0,1.0,1.0,1748.0,2.0,0.0,2.0,256.0,4.0,5.0,3.0,7.0,5.0,3.0,3.0,4.0,1.0,2.0,0.0,1789.0,2.0,6.0,0.0,258.0,3.0,3.0,5.0,6.0,2.0,2.0,2.0,2.0,2.0,0.0,1.0,1873.0,1.0,2.0,2.0,249.0,6.0,3.0,4.0,4.0,3.0,5.0,3.0,2.0,2.0,2.0,3.0,2105.0,3.0,3.0,1.0,252.0,4.0,3.0,1.0,4.0,2.0,2.0,5.0,0.0,1.0,1.0,0.0,2041.0,3.0,3.0,0.0,254.0,3.0,1.0,3.0,5.0,1.0,4.0,3.0,2.0,2.0,0.0,0.0,1738.0,1.0,5.0,3.0,257.0,3.0,1.0,2.0,6.0,3.0,2.0,2.0,2.0,1.0,1.0,1.0,1466.0,2.0,5.0,1.0,244.0,5.0,4.0,3.0,4.0,0.0,5.0,4.0,1.0,2.0,1.0,2.0,2004.0,2.0,2.0,1.0,243.0,4.0,4.0,4.0,3.0,1.0,3.0,5.0,1.0,3.0,1.0,0.0,1831.0,2.0,3.0,3.0,247.0,3.0,2.0,1.0,2.0,1.0,1.0,1.0,0.0,1.0,1.0,1.0,2098.0,0.0,0.0,0.0,267.0,6.0,3.0,5.0,7.0,5.0,2.0,7.0,2.0,3.0,3.0,2.0,2351.0,4.0,8.0,3.0,261.0,4.0,3.0,5.0,5.0,4.0,4.0,5.0,4.0,3.0,1.0,3.0,2179.0,3.0,5.0,5.0,256.0,3.0,3.0,2.0,3.0,4.0,3.0,3.0,4.0,0.0,0.0,3.0,2470.0,3.0,4.0,3.0,freqmine
0.0,0.0,0.0,0.0,0.0,0.0,0.0,0.0,0.0,0.0,0.0,0.0,0.0,0.0,0.0,0.0,0.0,0.0,0.0,0.0,0.0,0.0,0.0,0.0,0.0,0.0,0.0,0.0,0.0,0.0,0.0,0.0,0.0,0.0,0.0,0.0,0.0,0.0,0.0,0.0,0.0,0.0,0.0,0.0,0.0,0.0,0.0,0.0,0.0,0.0,0.0,0.0,0.0,0.0,0.0,0.0,0.0,0.0,0.0,0.0,0.0,0.0,0.0,0.0,0.0,0.0,0.0,0.0,0.0,0.0,0.0,0.0,0.0,0.0,0.0,0.0,0.0,0.0,0.0,0.0,0.0,0.0,0.0,0.0,0.0,0.0,0.0,0.0,0.0,0.0,0.0,0.0,0.0,0.0,0.0,0.0,0.0,0.0,0.0,0.0,0.0,0.0,0.0,0.0,0.0,0.0,0.0,0.0,0.0,0.0,0.0,0.0,0.0,0.0,0.0,0.0,0.0,0.0,0.0,0.0,0.0,0.0,0.0,0.0,0.0,0.0,0.0,0.0,0.0,0.0,0.0,0.0,0.0,0.0,0.0,0.0,0.0,0.0,0.0,0.0,0.0,0.0,0.0,0.0,0.0,0.0,0.0,0.0,0.0,0.0,0.0,0.0,0.0,0.0,0.0,0.0,0.0,0.0,0.0,0.0,0.0,0.0,0.0,0.0,0.0,0.0,0.0,0.0,0.0,0.0,0.0,0.0,0.0,0.0,0.0,0.0,0.0,0.0,0.0,0.0,0.0,0.0,0.0,0.0,0.0,0.0,0.0,0.0,0.0,0.0,0.0,0.0,0.0,0.0,0.0,0.0,0.0,0.0,0.0,0.0,0.0,0.0,0.0,0.0,0.0,0.0,0.0,0.0,0.0,0.0,0.0,0.0,0.0,0.0,0.0,0.0,0.0,0.0,0.0,0.0,0.0,0.0,0.0,0.0,0.0,0.0,0.0,0.0,0.0,0.0,0.0,0.0,0.0,0.0,0.0,0.0,0.0,0.0,0.0,0.0,0.0,0.0,0.0,0.0,0.0,0.0,0.0,0.0,0.0,0.0,0.0,0.0,0.0,0.0,0.0,0.0,freqmine
817.0,543.0,487.0,528.0,519.0,523.0,479.0,500.0,501.0,494.0,468.0,478.0,3279.0,529.0,541.0,571.0,279.0,5.0,5.0,7.0,7.0,5.0,6.0,8.0,5.0,7.0,4.0,4.0,1604.0,5.0,9.0,15.0,249.0,4.0,0.0,3.0,4.0,3.0,0.0,4.0,1.0,1.0,1.0,2.0,1964.0,2.0,5.0,18.0,271.0,8.0,1.0,4.0,7.0,5.0,3.0,6.0,3.0,5.0,1.0,0.0,1879.0,4.0,5.0,17.0,261.0,4.0,2.0,5.0,5.0,5.0,2.0,5.0,1.0,4.0,2.0,1.0,1695.0,3.0,14.0,19.0,266.0,5.0,3.0,6.0,6.0,4.0,3.0,5.0,4.0,2.0,1.0,3.0,1891.0,5.0,10.0,10.0,243.0,3.0,0.0,3.0,6.0,5.0,1.0,4.0,1.0,3.0,0.0,0.0,2052.0,3.0,5.0,14.0,254.0,8.0,3.0,7.0,8.0,5.0,4.0,5.0,3.0,4.0,2.0,2.0,1881.0,5.0,4.0,19.0,256.0,5.0,2.0,4.0,7.0,5.0,0.0,4.0,2.0,2.0,1.0,4.0,1716.0,5.0,9.0,15.0,250.0,5.0,2.0,6.0,7.0,3.0,2.0,5.0,1.0,4.0,1.0,1.0,1565.0,4.0,12.0,14.0,240.0,5.0,2.0,4.0,5.0,3.0,1.0,5.0,2.0,3.0,2.0,2.0,2050.0,5.0,5.0,14.0,244.0,4.0,1.0,3.0,4.0,4.0,1.0,3.0,2.0,1.0,0.0,3.0,1895.0,4.0,3.0,9.0,253.0,5.0,4.0,0.0,3.0,1.0,0.0,1.0,1.0,1.0,0.0,0.0,2117.0,0.0,3.0,21.0,268.0,6.0,3.0,6.0,13.0,4.0,4.0,5.0,2.0,4.0,3.0,3.0,2390.0,5.0,21.0,15.0,277.0,7.0,3.0,7.0,6.0,6.0,4.0,7.0,3.0,6.0,5.0,4.0,2078.0,7.0,4.0,45.0,283.0,6.0,5.0,6.0,9.0,2.0,2.0,5.0,3.0,4.0,3.0,2.0,2433.0,4.0,6.0,31.0,freqmine
822.0,549.0,495.0,540.0,514.0,529.0,493.0,506.0,512.0,512.0,484.0,497.0,3372.0,519.0,513.0,518.0,279.0,6.0,6.0,5.0,7.0,6.0,3.0,4.0,6.0,5.0,3.0,6.0,1657.0,5.0,5.0,6.0,252.0,3.0,1.0,2.0,1.0,3.0,1.0,1.0,2.0,2.0,0.0,0.0,1847.0,3.0,2.0,1.0,274.0,3.0,4.0,7.0,3.0,6.0,3.0,3.0,5.0,4.0,3.0,7.0,1848.0,5.0,5.0,7.0,266.0,7.0,2.0,5.0,6.0,3.0,2.0,4.0,2.0,3.0,2.0,3.0,1854.0,5.0,2.0,5.0,267.0,5.0,2.0,3.0,4.0,3.0,3.0,4.0,2.0,5.0,3.0,2.0,1876.0,4.0,6.0,4.0,252.0,2.0,0.0,0.0,1.0,0.0,1.0,1.0,1.0,0.0,1.0,0.0,2210.0,1.0,1.0,1.0,259.0,4.0,1.0,2.0,2.0,2.0,1.0,2.0,3.0,3.0,2.0,3.0,2002.0,2.0,3.0,2.0,262.0,3.0,1.0,3.0,3.0,2.0,1.0,2.0,4.0,3.0,1.0,1.0,1847.0,2.0,3.0,3.0,258.0,4.0,0.0,3.0,4.0,1.0,1.0,2.0,4.0,2.0,2.0,3.0,1650.0,2.0,2.0,1.0,248.0,3.0,2.0,3.0,3.0,2.0,2.0,2.0,2.0,3.0,1.0,2.0,2113.0,2.0,2.0,1.0,254.0,4.0,1.0,4.0,3.0,2.0,0.0,3.0,5.0,1.0,3.0,3.0,2084.0,1.0,3.0,0.0,251.0,2.0,2.0,3.0,3.0,1.0,2.0,3.0,1.0,0.0,0.0,2.0,2186.0,3.0,4.0,3.0,267.0,5.0,3.0,4.0,5.0,5.0,1.0,2.0,6.0,1.0,2.0,2.0,2360.0,3.0,5.0,4.0,260.0,4.0,4.0,4.0,6.0,5.0,5.0,3.0,3.0,3.0,2.0,2.0,2280.0,5.0,3.0,4.0,264.0,3.0,4.0,6.0,6.0,4.0,2.0,5.0,5.0,6.0,5.0,5.0,2450.0,7.0,9.0,10.0,freqmine
1132.0,754.0,693.0,749.0,729.0,722.0,676.0,703.0,691.0,694.0,668.0,681.0,3900.0,724.0,732.0,742.0,385.0,4.0,4.0,15.0,6.0,6.0,3.0,5.0,3.0,3.0,4.0,3.0,1760.0,6.0,6.0,10.0,352.0,2.0,2.0,13.0,6.0,1.0,0.0,3.0,0.0,1.0,1.0,1.0,1994.0,1.0,4.0,7.0,368.0,4.0,3.0,8.0,9.0,4.0,3.0,4.0,2.0,3.0,5.0,1.0,1941.0,8.0,10.0,10.0,371.0,6.0,3.0,32.0,3.0,7.0,4.0,3.0,7.0,3.0,3.0,2.0,1874.0,4.0,5.0,6.0,369.0,5.0,3.0,13.0,6.0,5.0,2.0,2.0,5.0,1.0,3.0,3.0,2003.0,1.0,4.0,7.0,344.0,3.0,3.0,13.0,3.0,3.0,0.0,2.0,2.0,2.0,2.0,3.0,2229.0,4.0,1.0,5.0,361.0,4.0,3.0,10.0,5.0,3.0,1.0,3.0,2.0,2.0,3.0,3.0,2013.0,4.0,4.0,5.0,351.0,3.0,2.0,9.0,6.0,2.0,3.0,1.0,1.0,1.0,1.0,1.0,1746.0,2.0,4.0,4.0,354.0,1.0,2.0,6.0,4.0,5.0,2.0,0.0,0.0,2.0,1.0,1.0,1782.0,5.0,5.0,5.0,341.0,4.0,2.0,11.0,5.0,2.0,4.0,2.0,3.0,2.0,1.0,2.0,2197.0,4.0,4.0,5.0,348.0,3.0,3.0,5.0,4.0,3.0,2.0,3.0,3.0,4.0,1.0,1.0,2095.0,3.0,4.0,7.0,345.0,5.0,3.0,15.0,2.0,1.0,1.0,1.0,3.0,4.0,3.0,4.0,2172.0,4.0,4.0,5.0,367.0,7.0,5.0,10.0,6.0,3.0,3.0,2.0,5.0,7.0,4.0,6.0,2301.0,2.0,5.0,7.0,375.0,3.0,4.0,48.0,4.0,5.0,1.0,3.0,6.0,3.0,7.0,6.0,2200.0,3.0,6.0,7.0,385.0,9.0,5.0,44.0,15.0,6.0,4.0,6.0,6.0,6.0,4.0,6.0,2452.0,7.0,15.0,10.0,freqmine
864.0,566.0,485.0,533.0,511.0,524.0,491.0,511.0,523.0,521.0,486.0,499.0,3771.0,535.0,539.0,538.0,288.0,5.0,6.0,5.0,7.0,4.0,4.0,6.0,5.0,6.0,3.0,4.0,1879.0,5.0,6.0,5.0,248.0,4.0,2.0,6.0,2.0,3.0,2.0,1.0,2.0,3.0,1.0,2.0,2173.0,3.0,4.0,5.0,275.0,8.0,4.0,3.0,8.0,4.0,3.0,2.0,3.0,4.0,1.0,3.0,2084.0,2.0,8.0,8.0,262.0,3.0,1.0,6.0,3.0,4.0,2.0,2.0,1.0,3.0,4.0,1.0,1985.0,1.0,4.0,6.0,265.0,3.0,4.0,3.0,5.0,4.0,2.0,4.0,1.0,4.0,2.0,1.0,2081.0,8.0,4.0,3.0,245.0,3.0,0.0,1.0,4.0,2.0,2.0,2.0,1.0,2.0,2.0,0.0,2191.0,0.0,6.0,3.0,260.0,2.0,1.0,2.0,4.0,3.0,2.0,0.0,3.0,3.0,2.0,2.0,1991.0,2.0,4.0,2.0,267.0,4.0,2.0,1.0,2.0,4.0,0.0,4.0,3.0,3.0,2.0,2.0,1968.0,2.0,4.0,3.0,264.0,6.0,3.0,6.0,4.0,2.0,1.0,5.0,2.0,3.0,1.0,0.0,1604.0,2.0,3.0,4.0,248.0,2.0,1.0,2.0,2.0,2.0,2.0,4.0,2.0,2.0,1.0,1.0,2234.0,2.0,7.0,4.0,253.0,3.0,1.0,4.0,2.0,2.0,1.0,2.0,2.0,1.0,1.0,0.0,1777.0,3.0,4.0,4.0,257.0,1.0,2.0,1.0,2.0,2.0,1.0,1.0,1.0,0.0,2.0,2.0,2051.0,0.0,1.0,1.0,274.0,3.0,1.0,5.0,4.0,5.0,1.0,4.0,2.0,0.0,1.0,3.0,2349.0,7.0,5.0,5.0,274.0,5.0,5.0,7.0,9.0,4.0,5.0,7.0,4.0,7.0,4.0,4.0,2258.0,7.0,6.0,6.0,275.0,6.0,4.0,3.0,8.0,4.0,5.0,2.0,3.0,3.0,2.0,3.0,2517.0,4.0,7.0,2.0,freqmine
823.0,544.0,485.0,524.0,513.0,515.0,482.0,498.0,495.0,499.0,479.0,490.0,3491.0,511.0,509.0,534.0,276.0,6.0,4.0,5.0,4.0,5.0,3.0,3.0,5.0,3.0,4.0,4.0,1751.0,4.0,4.0,6.0,247.0,3.0,3.0,1.0,3.0,4.0,2.0,2.0,4.0,1.0,0.0,0.0,2171.0,3.0,2.0,1.0,265.0,4.0,3.0,6.0,4.0,4.0,2.0,2.0,4.0,0.0,1.0,3.0,1881.0,4.0,4.0,2.0,260.0,7.0,4.0,2.0,3.0,6.0,2.0,3.0,5.0,3.0,4.0,2.0,1934.0,4.0,6.0,2.0,260.0,6.0,1.0,4.0,3.0,2.0,2.0,2.0,3.0,2.0,1.0,2.0,1901.0,0.0,3.0,2.0,247.0,2.0,0.0,5.0,2.0,1.0,0.0,2.0,3.0,1.0,0.0,0.0,2126.0,4.0,1.0,1.0,252.0,4.0,1.0,3.0,3.0,3.0,1.0,6.0,2.0,0.0,0.0,1.0,2013.0,2.0,3.0,5.0,252.0,4.0,2.0,8.0,5.0,3.0,4.0,3.0,2.0,2.0,1.0,2.0,1665.0,4.0,2.0,4.0,253.0,3.0,0.0,2.0,4.0,3.0,2.0,1.0,3.0,0.0,3.0,2.0,1520.0,2.0,0.0,4.0,244.0,5.0,1.0,3.0,4.0,2.0,1.0,2.0,2.0,3.0,1.0,2.0,1992.0,3.0,2.0,5.0,255.0,3.0,5.0,6.0,6.0,5.0,0.0,4.0,7.0,3.0,4.0,5.0,1570.0,2.0,9.0,9.0,259.0,2.0,2.0,4.0,4.0,2.0,2.0,2.0,3.0,3.0,4.0,2.0,1777.0,5.0,5.0,5.0,268.0,9.0,9.0,8.0,5.0,3.0,3.0,5.0,7.0,7.0,3.0,3.0,2280.0,4.0,7.0,11.0,261.0,5.0,3.0,6.0,4.0,6.0,5.0,3.0,4.0,1.0,3.0,2.0,2242.0,2.0,3.0,5.0,275.0,4.0,1.0,6.0,3.0,4.0,0.0,5.0,2.0,3.0,3.0,3.0,2446.0,3.0,5.0,9.0,freqmine
806.0,545.0,486.0,519.0,498.0,513.0,479.0,488.0,492.0,491.0,474.0,494.0,3628.0,517.0,517.0,531.0,279.0,3.0,3.0,4.0,4.0,5.0,3.0,4.0,3.0,3.0,3.0,4.0,1729.0,6.0,4.0,5.0,246.0,5.0,1.0,2.0,3.0,0.0,1.0,1.0,1.0,2.0,1.0,2.0,2169.0,0.0,1.0,4.0,269.0,4.0,0.0,2.0,6.0,1.0,2.0,3.0,0.0,4.0,3.0,3.0,2035.0,2.0,9.0,3.0,253.0,1.0,2.0,5.0,1.0,2.0,1.0,2.0,0.0,5.0,2.0,4.0,1825.0,4.0,2.0,2.0,263.0,2.0,1.0,4.0,2.0,5.0,0.0,2.0,3.0,1.0,0.0,4.0,2011.0,1.0,1.0,5.0,244.0,3.0,3.0,2.0,4.0,2.0,0.0,0.0,0.0,2.0,0.0,3.0,2070.0,1.0,2.0,5.0,249.0,3.0,1.0,3.0,3.0,2.0,2.0,1.0,2.0,2.0,0.0,1.0,1801.0,2.0,1.0,1.0,249.0,5.0,1.0,1.0,2.0,2.0,0.0,1.0,2.0,0.0,0.0,4.0,1809.0,2.0,3.0,3.0,250.0,3.0,3.0,4.0,3.0,1.0,0.0,2.0,1.0,1.0,0.0,1.0,1452.0,2.0,3.0,2.0,242.0,3.0,2.0,4.0,3.0,2.0,2.0,2.0,1.0,1.0,1.0,3.0,1992.0,2.0,1.0,3.0,251.0,3.0,2.0,2.0,4.0,2.0,2.0,3.0,4.0,1.0,2.0,2.0,1592.0,3.0,2.0,4.0,250.0,4.0,1.0,0.0,1.0,0.0,2.0,1.0,3.0,0.0,1.0,1.0,1858.0,2.0,0.0,1.0,262.0,3.0,1.0,5.0,6.0,1.0,3.0,2.0,4.0,2.0,4.0,5.0,2197.0,2.0,6.0,5.0,264.0,2.0,2.0,1.0,4.0,3.0,1.0,3.0,2.0,3.0,3.0,3.0,2138.0,7.0,5.0,3.0,269.0,6.0,3.0,3.0,4.0,3.0,4.0,2.0,3.0,4.0,3.0,2.0,2470.0,3.0,4.0,4.0,freqmine
807.0,537.0,491.0,505.0,513.0,507.0,472.0,487.0,502.0,491.0,475.0,478.0,3603.0,525.0,523.0,525.0,271.0,3.0,7.0,6.0,6.0,6.0,4.0,4.0,6.0,4.0,3.0,5.0,1745.0,5.0,5.0,5.0,251.0,1.0,0.0,2.0,1.0,3.0,1.0,3.0,2.0,0.0,2.0,4.0,2074.0,5.0,2.0,3.0,258.0,1.0,3.0,2.0,5.0,5.0,1.0,2.0,5.0,1.0,1.0,2.0,1902.0,3.0,4.0,3.0,265.0,4.0,3.0,2.0,3.0,5.0,2.0,4.0,2.0,1.0,6.0,8.0,1896.0,5.0,4.0,6.0,256.0,4.0,2.0,0.0,4.0,4.0,2.0,2.0,2.0,2.0,4.0,3.0,1982.0,5.0,3.0,4.0,239.0,1.0,1.0,2.0,2.0,2.0,0.0,1.0,3.0,1.0,2.0,3.0,2187.0,1.0,3.0,3.0,249.0,2.0,1.0,1.0,1.0,3.0,0.0,2.0,2.0,1.0,2.0,5.0,1954.0,2.0,3.0,4.0,254.0,1.0,3.0,2.0,3.0,4.0,3.0,1.0,3.0,2.0,3.0,2.0,1822.0,2.0,4.0,4.0,249.0,2.0,2.0,1.0,3.0,2.0,1.0,1.0,2.0,3.0,2.0,4.0,1409.0,1.0,5.0,5.0,243.0,3.0,2.0,1.0,5.0,3.0,1.0,1.0,4.0,3.0,2.0,4.0,1933.0,2.0,4.0,3.0,242.0,7.0,6.0,4.0,6.0,6.0,3.0,6.0,3.0,6.0,5.0,7.0,1569.0,5.0,8.0,7.0,255.0,5.0,2.0,2.0,4.0,1.0,1.0,4.0,1.0,2.0,2.0,4.0,1781.0,2.0,0.0,4.0,269.0,6.0,6.0,6.0,7.0,10.0,5.0,6.0,6.0,4.0,7.0,10.0,2159.0,9.0,6.0,4.0,266.0,4.0,4.0,4.0,5.0,3.0,3.0,4.0,4.0,6.0,3.0,8.0,2081.0,2.0,4.0,7.0,267.0,2.0,2.0,2.0,4.0,3.0,2.0,1.0,3.0,2.0,2.0,8.0,2445.0,3.0,6.0,3.0,freqmine
863.0,550.0,487.0,531.0,518.0,528.0,487.0,514.0,510.0,512.0,486.0,492.0,3671.0,534.0,538.0,533.0,284.0,6.0,3.0,5.0,7.0,5.0,4.0,5.0,4.0,5.0,5.0,5.0,1881.0,5.0,7.0,4.0,246.0,2.0,3.0,3.0,3.0,5.0,3.0,2.0,2.0,3.0,1.0,1.0,2246.0,1.0,4.0,2.0,269.0,6.0,5.0,6.0,3.0,4.0,6.0,3.0,3.0,4.0,3.0,3.0,1968.0,4.0,6.0,5.0,264.0,5.0,5.0,4.0,2.0,6.0,3.0,4.0,5.0,4.0,3.0,3.0,1977.0,5.0,7.0,3.0,270.0,4.0,6.0,5.0,6.0,4.0,4.0,5.0,7.0,3.0,3.0,5.0,2133.0,3.0,7.0,4.0,248.0,4.0,1.0,1.0,2.0,2.0,2.0,4.0,3.0,2.0,1.0,0.0,2202.0,6.0,2.0,3.0,257.0,4.0,2.0,2.0,4.0,5.0,3.0,4.0,3.0,3.0,2.0,0.0,1945.0,3.0,4.0,4.0,264.0,2.0,3.0,4.0,3.0,5.0,3.0,5.0,1.0,4.0,2.0,2.0,1896.0,5.0,3.0,1.0,262.0,4.0,3.0,4.0,3.0,7.0,4.0,4.0,3.0,1.0,3.0,1.0,1454.0,6.0,3.0,2.0,251.0,4.0,4.0,4.0,3.0,4.0,4.0,5.0,4.0,4.0,3.0,2.0,2096.0,5.0,5.0,5.0,254.0,4.0,3.0,5.0,4.0,5.0,3.0,3.0,3.0,2.0,1.0,2.0,1746.0,3.0,2.0,2.0,262.0,1.0,2.0,1.0,1.0,2.0,4.0,1.0,2.0,1.0,0.0,0.0,1777.0,0.0,2.0,3.0,273.0,5.0,7.0,5.0,6.0,4.0,5.0,5.0,6.0,8.0,3.0,4.0,2428.0,2.0,7.0,5.0,278.0,4.0,4.0,4.0,5.0,8.0,5.0,5.0,6.0,3.0,5.0,2.0,2225.0,5.0,8.0,4.0,274.0,4.0,4.0,4.0,3.0,8.0,5.0,7.0,3.0,4.0,4.0,2.0,2539.0,5.0,7.0,5.0,freqmine
839.0,562.0,497.0,527.0,523.0,540.0,490.0,500.0,499.0,506.0,475.0,486.0,3690.0,514.0,526.0,534.0,287.0,5.0,5.0,6.0,5.0,6.0,7.0,6.0,5.0,5.0,6.0,3.0,1802.0,6.0,3.0,8.0,256.0,7.0,2.0,3.0,7.0,4.0,3.0,3.0,3.0,3.0,4.0,0.0,2078.0,1.0,1.0,6.0,271.0,7.0,2.0,3.0,9.0,7.0,3.0,5.0,3.0,6.0,4.0,2.0,2014.0,4.0,4.0,5.0,270.0,6.0,2.0,7.0,8.0,6.0,6.0,2.0,1.0,5.0,6.0,0.0,1903.0,5.0,1.0,6.0,277.0,8.0,3.0,7.0,8.0,6.0,6.0,4.0,2.0,8.0,5.0,2.0,1978.0,6.0,2.0,4.0,253.0,6.0,4.0,6.0,8.0,6.0,4.0,4.0,4.0,5.0,5.0,4.0,2288.0,1.0,3.0,7.0,261.0,5.0,3.0,5.0,6.0,5.0,5.0,4.0,3.0,6.0,5.0,4.0,1907.0,3.0,4.0,5.0,257.0,8.0,2.0,3.0,7.0,1.0,4.0,2.0,4.0,2.0,4.0,1.0,1794.0,0.0,2.0,5.0,259.0,6.0,1.0,3.0,9.0,2.0,3.0,4.0,2.0,6.0,5.0,1.0,1415.0,0.0,4.0,5.0,243.0,5.0,2.0,5.0,8.0,3.0,4.0,3.0,4.0,4.0,4.0,3.0,1997.0,3.0,2.0,6.0,253.0,5.0,3.0,4.0,5.0,7.0,5.0,3.0,5.0,3.0,5.0,1.0,1677.0,4.0,5.0,9.0,254.0,5.0,3.0,3.0,5.0,2.0,1.0,3.0,4.0,4.0,2.0,2.0,1676.0,4.0,2.0,4.0,267.0,9.0,5.0,9.0,10.0,10.0,7.0,6.0,6.0,2.0,7.0,1.0,2365.0,10.0,4.0,8.0,271.0,6.0,3.0,6.0,8.0,4.0,4.0,6.0,4.0,7.0,4.0,4.0,2253.0,4.0,3.0,7.0,275.0,9.0,2.0,6.0,10.0,3.0,6.0,3.0,4.0,6.0,6.0,3.0,2624.0,2.0,4.0,8.0,freqmine
823.0,542.0,491.0,526.0,511.0,529.0,486.0,505.0,493.0,502.0,479.0,485.0,3463.0,511.0,525.0,526.0,277.0,5.0,4.0,4.0,7.0,8.0,3.0,3.0,4.0,6.0,3.0,4.0,1711.0,2.0,7.0,5.0,250.0,2.0,0.0,3.0,2.0,3.0,0.0,1.0,1.0,3.0,1.0,2.0,2096.0,4.0,5.0,2.0,269.0,5.0,2.0,6.0,4.0,4.0,2.0,3.0,4.0,3.0,4.0,3.0,1926.0,2.0,9.0,4.0,258.0,5.0,0.0,2.0,2.0,6.0,2.0,4.0,5.0,1.0,3.0,4.0,1911.0,2.0,4.0,3.0,269.0,3.0,4.0,4.0,6.0,4.0,1.0,4.0,4.0,4.0,3.0,3.0,1959.0,1.0,7.0,7.0,248.0,2.0,0.0,2.0,2.0,3.0,1.0,1.0,1.0,2.0,1.0,0.0,2155.0,3.0,3.0,1.0,255.0,4.0,0.0,3.0,3.0,3.0,1.0,2.0,2.0,2.0,1.0,1.0,1998.0,2.0,3.0,4.0,252.0,1.0,1.0,3.0,5.0,6.0,1.0,1.0,1.0,2.0,1.0,1.0,1751.0,3.0,4.0,3.0,258.0,4.0,3.0,4.0,2.0,5.0,3.0,2.0,4.0,2.0,2.0,3.0,1342.0,5.0,4.0,5.0,246.0,5.0,3.0,4.0,3.0,4.0,2.0,3.0,2.0,4.0,2.0,3.0,1902.0,3.0,7.0,3.0,247.0,4.0,0.0,3.0,4.0,3.0,1.0,2.0,1.0,2.0,2.0,2.0,1492.0,4.0,3.0,2.0,249.0,2.0,1.0,0.0,4.0,1.0,4.0,0.0,1.0,0.0,1.0,1.0,1635.0,0.0,4.0,4.0,261.0,4.0,0.0,2.0,3.0,2.0,1.0,2.0,3.0,4.0,1.0,2.0,2239.0,2.0,6.0,5.0,269.0,6.0,4.0,6.0,6.0,7.0,5.0,5.0,5.0,6.0,7.0,3.0,2094.0,5.0,8.0,6.0,268.0,3.0,4.0,4.0,2.0,7.0,2.0,5.0,2.0,7.0,2.0,2.0,2386.0,7.0,9.0,3.0,freqmine
663.0,547.0,538.0,557.0,617.0,578.0,465.0,514.0,533.0,550.0,490.0,627.0,2280.0,734.0,537.0,559.0,52.0,31.0,37.0,27.0,71.0,42.0,29.0,26.0,36.0,39.0,28.0,113.0,819.0,138.0,30.0,30.0,38.0,37.0,32.0,23.0,84.0,47.0,26.0,26.0,34.0,36.0,25.0,119.0,1027.0,147.0,30.0,29.0,38.0,25.0,36.0,22.0,63.0,34.0,23.0,25.0,30.0,31.0,22.0,111.0,838.0,147.0,25.0,27.0,40.0,27.0,53.0,25.0,80.0,42.0,27.0,29.0,41.0,41.0,24.0,122.0,875.0,213.0,27.0,29.0,48.0,36.0,54.0,27.0,86.0,39.0,24.0,28.0,53.0,45.0,28.0,106.0,1058.0,149.0,39.0,31.0,31.0,29.0,31.0,23.0,68.0,36.0,19.0,21.0,32.0,33.0,24.0,91.0,1100.0,119.0,23.0,23.0,31.0,24.0,28.0,21.0,61.0,35.0,16.0,21.0,28.0,30.0,24.0,97.0,918.0,137.0,23.0,23.0,39.0,30.0,33.0,26.0,83.0,45.0,26.0,28.0,31.0,34.0,29.0,115.0,951.0,146.0,30.0,29.0,43.0,33.0,39.0,30.0,75.0,42.0,28.0,28.0,53.0,37.0,28.0,125.0,745.0,160.0,33.0,30.0,31.0,29.0,27.0,19.0,61.0,29.0,18.0,21.0,29.0,36.0,20.0,112.0,1058.0,151.0,25.0,23.0,51.0,28.0,35.0,22.0,74.0,32.0,27.0,27.0,33.0,36.0,29.0,99.0,856.0,324.0,24.0,30.0,29.0,21.0,40.0,20.0,63.0,38.0,20.0,20.0,43.0,39.0,18.0,113.0,977.0,156.0,22.0,26.0,43.0,29.0,34.0,22.0,136.0,40.0,25.0,24.0,31.0,38.0,27.0,131.0,1346.0,129.0,35.0,35.0,35.0,22.0,66.0,17.0,93.0,54.0,17.0,17.0,55.0,55.0,18.0,93.0,1143.0,162.0,19.0,19.0,43.0,33.0,57.0,28.0,73.0,48.0,23.0,25.0,49.0,50.0,25.0,136.0,1258.0,177.0,27.0,27.0,freqmine
855.0,555.0,505.0,527.0,541.0,522.0,491.0,573.0,512.0,500.0,491.0,495.0,3683.0,519.0,570.0,551.0,293.0,4.0,3.0,5.0,7.0,3.0,4.0,13.0,6.0,4.0,3.0,5.0,1812.0,6.0,5.0,4.0,268.0,3.0,1.0,2.0,5.0,0.0,1.0,10.0,3.0,0.0,2.0,2.0,2196.0,1.0,2.0,5.0,283.0,4.0,2.0,2.0,6.0,4.0,3.0,15.0,2.0,3.0,0.0,3.0,1919.0,3.0,4.0,4.0,300.0,4.0,3.0,4.0,4.0,4.0,2.0,22.0,5.0,4.0,2.0,3.0,1922.0,2.0,7.0,3.0,274.0,4.0,1.0,2.0,5.0,6.0,4.0,9.0,3.0,2.0,1.0,4.0,2026.0,4.0,2.0,5.0,260.0,3.0,2.0,2.0,4.0,2.0,1.0,13.0,3.0,2.0,0.0,2.0,2167.0,3.0,3.0,2.0,274.0,2.0,1.0,2.0,4.0,2.0,1.0,8.0,6.0,4.0,1.0,3.0,2100.0,5.0,9.0,9.0,268.0,5.0,2.0,4.0,4.0,1.0,1.0,10.0,4.0,4.0,2.0,4.0,1854.0,5.0,5.0,2.0,262.0,2.0,1.0,2.0,5.0,3.0,1.0,6.0,2.0,1.0,0.0,2.0,1349.0,2.0,3.0,3.0,262.0,3.0,2.0,1.0,5.0,2.0,1.0,8.0,4.0,1.0,1.0,3.0,1940.0,3.0,4.0,3.0,259.0,2.0,3.0,2.0,4.0,2.0,3.0,7.0,5.0,3.0,4.0,4.0,1728.0,3.0,3.0,5.0,290.0,4.0,2.0,3.0,4.0,6.0,2.0,22.0,3.0,2.0,3.0,2.0,1779.0,2.0,1.0,4.0,271.0,2.0,5.0,4.0,6.0,3.0,3.0,6.0,5.0,3.0,4.0,5.0,2343.0,3.0,4.0,3.0,327.0,3.0,4.0,3.0,8.0,6.0,3.0,29.0,5.0,2.0,1.0,6.0,2195.0,5.0,6.0,5.0,295.0,5.0,4.0,4.0,6.0,3.0,2.0,21.0,5.0,2.0,3.0,7.0,2538.0,3.0,3.0,4.0,freqmine
845.0,527.0,488.0,511.0,515.0,513.0,482.0,512.0,501.0,500.0,478.0,523.0,3732.0,513.0,526.0,512.0,270.0,3.0,4.0,5.0,6.0,3.0,2.0,4.0,3.0,3.0,3.0,11.0,1792.0,5.0,2.0,7.0,249.0,2.0,1.0,1.0,1.0,3.0,1.0,2.0,2.0,3.0,0.0,10.0,2140.0,1.0,2.0,3.0,259.0,2.0,3.0,4.0,3.0,2.0,1.0,4.0,3.0,2.0,0.0,12.0,2055.0,5.0,3.0,4.0,261.0,5.0,1.0,3.0,2.0,4.0,1.0,5.0,1.0,1.0,2.0,28.0,1890.0,4.0,1.0,5.0,263.0,4.0,1.0,4.0,2.0,1.0,0.0,4.0,2.0,2.0,2.0,11.0,2122.0,4.0,2.0,3.0,245.0,3.0,0.0,0.0,4.0,0.0,0.0,2.0,1.0,1.0,0.0,11.0,2128.0,0.0,0.0,3.0,265.0,3.0,3.0,1.0,11.0,5.0,4.0,4.0,2.0,0.0,0.0,23.0,2109.0,2.0,11.0,5.0,255.0,4.0,2.0,1.0,3.0,2.0,4.0,4.0,3.0,2.0,2.0,10.0,1895.0,0.0,3.0,3.0,255.0,4.0,1.0,2.0,3.0,2.0,0.0,4.0,4.0,1.0,1.0,12.0,1386.0,0.0,2.0,4.0,247.0,2.0,1.0,2.0,4.0,0.0,1.0,4.0,4.0,3.0,1.0,14.0,1895.0,5.0,4.0,3.0,257.0,3.0,1.0,0.0,8.0,2.0,0.0,3.0,2.0,2.0,2.0,7.0,1705.0,3.0,8.0,5.0,258.0,2.0,1.0,1.0,2.0,2.0,1.0,2.0,3.0,1.0,2.0,13.0,1661.0,2.0,3.0,6.0,264.0,4.0,2.0,1.0,6.0,5.0,5.0,7.0,3.0,2.0,4.0,8.0,2290.0,6.0,3.0,3.0,264.0,3.0,3.0,5.0,3.0,1.0,1.0,4.0,4.0,4.0,5.0,37.0,2228.0,4.0,5.0,5.0,260.0,4.0,4.0,3.0,3.0,3.0,1.0,5.0,3.0,2.0,1.0,18.0,2464.0,3.0,6.0,5.0,freqmine
781.0,548.0,488.0,524.0,516.0,541.0,502.0,495.0,500.0,498.0,475.0,488.0,3624.0,522.0,507.0,531.0,267.0,13.0,10.0,5.0,13.0,10.0,40.0,4.0,4.0,6.0,7.0,6.0,1838.0,5.0,14.0,10.0,249.0,10.0,2.0,4.0,3.0,3.0,13.0,1.0,0.0,1.0,1.0,1.0,2175.0,4.0,2.0,5.0,266.0,15.0,3.0,3.0,4.0,5.0,15.0,1.0,3.0,1.0,4.0,3.0,1883.0,2.0,2.0,5.0,262.0,33.0,2.0,5.0,3.0,4.0,27.0,1.0,4.0,1.0,3.0,4.0,1967.0,3.0,5.0,4.0,272.0,7.0,5.0,4.0,6.0,6.0,13.0,3.0,4.0,3.0,3.0,2.0,2015.0,3.0,4.0,6.0,243.0,9.0,1.0,4.0,2.0,6.0,10.0,1.0,2.0,1.0,3.0,3.0,2061.0,5.0,3.0,5.0,250.0,14.0,2.0,5.0,6.0,5.0,14.0,2.0,2.0,2.0,4.0,2.0,2111.0,2.0,3.0,4.0,255.0,8.0,2.0,2.0,3.0,7.0,10.0,0.0,2.0,1.0,2.0,3.0,1726.0,5.0,1.0,2.0,251.0,10.0,3.0,4.0,1.0,6.0,11.0,1.0,2.0,1.0,2.0,1.0,1404.0,4.0,2.0,4.0,241.0,11.0,3.0,4.0,3.0,4.0,12.0,1.0,1.0,1.0,2.0,2.0,1993.0,2.0,2.0,4.0,248.0,17.0,3.0,6.0,13.0,8.0,10.0,2.0,3.0,3.0,2.0,4.0,1571.0,1.0,4.0,10.0,260.0,26.0,5.0,3.0,5.0,5.0,17.0,2.0,1.0,2.0,3.0,4.0,1676.0,4.0,2.0,4.0,266.0,11.0,5.0,7.0,9.0,7.0,7.0,1.0,3.0,5.0,4.0,3.0,2212.0,2.0,2.0,8.0,258.0,42.0,3.0,3.0,6.0,7.0,37.0,3.0,2.0,2.0,3.0,3.0,2181.0,3.0,4.0,5.0,268.0,31.0,4.0,5.0,5.0,7.0,28.0,3.0,3.0,7.0,5.0,2.0,2492.0,5.0,3.0,6.0,freqmine
846.0,549.0,515.0,548.0,516.0,531.0,497.0,513.0,519.0,520.0,487.0,500.0,3716.0,517.0,516.0,536.0,284.0,2.0,1.0,4.0,10.0,3.0,2.0,5.0,6.0,5.0,2.0,4.0,1864.0,6.0,5.0,7.0,261.0,4.0,1.0,1.0,5.0,2.0,1.0,2.0,5.0,3.0,1.0,2.0,2167.0,2.0,1.0,5.0,280.0,3.0,4.0,3.0,6.0,5.0,4.0,3.0,5.0,5.0,2.0,2.0,2176.0,5.0,5.0,5.0,264.0,5.0,2.0,2.0,2.0,4.0,1.0,6.0,3.0,4.0,4.0,1.0,1936.0,2.0,1.0,4.0,277.0,6.0,2.0,3.0,3.0,6.0,4.0,3.0,3.0,6.0,3.0,4.0,2094.0,6.0,2.0,5.0,255.0,7.0,4.0,3.0,10.0,3.0,1.0,2.0,3.0,2.0,1.0,1.0,2122.0,3.0,4.0,6.0,264.0,4.0,3.0,2.0,4.0,4.0,1.0,2.0,4.0,4.0,1.0,1.0,2122.0,4.0,3.0,6.0,264.0,4.0,2.0,7.0,4.0,2.0,2.0,5.0,6.0,5.0,2.0,2.0,1809.0,3.0,5.0,6.0,268.0,4.0,3.0,3.0,7.0,3.0,3.0,4.0,5.0,6.0,3.0,3.0,1407.0,5.0,3.0,6.0,250.0,3.0,2.0,3.0,5.0,2.0,3.0,4.0,5.0,4.0,2.0,2.0,1957.0,6.0,3.0,4.0,256.0,2.0,2.0,3.0,4.0,1.0,1.0,2.0,3.0,5.0,1.0,1.0,1687.0,4.0,4.0,5.0,251.0,2.0,3.0,1.0,1.0,2.0,3.0,1.0,4.0,2.0,3.0,1.0,1732.0,1.0,0.0,3.0,264.0,4.0,2.0,4.0,4.0,4.0,2.0,3.0,5.0,5.0,4.0,4.0,2415.0,1.0,4.0,4.0,262.0,3.0,2.0,5.0,4.0,3.0,2.0,3.0,7.0,5.0,1.0,3.0,2207.0,5.0,4.0,6.0,274.0,3.0,3.0,4.0,5.0,4.0,0.0,4.0,6.0,5.0,1.0,5.0,2543.0,4.0,4.0,7.0,freqmine
798.0,531.0,478.0,514.0,517.0,533.0,482.0,505.0,505.0,507.0,482.0,482.0,3736.0,504.0,520.0,518.0,279.0,5.0,5.0,6.0,9.0,6.0,5.0,2.0,4.0,5.0,3.0,3.0,1865.0,5.0,16.0,4.0,247.0,1.0,0.0,4.0,3.0,3.0,2.0,1.0,0.0,3.0,0.0,0.0,2116.0,3.0,3.0,0.0,265.0,3.0,1.0,6.0,4.0,3.0,1.0,2.0,4.0,6.0,2.0,3.0,2048.0,2.0,4.0,3.0,265.0,1.0,2.0,3.0,3.0,6.0,4.0,2.0,3.0,7.0,2.0,2.0,1912.0,6.0,7.0,4.0,269.0,3.0,3.0,6.0,6.0,4.0,2.0,2.0,5.0,5.0,2.0,3.0,2002.0,1.0,6.0,4.0,255.0,1.0,0.0,1.0,10.0,3.0,1.0,0.0,2.0,5.0,3.0,1.0,2142.0,1.0,10.0,1.0,263.0,1.0,0.0,1.0,7.0,3.0,3.0,2.0,2.0,4.0,3.0,4.0,2007.0,2.0,9.0,1.0,263.0,4.0,3.0,3.0,5.0,6.0,5.0,2.0,3.0,4.0,2.0,3.0,1807.0,3.0,3.0,4.0,259.0,3.0,1.0,5.0,2.0,7.0,4.0,3.0,2.0,5.0,1.0,1.0,1359.0,1.0,5.0,2.0,247.0,3.0,1.0,4.0,3.0,5.0,4.0,3.0,2.0,5.0,1.0,2.0,1972.0,2.0,6.0,5.0,253.0,3.0,0.0,3.0,6.0,6.0,3.0,4.0,2.0,3.0,2.0,2.0,1660.0,1.0,9.0,1.0,252.0,10.0,5.0,6.0,4.0,4.0,1.0,4.0,8.0,9.0,10.0,10.0,1595.0,7.0,11.0,9.0,258.0,4.0,0.0,1.0,3.0,4.0,5.0,2.0,3.0,4.0,1.0,1.0,2246.0,7.0,4.0,3.0,265.0,5.0,4.0,6.0,5.0,6.0,4.0,4.0,4.0,8.0,9.0,6.0,2207.0,4.0,8.0,6.0,265.0,8.0,4.0,5.0,5.0,6.0,7.0,3.0,3.0,4.0,6.0,3.0,2459.0,4.0,6.0,5.0,freqmine
832.0,529.0,490.0,519.0,508.0,506.0,488.0,491.0,504.0,508.0,485.0,495.0,3752.0,534.0,536.0,534.0,273.0,4.0,2.0,3.0,9.0,4.0,4.0,4.0,4.0,5.0,3.0,4.0,1970.0,3.0,7.0,5.0,250.0,3.0,1.0,1.0,2.0,2.0,2.0,2.0,2.0,2.0,1.0,3.0,2327.0,1.0,2.0,2.0,262.0,3.0,3.0,3.0,5.0,6.0,5.0,4.0,3.0,2.0,1.0,2.0,2084.0,6.0,5.0,5.0,257.0,5.0,1.0,3.0,5.0,3.0,3.0,1.0,5.0,2.0,4.0,1.0,2049.0,1.0,2.0,2.0,259.0,1.0,1.0,3.0,4.0,3.0,3.0,4.0,1.0,2.0,2.0,0.0,2123.0,3.0,2.0,3.0,253.0,3.0,4.0,4.0,5.0,2.0,3.0,3.0,3.0,2.0,3.0,3.0,2100.0,3.0,8.0,3.0,251.0,4.0,2.0,5.0,2.0,2.0,1.0,0.0,4.0,3.0,1.0,1.0,2145.0,2.0,6.0,3.0,255.0,3.0,1.0,2.0,5.0,1.0,1.0,3.0,3.0,2.0,1.0,1.0,1911.0,3.0,3.0,2.0,261.0,3.0,3.0,2.0,6.0,2.0,2.0,3.0,3.0,3.0,3.0,3.0,1548.0,5.0,4.0,4.0,248.0,3.0,3.0,2.0,6.0,1.0,3.0,2.0,3.0,2.0,1.0,2.0,2116.0,3.0,4.0,2.0,253.0,3.0,2.0,0.0,4.0,0.0,3.0,1.0,2.0,2.0,1.0,0.0,1834.0,1.0,10.0,4.0,261.0,8.0,6.0,5.0,10.0,5.0,8.0,6.0,7.0,5.0,3.0,2.0,1897.0,3.0,7.0,6.0,270.0,4.0,4.0,6.0,5.0,5.0,2.0,2.0,3.0,3.0,3.0,2.0,2458.0,2.0,5.0,5.0,272.0,6.0,3.0,5.0,8.0,4.0,4.0,4.0,6.0,2.0,2.0,3.0,2177.0,5.0,3.0,6.0,272.0,1.0,0.0,3.0,3.0,3.0,3.0,4.0,4.0,4.0,1.0,3.0,2595.0,4.0,5.0,4.0,freqmine
817.0,529.0,483.0,528.0,501.0,514.0,485.0,495.0,492.0,484.0,472.0,482.0,3616.0,498.0,508.0,527.0,264.0,4.0,4.0,4.0,2.0,5.0,1.0,4.0,5.0,3.0,2.0,3.0,1737.0,4.0,9.0,5.0,246.0,2.0,1.0,2.0,3.0,3.0,0.0,0.0,2.0,1.0,0.0,1.0,2133.0,1.0,2.0,4.0,270.0,5.0,3.0,3.0,3.0,4.0,1.0,0.0,1.0,3.0,4.0,4.0,1926.0,1.0,2.0,3.0,254.0,4.0,2.0,5.0,3.0,9.0,3.0,6.0,1.0,1.0,4.0,3.0,1902.0,2.0,2.0,2.0,260.0,6.0,3.0,2.0,5.0,5.0,1.0,0.0,2.0,3.0,2.0,3.0,2070.0,2.0,3.0,2.0,247.0,5.0,1.0,2.0,3.0,3.0,2.0,3.0,4.0,1.0,1.0,2.0,2102.0,3.0,6.0,4.0,251.0,2.0,2.0,0.0,4.0,2.0,1.0,4.0,1.0,0.0,0.0,2.0,2183.0,1.0,4.0,4.0,249.0,5.0,3.0,2.0,3.0,4.0,3.0,1.0,3.0,1.0,2.0,3.0,1699.0,2.0,2.0,3.0,246.0,3.0,2.0,2.0,4.0,3.0,2.0,1.0,0.0,2.0,0.0,2.0,1351.0,1.0,2.0,2.0,242.0,2.0,1.0,4.0,2.0,3.0,1.0,1.0,2.0,3.0,1.0,2.0,1940.0,1.0,3.0,5.0,244.0,5.0,1.0,4.0,2.0,5.0,1.0,4.0,3.0,0.0,0.0,2.0,1694.0,2.0,3.0,4.0,253.0,6.0,0.0,0.0,2.0,0.0,2.0,3.0,0.0,1.0,2.0,2.0,1737.0,3.0,2.0,2.0,252.0,2.0,0.0,2.0,4.0,2.0,4.0,2.0,2.0,1.0,0.0,3.0,2378.0,1.0,2.0,2.0,260.0,4.0,2.0,4.0,4.0,4.0,4.0,4.0,1.0,5.0,1.0,3.0,2274.0,3.0,3.0,5.0,267.0,6.0,4.0,2.0,4.0,3.0,3.0,2.0,1.0,2.0,4.0,4.0,2504.0,3.0,4.0,2.0,freqmine
823.0,519.0,483.0,500.0,506.0,515.0,484.0,497.0,502.0,498.0,476.0,487.0,3741.0,519.0,523.0,526.0,267.0,3.0,7.0,4.0,8.0,8.0,11.0,3.0,5.0,6.0,7.0,7.0,1785.0,6.0,9.0,7.0,247.0,1.0,2.0,2.0,4.0,2.0,2.0,2.0,3.0,2.0,3.0,2.0,2138.0,5.0,4.0,3.0,251.0,1.0,2.0,0.0,7.0,2.0,4.0,3.0,4.0,3.0,1.0,0.0,1998.0,4.0,5.0,5.0,256.0,2.0,4.0,2.0,2.0,1.0,3.0,2.0,3.0,4.0,2.0,0.0,1896.0,6.0,5.0,5.0,262.0,3.0,3.0,2.0,3.0,3.0,4.0,2.0,4.0,2.0,2.0,4.0,1971.0,6.0,4.0,6.0,243.0,3.0,2.0,1.0,6.0,7.0,2.0,1.0,1.0,4.0,2.0,2.0,2109.0,2.0,5.0,3.0,252.0,5.0,2.0,3.0,5.0,8.0,5.0,1.0,5.0,5.0,2.0,2.0,2053.0,3.0,5.0,4.0,257.0,1.0,1.0,3.0,1.0,2.0,2.0,2.0,2.0,1.0,1.0,2.0,1755.0,4.0,4.0,3.0,251.0,4.0,2.0,3.0,2.0,4.0,3.0,2.0,4.0,2.0,3.0,2.0,1415.0,3.0,3.0,5.0,242.0,4.0,2.0,1.0,4.0,2.0,3.0,2.0,3.0,1.0,2.0,2.0,2020.0,4.0,3.0,4.0,249.0,3.0,2.0,1.0,4.0,4.0,4.0,2.0,3.0,6.0,3.0,3.0,1587.0,3.0,5.0,3.0,256.0,3.0,6.0,4.0,5.0,5.0,6.0,5.0,8.0,4.0,4.0,4.0,1670.0,3.0,4.0,4.0,267.0,4.0,3.0,2.0,3.0,3.0,3.0,2.0,4.0,4.0,3.0,2.0,2322.0,6.0,4.0,5.0,264.0,2.0,5.0,3.0,4.0,6.0,5.0,4.0,5.0,3.0,6.0,3.0,2208.0,6.0,8.0,4.0,266.0,4.0,3.0,4.0,6.0,5.0,4.0,4.0,3.0,3.0,3.0,1.0,2448.0,4.0,2.0,6.0,freqmine
827.0,524.0,499.0,525.0,528.0,532.0,481.0,493.0,503.0,515.0,517.0,479.0,3656.0,535.0,565.0,524.0,269.0,6.0,5.0,6.0,9.0,5.0,2.0,6.0,4.0,5.0,17.0,4.0,1770.0,7.0,12.0,6.0,254.0,4.0,1.0,3.0,3.0,5.0,2.0,2.0,2.0,3.0,16.0,1.0,2005.0,1.0,3.0,3.0,270.0,4.0,0.0,6.0,3.0,4.0,2.0,1.0,2.0,4.0,15.0,2.0,1865.0,4.0,5.0,3.0,269.0,3.0,1.0,3.0,3.0,6.0,2.0,3.0,3.0,0.0,23.0,3.0,1801.0,1.0,4.0,2.0,272.0,4.0,4.0,5.0,4.0,3.0,2.0,6.0,3.0,2.0,11.0,1.0,2064.0,3.0,5.0,3.0,246.0,1.0,0.0,3.0,4.0,2.0,0.0,1.0,1.0,2.0,16.0,2.0,1995.0,2.0,7.0,3.0,249.0,1.0,2.0,3.0,3.0,1.0,0.0,1.0,1.0,1.0,15.0,2.0,1951.0,2.0,8.0,2.0,256.0,2.0,3.0,2.0,7.0,2.0,1.0,3.0,2.0,3.0,14.0,1.0,1768.0,3.0,5.0,4.0,265.0,2.0,4.0,4.0,4.0,0.0,0.0,2.0,2.0,2.0,11.0,2.0,1269.0,3.0,5.0,4.0,250.0,2.0,4.0,2.0,6.0,2.0,1.0,2.0,3.0,3.0,10.0,3.0,2016.0,5.0,7.0,4.0,245.0,2.0,2.0,4.0,6.0,3.0,2.0,1.0,1.0,3.0,10.0,2.0,1680.0,4.0,9.0,5.0,255.0,3.0,3.0,2.0,2.0,2.0,1.0,0.0,2.0,3.0,28.0,2.0,1724.0,3.0,6.0,3.0,271.0,4.0,3.0,3.0,5.0,4.0,2.0,3.0,2.0,2.0,12.0,4.0,2326.0,0.0,6.0,4.0,290.0,4.0,4.0,5.0,9.0,4.0,2.0,3.0,6.0,4.0,46.0,2.0,2196.0,5.0,5.0,5.0,267.0,3.0,3.0,4.0,3.0,2.0,1.0,1.0,2.0,1.0,21.0,3.0,2475.0,5.0,6.0,6.0,freqmine
825.0,529.0,495.0,539.0,511.0,537.0,488.0,504.0,491.0,502.0,490.0,502.0,3758.0,528.0,514.0,535.0,269.0,2.0,2.0,6.0,4.0,4.0,5.0,3.0,4.0,4.0,5.0,3.0,1763.0,1.0,5.0,4.0,253.0,2.0,1.0,3.0,5.0,1.0,1.0,1.0,1.0,2.0,2.0,1.0,2029.0,2.0,5.0,2.0,273.0,3.0,6.0,5.0,6.0,3.0,5.0,5.0,4.0,1.0,7.0,4.0,1946.0,4.0,5.0,2.0,259.0,3.0,1.0,3.0,2.0,4.0,2.0,2.0,0.0,2.0,6.0,2.0,1790.0,4.0,1.0,4.0,274.0,4.0,2.0,4.0,5.0,4.0,3.0,0.0,3.0,4.0,4.0,2.0,1951.0,4.0,3.0,3.0,247.0,4.0,2.0,4.0,1.0,2.0,1.0,2.0,2.0,1.0,3.0,0.0,2016.0,1.0,3.0,5.0,260.0,0.0,1.0,4.0,4.0,2.0,3.0,3.0,1.0,1.0,2.0,2.0,2035.0,1.0,3.0,4.0,250.0,3.0,0.0,3.0,1.0,4.0,2.0,1.0,1.0,1.0,3.0,1.0,1733.0,1.0,2.0,1.0,255.0,3.0,1.0,3.0,2.0,6.0,3.0,2.0,0.0,2.0,3.0,1.0,1314.0,3.0,1.0,3.0,255.0,5.0,5.0,10.0,14.0,6.0,10.0,7.0,6.0,7.0,5.0,3.0,1939.0,3.0,9.0,11.0,257.0,2.0,0.0,2.0,3.0,1.0,1.0,2.0,1.0,1.0,2.0,2.0,1670.0,2.0,2.0,3.0,256.0,3.0,3.0,3.0,7.0,4.0,3.0,1.0,1.0,0.0,4.0,1.0,1738.0,1.0,6.0,2.0,270.0,3.0,1.0,6.0,5.0,3.0,3.0,2.0,4.0,5.0,2.0,2.0,2282.0,9.0,4.0,4.0,262.0,6.0,2.0,5.0,2.0,4.0,3.0,3.0,1.0,1.0,6.0,3.0,2144.0,4.0,5.0,4.0,273.0,2.0,3.0,3.0,6.0,5.0,5.0,3.0,3.0,5.0,4.0,5.0,2600.0,3.0,3.0,4.0,freqmine
353.0,301.0,282.0,288.0,314.0,301.0,285.0,290.0,291.0,288.0,279.0,288.0,3118.0,295.0,297.0,301.0,19.0,2.0,2.0,2.0,9.0,3.0,2.0,1.0,1.0,2.0,2.0,2.0,1239.0,3.0,2.0,3.0,12.0,1.0,2.0,2.0,7.0,3.0,1.0,1.0,1.0,1.0,1.0,1.0,1612.0,2.0,3.0,2.0,13.0,0.0,0.0,2.0,4.0,1.0,3.0,1.0,0.0,0.0,1.0,1.0,1344.0,1.0,0.0,0.0,25.0,2.0,2.0,3.0,10.0,3.0,2.0,2.0,3.0,2.0,5.0,1.0,1382.0,2.0,3.0,2.0,20.0,0.0,1.0,0.0,7.0,2.0,0.0,2.0,2.0,0.0,1.0,2.0,1781.0,0.0,2.0,4.0,6.0,0.0,0.0,1.0,7.0,1.0,1.0,0.0,1.0,0.0,0.0,1.0,1846.0,1.0,0.0,1.0,11.0,1.0,3.0,0.0,3.0,1.0,1.0,0.0,1.0,2.0,0.0,2.0,1466.0,1.0,1.0,1.0,14.0,3.0,1.0,2.0,9.0,2.0,0.0,1.0,3.0,1.0,1.0,1.0,1581.0,0.0,3.0,0.0,12.0,0.0,1.0,0.0,11.0,3.0,0.0,1.0,0.0,0.0,0.0,1.0,1173.0,2.0,2.0,2.0,7.0,1.0,1.0,2.0,7.0,1.0,1.0,1.0,1.0,1.0,1.0,3.0,1562.0,4.0,2.0,1.0,9.0,3.0,0.0,1.0,2.0,1.0,1.0,1.0,2.0,1.0,0.0,0.0,1441.0,0.0,3.0,1.0,11.0,1.0,1.0,1.0,8.0,1.0,1.0,1.0,1.0,1.0,1.0,1.0,1720.0,1.0,0.0,0.0,15.0,2.0,4.0,2.0,14.0,4.0,2.0,1.0,2.0,3.0,4.0,2.0,2112.0,3.0,1.0,1.0,18.0,2.0,2.0,2.0,5.0,2.0,2.0,2.0,2.0,2.0,1.0,4.0,1856.0,3.0,1.0,3.0,22.0,2.0,1.0,3.0,7.0,4.0,2.0,1.0,2.0,2.0,1.0,1.0,1904.0,3.0,2.0,2.0,freqmine
854.0,526.0,485.0,524.0,519.0,516.0,483.0,497.0,495.0,502.0,481.0,478.0,3606.0,517.0,593.0,539.0,269.0,3.0,6.0,6.0,5.0,6.0,5.0,3.0,4.0,2.0,1.0,3.0,1876.0,5.0,16.0,7.0,249.0,1.0,0.0,2.0,2.0,1.0,3.0,1.0,2.0,1.0,1.0,1.0,2122.0,3.0,15.0,4.0,266.0,4.0,0.0,5.0,4.0,7.0,2.0,2.0,1.0,4.0,2.0,2.0,2034.0,3.0,19.0,7.0,264.0,5.0,3.0,4.0,3.0,4.0,3.0,0.0,3.0,2.0,1.0,1.0,1991.0,3.0,27.0,5.0,264.0,1.0,2.0,4.0,5.0,3.0,4.0,4.0,1.0,1.0,1.0,4.0,2068.0,3.0,15.0,4.0,246.0,1.0,0.0,3.0,4.0,2.0,4.0,1.0,0.0,0.0,0.0,2.0,2128.0,3.0,13.0,2.0,253.0,6.0,2.0,4.0,2.0,2.0,3.0,1.0,3.0,3.0,2.0,1.0,2062.0,4.0,13.0,5.0,254.0,2.0,2.0,3.0,4.0,2.0,3.0,2.0,0.0,2.0,0.0,1.0,1637.0,3.0,13.0,4.0,256.0,1.0,2.0,4.0,5.0,0.0,3.0,1.0,3.0,3.0,1.0,2.0,1421.0,3.0,15.0,3.0,250.0,4.0,4.0,5.0,8.0,3.0,4.0,5.0,3.0,4.0,3.0,3.0,2139.0,7.0,46.0,4.0,246.0,1.0,3.0,6.0,3.0,3.0,4.0,1.0,1.0,2.0,0.0,2.0,1747.0,3.0,12.0,6.0,258.0,1.0,1.0,0.0,2.0,0.0,2.0,0.0,2.0,1.0,0.0,2.0,1828.0,2.0,24.0,4.0,264.0,3.0,3.0,4.0,6.0,3.0,5.0,2.0,3.0,2.0,3.0,3.0,2303.0,0.0,14.0,4.0,289.0,2.0,4.0,5.0,8.0,3.0,5.0,4.0,5.0,5.0,4.0,4.0,2175.0,6.0,44.0,11.0,274.0,5.0,1.0,6.0,4.0,2.0,5.0,4.0,2.0,2.0,4.0,2.0,2393.0,2.0,33.0,6.0,freqmine
839.0,537.0,492.0,523.0,510.0,536.0,495.0,516.0,511.0,503.0,483.0,487.0,3657.0,532.0,544.0,542.0,275.0,5.0,3.0,4.0,7.0,2.0,3.0,5.0,4.0,7.0,3.0,3.0,1734.0,5.0,5.0,4.0,250.0,3.0,2.0,3.0,2.0,5.0,1.0,4.0,0.0,1.0,0.0,0.0,2207.0,1.0,3.0,3.0,267.0,3.0,2.0,6.0,5.0,3.0,4.0,5.0,4.0,3.0,1.0,2.0,1935.0,4.0,4.0,5.0,260.0,0.0,1.0,3.0,2.0,5.0,2.0,5.0,2.0,2.0,2.0,2.0,1775.0,2.0,2.0,3.0,272.0,6.0,1.0,5.0,3.0,4.0,2.0,3.0,4.0,5.0,3.0,0.0,1983.0,3.0,4.0,6.0,253.0,4.0,3.0,3.0,4.0,3.0,2.0,7.0,4.0,6.0,2.0,2.0,2082.0,3.0,4.0,4.0,261.0,2.0,1.0,3.0,3.0,3.0,2.0,5.0,1.0,3.0,1.0,1.0,2111.0,1.0,4.0,2.0,258.0,4.0,1.0,4.0,3.0,3.0,2.0,3.0,3.0,1.0,1.0,1.0,1774.0,3.0,4.0,3.0,257.0,3.0,1.0,2.0,3.0,3.0,0.0,4.0,1.0,2.0,1.0,1.0,1415.0,2.0,4.0,5.0,249.0,3.0,1.0,2.0,3.0,3.0,2.0,4.0,1.0,3.0,1.0,1.0,1979.0,1.0,7.0,3.0,245.0,3.0,0.0,3.0,2.0,2.0,1.0,3.0,1.0,3.0,2.0,0.0,1628.0,1.0,3.0,2.0,252.0,3.0,3.0,5.0,2.0,3.0,2.0,3.0,2.0,4.0,3.0,2.0,1666.0,1.0,4.0,3.0,271.0,3.0,2.0,3.0,2.0,4.0,2.0,3.0,1.0,7.0,1.0,1.0,2293.0,4.0,4.0,7.0,281.0,5.0,5.0,9.0,11.0,7.0,3.0,10.0,6.0,8.0,7.0,7.0,2251.0,9.0,11.0,10.0,276.0,3.0,5.0,4.0,5.0,4.0,2.0,5.0,4.0,5.0,2.0,3.0,2485.0,7.0,5.0,5.0,freqmine
839.0,514.0,494.0,505.0,500.0,509.0,476.0,491.0,489.0,495.0,476.0,493.0,3764.0,515.0,524.0,518.0,262.0,2.0,4.0,5.0,3.0,4.0,3.0,5.0,3.0,2.0,2.0,4.0,1963.0,5.0,7.0,5.0,254.0,2.0,1.0,2.0,3.0,1.0,1.0,0.0,1.0,4.0,0.0,1.0,2113.0,5.0,3.0,4.0,256.0,2.0,5.0,1.0,2.0,2.0,1.0,3.0,1.0,1.0,0.0,3.0,1931.0,7.0,4.0,1.0,254.0,3.0,3.0,3.0,2.0,3.0,2.0,2.0,1.0,4.0,1.0,2.0,1866.0,5.0,7.0,1.0,259.0,2.0,4.0,2.0,7.0,2.0,1.0,2.0,2.0,0.0,0.0,4.0,2001.0,5.0,4.0,3.0,244.0,2.0,2.0,2.0,2.0,2.0,1.0,1.0,1.0,0.0,1.0,1.0,2049.0,6.0,3.0,4.0,251.0,1.0,4.0,4.0,5.0,4.0,3.0,1.0,3.0,3.0,1.0,4.0,2109.0,7.0,4.0,5.0,250.0,2.0,2.0,0.0,2.0,2.0,0.0,2.0,1.0,4.0,2.0,3.0,1738.0,4.0,3.0,3.0,251.0,3.0,3.0,0.0,4.0,1.0,2.0,1.0,3.0,1.0,1.0,2.0,1392.0,7.0,2.0,2.0,244.0,1.0,3.0,1.0,3.0,0.0,1.0,2.0,3.0,2.0,1.0,2.0,1979.0,8.0,5.0,3.0,253.0,2.0,2.0,0.0,3.0,2.0,0.0,2.0,2.0,2.0,1.0,1.0,1701.0,6.0,2.0,1.0,249.0,1.0,4.0,0.0,3.0,0.0,1.0,2.0,1.0,0.0,0.0,1.0,1738.0,6.0,2.0,2.0,259.0,4.0,3.0,3.0,3.0,2.0,2.0,2.0,4.0,1.0,2.0,3.0,2316.0,6.0,2.0,2.0,272.0,5.0,6.0,4.0,12.0,7.0,6.0,4.0,4.0,4.0,4.0,5.0,2225.0,5.0,11.0,7.0,265.0,1.0,2.0,2.0,2.0,3.0,3.0,2.0,1.0,2.0,1.0,1.0,2612.0,5.0,3.0,5.0,freqmine
866.0,531.0,504.0,527.0,520.0,528.0,502.0,508.0,507.0,511.0,492.0,503.0,3585.0,541.0,527.0,537.0,270.0,1.0,6.0,3.0,4.0,4.0,4.0,2.0,2.0,4.0,3.0,2.0,1823.0,6.0,3.0,5.0,258.0,1.0,3.0,2.0,3.0,1.0,2.0,3.0,3.0,1.0,2.0,2.0,2231.0,4.0,3.0,4.0,269.0,4.0,1.0,3.0,4.0,4.0,1.0,2.0,0.0,4.0,1.0,2.0,2091.0,3.0,2.0,3.0,266.0,4.0,1.0,2.0,2.0,5.0,0.0,3.0,2.0,3.0,3.0,1.0,1912.0,3.0,2.0,6.0,266.0,2.0,2.0,2.0,1.0,5.0,1.0,3.0,2.0,3.0,2.0,2.0,2120.0,5.0,4.0,4.0,253.0,3.0,2.0,2.0,3.0,1.0,1.0,2.0,2.0,0.0,0.0,2.0,2038.0,4.0,2.0,3.0,257.0,4.0,2.0,1.0,4.0,2.0,1.0,3.0,1.0,1.0,2.0,0.0,2123.0,3.0,3.0,3.0,259.0,2.0,2.0,4.0,3.0,2.0,3.0,0.0,3.0,2.0,0.0,1.0,1832.0,4.0,0.0,3.0,262.0,1.0,2.0,5.0,3.0,3.0,0.0,1.0,1.0,3.0,0.0,1.0,1498.0,1.0,3.0,4.0,254.0,3.0,2.0,2.0,4.0,2.0,2.0,4.0,3.0,2.0,1.0,2.0,2104.0,4.0,3.0,5.0,256.0,3.0,2.0,5.0,3.0,2.0,4.0,3.0,1.0,3.0,4.0,4.0,1643.0,3.0,3.0,7.0,260.0,2.0,1.0,2.0,2.0,1.0,1.0,1.0,1.0,2.0,4.0,3.0,1751.0,2.0,1.0,3.0,275.0,2.0,3.0,4.0,5.0,4.0,2.0,2.0,2.0,3.0,5.0,1.0,2283.0,2.0,3.0,4.0,272.0,4.0,3.0,5.0,8.0,3.0,2.0,5.0,2.0,4.0,3.0,2.0,2211.0,5.0,3.0,3.0,274.0,7.0,5.0,2.0,5.0,4.0,3.0,4.0,4.0,4.0,3.0,5.0,2571.0,2.0,4.0,3.0,freqmine
857.0,521.0,495.0,521.0,518.0,525.0,483.0,498.0,500.0,499.0,475.0,494.0,3763.0,521.0,529.0,516.0,269.0,5.0,2.0,6.0,6.0,4.0,2.0,6.0,5.0,2.0,1.0,3.0,1876.0,5.0,4.0,5.0,253.0,5.0,2.0,4.0,5.0,4.0,1.0,4.0,2.0,4.0,1.0,2.0,2064.0,2.0,2.0,4.0,268.0,2.0,2.0,4.0,3.0,1.0,3.0,4.0,6.0,1.0,2.0,0.0,1899.0,3.0,6.0,5.0,263.0,3.0,3.0,3.0,4.0,5.0,4.0,4.0,2.0,3.0,2.0,2.0,1886.0,3.0,2.0,3.0,270.0,5.0,1.0,4.0,6.0,1.0,2.0,4.0,5.0,1.0,2.0,2.0,1949.0,5.0,0.0,4.0,247.0,1.0,2.0,3.0,4.0,2.0,0.0,2.0,2.0,3.0,1.0,0.0,2092.0,1.0,2.0,3.0,255.0,2.0,0.0,2.0,2.0,2.0,2.0,4.0,2.0,1.0,0.0,2.0,1878.0,1.0,3.0,2.0,254.0,3.0,1.0,2.0,3.0,3.0,1.0,4.0,3.0,1.0,1.0,1.0,1730.0,0.0,5.0,3.0,255.0,6.0,2.0,1.0,3.0,2.0,2.0,5.0,3.0,0.0,1.0,2.0,1229.0,3.0,3.0,3.0,244.0,4.0,1.0,4.0,3.0,2.0,2.0,3.0,2.0,2.0,1.0,2.0,1965.0,1.0,5.0,3.0,253.0,2.0,3.0,4.0,3.0,3.0,0.0,2.0,5.0,1.0,0.0,1.0,1611.0,0.0,3.0,3.0,252.0,1.0,3.0,1.0,3.0,3.0,1.0,1.0,2.0,1.0,1.0,0.0,1655.0,1.0,2.0,4.0,265.0,3.0,2.0,3.0,4.0,3.0,3.0,4.0,3.0,3.0,2.0,1.0,2198.0,3.0,4.0,3.0,271.0,4.0,4.0,5.0,5.0,3.0,4.0,6.0,4.0,3.0,4.0,4.0,2119.0,4.0,12.0,6.0,263.0,3.0,2.0,5.0,6.0,5.0,1.0,4.0,4.0,3.0,2.0,2.0,2494.0,5.0,3.0,5.0,freqmine
802.0,544.0,499.0,518.0,513.0,530.0,490.0,500.0,513.0,511.0,479.0,484.0,3691.0,528.0,527.0,526.0,275.0,7.0,7.0,7.0,7.0,6.0,6.0,5.0,7.0,7.0,8.0,7.0,1822.0,5.0,8.0,5.0,251.0,3.0,1.0,3.0,2.0,2.0,1.0,2.0,3.0,1.0,1.0,1.0,2119.0,2.0,4.0,1.0,262.0,6.0,3.0,5.0,4.0,5.0,2.0,4.0,2.0,4.0,2.0,5.0,1898.0,4.0,4.0,4.0,261.0,3.0,1.0,3.0,1.0,5.0,3.0,2.0,3.0,4.0,1.0,1.0,1909.0,2.0,5.0,2.0,270.0,5.0,4.0,6.0,6.0,7.0,3.0,4.0,3.0,6.0,2.0,4.0,2081.0,2.0,7.0,3.0,248.0,6.0,0.0,3.0,5.0,2.0,3.0,1.0,2.0,2.0,1.0,1.0,2131.0,2.0,1.0,2.0,255.0,3.0,4.0,6.0,6.0,5.0,3.0,2.0,4.0,6.0,3.0,3.0,2189.0,4.0,5.0,5.0,263.0,6.0,2.0,3.0,2.0,6.0,3.0,3.0,4.0,5.0,2.0,4.0,1713.0,6.0,3.0,5.0,259.0,1.0,2.0,4.0,5.0,4.0,2.0,1.0,3.0,6.0,3.0,1.0,1316.0,4.0,2.0,2.0,242.0,4.0,2.0,3.0,5.0,2.0,2.0,2.0,3.0,7.0,2.0,2.0,1889.0,4.0,5.0,4.0,245.0,5.0,0.0,2.0,4.0,4.0,2.0,2.0,4.0,5.0,2.0,2.0,1563.0,5.0,3.0,1.0,251.0,3.0,4.0,3.0,2.0,1.0,1.0,3.0,4.0,2.0,2.0,3.0,1687.0,1.0,1.0,0.0,270.0,6.0,3.0,4.0,3.0,4.0,3.0,2.0,4.0,5.0,3.0,4.0,2307.0,3.0,5.0,3.0,264.0,6.0,3.0,7.0,9.0,7.0,3.0,5.0,6.0,8.0,6.0,7.0,2119.0,6.0,4.0,5.0,264.0,5.0,1.0,5.0,3.0,2.0,4.0,2.0,2.0,3.0,1.0,2.0,2467.0,3.0,4.0,4.0,freqmine
842.0,516.0,486.0,512.0,504.0,500.0,477.0,496.0,498.0,494.0,473.0,482.0,3594.0,510.0,541.0,524.0,267.0,1.0,4.0,4.0,6.0,5.0,4.0,5.0,3.0,4.0,2.0,2.0,1843.0,3.0,7.0,9.0,250.0,2.0,1.0,1.0,5.0,3.0,1.0,0.0,0.0,3.0,2.0,2.0,2261.0,2.0,2.0,5.0,261.0,5.0,2.0,3.0,4.0,6.0,4.0,2.0,2.0,4.0,2.0,1.0,2048.0,4.0,5.0,4.0,258.0,3.0,2.0,3.0,2.0,3.0,2.0,2.0,2.0,0.0,4.0,0.0,1975.0,3.0,3.0,4.0,255.0,2.0,1.0,1.0,2.0,2.0,2.0,1.0,3.0,3.0,2.0,0.0,2185.0,4.0,3.0,6.0,244.0,0.0,1.0,4.0,4.0,3.0,0.0,4.0,2.0,1.0,2.0,1.0,2162.0,2.0,5.0,4.0,248.0,6.0,2.0,3.0,5.0,2.0,0.0,4.0,2.0,1.0,3.0,1.0,2058.0,3.0,2.0,3.0,254.0,1.0,2.0,3.0,4.0,1.0,2.0,0.0,0.0,0.0,2.0,0.0,1792.0,1.0,4.0,4.0,253.0,2.0,1.0,3.0,2.0,3.0,2.0,3.0,1.0,2.0,2.0,1.0,1449.0,3.0,6.0,7.0,244.0,3.0,2.0,2.0,5.0,2.0,5.0,6.0,2.0,1.0,3.0,1.0,2073.0,3.0,7.0,4.0,249.0,0.0,1.0,2.0,3.0,0.0,2.0,4.0,0.0,1.0,1.0,2.0,1731.0,1.0,3.0,5.0,250.0,3.0,0.0,2.0,2.0,1.0,3.0,2.0,1.0,0.0,0.0,0.0,1769.0,2.0,3.0,4.0,261.0,2.0,1.0,5.0,4.0,4.0,1.0,3.0,3.0,3.0,2.0,3.0,2418.0,4.0,5.0,6.0,281.0,5.0,4.0,4.0,6.0,6.0,6.0,7.0,5.0,6.0,8.0,4.0,2258.0,6.0,12.0,9.0,268.0,4.0,2.0,1.0,1.0,5.0,2.0,2.0,4.0,4.0,4.0,2.0,2424.0,4.0,6.0,8.0,freqmine
852.0,552.0,490.0,528.0,525.0,526.0,488.0,509.0,506.0,512.0,488.0,501.0,3554.0,530.0,532.0,535.0,280.0,8.0,3.0,8.0,6.0,5.0,5.0,5.0,7.0,4.0,5.0,5.0,1826.0,8.0,3.0,4.0,253.0,2.0,1.0,4.0,1.0,3.0,2.0,3.0,2.0,0.0,1.0,0.0,2230.0,3.0,2.0,3.0,274.0,3.0,4.0,6.0,6.0,2.0,4.0,2.0,5.0,2.0,4.0,4.0,2028.0,3.0,4.0,5.0,266.0,4.0,3.0,4.0,3.0,4.0,4.0,3.0,2.0,4.0,2.0,3.0,1903.0,3.0,3.0,4.0,269.0,4.0,4.0,5.0,4.0,3.0,2.0,2.0,2.0,2.0,3.0,3.0,2134.0,3.0,4.0,4.0,251.0,6.0,2.0,2.0,6.0,1.0,4.0,2.0,3.0,5.0,4.0,2.0,2160.0,3.0,2.0,2.0,264.0,3.0,0.0,3.0,2.0,3.0,4.0,2.0,4.0,4.0,2.0,3.0,2190.0,3.0,5.0,6.0,259.0,4.0,1.0,3.0,3.0,4.0,2.0,3.0,2.0,3.0,1.0,2.0,1797.0,2.0,3.0,3.0,262.0,6.0,2.0,4.0,6.0,2.0,3.0,3.0,3.0,2.0,1.0,3.0,1442.0,2.0,3.0,2.0,252.0,8.0,4.0,6.0,5.0,6.0,4.0,3.0,4.0,4.0,3.0,3.0,2099.0,5.0,6.0,5.0,257.0,7.0,1.0,4.0,3.0,2.0,2.0,1.0,5.0,2.0,1.0,1.0,1768.0,2.0,5.0,2.0,257.0,3.0,0.0,1.0,2.0,1.0,0.0,2.0,2.0,1.0,2.0,3.0,1825.0,1.0,0.0,2.0,272.0,4.0,3.0,2.0,4.0,4.0,5.0,1.0,3.0,2.0,2.0,3.0,2321.0,4.0,2.0,2.0,272.0,6.0,4.0,9.0,4.0,6.0,4.0,5.0,6.0,4.0,5.0,6.0,2208.0,5.0,6.0,3.0,275.0,5.0,4.0,7.0,9.0,6.0,5.0,6.0,3.0,4.0,4.0,5.0,2657.0,4.0,4.0,2.0,freqmine
863.0,526.0,524.0,533.0,537.0,562.0,503.0,522.0,526.0,543.0,491.0,482.0,3648.0,507.0,556.0,532.0,266.0,2.0,15.0,3.0,5.0,10.0,2.0,4.0,11.0,13.0,4.0,3.0,1761.0,1.0,7.0,6.0,263.0,3.0,9.0,5.0,10.0,42.0,2.0,2.0,11.0,13.0,3.0,3.0,2136.0,2.0,17.0,8.0,272.0,3.0,14.0,3.0,4.0,10.0,1.0,3.0,10.0,11.0,1.0,2.0,1987.0,3.0,5.0,4.0,276.0,0.0,26.0,2.0,3.0,32.0,2.0,2.0,25.0,27.0,3.0,1.0,1984.0,2.0,4.0,4.0,281.0,3.0,12.0,3.0,10.0,5.0,4.0,5.0,21.0,13.0,2.0,4.0,1945.0,4.0,14.0,9.0,259.0,1.0,10.0,2.0,3.0,12.0,1.0,0.0,16.0,9.0,1.0,3.0,2120.0,1.0,2.0,6.0,267.0,3.0,15.0,3.0,7.0,10.0,0.0,2.0,12.0,10.0,3.0,3.0,2206.0,3.0,2.0,3.0,262.0,1.0,10.0,2.0,6.0,5.0,3.0,2.0,8.0,21.0,1.0,4.0,1708.0,5.0,13.0,7.0,268.0,0.0,12.0,2.0,4.0,8.0,2.0,1.0,8.0,9.0,4.0,3.0,1329.0,5.0,8.0,7.0,254.0,2.0,14.0,4.0,3.0,8.0,2.0,3.0,10.0,11.0,1.0,2.0,1982.0,2.0,5.0,5.0,245.0,1.0,9.0,1.0,2.0,8.0,1.0,3.0,3.0,6.0,0.0,1.0,1681.0,3.0,2.0,2.0,262.0,2.0,13.0,2.0,3.0,15.0,2.0,1.0,21.0,24.0,2.0,2.0,1692.0,1.0,3.0,1.0,259.0,2.0,7.0,2.0,5.0,6.0,0.0,3.0,6.0,7.0,1.0,2.0,2292.0,0.0,5.0,5.0,287.0,4.0,51.0,5.0,8.0,42.0,3.0,2.0,38.0,44.0,3.0,3.0,2147.0,4.0,4.0,5.0,270.0,2.0,24.0,4.0,3.0,27.0,2.0,2.0,28.0,30.0,3.0,2.0,2467.0,3.0,2.0,7.0,freqmine
846.0,537.0,496.0,525.0,550.0,524.0,485.0,500.0,508.0,525.0,493.0,487.0,3551.0,555.0,539.0,539.0,276.0,5.0,4.0,6.0,16.0,7.0,5.0,5.0,4.0,3.0,4.0,6.0,1814.0,12.0,5.0,6.0,257.0,3.0,0.0,2.0,15.0,1.0,1.0,0.0,0.0,3.0,1.0,3.0,2223.0,10.0,7.0,4.0,270.0,3.0,1.0,3.0,12.0,6.0,0.0,1.0,0.0,4.0,2.0,2.0,1993.0,11.0,2.0,3.0,268.0,5.0,2.0,2.0,28.0,4.0,4.0,3.0,2.0,5.0,4.0,3.0,1923.0,47.0,16.0,9.0,271.0,4.0,2.0,6.0,17.0,5.0,1.0,0.0,4.0,3.0,3.0,2.0,2027.0,16.0,11.0,1.0,246.0,4.0,1.0,1.0,12.0,1.0,0.0,3.0,0.0,1.0,1.0,1.0,2031.0,14.0,3.0,2.0,253.0,2.0,1.0,1.0,10.0,1.0,1.0,2.0,1.0,3.0,1.0,1.0,2037.0,13.0,2.0,4.0,267.0,4.0,4.0,3.0,18.0,5.0,3.0,3.0,1.0,2.0,5.0,2.0,1779.0,13.0,12.0,5.0,275.0,3.0,2.0,4.0,26.0,5.0,2.0,3.0,2.0,3.0,2.0,2.0,1445.0,15.0,12.0,4.0,251.0,4.0,1.0,2.0,17.0,2.0,0.0,1.0,4.0,3.0,2.0,2.0,2048.0,12.0,2.0,3.0,250.0,4.0,1.0,4.0,7.0,1.0,2.0,1.0,2.0,1.0,2.0,5.0,1683.0,9.0,3.0,6.0,261.0,7.0,3.0,6.0,20.0,2.0,3.0,4.0,3.0,3.0,3.0,6.0,1793.0,15.0,4.0,7.0,271.0,2.0,1.0,7.0,9.0,5.0,1.0,3.0,3.0,3.0,3.0,3.0,2281.0,11.0,7.0,7.0,277.0,5.0,2.0,3.0,48.0,4.0,2.0,3.0,4.0,4.0,4.0,3.0,2189.0,34.0,4.0,6.0,273.0,7.0,2.0,2.0,33.0,2.0,3.0,3.0,2.0,1.0,2.0,4.0,2307.0,23.0,5.0,6.0,freqmine
360.0,304.0,258.0,283.0,287.0,290.0,266.0,287.0,259.0,263.0,246.0,258.0,2948.0,275.0,292.0,289.0,40.0,2.0,5.0,6.0,5.0,4.0,3.0,4.0,5.0,1.0,3.0,3.0,1365.0,4.0,6.0,4.0,17.0,3.0,0.0,3.0,10.0,1.0,1.0,1.0,0.0,3.0,0.0,1.0,1721.0,2.0,8.0,2.0,26.0,6.0,2.0,2.0,2.0,3.0,2.0,2.0,6.0,2.0,3.0,0.0,1365.0,1.0,2.0,4.0,30.0,3.0,2.0,1.0,7.0,3.0,4.0,2.0,2.0,1.0,1.0,1.0,1428.0,1.0,9.0,0.0,33.0,3.0,3.0,3.0,8.0,2.0,4.0,2.0,2.0,4.0,2.0,0.0,1690.0,2.0,8.0,1.0,16.0,2.0,2.0,2.0,2.0,4.0,0.0,1.0,1.0,1.0,1.0,0.0,1869.0,5.0,2.0,0.0,31.0,2.0,0.0,3.0,4.0,3.0,2.0,1.0,1.0,1.0,2.0,0.0,1442.0,4.0,4.0,4.0,16.0,1.0,0.0,1.0,8.0,3.0,2.0,3.0,1.0,0.0,0.0,1.0,1630.0,2.0,6.0,1.0,21.0,1.0,1.0,0.0,7.0,2.0,0.0,3.0,2.0,1.0,0.0,1.0,1223.0,1.0,8.0,0.0,6.0,3.0,1.0,3.0,2.0,2.0,2.0,3.0,1.0,1.0,1.0,1.0,1655.0,1.0,1.0,3.0,11.0,3.0,1.0,0.0,3.0,0.0,0.0,0.0,0.0,0.0,1.0,2.0,1496.0,1.0,2.0,2.0,12.0,0.0,0.0,0.0,1.0,1.0,0.0,0.0,0.0,0.0,0.0,0.0,1740.0,0.0,1.0,0.0,26.0,3.0,1.0,3.0,10.0,0.0,1.0,2.0,2.0,1.0,0.0,0.0,2385.0,0.0,10.0,3.0,35.0,3.0,3.0,2.0,4.0,5.0,1.0,5.0,3.0,2.0,2.0,1.0,1930.0,3.0,7.0,4.0,27.0,2.0,3.0,2.0,1.0,2.0,1.0,3.0,1.0,1.0,1.0,0.0,2049.0,3.0,3.0,2.0,freqmine
803.0,514.0,481.0,515.0,496.0,521.0,479.0,483.0,502.0,492.0,471.0,499.0,3424.0,529.0,523.0,520.0,262.0,3.0,3.0,3.0,4.0,7.0,1.0,1.0,4.0,5.0,3.0,1.0,1757.0,6.0,2.0,2.0,248.0,2.0,1.0,1.0,4.0,4.0,1.0,3.0,2.0,1.0,0.0,0.0,2047.0,2.0,4.0,1.0,261.0,3.0,3.0,2.0,3.0,2.0,3.0,3.0,2.0,0.0,1.0,1.0,1862.0,4.0,4.0,2.0,253.0,5.0,3.0,5.0,5.0,7.0,1.0,1.0,1.0,1.0,2.0,1.0,1846.0,4.0,9.0,3.0,267.0,5.0,3.0,2.0,6.0,4.0,6.0,6.0,1.0,2.0,2.0,3.0,1996.0,4.0,7.0,6.0,241.0,0.0,1.0,3.0,2.0,5.0,0.0,0.0,1.0,2.0,1.0,0.0,2075.0,1.0,2.0,2.0,246.0,3.0,0.0,2.0,1.0,4.0,1.0,1.0,2.0,1.0,0.0,1.0,1909.0,1.0,3.0,3.0,254.0,4.0,0.0,4.0,7.0,5.0,1.0,2.0,3.0,2.0,1.0,2.0,1866.0,1.0,7.0,2.0,253.0,4.0,1.0,0.0,6.0,2.0,1.0,3.0,3.0,0.0,0.0,1.0,1488.0,2.0,5.0,4.0,244.0,3.0,4.0,3.0,4.0,4.0,2.0,3.0,3.0,4.0,2.0,3.0,2072.0,4.0,3.0,3.0,255.0,3.0,2.0,2.0,3.0,6.0,2.0,2.0,3.0,2.0,3.0,2.0,1547.0,2.0,5.0,3.0,250.0,1.0,2.0,1.0,2.0,3.0,1.0,2.0,1.0,1.0,1.0,3.0,1592.0,2.0,2.0,0.0,268.0,5.0,5.0,4.0,9.0,6.0,5.0,3.0,3.0,6.0,4.0,5.0,2299.0,2.0,9.0,3.0,265.0,3.0,4.0,6.0,6.0,5.0,2.0,4.0,3.0,2.0,2.0,4.0,2081.0,6.0,7.0,5.0,266.0,4.0,4.0,4.0,3.0,7.0,2.0,3.0,2.0,5.0,2.0,1.0,2440.0,2.0,4.0,0.0,freqmine
825.0,529.0,488.0,544.0,516.0,527.0,482.0,501.0,497.0,498.0,478.0,481.0,3464.0,534.0,517.0,519.0,267.0,3.0,4.0,4.0,6.0,3.0,4.0,6.0,3.0,3.0,2.0,3.0,1770.0,4.0,5.0,6.0,247.0,1.0,1.0,3.0,3.0,1.0,0.0,1.0,1.0,1.0,1.0,0.0,2091.0,3.0,3.0,3.0,279.0,4.0,1.0,5.0,4.0,6.0,2.0,1.0,4.0,4.0,4.0,4.0,1966.0,3.0,3.0,5.0,270.0,2.0,2.0,4.0,7.0,3.0,2.0,4.0,2.0,1.0,3.0,3.0,1871.0,2.0,7.0,4.0,267.0,3.0,2.0,3.0,5.0,4.0,0.0,2.0,4.0,4.0,3.0,3.0,2025.0,3.0,6.0,3.0,248.0,3.0,0.0,1.0,2.0,1.0,0.0,2.0,2.0,1.0,0.0,1.0,2027.0,3.0,2.0,2.0,255.0,2.0,2.0,3.0,4.0,4.0,1.0,3.0,3.0,1.0,2.0,2.0,2072.0,4.0,1.0,2.0,259.0,0.0,1.0,2.0,5.0,1.0,2.0,3.0,1.0,3.0,1.0,1.0,1775.0,5.0,3.0,3.0,257.0,3.0,3.0,2.0,6.0,2.0,1.0,3.0,2.0,3.0,2.0,1.0,1497.0,5.0,6.0,2.0,243.0,4.0,1.0,5.0,4.0,2.0,1.0,4.0,3.0,2.0,1.0,2.0,2209.0,5.0,4.0,3.0,246.0,2.0,1.0,3.0,4.0,1.0,0.0,3.0,1.0,1.0,0.0,0.0,1577.0,4.0,2.0,1.0,246.0,1.0,1.0,0.0,2.0,1.0,2.0,0.0,0.0,2.0,0.0,0.0,1618.0,1.0,1.0,3.0,277.0,5.0,1.0,4.0,9.0,3.0,0.0,6.0,5.0,3.0,2.0,2.0,2174.0,4.0,10.0,3.0,265.0,2.0,2.0,3.0,6.0,4.0,4.0,3.0,4.0,4.0,4.0,3.0,2216.0,4.0,2.0,3.0,265.0,1.0,1.0,2.0,6.0,2.0,2.0,3.0,3.0,2.0,2.0,3.0,2599.0,6.0,3.0,8.0,freqmine
854.0,519.0,494.0,526.0,510.0,525.0,487.0,499.0,491.0,494.0,469.0,475.0,3622.0,510.0,573.0,559.0,266.0,4.0,2.0,4.0,4.0,5.0,3.0,3.0,3.0,4.0,3.0,2.0,1862.0,4.0,6.0,15.0,254.0,2.0,0.0,3.0,4.0,4.0,3.0,2.0,1.0,2.0,0.0,1.0,2058.0,2.0,7.0,10.0,272.0,1.0,4.0,2.0,4.0,3.0,4.0,4.0,1.0,3.0,1.0,1.0,1971.0,4.0,4.0,13.0,259.0,5.0,1.0,2.0,5.0,5.0,2.0,2.0,3.0,3.0,4.0,2.0,1861.0,4.0,9.0,20.0,270.0,2.0,3.0,7.0,5.0,4.0,4.0,2.0,2.0,2.0,1.0,1.0,1996.0,5.0,5.0,17.0,246.0,3.0,3.0,4.0,4.0,5.0,2.0,2.0,1.0,0.0,1.0,1.0,2169.0,2.0,4.0,15.0,255.0,3.0,2.0,3.0,6.0,3.0,3.0,5.0,1.0,5.0,1.0,1.0,2037.0,3.0,6.0,16.0,251.0,4.0,2.0,1.0,4.0,3.0,1.0,2.0,1.0,0.0,1.0,2.0,1867.0,2.0,7.0,17.0,253.0,2.0,0.0,5.0,2.0,6.0,2.0,1.0,0.0,1.0,0.0,0.0,1302.0,1.0,7.0,18.0,241.0,1.0,1.0,3.0,5.0,2.0,3.0,1.0,1.0,1.0,2.0,1.0,2064.0,1.0,3.0,18.0,245.0,0.0,0.0,2.0,2.0,2.0,2.0,1.0,1.0,0.0,0.0,2.0,1607.0,2.0,3.0,13.0,260.0,2.0,0.0,3.0,2.0,1.0,2.0,1.0,2.0,3.0,1.0,1.0,1735.0,2.0,5.0,17.0,264.0,0.0,4.0,4.0,7.0,5.0,5.0,0.0,1.0,1.0,1.0,3.0,2329.0,5.0,12.0,17.0,293.0,4.0,3.0,4.0,4.0,6.0,6.0,7.0,5.0,5.0,3.0,4.0,2150.0,4.0,8.0,55.0,276.0,5.0,3.0,5.0,3.0,5.0,3.0,4.0,4.0,3.0,3.0,3.0,2585.0,4.0,5.0,18.0,freqmine
848.0,549.0,493.0,517.0,511.0,529.0,490.0,508.0,516.0,523.0,482.0,495.0,3575.0,549.0,559.0,551.0,278.0,3.0,4.0,5.0,6.0,5.0,5.0,2.0,4.0,4.0,3.0,5.0,1884.0,6.0,5.0,5.0,250.0,3.0,2.0,3.0,4.0,1.0,1.0,1.0,1.0,2.0,1.0,1.0,2129.0,1.0,2.0,5.0,262.0,4.0,1.0,4.0,3.0,6.0,2.0,2.0,4.0,1.0,2.0,1.0,2001.0,4.0,3.0,4.0,262.0,0.0,2.0,2.0,1.0,3.0,4.0,1.0,2.0,2.0,1.0,1.0,1888.0,4.0,5.0,3.0,268.0,8.0,3.0,4.0,5.0,3.0,4.0,5.0,5.0,4.0,3.0,4.0,2031.0,4.0,7.0,4.0,252.0,3.0,1.0,2.0,4.0,3.0,3.0,1.0,3.0,4.0,1.0,2.0,2176.0,2.0,4.0,3.0,261.0,3.0,2.0,1.0,2.0,2.0,2.0,0.0,3.0,1.0,1.0,1.0,1981.0,3.0,4.0,4.0,263.0,2.0,2.0,5.0,3.0,4.0,2.0,1.0,3.0,4.0,1.0,1.0,1854.0,4.0,6.0,3.0,267.0,5.0,3.0,2.0,5.0,1.0,3.0,2.0,4.0,4.0,3.0,3.0,1438.0,4.0,5.0,4.0,249.0,3.0,2.0,4.0,4.0,2.0,2.0,2.0,2.0,3.0,1.0,3.0,2253.0,4.0,3.0,3.0,254.0,3.0,1.0,2.0,5.0,3.0,2.0,1.0,1.0,2.0,1.0,1.0,1723.0,2.0,3.0,2.0,258.0,1.0,1.0,1.0,3.0,3.0,1.0,2.0,2.0,1.0,1.0,2.0,1725.0,1.0,3.0,4.0,280.0,7.0,2.0,5.0,4.0,3.0,2.0,4.0,4.0,4.0,3.0,1.0,2474.0,2.0,6.0,1.0,288.0,4.0,7.0,6.0,7.0,5.0,6.0,3.0,5.0,6.0,3.0,4.0,2196.0,7.0,6.0,7.0,286.0,5.0,2.0,6.0,13.0,5.0,5.0,3.0,4.0,5.0,3.0,5.0,2424.0,3.0,13.0,23.0,freqmine
832.0,524.0,485.0,546.0,523.0,521.0,481.0,491.0,492.0,488.0,469.0,482.0,3546.0,508.0,507.0,528.0,265.0,3.0,3.0,14.0,7.0,5.0,5.0,5.0,3.0,4.0,3.0,2.0,1869.0,3.0,5.0,7.0,248.0,3.0,1.0,14.0,4.0,3.0,1.0,1.0,2.0,2.0,0.0,2.0,2049.0,5.0,2.0,3.0,268.0,5.0,3.0,7.0,11.0,3.0,6.0,5.0,4.0,7.0,3.0,6.0,2015.0,7.0,8.0,9.0,264.0,5.0,2.0,34.0,5.0,4.0,1.0,3.0,3.0,2.0,3.0,0.0,1846.0,2.0,2.0,4.0,263.0,2.0,2.0,10.0,5.0,7.0,5.0,2.0,1.0,4.0,2.0,2.0,2151.0,3.0,1.0,6.0,245.0,3.0,2.0,17.0,5.0,4.0,2.0,2.0,2.0,2.0,2.0,2.0,2099.0,4.0,2.0,2.0,250.0,3.0,1.0,16.0,4.0,4.0,3.0,3.0,1.0,3.0,0.0,2.0,1875.0,1.0,3.0,3.0,248.0,3.0,0.0,8.0,5.0,2.0,3.0,2.0,1.0,2.0,1.0,1.0,1874.0,2.0,2.0,4.0,250.0,2.0,1.0,16.0,4.0,6.0,4.0,3.0,2.0,3.0,1.0,1.0,1375.0,2.0,3.0,4.0,239.0,4.0,1.0,13.0,4.0,2.0,3.0,2.0,3.0,2.0,1.0,1.0,2161.0,2.0,3.0,3.0,242.0,3.0,2.0,8.0,3.0,3.0,1.0,3.0,1.0,2.0,1.0,1.0,1536.0,1.0,3.0,2.0,248.0,2.0,2.0,8.0,4.0,2.0,4.0,2.0,1.0,2.0,1.0,3.0,1654.0,4.0,2.0,2.0,260.0,3.0,1.0,9.0,6.0,5.0,3.0,5.0,2.0,2.0,1.0,2.0,2256.0,3.0,3.0,6.0,257.0,4.0,1.0,37.0,6.0,4.0,2.0,4.0,3.0,3.0,3.0,3.0,2190.0,1.0,6.0,3.0,272.0,6.0,4.0,36.0,12.0,5.0,2.0,2.0,4.0,5.0,2.0,3.0,2568.0,6.0,8.0,4.0,freqmine
835.0,515.0,487.0,523.0,510.0,537.0,493.0,498.0,499.0,499.0,475.0,488.0,3485.0,513.0,510.0,526.0,264.0,5.0,5.0,6.0,6.0,3.0,5.0,4.0,4.0,5.0,3.0,4.0,1773.0,6.0,4.0,7.0,249.0,2.0,2.0,2.0,2.0,2.0,2.0,1.0,1.0,1.0,1.0,1.0,2085.0,0.0,0.0,4.0,271.0,3.0,5.0,4.0,6.0,4.0,0.0,1.0,1.0,2.0,3.0,1.0,1918.0,4.0,6.0,5.0,264.0,4.0,1.0,4.0,3.0,5.0,4.0,3.0,3.0,4.0,3.0,3.0,1931.0,5.0,4.0,7.0,276.0,4.0,5.0,5.0,2.0,2.0,1.0,3.0,2.0,3.0,4.0,3.0,2040.0,4.0,3.0,3.0,253.0,3.0,2.0,3.0,5.0,1.0,3.0,3.0,1.0,4.0,2.0,2.0,2153.0,3.0,6.0,5.0,253.0,1.0,1.0,1.0,4.0,2.0,0.0,1.0,0.0,2.0,3.0,1.0,2046.0,4.0,2.0,4.0,253.0,4.0,3.0,5.0,4.0,3.0,0.0,1.0,4.0,2.0,2.0,2.0,1913.0,2.0,1.0,2.0,256.0,1.0,2.0,3.0,3.0,3.0,2.0,1.0,2.0,0.0,2.0,2.0,1360.0,3.0,3.0,2.0,242.0,1.0,2.0,4.0,2.0,4.0,1.0,2.0,2.0,2.0,2.0,1.0,2174.0,2.0,3.0,3.0,246.0,2.0,0.0,3.0,2.0,2.0,2.0,1.0,1.0,1.0,1.0,3.0,1646.0,2.0,0.0,2.0,258.0,1.0,4.0,4.0,4.0,1.0,1.0,1.0,2.0,3.0,4.0,6.0,1710.0,2.0,2.0,6.0,261.0,3.0,4.0,6.0,2.0,3.0,3.0,1.0,2.0,3.0,2.0,2.0,2411.0,5.0,1.0,1.0,262.0,2.0,2.0,4.0,4.0,4.0,3.0,3.0,2.0,2.0,4.0,1.0,2188.0,4.0,1.0,4.0,272.0,5.0,4.0,6.0,4.0,4.0,3.0,4.0,1.0,1.0,3.0,1.0,2605.0,1.0,3.0,4.0,freqmine
799.0,504.0,482.0,505.0,501.0,496.0,476.0,491.0,495.0,494.0,470.0,493.0,3544.0,510.0,520.0,532.0,259.0,3.0,2.0,2.0,5.0,4.0,1.0,2.0,4.0,2.0,3.0,2.0,1855.0,2.0,6.0,4.0,246.0,2.0,0.0,2.0,2.0,2.0,0.0,1.0,0.0,0.0,1.0,0.0,2223.0,0.0,5.0,1.0,261.0,6.0,2.0,4.0,10.0,3.0,4.0,5.0,4.0,2.0,1.0,1.0,2053.0,2.0,15.0,5.0,252.0,3.0,2.0,2.0,3.0,3.0,1.0,0.0,2.0,1.0,2.0,2.0,2092.0,2.0,7.0,3.0,252.0,2.0,1.0,3.0,5.0,4.0,1.0,1.0,3.0,3.0,1.0,0.0,2218.0,2.0,5.0,4.0,241.0,3.0,2.0,3.0,1.0,3.0,0.0,1.0,2.0,1.0,0.0,0.0,2128.0,2.0,3.0,2.0,251.0,4.0,2.0,3.0,2.0,2.0,1.0,2.0,3.0,1.0,0.0,1.0,2110.0,1.0,5.0,3.0,253.0,2.0,0.0,1.0,1.0,1.0,1.0,2.0,1.0,2.0,2.0,1.0,1807.0,2.0,8.0,6.0,252.0,6.0,1.0,1.0,2.0,1.0,0.0,2.0,1.0,3.0,1.0,2.0,1453.0,1.0,6.0,6.0,242.0,6.0,2.0,3.0,5.0,1.0,2.0,2.0,3.0,3.0,2.0,3.0,2148.0,5.0,6.0,6.0,252.0,2.0,1.0,1.0,3.0,0.0,0.0,0.0,3.0,2.0,1.0,1.0,1775.0,2.0,6.0,4.0,260.0,3.0,1.0,1.0,2.0,1.0,1.0,2.0,3.0,1.0,2.0,1.0,1831.0,2.0,6.0,3.0,259.0,5.0,0.0,3.0,4.0,2.0,0.0,2.0,4.0,0.0,4.0,1.0,2343.0,3.0,9.0,6.0,263.0,5.0,4.0,4.0,6.0,3.0,6.0,6.0,4.0,6.0,4.0,6.0,2342.0,7.0,10.0,8.0,268.0,3.0,1.0,1.0,7.0,1.0,2.0,2.0,6.0,5.0,3.0,3.0,2673.0,4.0,8.0,5.0,freqmine
874.0,541.0,507.0,534.0,522.0,514.0,491.0,507.0,511.0,500.0,484.0,490.0,3501.0,526.0,523.0,534.0,270.0,5.0,4.0,9.0,7.0,7.0,4.0,8.0,4.0,5.0,4.0,3.0,1878.0,5.0,6.0,7.0,259.0,2.0,2.0,5.0,3.0,3.0,2.0,5.0,3.0,3.0,1.0,1.0,2328.0,4.0,4.0,3.0,272.0,4.0,2.0,7.0,5.0,5.0,3.0,5.0,2.0,3.0,3.0,6.0,1963.0,3.0,8.0,4.0,266.0,6.0,1.0,5.0,2.0,4.0,0.0,7.0,2.0,1.0,3.0,2.0,1986.0,2.0,3.0,1.0,259.0,5.0,1.0,4.0,2.0,3.0,2.0,5.0,1.0,0.0,0.0,3.0,2009.0,3.0,3.0,3.0,248.0,2.0,2.0,3.0,3.0,2.0,2.0,3.0,1.0,2.0,1.0,1.0,2062.0,1.0,1.0,3.0,257.0,3.0,1.0,6.0,3.0,4.0,3.0,6.0,2.0,2.0,1.0,2.0,1870.0,2.0,3.0,4.0,261.0,3.0,2.0,4.0,3.0,3.0,1.0,4.0,0.0,0.0,0.0,2.0,1943.0,2.0,2.0,0.0,252.0,1.0,1.0,5.0,3.0,3.0,2.0,4.0,1.0,2.0,1.0,1.0,1399.0,2.0,3.0,1.0,246.0,3.0,2.0,4.0,3.0,1.0,2.0,5.0,1.0,1.0,1.0,2.0,2015.0,4.0,3.0,2.0,251.0,2.0,1.0,5.0,3.0,3.0,1.0,5.0,3.0,1.0,2.0,0.0,1654.0,1.0,1.0,2.0,263.0,3.0,5.0,2.0,3.0,3.0,3.0,3.0,3.0,1.0,1.0,1.0,1605.0,2.0,1.0,4.0,269.0,3.0,2.0,3.0,4.0,2.0,4.0,5.0,1.0,4.0,1.0,2.0,2199.0,3.0,1.0,4.0,270.0,7.0,4.0,8.0,5.0,6.0,2.0,6.0,5.0,4.0,3.0,3.0,2317.0,2.0,5.0,5.0,274.0,5.0,3.0,8.0,4.0,7.0,3.0,7.0,2.0,4.0,1.0,3.0,2526.0,5.0,5.0,3.0,freqmine
1875.0,1215.0,1179.0,1226.0,1204.0,1211.0,1166.0,1194.0,1195.0,1187.0,1164.0,1186.0,3712.0,1207.0,1226.0,1235.0,616.0,3.0,4.0,3.0,4.0,3.0,4.0,4.0,2.0,3.0,3.0,6.0,1896.0,7.0,6.0,4.0,596.0,5.0,2.0,1.0,4.0,2.0,1.0,1.0,1.0,1.0,2.0,2.0,2246.0,3.0,4.0,4.0,622.0,3.0,6.0,2.0,6.0,3.0,3.0,4.0,3.0,3.0,3.0,2.0,1987.0,9.0,7.0,5.0,608.0,5.0,4.0,5.0,1.0,5.0,4.0,1.0,2.0,6.0,3.0,4.0,1986.0,5.0,5.0,6.0,613.0,5.0,5.0,4.0,5.0,3.0,2.0,3.0,4.0,5.0,4.0,4.0,2050.0,6.0,5.0,6.0,591.0,3.0,1.0,4.0,2.0,3.0,0.0,2.0,0.0,1.0,1.0,2.0,1990.0,4.0,5.0,2.0,604.0,6.0,4.0,4.0,6.0,3.0,2.0,3.0,4.0,3.0,6.0,6.0,1987.0,8.0,7.0,5.0,603.0,4.0,2.0,3.0,7.0,3.0,3.0,3.0,1.0,4.0,4.0,3.0,1872.0,5.0,4.0,6.0,601.0,4.0,3.0,0.0,2.0,4.0,1.0,1.0,4.0,3.0,2.0,2.0,1583.0,5.0,4.0,4.0,591.0,5.0,4.0,3.0,5.0,3.0,4.0,3.0,4.0,6.0,3.0,5.0,1975.0,5.0,8.0,6.0,597.0,4.0,1.0,1.0,4.0,5.0,2.0,3.0,2.0,3.0,3.0,3.0,1804.0,5.0,7.0,3.0,593.0,2.0,3.0,2.0,5.0,1.0,2.0,2.0,4.0,1.0,1.0,3.0,1779.0,2.0,2.0,3.0,609.0,4.0,6.0,7.0,5.0,7.0,5.0,5.0,4.0,8.0,7.0,7.0,2122.0,8.0,11.0,5.0,619.0,2.0,5.0,7.0,7.0,4.0,4.0,3.0,5.0,5.0,7.0,7.0,2067.0,9.0,7.0,4.0,623.0,5.0,2.0,1.0,4.0,2.0,1.0,4.0,6.0,3.0,6.0,4.0,2298.0,5.0,6.0,5.0,freqmine
2872.0,1882.0,1829.0,1873.0,1873.0,1880.0,1818.0,1851.0,1849.0,1860.0,1829.0,1842.0,3694.0,1868.0,1888.0,1873.0,947.0,8.0,6.0,9.0,8.0,6.0,2.0,4.0,6.0,10.0,4.0,4.0,1851.0,8.0,9.0,7.0,926.0,8.0,3.0,10.0,10.0,7.0,4.0,7.0,7.0,10.0,4.0,2.0,1839.0,5.0,10.0,4.0,944.0,12.0,4.0,9.0,11.0,9.0,5.0,6.0,8.0,14.0,6.0,5.0,1842.0,5.0,14.0,9.0,948.0,7.0,6.0,8.0,15.0,6.0,6.0,9.0,11.0,11.0,7.0,2.0,1847.0,8.0,10.0,5.0,951.0,7.0,5.0,9.0,14.0,7.0,5.0,7.0,7.0,14.0,7.0,3.0,1840.0,5.0,11.0,6.0,917.0,6.0,1.0,5.0,8.0,2.0,1.0,1.0,6.0,8.0,4.0,2.0,1841.0,5.0,6.0,5.0,934.0,6.0,2.0,8.0,6.0,4.0,2.0,2.0,4.0,9.0,3.0,1.0,1838.0,3.0,8.0,5.0,937.0,9.0,5.0,9.0,9.0,7.0,4.0,8.0,6.0,10.0,5.0,3.0,1842.0,5.0,11.0,7.0,937.0,8.0,3.0,10.0,12.0,5.0,4.0,6.0,4.0,11.0,5.0,1.0,1844.0,5.0,9.0,6.0,923.0,6.0,2.0,6.0,6.0,4.0,5.0,5.0,6.0,6.0,2.0,3.0,1844.0,4.0,9.0,5.0,936.0,8.0,5.0,11.0,6.0,6.0,6.0,8.0,9.0,11.0,4.0,5.0,1839.0,8.0,12.0,9.0,927.0,8.0,4.0,5.0,2.0,2.0,5.0,2.0,5.0,7.0,5.0,3.0,1839.0,4.0,4.0,5.0,946.0,12.0,6.0,12.0,16.0,8.0,7.0,14.0,14.0,16.0,11.0,9.0,1849.0,8.0,10.0,9.0,955.0,12.0,5.0,9.0,9.0,9.0,5.0,6.0,8.0,11.0,6.0,6.0,1847.0,6.0,13.0,9.0,947.0,11.0,8.0,10.0,13.0,9.0,7.0,7.0,7.0,12.0,6.0,5.0,1847.0,7.0,14.0,8.0,freqmine
403.0,310.0,274.0,314.0,308.0,314.0,266.0,276.0,280.0,280.0,251.0,263.0,3077.0,296.0,324.0,339.0,39.0,4.0,2.0,2.0,5.0,5.0,3.0,3.0,3.0,6.0,2.0,3.0,1431.0,4.0,5.0,18.0,25.0,2.0,1.0,2.0,5.0,2.0,1.0,2.0,3.0,1.0,1.0,1.0,1685.0,1.0,7.0,18.0,41.0,4.0,2.0,3.0,5.0,3.0,0.0,2.0,0.0,5.0,1.0,4.0,1472.0,4.0,5.0,17.0,44.0,3.0,3.0,4.0,6.0,7.0,0.0,3.0,3.0,3.0,3.0,1.0,1504.0,4.0,15.0,23.0,51.0,4.0,2.0,3.0,6.0,4.0,1.0,3.0,2.0,2.0,1.0,1.0,1745.0,5.0,8.0,21.0,14.0,3.0,0.0,2.0,3.0,0.0,1.0,2.0,1.0,2.0,0.0,2.0,1890.0,2.0,3.0,21.0,22.0,3.0,0.0,2.0,4.0,3.0,1.0,2.0,3.0,1.0,0.0,2.0,1531.0,2.0,2.0,14.0,31.0,1.0,1.0,2.0,6.0,2.0,1.0,1.0,2.0,3.0,0.0,0.0,1654.0,4.0,9.0,16.0,32.0,2.0,1.0,5.0,5.0,1.0,3.0,0.0,2.0,3.0,1.0,0.0,1314.0,3.0,9.0,21.0,10.0,2.0,2.0,3.0,5.0,3.0,1.0,1.0,4.0,3.0,1.0,1.0,1583.0,1.0,3.0,14.0,15.0,1.0,1.0,4.0,3.0,1.0,1.0,1.0,1.0,1.0,0.0,0.0,1583.0,0.0,1.0,12.0,23.0,0.0,1.0,1.0,2.0,2.0,1.0,1.0,1.0,0.0,0.0,0.0,1677.0,1.0,2.0,23.0,41.0,3.0,2.0,1.0,6.0,4.0,4.0,3.0,0.0,3.0,0.0,1.0,2267.0,2.0,14.0,17.0,48.0,1.0,3.0,3.0,5.0,2.0,5.0,3.0,3.0,5.0,1.0,2.0,2004.0,3.0,4.0,49.0,42.0,5.0,2.0,5.0,6.0,4.0,2.0,3.0,2.0,5.0,2.0,4.0,2095.0,3.0,4.0,24.0,freqmine
2754.0,1784.0,1737.0,1795.0,1769.0,1794.0,1735.0,1745.0,1764.0,1754.0,1721.0,1738.0,4087.0,1789.0,1829.0,1791.0,904.0,7.0,8.0,9.0,9.0,10.0,10.0,6.0,8.0,8.0,7.0,8.0,1953.0,10.0,10.0,10.0,870.0,4.0,3.0,4.0,5.0,6.0,5.0,2.0,4.0,3.0,4.0,6.0,1956.0,4.0,6.0,9.0,904.0,7.0,8.0,9.0,8.0,6.0,8.0,9.0,9.0,4.0,6.0,8.0,1957.0,11.0,11.0,9.0,893.0,6.0,7.0,10.0,6.0,13.0,10.0,2.0,5.0,5.0,8.0,8.0,1949.0,9.0,12.0,8.0,904.0,7.0,3.0,9.0,5.0,6.0,6.0,5.0,7.0,1.0,5.0,7.0,1975.0,7.0,5.0,9.0,872.0,3.0,4.0,5.0,3.0,5.0,5.0,5.0,2.0,1.0,2.0,5.0,1950.0,4.0,7.0,7.0,878.0,4.0,3.0,3.0,5.0,5.0,4.0,5.0,6.0,1.0,1.0,6.0,1946.0,6.0,3.0,6.0,886.0,5.0,7.0,9.0,9.0,8.0,9.0,5.0,6.0,7.0,5.0,8.0,1958.0,7.0,8.0,8.0,885.0,6.0,8.0,10.0,4.0,9.0,9.0,5.0,8.0,5.0,5.0,10.0,1960.0,7.0,7.0,8.0,869.0,4.0,4.0,6.0,5.0,6.0,5.0,3.0,4.0,4.0,5.0,6.0,2002.0,8.0,6.0,9.0,876.0,7.0,9.0,9.0,8.0,11.0,8.0,3.0,5.0,3.0,8.0,10.0,1987.0,12.0,11.0,11.0,883.0,8.0,5.0,7.0,10.0,7.0,9.0,8.0,10.0,8.0,4.0,9.0,1983.0,15.0,13.0,10.0,905.0,9.0,12.0,15.0,12.0,21.0,19.0,12.0,9.0,11.0,10.0,8.0,2030.0,13.0,12.0,14.0,919.0,1.0,6.0,7.0,8.0,8.0,8.0,5.0,6.0,4.0,6.0,8.0,2006.0,10.0,9.0,10.0,898.0,6.0,3.0,9.0,3.0,6.0,5.0,4.0,7.0,2.0,4.0,7.0,2019.0,5.0,4.0,5.0,freqmine
588.0,341.0,293.0,331.0,341.0,362.0,287.0,309.0,297.0,313.0,275.0,299.0,2791.0,350.0,369.0,356.0,173.0,6.0,6.0,5.0,7.0,6.0,3.0,6.0,5.0,4.0,5.0,5.0,2051.0,4.0,6.0,9.0,155.0,3.0,2.0,2.0,4.0,3.0,2.0,1.0,2.0,1.0,2.0,2.0,2058.0,2.0,1.0,1.0,175.0,6.0,3.0,4.0,6.0,8.0,3.0,2.0,2.0,5.0,4.0,4.0,2027.0,2.0,4.0,6.0,173.0,6.0,6.0,7.0,8.0,8.0,4.0,9.0,7.0,3.0,8.0,3.0,2050.0,3.0,6.0,6.0,183.0,6.0,7.0,4.0,8.0,6.0,5.0,4.0,5.0,7.0,4.0,4.0,2075.0,6.0,7.0,4.0,149.0,6.0,1.0,0.0,5.0,3.0,1.0,0.0,4.0,2.0,1.0,1.0,2017.0,3.0,2.0,3.0,157.0,5.0,2.0,3.0,3.0,3.0,4.0,3.0,2.0,2.0,2.0,0.0,2007.0,2.0,5.0,3.0,156.0,3.0,2.0,1.0,2.0,4.0,1.0,2.0,2.0,2.0,3.0,1.0,2059.0,2.0,4.0,4.0,161.0,5.0,2.0,1.0,7.0,2.0,2.0,2.0,2.0,1.0,4.0,1.0,2023.0,1.0,4.0,3.0,143.0,5.0,3.0,4.0,4.0,3.0,3.0,3.0,3.0,3.0,3.0,3.0,2071.0,2.0,5.0,3.0,154.0,4.0,1.0,2.0,4.0,2.0,1.0,2.0,2.0,1.0,2.0,2.0,2065.0,1.0,2.0,1.0,159.0,4.0,6.0,6.0,4.0,5.0,3.0,5.0,0.0,3.0,3.0,1.0,2041.0,0.0,2.0,1.0,177.0,7.0,3.0,3.0,8.0,3.0,2.0,4.0,4.0,1.0,4.0,4.0,2107.0,3.0,6.0,4.0,196.0,10.0,8.0,6.0,8.0,8.0,8.0,7.0,8.0,7.0,6.0,5.0,2115.0,6.0,8.0,9.0,188.0,8.0,9.0,6.0,12.0,8.0,8.0,7.0,6.0,9.0,8.0,6.0,2198.0,7.0,11.0,11.0,freqmine
1742.0,1097.0,1065.0,1090.0,1073.0,1099.0,1043.0,1122.0,1053.0,1045.0,1018.0,1032.0,3130.0,1071.0,1164.0,1103.0,564.0,4.0,6.0,7.0,9.0,7.0,9.0,15.0,7.0,5.0,8.0,3.0,1918.0,8.0,8.0,8.0,546.0,5.0,6.0,5.0,6.0,4.0,6.0,15.0,6.0,4.0,5.0,1.0,1961.0,5.0,5.0,7.0,562.0,4.0,9.0,7.0,9.0,6.0,7.0,20.0,7.0,3.0,7.0,2.0,1936.0,8.0,8.0,5.0,558.0,5.0,8.0,5.0,7.0,9.0,7.0,30.0,5.0,4.0,7.0,2.0,1918.0,6.0,5.0,6.0,575.0,5.0,6.0,7.0,9.0,7.0,6.0,17.0,7.0,3.0,8.0,4.0,1941.0,7.0,5.0,10.0,536.0,4.0,7.0,6.0,8.0,4.0,5.0,16.0,6.0,3.0,5.0,2.0,1917.0,5.0,7.0,8.0,546.0,4.0,5.0,5.0,13.0,7.0,4.0,12.0,9.0,5.0,7.0,5.0,1921.0,8.0,11.0,12.0,539.0,7.0,5.0,6.0,9.0,6.0,5.0,14.0,7.0,5.0,6.0,1.0,1893.0,6.0,6.0,5.0,543.0,4.0,5.0,3.0,7.0,7.0,5.0,15.0,8.0,4.0,5.0,3.0,1886.0,5.0,5.0,7.0,528.0,6.0,7.0,6.0,8.0,6.0,6.0,11.0,7.0,4.0,5.0,2.0,1934.0,6.0,5.0,6.0,529.0,2.0,5.0,4.0,9.0,9.0,7.0,12.0,4.0,4.0,8.0,1.0,1915.0,8.0,7.0,5.0,546.0,6.0,4.0,3.0,7.0,12.0,8.0,20.0,4.0,4.0,8.0,7.0,1894.0,7.0,8.0,3.0,557.0,4.0,7.0,6.0,10.0,12.0,10.0,15.0,7.0,6.0,8.0,2.0,1889.0,11.0,7.0,6.0,622.0,6.0,9.0,9.0,9.0,8.0,8.0,34.0,8.0,6.0,7.0,6.0,1920.0,7.0,8.0,7.0,578.0,7.0,7.0,8.0,8.0,7.0,8.0,22.0,8.0,5.0,6.0,4.0,1928.0,6.0,7.0,5.0,freqmine
2944.0,1899.0,1850.0,1891.0,1910.0,1919.0,1834.0,1867.0,1860.0,1861.0,1821.0,1874.0,3735.0,1887.0,1924.0,1910.0,954.0,7.0,6.0,10.0,10.0,12.0,3.0,6.0,6.0,9.0,4.0,17.0,1860.0,7.0,11.0,13.0,932.0,5.0,4.0,8.0,9.0,10.0,3.0,3.0,2.0,4.0,3.0,14.0,1845.0,6.0,9.0,11.0,952.0,8.0,5.0,9.0,8.0,10.0,4.0,2.0,6.0,7.0,2.0,15.0,1849.0,5.0,6.0,11.0,961.0,9.0,4.0,10.0,9.0,9.0,6.0,7.0,7.0,7.0,6.0,40.0,1855.0,9.0,11.0,14.0,967.0,10.0,11.0,13.0,11.0,11.0,8.0,5.0,9.0,10.0,7.0,15.0,1849.0,9.0,10.0,12.0,925.0,6.0,3.0,6.0,7.0,8.0,1.0,2.0,3.0,4.0,2.0,12.0,1851.0,5.0,6.0,8.0,951.0,8.0,4.0,11.0,18.0,9.0,5.0,3.0,6.0,7.0,3.0,20.0,1850.0,5.0,26.0,10.0,939.0,4.0,5.0,7.0,8.0,9.0,5.0,3.0,5.0,5.0,2.0,17.0,1854.0,8.0,6.0,10.0,938.0,7.0,4.0,10.0,9.0,8.0,5.0,3.0,4.0,5.0,6.0,15.0,1854.0,8.0,8.0,10.0,918.0,6.0,4.0,10.0,8.0,8.0,4.0,4.0,5.0,6.0,3.0,16.0,1846.0,7.0,7.0,11.0,934.0,10.0,4.0,14.0,10.0,9.0,7.0,6.0,8.0,8.0,6.0,15.0,1845.0,10.0,9.0,13.0,957.0,12.0,13.0,14.0,14.0,10.0,10.0,9.0,9.0,12.0,11.0,36.0,1853.0,8.0,11.0,16.0,947.0,12.0,5.0,14.0,11.0,11.0,7.0,5.0,7.0,9.0,7.0,15.0,1855.0,8.0,11.0,9.0,966.0,8.0,4.0,9.0,10.0,8.0,4.0,6.0,6.0,7.0,8.0,42.0,1851.0,8.0,6.0,11.0,959.0,8.0,6.0,9.0,10.0,10.0,4.0,5.0,4.0,7.0,7.0,24.0,1853.0,8.0,10.0,13.0,freqmine
2823.0,1869.0,1799.0,1853.0,1828.0,1855.0,1803.0,1793.0,1818.0,1799.0,1774.0,1786.0,4011.0,1829.0,1870.0,1840.0,932.0,15.0,6.0,9.0,17.0,8.0,44.0,8.0,6.0,7.0,9.0,8.0,1935.0,11.0,21.0,12.0,905.0,16.0,1.0,5.0,5.0,6.0,17.0,4.0,3.0,2.0,2.0,2.0,2054.0,4.0,5.0,6.0,937.0,14.0,4.0,7.0,11.0,6.0,20.0,9.0,3.0,5.0,6.0,3.0,1946.0,8.0,9.0,7.0,919.0,38.0,4.0,9.0,4.0,6.0,30.0,6.0,3.0,5.0,5.0,4.0,2022.0,8.0,5.0,4.0,940.0,13.0,1.0,6.0,6.0,5.0,16.0,7.0,4.0,2.0,3.0,4.0,1941.0,6.0,7.0,8.0,896.0,11.0,2.0,7.0,6.0,5.0,13.0,7.0,4.0,6.0,4.0,5.0,1931.0,5.0,10.0,7.0,900.0,14.0,2.0,3.0,6.0,3.0,13.0,4.0,0.0,2.0,1.0,3.0,1914.0,5.0,6.0,6.0,914.0,13.0,0.0,6.0,8.0,5.0,11.0,6.0,2.0,3.0,5.0,2.0,1903.0,4.0,6.0,2.0,907.0,15.0,1.0,5.0,6.0,6.0,12.0,6.0,3.0,3.0,0.0,3.0,1903.0,5.0,5.0,3.0,890.0,13.0,2.0,2.0,5.0,3.0,11.0,4.0,2.0,5.0,1.0,3.0,1951.0,3.0,7.0,5.0,906.0,36.0,3.0,10.0,15.0,6.0,11.0,7.0,7.0,4.0,2.0,1.0,1917.0,4.0,20.0,9.0,909.0,27.0,9.0,21.0,20.0,21.0,30.0,19.0,11.0,9.0,12.0,12.0,1947.0,18.0,19.0,16.0,928.0,14.0,4.0,8.0,9.0,10.0,14.0,10.0,5.0,6.0,5.0,5.0,2006.0,6.0,7.0,8.0,941.0,43.0,9.0,9.0,10.0,7.0,39.0,9.0,9.0,7.0,5.0,7.0,2014.0,8.0,12.0,11.0,927.0,37.0,7.0,7.0,8.0,7.0,27.0,6.0,7.0,6.0,4.0,5.0,1966.0,8.0,8.0,7.0,freqmine
2963.0,1917.0,1878.0,1891.0,1909.0,1913.0,1849.0,1884.0,1867.0,1881.0,1846.0,1860.0,3839.0,1922.0,1927.0,1927.0,977.0,6.0,8.0,8.0,15.0,7.0,4.0,6.0,7.0,8.0,5.0,5.0,1899.0,6.0,20.0,11.0,941.0,2.0,3.0,6.0,6.0,2.0,1.0,2.0,1.0,5.0,3.0,2.0,1952.0,5.0,6.0,5.0,951.0,6.0,5.0,7.0,7.0,7.0,5.0,2.0,7.0,9.0,4.0,7.0,1900.0,6.0,6.0,10.0,961.0,5.0,4.0,6.0,8.0,8.0,6.0,6.0,8.0,7.0,8.0,5.0,1909.0,5.0,9.0,6.0,962.0,7.0,7.0,6.0,9.0,7.0,5.0,4.0,5.0,10.0,6.0,5.0,1892.0,7.0,7.0,7.0,942.0,6.0,6.0,5.0,19.0,4.0,2.0,2.0,3.0,5.0,4.0,3.0,1890.0,6.0,16.0,8.0,953.0,6.0,6.0,10.0,8.0,8.0,4.0,6.0,8.0,10.0,7.0,6.0,1894.0,7.0,9.0,6.0,940.0,3.0,4.0,3.0,5.0,4.0,2.0,1.0,2.0,4.0,3.0,3.0,1884.0,5.0,6.0,8.0,946.0,4.0,5.0,5.0,9.0,3.0,3.0,2.0,3.0,5.0,5.0,3.0,1880.0,7.0,5.0,7.0,931.0,4.0,4.0,5.0,7.0,4.0,5.0,4.0,4.0,4.0,5.0,4.0,1888.0,8.0,6.0,6.0,941.0,4.0,5.0,3.0,10.0,5.0,2.0,6.0,2.0,5.0,4.0,4.0,1887.0,8.0,13.0,7.0,940.0,4.0,4.0,6.0,9.0,5.0,5.0,4.0,1.0,6.0,3.0,2.0,1894.0,8.0,3.0,10.0,965.0,8.0,6.0,8.0,13.0,10.0,4.0,5.0,6.0,9.0,7.0,7.0,1905.0,10.0,8.0,10.0,975.0,7.0,7.0,8.0,9.0,10.0,5.0,7.0,7.0,8.0,10.0,9.0,1914.0,11.0,7.0,10.0,969.0,5.0,6.0,9.0,8.0,7.0,2.0,6.0,4.0,8.0,7.0,7.0,1904.0,9.0,8.0,8.0,freqmine
2936.0,1906.0,1845.0,1895.0,1891.0,1886.0,1826.0,1834.0,1865.0,1861.0,1833.0,1832.0,3704.0,1883.0,1949.0,1934.0,963.0,6.0,7.0,9.0,9.0,9.0,7.0,5.0,7.0,8.0,10.0,7.0,1834.0,12.0,16.0,11.0,931.0,7.0,4.0,6.0,8.0,6.0,4.0,2.0,7.0,5.0,6.0,6.0,1822.0,4.0,8.0,7.0,952.0,8.0,7.0,8.0,8.0,7.0,5.0,7.0,6.0,6.0,9.0,5.0,1829.0,8.0,12.0,9.0,950.0,6.0,5.0,6.0,7.0,8.0,7.0,3.0,4.0,7.0,7.0,5.0,1829.0,8.0,9.0,8.0,952.0,5.0,2.0,9.0,7.0,5.0,3.0,5.0,6.0,3.0,6.0,5.0,1826.0,7.0,8.0,8.0,919.0,4.0,2.0,7.0,4.0,6.0,3.0,4.0,5.0,4.0,6.0,3.0,1823.0,4.0,16.0,5.0,920.0,5.0,3.0,6.0,7.0,4.0,4.0,4.0,4.0,1.0,5.0,3.0,1826.0,4.0,9.0,5.0,937.0,6.0,2.0,8.0,6.0,6.0,4.0,4.0,5.0,4.0,5.0,4.0,1830.0,5.0,10.0,5.0,936.0,6.0,4.0,7.0,4.0,6.0,5.0,5.0,5.0,4.0,6.0,4.0,1830.0,6.0,9.0,7.0,921.0,7.0,4.0,8.0,7.0,5.0,4.0,3.0,7.0,6.0,6.0,3.0,1825.0,5.0,10.0,7.0,920.0,7.0,4.0,9.0,7.0,5.0,5.0,2.0,6.0,5.0,6.0,2.0,1824.0,3.0,11.0,6.0,966.0,27.0,23.0,23.0,21.0,22.0,20.0,21.0,27.0,22.0,26.0,28.0,1845.0,16.0,30.0,23.0,951.0,8.0,4.0,7.0,6.0,5.0,6.0,5.0,7.0,5.0,6.0,5.0,1829.0,7.0,10.0,7.0,979.0,8.0,6.0,10.0,10.0,6.0,7.0,5.0,8.0,8.0,9.0,7.0,1833.0,8.0,13.0,10.0,974.0,12.0,7.0,10.0,10.0,9.0,8.0,6.0,11.0,9.0,8.0,7.0,1828.0,8.0,12.0,12.0,freqmine
2919.0,1924.0,1856.0,1893.0,1901.0,1907.0,1825.0,1849.0,1889.0,1849.0,1829.0,1850.0,3961.0,1909.0,1931.0,1921.0,965.0,11.0,11.0,9.0,9.0,8.0,5.0,7.0,8.0,10.0,6.0,5.0,1928.0,4.0,11.0,10.0,929.0,6.0,6.0,3.0,7.0,5.0,2.0,4.0,1.0,6.0,4.0,2.0,2017.0,3.0,5.0,6.0,955.0,9.0,9.0,6.0,7.0,9.0,6.0,5.0,6.0,9.0,6.0,6.0,1941.0,5.0,8.0,10.0,958.0,9.0,13.0,9.0,8.0,13.0,7.0,9.0,7.0,9.0,8.0,6.0,1957.0,7.0,8.0,12.0,952.0,9.0,12.0,5.0,8.0,8.0,6.0,5.0,5.0,10.0,7.0,4.0,1907.0,4.0,9.0,8.0,916.0,7.0,8.0,3.0,9.0,5.0,2.0,2.0,4.0,8.0,3.0,2.0,1911.0,3.0,7.0,7.0,929.0,5.0,6.0,6.0,5.0,9.0,3.0,3.0,5.0,8.0,4.0,2.0,1894.0,3.0,9.0,8.0,952.0,7.0,10.0,5.0,8.0,8.0,5.0,6.0,7.0,11.0,7.0,7.0,1878.0,6.0,7.0,10.0,929.0,8.0,8.0,6.0,8.0,7.0,2.0,3.0,5.0,5.0,5.0,4.0,1861.0,3.0,6.0,9.0,922.0,9.0,11.0,7.0,9.0,8.0,6.0,7.0,6.0,8.0,7.0,7.0,1917.0,6.0,9.0,10.0,932.0,6.0,9.0,5.0,7.0,9.0,3.0,6.0,5.0,7.0,7.0,8.0,1904.0,4.0,8.0,7.0,939.0,16.0,14.0,8.0,8.0,8.0,6.0,7.0,5.0,12.0,11.0,10.0,1931.0,8.0,3.0,6.0,961.0,9.0,10.0,5.0,9.0,10.0,4.0,4.0,5.0,8.0,7.0,5.0,1929.0,4.0,9.0,11.0,976.0,9.0,13.0,8.0,11.0,11.0,8.0,9.0,8.0,10.0,9.0,8.0,1978.0,9.0,11.0,11.0,966.0,9.0,10.0,8.0,10.0,10.0,6.0,7.0,7.0,9.0,10.0,7.0,1930.0,9.0,10.0,12.0,freqmine
2896.0,1915.0,1858.0,1884.0,1889.0,1893.0,1830.0,1839.0,1874.0,1860.0,1814.0,1822.0,3708.0,1903.0,1938.0,1922.0,972.0,15.0,15.0,16.0,17.0,17.0,15.0,15.0,15.0,17.0,15.0,11.0,1847.0,18.0,16.0,17.0,940.0,7.0,6.0,7.0,7.0,13.0,7.0,6.0,8.0,8.0,8.0,5.0,1828.0,10.0,11.0,10.0,952.0,6.0,3.0,5.0,8.0,8.0,2.0,7.0,6.0,5.0,5.0,2.0,1830.0,8.0,7.0,7.0,953.0,8.0,3.0,3.0,5.0,9.0,4.0,4.0,5.0,7.0,7.0,4.0,1837.0,7.0,9.0,8.0,957.0,7.0,4.0,8.0,8.0,10.0,5.0,9.0,7.0,6.0,7.0,6.0,1832.0,12.0,8.0,13.0,930.0,12.0,11.0,14.0,14.0,15.0,12.0,13.0,10.0,11.0,11.0,8.0,1838.0,11.0,14.0,13.0,930.0,13.0,8.0,6.0,12.0,9.0,9.0,9.0,8.0,10.0,8.0,7.0,1837.0,11.0,11.0,9.0,943.0,8.0,4.0,6.0,8.0,9.0,5.0,5.0,6.0,5.0,6.0,4.0,1834.0,9.0,8.0,9.0,941.0,10.0,8.0,7.0,8.0,11.0,8.0,10.0,11.0,12.0,12.0,6.0,1833.0,12.0,11.0,11.0,916.0,8.0,5.0,6.0,6.0,7.0,4.0,5.0,8.0,9.0,5.0,4.0,1836.0,10.0,9.0,12.0,922.0,12.0,9.0,10.0,11.0,10.0,10.0,10.0,10.0,12.0,7.0,8.0,1837.0,12.0,13.0,14.0,942.0,7.0,4.0,4.0,9.0,5.0,5.0,4.0,6.0,5.0,7.0,6.0,1830.0,6.0,9.0,7.0,960.0,6.0,3.0,6.0,7.0,7.0,5.0,6.0,7.0,6.0,4.0,4.0,1842.0,10.0,7.0,9.0,977.0,9.0,7.0,9.0,10.0,10.0,8.0,8.0,10.0,10.0,9.0,7.0,1840.0,11.0,10.0,12.0,970.0,11.0,6.0,8.0,9.0,10.0,6.0,7.0,10.0,7.0,6.0,5.0,1837.0,10.0,9.0,12.0,freqmine
2549.0,1673.0,1572.0,1632.0,1640.0,1626.0,1556.0,1582.0,1617.0,1589.0,1554.0,1576.0,3418.0,1646.0,1673.0,1667.0,841.0,8.0,6.0,10.0,14.0,9.0,6.0,9.0,11.0,8.0,6.0,7.0,1603.0,10.0,12.0,14.0,794.0,6.0,2.0,7.0,6.0,4.0,2.0,5.0,6.0,3.0,2.0,2.0,1672.0,6.0,10.0,13.0,828.0,10.0,6.0,11.0,9.0,10.0,7.0,6.0,11.0,8.0,6.0,7.0,1614.0,11.0,14.0,16.0,826.0,8.0,4.0,10.0,7.0,8.0,4.0,6.0,12.0,6.0,6.0,5.0,1629.0,11.0,12.0,14.0,821.0,11.0,5.0,9.0,10.0,7.0,5.0,3.0,9.0,7.0,4.0,3.0,1595.0,7.0,12.0,10.0,783.0,6.0,4.0,6.0,8.0,3.0,1.0,3.0,9.0,6.0,2.0,1.0,1599.0,7.0,7.0,10.0,796.0,5.0,2.0,8.0,7.0,7.0,3.0,5.0,8.0,5.0,2.0,2.0,1582.0,7.0,11.0,12.0,816.0,8.0,3.0,7.0,9.0,6.0,3.0,5.0,7.0,6.0,5.0,2.0,1574.0,8.0,11.0,12.0,803.0,7.0,2.0,7.0,11.0,6.0,3.0,2.0,5.0,2.0,1.0,3.0,1587.0,7.0,10.0,11.0,785.0,7.0,2.0,7.0,8.0,5.0,3.0,5.0,8.0,3.0,2.0,3.0,1598.0,7.0,10.0,6.0,796.0,8.0,3.0,6.0,8.0,7.0,2.0,5.0,8.0,2.0,3.0,3.0,1597.0,7.0,9.0,11.0,800.0,6.0,4.0,8.0,9.0,6.0,6.0,6.0,9.0,9.0,6.0,6.0,1617.0,10.0,9.0,11.0,831.0,10.0,6.0,8.0,8.0,8.0,4.0,6.0,9.0,8.0,6.0,6.0,1615.0,8.0,14.0,14.0,846.0,11.0,9.0,11.0,13.0,10.0,6.0,10.0,11.0,7.0,8.0,7.0,1618.0,13.0,15.0,14.0,839.0,10.0,7.0,9.0,11.0,9.0,5.0,8.0,8.0,8.0,6.0,6.0,1612.0,10.0,14.0,12.0,freqmine
364.0,288.0,249.0,275.0,279.0,294.0,265.0,274.0,268.0,279.0,243.0,254.0,3156.0,301.0,287.0,294.0,34.0,3.0,3.0,4.0,5.0,3.0,3.0,4.0,2.0,2.0,2.0,2.0,1463.0,4.0,2.0,6.0,12.0,3.0,1.0,0.0,3.0,3.0,1.0,0.0,0.0,1.0,0.0,0.0,1664.0,3.0,2.0,2.0,26.0,1.0,2.0,2.0,4.0,3.0,4.0,2.0,0.0,1.0,1.0,2.0,1605.0,3.0,1.0,1.0,24.0,3.0,0.0,2.0,3.0,3.0,2.0,2.0,1.0,2.0,2.0,2.0,1426.0,3.0,2.0,4.0,37.0,1.0,0.0,3.0,4.0,3.0,3.0,2.0,3.0,3.0,2.0,2.0,1722.0,2.0,5.0,3.0,18.0,0.0,1.0,3.0,3.0,3.0,1.0,1.0,2.0,1.0,1.0,0.0,1971.0,2.0,1.0,0.0,24.0,0.0,3.0,1.0,1.0,1.0,2.0,2.0,1.0,4.0,1.0,0.0,1582.0,2.0,2.0,1.0,20.0,3.0,2.0,2.0,3.0,1.0,1.0,2.0,1.0,1.0,3.0,1.0,1690.0,2.0,3.0,2.0,27.0,3.0,2.0,1.0,4.0,3.0,0.0,2.0,1.0,0.0,1.0,2.0,1368.0,2.0,2.0,1.0,6.0,3.0,1.0,2.0,3.0,1.0,2.0,2.0,1.0,1.0,1.0,1.0,1514.0,4.0,3.0,3.0,11.0,3.0,0.0,1.0,2.0,2.0,2.0,2.0,1.0,2.0,0.0,0.0,1567.0,2.0,2.0,1.0,22.0,2.0,2.0,1.0,3.0,1.0,1.0,0.0,1.0,1.0,2.0,0.0,1764.0,2.0,1.0,2.0,38.0,3.0,1.0,2.0,6.0,4.0,1.0,2.0,4.0,1.0,2.0,2.0,2367.0,4.0,3.0,4.0,31.0,4.0,2.0,6.0,4.0,5.0,2.0,3.0,3.0,2.0,3.0,3.0,2035.0,4.0,1.0,6.0,40.0,4.0,5.0,3.0,8.0,6.0,5.0,3.0,6.0,6.0,5.0,6.0,2122.0,7.0,16.0,9.0,freqmine
1000.0,643.0,582.0,600.0,625.0,620.0,570.0,576.0,620.0,589.0,571.0,553.0,1143.0,641.0,696.0,669.0,331.0,6.0,7.0,7.0,9.0,8.0,6.0,6.0,9.0,7.0,20.0,7.0,550.0,8.0,12.0,12.0,300.0,3.0,2.0,3.0,5.0,5.0,2.0,1.0,5.0,4.0,15.0,3.0,543.0,5.0,8.0,5.0,307.0,3.0,3.0,3.0,7.0,5.0,2.0,4.0,5.0,2.0,16.0,3.0,537.0,5.0,7.0,7.0,319.0,9.0,5.0,4.0,9.0,8.0,6.0,6.0,9.0,6.0,25.0,6.0,533.0,7.0,10.0,10.0,322.0,6.0,5.0,5.0,10.0,5.0,3.0,6.0,8.0,5.0,16.0,6.0,538.0,8.0,9.0,12.0,292.0,3.0,1.0,2.0,5.0,4.0,1.0,1.0,4.0,1.0,17.0,2.0,532.0,3.0,7.0,5.0,296.0,5.0,5.0,3.0,8.0,4.0,2.0,4.0,6.0,3.0,18.0,5.0,536.0,6.0,8.0,8.0,322.0,8.0,7.0,6.0,12.0,8.0,6.0,6.0,10.0,7.0,21.0,7.0,540.0,8.0,11.0,11.0,300.0,3.0,1.0,2.0,5.0,4.0,1.0,2.0,6.0,5.0,17.0,4.0,538.0,5.0,8.0,8.0,281.0,4.0,3.0,3.0,7.0,3.0,2.0,2.0,7.0,5.0,10.0,3.0,543.0,5.0,7.0,8.0,280.0,4.0,3.0,3.0,7.0,3.0,2.0,1.0,5.0,3.0,11.0,2.0,530.0,6.0,8.0,7.0,298.0,4.0,2.0,2.0,7.0,5.0,2.0,4.0,5.0,3.0,20.0,3.0,529.0,3.0,5.0,5.0,331.0,7.0,5.0,7.0,12.0,8.0,6.0,7.0,9.0,6.0,13.0,7.0,548.0,10.0,8.0,9.0,357.0,7.0,7.0,8.0,11.0,10.0,8.0,7.0,10.0,9.0,45.0,8.0,546.0,9.0,12.0,10.0,342.0,8.0,7.0,8.0,9.0,9.0,6.0,6.0,10.0,8.0,25.0,7.0,552.0,9.0,10.0,12.0,freqmine
1158.0,703.0,672.0,692.0,709.0,717.0,680.0,696.0,703.0,711.0,695.0,712.0,1566.0,701.0,736.0,739.0,355.0,3.0,2.0,6.0,4.0,4.0,2.0,2.0,4.0,4.0,1.0,2.0,724.0,4.0,3.0,6.0,341.0,3.0,1.0,4.0,2.0,1.0,0.0,0.0,3.0,1.0,1.0,2.0,754.0,2.0,3.0,2.0,350.0,5.0,2.0,4.0,2.0,2.0,3.0,0.0,3.0,5.0,1.0,1.0,711.0,3.0,3.0,6.0,356.0,1.0,0.0,3.0,1.0,4.0,2.0,1.0,0.0,2.0,3.0,1.0,733.0,1.0,2.0,4.0,362.0,3.0,2.0,4.0,4.0,5.0,3.0,2.0,2.0,1.0,1.0,1.0,735.0,3.0,4.0,2.0,345.0,3.0,1.0,2.0,4.0,2.0,0.0,3.0,1.0,2.0,0.0,1.0,707.0,2.0,2.0,2.0,352.0,3.0,0.0,2.0,2.0,2.0,1.0,2.0,2.0,2.0,1.0,1.0,702.0,1.0,2.0,2.0,356.0,2.0,2.0,4.0,3.0,4.0,2.0,3.0,1.0,1.0,1.0,2.0,743.0,3.0,3.0,3.0,365.0,3.0,4.0,4.0,4.0,2.0,2.0,3.0,1.0,1.0,1.0,1.0,716.0,3.0,2.0,2.0,362.0,6.0,7.0,6.0,14.0,4.0,5.0,5.0,5.0,7.0,3.0,6.0,774.0,6.0,8.0,4.0,363.0,2.0,1.0,2.0,3.0,1.0,1.0,3.0,2.0,3.0,1.0,2.0,720.0,1.0,3.0,3.0,344.0,1.0,2.0,2.0,2.0,1.0,2.0,1.0,1.0,2.0,3.0,2.0,706.0,0.0,0.0,3.0,356.0,1.0,3.0,4.0,2.0,4.0,1.0,1.0,2.0,2.0,1.0,1.0,754.0,2.0,3.0,4.0,375.0,3.0,4.0,4.0,4.0,4.0,3.0,4.0,4.0,4.0,5.0,4.0,740.0,6.0,5.0,6.0,376.0,6.0,2.0,5.0,3.0,5.0,3.0,3.0,3.0,4.0,2.0,5.0,760.0,2.0,5.0,4.0,freqmine
4414.0,2385.0,2650.0,2596.0,2407.0,2634.0,2348.0,2396.0,2414.0,2337.0,2415.0,2295.0,6478.0,2607.0,2503.0,2789.0,1381.0,6.0,182.0,155.0,96.0,134.0,87.0,97.0,84.0,102.0,151.0,81.0,3672.0,201.0,74.0,208.0,1390.0,14.0,208.0,251.0,90.0,174.0,92.0,137.0,103.0,136.0,178.0,84.0,3382.0,265.0,100.0,272.0,1362.0,18.0,203.0,162.0,92.0,253.0,92.0,119.0,97.0,118.0,170.0,67.0,2782.0,223.0,95.0,223.0,1357.0,13.0,206.0,179.0,96.0,149.0,97.0,120.0,139.0,121.0,171.0,150.0,2886.0,229.0,120.0,230.0,1399.0,15.0,215.0,180.0,107.0,163.0,163.0,120.0,117.0,170.0,169.0,92.0,3050.0,274.0,107.0,251.0,1279.0,5.0,196.0,160.0,76.0,134.0,80.0,106.0,93.0,126.0,154.0,69.0,2694.0,245.0,96.0,211.0,1294.0,8.0,218.0,154.0,74.0,132.0,84.0,102.0,85.0,123.0,173.0,82.0,2815.0,266.0,94.0,203.0,1349.0,16.0,219.0,176.0,101.0,155.0,109.0,119.0,103.0,134.0,173.0,124.0,2964.0,234.0,112.0,228.0,1265.0,12.0,195.0,166.0,79.0,155.0,90.0,112.0,93.0,102.0,146.0,84.0,2809.0,228.0,109.0,216.0,1317.0,10.0,191.0,153.0,92.0,131.0,87.0,115.0,97.0,111.0,158.0,78.0,3574.0,237.0,107.0,224.0,1278.0,11.0,186.0,146.0,116.0,145.0,85.0,115.0,193.0,117.0,154.0,81.0,3056.0,222.0,100.0,222.0,1547.0,77.0,278.0,252.0,192.0,241.0,205.0,211.0,238.0,207.0,247.0,202.0,3076.0,396.0,241.0,411.0,1406.0,15.0,235.0,189.0,112.0,184.0,121.0,152.0,153.0,137.0,184.0,97.0,2999.0,203.0,108.0,239.0,1394.0,15.0,206.0,176.0,101.0,155.0,124.0,118.0,142.0,117.0,161.0,86.0,3081.0,257.0,115.0,234.0,1618.0,17.0,240.0,214.0,116.0,197.0,125.0,139.0,158.0,148.0,189.0,113.0,3225.0,240.0,148.0,240.0,freqmine
26568.0,15818.0,16632.0,16980.0,16750.0,16959.0,16858.0,16520.0,16549.0,16554.0,16467.0,16496.0,16168.0,16665.0,16649.0,16639.0,8919.0,181.0,1210.0,1164.0,1240.0,1167.0,1164.0,1074.0,1138.0,1165.0,1158.0,1157.0,778.0,1215.0,1157.0,1172.0,8833.0,173.0,1189.0,1148.0,1214.0,1156.0,1143.0,1052.0,1130.0,1141.0,1138.0,1154.0,721.0,1197.0,1146.0,1146.0,9031.0,169.0,1206.0,1164.0,1204.0,1173.0,1151.0,1060.0,1136.0,1153.0,1155.0,1153.0,740.0,1217.0,1167.0,1163.0,8905.0,236.0,1250.0,1193.0,1224.0,1211.0,1189.0,1104.0,1158.0,1190.0,1190.0,1187.0,781.0,1259.0,1193.0,1205.0,9012.0,167.0,1210.0,1160.0,1189.0,1173.0,1155.0,1066.0,1132.0,1155.0,1155.0,1163.0,745.0,1215.0,1154.0,1157.0,8969.0,160.0,1204.0,1164.0,1187.0,1170.0,1155.0,1070.0,1142.0,1161.0,1157.0,1157.0,736.0,1212.0,1165.0,1161.0,8822.0,156.0,1183.0,1141.0,1159.0,1150.0,1140.0,1044.0,1117.0,1139.0,1131.0,1129.0,712.0,1191.0,1133.0,1136.0,8843.0,174.0,1203.0,1162.0,1176.0,1176.0,1161.0,1063.0,1125.0,1157.0,1158.0,1158.0,763.0,1219.0,1176.0,1175.0,8797.0,142.0,1187.0,1152.0,1158.0,1153.0,1147.0,1054.0,1120.0,1137.0,1145.0,1152.0,735.0,1197.0,1145.0,1146.0,8765.0,154.0,1192.0,1152.0,1182.0,1158.0,1143.0,1058.0,1117.0,1143.0,1145.0,1142.0,728.0,1192.0,1130.0,1140.0,8763.0,150.0,1174.0,1136.0,1146.0,1150.0,1133.0,1039.0,1097.0,1128.0,1135.0,1135.0,729.0,1193.0,1125.0,1134.0,8928.0,304.0,1301.0,1256.0,1281.0,1264.0,1252.0,1154.0,1218.0,1249.0,1246.0,1249.0,846.0,1324.0,1258.0,1280.0,8815.0,153.0,1190.0,1146.0,1183.0,1163.0,1151.0,1054.0,1120.0,1145.0,1147.0,1143.0,726.0,1203.0,1130.0,1145.0,8848.0,194.0,1196.0,1157.0,1191.0,1161.0,1175.0,1067.0,1116.0,1144.0,1144.0,1144.0,738.0,1208.0,1141.0,1153.0,8849.0,194.0,1203.0,1153.0,1188.0,1158.0,1164.0,1075.0,1114.0,1145.0,1149.0,1147.0,763.0,1211.0,1150.0,1155.0,freqmine
25826.0,16507.0,17461.0,17881.0,17520.0,17900.0,17844.0,17559.0,17514.0,17480.0,17426.0,17428.0,17467.0,17569.0,17533.0,17507.0,9324.0,34.0,1136.0,1116.0,1120.0,1112.0,1119.0,1141.0,1150.0,1121.0,1139.0,1130.0,1099.0,1138.0,1115.0,1114.0,9253.0,30.0,1121.0,1113.0,1111.0,1121.0,1131.0,1139.0,1139.0,1112.0,1129.0,1121.0,1092.0,1126.0,1105.0,1107.0,9488.0,34.0,1137.0,1127.0,1119.0,1136.0,1146.0,1156.0,1151.0,1126.0,1151.0,1133.0,1105.0,1143.0,1119.0,1114.0,9300.0,34.0,1136.0,1118.0,1115.0,1128.0,1142.0,1149.0,1144.0,1120.0,1138.0,1124.0,1099.0,1137.0,1109.0,1108.0,9482.0,33.0,1139.0,1124.0,1131.0,1137.0,1150.0,1163.0,1148.0,1128.0,1145.0,1134.0,1110.0,1146.0,1115.0,1113.0,9458.0,27.0,1142.0,1130.0,1127.0,1138.0,1150.0,1154.0,1153.0,1129.0,1151.0,1136.0,1106.0,1145.0,1119.0,1115.0,9299.0,31.0,1130.0,1114.0,1118.0,1128.0,1134.0,1147.0,1140.0,1119.0,1134.0,1123.0,1093.0,1132.0,1111.0,1103.0,9276.0,33.0,1131.0,1115.0,1115.0,1130.0,1143.0,1147.0,1139.0,1118.0,1137.0,1129.0,1094.0,1129.0,1110.0,1104.0,9285.0,38.0,1131.0,1121.0,1118.0,1130.0,1140.0,1154.0,1142.0,1123.0,1140.0,1131.0,1096.0,1135.0,1116.0,1107.0,9235.0,30.0,1122.0,1111.0,1109.0,1127.0,1130.0,1145.0,1133.0,1117.0,1134.0,1127.0,1093.0,1127.0,1106.0,1095.0,9234.0,22.0,1118.0,1101.0,1104.0,1123.0,1127.0,1137.0,1130.0,1108.0,1126.0,1124.0,1085.0,1123.0,1102.0,1092.0,9272.0,28.0,1126.0,1115.0,1111.0,1129.0,1139.0,1145.0,1145.0,1118.0,1134.0,1128.0,1091.0,1136.0,1110.0,1100.0,9312.0,32.0,1127.0,1115.0,1118.0,1135.0,1143.0,1152.0,1145.0,1121.0,1138.0,1130.0,1101.0,1144.0,1114.0,1104.0,9307.0,30.0,1124.0,1119.0,1117.0,1129.0,1139.0,1142.0,1139.0,1116.0,1134.0,1129.0,1097.0,1136.0,1108.0,1101.0,9287.0,31.0,1123.0,1118.0,1111.0,1126.0,1137.0,1140.0,1138.0,1112.0,1132.0,1125.0,1101.0,1130.0,1108.0,1102.0,freqmine
24982.0,15926.0,16844.0,17266.0,16943.0,17320.0,17135.0,16928.0,16879.0,16873.0,16829.0,16840.0,16874.0,16996.0,16953.0,16938.0,9036.0,38.0,1086.0,1086.0,1094.0,1091.0,1068.0,1077.0,1092.0,1083.0,1100.0,1096.0,1056.0,1102.0,1077.0,1098.0,8963.0,32.0,1072.0,1082.0,1083.0,1101.0,1076.0,1067.0,1075.0,1069.0,1087.0,1088.0,1048.0,1088.0,1072.0,1090.0,9189.0,35.0,1088.0,1094.0,1096.0,1114.0,1082.0,1081.0,1087.0,1079.0,1103.0,1100.0,1059.0,1104.0,1085.0,1097.0,9010.0,33.0,1085.0,1088.0,1093.0,1104.0,1081.0,1078.0,1083.0,1076.0,1094.0,1095.0,1056.0,1100.0,1078.0,1089.0,9197.0,33.0,1088.0,1097.0,1107.0,1115.0,1088.0,1090.0,1090.0,1084.0,1101.0,1102.0,1065.0,1110.0,1087.0,1100.0,9124.0,27.0,1088.0,1102.0,1097.0,1112.0,1087.0,1084.0,1084.0,1080.0,1102.0,1098.0,1058.0,1103.0,1086.0,1094.0,9012.0,30.0,1078.0,1090.0,1087.0,1102.0,1083.0,1076.0,1083.0,1077.0,1094.0,1093.0,1050.0,1097.0,1078.0,1088.0,8982.0,34.0,1076.0,1092.0,1081.0,1103.0,1080.0,1075.0,1077.0,1071.0,1094.0,1097.0,1050.0,1099.0,1078.0,1087.0,8989.0,36.0,1077.0,1094.0,1085.0,1105.0,1084.0,1079.0,1081.0,1075.0,1098.0,1097.0,1052.0,1102.0,1082.0,1089.0,8949.0,30.0,1073.0,1087.0,1080.0,1105.0,1077.0,1074.0,1077.0,1070.0,1093.0,1093.0,1043.0,1099.0,1075.0,1083.0,8954.0,22.0,1072.0,1076.0,1072.0,1101.0,1070.0,1067.0,1073.0,1060.0,1090.0,1087.0,1040.0,1094.0,1068.0,1078.0,8993.0,26.0,1078.0,1084.0,1084.0,1106.0,1080.0,1076.0,1081.0,1070.0,1094.0,1091.0,1049.0,1106.0,1075.0,1087.0,9035.0,34.0,1079.0,1084.0,1096.0,1112.0,1086.0,1085.0,1085.0,1076.0,1100.0,1098.0,1059.0,1108.0,1078.0,1091.0,9032.0,31.0,1079.0,1094.0,1095.0,1106.0,1088.0,1076.0,1083.0,1075.0,1100.0,1097.0,1059.0,1107.0,1077.0,1091.0,9014.0,31.0,1081.0,1085.0,1091.0,1101.0,1082.0,1073.0,1083.0,1072.0,1094.0,1092.0,1055.0,1100.0,1073.0,1090.0,freqmine
25916.0,16463.0,17832.0,18110.0,17469.0,18290.0,17758.0,17429.0,17400.0,17387.0,17806.0,17724.0,17395.0,18063.0,17472.0,17929.0,9295.0,33.0,1418.0,1381.0,1065.0,1432.0,1064.0,1063.0,1072.0,1071.0,1426.0,1421.0,1055.0,1435.0,1059.0,1449.0,9207.0,38.0,1406.0,1380.0,1054.0,1456.0,1073.0,1056.0,1060.0,1057.0,1413.0,1415.0,1045.0,1432.0,1047.0,1461.0,9429.0,31.0,1412.0,1390.0,1067.0,1447.0,1084.0,1067.0,1076.0,1058.0,1423.0,1412.0,1058.0,1415.0,1061.0,1435.0,9280.0,30.0,1408.0,1385.0,1061.0,1441.0,1084.0,1064.0,1068.0,1073.0,1426.0,1417.0,1053.0,1432.0,1055.0,1432.0,9477.0,33.0,1432.0,1417.0,1076.0,1462.0,1089.0,1073.0,1077.0,1080.0,1441.0,1428.0,1066.0,1457.0,1065.0,1454.0,9426.0,24.0,1416.0,1394.0,1075.0,1456.0,1087.0,1069.0,1080.0,1080.0,1435.0,1424.0,1063.0,1421.0,1065.0,1449.0,9263.0,28.0,1401.0,1376.0,1066.0,1431.0,1076.0,1065.0,1067.0,1067.0,1403.0,1403.0,1050.0,1408.0,1055.0,1418.0,9246.0,31.0,1391.0,1380.0,1061.0,1427.0,1080.0,1061.0,1063.0,1068.0,1412.0,1424.0,1049.0,1409.0,1053.0,1427.0,9238.0,35.0,1395.0,1385.0,1066.0,1431.0,1079.0,1069.0,1067.0,1073.0,1426.0,1415.0,1049.0,1411.0,1059.0,1426.0,9217.0,32.0,1412.0,1383.0,1061.0,1436.0,1070.0,1064.0,1062.0,1081.0,1425.0,1421.0,1049.0,1439.0,1053.0,1488.0,9197.0,24.0,1400.0,1370.0,1053.0,1454.0,1063.0,1057.0,1058.0,1057.0,1409.0,1408.0,1040.0,1411.0,1045.0,1439.0,9241.0,24.0,1409.0,1389.0,1065.0,1450.0,1075.0,1065.0,1070.0,1070.0,1420.0,1427.0,1051.0,1410.0,1053.0,1447.0,9295.0,41.0,1466.0,1411.0,1068.0,1471.0,1087.0,1077.0,1067.0,1083.0,1498.0,1439.0,1063.0,1456.0,1058.0,1466.0,9285.0,27.0,1419.0,1391.0,1065.0,1445.0,1082.0,1066.0,1062.0,1073.0,1421.0,1419.0,1056.0,1421.0,1054.0,1444.0,9262.0,36.0,1441.0,1405.0,1061.0,1463.0,1078.0,1061.0,1063.0,1076.0,1445.0,1430.0,1053.0,1438.0,1051.0,1465.0,freqmine
38394.0,23437.0,25273.0,25588.0,25322.0,25850.0,25880.0,25486.0,25237.0,25432.0,25318.0,25145.0,24980.0,25391.0,25915.0,25190.0,13949.0,37.0,1648.0,1791.0,1566.0,1758.0,2017.0,1832.0,1678.0,2061.0,1703.0,1669.0,1367.0,1589.0,2038.0,1715.0,13952.0,119.0,1644.0,1799.0,1516.0,1753.0,1986.0,1804.0,1586.0,2028.0,1667.0,1612.0,1377.0,1559.0,2008.0,1854.0,13974.0,128.0,1643.0,1748.0,1499.0,1739.0,1974.0,1789.0,1582.0,2004.0,1664.0,1597.0,1368.0,1549.0,1993.0,1670.0,13973.0,143.0,1610.0,1742.0,1533.0,1736.0,1973.0,1804.0,1634.0,2004.0,1685.0,1620.0,1380.0,1540.0,1992.0,1680.0,14066.0,115.0,1653.0,1813.0,1553.0,1746.0,1982.0,1789.0,1586.0,2010.0,1690.0,1602.0,1376.0,1560.0,2012.0,1688.0,13998.0,133.0,1645.0,1768.0,1508.0,1755.0,1975.0,1799.0,1615.0,2002.0,1684.0,1605.0,1371.0,1532.0,1997.0,1664.0,13903.0,123.0,1631.0,1750.0,1490.0,1731.0,1963.0,1753.0,1584.0,1997.0,1675.0,1577.0,1387.0,1530.0,1980.0,1673.0,13844.0,140.0,1618.0,1769.0,1531.0,1713.0,2000.0,1787.0,1574.0,1992.0,1693.0,1600.0,1373.0,1538.0,2012.0,1673.0,13838.0,127.0,1633.0,1756.0,1505.0,1713.0,1959.0,1764.0,1613.0,1972.0,1646.0,1587.0,1358.0,1536.0,1990.0,1665.0,13901.0,118.0,1641.0,1777.0,1522.0,1750.0,1972.0,1802.0,1600.0,2001.0,1660.0,1601.0,1361.0,1542.0,1983.0,1685.0,13848.0,138.0,1617.0,1792.0,1533.0,1723.0,1986.0,1780.0,1596.0,1984.0,1676.0,1582.0,1366.0,1521.0,2001.0,1660.0,13945.0,87.0,1654.0,1729.0,1534.0,1715.0,2006.0,1782.0,1589.0,1991.0,1644.0,1581.0,1364.0,1524.0,2015.0,1699.0,13911.0,130.0,1661.0,1785.0,1561.0,1796.0,2009.0,1828.0,1625.0,2022.0,1694.0,1606.0,1398.0,1527.0,2027.0,1706.0,14117.0,135.0,1693.0,1799.0,1543.0,1737.0,2038.0,1810.0,1599.0,2017.0,1660.0,1588.0,1399.0,1538.0,2011.0,1720.0,13970.0,110.0,1728.0,1818.0,1627.0,1811.0,2059.0,1873.0,1671.0,2102.0,1745.0,1665.0,1424.0,1544.0,2068.0,1739.0,freqmine
9629.0,5263.0,5142.0,5283.0,5994.0,5293.0,5418.0,5673.0,5831.0,5310.0,5123.0,5311.0,6477.0,5230.0,5430.0,5243.0,4288.0,20.0,35.0,60.0,772.0,57.0,240.0,442.0,622.0,171.0,51.0,185.0,1242.0,80.0,223.0,38.0,4235.0,30.0,33.0,66.0,790.0,53.0,263.0,466.0,623.0,189.0,46.0,198.0,1268.0,93.0,258.0,80.0,4287.0,25.0,35.0,53.0,749.0,58.0,248.0,441.0,595.0,149.0,50.0,176.0,1222.0,83.0,217.0,39.0,4246.0,22.0,43.0,41.0,737.0,38.0,224.0,433.0,586.0,141.0,40.0,176.0,1214.0,69.0,202.0,43.0,4290.0,28.0,41.0,64.0,785.0,55.0,257.0,463.0,624.0,183.0,58.0,204.0,1247.0,96.0,233.0,50.0,4223.0,20.0,31.0,38.0,743.0,33.0,230.0,430.0,609.0,158.0,40.0,162.0,1224.0,67.0,208.0,36.0,4249.0,20.0,35.0,38.0,761.0,38.0,230.0,423.0,603.0,155.0,40.0,173.0,1232.0,75.0,212.0,37.0,4240.0,24.0,28.0,42.0,764.0,40.0,241.0,450.0,597.0,156.0,45.0,186.0,1234.0,74.0,218.0,43.0,4220.0,33.0,36.0,49.0,747.0,43.0,225.0,423.0,598.0,143.0,40.0,174.0,1236.0,76.0,208.0,36.0,4209.0,31.0,39.0,48.0,764.0,46.0,234.0,442.0,613.0,159.0,49.0,189.0,1241.0,74.0,223.0,37.0,4199.0,16.0,22.0,22.0,735.0,29.0,210.0,411.0,587.0,135.0,27.0,164.0,1210.0,62.0,200.0,27.0,4227.0,21.0,33.0,44.0,749.0,42.0,227.0,436.0,588.0,158.0,41.0,173.0,1229.0,88.0,206.0,43.0,4245.0,25.0,30.0,45.0,782.0,43.0,251.0,451.0,616.0,177.0,46.0,196.0,1251.0,88.0,230.0,34.0,4246.0,23.0,55.0,42.0,753.0,41.0,232.0,420.0,584.0,148.0,35.0,166.0,1240.0,73.0,201.0,59.0,4278.0,32.0,57.0,71.0,794.0,59.0,255.0,457.0,621.0,180.0,52.0,196.0,1263.0,90.0,236.0,64.0,freqmine
4749.0,1933.0,1858.0,1916.0,1928.0,1910.0,1841.0,1888.0,1933.0,1897.0,1833.0,1859.0,1891.0,1922.0,1957.0,1958.0,2797.0,7.0,6.0,8.0,17.0,8.0,5.0,6.0,29.0,7.0,5.0,5.0,14.0,9.0,10.0,8.0,2769.0,18.0,13.0,17.0,18.0,14.0,11.0,12.0,30.0,13.0,14.0,15.0,10.0,14.0,20.0,12.0,2793.0,11.0,12.0,17.0,14.0,11.0,10.0,12.0,29.0,14.0,11.0,12.0,17.0,10.0,20.0,14.0,2784.0,6.0,5.0,8.0,11.0,9.0,4.0,6.0,42.0,6.0,3.0,4.0,10.0,6.0,9.0,7.0,2781.0,8.0,8.0,10.0,20.0,8.0,6.0,7.0,29.0,11.0,6.0,9.0,12.0,9.0,11.0,6.0,2744.0,6.0,4.0,9.0,13.0,11.0,4.0,7.0,24.0,7.0,4.0,4.0,11.0,6.0,8.0,7.0,2768.0,6.0,3.0,7.0,10.0,7.0,3.0,4.0,21.0,5.0,3.0,3.0,6.0,6.0,7.0,8.0,2774.0,5.0,3.0,4.0,12.0,6.0,3.0,5.0,15.0,9.0,2.0,2.0,8.0,5.0,10.0,8.0,2779.0,8.0,6.0,7.0,8.0,11.0,6.0,8.0,21.0,8.0,4.0,6.0,10.0,7.0,12.0,12.0,2739.0,8.0,9.0,10.0,16.0,7.0,12.0,14.0,23.0,12.0,4.0,13.0,15.0,7.0,11.0,14.0,2751.0,6.0,3.0,7.0,7.0,8.0,4.0,4.0,11.0,4.0,2.0,2.0,4.0,6.0,7.0,6.0,2766.0,6.0,3.0,6.0,11.0,5.0,3.0,4.0,47.0,5.0,2.0,3.0,12.0,4.0,8.0,6.0,2797.0,16.0,14.0,19.0,30.0,17.0,14.0,13.0,32.0,22.0,14.0,13.0,18.0,14.0,19.0,16.0,2805.0,8.0,6.0,10.0,8.0,10.0,7.0,7.0,49.0,8.0,6.0,5.0,9.0,11.0,10.0,9.0,2807.0,17.0,12.0,16.0,28.0,10.0,12.0,15.0,65.0,14.0,12.0,15.0,27.0,11.0,27.0,19.0,freqmine
