From router 0 to router 0,From router 0 to router 1,From router 0 to router 2,From router 0 to router 3,From router 0 to router 4,From router 0 to router 5,From router 0 to router 6,From router 0 to router 7,From router 0 to router 8,From router 0 to router 9,From router 0 to router 10,From router 0 to router 11,From router 0 to router 12,From router 0 to router 13,From router 0 to router 14,From router 0 to router 15,From router 1 to router 0,From router 1 to router 1,From router 1 to router 2,From router 1 to router 3,From router 1 to router 4,From router 1 to router 5,From router 1 to router 6,From router 1 to router 7,From router 1 to router 8,From router 1 to router 9,From router 1 to router 10,From router 1 to router 11,From router 1 to router 12,From router 1 to router 13,From router 1 to router 14,From router 1 to router 15,From router 2 to router 0,From router 2 to router 1,From router 2 to router 2,From router 2 to router 3,From router 2 to router 4,From router 2 to router 5,From router 2 to router 6,From router 2 to router 7,From router 2 to router 8,From router 2 to router 9,From router 2 to router 10,From router 2 to router 11,From router 2 to router 12,From router 2 to router 13,From router 2 to router 14,From router 2 to router 15,From router 3 to router 0,From router 3 to router 1,From router 3 to router 2,From router 3 to router 3,From router 3 to router 4,From router 3 to router 5,From router 3 to router 6,From router 3 to router 7,From router 3 to router 8,From router 3 to router 9,From router 3 to router 10,From router 3 to router 11,From router 3 to router 12,From router 3 to router 13,From router 3 to router 14,From router 3 to router 15,From router 4 to router 0,From router 4 to router 1,From router 4 to router 2,From router 4 to router 3,From router 4 to router 4,From router 4 to router 5,From router 4 to router 6,From router 4 to router 7,From router 4 to router 8,From router 4 to router 9,From router 4 to router 10,From router 4 to router 11,From router 4 to router 12,From router 4 to router 13,From router 4 to router 14,From router 4 to router 15,From router 5 to router 0,From router 5 to router 1,From router 5 to router 2,From router 5 to router 3,From router 5 to router 4,From router 5 to router 5,From router 5 to router 6,From router 5 to router 7,From router 5 to router 8,From router 5 to router 9,From router 5 to router 10,From router 5 to router 11,From router 5 to router 12,From router 5 to router 13,From router 5 to router 14,From router 5 to router 15,From router 6 to router 0,From router 6 to router 1,From router 6 to router 2,From router 6 to router 3,From router 6 to router 4,From router 6 to router 5,From router 6 to router 6,From router 6 to router 7,From router 6 to router 8,From router 6 to router 9,From router 6 to router 10,From router 6 to router 11,From router 6 to router 12,From router 6 to router 13,From router 6 to router 14,From router 6 to router 15,From router 7 to router 0,From router 7 to router 1,From router 7 to router 2,From router 7 to router 3,From router 7 to router 4,From router 7 to router 5,From router 7 to router 6,From router 7 to router 7,From router 7 to router 8,From router 7 to router 9,From router 7 to router 10,From router 7 to router 11,From router 7 to router 12,From router 7 to router 13,From router 7 to router 14,From router 7 to router 15,From router 8 to router 0,From router 8 to router 1,From router 8 to router 2,From router 8 to router 3,From router 8 to router 4,From router 8 to router 5,From router 8 to router 6,From router 8 to router 7,From router 8 to router 8,From router 8 to router 9,From router 8 to router 10,From router 8 to router 11,From router 8 to router 12,From router 8 to router 13,From router 8 to router 14,From router 8 to router 15,From router 9 to router 0,From router 9 to router 1,From router 9 to router 2,From router 9 to router 3,From router 9 to router 4,From router 9 to router 5,From router 9 to router 6,From router 9 to router 7,From router 9 to router 8,From router 9 to router 9,From router 9 to router 10,From router 9 to router 11,From router 9 to router 12,From router 9 to router 13,From router 9 to router 14,From router 9 to router 15,From router 10 to router 0,From router 10 to router 1,From router 10 to router 2,From router 10 to router 3,From router 10 to router 4,From router 10 to router 5,From router 10 to router 6,From router 10 to router 7,From router 10 to router 8,From router 10 to router 9,From router 10 to router 10,From router 10 to router 11,From router 10 to router 12,From router 10 to router 13,From router 10 to router 14,From router 10 to router 15,From router 11 to router 0,From router 11 to router 1,From router 11 to router 2,From router 11 to router 3,From router 11 to router 4,From router 11 to router 5,From router 11 to router 6,From router 11 to router 7,From router 11 to router 8,From router 11 to router 9,From router 11 to router 10,From router 11 to router 11,From router 11 to router 12,From router 11 to router 13,From router 11 to router 14,From router 11 to router 15,From router 12 to router 0,From router 12 to router 1,From router 12 to router 2,From router 12 to router 3,From router 12 to router 4,From router 12 to router 5,From router 12 to router 6,From router 12 to router 7,From router 12 to router 8,From router 12 to router 9,From router 12 to router 10,From router 12 to router 11,From router 12 to router 12,From router 12 to router 13,From router 12 to router 14,From router 12 to router 15,From router 13 to router 0,From router 13 to router 1,From router 13 to router 2,From router 13 to router 3,From router 13 to router 4,From router 13 to router 5,From router 13 to router 6,From router 13 to router 7,From router 13 to router 8,From router 13 to router 9,From router 13 to router 10,From router 13 to router 11,From router 13 to router 12,From router 13 to router 13,From router 13 to router 14,From router 13 to router 15,From router 14 to router 0,From router 14 to router 1,From router 14 to router 2,From router 14 to router 3,From router 14 to router 4,From router 14 to router 5,From router 14 to router 6,From router 14 to router 7,From router 14 to router 8,From router 14 to router 9,From router 14 to router 10,From router 14 to router 11,From router 14 to router 12,From router 14 to router 13,From router 14 to router 14,From router 14 to router 15,From router 15 to router 0,From router 15 to router 1,From router 15 to router 2,From router 15 to router 3,From router 15 to router 4,From router 15 to router 5,From router 15 to router 6,From router 15 to router 7,From router 15 to router 8,From router 15 to router 9,From router 15 to router 10,From router 15 to router 11,From router 15 to router 12,From router 15 to router 13,From router 15 to router 14,From router 15 to router 15,Applications (Label Classes)
350,299,257,274,272,3283,245,277,273,269,243,250,266,296,301,299,41,5,4,6,4,1553,3,2,3,3,3,4,3,6,3,4,19,3,1,1,0,1858,1,0,2,0,0,1,2,2,1,2,25,2,1,3,3,1576,2,0,3,1,1,1,4,2,2,1,26,2,2,1,1,1666,1,3,2,5,2,2,1,4,3,4,30,1,1,0,1,2064,3,2,3,0,0,1,2,3,2,3,10,2,0,1,1,1647,1,0,1,0,0,2,1,1,1,0,23,2,1,2,0,1665,2,3,0,0,2,1,3,3,3,1,24,1,3,2,3,1512,2,0,2,2,0,2,0,2,5,2,21,4,1,1,3,1491,1,3,1,0,1,2,1,2,3,3,10,2,0,0,1,1593,0,2,1,1,0,2,1,2,1,2,13,1,0,2,0,2357,0,1,2,1,0,1,2,2,3,1,22,3,3,4,1,2249,0,2,0,2,2,1,2,0,3,3,39,2,2,2,3,2251,1,3,1,5,1,3,1,4,5,5,41,3,4,4,5,1870,3,3,6,4,2,4,2,7,3,4,38,3,2,2,4,2163,2,1,1,2,1,2,3,4,3,6,freqmine_IndirectBP
11185,7333,7302,7692,7429,7384,7026,6904,7625,7171,7370,7206,7409,7452,7123,7145,4061,824,1102,946,1040,1127,883,869,1150,757,937,863,1001,1123,1449,948,4157,1101,1415,1114,1060,1506,941,972,1216,820,1105,933,1147,1047,1261,1013,4581,949,1268,926,956,1221,933,1379,1194,1232,1022,906,937,1034,1020,990,4215,902,1053,1072,963,933,865,1165,1129,1135,1067,965,886,932,915,1035,4169,896,1125,1095,1007,1112,951,1267,1192,1112,1201,956,1055,1012,1046,1824,3892,1012,1095,1002,1290,1058,949,1011,1168,908,1042,1058,998,944,946,1345,4249,889,983,902,1336,927,931,944,1087,884,1008,927,954,954,869,1215,4310,1901,1528,1437,1666,1487,1420,1425,1860,1612,1517,1370,1642,1445,1420,1665,4254,1398,1147,1110,1274,1149,1180,1145,1714,1053,1220,1129,1212,1268,1180,1247,4075,1325,1292,1928,1302,1287,1125,1086,1486,1039,1689,1135,1195,1226,1129,1209,4099,975,1005,1203,977,1016,1407,956,1148,908,1378,892,942,909,982,998,3954,1060,1177,1256,1003,1177,1438,1001,1293,924,1359,1534,1028,989,1074,1172,4136,915,1017,985,910,1097,1134,1158,1240,956,1075,1184,1220,908,970,1095,3927,864,902,1071,914,869,960,959,1050,867,1052,1011,1340,873,849,1016,3988,908,1008,1033,1048,989,1012,987,1208,867,1150,977,1276,1629,1015,1154,freqmine_IndirectBP
6784,4386,4609,4406,4289,4686,3921,3920,4477,4642,4571,4206,4106,4899,3963,4506,2296,494,970,472,544,944,479,445,807,933,793,578,535,1025,689,794,2328,616,1240,524,528,1128,523,470,851,1026,1000,591,516,1074,572,861,2654,612,1106,477,573,1014,636,651,847,1350,937,652,457,1006,533,880,2373,573,911,590,491,882,459,587,809,1281,995,652,447,897,541,849,2479,638,1133,560,604,945,613,674,823,1316,1122,757,578,1075,641,1438,2152,522,845,453,633,790,497,454,679,1014,918,643,444,841,479,983,2335,477,913,441,614,756,469,473,680,1060,893,554,463,921,516,887,2355,832,1346,626,814,1083,679,594,1271,1709,1200,772,639,1238,626,1197,2254,613,989,509,623,943,557,509,1280,1192,1059,714,515,1141,568,1047,2233,656,1116,775,715,1012,600,519,1110,1215,1403,663,577,1106,592,1015,2230,481,865,519,503,841,644,471,834,1012,1171,511,467,865,554,844,2194,563,986,484,585,894,616,476,850,1060,1077,791,443,871,510,884,2352,562,988,485,521,862,580,572,867,1104,979,718,526,845,508,906,2159,509,821,464,504,800,499,430,709,924,926,600,608,814,425,774,2358,705,1006,573,688,864,652,610,850,1195,1142,676,683,1461,645,1020,freqmine_IndirectBP
3695,2462,3470,2568,2651,3548,2304,2335,3617,3404,3472,2426,2420,3842,2380,3546,1272,24,1028,28,28,1079,28,28,976,787,834,25,21,1090,23,838,1248,24,1463,16,23,1589,22,24,1038,807,1103,23,13,1017,9,987,1319,26,1102,23,20,1144,33,32,1020,1242,965,21,23,929,18,832,1332,25,990,23,40,1008,59,43,890,1148,1025,28,23,839,27,844,1211,23,1054,14,18,1099,26,21,935,1000,1016,20,14,890,13,1642,1163,19,954,18,17,1037,21,32,915,930,961,22,17,868,15,1182,1183,16,891,17,20,901,25,21,887,928,901,16,15,922,15,1057,1268,34,1582,16,14,1359,27,26,1691,1455,1363,27,9,1355,9,1425,1297,19,1137,17,15,1159,20,20,1640,1146,1144,27,11,1263,11,1180,1230,21,1198,11,15,1304,21,12,1474,1029,1573,15,8,1173,8,1133,1238,13,905,20,17,1017,16,17,1051,959,1291,17,11,857,13,860,1254,19,1067,26,37,1172,43,43,1155,1019,1225,21,14,924,16,989,1213,25,979,22,24,975,21,26,1003,915,1028,20,19,867,17,1017,1249,20,876,25,51,900,49,52,897,826,1029,23,16,780,17,864,1241,28,891,26,42,912,39,47,974,849,983,24,21,1443,23,1028,freqmine_IndirectBP
4015,2568,3637,2685,2602,3584,2427,2457,3691,3445,3620,2564,2631,3877,2563,3785,1309,35,1086,31,33,1007,27,29,845,759,856,35,43,997,33,960,1291,35,1441,29,25,1475,25,22,1008,816,1081,29,47,924,30,964,1368,40,1138,41,33,1174,37,28,1003,1296,976,32,48,806,39,946,1340,35,1011,35,38,952,28,29,848,1135,981,41,66,732,52,900,1305,41,1078,32,31,1026,28,20,938,1019,1074,35,40,819,28,1864,1245,32,931,38,39,933,24,24,872,857,1006,33,49,792,44,1302,1270,29,909,33,41,870,23,28,866,859,951,29,53,846,49,1139,1338,33,1483,31,30,1360,32,24,1542,1542,1377,34,45,1247,33,1637,1324,22,1218,20,20,1178,20,17,1476,1102,1166,26,39,1060,27,1322,1279,29,1208,23,28,1212,26,23,1241,986,1678,27,47,1038,30,1182,1307,26,897,27,31,922,24,26,1064,864,1323,28,42,785,26,938,1331,33,1053,30,31,1123,26,28,1038,915,1183,40,55,811,38,1023,1321,36,972,29,31,945,30,24,992,912,1007,32,39,795,31,1030,1313,31,906,34,33,829,29,29,835,834,985,41,74,687,32,935,1281,38,972,40,29,864,32,21,975,855,967,35,50,1360,32,1084,freqmine_IndirectBP
3722,2463,3042,2498,2438,3177,2338,2383,2474,2593,4101,2373,2403,3085,2418,3062,1242,21,633,24,28,718,23,24,61,128,1626,24,23,529,24,494,1207,19,898,16,15,1071,12,9,44,135,1720,18,14,499,9,543,1265,25,746,20,27,773,19,25,45,136,1660,28,23,448,21,524,1236,25,621,22,23,664,20,27,54,122,1674,25,23,395,18,496,1229,18,687,13,15,755,10,13,47,138,1712,18,16,431,12,934,1180,21,638,20,19,583,18,22,42,108,1622,22,16,401,17,630,1198,16,553,17,17,627,20,27,39,93,1600,21,16,358,14,606,1217,15,929,21,19,977,14,18,48,199,1769,17,17,645,14,809,1228,16,687,13,12,760,14,14,54,104,1669,12,12,624,7,676,1192,10,765,9,10,768,10,10,31,108,1883,15,12,554,10,605,1191,23,565,16,24,646,14,18,32,102,1737,20,16,386,20,551,1211,20,711,20,21,816,16,19,52,108,1697,22,23,395,23,537,1212,15,640,13,20,708,15,16,43,137,1668,22,16,403,15,572,1219,23,513,20,27,602,17,15,58,105,1651,29,22,377,17,514,1203,18,556,13,16,631,14,14,58,145,1660,24,16,696,12,604,freqmine_IndirectBP
3041,1992,1921,1973,1976,2026,1912,1946,1948,1948,3769,1915,1928,1981,2017,1969,1016,22,19,23,22,41,18,17,16,14,1905,13,17,24,25,21,965,12,11,13,15,33,9,10,10,7,1890,5,7,14,14,9,1006,12,18,17,17,44,15,18,13,13,1895,7,9,28,20,14,998,16,23,18,19,57,18,17,16,15,1896,11,10,25,16,15,1002,14,20,15,17,35,15,14,10,14,1890,12,10,23,24,15,961,17,16,15,15,45,17,16,14,11,1890,11,12,17,16,10,985,18,17,21,21,45,16,19,15,14,1896,13,7,19,16,11,985,17,20,16,14,44,15,11,15,13,1897,9,9,18,17,15,986,14,21,19,17,38,11,14,13,13,1892,9,8,15,19,12,946,10,19,14,10,34,9,8,8,8,1896,6,5,12,12,6,975,20,17,18,14,38,19,19,14,14,1901,12,13,17,18,12,982,17,19,15,15,58,15,17,15,9,1903,11,10,17,20,7,1005,17,16,17,15,39,15,14,17,17,1901,8,12,20,18,16,1025,22,22,19,18,77,18,24,15,15,1905,15,14,22,21,16,997,20,24,18,17,58,14,13,15,14,1893,9,9,22,19,16,freqmine_IndirectBP
3592,1894,2052,1920,1899,2089,1732,1846,1806,1834,3106,1749,1807,2061,1854,2085,1441,25,206,32,29,178,34,29,38,37,1362,29,33,167,28,177,1521,28,203,32,29,223,34,35,37,42,1425,32,38,171,28,246,1528,31,205,31,35,196,38,36,37,33,1359,30,34,163,29,214,1498,36,189,36,33,171,36,39,43,40,1400,29,35,143,29,199,1612,42,273,50,52,207,44,44,54,53,1482,48,49,208,42,322,1369,25,149,29,28,157,25,31,29,29,1335,23,29,121,19,178,1448,30,129,31,32,143,35,34,27,29,1332,30,27,112,29,189,1453,29,199,36,33,186,35,26,30,37,1451,35,30,151,24,229,1444,27,161,36,37,183,34,31,32,39,1424,23,31,143,24,221,1448,45,195,45,64,183,50,47,50,48,1564,45,53,209,41,208,1350,24,163,29,35,164,29,31,35,34,1439,23,27,141,30,201,1403,30,178,34,38,164,37,31,36,32,1441,25,34,154,30,177,1457,38,255,49,47,226,45,46,39,45,1430,38,39,163,29,223,1429,30,181,33,36,178,32,36,32,32,1374,30,36,161,27,171,1561,32,279,44,43,246,41,41,47,57,1470,42,39,266,31,245,freqmine_IndirectBP
6489,2166,2046,2148,2128,2145,2057,2102,2105,2099,2039,2033,2072,2079,2097,2118,3553,30,58,35,28,58,22,29,31,24,39,33,32,31,28,51,3577,24,45,27,26,56,18,22,24,23,39,28,24,27,25,48,3635,30,49,29,30,51,23,27,24,23,39,29,23,31,20,48,3497,29,41,30,28,43,21,26,23,22,31,24,23,26,23,47,3668,30,52,34,34,45,25,34,29,26,39,30,35,31,33,44,3520,23,36,26,22,39,13,21,16,16,38,18,22,21,19,38,3528,22,40,31,25,37,16,21,22,18,39,17,20,26,23,46,3558,38,50,30,26,57,24,32,24,24,47,27,28,33,23,54,3569,27,50,25,22,60,20,24,25,21,41,23,27,29,24,52,3556,25,40,23,19,38,14,24,17,20,36,21,26,22,17,39,3576,23,31,22,18,32,15,20,20,22,29,16,20,30,21,32,3598,23,44,28,25,45,23,23,19,18,37,21,24,25,23,49,3645,28,49,36,30,45,26,29,24,25,45,33,25,26,34,43,3531,27,44,25,22,43,16,18,17,24,37,19,23,27,19,43,3721,30,54,32,26,48,24,24,22,25,38,24,29,34,25,46,freqmine_IndirectBP
6073,2081,2004,2060,2044,2063,1995,2029,2049,2028,1957,1999,1996,2016,2076,2077,3512,40,35,32,36,38,33,27,39,36,32,33,31,33,44,37,3579,40,36,30,32,37,33,29,41,36,34,35,33,34,44,39,3528,41,34,29,30,38,32,28,37,35,32,31,32,31,46,38,3405,41,31,28,33,36,31,26,39,35,30,34,30,32,44,38,3564,44,36,31,36,35,34,29,42,40,36,37,32,33,48,43,3427,37,32,26,29,30,27,20,33,32,29,30,29,29,42,36,3435,37,32,24,33,32,29,23,34,33,29,31,30,29,38,36,3412,43,33,26,37,32,32,25,39,34,33,32,33,30,46,32,3415,43,31,30,31,33,32,24,38,32,33,35,35,32,42,33,3526,40,39,31,35,35,35,31,40,40,37,34,36,40,45,35,3530,40,30,26,31,31,30,23,34,33,30,32,31,29,41,32,3499,40,30,26,30,32,31,22,34,30,29,30,27,26,41,32,3583,40,33,27,35,34,36,25,41,41,36,35,38,33,42,38,3473,43,37,27,38,37,34,26,41,35,35,37,32,31,44,38,3670,46,39,34,38,39,39,29,42,41,40,37,40,37,48,38,freqmine_IndirectBP
6292,2117,2031,2101,2072,2103,2024,2054,2070,2072,2007,1998,2034,2109,2102,2076,3457,25,25,23,22,27,24,27,30,25,26,25,22,30,30,26,3574,34,30,28,26,34,32,33,34,39,31,29,27,37,36,30,3662,26,22,22,20,28,25,24,31,24,26,19,22,31,28,30,3428,27,24,21,20,31,28,25,30,25,27,21,23,29,31,27,3602,34,35,28,26,34,35,34,34,36,36,34,28,34,34,29,3444,22,18,21,18,29,22,25,26,22,26,18,20,26,25,24,3455,23,20,21,20,29,26,25,28,24,29,19,19,30,27,25,3441,31,30,27,26,32,29,30,35,32,31,29,27,36,33,32,3444,26,29,24,26,32,28,30,32,32,30,29,25,32,35,32,3469,30,31,21,19,29,28,27,33,29,25,27,21,29,33,34,3513,22,22,19,19,27,23,22,30,21,23,16,18,24,26,24,3629,21,22,16,16,26,21,21,26,24,24,18,18,28,25,23,3630,31,33,33,26,31,32,34,35,36,35,34,29,42,40,36,3509,24,21,20,19,26,23,25,29,22,28,22,24,31,28,26,3687,29,33,25,24,34,30,31,32,33,31,31,24,33,34,30,freqmine_IndirectBP
443,312,281,311,311,3332,268,285,296,290,261,263,288,320,302,311,50,4,2,4,3,1588,2,4,3,5,2,1,4,4,6,4,38,3,0,2,4,1969,0,2,2,2,0,0,1,3,3,2,51,3,1,3,1,1738,1,3,2,4,1,2,0,3,4,5,48,5,1,3,5,1704,1,4,4,2,2,3,3,1,3,3,48,2,3,2,2,2271,1,1,0,3,4,1,2,1,0,2,22,6,3,2,3,1672,1,2,1,3,1,2,4,8,4,4,34,6,5,5,5,1777,2,3,5,4,1,2,2,6,5,4,37,6,1,3,3,1631,0,5,2,1,2,1,3,4,0,1,37,3,2,5,2,1584,2,3,3,2,1,1,3,2,2,3,21,1,1,2,1,1602,0,1,1,1,0,0,0,2,2,2,20,1,1,1,4,2286,0,2,1,0,1,0,0,1,1,0,34,3,1,1,2,2369,2,2,3,2,0,1,1,5,1,4,52,5,1,4,4,2343,2,2,4,3,4,2,5,2,3,2,44,4,4,4,3,1876,3,5,1,3,4,3,4,3,5,4,51,4,2,3,2,2124,2,4,1,4,1,0,3,2,2,2,freqmine_IndirectBP
6408,2184,2115,2149,2191,2150,2076,2110,2142,2149,2089,2095,2118,2171,2185,2158,3590,46,48,45,58,44,43,50,37,43,39,51,51,51,54,51,3704,50,46,53,62,45,49,53,41,47,48,61,63,53,62,53,3700,41,45,40,55,42,39,46,30,38,39,45,44,46,46,44,3604,50,52,49,66,48,45,54,41,48,44,51,51,51,51,55,3807,63,59,64,77,57,61,65,60,58,54,70,61,64,68,67,3575,51,47,47,61,47,46,53,43,44,46,51,48,51,49,57,3568,50,50,49,61,48,45,57,45,46,44,52,48,51,50,58,3555,55,50,55,66,52,48,59,48,49,47,59,55,58,61,58,3575,53,49,52,66,48,47,56,51,49,47,53,52,56,58,54,3603,55,52,55,65,53,50,59,51,49,50,63,57,63,68,61,3609,41,43,41,53,41,35,45,35,41,37,45,39,47,48,48,3682,49,52,51,61,44,47,54,42,44,45,51,47,52,51,53,3795,57,52,57,70,52,52,58,48,52,50,60,59,61,67,61,3683,45,50,45,62,43,43,51,38,45,41,49,47,49,53,51,3865,60,54,60,71,55,52,59,52,55,50,66,61,61,67,62,freqmine_IndirectBP
6030,2024,1962,1986,2023,2022,1950,1967,2003,2002,1929,1955,1978,2040,2023,2036,3332,37,31,46,35,52,40,40,41,28,26,31,34,35,34,38,3423,40,35,48,40,59,53,47,46,40,31,40,40,39,35,47,3455,37,28,44,36,49,42,38,41,30,26,31,35,35,32,42,3305,32,28,42,35,51,43,37,40,30,27,34,33,34,32,41,3519,43,36,49,43,57,46,48,46,43,33,37,39,40,39,45,3425,33,27,43,35,48,37,37,42,31,24,30,33,32,33,39,3341,32,26,40,32,46,36,35,38,28,24,30,32,33,31,37,3307,37,31,43,33,48,38,39,42,30,30,34,37,36,34,44,3315,38,28,43,33,43,36,37,40,30,30,32,35,34,31,44,3342,39,33,42,38,53,47,43,44,45,36,38,38,36,36,41,3358,27,23,38,32,46,32,34,35,26,23,29,30,31,27,37,3399,32,30,40,33,48,36,37,38,28,27,29,34,34,29,36,3461,47,37,48,43,65,47,50,45,42,41,43,49,43,37,48,3380,30,29,40,32,47,36,37,41,30,26,34,33,33,30,38,3679,39,35,48,42,62,50,51,47,44,31,40,41,42,38,46,freqmine_IndirectBP
16278,1024,985,1030,1011,987,962,986,987,979,937,972,973,1024,1057,1048,15477,7,13,7,9,9,8,7,8,12,7,9,9,11,7,9,16215,8,6,8,8,8,6,5,7,10,6,6,6,11,8,8,16141,5,7,6,7,5,5,4,6,9,4,6,5,8,5,6,17004,12,11,9,11,9,8,7,8,13,9,8,9,12,9,10,14836,7,6,9,5,8,8,6,7,11,5,6,7,9,5,6,15159,7,7,6,5,7,6,6,5,8,3,5,5,8,5,5,15061,6,6,7,5,7,6,5,5,8,3,4,5,6,4,5,15235,8,6,8,6,6,5,4,6,9,5,5,5,8,6,5,15131,11,9,10,7,9,8,7,8,12,8,9,9,11,9,9,14983,8,5,7,4,4,4,3,5,10,5,6,6,7,5,6,15108,9,6,9,7,6,6,5,7,10,5,7,6,8,8,6,15325,8,7,7,7,6,6,4,7,9,5,7,7,10,7,7,15838,8,7,9,7,7,7,5,7,10,6,8,8,8,6,7,15019,10,11,12,11,9,10,8,10,12,8,10,11,11,11,10,14996,10,9,11,8,6,6,5,7,10,5,7,7,8,7,7,freqmine_IndirectBP
22217,600,584,601,610,609,610,571,558,553,559,558,566,635,590,625,22648,6,5,8,8,5,5,5,8,4,3,3,4,5,6,7,22123,5,3,4,5,2,3,3,5,2,1,1,3,4,4,4,21613,7,5,6,6,5,5,6,7,5,3,3,6,6,7,7,23746,5,3,6,4,2,4,2,4,1,2,1,3,3,5,5,21763,2,2,2,2,1,2,3,3,1,1,2,2,3,4,6,22065,5,3,4,5,2,4,2,4,3,3,3,4,5,6,6,21972,2,1,2,2,1,3,0,3,1,2,1,2,3,4,5,20537,3,3,3,2,2,4,4,4,1,1,1,2,3,4,5,21380,2,1,3,1,1,3,1,2,0,0,0,1,2,3,4,20932,2,1,2,2,2,3,2,3,0,0,0,1,2,2,4,21077,2,1,2,1,2,3,1,2,0,0,0,1,2,3,4,21905,4,2,4,2,2,4,1,3,1,1,0,1,3,2,4,20840,5,3,5,3,3,5,4,5,2,2,2,5,4,5,6,21087,4,4,5,5,5,7,5,6,4,3,4,4,6,5,8,21037,4,4,4,4,6,6,5,6,3,3,3,4,5,6,8,freqmine_IndirectBP
22450,602,595,669,614,601,570,598,582,583,564,578,587,655,593,582,22734,1,4,5,3,4,4,4,1,3,3,4,2,6,4,4,22476,0,2,2,1,2,0,1,1,0,1,1,1,3,1,3,22756,4,2,5,4,4,3,3,1,3,2,4,2,6,4,4,24299,4,2,5,4,4,2,3,2,3,2,3,3,6,4,4,20644,5,4,5,6,3,3,3,4,3,2,2,4,6,4,3,21279,1,1,3,3,3,0,2,2,1,0,1,2,4,2,1,20789,4,2,5,3,3,2,4,2,2,1,2,2,5,3,2,20453,2,2,4,3,3,1,2,1,2,1,1,1,3,2,1,21450,3,1,4,3,3,1,2,1,2,1,2,1,4,3,2,21527,2,2,3,3,2,0,1,1,1,0,1,1,3,2,1,21168,4,1,4,3,2,1,2,1,1,1,0,0,2,1,0,21605,3,2,4,3,4,2,3,2,1,1,1,0,3,1,0,20851,5,5,6,5,6,4,5,3,3,3,2,3,4,2,2,21436,5,3,7,5,5,3,4,3,2,2,1,2,3,3,1,20733,5,4,6,4,3,2,3,2,2,2,1,1,3,1,0,freqmine_IndirectBP
22037,594,545,637,617,611,605,597,583,588,601,602,635,710,633,625,22217,4,3,5,7,4,1,3,4,3,1,4,4,5,7,4,21091,1,2,3,5,3,2,2,2,2,1,2,1,4,4,2,20500,3,4,5,5,5,4,4,3,2,3,4,6,7,4,4,22948,3,5,5,6,3,3,4,4,2,3,3,4,4,4,4,20785,1,3,4,3,1,1,3,1,0,0,1,1,2,1,2,20827,1,2,4,2,1,2,3,0,1,0,1,0,2,1,1,21285,0,1,2,3,2,1,1,1,0,0,1,1,2,1,1,20629,0,1,1,3,0,0,1,1,0,0,2,3,4,2,1,21379,0,1,2,2,0,0,1,1,0,0,1,2,3,0,1,20957,1,1,2,2,0,0,1,0,0,0,1,1,3,1,0,21177,0,1,2,2,1,0,1,1,1,0,3,3,5,3,2,21399,0,1,3,4,0,0,1,1,2,1,4,4,7,4,3,20821,3,3,4,5,2,2,3,3,4,3,6,7,8,7,5,20584,1,2,3,4,1,1,2,2,3,2,5,4,7,4,4,21035,1,2,3,3,2,0,2,1,2,0,3,3,5,4,2,freqmine_IndirectBP
22233,596,579,609,600,588,548,565,580,570,559,564,602,670,625,618,22661,4,4,5,3,4,2,3,2,1,3,1,2,3,3,4,22546,4,0,1,3,2,0,1,1,1,0,1,2,3,4,4,23489,5,0,2,4,3,1,1,3,3,0,1,0,2,5,4,24110,6,3,3,4,5,2,3,2,3,2,3,3,7,6,5,20699,6,1,2,3,3,2,1,2,2,1,3,2,5,6,4,21258,3,0,1,5,4,0,1,2,2,0,1,2,4,5,4,20687,4,1,2,4,3,1,2,2,2,2,2,3,5,5,5,20701,3,1,3,2,4,1,1,0,0,1,1,1,3,3,4,21127,5,1,3,2,3,1,2,1,1,1,1,1,3,3,3,20178,2,0,0,2,3,0,1,1,1,0,1,2,5,5,5,20327,1,1,2,2,2,1,1,0,2,1,1,1,3,1,3,21332,2,2,2,2,3,2,2,1,1,2,0,2,5,2,4,20405,5,4,5,5,5,4,4,3,3,4,2,5,6,5,6,20189,5,6,7,5,6,6,5,3,2,6,2,3,6,5,5,20832,3,3,3,4,4,4,3,1,1,4,2,3,5,3,5,freqmine_IndirectBP
21895,645,560,625,620,622,575,599,602,599,572,592,606,678,669,625,21991,3,5,4,6,5,5,4,3,7,2,6,4,11,10,7,21967,1,2,4,2,2,1,1,0,1,1,1,1,5,3,1,21822,1,3,5,2,3,3,3,1,3,2,3,1,5,5,3,23809,2,3,4,4,3,4,3,3,2,1,2,2,3,4,4,20736,1,2,4,5,6,2,2,2,4,2,2,2,5,4,4,21596,1,1,2,2,1,0,1,0,1,1,1,1,3,3,1,21041,2,2,3,3,2,1,3,1,3,0,2,1,4,4,2,20496,2,2,2,3,2,2,1,2,3,0,2,1,4,6,4,21186,2,2,3,4,4,2,2,2,3,1,4,2,5,5,4,21154,2,1,3,3,2,1,1,1,2,0,0,0,3,2,1,20752,4,1,3,4,3,1,2,3,3,0,3,2,4,6,4,21451,3,1,2,4,2,1,1,2,2,0,3,2,5,6,3,20853,5,3,5,6,6,3,4,5,5,2,5,5,6,8,5,21167,5,3,5,8,6,3,4,7,7,2,6,6,9,11,8,21159,6,3,5,6,6,2,3,7,6,2,5,4,6,8,5,freqmine_IndirectBP
22431,603,587,602,616,606,595,603,585,592,584,608,619,694,636,633,21997,4,2,5,4,2,1,2,4,2,3,1,4,3,2,3,21980,1,0,4,3,3,1,2,2,2,1,1,2,2,4,4,21495,7,4,7,5,5,2,3,5,4,5,3,6,6,6,4,22619,4,1,5,4,4,2,1,3,2,4,1,3,4,4,3,20733,3,1,6,2,3,1,4,4,0,2,0,2,3,3,2,21479,2,1,3,1,2,1,1,3,1,1,2,2,4,4,4,21440,2,0,4,3,3,2,2,1,1,2,1,3,4,4,2,20562,2,0,4,4,3,1,1,2,2,2,0,2,3,2,0,21366,1,1,4,2,1,0,1,1,0,2,0,2,3,2,1,21415,1,1,5,2,2,1,2,1,1,2,2,3,5,4,3,21304,1,1,5,0,0,1,1,0,0,2,0,0,2,2,1,21564,3,2,6,2,1,1,3,2,1,2,0,2,4,1,1,20747,4,4,6,3,3,3,5,3,2,4,2,4,4,4,3,21081,6,5,9,3,4,4,6,3,4,6,4,3,5,5,4,21178,3,2,5,4,3,1,3,0,1,3,1,1,3,3,2,freqmine_IndirectBP
22189,713,648,698,697,667,636,658,662,659,634,641,710,752,829,744,21988,2,6,8,5,6,4,4,3,5,4,4,3,6,18,4,21706,3,1,3,2,2,2,1,2,2,2,1,1,3,14,2,21410,2,3,4,4,3,4,4,1,4,2,4,2,4,21,5,22832,5,3,6,4,5,2,5,4,6,3,4,3,7,30,6,19645,4,4,4,5,3,3,3,2,7,4,4,2,5,23,6,20731,3,2,6,4,1,1,1,1,3,2,1,1,2,16,2,20334,3,2,5,3,3,1,2,3,4,1,1,1,4,18,5,17913,3,3,3,3,3,2,3,1,4,2,3,3,4,15,6,19047,5,3,6,5,6,4,5,3,6,3,3,4,5,21,7,19363,3,1,3,3,3,1,0,1,2,1,0,2,2,19,4,19963,3,1,4,4,4,2,1,2,3,1,0,3,3,16,3,20818,1,0,2,2,3,1,0,1,3,4,2,3,5,31,6,21233,4,1,4,5,5,2,3,3,5,3,2,5,5,16,5,21145,3,3,5,8,7,4,4,5,7,4,5,7,7,50,7,21486,4,3,5,5,4,4,3,3,5,4,2,6,4,34,6,freqmine_IndirectBP
444,330,294,318,324,3200,288,301,317,318,286,290,297,322,321,330,69,3,4,3,6,1539,5,5,8,6,4,6,3,5,5,6,53,2,1,2,0,1947,2,3,1,3,1,1,1,2,0,0,62,4,2,2,2,1620,2,3,0,1,2,2,2,3,1,0,73,2,4,5,5,1725,4,3,5,8,6,2,4,7,7,5,61,1,1,2,3,2174,1,4,2,2,0,2,1,2,5,2,52,5,6,5,4,1720,7,6,9,8,4,3,4,2,6,5,60,6,3,5,9,1695,5,4,6,8,8,5,7,10,9,9,68,1,2,1,0,1585,3,0,3,4,1,4,1,0,6,4,62,4,1,3,4,1577,2,2,2,4,1,3,2,4,3,1,49,2,0,2,1,1598,2,2,1,2,3,0,3,1,1,1,51,3,0,3,1,2163,2,0,5,4,0,0,2,2,2,3,55,2,0,2,1,2309,1,1,0,3,3,2,1,1,5,2,67,2,2,0,2,2164,3,4,2,3,1,1,2,4,4,4,67,5,2,4,5,1912,2,2,6,2,2,3,5,4,3,4,74,2,1,2,2,2008,3,2,4,1,3,3,2,4,4,4,freqmine_IndirectBP
22628,645,595,592,593,627,603,617,601,578,591,607,585,674,629,686,22392,3,5,1,5,4,3,2,2,3,3,2,3,6,3,7,22231,1,1,1,2,0,1,1,0,1,0,2,2,4,5,5,21563,4,1,2,5,4,3,2,2,3,3,1,2,6,2,6,23649,3,3,1,4,2,3,2,2,1,2,1,2,3,3,4,21162,3,0,0,3,2,1,0,1,1,1,1,2,5,2,4,21382,1,1,0,1,2,0,1,0,0,1,0,2,4,0,4,21298,1,1,0,3,1,1,1,0,1,2,2,3,4,4,5,20744,3,1,2,3,2,1,1,2,1,2,1,1,3,1,3,20844,2,1,1,3,1,1,0,1,0,1,1,1,3,1,5,20790,1,1,1,2,1,1,2,2,1,0,0,1,2,0,3,20850,1,1,0,2,1,0,1,2,1,0,2,2,3,2,7,20632,3,3,3,4,3,1,2,3,3,1,3,1,5,2,5,19828,6,4,6,5,6,5,4,4,3,3,4,5,5,4,7,19787,6,4,6,9,6,4,7,7,8,4,7,6,9,7,13,20399,3,3,4,4,5,3,4,4,5,2,7,4,7,4,10,freqmine_IndirectBP
20906,640,573,568,628,659,647,654,626,609,606,624,645,732,694,687,20559,4,3,7,4,6,3,5,5,2,2,3,3,5,3,6,20614,5,0,1,3,5,2,3,3,3,2,0,1,3,0,3,20140,2,0,3,2,1,1,1,2,0,0,1,2,4,3,4,22385,3,0,2,4,3,2,3,1,1,1,0,2,4,3,4,20692,6,3,6,4,5,3,4,3,2,3,3,3,6,5,8,20672,3,0,1,2,3,2,2,1,2,1,2,1,4,3,4,21487,3,1,1,3,3,2,2,2,0,1,0,1,4,0,3,20463,2,0,1,2,1,2,2,2,2,0,1,1,3,0,4,20833,1,0,1,3,2,2,2,2,2,0,0,1,3,0,2,21018,2,0,1,2,3,3,2,0,0,0,1,1,4,2,4,20896,3,1,1,2,2,2,3,1,0,1,0,1,4,1,3,21311,3,1,1,2,2,2,3,0,1,1,1,2,6,2,2,21667,4,3,3,4,5,3,5,2,3,3,3,4,7,5,7,21114,2,5,2,5,6,4,3,2,1,3,2,3,7,5,5,20730,6,4,5,6,7,4,6,5,3,5,3,2,8,5,6,freqmine_IndirectBP
21885,671,594,676,611,624,615,624,639,619,622,627,673,711,720,706,21434,3,7,4,4,6,5,3,4,8,3,3,4,6,6,6,21191,1,3,4,1,2,1,1,2,4,2,0,1,2,1,1,21407,4,5,5,3,6,4,4,4,9,4,3,3,5,5,4,23237,3,1,4,1,2,2,1,5,8,1,3,2,2,3,4,19568,2,2,3,2,4,4,3,5,8,1,1,1,2,3,2,20421,3,3,5,4,5,4,3,6,7,3,2,4,3,4,3,19847,3,3,6,2,3,3,3,4,8,2,2,2,2,6,3,19669,3,5,5,4,6,4,3,5,7,3,3,4,4,6,5,20270,6,4,7,3,6,4,4,6,8,4,3,4,4,6,5,20589,1,1,2,0,1,1,0,2,5,1,0,1,1,3,1,20580,2,0,3,1,3,2,0,3,5,1,2,3,3,3,3,21215,2,1,3,3,3,4,1,4,6,2,3,2,4,3,6,21011,5,2,6,5,5,4,3,6,9,3,4,6,5,4,4,20936,3,1,7,4,5,4,6,7,9,4,4,4,4,7,4,21110,6,2,3,3,3,4,1,4,7,2,3,6,3,3,4,freqmine_IndirectBP
21061,708,643,670,655,691,664,676,655,637,637,644,665,713,728,766,21379,7,5,4,8,3,4,8,7,8,8,5,8,7,5,6,21304,3,3,3,3,3,2,5,5,4,4,3,4,4,4,6,20756,6,2,4,4,3,3,7,5,3,3,2,5,4,4,6,23183,4,4,3,4,4,2,6,4,4,3,1,2,5,2,5,20911,6,4,4,3,2,3,5,4,4,3,4,4,7,4,6,20847,3,2,3,2,2,0,4,3,3,2,0,2,4,2,2,20668,6,3,4,4,4,1,4,5,4,3,2,3,5,3,6,18335,5,4,4,4,4,2,6,5,5,5,4,5,7,6,7,18398,6,5,4,4,5,4,7,7,7,6,5,6,10,5,8,19351,6,4,4,6,5,2,7,7,6,5,5,4,8,5,6,19008,2,2,2,3,4,0,4,5,4,4,2,2,5,3,4,20100,7,3,6,4,3,2,6,7,6,4,2,4,7,4,5,19629,5,5,4,5,5,4,6,6,6,7,5,6,8,6,7,20700,6,4,5,9,3,2,5,6,6,6,3,4,6,7,4,21147,4,4,6,5,5,2,8,8,7,6,4,4,8,4,8,freqmine_IndirectBP
21214,740,619,676,651,666,633,684,650,682,632,645,705,788,727,754,20545,12,9,51,12,9,6,7,8,16,6,7,15,22,21,21,20550,16,4,16,8,5,3,2,5,14,3,3,8,14,4,6,19812,17,6,14,12,5,3,3,6,28,6,5,9,19,12,13,21736,36,5,35,11,7,5,4,5,32,8,7,10,27,8,8,19865,14,5,15,11,6,2,3,6,20,7,4,10,17,8,8,20064,15,5,13,8,3,3,3,5,19,3,3,7,14,4,7,20924,15,4,14,10,5,5,5,6,18,7,3,9,14,7,8,19698,14,3,12,9,5,3,3,5,17,4,3,8,12,5,4,19685,14,3,13,11,5,2,3,2,14,6,5,9,30,16,9,20733,14,3,12,7,3,3,2,2,13,4,2,7,14,5,6,20696,10,2,11,8,2,2,2,3,10,2,1,6,13,3,4,21423,27,6,26,9,6,6,4,4,24,5,4,9,30,9,7,21767,16,4,15,9,5,3,3,5,16,5,5,10,16,12,11,20130,83,9,49,10,10,7,6,7,46,8,6,12,49,20,10,19893,27,7,34,9,6,4,4,3,32,4,4,7,33,6,5,freqmine_IndirectBP
21239,752,660,728,690,740,681,706,679,687,651,641,665,778,728,800,20955,6,6,7,8,9,7,5,5,8,5,6,6,3,10,9,20993,7,3,4,3,6,5,3,3,6,2,4,2,3,6,5,21092,6,4,5,9,8,7,4,5,7,2,6,5,5,11,12,22771,7,4,6,5,10,7,6,6,11,2,5,3,6,6,8,21074,11,7,10,8,10,10,8,8,13,5,8,7,9,10,10,21073,3,1,3,3,7,3,1,1,4,2,2,2,3,5,4,19049,4,3,4,3,7,3,2,2,7,1,5,1,4,4,5,17534,4,5,7,3,10,6,5,4,8,2,5,4,6,5,8,17672,6,6,8,10,9,9,6,6,10,4,6,9,8,12,16,18362,4,3,5,5,7,5,4,5,8,2,5,3,6,6,6,19026,4,3,4,3,7,3,2,4,8,2,3,3,5,6,5,18939,5,2,5,4,8,4,3,5,8,2,4,3,6,4,6,19102,5,5,7,11,9,7,5,6,10,5,5,10,6,11,18,20123,8,6,10,8,12,8,6,7,11,5,9,6,8,10,9,21278,9,5,10,6,9,5,6,6,9,3,5,5,6,7,7,freqmine_IndirectBP
19412,771,669,700,699,752,700,730,693,704,692,730,719,754,738,757,18469,7,8,7,11,7,4,7,7,7,4,17,4,7,15,7,18686,3,3,5,6,4,3,4,6,3,2,13,2,6,3,4,19152,5,4,5,7,5,2,5,6,5,5,18,4,6,16,4,20989,3,3,4,4,3,2,3,5,1,3,24,3,3,6,3,19945,3,3,5,7,6,2,6,7,3,5,20,3,4,5,5,20633,6,4,6,6,5,2,4,6,4,3,17,3,4,6,5,20082,5,2,5,6,5,4,5,7,3,5,19,5,5,6,5,16536,4,3,6,8,5,2,5,5,4,5,15,4,4,3,4,17830,6,3,5,8,5,2,4,6,3,5,15,4,4,16,4,18220,4,3,5,2,5,1,4,4,3,2,13,2,3,3,5,19002,4,3,4,4,5,3,6,4,3,4,9,4,6,7,6,19743,3,3,5,3,4,1,4,3,2,2,17,3,5,5,4,19822,6,3,6,10,5,2,5,4,4,3,18,5,4,19,5,18888,4,3,5,4,7,4,4,3,3,2,44,3,4,7,6,19857,6,4,4,4,5,3,4,6,3,5,19,4,5,6,5,freqmine_IndirectBP
11790,1350,1309,1392,1323,1259,1239,1189,1211,1340,1324,1322,1316,1264,1232,1335,10894,4,6,9,7,5,5,4,5,4,5,4,7,9,9,22,11449,5,6,9,4,7,3,6,4,5,4,2,5,5,10,24,11248,9,8,11,12,11,8,6,7,8,5,6,7,8,9,25,11679,6,5,8,4,6,4,4,3,3,2,4,4,6,5,35,10994,5,5,8,3,5,4,3,1,3,1,1,4,5,4,22,10065,2,6,6,5,6,4,5,2,2,2,3,4,6,4,22,10485,4,6,6,6,7,2,2,2,2,0,1,2,4,4,20,9272,5,5,5,3,3,3,2,0,1,2,2,2,5,6,20,9627,4,5,8,6,5,3,4,3,4,2,2,2,6,8,22,10225,2,4,4,4,2,2,2,1,0,0,0,2,3,3,18,10431,5,5,7,7,5,4,4,4,3,3,2,2,4,15,26,10411,5,6,6,5,3,3,3,2,1,3,2,3,4,4,23,11040,6,7,7,7,6,4,7,4,4,3,4,5,4,10,23,10725,4,8,8,9,4,4,5,4,4,3,5,4,7,5,55,11502,4,7,9,7,7,6,5,4,4,3,2,4,5,8,28,freqmine_IndirectBP
2293,56,26,92,55,75,29,35,84,42,21,32,48,102,83,114,2164,6,6,6,2,6,3,4,13,2,1,2,3,3,4,6,2149,4,2,3,2,3,3,1,14,1,1,3,4,3,4,7,2128,5,4,6,3,4,2,4,14,2,3,3,4,8,8,7,2136,2,3,5,3,3,3,3,29,1,2,2,2,5,3,7,2130,4,4,4,4,5,2,4,16,3,3,3,4,7,6,6,2107,4,0,4,2,1,1,1,12,1,0,2,2,2,4,5,2099,4,2,5,1,2,2,2,14,3,1,2,3,4,6,5,2118,2,2,4,2,3,1,3,11,6,3,2,4,3,8,6,2117,2,2,5,1,2,1,2,12,3,0,0,1,2,7,4,2128,1,0,4,1,3,0,1,12,3,0,1,1,2,1,3,2127,2,1,5,5,1,2,1,10,1,1,2,1,2,9,5,2121,1,1,4,3,5,2,3,23,3,1,3,3,6,3,3,2162,4,3,7,4,5,4,2,13,1,2,2,5,6,4,6,2178,4,6,10,4,7,5,7,45,6,3,6,5,5,4,3,2192,6,6,7,11,6,4,7,41,7,6,8,10,8,17,18,freqmine_IndirectBP
3242,705,693,727,712,688,697,697,698,687,716,673,695,726,718,725,2274,2,18,6,6,5,4,4,5,5,16,6,5,6,5,6,2249,2,11,3,5,2,2,2,2,2,26,3,3,5,7,7,2314,4,15,6,3,5,3,4,2,3,16,2,4,1,3,3,2270,5,23,2,3,2,2,2,3,2,28,1,3,2,3,3,2323,4,12,3,2,0,2,1,1,0,16,0,4,1,2,3,2256,1,11,1,1,1,2,0,1,0,17,0,3,2,1,3,2272,2,9,2,1,1,2,1,1,0,15,0,3,3,0,4,2285,6,22,4,7,3,3,2,0,1,19,0,1,1,7,7,2245,3,11,1,1,1,1,0,1,1,17,0,3,0,2,4,2286,3,11,1,1,0,2,0,0,0,11,2,4,5,2,3,2243,2,11,0,2,2,2,0,0,0,12,0,2,3,4,2,2277,5,18,1,2,1,3,2,2,1,20,1,2,3,3,5,2306,4,15,3,2,2,3,2,1,2,15,3,3,4,4,5,2292,4,43,4,4,4,5,2,3,3,44,2,3,5,3,5,2339,5,39,3,4,2,3,2,3,3,27,2,5,5,5,5,freqmine_IndirectBP
598,398,359,395,387,3253,349,384,363,377,348,361,351,388,380,387,140,5,5,6,3,1483,4,3,2,4,2,2,4,3,4,5,116,2,0,3,3,1922,1,1,2,1,0,0,2,1,4,6,140,3,2,3,2,1643,1,3,6,1,2,0,3,2,3,8,131,5,5,4,5,1672,1,1,4,0,3,3,0,2,4,3,131,4,2,2,1,2121,2,3,3,1,1,2,2,3,4,5,114,3,3,9,1,1708,1,1,4,6,4,4,1,5,7,7,133,5,5,6,4,1750,6,6,9,8,6,9,5,4,9,6,114,2,2,4,5,1632,0,2,3,2,1,0,1,5,1,2,127,1,4,3,1,1546,1,2,4,2,0,2,1,2,4,3,113,1,1,3,1,1674,2,0,4,1,0,1,0,3,2,1,115,2,1,1,2,2196,1,5,2,1,1,2,1,2,2,3,109,2,4,1,1,2444,1,2,4,1,0,1,2,3,1,2,127,4,2,6,4,2273,1,2,4,2,1,2,2,4,3,2,125,3,3,2,3,2066,4,3,3,6,3,2,2,4,9,5,127,5,2,5,4,2087,2,4,3,3,1,5,2,2,6,2,freqmine_IndirectBP
6068,1997,1982,2048,2080,2081,2079,2083,2083,2077,2046,2042,2052,2085,2031,2021,3279,7,9,8,10,7,6,6,6,9,6,3,5,4,10,7,3220,6,5,10,12,7,7,3,4,6,5,3,4,6,13,6,3304,6,5,9,12,7,11,6,9,9,8,5,4,8,11,10,3248,5,7,9,14,9,8,5,7,7,7,6,5,6,7,8,3434,5,5,7,9,8,7,4,5,9,3,5,1,6,7,5,3286,6,7,10,11,8,6,7,6,8,5,5,5,5,7,7,3285,4,5,7,10,6,7,6,6,8,5,5,4,4,8,5,3332,2,3,6,12,8,6,5,3,5,4,4,4,6,15,7,3334,7,6,9,10,10,8,7,6,8,6,7,4,6,9,6,3326,6,5,8,13,8,6,5,5,7,6,4,9,4,15,9,3384,4,5,8,11,7,5,5,5,8,5,4,4,4,11,7,3302,3,4,8,7,5,6,2,4,6,5,3,4,6,7,4,3433,2,4,7,11,7,4,4,6,6,4,4,5,4,9,5,3271,2,8,6,9,7,5,4,6,7,8,5,7,6,11,9,3381,6,7,9,11,9,9,6,9,8,6,8,6,7,16,8,freqmine_IndirectBP
5920,2053,1984,2086,2054,2104,2024,2048,2043,2049,1975,1999,2025,2046,2036,2028,3265,6,8,12,10,17,9,6,7,7,5,6,7,12,6,10,3291,6,6,8,9,13,7,6,7,6,4,5,6,8,13,9,3272,15,12,14,13,20,10,14,12,12,10,8,12,13,10,16,3187,8,7,13,8,10,8,10,9,8,6,6,8,10,10,8,3432,10,8,16,12,14,10,12,12,11,11,10,13,14,9,13,3199,5,5,10,7,8,5,8,7,7,7,4,7,8,5,7,3172,6,4,10,6,8,5,6,6,5,5,4,5,9,5,6,3164,9,9,15,13,11,7,8,9,10,6,6,10,11,12,9,3254,9,8,13,7,14,8,9,9,8,8,4,8,12,8,12,3247,7,7,12,10,12,7,7,7,7,4,4,6,10,14,7,3265,6,4,9,6,10,4,5,5,4,3,2,6,8,6,7,3264,7,7,11,8,10,7,8,7,6,5,5,6,9,6,10,3346,11,8,12,9,12,9,9,8,6,9,7,10,12,8,12,3197,11,8,16,11,16,10,11,11,10,10,10,11,13,11,12,3373,7,9,15,12,11,8,8,8,7,7,4,10,10,12,12,freqmine_IndirectBP
5832,2075,1961,2056,2052,2092,2003,2037,2047,2025,1946,1960,1982,2080,2018,2019,3152,15,13,12,11,12,13,11,12,12,11,9,10,13,14,15,3175,9,8,8,13,7,9,6,8,7,7,4,6,7,20,12,3263,9,9,10,10,9,10,8,8,10,8,7,7,9,10,11,3196,11,7,8,7,11,9,8,9,7,8,5,7,9,7,12,3362,13,9,10,9,10,10,10,10,11,9,8,8,8,10,11,3134,10,8,6,6,9,8,5,9,8,8,6,8,9,7,9,3108,10,7,9,8,11,8,9,10,12,9,8,8,10,8,10,3113,11,9,7,13,10,11,7,10,9,8,6,7,8,18,10,3075,10,8,9,6,9,9,9,8,8,7,6,8,7,11,10,3177,7,4,5,13,7,8,5,6,6,5,3,6,8,21,9,3246,9,8,6,10,7,8,8,8,6,6,4,5,8,14,9,3136,8,5,4,4,7,6,5,8,7,6,4,5,8,5,6,3325,13,11,10,9,12,11,10,10,12,10,8,10,9,14,13,3122,11,10,8,10,10,10,9,8,11,7,7,9,10,8,11,3290,13,11,9,17,12,10,9,8,12,8,9,8,10,16,13,freqmine_IndirectBP
5712,2043,1967,2071,2053,2087,2009,2044,2039,2061,1973,1977,2033,2078,2062,2040,3116,13,11,16,15,17,9,14,13,16,13,10,14,13,13,16,3107,11,6,10,11,13,6,9,11,11,9,6,12,10,9,13,3180,12,7,11,11,13,7,11,12,12,11,9,13,13,11,14,3208,10,7,10,12,11,6,9,10,12,10,8,12,11,11,13,3410,10,7,11,12,12,6,9,11,11,9,7,11,11,12,12,3133,7,4,7,10,9,3,5,6,7,5,4,7,7,8,9,3091,9,6,9,11,11,5,8,8,9,7,5,9,9,10,11,3096,13,8,12,14,15,8,13,13,13,12,10,14,13,15,17,3097,14,9,13,16,16,9,13,14,16,13,12,13,14,14,17,3150,14,12,12,15,15,10,13,14,13,12,10,13,12,14,15,3207,8,3,9,11,12,4,7,7,9,7,5,9,9,9,12,3184,10,7,10,13,12,7,9,9,10,9,7,10,11,11,13,3291,12,9,11,14,14,7,11,12,13,10,9,13,12,13,13,3146,13,8,12,13,16,9,13,12,13,13,10,12,12,11,18,3308,13,9,14,15,16,10,12,15,13,13,7,14,11,14,17,freqmine_IndirectBP
5715,2105,2059,2132,2151,2162,2098,2143,2098,2104,2029,2028,2056,2147,2130,2101,3197,12,16,15,26,13,20,20,14,13,9,11,11,14,13,15,3214,13,11,14,27,11,21,22,13,13,8,9,9,12,12,11,3223,14,12,14,28,15,20,21,12,12,7,9,9,12,11,12,3201,12,12,13,35,13,99,37,11,10,7,8,12,13,25,16,3444,10,10,12,24,11,18,19,9,8,4,5,8,9,9,10,3258,6,8,9,18,8,14,30,8,7,5,5,7,10,13,12,3192,7,7,8,16,7,16,16,12,7,3,5,6,10,10,11,3154,12,13,14,21,13,19,24,14,14,10,10,10,13,12,12,3129,11,10,12,21,12,19,20,12,12,9,9,9,12,10,10,3164,8,8,11,18,10,18,17,11,11,6,6,7,10,7,8,3186,9,8,11,20,11,14,17,12,12,7,10,7,9,9,9,3151,7,8,8,26,8,29,30,8,8,4,4,5,9,7,7,3318,13,12,16,25,15,24,25,15,17,12,11,12,15,14,16,3240,11,12,15,59,13,46,56,14,14,9,11,10,15,12,11,3352,10,9,11,43,10,39,43,12,12,6,9,7,14,12,12,freqmine_IndirectBP
20813,12744,13019,13055,12769,13230,12482,12445,12752,12650,12923,12700,12760,13824,12454,13059,7728,966,1823,981,1200,1717,993,949,1481,1276,1345,1058,1065,1908,1847,1361,7629,1078,2504,1079,994,2514,878,878,1454,1375,1455,1003,903,1483,1409,1339,7652,1057,1943,992,1024,2009,1100,1541,1448,2468,1464,956,897,1501,1125,1318,7551,1038,1577,1195,960,1694,1083,1480,1417,2194,1682,1040,821,1312,1016,1231,7715,997,1569,1119,1035,1524,1183,1324,1288,1879,1682,1013,911,1394,1114,2680,7428,981,1458,992,1355,1497,1036,1021,1189,1487,1456,1086,936,1240,895,2007,8207,946,1378,945,1701,1450,1050,961,1381,1606,1270,1051,1005,1506,919,1693,7699,1667,1255,872,1351,1238,918,979,1627,1411,1300,963,1043,1318,934,1342,7575,1424,1317,913,1190,1237,892,849,2343,1308,1290,923,984,1656,1111,1482,7541,1240,1334,1805,1136,1521,918,797,1889,1384,2456,971,856,1463,1012,1411,7653,952,1295,1339,1003,1437,1476,961,1499,1528,2167,870,975,1288,1307,1261,7539,1030,1499,1136,963,1519,1478,895,1496,1297,1784,1785,960,1329,1040,1274,7472,976,1458,1003,955,1476,1348,1030,1501,1656,1475,1368,1325,1291,948,1392,7405,959,1301,1021,1055,1265,1148,1021,1384,1595,1581,1125,1561,1231,907,1368,7507,991,1263,1015,1063,1330,1143,950,1521,1533,1592,1184,1366,2598,1036,1715,freqmine_IndirectBP
20038,13633,14909,11382,15734,11679,10968,10843,13036,15408,15853,13100,12827,14492,12325,14022,6808,1998,4094,1319,4029,1429,1013,1082,1939,4678,4899,2177,1342,3424,1450,2203,6732,2277,4889,1381,4265,1553,1024,1109,2480,5254,5382,2727,1901,3559,1832,2932,6683,2068,4727,1458,4088,1501,1053,1108,2369,4521,6165,1961,1322,3230,1420,1833,6686,2021,4140,1367,3499,1397,1018,1089,2343,4771,5997,2481,1314,2744,1468,1824,6867,2447,4449,1309,3733,1442,1057,1149,2564,4616,5921,2992,2113,3239,2592,3722,6793,2045,3685,1325,4086,1357,1015,1138,1777,4228,5880,2494,1425,3247,3276,2468,6326,2001,3705,1217,3402,1365,1011,1100,1732,5371,4500,2541,1338,3458,1685,1911,5870,1818,3420,1220,4223,1272,985,1044,2002,4288,4303,1622,1167,2355,2335,2072,5935,1602,3643,1266,3446,1346,1003,1048,2040,4454,4337,1705,1110,2371,1594,1971,7063,1909,3458,1449,3898,1364,1198,1037,2617,4400,4991,2497,1555,2929,1395,2149,7039,2105,4200,1344,3826,1388,1031,1061,2174,4395,4851,2053,1299,2688,1783,1822,6647,1896,3963,1148,3661,1425,1048,1089,2482,5091,5204,1959,1459,2757,1451,2233,6739,2055,4618,1229,3994,1344,1016,1069,2119,4717,5408,2421,1434,3631,1463,2454,6800,2008,4406,1324,3444,1340,1012,1073,2245,4975,5396,2025,1179,2673,1299,1991,7816,2597,4205,1354,4293,1525,1114,1210,2719,5630,5277,3052,1599,3597,1897,2401,freqmine_IndirectBP
30168,16209,20920,14416,20554,14278,14023,13627,15446,22591,17290,17745,17273,16185,16142,16042,11154,1791,7452,1706,6338,1309,1295,1264,2202,8074,3356,3674,2216,3030,2488,1748,9005,2116,8327,1650,6237,1270,1267,1243,2268,8118,3745,3890,2924,2900,3611,2859,9246,1713,8793,1728,6074,1286,1276,1260,2172,7418,3811,3598,1880,2690,2231,1755,9124,1610,7975,1872,5370,1285,1276,1258,1722,8249,3806,3946,2104,2144,2882,1674,9491,2073,7344,1738,5498,1310,1300,1260,1996,7746,4088,4578,4043,2807,5364,2803,8777,2727,7122,1586,6325,1304,1289,1265,2343,7408,4103,3778,2380,2609,7866,2142,11952,1822,7523,1697,5539,1284,1273,1247,1729,10204,3814,3613,2571,2703,2603,1868,8494,1663,7073,1605,6665,1310,1298,1265,1322,9058,3010,2752,2146,2090,6363,1678,8391,1663,6796,1627,5540,1284,1279,1253,1365,8235,3154,3225,1548,2244,2091,3390,12106,1784,5368,1653,6043,1304,1272,1253,1591,8136,3355,3981,2505,2413,2515,2105,10181,1620,7012,1641,5779,1271,1276,1247,1744,8045,3647,3279,2275,2447,2562,2029,8494,1625,6940,1681,5848,1290,1296,1261,2008,9841,3449,3866,2566,2435,1991,2585,9984,1844,7275,1596,6134,1289,1291,1254,1917,8773,4234,3801,2638,2515,1988,2058,9617,1640,7223,1631,5964,1295,1280,1260,1909,9193,4008,3089,2147,3229,1674,2021,13143,2330,7274,1676,6467,1291,1288,1254,2646,10168,3767,4440,2523,2920,2972,2703,freqmine_IndirectBP
23293,15189,20993,13769,15258,14680,14379,14022,14377,16149,15320,15555,16445,15565,15873,15585,8250,933,7613,869,1063,1283,1277,1253,874,1337,1368,1289,1569,1758,1697,1285,7887,1129,8872,821,1180,1252,1248,1236,992,1688,1557,1533,1861,1822,1649,1916,7806,843,9275,874,1070,1267,1256,1244,807,1408,1327,1251,1412,1418,1513,1168,7813,974,8211,867,953,1288,1274,1256,875,1191,1396,1254,1480,1165,1228,1240,8340,1898,7994,855,1189,1284,1274,1254,975,1387,1591,1515,2456,1634,1718,1728,8088,896,8136,830,1088,1282,1269,1247,820,1279,1394,1340,1519,1482,1412,1251,8760,1012,7910,884,968,1270,1258,1234,789,1213,1299,1237,1715,1374,1461,1253,7689,836,7725,842,909,1291,1278,1248,700,1135,1107,1086,1364,1119,1275,1121,7675,974,7706,906,953,1284,1277,1253,679,1147,1199,1219,1264,1289,1190,1156,8353,1082,6114,877,1077,1304,1265,1241,1028,1319,1263,1290,1658,1489,1443,1270,8245,1024,7663,836,1122,1289,1274,1245,929,1187,1325,1208,1480,1356,1484,1190,7965,1074,6994,869,1095,1282,1295,1249,854,1249,1292,1406,1544,1329,1297,1325,8093,1101,7372,879,1083,1294,1280,1251,884,1324,1557,1470,1541,1320,1395,1286,7947,990,6915,843,948,1280,1263,1242,921,1152,1221,1295,1361,1228,1187,1222,8666,1502,7667,890,1360,1282,1268,1243,1365,1624,1719,2026,1912,2027,1907,1757,freqmine_IndirectBP
25948,18446,18602,16552,17963,17289,17145,16490,17376,17260,17165,17501,17869,17672,17589,17874,8834,1364,2947,1327,1367,1559,1646,1381,1382,1268,1400,1320,1259,1525,1480,1332,8557,1535,2984,1277,1329,1697,1629,1328,1346,1505,1360,1354,1393,1395,1335,1408,8582,1064,3114,1255,1239,1558,1611,1311,1135,1337,1191,1111,1124,1150,1277,1131,8539,1308,2878,1283,1156,1616,1609,1378,1312,1104,1404,1239,1119,1085,1226,1235,9157,1423,3319,1359,1310,1564,1604,1368,1316,1223,1350,1421,1380,1294,1319,1409,9116,1245,2789,1290,1333,1513,1596,1357,1282,1159,1280,1181,1270,1261,1354,1223,8706,1181,2883,1309,1263,1557,1568,1361,1240,1230,1271,1205,1362,1232,1369,1248,8452,1268,2903,1273,1163,1531,1623,1329,1139,1132,1127,1142,1125,1065,1193,1121,8515,1354,2852,1361,1174,1561,1624,1320,1160,1096,1173,1237,1154,1150,1232,1199,8663,1436,2593,1345,1325,1635,1610,1296,1344,1194,1213,1203,1349,1290,1325,1175,8581,1293,2829,1327,1258,1615,1597,1334,1159,1070,1212,1143,1183,1217,1287,1213,8743,1465,2950,1362,1433,1624,1673,1390,1415,1309,1329,1337,1301,1322,1429,1386,8834,1348,2737,1295,1289,1645,1661,1335,1375,1194,1406,1391,1250,1156,1397,1308,8705,1326,2597,1326,1213,1564,1616,1336,1293,1132,1172,1210,1097,1134,1168,1168,8982,2006,3348,1397,1616,1590,1623,1330,2151,1579,1645,2030,1519,1715,1734,1609,freqmine_IndirectBP
666,429,408,425,428,3383,394,409,416,415,402,404,412,436,421,435,173,4,4,5,6,1546,4,8,2,2,4,2,4,6,3,6,166,3,2,2,2,1849,2,4,2,1,2,1,2,4,3,2,169,2,3,4,3,1771,4,2,0,3,0,2,1,2,3,1,180,5,8,5,6,1834,6,8,8,7,4,8,7,8,6,6,168,4,2,2,4,2148,1,2,1,3,4,3,1,1,3,3,159,5,8,5,6,1694,6,6,6,6,5,2,5,7,3,6,174,8,9,7,8,1761,7,6,8,11,9,4,7,9,9,6,165,3,3,1,2,1648,1,5,2,0,1,2,4,0,4,1,173,6,2,5,4,1551,4,4,1,5,2,1,2,2,3,2,164,4,4,1,2,1683,2,7,0,1,0,0,3,3,5,3,164,2,1,2,1,2154,1,3,2,1,0,1,2,3,5,3,166,1,3,3,2,2346,2,3,3,2,1,1,2,3,0,3,177,1,2,1,1,2115,2,4,1,3,2,3,3,2,2,5,169,2,5,4,5,1909,4,8,4,3,4,6,3,5,2,5,175,2,5,3,3,2218,3,4,1,1,2,1,3,5,1,4,freqmine_IndirectBP
17334,11907,10328,10620,11053,13951,10762,19737,11130,12133,11345,11586,12609,11661,11837,12151,5539,1013,1005,1057,935,4719,1246,9399,939,1547,957,1126,1175,1080,1086,1124,5106,1052,846,1050,894,7089,1160,9554,823,1515,913,1048,1156,999,929,1153,5189,812,892,955,789,6649,1123,8923,733,1493,806,907,955,880,904,900,5202,1068,755,994,762,5291,1154,10809,855,1309,992,923,1055,841,856,974,5595,1139,1147,1078,1002,5398,1231,10482,947,1771,961,1096,1297,993,1029,1228,5681,959,899,1100,945,5239,1290,10364,925,1876,908,1051,1246,1008,989,1156,5479,953,815,1043,856,5046,1228,10264,852,1484,993,956,1136,965,1007,1138,5333,985,773,1010,820,4613,1298,8856,782,1447,817,864,1031,876,827,1001,5350,1026,812,990,822,5050,1263,8471,821,1476,877,992,1052,885,842,935,5545,1112,869,1132,834,5238,1320,8600,851,1700,838,998,1197,964,991,1050,5522,1049,826,1068,890,5259,1201,10175,873,1479,832,913,1150,872,931,1034,5840,1245,1086,1216,997,5214,1453,9491,1057,2106,925,1203,1356,1068,1235,1281,5811,1089,921,1193,844,6622,1402,10938,883,1780,1081,1091,1300,980,1132,1095,5761,1170,821,1086,877,5773,1366,8528,867,1542,896,955,1139,920,917,1160,5775,1415,1315,1306,1109,4782,1357,10620,1382,1859,1193,1516,1504,1369,1199,1403,freqmine_IndirectBP
922,609,520,581,593,660,513,12406,567,569,498,524,551,578,612,629,332,12,12,16,16,23,10,11973,15,17,10,13,26,14,18,17,276,4,3,5,6,15,3,12261,3,7,1,3,16,4,4,6,315,7,10,9,11,24,8,10913,10,10,7,8,23,8,12,11,331,11,9,13,9,38,8,14418,15,15,8,12,36,12,13,13,308,8,6,6,13,18,9,12536,8,15,9,9,41,12,19,14,276,9,6,6,7,23,3,12503,10,9,4,6,21,6,11,13,288,2,2,3,2,13,5,12580,3,8,4,7,15,1,4,3,299,9,6,9,5,15,6,12006,9,15,5,8,29,6,8,7,302,9,5,9,7,11,4,9657,12,14,4,7,20,10,9,9,261,6,5,6,4,11,2,9973,8,11,2,6,20,8,8,7,274,7,3,4,4,9,1,12440,7,7,4,3,17,6,8,7,281,13,10,9,7,29,6,11459,11,16,7,11,29,14,19,13,308,10,8,14,8,16,7,13548,14,16,8,7,22,12,11,13,350,10,10,12,11,51,6,10040,10,15,8,10,48,15,12,9,358,18,16,16,11,37,14,11816,18,19,13,16,35,18,17,15,freqmine_IndirectBP
4691,1671,1565,1717,1593,1676,1464,3680,1461,1506,1475,1505,1575,1684,1625,1604,2374,120,67,75,82,73,48,2353,50,73,69,63,48,94,68,50,2436,117,54,51,66,78,35,2348,52,70,61,62,53,72,63,45,2477,129,77,83,79,88,53,1961,62,76,77,68,56,97,65,67,2386,126,89,76,78,88,55,2431,68,94,77,81,52,92,86,68,2487,138,90,78,89,89,65,2215,81,103,81,88,64,98,90,77,2265,109,55,54,64,64,31,2316,39,66,68,54,31,76,45,43,2203,120,73,61,87,86,39,2155,42,77,64,55,49,70,58,58,2238,114,58,77,69,66,33,2182,45,64,58,54,38,84,49,38,2246,114,59,64,63,67,30,1922,38,63,63,55,39,82,58,51,2179,102,53,53,73,77,34,1889,31,60,61,47,29,82,49,45,2194,136,62,52,61,66,35,2491,42,63,59,53,39,74,56,54,2425,119,75,67,83,89,51,2329,57,87,74,65,52,89,76,69,2352,149,90,80,88,83,58,2481,61,86,83,78,56,102,76,66,2334,133,72,69,76,77,50,1854,50,68,75,74,53,86,61,64,2522,156,82,94,93,96,71,2195,70,105,84,103,85,117,81,87,freqmine_IndirectBP
26726,17829,17606,18259,17841,18455,18237,17737,17539,17787,17527,17486,17679,17676,17758,17798,9776,1128,1139,1209,1210,1305,1307,1270,1190,1321,1153,1156,1257,1191,1257,1289,9624,1125,1130,1197,1190,1301,1332,1246,1180,1326,1150,1163,1228,1166,1237,1292,9859,1152,1173,1193,1204,1301,1341,1275,1183,1325,1163,1171,1268,1189,1249,1287,9620,1114,1125,1176,1172,1296,1285,1249,1170,1301,1128,1139,1210,1140,1234,1277,9989,1166,1181,1217,1232,1327,1346,1295,1203,1343,1178,1191,1249,1195,1260,1297,9850,1147,1156,1193,1205,1297,1355,1270,1189,1393,1155,1156,1238,1204,1251,1291,9556,1110,1112,1172,1160,1257,1268,1216,1144,1279,1116,1133,1190,1128,1183,1273,9506,1121,1114,1190,1205,1279,1305,1242,1150,1303,1127,1162,1218,1148,1213,1266,9672,1168,1155,1212,1229,1334,1377,1287,1191,1352,1184,1170,1324,1207,1270,1337,9559,1116,1130,1173,1183,1271,1307,1235,1135,1306,1139,1128,1216,1166,1191,1266,9543,1107,1101,1188,1165,1278,1302,1250,1142,1288,1148,1112,1221,1137,1214,1251,9588,1144,1138,1192,1196,1290,1346,1249,1172,1375,1179,1161,1233,1185,1242,1288,9590,1164,1136,1181,1187,1282,1302,1248,1155,1308,1161,1131,1225,1159,1223,1261,9624,1122,1129,1187,1216,1292,1314,1232,1171,1298,1153,1144,1234,1164,1221,1268,9682,1152,1155,1192,1217,1322,1366,1275,1189,1330,1170,1161,1259,1200,1252,1304,freqmine_IndirectBP
27986,19017,18872,19575,18973,19641,19458,18976,18931,18951,18872,18852,18963,19026,19004,18987,10070,1121,1127,1160,1139,1179,1185,1151,1164,1179,1144,1137,1159,1159,1160,1165,9995,1117,1127,1155,1129,1170,1181,1138,1157,1166,1137,1127,1149,1148,1152,1164,10356,1135,1140,1166,1150,1192,1201,1161,1169,1187,1155,1151,1174,1160,1178,1183,10044,1125,1132,1153,1143,1176,1180,1149,1154,1177,1142,1135,1153,1148,1159,1164,10383,1143,1150,1178,1156,1195,1203,1168,1173,1194,1157,1151,1171,1171,1178,1182,10277,1139,1140,1172,1151,1188,1198,1165,1168,1192,1158,1147,1163,1165,1176,1174,10034,1122,1125,1145,1134,1178,1182,1149,1154,1175,1143,1133,1145,1150,1155,1163,10009,1125,1128,1150,1135,1181,1187,1150,1158,1181,1143,1129,1149,1150,1157,1158,10018,1126,1127,1150,1142,1182,1186,1151,1157,1180,1147,1131,1146,1151,1160,1159,9992,1131,1130,1161,1145,1191,1195,1160,1168,1194,1159,1150,1162,1170,1172,1172,9972,1115,1114,1138,1125,1167,1173,1140,1148,1169,1137,1126,1135,1138,1149,1146,10032,1126,1125,1144,1134,1179,1188,1147,1158,1178,1141,1137,1149,1155,1154,1157,10057,1129,1129,1148,1137,1174,1182,1151,1160,1182,1149,1139,1148,1154,1163,1163,10053,1126,1126,1150,1136,1177,1180,1149,1157,1177,1146,1135,1144,1165,1157,1162,10038,1127,1128,1148,1134,1178,1184,1151,1157,1176,1139,1132,1142,1152,1157,1161,freqmine_IndirectBP
28132,19125,19015,19658,19098,19730,19662,19108,19047,19050,18952,18979,19042,19110,19113,19070,10125,1147,1164,1152,1140,1182,1172,1171,1182,1176,1140,1161,1145,1157,1175,1148,10060,1143,1156,1139,1135,1174,1170,1161,1175,1159,1135,1158,1141,1154,1167,1151,10406,1164,1178,1155,1153,1197,1187,1179,1188,1179,1149,1176,1157,1170,1184,1165,10109,1151,1167,1141,1142,1182,1173,1169,1176,1166,1135,1163,1138,1154,1168,1153,10426,1172,1186,1162,1157,1201,1191,1187,1193,1183,1153,1178,1160,1174,1181,1163,10393,1170,1182,1167,1158,1200,1184,1185,1187,1183,1152,1179,1155,1174,1181,1163,10093,1149,1160,1141,1138,1186,1168,1168,1169,1163,1134,1159,1138,1152,1161,1144,10059,1148,1160,1145,1138,1189,1172,1166,1169,1164,1134,1157,1141,1156,1163,1137,10067,1151,1160,1145,1148,1189,1169,1168,1171,1167,1139,1160,1139,1157,1167,1141,10029,1145,1162,1142,1138,1184,1165,1161,1166,1163,1136,1158,1133,1152,1161,1137,10022,1137,1147,1131,1129,1175,1161,1158,1160,1153,1128,1148,1127,1147,1155,1131,10070,1148,1157,1141,1138,1182,1176,1165,1170,1160,1137,1152,1137,1152,1160,1141,10100,1152,1156,1141,1143,1185,1167,1167,1174,1165,1141,1159,1136,1155,1168,1145,10089,1145,1153,1143,1141,1182,1171,1168,1171,1161,1138,1158,1137,1161,1164,1141,10083,1147,1154,1140,1138,1181,1175,1168,1169,1160,1136,1153,1136,1152,1164,1144,freqmine_IndirectBP
28543,19321,19219,19858,19408,20062,19855,19352,19310,19249,19103,19250,19284,19310,19385,19430,10218,1128,1147,1134,1231,1266,1259,1245,1262,1204,1143,1247,1216,1192,1246,1267,10152,1122,1144,1136,1257,1278,1295,1256,1279,1204,1133,1251,1242,1181,1224,1276,10501,1139,1164,1141,1250,1250,1278,1248,1250,1195,1150,1257,1221,1196,1239,1279,10179,1132,1159,1127,1215,1231,1214,1205,1222,1181,1136,1201,1204,1197,1173,1264,10522,1149,1167,1148,1263,1297,1288,1285,1268,1200,1158,1276,1225,1205,1239,1270,10408,1148,1157,1144,1266,1283,1266,1237,1255,1192,1151,1245,1208,1204,1225,1266,10146,1125,1143,1125,1197,1244,1215,1207,1206,1173,1134,1207,1184,1182,1192,1245,10128,1125,1148,1126,1212,1245,1230,1212,1230,1176,1133,1220,1191,1184,1197,1237,10129,1130,1147,1126,1207,1229,1254,1198,1216,1179,1136,1218,1185,1187,1179,1243,10098,1121,1140,1120,1207,1247,1233,1215,1238,1178,1132,1235,1190,1182,1214,1242,10098,1112,1139,1113,1225,1239,1234,1238,1242,1177,1123,1213,1189,1176,1217,1238,10134,1121,1147,1123,1216,1235,1223,1202,1247,1187,1128,1233,1197,1188,1232,1245,10169,1128,1148,1126,1234,1268,1260,1260,1242,1197,1132,1230,1204,1196,1213,1258,10179,1128,1145,1127,1226,1235,1230,1244,1225,1187,1134,1226,1201,1196,1201,1246,10173,1126,1155,1131,1256,1325,1275,1249,1278,1193,1133,1236,1220,1199,1227,1271,freqmine_IndirectBP
28182,19198,19063,19809,18982,19737,19548,19014,18980,18991,18991,18867,18963,19075,19203,19029,10235,1224,1268,1286,1155,1202,1206,1161,1182,1177,1249,1154,1162,1215,1346,1157,10176,1266,1282,1327,1135,1192,1200,1155,1170,1165,1258,1143,1151,1232,1342,1163,10488,1235,1283,1292,1155,1215,1214,1170,1183,1186,1243,1163,1167,1185,1354,1168,10127,1206,1237,1289,1149,1197,1202,1158,1174,1173,1205,1151,1151,1167,1337,1154,10541,1250,1277,1321,1167,1222,1224,1182,1193,1192,1261,1166,1174,1228,1349,1166,10439,1249,1267,1293,1154,1208,1219,1170,1179,1181,1246,1156,1156,1196,1351,1153,10150,1221,1237,1261,1141,1192,1200,1156,1165,1168,1191,1143,1144,1174,1330,1151,10144,1209,1233,1270,1143,1196,1203,1155,1171,1172,1198,1143,1149,1183,1332,1142,10130,1183,1253,1258,1146,1195,1203,1154,1162,1177,1215,1142,1144,1185,1334,1145,10101,1218,1254,1265,1139,1195,1198,1153,1162,1173,1242,1145,1146,1178,1328,1141,10093,1201,1239,1269,1131,1182,1192,1145,1157,1162,1235,1136,1138,1176,1328,1133,10132,1215,1243,1258,1135,1191,1203,1155,1164,1165,1193,1136,1146,1177,1327,1133,10198,1230,1280,1282,1145,1196,1198,1160,1169,1170,1252,1145,1146,1190,1336,1143,10147,1207,1260,1256,1141,1199,1197,1158,1166,1168,1223,1146,1143,1171,1331,1141,10206,1256,1276,1299,1144,1203,1207,1165,1169,1173,1282,1146,1149,1209,1349,1157,freqmine_IndirectBP
28075,19080,18968,19685,19061,19787,19571,19073,19013,19027,18938,18946,19042,19099,19073,19050,10098,1120,1144,1157,1135,1196,1195,1165,1173,1174,1146,1146,1153,1158,1155,1154,10041,1115,1140,1141,1126,1181,1190,1156,1161,1162,1135,1140,1145,1145,1147,1154,10403,1134,1161,1161,1149,1205,1207,1178,1175,1184,1157,1166,1167,1165,1166,1169,10090,1120,1145,1146,1140,1193,1189,1164,1161,1167,1142,1149,1147,1153,1151,1154,10441,1140,1165,1169,1159,1214,1208,1183,1180,1187,1161,1167,1167,1175,1173,1171,10334,1139,1159,1163,1150,1210,1205,1175,1172,1175,1156,1159,1160,1169,1168,1161,10073,1119,1144,1142,1133,1191,1189,1160,1156,1160,1139,1142,1144,1153,1149,1153,10040,1119,1144,1147,1135,1192,1191,1158,1159,1165,1139,1141,1144,1153,1149,1149,10049,1121,1141,1144,1139,1196,1194,1156,1158,1167,1143,1140,1142,1149,1153,1150,10019,1126,1149,1149,1136,1207,1199,1163,1170,1177,1159,1148,1154,1158,1162,1162,10012,1112,1135,1135,1122,1182,1185,1151,1152,1157,1138,1132,1132,1137,1144,1139,10065,1122,1143,1147,1133,1192,1195,1155,1163,1166,1146,1139,1144,1147,1151,1151,10083,1124,1141,1148,1135,1191,1194,1158,1165,1170,1149,1147,1141,1148,1150,1154,10079,1119,1141,1149,1133,1192,1195,1158,1163,1168,1149,1143,1144,1151,1150,1153,10070,1120,1137,1144,1128,1192,1197,1155,1161,1166,1142,1139,1143,1149,1150,1149,freqmine_IndirectBP
27966,19008,18897,19638,19007,19680,19566,18987,18923,18931,18856,18878,18952,19009,18987,18963,10067,1119,1138,1153,1160,1193,1172,1147,1150,1153,1143,1158,1149,1150,1144,1136,9998,1114,1132,1147,1145,1183,1170,1137,1143,1136,1132,1149,1133,1134,1134,1136,10379,1134,1152,1165,1168,1207,1187,1158,1156,1157,1152,1174,1157,1161,1156,1154,10037,1119,1144,1148,1157,1192,1177,1145,1144,1151,1139,1159,1139,1148,1138,1137,10380,1136,1158,1171,1175,1210,1197,1167,1163,1166,1158,1179,1158,1171,1157,1154,10326,1139,1151,1169,1167,1202,1191,1161,1159,1160,1155,1176,1152,1166,1153,1149,10031,1116,1131,1147,1148,1187,1171,1147,1138,1145,1134,1159,1136,1145,1130,1135,9998,1116,1134,1152,1150,1191,1176,1146,1140,1147,1136,1154,1142,1146,1132,1127,10008,1118,1133,1147,1154,1189,1177,1144,1138,1148,1139,1156,1138,1146,1136,1126,9971,1112,1129,1143,1152,1189,1170,1135,1136,1145,1139,1153,1136,1141,1130,1127,9965,1105,1125,1133,1142,1178,1161,1134,1131,1137,1131,1147,1128,1137,1125,1118,10016,1115,1132,1139,1152,1187,1172,1138,1139,1145,1137,1152,1138,1142,1130,1128,10049,1118,1132,1142,1157,1189,1173,1141,1142,1147,1141,1158,1137,1150,1135,1135,10034,1115,1132,1139,1155,1186,1170,1142,1140,1147,1142,1158,1137,1150,1134,1131,10032,1118,1135,1138,1150,1189,1170,1144,1140,1144,1139,1153,1135,1144,1136,1130,freqmine_IndirectBP
667,429,400,432,419,3588,405,418,417,410,396,399,413,441,431,443,172,2,2,3,4,1636,2,1,5,3,4,3,3,4,6,3,159,1,0,2,1,1699,0,1,0,3,2,1,1,0,1,3,176,3,3,2,1,1671,0,2,2,2,1,2,1,3,3,5,164,3,1,1,0,1687,3,3,3,3,4,1,1,3,3,4,176,2,1,2,1,2203,2,3,2,2,2,3,1,1,2,3,162,1,4,3,5,1680,2,2,1,3,2,2,3,4,3,5,166,3,5,4,4,1802,4,3,1,3,2,3,2,5,2,3,167,0,0,3,0,1641,3,1,1,4,0,1,1,3,0,5,160,2,0,1,2,1647,0,3,1,1,1,0,2,4,2,5,153,1,0,2,2,1709,1,1,1,2,1,1,0,1,2,3,157,1,1,1,2,2127,0,2,0,1,2,1,1,1,2,1,161,3,0,2,0,2486,1,1,0,2,1,2,0,3,4,4,175,5,2,4,2,2159,3,2,4,2,1,1,3,1,3,2,172,3,4,6,2,2085,2,3,4,2,4,3,3,3,3,4,179,4,1,2,3,2399,2,2,4,3,1,1,3,1,3,3,freqmine_IndirectBP
28408,19375,19263,20036,19293,20332,19732,19273,19438,19221,19298,19176,19202,19288,19234,19303,10174,1243,1233,1308,1205,1610,1259,1230,1447,1258,1316,1229,1223,1235,1189,1251,10117,1236,1231,1275,1217,1633,1254,1263,1466,1234,1351,1225,1235,1243,1193,1251,10458,1244,1232,1296,1218,1618,1250,1243,1454,1242,1370,1226,1214,1200,1180,1254,10131,1240,1184,1267,1181,1581,1231,1212,1439,1225,1311,1183,1222,1173,1153,1244,10468,1274,1236,1311,1226,1642,1270,1275,1459,1251,1328,1238,1235,1235,1180,1253,10360,1262,1221,1300,1226,1611,1248,1231,1441,1261,1381,1226,1235,1205,1167,1246,10103,1244,1176,1246,1157,1598,1229,1209,1413,1212,1341,1166,1172,1204,1145,1229,10103,1240,1219,1287,1214,1628,1264,1229,1458,1255,1394,1221,1247,1226,1178,2003,10100,1241,1181,1298,1182,1586,1285,1206,1428,1237,1346,1169,1181,1200,1149,1225,10049,1233,1200,1295,1180,1593,1240,1235,1433,1239,1324,1189,1221,1193,1151,1220,10062,1233,1184,1270,1176,1585,1228,1232,1430,1196,1360,1190,1192,1210,1156,1220,10068,1225,1175,1303,1171,1597,1238,1218,1428,1221,1271,1194,1186,1196,1155,1228,10120,1224,1209,1290,1189,1614,1243,1240,1427,1236,1379,1197,1199,1201,1165,1223,10114,1234,1193,1274,1177,1582,1237,1229,1434,1229,1344,1195,1207,1200,1158,1232,10120,1201,1208,1313,1202,1616,1272,1247,1511,1226,1347,1210,1217,1244,1178,1238,freqmine_IndirectBP
31252,22404,19481,22316,19689,20120,19789,19670,19635,19580,22354,19615,19671,19704,19655,19732,12589,3288,1091,3374,1104,1132,1112,1155,1120,1112,3702,1102,1129,1128,1137,1150,12662,3497,1079,3293,1086,1135,1111,1149,1098,1098,3818,1088,1116,1112,1126,1150,13031,3514,1089,3426,1099,1129,1113,1155,1109,1112,3655,1106,1120,1127,1143,1153,12744,3816,1084,3698,1093,1140,1110,1158,1101,1104,3669,1097,1112,1118,1124,1150,12954,3651,1100,3700,1100,1149,1123,1170,1111,1117,4175,1106,1121,1135,1136,1155,12591,3611,1090,3857,1094,1142,1118,1161,1096,1106,3895,1101,1116,1125,1129,1149,12293,3560,1078,3681,1083,1138,1107,1154,1089,1099,4086,1087,1108,1120,1121,1146,12180,3790,1082,3464,1086,1137,1109,1152,1092,1104,4203,1091,1117,1117,1122,1141,12196,3711,1077,3365,1089,1139,1110,1150,1087,1103,3896,1095,1111,1120,1119,1141,12390,3694,1095,3658,1098,1144,1107,1151,1094,1112,3973,1100,1126,1138,1139,1152,12286,3943,1074,3629,1074,1129,1099,1146,1084,1092,4025,1082,1106,1108,1119,1127,12304,3671,1081,3456,1082,1144,1114,1155,1095,1103,3872,1091,1117,1118,1120,1142,12263,3459,1084,3603,1088,1139,1111,1155,1090,1102,3975,1091,1116,1123,1131,1147,12209,3522,1071,3429,1076,1139,1106,1148,1086,1099,3967,1085,1110,1118,1127,1137,12482,3807,1080,3340,1087,1144,1117,1155,1103,1099,3906,1092,1112,1116,1127,1149,freqmine_IndirectBP
31818,22280,19653,22428,19808,20240,20014,19864,19697,19712,22127,19755,19947,19945,19981,19921,12767,3549,1092,3483,1112,1098,1101,1088,1105,1102,3409,1106,1130,1120,1127,1132,12790,3695,1079,3494,1096,1103,1097,1078,1092,1083,3499,1092,1114,1112,1122,1118,13049,3616,1095,3334,1113,1107,1107,1092,1107,1104,3459,1116,1124,1120,1133,1134,13108,3711,1091,3372,1107,1106,1102,1088,1095,1091,3394,1099,1114,1117,1123,1120,13494,3973,1104,3552,1118,1120,1120,1101,1109,1103,3745,1107,1128,1130,1133,1131,13719,3856,1092,3563,1107,1108,1107,1088,1098,1092,3797,1100,1113,1121,1127,1119,13231,3616,1085,3512,1099,1107,1103,1083,1096,1089,3647,1096,1109,1109,1117,1118,13033,3784,1087,3439,1101,1107,1104,1083,1098,1092,3483,1097,1114,1113,1119,1115,12738,3558,1081,3573,1107,1111,1104,1079,1096,1093,3535,1094,1106,1111,1121,1110,12679,3560,1096,3514,1126,1114,1110,1083,1116,1112,3642,1121,1128,1137,1136,1140,12672,3704,1076,3765,1096,1101,1094,1075,1088,1082,3809,1090,1100,1105,1115,1109,12703,4081,1082,3871,1106,1112,1111,1080,1096,1091,3940,1095,1111,1114,1118,1112,13078,3733,1085,3895,1109,1119,1107,1087,1100,1095,3853,1099,1117,1126,1123,1121,13141,3778,1079,3954,1108,1114,1106,1085,1100,1091,3771,1101,1111,1123,1119,1111,13214,3591,1083,3738,1099,1108,1106,1085,1095,1084,3461,1094,1110,1113,1116,1113,freqmine_IndirectBP
31649,21460,19244,22789,19306,19714,19486,19337,19375,19367,21540,19213,19259,19449,19488,19582,12862,2960,1108,3661,1101,1110,1094,1108,1103,1104,2974,1089,1124,1119,1127,1133,12504,2861,1090,3733,1085,1113,1092,1093,1089,1086,2809,1074,1112,1103,1117,1118,12573,2847,1118,3650,1115,1120,1106,1112,1110,1112,2885,1100,1130,1125,1141,1140,12577,2734,1102,3412,1096,1114,1099,1101,1092,1091,2855,1084,1115,1108,1123,1121,12792,3062,1110,3725,1106,1132,1112,1111,1105,1107,2869,1095,1128,1127,1136,1128,12715,2950,1099,3679,1098,1125,1103,1108,1094,1098,2840,1088,1118,1115,1129,1124,12838,3020,1091,3863,1091,1126,1098,1103,1087,1090,2950,1076,1112,1110,1118,1119,12927,2916,1093,3641,1091,1122,1098,1098,1085,1092,3296,1074,1114,1110,1116,1112,12707,3106,1088,3547,1095,1120,1097,1100,1083,1095,3040,1077,1113,1109,1120,1113,12225,3177,1105,3593,1106,1127,1098,1106,1093,1104,3075,1086,1120,1120,1128,1128,12131,2899,1085,3454,1080,1115,1087,1094,1077,1080,2945,1069,1103,1098,1113,1103,12225,2897,1092,3552,1085,1118,1096,1097,1086,1086,2980,1070,1107,1107,1112,1108,12218,3065,1095,3636,1089,1120,1093,1100,1086,1090,3259,1075,1116,1114,1122,1116,12385,2931,1090,3969,1087,1117,1095,1097,1083,1088,3090,1078,1111,1111,1117,1113,12887,3098,1089,4117,1083,1115,1097,1098,1087,1087,3319,1075,1108,1107,1118,1112,freqmine_IndirectBP
26590,17724,18893,21302,19070,19618,19591,19530,19307,20205,17248,19035,19456,19245,19631,19256,8914,134,1555,4095,1802,2350,2438,2171,2061,2903,159,1875,1904,1797,2205,1882,8739,99,1531,3388,1547,2386,2522,2179,2093,2687,68,1674,1889,1658,2235,1887,8721,95,1470,3344,1625,2292,2703,2138,2181,2692,79,1724,1972,1716,2384,1786,8710,79,1489,3516,1774,2202,2250,2272,2058,2677,53,1586,1850,1829,2157,1870,8767,104,1502,3684,1679,2324,2219,2478,2175,2739,92,1680,1856,1810,2236,1828,8669,78,1498,3715,1638,2107,2268,2217,2119,2654,62,1689,1777,1910,2419,1825,8679,84,1550,3493,1706,2111,2394,2144,2109,2614,69,1592,1827,1830,2357,1798,8608,81,1510,3515,1664,2074,2350,2000,2010,2535,60,1602,1848,1855,2415,1795,8684,77,1514,3709,1699,2139,2252,2119,2197,2668,61,1674,1766,1932,2312,1741,8660,136,1486,3522,1687,2300,2387,2119,2112,2766,93,1733,1862,1833,2078,1737,8660,65,1465,3541,1620,2229,2241,2295,2008,2748,49,1652,1904,1700,2269,1682,8749,114,1444,3627,1722,2101,2283,2169,2072,2647,60,1693,1918,1855,2489,1822,8814,90,1533,3361,1656,2329,2369,2172,2156,2716,69,1664,1839,1716,2414,1796,8735,132,1516,3369,1644,2226,2203,2368,1978,2613,64,1681,1689,1668,2086,1748,8794,128,1537,3717,1692,2322,2287,2406,2029,2780,69,1737,1841,1609,2177,1751,freqmine_IndirectBP
26546,17657,21558,17557,22093,17603,19590,21085,21261,21165,17229,21262,21173,21303,21405,21187,8849,37,4098,108,4773,43,2371,3972,4090,4324,58,3911,4187,3798,3695,3453,8750,47,4099,116,4487,55,2382,3980,4159,4345,63,4161,4180,3984,3749,3795,8810,82,4082,135,4294,78,2465,3951,4015,4019,105,4381,4209,4099,3738,3842,8763,45,4088,92,4177,51,2553,4061,4153,3955,62,4366,4281,3826,4093,4068,8860,76,4435,157,4551,78,2206,4025,4270,4307,85,4368,4094,4162,4022,3978,8629,56,4099,116,4265,58,2270,3818,4299,4260,74,4240,3981,4306,3871,4007,8564,44,4125,95,4308,59,2334,3720,4141,4030,71,3876,4115,4048,3946,4335,8606,49,3932,96,4312,55,2371,3493,4176,3735,78,3754,3947,3975,4191,3987,8620,49,4006,101,4487,54,2533,3449,3979,3717,70,4047,4033,4482,3999,3878,8626,39,3877,98,4601,46,2481,3496,4328,3911,70,4029,3929,4077,3989,3837,8592,37,3811,79,4397,43,2365,3607,4144,4032,62,3927,3998,4030,3548,3645,8637,43,3970,95,4707,49,2662,3789,3853,4160,69,3995,4002,3941,3955,3814,8650,45,3674,114,4165,51,2490,3614,3721,3895,63,3962,3858,4026,4032,3659,8785,45,3921,104,4349,50,2408,3713,3893,3767,72,4061,4045,4122,4374,4013,8713,48,4034,117,4614,56,2379,3872,3923,4008,83,4184,3881,4032,4284,3857,freqmine_IndirectBP
22382,15027,18344,14992,19170,14830,14959,14902,18915,17661,14951,19423,19244,19300,19567,19199,7540,36,3528,52,4340,40,36,72,4084,3043,34,4480,4094,4478,4584,4005,7410,43,3618,59,4507,40,46,75,3976,3215,47,4148,4278,3961,4346,4090,7522,44,3654,55,4545,46,39,77,4385,3510,40,4076,4302,4082,4488,4358,7451,42,3656,68,4029,40,48,68,4240,3252,47,4307,4389,4258,4250,4548,7443,40,3777,60,4406,40,42,72,4136,3491,42,4713,4753,4104,4445,4724,7527,58,3862,81,4817,61,61,118,4679,3558,60,4870,4627,4442,4551,4673,7499,82,3782,100,4673,73,82,107,4433,3317,75,4699,4471,4269,4219,4429,7393,47,3765,54,4460,43,49,61,4460,3113,52,4454,4252,4286,4745,4421,7368,45,3678,56,4452,44,55,70,4462,2933,55,4232,4138,4377,4372,4328,7512,45,3774,60,4599,44,44,69,4350,3099,45,4354,4222,4717,4562,4395,7463,30,3523,39,4243,29,36,55,4355,3116,41,4455,4195,4430,4586,4153,7414,34,3506,66,4116,38,49,63,4573,3293,44,4513,4444,4307,4391,4110,7469,41,3533,53,4281,42,47,75,4069,3145,47,4205,4020,4147,4435,4117,7425,37,3441,77,4153,32,46,58,3936,3257,44,4377,4097,4207,4543,4069,7494,45,3618,72,4130,40,47,69,3965,3241,42,4584,4554,4302,4604,4453,freqmine_IndirectBP
8505,5368,5212,5258,5729,5363,5232,5300,5868,5281,5146,7989,7624,7638,6409,7611,3056,50,81,56,590,63,55,53,588,85,58,2618,2279,2375,1150,1923,2990,70,71,75,592,77,70,65,567,91,72,2741,2158,2509,1118,1998,3020,55,83,49,659,59,61,55,547,69,54,2472,2138,2418,983,2031,3030,61,74,60,677,68,58,67,820,73,51,2603,2287,2381,1041,2180,3070,66,85,64,604,66,66,64,666,87,53,2543,2298,2591,1053,2267,2996,50,58,48,593,54,46,54,744,64,47,2760,2339,2432,1138,2486,3028,50,64,47,676,62,53,53,643,68,57,2563,2407,2550,1027,2528,3076,60,75,59,624,65,66,62,527,71,55,2683,2690,2271,1007,2526,3057,72,118,78,593,81,75,81,650,88,66,2596,2346,2373,1049,2345,2948,44,59,49,678,59,51,48,613,78,48,2708,2357,2319,953,2108,3051,65,85,66,667,87,71,75,718,93,65,2560,2110,2680,1136,2456,3094,56,77,58,539,65,63,60,630,72,59,2816,2149,2598,1021,2340,3079,69,78,63,629,72,61,65,722,77,62,2589,2247,2398,1135,2250,3073,57,67,57,644,64,53,52,616,72,54,2521,2007,2314,1003,2119,3085,71,100,74,642,86,75,72,706,97,70,2751,2250,2416,1177,2217,freqmine_IndirectBP
5867,3422,3378,3482,3590,3373,3266,3386,3409,3476,3309,3287,3292,3278,3400,3308,2645,246,274,268,271,260,214,260,274,304,279,292,286,297,280,369,2575,267,249,237,284,234,186,272,296,278,258,289,276,298,279,297,2597,304,261,247,256,263,268,264,289,305,280,320,313,296,303,300,2661,260,309,288,252,245,234,322,289,313,282,372,329,307,327,329,2603,231,344,251,276,249,233,282,332,290,288,270,290,291,323,303,2583,267,269,257,262,238,213,277,268,268,274,270,306,291,314,349,2511,217,323,220,251,330,215,254,236,230,268,237,248,289,310,271,2541,223,261,231,253,283,272,240,246,261,272,304,264,268,294,266,2614,250,248,227,297,269,235,260,265,236,275,330,267,292,288,260,2481,246,300,215,302,275,250,273,248,283,224,277,281,421,282,300,2597,252,271,229,272,225,278,267,257,298,247,286,302,312,314,268,2529,268,269,225,269,262,216,270,252,294,238,308,266,317,312,265,2456,233,281,221,310,276,219,405,253,300,274,294,288,287,286,286,2539,275,264,251,299,298,253,259,287,337,269,319,361,341,322,298,2485,246,280,212,275,251,235,240,289,287,300,340,292,319,303,255,freqmine_IndirectBP
7348,5167,5056,5178,5239,5360,4835,5129,4991,4967,5114,4789,4848,5091,5121,5097,3366,1399,1525,1610,1511,1607,1389,1571,1382,1464,1593,1369,1352,1571,1680,1616,3198,1368,1348,1468,1397,1530,1354,1438,1439,1319,1508,1260,1314,1452,1564,1518,3222,1473,1461,1385,1451,1621,1332,1569,1355,1429,1576,1242,1351,1441,1491,1558,3230,1504,1479,1468,1428,1600,1430,1589,1395,1440,1634,1254,1376,1451,1499,1499,3310,1455,1386,1417,1493,1553,1345,1440,1363,1346,1614,1273,1307,1397,1519,1498,3241,1409,1405,1383,1500,1619,1354,1443,1463,1362,1467,1330,1284,1433,1525,1497,3318,1474,1515,1437,1498,1558,1363,1400,1419,1432,1444,1272,1348,1483,1500,1623,3209,1408,1365,1479,1482,1671,1393,1500,1398,1348,1448,1228,1305,1419,1521,1463,3237,1415,1363,1430,1488,1665,1315,1507,1356,1411,1483,1311,1463,1509,1518,1500,3197,1567,1413,1549,1594,1728,1523,1510,1422,1448,1627,1339,1428,1453,1642,1618,3165,1399,1380,1470,1493,1452,1380,1457,1373,1369,1578,1286,1416,1419,1547,1507,3290,1472,1442,1562,1624,1494,1453,1522,1399,1365,1525,1338,1325,1496,1543,1574,3276,1505,1455,1411,1691,1561,1499,1543,1397,1474,1575,1319,1459,1517,1647,1490,3226,1457,1370,1377,1560,1616,1408,1458,1402,1345,1511,1315,1382,1418,1453,1410,3175,1406,1437,1524,1474,1744,1377,1494,1408,1440,1573,1389,1423,1413,1488,1467,freqmine_IndirectBP
800,503,462,482,494,3396,458,462,505,479,456,450,480,497,519,502,239,4,5,7,5,1523,5,5,17,10,6,5,5,7,6,7,218,3,3,2,3,1832,2,2,20,3,5,3,4,6,3,5,228,2,1,3,3,1659,3,3,16,2,3,3,6,2,1,1,235,6,5,4,6,1569,3,5,37,5,9,9,6,7,7,5,229,1,1,1,1,2171,3,1,15,1,2,1,7,3,5,5,215,5,4,4,6,1659,3,5,24,5,6,5,5,6,4,6,219,4,5,5,7,1708,4,7,28,3,7,7,7,8,8,7,223,6,3,2,5,1595,1,3,11,1,6,5,4,6,8,4,228,3,3,2,1,1565,2,2,21,5,6,5,3,4,6,6,215,3,3,4,4,1625,3,3,20,5,7,5,4,5,5,6,212,2,2,4,3,2183,3,2,15,2,3,3,4,3,2,2,226,3,4,4,3,2464,2,3,24,1,4,4,5,3,4,3,235,3,1,1,3,2117,2,4,14,1,3,2,4,8,4,7,248,3,3,1,4,1948,3,1,50,5,3,3,6,5,5,6,238,3,4,3,3,2264,4,2,25,4,6,4,5,9,6,7,freqmine_IndirectBP
4336,3447,3279,3406,3635,2797,3253,3447,3327,3252,3516,2816,2976,3260,3083,2885,2149,1276,1355,1566,1626,810,1387,1510,1402,1455,1753,1037,1087,1453,1183,940,1983,1345,1363,1542,1571,843,1398,1438,1423,1252,1678,995,1137,1263,1006,941,2033,1294,1396,1617,1541,850,1353,1425,1529,1406,1808,1071,1152,1234,1039,968,1974,1361,1485,1710,1523,915,1398,1486,1431,1398,1883,1057,1091,1337,958,1028,2012,1369,1373,1558,1517,847,1312,1483,1358,1403,1559,1024,1041,1344,937,942,2082,1320,1388,1486,1620,892,1399,1537,1481,1346,1684,1028,1018,1422,1042,892,2037,1278,1350,1419,1446,879,1247,1581,1375,1356,1684,1024,1116,1343,1060,947,2114,1314,1335,1576,1621,861,1374,1613,1421,1324,1630,1016,1095,1378,968,893,2124,1224,1398,1518,1579,818,1322,1527,1332,1412,1601,1091,1064,1389,1050,873,2056,1352,1406,1736,1704,850,1423,1532,1458,1409,1661,1047,1039,1345,1086,891,1939,1325,1351,1605,1544,745,1294,1559,1483,1367,1572,1040,1105,1252,1055,924,2083,1382,1389,1604,1664,811,1417,1590,1522,1352,1701,1064,1049,1269,1070,1021,2106,1193,1406,1584,1611,796,1419,1544,1289,1531,1693,1133,1125,1313,1030,986,2082,1317,1380,1489,1636,837,1380,1504,1393,1417,1671,1120,1147,1285,961,920,2034,1359,1443,1347,1558,868,1354,1686,1400,1498,1654,1143,1189,1392,994,1016,freqmine_IndirectBP
3004,1301,2657,2894,1756,2828,1542,1769,1478,1953,2710,2551,1605,1199,2377,1496,1681,134,1574,1775,577,1660,455,607,355,961,1719,1578,643,147,1311,351,1634,109,1440,1646,600,1672,483,573,416,818,1575,1584,617,88,1307,309,1672,76,1500,1671,573,1561,468,518,327,908,1582,1517,675,106,1278,306,1580,75,1512,1736,574,1497,509,590,348,945,1622,1464,630,70,1175,319,1663,104,1379,1539,577,1528,479,585,320,903,1622,1564,613,100,1214,323,1638,63,1441,1593,536,1560,516,580,356,924,1634,1525,594,81,1361,296,1723,55,1420,1489,542,1547,457,586,317,896,1595,1489,626,95,1283,311,1645,83,1507,1681,582,1731,460,583,337,846,1617,1575,618,65,1217,314,1723,92,1545,1628,509,1703,477,572,313,897,1776,1587,642,147,1328,353,1637,97,1628,1875,552,1721,506,581,339,896,1763,1551,635,86,1441,338,1614,63,1677,1789,489,1628,463,592,323,804,1646,1511,648,79,1427,316,1656,97,1738,1672,613,1614,452,651,369,849,1639,1450,687,82,1344,332,1630,81,1525,1621,606,1586,504,575,329,930,1595,1483,679,101,1305,362,1675,81,1544,1587,592,1652,567,604,385,895,1631,1609,681,101,1245,356,1629,126,1582,1622,617,1564,479,703,406,978,1579,1572,686,172,1254,382,freqmine_IndirectBP
3348,1354,1661,2601,1108,2420,1860,1604,1113,2497,2066,988,1092,1128,2393,2317,2061,188,690,1433,89,1338,867,568,92,1720,1195,110,174,94,1394,1301,1980,197,589,1460,61,1405,863,493,81,1688,1154,107,172,66,1301,1239,2036,163,629,1447,52,1448,882,562,55,1745,1093,93,116,47,1275,1258,1981,171,656,1476,57,1503,944,566,69,1657,1034,84,119,52,1184,1255,1969,173,695,1387,45,1404,924,574,60,1663,1104,90,121,65,1208,1249,2009,161,653,1388,56,1561,904,591,58,1672,1124,82,111,42,1312,1157,2008,177,638,1285,35,1460,877,611,37,1661,1097,86,126,59,1217,1266,2080,208,575,1443,34,1504,816,640,50,1589,1104,68,91,44,1212,1245,2129,206,661,1406,51,1520,829,677,47,1665,1090,121,135,82,1274,1312,2202,228,670,1464,43,1610,912,649,66,1636,1131,77,118,71,1274,1324,2113,178,654,1402,27,1423,800,588,50,1675,1121,72,161,36,1225,1261,2184,195,747,1459,127,1483,897,591,73,1590,1235,131,124,49,1234,1256,2010,161,640,1337,65,1406,944,570,81,1657,1138,90,160,76,1181,1259,2033,205,623,1429,89,1564,920,574,80,1555,1064,97,122,59,1111,1198,2040,194,716,1502,118,1470,906,581,103,1643,1218,104,143,97,1229,1263,freqmine_IndirectBP
2450,2599,785,865,1253,863,2372,1635,1494,2361,2615,741,773,2142,929,880,1598,1629,97,77,392,61,1618,884,690,1712,2011,84,84,1382,91,67,1486,1584,43,57,359,45,1649,745,594,1468,1808,57,78,1237,57,38,1499,1454,65,45,392,49,1567,739,557,1422,1820,58,51,1290,43,43,1497,1523,67,51,425,55,1689,865,627,1591,1774,48,52,1356,46,54,1555,1453,47,46,384,33,1565,852,591,1609,1672,45,51,1292,35,47,1488,1573,51,60,427,58,1629,884,696,1577,1792,44,41,1351,50,53,1550,1571,40,37,375,40,1670,858,655,1598,1722,48,75,1385,40,39,1556,1702,30,75,400,59,1623,817,618,1717,1697,25,50,1365,38,36,1581,1719,115,73,420,72,1522,831,701,1663,1786,62,80,1397,61,55,1533,1816,66,74,427,64,1720,925,703,1677,1972,55,71,1311,56,47,1507,1573,37,29,361,33,1475,778,651,1594,1842,35,57,1173,41,32,1585,1612,94,56,442,88,1696,868,724,1687,1878,106,96,1286,69,55,1597,1580,45,50,451,48,1759,742,644,1767,1753,74,75,1215,55,46,1619,1511,46,46,405,59,1675,760,627,1580,1712,54,40,1163,36,52,1554,1584,59,52,381,60,1650,780,640,1651,1856,75,70,1218,45,61,freqmine_IndirectBP
3211,2351,906,2361,2587,992,2407,2486,1850,2620,2437,860,942,2691,1092,1353,2034,1255,94,1381,1488,69,1575,1615,991,1800,1745,70,88,1854,103,383,1899,1233,41,1296,1416,35,1613,1450,1037,1591,1501,48,85,1623,70,310,2057,1250,47,1350,1419,45,1545,1381,1090,1718,1601,43,49,1640,61,342,2114,1164,48,1319,1401,56,1608,1376,1114,1666,1668,46,66,1685,70,347,1931,1234,51,1303,1416,41,1476,1504,1047,1527,1556,46,48,1513,53,357,1925,1235,42,1327,1476,48,1500,1500,1087,1579,1601,53,41,1652,55,339,1965,1200,43,1310,1393,45,1513,1429,1041,1525,1533,51,41,1585,48,353,1875,1259,47,1323,1565,47,1629,1413,1066,1599,1594,30,39,1697,46,357,2069,1261,69,1378,1528,64,1530,1307,1031,1663,1542,67,64,1652,77,389,2002,1314,52,1538,1528,64,1678,1573,1051,1751,1640,37,52,1886,63,396,1984,1249,35,1386,1415,33,1540,1449,1019,1594,1552,22,49,1710,36,348,2054,1356,72,1378,1554,97,1696,1601,1025,1628,1699,80,94,1772,76,421,2104,1281,51,1391,1495,51,1695,1420,966,1845,1718,66,71,1705,77,445,2165,1293,37,1369,1524,39,1547,1416,1022,1698,1631,44,37,1555,48,384,2015,1277,82,1272,1510,73,1688,1410,1078,1757,1697,80,81,1717,78,383,freqmine_IndirectBP
3423,2998,1099,2720,2563,2156,2528,2725,2624,2646,2347,1207,1152,2553,1239,2807,2278,1691,103,1525,1473,1022,1537,1694,1559,1675,1389,234,97,1439,131,1695,2186,1548,55,1378,1315,1021,1434,1566,1542,1423,1227,220,63,1260,68,1666,2231,1478,72,1492,1358,936,1401,1492,1494,1594,1283,259,60,1293,55,1716,2191,1586,68,1493,1405,985,1525,1605,1574,1610,1342,244,63,1342,54,1704,2132,1519,57,1490,1415,1003,1458,1704,1542,1495,1295,241,52,1311,47,1681,2062,1601,48,1500,1438,993,1468,1660,1658,1542,1278,250,44,1336,66,1690,2259,1647,57,1475,1446,1018,1488,1665,1495,1435,1288,231,53,1416,45,1702,2121,1752,44,1463,1502,994,1500,1693,1565,1506,1349,269,46,1346,55,1655,2230,1646,78,1464,1369,1035,1451,1647,1531,1534,1311,231,62,1445,93,1677,2133,1705,53,1590,1476,1055,1551,1642,1630,1557,1312,224,55,1406,73,1666,2180,1629,53,1591,1509,967,1324,1628,1528,1544,1414,221,65,1361,47,1556,2145,1713,76,1636,1512,1093,1467,1749,1593,1584,1450,230,81,1425,67,1759,2262,1647,64,1604,1594,974,1574,1722,1445,1602,1469,247,101,1296,74,1735,2183,1653,54,1479,1527,1064,1435,1627,1465,1507,1308,205,49,1381,53,1778,2146,1783,83,1470,1487,1084,1578,1622,1567,1599,1448,229,88,1458,86,1880,freqmine_IndirectBP
4162,3765,1536,3786,3260,3517,3005,3703,3453,3255,3228,2986,3169,2035,1738,3381,2659,1949,126,2087,1550,1746,1580,1963,1787,1785,1770,1753,1673,416,152,1802,2419,1712,63,1768,1451,1745,1464,1854,1694,1627,1466,1447,1516,320,71,1561,2453,1828,99,1754,1479,1860,1491,1809,1762,1722,1469,1567,1641,382,101,1648,2412,1833,65,1889,1529,1835,1640,1651,1681,1684,1550,1526,1628,377,105,1701,2394,1894,80,1887,1554,1768,1621,1817,1682,1852,1677,1700,1635,351,86,1782,2337,1950,63,1927,1561,1895,1687,1768,1797,1869,1552,1731,1734,333,91,1730,2441,1911,83,1876,1552,1776,1630,1763,1757,1935,1668,1692,1747,338,81,1762,2389,1977,68,1860,1564,1781,1775,1880,1727,1863,1686,1547,1605,347,82,1730,2548,1785,86,1941,1460,1787,1616,1798,1815,1803,1739,1587,1561,397,115,1830,2393,2053,76,2083,1486,2019,1698,1800,1814,1860,1739,1542,1735,341,110,1798,2291,1923,82,2077,1504,1849,1539,1789,1797,1801,1640,1561,1636,323,72,1816,2460,2093,103,2154,1608,2119,1706,1952,2070,1806,1711,1678,1633,289,84,1805,2375,1869,58,1825,1565,1855,1677,1929,1693,1967,1702,1542,1672,345,85,1694,2440,1779,54,1980,1471,1881,1531,1856,1643,1739,1556,1578,1372,326,69,1688,2390,2031,97,2170,1534,1799,1630,1965,1746,1855,1719,1709,1753,373,109,1812,freqmine_IndirectBP
4057,3165,1539,3456,3256,3150,3113,3212,3463,3413,3329,2971,3060,1821,2400,3182,2380,1532,126,1697,1543,1489,1658,1538,1843,1808,1888,1545,1604,315,815,1628,2306,1429,61,1505,1441,1467,1546,1393,1797,1507,1543,1294,1446,245,668,1442,2299,1358,85,1728,1474,1428,1510,1423,1813,1654,1679,1448,1569,276,774,1532,2226,1431,85,1666,1425,1500,1497,1477,1748,1612,1736,1407,1442,280,719,1479,2435,1449,89,1596,1640,1491,1553,1457,1834,1636,1663,1473,1432,276,782,1427,2259,1388,69,1632,1650,1462,1510,1444,1828,1571,1568,1430,1446,258,811,1502,2215,1468,90,1695,1565,1457,1500,1477,1717,1680,1647,1358,1504,233,812,1563,2290,1580,83,1701,1729,1494,1607,1611,1794,1710,1586,1415,1462,263,768,1544,2403,1470,95,1646,1549,1462,1514,1527,1806,1832,1733,1532,1542,261,795,1562,2710,1572,93,1814,1575,1611,1569,1558,1862,1838,1814,1459,1649,292,826,1533,2250,1512,91,1623,1507,1484,1545,1590,1778,1705,1702,1470,1637,260,778,1580,2203,1663,92,1772,1560,1643,1605,1722,1734,1744,1915,1606,1543,266,805,1709,2287,1530,72,1646,1617,1538,1696,1612,1690,1850,1799,1551,1554,248,785,1768,2367,1465,62,1548,1594,1593,1656,1529,1789,1599,1653,1445,1505,246,802,1698,2317,1502,101,1711,1737,1608,1682,1502,1841,1850,1860,1566,1641,265,859,1679,freqmine_IndirectBP
3467,3163,1630,3348,3073,1749,2913,3328,2993,3212,3009,2984,3140,3079,3054,3171,1782,1464,184,1676,1449,192,1425,1686,1520,1762,1551,1587,1670,1656,1500,1533,1587,1328,74,1532,1364,123,1341,1485,1449,1553,1474,1395,1418,1436,1329,1388,1744,1470,126,1610,1349,165,1352,1563,1468,1646,1566,1593,1515,1582,1304,1467,1639,1455,126,1682,1332,161,1413,1551,1506,1625,1453,1481,1480,1548,1327,1473,1594,1436,121,1630,1280,148,1473,1634,1546,1585,1513,1479,1437,1554,1239,1462,1496,1436,131,1620,1324,152,1462,1733,1680,1586,1542,1518,1518,1569,1336,1462,1591,1401,130,1635,1352,162,1432,1774,1628,1593,1570,1462,1560,1620,1299,1512,1667,1466,123,1699,1349,164,1478,1744,1512,1571,1522,1397,1569,1593,1311,1485,1684,1459,158,1646,1270,194,1452,1708,1533,1587,1593,1647,1603,1492,1441,1529,1698,1474,120,1701,1354,170,1552,1583,1568,1614,1622,1579,1548,1567,1503,1539,1720,1404,132,1677,1250,136,1508,1644,1604,1639,1681,1494,1636,1600,1455,1521,1812,1379,152,1806,1350,166,1565,1687,1804,1628,1766,1592,1607,1797,1455,1614,1693,1366,91,1671,1439,158,1612,1607,1617,1576,1619,1582,1600,1701,1409,1600,1836,1519,101,1632,1381,154,1597,1638,1572,1587,1597,1594,1552,1499,1350,1518,1792,1444,148,1725,1487,181,1656,1706,1616,1836,1714,1636,1706,1588,1434,1547,freqmine_IndirectBP
3908,1600,3047,1956,1519,1724,2915,2932,2977,2360,3037,2193,2919,3074,1502,2034,2279,127,1764,532,133,346,1540,1511,1538,1058,1657,914,1625,1746,137,590,2211,91,1543,439,96,270,1645,1424,1589,974,1428,845,1495,1446,69,552,2264,106,1580,498,109,332,1581,1467,1478,999,1533,915,1466,1565,90,545,2138,105,1576,486,116,318,1584,1561,1470,949,1714,848,1552,1467,92,542,2171,107,1582,495,95,276,1593,1469,1405,994,1699,869,1471,1485,81,567,2206,105,1698,445,111,270,1622,1544,1644,925,1580,814,1666,1666,88,581,2339,116,1649,434,111,280,1633,1525,1500,1008,1639,843,1591,1644,94,603,2346,118,1563,497,116,283,1613,1496,1472,964,1642,832,1547,1578,94,541,2271,129,1581,471,114,323,1540,1441,1455,985,1581,990,1574,1603,106,607,2294,127,1574,516,129,313,1598,1578,1606,958,1726,955,1642,1501,90,604,2228,89,1632,512,99,299,1555,1447,1595,1076,1716,966,1659,1557,70,583,2305,127,1716,540,125,356,1626,1474,1716,1082,1686,990,1641,1615,95,575,2279,112,1693,484,102,340,1639,1527,1692,1035,1771,907,1687,1505,97,617,2415,83,1605,506,89,342,1612,1506,1654,933,1656,948,1680,1434,62,589,2382,133,1776,548,140,326,1618,1742,1657,1129,1833,1027,1733,1679,94,666,freqmine_IndirectBP
655,433,400,431,428,3584,403,417,428,420,387,402,392,432,442,423,168,4,3,2,5,1586,2,3,5,2,4,3,5,4,6,2,153,4,1,3,1,1919,0,1,1,4,0,0,2,2,4,3,170,5,1,2,2,1675,1,1,1,2,2,1,2,6,5,4,170,3,4,2,3,1665,1,1,4,3,1,2,4,3,7,5,168,3,2,2,5,2115,2,2,0,4,3,1,0,0,2,2,158,5,2,2,3,1782,2,2,3,2,5,1,1,5,4,1,167,6,5,6,5,1759,3,3,2,5,5,1,2,1,4,4,174,6,5,8,11,1646,7,4,2,4,1,2,3,1,11,6,163,5,1,4,4,1586,2,2,2,2,1,1,3,4,5,2,147,5,1,2,1,1592,1,2,0,1,0,0,4,4,3,2,153,5,1,0,1,2273,0,2,1,1,0,1,1,3,6,3,151,4,3,3,4,2504,2,2,4,3,3,1,2,5,3,1,170,4,5,4,3,2224,1,0,1,4,2,3,3,1,3,2,174,8,3,4,5,2108,3,4,6,5,4,5,3,6,9,3,164,5,3,5,3,2326,1,6,3,3,0,2,2,3,3,0,freqmine_IndirectBP
4056,1570,2615,2695,1466,2432,2740,3176,2861,2678,2962,2409,2959,3057,1523,2883,2423,95,1374,1270,108,923,1470,1624,1520,1378,1688,1177,1491,1679,104,1453,2187,85,1158,1138,72,864,1437,1510,1517,1274,1589,1137,1424,1509,71,1396,2285,74,1136,1218,87,823,1418,1524,1459,1274,1609,1151,1547,1494,66,1285,2193,86,1160,1195,84,903,1503,1560,1442,1267,1611,1141,1485,1465,77,1349,2199,73,1214,1128,73,957,1406,1540,1376,1226,1592,1160,1414,1511,71,1331,2317,82,1298,1205,91,971,1425,1532,1467,1269,1585,1083,1486,1543,75,1394,2361,81,1328,1195,85,863,1416,1578,1429,1258,1678,1117,1478,1616,67,1502,2381,93,1312,1170,97,909,1361,1731,1547,1263,1583,1099,1562,1555,83,1379,2353,93,1373,1211,93,952,1398,1619,1462,1247,1591,1220,1605,1575,77,1341,2364,110,1372,1237,99,989,1515,1796,1569,1298,1877,1251,1648,1658,94,1474,2309,70,1368,1237,65,968,1484,1666,1473,1337,1829,1173,1633,1676,58,1400,2487,104,1321,1280,95,967,1599,1870,1596,1385,1892,1148,1695,1705,78,1427,2412,85,1373,1220,96,947,1567,1589,1453,1374,1830,1133,1694,1732,85,1380,2424,69,1179,1211,63,908,1523,1599,1494,1300,1746,1161,1550,1548,54,1378,2392,112,1341,1340,97,956,1473,1841,1593,1364,1979,1225,1738,1622,84,1550,freqmine_IndirectBP
4227,1776,3288,2100,1586,2254,2301,2195,2237,2146,2105,1837,2313,2241,2225,1900,2350,142,1765,528,137,681,846,665,805,646,667,433,822,809,667,380,2479,114,1800,540,89,626,770,664,764,582,644,381,765,705,567,318,2463,111,1998,529,95,661,750,655,762,619,712,435,801,693,678,325,2364,107,1843,527,82,619,845,615,735,588,647,383,693,652,551,316,2459,110,1728,499,85,663,826,579,757,639,649,433,770,651,620,316,2539,117,1786,552,83,655,806,551,729,603,662,363,718,695,663,277,2305,101,1798,499,82,653,846,558,639,637,655,373,778,787,599,319,2490,134,1759,519,103,654,947,607,697,605,687,362,788,755,628,296,2298,132,2109,575,113,679,872,587,692,661,730,384,819,835,621,293,2371,135,1903,576,105,636,828,688,741,729,689,373,803,830,660,290,2453,111,1846,552,83,636,848,622,651,705,668,382,705,803,604,313,2482,144,1948,619,108,673,905,685,741,705,759,379,719,748,674,326,2355,118,1835,577,103,629,877,676,713,670,659,377,817,756,649,332,2379,95,1722,547,74,617,899,671,675,686,652,350,788,677,594,310,2491,162,2016,558,122,694,911,780,751,713,716,432,846,804,708,348,freqmine_IndirectBP
300,201,176,182,234,154,104,120,166,128,56,83,81,130,170,189,145,38,75,18,46,18,22,6,24,9,7,16,13,10,8,23,122,13,67,38,15,8,19,4,13,6,6,6,9,3,14,28,148,16,73,15,15,13,39,6,24,9,10,16,10,8,15,29,144,35,78,35,27,14,43,4,40,11,7,12,8,10,9,34,144,26,78,17,14,10,22,6,23,12,7,9,10,11,11,26,90,21,65,12,23,11,19,8,32,9,7,10,8,10,11,26,118,21,65,15,30,6,23,5,24,10,6,10,6,8,13,26,124,25,73,14,34,15,21,6,20,12,7,13,14,12,13,37,132,27,62,13,23,10,17,8,20,9,8,13,12,7,9,38,88,40,74,16,29,9,16,7,17,8,7,4,9,7,13,27,93,12,48,11,21,6,10,5,15,6,4,5,7,5,8,17,131,27,81,23,46,16,36,5,45,9,6,13,10,10,10,39,143,24,69,16,39,12,18,9,21,7,8,12,11,11,11,20,154,20,99,54,33,10,51,8,57,10,7,9,10,11,10,62,149,39,110,37,63,19,43,10,44,10,7,16,15,16,14,42,freqmine_IndirectBP
171,149,67,83,161,104,42,29,98,66,34,26,65,41,17,41,50,39,6,3,65,19,6,3,6,5,4,3,13,5,5,7,49,28,6,3,65,16,1,1,4,4,3,2,20,3,0,2,55,17,9,3,47,24,1,4,5,5,3,2,21,1,2,5,59,34,3,3,62,39,4,3,6,5,4,2,37,4,6,6,42,10,4,2,58,14,5,6,5,6,5,2,30,3,6,6,37,20,6,4,49,27,3,2,3,6,3,0,21,1,1,2,31,16,2,3,48,15,0,0,3,5,3,0,16,1,0,5,66,33,8,8,60,24,5,5,5,6,4,2,23,3,1,4,50,16,5,4,55,20,2,4,4,5,4,1,17,1,1,2,29,23,2,1,50,14,3,1,2,4,3,0,16,0,1,4,20,18,6,2,42,9,0,2,3,4,2,0,11,2,0,2,42,36,8,3,67,33,1,2,5,6,4,1,27,4,3,5,34,24,4,3,61,18,4,3,2,4,3,1,12,2,1,3,60,21,4,4,89,48,4,2,3,5,4,1,52,3,1,4,63,44,8,7,83,44,4,5,4,7,5,3,34,5,7,5,freqmine_IndirectBP
4671,1065,907,975,924,994,811,872,845,885,832,911,860,1000,1006,971,6708,101,85,70,76,73,62,76,73,73,64,76,77,81,87,85,6440,142,45,48,50,52,51,44,62,40,47,46,51,51,76,54,7208,104,71,57,61,75,60,71,68,59,73,75,58,75,79,66,6511,161,66,64,54,63,73,66,68,62,60,69,55,83,99,62,6795,171,67,66,77,74,74,73,71,65,57,70,58,67,77,80,7136,137,64,58,56,67,55,54,67,68,58,62,51,68,69,69,7174,116,53,61,45,67,52,53,55,60,58,59,50,55,72,59,7390,135,70,64,65,82,57,64,57,57,66,67,68,75,77,69,7333,142,60,64,65,59,59,50,55,58,57,56,64,72,61,72,7451,120,58,70,64,74,60,69,52,58,66,64,57,77,77,64,6922,103,51,40,45,54,53,59,49,55,45,51,45,57,59,47,7074,155,70,68,69,66,62,65,62,65,64,65,58,69,78,70,7101,139,68,68,67,71,68,70,66,69,72,73,74,78,76,78,6153,126,44,50,51,51,55,45,54,43,56,48,56,65,81,60,7132,155,67,67,73,70,77,69,73,70,79,67,71,75,95,71,freqmine_IndirectBP
6389,2351,2287,2377,2288,2323,2165,2114,2197,2385,2207,2265,2181,2281,2407,2404,7074,352,482,464,361,342,447,373,400,522,417,402,394,413,466,382,6728,348,396,414,348,309,411,338,339,443,369,404,458,386,371,404,7514,394,446,413,442,334,485,441,388,568,427,444,481,496,455,494,6904,373,406,371,404,354,499,400,400,488,446,402,407,344,423,451,7160,426,378,382,447,349,445,444,435,549,410,422,428,386,406,410,7460,458,454,431,394,358,471,416,485,548,443,399,477,412,503,471,7415,414,412,382,392,311,495,382,388,574,403,416,408,374,402,462,7623,465,420,436,457,318,464,448,399,527,370,372,488,374,413,406,7594,458,459,439,414,425,503,434,452,514,508,555,471,551,479,432,7761,507,425,507,452,431,596,485,516,580,436,466,454,478,592,440,7146,444,445,438,388,396,458,403,417,537,447,417,444,371,458,423,7334,441,461,449,399,352,509,416,431,607,490,607,464,441,497,446,7445,455,468,471,464,380,510,476,415,574,494,495,430,389,471,423,6610,439,442,585,424,437,536,481,475,583,433,488,442,495,426,466,7422,435,503,478,399,332,527,423,416,640,493,489,433,433,460,456,freqmine_IndirectBP
8474,6780,6281,6472,6597,6234,6134,6014,6217,6227,6045,6073,6323,6290,6263,6322,4140,2307,2219,2136,2254,2066,1949,1833,2098,2114,1999,2222,2226,2153,2085,2123,3947,2294,1938,1998,2164,2025,2065,1914,2159,2025,1917,1993,2075,1990,1876,2243,4025,2175,2169,1923,2121,2012,2049,1810,2177,2293,2081,2171,2248,2030,1843,2281,4028,2227,2053,1994,2075,1963,2101,1919,2133,2127,2060,2134,2103,1958,1856,2153,4034,2218,2038,1913,1954,1935,1956,1779,1996,1989,2056,2059,2044,1934,1695,2012,3981,2220,2052,1932,2089,2093,1833,1777,2197,2089,2028,2059,2124,2050,1895,2136,3971,2196,1983,1845,2048,1965,1803,1801,1979,2021,1859,2058,2150,1920,1825,2125,4087,2249,2154,2177,2241,2119,2112,2051,2141,2060,1920,2160,2180,2058,1882,2098,3999,2133,2221,2122,1962,1992,2047,1952,1960,2062,2059,2164,2349,2162,2057,2220,4135,2357,2265,2130,2379,2198,2182,2029,2112,2212,2045,2082,2185,2121,1968,2153,4040,2194,2119,2058,2143,2042,1906,1958,2088,2090,2109,2089,2066,2016,1989,2124,4126,2296,2157,2054,2251,2108,2164,1978,2244,2106,2063,2076,2104,2069,1889,2204,4058,2196,2049,2178,2036,2028,2051,1866,2091,2040,1999,2073,2329,2101,1902,2105,3980,2284,2036,2176,2196,2122,1941,1872,2147,2061,2046,2243,2154,1973,1703,2143,3942,2430,2353,2061,2266,2113,2157,1925,2331,2326,2169,2267,2137,2179,1895,2254,freqmine_IndirectBP
12849,9580,9054,9407,9313,9328,8814,8805,8955,8910,9119,8992,8620,9076,8839,8691,5590,2433,2207,2448,2241,2356,2124,2025,2026,2037,2428,2375,1946,2291,2147,1843,5548,2633,2015,2414,2193,2366,2098,1904,2117,2170,2363,2258,1931,2335,2165,1833,5628,2519,2275,2353,2201,2289,2190,1813,2027,2160,2322,2263,2099,2283,1964,1927,5483,2410,2221,2326,2179,2376,2147,1870,2006,2050,2392,2179,1803,2091,2008,1719,5608,2296,2227,2167,1980,2282,1910,1923,1937,2021,2437,2064,1833,2155,1919,1645,5496,2356,2086,2264,2152,2217,2038,1867,2028,1947,2396,2175,2012,2232,2081,1754,5427,2304,2164,2073,1939,2225,1896,1852,1854,1862,2329,1983,1916,2045,2009,1855,5452,2599,2099,2159,2282,2278,2072,1881,1968,1977,2197,2030,1898,2205,2135,1898,5364,2370,2043,2370,2121,2248,2094,1909,1895,2216,2436,2208,2049,2187,2235,1961,5680,2658,2061,2520,2307,2528,2058,2008,2032,2050,2383,2265,1959,2153,2203,1861,5529,2407,2245,2317,2160,2365,2003,1844,1840,2060,2520,2285,1914,2092,2061,1869,5426,2361,2124,2534,2262,2548,2168,2029,1990,2103,2504,2291,1838,2195,1996,1882,5484,2341,2279,2202,2111,2411,2126,1945,1931,2084,2638,2187,2010,2209,2077,1850,5487,2405,2075,2350,2180,2289,2046,1865,2043,2047,2306,2223,1741,2221,1743,1784,5557,2555,2379,2368,2400,2384,2016,1951,2147,2219,2590,2359,1986,2332,2214,1847,freqmine_IndirectBP
11930,8345,8216,8060,9086,8484,7864,8702,8423,8535,8208,8487,8925,8705,8519,8639,5108,1651,1950,1382,2297,1824,1373,2218,1887,2075,2022,2203,2164,2054,1943,1996,5049,1665,1632,1288,2167,1835,1489,2175,1837,1873,1878,2204,2073,1936,2051,1902,5063,1721,1733,1389,2122,1711,1377,2080,1797,2028,1849,2179,2086,2021,1992,1987,5227,1706,1783,1468,2237,1820,1571,2359,1883,2022,2042,2185,2132,1987,2172,1945,5214,1602,1648,1324,2005,1878,1238,2157,1692,1914,1977,2208,1946,1799,1861,1931,5185,1541,1605,1359,2062,2005,1241,2089,1622,1842,1856,2247,1946,1894,1952,1868,5189,1627,1584,1243,1994,1946,1274,2084,1546,1760,1739,2146,2073,1856,1745,2213,4988,1722,1530,1429,2174,1721,1520,2259,1676,1827,1877,2187,1977,1924,2096,1964,5045,1626,1552,1216,2063,1799,1300,2057,1618,1991,2028,2336,2173,1937,2218,1932,5030,1820,1566,1535,2283,1994,1488,2279,1882,1806,2023,2183,2033,2039,2190,1893,5124,1506,1639,1291,2055,1790,1337,2221,1795,1962,2089,2139,2090,2116,2172,2148,5247,1662,2052,1572,2301,1943,1549,2452,1933,1998,1928,2241,2033,2261,2134,2031,5028,1638,1619,1239,2194,1839,1294,2210,1793,1862,1973,2130,2084,1933,1889,2054,5104,1801,1502,1284,2099,1822,1359,2213,1727,2012,1835,2179,2015,1973,1997,2070,5390,1886,1669,1574,2355,1885,1420,2213,1882,2164,1955,2450,2298,2263,2223,2257,freqmine_IndirectBP
14858,10285,10970,10666,10835,10016,10232,10392,10195,10477,9964,10591,10462,10114,9936,10875,6227,1528,2442,2021,2016,1425,2010,2138,1971,2257,1805,2434,2137,2080,1712,2479,5949,1750,2288,2026,1940,1454,2048,2000,2142,2386,1668,2490,2131,1652,1619,2339,5982,1561,2497,1964,2005,1346,1899,2006,1958,2538,1656,2359,2096,1648,1521,2180,6022,1564,2560,1960,1891,1428,2043,2216,1854,2443,1708,2372,2058,1620,1524,2192,5983,1502,2191,1812,1788,1238,1861,2008,1979,2393,1680,2302,2002,1573,1416,2057,5810,1513,2440,1795,1908,1261,1833,1916,2048,2205,1606,2567,2052,1507,1421,2066,5769,1418,2386,1736,1894,1355,1847,1912,1844,2227,1597,2341,2025,1494,1432,2262,5779,1545,2308,1790,1971,1629,1941,2048,1933,2200,1580,2292,2126,1501,1467,2243,5614,1518,2429,1790,1909,1334,1882,1956,1860,2361,1599,2290,2410,1663,1407,2303,5802,1680,2247,1996,2088,1414,2319,2019,2122,2278,1577,2334,2010,1583,1489,2140,5750,1494,2304,1865,1878,1331,1973,2042,1863,2265,1617,2309,1952,1540,1556,2374,5892,1564,2309,1931,1873,1482,2025,2110,1984,2330,1625,2236,1991,1603,1426,2280,5833,1485,2253,1818,1863,1276,1800,2026,1909,2158,1616,2258,1807,1473,1452,2276,5884,1501,2151,1888,1859,1283,1927,1942,1761,2233,1515,2296,1842,1405,1365,2198,6094,1624,2568,2079,1955,1428,2054,2300,2056,2438,1642,2433,2086,1691,1529,2544,freqmine_IndirectBP
792,505,462,490,489,3585,457,477,481,483,455,458,465,503,483,503,240,5,3,5,5,1516,7,4,4,4,2,5,5,3,3,9,217,1,0,0,3,1865,0,2,3,0,1,2,1,2,2,2,234,4,3,3,2,1635,2,1,3,2,1,3,1,2,3,5,239,8,1,3,5,1575,2,5,4,1,2,3,2,4,3,6,242,3,4,4,1,2058,5,4,5,4,1,6,6,4,5,8,220,4,3,4,3,1661,1,1,4,1,0,1,3,0,1,5,228,4,2,1,4,1814,3,5,5,1,0,3,4,4,3,6,230,4,0,3,4,1622,2,3,1,1,1,2,1,4,5,4,229,2,2,2,1,1697,2,1,2,2,1,2,2,1,2,3,213,0,0,2,3,1697,1,0,1,1,2,2,1,1,0,3,218,1,0,3,3,2115,1,1,2,1,0,2,2,0,1,5,223,3,0,1,2,2533,3,2,0,2,1,2,2,2,4,4,238,3,0,2,2,2203,3,5,3,2,2,3,4,5,4,6,231,1,3,5,6,2099,5,5,4,3,2,5,6,4,5,6,237,1,2,1,5,2369,4,2,4,2,4,6,4,5,4,6,freqmine_IndirectBP
14865,11111,9616,10934,10793,10500,10071,10364,10311,9978,10233,8762,9813,9691,10487,10354,6245,2274,1485,2218,2220,1981,1630,2296,2030,1924,2306,1172,1743,1573,2309,1906,6211,2284,1341,2390,2296,1978,1861,2331,2113,1903,2143,1000,1849,1422,2157,1981,6447,2100,1424,2414,2172,1963,1630,2034,2091,1968,2322,1029,1793,1506,2270,1765,6435,2096,1429,2200,2269,2237,1767,2157,1900,1752,2270,956,1707,1286,2149,1813,6323,2215,1302,2222,2061,1933,1555,2043,1903,1797,2090,948,1696,1225,2096,1697,6433,2194,1233,2130,2045,2006,1558,1964,2244,1737,2295,894,1790,1280,2120,1614,6168,2096,1206,2237,1951,2112,1490,1863,1914,1729,2343,807,1771,1300,2163,1612,6271,2119,1208,2268,2067,2167,1850,1942,2088,1681,2092,820,1772,1322,2039,1574,6243,2259,1292,2188,1933,1989,1559,1919,1893,1847,2267,1075,1833,1606,2090,1649,6090,2383,1285,2273,2186,2057,1780,2021,2151,2014,2297,900,1663,1297,2175,1656,6067,2228,1329,2175,2080,2033,1626,2049,2017,1820,2196,913,1737,1377,2184,1688,6258,2310,1474,2332,2134,2201,1753,2201,2079,1917,2230,1108,1709,1389,2029,1741,6072,2311,1237,2187,2001,2155,1664,1884,1897,1813,2455,911,1624,1449,1985,1631,6315,2246,1246,2252,2397,2242,1754,2039,1989,1797,2252,891,1656,1353,2188,1644,6349,2465,1383,2330,2294,2197,1688,2217,2151,1948,2425,945,1800,1568,2394,1816,freqmine_IndirectBP
12652,8815,9529,9411,9461,9527,9939,9304,9969,8753,8680,9179,9523,9453,9187,9970,4737,910,2125,1668,1861,1648,2541,1665,2108,1772,1554,2057,2111,2331,1912,2436,4674,1030,1868,1688,2195,1473,2512,1475,2029,1366,1233,1949,2247,2119,1810,2422,4869,722,2000,1700,2039,1429,2356,1452,1961,1507,1325,2114,2279,2032,1674,2669,4732,781,1863,1708,2191,1480,2468,1341,1987,1563,1166,1844,2112,1720,1616,2455,4590,546,1862,1633,1848,1423,2297,1281,1785,1434,1110,2003,2041,1718,1580,2185,4631,683,1719,1668,1725,1460,2177,1310,1808,1263,980,1901,2066,1908,1624,2377,4441,581,1731,1682,1771,1394,2372,1274,1617,1257,948,1897,2123,1767,1565,2260,4661,885,1699,1869,1899,1498,2541,1392,1835,1249,1011,1765,2151,1812,1600,2286,4611,701,1775,1687,1885,1334,2314,1351,1637,1422,1141,2164,2264,1881,1631,2301,4458,1101,1746,1745,1873,1523,2497,1549,1978,1294,1046,1757,1971,1727,1618,2189,4371,628,1823,1648,1708,1395,2363,1379,1747,1366,1181,1727,2169,1807,1668,2464,4943,856,1954,1734,1843,1810,2655,1594,1994,1361,1195,1801,1971,1786,1696,2188,4663,627,1698,1682,1690,1466,2389,1268,1758,1422,1125,1887,2246,1778,1618,2378,4555,689,1722,1654,1692,1506,2412,1370,1841,1266,940,1876,1994,1671,1541,2147,4622,833,1940,1936,2025,1397,2433,1719,1926,1656,1298,2076,2498,2006,1645,2463,freqmine_IndirectBP
14231,10465,10304,10731,9933,10630,9748,9405,10119,9783,9950,9314,10568,9599,9517,9132,6145,2461,2305,2559,1776,2426,1940,1632,2295,2323,2275,1942,2572,2405,1716,1398,5972,2563,2263,2616,1857,2319,2141,1630,2296,2483,2525,2059,2671,2031,1700,1290,6016,2489,2510,2665,1488,2495,2088,1506,2560,2592,2443,2348,2658,2068,1768,1223,5947,2640,2490,2482,1546,2216,2168,1513,2443,2258,2543,1984,2536,1950,1673,1193,5970,2342,2446,2375,1370,2338,2073,1460,2277,2177,2553,1861,3115,1907,1510,1109,6048,2348,2304,2271,1478,2433,2227,1464,2562,2044,2424,1818,2489,2143,1588,909,5763,2207,2310,2090,1317,2416,2003,1465,2122,2249,2415,1846,2615,1897,1549,1079,5891,2387,2493,2304,1557,2650,2406,1580,2405,2261,2230,1820,2703,1902,1669,1057,5779,2244,2687,2678,1321,2481,2180,1513,2217,2850,2646,2066,2510,2017,1647,1281,5970,2483,2469,3009,1635,2436,2269,1570,2337,2405,2767,1873,2669,1915,1746,1023,5775,2375,2427,2513,1306,2207,1948,1496,2185,2375,2687,1801,2523,2184,1715,1124,6146,2476,2383,2573,1765,2517,2179,1622,2499,2335,2481,1795,2539,2018,1575,996,6087,2338,2240,2474,1382,2304,2019,1415,2202,2362,2308,1885,2650,1870,1587,1113,5836,2327,2277,2571,1387,2469,2173,1487,2325,2235,2432,1911,2559,1965,1495,979,5939,2520,2612,2615,1373,2631,2239,1571,2481,2408,2539,2124,2609,1969,1660,1208,freqmine_IndirectBP
10155,7431,7830,7618,7986,7011,6830,7799,7388,7080,6592,7439,6558,7017,7721,8306,4197,1805,2469,2175,2288,1423,1513,2486,1921,2229,1540,2192,1307,2081,2123,2549,4176,1743,2290,1934,2282,1545,1632,2576,1953,2009,1278,2171,1154,1342,1966,2768,4164,1711,2408,1698,2177,1409,1445,2459,1949,2212,1492,2436,1309,1368,2337,2563,4334,1620,2374,1810,2104,1268,1498,2613,1822,2108,1252,2250,1228,1255,1903,2482,4268,1580,2507,1670,2172,1226,1290,2452,1712,1990,1157,2372,1050,1227,1823,2659,4243,1402,2304,1687,2085,1281,1316,2236,1702,1927,1124,2173,1038,1249,1897,2425,4097,1486,2327,1554,2080,1349,1331,2259,1712,1829,1094,2064,1234,1206,1767,2449,4129,1613,2062,1617,2162,1345,1481,2632,1756,1897,1223,2122,1125,1279,1850,2576,4024,1600,2439,1679,2205,1287,1381,2434,1725,2200,1427,2030,1194,1330,1940,2597,4289,1709,2448,2004,2342,1483,1645,2545,2059,1965,1312,2147,1170,1266,1982,2460,4140,1598,2395,1742,2149,1333,1327,2450,1843,1831,1249,2243,1267,1266,2115,2662,4172,1681,2556,1703,2227,1585,1536,2366,1858,1955,1329,2208,1356,1287,1901,2684,4304,1440,2333,1701,2209,1356,1421,2629,1878,1915,1291,2209,1253,1309,2026,2441,4232,1533,2398,1687,2169,1304,1452,2520,1809,1849,1215,2298,1073,1131,1838,2430,4153,1830,2804,1717,2278,1285,1480,2574,2006,1958,1581,2238,1465,1327,2054,2607,freqmine_IndirectBP
12658,9611,8438,8811,9752,9261,9169,8751,8918,9226,9095,9389,9044,9699,8681,8631,5601,2387,1790,1890,2603,2372,2411,2018,2231,3027,2496,2768,2255,2731,1846,1802,5279,2648,1581,1920,2366,2341,2558,2029,2519,2615,2454,2642,2304,2936,1707,1714,5547,2372,1612,1707,2431,2331,2142,1883,2267,2670,2549,2499,2378,3015,1638,1896,5790,2637,1441,1771,2417,2484,2315,1894,2172,2699,2704,2821,2319,2945,1506,1825,5633,2909,1494,1710,2373,2391,1929,1763,2151,2581,2696,2755,2274,2779,1608,1688,5459,2213,1285,1661,2386,2361,1955,1716,2275,2393,2497,2606,2304,2759,1671,1646,5261,2162,1281,1565,2450,2445,2131,1745,2098,2354,2406,2350,2211,2636,1463,1705,5310,2406,1226,1728,2209,2574,2264,1967,2154,2346,2476,2600,2129,2741,1409,1657,5276,2440,1598,1588,2384,2238,2091,1816,1994,2706,2543,2919,2241,3193,1557,1716,5413,2701,1449,1841,2766,2368,2376,1947,2350,2284,2574,2962,2265,2901,1616,1640,5459,2446,1649,1634,2566,2307,2219,1779,2124,2608,2620,2804,2310,3208,1633,1681,5468,2422,1546,1791,2811,2522,2471,1811,2547,2459,2635,2659,2229,3061,1611,1767,5553,2208,1398,1584,2620,2174,2321,1858,2139,2595,2771,2728,2356,3082,1638,1675,5451,2576,1331,1652,2440,2331,2132,1907,2220,2411,2537,2633,2261,2674,1396,1657,5322,2756,1726,1713,2715,2446,2388,2030,2462,2699,2766,3119,2427,3096,1575,1774,freqmine_IndirectBP
10539,7109,7787,7125,7154,7256,7273,7488,7131,7261,6596,6855,7712,7103,7327,7807,4967,1894,2670,1985,1938,2009,2464,2360,1944,2418,2031,2242,2549,2031,2311,2346,4871,1705,2421,1974,1811,1805,2418,1990,2012,2515,1794,1857,2790,1927,2260,2433,4903,1379,2592,1986,1924,1900,2235,1993,1814,2505,1805,2260,2432,2089,2359,2506,5046,1436,2546,2057,2000,2062,2423,2252,1784,2608,1924,2021,2277,1865,2155,2388,4919,1445,2583,1920,1819,1824,2212,2105,1681,2349,1905,1896,2157,1714,2265,2160,4876,1420,2507,1781,1926,1926,2331,2160,1801,2204,1740,1748,2299,1714,2456,2284,5120,1371,2474,1845,1856,1839,2361,2132,1638,2152,1620,1998,2175,2096,2284,2327,5027,1488,2540,1771,2114,1919,2443,2183,1742,2432,1680,1888,2283,1763,2377,2291,4817,1405,2631,1840,2132,1882,2250,2065,1678,2678,1795,2133,2347,1948,2458,2451,4895,1570,2671,2302,2111,2310,2524,2241,1968,2335,1715,1931,2282,1847,2333,2315,4897,1450,2712,1889,1956,1856,2345,2070,1712,2394,1722,1830,2397,2060,2395,2347,4971,1733,2713,1898,2009,2369,2504,2061,2166,2192,1768,1995,2120,2017,2114,2301,4590,1586,2539,1867,1960,2125,2227,2098,1697,2482,1920,2127,2448,1872,2251,2412,4990,1597,2708,1945,1999,1968,2311,2228,1807,2406,1690,1977,2231,1832,2029,2413,4914,1767,2894,2099,2117,1872,2465,2281,1990,2686,1962,2535,2572,2149,2336,2626,freqmine_IndirectBP
4351,2232,1884,2041,1751,1921,1813,2715,2021,1665,1776,1651,1923,1697,2273,2163,2067,659,468,512,237,379,356,1152,470,338,422,230,479,232,782,647,2136,667,282,475,243,370,349,1149,451,291,335,177,348,205,794,732,2053,627,332,510,222,340,314,1030,478,282,382,182,405,184,787,689,2000,653,267,549,214,326,293,1101,436,219,367,177,282,150,654,615,2031,660,368,483,217,330,300,1029,414,230,388,248,349,172,659,654,1850,638,305,444,219,348,272,1116,488,189,340,180,311,177,735,628,1841,653,332,485,278,338,286,994,429,261,381,175,353,182,655,639,1954,681,262,549,268,376,290,1111,485,196,408,191,363,162,607,598,1849,631,405,540,290,362,321,1026,406,282,430,180,363,255,703,649,1844,828,346,611,282,357,339,1137,509,242,365,196,365,190,713,610,1949,658,386,521,216,350,281,1041,482,305,475,159,355,199,716,629,2273,666,390,562,257,374,395,1167,515,314,404,194,362,213,607,717,2106,607,410,480,277,356,366,1038,438,359,369,176,353,223,675,663,2132,688,307,546,210,372,342,1103,499,269,409,222,410,233,697,736,2111,813,411,590,290,402,396,1255,559,334,494,221,455,246,743,661,freqmine_IndirectBP
1910,255,286,270,264,275,300,294,302,296,289,281,295,292,280,289,1043,5,2,3,5,3,6,6,2,4,6,6,1,5,9,3,1290,4,2,3,7,2,6,12,2,4,10,4,3,6,5,4,1121,5,4,6,6,1,8,9,3,8,12,6,5,6,10,3,1110,5,2,4,3,3,9,7,4,7,7,6,1,7,7,4,1103,6,3,5,5,2,7,10,3,6,10,5,3,7,8,3,1167,4,3,2,2,3,7,11,3,6,5,5,5,9,4,3,1056,5,4,4,4,3,4,9,4,3,9,5,0,6,7,3,1129,5,3,4,3,2,8,7,6,5,8,5,2,6,10,3,1076,6,3,4,2,2,6,9,2,10,10,5,3,6,9,4,1163,5,4,1,7,3,3,9,3,5,6,5,1,6,5,3,1186,7,4,5,6,4,10,10,4,3,7,6,3,9,10,4,1261,4,4,0,4,0,6,6,3,6,6,1,0,6,12,3,1280,4,5,4,4,1,5,6,3,3,9,5,3,8,6,3,1192,6,4,6,6,3,7,12,3,7,9,9,4,5,9,4,1292,7,4,3,7,1,7,12,3,4,9,6,1,5,8,3,freqmine_IndirectBP
640,428,385,407,416,3489,377,388,405,397,368,374,394,419,416,427,167,2,5,5,4,1553,1,5,4,5,5,3,1,7,6,3,147,3,0,3,1,1799,2,0,1,3,0,0,2,1,3,3,158,1,1,2,2,1636,2,4,3,4,2,1,2,3,3,2,160,1,4,2,4,1536,4,2,4,4,1,2,2,4,3,3,160,2,0,1,3,2102,2,2,5,1,3,1,3,2,1,0,138,2,0,1,4,1660,0,3,3,4,0,3,3,3,3,7,143,2,2,5,4,1610,1,1,2,4,1,2,5,3,4,4,159,1,3,2,4,1556,2,0,3,3,1,0,2,2,4,3,150,4,1,3,4,1571,2,2,2,3,1,1,1,4,2,4,136,4,0,1,2,1683,1,1,1,2,0,1,0,1,3,2,139,3,0,0,2,2127,1,0,2,2,1,0,0,4,1,1,148,2,3,4,2,2492,1,2,3,2,0,1,0,3,0,4,162,5,2,3,4,1963,2,1,3,5,1,2,2,3,4,1,162,5,4,4,3,2058,2,4,3,5,4,2,1,5,1,5,166,8,2,7,5,2263,3,3,3,4,2,2,5,2,4,4,freqmine_IndirectBP
873,701,644,678,736,3138,791,841,616,614,621,588,630,649,695,693,102,36,49,32,78,1207,144,161,28,29,42,30,39,29,45,39,62,44,33,23,81,1639,138,152,22,23,33,24,33,25,34,33,61,34,36,25,56,1305,131,146,23,25,31,23,25,25,28,27,81,43,52,23,59,1444,161,218,27,22,40,22,24,22,24,30,71,43,36,22,58,1669,121,139,27,25,36,28,28,26,30,25,73,49,42,28,73,1258,122,322,30,32,48,29,35,29,43,35,64,31,30,18,129,1398,165,145,16,18,33,24,31,22,40,35,53,37,31,22,65,1167,126,160,21,21,34,27,31,27,26,27,64,37,37,27,62,1296,135,152,27,24,37,27,31,28,28,26,46,49,35,21,63,1420,135,165,20,23,30,21,28,23,33,27,45,21,23,16,47,1583,105,129,16,14,27,13,15,14,19,20,61,38,41,19,55,1730,150,151,24,23,42,22,20,22,22,23,65,34,32,24,56,1697,134,146,27,24,39,24,29,23,27,26,105,58,59,21,56,1457,192,177,21,20,63,24,24,24,25,22,92,53,54,29,65,1598,185,188,26,25,53,27,28,25,28,29,freqmine_IndirectBP
841,514,489,509,516,3758,479,492,496,503,474,475,487,517,508,509,258,5,3,4,4,1713,4,2,3,4,1,4,3,3,2,3,245,3,0,1,2,1826,0,1,2,1,2,1,1,4,1,1,253,7,1,3,5,1727,1,1,2,2,0,3,3,1,1,3,258,7,0,3,4,1577,1,1,1,1,2,2,3,5,3,4,256,4,3,1,1,2316,2,1,1,5,2,3,2,6,3,3,240,3,0,3,2,1715,2,2,0,1,0,3,2,3,2,1,247,5,1,4,2,1893,1,3,5,1,1,2,1,5,2,3,245,6,1,1,2,1710,1,3,1,4,1,2,2,2,3,1,253,3,3,3,1,1672,2,3,4,2,2,3,3,1,3,3,237,1,2,1,1,1743,1,1,1,1,0,1,1,1,2,1,236,2,1,2,1,2198,0,1,0,2,1,2,2,0,1,1,242,2,0,1,1,2637,2,2,1,2,1,2,3,3,5,2,257,2,2,2,2,2139,3,4,2,0,1,1,3,4,2,3,255,3,3,2,4,2112,3,2,1,3,3,2,5,4,4,2,251,1,4,2,3,2388,3,2,1,4,2,0,2,2,1,2,freqmine_IndirectBP
610,417,375,406,409,3578,377,385,397,405,366,386,391,422,404,406,155,5,2,5,6,1660,4,3,4,5,4,3,5,2,5,5,135,3,0,3,2,1849,1,2,0,2,0,1,1,1,0,1,151,0,3,0,1,1824,0,3,2,3,2,0,1,3,4,2,152,0,1,4,2,1620,3,5,5,3,2,2,2,2,2,2,151,1,0,2,3,2144,3,2,3,0,2,1,1,0,0,2,136,4,1,3,2,1755,2,2,4,2,2,1,1,1,1,1,142,4,2,3,3,1932,4,3,1,3,1,3,3,2,5,3,148,0,2,3,4,1777,2,1,3,1,0,2,2,1,5,3,150,4,1,3,5,1597,3,2,1,3,1,3,0,5,2,1,131,2,0,2,1,1713,1,0,0,1,0,0,0,3,0,1,139,2,0,2,2,2357,1,2,1,2,0,0,0,3,3,2,143,4,2,2,1,2552,1,1,2,0,0,0,2,3,0,1,158,5,3,2,4,2256,1,2,2,4,3,1,3,1,2,4,148,4,2,4,2,2060,2,2,6,3,2,3,2,2,4,5,149,5,0,2,2,2498,0,1,2,1,0,2,0,3,4,2,freqmine_IndirectBP
828,509,487,516,517,3592,483,492,496,495,472,477,492,515,521,513,255,1,6,3,4,1436,4,7,3,2,2,2,3,8,5,3,246,1,1,2,2,1843,2,2,1,0,0,1,2,2,6,3,258,6,1,5,4,1637,5,1,1,0,1,3,2,2,4,1,263,5,4,4,5,1549,2,2,1,2,2,2,2,5,6,3,259,2,6,4,3,2087,3,3,2,2,2,4,1,2,4,3,244,4,3,4,4,1517,7,3,1,4,2,4,1,5,5,4,249,3,5,3,4,1772,8,4,3,4,5,2,1,5,3,5,249,4,2,3,1,1548,3,2,1,4,3,3,2,6,2,5,252,0,3,1,2,1609,3,2,3,0,1,1,2,2,5,3,238,1,2,1,3,1717,1,2,3,1,0,1,2,2,3,2,242,2,0,2,2,2336,1,1,3,1,1,0,1,1,2,1,249,1,1,1,3,2487,1,2,2,4,2,2,1,2,3,2,259,0,2,3,1,2245,2,3,2,2,1,3,2,3,3,2,263,4,2,6,5,1953,4,6,2,5,2,4,3,4,5,4,254,0,2,2,2,2300,1,2,3,2,1,2,3,4,3,4,freqmine_IndirectBP
657,418,395,448,428,3565,394,393,397,400,386,377,436,428,474,438,157,2,2,8,5,1672,3,1,3,2,4,5,14,3,12,6,148,2,1,2,2,1814,1,1,2,2,3,2,16,2,10,5,179,2,3,5,3,1777,1,4,5,4,5,5,18,5,12,9,164,1,2,3,3,1576,3,2,3,2,1,2,22,3,27,5,166,6,3,4,4,2186,4,3,1,3,4,3,16,4,12,5,142,2,1,4,3,1702,1,2,2,3,2,3,20,1,15,7,146,4,3,4,5,1844,0,2,2,2,3,2,13,3,15,4,144,2,2,4,5,1556,2,5,6,2,3,3,32,4,19,3,150,3,2,5,3,1663,0,2,1,3,3,2,16,3,11,3,139,3,3,4,2,1724,3,3,1,3,2,4,15,3,17,5,133,3,2,2,3,2467,2,3,2,2,2,4,15,3,10,4,155,3,3,5,5,2729,3,2,1,2,1,2,14,4,68,11,161,4,2,5,6,2239,3,2,3,3,3,3,15,4,14,5,170,1,6,4,4,2050,3,2,2,2,4,2,46,5,46,8,165,2,5,6,3,2309,4,3,1,1,3,4,25,4,28,6,freqmine_IndirectBP
864,528,505,525,503,3634,488,497,514,504,487,487,492,520,527,537,272,7,4,5,4,1617,4,4,3,6,3,3,3,4,5,5,257,4,4,2,2,1884,1,2,2,0,0,0,3,2,2,1,266,6,2,4,4,1754,3,2,2,3,2,2,3,3,5,1,259,3,3,4,4,1675,3,8,3,1,2,1,0,3,4,4,273,1,6,4,0,2159,2,3,3,2,7,4,4,2,5,2,251,5,3,7,2,1735,1,6,1,2,2,1,0,2,2,1,252,5,4,8,4,1760,5,7,4,3,3,3,3,3,2,3,259,2,3,3,1,1657,2,1,2,5,1,1,1,2,3,3,257,4,1,2,1,1515,4,2,5,2,1,0,1,2,5,5,246,2,1,4,1,1676,1,1,1,0,1,1,1,2,0,2,248,3,1,5,0,2199,1,1,1,0,1,2,2,3,2,2,256,4,5,6,6,2608,4,6,3,4,3,5,0,1,8,7,265,4,2,2,2,2073,2,2,2,1,2,1,2,4,4,3,277,6,5,6,8,2062,6,7,6,8,3,4,7,7,7,11,272,7,4,4,4,2426,3,5,4,7,5,2,3,3,5,0,freqmine_IndirectBP
658,433,398,460,438,3538,386,399,407,413,383,389,405,448,440,422,168,2,5,15,4,1662,3,5,4,2,4,2,5,13,6,3,149,1,0,15,2,1838,0,1,2,1,1,1,2,12,3,3,172,3,2,14,11,1788,4,5,5,7,4,2,8,41,16,8,171,3,2,33,3,1634,2,1,3,5,0,6,5,22,4,4,169,4,5,12,4,2057,2,1,1,4,1,1,1,14,2,2,144,3,0,18,4,1735,4,2,5,2,2,3,5,18,7,7,153,1,0,16,5,1834,3,5,9,4,6,7,5,18,8,4,157,5,3,17,5,1528,1,3,0,0,0,2,5,14,3,4,156,1,1,19,4,1514,0,3,1,2,0,4,3,20,2,2,140,3,1,14,3,1568,0,2,1,1,1,0,3,14,2,4,146,1,1,8,3,2283,2,4,2,4,1,2,2,14,3,3,153,4,3,21,8,2512,2,1,5,2,2,1,5,23,7,3,159,2,2,17,4,2194,1,4,1,4,1,3,4,9,6,5,176,4,3,54,12,1994,1,3,3,1,3,4,3,41,13,4,159,2,1,24,4,2344,3,1,3,2,2,2,3,22,2,7,freqmine_IndirectBP
843,526,505,539,508,3694,495,511,512,507,481,489,491,526,522,526,265,4,3,4,4,1607,5,3,3,6,1,4,3,4,4,4,256,3,3,1,2,1764,4,3,2,1,0,0,0,3,5,1,272,4,6,6,6,1759,5,4,2,0,2,2,2,3,11,6,258,5,3,7,2,1582,4,2,1,0,2,1,1,5,2,2,264,4,1,3,1,2163,2,4,2,1,3,1,3,2,4,4,249,2,3,3,2,1709,2,3,4,3,1,0,0,2,3,0,260,4,3,3,2,1839,2,2,2,1,1,0,1,2,2,4,259,1,3,0,3,1657,3,4,3,2,1,1,0,4,5,2,259,3,2,1,1,1656,3,2,2,1,3,0,1,1,5,2,242,1,1,2,1,1670,3,2,1,1,0,0,1,2,3,0,246,2,1,4,2,2241,2,2,1,0,0,0,0,1,5,4,247,2,3,3,3,2527,3,3,1,2,2,1,1,1,3,3,267,3,5,1,7,2227,7,6,5,3,4,3,3,4,14,10,263,3,4,5,3,2122,6,4,4,5,4,4,3,5,7,6,262,3,3,5,3,2332,4,6,2,3,1,4,3,3,6,3,freqmine_IndirectBP
705,443,414,443,438,3520,408,420,423,414,404,417,407,443,440,435,185,1,4,6,4,1639,3,4,4,2,4,4,3,3,3,4,172,3,1,3,3,1831,1,1,2,1,5,1,2,1,2,2,191,2,2,1,4,1761,1,1,3,3,2,3,1,3,7,2,190,1,4,2,4,1738,2,3,4,2,3,6,1,2,3,1,187,3,5,2,2,2180,1,2,1,1,1,4,3,3,1,4,170,5,7,2,7,1742,7,5,1,2,3,7,3,5,4,7,178,6,7,10,7,1817,8,6,3,5,4,5,3,4,4,7,172,4,1,3,3,1659,2,1,1,3,2,1,1,3,2,2,172,3,1,2,3,1657,2,2,1,4,1,1,1,4,2,1,166,3,3,2,2,1730,2,2,1,2,2,2,1,3,4,3,173,3,1,2,3,2257,1,0,1,0,2,2,3,3,1,2,168,2,0,1,2,2503,0,1,1,1,1,2,0,3,5,1,191,4,2,6,10,2224,0,0,2,2,2,2,2,2,7,1,186,2,4,4,6,2083,4,3,5,5,5,2,4,3,8,2,177,3,1,2,2,2396,2,0,3,1,2,2,3,4,1,2,freqmine_IndirectBP
816,511,476,514,513,3678,472,484,497,495,468,470,477,506,503,540,255,4,2,5,4,1576,2,3,4,3,3,2,2,7,5,5,238,2,0,4,1,1794,1,0,2,1,0,1,3,3,3,4,260,5,1,4,8,1742,3,4,4,3,2,2,3,3,9,5,254,6,4,5,4,1583,0,4,2,4,2,2,2,2,2,8,255,1,2,3,1,1956,2,1,2,2,3,0,0,1,5,3,234,3,2,6,2,1810,0,0,3,3,0,1,3,2,3,3,242,3,2,6,4,1783,1,2,1,4,1,3,2,5,3,5,246,1,2,6,2,1768,3,3,3,3,1,3,3,1,4,4,246,2,0,4,1,1573,0,2,4,1,1,3,1,1,2,5,231,2,1,2,3,1533,0,0,1,1,0,0,0,1,1,3,233,1,0,2,0,2090,1,1,3,4,0,0,0,1,4,3,237,2,2,3,2,2476,1,1,3,1,0,1,0,2,2,3,257,3,1,2,5,2108,3,2,3,3,2,2,2,4,8,6,252,4,2,6,4,1909,4,4,5,3,3,3,4,6,4,6,267,4,4,2,5,2320,2,2,2,4,4,3,2,4,5,7,freqmine_IndirectBP
775,484,447,470,465,3619,433,448,441,451,427,441,475,490,483,481,217,3,6,4,4,1528,3,2,2,5,3,3,5,3,4,4,200,1,2,3,3,1817,2,2,3,2,1,3,2,2,3,5,218,2,4,1,1,1739,1,4,2,2,2,2,3,3,1,5,213,3,1,1,6,1599,3,2,3,2,2,2,6,5,2,2,215,3,5,1,3,2070,1,2,3,3,1,3,2,5,1,4,197,3,2,2,7,1807,0,3,5,4,1,1,3,2,0,3,200,3,2,3,4,1825,1,1,6,4,3,1,5,1,2,6,194,4,3,2,4,1596,0,2,2,0,1,1,2,4,1,3,203,3,1,2,2,1510,1,1,2,1,2,1,3,2,4,2,189,2,2,2,1,1648,1,1,2,2,0,2,3,1,2,2,195,1,1,2,2,2311,0,1,1,0,0,3,3,3,1,2,212,4,5,3,4,2608,2,3,2,4,3,4,7,4,3,3,222,4,4,2,2,2272,2,4,3,3,0,4,6,2,2,3,221,3,6,4,2,2165,2,3,2,3,4,7,6,2,5,5,218,2,4,6,4,2317,3,6,5,3,2,4,3,4,4,4,freqmine_IndirectBP
438,288,262,281,321,3036,275,277,264,311,257,270,286,304,317,318,33,2,1,3,13,1178,1,2,4,13,1,3,4,4,9,4,15,2,1,2,20,1671,0,3,1,12,2,1,2,2,7,4,24,1,1,2,10,1358,3,1,1,11,0,4,1,1,2,2,33,2,0,1,29,1506,2,6,1,33,1,5,5,3,12,9,30,1,0,2,12,1849,1,1,0,17,0,1,3,2,3,4,24,5,5,6,30,1437,1,2,0,19,2,1,1,0,15,3,26,2,2,4,17,1458,2,3,1,17,1,1,3,3,9,5,15,0,0,2,10,1282,0,1,1,13,0,1,5,0,3,3,20,2,1,2,14,1246,1,2,1,14,3,4,4,6,6,9,14,0,0,2,13,1442,3,1,1,14,0,1,2,2,3,2,20,2,0,2,14,1875,0,1,1,10,1,2,3,2,1,3,27,2,2,2,24,2127,1,1,1,20,1,2,2,2,4,4,33,3,2,2,10,1830,0,1,1,11,2,2,3,7,3,5,44,2,3,5,48,1626,5,2,4,42,2,2,4,4,2,6,41,2,3,3,19,1783,3,2,4,33,2,2,4,6,4,4,freqmine_IndirectBP
828,527,481,513,539,3526,485,494,495,500,463,503,485,520,559,539,265,4,2,4,4,1580,3,5,3,2,1,17,5,8,8,8,241,5,2,1,3,1833,0,1,0,3,1,15,2,3,3,4,251,4,1,5,4,1849,3,1,3,3,0,18,4,2,11,5,271,3,4,6,2,1785,3,2,2,3,1,30,2,5,7,6,260,2,1,2,1,2153,2,4,3,6,2,17,2,2,3,4,241,7,3,4,4,1777,2,4,5,4,6,22,7,3,7,7,246,6,4,3,6,1889,5,5,7,6,8,24,6,5,6,5,247,2,2,2,2,1654,2,1,1,4,2,14,2,1,7,5,249,4,3,3,5,1665,4,3,1,4,1,18,4,4,5,5,233,2,0,1,2,1664,0,2,0,1,1,15,1,4,4,2,237,4,2,2,3,2179,1,1,0,2,2,9,4,5,4,4,241,6,0,3,1,2500,2,1,1,3,0,19,2,4,10,5,262,4,1,4,5,2209,2,1,1,3,4,18,4,4,13,6,281,7,2,4,7,2219,3,3,5,6,3,47,4,6,13,4,264,7,4,6,5,2027,2,1,4,4,0,26,3,6,4,2,freqmine_IndirectBP
807,504,479,517,476,3560,465,488,485,490,470,471,467,506,503,536,238,4,7,7,4,1560,3,5,4,8,4,4,4,2,3,16,226,1,4,3,2,1881,1,0,2,0,0,0,3,0,3,15,251,5,5,4,4,1877,2,4,2,3,3,2,3,5,7,20,224,4,3,2,2,1639,2,3,2,2,1,2,3,1,2,27,240,3,2,4,5,2060,4,3,3,1,5,3,2,2,2,11,222,4,5,5,3,1804,2,2,1,2,1,2,3,5,3,20,231,3,4,5,4,1894,1,3,2,4,1,3,2,4,3,15,229,0,2,4,1,1735,2,3,1,2,0,1,5,3,2,15,233,3,3,3,1,1713,2,1,3,1,1,1,2,2,1,18,222,2,1,2,1,1706,0,0,0,1,1,1,1,0,2,15,225,3,4,4,8,2180,2,4,4,4,5,3,4,1,13,28,220,2,4,2,3,2591,1,2,2,2,1,2,3,2,4,18,245,3,4,3,3,2143,2,2,2,3,0,1,3,3,7,14,242,2,6,5,3,2099,2,3,2,2,3,4,3,3,5,51,242,2,3,3,2,2117,3,3,1,2,3,3,3,0,4,24,freqmine_IndirectBP
830,531,496,515,508,3558,480,492,494,490,467,475,507,517,514,535,267,5,2,5,5,1548,6,3,5,1,2,2,3,5,6,7,252,6,3,3,3,1783,1,4,3,4,2,2,3,5,5,4,255,7,1,4,2,1785,1,2,2,2,1,2,2,3,3,3,258,6,3,4,2,1710,3,1,4,3,1,2,2,3,4,6,265,4,2,3,3,1897,0,2,2,2,0,1,3,2,3,5,242,5,1,2,1,1779,1,3,4,4,2,3,3,4,3,4,248,6,1,4,1,1806,2,2,5,4,4,2,3,3,4,5,248,5,2,2,3,1618,1,1,2,0,3,0,1,3,2,3,248,3,1,2,3,1733,0,2,1,0,1,1,2,2,3,3,234,2,1,1,1,1581,1,3,4,1,0,1,2,3,0,1,242,2,1,1,3,2185,1,0,2,1,1,1,1,2,6,3,253,5,3,3,1,2586,3,1,3,2,2,1,2,2,3,2,262,5,1,2,3,2244,3,3,5,2,2,1,3,6,3,5,262,5,3,6,3,2276,4,3,2,3,2,1,3,4,2,6,269,8,4,4,7,2189,4,5,5,4,4,5,15,7,14,15,freqmine_IndirectBP
869,594,538,538,529,3721,500,505,509,509,510,481,520,543,564,552,273,7,23,5,9,1664,2,4,3,9,12,5,12,9,12,8,264,9,9,6,7,2003,2,0,1,2,20,2,4,4,8,6,278,10,10,3,2,1850,3,2,5,4,12,1,2,3,5,6,286,27,24,4,3,1666,2,4,2,5,20,1,5,5,2,5,270,3,5,3,3,2075,3,1,2,3,11,4,4,3,9,7,259,5,8,3,6,1932,0,6,3,2,12,5,3,3,4,4,259,7,8,5,3,1833,2,6,5,4,10,7,5,4,6,6,260,7,7,3,1,1697,1,1,2,3,10,3,3,4,6,5,259,9,11,3,2,1654,3,2,1,4,8,1,2,5,3,6,247,8,6,3,5,1729,0,0,1,1,5,3,4,4,4,6,243,6,5,1,4,2260,1,2,1,1,5,0,4,3,12,3,285,22,23,2,6,2673,2,4,3,2,14,3,4,6,7,5,276,11,11,5,4,2189,2,1,2,3,6,3,4,3,5,5,321,44,51,4,6,2108,4,4,6,5,37,4,8,7,6,7,310,23,32,3,10,2425,2,3,3,6,22,4,6,6,20,7,freqmine_IndirectBP
809,537,500,513,502,3518,515,487,493,483,487,483,511,510,522,541,273,4,3,5,5,1569,10,6,5,2,4,6,2,4,11,7,257,4,1,1,2,1892,10,2,1,2,3,1,3,2,9,4,258,3,3,4,3,1876,11,3,0,2,2,3,2,1,4,5,258,4,0,3,2,1513,23,2,1,2,4,3,2,5,2,3,255,4,2,4,6,2038,9,2,0,1,2,2,6,2,5,4,248,4,2,3,3,1766,7,4,3,1,5,3,4,2,8,8,248,3,2,1,2,1755,4,2,1,1,3,3,2,3,2,5,251,3,0,3,2,1539,7,4,1,1,1,2,2,2,4,3,246,1,1,1,2,1691,6,1,2,0,1,2,3,2,2,2,246,4,6,3,7,1661,15,3,1,1,2,3,8,3,18,8,248,3,2,2,5,2256,6,3,3,2,3,2,2,2,4,4,260,3,2,3,2,2576,26,3,2,2,4,3,2,3,0,1,263,3,2,1,5,2208,8,5,3,5,5,3,3,3,4,5,266,5,1,6,2,2113,38,5,4,2,3,6,2,4,7,4,276,7,4,7,5,2308,33,4,5,2,3,3,2,4,4,4,freqmine_IndirectBP
828,514,501,533,558,3729,500,502,511,547,492,488,531,517,552,554,266,2,3,6,17,1601,1,3,2,7,2,1,4,4,12,4,261,0,2,5,19,1833,0,1,2,8,0,1,1,2,11,2,273,4,4,6,11,1688,1,3,3,9,2,2,4,6,3,5,266,5,3,4,27,1531,1,1,3,46,1,2,9,1,18,9,268,1,3,4,4,2020,2,2,4,9,0,1,4,2,3,3,255,1,4,4,18,1719,2,2,1,11,1,0,7,1,18,8,258,5,2,4,6,1853,5,2,4,9,3,1,4,3,6,6,258,3,4,3,6,1576,0,0,4,8,1,1,3,3,1,2,265,4,2,4,9,1664,0,1,2,8,1,1,4,4,8,7,256,1,2,3,16,1691,0,1,2,9,0,0,2,3,13,3,248,3,1,5,6,2249,0,0,0,6,0,1,1,2,3,3,268,2,3,5,26,2574,3,1,2,15,2,1,2,2,3,4,263,1,3,8,8,2114,1,3,4,7,2,2,4,3,2,3,277,2,3,4,49,2153,4,4,3,35,1,1,4,2,3,5,284,3,4,5,41,2423,3,3,1,23,2,3,4,3,8,6,freqmine_IndirectBP
835,526,491,537,516,3724,483,506,509,501,482,482,512,529,525,523,268,4,2,4,5,1571,4,2,3,4,2,3,2,3,4,3,251,4,2,1,3,1926,2,3,1,3,1,1,3,3,4,4,272,4,1,4,4,1915,4,3,4,3,2,2,2,2,5,4,257,4,3,4,5,1652,3,6,1,2,1,0,4,4,5,2,268,3,3,0,0,2027,1,1,1,2,4,4,4,2,4,3,247,4,0,4,7,1784,1,2,0,1,1,2,2,4,4,2,257,4,2,3,4,1802,2,4,1,0,1,2,2,4,2,1,258,3,0,2,4,1613,1,2,1,3,1,1,2,1,4,4,257,3,2,4,5,1644,4,7,1,2,1,0,5,1,7,7,246,3,0,3,2,1662,0,1,0,1,0,0,1,0,2,2,245,2,0,2,1,2221,0,4,4,2,0,1,2,2,2,0,262,3,3,3,3,2579,1,4,2,3,2,1,4,2,5,2,269,4,2,3,2,2096,3,3,1,3,2,2,1,5,8,2,269,4,5,6,4,2058,2,4,4,5,6,4,5,8,5,6,265,5,2,2,3,2274,1,6,4,2,3,0,1,3,4,4,freqmine_IndirectBP
860,546,496,519,526,3627,495,512,510,507,489,493,497,539,518,545,279,5,4,6,6,1698,4,7,6,5,3,3,5,7,7,6,256,2,1,4,3,1855,1,1,3,1,1,0,1,2,2,3,268,4,4,4,4,1906,3,5,4,4,4,2,3,5,5,4,274,4,2,3,4,1593,2,1,5,2,1,3,2,4,8,3,270,5,1,2,4,1933,1,4,3,3,2,0,0,1,4,3,256,2,0,2,4,1866,1,2,2,2,3,1,1,3,4,1,264,3,2,4,5,1775,2,3,3,6,6,3,2,5,6,2,260,1,0,5,1,1658,1,4,1,2,0,3,3,2,3,2,261,3,0,4,6,1824,1,2,3,0,0,4,2,2,6,0,252,0,1,2,4,1765,2,2,1,0,2,2,1,2,3,2,253,1,1,2,4,2308,3,1,2,3,3,1,1,3,3,4,252,3,1,2,1,2590,1,1,3,1,0,3,0,4,3,3,276,4,3,3,3,2200,2,2,4,1,1,3,5,2,2,5,266,6,3,4,7,2266,3,5,6,3,3,3,4,4,7,5,280,3,3,4,4,2350,2,2,3,3,1,4,4,4,4,2,freqmine_IndirectBP
870,521,507,528,531,3678,497,540,525,511,492,497,527,542,566,553,266,2,2,3,6,1633,3,7,6,2,4,3,3,3,6,6,259,1,3,1,3,1874,0,13,4,2,1,1,3,2,7,7,266,3,3,5,3,1851,2,12,5,2,1,2,3,1,6,6,272,2,2,2,8,1685,1,19,4,2,3,2,3,4,12,7,279,3,5,3,4,2051,3,6,3,3,3,5,5,2,4,5,253,1,2,3,2,1755,1,9,5,4,3,0,3,3,8,5,262,3,1,1,2,1816,3,5,9,4,2,5,4,3,5,12,266,6,5,2,5,1595,3,11,8,3,5,2,5,5,5,7,266,2,3,1,6,1805,0,13,5,3,3,1,4,4,19,5,253,4,1,1,2,1734,3,11,6,4,2,2,3,3,11,5,253,2,1,3,2,2315,1,11,3,1,1,2,2,2,5,4,268,2,2,3,4,2529,2,23,6,5,3,1,2,3,4,6,275,4,2,2,4,2141,2,11,6,4,4,2,3,3,6,4,289,3,3,7,3,2072,5,45,5,6,6,6,4,7,8,9,280,4,3,6,6,2307,4,27,9,6,5,4,6,5,9,9,freqmine_IndirectBP
1165,726,696,709,703,4392,686,716,695,688,665,666,688,732,708,737,368,3,8,7,4,1974,2,5,3,6,2,3,3,5,4,2,357,3,3,3,4,2274,4,4,3,4,1,1,3,5,6,3,365,2,3,3,1,2102,3,4,2,2,1,3,1,6,1,5,363,4,2,4,1,1941,4,5,2,3,0,1,2,2,3,3,365,3,3,4,4,2236,4,4,3,3,0,1,1,1,3,3,351,8,3,4,4,1985,4,7,4,5,5,5,3,6,5,6,374,8,8,8,12,2028,9,9,4,6,5,4,6,7,12,11,356,2,3,4,3,1932,4,3,2,4,1,4,2,4,3,5,351,2,1,3,1,1934,4,4,1,4,1,0,2,2,4,4,339,1,2,2,1,2084,2,3,1,1,1,0,1,2,2,4,339,3,2,3,3,2214,2,3,4,2,1,1,1,3,1,3,350,2,2,3,2,2431,2,4,2,1,0,0,3,3,2,3,376,2,4,7,3,2320,4,4,2,3,2,2,2,5,1,5,359,0,4,4,3,2331,4,5,5,4,2,2,4,2,2,3,377,3,8,7,5,2502,4,5,3,3,3,1,2,4,2,4,freqmine_IndirectBP
375,327,276,319,310,2997,276,285,291,285,258,273,285,338,314,318,40,3,4,6,7,1461,4,3,2,5,2,3,3,6,7,4,15,4,1,3,3,1890,2,1,3,1,0,1,1,2,7,0,32,4,3,2,3,1438,2,5,4,2,5,1,3,4,6,4,29,5,7,5,7,1530,2,1,3,2,1,1,3,4,8,4,37,2,2,2,0,1867,3,3,2,1,1,1,2,2,2,3,14,3,0,3,4,1526,2,2,2,2,0,0,2,5,6,6,19,2,0,1,7,1499,0,1,3,3,0,2,1,4,4,4,25,3,1,4,1,1363,3,1,3,1,1,1,0,3,4,2,27,2,3,3,7,1324,2,2,5,3,1,1,1,1,10,6,7,2,0,2,2,1456,0,1,0,1,0,0,1,3,4,2,13,1,0,2,3,2057,2,2,1,2,0,0,1,3,2,2,23,4,2,4,2,2165,3,2,2,3,1,1,5,5,2,1,48,3,1,3,4,2005,5,6,3,2,2,3,3,1,5,2,34,4,2,3,6,1668,2,3,4,5,1,2,3,6,3,4,37,5,2,5,6,1853,3,4,3,1,1,2,1,2,3,6,freqmine_IndirectBP
864,524,495,524,516,3904,484,498,503,499,476,485,493,536,533,520,270,4,1,4,4,1813,7,3,4,3,2,2,4,3,6,6,251,2,1,2,2,2193,2,1,2,2,1,1,1,1,2,0,263,5,0,3,4,1818,2,3,2,2,3,1,2,2,7,1,263,6,3,2,5,1822,3,5,2,0,3,4,4,4,5,5,269,1,3,5,2,1863,2,0,2,1,4,3,1,5,2,1,247,3,3,3,4,1790,3,5,1,1,1,3,2,4,6,3,256,6,2,3,10,1851,7,6,3,2,2,6,4,5,9,4,254,4,2,3,2,1735,2,4,2,0,1,1,2,2,4,1,251,3,0,2,2,1599,1,2,1,0,1,4,1,4,3,1,242,3,0,3,4,1820,1,2,1,1,0,1,0,2,3,1,249,1,1,1,3,2101,2,3,0,0,1,1,1,1,3,1,249,3,2,1,3,2267,1,2,2,1,1,2,1,3,3,3,272,4,2,2,5,2065,3,4,2,3,1,2,4,2,7,4,274,8,5,5,6,2210,4,5,3,4,4,4,4,8,8,4,264,4,0,1,2,2442,1,3,2,2,0,2,4,4,3,4,freqmine_IndirectBP
886,529,496,526,525,4031,491,496,506,505,481,494,514,532,523,534,269,4,4,3,4,1738,2,5,3,2,3,2,2,5,4,3,257,5,1,3,0,2170,1,3,1,1,1,0,2,1,2,3,271,2,4,5,3,1925,3,4,3,2,1,2,3,4,1,4,269,2,2,3,2,1693,3,2,3,2,1,2,3,4,3,4,271,3,2,3,5,1998,2,4,3,3,4,1,3,2,5,3,255,5,3,9,4,1700,6,7,6,3,3,2,5,2,6,3,260,2,3,9,5,1799,7,7,5,3,3,4,5,2,7,4,260,3,3,4,4,1600,2,2,3,2,3,3,4,4,2,3,262,4,4,3,3,1574,0,3,4,2,1,0,3,2,1,2,248,1,2,2,0,1774,1,2,3,2,0,0,2,2,1,2,252,2,1,3,1,2139,1,2,3,1,0,0,3,2,2,3,265,2,3,4,4,2215,3,4,4,3,2,2,2,4,4,4,275,5,3,4,4,1974,1,3,5,3,3,2,3,5,1,2,269,1,3,7,4,2186,4,3,5,3,1,2,5,2,3,5,274,4,4,5,5,2499,4,3,3,2,2,1,3,2,4,2,freqmine_IndirectBP
834,518,485,516,506,3963,483,496,506,499,481,486,492,528,521,521,264,4,5,6,2,1737,3,3,4,4,2,5,7,4,4,2,246,3,2,4,4,2142,3,1,2,0,1,2,3,3,2,2,258,5,2,5,2,1866,4,2,2,3,2,2,3,2,5,1,258,7,2,3,3,1695,3,2,3,1,1,2,4,4,4,4,269,3,2,2,2,1954,2,2,2,5,5,8,3,3,4,9,245,6,2,3,3,1612,4,1,1,2,2,2,4,5,3,3,255,8,3,2,4,1720,3,4,2,5,2,1,7,7,9,2,256,4,2,2,1,1663,4,1,2,5,3,1,2,1,4,3,253,2,0,3,0,1546,5,1,1,3,2,1,3,1,6,2,245,3,1,3,1,1792,2,0,2,0,1,1,4,1,3,0,247,5,0,3,1,2006,2,1,0,1,1,3,2,3,3,2,249,5,1,2,1,2153,3,2,0,2,3,2,5,2,2,1,269,4,1,4,2,1857,6,3,1,2,2,3,3,3,6,4,267,5,4,4,3,2112,4,5,2,4,5,4,4,6,5,5,261,3,1,2,1,2361,3,2,4,4,3,5,3,4,5,4,freqmine_IndirectBP
849,539,499,529,517,4006,496,505,503,507,483,498,506,539,526,537,272,4,2,4,6,1920,5,7,4,5,3,3,3,8,6,7,254,3,1,3,0,2217,0,4,2,4,1,1,1,2,4,3,273,3,3,3,2,1859,3,4,3,6,2,2,3,5,4,7,266,6,5,4,1,1895,3,6,2,4,2,1,4,4,5,3,269,2,3,5,3,2214,4,3,2,2,1,1,3,2,2,2,258,6,10,6,6,1795,2,5,4,6,5,1,5,7,7,7,259,7,7,5,3,1900,5,5,5,6,4,2,5,6,5,8,256,3,0,4,1,1802,1,5,1,2,0,1,2,4,4,3,258,4,1,3,2,1712,0,3,1,2,0,2,1,5,3,2,247,4,1,2,2,1900,1,3,1,2,0,1,0,3,2,2,256,2,2,3,1,2101,1,4,2,4,1,2,0,2,3,1,257,4,1,4,3,2327,1,2,3,2,0,0,1,3,3,5,276,5,3,6,3,2148,1,4,3,5,2,3,5,2,3,4,270,5,3,6,5,2322,4,5,5,6,2,4,4,5,4,4,275,6,3,6,4,2516,2,5,2,2,0,0,3,4,2,3,freqmine_IndirectBP
838,521,480,509,499,3968,480,491,500,501,470,474,486,532,510,509,265,6,4,7,6,1795,2,4,5,4,5,4,5,3,3,4,249,4,1,3,5,2038,3,3,1,2,2,1,4,3,4,6,259,7,2,7,4,1940,3,5,4,4,5,4,5,6,5,3,257,4,3,4,7,1757,3,3,3,4,3,2,4,4,2,5,269,2,5,1,5,2062,1,4,2,3,5,3,5,4,3,4,245,4,1,4,4,1799,3,3,2,3,2,1,2,2,2,4,251,2,4,3,7,1791,3,4,1,2,3,2,3,3,5,3,255,5,1,2,5,1711,3,2,3,3,3,4,3,2,1,4,258,6,3,4,5,1739,2,4,3,4,3,3,4,2,5,6,242,2,1,4,3,1790,1,3,2,3,2,1,4,2,4,5,241,4,0,4,4,2084,1,2,2,3,3,1,3,3,1,5,247,4,1,3,3,2125,1,4,1,4,3,3,2,3,4,2,275,8,2,6,6,2100,5,6,4,5,6,4,4,7,6,6,264,5,4,5,5,2234,3,4,4,5,6,3,6,4,6,5,260,3,2,4,4,2551,3,3,2,5,6,4,3,2,3,8,freqmine_IndirectBP
858,531,504,529,507,3987,494,512,516,498,488,504,503,523,518,534,272,3,2,5,4,1685,6,4,5,5,3,4,4,3,5,8,253,2,3,3,1,2102,2,0,3,1,1,3,2,2,2,5,271,2,2,2,2,1801,3,3,2,1,4,5,3,6,4,8,257,7,2,5,3,1622,4,3,5,2,2,4,3,3,6,6,270,4,3,5,3,1843,2,4,4,4,0,4,3,0,2,7,252,8,3,3,1,1746,3,5,3,2,4,7,4,5,7,6,262,10,2,7,0,1882,3,3,5,3,4,7,3,6,11,7,262,4,1,7,1,1643,3,4,3,2,2,3,1,4,3,4,253,3,0,4,2,1407,4,1,3,1,2,2,1,4,2,4,247,5,2,5,3,1737,3,2,3,1,2,2,3,4,2,4,258,4,2,4,2,1951,5,1,4,2,2,2,4,3,5,6,251,2,2,3,2,2139,3,0,1,1,3,2,3,4,3,6,266,2,3,5,2,2009,3,2,2,2,1,2,2,2,3,4,261,6,2,4,3,2188,6,4,2,2,3,4,3,5,4,7,267,6,6,5,3,2354,4,3,3,2,3,3,5,4,5,6,freqmine_IndirectBP
860,528,497,533,512,3918,496,512,508,512,497,497,522,528,535,539,271,4,4,5,4,1746,2,2,4,3,4,3,2,8,6,3,254,3,2,2,2,2081,0,1,3,1,1,0,2,1,2,1,270,7,3,6,3,1767,3,2,6,3,2,1,3,1,3,2,267,2,4,1,1,1756,1,1,4,5,2,1,1,4,1,1,273,3,6,6,5,2009,9,5,4,3,12,5,4,8,4,4,253,1,4,3,1,1754,1,0,5,1,0,0,1,3,4,1,264,2,3,2,0,1954,3,1,4,0,1,2,2,3,5,2,260,2,5,1,5,1718,1,1,4,1,1,1,3,3,3,3,262,3,5,3,3,1580,0,1,2,0,1,1,1,2,4,3,256,1,2,1,1,1767,0,1,2,1,0,1,0,1,2,2,255,2,3,1,3,2055,0,3,3,1,1,0,0,2,3,2,270,3,3,2,0,2278,1,2,3,0,0,1,2,3,2,2,273,2,2,0,2,2160,2,1,4,2,3,2,5,2,1,4,277,1,4,4,2,2244,2,4,6,3,3,6,4,4,7,5,280,2,2,1,2,2512,2,3,5,3,1,1,2,4,4,2,freqmine_IndirectBP
832,517,491,516,516,4006,486,502,503,511,476,486,490,532,510,517,262,3,6,4,4,1815,4,5,4,4,1,1,4,4,1,5,253,2,1,2,3,2118,4,3,1,3,2,1,2,4,2,4,263,0,3,2,2,1879,3,5,2,5,1,0,1,6,3,3,263,4,2,1,4,1853,2,2,3,3,3,4,2,2,5,4,267,2,3,3,6,2102,2,4,0,4,2,2,7,3,5,3,248,3,3,4,4,1725,5,5,1,5,4,3,2,5,2,5,257,4,4,2,4,2002,5,5,4,6,4,6,5,6,1,3,257,2,0,3,0,1761,3,1,1,4,2,2,1,4,3,4,262,3,2,3,3,1576,3,2,3,5,3,2,3,6,3,3,243,0,0,2,1,1853,3,2,2,2,0,0,1,4,1,1,246,2,0,2,2,1997,1,1,2,1,0,2,1,4,0,0,249,2,1,1,3,2200,1,3,3,4,0,0,0,2,2,2,270,6,0,5,3,2014,3,5,2,4,2,2,1,5,6,3,261,4,4,3,4,2107,5,3,4,6,2,1,3,7,3,4,261,3,3,5,3,2424,2,3,1,3,2,3,2,4,3,4,freqmine_IndirectBP
883,538,505,539,536,4010,499,512,544,514,495,495,527,549,570,566,273,2,2,2,5,1837,2,4,11,3,4,3,3,6,6,4,259,2,1,2,3,2127,2,2,13,1,2,1,1,2,4,4,275,4,1,5,4,1878,2,0,10,0,2,4,2,4,3,5,276,2,2,5,5,1837,3,2,25,1,4,2,3,6,2,5,273,6,5,3,2,1983,4,4,15,4,4,4,2,3,5,5,255,3,0,2,3,1592,1,3,12,1,2,3,1,1,2,5,262,4,0,3,5,1969,0,2,10,3,1,0,1,2,6,7,263,2,1,2,4,1671,1,4,10,2,3,4,2,3,6,4,264,0,1,3,5,1680,2,3,15,1,2,2,3,2,3,5,253,4,2,5,3,1865,2,2,9,2,2,1,2,3,4,5,254,1,1,4,3,2090,2,0,9,3,1,0,2,1,2,4,266,1,1,2,4,2321,1,0,24,2,2,3,2,5,5,3,280,1,5,6,4,2088,3,2,13,4,4,2,6,4,4,6,290,2,3,6,6,2260,2,4,47,2,4,2,5,3,2,6,289,3,1,4,3,2536,4,1,26,2,4,3,2,5,5,7,freqmine_IndirectBP
850,541,510,533,528,4001,493,503,524,524,489,497,494,539,524,522,278,5,3,7,7,1894,6,4,4,5,4,4,4,5,3,7,260,3,2,3,2,2165,1,3,1,2,1,1,2,3,2,3,271,2,3,1,2,1958,2,4,2,4,3,1,2,3,0,3,268,6,2,4,6,1855,3,5,5,6,2,1,3,4,2,4,273,2,3,4,5,2035,4,4,2,3,4,4,2,5,1,3,254,3,2,0,4,1654,3,3,4,3,2,2,3,4,1,2,257,3,4,5,2,1938,5,5,6,5,5,6,5,6,2,3,271,6,3,5,13,1608,7,7,0,2,1,1,3,2,10,7,267,7,1,2,4,1578,3,4,2,3,1,1,2,4,2,4,249,2,1,1,3,1825,2,3,1,2,0,0,2,2,2,1,254,2,0,1,1,2016,2,6,1,2,0,0,1,5,5,2,250,3,1,2,4,2181,2,3,3,2,3,1,2,2,1,4,277,5,2,2,5,1940,3,6,0,4,0,4,1,2,4,2,267,3,3,1,4,2251,3,5,6,5,4,5,2,8,7,3,265,8,5,4,6,2472,5,9,3,7,2,3,5,4,3,3,freqmine_IndirectBP
390,306,253,285,282,3204,255,284,286,298,249,248,258,304,294,285,42,4,4,3,3,1395,3,6,4,2,4,4,4,3,9,5,15,2,1,0,3,1754,1,1,0,2,0,0,3,3,4,2,29,4,1,3,2,1512,2,2,3,2,0,2,3,3,1,1,31,2,0,3,3,1486,1,2,1,3,2,1,1,3,8,3,35,1,3,1,4,1921,1,0,1,1,3,2,1,1,0,2,14,2,0,2,3,1510,0,1,1,0,0,1,0,0,10,0,28,3,3,3,2,1605,3,3,1,1,2,0,3,0,9,1,28,2,2,1,3,1493,0,2,0,3,1,1,2,3,1,2,36,4,2,2,8,1524,1,2,3,0,1,2,2,4,9,3,12,2,0,0,2,1485,1,1,2,1,0,0,0,1,4,0,9,4,2,2,2,2111,1,1,1,2,0,0,0,2,1,1,18,3,0,3,1,2174,0,2,2,1,0,0,0,1,1,2,39,3,5,3,4,1981,0,0,3,3,2,2,2,4,1,3,36,3,4,6,1,1780,2,4,2,1,3,3,2,3,5,3,28,2,1,2,1,1929,2,0,2,4,1,1,2,3,2,0,freqmine_IndirectBP
827,514,477,522,514,3896,489,489,499,488,467,482,483,521,516,526,261,4,4,4,3,1947,4,5,2,4,3,2,4,3,8,4,246,2,1,2,3,2245,2,2,0,1,0,0,0,2,1,4,265,7,3,6,3,1956,2,4,3,3,0,3,1,4,6,3,265,5,3,3,3,1685,2,3,2,2,2,5,3,3,5,5,262,8,6,6,6,2136,6,3,4,5,6,5,8,5,5,10,250,4,1,3,1,1794,2,2,0,3,1,1,0,2,3,4,250,4,2,2,3,2003,2,2,2,2,1,1,2,2,1,1,257,2,2,4,6,1699,0,3,2,3,1,2,1,4,6,3,248,1,3,4,2,1591,1,3,2,2,2,2,0,4,3,2,240,3,1,1,0,1945,1,2,1,1,0,1,0,2,2,4,246,2,2,2,4,2027,1,2,2,1,1,2,1,2,2,3,246,4,2,1,1,2173,0,3,0,1,0,1,2,4,3,4,264,4,2,4,3,2096,2,2,3,4,3,2,1,6,3,6,264,7,4,6,4,2184,4,2,3,4,3,4,3,2,3,8,270,3,4,4,4,2512,3,2,4,2,2,4,5,7,7,4,freqmine_IndirectBP
860,533,492,521,516,4086,485,511,498,521,492,480,509,526,523,532,274,5,4,7,5,1960,3,5,5,5,3,4,3,7,3,7,251,4,2,3,0,2264,0,1,3,1,0,1,2,2,3,2,268,1,3,2,2,2057,1,3,3,2,2,0,3,3,3,5,265,4,3,3,3,1901,3,2,3,4,2,2,4,4,2,3,266,9,7,3,6,2086,3,8,7,5,6,3,4,2,6,7,249,0,3,3,3,1702,0,1,5,1,1,0,3,3,5,4,263,4,3,6,3,1959,2,2,3,4,3,2,5,5,8,6,259,1,3,3,3,1767,2,2,2,2,0,1,2,3,6,2,268,3,2,3,4,1784,1,3,0,4,0,1,4,2,4,4,251,1,1,3,3,2033,1,1,1,2,0,0,2,1,3,1,246,2,2,1,0,2214,0,0,1,2,0,0,0,2,3,3,262,2,1,4,2,2297,1,2,3,3,2,0,2,2,3,3,270,4,4,2,3,2092,2,2,3,2,1,1,4,1,3,4,269,2,3,3,2,2095,3,6,2,4,2,1,4,3,4,4,270,5,4,4,2,2540,2,3,1,3,2,2,1,2,2,3,freqmine_IndirectBP
824,519,490,525,507,3947,485,495,499,503,474,487,491,517,514,524,260,3,4,5,3,1727,3,3,3,2,2,2,5,3,4,5,249,1,3,0,1,2113,0,3,0,3,2,1,3,3,3,3,267,5,1,6,5,1727,4,0,0,3,2,4,3,2,3,4,260,2,0,3,2,1727,1,3,2,2,1,2,3,2,3,4,270,6,4,4,2,2026,4,4,3,6,4,4,2,4,4,4,246,2,1,4,0,1657,1,2,1,2,2,3,2,0,1,2,252,1,1,0,2,1984,1,3,3,2,2,4,2,1,0,1,254,5,1,1,2,1640,1,1,0,3,4,2,2,1,2,5,255,3,1,4,2,1501,3,2,6,2,3,3,3,3,3,5,242,4,2,1,2,1950,1,2,2,4,2,2,2,3,4,3,246,2,1,5,2,2103,2,3,2,3,2,2,4,3,3,5,246,2,4,2,4,2191,0,0,1,2,1,2,1,2,2,4,261,2,0,5,3,2006,1,3,2,3,3,4,2,5,5,5,262,2,5,6,5,2146,3,2,6,4,5,7,5,7,4,5,267,1,2,4,2,2540,4,1,5,3,3,3,5,4,3,8,freqmine_IndirectBP
831,528,498,530,511,4117,500,512,509,501,489,491,511,538,528,530,271,3,3,4,6,1873,4,4,4,5,5,5,5,5,7,5,253,2,0,3,3,2242,3,1,2,1,0,1,1,0,3,3,271,4,1,1,2,1989,1,4,3,3,1,2,1,7,4,3,259,3,2,3,4,1823,3,2,1,3,2,1,2,2,4,5,265,2,4,2,4,2072,5,5,2,1,2,4,3,3,3,2,259,3,3,1,2,1724,3,3,3,4,2,2,2,5,4,3,263,3,3,4,2,2012,3,1,3,3,2,1,2,2,3,6,262,3,1,3,2,1683,3,1,3,3,0,1,2,0,5,3,256,2,3,2,3,1656,2,2,0,3,1,0,1,2,3,1,250,3,1,2,2,1987,1,1,1,0,0,0,2,1,1,2,250,4,0,1,2,2022,2,1,1,0,0,2,1,1,1,2,262,4,1,2,2,2187,4,3,3,2,2,3,3,6,3,3,278,3,3,2,4,2042,5,1,0,2,1,3,4,1,1,3,269,6,5,5,5,2188,5,4,3,5,4,2,2,2,8,2,271,5,3,4,5,2501,2,2,1,1,2,2,1,3,2,2,freqmine_IndirectBP
825,513,480,504,498,3935,478,485,499,492,472,480,486,523,510,514,259,2,4,6,2,1833,2,3,4,4,3,3,2,4,2,3,246,5,3,3,1,2090,2,1,2,2,1,2,1,5,3,3,253,3,5,4,2,1815,2,2,3,1,4,4,3,1,3,4,253,4,3,4,2,1647,3,0,2,1,1,1,1,3,1,2,264,2,4,4,2,1994,1,1,2,2,3,0,0,1,2,4,240,2,2,3,3,1625,0,0,3,1,0,0,1,0,3,3,247,2,1,3,3,1797,1,2,2,3,0,0,1,3,4,2,253,4,5,5,2,1787,5,2,3,3,3,2,4,7,2,5,252,4,1,1,1,1560,0,1,1,2,2,2,2,3,2,4,240,1,2,3,2,1949,0,0,1,2,0,1,0,3,1,3,246,1,3,3,1,1898,0,2,2,1,1,2,1,3,2,2,245,2,2,3,3,2193,0,0,1,2,1,1,1,0,3,4,266,4,2,5,3,2113,0,3,5,3,1,2,2,4,7,3,262,4,3,4,3,2099,3,4,2,2,1,2,4,7,2,9,262,2,2,2,1,2501,1,5,2,4,2,2,5,3,7,5,freqmine_IndirectBP
873,541,528,546,555,3998,499,520,519,517,496,498,566,539,591,552,278,5,4,2,4,1728,3,4,3,3,1,2,13,6,8,4,271,0,1,2,5,2059,1,1,2,2,2,1,16,1,9,4,283,3,1,0,3,1784,3,2,3,4,1,2,12,4,11,3,285,1,3,2,2,1654,1,4,1,2,2,4,30,6,30,2,270,3,3,0,2,1963,5,1,5,4,3,3,14,3,9,5,256,3,1,2,3,1631,1,2,0,1,0,3,12,6,8,2,268,3,2,2,1,1918,0,3,2,0,2,4,15,3,8,3,266,6,1,3,7,1692,2,5,2,1,2,3,14,1,15,3,263,2,2,5,2,1610,2,1,2,0,1,2,9,4,7,1,253,1,1,2,2,1949,2,1,2,1,0,1,8,2,10,1,255,1,0,2,4,1991,1,0,1,2,0,1,7,2,4,3,274,4,3,3,3,2171,3,6,5,1,1,3,18,6,82,10,276,3,3,2,3,2121,2,2,1,3,3,2,13,5,4,7,286,0,2,4,6,2106,2,2,4,4,3,5,44,4,36,8,281,2,4,4,4,2413,2,1,4,1,1,3,21,6,27,3,freqmine_IndirectBP
822,510,489,527,505,3875,491,511,509,503,473,480,497,529,504,531,257,1,2,6,3,1855,4,2,3,4,3,2,3,2,6,6,247,2,2,4,1,2072,2,2,2,0,0,1,0,2,2,2,264,4,3,6,1,1940,3,4,1,1,2,1,5,4,2,4,256,1,2,6,4,1838,3,2,3,2,1,2,1,2,1,3,263,1,1,4,2,2143,4,4,2,3,1,2,1,5,2,1,251,2,2,5,2,1724,4,2,3,2,2,1,2,1,4,3,257,4,3,5,2,1901,3,1,2,4,1,0,0,3,4,3,258,3,2,2,1,1619,3,3,5,2,1,1,1,3,2,2,258,3,2,2,3,1628,2,4,2,4,2,0,1,2,2,2,242,2,1,2,0,1965,1,1,0,2,0,0,0,1,0,2,243,2,3,4,2,2147,3,2,2,3,1,1,3,4,1,1,256,4,3,5,8,2372,4,2,4,4,3,4,1,4,4,7,270,2,2,5,3,2074,3,3,3,2,1,3,2,3,1,3,262,5,5,6,9,2159,5,4,5,3,5,2,7,7,6,9,274,4,3,4,4,2413,5,3,2,3,2,1,4,3,2,4,freqmine_IndirectBP
840,534,502,573,539,3945,502,508,524,504,487,495,511,561,545,540,274,2,3,16,5,1863,2,4,3,2,3,4,5,13,3,3,257,2,1,16,4,2174,2,1,1,4,1,1,2,11,1,4,282,2,4,8,10,1829,3,2,5,5,2,5,5,33,17,9,277,2,3,27,5,1649,3,0,2,4,2,2,2,26,4,4,270,3,6,8,6,1994,2,1,3,2,2,2,3,9,5,4,255,1,2,12,4,1651,1,1,2,2,2,0,2,15,4,3,262,1,1,13,5,1938,3,3,2,1,3,1,5,14,3,4,265,2,3,12,2,1703,2,2,1,2,2,2,4,11,2,6,256,2,1,11,5,1544,2,1,2,0,0,3,3,15,2,4,247,1,1,7,2,1854,1,1,1,0,0,1,3,12,1,3,254,2,1,5,5,2176,2,2,2,0,1,4,2,7,2,5,259,3,2,23,6,2196,2,3,2,1,2,1,4,19,7,4,271,4,3,11,5,2043,4,3,2,3,0,2,4,8,8,5,279,3,2,51,8,2225,4,4,3,3,2,3,3,38,13,5,275,3,4,22,3,2354,3,3,4,2,3,3,3,22,5,5,freqmine_IndirectBP
839,519,486,519,490,4010,482,492,495,511,477,484,496,527,506,515,265,3,5,2,1,1848,4,3,5,5,2,1,2,4,4,4,249,3,0,0,1,2113,0,2,2,0,1,0,2,3,3,3,264,4,3,5,3,1825,2,2,2,3,2,1,3,4,5,2,251,5,1,2,1,1734,0,4,2,0,1,0,2,5,0,2,265,1,3,3,4,1999,2,1,2,5,3,3,3,2,3,5,246,4,0,1,2,1660,2,2,0,1,2,2,1,4,2,4,251,1,2,3,2,2009,1,0,1,1,1,2,0,6,1,4,256,2,1,4,2,1623,1,2,2,3,2,1,1,6,2,2,264,2,2,3,1,1642,3,1,1,2,3,0,1,2,3,3,242,1,0,2,1,1957,1,0,1,2,1,0,0,2,1,1,247,1,1,2,0,2149,0,0,1,1,1,0,0,3,2,2,255,2,1,2,3,2240,1,2,3,2,2,2,2,5,2,4,275,3,3,4,5,2089,3,5,5,5,9,5,6,6,7,6,261,2,4,5,3,2188,2,2,4,3,3,3,4,5,4,7,263,4,2,1,2,2561,2,4,3,3,2,3,4,3,6,3,freqmine_IndirectBP
854,527,497,518,515,3975,489,513,515,502,490,490,497,548,520,532,266,2,2,4,5,1865,4,2,3,5,4,2,4,5,5,4,251,1,2,3,0,2119,1,2,2,2,1,2,1,3,1,1,267,2,2,3,6,2021,2,4,6,4,4,1,1,5,7,6,261,0,2,3,2,1695,4,2,3,1,4,1,2,4,2,3,270,3,5,3,4,2108,2,7,5,3,7,4,5,2,2,3,249,2,1,3,1,1601,2,3,4,5,2,1,1,3,4,3,261,5,1,4,3,1986,3,5,5,6,4,1,1,3,5,4,259,3,2,3,3,1721,3,3,4,5,1,1,1,4,1,2,253,4,1,3,1,1815,2,3,5,3,1,0,1,5,0,1,251,4,1,3,3,1949,2,3,3,2,2,1,3,4,3,3,249,0,0,1,2,1991,2,3,2,3,1,0,2,3,2,2,251,1,1,3,2,2291,2,1,2,2,2,2,0,3,3,2,280,6,3,5,11,2061,3,4,6,6,2,4,4,3,10,3,266,4,2,3,4,2155,5,4,3,3,4,2,3,6,7,1,273,2,3,6,4,2557,5,4,3,4,4,3,3,5,1,6,freqmine_IndirectBP
487,369,328,368,373,3496,322,377,341,339,312,314,364,378,409,389,47,4,3,3,9,1619,3,10,3,5,2,2,4,6,7,5,17,2,0,2,4,1954,0,11,2,2,1,1,1,3,6,4,40,4,2,1,5,1715,2,10,2,3,1,2,2,4,5,7,42,3,2,2,10,1637,1,30,2,3,1,2,3,4,13,4,37,2,1,2,0,1960,1,9,1,3,1,1,2,2,5,3,13,2,0,1,3,1755,1,9,2,1,1,0,3,3,7,3,32,2,1,3,4,1745,0,4,7,3,1,3,2,4,8,10,27,2,2,4,1,1540,2,6,4,1,1,1,2,2,3,4,29,1,1,3,7,1667,1,9,1,4,1,0,2,1,17,3,11,2,1,2,4,1615,0,9,1,1,0,1,3,3,5,4,12,1,0,1,1,2096,0,6,2,0,0,2,2,2,2,3,35,2,2,1,3,2276,1,29,0,1,2,2,2,4,5,4,43,4,2,4,2,2130,3,7,2,2,2,0,4,2,6,5,57,5,3,2,5,1881,3,46,3,5,3,3,5,5,2,8,42,4,2,2,5,2020,2,23,3,3,3,4,6,4,7,7,freqmine_IndirectBP
829,513,490,519,502,3992,470,484,488,484,471,482,499,518,526,535,260,3,4,5,3,1906,3,6,2,1,3,4,3,6,5,5,252,4,4,5,6,2091,4,3,2,3,3,2,2,3,4,7,267,4,2,5,6,1752,4,5,0,3,1,4,5,2,10,4,256,2,2,3,2,1684,1,3,3,4,1,4,0,2,3,3,262,4,5,4,1,1892,1,1,1,3,1,0,1,1,2,1,239,0,3,5,2,1599,1,2,2,2,1,2,2,2,2,3,247,1,3,3,3,1771,0,3,2,0,1,2,5,2,2,3,250,2,3,4,2,1679,1,1,1,2,2,2,3,1,3,4,250,1,2,2,2,1568,0,2,2,0,0,4,2,2,5,4,239,1,4,3,2,1893,2,3,3,2,1,3,2,4,2,4,246,4,3,4,3,2100,1,4,4,2,2,4,3,3,4,3,255,4,3,4,1,2192,1,3,3,3,3,1,1,2,7,4,269,1,3,3,5,1981,3,3,2,2,2,3,2,5,11,6,270,2,4,4,3,2069,2,5,3,4,2,5,3,5,6,8,273,4,6,5,3,2479,2,5,5,3,3,3,3,5,6,4,freqmine_IndirectBP
853,541,493,521,538,3984,498,504,521,509,488,494,504,532,530,541,276,5,4,6,7,1799,3,4,6,7,2,3,4,3,7,3,251,2,0,0,1,2115,0,2,3,1,0,0,4,3,3,2,265,4,4,3,5,1733,2,3,4,3,2,3,1,5,4,3,276,7,5,4,4,1695,2,4,5,2,2,1,3,4,5,3,268,3,0,1,3,2047,2,2,3,2,3,1,2,4,4,6,252,4,2,0,2,1719,1,1,1,2,1,0,0,3,2,3,256,2,2,5,5,1922,3,1,3,4,2,4,1,4,3,4,265,4,1,1,2,1709,1,4,2,3,1,3,1,4,5,1,257,4,1,3,4,1469,3,2,1,3,1,1,2,1,3,1,248,2,0,2,2,1816,1,1,0,2,0,0,1,0,5,2,251,2,1,3,1,1974,1,1,1,2,0,0,1,3,2,2,256,4,1,1,4,2193,0,2,1,2,0,2,3,4,3,1,268,5,2,4,6,2016,1,2,2,2,2,3,4,2,5,3,270,6,4,7,8,2094,5,2,5,6,6,4,6,5,5,5,275,4,1,3,4,2481,2,2,0,3,2,2,2,4,5,6,freqmine_IndirectBP
861,515,495,518,522,3903,489,511,508,515,482,518,515,534,565,540,263,2,1,3,3,1892,3,4,3,3,2,15,4,5,8,7,253,1,1,2,3,2183,1,1,2,3,0,15,1,1,4,3,264,3,0,3,2,1837,2,2,1,1,1,13,4,4,12,5,268,3,1,3,2,1750,2,2,1,2,2,20,3,3,6,7,263,1,5,2,4,2190,2,2,2,1,0,17,5,2,5,2,253,2,1,2,3,1851,0,2,1,2,1,15,3,2,6,4,264,6,2,1,2,1959,2,5,2,4,2,16,2,4,8,7,261,1,3,5,5,1679,2,2,1,1,1,12,3,2,6,6,265,2,2,2,1,1582,2,4,2,2,1,10,3,4,5,5,247,3,1,1,3,2026,1,3,1,0,0,9,1,1,4,3,250,2,1,2,5,2196,3,2,0,2,0,1,4,4,10,9,261,3,4,5,3,2269,3,2,3,1,1,13,3,3,13,7,275,2,2,4,3,2136,4,4,3,4,0,11,4,1,13,6,289,5,3,3,6,2152,3,7,5,2,3,42,3,6,14,8,276,2,2,3,2,2467,4,5,4,2,0,23,5,5,7,5,freqmine_IndirectBP
863,530,506,540,544,4094,499,505,514,513,492,499,511,534,544,566,270,5,5,5,8,1840,4,4,4,3,6,3,5,5,4,17,258,3,1,1,2,2254,2,1,1,2,3,1,1,0,4,17,274,5,3,1,3,1921,1,3,3,4,3,2,4,4,4,20,276,3,1,2,3,1792,2,3,2,4,2,5,3,3,4,25,276,5,4,3,4,2155,1,1,2,3,5,1,1,1,3,12,254,2,0,1,1,1729,2,1,2,1,2,1,1,2,3,14,260,1,1,1,3,2027,0,1,3,0,2,1,3,2,2,14,260,4,1,3,3,1818,2,1,2,1,3,2,2,3,3,13,260,3,2,3,5,1671,0,0,2,4,2,2,3,1,2,11,248,1,1,1,2,1896,1,0,2,1,1,0,2,2,2,10,264,2,2,2,14,2290,1,5,4,5,3,2,2,2,17,27,260,2,2,3,3,2309,2,2,1,4,3,1,2,3,2,18,270,5,2,3,5,2113,2,2,3,1,3,2,3,6,5,11,278,5,3,5,4,2272,5,2,4,6,5,6,6,3,7,43,273,6,3,6,7,2675,3,2,3,4,4,4,4,2,3,17,freqmine_IndirectBP
806,520,492,520,512,3946,486,500,505,502,479,480,489,533,511,516,265,3,3,4,2,1812,3,3,4,4,2,3,4,4,7,4,252,3,2,3,3,2076,1,3,3,2,1,1,3,6,3,2,268,4,2,5,4,1903,2,1,4,1,3,1,1,1,3,2,261,3,4,4,3,1901,1,1,4,2,2,0,0,4,1,5,263,2,1,1,2,1977,2,3,3,1,1,3,3,3,2,2,246,3,2,4,2,1753,0,1,1,2,0,1,4,1,1,5,250,4,2,5,1,2085,3,0,1,3,0,1,2,3,1,3,256,2,3,1,2,1724,0,3,3,2,1,1,3,3,2,4,256,2,1,2,0,1609,3,3,2,1,2,1,0,4,3,3,245,2,2,3,2,1886,1,2,4,3,1,3,1,2,2,2,245,2,3,2,1,2067,0,0,1,1,1,0,1,2,1,2,247,6,3,4,2,2208,2,2,5,1,1,2,3,3,3,3,272,4,4,3,2,2076,2,4,3,5,3,1,3,2,4,5,261,2,6,5,5,2090,2,6,5,3,3,3,3,5,1,5,263,2,8,4,8,2416,3,6,7,5,5,4,5,9,8,5,freqmine_IndirectBP
879,583,550,554,527,3879,505,528,545,522,529,495,506,531,571,559,284,10,21,8,7,1858,5,5,6,7,14,4,8,5,11,9,276,10,10,5,6,2191,2,1,5,4,21,3,6,3,10,7,295,10,13,7,3,1880,4,6,3,5,12,2,6,4,5,6,292,30,25,3,3,1832,3,3,3,3,21,2,4,1,5,2,281,12,12,5,3,2021,5,4,5,6,13,3,5,5,6,7,268,7,10,4,3,1696,1,1,4,1,14,1,3,2,5,2,284,10,10,2,3,1987,0,4,3,2,15,1,4,2,5,4,291,11,11,5,5,1743,6,4,6,5,13,3,5,5,8,5,274,8,9,4,4,1603,0,1,3,4,9,1,4,2,4,4,261,7,6,2,3,1900,0,2,2,1,5,2,6,4,6,5,255,3,2,3,4,2007,2,1,2,2,4,2,2,2,8,3,265,25,25,5,4,2203,4,4,4,5,17,3,4,4,5,5,275,8,8,5,4,2131,2,2,5,2,5,3,4,3,3,3,331,44,44,5,4,2228,4,2,6,4,38,4,6,5,9,7,318,30,30,6,7,2312,4,4,5,5,20,3,7,4,20,8,freqmine_IndirectBP
836,522,489,519,514,3794,521,495,487,493,484,481,505,512,505,528,268,4,2,3,9,1783,15,3,3,3,2,3,4,4,5,5,249,3,2,1,7,2156,15,2,0,1,1,0,3,2,4,4,265,6,1,3,3,1728,15,2,2,2,0,4,5,3,3,5,259,3,0,2,1,1704,32,2,2,3,1,2,4,3,1,5,261,1,1,2,4,2104,10,1,2,2,2,1,1,1,3,4,249,5,1,1,3,1572,10,4,2,3,1,0,3,3,5,5,253,2,3,4,1,1753,11,2,4,5,1,2,3,3,2,4,248,1,1,2,3,1701,7,1,3,2,0,2,2,1,1,4,252,3,0,1,1,1661,9,2,2,1,1,2,3,2,0,3,248,3,3,2,10,1823,14,2,1,2,0,0,8,1,8,7,247,1,0,2,3,2040,3,3,2,2,0,3,2,0,2,3,256,1,3,3,3,2104,22,3,2,4,2,1,2,4,2,4,260,5,2,3,2,1930,7,4,1,3,3,0,2,3,2,6,257,4,3,6,2,2058,42,4,3,6,3,3,2,2,3,4,270,3,3,3,7,2465,32,4,3,4,3,3,3,4,3,5,freqmine_IndirectBP
877,533,508,542,582,3873,503,512,510,545,490,498,523,538,563,567,271,1,2,4,23,1866,5,2,3,11,4,3,4,5,12,5,262,0,2,2,20,2167,0,2,2,10,0,2,4,2,10,5,280,1,3,5,14,1924,0,3,3,13,4,1,2,4,4,6,277,3,3,2,30,1757,5,3,3,43,3,3,7,6,18,11,274,1,1,2,8,2032,2,4,3,10,4,4,3,2,4,7,260,0,0,1,29,1678,1,1,1,14,1,3,6,1,16,10,260,4,0,1,13,1935,2,2,1,11,1,2,4,3,3,4,260,1,1,3,9,1781,1,2,0,14,2,2,3,3,3,5,266,2,1,5,12,1716,2,3,1,11,4,3,4,5,12,10,252,1,0,2,18,1926,0,1,1,7,0,1,1,1,13,2,255,2,1,4,11,2170,1,1,1,4,0,1,1,3,6,5,265,5,2,2,22,2203,2,2,2,18,1,2,4,3,5,4,274,2,3,2,9,1965,3,3,4,8,0,3,5,4,7,4,284,3,2,4,49,2161,2,4,4,38,3,3,5,6,5,5,287,3,2,5,38,2594,4,2,4,23,3,4,4,6,9,7,freqmine_IndirectBP
842,520,493,506,507,3997,479,494,499,492,472,490,481,519,502,528,265,5,5,4,5,2021,2,6,3,4,1,2,2,4,7,6,250,3,3,2,4,2120,2,2,4,3,1,2,2,4,8,3,257,4,2,2,2,1869,3,3,3,1,0,3,1,2,7,4,258,6,4,7,3,1657,0,3,4,1,0,2,1,3,8,8,255,2,6,3,2,1923,5,1,0,1,4,0,0,2,3,2,244,2,2,5,4,1669,2,2,3,1,1,0,0,0,7,3,253,3,3,4,3,1876,3,4,4,2,2,3,1,2,5,7,255,2,3,1,1,1738,3,3,4,2,1,1,1,1,6,4,253,3,4,2,7,1486,2,5,4,1,0,1,1,3,8,10,242,2,2,0,1,1958,1,2,2,1,0,1,0,3,7,3,250,3,4,3,4,2166,2,3,3,2,3,2,3,3,5,4,244,2,2,3,2,2207,1,3,3,3,0,2,0,0,3,4,266,2,3,5,5,2007,0,2,2,3,4,3,0,4,3,4,255,2,4,3,7,2080,3,3,3,2,3,5,3,4,5,6,269,4,5,4,4,2573,1,6,4,2,2,3,3,3,5,3,freqmine_IndirectBP
833,530,502,522,522,3973,500,499,505,502,487,487,511,538,534,547,271,3,3,3,4,1977,5,2,4,2,6,4,3,3,8,4,258,4,1,2,0,2205,4,2,1,1,3,0,2,2,7,2,267,3,1,2,4,1940,4,2,2,2,3,0,5,2,0,3,267,1,1,0,6,1816,5,1,1,3,4,2,2,3,7,4,275,3,1,1,3,2069,4,2,5,2,1,2,4,1,4,4,255,4,3,1,3,1755,3,3,2,2,3,1,3,6,7,4,253,1,1,3,2,1814,3,2,2,3,3,0,1,5,3,1,258,3,2,4,5,1806,3,2,2,2,3,2,3,4,3,2,257,4,1,2,8,1585,4,0,2,1,3,2,2,3,9,5,250,2,1,3,4,2100,3,2,2,1,3,1,3,1,5,4,248,2,0,2,2,2236,2,1,3,1,2,1,1,2,1,2,259,1,2,3,1,2305,4,2,2,0,3,1,2,5,4,2,273,3,4,1,2,2177,6,3,2,3,2,2,3,2,3,4,275,7,6,6,5,2082,7,5,5,7,6,4,6,5,11,9,279,4,3,4,5,2396,6,3,2,6,5,3,3,4,8,5,freqmine_IndirectBP
379,308,265,280,288,3204,260,290,279,281,241,247,257,303,288,289,42,3,4,7,3,1429,2,5,5,2,3,3,3,2,5,3,22,3,1,1,1,1812,1,2,1,0,1,0,1,2,2,1,31,2,2,3,2,1529,1,2,3,3,2,1,1,2,3,1,33,5,1,1,3,1722,2,5,2,1,0,2,1,1,2,5,40,2,2,1,2,2160,3,0,2,1,1,2,3,2,0,2,17,1,1,2,2,1558,1,2,1,1,0,0,1,3,2,3,36,7,7,7,12,1753,6,2,2,2,2,0,2,3,9,5,24,4,2,1,4,1484,1,2,0,2,1,1,2,4,2,3,28,3,2,3,4,1530,1,2,2,0,1,1,2,4,2,5,7,2,2,2,0,1561,0,2,1,1,0,0,1,1,1,1,7,2,0,0,1,2071,1,1,1,2,1,0,1,1,2,0,15,1,1,2,1,2388,1,4,3,3,1,0,1,2,0,2,41,4,2,1,4,2179,2,2,3,4,1,3,2,5,2,2,35,1,1,4,3,1867,3,6,3,2,3,1,2,4,3,3,36,4,2,4,4,2026,3,0,3,4,2,0,2,3,1,2,freqmine_IndirectBP
831,518,491,513,532,3925,481,515,490,498,475,483,499,520,535,534,267,3,3,4,4,1981,2,16,3,5,1,2,6,6,8,4,253,1,1,2,5,1973,0,11,2,1,1,1,1,3,5,4,262,2,2,4,3,1886,2,14,2,1,1,3,2,4,6,4,275,3,2,4,6,1669,1,25,2,0,1,4,2,4,11,4,262,2,4,3,6,2116,2,12,1,2,2,4,2,5,4,3,247,3,0,2,1,1577,2,12,1,1,0,1,2,0,6,4,250,2,1,0,3,1864,1,8,6,1,1,3,4,4,8,5,252,3,1,0,1,1865,0,8,0,1,1,2,1,2,2,3,258,0,2,1,9,1577,1,16,0,3,1,1,2,2,14,1,243,1,2,1,1,1954,2,10,1,2,1,2,2,3,7,3,245,1,0,2,3,2222,2,7,1,2,1,0,3,2,5,2,253,4,1,2,3,2086,1,15,0,3,2,3,4,2,3,6,265,4,1,6,6,2083,0,11,3,1,1,2,4,4,3,3,270,3,3,3,6,2188,3,42,2,4,2,3,4,3,3,2,271,4,3,3,4,2475,3,28,2,1,4,2,4,4,5,5,freqmine_IndirectBP
823,527,497,517,517,3946,496,508,507,508,479,493,498,528,529,542,265,4,2,5,5,1946,4,2,5,3,3,2,2,4,7,5,253,2,0,2,0,2083,2,1,2,2,1,1,2,1,5,1,263,3,4,1,2,1728,1,2,3,4,2,2,0,3,3,3,263,4,2,1,2,1669,3,2,4,4,1,1,3,0,4,2,269,3,3,2,1,1970,3,1,4,1,3,2,3,0,4,3,254,1,2,1,3,1749,0,0,3,1,1,1,1,4,2,1,265,3,5,4,9,1878,5,2,1,1,1,2,3,2,14,6,257,2,2,5,3,1803,3,2,4,2,1,1,2,3,4,4,258,5,0,3,3,1602,1,2,5,0,1,0,1,4,5,4,244,4,1,3,3,1946,1,2,3,1,0,0,0,3,4,2,250,1,2,2,1,2174,1,1,2,0,0,1,1,3,4,4,252,2,2,1,3,2212,2,2,2,1,0,1,0,2,1,1,269,4,3,1,1,2224,3,2,3,5,4,2,2,2,5,5,269,5,3,5,4,2124,2,3,6,2,4,3,2,6,5,6,276,3,2,4,3,2544,3,3,5,3,1,5,3,5,6,6,freqmine_IndirectBP
805,515,484,520,508,3939,484,497,492,491,480,487,484,523,512,511,264,2,5,5,1,2017,2,4,1,2,3,4,1,2,3,7,245,3,1,2,0,2220,0,2,1,0,0,1,1,2,1,3,266,6,1,7,4,1871,2,3,3,3,2,2,4,4,3,6,259,4,1,5,2,1845,0,2,2,1,2,2,0,4,5,4,268,3,2,5,2,2327,1,3,1,2,4,5,3,7,2,5,243,1,0,4,1,1715,0,2,0,1,0,1,2,3,2,4,257,5,2,5,6,1998,2,4,3,3,2,1,2,5,3,6,252,4,1,2,4,1807,1,3,2,2,1,2,3,2,5,3,248,1,2,4,2,1707,1,1,0,2,1,2,0,1,3,3,245,2,0,2,0,1963,0,2,0,0,0,1,0,1,1,4,249,4,0,2,3,2305,1,3,2,2,1,1,0,1,3,2,244,2,1,4,1,2320,1,2,3,1,0,0,0,1,3,3,266,4,1,3,7,2220,1,4,3,1,1,2,2,3,5,3,264,3,4,4,6,2359,2,5,2,4,2,4,3,4,7,4,258,4,2,4,5,2575,0,3,2,4,4,1,2,2,3,3,freqmine_IndirectBP
823,527,489,529,507,3854,483,492,500,502,479,493,495,534,513,522,268,7,4,6,8,1941,6,6,7,6,4,3,8,8,7,6,252,4,2,3,4,2268,1,1,1,2,0,0,1,2,2,6,269,2,2,2,3,1728,3,5,1,1,2,3,2,3,5,5,259,3,2,3,5,1799,3,3,3,2,2,1,1,7,5,5,262,3,4,0,3,1975,2,3,3,2,1,2,1,2,3,2,246,6,2,1,3,1658,3,4,1,4,2,2,1,3,4,3,255,2,1,3,7,1770,3,2,4,3,2,5,2,4,4,3,253,3,2,2,3,1877,1,3,0,2,1,3,1,3,1,4,258,3,1,1,2,1602,3,3,1,2,1,2,3,2,3,3,244,3,0,1,3,1883,2,2,2,1,0,0,2,1,3,1,250,1,1,2,1,2359,2,4,1,3,0,0,3,2,1,4,249,3,1,2,1,2174,1,2,1,2,2,3,0,6,5,3,272,3,2,6,3,2005,3,3,1,2,1,1,4,4,4,5,262,6,3,5,4,2289,4,4,6,5,3,3,7,5,4,8,265,3,4,6,3,2506,4,4,3,1,0,3,2,4,5,1,freqmine_IndirectBP
1407,887,844,886,880,4635,851,858,869,866,835,861,849,896,889,907,449,3,3,8,5,1991,3,3,4,5,2,4,2,5,5,3,428,1,1,1,1,2432,2,1,3,2,1,2,2,3,4,2,450,4,1,5,3,1864,3,2,3,5,1,3,2,2,6,4,448,4,1,2,1,1884,1,3,4,4,1,4,3,2,1,1,453,2,4,3,7,2207,2,4,6,4,1,4,2,5,5,6,430,2,0,5,2,1838,1,1,5,1,0,2,0,4,3,2,433,4,0,3,3,1883,1,3,3,1,1,3,2,3,5,3,440,2,1,2,3,1805,2,2,4,4,2,1,0,2,5,3,436,4,1,4,4,1787,2,4,8,4,4,3,2,5,4,4,422,1,2,3,0,2002,2,2,3,2,0,2,1,4,3,4,436,2,2,4,4,2311,3,3,5,3,2,5,1,5,7,2,428,3,3,3,3,2239,0,1,3,1,2,2,4,1,2,4,454,4,2,3,1,2110,1,2,5,4,2,4,1,4,3,4,450,2,2,5,4,2159,4,6,5,4,5,6,2,8,3,3,461,4,4,4,4,2375,3,6,5,5,2,4,2,6,5,8,freqmine_IndirectBP
480,261,236,261,266,2583,242,254,250,246,234,244,253,272,284,271,135,2,3,1,4,1892,2,4,2,3,4,5,2,2,3,4,124,0,1,2,0,1973,0,2,1,0,0,1,1,2,2,2,137,5,2,4,1,1873,1,3,2,3,3,2,3,5,3,3,136,2,1,2,2,1870,2,3,3,2,1,2,1,3,5,4,143,1,2,2,3,1927,2,4,2,2,4,4,3,2,3,2,124,1,2,1,1,1841,0,2,0,1,3,1,4,2,1,2,131,4,4,4,3,1832,2,3,3,4,2,3,3,5,5,2,128,2,1,1,2,1883,1,2,1,1,1,2,5,4,2,2,132,1,2,5,2,1891,1,1,0,4,0,1,1,2,0,1,123,2,0,2,1,1928,1,1,1,1,1,1,3,2,1,2,126,5,2,2,2,1917,0,2,1,1,1,1,2,1,2,3,131,0,1,2,1,1924,2,3,3,2,1,1,0,3,3,1,142,2,3,4,3,1905,4,5,2,2,2,3,4,5,4,2,150,3,4,6,5,1902,4,4,3,2,3,3,4,2,9,6,139,3,2,4,2,1923,3,2,3,3,4,2,4,1,4,3,freqmine_IndirectBP
1899,1197,1162,1192,1191,3373,1135,1165,1166,1138,1137,1178,1162,1189,1205,1193,604,7,3,9,8,2049,9,9,8,6,6,2,6,7,6,7,588,7,5,7,7,2087,6,6,4,5,4,1,4,3,5,4,601,6,3,7,8,2080,7,7,4,5,4,1,4,7,4,9,604,7,3,6,9,2036,6,6,4,4,5,1,5,6,8,6,590,4,5,5,3,2064,3,7,6,4,3,3,4,4,4,6,571,6,5,7,9,2031,7,7,3,5,4,3,3,4,7,7,587,5,4,8,9,2038,8,8,7,5,6,5,5,6,8,8,589,3,2,3,3,1994,0,4,1,1,1,3,1,2,2,2,574,8,4,5,7,2013,6,6,3,4,4,0,4,5,9,4,573,5,3,7,8,2003,5,6,3,5,4,1,4,2,5,3,598,5,2,7,6,2034,6,6,4,3,4,2,4,5,5,6,585,6,2,5,8,2011,6,6,2,5,3,1,5,6,7,4,601,7,3,5,10,2016,6,6,4,7,5,3,6,6,7,7,607,7,5,6,7,2016,6,9,5,9,6,5,7,8,4,4,601,6,5,8,8,2055,7,7,4,4,3,5,6,7,4,6,freqmine_IndirectBP
2986,1927,1869,1914,1907,3808,1871,1887,1901,1889,1869,1873,1893,1931,1935,1928,972,7,5,9,8,1885,5,7,5,8,7,9,8,9,11,10,941,5,0,5,5,1879,4,3,7,5,4,4,4,4,7,8,965,7,5,5,7,1883,4,5,7,4,6,9,8,4,9,7,960,8,8,9,8,1881,5,6,7,8,6,7,8,7,7,10,967,5,4,6,7,1877,5,5,6,2,6,7,5,4,6,4,943,9,3,4,8,1876,3,5,5,4,8,8,10,7,6,8,952,12,3,5,11,1878,3,9,2,3,7,8,10,8,10,8,956,5,2,5,3,1877,4,4,3,5,3,5,5,7,6,7,952,6,3,6,4,1880,4,6,5,4,6,7,6,7,8,9,941,7,4,5,4,1874,3,4,4,4,6,6,3,6,7,7,943,7,3,4,5,1873,2,5,4,5,5,6,5,5,6,7,951,9,4,7,5,1875,2,6,6,3,4,6,6,6,5,8,973,7,4,9,5,1876,6,6,6,5,5,5,8,6,8,7,974,8,5,8,8,1875,6,6,6,4,6,6,7,7,11,11,970,9,3,4,6,1874,2,4,5,7,5,5,5,5,8,9,freqmine_IndirectBP
3010,1958,1875,1938,1921,4162,1870,1876,1908,1902,1848,1867,1873,1906,1911,1930,988,8,8,9,9,2038,8,8,9,8,9,7,12,12,9,9,955,7,6,7,8,2156,3,5,2,4,5,5,9,6,5,6,985,8,4,8,8,2130,6,6,6,8,7,5,7,10,4,6,977,11,8,12,11,2133,8,9,5,8,10,5,10,8,10,10,972,11,9,10,8,2049,13,8,9,14,12,8,7,9,4,8,947,14,15,17,14,2007,12,13,12,14,12,9,13,14,12,9,952,14,14,17,17,2006,12,12,15,18,14,9,14,14,16,9,968,6,6,8,7,1973,8,4,7,7,6,6,6,7,4,6,964,9,7,7,8,1991,5,6,6,5,4,5,7,4,4,6,936,6,3,5,5,1993,5,5,4,4,3,4,6,4,2,3,944,6,2,6,5,2010,5,2,5,4,4,4,6,5,5,5,948,6,4,4,4,1999,7,2,5,6,5,3,4,5,5,3,967,9,3,4,7,2076,5,4,5,6,5,7,6,6,3,7,970,9,7,7,6,2072,6,7,7,9,7,7,8,6,4,4,978,10,8,10,8,2121,10,9,10,6,7,9,9,8,5,9,freqmine_IndirectBP
3017,1944,1877,1938,1949,3828,1895,1886,1928,1909,1867,1870,1898,1949,1942,1961,980,8,8,9,9,1896,9,7,7,7,4,5,4,9,10,13,943,6,5,4,3,1888,7,3,6,4,2,0,3,4,8,9,977,7,9,7,6,1888,8,8,6,5,4,5,6,4,10,10,982,8,8,9,8,1892,8,8,7,8,5,5,6,9,8,10,987,9,5,8,10,1898,11,13,10,18,12,12,16,15,17,20,958,8,7,11,8,1885,8,7,8,9,5,5,8,6,7,12,953,6,7,10,8,1884,9,7,7,9,5,3,6,7,9,11,969,6,4,5,5,1885,6,5,5,6,6,3,5,6,8,10,960,6,4,5,5,1888,7,3,5,3,4,3,4,6,7,10,940,5,5,4,5,1882,7,4,5,4,2,1,4,6,8,10,941,5,4,4,4,1876,4,4,3,4,3,2,2,4,5,9,954,7,7,8,6,1888,7,7,5,5,6,5,6,8,6,10,980,8,6,7,6,1885,9,7,9,7,7,4,8,10,10,11,975,6,6,9,9,1885,9,6,6,4,7,4,5,9,11,12,986,7,6,6,7,1888,6,6,5,7,6,2,4,10,10,12,freqmine_IndirectBP
363,307,256,287,280,3218,248,264,278,265,244,252,265,283,297,302,45,2,5,4,4,1559,3,2,4,5,2,3,4,6,6,5,19,4,1,3,1,1879,0,0,1,2,0,0,0,3,1,2,27,4,0,3,1,1648,2,1,1,1,1,1,3,1,1,3,28,4,2,1,2,1681,1,1,3,3,2,0,1,5,4,1,29,0,2,1,0,1976,1,2,1,0,3,1,1,1,1,0,8,3,0,1,2,1531,0,0,2,1,0,2,1,2,4,0,19,2,2,1,3,1695,1,2,2,1,0,3,1,2,7,3,28,2,1,2,2,1491,2,2,3,2,1,1,1,1,4,4,20,3,0,1,1,1438,0,2,2,2,0,2,2,1,4,0,8,0,1,1,2,1522,0,0,1,1,0,0,0,1,1,2,12,2,1,2,3,2135,1,1,1,2,0,0,1,0,3,4,18,3,0,1,2,2390,1,0,1,1,1,2,2,2,4,3,26,1,1,3,2,2168,1,4,2,0,2,1,1,3,2,4,34,7,3,3,5,1832,2,2,6,4,1,4,4,3,7,4,35,2,3,3,3,2094,2,3,2,1,2,4,2,4,2,3,freqmine_IndirectBP
3074,1987,1900,1961,1962,3822,1903,1909,1979,1935,1878,1883,1901,1988,2014,1964,1007,9,7,10,13,1885,9,9,23,13,12,8,9,12,11,13,964,7,3,9,10,1874,5,6,19,7,6,4,3,8,6,9,992,9,5,10,12,1881,7,7,21,12,8,4,4,12,8,13,995,10,4,8,11,1878,9,8,34,10,7,7,5,9,12,14,1019,49,43,46,55,1913,32,31,50,32,40,41,36,37,47,40,962,9,6,9,13,1876,9,8,20,11,11,5,3,11,9,9,972,10,5,10,14,1876,10,7,22,10,11,8,4,10,11,10,990,9,6,10,15,1876,7,8,17,12,12,12,8,12,10,13,982,7,4,9,12,1877,4,8,21,10,6,4,4,10,9,11,951,7,4,8,6,1873,7,5,18,8,5,4,5,9,7,8,954,7,2,8,8,1871,5,6,14,8,3,3,4,8,6,7,964,6,3,7,8,1874,5,3,28,9,6,3,3,10,7,8,1005,11,7,11,12,1879,6,8,16,13,10,7,7,11,12,13,1024,12,12,13,16,1878,10,13,58,16,12,10,10,16,12,15,995,10,9,14,13,1881,9,9,33,11,9,10,8,12,11,12,freqmine_IndirectBP
3048,1969,1898,1942,1940,3909,1901,1898,1948,1946,1887,1899,1909,2006,1952,1962,991,10,10,11,11,1942,7,7,11,12,8,10,7,14,11,11,955,4,5,6,5,1952,3,1,7,7,5,4,4,8,6,7,981,8,8,8,7,1917,6,6,10,9,7,9,7,8,10,9,976,7,8,10,9,1922,7,7,11,12,8,8,7,12,9,9,983,7,8,7,7,1910,9,9,12,10,9,9,10,9,8,9,956,7,5,5,7,1899,4,3,8,7,6,6,6,7,5,6,953,6,6,5,6,1912,4,3,6,7,5,5,4,9,4,6,985,11,9,7,17,1904,8,7,11,10,8,8,13,10,16,14,982,11,9,10,10,1909,10,7,13,13,12,11,10,14,10,10,948,7,5,5,8,1906,4,4,8,9,8,6,5,9,8,8,954,6,5,4,6,1906,3,4,8,8,8,6,4,9,7,7,959,5,5,4,5,1925,2,3,8,7,5,4,3,9,5,5,1009,8,8,8,11,1932,7,7,12,12,9,10,10,11,9,10,981,6,5,8,7,1924,5,5,10,10,8,9,6,10,7,8,988,10,7,6,10,1930,4,5,9,11,8,7,7,10,8,11,freqmine_IndirectBP
3035,1949,1869,1934,1919,3803,1870,1881,1916,1904,1856,1872,1896,1982,1949,1934,983,7,5,8,7,1876,6,6,7,7,6,5,8,8,8,6,942,6,4,6,6,1870,3,4,6,5,1,4,4,5,4,4,976,9,5,8,9,1874,4,5,7,8,5,4,5,9,5,7,972,10,7,9,10,1875,5,5,5,6,5,5,6,7,7,8,983,12,12,16,11,1874,12,8,7,11,9,7,6,13,10,13,945,5,3,5,4,1864,2,2,4,4,1,1,4,5,5,3,955,6,1,7,5,1865,2,4,5,4,1,2,4,5,6,4,969,6,6,8,5,1870,4,2,5,6,2,4,4,6,7,5,961,6,5,8,5,1869,3,5,4,6,2,3,6,7,7,7,938,5,3,7,2,1863,2,2,3,5,3,2,4,5,6,3,946,4,3,7,4,1863,3,2,4,3,1,4,4,7,5,5,958,8,5,8,7,1867,5,4,6,6,3,5,7,8,7,9,1000,9,6,10,5,1872,5,5,6,7,4,5,7,8,7,5,985,10,7,11,9,1869,5,5,8,7,5,4,8,9,10,6,977,8,5,11,4,1872,7,4,8,6,4,5,7,7,5,8,freqmine_IndirectBP
3056,1992,1901,1961,1976,4044,1922,1911,1939,1911,1872,1894,1929,2003,1954,1967,1005,11,9,12,13,1946,11,9,11,10,7,6,10,11,8,12,956,7,4,7,8,2022,9,3,7,5,6,2,6,8,8,8,991,8,8,8,10,1977,10,6,8,6,6,6,9,8,10,8,996,10,10,11,12,1984,11,9,11,9,7,6,9,11,12,10,993,12,17,11,20,1951,25,20,17,11,15,16,14,13,16,11,968,11,6,8,11,1912,9,7,9,7,7,6,9,9,7,10,960,7,3,6,8,1904,7,4,5,6,4,3,5,6,3,5,975,10,5,8,9,1893,9,5,8,6,5,6,8,9,11,9,962,9,4,5,10,1900,9,5,8,4,5,3,5,8,5,6,944,8,4,5,11,1889,7,5,7,4,4,4,6,8,5,9,954,7,3,4,8,1906,5,4,5,4,3,2,4,7,4,6,974,9,5,7,9,1921,9,7,7,7,7,4,6,11,7,8,1011,10,6,7,12,1962,10,8,9,7,7,6,10,11,8,11,988,8,5,6,9,1954,10,7,7,6,7,5,9,10,7,10,990,10,6,6,11,1953,8,6,7,8,9,4,8,12,8,10,freqmine_IndirectBP
3029,1958,1872,1940,1933,3808,1880,1893,1911,1906,1846,1857,1895,1978,1946,1934,984,6,5,7,7,1872,7,6,7,7,7,7,6,12,13,10,948,6,2,5,6,1868,3,4,3,4,1,2,4,6,5,7,978,8,3,6,8,1871,4,6,6,7,3,2,3,10,6,11,975,9,3,7,8,1875,6,6,5,7,4,5,4,9,9,9,985,5,5,6,5,1865,5,4,4,8,4,4,6,8,4,8,949,6,5,6,5,1866,4,5,5,6,2,2,3,8,9,7,956,9,4,7,8,1866,5,6,9,7,5,5,5,10,10,10,972,15,11,13,14,1875,14,15,14,15,13,6,10,15,18,16,963,8,4,8,6,1868,4,6,6,7,3,4,6,9,10,9,930,4,2,5,2,1861,3,3,5,5,0,0,1,7,8,6,935,4,1,5,4,1862,3,3,6,6,1,2,3,6,6,6,954,6,4,5,6,1866,5,3,6,4,2,1,4,9,9,7,998,11,6,10,8,1864,7,7,9,9,8,6,8,12,13,12,982,10,8,8,13,1866,7,7,10,8,6,5,6,12,13,11,976,8,6,9,8,1869,7,8,8,6,3,6,6,10,11,10,freqmine_IndirectBP
2720,1768,1658,1717,1737,3781,1669,1689,1714,1699,1652,1668,1687,1762,1726,1749,895,10,9,10,12,1711,8,10,9,10,6,8,7,10,8,11,834,4,5,4,4,1787,4,4,6,4,3,3,3,6,8,7,866,6,6,6,5,1742,7,6,6,5,4,7,6,7,8,7,878,6,7,7,6,1725,6,8,9,8,4,7,7,9,9,8,871,12,15,8,12,1716,9,10,11,13,14,13,13,8,12,10,843,6,4,5,7,1712,4,5,6,4,5,6,4,7,6,7,854,5,5,5,6,1683,6,5,6,5,4,6,4,7,5,7,866,8,9,7,9,1668,6,8,7,7,5,9,9,11,8,10,858,6,4,4,7,1690,5,5,7,4,4,6,4,8,4,7,835,6,3,2,5,1685,4,4,4,3,2,4,5,7,4,6,843,8,5,4,6,1696,5,7,5,5,4,5,4,8,7,7,850,5,4,4,4,1717,3,5,5,5,4,6,2,8,5,6,889,8,6,5,8,1720,6,6,8,6,5,7,7,9,7,9,874,8,8,9,8,1739,9,9,9,9,8,11,9,11,8,12,882,8,8,6,8,1729,6,7,7,9,7,5,6,10,8,8,freqmine_IndirectBP
869,546,457,523,501,1673,462,476,495,488,427,441,472,542,508,512,279,5,4,5,5,467,5,5,6,6,5,5,6,7,8,7,236,6,2,4,5,557,3,4,3,4,2,3,2,6,2,3,269,7,3,5,8,457,3,5,5,6,3,2,3,8,4,5,259,7,3,4,8,450,5,5,4,5,3,4,3,7,3,7,266,4,4,6,7,467,5,4,4,6,4,4,3,5,3,6,237,5,4,4,5,449,3,5,4,6,2,2,3,6,4,4,246,7,4,4,6,440,3,4,5,5,2,2,3,7,4,5,256,5,3,4,4,452,3,5,4,4,2,3,3,6,5,4,253,6,4,7,6,475,4,5,4,6,2,2,4,7,6,4,219,3,1,3,2,453,1,3,2,2,0,1,1,4,4,2,228,3,1,4,5,452,2,2,4,3,1,1,1,5,2,4,241,5,2,3,4,476,3,3,5,4,1,1,4,6,4,4,282,8,6,9,8,517,6,8,7,8,5,6,6,7,8,6,263,7,6,6,9,461,5,6,7,7,4,3,4,7,6,5,263,9,4,9,8,534,6,7,7,5,2,6,5,6,6,6,freqmine_IndirectBP
901,554,459,517,516,1650,471,475,497,481,443,441,493,542,558,508,283,7,5,8,8,451,5,6,6,6,6,5,20,8,12,9,235,4,1,2,3,496,2,1,3,2,3,0,19,4,12,4,266,7,3,7,5,455,5,4,5,4,5,4,21,6,15,6,266,6,3,6,6,435,3,4,5,6,4,2,21,7,29,5,269,5,3,2,5,460,5,3,3,3,5,3,16,3,11,4,243,5,1,4,4,421,2,2,3,3,4,1,17,5,13,3,244,5,1,4,5,433,3,3,3,4,4,3,18,5,13,4,255,6,2,5,6,435,3,3,4,5,4,2,18,6,11,4,247,6,1,3,5,451,3,3,4,4,5,3,17,5,11,6,229,5,2,4,4,442,3,2,3,4,4,2,16,5,13,5,226,6,1,3,3,448,1,3,2,2,3,0,11,4,9,2,246,7,4,8,7,456,4,4,5,6,5,3,14,9,92,5,277,7,3,5,7,522,4,4,5,5,5,3,19,7,11,7,272,6,3,8,5,448,6,6,6,6,6,6,43,9,41,11,261,6,3,3,5,542,2,2,3,5,5,2,20,7,34,5,freqmine_IndirectBP
1771,1153,1142,1058,1028,4038,1003,1070,1213,1057,1145,1087,1106,1090,1139,1160,584,8,24,9,7,2460,5,5,69,28,34,40,38,28,35,7,558,4,21,6,6,2236,1,3,68,24,33,48,50,29,32,8,536,5,21,7,5,1980,2,3,49,21,31,35,29,29,27,7,520,4,23,7,5,1906,2,3,66,23,31,42,33,33,35,5,581,41,86,19,15,2115,16,17,163,78,100,111,100,96,97,39,508,3,17,5,4,1882,0,1,42,20,25,32,26,23,23,6,542,4,20,6,4,1927,1,2,54,18,32,33,27,27,25,5,561,7,34,7,9,1875,5,6,68,25,67,48,44,39,39,9,519,5,24,6,5,1818,3,2,58,19,26,32,33,29,27,6,555,6,25,8,7,2303,3,4,49,27,34,51,37,29,32,10,515,4,26,4,3,1906,0,1,50,24,28,39,34,41,37,10,525,6,34,7,7,1868,3,5,60,31,38,45,34,37,37,10,529,7,25,7,5,1968,3,2,51,28,37,40,32,32,41,9,559,12,34,9,12,2102,5,4,56,28,40,49,37,35,40,16,584,5,35,9,5,2060,4,5,85,39,50,67,47,51,51,7,freqmine_IndirectBP
17711,10101,10367,10864,10522,12353,10117,9969,10246,10144,10157,10286,10723,10404,10406,10447,5388,421,686,716,718,2450,721,689,702,678,660,665,678,717,684,712,5393,491,645,703,714,2313,763,748,748,713,672,687,691,700,668,699,5481,466,663,667,687,2059,853,711,694,637,640,640,664,668,648,669,5435,533,689,703,662,2108,756,758,673,705,665,661,637,664,640,703,5816,524,811,897,835,2303,923,1001,800,752,712,724,749,755,756,861,5393,390,623,664,638,2056,723,764,690,614,600,610,619,649,635,637,5296,389,627,650,706,2059,727,719,634,646,617,597,623,635,616,652,5297,454,664,687,662,2004,772,752,623,668,672,618,630,662,671,691,5260,446,631,664,716,1976,753,775,654,650,715,608,619,663,675,658,5262,452,660,651,722,2503,728,718,646,722,645,659,653,697,717,653,5289,452,703,684,700,2004,730,711,666,649,641,584,718,663,630,658,5369,503,678,742,689,2022,758,730,691,636,667,684,631,741,657,688,5325,442,657,703,700,2097,754,714,682,681,717,638,653,645,729,680,5393,496,668,663,671,2158,745,735,715,686,700,623,634,686,624,715,5396,566,775,739,716,2230,770,752,846,839,747,776,784,752,762,729,freqmine_IndirectBP
371,293,257,301,288,3260,267,262,275,263,246,251,266,296,288,294,33,3,3,3,5,1421,4,5,3,2,2,3,3,1,3,3,13,0,1,1,2,1880,0,2,1,1,1,1,2,0,3,3,41,3,3,1,3,1614,2,4,2,3,1,2,2,4,4,3,30,3,1,6,2,1620,3,2,3,1,1,3,2,1,1,3,30,3,1,3,2,2146,0,1,0,3,1,2,0,0,2,2,20,2,1,3,2,1599,1,3,2,2,1,0,2,1,1,4,21,2,0,1,6,1748,0,0,2,3,0,0,1,1,2,3,24,3,0,2,2,1534,1,2,1,1,1,1,3,3,0,1,21,1,1,2,1,1508,2,0,1,2,1,0,1,3,1,4,10,2,0,2,2,1563,1,0,1,0,0,0,1,2,2,1,12,3,0,2,1,2167,1,2,0,1,0,1,1,3,0,2,23,2,1,1,1,2316,2,2,3,0,0,0,1,4,1,0,35,4,3,3,2,2130,3,1,3,1,2,1,4,2,2,0,33,1,2,5,1,1788,3,4,1,3,4,2,4,3,3,5,35,3,2,3,3,1922,2,3,4,3,1,1,1,1,5,0,freqmine_IndirectBP
25811,18265,17802,18856,17886,17971,17733,17152,17764,17763,17724,17857,18363,17835,17845,17744,9273,1397,1306,1370,1329,1295,1280,1213,1293,1323,1340,1314,1342,1361,1371,1380,9184,1372,1219,1304,1282,1244,1237,1170,1286,1642,1280,1273,1303,1237,1303,1245,9486,1371,1228,1175,1247,1277,1253,1192,1237,1303,1210,1220,1228,1212,1267,1264,9197,1336,1260,1212,1169,1250,1238,1187,1186,1252,1211,1181,1224,1207,1226,1216,9641,1239,1335,1338,1247,1320,1315,1252,1308,1316,1287,1315,1318,1236,1227,1334,9434,1103,1096,1116,1117,1237,1225,1173,1097,1116,1092,1117,1110,1103,1121,1120,9153,1119,1116,1135,1127,1220,1212,1169,1129,1149,1129,1106,1138,1124,1122,1151,9132,1277,1222,1196,1187,1253,1249,1182,1150,1170,1171,1178,1183,1241,1176,1200,9122,1314,1204,1202,1276,1267,1255,1191,1172,1154,1266,1201,1153,1231,1256,1205,9132,1345,1210,1224,1277,1250,1235,1180,1186,1303,1161,1257,1221,1292,1281,1184,9144,1342,1278,1208,1220,1246,1241,1176,1177,1204,1257,1144,1251,1266,1268,1242,9171,1336,1212,1333,1221,1259,1259,1191,1225,1193,1161,1179,1244,1217,1206,1227,9140,1350,1223,1225,1252,1260,1250,1190,1205,1268,1305,1219,1213,1205,1286,1243,9226,1320,1250,1235,1248,1256,1254,1182,1186,1271,1246,1191,1212,1225,1190,1226,9132,1469,1293,1350,1271,1261,1244,1176,1393,1401,1269,1271,1390,1452,1263,1251,freqmine_IndirectBP
20488,14488,13619,14385,13672,14300,13991,13691,13530,13503,13465,13611,13982,13632,13642,13595,7533,1133,854,851,847,1302,1280,1257,839,820,867,874,823,811,915,886,7465,1229,791,863,852,1291,1264,1244,842,865,833,850,853,814,874,841,7712,1147,797,763,762,1307,1285,1254,783,832,789,775,791,794,804,801,7489,1138,790,771,725,1297,1275,1250,752,719,819,782,736,782,754,809,7735,1028,802,809,733,1290,1260,1248,787,773,782,789,776,747,747,798,7599,979,684,715,682,1283,1252,1238,681,692,690,688,691,700,701,703,7438,1027,715,738,691,1277,1247,1231,709,711,713,692,715,719,692,725,7415,1120,762,797,742,1301,1273,1247,732,793,782,744,756,784,757,765,7402,1138,788,795,751,1307,1279,1247,795,725,765,765,742,773,792,776,7399,1190,775,775,888,1295,1272,1245,770,770,781,792,757,777,818,774,7420,1164,838,740,792,1290,1270,1242,725,741,774,705,783,815,801,836,7463,1144,781,847,760,1293,1279,1253,816,782,789,763,814,779,787,796,7425,1164,790,801,792,1297,1276,1248,773,777,807,824,785,761,834,794,7466,1171,797,791,767,1292,1272,1245,800,788,813,783,792,800,746,791,7444,1306,833,864,848,1297,1275,1248,867,890,812,841,894,918,842,804,freqmine_IndirectBP
10561,6112,5955,6069,6023,7467,7964,7832,5961,5968,5897,5926,5952,6045,6068,6048,4471,75,30,89,45,1487,2042,1883,27,38,34,32,36,47,64,46,4442,91,34,58,49,1485,2063,1887,38,42,38,37,41,50,41,38,4476,81,31,52,47,1487,2045,1875,35,47,42,38,41,55,54,41,4468,107,37,87,51,1492,2059,1896,39,61,44,44,42,65,47,49,4440,61,15,28,17,1467,2025,1871,16,21,18,14,14,30,16,17,4378,43,7,23,10,1460,2019,1856,12,23,13,8,10,16,11,10,4387,48,8,26,14,1463,2026,1852,11,20,12,9,10,20,12,16,4438,87,33,59,42,1486,2054,1868,36,46,47,44,37,53,56,42,4440,76,35,60,48,1487,2055,1870,38,35,44,44,45,65,64,45,4394,73,32,50,42,1482,2048,1883,33,39,42,35,36,48,41,32,4411,52,19,35,30,1478,2050,1885,22,21,28,19,28,36,29,26,4441,97,39,74,47,1490,2070,1904,41,53,43,45,42,74,51,44,4474,80,37,54,50,1483,2060,1901,39,34,39,41,37,48,54,45,4494,120,39,90,53,1493,2073,1913,43,73,50,46,42,92,47,44,4485,101,37,77,46,1487,2069,1904,37,65,44,43,45,78,44,45,freqmine_IndirectBP
10040,4225,4101,4218,4133,6340,5291,5625,4105,4075,4018,3999,4105,4163,4233,4202,4421,77,88,87,73,2135,1347,1577,88,82,83,72,72,75,78,71,4375,55,55,57,43,2115,1322,1542,52,49,47,43,52,47,53,54,4401,79,75,72,57,2112,1334,1566,73,69,76,60,62,59,74,74,4333,60,64,53,44,2098,1321,1555,59,50,52,47,52,52,60,58,4448,49,46,47,37,2103,1323,1553,46,42,47,38,39,50,45,47,4281,42,47,44,36,2081,1299,1573,41,37,47,35,36,47,44,42,4285,41,43,45,36,2094,1306,1531,37,36,47,33,38,44,39,38,4303,63,76,68,60,2107,1329,1561,62,68,61,50,62,61,58,62,4307,64,67,62,58,2102,1322,1558,61,71,62,55,64,65,73,72,4285,59,67,66,52,2113,1322,1548,67,63,57,51,62,65,63,61,4299,67,66,64,55,2086,1308,1541,64,60,57,53,52,57,61,60,4362,61,66,59,50,2106,1326,1547,63,59,58,45,53,55,55,60,4413,80,75,76,71,2131,1337,1576,76,72,69,58,75,71,84,78,4422,67,74,68,56,2121,1323,1545,58,56,57,48,56,56,60,60,4687,68,78,73,57,2130,1342,1569,66,63,63,59,62,62,71,68,freqmine_IndirectBP
7939,2974,2890,2992,2977,2960,2875,2901,2919,2892,2842,2902,2888,2915,2926,2941,4309,30,23,29,29,23,19,25,23,21,21,36,27,33,23,24,4253,26,16,25,24,12,5,7,28,26,15,40,20,27,31,23,4296,28,22,25,27,28,21,18,23,16,16,32,18,23,25,22,4298,21,15,20,21,14,10,13,19,20,14,50,16,17,22,25,4300,30,27,34,31,27,24,27,30,25,24,45,29,26,26,29,4233,33,23,38,29,20,18,19,24,19,20,33,21,26,25,24,4248,31,26,30,25,22,23,21,26,24,29,36,27,25,27,27,4237,22,16,21,16,13,8,13,18,16,29,32,24,23,20,22,4234,23,18,22,19,17,11,11,18,17,19,32,24,23,18,24,4215,17,13,13,12,8,12,11,25,14,14,18,13,28,11,12,4234,15,10,13,12,12,13,14,10,11,9,17,13,17,19,16,4256,20,15,22,22,10,9,13,28,18,16,43,19,27,21,26,4274,27,18,29,29,22,18,16,27,22,27,35,25,23,23,25,4252,19,23,16,17,14,12,10,20,18,15,53,16,23,19,19,4308,21,16,22,18,13,9,10,20,22,19,38,18,23,27,21,freqmine_IndirectBP
5095,1560,1475,1528,1522,1555,1463,1497,1503,1499,1421,1454,1474,1532,1559,1586,2271,9,6,8,10,7,8,5,6,7,5,7,6,6,8,18,2237,5,4,5,3,5,4,1,1,1,1,2,3,1,6,17,2260,5,5,6,7,7,5,4,5,5,4,4,4,6,8,19,2268,7,5,6,6,4,4,5,4,3,2,5,7,7,11,34,2266,8,7,7,12,8,7,8,7,8,8,8,7,8,11,23,2208,5,6,6,7,12,7,7,7,7,4,7,8,6,9,23,2224,7,7,5,8,9,7,7,5,6,3,7,8,7,12,23,2226,7,5,5,6,5,4,4,3,4,3,4,5,6,6,19,2242,7,4,5,4,5,5,4,4,4,3,3,5,5,8,15,2188,5,2,2,3,3,2,3,2,2,0,2,3,4,4,13,2223,10,5,9,15,10,6,7,6,7,4,4,12,6,23,56,2248,6,3,3,6,4,4,4,4,4,2,3,5,7,6,16,2260,7,6,5,8,8,6,6,7,6,5,6,7,8,12,19,2262,10,7,9,11,8,8,8,7,8,5,7,8,10,10,45,2390,10,6,7,8,8,7,7,7,6,5,5,5,9,10,28,freqmine_IndirectBP
6555,2309,2211,2297,2266,2287,2209,2236,2271,2237,2169,2206,2236,2302,2314,2315,3384,12,9,14,9,14,8,11,21,10,6,8,10,13,16,15,3319,6,5,11,5,9,5,8,20,5,3,5,7,8,10,11,3372,10,6,9,7,9,7,10,20,7,2,4,6,7,12,13,3350,10,6,9,6,10,6,7,41,6,4,4,6,8,12,11,3361,21,21,22,16,18,25,20,35,19,12,17,18,21,26,25,3321,15,9,15,13,13,15,14,30,15,11,16,18,13,19,19,3334,18,14,24,15,14,18,21,31,15,14,16,17,15,24,21,3331,7,5,8,4,7,4,6,12,8,2,4,6,8,14,11,3341,8,4,8,6,7,4,6,15,5,1,4,5,7,12,11,3301,5,4,6,3,6,3,4,11,3,0,1,2,6,9,7,3325,7,5,7,6,6,5,6,11,4,1,3,4,7,14,8,3351,7,7,7,5,6,4,8,30,4,2,3,4,7,10,8,3397,10,7,9,7,10,7,9,13,7,4,5,7,9,12,10,3379,9,8,10,8,10,8,10,45,8,5,7,7,10,13,11,3445,9,7,10,15,9,7,7,36,7,4,6,19,10,33,26,freqmine_IndirectBP
6907,2470,2420,2439,2437,2454,2361,2394,2415,2418,2365,2372,2385,2443,2466,2449,3594,30,43,36,37,39,27,33,35,32,39,30,33,39,36,35,3552,31,39,32,40,30,24,29,32,28,70,28,43,36,45,46,3585,28,45,30,34,33,22,27,32,30,42,22,33,32,31,32,3569,28,62,28,32,29,23,27,31,29,51,25,36,34,33,34,3590,38,43,34,46,41,29,39,42,38,56,34,41,42,42,38,3517,27,37,29,34,30,22,28,32,28,48,26,30,33,34,30,3529,31,37,29,38,33,27,30,34,34,45,28,33,38,34,33,3562,34,43,30,41,34,28,29,32,31,45,24,40,34,48,37,3557,26,35,28,30,30,24,26,29,32,42,22,31,32,29,32,3524,26,32,29,31,28,22,32,26,25,34,24,36,33,30,30,3541,27,36,31,32,33,22,26,30,28,32,21,27,28,30,31,3548,29,54,26,31,28,22,26,30,29,36,21,31,32,29,29,3596,29,35,31,31,31,23,29,30,32,36,22,31,35,29,33,3587,34,84,34,40,35,27,32,33,31,64,29,34,37,34,34,3759,31,70,34,34,37,26,31,32,33,43,26,38,35,37,32,freqmine_IndirectBP
11198,7274,7221,7338,7254,6935,6853,6881,7804,7415,7497,6984,7393,7285,6815,6746,4270,791,1012,809,900,986,774,766,894,724,771,804,991,1083,1405,825,4482,1036,1241,992,921,1337,874,863,964,759,931,877,1010,987,1129,889,4658,913,1098,823,831,1009,889,1179,950,1150,868,833,847,956,981,825,4363,912,1000,941,809,911,857,1085,860,1113,927,900,828,946,857,927,4301,883,1052,943,887,995,896,1053,861,1093,994,954,907,1041,1079,1520,4080,950,960,851,1158,934,875,922,846,899,949,997,904,939,942,1064,4528,837,901,769,1182,816,842,832,854,923,889,879,848,962,794,967,4777,1758,1319,1298,1558,1294,1313,1252,1563,1381,1319,1182,1398,1371,1337,1318,4558,1338,1039,976,1040,1027,1107,973,1414,1063,1026,1046,1106,1173,1094,1041,4502,1206,1114,1649,1143,1166,1003,936,1292,1028,1495,1040,1062,1144,1095,1007,4371,917,922,1079,910,886,1143,926,978,814,1177,856,857,893,966,817,4313,969,1151,1074,932,991,1205,906,1009,946,1146,1357,926,913,1044,953,4256,903,958,900,943,924,1051,984,978,872,973,1100,1194,875,933,943,4097,845,864,939,768,835,885,877,830,762,916,927,1109,844,841,856,4067,970,925,904,988,814,897,898,899,815,916,898,1140,1522,1020,964,freqmine_IndirectBP
10755,7180,7142,7334,7191,6939,6886,6715,7246,7043,7107,7076,7251,7207,6980,6932,3960,898,1078,873,936,1076,889,819,952,812,884,923,988,1222,1536,1049,4101,1143,1429,1069,1028,1490,947,913,995,825,1038,1030,1068,1097,1235,1109,4486,990,1184,884,932,1136,918,1320,1067,1298,974,903,889,1100,1122,1018,4049,999,1026,970,914,1009,870,1126,940,1281,1023,1005,892,982,973,1018,3951,972,1141,1061,894,1129,1037,1129,989,1215,1088,998,1051,1029,1102,1755,3797,997,1091,908,1220,1017,948,960,923,941,1038,1118,1037,992,984,1370,4312,946,981,865,1242,933,913,1017,931,960,911,962,906,1005,898,1237,4194,1918,1588,1406,1761,1362,1552,1407,1606,1593,1464,1428,1598,1449,1401,1568,4096,1427,1197,1057,1172,1133,1197,1089,1644,1120,1232,1127,1195,1261,1153,1359,4015,1359,1257,1766,1233,1221,1174,1092,1446,1153,1732,1136,1103,1282,1134,1336,4062,998,1010,1193,899,1041,1426,1000,1028,890,1317,876,959,1006,1097,1039,3864,1122,1153,1169,990,1198,1476,943,1161,1038,1317,1592,1008,1086,1114,1165,3939,964,1048,941,923,1055,1187,1116,1010,1008,1063,1293,1246,950,980,1186,3847,945,977,947,863,907,1035,961,953,863,997,1049,1317,943,874,1042,3805,1003,1023,899,950,951,1035,991,1034,923,983,1073,1180,1535,958,1234,freqmine_IndirectBP
369,284,3162,270,268,276,253,259,257,259,246,260,274,273,278,290,27,1,1536,5,2,2,3,2,3,2,2,4,1,2,4,2,12,0,1846,1,2,0,1,0,1,0,1,0,0,0,2,0,18,1,1727,1,2,3,1,1,2,2,2,2,2,4,2,2,19,2,1666,1,1,4,0,1,0,3,0,1,2,5,4,3,24,3,2165,3,2,0,1,3,1,3,1,2,1,2,5,1,10,2,1910,1,0,0,0,0,2,0,1,1,2,1,2,1,16,1,2203,0,2,1,0,2,0,0,0,1,1,0,2,1,15,1,1436,1,2,2,0,0,0,0,0,2,1,0,2,4,15,1,1392,1,0,3,0,0,0,0,0,0,1,1,1,1,9,1,1676,1,0,2,0,0,0,0,0,0,1,1,3,2,16,2,1719,2,0,1,1,1,1,0,0,0,1,1,2,1,23,3,2039,3,2,3,1,1,0,0,1,1,0,2,2,1,24,2,2057,2,1,1,1,2,0,1,1,1,1,2,4,2,23,3,2056,2,4,5,4,3,3,2,3,3,3,5,7,3,31,3,2494,2,1,1,1,4,3,1,2,0,1,2,2,2,freqmine
3007,1966,1924,1992,2019,2029,1891,1979,1984,1992,1911,1905,3752,1957,1991,1961,986,11,11,13,32,26,8,25,25,32,24,10,1854,13,10,10,970,17,17,22,33,39,15,34,35,38,27,17,1858,23,17,17,1011,20,23,26,39,47,20,40,39,40,38,22,1865,22,22,18,1003,17,16,26,57,80,16,54,56,62,49,18,1869,24,31,25,1015,23,20,31,47,41,21,52,41,44,29,19,1869,28,29,24,957,20,13,24,31,42,14,37,33,35,37,18,1859,20,19,18,985,16,20,23,43,41,16,32,45,42,33,19,1865,20,25,20,988,16,15,20,45,47,17,32,31,41,38,17,1865,20,19,24,988,18,17,21,50,42,16,32,37,43,37,17,1862,26,23,23,945,15,13,19,38,40,11,31,30,36,23,16,1863,20,18,13,965,18,16,25,26,36,15,29,33,32,28,17,1855,21,20,19,960,16,12,20,38,50,13,43,52,51,46,13,1856,15,14,14,984,19,17,27,44,43,15,37,31,39,34,17,1862,21,18,16,1014,25,20,27,73,69,18,75,78,73,66,23,1862,28,26,22,995,24,17,29,57,67,20,59,61,62,55,22,1857,25,18,18,freqmine
3752,2416,2491,2606,2610,3261,2276,3291,3357,3250,3537,2334,3520,3415,2334,2334,1221,12,21,20,111,689,13,765,690,655,870,6,1278,713,14,14,1248,16,21,24,134,870,22,822,773,939,842,17,1517,776,35,25,1310,19,24,22,144,759,20,864,692,708,817,14,1247,716,19,18,1249,25,49,25,148,814,27,891,732,630,770,23,1166,707,35,20,1209,25,29,17,201,772,21,871,794,653,830,14,1132,1205,31,17,1139,14,17,18,108,692,20,903,685,627,766,12,1080,923,14,13,1175,29,31,22,129,736,22,805,699,633,768,17,1051,901,30,21,1250,26,24,17,151,1525,15,1400,1048,841,1081,14,1428,1089,27,18,1276,30,29,18,143,1144,16,1299,857,700,1007,18,1271,960,32,21,1216,19,21,14,153,965,15,1158,795,744,891,12,1292,938,29,16,1176,14,12,13,100,722,15,774,616,559,740,10,1076,773,15,13,1197,12,35,11,137,797,14,836,713,634,765,12,1215,739,12,10,1214,23,22,12,136,818,14,992,966,633,791,15,1186,812,17,13,1179,16,58,19,126,720,20,753,894,500,743,13,959,742,18,14,1180,18,44,19,131,706,25,878,834,577,1231,11,1083,832,17,14,freqmine
1987,920,840,924,888,1119,780,921,1043,914,833,818,1732,1189,898,862,908,5,14,23,17,179,18,46,145,60,55,19,913,273,16,20,864,5,12,19,12,187,12,36,128,57,50,15,1248,244,26,19,925,8,20,26,15,211,26,55,150,58,57,20,999,302,22,25,899,8,28,27,24,195,26,72,163,59,65,24,851,296,27,26,973,15,33,35,26,215,26,72,194,71,74,29,957,506,25,22,862,4,19,22,15,163,19,40,120,49,48,16,774,286,22,20,920,10,26,33,18,189,29,38,120,46,42,28,750,309,27,23,939,8,26,31,17,333,21,60,167,57,55,24,1262,382,20,23,927,11,22,30,13,270,19,48,149,41,56,18,1006,325,17,19,840,4,20,32,14,213,21,42,170,53,41,18,980,349,19,19,813,5,21,22,16,184,17,35,113,37,39,16,742,268,23,17,937,13,43,49,44,220,43,61,156,61,67,44,869,300,45,43,929,12,30,31,22,221,31,52,172,57,57,28,882,290,26,28,886,8,28,21,17,182,21,42,159,47,49,23,772,289,22,27,913,11,20,29,14,227,21,55,174,73,83,23,830,333,24,24,freqmine
6415,2054,2002,2069,2123,2089,2064,2051,2037,2021,1989,2100,2087,2027,2152,2074,3541,11,23,25,22,21,23,20,16,13,15,39,34,20,27,24,3664,14,22,38,38,25,32,14,15,18,20,58,46,11,52,40,3623,15,31,27,36,27,30,24,23,20,24,49,52,18,45,42,3559,20,39,43,48,27,42,28,27,25,21,57,49,18,48,39,3740,14,30,31,33,22,25,32,32,20,23,47,44,22,38,31,3799,13,17,25,30,18,14,16,16,9,14,32,36,11,35,28,3794,17,26,28,29,21,25,21,19,11,16,96,41,9,34,25,3499,10,24,27,32,20,22,22,15,13,11,41,47,8,32,27,3525,14,23,37,26,15,23,20,14,8,12,35,49,10,26,22,3620,12,29,30,29,13,17,18,13,13,6,39,33,7,36,23,3569,14,42,33,25,19,17,18,20,12,15,29,40,10,50,36,3600,12,57,49,43,24,45,29,22,17,18,59,41,14,66,45,3681,11,22,30,29,22,27,23,19,13,16,43,43,14,33,32,3721,13,71,67,83,29,65,21,26,20,23,90,57,24,94,75,3673,14,65,51,59,27,48,17,22,20,21,64,43,13,80,48,freqmine
6293,2128,2041,2076,2117,2090,2067,2094,2081,2051,2016,2067,2079,2111,2126,2124,3575,5,7,7,6,6,3,5,5,9,4,7,4,21,9,11,3659,30,27,31,33,31,25,27,33,23,23,26,25,40,34,31,3662,32,30,33,36,36,32,29,33,29,25,29,28,48,30,31,3648,40,34,41,44,42,38,35,38,35,33,36,33,66,42,43,3745,35,39,38,38,41,34,40,37,33,29,30,30,50,38,40,3766,29,31,34,35,36,31,31,30,22,21,26,27,44,32,31,3746,36,34,36,38,44,36,42,40,30,29,36,33,52,38,37,3634,40,38,38,39,44,36,40,40,32,29,36,31,46,37,40,3581,39,38,41,40,46,38,42,37,32,31,33,31,53,37,42,3598,40,37,40,42,40,37,38,36,35,27,35,30,51,38,40,3573,31,31,32,32,33,29,31,31,22,22,24,26,39,31,32,3631,36,34,35,37,38,37,39,35,33,27,35,28,59,38,39,3679,38,37,39,42,41,37,41,40,35,31,30,28,50,45,43,3686,35,34,35,37,38,31,35,34,27,24,25,27,71,34,35,3698,33,31,32,35,32,27,31,29,27,22,25,26,55,33,36,freqmine
6360,2163,2072,2130,2121,2106,2081,2085,2080,2071,2034,2062,2094,2092,2154,2149,3564,9,8,10,10,11,15,7,8,6,5,6,18,10,11,14,3595,23,25,28,27,32,42,25,20,24,23,18,37,24,30,29,3693,32,26,29,32,38,40,28,27,28,28,22,35,29,32,35,3594,35,34,36,32,37,61,34,29,29,38,26,54,36,41,34,3802,37,31,26,35,35,38,32,30,27,32,27,38,35,35,34,3766,30,21,27,32,27,26,26,23,24,30,18,56,25,45,34,3691,36,31,37,37,39,41,31,31,32,33,29,40,33,34,39,3516,33,27,30,32,37,33,29,22,26,31,25,46,31,28,35,3565,34,30,29,35,36,36,35,27,26,34,26,45,30,32,38,3679,34,26,32,32,38,37,32,29,26,31,27,35,31,32,38,3545,29,22,26,27,30,30,27,25,21,25,23,34,27,30,31,3605,33,30,33,30,36,50,28,27,26,30,27,42,36,45,38,3704,37,32,32,44,38,49,30,25,31,33,28,52,30,52,40,3677,30,26,31,32,34,70,26,26,25,29,27,62,27,35,33,3652,31,27,27,30,35,54,26,24,26,27,24,49,27,33,34,freqmine
6336,2178,2072,2174,2165,2180,2093,2113,2148,2143,2065,2088,2127,2160,2189,2190,3501,12,11,15,13,13,11,11,13,12,8,8,9,13,12,15,3581,36,40,38,40,39,34,31,41,49,34,38,34,43,47,49,3640,43,41,45,42,43,38,39,47,50,38,41,39,50,51,52,3621,46,48,48,48,57,44,47,59,54,49,49,45,59,56,64,3860,54,54,58,57,65,52,48,63,61,52,63,54,61,64,71,3756,39,39,44,48,46,39,33,45,48,37,37,39,49,61,54,3751,46,45,49,49,54,46,40,53,53,44,51,42,58,52,61,3543,55,56,60,64,66,55,52,67,65,57,60,60,66,72,71,3546,53,51,56,57,61,50,46,59,62,49,56,52,64,61,65,3601,46,49,50,50,54,49,44,54,52,50,55,47,58,62,62,3614,38,38,40,40,41,33,30,42,46,35,37,33,43,46,47,3716,46,48,49,57,53,46,45,62,61,45,56,51,62,74,65,3691,52,50,60,58,64,52,44,59,59,53,55,51,63,71,64,3690,37,41,41,43,43,39,35,43,47,37,39,41,47,51,50,3717,42,44,46,44,45,40,39,50,51,41,42,37,49,51,54,freqmine
6311,2161,2068,2134,2134,2125,2047,2079,2089,2093,2038,2057,2072,2105,2152,2147,3461,12,16,8,9,12,8,9,10,12,9,9,10,10,11,10,3510,39,39,38,36,33,46,40,47,41,42,36,39,40,43,42,3579,41,42,37,37,35,42,38,45,37,40,33,38,36,44,42,3543,53,52,51,54,46,55,46,53,50,54,54,51,50,53,50,3699,52,50,52,54,48,56,49,57,54,51,57,52,47,54,48,3757,38,39,34,34,35,39,38,44,37,38,32,35,32,41,38,3651,48,49,50,53,51,53,48,56,52,53,52,51,46,46,44,3514,49,50,50,53,49,54,47,58,56,49,52,49,43,49,48,3495,53,50,53,53,51,58,51,59,54,54,57,54,47,52,52,3521,54,50,52,56,53,52,48,57,55,52,53,53,48,54,52,3489,41,39,38,42,36,45,40,46,39,40,33,37,33,45,43,3617,45,48,48,50,48,49,49,55,51,59,48,50,40,48,52,3731,54,57,56,56,51,54,51,60,55,54,56,50,49,47,52,3626,42,41,39,43,37,46,44,51,44,47,44,44,42,46,49,3586,43,44,40,38,38,42,42,46,39,40,36,42,39,46,47,freqmine
19665,815,776,812,781,787,753,777,747,723,746,789,771,788,814,833,19275,9,6,6,6,8,5,6,6,8,5,18,7,9,12,11,19279,6,4,5,4,5,3,4,4,5,2,15,4,3,6,6,19032,4,3,3,2,4,3,3,1,4,1,18,3,3,4,5,20539,5,4,6,4,3,3,3,2,4,2,16,4,4,6,5,17761,8,3,7,5,5,5,4,4,5,3,20,6,5,7,8,18072,3,1,4,2,2,1,1,1,2,0,13,2,2,4,5,17429,5,3,5,4,3,2,4,2,4,2,16,5,4,5,6,16852,6,3,4,4,4,3,3,2,4,2,15,7,5,7,6,16901,6,4,5,4,4,3,3,3,4,2,18,6,5,6,7,18063,6,3,5,4,3,4,3,2,4,1,17,5,4,5,5,17857,4,2,4,2,2,4,3,3,3,3,6,5,6,6,7,18160,5,3,4,4,3,2,3,1,3,1,17,7,5,8,6,18542,6,2,4,3,3,3,4,2,5,3,16,6,4,5,7,18125,8,7,7,8,6,6,5,5,6,5,42,7,6,8,7,18216,8,5,7,6,6,6,6,5,7,4,25,6,7,8,9,freqmine
21545,610,583,610,580,608,602,621,603,591,558,600,598,623,642,620,22734,4,4,5,5,4,5,5,3,4,2,5,3,3,3,3,22037,3,1,1,4,4,3,4,2,4,1,5,2,3,6,6,21434,3,1,2,4,4,6,4,3,4,3,6,2,4,6,6,23556,3,1,2,3,5,5,4,3,4,2,7,4,4,9,7,20570,4,2,4,3,5,5,5,3,5,2,4,4,4,5,6,22118,2,1,3,3,3,4,4,3,3,3,4,3,3,5,3,22346,4,3,3,4,6,5,5,4,4,3,5,4,4,6,5,21826,4,4,4,3,5,6,5,2,3,3,4,3,3,5,4,22194,5,3,5,5,5,6,5,4,4,3,5,5,4,6,4,21132,2,1,2,2,3,4,3,2,3,1,3,2,2,4,3,20483,5,6,6,10,8,7,7,5,6,5,5,4,3,8,5,20840,4,3,5,5,6,6,5,3,5,5,5,4,4,5,3,21105,4,2,5,5,4,6,4,3,3,3,4,6,2,6,3,21085,4,4,6,6,6,7,6,4,5,4,7,6,6,9,7,21115,5,5,6,7,6,6,5,3,4,4,5,3,2,5,3,freqmine
373,275,3201,270,283,265,250,261,261,260,242,252,259,287,279,292,28,2,1655,1,5,4,2,3,1,2,1,2,4,3,3,4,13,1,1953,0,0,0,0,0,0,1,0,0,0,1,0,1,22,3,1841,3,4,2,2,1,0,0,1,1,3,2,2,1,31,2,1550,0,2,2,2,2,3,2,1,1,2,1,3,3,20,1,2209,2,1,5,0,0,2,0,2,1,1,1,2,3,13,1,1876,2,1,1,0,3,1,2,0,0,1,1,0,2,17,3,2142,1,2,2,2,0,1,0,0,2,2,2,1,1,18,1,1468,5,1,1,1,1,2,1,0,0,2,6,3,1,20,1,1442,2,4,0,1,0,1,4,1,0,2,2,5,2,9,1,1575,1,1,1,0,1,0,1,0,0,1,1,1,0,13,0,1778,2,1,2,0,2,1,0,0,1,2,1,2,3,16,2,1965,1,1,2,0,2,3,3,1,2,1,3,1,2,32,1,2079,4,2,1,2,2,5,1,1,0,3,2,3,4,30,3,1894,2,6,3,1,2,3,4,3,3,1,4,1,4,36,1,2259,0,3,2,3,0,2,2,2,4,2,4,3,4,freqmine
22640,613,558,567,573,590,578,558,571,565,564,591,598,618,623,617,22725,2,5,4,4,6,5,6,3,2,3,3,3,3,5,3,22246,1,0,1,3,0,2,1,1,0,2,2,2,3,1,2,22494,3,1,2,5,0,1,1,1,0,1,2,3,2,2,1,23629,5,2,3,6,2,4,2,4,2,3,3,4,4,3,1,20483,3,1,2,3,2,3,2,1,1,1,3,1,3,2,1,21428,4,0,2,4,2,2,2,1,1,1,2,2,3,3,2,20995,3,0,1,2,1,2,1,1,1,1,2,1,3,2,3,20554,1,0,1,5,0,1,1,1,1,1,3,1,2,3,3,20914,3,2,2,4,2,3,3,2,1,2,3,2,3,2,4,22028,1,0,2,4,0,1,1,1,0,1,2,1,2,2,2,20529,3,2,3,7,2,3,3,4,2,3,4,4,5,4,5,21053,3,1,3,5,1,3,2,3,1,2,3,2,4,3,5,21441,3,4,3,5,5,4,5,4,3,3,4,4,4,4,6,20655,3,5,4,9,4,6,5,6,3,5,5,6,6,6,7,21039,1,1,2,3,2,3,3,4,1,2,4,5,7,6,6,freqmine
22021,616,603,592,596,598,603,613,568,596,599,617,638,661,661,613,22610,2,2,2,4,3,3,3,2,4,4,5,6,6,4,8,21587,4,3,3,2,5,4,4,3,3,2,3,6,3,5,3,22056,3,2,3,2,6,4,4,3,3,3,4,6,4,4,3,23563,3,2,3,0,4,4,3,2,2,2,2,5,2,2,4,20809,5,3,3,3,6,5,5,2,5,5,5,7,5,7,4,20417,3,4,2,3,6,6,4,4,3,3,4,6,4,3,4,20849,3,2,2,0,5,3,4,2,3,3,3,5,3,3,2,20510,4,1,1,0,5,4,3,3,3,2,2,6,3,3,1,21342,3,1,1,1,5,3,3,2,4,4,3,6,4,4,2,20570,5,2,3,1,6,5,4,3,6,3,4,6,4,4,2,20507,5,3,3,4,6,5,4,3,5,3,4,6,4,7,2,21390,5,4,3,1,6,5,4,4,4,3,3,6,5,5,2,20939,5,4,2,3,6,5,4,3,5,4,4,8,7,6,3,20702,7,5,5,3,8,6,5,4,6,5,5,8,6,6,4,20691,7,4,3,2,6,6,4,3,5,3,4,6,3,3,3,freqmine
22143,584,555,588,605,592,555,566,564,565,553,566,582,607,589,582,22511,6,5,5,3,5,4,7,8,6,2,3,2,4,4,2,21895,1,1,1,1,0,0,3,4,2,1,2,1,3,1,1,21902,4,2,0,0,1,2,3,4,3,0,3,1,3,2,3,24760,3,3,0,2,1,1,4,3,3,0,2,1,3,2,0,21572,2,1,2,1,1,2,4,5,2,0,1,2,2,2,3,21737,2,2,1,1,0,0,4,3,2,1,2,2,3,4,1,20964,4,3,2,4,2,4,5,7,4,2,3,4,4,4,3,20605,2,3,2,1,1,2,5,5,3,2,2,2,3,2,2,20906,2,2,1,2,1,2,4,5,5,2,3,2,4,4,3,22108,1,1,0,1,0,1,3,5,2,1,1,1,3,2,1,20531,2,2,2,6,1,2,4,4,3,2,6,1,3,8,3,21316,2,2,1,0,1,2,5,3,3,1,2,0,2,3,1,21709,2,2,2,2,1,3,4,5,3,1,3,2,3,2,1,20460,2,5,3,3,3,3,6,6,6,2,5,3,4,3,3,20619,4,2,2,2,0,1,4,3,3,1,4,1,2,2,2,freqmine
22535,630,591,622,611,616,575,580,583,594,582,574,598,676,636,620,22308,4,6,6,6,5,3,4,1,4,5,2,4,8,7,6,21946,6,2,4,5,6,2,3,1,2,1,2,0,5,4,3,22273,5,3,6,5,5,1,3,2,3,2,3,1,5,4,2,23490,4,2,5,4,5,2,1,3,3,3,4,2,6,6,7,20369,6,3,6,5,7,2,2,2,3,2,1,1,6,4,3,21013,3,2,2,2,4,1,2,2,2,1,1,0,5,2,3,21236,4,2,5,2,5,1,1,0,4,2,1,0,5,5,3,20264,3,1,4,2,3,2,0,1,1,3,1,0,5,5,4,21029,5,2,5,3,5,2,5,1,3,3,2,1,6,5,3,21783,3,1,2,2,2,0,1,1,2,2,1,0,6,5,3,20349,2,2,2,3,2,0,0,1,1,1,1,2,4,2,3,20953,2,1,2,4,3,0,0,1,2,1,2,2,8,4,3,21812,6,6,7,4,6,4,4,3,7,5,4,5,8,9,7,20392,3,4,2,4,5,3,2,4,4,6,4,6,9,8,7,20851,3,2,3,4,6,1,2,3,3,3,3,2,6,5,3,freqmine
22009,648,608,685,652,642,617,637,617,614,589,617,616,682,663,701,22906,2,4,14,6,3,4,4,6,4,2,5,4,5,5,12,22321,0,1,10,2,0,1,0,1,2,0,1,3,2,2,8,21039,2,3,8,7,5,7,7,3,7,6,6,8,10,18,54,23831,4,5,25,3,6,3,5,2,3,3,2,5,3,4,26,20495,1,3,11,4,1,1,3,1,3,2,5,6,5,7,17,21170,2,1,12,4,2,1,1,1,1,1,1,3,2,2,14,21629,2,2,12,4,2,1,3,1,3,3,2,4,3,4,19,20268,4,2,11,4,4,1,3,2,3,1,2,4,3,4,12,20989,2,2,14,3,1,1,1,3,2,0,2,3,4,2,12,21260,2,1,14,3,2,1,2,1,1,0,0,2,1,2,12,20460,3,1,22,3,3,1,2,1,3,0,0,2,2,10,14,21153,3,1,19,4,4,2,3,3,3,1,1,4,3,3,21,21678,4,1,14,6,5,2,3,3,4,2,1,6,3,5,10,21030,6,2,40,6,5,3,6,4,3,3,4,3,4,4,39,20623,4,4,21,7,4,4,5,3,4,5,3,4,5,6,29,freqmine
21540,657,615,654,618,599,604,604,624,618,621,647,654,721,678,675,21973,2,2,4,3,4,1,2,2,2,2,1,2,4,2,4,22058,1,0,4,2,1,0,2,2,1,1,0,0,4,2,2,21136,6,6,6,4,5,2,4,4,1,1,2,2,6,2,3,22218,3,2,5,4,2,0,3,2,2,0,1,1,5,3,3,19527,1,1,3,4,1,2,1,3,1,0,1,0,4,1,3,19815,3,0,4,2,1,0,2,2,2,1,1,1,5,3,2,19954,1,1,2,3,0,1,1,3,1,0,2,1,4,2,1,18071,1,2,3,2,0,1,2,1,1,0,2,1,4,2,3,20362,2,1,3,1,2,1,2,0,0,1,2,1,4,3,2,20701,1,1,1,0,0,0,1,0,1,0,2,1,3,3,1,20967,0,1,2,0,1,1,2,0,1,0,2,1,4,3,1,20677,2,3,2,1,2,2,3,1,1,0,3,1,5,2,3,21426,3,2,3,1,2,2,2,2,2,1,5,3,6,3,4,20939,2,4,4,2,3,2,3,1,3,1,2,1,4,2,3,21216,3,3,4,2,3,4,5,3,6,4,5,9,11,6,11,freqmine
22090,650,591,625,646,658,604,629,615,597,591,605,652,705,690,680,22382,7,7,5,11,6,4,4,2,3,3,4,5,6,7,4,21973,4,0,1,13,4,1,1,0,0,1,1,2,5,4,3,21258,3,2,1,16,6,2,2,2,5,2,2,4,5,11,6,23225,1,3,2,23,5,3,2,4,3,4,2,4,6,8,12,20869,6,3,6,12,10,3,6,4,4,2,2,5,6,4,9,21056,1,3,2,12,6,1,3,2,1,0,0,1,2,1,3,21298,4,2,4,11,7,1,2,3,1,1,0,1,5,3,5,20456,2,1,0,9,4,2,2,1,3,1,0,1,3,2,3,20707,3,1,4,12,4,0,1,5,1,0,1,2,3,4,4,21370,3,0,2,12,5,0,1,2,1,0,0,1,2,4,3,20356,3,1,2,13,4,0,1,2,1,1,0,1,4,5,5,21421,3,2,4,23,7,2,3,6,3,3,2,3,6,6,6,21277,2,3,4,15,4,2,3,4,3,1,2,4,3,6,5,21349,2,3,3,50,6,3,4,4,2,6,5,5,8,7,6,21322,3,3,5,25,8,4,5,7,2,3,3,3,5,13,3,freqmine
22397,703,663,619,642,652,643,652,621,597,592,645,700,759,773,737,22652,4,16,4,7,6,4,4,6,5,4,5,7,6,8,6,21558,2,8,5,7,3,2,1,1,3,1,6,10,5,15,12,22105,4,8,3,9,2,2,2,1,4,2,2,5,3,22,3,23344,6,35,2,12,4,3,2,1,2,0,3,8,5,27,5,20730,3,8,2,7,0,3,1,3,2,2,3,4,4,6,3,20648,3,9,3,4,2,2,1,2,3,2,3,5,5,6,3,21066,2,9,2,2,1,2,2,1,2,0,2,5,2,5,3,20144,3,7,3,2,2,2,1,2,3,1,2,5,4,5,5,19442,3,10,2,4,1,2,2,0,3,1,2,5,4,3,3,19690,2,8,3,1,0,2,1,1,2,0,0,3,3,3,3,20502,5,9,4,1,2,3,3,1,3,0,2,5,3,8,3,21335,5,30,3,3,2,3,3,2,4,0,1,4,4,2,3,21162,7,11,6,8,7,5,6,4,6,3,3,8,9,6,7,20955,7,54,10,6,4,5,3,4,7,3,2,6,4,5,5,20794,6,37,6,11,4,3,3,3,6,2,4,5,5,21,8,freqmine
21680,690,616,633,690,653,637,652,659,642,631,607,680,706,759,702,21794,5,6,7,6,2,5,3,3,4,3,2,4,7,4,6,22239,4,2,6,10,3,3,4,2,3,3,2,3,5,16,7,21293,5,5,5,9,3,4,3,4,1,2,1,2,6,4,4,23297,6,5,8,12,4,6,7,6,4,4,3,3,6,8,6,20645,5,1,3,5,5,4,4,3,2,2,2,2,3,4,3,20882,4,1,3,6,2,4,4,3,3,2,2,3,5,4,4,21180,4,2,3,5,2,4,4,2,2,1,1,1,3,4,3,19854,4,3,4,6,3,4,4,4,1,2,3,3,5,5,3,19955,2,0,4,5,3,5,2,3,1,5,3,2,3,4,5,20548,3,2,3,5,3,5,3,3,4,2,4,3,3,6,3,19571,1,1,3,4,0,3,1,1,2,3,0,1,3,4,2,19719,3,2,3,6,4,6,4,4,3,4,2,3,5,6,5,20877,4,3,4,6,4,6,3,5,2,3,3,3,3,6,4,19797,4,4,4,6,5,5,4,4,3,6,5,4,6,7,6,21021,3,1,3,9,3,3,4,3,2,3,1,3,6,8,3,freqmine
20218,692,597,649,649,683,667,680,668,632,653,663,718,735,725,744,20564,4,6,4,5,6,5,5,6,8,5,6,6,6,6,8,19937,2,1,1,3,3,2,3,4,7,1,1,4,5,7,5,20622,4,2,4,4,5,6,4,5,8,3,4,5,5,7,7,23023,3,1,2,1,5,3,2,3,7,3,3,7,7,7,5,20449,3,3,7,2,4,4,2,3,10,3,6,7,7,7,6,20778,4,3,5,3,5,5,3,4,7,4,3,6,5,7,8,20918,2,1,3,0,4,3,1,2,7,3,4,6,6,6,4,18513,3,0,3,0,4,3,2,2,6,2,5,6,4,6,6,19110,6,2,3,0,5,3,4,2,4,1,3,4,5,6,3,20362,3,0,2,2,4,2,2,2,5,1,2,4,3,6,5,20386,5,3,3,4,8,3,5,7,7,3,2,5,4,7,8,20861,6,3,4,4,6,4,4,7,6,3,4,6,9,9,7,21152,5,3,4,4,4,4,3,4,7,2,5,10,7,8,7,20166,7,6,7,7,6,7,7,9,10,6,7,10,9,14,10,19909,8,5,7,6,6,8,5,7,10,6,6,9,8,11,8,freqmine
426,292,3165,282,288,279,256,272,265,271,251,264,274,299,296,309,35,1,1642,4,1,3,3,5,3,3,3,3,4,4,4,5,14,0,1970,0,0,1,0,0,0,0,0,0,1,0,0,1,31,3,1659,5,1,2,2,0,6,3,0,2,0,2,3,5,38,1,1568,4,3,1,2,3,2,1,3,2,2,4,2,1,32,3,2224,0,3,1,0,2,1,0,1,1,4,2,2,4,18,1,1869,1,2,1,2,1,1,1,0,1,1,1,1,2,27,3,2211,4,1,2,0,2,1,3,1,1,1,1,2,3,24,3,1393,0,2,2,0,2,1,1,1,2,0,0,1,2,27,2,1541,1,1,0,1,2,2,1,1,2,0,4,1,3,16,2,1660,1,2,0,0,0,1,0,0,1,0,2,2,3,23,3,1805,0,1,0,1,0,1,2,0,1,0,3,1,3,28,1,1982,1,3,1,2,1,0,0,0,0,1,3,4,3,42,2,2132,1,3,2,1,0,1,5,2,4,4,4,2,4,39,2,1951,3,1,3,2,5,2,3,3,2,6,3,5,3,45,5,2281,3,2,4,0,3,0,2,1,2,4,4,2,2,freqmine
22077,704,644,647,638,638,626,670,635,651,637,653,720,730,772,786,22216,5,7,9,7,8,3,6,8,3,2,2,6,6,9,8,20954,5,5,6,7,5,4,5,5,2,2,4,6,4,5,6,20452,5,6,7,8,9,3,8,6,6,4,4,7,7,8,8,21237,3,5,7,8,2,4,5,8,2,3,1,3,3,6,7,19385,5,7,7,9,8,6,6,9,3,6,3,7,8,8,9,20116,5,5,5,6,5,1,4,5,3,0,1,4,4,6,7,19767,6,7,9,11,7,5,8,9,3,4,4,4,5,6,10,18225,5,6,6,13,5,4,6,7,5,4,3,6,6,7,9,18412,3,7,6,9,5,3,5,8,7,3,4,6,6,6,9,20158,2,5,5,6,3,1,3,5,3,2,3,3,4,7,7,20601,1,4,5,5,3,3,3,4,4,1,1,3,5,5,4,20888,4,7,8,7,6,4,5,6,6,4,4,5,7,6,9,21852,7,7,8,10,7,4,8,8,6,6,4,6,6,8,10,20642,6,6,9,9,7,5,5,6,5,6,5,6,8,7,11,21122,4,8,8,9,6,5,7,9,6,2,3,6,6,8,11,freqmine
19966,739,654,676,714,691,681,715,672,665,654,667,689,722,710,741,20212,4,5,5,5,4,5,4,1,5,6,3,4,4,2,4,21250,2,3,3,6,3,1,2,2,6,5,2,3,4,3,3,20485,5,4,5,7,2,2,2,5,4,5,2,3,3,2,2,22839,7,7,8,10,8,5,9,6,8,9,6,8,8,9,10,20560,3,3,4,3,2,0,4,1,5,3,2,5,1,2,3,21099,0,1,2,4,1,1,1,0,4,4,1,2,2,1,0,20846,2,2,3,6,1,0,2,0,4,4,1,4,2,2,2,18354,2,5,7,7,5,2,3,4,6,5,2,7,5,5,2,18746,1,1,4,3,2,0,1,0,3,5,0,4,1,2,2,19470,4,3,5,7,3,4,5,3,6,5,2,5,4,5,2,18611,2,2,4,7,4,0,2,1,3,4,1,4,1,2,2,19146,2,3,3,5,4,2,3,2,6,5,2,6,3,4,2,20452,2,4,4,4,4,2,2,2,4,5,2,5,2,4,3,19357,1,6,4,8,5,4,4,5,7,7,3,5,4,3,4,19847,5,3,4,7,6,2,4,1,6,6,3,4,5,3,2,freqmine
19908,742,694,713,722,698,699,701,686,706,732,739,743,801,767,793,18741,1,3,3,6,2,2,4,4,5,5,4,3,5,3,3,18505,3,2,8,4,4,4,4,5,5,4,4,2,5,4,4,18891,2,2,7,4,5,4,5,3,6,3,5,3,4,3,4,20575,6,4,7,7,8,5,5,6,6,7,7,5,7,4,4,19583,6,3,5,6,5,4,4,4,4,3,3,2,5,3,3,18823,2,0,5,2,2,1,2,3,3,3,3,0,3,1,2,18109,2,3,5,2,4,2,3,3,6,5,4,2,4,2,3,14965,3,3,5,3,2,2,3,3,6,4,5,2,3,2,3,16932,4,5,8,5,5,6,6,7,6,6,6,5,10,4,6,18106,3,2,4,4,2,2,4,3,5,3,4,3,4,1,4,18455,2,1,5,1,1,1,3,3,4,3,2,2,5,0,2,19405,2,1,4,4,1,1,2,3,3,3,4,1,5,2,3,19358,4,3,5,5,2,4,4,4,7,4,6,6,5,3,2,20329,4,2,6,5,2,2,4,4,4,3,4,2,5,3,3,20528,2,2,5,4,1,2,3,3,4,3,3,2,2,1,3,freqmine
8669,1167,1130,1253,1170,1170,1133,1068,1086,1250,1217,1189,1188,1112,1095,1117,7613,3,5,10,5,10,4,3,7,8,5,7,3,6,8,3,7980,5,2,8,4,7,3,5,4,4,4,5,2,2,3,4,7906,7,10,12,9,14,8,9,8,11,9,8,5,9,9,10,8300,2,3,9,3,6,4,3,2,9,4,4,2,4,6,4,8510,2,5,10,6,8,4,6,6,9,7,6,3,6,7,5,8118,3,6,9,6,10,6,6,6,8,7,5,5,6,7,4,8418,2,2,8,5,8,5,4,5,6,4,4,3,5,7,4,7658,5,3,8,5,9,6,5,4,6,6,5,4,6,7,4,7956,8,4,9,8,11,5,7,5,7,6,6,4,5,8,4,7891,3,3,9,5,8,5,4,5,6,5,4,4,5,6,3,7828,6,5,9,8,11,7,5,8,7,6,7,3,5,7,6,7281,2,2,6,3,6,4,3,3,5,4,2,2,5,5,2,7858,4,3,10,4,8,4,4,5,7,5,5,3,7,6,5,7799,3,5,10,7,11,7,6,6,8,8,7,7,7,7,7,8346,2,3,8,5,8,4,4,4,6,5,5,1,5,6,2,freqmine
2269,42,13,78,25,37,10,27,15,30,6,32,20,67,54,54,2126,3,4,3,3,2,4,4,3,3,3,2,2,4,3,3,2130,0,1,1,1,1,1,0,0,1,0,0,2,3,2,2,2171,4,2,4,4,1,3,1,3,2,3,3,2,3,4,3,2145,3,2,3,2,2,1,1,2,1,1,2,2,3,1,4,2144,3,2,4,1,3,3,2,1,4,1,5,3,3,4,5,2121,2,0,2,2,1,1,1,0,0,0,2,0,1,2,3,2136,3,3,2,1,2,1,1,1,2,2,3,1,3,2,3,2117,1,1,3,1,1,0,1,1,2,0,1,0,1,1,2,2144,3,2,5,4,3,3,2,3,4,2,4,3,5,3,5,2117,2,0,2,0,0,1,0,0,0,0,1,0,1,2,2,2168,3,1,3,0,1,0,1,0,2,1,0,2,3,4,1,2199,0,1,2,1,2,0,0,1,1,1,1,0,3,2,3,2220,3,2,3,2,2,2,1,1,3,1,1,3,4,3,4,2200,4,3,4,3,3,3,4,4,4,2,4,2,4,5,7,2177,1,2,4,1,3,0,2,2,1,1,1,3,2,2,6,freqmine
3934,1048,1007,1022,1020,1019,1048,1044,1041,1039,1006,1021,987,1068,1075,1053,2485,3,5,2,4,4,4,4,2,1,1,3,3,5,8,4,2439,3,3,2,3,1,4,2,1,2,2,2,1,4,9,4,2428,3,2,3,2,4,5,5,2,2,0,4,4,6,5,3,2432,4,2,2,2,2,4,5,3,3,2,3,2,6,7,1,2508,2,3,0,3,3,5,2,1,0,0,0,3,4,5,2,2623,2,2,2,1,1,3,1,0,0,1,0,2,6,6,1,2528,4,2,3,3,3,5,5,4,1,0,0,3,4,7,5,2415,4,2,1,1,3,3,4,1,0,0,1,1,5,6,1,2474,2,4,0,1,1,3,2,1,1,1,0,3,2,7,3,2504,1,3,0,2,1,3,1,0,2,0,1,1,3,5,1,2443,1,3,1,3,2,4,2,1,2,0,3,1,3,5,3,2481,3,4,2,2,1,5,4,1,3,0,1,2,5,5,1,2544,4,5,3,4,4,5,5,4,2,2,2,4,3,8,3,2604,2,6,3,4,6,6,5,3,4,4,5,3,7,7,5,2615,3,4,2,4,4,7,5,3,7,3,6,3,8,11,2,freqmine
6097,1998,1924,1979,1928,1968,1962,1973,1975,2001,1946,1931,1897,1954,1966,2011,3169,6,8,9,8,7,6,5,3,7,4,2,7,9,9,8,3209,11,7,12,11,12,10,10,5,9,8,6,7,8,8,9,3185,10,11,9,12,12,9,10,7,9,8,7,7,8,11,11,3085,11,10,11,14,14,11,11,10,10,10,7,9,10,11,12,3265,9,5,9,10,9,4,7,6,6,4,3,5,7,7,6,3344,12,9,9,11,12,7,8,6,8,7,6,8,7,8,11,3279,6,5,6,9,7,4,3,1,5,3,3,5,6,5,4,3168,6,5,5,10,7,4,2,2,2,4,2,6,4,6,6,3176,4,5,6,6,5,4,2,1,4,4,3,5,6,5,5,3304,7,5,5,9,6,4,5,4,4,5,3,5,6,5,7,3192,8,5,9,8,8,5,6,3,5,7,6,4,6,7,9,3219,12,7,8,10,12,7,6,6,7,9,6,5,9,8,8,3237,11,6,11,13,9,9,7,5,7,6,8,9,10,9,10,3204,14,10,10,13,11,10,8,8,7,7,5,9,9,9,7,3401,13,9,12,11,11,10,12,7,7,9,6,6,6,8,9,freqmine
6014,2028,1963,1976,1956,1971,1963,1997,2031,2012,1941,1927,1943,1980,1999,2024,3238,6,9,8,6,9,5,6,10,4,8,7,7,8,5,7,3166,6,7,8,9,9,4,6,12,8,4,5,7,6,12,8,3178,10,8,9,8,6,6,6,12,10,6,8,8,8,8,11,3118,8,8,8,7,7,7,5,8,7,5,7,7,9,9,9,3261,9,10,10,7,8,8,7,12,8,7,8,12,9,9,10,3254,3,4,6,6,3,2,3,8,5,2,2,4,4,4,3,3226,6,7,8,5,7,5,8,10,8,6,6,6,6,6,5,3230,6,6,10,5,7,6,6,9,10,7,6,10,9,7,7,3198,8,6,8,6,8,5,7,10,9,4,3,8,6,5,6,3219,6,4,6,2,6,3,3,7,6,3,2,6,5,5,4,3183,5,3,6,4,6,2,3,8,5,2,3,6,5,6,6,3224,5,7,9,7,6,4,5,11,10,4,6,9,8,8,10,3249,8,7,5,6,9,3,5,10,7,9,6,8,5,7,8,3171,4,8,9,6,7,5,7,10,11,7,6,8,9,6,11,3309,7,6,7,7,7,5,3,12,9,5,6,9,8,9,10,freqmine
5847,2056,1929,2004,1953,1965,1939,1989,1988,1997,1915,1954,1925,1972,1992,2022,3249,9,8,14,11,8,8,7,8,12,5,6,7,6,10,9,3103,9,8,9,6,7,8,7,7,9,5,6,5,8,8,9,3077,11,10,12,13,14,10,11,11,14,8,9,9,10,12,10,3069,8,6,10,9,9,7,6,8,10,3,4,5,6,7,7,3225,7,5,7,11,8,5,5,5,9,4,3,2,4,8,7,3174,9,6,9,7,8,6,7,7,8,5,5,6,5,8,7,3131,8,4,8,6,5,5,4,7,7,2,2,4,5,8,7,3033,10,7,10,10,10,7,7,10,9,5,5,5,8,9,9,3177,10,9,13,10,9,8,8,8,11,8,9,6,10,12,9,3170,7,5,8,6,7,4,5,7,7,3,4,2,6,7,6,3134,8,6,9,7,8,7,6,6,8,4,5,5,6,8,6,3147,7,4,7,6,5,4,4,5,6,2,2,1,5,5,3,3183,8,6,10,9,7,6,6,8,10,4,5,6,7,8,6,3127,10,8,10,9,9,8,7,9,8,6,8,5,8,10,6,3168,8,7,12,7,9,6,7,6,8,5,6,4,6,7,6,freqmine
5848,2098,1959,2087,2038,2094,2011,2033,2013,2059,1970,1972,2002,2029,2083,2067,3210,13,11,15,14,13,8,12,12,12,9,10,12,11,13,14,3173,10,9,17,12,12,5,8,10,10,6,8,10,7,12,10,3187,13,12,19,12,12,10,12,13,13,10,12,13,11,15,15,3167,12,11,19,12,14,8,10,14,12,9,10,13,11,14,13,3360,9,10,17,8,10,6,9,11,10,7,10,10,9,10,10,3390,6,6,12,7,7,3,4,5,7,4,6,6,5,8,9,3196,8,9,15,13,12,6,8,9,10,9,9,10,7,10,10,3094,8,8,13,12,8,7,9,9,10,6,8,9,8,9,11,3140,9,8,14,12,12,6,9,10,10,7,9,10,9,10,12,3287,5,6,11,8,6,6,5,6,7,2,5,6,5,7,8,3190,5,6,11,8,5,3,3,6,7,3,4,6,5,9,8,3223,10,9,14,13,11,7,10,11,10,7,10,11,11,11,13,3260,7,8,12,9,9,5,8,7,8,5,7,10,8,9,11,3246,12,12,18,16,15,10,13,12,14,9,12,13,11,13,17,3225,11,9,13,13,10,7,8,11,11,6,8,12,11,14,14,freqmine
422,286,3085,301,295,298,267,274,269,262,254,268,278,310,294,291,39,5,1603,3,2,5,2,2,2,3,3,1,1,2,6,3,29,1,1968,0,1,2,0,2,0,0,0,1,0,0,0,0,48,3,1849,3,3,2,2,6,3,4,2,4,4,4,5,3,44,5,1533,3,2,3,0,1,3,1,1,2,2,1,1,5,44,2,2126,4,1,0,4,3,3,2,0,2,1,4,2,3,30,4,1878,1,1,3,0,0,1,1,1,1,0,3,3,1,31,0,2275,1,1,2,1,1,1,1,1,0,1,3,0,3,31,0,1489,1,1,1,2,0,1,1,1,1,2,2,1,2,25,1,1420,1,1,3,0,3,1,0,1,0,2,1,1,2,20,0,1753,0,1,0,1,2,1,1,0,0,2,3,0,1,27,0,1834,1,2,3,0,1,1,0,1,0,2,2,4,2,35,2,2023,2,1,2,1,1,3,1,2,1,0,3,1,1,49,1,1953,3,5,4,2,3,3,0,3,2,3,4,4,4,41,4,1980,5,4,2,4,1,3,2,1,3,2,5,3,6,47,2,2306,4,4,3,2,4,4,1,3,2,0,4,5,2,freqmine
5792,2135,2047,2121,2116,2136,2062,2110,2065,2086,2029,2032,2065,2093,2132,2102,3225,8,12,10,9,12,10,10,8,11,12,7,10,11,13,9,3173,8,6,6,10,9,6,8,3,7,8,3,9,9,8,7,3180,11,9,10,15,13,9,12,7,9,12,8,12,12,12,7,3228,10,9,8,11,9,9,12,6,10,10,6,11,10,12,8,3421,13,12,12,14,14,12,15,10,14,15,9,13,14,15,10,3365,7,5,6,10,9,6,10,8,8,10,4,9,9,9,5,3288,10,9,9,8,11,8,11,6,10,11,7,10,10,10,8,3147,8,6,7,7,11,6,9,4,7,9,4,6,5,8,5,3147,9,8,8,9,11,8,12,8,8,11,6,8,7,10,8,3204,10,7,9,9,13,8,13,7,10,11,6,9,9,11,8,3197,8,6,9,9,11,7,12,6,8,9,4,9,7,9,5,3305,7,7,6,7,9,7,9,5,7,9,3,7,6,7,6,3275,8,6,7,8,9,7,8,7,6,9,5,8,5,10,7,3249,9,8,9,10,11,8,11,7,9,13,6,9,8,11,10,3215,11,8,10,12,10,9,12,7,8,12,5,10,8,10,10,freqmine
14061,8035,8390,8567,8374,8567,8477,8403,8327,8323,8347,8285,8263,8339,8399,8401,5765,30,503,472,432,478,535,431,424,422,521,465,467,486,455,532,5711,33,502,464,420,506,561,428,427,425,525,449,481,489,440,516,5751,40,506,467,415,495,549,424,425,428,525,449,466,485,438,518,5704,61,497,449,406,483,533,438,415,416,511,439,456,472,431,503,5898,31,508,455,417,489,540,426,423,414,521,447,457,506,423,526,5835,31,500,454,411,489,533,412,403,404,515,436,453,474,421,531,5763,37,504,468,444,484,535,415,419,415,516,440,452,482,433,509,5660,34,496,443,404,475,528,422,399,395,500,444,448,469,422,497,5684,35,503,460,407,489,541,424,427,401,510,439,457,477,428,507,5668,28,517,448,406,478,539,417,409,399,509,442,454,477,426,506,5640,27,487,450,398,481,525,406,398,396,506,429,449,462,422,509,5628,51,503,441,402,479,535,414,408,401,509,458,446,479,420,509,5766,33,494,453,407,481,530,428,422,413,510,439,471,470,422,502,5762,79,515,459,432,488,546,432,447,419,512,452,475,484,427,513,5709,52,511,469,408,492,569,419,412,411,522,456,470,478,428,510,freqmine
25696,16434,17383,17831,17450,17886,17778,17447,17338,17383,17341,17319,17426,17507,17424,17441,9297,36,1114,1124,1104,1127,1149,1107,1091,1122,1142,1134,1147,1164,1090,1105,9243,50,1107,1152,1121,1166,1177,1129,1094,1134,1156,1145,1168,1182,1102,1129,9466,67,1126,1167,1132,1184,1196,1148,1110,1141,1174,1163,1184,1196,1117,1148,9295,57,1125,1160,1124,1165,1188,1137,1106,1132,1163,1152,1177,1195,1113,1139,9492,53,1128,1169,1135,1180,1202,1149,1111,1144,1175,1164,1182,1200,1120,1145,9420,44,1123,1170,1126,1173,1186,1139,1105,1138,1169,1159,1179,1185,1119,1137,9276,52,1113,1159,1120,1166,1183,1131,1096,1130,1162,1146,1170,1187,1114,1140,9240,56,1115,1162,1119,1164,1184,1128,1096,1136,1159,1148,1172,1190,1119,1133,9247,56,1121,1171,1124,1172,1188,1130,1097,1136,1161,1156,1180,1190,1116,1134,9210,47,1110,1156,1112,1159,1178,1124,1093,1128,1156,1154,1165,1174,1098,1120,9190,44,1111,1157,1111,1149,1173,1119,1089,1117,1154,1139,1159,1174,1099,1118,9250,47,1117,1161,1120,1161,1186,1126,1106,1123,1155,1146,1165,1182,1114,1135,9288,49,1117,1160,1120,1159,1190,1131,1104,1129,1162,1151,1175,1184,1112,1133,9284,60,1124,1162,1128,1167,1191,1129,1105,1134,1162,1155,1174,1191,1118,1134,9276,47,1116,1157,1124,1161,1184,1131,1102,1129,1164,1159,1169,1181,1106,1138,freqmine
26015,16588,17525,17984,17581,18047,17961,17596,17520,17573,17521,17536,17629,17656,17653,17611,9434,37,1112,1152,1091,1135,1152,1098,1083,1131,1143,1155,1158,1135,1141,1116,9351,31,1102,1153,1086,1145,1166,1097,1072,1122,1130,1143,1157,1122,1126,1105,9582,38,1118,1169,1095,1163,1181,1107,1090,1130,1146,1160,1174,1136,1143,1118,9410,33,1109,1162,1088,1145,1176,1102,1083,1124,1137,1152,1166,1126,1134,1109,9612,36,1124,1176,1110,1163,1188,1118,1095,1138,1149,1163,1176,1145,1150,1127,9555,29,1124,1171,1104,1156,1180,1111,1094,1136,1150,1159,1171,1136,1148,1118,9394,34,1109,1163,1091,1148,1172,1104,1082,1121,1138,1148,1162,1125,1137,1117,9367,37,1112,1162,1091,1156,1174,1105,1082,1124,1138,1147,1161,1128,1144,1107,9384,38,1118,1165,1091,1151,1179,1105,1085,1126,1141,1154,1167,1131,1145,1113,9337,33,1111,1154,1084,1146,1171,1104,1079,1120,1134,1148,1159,1122,1137,1105,9332,24,1099,1143,1078,1136,1161,1095,1069,1113,1133,1143,1152,1118,1126,1097,9381,28,1109,1156,1087,1150,1171,1103,1078,1126,1138,1147,1158,1125,1141,1108,9420,34,1112,1158,1086,1146,1176,1104,1082,1128,1141,1154,1168,1130,1144,1110,9410,34,1111,1158,1090,1149,1174,1104,1083,1126,1140,1152,1160,1128,1137,1110,9402,33,1113,1160,1088,1145,1174,1104,1077,1121,1140,1156,1159,1126,1138,1118,freqmine
25961,16575,17519,17993,17593,18052,17891,17575,17535,17579,17482,17476,17554,17612,17654,17580,9390,36,1120,1144,1097,1143,1127,1106,1130,1164,1135,1121,1125,1117,1154,1105,9311,28,1108,1145,1088,1156,1134,1098,1116,1153,1122,1110,1121,1104,1140,1096,9543,33,1124,1156,1098,1169,1144,1112,1132,1165,1139,1127,1138,1119,1157,1112,9366,33,1118,1151,1094,1161,1140,1110,1125,1160,1132,1118,1131,1111,1151,1104,9568,32,1128,1162,1110,1170,1151,1121,1133,1171,1144,1129,1140,1132,1165,1112,9489,26,1124,1163,1108,1167,1147,1116,1130,1170,1143,1126,1133,1115,1165,1110,9341,29,1114,1154,1094,1155,1136,1105,1119,1155,1129,1112,1126,1106,1153,1103,9309,32,1116,1151,1090,1155,1139,1104,1118,1155,1127,1110,1124,1107,1150,1095,9321,33,1121,1154,1092,1157,1143,1106,1124,1157,1130,1114,1128,1108,1151,1100,9278,29,1115,1148,1085,1149,1134,1100,1118,1152,1123,1115,1120,1099,1147,1095,9273,22,1106,1144,1082,1145,1130,1094,1110,1144,1122,1106,1113,1095,1137,1089,9322,25,1117,1150,1094,1157,1141,1098,1120,1155,1125,1113,1121,1105,1150,1095,9359,31,1116,1155,1093,1156,1145,1100,1123,1158,1132,1119,1131,1106,1155,1101,9362,30,1114,1151,1095,1158,1141,1102,1124,1156,1130,1119,1125,1106,1148,1100,9345,29,1113,1147,1094,1158,1142,1100,1120,1154,1128,1121,1124,1105,1145,1103,freqmine
28135,17492,18996,19497,19080,19702,19501,19130,19039,18851,19674,19071,19268,19484,19100,19143,10306,42,1367,1430,1382,1511,1388,1499,1548,1749,1886,2357,1758,1468,1473,1545,10213,60,1538,1432,1484,1799,1495,1445,1510,2200,1619,1932,2285,1484,1440,1550,10525,59,1461,2035,1459,1696,1399,1425,1454,1802,1698,1609,1918,1502,1985,1404,10219,49,1815,1902,1445,1600,1563,1508,1416,1665,1577,1529,1643,1424,1897,1413,10514,71,1518,1891,1523,1571,1585,1537,1428,1705,1550,1626,1665,2204,1829,1565,10406,65,1438,1658,1512,1594,1402,1862,1487,1590,1605,1619,1670,1861,1625,1844,10826,47,1447,1651,1509,1633,1444,1641,1647,1493,1599,1475,1649,1667,1576,1889,10459,53,1443,1520,1400,2159,1288,1610,1550,1452,1623,1585,1518,1546,1438,1658,10329,67,1446,1487,1409,1992,1368,1420,1517,1463,1692,1569,1610,1636,1511,1529,10205,59,2298,1474,1448,1845,1966,1480,1428,1681,1591,1531,1724,1620,1478,1565,10318,47,1801,1567,1755,1577,1862,1424,1461,1599,1642,1574,1726,1532,1550,1497,10341,55,1621,1561,1850,1732,1681,2057,1450,1696,1539,1634,1665,1530,1543,1543,10295,74,1619,1649,1658,1660,1539,1833,1786,1659,1520,1542,1746,1623,1737,1472,10285,52,1558,1669,1498,1557,1593,1711,1943,1468,1502,1438,1499,1676,1517,1404,10386,53,1506,1594,1645,1684,1545,1580,1780,1566,2617,1515,1573,1787,1595,1527,freqmine
7345,3836,4036,4034,5027,4900,3741,3853,5083,4745,5175,3811,4739,4839,4036,4010,2904,16,128,130,815,740,139,134,1103,1097,1033,75,1097,844,141,137,2966,27,135,148,842,841,159,158,1053,1514,850,84,1498,778,216,163,3035,30,180,169,859,941,191,201,1019,1365,974,89,1144,893,189,183,3000,25,137,135,903,865,157,181,1037,1175,950,95,1108,920,173,156,3865,36,184,192,1190,744,193,212,1048,1077,963,131,1024,851,238,197,3135,21,124,127,879,778,128,157,932,979,768,96,835,744,141,199,2943,26,120,179,842,859,120,150,1013,924,914,85,853,849,162,134,2921,25,138,119,734,1332,114,126,1202,936,863,82,859,1154,149,124,3025,27,154,134,756,1103,135,121,1080,896,982,100,832,1492,154,131,2951,22,131,150,790,985,124,149,925,1063,903,83,967,1276,163,134,2836,19,145,135,1180,891,258,147,857,969,796,76,880,902,192,178,2793,28,139,127,1192,851,134,144,930,1137,847,79,1014,927,171,136,2944,29,143,155,1159,847,141,176,1410,1132,824,85,1065,939,154,151,3016,28,167,161,977,802,148,232,1647,964,826,100,965,840,145,150,3246,31,274,211,1103,897,225,211,1491,942,1646,158,1043,996,246,201,freqmine
23772,10718,17482,16979,14969,14105,17319,14223,14200,19794,14050,15591,12886,13212,18126,12450,8192,28,6214,6340,3869,3683,5146,3709,2681,10889,2550,4484,2370,2071,7541,1647,8679,181,7812,6906,4651,2756,4943,3400,4024,9393,2731,5078,2554,2156,7065,2537,7615,183,7288,7328,4172,3402,4847,3146,3476,7211,1732,5392,1998,1982,6962,2198,12485,237,6405,6448,3793,3589,5153,3336,3245,8370,1983,5504,2981,2057,8367,1803,7951,222,6413,6530,4516,3758,5904,4586,3909,9013,2420,5634,3273,2472,8242,2736,7780,206,6139,6573,4382,2280,5680,3971,2841,8696,2205,6196,2335,2297,7073,1919,8046,233,5708,6305,3870,4008,4957,3516,2516,8816,2072,4784,2139,2204,6894,2190,6921,238,6299,5351,3271,2939,4672,3222,3579,7885,2339,5499,1897,2017,6965,1735,7377,164,7343,5821,3441,3760,5667,3892,2428,8708,2345,5449,2245,1914,6620,1840,8682,263,7291,5565,3739,3484,5352,3935,4523,7037,2701,7149,2700,2208,6479,1775,7083,200,7019,5731,2982,4908,5393,4002,2790,8579,2244,4637,2113,2086,6799,1533,7723,262,8285,5820,3267,4076,5336,3556,7676,8168,2330,4690,2270,2065,7108,1525,8313,275,5951,5115,3337,3444,6127,4167,3941,8697,3478,5762,2803,2491,7876,2504,7893,161,6097,6170,4321,2531,5410,3891,3445,7846,1934,5514,2839,2228,6945,1932,10223,279,6215,6438,4546,2217,6174,3984,2797,9215,2868,4949,3155,2410,7352,2418,freqmine
22117,11475,15203,14394,14243,14126,19476,14642,13128,16892,13607,18353,13151,13739,12683,13865,7457,26,3433,2345,1880,2986,7271,2868,1535,5524,1829,6203,1907,1829,1205,1944,7715,164,4256,2225,1921,2249,7638,2685,2324,5549,1724,6575,2018,1923,1479,4528,7000,173,3990,1920,1570,2367,7777,2612,1779,4485,1532,7318,1561,1941,1190,2422,7740,226,3769,1962,1706,7827,8007,2683,1551,5108,1680,7328,1586,1698,1235,1960,7379,174,3788,2327,2667,4463,7925,3657,2081,5631,1787,8202,2150,1908,1501,3075,7441,115,3389,2213,2015,2219,7515,3045,2016,5527,1736,8274,1424,1923,1160,2061,7225,195,3575,2380,1923,3239,7057,2534,1830,5404,1625,6283,1576,1528,1575,2467,6484,194,3401,1708,1539,2823,7107,2556,1360,4991,1406,7155,1717,1518,1090,2758,6739,164,3956,2012,1601,2478,8958,3123,2470,5169,1524,7125,1970,1740,1329,2797,7326,208,3975,2057,1632,6428,7561,3220,2303,5099,1904,8910,1824,1812,1325,2114,6652,117,3457,1981,1635,6334,7727,3073,1732,4942,1567,6505,1712,1568,1046,1517,7245,183,3913,2216,1667,4820,7220,2835,2462,4921,1704,6018,1966,1631,1121,1804,7695,211,3399,1980,2270,2957,7941,3648,2481,5272,1769,6666,2143,1945,1596,3972,7397,195,3432,1954,1691,1777,7457,2974,1767,4958,1517,7237,1776,1767,1197,2323,8005,182,3627,2464,2070,1802,7635,3157,1886,5552,2205,7596,2594,1889,1460,3010,freqmine
22048,12216,13414,14478,14515,14266,19446,13543,13583,13749,13913,19453,13584,13781,14379,13627,7438,28,932,1267,1438,1360,7110,1151,1248,1180,1400,7087,1180,1357,1365,1371,7211,161,993,1125,1371,1204,7317,1135,1274,1310,1317,7588,1175,1310,1484,1203,6984,188,988,1066,1345,1144,8078,1072,1214,1063,1184,8030,1182,1180,1330,1055,7031,197,977,1103,1421,1228,8539,1079,1378,1128,1312,7380,1268,1210,1315,1137,7359,186,1345,1561,2017,1488,8686,1535,1398,1433,1486,8210,1617,1532,1797,1786,7028,92,896,1217,1585,1192,7419,1133,1191,1348,1451,8068,1165,1366,1329,1203,6943,184,1144,1370,1551,1484,7673,1145,1270,1328,1255,6890,1186,1282,1589,1320,6680,185,841,1021,1255,1040,7853,967,1034,1029,1188,7429,1072,1186,1305,1059,6721,182,1002,1109,1365,1254,7836,1219,1269,1087,1221,7311,1189,1277,1366,1181,7060,199,1051,1200,1341,1458,6969,1148,1217,1222,1337,8906,1204,1326,1384,1190,6717,93,847,1070,1235,1385,7121,1133,1222,1031,1218,6588,1092,1304,1228,1052,6905,171,1019,1143,1250,1401,7021,1110,1299,1123,1363,6171,1191,1302,1355,1265,6988,200,1104,1260,1719,1513,7319,1469,1531,1306,1483,7119,1426,1404,1552,1324,7088,217,960,1106,1405,1165,6810,1160,1265,1078,1168,7694,1199,1280,1254,1194,7283,178,1145,1743,1608,1361,7517,1397,1367,1302,1599,8240,1485,1444,1565,1388,freqmine
649,374,3341,381,374,382,339,356,362,365,350,362,354,386,395,390,113,1,1710,4,6,3,3,2,3,3,1,4,2,6,3,3,106,1,1926,1,1,1,2,0,1,1,1,2,1,1,5,0,128,7,1834,4,9,11,9,8,8,8,10,8,8,8,7,7,121,3,1624,2,1,5,2,3,2,3,1,5,2,6,5,2,124,3,2163,2,2,2,0,0,0,3,2,2,0,1,6,3,95,0,1977,1,1,2,0,0,0,0,1,1,3,1,3,2,110,1,2116,1,3,2,0,1,0,0,1,2,1,0,6,2,113,1,1600,1,2,3,0,0,1,1,0,2,1,3,4,2,113,3,1528,3,2,3,2,0,1,2,0,1,2,3,3,1,109,0,1761,2,0,3,0,1,0,0,0,1,1,0,4,0,111,1,1870,2,2,1,1,0,3,1,0,3,2,2,2,2,104,2,2089,2,2,1,0,0,2,3,1,4,0,3,3,3,125,6,2014,3,0,2,2,1,2,2,0,3,3,2,5,3,124,2,1926,3,3,8,3,5,3,2,3,5,3,5,9,2,122,3,2369,2,3,4,2,0,1,2,0,3,3,3,2,4,freqmine
27443,15241,17071,17985,17577,18336,18222,17640,17029,17640,17161,22290,17393,17566,17806,17662,9051,37,1469,1648,1541,1520,1409,1441,1431,1541,1568,6688,1484,1504,1463,1534,8411,234,1271,1296,1399,1331,1303,1293,1218,1541,1302,7324,1350,1325,1364,1293,8399,240,1273,1147,1270,1263,1283,1234,1283,1296,1226,7666,1260,1210,1362,1234,8549,239,1359,1273,1374,1403,1404,1335,1423,1316,1299,7298,1409,1347,1302,1304,9244,250,1994,1941,2080,1814,2330,2158,1748,2128,1795,8134,1980,1845,1794,2001,9106,227,1529,1531,1744,1573,1539,1640,1455,1665,1636,7834,1547,1681,1535,1491,8816,254,1855,1699,1678,1806,1685,1565,1536,1698,1475,6510,1561,1584,1652,1687,8256,236,1319,1326,1364,1357,1317,1358,1291,1303,1269,6980,1341,1323,1356,1318,8440,253,1508,1469,1518,1496,1495,1579,1462,1456,1413,6750,1473,1491,1583,1504,8543,233,1495,1381,1530,1525,1527,1413,1497,1525,1461,8413,1444,1581,1540,1407,8327,80,1304,1250,1320,1517,1419,1351,1362,1311,1364,6658,1322,1426,1255,1345,8634,240,1523,1417,1492,1573,1552,1526,1516,1538,1659,6066,1442,1642,1441,1422,8927,224,1693,1549,1981,1868,1807,1894,1805,1694,1759,6835,1706,1550,1692,1599,8795,251,1462,1409,1468,1526,1438,1468,1538,1363,1378,7329,1385,1429,1402,1453,9193,249,1760,2017,1719,1670,1854,1590,1642,1727,1859,7817,1796,1631,1864,1648,freqmine
6331,2734,3144,3452,3494,3078,4179,2925,3171,3246,3919,3456,3128,3467,3712,3336,2752,19,296,349,400,179,665,205,248,266,560,674,186,339,370,258,2830,42,256,325,407,157,699,196,246,248,545,773,231,354,377,231,2773,62,271,332,395,175,624,207,246,266,501,861,216,280,379,257,2816,64,303,387,379,179,710,208,224,271,538,854,217,341,420,270,2831,45,357,419,596,198,1048,264,333,342,612,872,279,395,515,376,2791,67,353,438,687,165,989,247,282,318,761,807,230,364,498,311,2670,40,316,394,458,160,749,199,248,313,564,746,172,283,420,257,2750,51,264,309,460,162,832,201,211,273,576,745,200,351,478,269,2716,54,340,382,449,174,878,243,263,233,640,751,226,341,427,271,2687,71,338,439,527,154,1128,209,243,284,702,826,230,409,527,289,2556,23,261,353,428,141,726,193,200,221,507,651,181,353,374,217,2837,44,370,444,517,194,1092,243,318,308,760,716,207,476,502,340,2736,66,319,527,670,188,1179,238,329,377,851,766,275,383,538,326,2797,71,381,463,571,250,1010,277,343,375,730,780,199,423,591,386,2919,53,401,557,557,269,944,292,303,383,773,823,247,403,659,360,freqmine
13158,7634,8193,8289,8147,8346,8166,8080,8054,8298,8103,8114,8116,8127,8248,8269,4961,17,626,638,610,616,529,538,566,713,544,659,620,552,642,627,4960,68,677,714,662,659,624,601,608,787,602,698,712,639,670,715,4940,70,686,671,681,689,609,616,619,767,593,693,723,632,693,723,4886,79,676,683,640,693,601,624,623,785,635,701,725,601,697,699,5126,67,709,707,717,659,605,657,671,788,613,708,707,617,727,743,4971,101,874,710,684,669,621,625,652,798,635,720,742,702,721,701,4876,69,667,686,656,625,596,573,596,727,591,673,684,595,685,676,4791,76,670,678,640,618,588,575,560,743,562,717,688,579,687,671,4956,67,669,691,659,632,599,590,593,733,576,676,673,597,663,679,4934,82,684,683,672,640,628,618,630,796,588,709,715,624,731,682,4759,55,637,656,607,596,534,549,552,691,540,614,626,538,615,614,4864,74,698,705,670,674,584,592,610,764,580,692,678,595,701,700,4884,86,689,724,662,658,626,610,612,763,599,649,694,599,687,667,4984,77,713,705,701,706,634,643,681,796,617,726,742,651,735,715,5037,71,731,753,679,741,634,638,639,794,639,729,740,643,730,714,freqmine
25804,16460,17389,17851,17493,17934,17774,17485,17424,17412,17339,17327,17410,17488,17503,17486,9333,31,1116,1100,1115,1122,1135,1122,1148,1133,1099,1096,1091,1104,1118,1104,9333,78,1147,1154,1160,1190,1202,1172,1184,1178,1144,1138,1146,1158,1177,1150,9565,96,1163,1171,1169,1210,1212,1192,1203,1190,1156,1153,1158,1169,1195,1167,9394,89,1154,1161,1166,1195,1209,1182,1198,1179,1160,1138,1157,1170,1178,1156,9575,86,1164,1190,1177,1209,1221,1197,1202,1191,1155,1147,1164,1179,1198,1166,9492,97,1170,1189,1186,1218,1235,1202,1212,1201,1169,1162,1181,1190,1219,1175,9340,83,1141,1161,1156,1194,1204,1177,1181,1174,1147,1131,1145,1161,1183,1169,9293,89,1148,1161,1157,1196,1199,1176,1179,1177,1139,1136,1141,1157,1184,1155,9317,80,1154,1169,1160,1201,1210,1172,1190,1177,1145,1135,1153,1167,1183,1157,9277,90,1157,1163,1162,1194,1218,1180,1197,1177,1153,1150,1161,1172,1192,1162,9261,67,1136,1149,1139,1180,1185,1156,1169,1157,1136,1121,1120,1139,1158,1140,9328,76,1149,1160,1160,1195,1211,1171,1187,1169,1146,1133,1139,1157,1176,1154,9368,87,1152,1167,1166,1202,1216,1181,1190,1177,1155,1147,1153,1173,1187,1159,9363,89,1148,1164,1168,1200,1214,1173,1193,1178,1150,1142,1145,1167,1181,1161,9340,81,1149,1165,1168,1198,1208,1177,1186,1177,1151,1142,1144,1162,1175,1163,freqmine
26027,16614,17572,17997,17663,18072,17964,17645,17592,17601,17540,17530,17597,17676,17677,17639,9412,39,1122,1125,1135,1136,1152,1122,1142,1140,1151,1127,1126,1138,1138,1121,9335,35,1123,1123,1131,1148,1167,1120,1130,1134,1143,1122,1130,1126,1132,1115,9568,42,1129,1133,1138,1161,1173,1133,1145,1144,1157,1134,1138,1138,1141,1130,9389,37,1120,1130,1136,1147,1169,1125,1137,1135,1151,1124,1130,1131,1133,1126,9597,39,1129,1143,1153,1156,1181,1137,1146,1148,1158,1132,1138,1147,1146,1132,9521,34,1128,1146,1145,1153,1170,1131,1142,1146,1155,1133,1133,1137,1143,1128,9377,35,1118,1132,1131,1144,1159,1123,1131,1131,1146,1123,1125,1124,1132,1122,9340,38,1117,1129,1130,1145,1160,1119,1128,1134,1144,1122,1123,1125,1134,1116,9354,35,1120,1130,1132,1144,1162,1121,1133,1136,1146,1123,1125,1129,1132,1112,9310,33,1114,1125,1124,1136,1157,1115,1129,1131,1142,1121,1120,1123,1129,1109,9303,24,1103,1115,1114,1136,1153,1109,1119,1123,1135,1112,1111,1114,1119,1100,9354,29,1114,1129,1130,1144,1163,1117,1130,1132,1139,1121,1118,1121,1132,1108,9396,38,1118,1130,1133,1143,1164,1122,1133,1134,1148,1126,1124,1126,1132,1117,9387,36,1117,1131,1132,1145,1164,1120,1134,1133,1141,1124,1122,1128,1131,1112,9372,34,1114,1125,1123,1144,1164,1119,1130,1130,1139,1127,1119,1129,1129,1116,freqmine
26232,16747,17709,18115,17797,18181,18083,17766,17727,17759,17722,17693,17724,17790,17832,17793,9476,40,1137,1140,1148,1149,1153,1119,1152,1171,1181,1145,1120,1116,1149,1137,9399,33,1129,1143,1141,1160,1165,1109,1138,1164,1167,1136,1119,1101,1135,1124,9614,40,1133,1148,1153,1175,1173,1127,1154,1172,1185,1153,1134,1114,1150,1137,9449,38,1130,1141,1149,1164,1166,1121,1145,1165,1171,1141,1127,1107,1145,1124,9632,39,1140,1152,1162,1178,1175,1130,1154,1175,1180,1155,1138,1121,1158,1138,9579,32,1141,1156,1159,1170,1172,1124,1150,1174,1177,1154,1134,1112,1158,1134,9431,34,1130,1145,1144,1155,1164,1120,1143,1158,1169,1139,1123,1102,1147,1126,9399,35,1130,1141,1145,1154,1159,1116,1140,1162,1165,1136,1120,1104,1147,1121,9412,36,1137,1146,1147,1161,1162,1117,1145,1162,1171,1137,1122,1106,1146,1129,9380,37,1132,1137,1141,1152,1153,1112,1140,1159,1164,1135,1118,1105,1142,1121,9377,25,1124,1130,1132,1147,1147,1111,1133,1151,1157,1127,1110,1097,1132,1116,9409,29,1133,1136,1143,1161,1156,1115,1143,1159,1162,1131,1121,1104,1146,1125,9458,35,1133,1139,1144,1160,1160,1114,1148,1165,1174,1137,1125,1108,1146,1130,9456,36,1132,1136,1143,1158,1160,1115,1143,1162,1169,1140,1120,1109,1143,1129,9441,32,1129,1138,1142,1154,1161,1111,1139,1163,1167,1142,1116,1107,1143,1131,freqmine
25760,16281,17341,17727,17359,17829,17600,17410,17275,17330,17331,17674,17290,17401,17382,17429,9347,38,1182,1197,1153,1247,1128,1174,1165,1182,1211,1583,1167,1184,1150,1185,9290,40,1197,1246,1150,1326,1150,1191,1171,1216,1222,1585,1178,1195,1182,1207,9445,44,1178,1192,1139,1244,1134,1179,1161,1178,1213,1588,1180,1177,1141,1170,9282,68,1202,1209,1168,1252,2039,1206,1187,1197,1233,1614,1212,1195,1178,1205,9503,42,1197,1213,1157,1260,1154,1218,1164,1190,1220,1599,1177,1191,1159,1183,9444,33,1177,1199,1157,1256,1135,1186,1144,1195,1208,1599,1184,1188,1156,1178,9229,34,1156,1166,1119,1237,1127,1164,1128,1158,1196,1573,1149,1154,1145,1182,9207,69,1185,1178,1160,1249,1149,1175,1152,1187,1222,2476,1175,1184,1176,1179,9227,36,1158,1194,1131,1213,1129,1155,1125,1166,1194,1583,1155,1165,1135,1161,9182,65,1177,1193,1723,1228,1146,1203,1156,1189,1219,1611,1162,1173,1152,1177,9152,31,1162,1183,1112,1202,1123,1154,1118,1158,1193,1576,1141,1151,1129,1151,9261,32,1161,1176,1131,1238,1142,1185,1135,1173,1200,1582,1151,1157,1134,1208,9321,54,1194,1209,1158,1256,1161,1862,1166,1202,1250,1616,1182,1195,1150,1193,9338,66,1972,1213,1185,1224,1174,1203,1163,1214,1236,1622,1186,1215,1160,1195,9338,51,1210,1252,1175,1264,1166,1209,1190,1229,1278,1639,1788,1200,1173,1222,freqmine
25712,16424,17404,17768,17450,17891,17739,17491,17386,17425,17340,17337,17415,17459,17484,17467,9268,37,1158,1098,1107,1166,1130,1127,1115,1153,1116,1110,1119,1091,1119,1098,9220,54,1161,1117,1121,1193,1154,1134,1116,1151,1116,1111,1132,1105,1127,1110,9431,55,1171,1121,1128,1203,1162,1145,1132,1158,1129,1123,1140,1107,1132,1126,9266,57,1167,1117,1125,1190,1161,1145,1124,1157,1123,1117,1141,1110,1139,1120,9454,54,1173,1126,1140,1201,1169,1156,1133,1164,1126,1128,1145,1115,1137,1128,9389,46,1169,1126,1128,1195,1161,1149,1130,1162,1128,1127,1143,1110,1136,1118,9253,50,1162,1116,1120,1192,1155,1145,1122,1150,1120,1115,1137,1106,1133,1121,9225,58,1161,1115,1123,1191,1156,1140,1121,1151,1116,1117,1136,1109,1140,1114,9222,53,1167,1109,1119,1189,1154,1136,1117,1149,1115,1114,1131,1097,1132,1109,9205,65,1171,1121,1132,1200,1162,1148,1135,1164,1135,1138,1153,1121,1153,1127,9191,47,1152,1106,1113,1184,1147,1128,1108,1139,1110,1110,1128,1097,1131,1107,9230,49,1166,1118,1127,1192,1159,1135,1118,1150,1116,1116,1136,1108,1140,1114,9275,54,1166,1118,1124,1199,1160,1144,1123,1150,1123,1120,1140,1112,1143,1116,9267,49,1163,1115,1125,1192,1157,1138,1123,1152,1117,1114,1132,1103,1129,1114,9270,55,1161,1114,1117,1191,1155,1139,1119,1151,1122,1122,1133,1116,1129,1123,freqmine
25641,16408,17416,17713,17444,17868,17655,17491,17359,17401,17322,17318,17363,17471,17435,17419,9247,37,1158,1086,1121,1172,1082,1167,1114,1144,1131,1113,1088,1134,1101,1100,9169,30,1146,1085,1114,1182,1090,1163,1100,1134,1118,1104,1085,1125,1088,1086,9364,36,1158,1093,1121,1191,1098,1172,1113,1140,1132,1117,1096,1131,1099,1098,9212,29,1152,1090,1120,1185,1095,1169,1109,1135,1129,1112,1094,1130,1096,1091,9398,32,1161,1105,1130,1195,1105,1181,1116,1148,1138,1122,1103,1141,1109,1103,9331,26,1159,1104,1129,1189,1096,1174,1114,1142,1134,1117,1095,1133,1106,1095,9201,32,1150,1094,1117,1175,1090,1166,1105,1130,1125,1107,1090,1122,1099,1102,9168,32,1152,1092,1116,1178,1089,1164,1102,1130,1119,1102,1087,1122,1096,1090,9180,33,1157,1094,1119,1182,1094,1166,1106,1129,1121,1105,1092,1125,1097,1095,9137,30,1156,1087,1109,1168,1087,1164,1102,1128,1116,1102,1084,1120,1091,1090,9133,20,1146,1082,1103,1164,1082,1158,1097,1121,1115,1097,1075,1112,1084,1085,9179,24,1152,1089,1115,1178,1092,1167,1109,1128,1119,1104,1082,1122,1095,1090,9220,32,1161,1095,1116,1181,1099,1172,1111,1129,1129,1109,1089,1128,1100,1100,9215,30,1153,1090,1113,1176,1095,1166,1108,1129,1123,1109,1084,1128,1094,1093,9199,28,1150,1085,1111,1172,1091,1163,1104,1127,1121,1110,1083,1126,1092,1095,freqmine
25652,16406,17352,17737,17428,17856,17711,17399,17309,17361,17273,17269,17340,17412,17439,17404,9262,41,1123,1105,1122,1160,1140,1113,1094,1149,1115,1102,1102,1105,1136,1119,9176,33,1114,1102,1114,1172,1148,1105,1079,1138,1102,1092,1098,1092,1124,1105,9389,39,1122,1111,1125,1187,1159,1119,1094,1150,1114,1107,1112,1103,1137,1118,9217,35,1123,1104,1116,1173,1154,1111,1085,1141,1108,1100,1106,1097,1131,1110,9414,37,1129,1118,1131,1188,1167,1123,1097,1155,1117,1111,1116,1119,1144,1121,9349,30,1126,1116,1125,1185,1161,1117,1092,1151,1117,1110,1107,1108,1142,1117,9201,33,1114,1110,1111,1173,1149,1112,1083,1135,1110,1099,1101,1097,1132,1109,9166,36,1116,1104,1110,1167,1145,1108,1079,1135,1105,1098,1096,1097,1131,1103,9176,36,1120,1106,1111,1173,1148,1109,1079,1134,1107,1101,1098,1096,1129,1105,9137,32,1113,1098,1108,1168,1145,1103,1076,1130,1102,1100,1093,1094,1127,1099,9135,25,1104,1094,1103,1161,1139,1101,1070,1127,1100,1092,1085,1085,1117,1093,9186,28,1112,1102,1115,1173,1150,1106,1079,1137,1103,1099,1094,1095,1130,1105,9225,34,1116,1104,1114,1172,1153,1110,1084,1135,1111,1104,1100,1101,1133,1108,9218,34,1113,1107,1116,1173,1154,1109,1082,1138,1105,1102,1096,1101,1128,1107,9207,32,1111,1105,1111,1171,1151,1107,1077,1137,1105,1102,1094,1098,1128,1107,freqmine
543,364,3176,358,348,365,330,344,334,335,316,313,333,369,346,368,111,6,1720,3,2,4,2,2,2,4,2,2,4,6,7,4,89,1,1814,0,0,0,0,0,1,1,0,1,0,1,0,4,105,4,1684,4,5,2,4,2,8,3,3,4,5,6,5,4,103,2,1579,4,4,4,3,3,3,3,3,5,3,2,2,1,113,2,2263,2,4,6,1,3,2,0,2,2,3,2,2,3,91,2,1944,4,1,2,3,2,1,0,0,0,0,1,1,0,98,3,2231,2,1,3,2,1,1,1,1,2,1,2,2,2,91,2,1629,2,1,1,1,0,1,2,0,2,4,3,1,2,95,2,1615,4,1,1,0,1,1,2,1,1,1,0,3,0,84,1,1919,1,2,2,0,1,0,1,0,1,1,4,0,3,79,2,1845,1,0,2,0,3,0,0,1,1,2,2,0,1,92,2,1963,2,1,3,2,3,2,1,0,1,4,3,3,1,109,1,2108,3,4,4,1,2,1,2,3,2,3,6,3,2,100,6,2015,6,5,4,3,5,3,5,4,2,5,6,2,5,116,1,2332,1,2,3,1,3,3,1,2,2,1,2,3,2,freqmine
27281,17327,19235,19711,19212,19014,19696,19251,18992,18506,18857,18531,19109,18887,18706,19008,9740,39,1523,1618,1448,1210,1735,1488,1381,1238,1512,1199,1344,1321,1238,1388,9740,86,1551,1778,1579,1243,1861,1583,1436,1252,1439,1201,1419,1284,1267,1426,9954,78,1588,1690,1525,1245,1839,1560,1487,1237,1492,1206,1444,1338,1251,1383,9770,89,1567,1686,1445,1238,1911,1494,1570,1230,1419,1188,1421,1307,1242,1434,9983,66,1581,1665,1519,1250,1883,1613,1514,1581,1482,1228,1409,1357,1277,1441,9848,72,1571,1642,1529,1234,1845,1544,1533,1231,1471,1209,1453,1318,1249,1432,9741,81,1622,1644,1536,1230,1831,1423,1463,1220,1447,1179,1420,1322,1247,1404,9689,77,1524,1637,1453,1223,1820,1395,1451,1223,1472,1187,1367,1292,1241,1402,9694,52,1587,1508,1427,1322,1818,1421,1350,1216,1342,1203,1398,1288,1225,1303,9702,78,1591,1628,1399,1217,1976,1501,1483,1223,1496,1214,1379,1330,1211,1405,9667,36,1525,1598,1393,1204,1863,1410,1495,1219,1427,1186,1283,1281,1181,1328,9737,74,1603,1618,1571,1221,1905,1546,1495,1226,1488,1210,1362,1283,1247,1410,9760,85,1605,1702,1526,1226,1970,1671,1551,1245,1487,1207,1425,1294,1246,1376,9812,47,1578,1592,1469,1225,1923,1498,1520,1254,1480,1207,1386,1288,1207,1296,9735,94,1593,1839,1498,1246,1900,1573,1378,1246,1492,1233,1442,1344,1250,1429,freqmine
33983,20198,24452,24150,24060,21717,24418,24215,24241,21220,23463,21247,23945,24442,21596,24154,13607,46,3993,3605,3304,1067,3462,3644,3174,1075,3411,1109,3127,3861,1098,3489,13790,66,4154,3470,3128,1090,3459,3897,3549,1085,3585,1124,3342,3952,1116,3819,13949,72,4436,3565,3418,1097,3529,3919,3702,1089,4024,1132,3425,3720,1123,3656,13971,69,3960,3484,3640,1097,3925,3813,3658,1084,4029,1129,3757,3680,1124,3874,14219,53,4278,3547,3946,1092,4072,4176,4022,1074,3859,1113,3702,4460,1118,4151,14080,56,4231,3770,3916,1094,3901,3967,4206,1079,4007,1126,3951,4497,1119,3803,13637,64,3961,3489,3879,1099,3962,3546,3895,1090,4292,1128,4006,4273,1127,3783,13406,65,3801,3424,3780,1087,3756,3412,3839,1085,4033,1125,3674,3942,1120,4144,13280,52,3915,3335,3585,1083,3613,3361,3529,1067,3890,1114,3587,3850,1112,3755,13334,63,3927,3513,3503,1090,3654,3563,3477,1086,3733,1128,3377,4196,1126,3717,13142,40,4132,3505,3462,1079,3768,3630,3512,1061,3880,1104,3448,3843,1094,3544,13436,57,4057,3560,3756,1100,4020,3481,3632,1088,3991,1129,3483,3778,1126,3825,13603,64,3964,3562,3916,1096,3873,3901,3600,1084,4172,1137,3438,3805,1133,3875,13443,44,4065,3456,3600,1077,3861,4193,3874,1066,4182,1116,3581,3780,1097,3629,13621,65,4229,3537,3625,1085,4015,3962,4006,1078,4093,1130,3580,3911,1121,3590,freqmine
35186,21156,24490,24681,24304,22113,24665,25074,24913,21965,24883,21666,24956,24510,21865,24367,14007,35,3680,3912,3671,1100,3670,4101,4344,1115,3662,1131,4200,3478,1118,3553,14018,44,3869,4065,3501,1110,3702,3878,3947,1111,3561,1136,3742,3808,1112,3921,14079,49,3815,3652,3544,1111,3638,3692,3785,1112,3508,1137,3617,3915,1114,3983,14029,53,3758,3746,3580,1119,3550,3795,4074,1121,3732,1144,3817,3909,1131,3893,14288,39,4038,4216,3952,1121,3889,4423,4242,1117,4226,1138,4141,4333,1125,4117,14377,43,4068,3810,4089,1122,3472,4541,4163,1117,4116,1149,3920,4164,1131,4050,14526,44,4102,4177,4105,1115,3541,4282,4178,1118,3916,1144,3953,4162,1127,3828,13938,51,3747,3865,3746,1108,3789,4090,4258,1122,4018,1148,4279,4270,1132,3737,13933,37,3674,3925,3997,1112,3863,3940,4273,1111,4265,1135,4083,4233,1120,3913,13749,40,3907,3921,3932,1107,3950,3742,4070,1113,4339,1143,3990,3829,1118,3795,13666,22,3671,3779,3720,1100,3770,3562,4140,1099,4186,1121,3766,3757,1106,3845,13817,44,3885,3774,3686,1108,4007,3678,4320,1116,3830,1137,3942,3824,1121,3718,14364,42,3869,4228,3987,1109,4215,3780,3957,1119,3782,1144,4062,3916,1130,3763,14383,34,3522,4112,4027,1106,3789,3899,3679,1110,3950,1128,3874,3623,1111,3768,14264,54,3641,4184,3690,1112,4189,4133,3872,1118,4135,1148,4107,3678,1128,3944,freqmine
31571,18209,18743,21029,22167,19332,18504,21352,21276,19289,22464,19460,21580,22447,19383,22222,12926,35,615,2694,3947,1185,383,3678,3154,1196,4314,1294,3523,3868,1188,3745,12897,67,771,2707,4120,1216,491,3758,3535,1218,4261,1326,3775,3985,1215,3672,12843,45,552,2538,3651,1199,425,3741,3249,1198,4007,1328,3493,3657,1183,3725,13079,43,688,2812,3949,1194,367,3627,3119,1199,3767,1323,3229,3534,1186,3883,13106,30,641,2811,4233,1203,374,3940,3769,1194,4439,1283,3809,4192,1182,4745,13116,90,851,2683,4280,1234,448,3743,3655,1234,4351,1340,3780,4585,1236,4399,13249,35,645,2597,4415,1188,347,3952,3388,1190,4439,1279,3757,4533,1179,4444,13371,38,606,2455,4299,1182,329,3800,3522,1185,4188,1318,3721,4347,1173,4136,13111,32,689,2600,3983,1200,399,4053,3575,1186,4189,1272,3738,4349,1177,3672,12860,31,582,2530,4107,1184,475,4020,3495,1185,4305,1310,3677,4733,1172,3720,12719,19,695,2616,4264,1185,383,3618,3300,1176,4263,1297,3547,4228,1167,3562,12848,30,779,2817,4098,1187,540,3540,3468,1188,4654,1303,3660,3836,1178,3806,13272,34,692,2702,4272,1190,437,3780,3696,1188,4611,1308,3793,4049,1182,3990,12904,29,651,2844,4418,1194,446,3594,3290,1184,4316,1307,3444,3853,1177,3811,13094,31,599,2918,4545,1180,447,3430,3211,1182,4227,1324,3585,4198,1174,3953,freqmine
14287,8973,8854,8971,9964,13185,8702,8803,8680,14516,9895,13879,8996,10026,13583,9371,4973,26,24,38,999,4425,22,68,56,5319,906,5140,65,1091,4350,332,4856,25,20,36,965,4317,20,61,57,5111,1088,5221,70,1234,4427,331,4901,52,45,61,995,4731,45,99,105,4952,1047,5239,91,1183,4423,366,4923,34,42,74,924,4612,39,87,63,5107,1043,5095,90,1068,4541,325,4927,29,25,37,1016,4522,30,69,57,5274,1035,5394,78,1026,4719,368,4823,22,22,39,939,4795,18,51,46,5284,935,5275,52,1146,4497,419,4801,48,32,55,1048,4878,38,75,64,5104,891,4881,80,1104,4643,358,4820,55,46,64,1051,4707,45,77,64,4940,915,4922,100,1135,4461,388,4834,32,26,33,1087,4565,33,51,42,5267,898,4996,66,1185,4395,334,4874,36,35,43,1095,4674,33,56,50,5140,994,5465,91,1244,4444,378,4850,17,15,22,1009,4675,17,33,31,5173,1269,4964,40,1382,4605,330,4911,40,36,62,1017,4591,37,80,60,5336,1077,5189,90,1267,4728,373,5043,40,35,51,1033,4654,42,68,56,5300,1073,5491,71,1167,4384,376,5062,28,23,61,970,4503,27,88,53,5131,1066,5327,88,1111,4482,414,5043,39,40,72,1154,4690,38,99,61,5260,1089,5320,105,1011,4634,372,freqmine
9086,6064,5842,5902,5905,11579,5856,5895,5955,10663,5869,6312,5828,5988,11712,5980,3033,25,23,23,28,5392,20,19,24,4742,24,398,21,23,5533,24,2930,20,17,22,20,5167,15,17,19,4581,19,501,19,16,5360,18,2964,29,25,32,36,4842,27,24,30,4518,27,543,26,22,5562,32,2980,41,42,42,45,5492,41,40,45,4718,39,518,35,33,5360,32,2984,26,31,28,36,6124,36,27,32,5201,31,535,27,27,6079,29,2935,19,18,21,25,5658,16,20,24,4998,25,478,21,19,5985,22,2958,28,32,39,39,6299,29,24,37,5336,30,490,26,25,6086,28,2982,23,26,25,24,6329,24,21,25,4569,24,465,22,17,5782,20,2975,26,28,25,34,6144,30,23,27,4696,32,448,29,24,5472,29,2970,51,50,54,51,5766,48,43,50,4845,47,448,46,44,5423,42,2937,32,24,28,32,5718,27,26,28,4522,25,426,25,27,5263,26,2925,37,33,39,35,5645,32,24,39,4804,33,509,25,22,5298,34,3011,33,37,38,38,5906,32,39,36,5162,36,483,39,30,5663,35,3016,22,32,26,36,5797,29,24,28,4921,31,455,29,25,5702,31,3010,35,35,40,42,5569,35,33,38,4766,29,522,31,29,5544,40,freqmine
794,501,3263,504,502,509,455,502,476,477,462,469,475,479,535,543,244,2,1746,4,3,15,3,14,3,2,2,3,4,3,3,13,223,1,1834,0,3,14,1,12,1,2,2,1,3,1,2,11,247,7,1670,9,9,19,4,17,9,8,4,11,6,5,14,20,248,4,1523,2,5,25,1,29,4,3,2,3,1,4,8,29,239,6,2305,1,7,13,5,32,3,2,1,2,6,5,12,20,223,0,1926,2,5,19,0,14,0,3,0,1,3,2,3,16,233,2,2121,5,8,15,0,12,6,3,1,2,5,3,8,27,231,2,1546,3,5,14,0,14,0,0,2,2,3,1,4,14,233,4,1609,2,5,18,1,13,1,0,2,1,3,4,3,20,225,2,1783,0,3,13,1,10,2,1,0,1,2,0,3,15,229,1,1786,1,3,10,1,8,1,1,1,3,3,3,4,15,227,2,2013,2,2,25,1,22,0,2,2,2,3,3,4,23,233,4,2202,2,2,16,0,10,4,4,1,2,4,2,3,16,259,4,2111,3,5,51,2,44,5,2,2,4,4,2,10,47,250,4,2372,6,2,21,3,28,2,1,2,1,4,4,6,27,freqmine
617,391,3303,410,387,407,363,382,382,371,355,368,372,393,394,413,142,0,1758,3,3,6,1,3,2,3,2,2,3,2,3,3,131,1,1976,2,1,4,3,3,1,1,2,3,2,1,1,2,153,4,1753,4,6,5,2,5,2,4,5,4,3,7,4,6,143,4,1560,3,1,3,3,3,3,2,2,1,2,1,2,6,150,2,2396,4,6,0,3,1,3,2,3,2,3,3,6,4,127,5,1964,2,0,2,0,1,1,0,1,0,0,2,1,4,139,1,2057,3,5,3,2,1,1,2,1,2,1,3,5,7,140,0,1541,1,3,1,1,1,2,2,0,0,0,2,2,3,133,1,1524,3,0,1,2,1,2,0,0,2,0,1,1,4,125,0,1779,1,0,2,1,1,0,0,0,0,0,1,2,2,127,2,1900,3,0,2,0,3,2,2,0,0,2,1,3,5,132,2,2006,3,3,3,3,1,3,1,1,3,3,3,1,3,142,1,2246,3,2,1,4,3,1,1,1,1,2,0,2,4,145,0,2245,5,3,4,2,2,2,2,3,4,3,4,1,5,154,3,2321,6,10,4,3,7,4,7,4,8,5,8,10,11,freqmine
806,487,3318,501,538,508,478,477,475,468,489,469,476,485,503,499,237,2,1676,3,12,1,5,2,3,3,9,2,4,4,4,4,231,4,1979,4,14,1,4,2,1,2,11,1,3,3,2,3,241,5,1724,8,17,4,5,3,6,5,14,3,5,6,8,4,251,3,1584,4,29,5,2,4,4,2,43,2,6,7,15,11,249,4,2173,3,18,3,1,2,2,1,18,3,4,1,5,4,232,0,1959,0,17,0,1,0,3,0,18,1,6,0,1,3,233,3,2079,1,22,1,1,1,1,0,15,0,4,0,4,5,229,3,1611,3,14,3,3,1,4,2,12,1,8,1,2,4,224,1,1544,1,15,4,1,1,2,0,14,0,5,1,1,2,223,0,1814,1,16,1,1,0,1,0,10,2,5,3,4,4,228,0,1926,1,11,2,2,0,2,0,8,2,4,1,2,1,230,2,2124,1,12,3,3,2,4,3,20,3,5,4,4,4,238,2,2211,2,14,2,1,1,1,1,8,2,5,3,1,2,244,3,2083,3,45,2,3,2,4,1,40,1,5,2,5,2,248,2,2351,2,35,4,4,3,4,2,26,3,5,1,17,4,freqmine
661,456,3256,443,424,420,384,390,414,388,382,378,381,418,468,438,173,13,1680,8,9,5,4,3,32,3,5,4,6,6,28,10,146,9,1957,2,2,0,0,2,13,0,1,0,0,1,13,2,177,16,1706,11,5,5,8,6,20,6,11,8,7,6,19,9,165,33,1397,7,7,2,4,2,32,4,1,1,3,1,37,4,161,16,2244,4,5,5,3,2,19,4,2,0,2,5,21,5,145,12,2034,6,3,3,0,2,18,0,0,0,1,3,15,5,147,13,2041,6,4,4,2,1,16,1,3,1,2,1,16,3,147,10,1615,4,2,3,3,0,8,2,2,5,4,4,26,7,144,12,1546,5,0,1,0,1,13,5,1,0,2,2,18,4,147,31,1883,6,9,3,1,2,15,2,0,0,2,2,33,8,140,10,1868,4,2,1,0,1,10,0,1,0,2,2,14,4,143,23,2005,7,5,3,3,2,23,3,2,2,4,4,25,6,159,14,2080,5,3,4,1,1,11,3,3,1,3,5,15,6,169,44,2035,4,7,7,2,4,35,4,3,4,2,5,44,9,174,34,2354,6,8,6,2,3,27,3,2,3,4,5,35,2,freqmine
770,620,3091,925,695,619,561,570,573,591,569,543,569,609,650,641,69,29,1251,165,75,33,41,27,28,30,28,28,30,29,32,33,43,25,1514,183,69,26,44,25,21,22,20,22,26,22,24,28,61,34,1393,168,140,34,41,28,25,23,24,23,32,24,37,39,57,24,1261,245,56,25,41,30,25,21,22,20,20,22,20,25,55,22,1745,160,57,22,37,24,25,25,23,24,24,23,23,24,49,22,1437,197,75,28,30,23,23,27,26,21,30,24,44,31,45,17,1645,147,51,17,30,17,15,20,20,21,20,19,20,20,46,24,1035,154,63,25,35,23,23,24,23,25,27,24,26,24,53,25,1054,160,59,25,42,27,27,27,24,26,29,30,26,27,40,21,1260,178,56,20,36,22,19,22,20,20,21,22,25,21,34,14,1292,139,47,17,26,14,14,14,14,13,16,15,20,18,43,19,1591,150,50,21,33,21,22,21,18,20,19,20,21,21,54,25,1539,137,59,24,38,25,25,27,26,24,28,26,29,25,66,24,1484,180,53,17,60,23,24,22,23,25,22,26,24,25,59,29,1800,205,62,27,46,25,25,27,25,26,28,25,29,27,freqmine
818,502,3402,492,479,491,462,471,482,485,469,482,474,487,500,490,240,1,1820,2,3,3,1,3,4,3,2,3,3,3,1,5,228,4,1870,0,0,0,0,1,1,2,1,2,1,1,0,3,244,5,1782,4,3,3,4,7,6,6,3,3,4,5,5,5,239,6,1500,3,2,1,2,1,3,2,4,4,3,4,4,2,241,1,2293,1,2,3,1,3,4,1,1,2,3,1,0,0,225,1,2032,0,2,1,0,0,1,2,0,2,0,2,1,1,233,1,2193,1,0,3,1,1,1,2,0,2,2,2,3,1,236,3,1666,5,3,3,2,5,1,2,2,1,0,2,1,0,237,3,1603,2,2,0,0,1,2,1,1,1,2,3,0,2,229,1,1921,0,2,1,0,0,3,2,0,2,0,2,1,1,232,2,1942,1,0,1,1,1,1,2,1,1,0,4,2,2,231,4,2136,3,1,3,1,4,2,4,1,2,3,3,2,0,238,3,2007,2,2,2,4,1,2,4,1,6,3,2,2,1,245,5,2047,7,4,4,5,6,9,5,4,6,6,6,5,3,239,3,2307,5,2,2,4,1,3,4,3,5,1,2,1,4,freqmine
700,441,3400,463,453,440,411,431,423,413,404,426,420,472,441,449,193,2,1882,6,8,4,3,3,3,3,1,3,4,19,5,3,182,1,2033,2,0,2,0,1,0,3,0,4,0,10,3,2,203,4,1906,5,3,6,5,4,4,5,2,10,7,16,4,7,197,1,1589,2,8,4,5,6,4,3,1,2,5,29,2,9,186,2,2295,2,3,1,3,1,2,1,1,5,1,18,3,5,172,2,2061,3,3,2,0,1,1,1,1,1,3,17,2,3,180,1,2217,3,5,1,1,0,1,2,2,2,2,16,0,4,178,3,1760,3,8,4,1,2,2,2,1,3,3,14,4,6,176,1,1717,1,2,1,1,1,0,0,1,3,2,16,2,4,170,0,1943,3,4,1,1,4,0,1,1,3,1,16,1,4,184,4,1958,2,2,4,1,2,2,2,2,4,3,11,3,4,177,1,2108,1,4,2,2,0,0,0,0,3,3,15,3,5,189,2,2175,3,4,1,0,3,1,3,4,2,1,13,7,6,190,2,2105,3,12,4,3,1,3,3,3,3,4,54,6,6,190,4,2490,2,5,4,2,4,3,2,3,3,4,23,5,6,freqmine
770,485,3266,486,469,466,453,453,459,451,443,457,452,477,486,481,231,5,1653,2,4,3,3,4,1,2,3,3,4,2,4,4,216,0,1875,3,1,0,3,1,0,0,0,1,0,1,0,0,231,3,1693,3,2,2,5,4,1,2,3,7,2,4,5,3,223,2,1502,4,2,2,1,2,0,0,0,0,1,3,3,0,224,4,2177,2,0,0,1,1,1,1,0,1,1,2,2,3,217,1,1892,1,0,0,2,1,0,0,0,1,1,1,2,1,218,3,2193,3,0,1,2,2,1,0,0,0,0,2,2,0,220,1,1583,0,3,1,2,0,3,1,0,0,1,3,4,1,213,0,1677,1,0,1,2,1,2,0,0,0,1,2,0,0,209,1,1925,1,1,1,1,0,0,0,0,0,0,1,3,1,217,0,1872,3,0,2,2,0,1,0,1,0,1,2,2,1,217,3,1977,1,1,1,2,2,4,2,1,1,2,2,2,1,228,5,2098,4,6,3,4,3,5,1,2,4,5,0,2,3,235,3,1973,3,2,2,4,3,3,1,2,4,3,3,6,5,231,3,2270,4,4,3,3,1,2,1,1,4,2,3,4,4,freqmine
785,472,3358,466,469,461,435,453,454,457,434,445,449,470,470,471,225,3,1785,7,5,3,4,2,4,5,2,3,3,4,7,4,207,2,1871,3,3,0,1,2,2,0,1,2,2,2,4,2,227,9,1798,5,6,3,4,7,4,7,3,7,8,7,9,3,226,8,1451,3,5,5,2,0,3,3,2,3,4,7,11,2,212,2,2178,3,4,3,1,1,1,4,2,2,1,1,5,1,197,3,2098,1,2,1,1,0,1,1,1,0,0,1,2,1,208,2,2253,2,2,2,0,0,0,1,2,2,1,1,5,3,215,3,1614,0,3,1,1,1,0,2,3,5,1,1,6,1,214,3,1696,5,1,4,0,2,2,2,1,1,1,3,3,2,205,3,1902,0,1,1,1,2,1,1,0,0,0,1,6,1,208,2,2053,2,2,1,0,1,1,0,0,1,1,2,2,1,209,4,2274,2,0,1,1,1,0,1,0,1,0,3,2,2,221,2,2180,3,3,3,1,1,0,4,0,2,3,3,7,3,225,4,2021,7,9,6,4,4,3,4,8,5,3,6,10,5,224,3,2280,2,1,2,2,1,3,1,2,3,1,2,5,2,freqmine
780,469,3293,482,471,468,453,451,465,463,451,464,472,475,489,475,220,2,1811,3,6,2,3,1,3,2,2,2,2,3,8,1,211,2,1949,2,2,1,2,1,2,2,2,1,4,2,1,2,224,5,1878,2,3,4,1,3,4,1,1,3,6,3,5,4,225,2,1559,2,4,0,1,2,0,1,0,3,1,1,5,2,219,3,2277,3,1,3,2,1,2,0,1,1,1,2,3,3,212,1,2164,2,1,2,0,0,0,0,1,1,1,2,1,1,213,1,2179,1,1,2,0,2,2,2,0,1,1,1,4,1,219,0,1639,5,2,4,1,0,1,2,2,0,1,0,6,1,216,3,1492,0,1,0,0,1,1,2,0,0,1,1,2,2,212,0,1919,1,1,1,1,0,3,0,0,2,0,2,5,1,217,1,1936,2,2,1,1,1,2,0,0,1,1,2,2,4,222,0,2275,3,2,2,0,0,1,1,0,2,2,1,2,3,228,1,2213,2,4,1,3,0,1,1,3,1,2,2,9,3,236,3,2104,3,4,4,1,6,3,3,3,2,4,4,7,2,220,2,2354,1,0,2,0,3,0,3,1,1,3,3,2,2,freqmine
838,513,3410,506,508,497,463,466,476,474,472,481,513,503,534,531,256,2,1804,2,6,7,2,4,2,3,2,3,17,5,11,8,237,0,1887,0,4,1,1,1,0,1,0,1,11,0,3,7,248,2,1769,6,5,5,4,1,4,2,3,4,19,3,4,11,249,4,1617,1,2,5,4,4,5,3,5,2,21,3,9,6,243,3,2193,1,2,2,2,4,2,2,0,0,19,1,7,8,227,1,2069,2,3,3,1,2,1,3,0,0,18,0,3,6,224,3,2213,3,3,3,2,1,0,1,0,0,15,2,6,5,237,3,1633,1,4,2,1,3,0,2,0,1,16,3,12,7,233,4,1504,2,5,3,2,2,1,2,3,1,19,3,5,6,233,1,1858,3,5,2,2,1,0,3,0,0,17,2,9,4,237,1,1897,1,2,1,1,1,0,3,1,0,14,2,5,5,234,3,2209,3,2,1,3,1,2,3,2,1,15,5,8,10,248,4,2082,3,6,1,1,2,2,2,2,3,18,4,13,7,264,3,2003,6,7,1,4,1,5,4,2,5,48,4,18,11,262,3,2444,6,5,5,4,1,3,2,1,3,31,6,13,9,freqmine
756,470,3323,464,471,471,445,449,460,453,436,449,467,465,467,472,218,1,1765,6,5,3,2,2,3,3,1,3,4,2,5,5,204,3,1870,1,1,3,1,2,2,1,0,0,1,1,2,0,213,5,1777,5,2,0,1,4,0,3,3,1,1,2,3,3,224,2,1586,3,3,2,3,3,1,3,3,2,2,2,5,4,218,1,2197,1,3,3,1,2,1,2,3,2,1,1,4,2,206,1,1979,1,2,1,0,0,1,1,1,1,1,2,3,0,207,0,2204,2,3,0,2,1,1,2,1,0,2,1,3,1,212,1,1676,0,3,1,2,1,5,1,1,1,2,2,3,1,209,1,1493,1,2,2,2,0,2,0,0,3,2,1,2,1,202,1,1904,0,1,1,0,0,0,0,0,0,1,0,2,1,210,2,1842,1,2,3,0,0,3,1,1,0,1,2,2,1,224,5,2193,3,9,7,2,5,6,4,2,5,3,1,5,7,215,2,2173,1,6,2,0,3,3,3,1,2,1,1,2,2,223,3,2106,4,8,7,4,5,3,4,4,4,7,4,4,3,221,5,2311,4,7,5,3,4,5,4,2,3,2,3,2,0,freqmine
884,499,3425,523,519,507,484,489,486,481,483,492,498,516,514,521,263,3,1761,4,1,2,2,4,1,4,2,2,2,4,6,5,248,1,1894,1,1,0,1,0,0,1,3,1,0,0,1,2,279,7,1833,3,4,1,4,7,5,4,2,4,3,5,5,7,287,5,1764,6,5,3,2,2,2,2,4,1,5,3,4,4,270,5,2260,3,4,2,2,1,1,4,1,3,3,2,4,4,259,2,1987,3,1,1,1,2,1,0,0,0,2,1,2,5,259,4,2156,1,1,2,1,1,4,1,1,1,2,1,1,5,256,1,1666,3,3,2,0,2,1,0,0,2,3,1,3,2,254,0,1599,2,2,3,3,1,0,0,1,1,1,1,0,3,255,1,2016,1,3,1,0,0,1,0,0,1,1,2,1,3,258,2,1832,4,2,2,1,1,2,0,1,2,2,1,3,4,267,2,2163,3,10,2,2,3,2,3,1,2,2,4,8,4,271,1,2140,5,1,2,3,1,1,2,1,1,4,0,3,5,300,3,2049,3,4,4,3,1,3,1,3,2,2,4,7,5,283,5,2431,3,3,2,2,4,1,2,3,2,3,3,4,6,freqmine
809,480,3302,504,486,480,455,466,460,470,456,508,477,500,527,503,229,3,1800,2,5,4,4,2,2,1,2,15,3,2,6,4,220,1,2062,0,1,1,2,2,0,2,1,13,0,2,2,1,241,1,1772,5,7,9,5,1,4,2,2,17,6,5,4,3,229,2,1610,1,3,5,2,0,2,1,0,25,1,1,4,4,227,2,2152,4,3,3,0,1,3,2,2,19,3,1,3,5,214,0,1997,1,2,0,1,0,0,1,0,15,1,2,0,3,221,2,2095,1,2,1,0,1,1,1,1,17,2,1,4,4,219,1,1704,2,2,1,1,0,1,1,1,13,3,1,4,4,222,2,1517,3,1,2,0,1,2,2,1,15,2,3,2,3,217,2,1792,2,1,2,1,2,0,1,0,14,1,2,3,3,226,1,1755,1,4,0,0,1,0,0,1,10,4,3,3,4,234,1,2240,3,3,3,0,0,2,0,0,20,4,2,10,5,238,3,2064,1,3,3,3,0,1,2,2,11,3,6,7,5,248,3,2052,5,2,4,2,5,2,1,1,44,5,4,4,4,238,2,2379,3,1,3,2,0,1,1,1,25,5,4,2,4,freqmine
800,497,3353,484,501,498,473,486,478,488,464,486,480,488,500,500,248,3,1715,2,4,5,1,4,3,4,2,3,3,4,5,5,234,0,2003,0,0,0,1,1,0,1,0,0,2,1,0,2,246,3,1668,3,1,2,1,2,3,3,2,4,2,1,5,2,254,1,1592,2,3,2,1,1,5,2,2,1,2,5,4,3,255,3,2172,1,4,3,2,1,4,0,1,1,3,4,2,3,241,2,1988,1,3,2,0,2,1,1,1,1,2,1,2,2,247,0,2197,4,1,2,1,3,2,1,0,2,3,3,2,1,241,2,1629,3,3,2,2,2,2,2,2,1,2,3,2,3,249,2,1449,1,2,0,0,2,1,2,1,0,3,1,2,4,237,0,1745,1,2,2,0,0,2,1,0,1,1,1,2,1,248,2,1809,2,5,3,2,3,5,5,3,1,2,2,8,6,247,4,2080,3,3,4,4,4,3,5,3,4,4,3,4,3,248,2,2187,4,3,2,1,1,1,2,2,3,3,2,2,4,255,1,2012,3,6,3,1,2,2,4,2,5,4,2,7,3,252,1,2239,2,4,4,2,3,6,4,2,4,5,3,3,4,freqmine
412,327,3008,300,302,325,281,310,291,326,264,268,276,296,316,304,42,4,1303,3,2,2,4,6,5,15,3,2,4,4,4,4,14,1,1584,2,3,2,1,1,2,12,2,1,1,1,4,3,37,3,1405,3,5,1,1,0,2,17,1,2,1,5,9,5,34,3,1332,2,2,5,1,3,1,23,2,1,6,4,4,3,39,4,2026,1,3,0,2,3,1,18,2,2,2,3,5,3,22,3,1701,3,3,0,0,1,2,16,1,1,2,2,4,2,31,4,2014,3,5,3,3,3,2,14,2,2,2,3,4,4,25,1,1288,3,3,1,2,2,2,14,2,1,2,2,4,5,23,4,1159,5,4,3,3,0,2,13,4,2,4,3,9,5,7,2,1346,1,2,2,1,1,1,17,0,0,1,2,4,2,11,3,1404,3,4,2,0,2,1,15,0,0,3,2,4,1,15,2,1811,4,4,2,1,0,1,16,2,3,2,2,3,5,29,4,1696,3,3,3,2,2,2,13,1,2,3,2,3,6,41,4,1603,2,3,4,3,4,3,46,3,1,4,4,5,3,31,3,1907,5,3,2,1,5,3,20,2,1,3,6,3,6,freqmine
795,510,3377,510,502,492,481,484,499,479,471,481,482,503,512,519,248,4,1847,6,2,3,5,4,4,4,3,5,4,3,5,5,239,1,2015,3,2,4,3,1,1,2,1,2,4,1,6,1,248,5,1880,6,3,2,2,3,3,2,3,1,3,3,3,6,246,2,1677,3,2,1,3,2,5,1,0,4,4,3,3,4,237,2,2321,2,2,0,1,2,0,2,1,2,1,1,4,3,231,1,1982,1,2,3,0,0,2,1,0,0,2,1,4,1,235,3,2296,1,2,1,2,1,0,2,1,0,0,0,3,4,243,1,1649,1,2,2,1,2,0,3,0,0,3,3,6,2,230,3,1544,2,2,1,1,1,3,0,0,2,0,2,2,1,227,1,1820,0,0,0,0,1,0,0,2,1,0,0,2,3,232,1,1828,2,6,1,1,0,0,1,2,0,0,0,4,1,232,1,2282,1,1,3,1,1,2,0,0,0,2,2,4,2,241,3,2215,1,3,2,0,3,4,0,0,1,3,2,4,2,247,5,2179,3,3,4,6,3,6,3,4,4,4,3,4,6,250,7,2204,4,3,2,3,3,1,2,2,2,1,3,5,6,freqmine
840,508,3396,507,510,501,483,486,489,481,473,496,487,500,522,516,261,3,1663,2,3,3,2,3,2,4,2,1,3,4,5,3,248,0,1935,1,1,0,1,1,0,0,1,1,0,1,0,0,259,2,1754,4,6,2,1,2,4,3,1,4,3,3,5,4,263,5,1583,3,4,3,1,3,4,1,3,4,3,4,3,1,259,2,2300,3,1,0,3,2,2,1,0,3,1,1,5,3,247,2,2032,0,0,1,1,1,2,0,0,0,0,3,3,2,247,0,2106,1,1,1,0,1,2,0,0,2,1,0,1,0,250,2,1582,0,2,2,0,1,3,0,0,3,1,2,2,3,247,1,1565,0,1,3,1,1,1,0,0,1,2,0,2,1,241,1,1816,1,1,0,0,0,1,0,0,0,0,2,2,0,257,2,1757,4,1,4,0,2,4,0,0,2,2,0,4,3,250,1,2251,1,3,0,1,1,2,1,0,1,0,2,1,3,259,1,2054,3,1,1,3,0,2,2,1,0,1,0,2,3,273,3,2165,4,4,6,3,3,4,2,3,4,2,5,5,5,264,2,2236,3,2,4,0,2,1,1,1,1,3,3,4,2,freqmine
826,510,3324,514,515,492,465,487,484,499,467,476,486,508,516,505,253,1,1681,4,7,5,3,3,3,4,4,4,2,3,5,4,236,4,1963,0,2,2,0,1,3,5,3,5,1,1,1,4,260,7,1706,5,6,7,6,7,6,4,6,9,8,11,7,4,254,5,1699,4,4,5,5,8,4,6,5,8,7,11,9,6,242,3,2120,1,3,3,0,2,2,2,2,1,2,3,2,2,231,0,2044,3,2,2,1,1,1,0,0,2,0,2,1,2,242,4,2285,2,3,3,0,1,3,2,1,2,1,2,3,3,244,1,1640,3,2,2,1,1,1,1,1,1,1,2,2,4,249,3,1627,2,1,3,0,3,2,6,3,1,1,4,2,1,233,2,1877,2,3,3,0,2,3,4,0,2,0,3,2,1,242,0,1835,1,9,1,0,2,1,1,1,1,0,1,8,0,245,3,2219,4,2,2,0,2,1,2,0,2,2,4,5,0,254,2,2192,1,4,2,2,1,2,1,2,1,2,5,4,2,257,4,2050,6,2,5,3,4,4,4,2,6,5,6,3,2,252,2,2330,2,1,3,3,3,6,2,0,3,0,3,1,0,freqmine
825,519,3377,516,514,515,511,498,485,490,477,495,506,507,525,531,266,4,1781,6,3,7,8,4,3,1,2,3,4,2,5,5,249,2,1941,2,2,2,5,1,1,1,0,1,1,1,2,2,263,8,1794,2,2,1,10,3,2,1,1,1,1,3,4,6,264,3,1658,6,4,4,17,1,3,4,1,1,6,2,3,5,265,4,2212,2,3,5,6,2,2,1,1,0,3,3,3,5,248,4,2087,1,3,3,3,3,0,2,2,1,3,2,3,4,258,3,2255,5,4,5,8,4,1,1,2,2,3,2,6,6,250,4,1678,5,3,3,8,2,1,2,3,2,3,2,5,3,250,3,1539,3,4,1,6,0,1,0,1,1,1,1,4,6,248,1,1852,2,1,3,10,1,1,0,0,0,1,1,3,4,260,5,1825,3,3,3,11,3,3,4,2,2,3,4,8,6,261,3,2302,1,2,3,19,1,2,1,1,3,2,2,3,4,261,3,2176,6,3,4,7,3,2,4,2,4,4,2,3,6,271,6,2093,3,4,2,32,5,2,1,4,4,4,2,9,7,272,5,2480,3,5,3,20,5,3,5,5,5,5,4,7,10,freqmine
835,520,3276,514,496,514,489,492,502,492,481,483,487,504,511,529,265,7,1769,4,5,6,6,3,4,4,3,3,5,5,4,5,246,2,1970,0,1,2,0,1,2,2,2,2,1,1,2,0,258,2,1809,4,3,5,1,1,0,4,2,3,3,1,4,4,253,2,1669,0,1,2,1,3,1,2,1,3,0,3,3,3,262,3,2270,3,1,3,5,3,4,3,1,2,1,0,2,3,254,3,2088,5,10,5,1,2,2,3,0,1,0,0,6,6,252,2,2137,1,1,1,2,1,2,3,0,2,2,2,1,2,257,1,1569,0,2,4,1,1,1,2,0,1,1,3,2,3,251,2,1590,2,3,4,2,2,2,2,1,4,4,2,4,3,244,3,1776,2,1,1,0,0,0,1,0,1,0,0,1,2,244,0,2017,1,2,4,0,3,0,1,0,2,1,1,2,2,248,4,2307,3,2,4,1,3,1,2,0,1,1,3,3,1,255,3,2194,1,3,3,0,0,2,1,1,3,2,3,3,5,260,1,2220,5,4,6,3,2,6,8,1,2,3,3,3,4,271,3,2359,7,4,7,3,3,2,3,2,2,2,5,3,2,freqmine
853,513,3437,513,526,507,484,496,491,520,476,495,506,513,535,526,262,1,1686,3,5,3,3,3,1,8,3,4,3,4,3,7,249,0,1939,2,2,0,2,2,1,5,1,2,2,2,0,2,263,2,1598,1,3,3,2,3,2,15,3,4,3,5,3,4,268,2,1536,1,2,3,3,0,2,21,2,1,3,6,2,5,260,2,2345,3,4,2,1,1,0,7,1,2,3,4,2,4,249,0,2000,2,8,2,1,0,0,12,1,0,3,3,10,3,251,3,2158,2,2,5,1,0,1,7,0,3,2,2,4,3,249,1,1518,1,1,4,0,3,1,7,0,2,2,2,3,5,251,2,1572,1,2,3,1,1,0,2,2,0,3,3,5,4,243,1,1698,2,2,3,0,0,2,6,0,1,1,2,2,4,253,2,1950,3,1,2,0,1,1,3,1,0,1,2,2,3,258,0,2269,3,2,4,2,0,0,12,1,1,3,3,4,5,263,2,2140,2,3,5,1,3,2,6,0,0,3,3,1,3,274,2,2131,5,4,3,2,4,1,37,2,4,5,3,7,6,267,3,2351,1,3,3,2,1,3,16,3,3,4,3,4,3,freqmine
865,526,3408,526,525,522,490,509,509,515,487,499,496,515,531,545,265,4,1806,5,1,3,1,2,2,4,2,2,2,2,7,3,256,1,1985,2,4,3,1,2,5,1,2,2,5,1,2,2,265,3,1726,2,6,3,2,2,4,4,5,2,2,4,4,6,266,3,1619,3,1,4,1,4,1,2,0,4,4,3,5,4,260,2,2202,1,3,3,0,1,2,1,1,2,2,3,5,5,250,1,1988,1,1,0,0,1,1,1,0,0,0,4,6,3,257,1,2165,1,3,1,0,0,3,2,2,0,0,1,4,5,259,2,1547,4,2,0,0,1,1,1,1,1,1,2,4,2,262,4,1471,4,9,4,4,5,6,2,1,0,2,4,9,9,245,0,1733,1,0,1,1,2,0,2,0,0,0,3,5,4,253,2,1925,2,2,1,0,1,2,0,0,2,3,2,4,4,252,4,2299,2,4,2,1,2,2,2,0,2,0,2,3,1,262,3,2081,2,3,2,3,1,1,2,4,3,2,3,9,6,269,6,2237,3,3,8,4,4,5,6,7,3,4,10,7,5,276,5,2382,6,6,6,3,6,5,4,4,5,2,6,5,9,freqmine
839,506,3284,552,509,509,485,494,498,495,483,500,492,521,508,521,258,2,1767,9,3,5,1,6,2,1,2,2,5,4,4,5,254,1,1937,10,6,1,2,2,2,1,3,1,2,0,2,3,267,2,1828,6,5,5,2,4,5,4,3,3,3,5,8,9,258,1,1521,21,2,1,1,1,1,2,1,1,2,1,1,4,262,1,2301,7,1,2,1,4,0,1,1,3,2,2,2,2,248,1,2096,9,0,2,0,1,0,1,2,1,1,1,2,2,253,0,2111,7,1,2,1,5,0,0,1,1,2,2,2,3,252,0,1568,8,1,2,1,2,1,1,1,1,2,1,1,1,253,1,1700,12,4,0,1,1,0,1,2,3,3,2,6,4,248,1,1819,10,2,1,0,2,1,0,0,1,2,3,2,2,254,1,1961,7,2,2,1,1,1,3,1,0,1,2,0,2,250,2,2203,15,3,3,1,3,1,2,2,2,4,5,4,6,264,2,2089,9,2,2,3,3,2,3,2,3,4,1,1,2,262,3,2237,40,6,3,2,5,3,2,1,2,4,1,4,5,267,2,2291,18,4,2,3,4,1,3,2,2,3,3,4,2,freqmine
818,523,3380,524,506,515,480,489,491,489,480,488,501,510,519,527,266,4,1791,4,6,4,6,3,5,5,5,5,4,6,7,6,244,2,1978,0,2,2,2,1,0,0,0,1,2,3,2,5,265,5,1737,2,5,3,3,3,4,4,8,2,4,5,7,7,258,4,1718,3,6,4,5,1,5,3,7,5,2,4,5,5,261,4,2262,4,1,3,5,2,5,3,3,2,4,3,3,6,243,3,2012,1,6,2,2,1,3,2,1,1,0,1,5,4,245,6,2182,2,1,1,3,0,1,3,1,2,3,2,3,2,248,3,1705,2,2,3,4,1,0,2,1,1,2,3,4,6,251,3,1765,1,3,2,2,2,3,2,1,1,3,2,8,2,243,4,1870,3,5,3,3,2,1,2,2,2,2,2,3,4,247,3,1990,1,2,0,2,2,0,1,1,3,3,5,3,3,254,4,2272,2,2,2,3,1,1,3,1,3,1,2,4,1,258,3,2199,2,3,3,2,0,2,1,2,3,3,3,3,5,264,5,2258,8,5,4,4,3,5,5,4,4,5,5,6,5,267,4,2468,3,4,6,5,1,2,3,2,2,2,5,2,4,freqmine
1234,794,4124,775,765,756,731,741,738,734,728,724,730,752,770,786,404,6,1986,6,5,6,3,3,6,6,1,4,4,6,3,6,366,5,2189,1,1,1,2,2,3,5,1,1,0,3,2,2,397,6,2019,6,10,5,3,5,3,4,1,4,4,5,8,6,392,6,1916,5,4,6,3,5,6,4,2,3,5,6,3,3,383,7,2399,2,5,3,2,0,3,4,2,3,3,3,3,2,373,4,2173,3,4,5,3,3,3,3,1,2,5,6,3,4,376,3,2235,3,3,3,3,0,4,4,2,0,2,4,1,5,377,6,1820,2,4,4,3,2,6,4,1,4,4,6,5,4,376,6,1913,4,6,3,4,2,4,1,1,2,3,2,4,3,370,3,2026,1,2,3,3,2,5,2,0,1,2,3,2,2,370,5,1970,3,5,4,2,1,7,3,2,2,1,2,3,3,372,5,2125,0,4,3,3,2,7,3,1,0,2,4,2,3,383,6,2131,4,3,3,4,2,6,4,2,2,4,8,6,3,391,4,2222,3,4,5,6,3,6,5,2,4,4,7,3,7,399,8,2360,6,5,4,5,5,9,5,3,7,5,5,6,8,freqmine
437,308,2960,293,285,294,260,275,277,289,259,258,266,296,276,284,40,3,1498,3,4,5,3,3,3,3,3,4,3,3,6,4,13,1,1698,0,0,1,0,0,0,1,0,0,0,1,1,1,33,5,1347,5,3,2,2,4,3,6,3,2,3,1,7,3,29,2,1343,3,0,3,1,1,3,3,2,1,0,3,2,3,38,3,1950,2,2,5,1,2,4,3,1,0,3,3,2,1,14,1,1859,1,1,4,1,1,1,2,0,1,1,0,2,1,24,1,2047,1,1,3,0,1,1,3,0,1,4,3,1,0,22,4,1351,1,1,3,0,1,1,2,1,2,1,2,1,0,32,5,1322,3,7,4,3,6,2,2,0,2,1,3,6,3,12,1,1443,1,1,2,0,1,1,0,0,0,0,1,2,2,9,2,1472,2,0,0,0,1,2,2,0,0,1,1,1,1,19,2,1905,4,3,2,1,3,2,2,0,1,3,2,2,0,31,1,1912,5,4,0,1,4,2,1,1,1,2,3,4,2,23,2,1667,3,4,3,1,1,3,2,2,3,2,4,4,5,25,5,2056,3,4,1,1,1,2,3,2,1,2,2,3,2,freqmine
789,469,3556,476,451,465,434,447,445,446,428,449,461,478,474,465,240,2,2033,4,6,4,5,1,4,5,5,1,6,4,7,5,220,1,2236,0,1,0,0,1,0,2,0,0,2,0,0,1,244,5,1809,2,7,7,3,1,7,4,4,2,5,6,9,3,229,3,1966,5,2,2,5,4,3,4,2,3,5,2,3,4,241,1,2306,2,6,4,3,4,5,2,2,2,7,4,5,5,223,1,2250,4,1,1,2,1,2,3,1,0,2,2,3,1,228,0,2397,2,5,3,2,3,2,1,2,2,3,2,2,2,226,2,1721,5,4,2,1,2,2,1,2,2,4,2,2,1,228,1,1530,2,2,3,1,1,1,3,1,0,2,4,4,3,218,3,1834,4,1,1,2,1,1,3,1,1,2,3,4,2,229,0,1766,3,1,2,2,1,1,1,1,2,4,3,2,3,235,3,2103,7,4,5,4,3,5,5,3,4,7,6,5,6,244,3,1947,6,4,1,3,2,4,4,2,2,4,2,4,6,243,4,2208,5,5,4,4,2,4,4,5,2,5,5,5,3,238,2,2335,2,2,2,2,1,2,3,3,1,5,6,4,3,freqmine
842,515,3508,513,519,513,487,491,481,493,474,479,500,513,509,515,261,4,1878,5,6,4,2,6,4,3,2,4,3,4,3,3,246,0,2302,2,1,0,3,0,1,2,1,1,0,1,1,0,263,2,1855,10,8,1,5,4,5,4,4,2,6,3,6,6,266,3,1814,4,4,5,4,4,8,4,4,2,4,4,2,4,260,3,2254,4,2,2,2,3,2,2,3,1,0,3,3,3,249,2,2167,2,5,3,0,0,1,1,1,1,1,2,1,2,248,5,2224,4,2,2,2,4,1,2,0,0,1,0,4,1,244,1,1485,1,3,0,3,0,1,1,1,0,1,2,2,1,253,3,1513,3,5,3,3,2,1,4,2,2,1,3,4,2,243,0,1749,1,3,3,2,0,1,2,0,2,2,1,1,1,245,3,1748,1,4,2,1,2,1,3,1,0,1,3,3,1,258,3,1925,2,2,2,2,1,1,1,2,0,0,3,4,2,262,1,1887,3,3,4,4,2,1,2,2,2,2,2,2,2,263,2,2059,4,2,5,3,4,3,3,2,2,4,1,7,2,262,3,2347,4,5,5,3,2,1,1,1,1,2,2,0,2,freqmine
854,523,3628,518,524,511,493,494,495,495,481,500,504,514,517,516,266,1,1857,4,2,3,2,2,4,3,1,2,3,3,4,4,252,2,2181,3,2,4,2,3,1,2,1,1,1,2,3,2,267,4,1866,3,4,3,3,3,3,4,2,3,2,0,4,4,267,5,1850,3,7,1,1,0,1,2,2,2,1,1,4,4,262,4,2226,3,1,3,2,0,0,3,0,1,3,2,1,3,252,0,2010,2,1,2,0,2,1,0,0,0,2,0,4,4,251,1,2200,1,1,0,0,1,1,0,1,1,0,2,1,4,252,2,1618,2,2,4,1,1,0,2,0,0,1,0,2,4,253,2,1378,2,2,2,1,2,2,0,0,2,2,1,1,4,244,1,1766,1,1,0,0,1,0,0,0,0,0,1,0,3,255,1,1716,2,0,0,1,0,0,0,0,2,1,2,1,4,257,2,1931,1,2,3,1,1,1,1,0,2,1,1,1,3,262,4,1868,1,2,3,0,0,2,0,0,3,3,2,3,3,263,3,2072,4,4,1,4,4,2,4,2,3,2,3,4,4,261,1,2312,2,2,1,2,2,1,2,1,1,2,2,3,2,freqmine
816,495,3489,496,499,497,472,474,478,483,470,484,481,499,511,508,256,3,1952,4,4,6,2,2,2,1,3,2,3,2,3,4,239,0,2181,1,1,0,0,0,1,0,0,0,0,2,1,1,251,3,1745,2,4,5,1,4,3,3,3,6,3,7,5,7,254,0,2005,3,4,4,2,3,0,0,1,0,2,4,3,2,253,2,2312,3,4,4,3,4,2,3,2,3,3,2,4,4,239,1,2164,2,3,2,0,1,0,3,0,0,2,3,2,2,240,0,2292,3,2,3,1,1,0,1,0,2,3,1,2,2,244,2,1637,2,2,3,0,1,1,1,0,2,2,3,2,3,249,2,1473,2,3,5,2,2,0,0,1,0,2,1,2,2,239,1,1716,1,2,4,0,1,0,1,0,1,2,1,3,4,248,2,1684,4,2,5,0,2,1,1,1,1,2,1,3,6,245,1,1995,2,2,2,1,2,1,2,1,1,2,0,4,2,256,0,1841,3,3,3,1,3,1,2,2,0,1,4,3,2,261,2,2075,4,7,5,2,4,3,4,4,3,4,5,3,7,259,3,2220,3,3,3,0,3,4,3,1,3,1,0,4,3,freqmine
824,511,3523,527,515,511,489,503,490,488,480,491,502,516,516,521,259,3,1950,3,2,2,3,5,1,4,2,3,2,3,5,5,248,0,2255,1,0,0,3,2,1,0,0,1,1,0,0,2,266,2,1882,2,4,2,4,5,5,2,4,1,3,7,2,2,263,4,1970,5,2,2,2,5,3,3,1,2,2,1,3,4,260,2,2336,1,4,2,1,2,1,1,1,1,2,2,3,4,251,1,2081,2,2,1,4,4,1,1,1,2,2,3,3,3,256,4,2214,3,5,5,4,4,4,4,2,2,4,5,3,4,251,1,1684,2,0,1,1,3,1,1,0,0,1,2,2,2,246,0,1546,3,1,0,1,3,2,3,0,0,1,2,3,2,244,1,1820,3,1,1,1,2,0,0,0,0,0,2,1,0,248,2,1802,1,2,1,1,3,2,0,0,1,0,2,2,1,255,3,1927,3,1,3,2,4,2,1,0,0,2,5,2,4,261,2,2087,4,1,1,3,4,2,1,0,2,3,4,4,7,265,2,2161,4,4,5,5,5,3,3,2,4,5,4,3,2,266,2,2477,4,5,4,4,6,2,2,3,3,4,9,2,3,freqmine
843,520,3559,520,504,497,482,481,490,485,478,488,497,517,518,517,264,1,1920,4,6,4,3,3,2,2,2,4,4,3,3,4,248,4,2360,4,3,1,2,1,1,2,2,1,2,0,3,3,263,2,1914,8,7,4,1,3,2,3,3,2,5,1,7,8,257,3,1837,3,2,2,0,2,2,3,1,2,3,3,2,4,253,1,2225,3,2,3,0,3,2,1,1,0,2,3,0,2,245,3,2112,4,1,1,0,0,2,0,1,0,1,1,1,4,243,3,2266,2,2,2,1,0,1,0,0,2,1,0,2,3,249,0,1615,2,5,2,1,2,1,0,0,1,4,2,2,3,247,2,1467,3,1,3,0,3,0,0,1,1,1,4,2,4,243,3,1698,2,1,2,1,2,1,1,0,1,3,2,2,4,249,3,1655,1,2,2,1,1,1,0,1,0,2,1,3,4,254,1,1945,3,2,3,1,1,2,0,1,1,3,3,2,3,264,2,1994,4,3,4,3,2,2,4,2,2,6,4,5,4,262,4,2173,6,3,4,2,2,2,1,4,2,4,5,7,4,261,4,2348,2,2,2,2,1,1,2,1,1,3,1,1,6,freqmine
866,522,3469,513,512,517,488,501,497,494,482,492,495,511,524,523,267,5,1848,6,2,4,2,2,3,3,4,4,3,4,4,4,250,1,2290,0,4,2,0,1,2,1,2,2,1,2,3,2,261,5,1779,2,0,2,3,1,3,1,1,5,4,2,4,4,262,3,1901,3,3,3,2,0,5,1,1,2,2,3,4,4,267,5,2244,5,2,1,2,2,3,2,2,4,0,3,5,5,247,0,2168,1,2,2,0,1,1,1,1,2,0,3,4,1,256,0,2544,3,0,3,0,1,1,0,3,2,0,2,3,3,253,1,1617,3,0,0,1,1,2,1,3,3,1,1,4,3,252,2,1473,1,3,1,0,1,1,2,1,3,1,2,4,2,247,1,1731,2,1,4,1,1,3,1,2,3,1,2,2,3,250,1,1711,5,0,2,0,0,1,2,1,4,0,2,2,3,253,1,2001,2,2,0,1,0,2,0,2,2,0,2,2,1,261,1,1965,1,1,2,1,0,2,2,3,3,1,2,2,3,269,2,2076,4,4,3,3,3,5,5,2,5,1,3,5,6,267,0,2313,6,2,4,1,2,2,2,2,5,0,2,4,3,freqmine
834,510,3590,496,505,510,478,489,494,489,475,497,491,506,517,512,262,3,2028,2,3,6,2,3,2,3,2,2,2,3,7,4,248,1,2261,3,0,0,1,1,0,0,2,1,0,2,3,4,254,4,1883,0,1,2,0,1,3,1,1,1,1,5,7,3,258,1,1813,2,2,4,1,2,0,1,3,2,2,3,7,4,258,2,2352,0,1,2,2,1,1,1,2,2,2,5,4,3,244,2,2120,2,0,1,1,2,1,1,0,1,2,1,6,5,250,2,2257,3,2,0,1,2,2,2,0,2,2,3,4,2,254,3,1756,4,3,4,2,2,2,2,1,3,2,3,6,5,253,2,1461,0,1,1,1,1,2,0,1,0,2,2,4,2,244,1,1717,0,3,0,0,0,0,1,0,0,1,0,3,2,258,1,1763,1,3,3,1,3,3,3,1,1,6,4,7,3,252,3,1909,2,1,3,1,2,0,2,0,4,2,1,6,2,260,3,1945,3,5,4,1,2,1,2,0,3,1,2,6,4,264,2,2093,3,4,5,3,4,4,2,2,4,4,3,6,5,262,5,2348,4,5,3,4,2,5,3,4,2,3,5,8,6,freqmine
865,520,3647,533,515,548,496,542,505,501,487,489,507,528,560,588,264,4,1910,5,5,11,6,8,5,4,2,4,4,4,4,7,260,0,2132,0,1,10,2,6,1,1,0,3,2,3,3,8,271,3,1924,3,5,14,3,10,2,4,2,1,3,5,9,11,262,6,1859,4,1,17,1,23,3,2,0,3,2,0,1,21,271,5,2340,6,8,8,6,34,3,6,3,4,9,3,20,18,253,3,2167,2,3,12,2,8,2,2,0,0,2,3,7,11,263,4,2346,2,5,11,3,3,6,2,2,1,5,1,8,24,259,3,1620,2,2,13,3,7,3,4,1,1,4,3,3,11,253,4,1553,6,1,10,3,4,3,3,0,3,2,1,11,16,248,3,1732,2,1,11,1,5,1,1,0,1,2,2,6,10,249,5,1736,3,3,7,2,2,2,2,0,2,2,2,7,12,257,2,1985,2,3,21,2,21,2,4,3,2,3,6,4,20,268,3,1972,4,1,10,3,6,3,1,0,1,5,5,4,11,285,5,2133,6,6,44,6,44,4,6,4,5,5,7,7,42,286,3,2323,2,3,26,5,32,4,4,2,3,3,4,4,26,freqmine
833,514,3649,511,498,504,480,495,484,494,480,486,497,500,509,521,263,5,1927,7,4,4,1,2,3,3,5,4,3,3,4,2,245,2,2147,2,2,2,1,2,2,2,4,4,1,2,3,3,262,4,1836,4,2,4,1,3,2,2,3,1,4,1,3,3,257,3,1836,3,2,2,3,2,0,2,2,0,3,2,4,3,258,5,2400,6,4,3,1,2,4,2,1,2,3,2,3,3,249,3,2099,1,0,4,0,0,1,1,0,0,1,0,2,1,249,5,2333,3,4,4,2,0,0,2,0,1,1,2,1,0,247,4,1648,1,2,3,0,2,1,1,0,1,1,1,3,1,253,5,1472,1,1,3,0,1,0,2,1,0,2,4,3,2,245,2,1708,2,1,2,0,1,0,2,0,0,2,2,2,1,248,3,1673,1,1,1,0,3,0,1,1,0,2,2,2,1,258,5,1939,5,2,4,3,0,2,3,1,1,3,3,3,3,257,4,1901,2,2,2,1,2,0,3,2,1,3,0,4,3,262,4,2129,3,4,4,2,3,1,4,5,3,2,6,5,5,264,7,2409,5,6,5,3,2,4,5,5,5,6,6,6,7,freqmine
450,328,3108,351,300,322,291,305,289,289,262,270,283,306,313,321,33,7,1424,10,4,4,3,3,1,3,1,2,3,5,3,5,10,6,1631,8,0,0,0,1,0,0,0,1,1,0,1,2,35,9,1470,9,5,5,5,4,4,1,3,3,3,4,13,8,29,11,1403,21,5,3,1,2,1,2,1,1,3,3,6,5,38,9,2026,9,4,3,4,4,1,0,2,3,4,2,2,6,18,12,1835,10,1,2,1,2,2,1,1,1,1,3,4,4,28,10,2119,8,3,3,2,3,1,1,2,1,1,2,3,4,19,5,1440,11,2,1,3,2,0,1,1,0,1,2,2,4,23,6,1488,15,5,3,1,1,3,2,2,1,4,2,13,3,8,7,1325,11,2,1,1,1,1,2,0,1,2,1,2,3,14,6,1517,6,1,4,2,1,0,1,1,2,1,0,2,4,19,3,1950,13,3,4,1,2,1,2,2,1,1,5,3,4,29,7,1829,8,4,5,1,2,3,3,3,0,4,2,3,4,37,7,1924,41,4,3,3,4,4,3,4,2,5,4,5,5,40,5,2061,16,6,7,5,4,5,4,3,3,4,4,5,6,freqmine
850,519,3584,536,563,523,494,501,491,503,521,507,503,517,513,530,264,3,1958,1,8,2,2,2,1,5,7,2,4,3,5,8,254,0,2166,3,15,7,5,4,1,2,12,5,4,3,4,4,269,5,2006,4,13,6,2,0,2,4,7,1,3,4,3,6,271,1,1792,2,27,5,2,3,5,7,36,2,5,6,7,8,266,3,2468,3,11,2,2,1,4,5,12,0,4,3,4,6,248,0,2219,1,10,1,0,1,1,3,12,1,4,2,4,3,261,1,2428,1,16,1,0,2,1,4,11,4,4,1,7,5,248,0,1498,3,7,1,2,0,1,3,11,2,3,1,1,5,256,1,1604,3,10,4,1,3,2,4,8,3,4,3,2,4,249,1,1784,0,9,3,1,3,2,2,5,3,4,2,3,6,259,1,1871,2,7,2,1,1,2,5,3,2,3,3,2,2,255,1,1970,1,13,2,1,1,2,3,18,3,3,1,3,3,263,1,2084,0,11,2,1,1,2,6,8,3,2,0,2,4,264,3,1986,5,41,3,4,3,5,6,39,3,5,2,3,4,274,3,2338,4,31,4,1,3,3,4,21,1,3,3,15,4,freqmine
850,539,3640,545,513,522,495,497,539,502,496,504,493,533,533,525,264,3,2112,5,6,7,4,6,15,5,4,6,7,5,10,6,259,7,2439,3,4,3,3,4,12,2,3,3,1,4,8,5,279,7,2063,3,1,0,3,3,9,3,2,2,3,6,10,5,262,27,1941,4,2,3,1,2,24,0,0,1,2,3,25,4,265,8,2460,1,2,5,2,3,9,3,1,3,2,5,7,3,253,7,2283,4,2,1,0,1,9,1,1,0,2,2,6,4,253,8,2372,3,0,2,0,2,6,1,1,0,2,1,6,4,259,6,1830,2,1,2,2,1,4,4,2,3,6,6,16,5,256,6,1765,2,0,1,2,1,7,2,2,1,2,1,7,2,253,18,1883,6,5,3,3,3,10,4,1,2,3,2,15,4,258,7,1797,1,1,3,0,1,3,0,1,0,3,2,6,5,250,18,2184,2,2,2,1,3,18,2,1,2,5,5,19,6,271,11,2159,4,2,5,2,0,9,0,0,2,4,7,8,6,257,42,2053,3,5,2,2,3,39,1,3,2,4,3,38,6,265,25,2409,3,3,5,3,4,24,2,3,3,4,5,23,5,freqmine
845,520,3500,513,494,498,487,492,496,488,477,484,493,512,517,524,266,4,1907,2,9,5,4,4,7,3,4,3,2,5,5,4,247,3,2128,2,5,3,1,1,2,3,1,1,2,1,4,1,262,4,1749,1,5,2,4,3,5,2,5,2,2,2,1,1,251,5,1830,2,5,3,3,1,4,1,4,2,1,2,5,2,254,4,2311,2,4,2,4,4,3,2,2,3,2,1,4,4,248,3,2055,2,2,3,3,2,3,2,2,2,0,3,2,2,250,2,2275,2,3,2,2,1,5,3,2,1,1,3,1,3,256,7,1542,4,6,2,3,2,5,2,2,2,1,3,5,4,250,3,1610,2,4,2,2,2,4,1,2,3,1,0,1,4,242,2,1805,1,4,2,1,1,3,2,2,1,1,1,3,1,248,3,1937,1,2,3,2,1,5,2,3,4,1,2,3,1,253,4,2039,4,3,4,3,3,6,3,4,2,1,3,1,2,262,4,1961,3,3,2,2,4,6,1,4,4,4,3,4,3,266,6,2087,7,7,5,7,5,9,5,6,5,3,6,7,7,271,5,2369,5,6,3,6,4,6,6,5,4,4,4,4,5,freqmine
845,523,3631,502,517,500,479,497,504,496,479,492,496,551,543,531,270,4,1932,5,8,2,2,1,4,4,2,4,3,12,17,4,250,1,2236,1,0,0,1,1,7,3,0,1,3,6,1,2,254,1,1908,1,3,1,0,1,6,2,1,1,2,13,2,2,268,1,1824,4,6,3,1,2,3,3,1,0,1,35,14,3,254,3,2344,3,7,0,1,0,2,1,1,0,3,8,6,3,245,1,2143,1,1,1,0,0,0,0,0,0,2,10,1,2,256,0,2470,2,7,1,1,3,4,1,1,1,2,11,8,4,259,1,1670,1,8,3,0,2,2,1,0,2,1,13,12,4,253,3,1634,2,0,1,0,1,0,0,1,0,2,12,3,1,246,1,1804,1,6,2,0,1,1,1,0,2,1,10,14,2,249,2,1853,2,2,0,0,1,1,1,1,1,2,5,2,4,253,2,1994,2,3,2,0,1,1,0,0,2,3,12,4,5,266,2,2016,3,4,1,3,3,1,3,0,1,2,7,6,6,278,5,2157,3,12,3,1,1,2,3,4,4,5,55,14,4,267,4,2432,2,6,4,1,4,2,1,1,2,3,23,14,6,freqmine
841,532,3552,509,506,505,478,488,494,489,477,498,494,514,514,514,273,4,1894,4,5,3,3,3,1,2,5,3,7,3,6,6,241,1,2092,0,0,1,0,1,0,1,2,3,2,0,0,1,258,4,1797,6,3,5,2,3,3,3,2,4,2,1,5,4,262,3,1701,2,4,2,3,5,3,2,1,4,2,2,2,2,258,4,2292,3,3,3,1,0,4,2,3,3,0,4,1,2,245,2,2145,0,2,2,0,0,2,1,0,2,0,0,4,2,250,4,2142,2,5,1,1,2,0,2,1,4,0,0,5,1,254,3,1659,1,5,1,2,2,1,1,3,1,2,2,4,1,250,2,1622,3,1,3,0,1,1,3,0,1,0,4,3,2,246,4,1744,1,2,1,0,0,3,0,1,1,1,5,2,2,256,4,1688,3,2,3,2,3,1,1,1,4,1,4,2,2,253,5,1870,2,2,1,2,1,3,2,2,2,1,4,2,1,264,3,1904,4,6,3,2,4,4,5,5,6,5,2,8,3,266,3,1984,3,6,2,1,4,3,2,2,2,3,7,8,4,267,5,2348,4,4,2,1,2,3,2,3,3,3,2,5,4,freqmine
821,510,3529,504,500,504,480,485,481,492,472,489,490,511,522,508,258,2,1861,2,4,7,1,3,5,5,1,3,2,4,5,2,245,2,2155,1,1,2,3,1,2,2,1,1,2,2,2,2,255,3,1764,2,2,1,1,1,1,1,0,2,2,3,6,4,254,3,1711,3,2,1,1,2,2,1,0,1,3,2,7,3,256,2,2360,1,2,3,2,2,1,3,0,0,3,5,4,6,243,0,2088,3,2,1,0,2,1,0,1,0,2,4,2,2,245,1,2368,3,2,3,1,1,0,0,0,0,3,1,3,1,243,2,1658,2,3,2,1,0,0,2,0,1,1,2,4,2,250,3,1621,0,2,1,1,1,2,1,0,3,4,2,4,2,240,0,1706,0,1,0,2,1,0,0,0,1,1,1,4,1,248,1,1682,1,1,0,0,1,1,1,1,0,3,3,5,3,249,1,2048,2,1,4,0,3,0,2,0,2,1,2,5,3,260,3,2022,1,3,3,2,0,0,2,2,1,4,2,5,4,262,1,2051,4,5,3,5,5,4,4,3,5,6,3,9,3,256,2,2321,3,3,4,3,1,2,2,1,4,3,4,3,4,freqmine
860,536,3572,528,518,529,492,518,510,506,483,505,495,512,529,524,275,1,1987,6,7,3,6,3,3,7,5,1,3,2,11,4,254,0,2159,3,2,0,1,2,1,3,2,1,0,2,2,4,268,3,1902,1,3,2,2,1,3,6,4,2,3,3,2,3,265,1,1816,3,4,4,2,1,1,3,4,1,1,3,5,5,270,4,2413,1,3,2,1,5,1,3,2,4,3,0,5,1,252,4,2184,2,1,2,2,1,1,4,2,2,0,2,3,0,266,2,2208,2,3,3,0,1,3,4,3,1,1,3,3,5,263,1,1512,3,3,1,1,2,2,2,1,1,2,3,8,3,256,4,1634,3,2,3,3,4,2,4,2,2,1,2,2,2,246,2,1815,3,5,1,1,1,1,3,1,1,1,0,5,2,259,3,1782,1,3,4,2,0,2,4,2,3,0,3,1,1,250,2,2074,2,3,1,1,0,1,3,2,0,0,1,2,3,264,2,1948,3,7,3,1,3,2,2,1,4,0,3,8,3,272,7,2029,6,6,5,3,3,5,4,3,2,2,4,6,7,268,2,2374,3,6,3,1,4,2,4,3,1,4,3,7,0,freqmine
853,497,3501,494,514,501,481,485,486,487,480,485,529,513,529,501,259,2,1921,2,4,1,2,2,1,1,1,5,16,5,4,6,247,0,2210,0,2,0,0,1,0,0,0,2,7,1,2,1,251,0,1845,1,3,2,2,5,1,0,0,0,14,3,3,3,265,2,1690,1,6,1,1,2,1,3,0,3,24,3,3,3,257,2,2377,4,5,2,3,0,0,2,1,1,11,5,2,5,244,1,2236,0,2,2,0,0,1,0,0,0,13,2,2,4,250,0,2356,2,4,1,2,2,0,1,0,1,10,3,3,2,254,1,1563,1,3,2,0,2,0,1,2,2,13,2,4,2,253,1,1596,2,4,3,1,1,1,2,3,1,10,4,3,4,251,1,1853,1,3,3,1,1,1,2,1,2,12,3,6,3,247,0,1748,1,3,1,0,3,1,0,0,0,7,1,2,4,261,2,1972,2,3,1,2,2,1,1,0,2,13,9,6,5,271,1,1915,4,4,2,3,2,4,4,2,1,18,5,10,4,275,1,1975,2,6,4,3,1,3,4,3,3,44,3,8,3,258,5,2200,2,6,2,2,2,2,2,1,3,20,4,5,6,freqmine
877,524,3538,508,515,507,487,501,494,502,481,495,502,515,522,529,270,2,1954,4,5,7,3,7,3,4,5,3,6,4,5,6,252,0,2243,0,2,2,0,1,2,2,2,0,2,1,2,1,255,5,1711,7,2,2,2,3,1,3,1,2,2,3,4,4,266,6,1797,5,4,2,4,4,4,3,2,2,3,4,8,4,263,2,2391,5,3,1,2,4,6,3,4,2,3,1,5,3,249,1,2317,3,2,1,2,4,1,2,2,2,3,2,3,2,257,5,2295,4,3,2,3,5,2,2,1,2,2,1,4,5,255,2,1603,4,4,2,4,3,3,3,2,1,4,1,4,2,258,2,1553,4,2,2,4,4,3,3,2,2,6,3,5,2,248,4,1647,2,2,2,3,4,2,1,1,1,3,4,4,3,256,4,1733,2,2,1,3,3,1,1,2,2,3,3,3,2,258,7,1990,5,11,6,8,7,9,8,8,6,5,6,10,9,264,2,2031,3,3,2,4,4,1,2,3,2,6,3,8,4,269,3,2165,6,7,2,4,8,4,4,5,4,6,8,9,4,272,7,2404,7,4,4,5,7,4,3,5,3,4,5,5,6,freqmine
865,522,3542,526,503,509,494,493,495,502,481,499,496,520,526,537,271,0,1985,6,4,2,4,2,3,4,1,1,4,2,5,5,251,0,2208,0,0,2,0,0,1,1,0,2,0,0,0,2,278,3,1953,2,3,3,3,2,5,3,2,4,4,2,4,5,276,0,1849,1,0,2,1,0,0,0,2,1,2,0,4,3,267,4,2373,1,2,4,2,3,0,1,0,0,4,3,3,4,263,3,2079,3,3,0,1,0,2,1,0,0,1,2,2,2,258,2,2385,2,1,1,2,0,1,0,1,1,3,2,3,3,261,1,1593,2,1,1,1,1,2,1,0,1,3,1,2,5,264,3,1742,2,1,0,1,0,1,1,0,2,1,3,2,4,253,1,1905,2,2,0,1,0,0,2,0,0,3,0,1,2,257,1,1775,2,1,0,1,0,1,3,0,1,1,2,5,5,270,5,2048,2,1,3,2,1,1,2,3,1,4,3,10,3,276,3,1984,3,3,3,2,3,1,4,2,4,2,0,1,5,311,2,2052,3,5,4,4,2,2,4,1,5,3,1,5,5,286,4,2419,2,4,3,3,1,4,3,1,4,4,5,6,5,freqmine
472,375,3431,369,354,360,323,343,337,334,317,344,339,361,367,373,40,4,1651,5,3,3,2,3,5,4,3,4,3,2,5,4,14,0,1854,0,0,1,1,0,0,0,0,0,1,0,0,1,41,4,1633,1,5,2,1,2,3,3,3,3,2,3,6,5,30,4,1552,5,2,1,0,3,2,2,1,2,3,2,0,3,34,6,2038,3,1,2,1,2,3,4,0,2,3,3,3,5,13,1,2055,3,2,1,0,1,1,1,0,0,1,0,2,3,25,3,2265,2,1,3,1,1,2,2,0,2,0,2,2,3,22,3,1572,0,2,3,0,0,3,2,0,1,2,2,2,3,26,2,1644,0,4,1,2,2,0,1,1,2,0,1,5,3,7,1,1574,0,1,1,0,0,0,0,0,0,0,2,1,2,17,3,1670,2,2,0,0,2,2,1,0,0,2,4,3,0,20,2,2027,5,0,3,0,2,3,1,0,2,1,1,1,2,36,3,2028,2,2,3,2,0,0,2,1,3,2,4,2,3,35,2,1940,4,5,4,3,4,3,2,2,5,2,3,6,4,41,6,2212,7,4,3,2,1,2,2,2,1,3,2,4,2,freqmine
874,516,3532,533,538,521,495,507,497,507,488,539,520,520,550,526,266,4,2004,2,1,3,3,2,4,2,3,17,5,5,6,5,249,0,2230,1,2,0,0,1,3,0,1,8,2,1,0,1,270,2,1800,2,3,1,3,1,2,3,4,11,4,3,6,4,269,2,1840,3,2,3,3,3,2,2,2,31,2,3,6,5,265,2,2363,2,2,3,1,2,2,3,1,14,3,4,5,3,252,1,2129,2,2,2,2,1,1,3,1,13,3,1,3,5,258,1,2290,3,2,3,0,1,4,4,2,13,1,3,5,5,252,3,1653,2,1,0,1,2,1,2,2,14,1,2,3,2,262,2,1553,1,1,4,1,3,2,1,3,11,1,2,4,2,250,1,1808,3,2,1,0,1,3,2,1,11,1,1,5,4,254,2,1716,2,4,5,2,2,2,2,2,5,3,6,5,3,270,2,1935,4,6,2,1,2,3,1,1,23,2,3,10,4,265,2,1877,3,1,3,3,2,5,5,2,12,4,8,6,6,276,4,1989,7,4,5,5,5,5,4,6,45,4,7,5,4,269,2,2309,5,4,3,3,6,3,4,4,21,4,5,3,5,freqmine
822,504,3597,492,490,491,478,475,480,486,469,490,482,493,502,511,251,1,1948,3,3,4,1,3,2,6,3,3,2,3,3,3,237,0,2212,2,0,0,2,1,1,1,1,0,0,0,1,1,246,1,1803,3,3,3,2,4,0,2,1,1,0,4,0,1,250,1,1820,3,2,3,2,1,1,1,0,3,1,1,1,4,248,3,2347,2,2,1,2,0,0,2,1,1,1,2,0,3,246,2,2097,1,1,2,0,1,0,1,1,0,1,2,0,1,245,1,2191,1,1,1,0,1,0,3,0,1,1,1,0,2,246,1,1576,1,1,3,1,1,2,2,0,3,0,2,3,3,245,1,1412,3,3,1,1,2,0,3,0,1,3,2,0,2,238,1,1677,1,0,2,2,1,1,1,2,2,1,2,1,1,252,4,1714,2,6,4,3,4,5,5,8,1,1,2,4,6,245,3,1872,3,1,2,2,0,1,5,1,1,4,3,2,4,251,2,1839,3,2,5,1,2,1,2,1,2,3,2,2,2,257,3,1916,4,5,4,2,3,4,4,3,5,3,4,4,7,260,3,2305,3,3,3,3,1,2,3,2,2,3,2,4,2,freqmine
794,514,3457,514,510,520,478,500,492,489,470,488,489,509,512,514,262,1,1948,6,1,5,4,2,4,3,2,2,4,2,5,4,245,2,2186,0,2,0,0,0,0,0,2,1,0,2,4,1,260,4,1840,3,3,5,0,0,2,3,1,2,4,3,4,6,262,4,1784,4,0,4,0,0,3,2,3,1,1,2,6,4,266,3,2504,7,5,6,3,4,6,5,5,2,3,4,8,5,243,1,2177,2,0,2,0,2,3,1,1,1,0,2,3,1,250,0,2454,2,3,3,3,2,2,0,2,2,2,1,6,2,252,3,1641,3,4,6,2,2,3,4,3,2,4,3,5,4,249,4,1645,3,0,3,1,0,4,1,1,1,1,1,5,4,238,1,1821,0,2,3,0,1,2,0,1,0,0,1,3,1,247,0,1773,2,3,1,1,0,1,2,1,1,0,2,6,2,251,3,1962,2,0,3,0,2,3,1,2,0,1,3,4,3,260,3,2042,3,3,3,1,0,2,1,2,3,3,2,4,5,262,4,2012,5,7,7,3,6,6,5,5,4,6,5,7,6,260,2,2321,4,2,4,0,2,2,2,1,2,1,5,3,6,freqmine
838,518,3645,506,503,503,481,492,504,490,480,489,488,512,508,523,264,2,1999,2,5,5,3,2,2,3,3,2,3,4,6,7,248,2,2476,1,1,1,1,1,5,3,4,1,1,2,0,2,258,1,1951,1,1,1,2,1,3,1,1,2,1,1,3,4,253,0,1963,2,1,1,2,3,0,3,0,2,2,2,0,2,256,2,2467,0,3,5,0,3,2,1,0,2,4,3,2,2,245,1,2300,2,1,1,2,0,0,2,0,1,0,2,2,3,252,4,2384,2,2,3,0,1,3,2,1,0,0,4,1,4,255,1,1717,3,0,0,0,2,1,3,2,1,1,3,1,3,249,0,1684,0,0,1,0,2,2,2,2,1,1,3,1,2,246,3,1833,2,2,1,1,2,2,4,1,2,1,4,1,5,250,2,1747,2,4,4,0,1,2,2,1,0,1,2,4,4,248,1,1969,2,4,3,0,0,3,1,0,1,1,3,2,2,259,0,1938,3,1,0,2,2,3,2,3,1,2,3,2,2,260,3,2129,3,2,3,3,3,3,3,1,3,3,4,3,4,266,5,2386,4,4,2,1,4,4,3,4,5,4,3,5,5,freqmine
844,493,3525,502,503,500,488,485,490,493,475,483,499,506,528,514,250,1,1870,1,3,3,1,3,2,3,3,2,2,2,4,4,246,2,2208,0,0,1,2,1,3,1,0,1,0,0,1,0,254,1,1868,3,3,1,1,1,1,2,1,0,0,2,2,2,257,4,1841,2,1,3,0,2,3,1,1,2,2,2,5,4,255,4,2414,1,3,0,3,0,1,2,2,2,1,2,2,3,247,3,2183,0,2,1,0,0,1,1,1,0,1,1,3,1,246,1,2491,2,1,1,1,2,2,2,2,2,2,1,4,3,251,0,1743,1,2,3,1,3,0,0,0,1,2,2,3,2,251,3,1614,3,4,3,2,2,2,3,1,3,2,3,3,2,241,1,1725,2,0,2,1,2,0,0,0,0,1,0,3,0,250,0,1769,0,2,0,1,1,1,1,0,2,0,1,5,0,256,1,1906,0,3,2,1,1,1,2,1,0,0,1,4,2,260,2,1944,1,1,3,2,3,2,2,0,0,1,2,4,3,270,5,1982,3,4,4,2,2,2,3,2,2,3,4,6,4,263,4,2364,5,2,3,4,2,2,2,1,0,3,5,3,2,freqmine
855,509,3523,523,528,503,518,488,510,508,483,499,493,511,538,535,260,0,1866,3,3,4,12,2,3,2,1,3,5,4,3,3,250,1,2125,4,2,2,12,2,2,2,2,3,4,1,3,3,266,3,1811,2,2,2,14,4,2,2,2,1,6,3,3,3,268,2,1761,4,6,1,32,1,1,1,2,0,5,4,4,3,256,1,2319,4,1,0,10,1,4,2,0,1,3,1,2,4,251,0,2172,1,3,3,9,4,4,1,1,1,4,3,5,6,247,2,2358,0,2,1,9,1,1,1,0,1,2,1,1,2,261,4,1567,2,2,0,14,1,2,1,1,1,3,1,2,4,263,3,1545,1,1,2,11,1,0,2,1,0,2,2,4,1,247,0,1698,1,3,0,10,0,1,2,0,1,2,1,2,2,258,3,1679,1,7,3,11,1,2,2,2,2,3,2,11,4,250,4,1916,6,6,2,21,3,4,2,2,3,4,4,4,4,260,3,2057,3,3,2,13,0,1,3,1,3,3,2,3,4,274,2,2092,2,5,2,41,4,5,5,5,6,5,3,3,5,272,3,2269,0,4,4,20,2,5,2,2,4,4,2,4,4,freqmine
857,520,3601,512,499,524,497,500,494,489,482,498,500,516,528,523,265,2,1956,6,3,2,1,2,2,4,1,3,3,3,1,6,246,2,2318,1,2,2,0,0,1,0,0,1,0,1,3,2,260,2,1819,2,4,3,2,2,2,1,2,4,2,3,4,4,257,2,1841,2,3,2,1,1,1,0,1,3,0,0,2,2,266,4,2323,3,2,3,2,5,0,2,1,3,1,4,1,1,256,4,2275,7,6,5,2,1,0,0,0,2,1,2,9,7,256,0,2364,4,1,3,2,1,0,0,0,2,3,1,3,1,251,0,1741,3,2,3,0,0,1,2,0,2,2,2,2,2,249,2,1621,2,1,2,0,0,1,0,1,3,2,0,1,3,245,0,1734,2,0,1,0,1,1,0,0,2,0,2,0,2,255,3,1791,4,2,2,2,4,1,2,2,4,1,2,6,2,257,2,1961,3,1,4,2,1,2,1,0,1,2,4,3,1,265,3,2078,3,2,3,1,2,1,0,0,2,3,1,6,5,269,1,2048,6,3,2,4,4,2,3,1,5,1,6,2,5,266,2,2336,6,3,2,2,3,2,3,2,2,1,4,4,4,freqmine
855,521,3402,522,524,516,482,503,487,521,482,502,498,513,528,543,266,2,1953,2,3,5,4,1,2,12,4,3,3,2,5,4,254,1,2161,1,1,1,1,1,1,9,4,4,3,4,1,3,263,2,1844,3,1,2,1,0,3,11,1,1,1,3,2,4,266,2,1771,3,1,3,1,1,1,24,2,1,4,2,3,4,263,0,2298,0,2,5,2,1,2,8,1,2,4,0,5,5,245,1,2355,1,3,1,0,0,0,22,2,0,1,4,8,2,256,1,2306,0,2,2,0,3,2,11,2,1,1,3,3,6,250,1,1556,1,1,1,0,2,1,12,2,2,2,1,4,4,254,1,1560,2,2,1,0,2,2,11,5,2,3,3,6,5,248,4,1843,1,3,3,1,2,1,14,2,1,3,2,6,5,257,2,1689,1,2,3,1,2,2,9,1,0,2,2,3,5,255,4,1949,2,2,1,0,2,0,19,3,2,2,2,4,7,261,0,1935,2,3,1,3,2,3,10,4,1,4,1,2,3,272,2,2010,3,5,3,2,2,4,42,2,2,5,3,7,5,277,5,2394,3,3,1,4,2,2,17,4,3,6,2,5,5,freqmine
857,509,3613,505,500,518,495,489,494,517,476,490,488,511,507,513,257,0,1914,4,3,3,1,2,3,3,3,2,3,2,3,6,246,0,2155,1,0,2,0,1,2,0,1,1,0,2,1,0,256,2,1814,4,3,3,1,3,0,2,0,2,3,1,4,5,255,3,1807,3,1,2,2,3,2,1,1,2,0,4,2,3,264,2,2212,3,4,2,2,1,3,4,4,3,4,6,4,2,249,2,2398,1,3,2,0,1,2,1,1,0,1,1,5,2,249,2,2418,4,0,3,0,0,2,2,1,1,0,3,3,2,250,2,1661,3,0,2,1,2,0,0,0,1,0,2,1,3,261,4,1480,4,8,7,5,6,3,2,0,0,1,4,8,6,242,1,1839,2,2,3,2,0,0,1,0,1,0,2,2,3,250,0,1796,3,2,1,0,1,0,0,0,2,1,2,5,2,250,2,1885,3,2,4,2,2,2,2,0,1,1,1,1,2,258,1,1986,3,2,3,1,3,0,4,1,1,0,5,2,3,260,4,1934,4,2,8,3,4,2,6,7,5,3,6,4,6,263,5,2447,5,4,6,4,5,3,2,3,2,1,4,3,3,freqmine
824,517,3693,564,512,510,489,493,504,496,482,484,501,532,517,530,262,1,2102,10,5,2,2,3,2,4,3,3,4,5,2,4,254,6,2187,13,3,1,1,2,3,3,3,3,5,4,2,5,272,2,1865,9,8,3,6,7,5,4,6,3,6,9,7,9,258,0,1750,28,1,2,2,0,2,2,2,1,2,5,4,4,259,4,2267,12,1,1,0,3,1,3,2,1,1,5,1,5,250,1,2253,17,4,3,0,2,1,0,2,0,2,3,1,2,250,1,2332,11,4,0,2,2,0,0,1,0,3,1,1,2,256,1,1756,13,4,2,2,0,2,2,2,1,2,4,3,3,254,1,1521,21,10,2,0,0,2,0,3,1,3,3,4,2,247,2,1950,16,3,1,1,1,3,2,2,1,2,3,2,4,246,1,1877,9,3,4,0,0,2,1,2,0,2,3,2,2,256,1,1978,19,7,3,1,2,3,2,2,2,3,5,4,4,274,3,2077,19,5,6,3,1,2,3,3,3,5,6,5,4,264,1,2053,45,6,2,4,4,3,3,2,3,3,4,2,3,267,1,2432,20,6,2,1,2,4,3,2,3,4,4,3,3,freqmine
403,287,3141,277,282,276,241,262,261,264,242,259,277,283,293,302,32,2,1415,2,5,5,3,5,2,3,2,3,4,4,4,4,14,1,1780,1,1,1,0,1,1,1,1,0,0,0,1,0,28,2,1590,3,10,2,3,1,0,1,1,1,3,4,5,0,30,1,1487,0,2,5,2,1,1,3,2,1,2,3,3,3,25,2,2179,1,4,3,0,2,0,1,3,1,2,2,3,1,7,1,1852,0,0,1,0,1,0,0,0,1,1,1,0,2,19,1,2173,1,2,1,1,2,0,0,1,1,4,3,2,1,19,2,1357,3,1,1,1,1,1,0,0,1,3,3,4,3,20,2,1397,3,5,2,0,0,2,2,1,0,3,1,3,2,8,1,1548,2,2,2,0,1,1,1,0,1,2,1,4,2,20,1,1623,1,0,2,0,2,0,1,1,2,2,1,0,4,26,2,2018,1,4,2,1,2,1,2,2,2,1,3,3,1,29,0,1884,4,3,0,0,5,5,0,2,2,2,2,2,3,34,5,1808,3,4,5,2,3,4,5,2,1,4,3,2,3,38,2,2223,1,3,2,2,2,3,3,1,3,1,4,2,6,freqmine
824,524,3556,502,507,504,475,492,482,494,470,487,501,509,512,509,266,2,1970,3,3,7,4,2,4,3,1,1,2,3,5,5,247,3,2116,0,1,0,0,0,1,2,0,0,1,1,0,1,254,6,1839,1,7,5,1,0,2,1,0,2,1,2,3,4,261,3,1767,4,4,3,0,1,1,1,1,2,3,1,0,1,256,4,2355,2,3,6,5,3,3,2,1,2,4,2,4,2,243,1,2357,3,1,2,1,1,1,2,1,1,1,2,0,2,251,0,2242,1,0,4,1,2,1,3,1,1,1,4,3,2,249,4,1727,1,1,3,0,1,1,2,1,1,4,0,1,1,253,3,1534,1,3,2,2,3,2,4,2,2,2,2,2,1,239,2,1704,1,0,1,0,1,0,1,0,1,1,2,3,0,249,2,1892,2,4,1,1,2,1,2,0,2,1,2,1,1,255,2,1855,1,2,2,2,1,4,4,2,1,0,3,1,1,258,2,2013,2,2,3,0,2,2,2,1,3,3,0,2,3,262,3,2048,4,3,5,1,3,4,2,2,3,4,3,7,3,262,4,2262,3,1,2,2,0,1,2,1,1,0,3,2,0,freqmine
838,531,3617,512,500,510,486,490,495,490,479,480,501,519,511,531,271,6,1962,4,5,4,2,4,5,6,4,6,5,5,3,3,249,4,2148,0,1,1,2,2,3,4,3,2,2,2,2,3,262,3,1870,3,4,0,1,2,3,3,1,1,1,0,4,6,254,3,1694,3,1,2,2,3,2,3,0,1,1,2,3,4,263,1,2293,1,4,3,0,2,3,2,0,1,3,1,3,3,249,4,2266,2,2,2,0,2,1,2,1,0,1,2,6,2,250,4,2252,1,2,2,2,2,5,3,1,3,2,2,2,3,254,2,1797,3,2,3,1,5,3,2,1,3,2,4,3,4,253,4,1594,2,4,3,3,2,2,2,0,0,1,4,7,4,246,1,1858,2,0,0,2,2,1,2,0,0,1,1,1,3,244,5,1726,1,0,1,0,1,3,0,1,0,1,0,1,4,255,3,2100,2,1,4,1,2,1,0,0,1,4,3,2,4,265,3,1994,1,2,1,3,4,3,3,2,0,2,4,3,3,261,2,2021,2,2,4,2,4,3,5,4,2,3,4,1,5,268,4,2435,5,4,2,2,5,3,4,3,4,5,3,3,6,freqmine
833,517,3645,503,500,498,476,483,483,487,472,477,486,504,511,506,265,2,2038,2,4,4,4,2,2,2,4,2,3,2,5,6,245,3,2128,2,2,2,4,2,2,0,3,1,2,1,3,2,258,1,1925,3,4,3,1,1,2,4,3,2,3,3,8,2,255,1,1855,0,4,2,0,2,3,3,4,2,0,2,6,1,253,5,2467,2,3,0,1,1,1,4,3,2,0,4,4,1,240,1,2496,0,4,1,0,1,1,2,1,1,1,0,3,2,248,2,2505,5,4,3,2,1,1,2,2,0,3,2,4,2,245,2,1788,2,4,1,1,1,0,2,1,0,1,1,4,3,247,2,1621,3,2,1,0,2,1,1,2,1,1,2,5,0,239,3,1877,1,5,3,1,1,1,2,2,1,2,2,5,2,243,0,1805,1,3,2,0,2,0,2,1,1,2,4,4,0,249,3,1994,1,2,1,0,3,1,1,2,2,0,2,3,1,259,2,2101,2,1,4,1,1,1,4,1,3,3,2,5,2,262,4,2193,5,8,4,6,5,5,6,6,4,4,6,7,5,260,2,2450,2,2,3,0,1,3,1,2,1,1,2,5,2,freqmine
857,513,3517,516,519,514,485,498,500,503,476,492,498,501,515,534,263,1,1951,4,4,3,2,3,2,4,2,2,4,1,5,5,252,10,2268,3,5,3,7,8,4,6,3,4,3,1,6,6,265,0,1835,2,7,3,2,6,1,1,1,2,3,4,9,3,263,4,1863,4,4,3,3,4,3,1,1,3,6,4,3,8,261,3,2256,4,1,2,2,3,2,1,1,1,5,2,1,5,249,1,2394,1,2,2,0,2,1,1,0,1,2,2,5,3,254,1,2322,0,3,2,0,1,0,2,2,3,1,1,2,5,256,2,1786,1,2,2,2,1,2,0,1,2,3,2,1,3,264,1,1586,2,4,3,2,3,2,2,1,3,5,2,8,5,245,1,1791,1,0,1,0,3,2,1,0,2,1,1,1,3,250,2,1801,2,1,2,1,1,2,1,1,2,1,1,1,4,255,3,1860,5,3,3,2,1,3,5,1,2,3,2,4,3,255,1,1861,5,6,0,1,2,1,1,2,3,2,4,3,4,264,4,2108,3,3,4,1,2,3,2,3,4,4,4,3,6,270,5,2478,0,5,2,4,5,4,3,1,3,2,3,4,4,freqmine
933,555,3610,574,563,586,548,556,554,549,527,549,550,562,599,593,279,1,2039,2,3,4,2,3,4,2,1,3,3,4,5,3,271,2,2369,1,1,0,0,1,2,0,2,1,1,2,2,1,294,4,1841,2,4,4,2,1,3,3,1,0,1,1,6,4,288,2,1853,2,2,3,1,2,2,4,0,3,0,2,5,3,297,0,2330,3,1,4,2,3,3,2,2,4,1,5,6,1,282,2,2437,4,2,1,1,2,2,1,1,0,0,1,3,1,280,0,2296,2,0,1,3,3,4,1,0,1,3,2,4,2,281,4,1633,4,2,4,2,2,3,4,1,3,2,2,6,2,280,4,1454,2,1,2,1,3,3,2,2,1,0,2,4,0,267,1,1741,2,1,2,1,1,2,1,0,0,0,2,3,2,284,4,1816,2,3,4,1,2,3,2,1,1,3,3,3,3,279,0,1860,2,3,3,1,3,2,0,0,2,3,1,3,3,286,1,1933,1,1,6,1,3,4,2,2,0,2,1,3,3,305,2,2080,5,6,3,5,5,6,2,3,2,4,4,6,3,300,3,2311,6,2,4,1,4,3,2,3,2,4,4,4,4,freqmine
1208,776,3796,765,767,782,718,746,742,744,702,715,731,781,777,768,394,5,1919,6,4,6,5,3,7,5,3,4,5,6,9,6,366,0,2275,2,3,3,3,2,5,3,1,1,1,1,2,4,386,2,1960,5,5,7,2,4,6,3,2,3,6,7,8,5,393,4,1915,4,3,5,2,2,6,3,2,1,4,7,7,4,398,6,2027,6,7,6,3,5,6,5,4,3,6,4,6,4,364,3,1947,1,3,5,1,2,4,2,1,1,3,4,4,3,382,5,1909,5,4,8,1,3,4,4,3,3,3,7,7,5,377,4,2000,4,6,5,3,5,6,4,4,4,5,8,6,7,378,2,2011,3,4,7,3,2,3,1,1,3,3,4,5,3,356,4,2023,1,2,5,1,2,3,1,0,1,2,5,5,2,362,1,1996,2,1,2,0,3,3,2,1,2,1,4,7,2,374,7,2037,3,1,5,1,2,5,4,1,1,2,7,4,3,397,4,2060,4,5,4,3,3,5,3,2,4,5,6,10,5,396,8,2038,6,7,9,4,6,7,8,7,8,5,11,9,8,392,3,2148,3,6,4,3,3,7,3,2,1,1,5,7,6,freqmine
867,542,2802,498,503,483,465,488,496,483,444,475,480,489,530,521,279,5,2113,3,6,7,1,6,3,4,3,2,2,5,5,4,245,1,2082,2,2,1,0,1,2,0,0,0,1,1,2,1,254,6,2044,3,3,5,2,3,1,3,1,2,1,1,5,5,256,4,2061,5,4,2,2,3,1,4,1,1,1,1,5,2,251,3,2085,3,1,4,5,3,3,2,1,3,1,7,3,2,238,2,1982,2,2,2,0,1,2,1,0,1,0,1,2,0,249,3,2000,4,3,1,2,2,2,0,0,0,0,0,3,1,254,3,1962,4,2,4,2,1,2,2,0,3,0,2,3,1,245,5,2001,4,3,2,0,0,3,1,1,1,1,3,3,4,228,1,2005,1,1,1,0,1,0,1,0,0,1,0,2,2,243,2,1991,3,2,4,2,0,3,2,0,0,1,1,0,3,244,1,2002,4,2,1,2,3,1,0,1,2,3,1,3,2,250,4,2007,3,5,5,2,2,3,3,2,2,1,3,2,3,272,5,2059,6,6,4,4,5,4,3,2,2,5,2,5,3,264,6,2055,4,2,2,1,3,1,2,1,3,4,3,2,3,freqmine
2949,1900,3742,1909,1888,1907,1855,1884,1875,1877,1845,1861,1870,1922,1901,1913,957,5,1874,11,8,3,7,5,6,7,6,7,7,8,9,11,934,2,1869,1,2,4,4,0,1,3,1,3,3,4,1,2,966,10,1877,14,15,15,13,8,9,7,11,8,12,12,14,14,957,8,1877,8,5,7,6,7,5,4,10,6,5,8,8,9,960,7,1866,10,6,6,6,4,7,6,7,4,7,2,8,9,936,6,1862,10,6,6,6,6,3,5,6,4,6,7,8,9,948,4,1863,6,6,6,4,7,4,5,5,5,6,6,7,8,944,4,1865,5,4,5,5,5,4,5,5,3,6,3,4,9,944,5,1867,7,4,7,5,3,4,4,5,3,6,4,6,6,929,2,1859,8,4,3,4,2,4,3,2,4,2,4,5,6,935,4,1857,7,3,3,3,5,2,3,5,7,4,4,7,5,945,6,1873,7,3,6,3,3,4,5,3,2,4,6,6,7,970,6,1874,8,3,6,5,5,4,4,6,7,7,5,11,7,958,6,1872,6,5,7,5,5,2,5,7,7,5,8,7,12,963,6,1878,11,8,9,9,7,6,8,7,9,8,8,11,12,freqmine
2985,1914,3745,1915,1912,1901,1854,1884,1891,1892,1846,1860,1875,1920,1911,1922,963,6,1871,7,6,12,5,7,7,6,4,4,5,9,9,10,944,7,1858,8,7,8,8,3,2,4,6,4,3,6,6,7,969,11,1864,12,7,17,15,13,9,11,5,6,10,9,15,12,959,8,1868,12,9,9,10,6,7,6,3,6,3,7,12,13,960,4,1863,7,7,8,5,7,2,6,1,3,2,9,9,9,933,5,1857,7,5,8,3,2,6,6,1,2,0,7,8,9,950,6,1859,8,6,6,5,4,5,3,3,3,2,7,5,9,954,7,1855,7,6,10,5,3,6,6,2,3,5,10,11,7,957,7,1860,7,6,7,5,7,8,7,3,3,2,9,10,10,931,7,1855,5,7,8,4,5,3,5,2,2,2,9,5,8,935,6,1855,7,9,7,5,4,6,5,1,1,3,9,9,10,944,5,1863,4,4,7,5,3,4,5,2,3,0,9,9,9,965,7,1865,7,5,7,7,7,6,7,5,3,4,10,6,10,963,6,1865,10,9,8,7,8,10,9,5,4,8,10,12,10,964,8,1864,6,5,5,3,6,5,5,4,2,3,8,6,11,freqmine
2957,1903,4066,1902,1910,1919,1871,1893,1885,1874,1864,1874,1887,1933,1919,1908,955,8,2004,11,9,6,6,8,7,6,6,4,9,8,6,12,958,9,2058,11,10,9,9,13,11,8,10,9,8,9,11,10,963,10,2038,17,16,11,13,16,14,14,15,9,13,17,11,13,964,9,2030,10,7,8,5,8,8,4,7,4,10,8,5,9,964,12,1997,10,6,9,7,8,9,6,8,5,11,8,5,11,946,9,1992,8,10,8,10,13,9,8,12,5,11,9,8,9,954,7,1960,8,5,10,5,8,7,6,6,5,9,9,7,9,952,7,1963,6,5,4,5,10,5,5,5,2,9,7,3,9,950,7,1976,9,10,7,11,11,8,10,13,5,11,8,8,10,940,6,1986,8,3,6,5,8,6,4,5,3,8,6,6,5,949,9,1958,9,7,8,8,13,7,5,9,4,10,7,8,6,954,10,2002,9,10,10,7,11,13,7,10,5,12,10,7,10,977,11,1998,10,12,10,8,11,12,8,9,7,14,9,10,13,969,10,2009,9,7,11,8,8,7,7,9,8,8,11,4,13,964,8,2014,10,8,12,9,10,10,7,6,6,12,12,11,9,freqmine
403,286,3082,274,270,275,248,266,258,265,242,264,274,302,286,304,32,4,1592,5,2,3,3,3,4,2,2,2,2,2,4,3,11,1,1810,0,0,0,0,0,0,1,0,0,0,1,0,1,25,2,1713,2,4,0,1,1,2,2,0,1,1,1,7,3,22,4,1495,2,2,1,0,1,1,1,1,0,1,2,2,2,24,1,2078,1,2,1,1,2,3,1,0,1,2,2,3,1,10,1,1787,2,0,3,2,0,0,1,0,0,1,2,0,0,18,3,2189,1,2,3,0,0,1,4,0,1,1,0,2,2,11,3,1415,0,3,2,0,2,1,1,1,2,0,2,0,2,20,2,1330,1,2,1,1,2,0,1,0,3,0,4,2,2,8,2,1607,0,1,0,0,0,1,0,0,0,1,1,0,2,19,2,1696,0,1,0,1,2,2,3,0,1,1,1,3,1,24,2,2051,0,1,2,2,1,1,1,1,1,1,4,2,3,38,3,2046,3,2,2,2,0,1,5,1,1,5,3,4,5,32,2,1912,2,2,2,1,1,2,3,4,3,3,5,3,5,41,3,2325,4,1,3,1,3,2,1,3,2,2,5,3,2,freqmine
3006,1936,3766,1947,1929,1942,1869,1933,1888,1897,1862,1855,1915,1925,1967,1978,977,6,1868,5,7,23,4,15,5,6,8,7,5,7,13,14,978,21,1874,24,29,42,19,29,21,25,25,24,26,19,23,35,982,8,1861,7,9,25,9,16,4,12,9,8,8,5,14,17,970,4,1864,7,5,30,6,31,3,8,7,5,6,5,11,24,978,5,1862,9,14,17,5,80,5,9,8,6,15,11,30,24,942,4,1850,3,4,20,1,9,3,5,3,2,1,2,8,14,964,5,1856,5,11,17,4,12,6,7,7,4,7,4,19,30,948,4,1854,5,7,19,2,14,2,5,5,5,5,5,11,15,953,6,1858,5,3,13,1,11,4,4,5,4,2,4,9,17,937,4,1853,2,4,14,0,9,1,5,3,1,3,3,8,16,931,2,1853,3,4,9,2,5,6,5,3,1,2,3,6,14,964,4,1861,3,7,28,2,20,3,5,5,3,6,5,10,29,974,4,1864,4,6,20,3,11,4,5,8,5,5,6,8,16,989,4,1863,8,11,54,4,43,6,6,7,4,9,4,15,41,982,7,1860,4,7,29,2,34,3,7,7,6,7,5,11,28,freqmine
2359,1512,3625,1477,1509,1486,1426,1473,1457,1443,1429,1461,1499,1502,1516,1500,763,7,1560,9,9,7,7,5,7,10,6,7,6,7,5,12,755,32,1625,22,22,27,22,25,28,23,28,27,26,25,30,28,748,6,1594,6,9,8,4,6,6,6,6,7,4,9,3,8,762,9,1559,7,9,10,5,7,9,8,7,9,9,11,8,10,751,8,1533,6,11,5,5,3,6,4,4,6,8,4,10,12,721,4,1510,4,6,3,2,4,2,3,2,4,3,5,2,5,748,5,1488,4,14,6,3,4,4,6,3,5,8,5,13,13,737,5,1470,4,7,3,4,6,7,6,4,6,5,6,3,6,732,7,1509,4,10,6,5,5,4,6,3,6,6,6,5,7,723,7,1549,6,8,7,5,6,7,5,4,8,6,7,6,7,739,8,1480,5,9,7,4,6,3,5,5,9,5,7,7,6,758,6,1568,5,8,7,5,6,6,6,4,7,6,8,5,6,757,8,1559,7,10,6,5,6,6,7,3,7,9,6,7,9,767,12,1601,8,10,10,8,8,8,9,8,11,8,11,7,13,765,8,1557,8,20,8,8,5,6,8,3,6,16,8,22,22,freqmine
828,489,1663,501,496,486,450,468,468,480,459,437,473,493,510,519,253,5,455,3,19,6,2,5,2,3,10,4,6,6,8,7,239,1,499,1,20,2,1,1,1,1,12,2,2,1,5,3,254,4,495,4,17,4,3,3,2,4,11,2,4,2,7,9,244,5,446,3,34,5,4,5,3,5,45,3,5,4,17,7,250,2,444,1,19,3,3,5,1,3,14,2,3,3,7,6,233,4,444,1,15,3,1,2,2,2,17,2,4,2,6,5,242,3,455,3,19,3,3,3,2,2,18,2,5,3,7,6,238,1,454,3,12,3,1,1,1,2,15,2,3,2,5,5,246,3,458,5,14,2,1,3,2,1,15,3,3,3,5,6,223,1,483,1,15,1,0,1,1,2,9,2,4,5,5,7,226,1,445,2,12,1,1,1,3,3,6,0,2,3,4,5,244,4,471,4,14,3,2,3,2,2,21,2,4,4,7,7,258,5,465,3,15,4,3,4,3,2,12,3,4,5,5,5,262,2,449,6,55,4,3,4,4,4,31,2,6,4,8,5,265,6,507,5,36,5,2,4,4,4,28,4,6,4,9,3,freqmine
715,490,1661,485,472,462,435,427,474,431,432,436,423,471,511,479,234,15,462,11,11,7,7,5,33,4,9,5,10,6,24,14,234,11,486,4,2,2,2,2,15,1,2,1,2,1,13,3,247,16,467,4,6,6,3,3,15,1,4,2,4,4,15,3,238,29,446,6,3,5,3,2,31,2,4,3,3,4,32,3,238,14,470,9,3,5,3,2,17,3,4,3,4,7,13,4,221,11,414,5,3,3,2,1,14,1,2,0,2,3,12,4,220,15,422,4,2,2,1,1,15,0,1,1,1,4,13,4,230,13,429,4,4,5,2,2,10,4,5,3,6,5,22,6,220,12,432,2,4,4,1,0,12,2,1,1,1,3,14,4,221,26,461,7,9,7,4,4,15,4,3,4,5,3,32,6,222,9,430,3,4,3,0,1,6,1,3,4,3,3,14,3,215,27,430,4,5,3,2,1,20,2,2,2,3,5,23,3,240,16,453,6,5,4,3,3,11,3,3,2,5,3,14,4,248,43,437,7,6,4,4,3,36,3,5,6,3,5,39,9,242,38,516,7,4,5,5,4,19,4,4,4,4,5,31,10,freqmine
1934,1251,4593,1167,1151,1329,1208,1206,1265,1130,1241,1177,1149,1217,1193,1281,638,5,2826,4,12,79,43,33,32,6,34,33,20,25,32,11,640,38,2565,18,21,171,114,103,110,15,109,102,94,86,106,51,591,8,2182,6,4,54,46,30,33,6,38,31,19,25,21,9,586,8,2202,7,7,63,47,36,37,2,42,34,24,23,31,10,609,12,2467,7,7,81,113,51,52,7,47,39,25,26,27,20,561,3,2185,5,2,61,37,37,30,2,47,26,16,16,16,11,581,4,2178,5,2,53,42,32,36,2,41,28,19,23,26,14,611,7,2192,7,9,75,55,43,40,2,56,42,32,32,45,14,572,3,2078,4,2,65,37,30,34,1,32,31,28,27,22,7,592,4,2727,5,7,63,37,33,35,1,34,39,20,24,28,11,563,5,2128,5,1,51,34,30,32,0,35,26,27,25,25,12,559,5,2233,5,2,58,50,36,41,4,41,40,27,32,33,9,589,5,2224,4,3,65,53,38,42,4,45,36,30,32,30,11,594,8,2297,8,12,70,48,34,39,5,43,36,26,32,39,17,647,9,2437,7,7,92,74,45,42,5,57,51,35,40,33,9,freqmine
19752,10738,13035,12125,11953,12231,11861,11782,11485,11631,11541,11878,11652,11737,11854,11610,6172,128,2060,878,898,888,862,834,847,917,821,843,854,848,889,882,6458,366,1913,1066,1033,939,1031,930,892,1049,868,890,937,952,974,1076,6245,241,1667,803,866,880,863,826,798,865,774,784,802,840,873,859,6215,269,1725,825,846,916,832,820,783,914,772,776,829,805,885,879,6372,246,1775,996,978,866,923,856,835,918,831,870,843,861,929,918,6163,240,1635,898,839,850,771,904,792,836,815,769,783,802,840,822,6060,230,1661,835,845,812,809,772,844,803,760,770,781,850,835,785,5976,231,1647,833,840,813,797,787,731,813,836,771,813,779,825,800,6006,277,1690,851,913,872,821,811,819,829,805,805,801,828,859,856,5997,215,1917,856,837,847,827,790,813,864,775,890,791,795,839,798,6012,190,1674,819,817,830,788,802,786,792,801,743,843,772,828,804,6095,227,1722,848,871,851,814,796,790,832,796,786,781,823,867,863,6004,201,1672,882,847,851,807,851,840,866,779,782,787,788,873,872,6170,262,1811,833,906,830,820,822,806,835,771,799,794,815,795,824,6066,245,1968,997,969,945,1001,883,892,874,897,889,870,859,962,920,freqmine
25332,15364,17076,17431,17017,17924,17429,17115,16854,16910,17031,17242,16998,17221,17224,16808,8825,68,1276,1258,1259,1295,1273,1235,1247,1263,1271,1305,1265,1250,1323,1332,8815,237,1257,1281,1304,1329,1311,1250,1272,1274,1246,1295,1293,1307,1322,1266,9002,234,1258,1190,1256,1266,1243,1257,1266,1254,1249,1210,1227,1219,1289,1219,8817,211,1239,1227,1213,1282,1203,1278,1207,1242,1243,1208,1221,1217,1209,1256,9223,232,1340,1326,1288,1258,1277,1300,1296,1268,1355,1345,1240,1283,1327,1368,8952,213,1242,1291,1181,1228,1170,1165,1219,1195,1219,1189,1185,1158,1232,1143,8779,217,1194,1185,1271,1257,1187,1126,1157,1213,1228,1200,1197,1257,1162,1216,8641,239,1213,1222,1206,1250,1244,1172,1162,1314,1218,1199,1182,1178,1273,1177,8663,246,1242,1240,1250,1288,1296,1183,1230,1198,1237,1291,1216,1226,1225,1206,8717,221,1286,1226,1246,1272,1264,1223,1217,1232,1227,1257,1256,1219,1209,1207,8680,212,1218,1188,1220,1304,1239,1230,1191,1211,1282,1158,1189,1208,1211,1232,8760,211,1291,1215,1267,1274,1226,1198,1208,1239,1273,1219,1210,1267,1198,1198,8691,240,1297,1287,1238,1327,1262,1301,1255,1301,1285,1244,1286,1197,1234,1236,8898,228,1290,1251,1232,1280,1299,1217,1279,1239,1251,1252,1281,1208,1205,1216,8710,225,1334,1328,1337,1476,1354,1378,1284,1294,1350,1331,1301,1311,1370,1264,freqmine
15166,8898,10057,9920,9664,10959,9769,9716,9629,9694,9600,9703,9625,9602,9589,9615,5922,34,793,657,598,1141,605,603,583,669,593,605,621,606,624,655,5879,108,816,637,603,1157,632,600,632,681,581,644,625,606,605,615,5984,134,822,595,592,1184,610,586,583,664,590,602,607,605,609,625,5903,111,811,620,579,1176,592,568,574,642,587,572,592,578,578,624,6099,112,921,666,627,1228,639,630,655,685,754,681,633,674,683,681,5920,110,818,658,577,1139,562,570,571,650,595,570,588,573,587,602,5905,121,787,604,585,1126,581,557,576,652,577,560,592,635,568,647,5866,111,830,611,583,1129,592,566,551,680,569,586,580,585,600,598,5840,125,812,623,591,1157,628,570,587,618,580,607,595,603,593,617,5830,122,857,619,595,1215,621,589,606,646,583,608,603,582,610,620,5794,112,798,600,554,1172,589,558,568,620,596,561,591,566,563,593,5880,121,830,617,615,1186,620,552,577,661,618,614,575,591,594,605,5818,114,825,661,574,1179,610,634,632,671,593,606,596,589,585,621,5887,100,817,613,598,1201,634,567,587,629,635,591,611,574,566,601,5863,123,865,733,621,1365,647,684,598,673,686,622,614,614,647,629,freqmine
8240,3102,3002,3096,3075,5779,2991,3050,3013,3007,2940,2995,3039,3136,3107,3116,4515,9,19,17,18,1485,11,13,13,13,10,12,14,33,19,19,4463,6,10,9,12,1576,7,6,4,4,2,5,5,19,8,12,4484,10,10,15,16,1573,18,14,11,18,13,12,12,29,16,17,4467,9,20,13,11,1573,15,20,10,15,12,12,9,45,17,15,4602,26,16,8,16,1718,13,13,12,10,10,9,8,30,12,15,4465,6,9,11,10,1504,8,9,10,13,8,9,12,27,9,13,4477,8,6,10,12,1517,10,9,7,8,7,8,10,24,13,10,4438,7,11,10,12,1565,7,12,10,7,9,13,9,25,11,12,4415,6,12,9,11,1577,11,9,12,12,11,13,14,28,13,15,4392,5,10,9,12,1586,9,8,8,7,6,8,9,27,11,10,4417,6,7,7,7,1596,4,7,5,6,6,5,4,22,13,8,4455,9,15,12,16,1618,13,11,15,10,11,17,14,52,20,14,4515,9,15,14,18,1714,14,11,13,12,14,15,12,26,19,22,4499,12,17,11,14,1598,11,10,11,11,12,14,11,58,17,11,4562,8,17,18,19,1811,17,17,16,14,15,17,17,48,23,20,freqmine
5482,1708,1678,1775,1716,2017,1641,1691,1704,1616,1603,1608,1693,1713,1770,1727,2301,9,28,29,37,223,39,35,31,24,31,24,33,27,31,25,2255,18,24,24,44,265,62,38,31,32,44,18,43,31,40,21,2306,16,38,40,43,241,79,49,49,44,61,29,53,43,46,45,2254,20,40,44,53,256,90,72,66,43,62,44,81,48,74,48,2286,15,50,59,86,298,112,68,64,49,58,50,75,47,72,72,2188,15,31,34,56,269,43,46,37,24,57,35,62,30,64,37,2234,16,27,30,60,227,53,35,57,23,43,27,51,32,51,33,2229,17,39,45,53,243,74,50,40,35,50,36,64,36,61,38,2214,12,34,27,39,227,56,32,32,27,32,21,41,27,42,28,2191,8,25,30,57,229,113,42,50,35,43,28,55,25,61,43,2218,12,19,22,39,213,37,37,28,22,39,21,38,16,36,23,2255,10,24,30,60,249,79,60,71,24,69,24,56,30,73,41,2302,18,41,46,64,251,57,61,60,42,52,47,64,39,58,44,2319,13,31,33,86,253,122,74,87,39,86,33,86,39,77,36,2329,20,34,46,75,256,103,66,63,36,84,42,65,41,66,30,freqmine
390,279,3132,286,278,270,249,260,261,259,245,256,258,288,296,293,29,3,1448,2,4,3,2,2,2,4,2,2,4,6,3,3,14,0,1872,0,0,2,0,1,0,0,0,1,1,0,0,0,31,4,1737,2,1,2,0,3,1,2,0,2,0,2,7,4,28,1,1555,4,1,0,1,2,3,0,2,1,2,2,2,3,25,2,2094,1,2,0,3,0,1,1,0,2,1,3,0,5,14,2,1805,0,1,0,0,1,1,1,1,0,0,2,3,3,16,0,2191,3,1,0,1,0,1,0,1,0,0,3,2,4,21,1,1351,1,0,1,2,0,1,2,1,0,1,0,2,1,19,3,1416,2,2,1,1,2,2,0,1,0,1,1,3,2,9,0,1630,1,2,1,1,1,0,1,0,1,0,2,0,2,14,2,1646,3,2,3,0,0,1,0,2,1,1,3,2,3,17,1,2040,1,2,0,1,1,1,1,0,1,1,1,1,2,34,4,1882,1,4,4,2,1,1,1,2,3,1,3,1,2,37,2,1854,8,3,3,3,4,3,2,1,4,2,2,3,5,35,1,2191,3,4,4,2,2,1,3,1,3,3,2,5,4,freqmine
4945,1523,1436,1488,1465,1475,1404,1457,1482,1475,1412,1450,1441,1496,1490,1512,2236,6,7,7,7,9,5,6,8,8,6,6,6,9,11,8,2167,12,8,9,6,8,8,7,8,9,5,5,9,10,9,9,2201,13,7,8,7,9,3,9,11,11,3,9,10,8,11,10,2203,9,9,13,13,11,9,12,14,15,8,13,16,8,12,15,2201,9,8,9,11,13,4,6,10,13,5,8,7,8,11,8,2176,12,6,6,18,9,9,10,9,7,5,11,13,8,16,15,2192,12,13,12,16,13,11,10,11,12,9,13,13,8,12,14,2203,11,9,6,9,10,5,9,13,11,8,10,8,5,9,12,2205,12,9,12,12,8,7,14,15,8,10,10,11,9,8,14,2185,11,8,7,11,9,6,8,9,10,7,10,10,8,9,13,2211,16,16,13,10,15,15,14,18,13,9,12,13,12,15,16,2235,11,8,8,26,9,7,9,9,7,7,12,16,7,23,19,2230,12,13,12,11,10,11,13,15,14,11,14,12,10,12,10,2223,15,9,10,11,11,9,11,10,12,6,9,9,11,7,9,2226,14,15,13,13,13,9,16,15,13,10,14,12,10,16,13,freqmine
8004,3024,2932,3017,2972,2966,2907,2961,2950,2966,2898,2932,2942,3009,2987,2999,4467,10,6,11,12,9,6,11,10,12,5,8,8,9,11,11,4438,15,12,16,17,19,16,16,12,16,12,15,17,18,20,17,4470,19,18,19,22,20,17,18,18,16,13,22,22,22,24,14,4444,18,8,15,15,13,11,12,10,10,10,9,16,18,16,10,4514,15,13,18,21,20,14,13,13,12,9,15,19,19,22,16,4415,9,6,11,11,13,9,9,6,11,5,6,9,15,16,7,4451,14,10,14,12,15,11,12,7,9,8,12,16,17,14,8,4475,17,14,17,16,19,18,14,10,17,9,13,16,21,15,13,4429,20,14,22,23,21,22,17,17,17,16,18,28,19,23,13,4390,14,13,14,10,13,9,13,8,14,6,8,13,16,14,9,4402,14,10,16,16,14,9,10,5,12,6,10,20,15,15,10,4446,19,14,16,14,19,20,19,13,19,11,16,19,20,19,17,4455,17,11,18,17,18,15,16,15,14,10,13,18,18,17,13,4492,19,22,26,23,25,19,22,18,22,17,26,25,23,24,21,4459,16,12,17,18,14,13,13,14,18,10,13,19,17,16,14,freqmine
6860,2453,2355,2461,2444,2421,2325,2375,2405,2399,2315,2386,2379,2434,2451,2453,3581,11,12,13,13,11,8,10,11,9,7,21,12,12,10,14,3549,20,16,26,21,14,16,20,26,25,17,32,21,19,19,20,3593,28,20,29,23,24,22,23,27,28,18,38,24,23,21,24,3600,25,23,29,25,20,19,25,28,28,20,48,26,28,22,27,3759,35,30,39,37,28,28,36,41,38,33,54,34,34,31,36,3519,25,20,33,22,18,16,20,28,27,20,35,28,26,20,23,3542,25,19,30,25,23,19,20,25,26,20,39,25,28,22,27,3548,24,20,32,25,20,19,22,24,26,20,40,30,31,28,27,3564,29,23,30,28,25,22,23,29,31,23,40,28,27,25,28,3526,21,18,28,24,18,16,23,25,23,18,35,24,24,21,23,3542,24,15,27,23,22,18,23,26,23,18,31,26,28,23,23,3568,26,20,32,25,21,18,24,27,27,21,42,24,26,29,31,3590,28,22,34,27,22,19,24,28,28,22,31,28,29,25,29,3593,26,23,30,26,20,20,24,27,26,21,63,25,29,24,26,3595,30,21,29,24,25,22,24,27,27,20,42,31,30,24,28,freqmine
6034,2323,2435,2558,2432,2387,2354,2378,2670,2503,2439,2331,2433,2449,2350,2408,2596,24,96,107,132,132,114,110,129,145,132,154,153,137,112,120,2638,29,130,117,133,132,133,105,125,192,124,142,178,159,113,119,2647,27,141,175,142,140,133,115,138,176,135,147,175,176,167,132,2602,32,152,175,134,140,143,155,147,155,131,125,161,161,164,131,2808,45,170,164,207,152,173,159,171,164,158,162,185,258,170,167,2557,33,146,154,148,146,141,137,153,156,140,120,178,175,130,156,2637,30,129,136,157,144,138,137,145,135,136,136,171,169,136,165,2715,30,211,180,188,240,197,190,176,183,184,163,191,212,215,193,2660,29,133,155,143,183,143,140,143,154,147,123,175,184,155,158,2611,30,199,138,159,164,219,146,148,136,125,145,163,197,157,159,2584,24,144,113,197,158,161,115,132,153,122,111,153,150,151,146,2615,26,140,138,177,143,182,196,153,176,158,133,170,196,143,143,2612,34,150,139,182,141,152,172,174,156,141,156,193,179,137,155,2576,23,131,126,156,128,152,149,169,145,128,125,168,182,132,144,2596,25,130,135,144,135,141,142,157,160,191,128,154,177,140,148,freqmine
10055,5585,6742,6828,6672,6510,6558,6563,7235,7172,7380,6650,6719,6628,6634,6274,3690,14,875,906,908,922,956,898,1019,1107,1127,1539,1057,932,925,945,3842,21,1042,906,980,1082,1049,995,993,1469,966,1168,1542,951,986,951,4228,32,966,1254,923,955,910,953,954,1053,954,1014,1172,900,1325,792,3808,36,1019,1189,958,960,977,1068,960,945,988,958,1012,918,1268,812,3705,37,1008,1258,1050,1042,1120,1234,1080,1061,1076,1113,1084,1531,1342,966,3617,34,973,1011,1119,1039,1014,1264,1038,1066,1014,1055,1090,1256,1103,1267,4132,33,918,1065,979,866,941,1080,983,960,1047,903,891,1109,1041,1291,4162,36,1380,1442,1443,1897,1518,1564,1528,1405,1414,1566,1450,1431,1529,1701,4051,33,1107,1242,1124,1546,1131,1169,1192,1159,1325,1331,1216,1245,1195,1190,3861,35,1691,1078,1175,1429,1675,1103,1103,1228,1184,1222,1222,1090,1150,1252,3710,28,1153,952,1342,1070,1238,949,968,939,969,1084,979,938,1023,974,3735,36,1050,971,1252,1127,1191,1579,1085,1034,1016,1066,1149,1000,1071,960,3781,43,1018,1048,1206,1058,1066,1367,1446,1027,1027,994,1084,1102,1127,999,3653,33,1028,931,948,923,1048,1128,1423,867,984,925,938,947,989,998,3608,33,900,968,1047,887,994,1089,1252,916,1631,992,935,1024,1046,967,freqmine
10243,5652,6822,6867,6828,6621,6579,6592,6953,6888,7323,6615,6651,6765,6756,6497,3821,20,871,961,993,922,943,924,949,1202,1151,1466,1109,1011,873,1043,3962,45,1021,903,1010,1065,1063,1039,1007,1616,985,1194,1546,1043,897,1034,4347,47,993,1328,1001,935,897,951,923,1189,973,1019,1187,1004,1351,912,3830,49,1037,1165,991,895,951,982,890,1019,1014,922,1058,988,1165,870,3820,47,1070,1345,1196,1056,1112,1072,1063,1121,1099,1190,1094,1711,1223,1139,3782,48,944,1092,1098,1046,1064,1242,1120,1085,976,1035,1168,1357,1007,1348,4125,42,983,1106,983,900,927,999,956,981,1017,903,938,1322,1016,1433,4061,48,1500,1519,1414,1968,1482,1533,1510,1441,1523,1440,1498,1610,1429,1737,4009,47,1137,1153,1234,1585,1225,1162,1212,1195,1379,1260,1295,1439,1154,1347,3904,44,1742,1187,1200,1377,1632,1101,1136,1294,1274,1141,1251,1382,1048,1338,3781,46,1135,969,1385,1005,1206,951,940,991,1031,1042,982,1078,1024,1106,3705,49,1047,1047,1401,1155,1177,1630,989,1143,1062,1060,1151,1127,1049,1064,3845,44,1064,1098,1289,1131,1117,1368,1347,1055,1079,999,1180,1170,1102,1006,3877,40,1013,955,1064,943,1135,1228,1414,917,908,898,957,1084,1000,969,3681,39,928,1020,1160,906,1030,1067,1273,975,1662,888,962,1165,937,983,freqmine
9782,5301,6486,6571,6631,6470,6161,6227,6515,6424,6652,6179,6426,6427,6429,6245,3495,14,869,934,1151,961,774,854,988,1040,980,1386,1052,919,795,973,3634,39,1018,951,1259,1032,917,916,1008,1409,927,1191,1461,1007,835,933,4021,39,982,1259,1267,971,804,807,931,1095,880,935,1128,927,1211,816,3540,47,997,1242,1263,989,1105,890,920,985,890,912,1085,976,1175,842,3601,34,1024,1215,1386,1032,996,974,1001,1031,973,1036,1155,1641,1129,982,3516,46,964,1022,1325,954,882,1036,967,1018,943,925,1100,1262,972,1171,3794,38,893,1038,1184,906,804,869,983,949,939,865,940,1162,1032,1236,3753,35,1400,1357,1646,1905,1338,1293,1455,1340,1399,1399,1424,1525,1368,1521,3674,46,1155,1148,1423,1432,1023,1062,1140,1088,1159,1172,1208,1264,1133,1171,3522,38,1697,1042,1403,1290,1385,1001,1065,1153,1104,1138,1250,1158,1088,1161,3452,31,1116,949,1504,975,1029,809,885,953,960,970,1011,950,935,906,3439,39,1024,1045,1629,1028,1025,1444,1007,1107,874,978,1144,1074,996,1002,3538,34,1061,1027,1488,1105,941,1184,1342,994,937,962,1087,1087,1014,964,3648,37,1008,994,1242,934,909,1046,1313,902,957,965,983,977,962,1004,3569,41,947,1056,1359,920,988,971,1224,934,1671,989,1062,1054,946,966,freqmine
5839,2680,3297,3528,3882,3825,3244,3500,3936,3918,4098,3068,4005,4086,3523,3332,1821,12,298,372,764,815,422,583,747,886,881,429,981,931,359,360,2001,22,351,428,794,900,514,631,845,1185,961,404,1299,1073,517,417,2268,26,425,535,763,895,605,712,844,1031,982,369,1110,1073,530,395,2058,25,391,497,828,892,496,679,830,892,962,356,1015,1064,532,423,2084,27,441,618,897,889,597,787,1035,1031,1054,477,1076,1496,578,507,1949,22,340,423,806,851,448,734,807,883,926,335,974,1213,453,464,2025,22,323,464,754,792,420,582,747,772,937,365,861,1079,468,483,2073,28,482,571,1092,1394,622,890,1206,1131,1163,440,1225,1527,548,566,2052,29,477,477,883,1207,493,784,939,885,1105,467,1033,1364,512,495,1966,30,535,451,946,1073,682,780,860,1010,969,383,1104,1281,527,451,1834,21,493,410,1040,902,524,633,729,813,838,338,841,966,427,412,2041,17,442,446,1076,911,568,776,886,964,945,377,997,1177,470,423,1971,39,383,501,1009,974,605,822,1142,902,940,336,1061,1071,505,422,2184,25,450,532,904,910,593,759,1160,855,938,407,947,1106,497,537,2155,19,520,678,923,973,692,825,1135,973,1479,508,1082,1219,566,513,freqmine
4517,2981,3034,3105,4205,4044,2814,3969,4190,4240,4380,3001,4284,4028,2887,2925,1505,10,12,22,912,931,19,993,901,999,1016,14,1282,875,13,24,1544,20,25,34,988,1107,26,1141,973,1456,1041,20,1624,969,23,31,1579,27,32,33,929,971,36,1065,808,1082,970,33,1293,849,40,57,1548,32,27,37,924,959,35,987,887,874,983,31,1172,811,20,46,1457,28,27,28,1115,996,28,1067,940,985,1012,31,1240,1512,25,29,1440,18,29,33,1091,1021,29,1108,934,968,939,33,1293,1235,22,37,1425,24,25,30,967,911,29,964,892,903,1024,25,1135,1093,24,29,1578,24,19,27,1447,1899,30,1782,1596,1325,1425,31,1506,1438,23,30,1643,29,24,28,1098,1460,31,1706,1136,1115,1306,29,1292,1186,21,29,1527,24,21,18,1214,1391,24,1449,1072,1176,1139,16,1351,1107,21,23,1522,24,24,24,1388,974,23,1085,846,873,981,26,1161,912,19,17,1529,21,22,47,1337,1098,25,1160,1003,1068,1025,27,1261,962,22,42,1488,24,32,30,1242,1039,27,1215,1357,960,949,33,1228,1020,30,43,1468,24,30,62,991,965,25,1005,1327,779,864,36,1101,909,27,65,1468,24,30,65,1019,881,29,1021,1158,806,1611,25,1150,997,35,61,freqmine
6182,4128,3984,4133,5091,4782,3866,4937,5125,4972,5318,4005,5849,5039,4107,4027,2039,22,10,14,800,688,11,840,881,932,980,11,1793,774,74,27,2020,66,39,47,931,843,42,881,978,1253,942,50,1816,816,53,43,2081,63,43,51,837,795,45,898,780,941,914,54,1815,772,64,52,2023,67,36,42,851,783,38,785,864,834,870,46,1805,723,70,35,1994,62,39,43,961,745,40,839,912,869,990,44,1801,1363,50,40,1961,57,43,50,999,750,44,894,922,910,867,47,1808,1083,61,47,1983,68,43,40,924,711,40,863,892,796,910,56,1807,1014,62,48,2048,58,34,36,1227,1569,36,1649,1397,1190,1285,51,1806,1316,50,35,2071,60,39,46,1040,1267,37,1486,1107,944,1192,53,1806,1124,60,39,2036,58,37,41,999,1144,34,1225,1061,1032,1106,48,1807,1020,64,38,2026,58,42,51,1151,777,46,865,798,785,979,54,1808,790,58,45,2056,70,34,40,1166,953,36,952,880,890,947,47,1801,843,69,43,2026,66,39,44,1093,813,45,1011,1253,872,930,50,1817,935,56,39,2063,101,45,57,905,695,51,823,1292,674,899,54,1814,836,87,54,2044,92,49,58,969,710,49,855,1119,720,1420,67,1820,890,90,54,freqmine
