From router 0 to router 0,From router 0 to router 1,From router 0 to router 2,From router 0 to router 3,From router 0 to router 4,From router 0 to router 5,From router 0 to router 6,From router 0 to router 7,From router 0 to router 8,From router 0 to router 9,From router 0 to router 10,From router 0 to router 11,From router 0 to router 12,From router 0 to router 13,From router 0 to router 14,From router 0 to router 15,From router 1 to router 0,From router 1 to router 1,From router 1 to router 2,From router 1 to router 3,From router 1 to router 4,From router 1 to router 5,From router 1 to router 6,From router 1 to router 7,From router 1 to router 8,From router 1 to router 9,From router 1 to router 10,From router 1 to router 11,From router 1 to router 12,From router 1 to router 13,From router 1 to router 14,From router 1 to router 15,From router 2 to router 0,From router 2 to router 1,From router 2 to router 2,From router 2 to router 3,From router 2 to router 4,From router 2 to router 5,From router 2 to router 6,From router 2 to router 7,From router 2 to router 8,From router 2 to router 9,From router 2 to router 10,From router 2 to router 11,From router 2 to router 12,From router 2 to router 13,From router 2 to router 14,From router 2 to router 15,From router 3 to router 0,From router 3 to router 1,From router 3 to router 2,From router 3 to router 3,From router 3 to router 4,From router 3 to router 5,From router 3 to router 6,From router 3 to router 7,From router 3 to router 8,From router 3 to router 9,From router 3 to router 10,From router 3 to router 11,From router 3 to router 12,From router 3 to router 13,From router 3 to router 14,From router 3 to router 15,From router 4 to router 0,From router 4 to router 1,From router 4 to router 2,From router 4 to router 3,From router 4 to router 4,From router 4 to router 5,From router 4 to router 6,From router 4 to router 7,From router 4 to router 8,From router 4 to router 9,From router 4 to router 10,From router 4 to router 11,From router 4 to router 12,From router 4 to router 13,From router 4 to router 14,From router 4 to router 15,From router 5 to router 0,From router 5 to router 1,From router 5 to router 2,From router 5 to router 3,From router 5 to router 4,From router 5 to router 5,From router 5 to router 6,From router 5 to router 7,From router 5 to router 8,From router 5 to router 9,From router 5 to router 10,From router 5 to router 11,From router 5 to router 12,From router 5 to router 13,From router 5 to router 14,From router 5 to router 15,From router 6 to router 0,From router 6 to router 1,From router 6 to router 2,From router 6 to router 3,From router 6 to router 4,From router 6 to router 5,From router 6 to router 6,From router 6 to router 7,From router 6 to router 8,From router 6 to router 9,From router 6 to router 10,From router 6 to router 11,From router 6 to router 12,From router 6 to router 13,From router 6 to router 14,From router 6 to router 15,From router 7 to router 0,From router 7 to router 1,From router 7 to router 2,From router 7 to router 3,From router 7 to router 4,From router 7 to router 5,From router 7 to router 6,From router 7 to router 7,From router 7 to router 8,From router 7 to router 9,From router 7 to router 10,From router 7 to router 11,From router 7 to router 12,From router 7 to router 13,From router 7 to router 14,From router 7 to router 15,From router 8 to router 0,From router 8 to router 1,From router 8 to router 2,From router 8 to router 3,From router 8 to router 4,From router 8 to router 5,From router 8 to router 6,From router 8 to router 7,From router 8 to router 8,From router 8 to router 9,From router 8 to router 10,From router 8 to router 11,From router 8 to router 12,From router 8 to router 13,From router 8 to router 14,From router 8 to router 15,From router 9 to router 0,From router 9 to router 1,From router 9 to router 2,From router 9 to router 3,From router 9 to router 4,From router 9 to router 5,From router 9 to router 6,From router 9 to router 7,From router 9 to router 8,From router 9 to router 9,From router 9 to router 10,From router 9 to router 11,From router 9 to router 12,From router 9 to router 13,From router 9 to router 14,From router 9 to router 15,From router 10 to router 0,From router 10 to router 1,From router 10 to router 2,From router 10 to router 3,From router 10 to router 4,From router 10 to router 5,From router 10 to router 6,From router 10 to router 7,From router 10 to router 8,From router 10 to router 9,From router 10 to router 10,From router 10 to router 11,From router 10 to router 12,From router 10 to router 13,From router 10 to router 14,From router 10 to router 15,From router 11 to router 0,From router 11 to router 1,From router 11 to router 2,From router 11 to router 3,From router 11 to router 4,From router 11 to router 5,From router 11 to router 6,From router 11 to router 7,From router 11 to router 8,From router 11 to router 9,From router 11 to router 10,From router 11 to router 11,From router 11 to router 12,From router 11 to router 13,From router 11 to router 14,From router 11 to router 15,From router 12 to router 0,From router 12 to router 1,From router 12 to router 2,From router 12 to router 3,From router 12 to router 4,From router 12 to router 5,From router 12 to router 6,From router 12 to router 7,From router 12 to router 8,From router 12 to router 9,From router 12 to router 10,From router 12 to router 11,From router 12 to router 12,From router 12 to router 13,From router 12 to router 14,From router 12 to router 15,From router 13 to router 0,From router 13 to router 1,From router 13 to router 2,From router 13 to router 3,From router 13 to router 4,From router 13 to router 5,From router 13 to router 6,From router 13 to router 7,From router 13 to router 8,From router 13 to router 9,From router 13 to router 10,From router 13 to router 11,From router 13 to router 12,From router 13 to router 13,From router 13 to router 14,From router 13 to router 15,From router 14 to router 0,From router 14 to router 1,From router 14 to router 2,From router 14 to router 3,From router 14 to router 4,From router 14 to router 5,From router 14 to router 6,From router 14 to router 7,From router 14 to router 8,From router 14 to router 9,From router 14 to router 10,From router 14 to router 11,From router 14 to router 12,From router 14 to router 13,From router 14 to router 14,From router 14 to router 15,From router 15 to router 0,From router 15 to router 1,From router 15 to router 2,From router 15 to router 3,From router 15 to router 4,From router 15 to router 5,From router 15 to router 6,From router 15 to router 7,From router 15 to router 8,From router 15 to router 9,From router 15 to router 10,From router 15 to router 11,From router 15 to router 12,From router 15 to router 13,From router 15 to router 14,From router 15 to router 15,Applications (Label Classes)
0.0,0.0,0.0,0.0,0.0,0.0,0.0,0.0,0.0,0.0,0.0,0.0,0.0,0.0,0.0,0.0,0.0,0.0,0.0,0.0,0.0,0.0,0.0,0.0,0.0,0.0,0.0,0.0,0.0,0.0,0.0,0.0,0.0,0.0,0.0,0.0,0.0,0.0,0.0,0.0,0.0,0.0,0.0,0.0,0.0,0.0,0.0,0.0,0.0,0.0,0.0,0.0,0.0,0.0,0.0,0.0,0.0,0.0,0.0,0.0,0.0,0.0,0.0,0.0,0.0,0.0,0.0,0.0,0.0,0.0,0.0,0.0,0.0,0.0,0.0,0.0,0.0,0.0,0.0,0.0,0.0,0.0,0.0,0.0,0.0,0.0,0.0,0.0,0.0,0.0,0.0,0.0,0.0,0.0,0.0,0.0,0.0,0.0,0.0,0.0,0.0,0.0,0.0,0.0,0.0,0.0,0.0,0.0,0.0,0.0,0.0,0.0,0.0,0.0,0.0,0.0,0.0,0.0,0.0,0.0,0.0,0.0,0.0,0.0,0.0,0.0,0.0,0.0,0.0,0.0,0.0,0.0,0.0,0.0,0.0,0.0,0.0,0.0,0.0,0.0,0.0,0.0,0.0,0.0,0.0,0.0,0.0,0.0,0.0,0.0,0.0,0.0,0.0,0.0,0.0,0.0,0.0,0.0,0.0,0.0,0.0,0.0,0.0,0.0,0.0,0.0,0.0,0.0,0.0,0.0,0.0,0.0,0.0,0.0,0.0,0.0,0.0,0.0,0.0,0.0,0.0,0.0,0.0,0.0,0.0,0.0,0.0,0.0,0.0,0.0,0.0,0.0,0.0,0.0,0.0,0.0,0.0,0.0,0.0,0.0,0.0,0.0,0.0,0.0,0.0,0.0,0.0,0.0,0.0,0.0,0.0,0.0,0.0,0.0,0.0,0.0,0.0,0.0,0.0,0.0,0.0,0.0,0.0,0.0,0.0,0.0,0.0,0.0,0.0,0.0,0.0,0.0,0.0,0.0,0.0,0.0,0.0,0.0,0.0,0.0,0.0,0.0,0.0,0.0,0.0,0.0,0.0,0.0,0.0,0.0,0.0,0.0,0.0,0.0,0.0,0.0,freqmine
586.0,373.0,342.0,440.0,4550.0,410.0,312.0,343.0,342.0,346.0,308.0,320.0,339.0,400.0,409.0,417.0,107.0,7.0,7.0,16.0,2695.0,16.0,5.0,6.0,3.0,7.0,4.0,5.0,6.0,10.0,7.0,12.0,99.0,3.0,3.0,16.0,2783.0,14.0,2.0,1.0,2.0,3.0,2.0,5.0,2.0,13.0,5.0,4.0,129.0,7.0,7.0,18.0,2957.0,44.0,6.0,7.0,5.0,3.0,3.0,5.0,10.0,20.0,19.0,14.0,122.0,7.0,7.0,37.0,2957.0,41.0,4.0,8.0,8.0,8.0,5.0,8.0,8.0,30.0,9.0,7.0,118.0,4.0,3.0,21.0,3402.0,18.0,11.0,4.0,2.0,2.0,4.0,3.0,13.0,32.0,19.0,10.0,74.0,5.0,4.0,22.0,3553.0,18.0,3.0,1.0,1.0,3.0,1.0,4.0,3.0,19.0,7.0,5.0,97.0,6.0,4.0,15.0,3332.0,15.0,4.0,1.0,2.0,1.0,2.0,4.0,4.0,18.0,5.0,6.0,105.0,3.0,2.0,15.0,3072.0,15.0,4.0,4.0,3.0,1.0,1.0,4.0,7.0,18.0,9.0,3.0,95.0,3.0,4.0,16.0,2653.0,15.0,2.0,2.0,1.0,2.0,3.0,3.0,4.0,29.0,6.0,7.0,73.0,4.0,3.0,17.0,3272.0,16.0,3.0,1.0,3.0,2.0,2.0,3.0,2.0,17.0,6.0,7.0,77.0,4.0,3.0,13.0,3559.0,13.0,5.0,6.0,4.0,4.0,3.0,5.0,5.0,15.0,6.0,6.0,89.0,4.0,5.0,41.0,3040.0,37.0,4.0,4.0,4.0,4.0,4.0,5.0,5.0,28.0,12.0,8.0,103.0,6.0,6.0,17.0,3254.0,17.0,5.0,3.0,3.0,4.0,2.0,3.0,3.0,18.0,13.0,5.0,127.0,5.0,9.0,58.0,3187.0,55.0,9.0,9.0,9.0,5.0,9.0,9.0,8.0,56.0,11.0,11.0,132.0,9.0,5.0,53.0,3961.0,43.0,4.0,5.0,4.0,5.0,4.0,8.0,5.0,32.0,9.0,4.0,freqmine
7630.0,2214.0,2137.0,2210.0,2184.0,2203.0,2114.0,2149.0,2164.0,2161.0,2088.0,2128.0,2131.0,2214.0,2204.0,2208.0,3251.0,27.0,30.0,42.0,32.0,30.0,30.0,29.0,26.0,30.0,28.0,32.0,24.0,34.0,28.0,28.0,3430.0,26.0,26.0,31.0,26.0,19.0,20.0,24.0,21.0,24.0,26.0,24.0,22.0,28.0,22.0,25.0,3237.0,23.0,24.0,35.0,31.0,30.0,29.0,21.0,26.0,35.0,26.0,36.0,30.0,39.0,28.0,32.0,3228.0,10.0,8.0,17.0,6.0,9.0,12.0,8.0,12.0,8.0,9.0,11.0,8.0,9.0,10.0,11.0,3591.0,22.0,26.0,33.0,24.0,18.0,25.0,21.0,15.0,27.0,25.0,26.0,22.0,32.0,22.0,20.0,3215.0,21.0,23.0,33.0,31.0,22.0,30.0,25.0,21.0,29.0,27.0,30.0,23.0,28.0,21.0,21.0,3202.0,25.0,24.0,31.0,28.0,24.0,24.0,19.0,23.0,27.0,22.0,31.0,27.0,31.0,22.0,25.0,3230.0,20.0,27.0,39.0,28.0,22.0,27.0,21.0,18.0,23.0,27.0,24.0,26.0,31.0,23.0,22.0,3204.0,20.0,27.0,41.0,26.0,29.0,31.0,21.0,25.0,33.0,27.0,27.0,31.0,32.0,31.0,23.0,3198.0,21.0,20.0,28.0,21.0,16.0,27.0,19.0,17.0,21.0,21.0,28.0,25.0,29.0,18.0,23.0,3208.0,21.0,21.0,27.0,26.0,18.0,19.0,22.0,17.0,19.0,23.0,23.0,23.0,25.0,23.0,22.0,3219.0,21.0,23.0,28.0,27.0,24.0,23.0,20.0,19.0,21.0,25.0,26.0,24.0,30.0,31.0,27.0,3326.0,25.0,26.0,30.0,29.0,21.0,25.0,24.0,19.0,27.0,23.0,24.0,26.0,32.0,33.0,27.0,3282.0,24.0,26.0,34.0,36.0,24.0,24.0,22.0,20.0,25.0,25.0,27.0,33.0,32.0,35.0,31.0,4307.0,25.0,26.0,42.0,35.0,25.0,26.0,20.0,26.0,29.0,24.0,31.0,33.0,34.0,40.0,36.0,freqmine
7273.0,2099.0,1996.0,2093.0,2064.0,2076.0,1982.0,2014.0,2036.0,2032.0,1961.0,1994.0,2020.0,2069.0,2060.0,2065.0,3045.0,38.0,22.0,28.0,17.0,23.0,17.0,22.0,24.0,20.0,15.0,21.0,22.0,28.0,30.0,30.0,3295.0,36.0,22.0,28.0,16.0,21.0,19.0,21.0,22.0,19.0,12.0,20.0,20.0,21.0,29.0,27.0,3060.0,41.0,28.0,25.0,22.0,25.0,22.0,28.0,30.0,23.0,23.0,24.0,29.0,26.0,34.0,32.0,3063.0,24.0,6.0,18.0,9.0,14.0,6.0,10.0,8.0,9.0,4.0,7.0,9.0,13.0,13.0,15.0,3423.0,40.0,22.0,27.0,20.0,22.0,24.0,22.0,25.0,20.0,14.0,19.0,21.0,27.0,32.0,30.0,3054.0,35.0,20.0,23.0,16.0,22.0,16.0,20.0,20.0,19.0,15.0,17.0,20.0,22.0,27.0,24.0,3015.0,37.0,20.0,23.0,16.0,21.0,17.0,21.0,22.0,18.0,13.0,18.0,20.0,22.0,28.0,25.0,3046.0,39.0,22.0,27.0,15.0,21.0,22.0,21.0,22.0,21.0,16.0,20.0,23.0,29.0,30.0,27.0,3036.0,43.0,20.0,22.0,16.0,21.0,20.0,21.0,20.0,19.0,17.0,19.0,19.0,26.0,28.0,27.0,3021.0,34.0,19.0,22.0,14.0,20.0,16.0,20.0,20.0,21.0,12.0,17.0,19.0,24.0,29.0,25.0,3030.0,30.0,22.0,23.0,18.0,22.0,17.0,23.0,21.0,20.0,17.0,17.0,21.0,25.0,30.0,29.0,3069.0,28.0,21.0,23.0,14.0,20.0,16.0,21.0,19.0,18.0,15.0,18.0,19.0,24.0,29.0,27.0,3214.0,35.0,23.0,26.0,19.0,24.0,20.0,24.0,26.0,21.0,20.0,23.0,27.0,29.0,34.0,33.0,3121.0,27.0,23.0,26.0,18.0,25.0,20.0,24.0,24.0,21.0,19.0,21.0,23.0,25.0,31.0,29.0,4257.0,37.0,23.0,24.0,19.0,24.0,19.0,23.0,23.0,21.0,17.0,20.0,25.0,26.0,31.0,29.0,freqmine
8061.0,2445.0,2350.0,2428.0,2418.0,2446.0,2335.0,2376.0,2382.0,2383.0,2304.0,2360.0,2368.0,2415.0,2432.0,2431.0,3578.0,14.0,22.0,17.0,13.0,21.0,13.0,16.0,14.0,18.0,14.0,15.0,16.0,24.0,20.0,21.0,3737.0,13.0,10.0,14.0,10.0,14.0,10.0,12.0,10.0,12.0,7.0,12.0,12.0,14.0,16.0,20.0,3586.0,14.0,13.0,16.0,17.0,18.0,16.0,15.0,14.0,16.0,12.0,18.0,14.0,15.0,18.0,20.0,3599.0,10.0,10.0,12.0,7.0,10.0,10.0,9.0,10.0,8.0,10.0,8.0,10.0,9.0,11.0,8.0,3934.0,15.0,10.0,14.0,13.0,17.0,12.0,17.0,12.0,15.0,11.0,13.0,14.0,14.0,15.0,17.0,3584.0,9.0,7.0,11.0,8.0,14.0,8.0,10.0,6.0,10.0,7.0,10.0,10.0,11.0,15.0,15.0,3552.0,12.0,10.0,12.0,10.0,14.0,12.0,13.0,10.0,12.0,9.0,11.0,14.0,14.0,17.0,18.0,3555.0,9.0,8.0,12.0,10.0,13.0,12.0,15.0,8.0,10.0,8.0,9.0,14.0,13.0,13.0,15.0,3546.0,10.0,10.0,13.0,9.0,15.0,9.0,13.0,10.0,12.0,9.0,11.0,13.0,13.0,14.0,16.0,3759.0,10.0,6.0,10.0,8.0,10.0,6.0,8.0,7.0,8.0,6.0,6.0,9.0,9.0,11.0,13.0,3552.0,8.0,6.0,10.0,6.0,11.0,5.0,7.0,6.0,9.0,4.0,8.0,8.0,10.0,11.0,11.0,3577.0,12.0,12.0,14.0,12.0,17.0,10.0,14.0,17.0,15.0,12.0,12.0,14.0,16.0,16.0,19.0,3640.0,14.0,9.0,12.0,11.0,16.0,8.0,12.0,11.0,12.0,9.0,10.0,13.0,13.0,15.0,17.0,3583.0,15.0,13.0,16.0,15.0,18.0,12.0,16.0,13.0,15.0,14.0,15.0,16.0,18.0,18.0,18.0,4476.0,15.0,14.0,17.0,15.0,18.0,13.0,15.0,12.0,14.0,12.0,14.0,14.0,16.0,16.0,21.0,freqmine
10823.0,6886.0,7310.0,7223.0,5727.0,6880.0,6723.0,6798.0,7942.0,7668.0,7452.0,6963.0,7469.0,7176.0,6844.0,6502.0,4235.0,1131.0,1190.0,1244.0,70.0,1255.0,1110.0,1175.0,1249.0,1564.0,1169.0,1239.0,1377.0,1414.0,1999.0,1423.0,4540.0,1325.0,1281.0,1245.0,58.0,1355.0,1276.0,1261.0,1315.0,1956.0,1341.0,1275.0,1431.0,1267.0,1556.0,1794.0,4932.0,1892.0,1169.0,1107.0,55.0,1308.0,1211.0,1271.0,1236.0,1563.0,1263.0,1156.0,1259.0,1312.0,1318.0,1502.0,4479.0,1840.0,1216.0,1217.0,34.0,1364.0,1379.0,1298.0,1301.0,1671.0,1362.0,1411.0,1339.0,1224.0,1370.0,1345.0,4422.0,1819.0,2442.0,1425.0,51.0,1554.0,1477.0,1741.0,1497.0,1727.0,1665.0,1559.0,1723.0,1530.0,1655.0,1663.0,4270.0,1549.0,1788.0,2176.0,56.0,1443.0,1459.0,1514.0,1458.0,1638.0,1566.0,1632.0,1634.0,1426.0,1427.0,1603.0,5367.0,1432.0,1467.0,1942.0,54.0,1309.0,1218.0,1362.0,1518.0,1471.0,1355.0,1333.0,1467.0,1350.0,1273.0,1327.0,5194.0,2225.0,2141.0,2476.0,57.0,2905.0,2093.0,2198.0,3008.0,2134.0,1995.0,2040.0,2334.0,2051.0,2113.0,2051.0,4755.0,1485.0,1618.0,1788.0,55.0,2187.0,1413.0,1441.0,1842.0,1534.0,1484.0,1535.0,1632.0,1694.0,1514.0,1487.0,4650.0,1427.0,1594.0,1534.0,48.0,1799.0,2221.0,1437.0,1665.0,1552.0,2112.0,1489.0,1442.0,1500.0,1512.0,1529.0,4429.0,1362.0,1196.0,1204.0,50.0,1354.0,1420.0,1877.0,1308.0,1277.0,1454.0,1095.0,1168.0,1167.0,1238.0,1299.0,4380.0,1263.0,1289.0,1252.0,50.0,1352.0,1414.0,1770.0,1476.0,1542.0,1476.0,2143.0,1192.0,1186.0,1291.0,1529.0,4376.0,1380.0,1417.0,1221.0,57.0,1300.0,1224.0,1550.0,1276.0,1350.0,1280.0,1644.0,1639.0,1311.0,1273.0,1349.0,4106.0,1220.0,1253.0,1227.0,58.0,1236.0,1284.0,1313.0,1193.0,1203.0,1287.0,1452.0,1808.0,1206.0,1288.0,1159.0,4299.0,1273.0,1511.0,1389.0,60.0,1372.0,1229.0,1479.0,1372.0,1410.0,1441.0,1409.0,1868.0,2214.0,1349.0,1328.0,freqmine
10877.0,7309.0,7597.0,7735.0,5924.0,7265.0,7142.0,7138.0,8013.0,8017.0,7779.0,7495.0,7688.0,7651.0,7316.0,6854.0,4261.0,1332.0,1272.0,1483.0,53.0,1462.0,1306.0,1344.0,1421.0,1807.0,1382.0,1550.0,1534.0,1574.0,2579.0,1840.0,4514.0,1583.0,1494.0,1532.0,40.0,1478.0,1496.0,1503.0,1527.0,2302.0,1535.0,1465.0,1634.0,1553.0,2006.0,2525.0,5144.0,2252.0,1331.0,1355.0,44.0,1422.0,1321.0,1446.0,1435.0,1825.0,1470.0,1392.0,1436.0,1485.0,1627.0,1813.0,4627.0,2013.0,1333.0,1451.0,23.0,1496.0,1530.0,1496.0,1567.0,1889.0,1723.0,1552.0,1456.0,1434.0,1457.0,1643.0,4422.0,1987.0,2900.0,1769.0,45.0,1701.0,1833.0,2039.0,1725.0,1950.0,2019.0,1748.0,1772.0,1777.0,2010.0,1856.0,4336.0,1710.0,2016.0,2333.0,42.0,1674.0,1778.0,1856.0,1606.0,2021.0,1847.0,1852.0,1701.0,1678.0,1872.0,1925.0,5553.0,1776.0,1652.0,2298.0,46.0,1444.0,1421.0,1548.0,1638.0,1649.0,1523.0,1554.0,1615.0,1677.0,1649.0,1559.0,5160.0,2571.0,2517.0,2802.0,48.0,3306.0,2567.0,2539.0,3353.0,2598.0,2529.0,2426.0,2501.0,2677.0,2829.0,2596.0,4794.0,1748.0,1774.0,1983.0,42.0,2528.0,1676.0,1748.0,2313.0,1847.0,1694.0,1662.0,1626.0,1916.0,2035.0,1774.0,4427.0,1649.0,1777.0,1792.0,42.0,1969.0,2712.0,1664.0,1915.0,1868.0,2559.0,1583.0,1591.0,1660.0,1966.0,1838.0,4340.0,1351.0,1359.0,1422.0,33.0,1378.0,1635.0,2329.0,1437.0,1424.0,1766.0,1343.0,1432.0,1430.0,1569.0,1389.0,4287.0,1478.0,1525.0,1543.0,36.0,1584.0,1764.0,2230.0,1673.0,1667.0,1800.0,2384.0,1505.0,1338.0,1667.0,1722.0,4418.0,1647.0,1568.0,1445.0,44.0,1478.0,1493.0,1867.0,1534.0,1499.0,1551.0,1828.0,1887.0,1451.0,1616.0,1574.0,4094.0,1382.0,1350.0,1422.0,48.0,1382.0,1564.0,1398.0,1484.0,1361.0,1517.0,1556.0,1957.0,1368.0,1629.0,1423.0,4146.0,1530.0,1686.0,1591.0,47.0,1506.0,1531.0,1760.0,1573.0,1561.0,1756.0,1631.0,2016.0,2594.0,1762.0,1629.0,freqmine
10232.0,6752.0,7149.0,6834.0,5446.0,6778.0,6581.0,6638.0,7760.0,7258.0,7262.0,6832.0,6989.0,7182.0,6562.0,6321.0,4065.0,1225.0,1355.0,1228.0,66.0,1183.0,1237.0,1362.0,1576.0,1569.0,1232.0,1284.0,1371.0,1535.0,1953.0,1448.0,4194.0,1500.0,1446.0,1232.0,55.0,1413.0,1418.0,1455.0,1807.0,2122.0,1415.0,1374.0,1406.0,1500.0,1518.0,1937.0,4634.0,2028.0,1380.0,1140.0,62.0,1288.0,1282.0,1421.0,1755.0,1626.0,1321.0,1202.0,1120.0,1457.0,1437.0,1420.0,4160.0,1871.0,1478.0,1124.0,31.0,1409.0,1411.0,1394.0,1768.0,1695.0,1426.0,1410.0,1236.0,1414.0,1379.0,1330.0,4222.0,1959.0,2701.0,1376.0,61.0,1477.0,1547.0,2008.0,1968.0,1763.0,1729.0,1542.0,1493.0,1692.0,1659.0,1602.0,4021.0,1615.0,2060.0,1908.0,51.0,1458.0,1706.0,1763.0,1814.0,1793.0,1602.0,1643.0,1432.0,1697.0,1554.0,1489.0,4879.0,1560.0,1693.0,1805.0,53.0,1292.0,1340.0,1515.0,1787.0,1442.0,1438.0,1409.0,1311.0,1552.0,1417.0,1200.0,4712.0,2427.0,2407.0,2451.0,93.0,2878.0,2253.0,2361.0,3421.0,2320.0,2385.0,2142.0,2242.0,2338.0,2377.0,1997.0,4377.0,1584.0,1773.0,1671.0,51.0,2132.0,1523.0,1580.0,2199.0,1603.0,1573.0,1443.0,1477.0,1742.0,1610.0,1419.0,4260.0,1577.0,1874.0,1524.0,53.0,1689.0,2611.0,1540.0,1892.0,1718.0,2208.0,1492.0,1427.0,1638.0,1558.0,1488.0,3982.0,1306.0,1435.0,1186.0,52.0,1296.0,1509.0,2094.0,1506.0,1380.0,1764.0,1244.0,1097.0,1321.0,1312.0,1201.0,3937.0,1463.0,1430.0,1290.0,49.0,1404.0,1584.0,1981.0,1858.0,1515.0,1621.0,2141.0,1249.0,1330.0,1387.0,1481.0,4079.0,1634.0,1535.0,1202.0,59.0,1372.0,1368.0,1632.0,1696.0,1432.0,1426.0,1648.0,1680.0,1352.0,1249.0,1300.0,3936.0,1362.0,1390.0,1183.0,51.0,1255.0,1463.0,1372.0,1705.0,1222.0,1520.0,1386.0,1723.0,1406.0,1373.0,1203.0,4054.0,1565.0,1613.0,1259.0,66.0,1485.0,1448.0,1691.0,1834.0,1524.0,1658.0,1513.0,1776.0,2385.0,1403.0,1298.0,freqmine
7933.0,5696.0,5808.0,5626.0,4400.0,5404.0,5142.0,5673.0,5775.0,5718.0,5366.0,5450.0,5448.0,5802.0,5589.0,5240.0,3077.0,1132.0,1162.0,1041.0,84.0,989.0,903.0,1210.0,1040.0,1388.0,803.0,1250.0,1013.0,1318.0,1861.0,1269.0,3243.0,1343.0,1218.0,1115.0,66.0,1096.0,1166.0,1314.0,1187.0,1860.0,942.0,1263.0,1083.0,1266.0,1527.0,1647.0,3629.0,1776.0,1137.0,984.0,62.0,1102.0,1015.0,1396.0,1006.0,1496.0,842.0,1164.0,908.0,1218.0,1373.0,1357.0,3320.0,1613.0,1170.0,1045.0,31.0,1082.0,1131.0,1496.0,1115.0,1490.0,909.0,1370.0,939.0,1181.0,1310.0,1232.0,3257.0,1721.0,2203.0,1269.0,67.0,1156.0,1246.0,1877.0,1265.0,1591.0,1114.0,1544.0,1228.0,1437.0,1585.0,1411.0,2986.0,1394.0,1558.0,1646.0,61.0,1124.0,1186.0,1477.0,1187.0,1456.0,1019.0,1505.0,1144.0,1233.0,1391.0,1370.0,3665.0,1429.0,1400.0,1576.0,78.0,1025.0,1006.0,1360.0,1151.0,1275.0,1018.0,1326.0,1123.0,1296.0,1244.0,1159.0,3654.0,2019.0,1987.0,1938.0,79.0,2131.0,1458.0,1869.0,2240.0,2128.0,1449.0,2002.0,1609.0,1863.0,2031.0,1650.0,3269.0,1471.0,1367.0,1311.0,68.0,1541.0,1114.0,1327.0,1502.0,1321.0,977.0,1449.0,1105.0,1519.0,1522.0,1267.0,3177.0,1416.0,1487.0,1223.0,74.0,1399.0,1619.0,1384.0,1435.0,1345.0,1320.0,1391.0,1098.0,1345.0,1491.0,1298.0,2960.0,1281.0,1183.0,982.0,62.0,993.0,1063.0,1606.0,1041.0,1102.0,1032.0,1125.0,885.0,1156.0,1320.0,990.0,3012.0,1263.0,1188.0,1110.0,60.0,1122.0,1127.0,1612.0,1233.0,1292.0,1036.0,1840.0,954.0,1092.0,1323.0,1300.0,3091.0,1329.0,1267.0,1053.0,63.0,1137.0,995.0,1411.0,1162.0,1243.0,880.0,1525.0,1218.0,1117.0,1296.0,1175.0,3129.0,1245.0,1229.0,1124.0,57.0,1032.0,1035.0,1354.0,1100.0,1146.0,984.0,1365.0,1270.0,1171.0,1243.0,1175.0,3098.0,1405.0,1384.0,1354.0,65.0,1177.0,1132.0,1683.0,1199.0,1419.0,1103.0,1455.0,1422.0,2005.0,1404.0,1233.0,freqmine
4572.0,4155.0,4251.0,3145.0,3013.0,3062.0,2618.0,4280.0,4366.0,4330.0,2952.0,4193.0,2915.0,4410.0,4103.0,2916.0,1667.0,1128.0,1109.0,166.0,55.0,207.0,47.0,1375.0,1206.0,1477.0,85.0,1320.0,126.0,1308.0,2077.0,167.0,1741.0,1331.0,1293.0,172.0,51.0,227.0,44.0,1587.0,1380.0,2021.0,91.0,1453.0,138.0,1347.0,1665.0,191.0,1872.0,1973.0,1246.0,186.0,56.0,260.0,58.0,2161.0,1306.0,1533.0,99.0,1250.0,167.0,1345.0,1418.0,218.0,1810.0,1881.0,1197.0,153.0,16.0,212.0,27.0,2002.0,1307.0,1633.0,83.0,1456.0,106.0,1310.0,1293.0,166.0,1823.0,1843.0,2460.0,206.0,70.0,291.0,57.0,2132.0,1616.0,1702.0,99.0,1639.0,182.0,1580.0,1791.0,242.0,1650.0,1507.0,1737.0,158.0,53.0,228.0,45.0,1761.0,1392.0,1722.0,95.0,1594.0,134.0,1378.0,1605.0,188.0,1716.0,1555.0,1507.0,143.0,49.0,210.0,44.0,1681.0,1372.0,1365.0,85.0,1467.0,134.0,1432.0,1400.0,169.0,1823.0,2308.0,2133.0,144.0,43.0,223.0,36.0,2552.0,3154.0,2172.0,80.0,2054.0,145.0,2047.0,2303.0,185.0,1792.0,1578.0,1575.0,132.0,54.0,184.0,44.0,1699.0,1989.0,1556.0,77.0,1465.0,106.0,1618.0,1708.0,157.0,1732.0,1560.0,1609.0,181.0,46.0,210.0,44.0,1671.0,1821.0,1660.0,85.0,1518.0,156.0,1476.0,1698.0,188.0,1668.0,1223.0,1163.0,127.0,45.0,187.0,33.0,1646.0,1373.0,1307.0,78.0,1100.0,111.0,1137.0,1347.0,185.0,1680.0,1302.0,1351.0,165.0,54.0,213.0,50.0,1502.0,1563.0,1445.0,112.0,2118.0,119.0,1246.0,1349.0,236.0,1678.0,1553.0,1370.0,158.0,59.0,214.0,41.0,1686.0,1406.0,1318.0,98.0,1688.0,134.0,1253.0,1383.0,184.0,1685.0,1283.0,1277.0,161.0,55.0,220.0,41.0,1567.0,1314.0,1215.0,128.0,1486.0,127.0,1198.0,1365.0,181.0,1724.0,1464.0,1481.0,260.0,57.0,274.0,63.0,1698.0,1364.0,1397.0,147.0,1479.0,194.0,2187.0,1435.0,239.0,freqmine
6068.0,5721.0,5468.0,4132.0,4054.0,3913.0,3805.0,5334.0,5771.0,5619.0,4029.0,5525.0,4049.0,5804.0,5474.0,3914.0,2071.0,1715.0,1194.0,75.0,62.0,64.0,67.0,1371.0,1312.0,1698.0,61.0,1310.0,73.0,1456.0,2416.0,72.0,2062.0,1753.0,1296.0,58.0,54.0,54.0,53.0,1478.0,1661.0,2524.0,52.0,1417.0,63.0,1551.0,1948.0,66.0,2124.0,1989.0,1223.0,73.0,60.0,68.0,68.0,2141.0,1428.0,1803.0,56.0,1274.0,68.0,1512.0,1540.0,75.0,2052.0,1898.0,1290.0,22.0,20.0,23.0,19.0,1956.0,1480.0,1831.0,18.0,1572.0,20.0,1443.0,1497.0,24.0,2020.0,1930.0,2760.0,74.0,67.0,71.0,65.0,2112.0,1778.0,1808.0,61.0,1650.0,72.0,1689.0,1942.0,73.0,1946.0,1836.0,1963.0,70.0,47.0,59.0,56.0,1712.0,1680.0,1832.0,51.0,1753.0,62.0,1602.0,1754.0,67.0,1973.0,1816.0,1661.0,71.0,61.0,63.0,65.0,1719.0,1742.0,1489.0,62.0,1595.0,69.0,1647.0,1589.0,74.0,2120.0,2141.0,2533.0,57.0,50.0,54.0,41.0,2571.0,3454.0,2605.0,55.0,2363.0,53.0,2519.0,2510.0,58.0,2140.0,1790.0,1834.0,72.0,60.0,65.0,61.0,1640.0,2166.0,1767.0,61.0,1693.0,67.0,1851.0,1880.0,71.0,2070.0,1838.0,1690.0,59.0,51.0,58.0,59.0,1532.0,1896.0,1823.0,49.0,1645.0,68.0,1672.0,1910.0,67.0,1992.0,1729.0,1208.0,62.0,53.0,53.0,52.0,1535.0,1488.0,1300.0,52.0,1266.0,61.0,1294.0,1593.0,63.0,2086.0,1785.0,1349.0,66.0,51.0,64.0,61.0,1520.0,1750.0,1686.0,65.0,2291.0,62.0,1458.0,1543.0,70.0,2028.0,1807.0,1488.0,66.0,58.0,58.0,59.0,1664.0,1438.0,1504.0,62.0,1753.0,64.0,1453.0,1516.0,68.0,2041.0,1732.0,1231.0,65.0,58.0,62.0,56.0,1450.0,1359.0,1261.0,62.0,1481.0,62.0,1404.0,1456.0,67.0,2035.0,1797.0,1483.0,78.0,57.0,62.0,66.0,1530.0,1520.0,1416.0,67.0,1517.0,72.0,2554.0,1588.0,74.0,freqmine
4667.0,4916.0,3574.0,3104.0,3069.0,3012.0,2898.0,3746.0,3702.0,3747.0,3022.0,3600.0,3040.0,3818.0,3618.0,3000.0,1578.0,1837.0,416.0,42.0,44.0,44.0,46.0,707.0,577.0,717.0,37.0,504.0,39.0,619.0,931.0,42.0,1553.0,1834.0,501.0,32.0,37.0,43.0,34.0,783.0,713.0,968.0,33.0,596.0,35.0,623.0,759.0,35.0,1576.0,1829.0,453.0,33.0,36.0,39.0,29.0,1124.0,626.0,762.0,29.0,507.0,28.0,594.0,610.0,36.0,1540.0,1824.0,473.0,20.0,18.0,24.0,21.0,908.0,662.0,799.0,18.0,594.0,18.0,580.0,603.0,19.0,1533.0,1839.0,1030.0,39.0,42.0,42.0,34.0,1073.0,669.0,864.0,31.0,650.0,32.0,713.0,737.0,39.0,1464.0,1829.0,732.0,30.0,35.0,32.0,29.0,852.0,664.0,848.0,28.0,675.0,25.0,623.0,664.0,32.0,1515.0,1839.0,616.0,32.0,44.0,39.0,31.0,834.0,644.0,722.0,38.0,627.0,36.0,666.0,621.0,33.0,1567.0,1842.0,838.0,40.0,38.0,41.0,34.0,1313.0,1404.0,1152.0,42.0,943.0,39.0,1003.0,1112.0,39.0,1567.0,1848.0,654.0,36.0,43.0,41.0,33.0,864.0,910.0,838.0,35.0,665.0,37.0,767.0,754.0,36.0,1529.0,1834.0,624.0,33.0,38.0,36.0,30.0,901.0,774.0,828.0,28.0,595.0,29.0,735.0,758.0,33.0,1511.0,1836.0,455.0,29.0,37.0,38.0,27.0,741.0,615.0,600.0,34.0,477.0,29.0,553.0,605.0,35.0,1541.0,1831.0,478.0,32.0,35.0,32.0,28.0,756.0,700.0,737.0,28.0,967.0,27.0,561.0,623.0,31.0,1535.0,1846.0,545.0,36.0,46.0,44.0,31.0,870.0,616.0,693.0,37.0,725.0,40.0,575.0,616.0,36.0,1534.0,1844.0,464.0,38.0,44.0,44.0,31.0,752.0,577.0,594.0,38.0,589.0,38.0,528.0,580.0,36.0,1522.0,1834.0,540.0,34.0,34.0,35.0,26.0,794.0,591.0,725.0,28.0,577.0,27.0,1025.0,597.0,31.0,freqmine
663.0,420.0,415.0,468.0,4755.0,455.0,401.0,408.0,420.0,408.0,370.0,399.0,404.0,429.0,433.0,449.0,179.0,5.0,10.0,11.0,2506.0,9.0,7.0,3.0,8.0,3.0,5.0,4.0,3.0,14.0,7.0,6.0,171.0,6.0,3.0,4.0,2869.0,3.0,2.0,2.0,5.0,2.0,1.0,3.0,1.0,3.0,5.0,4.0,204.0,8.0,6.0,8.0,2929.0,13.0,5.0,2.0,4.0,5.0,2.0,5.0,3.0,9.0,11.0,4.0,206.0,3.0,8.0,15.0,2902.0,8.0,4.0,4.0,5.0,2.0,6.0,5.0,4.0,17.0,5.0,6.0,197.0,4.0,6.0,14.0,3484.0,12.0,9.0,2.0,6.0,5.0,3.0,4.0,6.0,12.0,18.0,5.0,166.0,1.0,3.0,8.0,3368.0,8.0,3.0,2.0,4.0,2.0,2.0,4.0,2.0,5.0,3.0,3.0,175.0,3.0,2.0,11.0,3290.0,12.0,3.0,4.0,4.0,2.0,4.0,2.0,1.0,8.0,4.0,4.0,186.0,5.0,5.0,8.0,3021.0,6.0,7.0,0.0,3.0,5.0,2.0,5.0,5.0,4.0,6.0,5.0,168.0,6.0,4.0,16.0,2707.0,11.0,3.0,3.0,5.0,3.0,1.0,6.0,1.0,11.0,3.0,2.0,148.0,2.0,3.0,9.0,3122.0,7.0,4.0,4.0,3.0,5.0,2.0,4.0,1.0,7.0,4.0,2.0,163.0,3.0,4.0,7.0,3448.0,5.0,2.0,1.0,4.0,3.0,1.0,3.0,2.0,4.0,4.0,1.0,158.0,4.0,4.0,7.0,3245.0,6.0,4.0,2.0,4.0,2.0,1.0,5.0,2.0,7.0,4.0,5.0,180.0,8.0,4.0,11.0,3062.0,8.0,4.0,6.0,5.0,3.0,5.0,6.0,6.0,4.0,11.0,14.0,177.0,10.0,6.0,10.0,3069.0,9.0,4.0,3.0,4.0,6.0,4.0,5.0,5.0,6.0,8.0,6.0,182.0,7.0,3.0,12.0,3807.0,11.0,4.0,5.0,5.0,6.0,4.0,3.0,3.0,9.0,5.0,6.0,freqmine
3691.0,4038.0,2705.0,2509.0,2354.0,2369.0,2174.0,2622.0,2571.0,2779.0,2244.0,2663.0,2285.0,2867.0,2701.0,2359.0,1204.0,1661.0,320.0,32.0,22.0,38.0,22.0,419.0,170.0,442.0,26.0,386.0,22.0,438.0,601.0,34.0,1176.0,1691.0,358.0,45.0,22.0,32.0,24.0,459.0,160.0,605.0,26.0,437.0,18.0,452.0,525.0,33.0,1268.0,1922.0,369.0,38.0,22.0,37.0,17.0,728.0,183.0,429.0,26.0,409.0,18.0,492.0,425.0,31.0,1196.0,1864.0,354.0,17.0,8.0,15.0,5.0,564.0,138.0,459.0,5.0,438.0,6.0,404.0,391.0,16.0,1209.0,1855.0,714.0,40.0,20.0,39.0,20.0,642.0,195.0,470.0,27.0,488.0,19.0,490.0,562.0,32.0,1104.0,1712.0,563.0,33.0,17.0,31.0,15.0,515.0,120.0,469.0,23.0,502.0,16.0,400.0,415.0,28.0,1101.0,1778.0,421.0,37.0,22.0,35.0,21.0,505.0,137.0,360.0,30.0,468.0,26.0,473.0,373.0,33.0,1229.0,2049.0,632.0,39.0,32.0,44.0,21.0,785.0,192.0,742.0,37.0,717.0,26.0,703.0,718.0,47.0,1205.0,1785.0,470.0,37.0,23.0,33.0,23.0,488.0,133.0,475.0,30.0,443.0,26.0,484.0,485.0,37.0,1136.0,1800.0,467.0,27.0,15.0,26.0,12.0,465.0,134.0,495.0,22.0,410.0,15.0,448.0,479.0,23.0,1124.0,1735.0,328.0,41.0,24.0,34.0,17.0,448.0,132.0,374.0,28.0,398.0,23.0,354.0,375.0,37.0,1162.0,1722.0,353.0,30.0,19.0,28.0,14.0,412.0,130.0,434.0,22.0,677.0,15.0,390.0,393.0,28.0,1193.0,1775.0,402.0,44.0,25.0,40.0,24.0,474.0,153.0,416.0,33.0,523.0,27.0,388.0,390.0,43.0,1171.0,1644.0,348.0,46.0,28.0,36.0,28.0,454.0,163.0,382.0,37.0,427.0,33.0,386.0,394.0,40.0,1189.0,1694.0,388.0,40.0,20.0,34.0,18.0,530.0,171.0,418.0,26.0,466.0,18.0,714.0,474.0,35.0,freqmine
2503.0,2840.0,2423.0,1727.0,1748.0,1645.0,1492.0,2154.0,1723.0,2871.0,1598.0,2575.0,1594.0,2986.0,2675.0,1569.0,818.0,1142.0,582.0,15.0,16.0,21.0,12.0,463.0,21.0,981.0,15.0,793.0,11.0,1010.0,1369.0,20.0,831.0,1357.0,716.0,18.0,16.0,16.0,12.0,480.0,34.0,1451.0,11.0,999.0,11.0,995.0,1203.0,12.0,873.0,1989.0,635.0,14.0,17.0,13.0,12.0,691.0,25.0,1120.0,8.0,768.0,13.0,1038.0,1002.0,17.0,892.0,1897.0,621.0,13.0,13.0,13.0,8.0,596.0,31.0,1184.0,9.0,913.0,9.0,986.0,983.0,17.0,838.0,1819.0,1264.0,16.0,16.0,16.0,9.0,690.0,34.0,1235.0,10.0,989.0,9.0,1207.0,1224.0,23.0,753.0,1475.0,818.0,8.0,10.0,6.0,2.0,498.0,21.0,1108.0,6.0,942.0,4.0,999.0,958.0,8.0,817.0,1674.0,739.0,10.0,21.0,21.0,11.0,512.0,36.0,938.0,12.0,888.0,9.0,1021.0,996.0,18.0,880.0,2544.0,1041.0,19.0,20.0,16.0,14.0,795.0,39.0,1435.0,16.0,1354.0,16.0,1492.0,1613.0,20.0,886.0,1676.0,748.0,11.0,16.0,20.0,18.0,524.0,39.0,1115.0,17.0,947.0,16.0,1115.0,1251.0,14.0,810.0,1660.0,767.0,6.0,11.0,8.0,6.0,488.0,19.0,1136.0,7.0,895.0,7.0,1093.0,1142.0,8.0,786.0,1143.0,592.0,11.0,17.0,17.0,8.0,491.0,21.0,1027.0,11.0,699.0,6.0,840.0,963.0,15.0,805.0,1351.0,610.0,7.0,11.0,9.0,5.0,473.0,22.0,1030.0,8.0,1210.0,7.0,873.0,983.0,11.0,822.0,1476.0,718.0,12.0,21.0,17.0,9.0,516.0,28.0,1006.0,13.0,1102.0,10.0,1003.0,952.0,12.0,787.0,1289.0,610.0,11.0,20.0,15.0,11.0,474.0,27.0,890.0,18.0,931.0,14.0,921.0,960.0,16.0,796.0,1440.0,747.0,17.0,16.0,15.0,9.0,509.0,32.0,1073.0,9.0,1000.0,10.0,1603.0,1013.0,18.0,freqmine
4440.0,2064.0,1509.0,1575.0,1483.0,1494.0,1438.0,1548.0,1528.0,1499.0,1444.0,1448.0,1499.0,1489.0,1547.0,1507.0,2313.0,537.0,90.0,86.0,46.0,77.0,70.0,109.0,60.0,80.0,65.0,84.0,80.0,84.0,86.0,74.0,2650.0,654.0,47.0,66.0,24.0,53.0,70.0,59.0,39.0,64.0,49.0,57.0,71.0,57.0,65.0,62.0,2287.0,934.0,59.0,56.0,24.0,57.0,72.0,86.0,46.0,72.0,51.0,63.0,60.0,83.0,75.0,64.0,2334.0,847.0,60.0,60.0,12.0,42.0,51.0,79.0,44.0,62.0,54.0,64.0,47.0,68.0,64.0,52.0,2400.0,873.0,73.0,66.0,21.0,55.0,59.0,98.0,77.0,94.0,59.0,81.0,63.0,85.0,81.0,73.0,2326.0,707.0,52.0,47.0,24.0,47.0,45.0,70.0,41.0,55.0,64.0,52.0,55.0,63.0,62.0,55.0,2317.0,715.0,50.0,72.0,28.0,50.0,57.0,68.0,40.0,49.0,66.0,67.0,68.0,58.0,58.0,61.0,2430.0,1131.0,59.0,59.0,24.0,51.0,60.0,79.0,49.0,53.0,55.0,73.0,74.0,59.0,76.0,63.0,2212.0,741.0,51.0,59.0,29.0,44.0,48.0,59.0,41.0,62.0,38.0,60.0,57.0,69.0,71.0,60.0,2313.0,736.0,47.0,55.0,19.0,41.0,75.0,75.0,38.0,61.0,49.0,48.0,69.0,67.0,81.0,67.0,2201.0,581.0,34.0,61.0,24.0,39.0,41.0,56.0,31.0,35.0,59.0,37.0,48.0,52.0,57.0,62.0,2199.0,628.0,59.0,68.0,18.0,53.0,69.0,65.0,43.0,57.0,71.0,54.0,72.0,60.0,70.0,88.0,2315.0,685.0,55.0,66.0,31.0,62.0,61.0,77.0,50.0,68.0,60.0,62.0,69.0,69.0,69.0,72.0,2322.0,613.0,62.0,94.0,31.0,59.0,76.0,78.0,49.0,59.0,75.0,52.0,91.0,67.0,61.0,90.0,2457.0,622.0,70.0,90.0,28.0,59.0,76.0,83.0,53.0,69.0,78.0,62.0,88.0,75.0,77.0,90.0,freqmine
6533.0,2135.0,2036.0,2120.0,2105.0,2063.0,2038.0,2073.0,2081.0,2085.0,2037.0,2045.0,2055.0,2080.0,2103.0,2139.0,3504.0,59.0,53.0,59.0,52.0,53.0,57.0,66.0,58.0,62.0,57.0,59.0,55.0,56.0,72.0,66.0,4192.0,53.0,42.0,43.0,44.0,47.0,53.0,52.0,44.0,42.0,47.0,45.0,44.0,50.0,52.0,50.0,3684.0,48.0,41.0,40.0,40.0,41.0,43.0,44.0,37.0,42.0,39.0,38.0,37.0,40.0,55.0,45.0,3572.0,54.0,22.0,23.0,13.0,19.0,23.0,22.0,17.0,17.0,19.0,20.0,17.0,18.0,20.0,26.0,3855.0,50.0,43.0,45.0,36.0,45.0,46.0,47.0,37.0,43.0,37.0,40.0,38.0,43.0,46.0,43.0,3684.0,43.0,37.0,42.0,30.0,36.0,37.0,37.0,34.0,33.0,35.0,28.0,32.0,36.0,44.0,37.0,3575.0,52.0,44.0,52.0,49.0,51.0,51.0,54.0,48.0,49.0,54.0,51.0,46.0,45.0,57.0,51.0,3750.0,50.0,51.0,51.0,47.0,54.0,57.0,62.0,48.0,46.0,50.0,46.0,51.0,54.0,56.0,55.0,3622.0,64.0,52.0,64.0,48.0,55.0,61.0,63.0,55.0,58.0,60.0,60.0,54.0,53.0,68.0,61.0,3740.0,40.0,39.0,40.0,31.0,33.0,43.0,45.0,37.0,37.0,38.0,33.0,36.0,38.0,49.0,40.0,3567.0,48.0,39.0,47.0,44.0,42.0,47.0,50.0,46.0,47.0,45.0,45.0,42.0,47.0,52.0,52.0,3644.0,44.0,41.0,40.0,33.0,38.0,40.0,44.0,39.0,37.0,36.0,33.0,35.0,39.0,51.0,44.0,3688.0,51.0,45.0,53.0,46.0,50.0,53.0,55.0,44.0,47.0,56.0,52.0,46.0,46.0,63.0,55.0,3614.0,79.0,43.0,51.0,51.0,50.0,54.0,53.0,47.0,52.0,52.0,55.0,44.0,50.0,62.0,56.0,3993.0,69.0,43.0,47.0,34.0,40.0,43.0,48.0,44.0,45.0,40.0,40.0,42.0,43.0,51.0,46.0,freqmine
6819.0,2224.0,2185.0,2215.0,2193.0,2219.0,2114.0,2192.0,2154.0,2150.0,2124.0,2132.0,2138.0,2205.0,2224.0,2203.0,3639.0,82.0,87.0,65.0,65.0,65.0,69.0,86.0,67.0,65.0,73.0,74.0,55.0,72.0,83.0,68.0,4141.0,71.0,71.0,76.0,69.0,69.0,66.0,103.0,62.0,64.0,66.0,72.0,65.0,63.0,69.0,75.0,3630.0,49.0,58.0,47.0,46.0,48.0,46.0,68.0,44.0,43.0,52.0,43.0,44.0,51.0,43.0,49.0,3701.0,13.0,48.0,12.0,10.0,15.0,7.0,47.0,12.0,12.0,34.0,13.0,13.0,16.0,13.0,14.0,4034.0,50.0,56.0,48.0,43.0,44.0,46.0,63.0,46.0,44.0,48.0,45.0,43.0,51.0,46.0,52.0,3905.0,41.0,47.0,38.0,38.0,41.0,38.0,61.0,41.0,39.0,48.0,40.0,37.0,42.0,39.0,43.0,3741.0,70.0,70.0,63.0,60.0,66.0,64.0,78.0,71.0,57.0,77.0,71.0,60.0,61.0,71.0,72.0,3805.0,69.0,70.0,63.0,51.0,63.0,63.0,74.0,62.0,57.0,73.0,64.0,56.0,61.0,58.0,65.0,3605.0,77.0,78.0,67.0,59.0,74.0,69.0,80.0,71.0,65.0,75.0,73.0,59.0,62.0,60.0,72.0,3787.0,46.0,47.0,40.0,39.0,44.0,40.0,60.0,41.0,38.0,48.0,44.0,41.0,47.0,41.0,49.0,3734.0,70.0,72.0,72.0,62.0,67.0,65.0,76.0,72.0,66.0,68.0,72.0,58.0,65.0,61.0,66.0,3684.0,42.0,69.0,41.0,41.0,43.0,43.0,60.0,42.0,41.0,60.0,41.0,37.0,44.0,40.0,45.0,3933.0,80.0,68.0,70.0,61.0,69.0,69.0,80.0,74.0,71.0,72.0,75.0,57.0,67.0,65.0,69.0,3811.0,74.0,133.0,67.0,57.0,69.0,67.0,125.0,74.0,64.0,109.0,71.0,55.0,64.0,61.0,69.0,4102.0,59.0,85.0,47.0,47.0,49.0,47.0,80.0,47.0,43.0,75.0,45.0,41.0,49.0,44.0,51.0,freqmine
6895.0,2180.0,2112.0,2225.0,2161.0,2174.0,2092.0,2112.0,2140.0,2142.0,2055.0,2107.0,2133.0,2195.0,2222.0,2239.0,3574.0,19.0,24.0,28.0,22.0,28.0,24.0,20.0,24.0,22.0,13.0,22.0,30.0,26.0,37.0,29.0,4087.0,18.0,13.0,26.0,17.0,23.0,23.0,16.0,23.0,22.0,10.0,21.0,29.0,20.0,30.0,22.0,3559.0,21.0,16.0,29.0,23.0,43.0,27.0,22.0,25.0,23.0,14.0,29.0,32.0,24.0,42.0,35.0,3537.0,12.0,11.0,47.0,7.0,49.0,42.0,12.0,39.0,39.0,8.0,39.0,30.0,32.0,39.0,34.0,3969.0,21.0,15.0,26.0,18.0,23.0,38.0,24.0,29.0,33.0,14.0,28.0,32.0,28.0,41.0,29.0,3926.0,17.0,14.0,24.0,20.0,26.0,20.0,22.0,33.0,20.0,13.0,23.0,28.0,25.0,42.0,30.0,3686.0,19.0,21.0,21.0,21.0,31.0,24.0,25.0,31.0,24.0,15.0,25.0,29.0,25.0,40.0,29.0,3853.0,20.0,16.0,25.0,18.0,27.0,24.0,25.0,25.0,36.0,14.0,29.0,41.0,27.0,44.0,35.0,3527.0,21.0,18.0,27.0,23.0,28.0,23.0,20.0,34.0,27.0,18.0,41.0,38.0,37.0,43.0,41.0,3699.0,17.0,17.0,30.0,21.0,22.0,21.0,23.0,24.0,25.0,10.0,23.0,34.0,25.0,44.0,31.0,3570.0,20.0,16.0,17.0,22.0,21.0,17.0,20.0,23.0,20.0,11.0,22.0,39.0,27.0,36.0,27.0,3818.0,17.0,11.0,47.0,17.0,39.0,36.0,17.0,41.0,40.0,9.0,39.0,43.0,52.0,52.0,43.0,3938.0,21.0,19.0,25.0,18.0,25.0,22.0,20.0,24.0,18.0,15.0,22.0,36.0,23.0,45.0,34.0,3776.0,22.0,17.0,69.0,24.0,66.0,71.0,21.0,68.0,69.0,16.0,64.0,75.0,70.0,70.0,74.0,4376.0,20.0,19.0,62.0,18.0,47.0,51.0,23.0,46.0,49.0,15.0,44.0,53.0,52.0,57.0,52.0,freqmine
6679.0,2092.0,2008.0,2060.0,2036.0,2056.0,1983.0,2023.0,2032.0,2032.0,1950.0,2012.0,2010.0,2088.0,2065.0,2087.0,3445.0,17.0,18.0,19.0,19.0,21.0,17.0,18.0,21.0,21.0,12.0,16.0,15.0,27.0,17.0,20.0,3936.0,20.0,10.0,13.0,15.0,16.0,14.0,13.0,18.0,16.0,7.0,12.0,11.0,20.0,15.0,15.0,3427.0,22.0,16.0,23.0,23.0,26.0,22.0,18.0,25.0,21.0,11.0,19.0,16.0,23.0,31.0,23.0,3421.0,14.0,5.0,16.0,9.0,16.0,10.0,8.0,16.0,12.0,7.0,11.0,13.0,17.0,15.0,17.0,3678.0,19.0,13.0,23.0,19.0,18.0,16.0,20.0,29.0,20.0,9.0,18.0,12.0,28.0,31.0,19.0,3619.0,18.0,10.0,14.0,19.0,16.0,13.0,12.0,20.0,16.0,8.0,13.0,12.0,21.0,26.0,17.0,3662.0,16.0,12.0,17.0,14.0,17.0,15.0,14.0,20.0,18.0,7.0,17.0,15.0,24.0,20.0,18.0,3739.0,18.0,11.0,18.0,24.0,16.0,13.0,17.0,16.0,16.0,10.0,15.0,20.0,24.0,26.0,18.0,3502.0,18.0,14.0,27.0,23.0,17.0,20.0,16.0,27.0,21.0,10.0,19.0,23.0,28.0,32.0,27.0,3599.0,12.0,7.0,11.0,11.0,14.0,10.0,12.0,20.0,17.0,7.0,15.0,11.0,19.0,21.0,12.0,3460.0,16.0,10.0,16.0,24.0,14.0,13.0,12.0,19.0,14.0,11.0,12.0,16.0,20.0,30.0,20.0,3533.0,18.0,12.0,16.0,28.0,15.0,13.0,12.0,22.0,13.0,11.0,13.0,15.0,21.0,33.0,21.0,3773.0,20.0,13.0,20.0,28.0,19.0,17.0,13.0,23.0,17.0,11.0,18.0,22.0,23.0,40.0,29.0,3777.0,18.0,14.0,17.0,31.0,18.0,17.0,15.0,20.0,14.0,14.0,15.0,19.0,22.0,37.0,24.0,4044.0,20.0,12.0,19.0,30.0,17.0,19.0,14.0,24.0,19.0,11.0,16.0,22.0,22.0,46.0,30.0,freqmine
8906.0,1914.0,1827.0,1913.0,1887.0,1878.0,1805.0,1829.0,1835.0,1814.0,1763.0,1766.0,1790.0,1849.0,1878.0,1890.0,5845.0,18.0,16.0,15.0,15.0,17.0,12.0,15.0,14.0,16.0,13.0,13.0,14.0,17.0,14.0,17.0,6805.0,13.0,9.0,14.0,12.0,13.0,8.0,10.0,10.0,12.0,8.0,7.0,10.0,10.0,10.0,13.0,6098.0,13.0,11.0,11.0,13.0,11.0,9.0,11.0,9.0,11.0,9.0,9.0,11.0,11.0,9.0,14.0,6468.0,8.0,7.0,7.0,6.0,11.0,10.0,7.0,11.0,10.0,5.0,11.0,12.0,11.0,12.0,13.0,6107.0,14.0,10.0,12.0,10.0,10.0,11.0,10.0,9.0,11.0,8.0,9.0,10.0,8.0,9.0,11.0,6033.0,8.0,12.0,11.0,7.0,9.0,6.0,8.0,5.0,8.0,8.0,6.0,7.0,6.0,5.0,7.0,5725.0,11.0,9.0,13.0,10.0,11.0,8.0,11.0,10.0,14.0,10.0,9.0,10.0,7.0,9.0,10.0,4765.0,13.0,14.0,17.0,15.0,14.0,12.0,18.0,12.0,14.0,12.0,13.0,13.0,11.0,8.0,13.0,4469.0,12.0,13.0,15.0,12.0,17.0,11.0,15.0,12.0,14.0,11.0,10.0,11.0,10.0,9.0,12.0,4809.0,10.0,7.0,8.0,6.0,8.0,7.0,9.0,4.0,6.0,4.0,6.0,8.0,6.0,4.0,8.0,4469.0,13.0,12.0,15.0,13.0,16.0,10.0,15.0,10.0,13.0,10.0,9.0,9.0,9.0,9.0,12.0,4432.0,12.0,11.0,12.0,9.0,11.0,9.0,12.0,8.0,12.0,8.0,9.0,9.0,8.0,7.0,12.0,4814.0,18.0,14.0,18.0,16.0,18.0,13.0,16.0,14.0,17.0,16.0,13.0,15.0,14.0,14.0,16.0,4833.0,16.0,15.0,18.0,17.0,18.0,12.0,16.0,14.0,18.0,16.0,12.0,13.0,14.0,11.0,16.0,6342.0,17.0,14.0,18.0,16.0,15.0,11.0,15.0,10.0,15.0,12.0,12.0,13.0,13.0,9.0,15.0,freqmine
20220.0,700.0,607.0,692.0,680.0,674.0,575.0,630.0,630.0,635.0,568.0,612.0,642.0,716.0,672.0,667.0,21944.0,7.0,7.0,11.0,8.0,10.0,5.0,7.0,6.0,8.0,5.0,6.0,7.0,8.0,8.0,10.0,23892.0,5.0,4.0,8.0,4.0,4.0,5.0,4.0,3.0,4.0,2.0,3.0,4.0,3.0,4.0,8.0,23184.0,8.0,8.0,12.0,5.0,9.0,8.0,9.0,5.0,6.0,6.0,7.0,9.0,6.0,8.0,8.0,24453.0,8.0,7.0,12.0,7.0,7.0,6.0,7.0,5.0,5.0,4.0,5.0,5.0,7.0,6.0,7.0,21107.0,9.0,6.0,10.0,8.0,8.0,6.0,8.0,7.0,8.0,6.0,6.0,8.0,9.0,8.0,9.0,21058.0,7.0,4.0,8.0,5.0,6.0,4.0,4.0,4.0,6.0,2.0,3.0,5.0,6.0,7.0,6.0,20434.0,8.0,6.0,10.0,7.0,7.0,6.0,6.0,6.0,7.0,4.0,5.0,7.0,8.0,8.0,9.0,20866.0,7.0,4.0,6.0,5.0,5.0,3.0,4.0,5.0,6.0,2.0,3.0,5.0,6.0,8.0,6.0,21571.0,7.0,4.0,6.0,6.0,5.0,4.0,4.0,5.0,5.0,2.0,4.0,6.0,6.0,8.0,8.0,19970.0,5.0,3.0,6.0,4.0,4.0,1.0,3.0,4.0,4.0,1.0,2.0,4.0,5.0,7.0,5.0,21217.0,7.0,4.0,7.0,5.0,5.0,3.0,4.0,5.0,6.0,2.0,3.0,5.0,6.0,9.0,8.0,21203.0,8.0,7.0,10.0,7.0,9.0,4.0,7.0,6.0,8.0,5.0,5.0,8.0,10.0,9.0,10.0,20342.0,10.0,6.0,8.0,7.0,7.0,6.0,6.0,6.0,7.0,4.0,5.0,8.0,8.0,9.0,10.0,21095.0,9.0,7.0,10.0,8.0,8.0,6.0,7.0,7.0,8.0,5.0,7.0,8.0,9.0,10.0,10.0,19792.0,11.0,8.0,11.0,9.0,9.0,6.0,8.0,8.0,9.0,5.0,7.0,8.0,10.0,11.0,12.0,freqmine
21894.0,660.0,559.0,662.0,655.0,671.0,583.0,623.0,623.0,622.0,562.0,591.0,630.0,697.0,680.0,702.0,21590.0,8.0,8.0,8.0,9.0,10.0,6.0,6.0,7.0,6.0,6.0,6.0,8.0,11.0,10.0,10.0,22545.0,6.0,3.0,5.0,6.0,5.0,1.0,4.0,2.0,3.0,1.0,2.0,3.0,5.0,7.0,5.0,21150.0,9.0,6.0,8.0,10.0,10.0,6.0,7.0,8.0,9.0,5.0,6.0,7.0,9.0,9.0,10.0,23985.0,8.0,5.0,8.0,7.0,7.0,4.0,5.0,6.0,6.0,4.0,4.0,6.0,7.0,8.0,9.0,20963.0,8.0,4.0,8.0,7.0,7.0,3.0,5.0,6.0,6.0,3.0,5.0,6.0,7.0,7.0,9.0,21005.0,4.0,2.0,4.0,5.0,5.0,1.0,3.0,2.0,2.0,1.0,2.0,3.0,4.0,6.0,6.0,20246.0,6.0,3.0,6.0,5.0,6.0,2.0,4.0,4.0,4.0,2.0,3.0,4.0,6.0,5.0,7.0,21049.0,6.0,3.0,6.0,6.0,7.0,3.0,4.0,4.0,4.0,2.0,3.0,4.0,6.0,6.0,7.0,21816.0,6.0,3.0,6.0,5.0,7.0,2.0,4.0,4.0,6.0,4.0,4.0,4.0,6.0,5.0,7.0,20027.0,4.0,1.0,4.0,4.0,4.0,1.0,2.0,2.0,4.0,0.0,1.0,2.0,4.0,4.0,5.0,21407.0,5.0,2.0,5.0,4.0,6.0,2.0,3.0,3.0,4.0,1.0,2.0,3.0,5.0,5.0,6.0,21262.0,7.0,3.0,6.0,6.0,6.0,3.0,4.0,4.0,4.0,2.0,3.0,4.0,7.0,7.0,7.0,20274.0,9.0,5.0,7.0,7.0,8.0,4.0,6.0,6.0,6.0,4.0,5.0,7.0,8.0,8.0,9.0,21042.0,9.0,7.0,10.0,10.0,10.0,7.0,7.0,8.0,7.0,6.0,6.0,8.0,9.0,10.0,10.0,21122.0,9.0,5.0,7.0,8.0,9.0,5.0,6.0,6.0,6.0,4.0,5.0,6.0,8.0,8.0,10.0,freqmine
869.0,528.0,491.0,532.0,4828.0,530.0,500.0,504.0,494.0,527.0,464.0,480.0,489.0,532.0,564.0,544.0,272.0,7.0,7.0,8.0,2557.0,9.0,3.0,5.0,3.0,20.0,3.0,6.0,5.0,6.0,7.0,10.0,252.0,5.0,3.0,3.0,2888.0,4.0,2.0,1.0,2.0,18.0,0.0,2.0,3.0,6.0,4.0,2.0,280.0,9.0,7.0,7.0,2885.0,8.0,4.0,5.0,5.0,19.0,3.0,5.0,6.0,4.0,16.0,6.0,272.0,7.0,6.0,5.0,3040.0,5.0,5.0,7.0,8.0,27.0,4.0,5.0,11.0,7.0,11.0,7.0,283.0,9.0,3.0,9.0,3449.0,9.0,10.0,5.0,2.0,23.0,2.0,5.0,11.0,13.0,19.0,6.0,253.0,6.0,2.0,5.0,3603.0,6.0,5.0,3.0,3.0,19.0,1.0,3.0,3.0,7.0,9.0,4.0,264.0,4.0,3.0,5.0,3362.0,2.0,1.0,3.0,3.0,16.0,0.0,4.0,4.0,5.0,6.0,5.0,258.0,5.0,2.0,3.0,3066.0,3.0,6.0,4.0,4.0,13.0,0.0,2.0,8.0,12.0,10.0,5.0,250.0,4.0,3.0,5.0,2792.0,5.0,3.0,2.0,2.0,19.0,7.0,2.0,4.0,7.0,5.0,7.0,239.0,2.0,1.0,3.0,3185.0,3.0,1.0,2.0,2.0,18.0,0.0,1.0,3.0,7.0,5.0,3.0,241.0,2.0,0.0,0.0,3520.0,2.0,3.0,3.0,2.0,13.0,2.0,2.0,3.0,5.0,6.0,5.0,248.0,4.0,2.0,6.0,3161.0,3.0,2.0,3.0,5.0,18.0,2.0,3.0,2.0,7.0,8.0,4.0,275.0,7.0,5.0,4.0,3063.0,6.0,3.0,3.0,5.0,22.0,2.0,5.0,3.0,11.0,16.0,3.0,286.0,6.0,5.0,7.0,3183.0,6.0,8.0,6.0,8.0,53.0,5.0,5.0,6.0,9.0,10.0,5.0,275.0,6.0,5.0,4.0,4021.0,3.0,5.0,2.0,5.0,37.0,2.0,6.0,5.0,6.0,7.0,3.0,freqmine
21651.0,686.0,606.0,695.0,631.0,636.0,554.0,622.0,620.0,624.0,572.0,593.0,633.0,701.0,695.0,691.0,22366.0,11.0,10.0,11.0,8.0,8.0,5.0,7.0,6.0,6.0,5.0,7.0,8.0,11.0,12.0,13.0,24081.0,5.0,4.0,8.0,3.0,4.0,2.0,3.0,4.0,4.0,1.0,3.0,4.0,6.0,5.0,5.0,22952.0,8.0,7.0,10.0,8.0,8.0,4.0,6.0,6.0,6.0,5.0,6.0,7.0,9.0,11.0,8.0,23357.0,7.0,5.0,10.0,7.0,6.0,4.0,5.0,5.0,5.0,3.0,4.0,5.0,7.0,9.0,8.0,19690.0,7.0,6.0,9.0,7.0,7.0,5.0,6.0,5.0,5.0,4.0,4.0,5.0,8.0,8.0,7.0,20116.0,5.0,3.0,7.0,4.0,4.0,1.0,2.0,3.0,3.0,0.0,1.0,2.0,5.0,5.0,4.0,19384.0,6.0,5.0,8.0,6.0,6.0,2.0,4.0,4.0,4.0,2.0,3.0,5.0,6.0,7.0,5.0,21290.0,6.0,5.0,8.0,6.0,5.0,2.0,4.0,4.0,4.0,2.0,3.0,4.0,6.0,7.0,6.0,21511.0,6.0,5.0,8.0,6.0,5.0,3.0,4.0,4.0,4.0,2.0,3.0,5.0,6.0,7.0,5.0,20353.0,5.0,2.0,6.0,4.0,4.0,0.0,2.0,2.0,2.0,0.0,1.0,2.0,4.0,5.0,4.0,21392.0,5.0,3.0,7.0,5.0,4.0,1.0,3.0,3.0,3.0,1.0,2.0,4.0,5.0,6.0,4.0,21636.0,6.0,5.0,8.0,6.0,5.0,2.0,4.0,4.0,4.0,2.0,3.0,4.0,7.0,7.0,6.0,20407.0,9.0,7.0,10.0,8.0,8.0,5.0,6.0,6.0,6.0,4.0,5.0,8.0,8.0,9.0,7.0,21089.0,9.0,6.0,11.0,9.0,8.0,5.0,7.0,7.0,7.0,5.0,6.0,8.0,10.0,11.0,10.0,20930.0,10.0,8.0,9.0,10.0,7.0,5.0,6.0,7.0,6.0,6.0,5.0,7.0,8.0,9.0,8.0,freqmine
22441.0,713.0,615.0,706.0,685.0,697.0,612.0,636.0,608.0,614.0,566.0,594.0,638.0,720.0,729.0,741.0,21791.0,11.0,10.0,11.0,9.0,9.0,6.0,7.0,7.0,8.0,6.0,6.0,7.0,9.0,9.0,11.0,23223.0,9.0,6.0,7.0,7.0,7.0,4.0,5.0,6.0,7.0,4.0,4.0,6.0,9.0,7.0,10.0,23102.0,9.0,6.0,8.0,8.0,8.0,5.0,6.0,7.0,7.0,5.0,5.0,6.0,8.0,7.0,10.0,24609.0,9.0,6.0,7.0,7.0,8.0,4.0,5.0,6.0,6.0,4.0,4.0,6.0,7.0,8.0,9.0,21176.0,9.0,6.0,9.0,7.0,7.0,5.0,5.0,6.0,7.0,3.0,5.0,6.0,7.0,8.0,9.0,21067.0,5.0,3.0,5.0,5.0,5.0,1.0,3.0,2.0,3.0,1.0,2.0,3.0,4.0,4.0,6.0,20357.0,7.0,4.0,6.0,4.0,6.0,3.0,4.0,5.0,6.0,3.0,4.0,4.0,6.0,6.0,7.0,19378.0,7.0,5.0,6.0,5.0,6.0,3.0,4.0,4.0,5.0,2.0,3.0,6.0,6.0,5.0,8.0,19784.0,7.0,4.0,6.0,4.0,6.0,2.0,4.0,4.0,5.0,3.0,3.0,4.0,6.0,6.0,7.0,19576.0,5.0,3.0,4.0,3.0,3.0,1.0,2.0,2.0,3.0,0.0,1.0,2.0,4.0,3.0,6.0,19694.0,6.0,4.0,5.0,3.0,5.0,2.0,3.0,3.0,4.0,1.0,2.0,3.0,5.0,5.0,7.0,20163.0,7.0,4.0,5.0,5.0,6.0,3.0,4.0,5.0,5.0,2.0,3.0,4.0,7.0,6.0,7.0,19092.0,10.0,6.0,7.0,6.0,8.0,4.0,6.0,6.0,7.0,4.0,5.0,7.0,8.0,8.0,9.0,20076.0,10.0,7.0,9.0,9.0,10.0,6.0,8.0,7.0,9.0,6.0,7.0,8.0,9.0,9.0,10.0,21028.0,10.0,6.0,8.0,7.0,8.0,5.0,6.0,7.0,7.0,4.0,7.0,7.0,9.0,9.0,10.0,freqmine
20927.0,694.0,596.0,671.0,675.0,667.0,571.0,626.0,632.0,626.0,562.0,595.0,647.0,720.0,675.0,657.0,21713.0,12.0,8.0,9.0,10.0,11.0,6.0,8.0,10.0,10.0,7.0,9.0,8.0,14.0,9.0,11.0,23478.0,6.0,5.0,5.0,5.0,6.0,3.0,3.0,5.0,4.0,2.0,4.0,4.0,6.0,5.0,5.0,22677.0,10.0,6.0,9.0,8.0,10.0,6.0,7.0,7.0,8.0,5.0,7.0,6.0,11.0,9.0,9.0,23966.0,8.0,5.0,8.0,7.0,8.0,5.0,5.0,7.0,6.0,5.0,6.0,6.0,8.0,6.0,8.0,20880.0,9.0,6.0,7.0,7.0,7.0,4.0,6.0,8.0,6.0,4.0,5.0,5.0,11.0,7.0,7.0,21969.0,6.0,2.0,5.0,5.0,5.0,1.0,3.0,7.0,5.0,2.0,3.0,2.0,7.0,4.0,5.0,20159.0,7.0,4.0,7.0,7.0,6.0,3.0,4.0,7.0,5.0,4.0,5.0,6.0,9.0,6.0,7.0,20750.0,8.0,5.0,7.0,8.0,8.0,4.0,7.0,7.0,7.0,4.0,6.0,8.0,9.0,7.0,7.0,21027.0,10.0,8.0,9.0,9.0,8.0,5.0,7.0,8.0,7.0,6.0,7.0,7.0,11.0,8.0,9.0,20211.0,5.0,2.0,5.0,6.0,5.0,0.0,2.0,5.0,4.0,1.0,3.0,2.0,6.0,5.0,4.0,21124.0,6.0,3.0,6.0,7.0,5.0,1.0,4.0,5.0,4.0,2.0,6.0,4.0,8.0,5.0,6.0,21779.0,7.0,4.0,8.0,8.0,6.0,2.0,4.0,10.0,5.0,4.0,5.0,4.0,9.0,6.0,7.0,20511.0,11.0,7.0,11.0,10.0,10.0,6.0,7.0,9.0,9.0,7.0,8.0,10.0,12.0,10.0,10.0,20766.0,9.0,8.0,11.0,10.0,9.0,4.0,7.0,9.0,8.0,6.0,8.0,8.0,12.0,9.0,10.0,19765.0,12.0,8.0,11.0,11.0,10.0,6.0,8.0,9.0,9.0,6.0,7.0,7.0,11.0,9.0,10.0,freqmine
21770.0,695.0,605.0,632.0,695.0,678.0,599.0,652.0,658.0,653.0,606.0,634.0,668.0,739.0,761.0,738.0,21546.0,11.0,10.0,9.0,25.0,11.0,7.0,10.0,11.0,10.0,6.0,8.0,10.0,11.0,15.0,16.0,22418.0,7.0,1.0,10.0,23.0,5.0,2.0,4.0,5.0,5.0,2.0,4.0,5.0,8.0,11.0,9.0,21536.0,7.0,7.0,7.0,24.0,5.0,3.0,4.0,8.0,5.0,4.0,6.0,6.0,8.0,10.0,12.0,23049.0,8.0,5.0,6.0,39.0,8.0,6.0,7.0,7.0,5.0,4.0,5.0,9.0,8.0,15.0,18.0,19580.0,9.0,5.0,9.0,24.0,8.0,5.0,6.0,8.0,7.0,5.0,7.0,7.0,9.0,14.0,13.0,21634.0,4.0,3.0,4.0,21.0,4.0,1.0,2.0,3.0,2.0,0.0,3.0,6.0,5.0,8.0,8.0,20282.0,6.0,4.0,6.0,15.0,6.0,2.0,4.0,5.0,4.0,2.0,4.0,4.0,7.0,8.0,9.0,20316.0,7.0,5.0,6.0,18.0,7.0,4.0,5.0,6.0,5.0,5.0,5.0,6.0,8.0,10.0,10.0,21742.0,6.0,3.0,4.0,16.0,6.0,3.0,4.0,6.0,4.0,3.0,4.0,4.0,8.0,8.0,9.0,20168.0,5.0,2.0,4.0,15.0,4.0,3.0,4.0,5.0,4.0,3.0,4.0,5.0,7.0,8.0,8.0,21171.0,6.0,3.0,5.0,13.0,6.0,4.0,4.0,6.0,4.0,3.0,4.0,5.0,8.0,7.0,9.0,21449.0,6.0,3.0,4.0,30.0,6.0,5.0,5.0,5.0,4.0,3.0,4.0,3.0,8.0,8.0,8.0,20511.0,9.0,6.0,7.0,16.0,7.0,4.0,6.0,7.0,6.0,4.0,7.0,7.0,9.0,10.0,10.0,21206.0,10.0,8.0,9.0,70.0,11.0,8.0,8.0,10.0,8.0,7.0,8.0,9.0,12.0,14.0,13.0,21183.0,11.0,6.0,8.0,43.0,9.0,5.0,7.0,8.0,8.0,6.0,8.0,8.0,10.0,12.0,11.0,freqmine
22319.0,729.0,634.0,711.0,711.0,704.0,585.0,639.0,625.0,630.0,565.0,624.0,658.0,744.0,738.0,744.0,22170.0,12.0,11.0,12.0,14.0,10.0,6.0,9.0,6.0,9.0,8.0,7.0,6.0,11.0,14.0,12.0,24355.0,7.0,5.0,4.0,5.0,7.0,4.0,7.0,4.0,5.0,3.0,3.0,3.0,7.0,9.0,8.0,22860.0,9.0,8.0,8.0,14.0,10.0,6.0,9.0,7.0,8.0,6.0,6.0,6.0,10.0,11.0,8.0,24833.0,10.0,9.0,12.0,13.0,8.0,4.0,7.0,9.0,7.0,6.0,5.0,9.0,9.0,12.0,12.0,20870.0,8.0,8.0,7.0,16.0,7.0,4.0,9.0,6.0,6.0,4.0,4.0,6.0,9.0,9.0,8.0,20680.0,6.0,5.0,5.0,8.0,4.0,1.0,4.0,3.0,3.0,2.0,1.0,2.0,6.0,6.0,4.0,19489.0,9.0,7.0,7.0,12.0,8.0,4.0,9.0,5.0,8.0,5.0,5.0,5.0,9.0,12.0,11.0,19198.0,9.0,7.0,11.0,12.0,8.0,4.0,7.0,6.0,7.0,6.0,6.0,6.0,9.0,10.0,9.0,20001.0,8.0,6.0,9.0,14.0,7.0,4.0,7.0,4.0,7.0,4.0,3.0,5.0,8.0,10.0,9.0,19332.0,5.0,4.0,7.0,7.0,4.0,2.0,5.0,3.0,3.0,1.0,1.0,2.0,5.0,6.0,5.0,19965.0,9.0,6.0,9.0,8.0,6.0,2.0,7.0,6.0,7.0,6.0,4.0,6.0,8.0,10.0,8.0,20007.0,7.0,7.0,8.0,9.0,5.0,2.0,6.0,5.0,6.0,3.0,4.0,4.0,8.0,8.0,7.0,19479.0,11.0,8.0,10.0,14.0,9.0,5.0,8.0,6.0,9.0,6.0,6.0,7.0,11.0,12.0,13.0,20396.0,11.0,9.0,11.0,14.0,10.0,5.0,10.0,8.0,11.0,9.0,6.0,8.0,12.0,14.0,13.0,20949.0,12.0,9.0,13.0,12.0,9.0,5.0,9.0,7.0,8.0,6.0,6.0,6.0,11.0,10.0,8.0,freqmine
20842.0,730.0,614.0,696.0,706.0,681.0,648.0,690.0,639.0,638.0,616.0,679.0,700.0,822.0,737.0,736.0,21205.0,9.0,9.0,9.0,10.0,8.0,8.0,8.0,7.0,6.0,5.0,8.0,7.0,11.0,7.0,6.0,22014.0,6.0,6.0,10.0,7.0,6.0,6.0,6.0,5.0,4.0,3.0,6.0,7.0,8.0,8.0,5.0,21266.0,9.0,6.0,11.0,11.0,5.0,7.0,9.0,7.0,5.0,4.0,7.0,7.0,9.0,8.0,7.0,23225.0,7.0,3.0,9.0,8.0,4.0,7.0,7.0,4.0,3.0,2.0,5.0,4.0,8.0,7.0,7.0,19491.0,6.0,3.0,9.0,7.0,4.0,6.0,6.0,4.0,6.0,4.0,7.0,4.0,7.0,6.0,6.0,19994.0,3.0,3.0,6.0,5.0,2.0,3.0,5.0,2.0,3.0,2.0,4.0,3.0,5.0,6.0,4.0,20630.0,5.0,3.0,8.0,6.0,5.0,5.0,6.0,4.0,3.0,3.0,6.0,5.0,7.0,5.0,5.0,18239.0,5.0,2.0,6.0,4.0,5.0,4.0,5.0,4.0,4.0,1.0,5.0,4.0,6.0,6.0,4.0,18554.0,6.0,2.0,7.0,7.0,7.0,5.0,6.0,6.0,3.0,2.0,7.0,5.0,7.0,5.0,6.0,19932.0,4.0,2.0,6.0,4.0,4.0,4.0,5.0,3.0,2.0,1.0,5.0,3.0,6.0,5.0,4.0,19668.0,6.0,5.0,8.0,6.0,8.0,7.0,7.0,5.0,4.0,3.0,7.0,6.0,9.0,7.0,8.0,20337.0,5.0,3.0,7.0,5.0,4.0,6.0,6.0,4.0,3.0,2.0,6.0,4.0,8.0,5.0,5.0,21602.0,10.0,6.0,11.0,9.0,9.0,10.0,10.0,8.0,7.0,6.0,9.0,10.0,11.0,9.0,9.0,19622.0,8.0,8.0,11.0,10.0,9.0,10.0,9.0,7.0,6.0,5.0,10.0,9.0,9.0,9.0,7.0,20217.0,7.0,5.0,9.0,8.0,7.0,7.0,9.0,6.0,6.0,3.0,6.0,7.0,8.0,8.0,9.0,freqmine
21427.0,640.0,550.0,646.0,645.0,625.0,602.0,631.0,590.0,581.0,585.0,618.0,618.0,737.0,718.0,681.0,21133.0,6.0,4.0,10.0,5.0,5.0,3.0,4.0,5.0,4.0,3.0,4.0,6.0,8.0,9.0,8.0,21628.0,5.0,2.0,6.0,7.0,3.0,3.0,3.0,3.0,2.0,1.0,2.0,4.0,6.0,5.0,5.0,21079.0,7.0,6.0,7.0,6.0,7.0,6.0,6.0,5.0,5.0,5.0,6.0,7.0,9.0,9.0,8.0,24115.0,6.0,4.0,9.0,5.0,5.0,3.0,5.0,4.0,3.0,4.0,3.0,6.0,6.0,9.0,6.0,20663.0,5.0,3.0,7.0,3.0,3.0,2.0,2.0,3.0,2.0,1.0,2.0,5.0,5.0,5.0,3.0,21224.0,5.0,2.0,7.0,4.0,5.0,2.0,3.0,4.0,2.0,2.0,3.0,5.0,7.0,7.0,4.0,21932.0,5.0,3.0,8.0,5.0,5.0,3.0,4.0,4.0,3.0,3.0,4.0,6.0,8.0,8.0,5.0,20465.0,3.0,1.0,5.0,3.0,2.0,2.0,2.0,2.0,1.0,1.0,2.0,5.0,6.0,7.0,3.0,20926.0,3.0,0.0,6.0,1.0,2.0,0.0,1.0,1.0,2.0,2.0,1.0,3.0,5.0,6.0,3.0,21707.0,3.0,0.0,5.0,2.0,1.0,1.0,1.0,1.0,0.0,0.0,1.0,3.0,4.0,7.0,2.0,20415.0,3.0,1.0,6.0,2.0,2.0,2.0,2.0,2.0,2.0,1.0,2.0,4.0,6.0,7.0,3.0,20531.0,4.0,2.0,6.0,4.0,4.0,2.0,3.0,3.0,2.0,2.0,3.0,5.0,7.0,9.0,5.0,20236.0,7.0,4.0,9.0,5.0,5.0,4.0,5.0,5.0,4.0,4.0,5.0,8.0,9.0,10.0,6.0,19614.0,6.0,5.0,9.0,7.0,6.0,6.0,6.0,8.0,6.0,7.0,6.0,9.0,11.0,12.0,9.0,20251.0,5.0,3.0,7.0,5.0,3.0,2.0,3.0,3.0,2.0,3.0,5.0,5.0,7.0,9.0,6.0,freqmine
22555.0,745.0,618.0,609.0,669.0,647.0,615.0,646.0,624.0,593.0,590.0,621.0,655.0,788.0,774.0,768.0,22154.0,11.0,9.0,7.0,9.0,9.0,7.0,8.0,5.0,7.0,7.0,6.0,8.0,13.0,10.0,9.0,22746.0,6.0,4.0,3.0,4.0,4.0,3.0,4.0,2.0,4.0,2.0,4.0,3.0,6.0,8.0,5.0,21511.0,9.0,6.0,7.0,9.0,7.0,4.0,6.0,4.0,6.0,4.0,3.0,5.0,8.0,8.0,5.0,23098.0,7.0,6.0,4.0,7.0,6.0,6.0,6.0,4.0,6.0,4.0,5.0,6.0,9.0,9.0,8.0,19979.0,7.0,4.0,5.0,6.0,5.0,4.0,6.0,3.0,4.0,3.0,3.0,4.0,7.0,5.0,6.0,18928.0,5.0,4.0,2.0,4.0,2.0,2.0,4.0,2.0,4.0,2.0,2.0,2.0,4.0,6.0,5.0,20440.0,7.0,5.0,3.0,4.0,4.0,4.0,5.0,4.0,5.0,3.0,3.0,3.0,4.0,4.0,5.0,19202.0,7.0,6.0,4.0,5.0,5.0,4.0,6.0,2.0,3.0,4.0,2.0,3.0,5.0,5.0,5.0,19342.0,6.0,5.0,1.0,5.0,3.0,3.0,5.0,2.0,2.0,3.0,1.0,2.0,4.0,4.0,3.0,20099.0,6.0,4.0,2.0,5.0,4.0,2.0,4.0,3.0,5.0,2.0,2.0,2.0,5.0,5.0,4.0,19572.0,5.0,4.0,1.0,5.0,3.0,2.0,4.0,2.0,3.0,2.0,2.0,2.0,4.0,5.0,4.0,19964.0,7.0,4.0,4.0,6.0,4.0,4.0,4.0,3.0,4.0,3.0,3.0,3.0,6.0,5.0,5.0,20639.0,8.0,6.0,4.0,8.0,6.0,4.0,5.0,4.0,6.0,5.0,4.0,5.0,6.0,7.0,6.0,20771.0,9.0,8.0,7.0,9.0,7.0,7.0,7.0,6.0,7.0,6.0,6.0,6.0,7.0,9.0,8.0,21348.0,8.0,5.0,4.0,8.0,5.0,6.0,6.0,3.0,5.0,4.0,3.0,4.0,6.0,5.0,6.0,freqmine
20520.0,721.0,595.0,623.0,678.0,694.0,631.0,677.0,653.0,643.0,632.0,667.0,738.0,758.0,776.0,747.0,19889.0,10.0,8.0,6.0,9.0,8.0,5.0,6.0,9.0,6.0,5.0,6.0,7.0,9.0,11.0,10.0,21594.0,6.0,0.0,4.0,6.0,4.0,0.0,2.0,6.0,3.0,3.0,1.0,2.0,5.0,8.0,5.0,21029.0,7.0,1.0,4.0,7.0,6.0,2.0,3.0,7.0,4.0,2.0,3.0,5.0,4.0,8.0,5.0,23033.0,9.0,5.0,7.0,9.0,9.0,4.0,6.0,7.0,7.0,6.0,7.0,5.0,8.0,9.0,13.0,19855.0,8.0,4.0,4.0,9.0,7.0,4.0,4.0,4.0,5.0,5.0,4.0,5.0,7.0,10.0,6.0,19606.0,5.0,1.0,3.0,6.0,7.0,2.0,3.0,4.0,2.0,3.0,2.0,4.0,4.0,5.0,4.0,20928.0,6.0,3.0,5.0,7.0,6.0,2.0,3.0,6.0,3.0,4.0,4.0,6.0,6.0,9.0,7.0,19999.0,4.0,0.0,3.0,6.0,3.0,0.0,2.0,5.0,3.0,1.0,3.0,7.0,5.0,7.0,5.0,20649.0,5.0,2.0,5.0,7.0,5.0,2.0,3.0,5.0,3.0,3.0,5.0,6.0,6.0,8.0,6.0,20526.0,5.0,1.0,3.0,5.0,5.0,2.0,3.0,4.0,2.0,2.0,2.0,4.0,4.0,7.0,5.0,20432.0,6.0,2.0,4.0,7.0,6.0,1.0,3.0,4.0,3.0,2.0,3.0,4.0,4.0,7.0,5.0,21163.0,7.0,4.0,5.0,8.0,7.0,3.0,6.0,10.0,5.0,4.0,4.0,6.0,8.0,9.0,6.0,21286.0,11.0,4.0,7.0,8.0,8.0,3.0,5.0,7.0,4.0,4.0,5.0,8.0,6.0,8.0,7.0,19923.0,9.0,5.0,7.0,10.0,9.0,5.0,6.0,8.0,5.0,7.0,5.0,8.0,9.0,11.0,10.0,19833.0,9.0,5.0,5.0,10.0,8.0,3.0,5.0,8.0,5.0,6.0,6.0,6.0,8.0,11.0,8.0,freqmine
20261.0,743.0,605.0,626.0,739.0,729.0,654.0,683.0,650.0,616.0,625.0,660.0,710.0,749.0,761.0,787.0,20377.0,13.0,6.0,8.0,10.0,10.0,6.0,7.0,5.0,8.0,6.0,10.0,9.0,11.0,8.0,11.0,21771.0,6.0,3.0,3.0,4.0,6.0,2.0,4.0,0.0,4.0,0.0,5.0,5.0,5.0,3.0,6.0,20627.0,7.0,4.0,3.0,3.0,7.0,4.0,6.0,1.0,5.0,2.0,7.0,5.0,8.0,5.0,10.0,24016.0,12.0,9.0,10.0,12.0,13.0,8.0,8.0,6.0,10.0,9.0,13.0,11.0,12.0,12.0,13.0,20901.0,11.0,5.0,5.0,8.0,8.0,4.0,6.0,8.0,5.0,3.0,7.0,6.0,9.0,6.0,9.0,21022.0,7.0,2.0,4.0,5.0,5.0,0.0,3.0,3.0,2.0,0.0,4.0,3.0,5.0,4.0,6.0,19564.0,8.0,3.0,4.0,5.0,6.0,4.0,5.0,3.0,5.0,2.0,4.0,4.0,6.0,5.0,6.0,17230.0,10.0,6.0,4.0,5.0,8.0,6.0,8.0,3.0,4.0,6.0,5.0,6.0,6.0,7.0,8.0,18410.0,8.0,4.0,5.0,5.0,8.0,2.0,4.0,1.0,5.0,3.0,4.0,4.0,7.0,5.0,7.0,19449.0,7.0,0.0,2.0,4.0,4.0,0.0,3.0,2.0,4.0,2.0,3.0,3.0,4.0,4.0,7.0,19275.0,8.0,3.0,4.0,6.0,6.0,3.0,4.0,2.0,4.0,2.0,6.0,5.0,7.0,6.0,8.0,19874.0,7.0,2.0,3.0,6.0,6.0,2.0,4.0,3.0,4.0,2.0,5.0,5.0,8.0,5.0,7.0,20045.0,10.0,4.0,3.0,8.0,9.0,4.0,6.0,3.0,6.0,3.0,6.0,7.0,8.0,8.0,10.0,20113.0,11.0,6.0,6.0,9.0,8.0,5.0,6.0,5.0,7.0,6.0,9.0,7.0,9.0,7.0,8.0,20318.0,11.0,4.0,6.0,10.0,7.0,4.0,6.0,4.0,7.0,3.0,6.0,7.0,9.0,7.0,9.0,freqmine
855.0,518.0,500.0,559.0,4849.0,527.0,477.0,500.0,509.0,503.0,473.0,492.0,497.0,527.0,536.0,550.0,269.0,6.0,5.0,10.0,2570.0,6.0,8.0,4.0,8.0,5.0,7.0,5.0,3.0,9.0,8.0,6.0,252.0,4.0,2.0,7.0,2903.0,2.0,4.0,3.0,2.0,0.0,2.0,2.0,3.0,5.0,4.0,7.0,282.0,2.0,4.0,6.0,2980.0,3.0,6.0,5.0,4.0,6.0,3.0,3.0,2.0,8.0,9.0,7.0,269.0,5.0,2.0,7.0,2954.0,3.0,4.0,3.0,6.0,10.0,7.0,8.0,3.0,7.0,4.0,8.0,273.0,3.0,3.0,13.0,3527.0,10.0,8.0,1.0,2.0,12.0,3.0,3.0,7.0,12.0,14.0,5.0,243.0,0.0,3.0,6.0,3414.0,0.0,1.0,1.0,1.0,6.0,0.0,1.0,2.0,3.0,3.0,2.0,259.0,2.0,2.0,5.0,3346.0,4.0,3.0,1.0,2.0,6.0,2.0,1.0,2.0,4.0,3.0,3.0,267.0,3.0,2.0,6.0,3158.0,1.0,7.0,0.0,1.0,6.0,2.0,3.0,4.0,5.0,5.0,3.0,256.0,4.0,4.0,7.0,2759.0,6.0,3.0,7.0,7.0,12.0,2.0,1.0,1.0,3.0,12.0,6.0,238.0,4.0,2.0,3.0,3179.0,3.0,2.0,2.0,1.0,5.0,0.0,3.0,0.0,3.0,4.0,3.0,248.0,3.0,3.0,7.0,3481.0,4.0,1.0,1.0,2.0,2.0,1.0,2.0,3.0,4.0,3.0,3.0,248.0,4.0,5.0,5.0,3263.0,4.0,3.0,2.0,2.0,2.0,2.0,3.0,4.0,5.0,5.0,3.0,270.0,6.0,7.0,9.0,3193.0,5.0,5.0,5.0,4.0,9.0,5.0,5.0,7.0,3.0,10.0,8.0,275.0,6.0,6.0,8.0,3146.0,6.0,3.0,3.0,3.0,5.0,5.0,3.0,4.0,7.0,6.0,6.0,275.0,4.0,3.0,7.0,3905.0,7.0,1.0,5.0,4.0,7.0,4.0,5.0,3.0,7.0,6.0,4.0,freqmine
22316.0,772.0,648.0,687.0,687.0,697.0,604.0,683.0,634.0,639.0,605.0,651.0,725.0,773.0,781.0,797.0,22354.0,8.0,16.0,11.0,11.0,12.0,6.0,10.0,9.0,8.0,6.0,7.0,7.0,9.0,13.0,12.0,23473.0,5.0,7.0,8.0,8.0,8.0,4.0,7.0,7.0,4.0,4.0,4.0,6.0,5.0,9.0,7.0,22170.0,6.0,6.0,8.0,9.0,5.0,1.0,5.0,5.0,6.0,5.0,4.0,4.0,5.0,8.0,6.0,23015.0,13.0,12.0,9.0,10.0,9.0,8.0,9.0,7.0,5.0,4.0,4.0,7.0,8.0,11.0,12.0,19775.0,7.0,7.0,9.0,9.0,9.0,6.0,8.0,5.0,8.0,6.0,7.0,9.0,8.0,10.0,9.0,19730.0,4.0,4.0,5.0,6.0,3.0,1.0,4.0,2.0,2.0,1.0,2.0,3.0,4.0,5.0,3.0,20166.0,6.0,6.0,6.0,6.0,6.0,2.0,5.0,5.0,4.0,2.0,5.0,6.0,6.0,6.0,8.0,18578.0,4.0,4.0,5.0,5.0,5.0,0.0,2.0,5.0,6.0,0.0,5.0,4.0,6.0,6.0,5.0,18151.0,6.0,5.0,6.0,6.0,4.0,2.0,5.0,6.0,4.0,2.0,5.0,6.0,6.0,8.0,7.0,18742.0,3.0,4.0,5.0,3.0,4.0,1.0,3.0,3.0,2.0,0.0,4.0,3.0,4.0,6.0,3.0,18953.0,6.0,5.0,6.0,4.0,5.0,2.0,5.0,7.0,5.0,2.0,4.0,5.0,6.0,7.0,6.0,19864.0,6.0,8.0,9.0,6.0,8.0,4.0,7.0,6.0,7.0,4.0,6.0,7.0,9.0,8.0,8.0,20343.0,8.0,8.0,9.0,7.0,7.0,4.0,7.0,8.0,7.0,5.0,7.0,9.0,9.0,10.0,8.0,20368.0,10.0,9.0,11.0,8.0,9.0,6.0,9.0,9.0,7.0,4.0,8.0,9.0,11.0,11.0,11.0,21055.0,10.0,11.0,11.0,8.0,9.0,5.0,8.0,8.0,8.0,6.0,9.0,9.0,9.0,11.0,11.0,freqmine
20448.0,770.0,627.0,676.0,724.0,725.0,635.0,722.0,703.0,682.0,662.0,712.0,746.0,826.0,763.0,800.0,19271.0,9.0,7.0,8.0,10.0,6.0,5.0,5.0,6.0,8.0,5.0,7.0,8.0,11.0,10.0,10.0,21075.0,9.0,2.0,5.0,6.0,3.0,1.0,2.0,1.0,4.0,0.0,3.0,3.0,7.0,5.0,7.0,20448.0,7.0,4.0,6.0,9.0,8.0,5.0,4.0,6.0,3.0,2.0,5.0,7.0,9.0,7.0,7.0,22783.0,7.0,5.0,10.0,8.0,9.0,5.0,7.0,9.0,5.0,5.0,7.0,6.0,11.0,9.0,8.0,19425.0,9.0,5.0,10.0,8.0,7.0,4.0,5.0,5.0,4.0,3.0,5.0,6.0,11.0,6.0,6.0,19736.0,3.0,2.0,3.0,4.0,5.0,1.0,1.0,1.0,2.0,1.0,1.0,3.0,5.0,4.0,4.0,19951.0,7.0,4.0,8.0,7.0,7.0,3.0,4.0,4.0,5.0,3.0,4.0,6.0,8.0,6.0,5.0,18302.0,7.0,3.0,7.0,8.0,5.0,2.0,5.0,4.0,5.0,4.0,4.0,4.0,7.0,6.0,6.0,18703.0,7.0,3.0,7.0,6.0,6.0,2.0,3.0,5.0,4.0,3.0,3.0,3.0,7.0,3.0,5.0,20275.0,5.0,0.0,3.0,5.0,3.0,0.0,1.0,2.0,2.0,0.0,2.0,3.0,5.0,2.0,3.0,20345.0,7.0,2.0,7.0,7.0,6.0,3.0,4.0,3.0,3.0,4.0,3.0,5.0,7.0,5.0,5.0,20244.0,8.0,3.0,5.0,8.0,5.0,3.0,4.0,3.0,2.0,3.0,4.0,4.0,8.0,6.0,6.0,21421.0,11.0,5.0,8.0,9.0,9.0,6.0,8.0,7.0,6.0,4.0,5.0,7.0,9.0,9.0,8.0,19590.0,9.0,5.0,9.0,11.0,7.0,5.0,7.0,7.0,7.0,6.0,6.0,7.0,10.0,6.0,9.0,19951.0,10.0,3.0,7.0,10.0,7.0,3.0,6.0,4.0,3.0,3.0,4.0,6.0,9.0,5.0,8.0,freqmine
19297.0,773.0,682.0,707.0,787.0,774.0,713.0,742.0,676.0,697.0,676.0,725.0,760.0,808.0,784.0,831.0,19061.0,10.0,8.0,7.0,8.0,12.0,5.0,7.0,6.0,6.0,4.0,5.0,9.0,13.0,7.0,10.0,20347.0,4.0,1.0,2.0,5.0,4.0,4.0,2.0,3.0,0.0,1.0,1.0,3.0,5.0,4.0,3.0,19901.0,6.0,6.0,6.0,7.0,7.0,3.0,6.0,5.0,7.0,4.0,4.0,5.0,9.0,7.0,8.0,22563.0,10.0,6.0,7.0,9.0,7.0,6.0,6.0,6.0,7.0,4.0,3.0,6.0,9.0,7.0,7.0,20559.0,7.0,2.0,5.0,6.0,6.0,3.0,5.0,5.0,5.0,3.0,4.0,5.0,7.0,3.0,8.0,20913.0,5.0,3.0,3.0,4.0,2.0,0.0,2.0,3.0,3.0,1.0,3.0,3.0,7.0,2.0,4.0,20389.0,5.0,1.0,3.0,5.0,5.0,2.0,3.0,2.0,1.0,1.0,3.0,4.0,7.0,5.0,5.0,15845.0,4.0,2.0,3.0,6.0,3.0,3.0,2.0,1.0,1.0,0.0,2.0,4.0,8.0,3.0,4.0,16800.0,4.0,2.0,2.0,3.0,4.0,3.0,3.0,2.0,3.0,3.0,2.0,5.0,8.0,5.0,6.0,17997.0,3.0,1.0,4.0,3.0,3.0,2.0,1.0,0.0,2.0,0.0,1.0,4.0,6.0,3.0,5.0,18646.0,4.0,3.0,2.0,3.0,3.0,2.0,4.0,3.0,3.0,1.0,2.0,5.0,7.0,5.0,6.0,18740.0,5.0,3.0,3.0,4.0,5.0,2.0,4.0,4.0,4.0,3.0,3.0,5.0,9.0,5.0,6.0,18973.0,7.0,4.0,5.0,7.0,5.0,4.0,4.0,4.0,5.0,4.0,6.0,8.0,10.0,6.0,8.0,19629.0,5.0,6.0,5.0,7.0,7.0,4.0,4.0,5.0,5.0,5.0,5.0,7.0,11.0,9.0,8.0,20053.0,7.0,6.0,6.0,7.0,7.0,5.0,5.0,5.0,7.0,5.0,5.0,7.0,11.0,9.0,8.0,freqmine
10858.0,1390.0,1305.0,1395.0,1336.0,1362.0,1252.0,1297.0,1284.0,1369.0,1327.0,1340.0,1361.0,1369.0,1325.0,1382.0,10173.0,8.0,7.0,9.0,5.0,7.0,7.0,10.0,7.0,6.0,7.0,8.0,4.0,8.0,7.0,10.0,11035.0,6.0,3.0,8.0,4.0,5.0,3.0,8.0,4.0,5.0,2.0,5.0,5.0,8.0,4.0,9.0,10371.0,8.0,3.0,8.0,6.0,8.0,4.0,10.0,6.0,3.0,5.0,6.0,5.0,7.0,3.0,8.0,11653.0,8.0,4.0,8.0,8.0,8.0,6.0,9.0,8.0,8.0,6.0,8.0,5.0,9.0,5.0,10.0,9761.0,6.0,5.0,7.0,6.0,8.0,6.0,9.0,6.0,7.0,6.0,8.0,5.0,7.0,8.0,9.0,9796.0,4.0,4.0,4.0,4.0,6.0,2.0,6.0,3.0,3.0,3.0,5.0,3.0,4.0,5.0,7.0,9936.0,4.0,5.0,7.0,6.0,5.0,4.0,7.0,7.0,7.0,6.0,8.0,5.0,6.0,5.0,9.0,8810.0,5.0,3.0,7.0,3.0,6.0,4.0,6.0,4.0,5.0,5.0,7.0,5.0,5.0,6.0,7.0,9080.0,4.0,3.0,8.0,6.0,6.0,4.0,7.0,5.0,3.0,3.0,6.0,3.0,5.0,4.0,7.0,9524.0,3.0,1.0,4.0,4.0,4.0,4.0,6.0,4.0,3.0,2.0,4.0,2.0,4.0,5.0,6.0,10070.0,5.0,3.0,8.0,4.0,7.0,3.0,7.0,5.0,5.0,3.0,5.0,3.0,6.0,5.0,6.0,9789.0,7.0,4.0,9.0,5.0,7.0,4.0,8.0,7.0,7.0,4.0,6.0,3.0,6.0,5.0,8.0,10347.0,9.0,6.0,10.0,6.0,9.0,6.0,10.0,10.0,8.0,7.0,8.0,6.0,7.0,9.0,11.0,10454.0,7.0,5.0,8.0,5.0,6.0,4.0,9.0,8.0,6.0,5.0,7.0,3.0,4.0,5.0,9.0,10908.0,9.0,6.0,8.0,6.0,6.0,6.0,9.0,8.0,5.0,5.0,8.0,4.0,6.0,5.0,9.0,freqmine
2958.0,119.0,55.0,122.0,112.0,145.0,69.0,108.0,77.0,90.0,22.0,51.0,78.0,163.0,123.0,116.0,2694.0,8.0,5.0,6.0,8.0,6.0,5.0,5.0,6.0,6.0,4.0,5.0,7.0,9.0,8.0,8.0,2704.0,3.0,3.0,4.0,3.0,6.0,4.0,3.0,5.0,3.0,2.0,3.0,4.0,5.0,5.0,4.0,2692.0,5.0,7.0,5.0,6.0,4.0,5.0,5.0,4.0,6.0,3.0,4.0,5.0,6.0,10.0,8.0,2742.0,3.0,4.0,6.0,2.0,4.0,5.0,5.0,4.0,2.0,3.0,2.0,3.0,2.0,6.0,5.0,2708.0,7.0,4.0,6.0,6.0,6.0,4.0,5.0,4.0,4.0,3.0,3.0,5.0,6.0,5.0,5.0,2648.0,5.0,2.0,5.0,5.0,5.0,3.0,4.0,4.0,4.0,3.0,2.0,3.0,6.0,4.0,5.0,2635.0,8.0,5.0,7.0,7.0,7.0,5.0,6.0,5.0,5.0,5.0,4.0,5.0,8.0,6.0,7.0,2575.0,5.0,5.0,5.0,7.0,6.0,4.0,6.0,3.0,5.0,3.0,4.0,5.0,8.0,7.0,7.0,2637.0,6.0,4.0,4.0,5.0,6.0,4.0,5.0,4.0,4.0,3.0,3.0,4.0,6.0,6.0,5.0,2556.0,4.0,3.0,3.0,4.0,5.0,2.0,5.0,4.0,4.0,2.0,2.0,3.0,5.0,5.0,4.0,2629.0,5.0,4.0,3.0,7.0,5.0,4.0,4.0,5.0,4.0,3.0,3.0,4.0,6.0,6.0,7.0,2697.0,3.0,3.0,3.0,4.0,4.0,3.0,3.0,4.0,1.0,2.0,3.0,4.0,6.0,5.0,4.0,2764.0,7.0,4.0,4.0,7.0,6.0,5.0,5.0,4.0,5.0,4.0,5.0,7.0,7.0,7.0,6.0,2739.0,5.0,4.0,6.0,7.0,6.0,5.0,5.0,5.0,5.0,4.0,5.0,7.0,9.0,8.0,6.0,2737.0,7.0,6.0,7.0,9.0,8.0,5.0,6.0,5.0,6.0,5.0,6.0,7.0,7.0,10.0,7.0,freqmine
4157.0,820.0,725.0,820.0,784.0,840.0,772.0,792.0,789.0,764.0,739.0,762.0,803.0,874.0,827.0,840.0,2883.0,10.0,6.0,7.0,4.0,11.0,4.0,6.0,8.0,6.0,4.0,5.0,5.0,8.0,9.0,12.0,2894.0,5.0,3.0,5.0,5.0,5.0,1.0,2.0,3.0,2.0,0.0,1.0,2.0,4.0,4.0,8.0,2858.0,8.0,4.0,3.0,8.0,10.0,4.0,3.0,8.0,6.0,5.0,5.0,8.0,7.0,7.0,9.0,2821.0,8.0,5.0,2.0,5.0,9.0,2.0,3.0,5.0,6.0,1.0,4.0,6.0,9.0,7.0,9.0,2960.0,7.0,7.0,7.0,6.0,9.0,5.0,5.0,7.0,5.0,2.0,6.0,7.0,8.0,7.0,10.0,2915.0,5.0,2.0,1.0,6.0,7.0,1.0,2.0,5.0,4.0,1.0,3.0,5.0,6.0,6.0,9.0,2805.0,7.0,4.0,5.0,5.0,9.0,4.0,4.0,6.0,5.0,2.0,4.0,7.0,7.0,7.0,9.0,2844.0,7.0,3.0,5.0,5.0,8.0,2.0,3.0,6.0,4.0,2.0,3.0,7.0,6.0,7.0,8.0,2734.0,6.0,3.0,4.0,4.0,7.0,2.0,3.0,5.0,4.0,3.0,5.0,5.0,7.0,6.0,8.0,2692.0,7.0,2.0,4.0,4.0,6.0,2.0,2.0,5.0,3.0,1.0,3.0,4.0,5.0,4.0,8.0,2670.0,6.0,2.0,4.0,2.0,7.0,1.0,3.0,5.0,3.0,1.0,3.0,4.0,5.0,5.0,8.0,2707.0,5.0,3.0,5.0,3.0,7.0,2.0,4.0,8.0,4.0,0.0,2.0,5.0,7.0,4.0,9.0,2842.0,10.0,6.0,8.0,5.0,10.0,4.0,6.0,8.0,6.0,3.0,5.0,8.0,8.0,9.0,10.0,2867.0,10.0,5.0,7.0,7.0,10.0,5.0,7.0,8.0,7.0,3.0,6.0,7.0,9.0,7.0,12.0,3012.0,10.0,5.0,7.0,6.0,8.0,4.0,5.0,7.0,5.0,3.0,6.0,8.0,9.0,9.0,11.0,freqmine
6685.0,1991.0,1865.0,1920.0,1968.0,1988.0,1938.0,1956.0,1961.0,1988.0,1971.0,1969.0,2018.0,2078.0,2041.0,2008.0,3393.0,9.0,13.0,17.0,17.0,10.0,14.0,11.0,13.0,14.0,11.0,9.0,13.0,15.0,13.0,14.0,4177.0,7.0,6.0,14.0,10.0,9.0,10.0,8.0,9.0,10.0,9.0,5.0,9.0,8.0,10.0,8.0,3190.0,9.0,9.0,17.0,11.0,12.0,11.0,14.0,11.0,11.0,9.0,7.0,10.0,10.0,12.0,11.0,3358.0,11.0,11.0,18.0,15.0,13.0,15.0,13.0,14.0,11.0,12.0,7.0,12.0,11.0,12.0,13.0,3710.0,14.0,10.0,20.0,17.0,15.0,15.0,14.0,15.0,14.0,13.0,8.0,13.0,15.0,15.0,14.0,3495.0,10.0,11.0,19.0,12.0,13.0,12.0,12.0,12.0,12.0,11.0,6.0,10.0,10.0,11.0,10.0,3310.0,11.0,9.0,17.0,13.0,13.0,13.0,15.0,12.0,11.0,11.0,7.0,13.0,12.0,14.0,11.0,3373.0,10.0,9.0,18.0,12.0,13.0,14.0,13.0,12.0,13.0,11.0,9.0,15.0,13.0,10.0,13.0,3239.0,12.0,9.0,18.0,14.0,13.0,14.0,12.0,13.0,12.0,13.0,7.0,13.0,13.0,13.0,11.0,3616.0,7.0,6.0,16.0,9.0,9.0,10.0,9.0,11.0,12.0,9.0,6.0,9.0,11.0,9.0,10.0,3311.0,5.0,4.0,13.0,10.0,9.0,9.0,7.0,8.0,9.0,8.0,5.0,7.0,9.0,8.0,9.0,3400.0,12.0,10.0,20.0,15.0,15.0,15.0,14.0,13.0,15.0,13.0,10.0,13.0,17.0,15.0,15.0,3541.0,11.0,9.0,18.0,16.0,15.0,15.0,13.0,12.0,12.0,13.0,8.0,15.0,15.0,12.0,14.0,3487.0,10.0,10.0,20.0,15.0,14.0,16.0,14.0,12.0,15.0,14.0,9.0,14.0,15.0,13.0,14.0,4010.0,12.0,11.0,20.0,16.0,16.0,16.0,14.0,14.0,15.0,14.0,11.0,13.0,16.0,13.0,16.0,freqmine
6611.0,2008.0,1903.0,1967.0,1973.0,2002.0,1959.0,1983.0,1993.0,1998.0,1927.0,1958.0,1976.0,2036.0,1957.0,2038.0,3278.0,9.0,11.0,14.0,8.0,16.0,7.0,11.0,10.0,11.0,7.0,6.0,8.0,15.0,8.0,13.0,4020.0,10.0,5.0,12.0,9.0,10.0,7.0,9.0,10.0,9.0,5.0,5.0,8.0,14.0,4.0,12.0,3384.0,16.0,13.0,17.0,14.0,16.0,12.0,14.0,15.0,15.0,11.0,10.0,13.0,21.0,11.0,16.0,3238.0,9.0,6.0,10.0,6.0,11.0,6.0,9.0,9.0,11.0,5.0,6.0,7.0,15.0,7.0,12.0,3886.0,9.0,8.0,12.0,8.0,12.0,8.0,11.0,12.0,13.0,8.0,8.0,10.0,17.0,8.0,12.0,3521.0,9.0,8.0,10.0,8.0,10.0,7.0,10.0,9.0,10.0,7.0,6.0,9.0,15.0,8.0,11.0,3274.0,7.0,7.0,10.0,8.0,8.0,4.0,8.0,9.0,9.0,5.0,4.0,5.0,11.0,4.0,9.0,3263.0,11.0,12.0,14.0,15.0,13.0,10.0,12.0,11.0,15.0,10.0,7.0,11.0,17.0,10.0,12.0,3126.0,8.0,10.0,12.0,11.0,9.0,9.0,10.0,12.0,11.0,7.0,8.0,10.0,15.0,10.0,13.0,3441.0,5.0,6.0,8.0,8.0,7.0,7.0,8.0,9.0,9.0,5.0,4.0,6.0,12.0,7.0,9.0,3323.0,6.0,6.0,7.0,6.0,3.0,4.0,7.0,9.0,8.0,4.0,3.0,6.0,10.0,3.0,8.0,3319.0,8.0,8.0,8.0,7.0,6.0,5.0,8.0,13.0,9.0,6.0,3.0,5.0,12.0,5.0,6.0,3567.0,13.0,11.0,13.0,10.0,10.0,8.0,11.0,15.0,14.0,11.0,10.0,12.0,16.0,12.0,13.0,3402.0,8.0,9.0,11.0,8.0,8.0,6.0,8.0,11.0,9.0,8.0,6.0,6.0,13.0,6.0,11.0,4086.0,12.0,11.0,11.0,11.0,10.0,9.0,10.0,12.0,10.0,8.0,7.0,9.0,14.0,9.0,12.0,freqmine
6651.0,2039.0,1918.0,1994.0,1986.0,2013.0,1938.0,2012.0,1987.0,1986.0,1902.0,1926.0,1943.0,2005.0,1970.0,2024.0,3193.0,13.0,13.0,11.0,13.0,12.0,9.0,12.0,13.0,15.0,9.0,11.0,12.0,13.0,13.0,14.0,3600.0,10.0,6.0,8.0,9.0,7.0,5.0,8.0,8.0,9.0,4.0,5.0,8.0,7.0,9.0,10.0,3229.0,10.0,7.0,8.0,11.0,8.0,5.0,9.0,10.0,11.0,5.0,7.0,9.0,8.0,9.0,11.0,3302.0,11.0,10.0,10.0,11.0,11.0,7.0,10.0,12.0,9.0,7.0,8.0,12.0,9.0,10.0,12.0,3750.0,11.0,6.0,8.0,12.0,9.0,7.0,10.0,9.0,10.0,6.0,8.0,9.0,7.0,9.0,11.0,3541.0,4.0,3.0,2.0,8.0,4.0,2.0,4.0,5.0,5.0,4.0,4.0,4.0,3.0,3.0,6.0,3302.0,9.0,8.0,7.0,10.0,9.0,8.0,11.0,9.0,11.0,9.0,11.0,11.0,10.0,9.0,11.0,3234.0,8.0,6.0,6.0,8.0,9.0,5.0,8.0,8.0,10.0,7.0,10.0,10.0,9.0,7.0,9.0,3019.0,10.0,7.0,7.0,8.0,11.0,5.0,10.0,9.0,9.0,7.0,10.0,10.0,9.0,7.0,8.0,3131.0,5.0,2.0,3.0,4.0,7.0,4.0,7.0,3.0,4.0,2.0,4.0,6.0,5.0,4.0,5.0,3231.0,9.0,6.0,6.0,7.0,11.0,5.0,9.0,6.0,9.0,7.0,9.0,8.0,8.0,8.0,9.0,3204.0,5.0,5.0,5.0,6.0,9.0,4.0,8.0,6.0,7.0,4.0,6.0,8.0,7.0,6.0,9.0,3370.0,11.0,8.0,8.0,11.0,13.0,8.0,11.0,9.0,11.0,9.0,9.0,11.0,9.0,10.0,12.0,3326.0,10.0,8.0,7.0,11.0,11.0,7.0,9.0,8.0,10.0,8.0,10.0,12.0,10.0,10.0,12.0,3913.0,11.0,7.0,7.0,9.0,10.0,5.0,10.0,7.0,9.0,5.0,8.0,10.0,9.0,10.0,11.0,freqmine
5824.0,2039.0,1919.0,1972.0,1995.0,2007.0,1895.0,1942.0,1969.0,1968.0,1923.0,1948.0,1974.0,2011.0,2002.0,2002.0,3160.0,16.0,15.0,15.0,15.0,19.0,10.0,13.0,12.0,11.0,11.0,12.0,10.0,13.0,13.0,15.0,3290.0,11.0,8.0,10.0,9.0,12.0,6.0,8.0,8.0,7.0,7.0,8.0,6.0,8.0,10.0,10.0,3066.0,13.0,10.0,10.0,11.0,14.0,8.0,9.0,5.0,7.0,7.0,9.0,5.0,8.0,9.0,12.0,3133.0,11.0,7.0,12.0,10.0,11.0,10.0,7.0,8.0,6.0,9.0,10.0,8.0,9.0,10.0,11.0,3524.0,16.0,10.0,14.0,14.0,14.0,11.0,11.0,10.0,8.0,11.0,11.0,10.0,11.0,11.0,13.0,3181.0,10.0,8.0,10.0,9.0,12.0,6.0,8.0,7.0,6.0,7.0,7.0,6.0,6.0,9.0,8.0,3160.0,12.0,8.0,12.0,10.0,13.0,8.0,9.0,10.0,8.0,9.0,8.0,7.0,9.0,8.0,10.0,3143.0,12.0,9.0,11.0,9.0,11.0,7.0,9.0,8.0,8.0,7.0,7.0,9.0,8.0,9.0,10.0,3016.0,10.0,5.0,9.0,6.0,8.0,5.0,7.0,8.0,7.0,7.0,5.0,4.0,7.0,7.0,9.0,3121.0,10.0,7.0,9.0,9.0,10.0,8.0,6.0,8.0,8.0,6.0,8.0,6.0,8.0,10.0,9.0,3019.0,10.0,7.0,9.0,9.0,10.0,7.0,8.0,8.0,7.0,6.0,7.0,6.0,9.0,9.0,10.0,3209.0,12.0,8.0,10.0,11.0,12.0,8.0,9.0,12.0,8.0,8.0,9.0,8.0,12.0,12.0,11.0,3278.0,12.0,7.0,10.0,10.0,11.0,6.0,8.0,8.0,7.0,7.0,8.0,9.0,10.0,8.0,11.0,3168.0,13.0,10.0,12.0,12.0,13.0,10.0,10.0,10.0,10.0,11.0,10.0,10.0,13.0,12.0,12.0,3495.0,14.0,10.0,13.0,12.0,13.0,7.0,9.0,10.0,10.0,9.0,10.0,8.0,11.0,9.0,13.0,freqmine
827.0,528.0,484.0,550.0,4950.0,528.0,476.0,503.0,507.0,489.0,457.0,467.0,479.0,518.0,540.0,546.0,270.0,4.0,6.0,5.0,2697.0,6.0,3.0,4.0,5.0,10.0,2.0,4.0,6.0,5.0,6.0,7.0,248.0,2.0,2.0,2.0,2901.0,3.0,1.0,1.0,2.0,3.0,0.0,2.0,1.0,3.0,2.0,2.0,282.0,6.0,3.0,5.0,2851.0,5.0,4.0,4.0,4.0,4.0,4.0,5.0,4.0,3.0,7.0,5.0,277.0,5.0,7.0,9.0,3027.0,4.0,9.0,8.0,6.0,6.0,5.0,3.0,5.0,4.0,6.0,9.0,274.0,4.0,5.0,9.0,3491.0,3.0,9.0,5.0,4.0,3.0,2.0,4.0,3.0,3.0,8.0,7.0,240.0,3.0,1.0,4.0,3478.0,4.0,2.0,2.0,3.0,1.0,0.0,1.0,0.0,2.0,6.0,3.0,259.0,3.0,3.0,5.0,3321.0,2.0,2.0,2.0,3.0,4.0,2.0,3.0,0.0,3.0,6.0,5.0,267.0,3.0,2.0,4.0,3084.0,3.0,5.0,4.0,4.0,2.0,1.0,1.0,2.0,3.0,8.0,4.0,252.0,4.0,3.0,5.0,2717.0,4.0,3.0,3.0,4.0,2.0,2.0,4.0,2.0,3.0,8.0,6.0,230.0,2.0,0.0,4.0,3234.0,2.0,2.0,1.0,1.0,1.0,0.0,0.0,1.0,2.0,4.0,3.0,239.0,3.0,1.0,2.0,3566.0,2.0,2.0,2.0,2.0,1.0,1.0,1.0,0.0,3.0,4.0,6.0,242.0,1.0,1.0,5.0,3206.0,3.0,1.0,2.0,1.0,2.0,1.0,0.0,1.0,2.0,8.0,5.0,265.0,4.0,3.0,5.0,3232.0,7.0,4.0,3.0,4.0,3.0,1.0,1.0,2.0,8.0,6.0,3.0,277.0,4.0,3.0,7.0,3207.0,6.0,5.0,7.0,7.0,5.0,4.0,4.0,6.0,5.0,10.0,7.0,278.0,5.0,5.0,7.0,3947.0,3.0,6.0,4.0,5.0,4.0,1.0,3.0,4.0,3.0,7.0,7.0,freqmine
4893.0,1964.0,1884.0,1976.0,1936.0,1971.0,1873.0,1900.0,1902.0,1909.0,1836.0,1883.0,1907.0,1966.0,1976.0,1974.0,2857.0,9.0,12.0,15.0,9.0,11.0,6.0,8.0,7.0,9.0,6.0,7.0,8.0,10.0,12.0,12.0,2817.0,7.0,4.0,12.0,8.0,7.0,6.0,6.0,5.0,6.0,2.0,5.0,6.0,7.0,8.0,8.0,2854.0,14.0,11.0,19.0,13.0,15.0,12.0,14.0,14.0,14.0,11.0,13.0,13.0,14.0,16.0,16.0,2843.0,9.0,8.0,11.0,9.0,10.0,5.0,9.0,7.0,8.0,5.0,6.0,7.0,7.0,10.0,9.0,2865.0,9.0,7.0,12.0,9.0,10.0,6.0,8.0,7.0,9.0,5.0,8.0,9.0,9.0,11.0,10.0,2806.0,5.0,4.0,10.0,4.0,5.0,1.0,4.0,3.0,5.0,4.0,3.0,4.0,5.0,7.0,5.0,2816.0,7.0,5.0,11.0,7.0,7.0,3.0,6.0,4.0,6.0,3.0,4.0,5.0,6.0,7.0,7.0,2822.0,7.0,4.0,8.0,8.0,6.0,3.0,5.0,3.0,6.0,3.0,4.0,6.0,7.0,7.0,6.0,2826.0,10.0,8.0,12.0,11.0,10.0,6.0,8.0,6.0,7.0,5.0,7.0,8.0,8.0,9.0,9.0,2786.0,5.0,2.0,8.0,5.0,5.0,1.0,5.0,3.0,4.0,0.0,2.0,4.0,4.0,6.0,5.0,2798.0,7.0,5.0,11.0,8.0,7.0,2.0,5.0,4.0,6.0,3.0,4.0,7.0,6.0,8.0,8.0,2824.0,7.0,6.0,10.0,7.0,8.0,3.0,6.0,6.0,8.0,5.0,6.0,6.0,8.0,9.0,8.0,2858.0,10.0,7.0,12.0,8.0,8.0,5.0,7.0,8.0,9.0,7.0,9.0,9.0,9.0,11.0,10.0,2854.0,9.0,8.0,13.0,11.0,10.0,6.0,8.0,7.0,8.0,5.0,7.0,8.0,9.0,11.0,11.0,2863.0,12.0,9.0,15.0,11.0,11.0,7.0,9.0,8.0,9.0,6.0,9.0,9.0,10.0,13.0,11.0,freqmine
5292.0,2012.0,1926.0,1997.0,1975.0,2025.0,1930.0,1939.0,1956.0,1944.0,1904.0,1923.0,1951.0,2027.0,2042.0,2018.0,2950.0,14.0,14.0,14.0,16.0,22.0,13.0,13.0,18.0,12.0,10.0,10.0,14.0,22.0,17.0,20.0,3009.0,12.0,8.0,12.0,12.0,17.0,10.0,9.0,14.0,8.0,7.0,6.0,9.0,17.0,14.0,16.0,2925.0,11.0,10.0,11.0,15.0,17.0,11.0,10.0,14.0,8.0,8.0,7.0,9.0,13.0,13.0,14.0,2955.0,11.0,8.0,10.0,12.0,17.0,9.0,10.0,13.0,8.0,8.0,5.0,9.0,13.0,13.0,12.0,3084.0,14.0,11.0,13.0,15.0,21.0,12.0,12.0,17.0,10.0,10.0,8.0,10.0,15.0,15.0,15.0,3019.0,8.0,9.0,9.0,13.0,18.0,9.0,9.0,13.0,6.0,5.0,5.0,7.0,12.0,12.0,12.0,2921.0,13.0,11.0,13.0,14.0,21.0,11.0,12.0,17.0,10.0,8.0,8.0,12.0,18.0,17.0,17.0,3004.0,10.0,9.0,10.0,12.0,20.0,11.0,9.0,13.0,9.0,8.0,8.0,13.0,15.0,13.0,15.0,2863.0,11.0,10.0,13.0,13.0,20.0,11.0,10.0,16.0,9.0,11.0,8.0,11.0,20.0,16.0,17.0,2885.0,8.0,5.0,8.0,10.0,17.0,8.0,8.0,13.0,6.0,7.0,6.0,8.0,14.0,13.0,12.0,2873.0,11.0,8.0,12.0,11.0,19.0,10.0,10.0,15.0,9.0,9.0,9.0,9.0,19.0,15.0,15.0,2958.0,10.0,8.0,9.0,13.0,18.0,9.0,10.0,13.0,6.0,7.0,7.0,9.0,15.0,13.0,15.0,2997.0,17.0,13.0,16.0,18.0,24.0,15.0,14.0,18.0,12.0,12.0,10.0,16.0,22.0,21.0,20.0,3012.0,16.0,13.0,16.0,18.0,23.0,15.0,14.0,19.0,13.0,14.0,12.0,14.0,22.0,18.0,20.0,3150.0,16.0,12.0,14.0,17.0,22.0,13.0,13.0,17.0,10.0,12.0,11.0,14.0,18.0,17.0,18.0,freqmine
6155.0,2077.0,1972.0,2061.0,2070.0,2076.0,1990.0,2026.0,2029.0,2023.0,1962.0,1990.0,2023.0,2081.0,2074.0,2075.0,3165.0,16.0,17.0,20.0,16.0,18.0,15.0,13.0,12.0,13.0,12.0,11.0,14.0,20.0,13.0,21.0,3486.0,11.0,10.0,15.0,10.0,11.0,11.0,8.0,7.0,7.0,8.0,6.0,8.0,13.0,9.0,13.0,3165.0,19.0,17.0,21.0,17.0,21.0,16.0,16.0,15.0,15.0,14.0,13.0,15.0,19.0,14.0,20.0,3171.0,19.0,14.0,23.0,15.0,17.0,15.0,15.0,14.0,13.0,13.0,12.0,14.0,18.0,14.0,19.0,3629.0,19.0,13.0,22.0,19.0,18.0,16.0,16.0,14.0,14.0,14.0,13.0,15.0,20.0,16.0,21.0,3542.0,15.0,12.0,19.0,13.0,15.0,12.0,11.0,11.0,10.0,9.0,9.0,12.0,17.0,12.0,17.0,3334.0,13.0,9.0,18.0,12.0,13.0,11.0,9.0,9.0,8.0,8.0,7.0,10.0,15.0,12.0,16.0,3323.0,15.0,12.0,18.0,14.0,15.0,15.0,13.0,11.0,12.0,10.0,9.0,14.0,18.0,14.0,18.0,3091.0,12.0,8.0,14.0,9.0,11.0,11.0,9.0,7.0,7.0,7.0,5.0,8.0,14.0,10.0,12.0,3161.0,12.0,10.0,15.0,12.0,12.0,11.0,9.0,9.0,11.0,9.0,8.0,9.0,15.0,10.0,15.0,3082.0,10.0,8.0,12.0,8.0,9.0,9.0,6.0,6.0,5.0,5.0,5.0,7.0,13.0,10.0,13.0,3163.0,15.0,12.0,18.0,13.0,14.0,13.0,11.0,15.0,12.0,11.0,10.0,12.0,20.0,13.0,17.0,3461.0,18.0,12.0,19.0,14.0,15.0,15.0,12.0,12.0,12.0,12.0,11.0,15.0,20.0,15.0,19.0,3387.0,15.0,13.0,19.0,14.0,15.0,13.0,12.0,12.0,12.0,13.0,10.0,14.0,21.0,15.0,19.0,3816.0,15.0,12.0,17.0,13.0,13.0,12.0,10.0,10.0,11.0,8.0,8.0,11.0,17.0,13.0,16.0,freqmine
5957.0,2141.0,2043.0,2136.0,2103.0,2129.0,2055.0,2081.0,2100.0,2107.0,2018.0,2058.0,2065.0,2138.0,2143.0,2148.0,3214.0,15.0,14.0,11.0,11.0,13.0,9.0,11.0,13.0,13.0,10.0,10.0,11.0,15.0,16.0,13.0,3416.0,10.0,4.0,7.0,8.0,8.0,6.0,7.0,9.0,9.0,4.0,6.0,8.0,9.0,10.0,9.0,3200.0,14.0,7.0,10.0,13.0,12.0,8.0,10.0,13.0,12.0,8.0,9.0,11.0,13.0,13.0,13.0,3171.0,11.0,7.0,9.0,10.0,12.0,7.0,7.0,11.0,10.0,7.0,8.0,9.0,10.0,12.0,12.0,3460.0,12.0,8.0,9.0,10.0,11.0,7.0,8.0,14.0,13.0,8.0,9.0,10.0,12.0,13.0,12.0,3359.0,9.0,4.0,4.0,8.0,7.0,3.0,4.0,10.0,10.0,6.0,6.0,5.0,8.0,9.0,8.0,3281.0,11.0,7.0,7.0,10.0,9.0,6.0,9.0,9.0,11.0,8.0,9.0,9.0,10.0,12.0,10.0,3406.0,12.0,8.0,11.0,12.0,12.0,6.0,8.0,11.0,12.0,10.0,10.0,10.0,13.0,12.0,11.0,3150.0,10.0,7.0,10.0,9.0,10.0,5.0,7.0,10.0,9.0,7.0,9.0,10.0,11.0,11.0,11.0,3269.0,8.0,5.0,8.0,7.0,9.0,6.0,7.0,8.0,8.0,5.0,7.0,8.0,10.0,9.0,7.0,3129.0,9.0,4.0,8.0,8.0,8.0,3.0,6.0,9.0,9.0,7.0,8.0,7.0,8.0,7.0,7.0,3163.0,9.0,5.0,7.0,7.0,8.0,4.0,6.0,8.0,8.0,5.0,6.0,6.0,8.0,7.0,7.0,3299.0,15.0,9.0,11.0,13.0,12.0,8.0,11.0,14.0,14.0,12.0,12.0,12.0,12.0,14.0,12.0,3407.0,13.0,9.0,10.0,13.0,12.0,8.0,10.0,11.0,11.0,9.0,8.0,10.0,10.0,11.0,10.0,3694.0,16.0,10.0,12.0,13.0,13.0,8.0,11.0,12.0,12.0,9.0,10.0,11.0,12.0,11.0,12.0,freqmine
22042.0,14738.0,14827.0,14738.0,12933.0,14617.0,13621.0,14089.0,14311.0,14485.0,14688.0,14856.0,14260.0,16114.0,14596.0,14128.0,7825.0,1665.0,1715.0,1347.0,79.0,1116.0,962.0,957.0,1608.0,2445.0,1702.0,1783.0,1132.0,2676.0,4211.0,1320.0,7753.0,1667.0,1645.0,1240.0,75.0,1003.0,1161.0,974.0,1900.0,3939.0,1781.0,1797.0,1054.0,2106.0,2764.0,2059.0,7958.0,3622.0,1689.0,1033.0,89.0,1206.0,1106.0,1125.0,1889.0,2715.0,2748.0,1658.0,1060.0,2177.0,2051.0,1622.0,7628.0,3035.0,1676.0,1028.0,41.0,1047.0,1153.0,1061.0,1542.0,2118.0,2372.0,1793.0,942.0,1920.0,1838.0,1148.0,8180.0,2644.0,4124.0,1180.0,95.0,1088.0,1166.0,1287.0,1619.0,2107.0,2221.0,1949.0,1104.0,1963.0,2053.0,1210.0,7612.0,1910.0,2668.0,1639.0,80.0,957.0,916.0,1294.0,1585.0,1899.0,1739.0,2170.0,983.0,1696.0,1711.0,1058.0,8502.0,1924.0,2196.0,1853.0,89.0,1115.0,1016.0,1093.0,1632.0,1770.0,1628.0,2021.0,1086.0,1892.0,1651.0,1050.0,7897.0,1944.0,1882.0,1373.0,87.0,1498.0,1037.0,991.0,3221.0,1824.0,1608.0,1796.0,1142.0,1811.0,1748.0,1089.0,7705.0,1761.0,1944.0,1081.0,77.0,1992.0,956.0,956.0,2488.0,1668.0,1678.0,1563.0,1032.0,2181.0,1928.0,998.0,7679.0,1735.0,2028.0,1220.0,93.0,1690.0,2089.0,992.0,2127.0,1925.0,2853.0,1687.0,1006.0,2062.0,1892.0,1113.0,7740.0,1792.0,1940.0,1098.0,73.0,1136.0,1584.0,1656.0,1849.0,1874.0,2344.0,1546.0,929.0,1793.0,1979.0,1093.0,7760.0,1852.0,1755.0,1026.0,82.0,1176.0,1198.0,1765.0,1905.0,2109.0,2047.0,3847.0,836.0,1693.0,1874.0,1203.0,7758.0,2251.0,2098.0,1037.0,75.0,1169.0,1145.0,1397.0,1756.0,1971.0,2050.0,2807.0,1485.0,1814.0,1707.0,1188.0,7533.0,2136.0,1903.0,1101.0,75.0,1161.0,1181.0,1099.0,1533.0,1700.0,2033.0,2269.0,1781.0,1816.0,1669.0,968.0,7983.0,2068.0,2521.0,1378.0,88.0,1230.0,1318.0,1281.0,1675.0,1908.0,2147.0,2307.0,1629.0,4153.0,2024.0,1158.0,freqmine
25022.0,16658.0,13517.0,11985.0,8796.0,16706.0,13325.0,13486.0,12270.0,13407.0,13830.0,11898.0,15372.0,13485.0,14531.0,12656.0,8792.0,6150.0,3222.0,2351.0,123.0,4722.0,3112.0,2032.0,2698.0,3955.0,3130.0,1874.0,4230.0,4974.0,6061.0,2780.0,8821.0,6280.0,3808.0,3045.0,132.0,4981.0,3330.0,3466.0,3493.0,5493.0,3862.0,3020.0,2726.0,5661.0,6396.0,3700.0,8011.0,6682.0,2979.0,2321.0,135.0,5115.0,3294.0,2657.0,6117.0,4523.0,2824.0,2641.0,2153.0,6434.0,5191.0,3436.0,8952.0,5874.0,2351.0,2303.0,23.0,5279.0,3601.0,2220.0,4096.0,3823.0,4388.0,2717.0,4038.0,5638.0,4563.0,6259.0,9071.0,6597.0,4017.0,3300.0,132.0,5725.0,4960.0,3342.0,3994.0,4210.0,12557.0,3690.0,5540.0,5087.0,5362.0,4337.0,8424.0,4917.0,3789.0,3392.0,119.0,6397.0,3603.0,2554.0,3333.0,4725.0,4763.0,3004.0,5842.0,5195.0,6448.0,3386.0,8132.0,4992.0,3949.0,2317.0,139.0,5929.0,2716.0,2597.0,3447.0,4258.0,3321.0,2581.0,3283.0,5180.0,6261.0,3090.0,7666.0,5805.0,3518.0,2409.0,111.0,4722.0,3027.0,2285.0,2733.0,4327.0,4791.0,2653.0,3178.0,4799.0,5386.0,3689.0,7237.0,4992.0,3221.0,2532.0,125.0,5053.0,3289.0,2735.0,3048.0,4104.0,2662.0,2386.0,5897.0,4692.0,5710.0,3489.0,7823.0,5350.0,4262.0,2460.0,191.0,5316.0,3462.0,3224.0,3665.0,5011.0,3144.0,2367.0,2209.0,5985.0,6373.0,4666.0,7078.0,6693.0,3475.0,2316.0,128.0,5193.0,3110.0,2475.0,3607.0,4545.0,4320.0,1852.0,3463.0,5324.0,5812.0,4041.0,8285.0,5402.0,3112.0,2326.0,124.0,5419.0,3766.0,2589.0,4464.0,4263.0,6446.0,1916.0,3163.0,5186.0,6315.0,2767.0,9491.0,5727.0,3623.0,2548.0,119.0,5372.0,3772.0,3851.0,2943.0,5133.0,4495.0,3333.0,3240.0,5628.0,7618.0,2376.0,8301.0,4978.0,3051.0,2440.0,120.0,4987.0,4015.0,2009.0,3150.0,3699.0,4593.0,3603.0,4566.0,5017.0,6945.0,2261.0,9461.0,6504.0,3883.0,3112.0,122.0,5564.0,4182.0,3197.0,4615.0,4531.0,4520.0,3893.0,2895.0,5511.0,6655.0,4717.0,freqmine
27439.0,18109.0,16180.0,20319.0,9798.0,19302.0,16281.0,16468.0,13643.0,16609.0,16128.0,14568.0,24142.0,17650.0,18773.0,15507.0,11967.0,9121.0,5154.0,4222.0,81.0,6012.0,5097.0,3579.0,3152.0,6581.0,3960.0,2258.0,9464.0,7916.0,9223.0,6401.0,11738.0,9798.0,5989.0,6980.0,72.0,6246.0,4425.0,4634.0,3133.0,8273.0,5163.0,4616.0,4841.0,8402.0,10945.0,3180.0,11477.0,7705.0,5330.0,10038.0,88.0,6302.0,8242.0,4308.0,3072.0,7583.0,4287.0,4517.0,2748.0,8572.0,9333.0,6579.0,11547.0,13772.0,4453.0,3255.0,29.0,6869.0,9457.0,4416.0,2884.0,6665.0,5345.0,8936.0,9682.0,7494.0,8376.0,9053.0,11864.0,14413.0,6048.0,3646.0,72.0,7054.0,4995.0,5613.0,4708.0,6948.0,12180.0,5998.0,17546.0,6824.0,8330.0,12038.0,11055.0,8149.0,5827.0,3528.0,68.0,7299.0,3995.0,4265.0,3227.0,6968.0,7908.0,4789.0,15404.0,7465.0,10571.0,5401.0,11021.0,5763.0,5511.0,3798.0,82.0,6759.0,3702.0,3831.0,2772.0,6622.0,3094.0,4523.0,4214.0,7790.0,9959.0,2486.0,11136.0,7392.0,4943.0,5047.0,97.0,5896.0,12172.0,3956.0,2576.0,8010.0,12419.0,6447.0,6551.0,7328.0,9164.0,3854.0,10770.0,5801.0,4494.0,2924.0,68.0,6227.0,5653.0,3970.0,2918.0,6503.0,3889.0,5779.0,7778.0,6873.0,9002.0,4397.0,10995.0,5654.0,6074.0,3990.0,104.0,5371.0,6049.0,4366.0,3110.0,7748.0,5683.0,5327.0,3311.0,8928.0,10345.0,3806.0,9996.0,8562.0,5345.0,3376.0,72.0,5577.0,3830.0,3782.0,3436.0,7493.0,5580.0,2565.0,4668.0,8818.0,9583.0,16123.0,11549.0,5832.0,4377.0,3575.0,59.0,6490.0,4137.0,3760.0,2279.0,7917.0,10548.0,3163.0,5058.0,7328.0,9977.0,6744.0,11756.0,6728.0,5019.0,8458.0,69.0,6572.0,11395.0,5146.0,2775.0,8179.0,6176.0,4755.0,6575.0,9056.0,11590.0,12705.0,11121.0,5732.0,4714.0,3294.0,65.0,6464.0,4382.0,3712.0,2502.0,5754.0,8146.0,7579.0,11455.0,7308.0,12163.0,3203.0,12519.0,6568.0,5610.0,5443.0,70.0,7347.0,9010.0,4960.0,4187.0,7590.0,9156.0,5381.0,4831.0,8287.0,9798.0,4008.0,freqmine
26135.0,21229.0,14791.0,23681.0,10541.0,16784.0,15173.0,14574.0,16356.0,17573.0,20388.0,13531.0,23167.0,18915.0,18371.0,15188.0,12546.0,6287.0,2196.0,5415.0,66.0,2677.0,2800.0,2209.0,3742.0,6574.0,4313.0,1816.0,8665.0,3384.0,3756.0,2555.0,13030.0,6870.0,4527.0,3106.0,65.0,3122.0,3693.0,2899.0,5382.0,8855.0,3092.0,2856.0,5772.0,3998.0,4643.0,3441.0,12095.0,3065.0,2352.0,3165.0,71.0,2839.0,3942.0,2480.0,6846.0,9159.0,2209.0,3039.0,2250.0,6189.0,4256.0,2872.0,11725.0,2642.0,2574.0,3759.0,29.0,2299.0,4619.0,2122.0,4112.0,8583.0,7609.0,5309.0,10231.0,1702.0,4183.0,4362.0,11993.0,6081.0,3231.0,2704.0,70.0,3654.0,4520.0,3570.0,6109.0,7157.0,3783.0,3846.0,14881.0,5097.0,4124.0,4025.0,11605.0,3723.0,3108.0,8190.0,67.0,4172.0,4277.0,2999.0,7601.0,7364.0,4721.0,3226.0,11517.0,8176.0,4696.0,3735.0,11470.0,4379.0,3390.0,7723.0,75.0,3344.0,3704.0,2286.0,2446.0,7346.0,4741.0,3551.0,6966.0,7367.0,6633.0,2762.0,11940.0,2643.0,2773.0,3292.0,69.0,3497.0,3495.0,2137.0,4239.0,8744.0,2823.0,5095.0,6564.0,3270.0,4606.0,4829.0,12237.0,2458.0,2027.0,5174.0,53.0,4220.0,3268.0,2117.0,2512.0,7543.0,2574.0,5670.0,7027.0,2505.0,3400.0,2196.0,12028.0,3457.0,3177.0,2765.0,78.0,3447.0,3191.0,2527.0,3566.0,8132.0,5612.0,4791.0,5402.0,7673.0,4823.0,3894.0,11246.0,2372.0,2582.0,8668.0,51.0,7173.0,2827.0,2244.0,4064.0,6785.0,4795.0,2019.0,5430.0,7784.0,4145.0,2996.0,12281.0,4058.0,2192.0,4251.0,49.0,4226.0,2976.0,2049.0,2790.0,8078.0,2213.0,2290.0,5605.0,5985.0,4027.0,2735.0,12264.0,4416.0,2519.0,5169.0,79.0,3781.0,3711.0,2775.0,4850.0,7514.0,2529.0,3713.0,10097.0,2339.0,4626.0,4664.0,11788.0,4282.0,1975.0,7293.0,61.0,3589.0,2960.0,2344.0,3259.0,6715.0,5255.0,5017.0,8473.0,1740.0,4376.0,2316.0,12513.0,5163.0,2898.0,6033.0,64.0,4012.0,4508.0,3065.0,6375.0,7919.0,3261.0,4473.0,7713.0,4872.0,4826.0,6112.0,freqmine
28497.0,17966.0,15794.0,17575.0,14684.0,16502.0,16749.0,15967.0,15746.0,20741.0,17060.0,15759.0,19288.0,18238.0,19002.0,15810.0,14171.0,1958.0,1225.0,1721.0,88.0,1252.0,1437.0,1245.0,1248.0,5574.0,1561.0,1234.0,2524.0,2830.0,2007.0,1218.0,14526.0,2722.0,1190.0,1801.0,39.0,1227.0,1421.0,1218.0,1207.0,7715.0,1645.0,1207.0,2753.0,3350.0,3300.0,1194.0,13625.0,2654.0,1225.0,1862.0,73.0,1260.0,1474.0,1249.0,1246.0,7707.0,1526.0,1251.0,2417.0,2750.0,3251.0,1235.0,13658.0,1953.0,1182.0,1805.0,33.0,1200.0,1365.0,1197.0,1204.0,7325.0,1614.0,1204.0,2636.0,3703.0,2329.0,1190.0,13824.0,2920.0,1219.0,2757.0,50.0,1270.0,1499.0,1245.0,1256.0,6345.0,2000.0,1236.0,4742.0,3333.0,3518.0,1228.0,13557.0,2466.0,1215.0,2973.0,48.0,1269.0,1472.0,1244.0,1247.0,6259.0,1794.0,1232.0,3704.0,2952.0,3672.0,1234.0,12930.0,2010.0,1195.0,1637.0,38.0,1228.0,1417.0,1210.0,1210.0,5843.0,1537.0,1207.0,3294.0,2227.0,2583.0,1195.0,13244.0,2153.0,1192.0,1343.0,45.0,1246.0,1412.0,1212.0,1209.0,6742.0,1469.0,1204.0,2597.0,1897.0,2904.0,1200.0,14202.0,1883.0,1209.0,1648.0,70.0,1232.0,1417.0,1228.0,1247.0,6213.0,1401.0,1238.0,2314.0,1758.0,1827.0,1221.0,12996.0,2375.0,1208.0,1734.0,62.0,1239.0,1409.0,1222.0,1229.0,6894.0,1875.0,1219.0,2707.0,2398.0,4012.0,1208.0,12406.0,1898.0,1184.0,1609.0,31.0,1215.0,1395.0,1203.0,1204.0,5780.0,1626.0,1201.0,2650.0,2308.0,2486.0,1187.0,13727.0,2035.0,1220.0,1938.0,71.0,1244.0,1438.0,1232.0,1242.0,6572.0,1693.0,1235.0,2292.0,2340.0,2674.0,1211.0,13781.0,2441.0,1216.0,1761.0,78.0,1249.0,1427.0,1231.0,1237.0,6034.0,1638.0,1234.0,3779.0,2908.0,3261.0,1216.0,13074.0,1843.0,1215.0,1587.0,72.0,1247.0,1398.0,1234.0,1238.0,5700.0,1471.0,1233.0,2756.0,2402.0,2386.0,1212.0,13471.0,2507.0,1199.0,1757.0,50.0,1241.0,1460.0,1216.0,1220.0,6556.0,1673.0,1217.0,3770.0,3342.0,3091.0,1206.0,freqmine
27798.0,17697.0,17483.0,18201.0,16491.0,18294.0,18421.0,17601.0,17522.0,19435.0,17482.0,17490.0,17541.0,17606.0,17698.0,17611.0,11384.0,1170.0,1128.0,1159.0,56.0,1155.0,1212.0,1179.0,1170.0,1671.0,1182.0,1184.0,1136.0,1155.0,1272.0,1191.0,11212.0,1163.0,1107.0,1145.0,38.0,1144.0,1203.0,1166.0,1155.0,3086.0,1164.0,1176.0,1115.0,1138.0,1244.0,1175.0,11291.0,1176.0,1135.0,1163.0,45.0,1169.0,1234.0,1192.0,1181.0,2371.0,1191.0,1204.0,1138.0,1159.0,1268.0,1196.0,11153.0,1164.0,1112.0,1119.0,33.0,1115.0,1152.0,1157.0,1157.0,1969.0,1163.0,1175.0,1105.0,1130.0,1238.0,1159.0,11444.0,1188.0,1136.0,1167.0,46.0,1171.0,1236.0,1202.0,1195.0,2816.0,1198.0,1205.0,1141.0,1167.0,1268.0,1198.0,11477.0,1198.0,1143.0,1179.0,40.0,1187.0,1248.0,1209.0,1205.0,2462.0,1231.0,1222.0,1156.0,1174.0,1293.0,1213.0,10813.0,1164.0,1106.0,1136.0,41.0,1148.0,1210.0,1175.0,1162.0,2120.0,1172.0,1182.0,1123.0,1141.0,1240.0,1176.0,10835.0,1162.0,1109.0,1137.0,46.0,1155.0,1199.0,1170.0,1159.0,1759.0,1167.0,1174.0,1117.0,1139.0,1240.0,1174.0,11333.0,1226.0,1151.0,1178.0,95.0,1186.0,1234.0,1207.0,1206.0,1733.0,1210.0,1217.0,1156.0,1177.0,1292.0,1221.0,10855.0,1162.0,1106.0,1134.0,43.0,1149.0,1205.0,1170.0,1164.0,2209.0,1169.0,1179.0,1118.0,1135.0,1249.0,1180.0,10728.0,1153.0,1097.0,1130.0,31.0,1144.0,1192.0,1157.0,1154.0,1816.0,1164.0,1169.0,1105.0,1130.0,1239.0,1169.0,11054.0,1178.0,1122.0,1145.0,44.0,1156.0,1213.0,1179.0,1171.0,1885.0,1181.0,1182.0,1120.0,1148.0,1258.0,1191.0,11083.0,1180.0,1123.0,1149.0,54.0,1167.0,1221.0,1185.0,1172.0,2028.0,1187.0,1194.0,1133.0,1156.0,1265.0,1206.0,10944.0,1181.0,1132.0,1153.0,58.0,1169.0,1226.0,1183.0,1176.0,1601.0,1192.0,1200.0,1131.0,1159.0,1266.0,1199.0,11150.0,1170.0,1111.0,1146.0,43.0,1151.0,1211.0,1169.0,1160.0,2562.0,1172.0,1180.0,1122.0,1150.0,1247.0,1182.0,freqmine
863.0,519.0,491.0,543.0,4810.0,505.0,477.0,498.0,516.0,487.0,464.0,484.0,502.0,514.0,531.0,551.0,273.0,5.0,3.0,6.0,2642.0,4.0,6.0,6.0,3.0,1.0,4.0,4.0,2.0,7.0,6.0,8.0,252.0,4.0,3.0,7.0,2848.0,4.0,4.0,4.0,3.0,4.0,2.0,2.0,3.0,4.0,5.0,7.0,282.0,5.0,6.0,7.0,2975.0,4.0,5.0,6.0,4.0,6.0,2.0,3.0,4.0,8.0,7.0,10.0,282.0,4.0,5.0,3.0,2985.0,5.0,4.0,2.0,6.0,7.0,3.0,5.0,6.0,4.0,6.0,7.0,265.0,4.0,2.0,4.0,3467.0,4.0,4.0,3.0,1.0,3.0,2.0,1.0,4.0,6.0,9.0,4.0,246.0,2.0,1.0,4.0,3506.0,2.0,2.0,3.0,2.0,3.0,1.0,2.0,3.0,3.0,3.0,4.0,266.0,3.0,3.0,2.0,3381.0,3.0,4.0,5.0,3.0,1.0,1.0,1.0,4.0,4.0,4.0,4.0,273.0,3.0,3.0,6.0,3148.0,5.0,4.0,5.0,2.0,3.0,2.0,4.0,5.0,6.0,5.0,4.0,257.0,4.0,2.0,4.0,2630.0,2.0,2.0,4.0,2.0,3.0,1.0,0.0,3.0,4.0,6.0,4.0,241.0,2.0,1.0,4.0,3337.0,3.0,1.0,3.0,3.0,2.0,0.0,1.0,1.0,3.0,3.0,5.0,248.0,1.0,2.0,6.0,3556.0,3.0,1.0,2.0,3.0,2.0,1.0,1.0,3.0,3.0,2.0,2.0,258.0,4.0,4.0,3.0,3248.0,5.0,4.0,5.0,2.0,3.0,1.0,3.0,3.0,6.0,3.0,4.0,267.0,5.0,4.0,6.0,3104.0,2.0,3.0,5.0,4.0,3.0,3.0,4.0,5.0,1.0,6.0,8.0,276.0,7.0,5.0,8.0,3185.0,7.0,7.0,6.0,4.0,6.0,4.0,5.0,4.0,8.0,7.0,7.0,279.0,6.0,3.0,4.0,3865.0,7.0,2.0,6.0,4.0,4.0,5.0,3.0,3.0,7.0,4.0,5.0,freqmine
26729.0,18166.0,18002.0,18728.0,17019.0,18838.0,19023.0,18217.0,18030.0,18043.0,17983.0,18041.0,18090.0,18122.0,18157.0,18096.0,9663.0,1166.0,1125.0,1182.0,42.0,1196.0,1236.0,1209.0,1141.0,1136.0,1140.0,1192.0,1142.0,1138.0,1170.0,1136.0,9600.0,1162.0,1116.0,1171.0,29.0,1189.0,1231.0,1198.0,1130.0,1128.0,1130.0,1186.0,1134.0,1127.0,1160.0,1128.0,9953.0,1182.0,1136.0,1188.0,32.0,1210.0,1254.0,1217.0,1149.0,1141.0,1152.0,1209.0,1156.0,1150.0,1178.0,1148.0,9659.0,1181.0,1123.0,1158.0,32.0,1171.0,1180.0,1198.0,1137.0,1131.0,1139.0,1193.0,1135.0,1137.0,1170.0,1144.0,10011.0,1198.0,1144.0,1200.0,35.0,1220.0,1260.0,1230.0,1171.0,1151.0,1165.0,1219.0,1162.0,1165.0,1192.0,1159.0,10109.0,1217.0,1166.0,1218.0,28.0,1240.0,1288.0,1250.0,1178.0,1175.0,1195.0,1242.0,1187.0,1183.0,1225.0,1181.0,9669.0,1165.0,1120.0,1175.0,30.0,1194.0,1240.0,1204.0,1133.0,1126.0,1137.0,1194.0,1146.0,1136.0,1169.0,1136.0,9607.0,1165.0,1118.0,1175.0,33.0,1194.0,1234.0,1199.0,1130.0,1126.0,1134.0,1190.0,1136.0,1133.0,1163.0,1134.0,9620.0,1173.0,1123.0,1179.0,38.0,1198.0,1243.0,1203.0,1137.0,1140.0,1142.0,1197.0,1139.0,1135.0,1172.0,1140.0,9586.0,1167.0,1114.0,1171.0,32.0,1189.0,1239.0,1196.0,1132.0,1133.0,1138.0,1190.0,1133.0,1132.0,1166.0,1131.0,9583.0,1159.0,1112.0,1169.0,23.0,1182.0,1229.0,1194.0,1128.0,1125.0,1134.0,1186.0,1124.0,1126.0,1162.0,1125.0,9644.0,1175.0,1123.0,1182.0,27.0,1196.0,1240.0,1208.0,1140.0,1132.0,1145.0,1190.0,1132.0,1134.0,1162.0,1135.0,9664.0,1172.0,1125.0,1181.0,31.0,1206.0,1244.0,1211.0,1143.0,1137.0,1152.0,1198.0,1142.0,1142.0,1170.0,1148.0,9660.0,1169.0,1125.0,1181.0,34.0,1204.0,1233.0,1207.0,1143.0,1135.0,1149.0,1198.0,1136.0,1138.0,1166.0,1136.0,9643.0,1166.0,1118.0,1174.0,32.0,1197.0,1236.0,1202.0,1136.0,1139.0,1139.0,1190.0,1133.0,1139.0,1162.0,1134.0,freqmine
24883.0,16940.0,16895.0,17146.0,15738.0,18616.0,17500.0,17426.0,17048.0,16778.0,16716.0,17155.0,16940.0,16885.0,16837.0,19076.0,9046.0,1167.0,1223.0,1164.0,42.0,1230.0,1466.0,1435.0,1390.0,1153.0,1132.0,1467.0,1168.0,1115.0,1123.0,1474.0,8959.0,1171.0,1246.0,1163.0,39.0,1602.0,1457.0,1558.0,1494.0,1149.0,1125.0,1556.0,1164.0,1118.0,1122.0,1544.0,9161.0,1175.0,1254.0,1168.0,33.0,1256.0,1511.0,1575.0,1495.0,1158.0,1137.0,1674.0,1173.0,1120.0,1130.0,1563.0,9016.0,1180.0,1304.0,1155.0,32.0,1711.0,1524.0,1695.0,1664.0,1156.0,1132.0,1650.0,1157.0,1115.0,1122.0,1522.0,9254.0,1195.0,1381.0,1183.0,42.0,2307.0,1596.0,1741.0,2078.0,1168.0,1155.0,1804.0,1180.0,1147.0,1146.0,1598.0,9181.0,1188.0,1320.0,1181.0,31.0,1591.0,1521.0,1654.0,1399.0,1173.0,1165.0,1682.0,1188.0,1138.0,1152.0,1506.0,9047.0,1184.0,1372.0,1164.0,50.0,1374.0,1487.0,1618.0,1548.0,1164.0,1147.0,1665.0,1176.0,1127.0,1136.0,1433.0,8955.0,1173.0,1317.0,1161.0,40.0,1590.0,1497.0,1601.0,1564.0,1152.0,1135.0,1504.0,1166.0,1129.0,1125.0,1380.0,8979.0,1172.0,1353.0,1158.0,39.0,1196.0,1505.0,1574.0,1521.0,1155.0,1133.0,1645.0,1157.0,1115.0,1124.0,1444.0,8949.0,1165.0,1296.0,1151.0,33.0,1697.0,1456.0,1512.0,2007.0,1149.0,1128.0,1576.0,1154.0,1111.0,1122.0,1377.0,8939.0,1171.0,1245.0,1155.0,36.0,1705.0,1462.0,1507.0,2270.0,1153.0,1137.0,1537.0,1166.0,1124.0,1126.0,1386.0,9046.0,1171.0,1342.0,1158.0,29.0,1243.0,1528.0,1500.0,1429.0,1146.0,1132.0,1468.0,1154.0,1115.0,1121.0,1401.0,9044.0,1172.0,1238.0,1161.0,32.0,1610.0,1441.0,1557.0,1381.0,1157.0,1139.0,1426.0,1166.0,1122.0,1131.0,2031.0,9020.0,1168.0,1194.0,1160.0,34.0,1184.0,1418.0,1462.0,1331.0,1154.0,1137.0,1492.0,1163.0,1120.0,1126.0,1383.0,9033.0,1174.0,1259.0,1156.0,34.0,1246.0,1564.0,1491.0,1427.0,1154.0,1134.0,1605.0,1169.0,1129.0,1125.0,1496.0,freqmine
27480.0,19205.0,18337.0,18773.0,17064.0,19031.0,19226.0,19199.0,18702.0,18313.0,18902.0,18829.0,18958.0,19142.0,18695.0,19261.0,9884.0,1515.0,1490.0,1643.0,54.0,1437.0,1576.0,1518.0,1533.0,1190.0,1600.0,1549.0,1480.0,1433.0,1354.0,1509.0,9504.0,1495.0,1524.0,1591.0,53.0,1606.0,1541.0,1548.0,1496.0,1189.0,1533.0,1495.0,1476.0,1395.0,1345.0,1483.0,9613.0,1438.0,1505.0,1565.0,50.0,1449.0,1623.0,1464.0,1492.0,1185.0,1539.0,1658.0,1529.0,1353.0,1348.0,1508.0,9653.0,1551.0,1534.0,1705.0,32.0,1578.0,1802.0,1581.0,1621.0,1183.0,1987.0,1594.0,1507.0,1342.0,1333.0,1615.0,9852.0,1850.0,1801.0,1893.0,60.0,1831.0,1887.0,1807.0,1924.0,1198.0,2925.0,1865.0,1694.0,1542.0,1434.0,2036.0,9869.0,1571.0,1628.0,1801.0,47.0,1826.0,1626.0,1700.0,1654.0,1207.0,2269.0,1756.0,1610.0,1499.0,1471.0,1714.0,9924.0,1642.0,1815.0,1814.0,55.0,1716.0,1811.0,1813.0,1816.0,1193.0,1745.0,1749.0,1661.0,1453.0,1410.0,1774.0,9661.0,1622.0,1660.0,1693.0,61.0,1680.0,1597.0,1694.0,1602.0,1198.0,2421.0,1631.0,1601.0,1383.0,1374.0,1622.0,9706.0,1598.0,1623.0,1713.0,38.0,1615.0,1697.0,1628.0,1638.0,1189.0,1834.0,1681.0,1550.0,1341.0,1366.0,1709.0,9684.0,1600.0,1583.0,1726.0,52.0,1711.0,1648.0,1576.0,1683.0,1198.0,2115.0,1605.0,1586.0,1402.0,1444.0,1576.0,9695.0,1595.0,1587.0,1639.0,44.0,1642.0,1577.0,1546.0,1545.0,1191.0,1870.0,1589.0,1549.0,1422.0,1412.0,1564.0,9822.0,1709.0,1658.0,1779.0,37.0,1858.0,1750.0,1667.0,1719.0,1183.0,2529.0,1713.0,1568.0,1494.0,1418.0,1623.0,9985.0,1513.0,1649.0,1668.0,40.0,1657.0,1602.0,1612.0,1536.0,1191.0,1677.0,1628.0,1567.0,1416.0,1421.0,1630.0,9760.0,1516.0,1465.0,1615.0,43.0,1543.0,1571.0,1494.0,1578.0,1185.0,1548.0,1555.0,1519.0,1394.0,1368.0,1458.0,9961.0,1658.0,1695.0,1806.0,48.0,1688.0,1776.0,1749.0,1786.0,1198.0,1798.0,1837.0,1628.0,1477.0,1487.0,1723.0,freqmine
16802.0,7808.0,7467.0,6876.0,6477.0,7660.0,7791.0,7336.0,7966.0,7708.0,7843.0,7483.0,8164.0,7998.0,7947.0,7897.0,9850.0,812.0,1081.0,505.0,39.0,644.0,679.0,582.0,728.0,765.0,609.0,535.0,622.0,521.0,563.0,562.0,10550.0,874.0,1046.0,547.0,33.0,647.0,649.0,586.0,723.0,768.0,518.0,433.0,619.0,500.0,521.0,494.0,9215.0,774.0,891.0,491.0,37.0,648.0,673.0,537.0,675.0,752.0,576.0,584.0,609.0,499.0,494.0,502.0,9826.0,811.0,1021.0,514.0,18.0,664.0,730.0,613.0,719.0,739.0,620.0,495.0,633.0,486.0,526.0,577.0,9842.0,946.0,1409.0,664.0,40.0,805.0,906.0,777.0,984.0,821.0,738.0,713.0,811.0,682.0,685.0,790.0,9356.0,1014.0,1360.0,652.0,33.0,803.0,813.0,728.0,989.0,775.0,769.0,644.0,692.0,610.0,637.0,643.0,9231.0,881.0,1123.0,610.0,38.0,687.0,814.0,662.0,767.0,765.0,731.0,571.0,676.0,558.0,584.0,566.0,9640.0,948.0,1293.0,564.0,38.0,726.0,749.0,674.0,818.0,751.0,635.0,569.0,702.0,566.0,605.0,584.0,10871.0,881.0,1195.0,518.0,21.0,641.0,732.0,602.0,766.0,751.0,587.0,497.0,628.0,514.0,562.0,583.0,10048.0,1001.0,1406.0,588.0,34.0,783.0,881.0,690.0,963.0,746.0,697.0,557.0,765.0,605.0,634.0,659.0,9061.0,840.0,1100.0,519.0,26.0,683.0,724.0,619.0,797.0,716.0,602.0,537.0,689.0,562.0,608.0,590.0,10555.0,1116.0,1587.0,695.0,31.0,894.0,924.0,752.0,939.0,782.0,822.0,733.0,816.0,677.0,668.0,649.0,10692.0,1082.0,1355.0,662.0,34.0,816.0,814.0,698.0,901.0,758.0,776.0,637.0,783.0,541.0,688.0,706.0,9651.0,966.0,1259.0,578.0,33.0,809.0,851.0,704.0,873.0,724.0,690.0,674.0,722.0,581.0,603.0,658.0,10334.0,929.0,1173.0,638.0,27.0,844.0,913.0,723.0,946.0,745.0,722.0,682.0,759.0,694.0,642.0,713.0,freqmine
7841.0,1729.0,1624.0,1774.0,1581.0,1757.0,1501.0,1655.0,1612.0,1622.0,1484.0,1622.0,1758.0,1762.0,1802.0,1754.0,5664.0,99.0,112.0,120.0,18.0,126.0,85.0,130.0,129.0,111.0,90.0,124.0,127.0,163.0,128.0,87.0,6098.0,117.0,87.0,122.0,16.0,138.0,115.0,122.0,128.0,131.0,87.0,138.0,161.0,152.0,121.0,106.0,5327.0,134.0,105.0,115.0,17.0,154.0,130.0,144.0,150.0,120.0,100.0,156.0,130.0,176.0,139.0,128.0,5330.0,107.0,103.0,121.0,12.0,134.0,101.0,135.0,143.0,123.0,111.0,144.0,113.0,172.0,141.0,111.0,5685.0,151.0,132.0,145.0,16.0,166.0,136.0,163.0,184.0,162.0,136.0,199.0,177.0,218.0,169.0,168.0,5027.0,104.0,93.0,104.0,16.0,132.0,100.0,118.0,113.0,120.0,112.0,111.0,122.0,164.0,123.0,102.0,5074.0,104.0,77.0,108.0,16.0,118.0,91.0,113.0,113.0,94.0,117.0,121.0,119.0,126.0,112.0,87.0,5432.0,123.0,100.0,106.0,15.0,132.0,98.0,140.0,128.0,119.0,104.0,138.0,138.0,154.0,142.0,133.0,5671.0,100.0,67.0,103.0,15.0,115.0,61.0,109.0,102.0,97.0,69.0,88.0,94.0,130.0,112.0,108.0,5421.0,100.0,98.0,110.0,10.0,110.0,84.0,111.0,119.0,127.0,92.0,113.0,123.0,177.0,145.0,122.0,5119.0,87.0,74.0,97.0,13.0,115.0,77.0,119.0,111.0,83.0,88.0,84.0,110.0,147.0,132.0,106.0,5600.0,119.0,102.0,136.0,15.0,172.0,111.0,131.0,136.0,115.0,104.0,156.0,189.0,162.0,152.0,210.0,5301.0,127.0,99.0,137.0,27.0,145.0,95.0,143.0,145.0,122.0,115.0,145.0,174.0,160.0,127.0,147.0,5335.0,128.0,114.0,136.0,19.0,126.0,92.0,127.0,133.0,114.0,102.0,144.0,171.0,182.0,120.0,136.0,5746.0,162.0,153.0,185.0,23.0,190.0,141.0,155.0,167.0,169.0,149.0,213.0,246.0,255.0,155.0,192.0,freqmine
5299.0,2208.0,2083.0,2193.0,2045.0,2124.0,2035.0,2124.0,2061.0,2059.0,2059.0,1960.0,2014.0,2038.0,2125.0,2053.0,3147.0,93.0,125.0,97.0,44.0,110.0,100.0,120.0,109.0,107.0,113.0,59.0,92.0,104.0,140.0,78.0,3102.0,114.0,73.0,98.0,55.0,97.0,122.0,122.0,103.0,107.0,102.0,58.0,105.0,112.0,139.0,84.0,3106.0,77.0,78.0,72.0,43.0,98.0,89.0,100.0,92.0,97.0,128.0,69.0,79.0,99.0,115.0,74.0,3069.0,96.0,77.0,93.0,40.0,98.0,86.0,84.0,84.0,81.0,124.0,70.0,66.0,73.0,97.0,67.0,3097.0,86.0,79.0,84.0,48.0,90.0,107.0,91.0,105.0,99.0,121.0,79.0,89.0,109.0,136.0,79.0,3050.0,76.0,64.0,70.0,38.0,87.0,70.0,90.0,87.0,88.0,143.0,53.0,80.0,90.0,112.0,77.0,3060.0,73.0,73.0,83.0,34.0,77.0,75.0,78.0,99.0,78.0,110.0,50.0,74.0,74.0,106.0,56.0,3068.0,85.0,73.0,87.0,41.0,99.0,96.0,94.0,69.0,93.0,109.0,69.0,114.0,94.0,123.0,81.0,3030.0,68.0,65.0,72.0,31.0,69.0,76.0,59.0,76.0,69.0,84.0,53.0,65.0,82.0,104.0,61.0,3015.0,103.0,76.0,88.0,57.0,74.0,75.0,79.0,90.0,96.0,99.0,54.0,85.0,85.0,128.0,74.0,3003.0,50.0,42.0,42.0,29.0,46.0,41.0,43.0,56.0,52.0,85.0,28.0,45.0,63.0,81.0,48.0,3039.0,146.0,117.0,138.0,57.0,140.0,123.0,125.0,138.0,135.0,166.0,67.0,100.0,112.0,169.0,96.0,3036.0,91.0,62.0,79.0,37.0,90.0,76.0,80.0,84.0,91.0,93.0,45.0,77.0,72.0,107.0,77.0,3077.0,183.0,135.0,176.0,76.0,155.0,154.0,141.0,150.0,132.0,193.0,79.0,123.0,121.0,165.0,103.0,3069.0,148.0,112.0,139.0,58.0,131.0,124.0,123.0,125.0,134.0,166.0,71.0,115.0,104.0,154.0,88.0,freqmine
4936.0,2026.0,1948.0,1991.0,1985.0,2008.0,1929.0,1956.0,1950.0,1956.0,1905.0,1932.0,1958.0,2008.0,2022.0,2026.0,2873.0,37.0,41.0,25.0,47.0,40.0,37.0,34.0,26.0,25.0,33.0,29.0,33.0,36.0,36.0,34.0,2842.0,37.0,37.0,32.0,41.0,37.0,36.0,29.0,21.0,31.0,35.0,26.0,28.0,30.0,38.0,26.0,2855.0,34.0,32.0,28.0,43.0,38.0,38.0,30.0,22.0,27.0,37.0,30.0,29.0,29.0,35.0,29.0,2830.0,16.0,16.0,20.0,20.0,19.0,15.0,13.0,12.0,11.0,11.0,13.0,14.0,15.0,17.0,15.0,2867.0,40.0,43.0,28.0,46.0,35.0,42.0,38.0,29.0,35.0,37.0,30.0,33.0,29.0,36.0,29.0,2833.0,34.0,40.0,32.0,38.0,33.0,35.0,34.0,26.0,28.0,36.0,29.0,28.0,30.0,36.0,28.0,2842.0,30.0,36.0,32.0,42.0,40.0,37.0,30.0,27.0,29.0,28.0,27.0,30.0,27.0,39.0,31.0,2849.0,32.0,41.0,27.0,43.0,40.0,40.0,39.0,26.0,35.0,36.0,32.0,36.0,33.0,43.0,39.0,2848.0,31.0,33.0,26.0,38.0,33.0,34.0,30.0,23.0,28.0,33.0,29.0,32.0,29.0,44.0,34.0,2810.0,30.0,28.0,27.0,41.0,35.0,35.0,34.0,21.0,31.0,27.0,30.0,33.0,26.0,45.0,32.0,2803.0,22.0,30.0,17.0,34.0,31.0,31.0,28.0,17.0,19.0,25.0,23.0,30.0,18.0,35.0,24.0,2833.0,31.0,34.0,27.0,38.0,27.0,35.0,35.0,24.0,28.0,25.0,27.0,31.0,26.0,47.0,31.0,2867.0,29.0,25.0,25.0,41.0,27.0,37.0,31.0,20.0,26.0,36.0,29.0,38.0,29.0,52.0,36.0,2859.0,38.0,35.0,27.0,41.0,37.0,35.0,32.0,21.0,26.0,32.0,26.0,36.0,29.0,46.0,36.0,2870.0,32.0,34.0,25.0,40.0,30.0,37.0,32.0,22.0,29.0,28.0,24.0,39.0,27.0,46.0,37.0,freqmine
17272.0,11078.0,10836.0,11134.0,9978.0,11157.0,10167.0,10865.0,10675.0,10889.0,10928.0,10701.0,10777.0,10814.0,10936.0,10846.0,6791.0,921.0,818.0,873.0,92.0,904.0,105.0,921.0,825.0,879.0,881.0,784.0,833.0,815.0,855.0,819.0,6746.0,954.0,839.0,905.0,90.0,922.0,107.0,919.0,832.0,905.0,885.0,788.0,841.0,820.0,876.0,840.0,6800.0,1075.0,831.0,885.0,103.0,928.0,115.0,927.0,819.0,901.0,930.0,791.0,847.0,840.0,892.0,858.0,6586.0,858.0,746.0,786.0,34.0,832.0,31.0,840.0,757.0,839.0,847.0,718.0,752.0,747.0,783.0,756.0,6934.0,950.0,880.0,921.0,93.0,947.0,105.0,929.0,897.0,914.0,933.0,815.0,876.0,869.0,897.0,873.0,6805.0,885.0,792.0,830.0,52.0,879.0,52.0,880.0,791.0,877.0,891.0,752.0,814.0,793.0,829.0,807.0,6664.0,923.0,816.0,868.0,89.0,910.0,101.0,890.0,818.0,889.0,911.0,784.0,854.0,820.0,858.0,827.0,6559.0,935.0,814.0,847.0,90.0,907.0,104.0,882.0,788.0,880.0,892.0,777.0,813.0,821.0,852.0,826.0,6690.0,904.0,797.0,864.0,94.0,888.0,102.0,883.0,805.0,873.0,885.0,757.0,814.0,805.0,832.0,811.0,6809.0,925.0,843.0,889.0,93.0,907.0,119.0,909.0,840.0,891.0,916.0,781.0,845.0,827.0,887.0,862.0,6651.0,898.0,802.0,855.0,91.0,891.0,101.0,887.0,818.0,861.0,872.0,761.0,815.0,789.0,831.0,814.0,6634.0,909.0,810.0,854.0,88.0,892.0,103.0,900.0,795.0,872.0,889.0,777.0,821.0,809.0,845.0,844.0,6685.0,934.0,828.0,885.0,99.0,928.0,115.0,916.0,835.0,911.0,906.0,790.0,846.0,828.0,875.0,864.0,6760.0,929.0,844.0,887.0,97.0,918.0,106.0,908.0,852.0,884.0,890.0,800.0,841.0,828.0,863.0,834.0,6843.0,949.0,869.0,897.0,95.0,940.0,104.0,924.0,853.0,922.0,926.0,822.0,894.0,878.0,891.0,872.0,freqmine
25734.0,17524.0,17311.0,18007.0,16357.0,18045.0,17958.0,17501.0,17341.0,17406.0,17323.0,17300.0,17400.0,17448.0,17448.0,17409.0,9315.0,1173.0,1119.0,1172.0,47.0,1172.0,863.0,1192.0,1121.0,1168.0,1162.0,1144.0,1141.0,1143.0,1138.0,1114.0,9225.0,1171.0,1104.0,1165.0,36.0,1162.0,899.0,1179.0,1111.0,1155.0,1149.0,1134.0,1126.0,1135.0,1122.0,1107.0,9572.0,1189.0,1123.0,1184.0,40.0,1194.0,909.0,1198.0,1134.0,1171.0,1170.0,1160.0,1150.0,1158.0,1148.0,1127.0,9291.0,1179.0,1110.0,1151.0,36.0,1154.0,827.0,1178.0,1118.0,1159.0,1149.0,1142.0,1120.0,1142.0,1131.0,1112.0,9594.0,1197.0,1130.0,1189.0,44.0,1195.0,921.0,1204.0,1146.0,1178.0,1170.0,1163.0,1143.0,1160.0,1151.0,1130.0,9702.0,1237.0,1165.0,1220.0,55.0,1228.0,922.0,1237.0,1186.0,1216.0,1238.0,1205.0,1193.0,1205.0,1201.0,1170.0,9288.0,1170.0,1102.0,1160.0,37.0,1170.0,892.0,1186.0,1115.0,1155.0,1148.0,1142.0,1134.0,1138.0,1129.0,1108.0,9240.0,1169.0,1100.0,1162.0,39.0,1178.0,868.0,1182.0,1112.0,1159.0,1151.0,1138.0,1126.0,1140.0,1127.0,1113.0,9257.0,1176.0,1105.0,1163.0,41.0,1172.0,865.0,1181.0,1117.0,1162.0,1147.0,1143.0,1126.0,1143.0,1131.0,1116.0,9210.0,1176.0,1098.0,1158.0,35.0,1164.0,868.0,1179.0,1115.0,1157.0,1149.0,1139.0,1118.0,1136.0,1128.0,1109.0,9204.0,1162.0,1096.0,1150.0,29.0,1157.0,861.0,1174.0,1110.0,1152.0,1149.0,1130.0,1116.0,1128.0,1123.0,1101.0,9267.0,1176.0,1109.0,1166.0,30.0,1174.0,863.0,1186.0,1119.0,1158.0,1151.0,1133.0,1126.0,1136.0,1125.0,1110.0,9296.0,1172.0,1107.0,1170.0,36.0,1177.0,884.0,1188.0,1118.0,1164.0,1160.0,1139.0,1132.0,1138.0,1133.0,1120.0,9286.0,1170.0,1107.0,1162.0,42.0,1178.0,889.0,1184.0,1117.0,1161.0,1157.0,1147.0,1129.0,1142.0,1129.0,1111.0,9276.0,1173.0,1109.0,1165.0,37.0,1176.0,919.0,1183.0,1118.0,1160.0,1156.0,1141.0,1131.0,1145.0,1131.0,1116.0,freqmine
26473.0,17980.0,17855.0,18639.0,16882.0,18738.0,18826.0,18055.0,17918.0,17918.0,17855.0,17838.0,17950.0,18007.0,17957.0,17940.0,9549.0,1119.0,1133.0,1180.0,44.0,1212.0,1219.0,1193.0,1163.0,1166.0,1158.0,1137.0,1144.0,1170.0,1128.0,1142.0,9481.0,1115.0,1118.0,1170.0,31.0,1208.0,1218.0,1182.0,1153.0,1158.0,1154.0,1134.0,1139.0,1165.0,1120.0,1133.0,9870.0,1143.0,1143.0,1191.0,37.0,1230.0,1232.0,1202.0,1175.0,1181.0,1179.0,1158.0,1159.0,1188.0,1144.0,1156.0,9541.0,1133.0,1129.0,1158.0,37.0,1188.0,1163.0,1179.0,1163.0,1165.0,1160.0,1137.0,1133.0,1173.0,1123.0,1141.0,9907.0,1149.0,1152.0,1201.0,42.0,1234.0,1242.0,1209.0,1194.0,1188.0,1185.0,1156.0,1162.0,1201.0,1146.0,1163.0,9965.0,1170.0,1169.0,1213.0,34.0,1259.0,1258.0,1230.0,1205.0,1202.0,1220.0,1182.0,1184.0,1217.0,1178.0,1181.0,9549.0,1121.0,1126.0,1171.0,31.0,1211.0,1212.0,1182.0,1159.0,1158.0,1162.0,1138.0,1141.0,1170.0,1119.0,1136.0,9491.0,1118.0,1119.0,1173.0,34.0,1211.0,1207.0,1178.0,1156.0,1157.0,1160.0,1130.0,1137.0,1161.0,1118.0,1133.0,9505.0,1127.0,1125.0,1179.0,38.0,1213.0,1213.0,1178.0,1160.0,1164.0,1165.0,1136.0,1139.0,1170.0,1126.0,1140.0,9462.0,1121.0,1123.0,1168.0,33.0,1208.0,1217.0,1171.0,1156.0,1161.0,1162.0,1130.0,1134.0,1161.0,1119.0,1128.0,9458.0,1111.0,1116.0,1165.0,25.0,1200.0,1203.0,1166.0,1152.0,1149.0,1155.0,1124.0,1127.0,1154.0,1116.0,1123.0,9520.0,1125.0,1127.0,1178.0,29.0,1209.0,1214.0,1181.0,1164.0,1155.0,1163.0,1130.0,1134.0,1161.0,1120.0,1132.0,9538.0,1122.0,1123.0,1180.0,35.0,1218.0,1220.0,1182.0,1160.0,1163.0,1168.0,1138.0,1141.0,1166.0,1128.0,1146.0,9532.0,1120.0,1123.0,1178.0,37.0,1217.0,1216.0,1179.0,1160.0,1161.0,1164.0,1140.0,1138.0,1167.0,1123.0,1133.0,9516.0,1121.0,1122.0,1170.0,36.0,1212.0,1220.0,1181.0,1157.0,1160.0,1158.0,1133.0,1136.0,1170.0,1121.0,1133.0,freqmine
860.0,525.0,484.0,531.0,4820.0,535.0,488.0,493.0,525.0,508.0,464.0,473.0,486.0,526.0,531.0,551.0,270.0,4.0,4.0,6.0,2695.0,5.0,2.0,3.0,6.0,7.0,2.0,4.0,5.0,3.0,7.0,9.0,249.0,7.0,4.0,4.0,2923.0,4.0,2.0,7.0,8.0,7.0,2.0,2.0,3.0,4.0,4.0,8.0,275.0,8.0,6.0,8.0,2955.0,7.0,5.0,7.0,11.0,5.0,8.0,5.0,7.0,4.0,8.0,10.0,295.0,2.0,3.0,6.0,2926.0,4.0,6.0,6.0,6.0,6.0,4.0,3.0,3.0,4.0,6.0,9.0,280.0,7.0,7.0,8.0,3570.0,6.0,4.0,6.0,11.0,8.0,6.0,3.0,11.0,2.0,9.0,14.0,254.0,8.0,5.0,6.0,3573.0,4.0,3.0,5.0,7.0,5.0,2.0,2.0,4.0,3.0,7.0,10.0,258.0,5.0,4.0,7.0,3357.0,5.0,3.0,3.0,6.0,8.0,3.0,3.0,2.0,3.0,5.0,10.0,276.0,8.0,6.0,7.0,3154.0,5.0,4.0,6.0,8.0,8.0,4.0,2.0,5.0,3.0,7.0,12.0,265.0,6.0,5.0,6.0,2695.0,5.0,4.0,4.0,8.0,4.0,3.0,4.0,3.0,3.0,7.0,13.0,241.0,7.0,3.0,4.0,3249.0,3.0,3.0,4.0,5.0,5.0,4.0,1.0,3.0,2.0,5.0,9.0,242.0,7.0,4.0,3.0,3490.0,3.0,6.0,6.0,6.0,6.0,2.0,2.0,2.0,2.0,6.0,12.0,252.0,8.0,4.0,7.0,3137.0,3.0,4.0,3.0,8.0,5.0,4.0,1.0,3.0,3.0,7.0,11.0,271.0,8.0,6.0,7.0,3141.0,6.0,6.0,4.0,9.0,8.0,4.0,2.0,5.0,5.0,6.0,12.0,275.0,9.0,10.0,10.0,3055.0,9.0,9.0,11.0,12.0,9.0,9.0,6.0,10.0,6.0,10.0,14.0,284.0,10.0,7.0,9.0,3854.0,4.0,8.0,5.0,9.0,8.0,4.0,4.0,6.0,4.0,7.0,14.0,freqmine
26170.0,17814.0,17669.0,18322.0,16703.0,18433.0,18605.0,17807.0,17705.0,17731.0,17688.0,17647.0,17771.0,17812.0,17786.0,17729.0,9438.0,1142.0,1130.0,1156.0,41.0,1184.0,1207.0,1126.0,1132.0,1150.0,1163.0,1122.0,1148.0,1147.0,1134.0,1118.0,9375.0,1137.0,1121.0,1150.0,31.0,1174.0,1207.0,1125.0,1121.0,1139.0,1157.0,1117.0,1143.0,1138.0,1125.0,1111.0,9710.0,1157.0,1134.0,1169.0,36.0,1200.0,1226.0,1138.0,1144.0,1157.0,1179.0,1138.0,1163.0,1162.0,1141.0,1130.0,9445.0,1151.0,1123.0,1145.0,36.0,1160.0,1157.0,1123.0,1129.0,1143.0,1164.0,1121.0,1140.0,1150.0,1134.0,1120.0,9761.0,1169.0,1141.0,1175.0,42.0,1210.0,1237.0,1152.0,1155.0,1169.0,1186.0,1145.0,1170.0,1173.0,1162.0,1136.0,9857.0,1187.0,1161.0,1198.0,31.0,1222.0,1252.0,1165.0,1174.0,1182.0,1223.0,1167.0,1191.0,1193.0,1183.0,1159.0,9451.0,1143.0,1119.0,1155.0,33.0,1177.0,1205.0,1124.0,1128.0,1142.0,1161.0,1121.0,1153.0,1149.0,1132.0,1113.0,9395.0,1138.0,1115.0,1152.0,35.0,1179.0,1203.0,1120.0,1124.0,1144.0,1155.0,1117.0,1145.0,1140.0,1133.0,1111.0,9405.0,1145.0,1118.0,1155.0,40.0,1176.0,1210.0,1125.0,1133.0,1152.0,1162.0,1122.0,1148.0,1145.0,1138.0,1117.0,9369.0,1137.0,1116.0,1148.0,35.0,1178.0,1204.0,1119.0,1129.0,1145.0,1158.0,1120.0,1142.0,1143.0,1132.0,1108.0,9359.0,1131.0,1113.0,1140.0,23.0,1172.0,1196.0,1115.0,1122.0,1132.0,1152.0,1116.0,1134.0,1132.0,1128.0,1108.0,9421.0,1142.0,1119.0,1154.0,28.0,1185.0,1204.0,1129.0,1135.0,1142.0,1161.0,1122.0,1144.0,1144.0,1131.0,1113.0,9439.0,1141.0,1115.0,1152.0,34.0,1186.0,1212.0,1129.0,1133.0,1144.0,1166.0,1125.0,1147.0,1146.0,1136.0,1122.0,9436.0,1142.0,1119.0,1155.0,36.0,1188.0,1210.0,1125.0,1134.0,1146.0,1163.0,1131.0,1145.0,1147.0,1133.0,1118.0,9409.0,1144.0,1118.0,1152.0,34.0,1183.0,1207.0,1122.0,1130.0,1142.0,1161.0,1121.0,1142.0,1146.0,1131.0,1120.0,freqmine
26930.0,18182.0,18126.0,18845.0,16911.0,18859.0,18798.0,18184.0,18145.0,18155.0,18028.0,18095.0,18142.0,18197.0,18221.0,18187.0,9832.0,1242.0,1324.0,1340.0,55.0,1348.0,1204.0,1289.0,1332.0,1343.0,1254.0,1350.0,1330.0,1344.0,1336.0,1325.0,9783.0,1237.0,1305.0,1308.0,49.0,1285.0,1202.0,1298.0,1324.0,1334.0,1239.0,1346.0,1313.0,1321.0,1314.0,1315.0,10147.0,1239.0,1318.0,1325.0,53.0,1304.0,1224.0,1270.0,1326.0,1353.0,1241.0,1343.0,1323.0,1326.0,1329.0,1319.0,9798.0,1217.0,1279.0,1276.0,38.0,1239.0,1134.0,1236.0,1291.0,1324.0,1216.0,1304.0,1260.0,1292.0,1296.0,1277.0,10183.0,1264.0,1330.0,1352.0,52.0,1301.0,1220.0,1328.0,1359.0,1365.0,1302.0,1347.0,1329.0,1344.0,1335.0,1330.0,10195.0,1247.0,1322.0,1344.0,32.0,1307.0,1224.0,1274.0,1339.0,1366.0,1289.0,1356.0,1324.0,1343.0,1365.0,1322.0,9804.0,1253.0,1304.0,1320.0,72.0,1301.0,1216.0,1265.0,1312.0,1349.0,1692.0,1329.0,1305.0,1321.0,1319.0,1310.0,9774.0,1225.0,1289.0,1305.0,52.0,1275.0,1198.0,1246.0,1301.0,1335.0,1224.0,1325.0,1285.0,1306.0,1311.0,1309.0,9740.0,1230.0,1280.0,1309.0,58.0,1270.0,1201.0,1246.0,1293.0,1337.0,1229.0,1305.0,1272.0,1300.0,1306.0,1299.0,9742.0,1236.0,1307.0,1315.0,56.0,1279.0,1204.0,1269.0,1313.0,1346.0,1255.0,1327.0,1295.0,1323.0,1326.0,1315.0,9696.0,1225.0,1281.0,1306.0,53.0,1267.0,1190.0,1240.0,1533.0,1338.0,1239.0,1313.0,1280.0,1312.0,1313.0,1306.0,9748.0,1230.0,1298.0,1305.0,47.0,1270.0,1190.0,1257.0,1307.0,1329.0,1237.0,1317.0,1275.0,1338.0,1313.0,1297.0,9784.0,1232.0,1293.0,1310.0,68.0,1280.0,1200.0,1296.0,1317.0,1340.0,1272.0,1351.0,1584.0,1326.0,1325.0,1307.0,9795.0,1228.0,1289.0,1306.0,55.0,1277.0,1197.0,1258.0,1317.0,1332.0,1238.0,1337.0,1295.0,1325.0,1320.0,1296.0,9783.0,1234.0,1298.0,1310.0,51.0,1274.0,1192.0,1284.0,1333.0,1345.0,1269.0,1350.0,1308.0,1340.0,1325.0,1307.0,freqmine
25833.0,17550.0,17409.0,18094.0,16450.0,18192.0,18526.0,17578.0,17427.0,17445.0,17418.0,17359.0,17460.0,17559.0,17550.0,17499.0,9312.0,1112.0,1098.0,1124.0,42.0,1157.0,1315.0,1171.0,1139.0,1136.0,1157.0,1097.0,1087.0,1146.0,1137.0,1091.0,9244.0,1109.0,1080.0,1119.0,32.0,1144.0,1328.0,1161.0,1123.0,1126.0,1151.0,1090.0,1081.0,1140.0,1126.0,1086.0,9591.0,1125.0,1100.0,1137.0,34.0,1170.0,1319.0,1180.0,1141.0,1148.0,1175.0,1113.0,1099.0,1162.0,1150.0,1100.0,9299.0,1123.0,1083.0,1100.0,38.0,1132.0,1258.0,1160.0,1129.0,1136.0,1162.0,1095.0,1077.0,1150.0,1136.0,1089.0,9630.0,1137.0,1104.0,1139.0,39.0,1174.0,1335.0,1187.0,1156.0,1156.0,1183.0,1117.0,1103.0,1171.0,1154.0,1103.0,9744.0,1173.0,1142.0,1169.0,49.0,1210.0,1372.0,1214.0,1178.0,1187.0,1237.0,1154.0,1138.0,1204.0,1206.0,1148.0,9291.0,1106.0,1076.0,1114.0,32.0,1154.0,1288.0,1166.0,1125.0,1130.0,1160.0,1097.0,1085.0,1145.0,1138.0,1081.0,9235.0,1103.0,1071.0,1113.0,35.0,1156.0,1289.0,1163.0,1122.0,1133.0,1156.0,1094.0,1075.0,1137.0,1135.0,1083.0,9243.0,1111.0,1074.0,1114.0,37.0,1150.0,1290.0,1165.0,1130.0,1132.0,1161.0,1094.0,1078.0,1142.0,1140.0,1089.0,9221.0,1107.0,1071.0,1110.0,34.0,1150.0,1294.0,1157.0,1126.0,1130.0,1156.0,1091.0,1073.0,1138.0,1137.0,1084.0,9210.0,1100.0,1066.0,1102.0,23.0,1144.0,1286.0,1154.0,1121.0,1120.0,1153.0,1086.0,1066.0,1135.0,1133.0,1074.0,9278.0,1110.0,1079.0,1113.0,28.0,1155.0,1308.0,1167.0,1134.0,1128.0,1159.0,1092.0,1072.0,1140.0,1135.0,1083.0,9303.0,1112.0,1081.0,1116.0,34.0,1158.0,1311.0,1170.0,1131.0,1134.0,1165.0,1102.0,1084.0,1140.0,1141.0,1097.0,9301.0,1111.0,1078.0,1114.0,36.0,1160.0,1304.0,1165.0,1133.0,1133.0,1162.0,1101.0,1079.0,1142.0,1140.0,1087.0,9299.0,1116.0,1082.0,1113.0,35.0,1153.0,1340.0,1162.0,1129.0,1131.0,1159.0,1094.0,1077.0,1148.0,1137.0,1096.0,freqmine
26060.0,17747.0,17578.0,18344.0,16637.0,18397.0,18550.0,17792.0,17614.0,17660.0,17644.0,17548.0,17666.0,17718.0,17711.0,17648.0,9402.0,1129.0,1089.0,1176.0,44.0,1169.0,1200.0,1184.0,1118.0,1156.0,1192.0,1111.0,1119.0,1140.0,1122.0,1098.0,9341.0,1125.0,1082.0,1167.0,32.0,1156.0,1201.0,1176.0,1109.0,1148.0,1184.0,1104.0,1113.0,1135.0,1113.0,1090.0,9700.0,1143.0,1103.0,1187.0,36.0,1179.0,1216.0,1195.0,1127.0,1169.0,1205.0,1130.0,1134.0,1158.0,1135.0,1109.0,9404.0,1141.0,1089.0,1152.0,36.0,1142.0,1146.0,1177.0,1117.0,1159.0,1192.0,1113.0,1113.0,1142.0,1122.0,1099.0,9746.0,1151.0,1111.0,1193.0,41.0,1192.0,1219.0,1202.0,1145.0,1175.0,1212.0,1136.0,1135.0,1164.0,1141.0,1113.0,9824.0,1177.0,1131.0,1206.0,32.0,1207.0,1237.0,1224.0,1161.0,1193.0,1254.0,1152.0,1159.0,1182.0,1168.0,1136.0,9408.0,1133.0,1086.0,1164.0,32.0,1162.0,1195.0,1180.0,1113.0,1151.0,1187.0,1109.0,1121.0,1139.0,1117.0,1092.0,9350.0,1129.0,1083.0,1167.0,35.0,1167.0,1191.0,1174.0,1110.0,1151.0,1185.0,1104.0,1112.0,1133.0,1116.0,1092.0,9358.0,1134.0,1084.0,1169.0,38.0,1164.0,1196.0,1173.0,1115.0,1156.0,1189.0,1107.0,1113.0,1136.0,1120.0,1097.0,9323.0,1130.0,1079.0,1160.0,36.0,1158.0,1187.0,1168.0,1113.0,1156.0,1186.0,1105.0,1109.0,1135.0,1121.0,1090.0,9310.0,1121.0,1075.0,1157.0,25.0,1152.0,1182.0,1165.0,1108.0,1145.0,1183.0,1098.0,1101.0,1128.0,1114.0,1083.0,9374.0,1132.0,1085.0,1170.0,30.0,1165.0,1190.0,1179.0,1121.0,1153.0,1191.0,1102.0,1107.0,1137.0,1116.0,1093.0,9387.0,1130.0,1086.0,1173.0,34.0,1170.0,1204.0,1184.0,1117.0,1158.0,1197.0,1111.0,1118.0,1136.0,1120.0,1110.0,9390.0,1132.0,1087.0,1171.0,38.0,1168.0,1198.0,1180.0,1116.0,1155.0,1196.0,1112.0,1112.0,1136.0,1118.0,1099.0,9376.0,1130.0,1078.0,1165.0,33.0,1166.0,1195.0,1176.0,1112.0,1153.0,1190.0,1104.0,1107.0,1140.0,1114.0,1096.0,freqmine
26270.0,17867.0,17708.0,18426.0,16740.0,18502.0,18643.0,17873.0,17755.0,17780.0,17750.0,17707.0,17796.0,17881.0,17861.0,17775.0,9466.0,1131.0,1105.0,1146.0,41.0,1173.0,1212.0,1154.0,1154.0,1167.0,1181.0,1142.0,1128.0,1166.0,1150.0,1109.0,9400.0,1127.0,1098.0,1136.0,31.0,1165.0,1208.0,1144.0,1143.0,1152.0,1172.0,1136.0,1114.0,1159.0,1138.0,1096.0,9761.0,1147.0,1114.0,1157.0,34.0,1191.0,1229.0,1163.0,1164.0,1174.0,1186.0,1160.0,1137.0,1182.0,1160.0,1119.0,9458.0,1141.0,1101.0,1124.0,32.0,1147.0,1160.0,1143.0,1150.0,1162.0,1177.0,1143.0,1113.0,1169.0,1147.0,1107.0,9794.0,1156.0,1120.0,1165.0,36.0,1192.0,1231.0,1170.0,1181.0,1184.0,1204.0,1165.0,1138.0,1193.0,1171.0,1125.0,9865.0,1172.0,1137.0,1178.0,29.0,1211.0,1251.0,1186.0,1192.0,1201.0,1244.0,1184.0,1156.0,1209.0,1193.0,1145.0,9463.0,1133.0,1096.0,1141.0,31.0,1170.0,1211.0,1146.0,1148.0,1162.0,1180.0,1139.0,1122.0,1167.0,1143.0,1106.0,9408.0,1130.0,1093.0,1138.0,34.0,1171.0,1205.0,1144.0,1141.0,1161.0,1171.0,1134.0,1113.0,1163.0,1140.0,1102.0,9414.0,1136.0,1096.0,1140.0,37.0,1171.0,1209.0,1144.0,1146.0,1166.0,1176.0,1139.0,1115.0,1167.0,1145.0,1107.0,9377.0,1131.0,1093.0,1132.0,31.0,1166.0,1213.0,1139.0,1143.0,1165.0,1173.0,1137.0,1111.0,1166.0,1141.0,1100.0,9376.0,1125.0,1090.0,1126.0,23.0,1162.0,1201.0,1135.0,1138.0,1155.0,1179.0,1132.0,1105.0,1157.0,1138.0,1096.0,9440.0,1135.0,1098.0,1135.0,27.0,1172.0,1208.0,1148.0,1148.0,1160.0,1189.0,1139.0,1111.0,1170.0,1141.0,1099.0,9462.0,1134.0,1103.0,1134.0,32.0,1179.0,1215.0,1148.0,1150.0,1164.0,1191.0,1143.0,1125.0,1172.0,1149.0,1117.0,9462.0,1132.0,1098.0,1138.0,35.0,1180.0,1211.0,1145.0,1151.0,1163.0,1186.0,1146.0,1119.0,1170.0,1148.0,1107.0,9437.0,1135.0,1097.0,1134.0,31.0,1176.0,1207.0,1144.0,1147.0,1161.0,1175.0,1140.0,1118.0,1172.0,1145.0,1102.0,freqmine
35588.0,25077.0,24087.0,24734.0,21981.0,25491.0,22853.0,24964.0,24392.0,24894.0,24886.0,24482.0,24087.0,25105.0,24880.0,23855.0,13260.0,3477.0,2438.0,2585.0,80.0,3317.0,1126.0,2933.0,2523.0,3207.0,2987.0,2939.0,2698.0,3002.0,3005.0,2020.0,13048.0,3573.0,2592.0,2804.0,62.0,3335.0,1111.0,2932.0,2611.0,3324.0,3143.0,2689.0,2771.0,3177.0,2985.0,2445.0,13430.0,3258.0,2495.0,2690.0,74.0,3441.0,1140.0,2834.0,2474.0,3166.0,3071.0,2891.0,2856.0,2976.0,3139.0,2174.0,13366.0,3135.0,2504.0,2573.0,32.0,3563.0,1080.0,3039.0,2609.0,3086.0,3189.0,2797.0,2724.0,2912.0,3141.0,2230.0,13487.0,3527.0,2859.0,2867.0,67.0,3574.0,1127.0,3378.0,2653.0,3158.0,3563.0,2906.0,3048.0,3207.0,3227.0,2480.0,13304.0,3147.0,2595.0,2749.0,31.0,3442.0,1110.0,3114.0,2715.0,3552.0,3277.0,2889.0,2805.0,2982.0,3135.0,2302.0,13271.0,3105.0,2259.0,3002.0,61.0,3590.0,1117.0,2916.0,2591.0,3603.0,3058.0,3018.0,2798.0,3131.0,2984.0,2187.0,13078.0,3119.0,2418.0,3021.0,76.0,3758.0,1108.0,2923.0,2433.0,2972.0,3298.0,3110.0,2838.0,2997.0,3009.0,2121.0,13019.0,3214.0,2489.0,2570.0,72.0,3498.0,1110.0,2663.0,2515.0,3185.0,2956.0,2833.0,2631.0,2790.0,2945.0,2076.0,13159.0,3331.0,2457.0,2734.0,70.0,3313.0,1126.0,2942.0,2873.0,2978.0,3023.0,2849.0,2611.0,3175.0,3104.0,2242.0,13065.0,3132.0,2531.0,2715.0,65.0,2990.0,1111.0,2989.0,2413.0,3001.0,2887.0,2913.0,2676.0,2818.0,3078.0,2261.0,13076.0,3113.0,2474.0,2531.0,65.0,3326.0,1121.0,2994.0,2497.0,3231.0,3022.0,2944.0,2707.0,2977.0,2903.0,2229.0,13190.0,3245.0,2494.0,2608.0,72.0,3281.0,1121.0,2938.0,2591.0,3230.0,3112.0,3150.0,2743.0,2917.0,3138.0,2317.0,13336.0,3231.0,2709.0,2476.0,65.0,3231.0,1121.0,2786.0,2402.0,3213.0,2986.0,3245.0,2623.0,2973.0,3122.0,2290.0,13401.0,3220.0,2685.0,2793.0,70.0,3463.0,1117.0,3008.0,2632.0,3314.0,3360.0,3187.0,2693.0,3155.0,2982.0,2347.0,freqmine
39259.0,26861.0,27522.0,27148.0,23790.0,27787.0,26962.0,27061.0,27014.0,26958.0,26559.0,27795.0,27004.0,26994.0,27723.0,26755.0,15425.0,3620.0,4042.0,3838.0,60.0,3832.0,3141.0,3378.0,3900.0,3550.0,3514.0,4318.0,3657.0,3552.0,3569.0,3320.0,15525.0,3939.0,3908.0,3965.0,63.0,3911.0,3360.0,3315.0,3873.0,3580.0,3966.0,3797.0,3644.0,3720.0,3917.0,3368.0,15491.0,3888.0,3771.0,3939.0,48.0,3764.0,3059.0,3737.0,4087.0,3909.0,3616.0,3850.0,3794.0,3714.0,3711.0,3450.0,15413.0,3926.0,3914.0,3916.0,34.0,3848.0,3293.0,3973.0,4038.0,3913.0,3902.0,4039.0,3855.0,3752.0,4038.0,3280.0,15805.0,3990.0,4012.0,4016.0,46.0,4430.0,3603.0,4187.0,4447.0,3602.0,4422.0,4256.0,4318.0,4193.0,4242.0,3872.0,15758.0,3871.0,3880.0,3832.0,58.0,3999.0,3358.0,4354.0,4001.0,3412.0,4386.0,4176.0,4214.0,3926.0,4093.0,3938.0,15484.0,3862.0,3954.0,3905.0,54.0,3840.0,3201.0,4192.0,4120.0,3278.0,3870.0,3968.0,3930.0,3689.0,3972.0,3563.0,14951.0,3748.0,3846.0,4257.0,51.0,4022.0,3249.0,3932.0,4057.0,3532.0,3882.0,4100.0,3899.0,3995.0,3802.0,3389.0,14720.0,3749.0,3619.0,3987.0,64.0,4188.0,3160.0,3622.0,4023.0,3480.0,4078.0,4093.0,3926.0,3880.0,3768.0,3401.0,14715.0,3640.0,3664.0,3910.0,53.0,3906.0,2667.0,3398.0,4096.0,3697.0,3954.0,3915.0,3805.0,3759.0,3923.0,3287.0,15042.0,3471.0,3628.0,3918.0,34.0,3603.0,2971.0,3696.0,4110.0,3303.0,3975.0,4121.0,3635.0,3780.0,3963.0,3220.0,15139.0,3590.0,3736.0,4029.0,40.0,3759.0,3048.0,3855.0,4050.0,3535.0,3999.0,4129.0,3893.0,3721.0,4004.0,3244.0,15295.0,3615.0,3601.0,3796.0,54.0,3715.0,3025.0,3847.0,3700.0,3454.0,3712.0,4175.0,3870.0,3560.0,3717.0,3168.0,15321.0,3689.0,3691.0,3745.0,54.0,3655.0,3097.0,3648.0,3981.0,3533.0,3608.0,4409.0,3907.0,3616.0,3720.0,3273.0,15473.0,3886.0,3565.0,3810.0,66.0,3829.0,3148.0,3828.0,3895.0,3754.0,3705.0,4535.0,3971.0,3863.0,3956.0,3374.0,freqmine
34737.0,25589.0,24956.0,25162.0,21555.0,25492.0,25606.0,25244.0,25510.0,23828.0,25368.0,25132.0,25687.0,25675.0,25484.0,25626.0,12621.0,3615.0,3513.0,3679.0,49.0,3479.0,3727.0,3643.0,3594.0,2227.0,3739.0,3668.0,3801.0,3812.0,3707.0,3970.0,12373.0,3758.0,3702.0,3622.0,36.0,3666.0,3768.0,3593.0,3656.0,2203.0,3530.0,3937.0,3921.0,3876.0,3543.0,3945.0,12368.0,3430.0,3692.0,3872.0,44.0,3781.0,3945.0,3210.0,3772.0,2161.0,3629.0,3822.0,3556.0,3549.0,3336.0,3909.0,12194.0,3328.0,3903.0,3877.0,38.0,3997.0,3753.0,3469.0,3760.0,2223.0,3523.0,3787.0,3934.0,3420.0,3521.0,3955.0,12560.0,3909.0,4379.0,4024.0,57.0,4199.0,4271.0,3906.0,4284.0,2467.0,4318.0,3889.0,4093.0,4160.0,3991.0,3868.0,12573.0,3712.0,3993.0,3657.0,53.0,4280.0,4000.0,3861.0,4298.0,2108.0,4219.0,3641.0,4158.0,4109.0,3998.0,4140.0,12534.0,3649.0,3622.0,3588.0,46.0,3827.0,3852.0,3903.0,4022.0,2117.0,4072.0,3846.0,4154.0,3836.0,3684.0,4467.0,12526.0,3755.0,3810.0,3557.0,43.0,3972.0,3947.0,3891.0,3843.0,2382.0,4068.0,3798.0,4031.0,3644.0,3894.0,4636.0,12244.0,3561.0,4082.0,3379.0,82.0,3838.0,4194.0,3934.0,3646.0,2104.0,3700.0,3542.0,3772.0,3719.0,3531.0,3990.0,11969.0,3511.0,3710.0,3399.0,38.0,3926.0,3968.0,3670.0,3586.0,2143.0,3864.0,3593.0,3708.0,3533.0,3538.0,3907.0,12109.0,3802.0,3613.0,3497.0,43.0,3943.0,3719.0,3549.0,3586.0,2117.0,4092.0,3490.0,3831.0,3549.0,3513.0,4233.0,12232.0,3595.0,3719.0,3802.0,35.0,3693.0,3720.0,3661.0,3495.0,2336.0,4363.0,3515.0,3758.0,3713.0,3934.0,4599.0,12479.0,3640.0,3696.0,3703.0,49.0,3458.0,3786.0,3567.0,3687.0,2348.0,4119.0,3552.0,3649.0,3796.0,3783.0,3837.0,12505.0,3579.0,3798.0,3567.0,45.0,3368.0,3716.0,3465.0,3634.0,2078.0,3924.0,3698.0,3622.0,3646.0,3562.0,4115.0,12460.0,3772.0,3953.0,3761.0,40.0,3731.0,3644.0,3313.0,4151.0,2258.0,3737.0,3910.0,3729.0,3805.0,3624.0,4142.0,freqmine
23269.0,18134.0,19924.0,18186.0,15321.0,18408.0,19347.0,19535.0,19644.0,15189.0,17950.0,19921.0,15888.0,15437.0,15431.0,20355.0,7746.0,2682.0,4713.0,3009.0,61.0,3595.0,4874.0,4471.0,4529.0,49.0,2558.0,4959.0,663.0,78.0,72.0,4542.0,7723.0,2762.0,4468.0,3258.0,37.0,3535.0,5074.0,4847.0,4575.0,41.0,2662.0,5099.0,654.0,64.0,65.0,4586.0,7543.0,2541.0,4281.0,2952.0,51.0,3635.0,4762.0,4452.0,4522.0,46.0,2309.0,4758.0,601.0,71.0,64.0,4589.0,7695.0,2727.0,4430.0,3252.0,39.0,3726.0,4930.0,4630.0,4284.0,39.0,2452.0,4749.0,628.0,51.0,52.0,4722.0,7580.0,3018.0,4831.0,3748.0,50.0,4058.0,5210.0,5202.0,4793.0,47.0,2758.0,5496.0,808.0,79.0,66.0,5099.0,7503.0,2473.0,4859.0,3281.0,40.0,3646.0,5133.0,4506.0,4801.0,31.0,2804.0,4986.0,751.0,60.0,52.0,4545.0,7532.0,2559.0,4584.0,3471.0,35.0,3809.0,4915.0,4899.0,4991.0,35.0,2619.0,4773.0,619.0,65.0,46.0,4623.0,7516.0,2441.0,4506.0,3742.0,54.0,3732.0,5133.0,5005.0,4930.0,44.0,2557.0,4973.0,653.0,70.0,71.0,4662.0,7634.0,2460.0,4409.0,3425.0,42.0,3647.0,5079.0,5149.0,4667.0,46.0,2566.0,4484.0,633.0,64.0,57.0,4830.0,7808.0,2649.0,4581.0,2888.0,52.0,3901.0,4824.0,4829.0,4518.0,52.0,2363.0,4490.0,713.0,78.0,70.0,4829.0,7507.0,2534.0,4587.0,2697.0,28.0,3727.0,4573.0,4781.0,4559.0,30.0,2554.0,4574.0,670.0,52.0,45.0,4530.0,7746.0,2980.0,4431.0,3000.0,64.0,3992.0,4824.0,4708.0,4935.0,66.0,2916.0,4848.0,731.0,89.0,86.0,4669.0,7768.0,2641.0,4160.0,3129.0,67.0,3741.0,4683.0,4752.0,4484.0,67.0,2841.0,4453.0,666.0,98.0,92.0,4755.0,7780.0,2769.0,4329.0,3153.0,66.0,3535.0,4737.0,5085.0,4358.0,64.0,2677.0,4543.0,630.0,119.0,76.0,4365.0,7797.0,2915.0,4553.0,3145.0,37.0,3445.0,4745.0,5136.0,4718.0,42.0,2730.0,4801.0,653.0,65.0,59.0,4894.0,freqmine
8577.0,5540.0,7357.0,5378.0,5253.0,5526.0,9502.0,8292.0,7385.0,5236.0,5509.0,7517.0,5512.0,5503.0,5447.0,6698.0,2878.0,63.0,2116.0,88.0,44.0,107.0,4023.0,2909.0,2409.0,78.0,78.0,2112.0,84.0,96.0,82.0,1491.0,2716.0,55.0,2219.0,58.0,24.0,89.0,4386.0,2949.0,2121.0,62.0,54.0,2122.0,73.0,61.0,69.0,1229.0,2799.0,77.0,2055.0,85.0,45.0,122.0,4281.0,2807.0,2047.0,77.0,82.0,2119.0,84.0,89.0,84.0,1155.0,2739.0,51.0,2046.0,68.0,22.0,75.0,4413.0,2547.0,2145.0,52.0,75.0,2233.0,59.0,62.0,65.0,1151.0,2859.0,83.0,2331.0,93.0,47.0,120.0,5073.0,3375.0,2407.0,92.0,86.0,2458.0,93.0,96.0,86.0,1366.0,2726.0,65.0,2282.0,63.0,39.0,101.0,4445.0,3002.0,2218.0,70.0,84.0,2439.0,77.0,73.0,77.0,1280.0,2752.0,53.0,2192.0,47.0,24.0,68.0,4550.0,2955.0,2342.0,70.0,64.0,2331.0,77.0,65.0,103.0,1292.0,2711.0,55.0,1968.0,60.0,28.0,76.0,4185.0,2752.0,2027.0,66.0,70.0,2166.0,79.0,65.0,73.0,1386.0,2702.0,52.0,1837.0,52.0,26.0,66.0,4526.0,2768.0,2028.0,55.0,54.0,2324.0,78.0,73.0,81.0,1274.0,2850.0,66.0,2265.0,70.0,39.0,79.0,4709.0,2824.0,2231.0,73.0,70.0,2100.0,82.0,93.0,91.0,1301.0,2792.0,35.0,2007.0,44.0,17.0,65.0,4652.0,2998.0,2199.0,46.0,51.0,2010.0,41.0,45.0,56.0,1146.0,2839.0,47.0,2344.0,57.0,22.0,87.0,4542.0,3081.0,2181.0,79.0,84.0,1947.0,74.0,76.0,88.0,1324.0,2850.0,59.0,2131.0,63.0,25.0,100.0,4185.0,2928.0,2124.0,90.0,70.0,2003.0,76.0,66.0,81.0,1323.0,2812.0,56.0,2047.0,55.0,21.0,82.0,3952.0,2672.0,1868.0,80.0,92.0,1937.0,97.0,92.0,92.0,1124.0,2864.0,71.0,2149.0,69.0,28.0,112.0,4364.0,3031.0,2168.0,89.0,90.0,2078.0,102.0,96.0,93.0,1158.0,freqmine
834.0,514.0,479.0,540.0,4602.0,512.0,470.0,494.0,510.0,490.0,449.0,480.0,491.0,510.0,555.0,545.0,267.0,4.0,7.0,8.0,2491.0,4.0,7.0,3.0,4.0,1.0,4.0,3.0,4.0,10.0,5.0,7.0,245.0,4.0,6.0,6.0,2929.0,6.0,6.0,3.0,2.0,3.0,4.0,4.0,5.0,7.0,7.0,6.0,274.0,6.0,5.0,8.0,2992.0,5.0,6.0,9.0,5.0,8.0,6.0,5.0,3.0,9.0,7.0,7.0,279.0,5.0,5.0,3.0,3004.0,3.0,3.0,3.0,4.0,4.0,3.0,3.0,3.0,4.0,5.0,7.0,267.0,5.0,7.0,8.0,3560.0,7.0,6.0,8.0,4.0,6.0,5.0,5.0,9.0,8.0,6.0,4.0,241.0,3.0,4.0,5.0,3644.0,4.0,4.0,2.0,2.0,2.0,2.0,4.0,3.0,6.0,4.0,3.0,256.0,4.0,5.0,6.0,3366.0,5.0,6.0,5.0,2.0,2.0,2.0,2.0,5.0,6.0,5.0,5.0,268.0,4.0,6.0,6.0,3299.0,4.0,6.0,3.0,4.0,3.0,4.0,6.0,5.0,7.0,5.0,5.0,248.0,3.0,6.0,7.0,2798.0,6.0,6.0,3.0,3.0,5.0,5.0,2.0,3.0,4.0,5.0,2.0,228.0,3.0,4.0,6.0,3343.0,3.0,4.0,1.0,2.0,3.0,2.0,3.0,2.0,6.0,4.0,4.0,243.0,4.0,4.0,8.0,3556.0,5.0,3.0,2.0,3.0,2.0,4.0,2.0,3.0,5.0,3.0,3.0,246.0,3.0,5.0,5.0,3273.0,6.0,6.0,5.0,3.0,3.0,3.0,4.0,4.0,7.0,3.0,4.0,259.0,6.0,6.0,7.0,3127.0,5.0,5.0,7.0,3.0,4.0,6.0,5.0,5.0,3.0,6.0,6.0,285.0,7.0,6.0,10.0,3177.0,9.0,8.0,4.0,4.0,6.0,6.0,7.0,4.0,7.0,9.0,7.0,274.0,6.0,6.0,7.0,3784.0,8.0,6.0,6.0,5.0,5.0,6.0,7.0,5.0,8.0,7.0,5.0,freqmine
2124.0,866.0,841.0,938.0,920.0,894.0,857.0,903.0,899.0,894.0,679.0,769.0,740.0,809.0,802.0,810.0,1318.0,23.0,19.0,21.0,10.0,17.0,18.0,22.0,21.0,20.0,17.0,15.0,23.0,23.0,20.0,19.0,1313.0,16.0,13.0,14.0,5.0,13.0,15.0,13.0,16.0,11.0,10.0,9.0,12.0,14.0,14.0,11.0,1354.0,15.0,21.0,14.0,8.0,20.0,17.0,15.0,22.0,15.0,12.0,16.0,16.0,16.0,19.0,16.0,1343.0,15.0,19.0,19.0,6.0,11.0,24.0,20.0,17.0,19.0,11.0,15.0,14.0,12.0,16.0,17.0,1331.0,21.0,20.0,15.0,11.0,15.0,16.0,22.0,21.0,20.0,13.0,14.0,14.0,19.0,16.0,16.0,1306.0,5.0,9.0,8.0,4.0,8.0,9.0,14.0,13.0,10.0,10.0,6.0,11.0,11.0,12.0,13.0,1331.0,10.0,10.0,10.0,3.0,10.0,14.0,16.0,14.0,11.0,14.0,10.0,12.0,12.0,13.0,13.0,1351.0,15.0,16.0,21.0,4.0,16.0,17.0,19.0,17.0,14.0,17.0,18.0,19.0,20.0,15.0,17.0,1330.0,20.0,18.0,22.0,8.0,20.0,19.0,22.0,19.0,18.0,17.0,18.0,20.0,24.0,21.0,17.0,1223.0,10.0,12.0,15.0,7.0,10.0,14.0,15.0,13.0,19.0,11.0,11.0,15.0,13.0,24.0,15.0,1256.0,8.0,12.0,6.0,6.0,7.0,9.0,12.0,14.0,10.0,8.0,6.0,11.0,12.0,15.0,9.0,1260.0,10.0,14.0,12.0,10.0,17.0,13.0,16.0,14.0,18.0,15.0,13.0,14.0,17.0,21.0,15.0,1296.0,11.0,15.0,15.0,9.0,13.0,15.0,15.0,15.0,14.0,12.0,12.0,19.0,16.0,21.0,17.0,1281.0,14.0,13.0,12.0,12.0,13.0,14.0,16.0,13.0,13.0,10.0,11.0,14.0,15.0,17.0,13.0,1298.0,23.0,19.0,18.0,11.0,18.0,21.0,22.0,19.0,20.0,18.0,17.0,20.0,19.0,23.0,24.0,freqmine
7615.0,5248.0,5014.0,4960.0,4258.0,5274.0,4944.0,5084.0,4863.0,4972.0,4788.0,4758.0,4722.0,4779.0,5117.0,4784.0,3039.0,933.0,863.0,731.0,69.0,852.0,728.0,819.0,843.0,802.0,794.0,819.0,827.0,769.0,870.0,799.0,2990.0,890.0,811.0,713.0,69.0,782.0,757.0,872.0,746.0,799.0,748.0,745.0,802.0,711.0,790.0,752.0,2981.0,838.0,751.0,730.0,65.0,747.0,688.0,776.0,732.0,703.0,827.0,719.0,746.0,707.0,794.0,706.0,2924.0,808.0,818.0,687.0,26.0,762.0,679.0,831.0,750.0,767.0,775.0,743.0,731.0,741.0,782.0,711.0,3138.0,932.0,996.0,769.0,57.0,822.0,762.0,931.0,875.0,854.0,815.0,846.0,869.0,831.0,971.0,799.0,3043.0,859.0,870.0,720.0,61.0,823.0,747.0,825.0,838.0,824.0,750.0,756.0,760.0,755.0,839.0,754.0,2956.0,795.0,823.0,689.0,75.0,788.0,755.0,780.0,818.0,782.0,785.0,791.0,762.0,725.0,838.0,808.0,2884.0,773.0,818.0,707.0,64.0,737.0,730.0,770.0,733.0,672.0,764.0,722.0,700.0,667.0,810.0,723.0,2993.0,808.0,726.0,670.0,71.0,677.0,688.0,727.0,781.0,646.0,746.0,699.0,692.0,668.0,734.0,680.0,3001.0,845.0,841.0,770.0,72.0,750.0,739.0,803.0,871.0,773.0,860.0,739.0,767.0,751.0,862.0,803.0,2838.0,709.0,745.0,665.0,69.0,675.0,614.0,694.0,733.0,674.0,745.0,611.0,674.0,684.0,763.0,708.0,2947.0,836.0,789.0,667.0,74.0,776.0,658.0,882.0,763.0,778.0,838.0,722.0,733.0,709.0,806.0,734.0,2888.0,834.0,762.0,662.0,62.0,807.0,674.0,767.0,724.0,721.0,746.0,702.0,778.0,686.0,765.0,741.0,3088.0,878.0,862.0,675.0,85.0,802.0,745.0,885.0,818.0,781.0,749.0,762.0,782.0,747.0,803.0,752.0,3017.0,893.0,939.0,628.0,68.0,887.0,749.0,899.0,857.0,761.0,755.0,784.0,800.0,750.0,856.0,736.0,freqmine
8534.0,6236.0,6212.0,6373.0,4330.0,6228.0,5574.0,5840.0,5917.0,5752.0,5968.0,5838.0,5874.0,5950.0,5999.0,5943.0,3631.0,1784.0,1862.0,1941.0,126.0,1942.0,1665.0,2048.0,1843.0,1788.0,1816.0,1743.0,1822.0,1940.0,2070.0,1820.0,3635.0,1769.0,1714.0,1822.0,98.0,1939.0,1712.0,1773.0,1809.0,1749.0,1585.0,1526.0,1627.0,1638.0,1818.0,1652.0,3672.0,1726.0,1707.0,1703.0,133.0,1868.0,1664.0,1676.0,1751.0,1605.0,1711.0,1626.0,1852.0,1721.0,1959.0,1748.0,3432.0,1676.0,1530.0,1726.0,26.0,1752.0,1573.0,1699.0,1623.0,1566.0,1690.0,1517.0,1688.0,1548.0,1843.0,1605.0,3616.0,1936.0,1651.0,1808.0,94.0,1747.0,1708.0,1765.0,1798.0,1712.0,1741.0,1719.0,1752.0,1741.0,2002.0,1818.0,3499.0,1674.0,1728.0,1762.0,98.0,1988.0,1594.0,1585.0,1779.0,1678.0,1642.0,1536.0,1683.0,1697.0,1803.0,1730.0,3450.0,1711.0,1715.0,1666.0,107.0,1822.0,1491.0,1574.0,1735.0,1520.0,1639.0,1519.0,1723.0,1593.0,1776.0,1647.0,3660.0,1700.0,1636.0,1811.0,90.0,1923.0,1612.0,1716.0,1684.0,1589.0,1631.0,1523.0,1752.0,1664.0,1840.0,1709.0,3449.0,1660.0,1699.0,1667.0,118.0,1659.0,1695.0,1601.0,1575.0,1474.0,1622.0,1657.0,1777.0,1575.0,1953.0,1695.0,3602.0,1885.0,1874.0,1934.0,102.0,1953.0,1783.0,1813.0,1868.0,1783.0,1798.0,1624.0,1747.0,1658.0,1994.0,1723.0,3387.0,1733.0,1702.0,1796.0,96.0,1846.0,1569.0,1686.0,1581.0,1559.0,1711.0,1563.0,1638.0,1499.0,1822.0,1744.0,3705.0,1822.0,1665.0,1899.0,113.0,2081.0,1564.0,1804.0,1717.0,1769.0,1747.0,1593.0,1694.0,1687.0,1872.0,1634.0,3721.0,1677.0,1647.0,1788.0,102.0,1893.0,1577.0,1817.0,1675.0,1623.0,1748.0,1612.0,1753.0,1651.0,1980.0,1560.0,3705.0,1708.0,1636.0,1756.0,99.0,1815.0,1524.0,1743.0,1732.0,1730.0,1569.0,1681.0,1612.0,1583.0,1857.0,1477.0,3598.0,1790.0,1682.0,1875.0,100.0,1893.0,1579.0,1667.0,1722.0,1683.0,1809.0,1710.0,1790.0,1752.0,1905.0,1660.0,freqmine
6667.0,5184.0,4800.0,5318.0,3383.0,5455.0,4940.0,5008.0,4948.0,4696.0,4730.0,5042.0,4674.0,4847.0,4496.0,4620.0,3112.0,1709.0,1791.0,1882.0,112.0,2098.0,1813.0,1776.0,1934.0,1649.0,1563.0,2063.0,1636.0,1705.0,1277.0,1411.0,3034.0,1606.0,1582.0,1865.0,111.0,2127.0,1816.0,1781.0,1848.0,1685.0,1301.0,1830.0,1368.0,1405.0,1151.0,1272.0,3136.0,1455.0,1716.0,1933.0,132.0,2019.0,1896.0,1709.0,1752.0,1514.0,1469.0,1802.0,1746.0,1477.0,1242.0,1385.0,2969.0,1515.0,1631.0,1803.0,27.0,1866.0,1673.0,1727.0,1676.0,1498.0,1418.0,1660.0,1383.0,1311.0,1013.0,1358.0,2933.0,1702.0,1697.0,1867.0,118.0,1837.0,1754.0,1798.0,1851.0,1496.0,1437.0,1865.0,1446.0,1443.0,1229.0,1312.0,2903.0,1678.0,1831.0,1865.0,95.0,2057.0,1849.0,1770.0,1792.0,1610.0,1298.0,1812.0,1420.0,1422.0,1082.0,1192.0,2972.0,1563.0,1674.0,1780.0,121.0,1880.0,1644.0,1655.0,1805.0,1686.0,1221.0,1662.0,1473.0,1338.0,1170.0,1121.0,2979.0,1595.0,1700.0,1861.0,109.0,2089.0,1691.0,1929.0,1870.0,1505.0,1256.0,1749.0,1502.0,1384.0,1159.0,1128.0,2794.0,1458.0,1540.0,1643.0,107.0,1833.0,1623.0,1660.0,1583.0,1349.0,1227.0,1966.0,1500.0,1516.0,1321.0,1526.0,3109.0,1731.0,1815.0,1844.0,91.0,1934.0,1864.0,1796.0,1996.0,1762.0,1331.0,1799.0,1472.0,1309.0,1138.0,1172.0,2782.0,1650.0,1694.0,1746.0,94.0,1969.0,1693.0,1692.0,1869.0,1399.0,1399.0,1886.0,1511.0,1284.0,1132.0,1468.0,3021.0,1700.0,1589.0,2005.0,108.0,2028.0,1801.0,1853.0,1944.0,1816.0,1486.0,1764.0,1466.0,1435.0,1026.0,1342.0,3000.0,1497.0,1653.0,1765.0,105.0,1887.0,1680.0,1873.0,1836.0,1534.0,1397.0,1832.0,1500.0,1382.0,1327.0,1181.0,3091.0,1535.0,1580.0,1838.0,107.0,1807.0,1727.0,1820.0,1782.0,1852.0,1255.0,1761.0,1409.0,1337.0,1086.0,1081.0,2944.0,1626.0,1720.0,1806.0,105.0,2017.0,1894.0,1817.0,1895.0,1555.0,1502.0,1945.0,1674.0,1538.0,1220.0,1474.0,freqmine
4941.0,3206.0,3363.0,4488.0,2354.0,4252.0,2823.0,2789.0,2815.0,3766.0,4103.0,2921.0,3774.0,2781.0,4212.0,2981.0,2602.0,542.0,1217.0,2000.0,94.0,1967.0,743.0,583.0,672.0,1614.0,2172.0,1067.0,1633.0,673.0,1830.0,781.0,2470.0,489.0,1092.0,1908.0,87.0,1936.0,772.0,700.0,644.0,1682.0,2070.0,828.0,1496.0,476.0,1654.0,590.0,2541.0,333.0,1130.0,1810.0,100.0,2030.0,694.0,617.0,530.0,1524.0,2141.0,913.0,1629.0,414.0,1833.0,580.0,2466.0,387.0,951.0,1703.0,26.0,1819.0,686.0,619.0,518.0,1405.0,2161.0,823.0,1379.0,312.0,1782.0,586.0,2579.0,368.0,1056.0,1821.0,90.0,1910.0,599.0,592.0,593.0,1522.0,2116.0,963.0,1386.0,375.0,1851.0,639.0,2393.0,372.0,1059.0,1875.0,90.0,2044.0,675.0,563.0,542.0,1545.0,2080.0,744.0,1387.0,259.0,1706.0,478.0,2403.0,365.0,999.0,1696.0,92.0,1782.0,615.0,521.0,482.0,1408.0,1952.0,755.0,1513.0,352.0,1734.0,513.0,2495.0,574.0,1085.0,1965.0,83.0,1887.0,710.0,704.0,659.0,1599.0,1968.0,735.0,1542.0,382.0,1768.0,459.0,2541.0,330.0,1055.0,1811.0,100.0,1786.0,805.0,555.0,557.0,1433.0,1921.0,1330.0,1683.0,869.0,1788.0,1025.0,2353.0,504.0,1147.0,1921.0,77.0,1949.0,807.0,824.0,639.0,1565.0,1995.0,830.0,1483.0,319.0,1860.0,523.0,2220.0,448.0,1219.0,1723.0,84.0,1904.0,744.0,638.0,540.0,1413.0,2023.0,967.0,1504.0,599.0,1833.0,1002.0,2590.0,458.0,1049.0,2057.0,85.0,2052.0,727.0,774.0,606.0,1651.0,2143.0,817.0,1418.0,399.0,1947.0,584.0,2478.0,330.0,1154.0,1790.0,79.0,1892.0,625.0,619.0,606.0,1469.0,1945.0,801.0,1475.0,563.0,1978.0,602.0,2720.0,494.0,1041.0,1941.0,83.0,1850.0,753.0,807.0,644.0,1675.0,2056.0,844.0,1398.0,359.0,1904.0,513.0,2481.0,484.0,1254.0,1965.0,84.0,1815.0,732.0,639.0,659.0,1604.0,2207.0,1098.0,1665.0,574.0,1854.0,732.0,freqmine
4496.0,2601.0,3403.0,3473.0,2177.0,2682.0,2344.0,2807.0,3875.0,2756.0,3756.0,3773.0,3878.0,2479.0,4229.0,2433.0,2192.0,263.0,1454.0,1304.0,46.0,494.0,395.0,719.0,1912.0,747.0,1844.0,1847.0,1851.0,476.0,1915.0,537.0,2300.0,321.0,1362.0,1347.0,64.0,555.0,532.0,714.0,1945.0,821.0,1799.0,1770.0,1704.0,257.0,1815.0,333.0,2248.0,200.0,1301.0,1281.0,75.0,482.0,288.0,654.0,1904.0,644.0,1806.0,2019.0,1936.0,265.0,1944.0,294.0,2223.0,230.0,1175.0,1208.0,19.0,470.0,284.0,658.0,1799.0,655.0,1853.0,1838.0,1738.0,206.0,1815.0,366.0,2115.0,207.0,1214.0,1239.0,68.0,364.0,227.0,620.0,1817.0,639.0,1874.0,1986.0,1775.0,274.0,1815.0,318.0,2205.0,226.0,1368.0,1296.0,59.0,614.0,209.0,546.0,1886.0,809.0,1712.0,1907.0,1735.0,164.0,1721.0,209.0,2203.0,196.0,1212.0,1213.0,50.0,355.0,208.0,551.0,1810.0,633.0,1656.0,1803.0,1772.0,234.0,1702.0,265.0,2299.0,334.0,1223.0,1382.0,66.0,494.0,362.0,735.0,1982.0,705.0,1751.0,1892.0,1918.0,309.0,1857.0,261.0,2113.0,213.0,1501.0,1146.0,65.0,392.0,362.0,599.0,1696.0,639.0,1790.0,1978.0,1801.0,698.0,1828.0,793.0,2216.0,304.0,1351.0,1312.0,75.0,487.0,463.0,732.0,1986.0,730.0,1841.0,2000.0,1800.0,253.0,1872.0,330.0,1968.0,322.0,1375.0,1241.0,65.0,425.0,357.0,686.0,1868.0,641.0,1845.0,1882.0,1767.0,438.0,1857.0,943.0,2295.0,279.0,1262.0,1444.0,69.0,483.0,399.0,769.0,1990.0,838.0,1921.0,1828.0,1687.0,277.0,2000.0,420.0,2056.0,206.0,1236.0,1324.0,51.0,401.0,285.0,764.0,1781.0,719.0,1895.0,1808.0,1808.0,326.0,1961.0,365.0,2207.0,389.0,1188.0,1344.0,69.0,512.0,438.0,933.0,1919.0,814.0,1827.0,1842.0,1770.0,272.0,1889.0,306.0,2074.0,296.0,1319.0,1259.0,45.0,449.0,357.0,809.0,1930.0,643.0,1891.0,1960.0,1903.0,375.0,2078.0,488.0,freqmine
3665.0,3596.0,2073.0,2689.0,1944.0,2188.0,2473.0,3261.0,2489.0,2058.0,3834.0,3581.0,3706.0,2795.0,3794.0,2461.0,1599.0,1546.0,419.0,595.0,40.0,259.0,630.0,1407.0,602.0,213.0,2075.0,1767.0,1818.0,924.0,1901.0,570.0,1654.0,1492.0,192.0,456.0,45.0,232.0,639.0,1404.0,570.0,226.0,1954.0,1671.0,1779.0,546.0,1756.0,281.0,1583.0,1462.0,163.0,397.0,56.0,219.0,623.0,1324.0,358.0,134.0,1954.0,1790.0,1963.0,603.0,1841.0,331.0,1634.0,1478.0,114.0,417.0,13.0,189.0,564.0,1448.0,355.0,201.0,1934.0,1572.0,1782.0,517.0,1791.0,281.0,1481.0,1473.0,183.0,363.0,50.0,169.0,524.0,1365.0,361.0,146.0,1816.0,1558.0,1705.0,584.0,1875.0,327.0,1560.0,1499.0,154.0,323.0,41.0,438.0,534.0,1328.0,339.0,385.0,1908.0,1633.0,1769.0,565.0,1926.0,249.0,1554.0,1516.0,171.0,316.0,44.0,170.0,521.0,1372.0,357.0,131.0,1917.0,1578.0,1859.0,554.0,1881.0,294.0,1668.0,1613.0,180.0,657.0,49.0,303.0,681.0,1448.0,506.0,230.0,1933.0,1673.0,1857.0,620.0,1928.0,307.0,1488.0,1459.0,570.0,444.0,43.0,192.0,604.0,1276.0,418.0,150.0,1873.0,1826.0,1730.0,1672.0,1962.0,842.0,1694.0,1612.0,214.0,468.0,72.0,270.0,712.0,1488.0,559.0,210.0,1916.0,1760.0,1893.0,525.0,1932.0,330.0,1486.0,1497.0,361.0,363.0,52.0,252.0,627.0,1347.0,342.0,188.0,2006.0,1727.0,1889.0,584.0,1832.0,1048.0,1605.0,1564.0,189.0,509.0,60.0,399.0,648.0,1413.0,482.0,420.0,2098.0,1659.0,1813.0,613.0,1903.0,381.0,1603.0,1455.0,184.0,360.0,42.0,209.0,553.0,1478.0,353.0,162.0,2025.0,1679.0,1950.0,595.0,1997.0,397.0,1688.0,1605.0,168.0,437.0,56.0,242.0,680.0,1368.0,385.0,191.0,1866.0,1745.0,1931.0,627.0,1845.0,310.0,1569.0,1563.0,262.0,413.0,37.0,212.0,746.0,1320.0,459.0,149.0,2037.0,1886.0,2117.0,691.0,1975.0,475.0,freqmine
3265.0,4254.0,2101.0,2497.0,2053.0,2283.0,3692.0,3868.0,2126.0,2224.0,3322.0,2681.0,3757.0,2681.0,4039.0,4128.0,1331.0,1924.0,447.0,310.0,70.0,349.0,2087.0,2031.0,300.0,248.0,1667.0,1017.0,1928.0,920.0,2120.0,2148.0,1236.0,1736.0,154.0,191.0,54.0,351.0,1877.0,1981.0,213.0,236.0,1510.0,922.0,1804.0,507.0,1787.0,1811.0,1262.0,1746.0,113.0,138.0,68.0,252.0,1908.0,1910.0,119.0,168.0,1594.0,970.0,2033.0,572.0,1941.0,1938.0,1248.0,1750.0,88.0,133.0,20.0,241.0,1830.0,1883.0,115.0,186.0,1712.0,962.0,1886.0,468.0,1984.0,1894.0,1110.0,1749.0,120.0,143.0,50.0,166.0,1708.0,1864.0,144.0,183.0,1611.0,1052.0,1710.0,486.0,1967.0,1729.0,1154.0,1744.0,141.0,160.0,61.0,374.0,1699.0,1930.0,141.0,217.0,1562.0,1014.0,1790.0,499.0,1898.0,1831.0,1126.0,1752.0,155.0,156.0,73.0,174.0,1692.0,1777.0,145.0,177.0,1588.0,956.0,1856.0,486.0,1918.0,1826.0,1180.0,1847.0,138.0,334.0,62.0,291.0,1875.0,1977.0,276.0,252.0,1672.0,981.0,1928.0,548.0,1878.0,1974.0,1148.0,1701.0,446.0,191.0,51.0,193.0,1737.0,1922.0,177.0,215.0,1661.0,1282.0,1875.0,1333.0,1918.0,1881.0,1198.0,1840.0,145.0,231.0,78.0,267.0,2062.0,1989.0,217.0,199.0,1557.0,918.0,1878.0,542.0,1890.0,1828.0,1039.0,1752.0,263.0,152.0,81.0,253.0,1756.0,1713.0,171.0,196.0,1581.0,969.0,1914.0,530.0,1937.0,1935.0,1181.0,1986.0,186.0,217.0,77.0,361.0,1880.0,1908.0,236.0,376.0,1696.0,977.0,1808.0,545.0,1905.0,2024.0,1219.0,1667.0,158.0,128.0,64.0,231.0,1666.0,1863.0,137.0,205.0,1615.0,903.0,1886.0,523.0,2038.0,1834.0,1261.0,1756.0,137.0,213.0,88.0,265.0,1810.0,1971.0,206.0,269.0,1529.0,1043.0,1895.0,568.0,2024.0,1882.0,1230.0,1899.0,309.0,170.0,62.0,244.0,2015.0,2023.0,216.0,208.0,1581.0,1078.0,2164.0,594.0,2152.0,2173.0,freqmine
5358.0,4740.0,2791.0,4366.0,2651.0,2700.0,4297.0,4341.0,2873.0,2764.0,4230.0,4112.0,4418.0,4509.0,4231.0,4558.0,2397.0,1963.0,527.0,1698.0,88.0,232.0,2091.0,2015.0,301.0,262.0,1921.0,1982.0,2135.0,1952.0,1843.0,1872.0,2274.0,1788.0,183.0,1565.0,62.0,255.0,2011.0,1862.0,201.0,235.0,1768.0,1826.0,1957.0,1680.0,1480.0,1721.0,2348.0,1685.0,168.0,1552.0,97.0,227.0,1979.0,1923.0,166.0,167.0,1779.0,1823.0,2117.0,1854.0,1702.0,1919.0,2364.0,1684.0,122.0,1601.0,26.0,164.0,2019.0,1864.0,124.0,142.0,1862.0,1803.0,1874.0,1652.0,1530.0,1801.0,2043.0,1681.0,178.0,1450.0,60.0,114.0,1847.0,1810.0,144.0,187.0,1790.0,1853.0,1798.0,1708.0,1537.0,1789.0,2101.0,1664.0,222.0,1688.0,82.0,350.0,1918.0,1853.0,197.0,252.0,1858.0,1906.0,1951.0,1816.0,1526.0,1788.0,2226.0,1891.0,235.0,1523.0,113.0,157.0,1923.0,1744.0,186.0,170.0,1819.0,1809.0,2068.0,1709.0,1680.0,1765.0,2345.0,1822.0,200.0,1656.0,76.0,246.0,2023.0,1975.0,280.0,224.0,1760.0,1747.0,1956.0,1828.0,1671.0,1859.0,2272.0,1660.0,608.0,1612.0,64.0,164.0,1826.0,1786.0,207.0,178.0,1742.0,1874.0,1854.0,1775.0,1933.0,1923.0,2375.0,1813.0,228.0,1645.0,84.0,188.0,1941.0,1941.0,327.0,290.0,1897.0,1875.0,1933.0,1978.0,1737.0,1920.0,2057.0,1776.0,430.0,1568.0,98.0,246.0,1805.0,1791.0,240.0,232.0,1812.0,1874.0,1983.0,1925.0,1724.0,1896.0,2212.0,1819.0,229.0,1711.0,102.0,286.0,1933.0,2020.0,287.0,323.0,1893.0,2058.0,1905.0,1893.0,1706.0,1939.0,2286.0,1708.0,230.0,1503.0,72.0,196.0,1785.0,1936.0,194.0,236.0,1845.0,1888.0,1975.0,1682.0,1721.0,1882.0,2317.0,1806.0,183.0,1469.0,94.0,289.0,1861.0,1973.0,277.0,273.0,1757.0,1842.0,1892.0,1609.0,1578.0,1692.0,2379.0,1869.0,408.0,1504.0,95.0,214.0,2023.0,1993.0,239.0,199.0,1911.0,1962.0,2205.0,1883.0,1753.0,1913.0,freqmine
6762.0,5075.0,3058.0,4886.0,3044.0,4554.0,4744.0,5017.0,3338.0,4323.0,4982.0,4655.0,4808.0,5035.0,4457.0,5094.0,3492.0,1851.0,604.0,1971.0,121.0,1570.0,1983.0,2052.0,319.0,1284.0,2117.0,1868.0,1932.0,2068.0,1581.0,1994.0,3286.0,1670.0,181.0,1769.0,62.0,1489.0,1819.0,1741.0,216.0,1214.0,1898.0,1733.0,1603.0,1792.0,1216.0,1628.0,3392.0,1749.0,184.0,1712.0,113.0,1468.0,1903.0,1890.0,176.0,1203.0,2011.0,1837.0,1766.0,1843.0,1438.0,1794.0,3119.0,1654.0,92.0,1611.0,20.0,1423.0,1834.0,1862.0,135.0,1112.0,2006.0,1750.0,1538.0,1672.0,1256.0,1683.0,3173.0,1696.0,131.0,1735.0,76.0,1344.0,1739.0,1717.0,174.0,1197.0,2009.0,1834.0,1622.0,1662.0,1303.0,1757.0,3249.0,1702.0,233.0,1856.0,113.0,1414.0,1704.0,1813.0,213.0,1206.0,2030.0,1831.0,1779.0,1785.0,1312.0,1630.0,3514.0,1658.0,204.0,1782.0,114.0,1371.0,1627.0,1729.0,205.0,1268.0,2040.0,1786.0,1890.0,1829.0,1433.0,1677.0,3417.0,1686.0,167.0,1808.0,63.0,1423.0,1779.0,1872.0,259.0,1222.0,1980.0,1788.0,1790.0,1930.0,1313.0,1729.0,3543.0,1712.0,642.0,1759.0,67.0,1338.0,1826.0,1840.0,285.0,1192.0,1806.0,1870.0,1652.0,1812.0,1347.0,1846.0,3435.0,1871.0,261.0,1995.0,123.0,1520.0,1940.0,2097.0,317.0,1272.0,1964.0,1834.0,1794.0,1904.0,1379.0,1762.0,3198.0,1772.0,464.0,1759.0,120.0,1506.0,1939.0,1718.0,233.0,1208.0,2012.0,1809.0,1724.0,1787.0,1341.0,1759.0,3353.0,2024.0,213.0,1926.0,120.0,1571.0,1922.0,1894.0,257.0,1346.0,2118.0,1929.0,1804.0,1913.0,1302.0,1768.0,3384.0,1739.0,216.0,1692.0,111.0,1460.0,1674.0,1906.0,213.0,1342.0,1917.0,1873.0,1793.0,1976.0,1443.0,1830.0,3391.0,1714.0,176.0,1825.0,88.0,1422.0,1695.0,1942.0,279.0,1176.0,1729.0,1793.0,1613.0,1858.0,1310.0,1748.0,3664.0,1825.0,291.0,1826.0,119.0,1496.0,1858.0,2059.0,295.0,1250.0,2066.0,1874.0,1960.0,2035.0,1404.0,1913.0,freqmine
871.0,550.0,508.0,536.0,4729.0,532.0,498.0,518.0,532.0,504.0,485.0,489.0,505.0,536.0,559.0,565.0,283.0,6.0,5.0,5.0,2631.0,6.0,2.0,4.0,5.0,6.0,3.0,5.0,6.0,4.0,7.0,5.0,261.0,6.0,4.0,6.0,2994.0,3.0,2.0,3.0,5.0,5.0,2.0,3.0,2.0,5.0,4.0,6.0,279.0,7.0,6.0,7.0,2940.0,10.0,3.0,4.0,5.0,2.0,4.0,4.0,5.0,6.0,8.0,6.0,282.0,6.0,2.0,6.0,2961.0,2.0,2.0,3.0,3.0,1.0,3.0,3.0,2.0,3.0,5.0,5.0,276.0,5.0,4.0,5.0,3557.0,7.0,3.0,3.0,4.0,2.0,2.0,4.0,3.0,8.0,7.0,8.0,254.0,5.0,3.0,5.0,3629.0,4.0,3.0,4.0,3.0,5.0,3.0,2.0,2.0,6.0,6.0,6.0,267.0,4.0,3.0,4.0,3340.0,3.0,0.0,2.0,4.0,2.0,3.0,3.0,2.0,5.0,4.0,6.0,280.0,8.0,2.0,6.0,3222.0,4.0,2.0,3.0,5.0,4.0,3.0,1.0,3.0,5.0,7.0,5.0,260.0,6.0,3.0,2.0,2862.0,6.0,2.0,3.0,4.0,0.0,1.0,2.0,2.0,9.0,5.0,6.0,245.0,5.0,1.0,3.0,3269.0,2.0,0.0,2.0,4.0,1.0,2.0,3.0,2.0,4.0,6.0,3.0,249.0,4.0,2.0,2.0,3497.0,3.0,2.0,2.0,3.0,2.0,1.0,1.0,1.0,5.0,6.0,5.0,257.0,6.0,3.0,4.0,3162.0,2.0,0.0,2.0,5.0,2.0,2.0,2.0,1.0,6.0,7.0,5.0,277.0,7.0,6.0,5.0,3083.0,8.0,5.0,4.0,6.0,6.0,4.0,4.0,6.0,9.0,8.0,7.0,290.0,8.0,8.0,7.0,3122.0,7.0,5.0,6.0,10.0,5.0,6.0,6.0,8.0,9.0,9.0,9.0,288.0,9.0,6.0,7.0,3728.0,5.0,5.0,5.0,5.0,5.0,3.0,3.0,5.0,7.0,7.0,9.0,freqmine
8341.0,6517.0,4125.0,6132.0,4118.0,3966.0,6022.0,6115.0,4496.0,5945.0,5844.0,5496.0,6092.0,6227.0,6147.0,6112.0,4102.0,2285.0,858.0,1928.0,205.0,271.0,2350.0,2431.0,675.0,2237.0,1984.0,2024.0,2437.0,2563.0,2500.0,2255.0,3782.0,2012.0,191.0,1629.0,98.0,243.0,2193.0,2252.0,389.0,2161.0,1684.0,1764.0,2036.0,2099.0,2054.0,1990.0,4235.0,2145.0,278.0,1875.0,186.0,220.0,2333.0,2252.0,410.0,2131.0,1849.0,2016.0,2396.0,2138.0,2312.0,2083.0,3912.0,2091.0,140.0,1711.0,31.0,138.0,2160.0,2176.0,308.0,2035.0,1716.0,1819.0,2076.0,2049.0,2085.0,1932.0,3777.0,2180.0,243.0,1626.0,135.0,163.0,2074.0,2148.0,376.0,1955.0,1763.0,1946.0,2000.0,2237.0,2211.0,2001.0,3880.0,2299.0,266.0,1783.0,178.0,242.0,2136.0,2173.0,413.0,2200.0,1797.0,2158.0,2186.0,2417.0,2241.0,2074.0,4005.0,2321.0,295.0,1786.0,189.0,211.0,2193.0,2163.0,417.0,2117.0,1731.0,1892.0,2075.0,2325.0,2252.0,2172.0,4062.0,2206.0,179.0,1827.0,111.0,238.0,2135.0,2383.0,526.0,2173.0,1776.0,1683.0,2139.0,2215.0,2153.0,2117.0,4087.0,2179.0,712.0,1713.0,150.0,206.0,2097.0,2221.0,453.0,2047.0,1716.0,1834.0,2069.0,2213.0,2324.0,2272.0,4223.0,2458.0,295.0,1997.0,185.0,214.0,2362.0,2337.0,546.0,2269.0,1917.0,1825.0,2049.0,2255.0,2475.0,2179.0,3945.0,2319.0,563.0,1803.0,183.0,232.0,2165.0,2090.0,421.0,2029.0,2021.0,1897.0,2046.0,2165.0,2259.0,2299.0,4116.0,2396.0,299.0,2117.0,181.0,220.0,2448.0,2308.0,494.0,2330.0,2061.0,1985.0,2149.0,2301.0,2291.0,2340.0,3901.0,1977.0,288.0,1823.0,201.0,238.0,2200.0,2313.0,418.0,2148.0,1799.0,1917.0,2195.0,2157.0,2405.0,2165.0,3951.0,2097.0,273.0,1757.0,178.0,242.0,2150.0,2238.0,440.0,2177.0,1774.0,1871.0,2152.0,2014.0,2201.0,2078.0,4090.0,2261.0,361.0,1805.0,182.0,293.0,2288.0,2250.0,466.0,2130.0,1995.0,2142.0,2325.0,2375.0,2390.0,2304.0,freqmine
7904.0,6109.0,3883.0,6092.0,3901.0,4497.0,5287.0,5459.0,5735.0,5912.0,5746.0,5606.0,5705.0,5882.0,5840.0,5806.0,3909.0,2013.0,613.0,2278.0,170.0,869.0,2013.0,1795.0,2038.0,2010.0,2062.0,2336.0,1980.0,2000.0,2052.0,2062.0,3638.0,1858.0,208.0,1978.0,67.0,789.0,1721.0,1742.0,1817.0,1761.0,1714.0,1842.0,1779.0,1645.0,1758.0,1691.0,3836.0,2055.0,252.0,2082.0,152.0,836.0,1981.0,1746.0,1994.0,1923.0,1969.0,2049.0,2202.0,1948.0,2086.0,1819.0,3552.0,1926.0,113.0,1821.0,28.0,732.0,1766.0,1608.0,1842.0,1903.0,1888.0,1856.0,1855.0,1703.0,1836.0,1808.0,3389.0,2090.0,210.0,1768.0,89.0,727.0,1586.0,1656.0,1716.0,1836.0,1822.0,1927.0,1898.0,1851.0,1804.0,1837.0,3644.0,1921.0,244.0,1987.0,160.0,909.0,1761.0,1715.0,1916.0,1981.0,1756.0,2028.0,1960.0,1946.0,1847.0,1792.0,3846.0,1967.0,316.0,2049.0,172.0,910.0,1798.0,1689.0,2056.0,1867.0,1760.0,1997.0,2489.0,1866.0,1907.0,1803.0,3931.0,1885.0,191.0,2177.0,104.0,914.0,1882.0,1857.0,2045.0,1904.0,1851.0,1899.0,2131.0,1841.0,1855.0,1815.0,4016.0,1902.0,535.0,2057.0,139.0,821.0,2056.0,1656.0,2018.0,1779.0,2020.0,2068.0,2116.0,1964.0,2038.0,2099.0,3866.0,2029.0,287.0,2445.0,148.0,792.0,2167.0,1840.0,2095.0,2046.0,1939.0,2063.0,2106.0,1956.0,1982.0,1728.0,3691.0,1900.0,465.0,2026.0,150.0,837.0,1967.0,1860.0,1871.0,1974.0,1988.0,2060.0,2003.0,1873.0,1973.0,1934.0,3893.0,1997.0,294.0,2362.0,190.0,932.0,2144.0,2259.0,2078.0,2072.0,1979.0,2081.0,2080.0,1888.0,2013.0,2009.0,3787.0,2034.0,272.0,1982.0,177.0,843.0,1896.0,1940.0,2057.0,1887.0,1989.0,2032.0,2215.0,1879.0,2124.0,1808.0,3859.0,1972.0,253.0,2066.0,184.0,942.0,1871.0,1916.0,2095.0,1923.0,1810.0,2056.0,1900.0,1761.0,1851.0,1775.0,3868.0,1941.0,327.0,2219.0,134.0,939.0,2050.0,1803.0,2049.0,1924.0,1893.0,2229.0,2045.0,1953.0,2064.0,1963.0,freqmine
7737.0,6243.0,5022.0,5790.0,3847.0,5593.0,5376.0,5408.0,5640.0,5670.0,5588.0,5444.0,4622.0,4132.0,5426.0,5767.0,3955.0,2088.0,1422.0,2034.0,145.0,2083.0,1860.0,2019.0,2069.0,2001.0,1953.0,1871.0,1043.0,405.0,1959.0,2023.0,3625.0,1839.0,1182.0,1815.0,78.0,1917.0,1685.0,1761.0,1786.0,1906.0,1621.0,1687.0,912.0,260.0,1575.0,1740.0,3647.0,1997.0,1316.0,1836.0,162.0,2122.0,1871.0,1904.0,1865.0,2044.0,1882.0,1953.0,1102.0,314.0,1915.0,1816.0,3673.0,1870.0,1171.0,1828.0,24.0,1859.0,1749.0,1758.0,1843.0,1874.0,1673.0,1609.0,906.0,127.0,1669.0,1666.0,3672.0,2059.0,1148.0,1906.0,123.0,1844.0,1694.0,1917.0,1870.0,1786.0,1738.0,1678.0,951.0,311.0,1876.0,1753.0,3670.0,2070.0,1190.0,1905.0,152.0,2084.0,1611.0,1916.0,1870.0,1863.0,1628.0,1825.0,942.0,247.0,1939.0,1635.0,3790.0,1957.0,1239.0,1870.0,178.0,1927.0,1640.0,1760.0,1830.0,1895.0,1710.0,1757.0,1030.0,283.0,1806.0,1586.0,3864.0,2103.0,1255.0,2041.0,172.0,2190.0,1825.0,2023.0,1901.0,1919.0,1838.0,1866.0,1014.0,341.0,2118.0,1637.0,3615.0,1978.0,1333.0,1825.0,148.0,2069.0,1842.0,1822.0,1856.0,1862.0,1859.0,2028.0,1059.0,513.0,2066.0,1768.0,3921.0,2096.0,1325.0,1928.0,149.0,2116.0,1860.0,2029.0,1926.0,2217.0,1810.0,1737.0,1019.0,246.0,1958.0,1950.0,3683.0,2005.0,1579.0,1769.0,176.0,1986.0,1773.0,1891.0,1780.0,1989.0,1895.0,1731.0,975.0,295.0,2036.0,2107.0,3634.0,1999.0,1355.0,2022.0,146.0,2204.0,1933.0,2054.0,2064.0,2024.0,1817.0,1797.0,910.0,268.0,1985.0,1920.0,3630.0,1898.0,1233.0,1774.0,133.0,2068.0,1754.0,1928.0,1903.0,1878.0,1679.0,1725.0,1023.0,264.0,1927.0,1883.0,3748.0,1892.0,1290.0,1860.0,175.0,2094.0,1741.0,1903.0,1950.0,1944.0,1635.0,1671.0,998.0,281.0,1874.0,1719.0,3837.0,2041.0,1344.0,1875.0,156.0,1975.0,1921.0,1900.0,2001.0,1926.0,1786.0,1889.0,1149.0,308.0,1980.0,2034.0,freqmine
6695.0,5255.0,3537.0,4536.0,3187.0,3855.0,3337.0,4930.0,4299.0,4903.0,5228.0,3526.0,4661.0,5022.0,4933.0,3952.0,3665.0,1846.0,669.0,1334.0,130.0,779.0,409.0,1977.0,1328.0,1991.0,2178.0,535.0,1312.0,1964.0,1916.0,942.0,3530.0,1693.0,324.0,1403.0,79.0,785.0,360.0,1770.0,1179.0,1761.0,1899.0,426.0,1220.0,1741.0,1646.0,710.0,3520.0,1918.0,380.0,1274.0,136.0,783.0,398.0,1884.0,1177.0,1896.0,2054.0,466.0,1441.0,1888.0,1922.0,845.0,3454.0,1676.0,272.0,1156.0,28.0,681.0,289.0,1784.0,1057.0,1829.0,1969.0,334.0,1066.0,1741.0,1861.0,783.0,3429.0,1755.0,344.0,1323.0,98.0,747.0,319.0,1777.0,1146.0,1878.0,2136.0,496.0,1105.0,1786.0,1925.0,780.0,3470.0,1688.0,329.0,1351.0,111.0,967.0,359.0,1671.0,1067.0,1840.0,2077.0,405.0,1064.0,1735.0,1846.0,630.0,3531.0,1733.0,360.0,1248.0,122.0,742.0,357.0,1677.0,1101.0,1678.0,2009.0,437.0,1093.0,1706.0,1836.0,713.0,3594.0,1907.0,437.0,1523.0,139.0,941.0,481.0,1944.0,1257.0,1921.0,2129.0,502.0,1371.0,1799.0,1962.0,859.0,3559.0,1768.0,533.0,1332.0,120.0,780.0,415.0,1749.0,1130.0,1773.0,2213.0,807.0,1305.0,1786.0,2086.0,922.0,3575.0,1819.0,352.0,1386.0,126.0,853.0,379.0,1848.0,1359.0,1937.0,2141.0,407.0,1150.0,1819.0,1966.0,715.0,3514.0,1747.0,386.0,1168.0,108.0,703.0,329.0,1781.0,1239.0,1716.0,2206.0,435.0,1256.0,1929.0,1855.0,869.0,3740.0,2064.0,349.0,1368.0,96.0,790.0,371.0,2117.0,1345.0,2112.0,2177.0,406.0,1199.0,1842.0,1900.0,826.0,3635.0,1924.0,368.0,1283.0,92.0,699.0,318.0,1974.0,1120.0,1890.0,2160.0,406.0,1191.0,1886.0,2080.0,801.0,3718.0,1879.0,357.0,1354.0,136.0,811.0,456.0,2010.0,1254.0,1901.0,2039.0,427.0,1143.0,1635.0,1838.0,835.0,3453.0,1911.0,474.0,1283.0,111.0,786.0,501.0,2066.0,1248.0,1901.0,2162.0,585.0,1435.0,1773.0,1916.0,1029.0,freqmine
6901.0,5022.0,4531.0,5046.0,3255.0,4987.0,3302.0,4867.0,4757.0,5147.0,5040.0,3282.0,4192.0,5400.0,5293.0,4049.0,3485.0,1551.0,1321.0,1707.0,148.0,1749.0,307.0,2080.0,1671.0,1949.0,2043.0,278.0,1004.0,2152.0,2125.0,828.0,3362.0,1546.0,1160.0,1543.0,106.0,1741.0,223.0,1973.0,1445.0,1925.0,1892.0,158.0,980.0,1913.0,1741.0,664.0,3495.0,1526.0,1192.0,1505.0,114.0,1849.0,227.0,2161.0,1414.0,1720.0,1959.0,210.0,1162.0,1867.0,1963.0,742.0,3403.0,1429.0,1092.0,1373.0,28.0,1628.0,179.0,2048.0,1377.0,1661.0,1954.0,116.0,872.0,1753.0,1845.0,778.0,3447.0,1508.0,1246.0,1529.0,103.0,1716.0,216.0,1830.0,1341.0,1780.0,1900.0,263.0,986.0,1802.0,2051.0,720.0,3425.0,1435.0,1161.0,1613.0,100.0,1857.0,224.0,1713.0,1424.0,1800.0,1908.0,155.0,952.0,1821.0,1954.0,686.0,3490.0,1388.0,1297.0,1525.0,133.0,1746.0,198.0,1677.0,1379.0,1810.0,1896.0,210.0,986.0,1831.0,1815.0,745.0,3624.0,1790.0,1286.0,1788.0,156.0,2020.0,333.0,1989.0,1529.0,1960.0,1994.0,241.0,955.0,1993.0,1956.0,741.0,3612.0,1484.0,1381.0,1625.0,138.0,1819.0,342.0,1941.0,1439.0,1879.0,2064.0,395.0,1006.0,2154.0,2376.0,902.0,3590.0,1659.0,1434.0,1917.0,124.0,2026.0,298.0,2212.0,1649.0,2138.0,2035.0,203.0,1036.0,1906.0,2060.0,697.0,3359.0,1428.0,1314.0,1544.0,117.0,1773.0,186.0,1863.0,1330.0,1806.0,2058.0,166.0,1023.0,1960.0,1866.0,669.0,3535.0,1597.0,1425.0,2223.0,139.0,1974.0,247.0,2071.0,1682.0,2050.0,2000.0,179.0,1002.0,1980.0,2044.0,731.0,3554.0,1607.0,1255.0,1664.0,118.0,1796.0,216.0,2098.0,1541.0,1870.0,1968.0,194.0,1148.0,2039.0,2283.0,782.0,3429.0,1497.0,1270.0,1529.0,143.0,1785.0,265.0,1925.0,1487.0,1880.0,1749.0,203.0,1024.0,1926.0,1900.0,678.0,3483.0,1449.0,1461.0,1607.0,116.0,1768.0,343.0,2031.0,1548.0,1966.0,2037.0,263.0,1113.0,2038.0,2146.0,851.0,freqmine
7841.0,5471.0,5782.0,5163.0,3885.0,5331.0,3717.0,5461.0,5483.0,5410.0,5339.0,5304.0,5366.0,5460.0,5506.0,6118.0,3682.0,1357.0,2178.0,1341.0,160.0,1738.0,283.0,1965.0,1872.0,1735.0,1769.0,1804.0,1510.0,1866.0,1889.0,2114.0,3505.0,1243.0,2169.0,1096.0,119.0,1688.0,236.0,1921.0,1700.0,1646.0,1645.0,1521.0,1395.0,1595.0,1573.0,2001.0,3596.0,1445.0,2110.0,1109.0,167.0,1677.0,252.0,1809.0,1841.0,1619.0,1778.0,1867.0,1611.0,1788.0,1814.0,2097.0,3375.0,1180.0,1880.0,942.0,29.0,1542.0,128.0,1754.0,1549.0,1549.0,1613.0,1587.0,1320.0,1514.0,1700.0,1964.0,3461.0,1205.0,1900.0,1028.0,157.0,1740.0,226.0,1797.0,1682.0,1596.0,1735.0,1626.0,1380.0,1549.0,1743.0,1898.0,3323.0,1060.0,1676.0,1018.0,86.0,1725.0,169.0,1735.0,1638.0,1597.0,1656.0,1533.0,1369.0,1628.0,1505.0,1783.0,3382.0,1149.0,1972.0,1126.0,155.0,1507.0,227.0,1833.0,1540.0,1674.0,1570.0,1629.0,1470.0,1558.0,1649.0,1799.0,3532.0,1416.0,2173.0,1374.0,135.0,1736.0,287.0,1973.0,1757.0,1621.0,1776.0,1768.0,1500.0,1822.0,1785.0,2099.0,3486.0,1285.0,2193.0,997.0,153.0,1862.0,318.0,1818.0,1902.0,1656.0,2021.0,1812.0,1657.0,1899.0,2198.0,2214.0,3518.0,1336.0,2243.0,1176.0,139.0,1868.0,265.0,1919.0,1942.0,1637.0,1975.0,1672.0,1612.0,1750.0,1689.0,2245.0,3382.0,1290.0,2145.0,994.0,98.0,1651.0,166.0,1827.0,1664.0,1614.0,1886.0,1623.0,1572.0,1773.0,1861.0,2185.0,3629.0,1292.0,2243.0,1145.0,143.0,1713.0,241.0,2105.0,1784.0,1764.0,1815.0,1552.0,1614.0,1728.0,1738.0,2097.0,3633.0,1211.0,1989.0,1088.0,155.0,1837.0,235.0,2044.0,1870.0,1629.0,1846.0,1695.0,1713.0,1686.0,1842.0,2065.0,3559.0,1189.0,1934.0,1050.0,161.0,1670.0,254.0,2064.0,1689.0,1545.0,1604.0,1593.0,1565.0,1542.0,1505.0,1909.0,3738.0,1303.0,2416.0,1070.0,127.0,1872.0,368.0,2076.0,1980.0,1693.0,1847.0,1724.0,1669.0,1759.0,1658.0,2301.0,freqmine
1351.0,853.0,775.0,854.0,775.0,836.0,804.0,2506.0,772.0,719.0,694.0,698.0,688.0,719.0,849.0,2116.0,689.0,102.0,112.0,95.0,51.0,126.0,179.0,1521.0,98.0,102.0,100.0,93.0,52.0,80.0,122.0,1581.0,741.0,103.0,82.0,72.0,39.0,90.0,143.0,1696.0,84.0,91.0,83.0,85.0,53.0,62.0,109.0,1305.0,509.0,88.0,95.0,70.0,42.0,102.0,131.0,1543.0,85.0,87.0,86.0,87.0,55.0,68.0,90.0,1255.0,461.0,77.0,75.0,54.0,14.0,74.0,111.0,1582.0,79.0,84.0,67.0,81.0,43.0,48.0,76.0,1373.0,488.0,88.0,96.0,89.0,48.0,106.0,95.0,1412.0,119.0,119.0,94.0,105.0,58.0,87.0,122.0,1270.0,417.0,56.0,63.0,56.0,24.0,62.0,113.0,1447.0,67.0,74.0,73.0,63.0,32.0,46.0,64.0,908.0,446.0,70.0,82.0,75.0,40.0,95.0,102.0,1151.0,81.0,83.0,75.0,84.0,44.0,61.0,81.0,964.0,498.0,89.0,87.0,81.0,46.0,96.0,204.0,1720.0,73.0,102.0,98.0,95.0,61.0,74.0,113.0,1235.0,579.0,104.0,89.0,76.0,48.0,95.0,172.0,1236.0,91.0,97.0,90.0,108.0,68.0,77.0,114.0,1388.0,441.0,70.0,86.0,71.0,57.0,74.0,164.0,1426.0,75.0,85.0,72.0,84.0,54.0,60.0,106.0,1176.0,412.0,54.0,61.0,56.0,36.0,53.0,60.0,1268.0,54.0,63.0,60.0,45.0,44.0,47.0,75.0,1375.0,416.0,89.0,107.0,78.0,41.0,101.0,131.0,1698.0,103.0,103.0,115.0,98.0,65.0,64.0,132.0,1382.0,476.0,92.0,79.0,77.0,43.0,107.0,138.0,1391.0,87.0,95.0,78.0,84.0,52.0,70.0,82.0,1263.0,458.0,124.0,116.0,74.0,48.0,122.0,134.0,1448.0,113.0,120.0,119.0,117.0,96.0,68.0,131.0,1107.0,583.0,101.0,97.0,78.0,34.0,116.0,226.0,1584.0,113.0,120.0,99.0,106.0,75.0,65.0,118.0,1551.0,freqmine
312.0,110.0,71.0,164.0,158.0,113.0,168.0,130.0,101.0,115.0,48.0,31.0,79.0,141.0,167.0,154.0,462.0,14.0,12.0,25.0,20.0,15.0,99.0,36.0,10.0,14.0,6.0,9.0,8.0,16.0,16.0,32.0,250.0,5.0,2.0,19.0,16.0,4.0,84.0,28.0,3.0,7.0,2.0,1.0,2.0,14.0,6.0,32.0,129.0,11.0,12.0,20.0,37.0,17.0,88.0,38.0,10.0,10.0,7.0,9.0,9.0,24.0,14.0,40.0,145.0,10.0,7.0,43.0,36.0,12.0,73.0,70.0,12.0,10.0,9.0,11.0,10.0,41.0,17.0,68.0,159.0,12.0,13.0,24.0,23.0,11.0,105.0,42.0,11.0,16.0,9.0,9.0,6.0,23.0,14.0,40.0,108.0,4.0,4.0,15.0,13.0,3.0,60.0,34.0,4.0,6.0,8.0,2.0,5.0,16.0,11.0,28.0,159.0,7.0,7.0,26.0,17.0,8.0,87.0,29.0,11.0,5.0,7.0,4.0,9.0,31.0,14.0,34.0,185.0,11.0,8.0,26.0,25.0,7.0,110.0,41.0,6.0,13.0,11.0,4.0,17.0,21.0,16.0,41.0,372.0,13.0,12.0,26.0,26.0,12.0,81.0,38.0,13.0,13.0,10.0,10.0,13.0,26.0,16.0,44.0,136.0,8.0,8.0,19.0,21.0,10.0,91.0,31.0,11.0,8.0,5.0,7.0,9.0,23.0,17.0,34.0,123.0,3.0,3.0,14.0,20.0,3.0,42.0,17.0,5.0,4.0,2.0,0.0,4.0,20.0,8.0,30.0,106.0,7.0,5.0,38.0,41.0,8.0,96.0,40.0,10.0,7.0,4.0,4.0,10.0,40.0,13.0,54.0,168.0,12.0,8.0,15.0,15.0,11.0,85.0,29.0,13.0,13.0,8.0,7.0,9.0,16.0,15.0,42.0,146.0,9.0,9.0,59.0,68.0,10.0,68.0,60.0,12.0,6.0,11.0,6.0,14.0,54.0,16.0,77.0,199.0,14.0,14.0,48.0,45.0,12.0,99.0,60.0,14.0,11.0,11.0,9.0,12.0,40.0,12.0,60.0,freqmine
210.0,32.0,16.0,45.0,64.0,51.0,67.0,35.0,16.0,36.0,9.0,6.0,45.0,75.0,51.0,77.0,430.0,5.0,3.0,5.0,3.0,4.0,24.0,6.0,2.0,2.0,2.0,3.0,4.0,6.0,5.0,7.0,261.0,5.0,1.0,2.0,1.0,3.0,29.0,2.0,3.0,2.0,1.0,1.0,4.0,3.0,1.0,3.0,113.0,4.0,2.0,8.0,5.0,2.0,32.0,7.0,0.0,3.0,1.0,2.0,3.0,6.0,3.0,10.0,120.0,10.0,4.0,13.0,8.0,11.0,48.0,9.0,2.0,12.0,9.0,6.0,4.0,6.0,7.0,7.0,106.0,1.0,4.0,6.0,7.0,5.0,27.0,9.0,2.0,4.0,2.0,3.0,4.0,10.0,2.0,9.0,134.0,4.0,0.0,7.0,3.0,2.0,22.0,5.0,4.0,4.0,2.0,2.0,3.0,10.0,4.0,6.0,98.0,1.0,2.0,6.0,6.0,4.0,22.0,3.0,2.0,2.0,0.0,1.0,2.0,6.0,2.0,7.0,199.0,3.0,4.0,12.0,5.0,2.0,23.0,10.0,1.0,1.0,0.0,0.0,10.0,15.0,2.0,13.0,300.0,2.0,2.0,10.0,9.0,3.0,35.0,11.0,1.0,0.0,0.0,2.0,3.0,14.0,1.0,12.0,129.0,1.0,1.0,4.0,4.0,3.0,25.0,7.0,0.0,1.0,1.0,0.0,1.0,5.0,1.0,10.0,89.0,2.0,0.0,0.0,1.0,1.0,8.0,1.0,0.0,1.0,0.0,0.0,1.0,3.0,1.0,3.0,98.0,2.0,2.0,4.0,3.0,4.0,29.0,7.0,2.0,3.0,2.0,2.0,3.0,5.0,3.0,9.0,144.0,5.0,2.0,9.0,8.0,4.0,20.0,6.0,5.0,5.0,6.0,5.0,7.0,8.0,4.0,13.0,91.0,2.0,3.0,5.0,5.0,6.0,54.0,5.0,2.0,2.0,2.0,2.0,3.0,6.0,3.0,7.0,196.0,4.0,3.0,16.0,10.0,6.0,61.0,13.0,6.0,6.0,5.0,6.0,6.0,15.0,8.0,19.0,freqmine
493.0,149.0,135.0,116.0,105.0,146.0,97.0,111.0,106.0,111.0,92.0,82.0,120.0,147.0,138.0,124.0,512.0,15.0,22.0,23.0,7.0,22.0,21.0,17.0,16.0,17.0,15.0,15.0,20.0,20.0,21.0,15.0,528.0,19.0,18.0,18.0,5.0,25.0,18.0,14.0,16.0,17.0,12.0,16.0,22.0,15.0,19.0,15.0,269.0,23.0,26.0,19.0,5.0,29.0,27.0,22.0,20.0,23.0,24.0,25.0,27.0,28.0,20.0,22.0,230.0,26.0,22.0,25.0,3.0,22.0,35.0,26.0,22.0,20.0,21.0,30.0,23.0,25.0,31.0,22.0,292.0,28.0,23.0,20.0,4.0,28.0,23.0,20.0,23.0,25.0,19.0,22.0,23.0,26.0,20.0,22.0,276.0,26.0,23.0,22.0,4.0,24.0,19.0,17.0,17.0,20.0,23.0,19.0,21.0,22.0,24.0,23.0,207.0,25.0,20.0,24.0,3.0,23.0,22.0,19.0,22.0,22.0,29.0,21.0,24.0,27.0,21.0,18.0,288.0,24.0,29.0,20.0,5.0,28.0,30.0,29.0,22.0,20.0,27.0,26.0,29.0,21.0,22.0,23.0,290.0,21.0,14.0,15.0,4.0,23.0,21.0,15.0,20.0,18.0,12.0,14.0,22.0,18.0,17.0,23.0,266.0,21.0,25.0,19.0,3.0,20.0,25.0,17.0,20.0,20.0,20.0,20.0,25.0,21.0,24.0,28.0,232.0,13.0,18.0,17.0,3.0,20.0,13.0,17.0,16.0,15.0,20.0,13.0,16.0,17.0,18.0,18.0,221.0,23.0,23.0,20.0,7.0,24.0,29.0,18.0,24.0,22.0,29.0,22.0,22.0,22.0,25.0,25.0,308.0,27.0,32.0,30.0,5.0,34.0,28.0,29.0,28.0,27.0,26.0,26.0,28.0,24.0,27.0,25.0,251.0,27.0,28.0,23.0,5.0,30.0,23.0,25.0,24.0,30.0,25.0,24.0,32.0,23.0,20.0,20.0,348.0,29.0,34.0,27.0,4.0,33.0,34.0,27.0,26.0,28.0,26.0,26.0,33.0,28.0,32.0,25.0,freqmine
844.0,524.0,485.0,537.0,4665.0,536.0,481.0,504.0,507.0,502.0,462.0,476.0,478.0,513.0,540.0,550.0,272.0,6.0,6.0,6.0,2580.0,4.0,5.0,5.0,6.0,6.0,5.0,4.0,3.0,9.0,9.0,10.0,251.0,4.0,2.0,2.0,3018.0,3.0,1.0,2.0,2.0,3.0,1.0,1.0,3.0,4.0,6.0,6.0,273.0,6.0,5.0,7.0,3019.0,4.0,6.0,4.0,7.0,9.0,4.0,5.0,5.0,7.0,7.0,9.0,275.0,4.0,2.0,2.0,3038.0,2.0,2.0,3.0,2.0,5.0,5.0,4.0,2.0,3.0,1.0,5.0,275.0,4.0,1.0,10.0,3662.0,9.0,2.0,4.0,3.0,8.0,2.0,4.0,3.0,11.0,7.0,4.0,246.0,5.0,2.0,2.0,3786.0,2.0,1.0,1.0,3.0,3.0,1.0,0.0,3.0,4.0,4.0,5.0,263.0,2.0,2.0,5.0,3290.0,4.0,4.0,5.0,3.0,6.0,2.0,1.0,3.0,5.0,6.0,3.0,266.0,1.0,3.0,7.0,3337.0,6.0,2.0,2.0,2.0,6.0,2.0,3.0,3.0,5.0,5.0,5.0,258.0,6.0,3.0,8.0,2916.0,4.0,2.0,4.0,3.0,7.0,3.0,3.0,3.0,4.0,7.0,5.0,236.0,2.0,2.0,3.0,3245.0,5.0,2.0,3.0,2.0,4.0,0.0,1.0,2.0,2.0,4.0,7.0,242.0,2.0,2.0,4.0,3622.0,3.0,0.0,2.0,2.0,3.0,1.0,1.0,2.0,2.0,5.0,4.0,243.0,2.0,2.0,4.0,3143.0,3.0,2.0,2.0,2.0,4.0,0.0,1.0,2.0,4.0,4.0,4.0,261.0,5.0,3.0,7.0,3131.0,5.0,3.0,5.0,5.0,6.0,3.0,5.0,5.0,4.0,8.0,8.0,277.0,5.0,4.0,6.0,3188.0,8.0,4.0,4.0,4.0,7.0,5.0,5.0,4.0,7.0,9.0,7.0,281.0,6.0,5.0,6.0,3745.0,6.0,3.0,4.0,6.0,6.0,5.0,4.0,4.0,7.0,8.0,8.0,freqmine
5693.0,1807.0,1745.0,1774.0,1755.0,1787.0,1712.0,1745.0,1736.0,1772.0,1743.0,1674.0,1704.0,1750.0,1740.0,1768.0,4541.0,118.0,114.0,117.0,110.0,143.0,132.0,133.0,138.0,127.0,127.0,138.0,118.0,123.0,146.0,126.0,4388.0,108.0,96.0,94.0,80.0,116.0,113.0,94.0,98.0,106.0,119.0,103.0,95.0,103.0,120.0,101.0,4479.0,120.0,97.0,99.0,116.0,126.0,126.0,126.0,112.0,114.0,112.0,133.0,105.0,113.0,126.0,125.0,3878.0,52.0,52.0,56.0,6.0,43.0,66.0,62.0,45.0,50.0,33.0,55.0,36.0,41.0,58.0,61.0,4478.0,120.0,119.0,118.0,106.0,124.0,117.0,127.0,134.0,115.0,122.0,140.0,115.0,131.0,143.0,125.0,4177.0,63.0,66.0,63.0,65.0,73.0,58.0,64.0,71.0,57.0,75.0,78.0,60.0,52.0,76.0,71.0,4480.0,104.0,110.0,96.0,122.0,107.0,127.0,107.0,111.0,92.0,123.0,123.0,104.0,106.0,130.0,124.0,4436.0,118.0,125.0,115.0,92.0,132.0,126.0,110.0,109.0,113.0,129.0,136.0,131.0,138.0,145.0,132.0,4600.0,132.0,115.0,116.0,127.0,132.0,135.0,119.0,133.0,121.0,122.0,152.0,118.0,137.0,140.0,135.0,4486.0,110.0,117.0,103.0,95.0,125.0,101.0,114.0,120.0,114.0,126.0,115.0,132.0,136.0,126.0,118.0,4324.0,77.0,79.0,93.0,96.0,83.0,89.0,76.0,77.0,89.0,90.0,73.0,74.0,81.0,95.0,102.0,4454.0,127.0,126.0,120.0,98.0,134.0,137.0,129.0,134.0,125.0,179.0,134.0,118.0,134.0,148.0,145.0,4530.0,134.0,123.0,113.0,102.0,138.0,119.0,122.0,130.0,110.0,125.0,123.0,133.0,110.0,127.0,125.0,4563.0,149.0,135.0,154.0,127.0,164.0,160.0,144.0,158.0,168.0,145.0,162.0,141.0,152.0,167.0,160.0,4467.0,134.0,128.0,132.0,109.0,141.0,135.0,146.0,143.0,128.0,137.0,131.0,128.0,134.0,154.0,146.0,freqmine
5653.0,1913.0,1846.0,1809.0,1899.0,1885.0,1827.0,1848.0,1843.0,1860.0,1772.0,1775.0,1809.0,1909.0,1868.0,1896.0,4181.0,85.0,93.0,91.0,85.0,86.0,84.0,87.0,68.0,82.0,75.0,81.0,73.0,81.0,85.0,87.0,4080.0,77.0,80.0,74.0,60.0,75.0,75.0,71.0,63.0,73.0,60.0,68.0,67.0,70.0,79.0,80.0,4070.0,82.0,84.0,86.0,94.0,85.0,84.0,80.0,78.0,68.0,69.0,70.0,65.0,66.0,84.0,80.0,3678.0,21.0,23.0,26.0,16.0,26.0,16.0,23.0,20.0,20.0,19.0,18.0,19.0,22.0,18.0,23.0,4170.0,87.0,81.0,81.0,76.0,82.0,86.0,75.0,73.0,77.0,62.0,79.0,66.0,75.0,81.0,80.0,3902.0,62.0,58.0,59.0,64.0,64.0,58.0,62.0,52.0,52.0,53.0,52.0,50.0,48.0,58.0,62.0,4173.0,86.0,82.0,69.0,81.0,89.0,81.0,78.0,72.0,75.0,67.0,75.0,73.0,76.0,88.0,79.0,4159.0,80.0,87.0,70.0,72.0,76.0,72.0,79.0,67.0,71.0,61.0,65.0,65.0,72.0,80.0,72.0,4198.0,82.0,93.0,79.0,86.0,90.0,83.0,83.0,74.0,73.0,75.0,79.0,72.0,72.0,90.0,82.0,4095.0,75.0,72.0,68.0,69.0,76.0,81.0,76.0,70.0,68.0,62.0,72.0,64.0,62.0,71.0,71.0,4007.0,72.0,68.0,69.0,70.0,76.0,72.0,73.0,68.0,68.0,56.0,66.0,59.0,64.0,70.0,73.0,4111.0,78.0,64.0,70.0,74.0,70.0,72.0,76.0,66.0,68.0,66.0,63.0,59.0,67.0,67.0,79.0,4163.0,81.0,80.0,73.0,76.0,79.0,91.0,80.0,73.0,81.0,70.0,77.0,65.0,76.0,80.0,83.0,4168.0,91.0,86.0,85.0,91.0,90.0,91.0,87.0,75.0,80.0,78.0,88.0,74.0,77.0,90.0,94.0,4185.0,82.0,76.0,76.0,74.0,82.0,77.0,78.0,72.0,78.0,63.0,71.0,63.0,70.0,83.0,82.0,freqmine
7626.0,4243.0,4259.0,4125.0,3655.0,4275.0,4150.0,4274.0,4271.0,4161.0,4255.0,4216.0,4245.0,4322.0,4469.0,4331.0,3859.0,552.0,699.0,527.0,78.0,683.0,601.0,609.0,686.0,726.0,698.0,658.0,668.0,745.0,911.0,681.0,3922.0,606.0,558.0,440.0,72.0,670.0,625.0,638.0,644.0,660.0,614.0,652.0,587.0,658.0,721.0,674.0,4004.0,620.0,650.0,485.0,85.0,722.0,781.0,643.0,594.0,842.0,675.0,699.0,738.0,719.0,877.0,750.0,3669.0,544.0,522.0,408.0,17.0,577.0,593.0,628.0,540.0,579.0,556.0,502.0,533.0,568.0,603.0,712.0,3925.0,552.0,635.0,527.0,80.0,596.0,656.0,623.0,589.0,668.0,639.0,621.0,604.0,620.0,720.0,580.0,3901.0,566.0,651.0,466.0,60.0,758.0,573.0,580.0,657.0,650.0,628.0,583.0,578.0,606.0,682.0,680.0,3952.0,601.0,660.0,449.0,67.0,666.0,614.0,554.0,630.0,667.0,615.0,598.0,665.0,573.0,726.0,669.0,3936.0,633.0,847.0,491.0,72.0,707.0,657.0,746.0,695.0,648.0,636.0,599.0,655.0,641.0,746.0,715.0,4065.0,562.0,721.0,544.0,99.0,676.0,695.0,683.0,678.0,679.0,750.0,804.0,748.0,752.0,810.0,776.0,4058.0,605.0,641.0,526.0,83.0,712.0,748.0,734.0,817.0,818.0,699.0,688.0,616.0,695.0,827.0,649.0,3935.0,605.0,657.0,520.0,82.0,692.0,721.0,632.0,588.0,669.0,731.0,746.0,716.0,658.0,927.0,712.0,4022.0,648.0,579.0,531.0,80.0,730.0,733.0,680.0,713.0,670.0,644.0,648.0,588.0,645.0,718.0,812.0,4128.0,710.0,661.0,542.0,102.0,683.0,649.0,662.0,729.0,672.0,752.0,648.0,817.0,693.0,875.0,690.0,4054.0,602.0,612.0,518.0,79.0,648.0,655.0,654.0,735.0,762.0,618.0,669.0,644.0,589.0,798.0,561.0,4045.0,619.0,817.0,466.0,75.0,650.0,670.0,691.0,836.0,674.0,741.0,676.0,684.0,655.0,872.0,742.0,freqmine
11240.0,8648.0,8455.0,8234.0,6235.0,8327.0,7736.0,8382.0,8271.0,8070.0,8581.0,7996.0,8620.0,8597.0,8287.0,8142.0,5143.0,2262.0,2803.0,2234.0,148.0,2569.0,2343.0,2468.0,2733.0,2290.0,2593.0,2581.0,2534.0,2723.0,2441.0,2435.0,5003.0,2206.0,2361.0,1984.0,109.0,2705.0,2300.0,2642.0,2643.0,2229.0,2584.0,2381.0,2383.0,2419.0,2304.0,2194.0,5128.0,2219.0,2384.0,1915.0,161.0,2411.0,2315.0,2397.0,2353.0,2264.0,2692.0,2701.0,2632.0,2631.0,2216.0,2389.0,5017.0,1953.0,1957.0,2086.0,37.0,2066.0,2055.0,2316.0,2207.0,2125.0,2289.0,2158.0,2186.0,2407.0,1927.0,2131.0,5167.0,2162.0,2204.0,1945.0,169.0,2327.0,2148.0,2318.0,2079.0,2100.0,2313.0,2242.0,2369.0,2363.0,2251.0,2124.0,5050.0,2080.0,2011.0,2040.0,148.0,2685.0,2002.0,2328.0,2158.0,2216.0,2311.0,2397.0,2315.0,2422.0,2031.0,2171.0,5161.0,2076.0,2280.0,2064.0,119.0,2274.0,1922.0,2054.0,1989.0,2174.0,2174.0,2263.0,2313.0,2312.0,2048.0,2046.0,5092.0,2304.0,2411.0,2151.0,135.0,2778.0,2264.0,2619.0,2258.0,2256.0,2443.0,2365.0,2489.0,2461.0,2215.0,2205.0,5182.0,2166.0,2393.0,1945.0,193.0,2343.0,2062.0,2370.0,2237.0,2211.0,2737.0,2872.0,2628.0,2649.0,2422.0,2512.0,5122.0,2270.0,2278.0,2569.0,135.0,2627.0,2710.0,2819.0,2714.0,2655.0,2787.0,2334.0,2555.0,2285.0,2195.0,2393.0,4881.0,2274.0,2432.0,2105.0,130.0,2353.0,2027.0,2228.0,2245.0,2226.0,2793.0,2545.0,2591.0,2614.0,2251.0,2406.0,5104.0,2399.0,2288.0,2342.0,177.0,2628.0,2471.0,2652.0,2522.0,2606.0,2639.0,2313.0,2530.0,2520.0,2210.0,2556.0,5184.0,2214.0,2444.0,2172.0,180.0,2318.0,2298.0,2413.0,2279.0,2317.0,2715.0,2500.0,2615.0,2483.0,2503.0,2160.0,5206.0,2199.0,2273.0,1997.0,155.0,2214.0,2047.0,2342.0,2375.0,2326.0,2351.0,2419.0,2379.0,2250.0,2180.0,2066.0,4986.0,2377.0,3055.0,2218.0,140.0,2570.0,2279.0,2404.0,2681.0,2367.0,2913.0,2466.0,2664.0,2551.0,2447.0,2460.0,freqmine
15728.0,11994.0,11199.0,11687.0,9373.0,12032.0,11501.0,11111.0,11360.0,11230.0,11372.0,10818.0,11330.0,11147.0,11993.0,11596.0,6730.0,2892.0,2379.0,2523.0,160.0,2941.0,2381.0,2210.0,2764.0,2453.0,2702.0,2239.0,2286.0,2449.0,2578.0,2906.0,6607.0,2641.0,2471.0,2398.0,169.0,2453.0,2225.0,2599.0,2800.0,2573.0,2252.0,1997.0,2181.0,2342.0,2867.0,2354.0,6739.0,2516.0,2562.0,2323.0,185.0,2399.0,2480.0,2281.0,2404.0,2484.0,2407.0,2287.0,2283.0,2322.0,2843.0,2725.0,6480.0,2476.0,2071.0,1846.0,31.0,2079.0,2523.0,2139.0,2329.0,2420.0,2241.0,1714.0,1885.0,1978.0,2317.0,2202.0,6753.0,2399.0,2152.0,2025.0,175.0,2284.0,2261.0,2150.0,2514.0,2118.0,2339.0,1999.0,2069.0,1961.0,2968.0,2131.0,6724.0,2380.0,2061.0,2122.0,197.0,2526.0,2146.0,2049.0,2104.0,2340.0,2132.0,1971.0,2015.0,2321.0,2405.0,2241.0,6513.0,2399.0,2212.0,2106.0,177.0,2213.0,2184.0,2132.0,2197.0,2200.0,2198.0,2001.0,2055.0,2123.0,2422.0,1822.0,6464.0,2514.0,2230.0,2482.0,145.0,2336.0,2399.0,2511.0,2466.0,2343.0,2357.0,2098.0,2130.0,2278.0,2541.0,2223.0,6490.0,2428.0,2742.0,2199.0,189.0,2127.0,2358.0,2260.0,2295.0,2356.0,2245.0,2243.0,2200.0,2272.0,2001.0,2333.0,6859.0,2794.0,2137.0,2483.0,139.0,2574.0,2794.0,2441.0,2705.0,2668.0,2356.0,2052.0,2240.0,2242.0,2503.0,2340.0,6446.0,2327.0,2413.0,2181.0,168.0,2522.0,2375.0,2370.0,2688.0,2327.0,2366.0,2008.0,2396.0,2367.0,3000.0,2711.0,6795.0,2705.0,2285.0,2656.0,162.0,2366.0,2332.0,2582.0,2669.0,2814.0,2295.0,1822.0,2116.0,2116.0,2774.0,2603.0,6547.0,2518.0,2159.0,2092.0,222.0,2223.0,2307.0,2165.0,2403.0,2357.0,2239.0,1949.0,2557.0,2218.0,3120.0,2344.0,6592.0,2327.0,2218.0,2295.0,168.0,2184.0,2242.0,2173.0,2295.0,2372.0,2014.0,1868.0,2051.0,2134.0,2693.0,2001.0,6692.0,2522.0,2475.0,2536.0,125.0,2138.0,2387.0,2328.0,2796.0,2246.0,2562.0,2406.0,2499.0,2200.0,3163.0,2668.0,freqmine
18380.0,12797.0,12587.0,13096.0,10529.0,12969.0,12502.0,12535.0,12336.0,12526.0,12559.0,12343.0,12578.0,12734.0,12268.0,12708.0,7759.0,2235.0,2665.0,2407.0,137.0,2347.0,2678.0,2409.0,2527.0,2612.0,2350.0,2829.0,2501.0,3221.0,2570.0,2725.0,7298.0,2097.0,2277.0,2348.0,79.0,2691.0,2370.0,2403.0,2349.0,2631.0,2111.0,2439.0,2358.0,2514.0,2012.0,2768.0,7589.0,1940.0,2594.0,2218.0,80.0,2527.0,2514.0,2429.0,2074.0,2397.0,2338.0,2601.0,2676.0,2560.0,2551.0,2649.0,7287.0,2148.0,2066.0,2124.0,32.0,2336.0,2421.0,2307.0,2042.0,2337.0,2279.0,2418.0,2229.0,2132.0,2333.0,2589.0,7455.0,1957.0,1725.0,1949.0,113.0,1957.0,2213.0,2356.0,1982.0,2213.0,2431.0,2666.0,2423.0,2252.0,1819.0,2514.0,7767.0,2048.0,1707.0,2305.0,106.0,2516.0,2159.0,2014.0,1900.0,2307.0,2223.0,2700.0,2385.0,2531.0,1519.0,2515.0,7759.0,2091.0,2265.0,1943.0,128.0,2081.0,2094.0,2007.0,1995.0,2316.0,2223.0,2235.0,2351.0,1943.0,1886.0,2315.0,7323.0,2259.0,2104.0,2829.0,119.0,2356.0,2601.0,2491.0,2207.0,2616.0,2376.0,2227.0,2374.0,2491.0,1941.0,2727.0,7232.0,1862.0,2212.0,2055.0,116.0,2119.0,2463.0,2424.0,1952.0,2421.0,2469.0,2544.0,2493.0,2332.0,2426.0,3030.0,7755.0,2647.0,1978.0,2284.0,103.0,2418.0,2856.0,2826.0,2495.0,2646.0,2132.0,2297.0,2217.0,2010.0,2513.0,2609.0,7049.0,1892.0,2226.0,2044.0,83.0,1996.0,2327.0,2233.0,2161.0,2075.0,2289.0,2277.0,2296.0,2192.0,2309.0,2798.0,7720.0,2274.0,2262.0,2555.0,94.0,2236.0,2672.0,2478.0,2411.0,2947.0,2417.0,2261.0,2379.0,2232.0,2185.0,2770.0,7696.0,2033.0,2250.0,1975.0,86.0,1994.0,2454.0,2370.0,2048.0,2268.0,2348.0,2245.0,2400.0,2136.0,2598.0,2452.0,7590.0,1961.0,2301.0,2195.0,79.0,2127.0,2534.0,2420.0,2123.0,2544.0,2107.0,2246.0,2416.0,1819.0,2031.0,2280.0,7350.0,2098.0,2558.0,2302.0,97.0,2498.0,2628.0,2648.0,2373.0,2634.0,2434.0,2402.0,2516.0,2303.0,2436.0,2901.0,freqmine
20113.0,14679.0,14307.0,14285.0,12077.0,14002.0,13957.0,14008.0,13799.0,13987.0,13981.0,13625.0,13815.0,14368.0,14081.0,13803.0,8278.0,2440.0,2279.0,2183.0,137.0,2024.0,2315.0,2403.0,2564.0,2411.0,2383.0,2488.0,2639.0,2398.0,2451.0,2602.0,7997.0,2453.0,2192.0,2188.0,102.0,2278.0,2169.0,2696.0,2151.0,2120.0,2159.0,2127.0,2092.0,2314.0,2357.0,2377.0,8176.0,2493.0,2351.0,2210.0,112.0,2194.0,2189.0,2345.0,2050.0,2464.0,2347.0,2851.0,2603.0,2491.0,2454.0,2623.0,7985.0,2530.0,2509.0,2032.0,33.0,2003.0,1988.0,2567.0,1829.0,2354.0,2383.0,2376.0,2091.0,2094.0,2299.0,2379.0,7843.0,2455.0,2120.0,1978.0,120.0,1764.0,1917.0,2249.0,2278.0,2030.0,2085.0,2491.0,1858.0,2091.0,2275.0,2315.0,8162.0,2376.0,2515.0,2109.0,139.0,2151.0,2180.0,2134.0,2322.0,2331.0,1948.0,2237.0,2167.0,2249.0,2201.0,2117.0,7768.0,2489.0,2230.0,1944.0,130.0,1671.0,2070.0,2062.0,2170.0,2296.0,1778.0,1991.0,2496.0,2177.0,2211.0,2032.0,7797.0,2569.0,2109.0,2384.0,114.0,2241.0,2290.0,2521.0,2277.0,2355.0,1996.0,1979.0,2305.0,2263.0,2379.0,2125.0,7896.0,2460.0,2324.0,2414.0,147.0,1832.0,2571.0,2266.0,2262.0,2331.0,1952.0,2688.0,2738.0,2477.0,2327.0,2392.0,8036.0,2629.0,2099.0,2370.0,126.0,2216.0,2208.0,2472.0,2521.0,2170.0,1882.0,2296.0,2288.0,2466.0,2491.0,2162.0,7692.0,2269.0,2282.0,2397.0,80.0,1993.0,2298.0,2084.0,1949.0,2442.0,2132.0,2294.0,2225.0,2473.0,2046.0,2152.0,8263.0,2611.0,2367.0,2335.0,100.0,2280.0,2329.0,2499.0,2352.0,2473.0,2018.0,2114.0,1873.0,2208.0,2307.0,2066.0,8307.0,2314.0,2281.0,2123.0,99.0,1634.0,2072.0,2361.0,2607.0,2273.0,1930.0,2206.0,2275.0,2375.0,2386.0,2349.0,7928.0,2296.0,2253.0,2007.0,106.0,1929.0,1971.0,2522.0,2266.0,2463.0,1844.0,2264.0,2325.0,2337.0,2391.0,2231.0,7527.0,2679.0,2593.0,2067.0,141.0,2059.0,2620.0,2554.0,2190.0,2434.0,2550.0,2578.0,2914.0,2793.0,2574.0,2346.0,freqmine
18092.0,13110.0,12177.0,12634.0,10368.0,12792.0,12451.0,12244.0,12889.0,12521.0,12688.0,12540.0,12343.0,12332.0,12345.0,12461.0,7739.0,2636.0,2648.0,2233.0,88.0,2393.0,2375.0,2100.0,2932.0,2264.0,2766.0,2851.0,2447.0,2796.0,2532.0,2931.0,7549.0,2509.0,2191.0,2434.0,72.0,2202.0,2334.0,2221.0,2670.0,2496.0,2677.0,2385.0,2440.0,2098.0,2159.0,2457.0,7715.0,2516.0,2800.0,2200.0,85.0,2272.0,2697.0,2065.0,2700.0,2366.0,2765.0,2912.0,2598.0,2324.0,2945.0,2621.0,7616.0,2705.0,2492.0,2246.0,31.0,2447.0,2389.0,1957.0,2861.0,2285.0,3076.0,2319.0,2091.0,1882.0,2663.0,2222.0,7580.0,2568.0,1701.0,1770.0,87.0,2487.0,1661.0,1996.0,2634.0,1909.0,2594.0,2224.0,2062.0,1753.0,2502.0,2043.0,7890.0,2404.0,1363.0,2124.0,65.0,2331.0,1985.0,1921.0,2649.0,2320.0,2499.0,2003.0,2001.0,1854.0,1793.0,1965.0,7656.0,2309.0,2154.0,1995.0,106.0,2111.0,1843.0,1963.0,2664.0,2054.0,2348.0,1902.0,2293.0,1487.0,1721.0,1844.0,7577.0,2491.0,2347.0,2545.0,57.0,2484.0,2146.0,2188.0,2581.0,2253.0,2719.0,2014.0,2141.0,2006.0,2085.0,2052.0,7551.0,2492.0,1972.0,1713.0,77.0,2165.0,2338.0,1861.0,2150.0,1984.0,2481.0,2502.0,2347.0,1965.0,2615.0,2395.0,7729.0,2576.0,2038.0,2195.0,65.0,2821.0,2306.0,2245.0,2620.0,2488.0,2445.0,2337.0,2104.0,1843.0,2534.0,2218.0,7281.0,2498.0,2145.0,1706.0,60.0,2641.0,2192.0,1943.0,2440.0,2093.0,2586.0,2544.0,2376.0,2003.0,2708.0,2747.0,8070.0,2409.0,2176.0,2270.0,73.0,2449.0,2396.0,2079.0,2700.0,2738.0,2839.0,2335.0,2324.0,2094.0,2422.0,2233.0,7695.0,2543.0,2333.0,1650.0,82.0,2102.0,1751.0,2229.0,2396.0,2119.0,2395.0,2267.0,2541.0,2190.0,2694.0,2119.0,7893.0,2419.0,2198.0,2480.0,64.0,2074.0,2062.0,2059.0,2646.0,2616.0,2261.0,2465.0,2230.0,1743.0,2237.0,1957.0,7699.0,2402.0,2548.0,2174.0,60.0,2411.0,2276.0,1997.0,2582.0,2186.0,2709.0,3121.0,2633.0,2436.0,2710.0,2840.0,freqmine
19961.0,14491.0,13534.0,13824.0,11553.0,14922.0,13391.0,14145.0,13585.0,13635.0,13300.0,13596.0,13656.0,14099.0,13671.0,13714.0,8348.0,2414.0,2480.0,2251.0,94.0,2426.0,2255.0,2457.0,2139.0,2232.0,2380.0,2784.0,2235.0,2845.0,2263.0,2299.0,8347.0,2334.0,2605.0,2280.0,122.0,2882.0,2456.0,2892.0,2041.0,2413.0,1929.0,2367.0,2285.0,2475.0,2364.0,2373.0,8281.0,2106.0,2551.0,2368.0,109.0,2973.0,2692.0,2342.0,1880.0,2564.0,2094.0,2843.0,2397.0,2936.0,2550.0,2074.0,8081.0,2141.0,2117.0,2272.0,35.0,2804.0,2440.0,2798.0,1882.0,2213.0,2397.0,2170.0,2056.0,2869.0,2128.0,1972.0,8163.0,1774.0,2202.0,2419.0,58.0,2297.0,2344.0,2408.0,1886.0,2347.0,2022.0,2125.0,1997.0,2592.0,2122.0,1948.0,8262.0,1807.0,2034.0,2334.0,99.0,3177.0,2298.0,2138.0,1915.0,2427.0,1832.0,2161.0,2188.0,2469.0,1977.0,1837.0,8013.0,1843.0,2116.0,2115.0,82.0,2094.0,2207.0,1974.0,1838.0,2561.0,1794.0,1938.0,2071.0,2167.0,1937.0,2194.0,8252.0,2386.0,2319.0,2159.0,109.0,2715.0,2636.0,2742.0,2040.0,2959.0,2192.0,2065.0,2190.0,2645.0,2038.0,2191.0,8031.0,2003.0,2371.0,2047.0,106.0,2066.0,2522.0,2198.0,1969.0,2392.0,2413.0,2772.0,2251.0,2597.0,2330.0,2175.0,8038.0,2251.0,2495.0,2589.0,94.0,2468.0,2417.0,2536.0,2340.0,2536.0,2486.0,2285.0,2293.0,2306.0,2113.0,2101.0,7679.0,2104.0,2749.0,2319.0,87.0,2385.0,2676.0,2222.0,1980.0,2395.0,2102.0,2254.0,2410.0,2362.0,2360.0,2169.0,8220.0,2800.0,2309.0,2200.0,119.0,3098.0,2411.0,2537.0,2167.0,2993.0,2110.0,2155.0,2323.0,2522.0,2064.0,2263.0,8160.0,1914.0,2050.0,2299.0,75.0,2278.0,2371.0,2416.0,2138.0,2717.0,2071.0,2316.0,2245.0,2500.0,2082.0,2029.0,8658.0,2392.0,2463.0,2443.0,144.0,2359.0,2466.0,2558.0,2226.0,2591.0,2094.0,2302.0,2160.0,2476.0,2003.0,2279.0,8051.0,2630.0,2464.0,2443.0,85.0,2437.0,2415.0,2690.0,2253.0,2475.0,2408.0,2783.0,2682.0,2809.0,2477.0,2479.0,freqmine
19701.0,14379.0,14173.0,14544.0,11946.0,14211.0,14102.0,13350.0,13864.0,13837.0,14118.0,13771.0,14059.0,13961.0,13778.0,14236.0,7908.0,2743.0,2706.0,2560.0,100.0,2864.0,2381.0,2053.0,2844.0,2251.0,2692.0,2338.0,2619.0,2645.0,2655.0,2909.0,7748.0,2474.0,2573.0,2679.0,49.0,2297.0,2456.0,2146.0,2624.0,2477.0,2551.0,2393.0,2569.0,2431.0,2290.0,2494.0,7727.0,2226.0,2975.0,2755.0,53.0,2410.0,2948.0,2034.0,2725.0,2361.0,2649.0,2795.0,2707.0,2706.0,2655.0,2612.0,8022.0,2075.0,2915.0,2667.0,31.0,2602.0,2851.0,2225.0,2625.0,2298.0,2935.0,2940.0,2457.0,2395.0,2207.0,2585.0,7786.0,2398.0,2076.0,2027.0,82.0,2282.0,1873.0,2040.0,2543.0,1838.0,2683.0,2291.0,2422.0,1886.0,2105.0,2505.0,7450.0,2427.0,2102.0,2417.0,44.0,2383.0,2039.0,2004.0,2388.0,2179.0,2215.0,2420.0,2360.0,2272.0,1607.0,2192.0,7862.0,2685.0,2463.0,2326.0,81.0,2184.0,1811.0,1781.0,2439.0,1795.0,2180.0,2283.0,2270.0,2030.0,1841.0,2207.0,7405.0,2436.0,2337.0,2656.0,74.0,2762.0,2317.0,2146.0,2618.0,2061.0,2439.0,2515.0,2312.0,2271.0,1941.0,2260.0,7513.0,2319.0,2375.0,2010.0,74.0,2280.0,2281.0,2072.0,2232.0,1787.0,2424.0,2572.0,2320.0,2405.0,2270.0,2356.0,7616.0,2425.0,2642.0,2311.0,67.0,2481.0,2651.0,2510.0,2710.0,2112.0,2635.0,2584.0,2455.0,2221.0,2260.0,2373.0,7327.0,2379.0,2581.0,2216.0,93.0,2573.0,2493.0,2127.0,2793.0,1603.0,2576.0,2464.0,2722.0,2540.0,2227.0,2617.0,7758.0,2484.0,2790.0,2928.0,69.0,2439.0,2446.0,2285.0,2810.0,2571.0,2625.0,2600.0,2454.0,2314.0,1896.0,2647.0,7713.0,2451.0,2611.0,2386.0,71.0,2567.0,1609.0,2085.0,2476.0,1967.0,2475.0,2960.0,2629.0,2513.0,2524.0,2554.0,7821.0,2485.0,2511.0,2528.0,74.0,2515.0,2194.0,2158.0,2625.0,2259.0,2223.0,2781.0,2397.0,2071.0,2240.0,2390.0,7976.0,2412.0,2804.0,2255.0,67.0,2515.0,2588.0,1982.0,2881.0,2103.0,2713.0,2683.0,2852.0,2411.0,2679.0,2857.0,freqmine
0.0,0.0,0.0,0.0,0.0,0.0,0.0,0.0,0.0,0.0,0.0,0.0,0.0,0.0,0.0,0.0,0.0,0.0,0.0,0.0,0.0,0.0,0.0,0.0,0.0,0.0,0.0,0.0,0.0,0.0,0.0,0.0,0.0,0.0,0.0,0.0,0.0,0.0,0.0,0.0,0.0,0.0,0.0,0.0,0.0,0.0,0.0,0.0,0.0,0.0,0.0,0.0,0.0,0.0,0.0,0.0,0.0,0.0,0.0,0.0,0.0,0.0,0.0,0.0,0.0,0.0,0.0,0.0,0.0,0.0,0.0,0.0,0.0,0.0,0.0,0.0,0.0,0.0,0.0,0.0,0.0,0.0,0.0,0.0,0.0,0.0,0.0,0.0,0.0,0.0,0.0,0.0,0.0,0.0,0.0,0.0,0.0,0.0,0.0,0.0,0.0,0.0,0.0,0.0,0.0,0.0,0.0,0.0,0.0,0.0,0.0,0.0,0.0,0.0,0.0,0.0,0.0,0.0,0.0,0.0,0.0,0.0,0.0,0.0,0.0,0.0,0.0,0.0,0.0,0.0,0.0,0.0,0.0,0.0,0.0,0.0,0.0,0.0,0.0,0.0,0.0,0.0,0.0,0.0,0.0,0.0,0.0,0.0,0.0,0.0,0.0,0.0,0.0,0.0,0.0,0.0,0.0,0.0,0.0,0.0,0.0,0.0,0.0,0.0,0.0,0.0,0.0,0.0,0.0,0.0,0.0,0.0,0.0,0.0,0.0,0.0,0.0,0.0,0.0,0.0,0.0,0.0,0.0,0.0,0.0,0.0,0.0,0.0,0.0,0.0,0.0,0.0,0.0,0.0,0.0,0.0,0.0,0.0,0.0,0.0,0.0,0.0,0.0,0.0,0.0,0.0,0.0,0.0,0.0,0.0,0.0,0.0,0.0,0.0,0.0,0.0,0.0,0.0,0.0,0.0,0.0,0.0,0.0,0.0,0.0,0.0,0.0,0.0,0.0,0.0,0.0,0.0,0.0,0.0,0.0,0.0,0.0,0.0,0.0,0.0,0.0,0.0,0.0,0.0,0.0,0.0,0.0,0.0,0.0,0.0,0.0,0.0,0.0,0.0,0.0,0.0,freqmine
855.0,538.0,493.0,547.0,4680.0,522.0,474.0,490.0,521.0,492.0,470.0,494.0,496.0,530.0,531.0,559.0,275.0,4.0,4.0,8.0,2607.0,6.0,3.0,3.0,6.0,6.0,3.0,5.0,6.0,3.0,8.0,9.0,253.0,4.0,4.0,5.0,3035.0,2.0,2.0,2.0,4.0,2.0,0.0,1.0,3.0,4.0,4.0,5.0,282.0,5.0,5.0,5.0,2952.0,5.0,3.0,5.0,4.0,6.0,2.0,3.0,6.0,4.0,8.0,5.0,283.0,3.0,4.0,3.0,3026.0,3.0,3.0,3.0,4.0,4.0,2.0,3.0,3.0,1.0,5.0,4.0,274.0,3.0,6.0,6.0,3484.0,11.0,1.0,2.0,4.0,4.0,3.0,0.0,4.0,3.0,8.0,6.0,243.0,2.0,3.0,2.0,3685.0,2.0,1.0,3.0,3.0,1.0,1.0,2.0,2.0,2.0,5.0,4.0,256.0,4.0,3.0,3.0,3384.0,5.0,0.0,2.0,3.0,2.0,1.0,3.0,3.0,3.0,5.0,7.0,276.0,6.0,3.0,5.0,3193.0,6.0,1.0,3.0,4.0,2.0,1.0,3.0,5.0,5.0,7.0,5.0,252.0,4.0,7.0,4.0,2767.0,4.0,3.0,4.0,6.0,2.0,4.0,2.0,5.0,5.0,7.0,7.0,241.0,2.0,1.0,4.0,3195.0,1.0,1.0,1.0,1.0,1.0,0.0,1.0,2.0,4.0,5.0,3.0,251.0,2.0,2.0,4.0,3522.0,3.0,1.0,2.0,2.0,3.0,2.0,2.0,3.0,4.0,4.0,5.0,252.0,4.0,2.0,4.0,3260.0,4.0,2.0,1.0,5.0,1.0,2.0,1.0,4.0,5.0,6.0,5.0,272.0,7.0,3.0,4.0,3120.0,4.0,3.0,3.0,4.0,2.0,3.0,2.0,6.0,4.0,6.0,4.0,274.0,6.0,6.0,9.0,3216.0,6.0,5.0,7.0,8.0,5.0,4.0,4.0,8.0,6.0,9.0,8.0,283.0,6.0,6.0,5.0,3739.0,4.0,4.0,3.0,3.0,4.0,2.0,4.0,6.0,4.0,6.0,7.0,freqmine
16550.0,11698.0,10976.0,11541.0,8775.0,11614.0,11374.0,11277.0,11360.0,11572.0,11555.0,10928.0,11134.0,11256.0,10983.0,11280.0,7192.0,2183.0,2399.0,2195.0,67.0,2488.0,2651.0,2668.0,2848.0,2842.0,2503.0,2807.0,2605.0,3020.0,2425.0,2621.0,7100.0,2517.0,2168.0,2170.0,67.0,2779.0,2856.0,3087.0,2707.0,2749.0,2238.0,2445.0,2280.0,2177.0,2453.0,2242.0,7117.0,2332.0,2265.0,2108.0,64.0,2647.0,2725.0,2882.0,2763.0,2530.0,2537.0,3032.0,2848.0,2189.0,2475.0,2638.0,6791.0,2449.0,2155.0,2163.0,28.0,2549.0,2661.0,3127.0,2593.0,2777.0,2718.0,2966.0,2696.0,2135.0,2281.0,2680.0,7145.0,2050.0,2049.0,1909.0,75.0,1640.0,2501.0,2431.0,2541.0,2443.0,2525.0,3147.0,2306.0,2219.0,2253.0,2488.0,7060.0,2334.0,2015.0,2166.0,68.0,2223.0,2420.0,2673.0,2177.0,2599.0,2242.0,2828.0,2258.0,2467.0,2276.0,1997.0,7094.0,2414.0,2386.0,2108.0,58.0,1479.0,2790.0,2049.0,2404.0,2452.0,2356.0,2289.0,2087.0,2222.0,2247.0,1923.0,6700.0,2559.0,2111.0,2426.0,67.0,2334.0,2961.0,2794.0,2496.0,2554.0,2555.0,2403.0,2145.0,2208.0,2304.0,2392.0,7032.0,1916.0,2345.0,2127.0,60.0,1950.0,2822.0,2424.0,2251.0,2205.0,2606.0,2559.0,2264.0,2321.0,2329.0,2568.0,6910.0,2232.0,2225.0,2553.0,50.0,2617.0,2744.0,2865.0,2857.0,2645.0,2463.0,2384.0,2331.0,2448.0,2155.0,2372.0,6594.0,1841.0,2229.0,2026.0,44.0,2241.0,2833.0,2236.0,2497.0,1810.0,2581.0,2255.0,2362.0,2849.0,2479.0,2576.0,7300.0,2278.0,2105.0,2276.0,44.0,2638.0,2728.0,2590.0,2715.0,2895.0,2593.0,2099.0,2404.0,2734.0,2330.0,2481.0,7218.0,1915.0,2194.0,2223.0,69.0,1767.0,2491.0,2546.0,2300.0,2429.0,2354.0,2473.0,2625.0,2695.0,2688.0,2298.0,7211.0,2311.0,2229.0,2284.0,72.0,2260.0,2873.0,2685.0,2530.0,2583.0,1942.0,2776.0,2505.0,2170.0,2214.0,2097.0,7188.0,2450.0,2454.0,2171.0,59.0,2285.0,2664.0,2634.0,2651.0,2559.0,2820.0,2768.0,2822.0,2340.0,2453.0,2644.0,freqmine
20686.0,15001.0,14500.0,15238.0,12345.0,14806.0,14727.0,14333.0,14510.0,14473.0,14222.0,14386.0,14891.0,14794.0,14546.0,14508.0,8469.0,2683.0,2650.0,2543.0,99.0,2788.0,2615.0,2187.0,2491.0,2507.0,2519.0,2649.0,2468.0,2939.0,2886.0,2257.0,8012.0,2715.0,2479.0,2658.0,78.0,3067.0,2683.0,2078.0,2182.0,2840.0,2446.0,2143.0,2446.0,2552.0,2614.0,2138.0,8269.0,2874.0,2847.0,2673.0,116.0,2624.0,2899.0,2066.0,2867.0,2747.0,2379.0,2912.0,2999.0,2671.0,2728.0,2034.0,8197.0,2538.0,2591.0,2238.0,35.0,2746.0,2578.0,2233.0,2224.0,2848.0,2168.0,2481.0,2713.0,2401.0,2256.0,1973.0,8143.0,2367.0,2210.0,2263.0,80.0,2186.0,2142.0,2029.0,2402.0,2446.0,2391.0,2375.0,2607.0,2143.0,2443.0,2019.0,8324.0,2297.0,2085.0,2171.0,56.0,2421.0,2488.0,1951.0,2602.0,2413.0,2091.0,2259.0,2600.0,2182.0,2356.0,1810.0,8279.0,2548.0,2704.0,2617.0,86.0,2283.0,2108.0,1845.0,2603.0,2560.0,2390.0,2564.0,2522.0,2274.0,2667.0,2268.0,8185.0,3103.0,2589.0,2818.0,112.0,2598.0,2433.0,2327.0,2435.0,3219.0,2414.0,3086.0,2570.0,2409.0,3168.0,2159.0,8007.0,2531.0,2491.0,2422.0,98.0,2138.0,2348.0,1974.0,2360.0,2582.0,2479.0,2490.0,2398.0,2237.0,3065.0,2399.0,8149.0,2634.0,2381.0,3062.0,100.0,2829.0,2552.0,2557.0,2833.0,3277.0,2437.0,2405.0,2784.0,1971.0,2924.0,2173.0,7973.0,2341.0,2323.0,2350.0,94.0,2510.0,2456.0,2014.0,2682.0,2643.0,2231.0,2919.0,2678.0,2003.0,2980.0,2298.0,8199.0,2780.0,2543.0,2744.0,96.0,3035.0,2674.0,2299.0,2783.0,2761.0,2371.0,2539.0,2295.0,2346.0,2508.0,2199.0,8304.0,2311.0,2568.0,2401.0,66.0,2396.0,2395.0,2117.0,2215.0,2326.0,2470.0,2701.0,2564.0,2465.0,2697.0,1990.0,8431.0,2539.0,2687.0,2642.0,120.0,2467.0,2443.0,2106.0,2432.0,2353.0,2422.0,2761.0,2485.0,2054.0,2745.0,1771.0,8285.0,2439.0,2852.0,2644.0,103.0,2836.0,2426.0,2383.0,2768.0,2719.0,2903.0,2948.0,2862.0,2594.0,3018.0,2352.0,freqmine
14570.0,11157.0,10513.0,10786.0,8054.0,10577.0,10090.0,9993.0,10607.0,10534.0,10635.0,9973.0,10333.0,10057.0,10348.0,10205.0,6333.0,2497.0,2775.0,2277.0,71.0,2493.0,2427.0,2123.0,2809.0,2434.0,2891.0,2526.0,2461.0,2367.0,2556.0,2482.0,6226.0,2808.0,2533.0,2280.0,59.0,2716.0,2487.0,2209.0,2567.0,2694.0,2764.0,2277.0,2247.0,2151.0,2301.0,2344.0,6519.0,2477.0,2453.0,2454.0,63.0,2454.0,2502.0,1934.0,2445.0,2523.0,3002.0,2732.0,2989.0,2166.0,2863.0,2412.0,6352.0,2499.0,2340.0,2624.0,31.0,2381.0,2381.0,2286.0,2540.0,2653.0,2682.0,2522.0,2575.0,2295.0,2608.0,2339.0,6453.0,2120.0,2093.0,2137.0,67.0,1960.0,2377.0,1741.0,2252.0,2045.0,2857.0,2544.0,2154.0,2041.0,2385.0,2028.0,6300.0,2133.0,1974.0,2279.0,70.0,2714.0,2373.0,1948.0,2090.0,2404.0,2400.0,2430.0,2110.0,2134.0,1945.0,2241.0,6880.0,2213.0,2801.0,2349.0,89.0,2318.0,2434.0,1819.0,2089.0,2375.0,2808.0,2280.0,2336.0,2025.0,2141.0,2238.0,6440.0,2791.0,2440.0,2743.0,67.0,2579.0,2570.0,2672.0,2487.0,2694.0,2749.0,2382.0,2137.0,2252.0,2305.0,2355.0,6063.0,2326.0,2502.0,2244.0,80.0,2555.0,2393.0,2002.0,2010.0,2453.0,2974.0,2659.0,2117.0,2384.0,2438.0,2506.0,6443.0,2872.0,2247.0,2858.0,56.0,2620.0,2701.0,2283.0,2640.0,3011.0,2891.0,2250.0,2040.0,2192.0,2200.0,2117.0,6333.0,2425.0,2566.0,2164.0,50.0,2485.0,2176.0,2036.0,2060.0,2376.0,2721.0,2288.0,2154.0,2366.0,2080.0,2462.0,6703.0,2691.0,2462.0,2693.0,65.0,2903.0,2595.0,2215.0,2565.0,2600.0,3060.0,2453.0,2206.0,2316.0,2381.0,2474.0,6274.0,2264.0,2454.0,2248.0,57.0,2319.0,2268.0,1981.0,2298.0,2579.0,2869.0,2499.0,2717.0,2298.0,2894.0,2266.0,6454.0,2575.0,2118.0,2213.0,53.0,2539.0,2538.0,2376.0,2376.0,2757.0,2703.0,2503.0,2160.0,2116.0,2110.0,1917.0,6420.0,2729.0,2526.0,2483.0,66.0,2822.0,2603.0,2377.0,2634.0,2476.0,2994.0,2540.0,2717.0,2386.0,2400.0,2691.0,freqmine
20895.0,15166.0,14224.0,14193.0,11886.0,14706.0,14221.0,14175.0,14710.0,14213.0,14300.0,13512.0,14286.0,14127.0,13657.0,13942.0,8526.0,2813.0,3320.0,2251.0,98.0,2767.0,2486.0,2585.0,3327.0,2370.0,2634.0,2487.0,3010.0,3031.0,2384.0,2387.0,8351.0,3028.0,2956.0,2027.0,85.0,2747.0,2332.0,2590.0,3017.0,2151.0,2664.0,2311.0,2682.0,2289.0,2349.0,2172.0,8898.0,2902.0,2949.0,2056.0,121.0,2722.0,2369.0,2272.0,3126.0,2204.0,2922.0,2739.0,3100.0,2242.0,2471.0,2604.0,8638.0,2877.0,2734.0,1985.0,33.0,2285.0,2268.0,2446.0,2828.0,2125.0,2637.0,2253.0,2689.0,1901.0,2266.0,2211.0,8597.0,2837.0,2341.0,1783.0,83.0,2030.0,2052.0,1994.0,2869.0,1702.0,2630.0,1989.0,2599.0,2135.0,2172.0,2018.0,8490.0,2776.0,2497.0,2089.0,107.0,2635.0,2273.0,2177.0,2591.0,2025.0,2276.0,2029.0,2344.0,2086.0,2108.0,2124.0,8355.0,2896.0,3081.0,2165.0,106.0,1884.0,2218.0,1921.0,3194.0,1901.0,2613.0,2082.0,2519.0,2414.0,2184.0,2178.0,8383.0,3164.0,3087.0,2464.0,111.0,2557.0,2267.0,2888.0,2811.0,2506.0,2965.0,2414.0,2827.0,2316.0,2511.0,2378.0,8691.0,2905.0,2727.0,2141.0,109.0,2179.0,2303.0,2111.0,3185.0,1965.0,3150.0,2693.0,2908.0,2359.0,2712.0,2560.0,8526.0,3247.0,2742.0,2409.0,160.0,2681.0,2887.0,2383.0,3271.0,2439.0,2842.0,2908.0,2606.0,2462.0,2795.0,2422.0,8527.0,3021.0,3028.0,2158.0,127.0,2748.0,2139.0,2226.0,2989.0,2067.0,2903.0,2344.0,2782.0,2572.0,2770.0,2853.0,8798.0,3257.0,2763.0,2382.0,88.0,3367.0,2476.0,2551.0,3256.0,2865.0,3081.0,2251.0,2332.0,2398.0,2300.0,2248.0,8730.0,2690.0,2595.0,2113.0,129.0,2476.0,2217.0,2836.0,3798.0,2061.0,2461.0,2300.0,2668.0,2379.0,2492.0,2329.0,8663.0,2730.0,2626.0,1937.0,86.0,2490.0,2106.0,2498.0,3244.0,2454.0,2591.0,2367.0,2763.0,1988.0,2769.0,2246.0,8579.0,2990.0,2774.0,2041.0,97.0,2673.0,2430.0,2615.0,3256.0,2329.0,3233.0,2655.0,2870.0,2624.0,2581.0,2995.0,freqmine
18307.0,13165.0,12734.0,13617.0,10569.0,13581.0,12927.0,13354.0,12982.0,13381.0,12771.0,12530.0,13046.0,13300.0,13284.0,13533.0,7534.0,2213.0,2404.0,3000.0,74.0,3051.0,2810.0,3588.0,2640.0,3269.0,2671.0,2689.0,2582.0,3031.0,2898.0,2781.0,7624.0,2527.0,2323.0,2832.0,53.0,2716.0,2550.0,3522.0,2475.0,3287.0,2541.0,2296.0,2366.0,2912.0,2664.0,2739.0,7490.0,2203.0,2100.0,2996.0,84.0,3227.0,2557.0,3275.0,2238.0,3331.0,2756.0,2607.0,2852.0,2954.0,3105.0,3279.0,7246.0,2296.0,2258.0,3067.0,31.0,2571.0,2589.0,3257.0,2399.0,2812.0,2656.0,2291.0,2341.0,2913.0,2926.0,2475.0,7152.0,2174.0,2199.0,2619.0,158.0,2618.0,2535.0,2883.0,2422.0,2613.0,2371.0,2300.0,2133.0,2670.0,3209.0,2856.0,7315.0,2015.0,2191.0,2792.0,70.0,3059.0,2487.0,3078.0,2372.0,3018.0,2216.0,2197.0,2201.0,2673.0,2644.0,2794.0,7085.0,2212.0,2345.0,3042.0,95.0,2629.0,2135.0,3064.0,2369.0,2672.0,2220.0,2120.0,2547.0,2824.0,2822.0,2472.0,7439.0,2301.0,2129.0,3175.0,57.0,3009.0,2930.0,3309.0,2402.0,2952.0,2432.0,2148.0,2533.0,2766.0,2605.0,2347.0,7155.0,2139.0,2238.0,2440.0,80.0,2966.0,2422.0,2602.0,2146.0,2637.0,2498.0,2644.0,2687.0,2690.0,3533.0,2946.0,7433.0,2550.0,2195.0,3123.0,62.0,3153.0,3332.0,3169.0,2742.0,3061.0,2667.0,2453.0,2565.0,2806.0,3427.0,2368.0,7011.0,2075.0,2440.0,2819.0,58.0,2769.0,2683.0,2794.0,2350.0,2875.0,2584.0,2341.0,2519.0,3258.0,2870.0,2943.0,7810.0,2433.0,2220.0,3321.0,75.0,2953.0,2767.0,3212.0,2540.0,3630.0,2881.0,2754.0,2431.0,2762.0,3031.0,2478.0,7633.0,2306.0,2475.0,2737.0,106.0,2729.0,2604.0,3408.0,2397.0,2744.0,2471.0,2694.0,2878.0,2624.0,3210.0,2671.0,7241.0,2235.0,2271.0,2867.0,111.0,2627.0,2671.0,2676.0,2380.0,3037.0,2353.0,2459.0,2466.0,2825.0,2772.0,2560.0,7226.0,2295.0,2589.0,2842.0,110.0,3073.0,3216.0,3090.0,2512.0,3099.0,2817.0,2625.0,3041.0,3203.0,3182.0,3329.0,freqmine
16608.0,11698.0,11346.0,11494.0,8440.0,10700.0,11199.0,10423.0,11362.0,11459.0,11795.0,11751.0,11183.0,11446.0,10620.0,11354.0,7692.0,2797.0,2791.0,2993.0,85.0,2253.0,2711.0,2317.0,3449.0,3088.0,3381.0,3543.0,3093.0,3096.0,2524.0,3216.0,7860.0,2706.0,3289.0,2868.0,110.0,2390.0,2979.0,2378.0,3297.0,3338.0,3081.0,3367.0,2600.0,3096.0,2194.0,2917.0,7732.0,2425.0,3357.0,2741.0,100.0,2333.0,3111.0,2211.0,3130.0,3278.0,3420.0,3817.0,3011.0,3062.0,2611.0,2923.0,7511.0,2527.0,3045.0,2832.0,34.0,2124.0,2755.0,2621.0,3272.0,3084.0,2890.0,3736.0,2688.0,2792.0,2242.0,2773.0,7707.0,2048.0,2543.0,2558.0,78.0,1814.0,2584.0,2210.0,2832.0,2849.0,3036.0,2917.0,2340.0,2723.0,2334.0,2582.0,7708.0,2099.0,2688.0,2795.0,89.0,2086.0,2484.0,2260.0,2891.0,2751.0,3068.0,2907.0,2412.0,2774.0,2045.0,2420.0,7060.0,2509.0,2930.0,2442.0,72.0,1662.0,2442.0,2234.0,3096.0,2557.0,3105.0,2701.0,2715.0,2547.0,2089.0,2331.0,7235.0,2905.0,3146.0,3104.0,107.0,2282.0,2748.0,2645.0,3097.0,3201.0,3335.0,2814.0,2534.0,3033.0,2186.0,2514.0,7537.0,2164.0,3297.0,2517.0,92.0,1916.0,2649.0,2179.0,2713.0,2833.0,3299.0,3803.0,2760.0,3320.0,2487.0,3350.0,7709.0,2967.0,3111.0,2922.0,107.0,2449.0,3356.0,2503.0,3699.0,3133.0,3485.0,3723.0,2639.0,3113.0,2338.0,2690.0,7712.0,2555.0,3052.0,2792.0,92.0,2095.0,2994.0,2069.0,2666.0,3122.0,3752.0,3632.0,2691.0,3046.0,2341.0,2916.0,7629.0,2961.0,2881.0,3009.0,85.0,2340.0,3080.0,2329.0,3638.0,3145.0,3189.0,3195.0,2608.0,3215.0,2185.0,2865.0,7720.0,2385.0,3052.0,2411.0,98.0,2095.0,2590.0,2500.0,2960.0,3029.0,3279.0,3315.0,2889.0,2867.0,2541.0,2801.0,7305.0,2435.0,2661.0,2548.0,63.0,2253.0,2435.0,2393.0,2650.0,3047.0,3124.0,3276.0,2356.0,2861.0,2380.0,2321.0,7949.0,2783.0,3252.0,2974.0,87.0,2210.0,3011.0,2150.0,3066.0,3305.0,3412.0,3186.0,2994.0,3279.0,2583.0,3082.0,freqmine
3837.0,2089.0,1709.0,1924.0,1269.0,1958.0,2083.0,2609.0,2567.0,1902.0,1979.0,1891.0,2124.0,2054.0,2066.0,1770.0,2453.0,519.0,604.0,428.0,30.0,552.0,879.0,1343.0,1171.0,467.0,688.0,757.0,843.0,823.0,817.0,438.0,2319.0,522.0,359.0,397.0,20.0,676.0,775.0,1435.0,990.0,437.0,503.0,617.0,679.0,536.0,680.0,248.0,2280.0,503.0,346.0,334.0,23.0,598.0,779.0,1275.0,875.0,249.0,636.0,706.0,764.0,480.0,720.0,300.0,2146.0,516.0,351.0,365.0,20.0,559.0,747.0,1323.0,935.0,441.0,540.0,645.0,701.0,442.0,622.0,269.0,2231.0,567.0,391.0,303.0,25.0,458.0,708.0,1127.0,851.0,336.0,551.0,765.0,671.0,453.0,681.0,279.0,2186.0,409.0,223.0,365.0,24.0,585.0,650.0,1074.0,837.0,383.0,511.0,713.0,645.0,396.0,553.0,168.0,2220.0,495.0,442.0,319.0,26.0,410.0,643.0,1175.0,797.0,368.0,547.0,559.0,808.0,397.0,626.0,261.0,2174.0,561.0,417.0,525.0,19.0,651.0,656.0,1562.0,957.0,519.0,554.0,614.0,733.0,489.0,677.0,239.0,2314.0,512.0,474.0,374.0,28.0,535.0,794.0,1347.0,855.0,388.0,709.0,876.0,944.0,656.0,807.0,424.0,2261.0,529.0,407.0,476.0,23.0,609.0,983.0,1590.0,1127.0,383.0,643.0,686.0,789.0,468.0,725.0,280.0,2180.0,503.0,410.0,363.0,15.0,548.0,749.0,1241.0,881.0,253.0,642.0,672.0,827.0,496.0,790.0,427.0,2387.0,616.0,438.0,448.0,21.0,593.0,875.0,1202.0,1007.0,571.0,686.0,630.0,696.0,527.0,675.0,315.0,2405.0,520.0,488.0,420.0,26.0,494.0,800.0,1343.0,911.0,332.0,680.0,731.0,769.0,678.0,731.0,295.0,2260.0,486.0,399.0,370.0,24.0,488.0,866.0,1415.0,969.0,522.0,511.0,730.0,648.0,465.0,626.0,247.0,2287.0,538.0,542.0,352.0,21.0,623.0,983.0,1187.0,972.0,355.0,644.0,824.0,798.0,587.0,770.0,430.0,freqmine
3296.0,915.0,927.0,1026.0,821.0,939.0,1001.0,1154.0,784.0,817.0,737.0,753.0,875.0,803.0,963.0,924.0,2048.0,66.0,102.0,93.0,35.0,104.0,213.0,218.0,72.0,79.0,72.0,66.0,89.0,58.0,101.0,92.0,2124.0,88.0,68.0,98.0,33.0,106.0,218.0,248.0,64.0,90.0,68.0,57.0,95.0,44.0,102.0,121.0,2211.0,94.0,98.0,77.0,34.0,108.0,248.0,253.0,84.0,84.0,82.0,86.0,95.0,61.0,106.0,109.0,2018.0,93.0,89.0,104.0,23.0,94.0,214.0,261.0,92.0,88.0,75.0,80.0,83.0,48.0,97.0,101.0,1942.0,83.0,108.0,91.0,24.0,90.0,215.0,237.0,109.0,104.0,81.0,96.0,103.0,67.0,106.0,126.0,1962.0,64.0,82.0,78.0,37.0,89.0,156.0,231.0,69.0,65.0,81.0,66.0,75.0,45.0,76.0,82.0,1830.0,77.0,76.0,78.0,40.0,85.0,378.0,224.0,76.0,64.0,79.0,77.0,74.0,57.0,83.0,84.0,1897.0,83.0,77.0,79.0,24.0,87.0,198.0,231.0,63.0,75.0,82.0,75.0,82.0,60.0,92.0,99.0,1894.0,71.0,68.0,72.0,26.0,87.0,202.0,247.0,70.0,64.0,65.0,69.0,78.0,59.0,78.0,101.0,2029.0,72.0,81.0,77.0,17.0,92.0,200.0,238.0,61.0,85.0,59.0,59.0,76.0,66.0,98.0,102.0,1935.0,53.0,42.0,45.0,21.0,61.0,180.0,191.0,39.0,45.0,54.0,28.0,44.0,30.0,71.0,71.0,2228.0,107.0,142.0,121.0,24.0,140.0,250.0,240.0,98.0,115.0,87.0,88.0,115.0,53.0,161.0,155.0,2004.0,94.0,85.0,87.0,27.0,101.0,187.0,193.0,69.0,85.0,77.0,63.0,87.0,57.0,79.0,89.0,2000.0,135.0,170.0,151.0,25.0,174.0,210.0,248.0,115.0,141.0,103.0,100.0,142.0,51.0,153.0,160.0,1970.0,156.0,177.0,151.0,29.0,187.0,311.0,299.0,114.0,157.0,113.0,117.0,158.0,69.0,183.0,159.0,freqmine
2245.0,586.0,513.0,554.0,561.0,534.0,529.0,577.0,560.0,544.0,479.0,505.0,521.0,564.0,554.0,580.0,1206.0,25.0,27.0,20.0,20.0,23.0,22.0,31.0,29.0,22.0,21.0,24.0,21.0,30.0,22.0,45.0,1232.0,18.0,15.0,14.0,15.0,15.0,29.0,25.0,14.0,11.0,13.0,16.0,15.0,21.0,17.0,39.0,1180.0,17.0,20.0,21.0,17.0,20.0,27.0,27.0,23.0,14.0,15.0,25.0,12.0,25.0,18.0,38.0,1221.0,14.0,13.0,15.0,8.0,12.0,26.0,26.0,16.0,11.0,12.0,21.0,11.0,18.0,13.0,39.0,1147.0,20.0,17.0,19.0,17.0,16.0,19.0,27.0,28.0,23.0,14.0,29.0,19.0,25.0,17.0,53.0,1135.0,18.0,13.0,16.0,7.0,14.0,20.0,20.0,23.0,16.0,18.0,18.0,15.0,18.0,14.0,29.0,1144.0,20.0,13.0,19.0,12.0,16.0,22.0,23.0,16.0,15.0,14.0,17.0,11.0,19.0,14.0,29.0,1142.0,18.0,20.0,24.0,13.0,17.0,24.0,31.0,23.0,15.0,20.0,22.0,21.0,26.0,17.0,41.0,1043.0,20.0,21.0,25.0,23.0,21.0,30.0,26.0,21.0,20.0,17.0,25.0,17.0,22.0,22.0,43.0,1043.0,10.0,12.0,16.0,6.0,10.0,18.0,25.0,16.0,14.0,7.0,14.0,10.0,16.0,13.0,24.0,1044.0,15.0,8.0,10.0,4.0,8.0,9.0,14.0,13.0,6.0,9.0,10.0,8.0,12.0,10.0,28.0,1165.0,18.0,15.0,20.0,13.0,20.0,23.0,23.0,22.0,15.0,18.0,23.0,18.0,26.0,16.0,38.0,1145.0,20.0,16.0,19.0,13.0,16.0,19.0,18.0,22.0,12.0,18.0,21.0,17.0,18.0,22.0,36.0,1244.0,19.0,14.0,16.0,9.0,11.0,19.0,23.0,20.0,15.0,10.0,16.0,15.0,21.0,14.0,27.0,1371.0,14.0,17.0,21.0,12.0,15.0,27.0,29.0,28.0,14.0,10.0,19.0,16.0,33.0,14.0,45.0,freqmine
838.0,503.0,474.0,554.0,4674.0,499.0,468.0,489.0,517.0,488.0,458.0,470.0,490.0,502.0,538.0,540.0,264.0,4.0,3.0,5.0,2549.0,3.0,3.0,4.0,4.0,2.0,4.0,2.0,4.0,8.0,4.0,6.0,244.0,2.0,0.0,3.0,3042.0,2.0,2.0,1.0,2.0,2.0,1.0,1.0,2.0,1.0,4.0,4.0,284.0,7.0,5.0,7.0,2935.0,5.0,4.0,2.0,5.0,3.0,3.0,3.0,2.0,6.0,7.0,8.0,283.0,5.0,2.0,7.0,3077.0,4.0,4.0,3.0,3.0,3.0,4.0,4.0,3.0,3.0,3.0,5.0,259.0,3.0,0.0,5.0,3494.0,2.0,3.0,3.0,2.0,7.0,0.0,4.0,3.0,6.0,5.0,3.0,242.0,1.0,0.0,5.0,3754.0,2.0,1.0,0.0,2.0,2.0,1.0,1.0,2.0,1.0,1.0,2.0,256.0,1.0,2.0,4.0,3257.0,1.0,3.0,2.0,2.0,1.0,1.0,0.0,2.0,2.0,5.0,1.0,272.0,2.0,4.0,6.0,3219.0,2.0,4.0,2.0,2.0,4.0,2.0,1.0,5.0,3.0,3.0,5.0,251.0,3.0,1.0,7.0,2943.0,5.0,1.0,2.0,3.0,3.0,2.0,2.0,3.0,2.0,3.0,2.0,236.0,3.0,1.0,4.0,3326.0,2.0,1.0,1.0,2.0,3.0,2.0,0.0,1.0,2.0,3.0,2.0,239.0,5.0,1.0,5.0,3459.0,2.0,2.0,0.0,3.0,1.0,0.0,2.0,1.0,3.0,3.0,3.0,251.0,3.0,3.0,4.0,3190.0,3.0,1.0,4.0,6.0,4.0,1.0,3.0,2.0,4.0,5.0,5.0,258.0,2.0,3.0,6.0,3046.0,3.0,1.0,2.0,4.0,5.0,2.0,2.0,3.0,4.0,5.0,5.0,277.0,5.0,4.0,8.0,3099.0,6.0,3.0,5.0,4.0,5.0,5.0,4.0,5.0,6.0,8.0,6.0,278.0,5.0,3.0,8.0,3707.0,5.0,3.0,5.0,6.0,4.0,4.0,4.0,4.0,5.0,6.0,5.0,freqmine
878.0,555.0,498.0,538.0,4619.0,534.0,478.0,495.0,526.0,500.0,475.0,493.0,508.0,546.0,547.0,559.0,285.0,5.0,6.0,8.0,2564.0,6.0,4.0,3.0,5.0,5.0,3.0,5.0,7.0,4.0,8.0,7.0,256.0,7.0,5.0,5.0,2906.0,6.0,3.0,4.0,5.0,4.0,2.0,5.0,3.0,6.0,4.0,4.0,275.0,4.0,3.0,4.0,2957.0,5.0,3.0,5.0,3.0,2.0,2.0,2.0,4.0,4.0,6.0,3.0,282.0,2.0,3.0,2.0,2994.0,3.0,2.0,2.0,3.0,3.0,2.0,2.0,2.0,1.0,4.0,4.0,273.0,6.0,7.0,5.0,3594.0,5.0,3.0,3.0,4.0,4.0,2.0,1.0,5.0,1.0,5.0,6.0,241.0,3.0,4.0,4.0,3712.0,3.0,2.0,0.0,2.0,1.0,0.0,1.0,1.0,3.0,5.0,4.0,256.0,6.0,4.0,6.0,3287.0,3.0,1.0,1.0,3.0,3.0,1.0,2.0,2.0,3.0,3.0,4.0,275.0,5.0,4.0,3.0,3237.0,4.0,1.0,3.0,4.0,2.0,2.0,2.0,5.0,3.0,5.0,3.0,254.0,4.0,4.0,2.0,2917.0,1.0,3.0,1.0,3.0,3.0,1.0,1.0,0.0,3.0,4.0,5.0,239.0,4.0,3.0,1.0,3301.0,0.0,0.0,2.0,3.0,1.0,0.0,1.0,1.0,2.0,3.0,3.0,252.0,2.0,4.0,1.0,3528.0,2.0,1.0,3.0,1.0,1.0,1.0,0.0,1.0,3.0,2.0,4.0,257.0,6.0,5.0,4.0,3270.0,4.0,5.0,2.0,4.0,1.0,2.0,1.0,3.0,5.0,5.0,3.0,279.0,8.0,5.0,4.0,3012.0,4.0,3.0,4.0,4.0,2.0,3.0,5.0,4.0,4.0,7.0,4.0,280.0,7.0,7.0,7.0,3219.0,6.0,5.0,5.0,6.0,4.0,3.0,5.0,5.0,6.0,6.0,6.0,282.0,9.0,6.0,6.0,3711.0,4.0,4.0,2.0,3.0,3.0,2.0,4.0,3.0,5.0,4.0,6.0,freqmine
871.0,576.0,495.0,552.0,4827.0,527.0,491.0,498.0,525.0,523.0,468.0,478.0,507.0,534.0,587.0,572.0,284.0,13.0,8.0,11.0,2717.0,5.0,6.0,5.0,6.0,6.0,6.0,6.0,8.0,17.0,18.0,18.0,252.0,19.0,2.0,3.0,3021.0,3.0,3.0,3.0,2.0,2.0,1.0,0.0,4.0,2.0,5.0,7.0,284.0,20.0,7.0,8.0,3167.0,4.0,6.0,4.0,8.0,5.0,5.0,5.0,3.0,6.0,7.0,8.0,292.0,36.0,3.0,3.0,3055.0,2.0,3.0,3.0,4.0,2.0,1.0,2.0,4.0,2.0,1.0,5.0,276.0,18.0,3.0,4.0,3652.0,3.0,4.0,3.0,4.0,2.0,1.0,4.0,1.0,5.0,4.0,3.0,252.0,16.0,3.0,5.0,3696.0,4.0,3.0,5.0,3.0,4.0,2.0,2.0,3.0,3.0,2.0,5.0,266.0,15.0,3.0,2.0,3471.0,3.0,3.0,4.0,2.0,2.0,2.0,2.0,3.0,5.0,4.0,6.0,276.0,17.0,3.0,4.0,3350.0,2.0,4.0,2.0,2.0,3.0,2.0,2.0,2.0,5.0,5.0,5.0,268.0,21.0,3.0,4.0,2922.0,3.0,3.0,3.0,2.0,3.0,2.0,1.0,5.0,5.0,5.0,3.0,240.0,15.0,1.0,3.0,3430.0,2.0,3.0,1.0,1.0,2.0,0.0,0.0,1.0,3.0,3.0,4.0,245.0,11.0,2.0,3.0,3566.0,2.0,2.0,2.0,2.0,2.0,0.0,1.0,2.0,2.0,5.0,4.0,257.0,27.0,3.0,2.0,3275.0,5.0,2.0,4.0,2.0,4.0,0.0,0.0,1.0,5.0,2.0,5.0,275.0,17.0,4.0,4.0,3081.0,6.0,4.0,5.0,5.0,4.0,3.0,2.0,6.0,5.0,5.0,7.0,304.0,61.0,4.0,7.0,3219.0,5.0,5.0,4.0,4.0,6.0,5.0,3.0,4.0,6.0,7.0,5.0,292.0,46.0,3.0,4.0,3851.0,4.0,3.0,7.0,5.0,4.0,4.0,3.0,5.0,5.0,4.0,5.0,freqmine
827.0,539.0,481.0,546.0,4631.0,518.0,480.0,487.0,513.0,475.0,456.0,468.0,484.0,541.0,530.0,545.0,280.0,5.0,5.0,6.0,2473.0,4.0,4.0,4.0,4.0,4.0,3.0,4.0,4.0,4.0,11.0,6.0,247.0,7.0,5.0,8.0,2987.0,4.0,2.0,3.0,4.0,4.0,1.0,3.0,1.0,6.0,4.0,2.0,280.0,9.0,4.0,6.0,3019.0,5.0,4.0,4.0,3.0,3.0,2.0,3.0,6.0,3.0,7.0,5.0,278.0,7.0,4.0,3.0,2980.0,2.0,3.0,4.0,2.0,3.0,2.0,2.0,2.0,2.0,4.0,2.0,266.0,10.0,4.0,6.0,3603.0,6.0,2.0,3.0,2.0,2.0,2.0,0.0,5.0,6.0,5.0,5.0,247.0,6.0,4.0,6.0,3739.0,2.0,1.0,1.0,3.0,1.0,2.0,1.0,3.0,2.0,4.0,5.0,254.0,7.0,3.0,6.0,3505.0,4.0,1.0,2.0,4.0,1.0,1.0,2.0,3.0,5.0,2.0,3.0,270.0,10.0,5.0,9.0,3310.0,7.0,2.0,4.0,5.0,4.0,1.0,3.0,4.0,4.0,6.0,6.0,240.0,7.0,4.0,4.0,2909.0,4.0,3.0,2.0,3.0,2.0,0.0,2.0,1.0,3.0,4.0,6.0,233.0,7.0,2.0,6.0,3383.0,2.0,1.0,1.0,2.0,0.0,0.0,1.0,2.0,4.0,3.0,2.0,237.0,5.0,2.0,5.0,3613.0,4.0,1.0,2.0,3.0,1.0,1.0,1.0,1.0,5.0,2.0,3.0,246.0,6.0,3.0,6.0,3123.0,2.0,3.0,1.0,4.0,0.0,1.0,3.0,2.0,5.0,4.0,4.0,275.0,12.0,5.0,8.0,3070.0,5.0,3.0,3.0,4.0,4.0,3.0,3.0,3.0,8.0,5.0,5.0,270.0,9.0,7.0,9.0,3149.0,6.0,5.0,4.0,7.0,4.0,3.0,5.0,5.0,6.0,7.0,8.0,277.0,12.0,5.0,7.0,3767.0,3.0,5.0,1.0,3.0,2.0,2.0,3.0,2.0,5.0,6.0,7.0,freqmine
887.0,527.0,495.0,529.0,4691.0,528.0,491.0,500.0,521.0,518.0,471.0,492.0,494.0,516.0,541.0,554.0,277.0,4.0,5.0,7.0,2492.0,6.0,3.0,2.0,5.0,3.0,2.0,4.0,5.0,8.0,10.0,9.0,255.0,1.0,3.0,3.0,2998.0,4.0,3.0,2.0,4.0,2.0,2.0,1.0,3.0,6.0,8.0,7.0,275.0,6.0,6.0,6.0,2947.0,6.0,5.0,2.0,6.0,5.0,5.0,4.0,2.0,9.0,8.0,7.0,279.0,2.0,2.0,5.0,2975.0,3.0,1.0,1.0,3.0,1.0,4.0,3.0,3.0,1.0,4.0,3.0,277.0,7.0,4.0,4.0,3614.0,4.0,3.0,2.0,4.0,5.0,1.0,6.0,2.0,4.0,8.0,4.0,253.0,3.0,1.0,3.0,3621.0,3.0,2.0,3.0,2.0,3.0,0.0,1.0,1.0,3.0,5.0,2.0,263.0,2.0,2.0,2.0,3294.0,2.0,3.0,2.0,2.0,3.0,1.0,2.0,2.0,2.0,6.0,4.0,275.0,5.0,2.0,4.0,3234.0,1.0,3.0,2.0,3.0,3.0,3.0,3.0,1.0,5.0,4.0,3.0,270.0,4.0,3.0,5.0,3041.0,1.0,0.0,2.0,4.0,1.0,2.0,0.0,3.0,5.0,5.0,1.0,244.0,2.0,1.0,4.0,3377.0,1.0,0.0,2.0,2.0,2.0,0.0,1.0,0.0,1.0,4.0,3.0,252.0,2.0,2.0,3.0,3819.0,2.0,1.0,1.0,4.0,2.0,0.0,0.0,1.0,2.0,4.0,5.0,253.0,2.0,3.0,3.0,3187.0,3.0,1.0,3.0,1.0,4.0,1.0,0.0,2.0,2.0,5.0,4.0,266.0,2.0,5.0,4.0,3132.0,2.0,2.0,4.0,3.0,2.0,1.0,2.0,4.0,1.0,7.0,4.0,279.0,4.0,4.0,7.0,3129.0,7.0,4.0,4.0,4.0,4.0,4.0,4.0,3.0,6.0,8.0,5.0,286.0,3.0,5.0,6.0,3692.0,6.0,2.0,5.0,6.0,5.0,3.0,4.0,6.0,6.0,7.0,5.0,freqmine
874.0,540.0,497.0,531.0,4788.0,519.0,491.0,494.0,538.0,502.0,477.0,482.0,493.0,538.0,555.0,570.0,280.0,4.0,3.0,7.0,2689.0,3.0,5.0,5.0,6.0,4.0,4.0,5.0,2.0,5.0,6.0,4.0,256.0,5.0,5.0,6.0,2969.0,4.0,1.0,3.0,5.0,4.0,3.0,5.0,5.0,3.0,4.0,4.0,269.0,3.0,2.0,6.0,3086.0,3.0,2.0,4.0,5.0,3.0,2.0,3.0,5.0,1.0,6.0,1.0,286.0,2.0,4.0,1.0,3077.0,2.0,4.0,3.0,2.0,2.0,4.0,2.0,2.0,3.0,4.0,2.0,269.0,5.0,4.0,7.0,3579.0,4.0,2.0,5.0,3.0,2.0,3.0,2.0,4.0,3.0,4.0,5.0,249.0,3.0,4.0,5.0,3664.0,2.0,1.0,1.0,3.0,1.0,2.0,0.0,3.0,3.0,6.0,4.0,258.0,2.0,4.0,3.0,3388.0,3.0,3.0,2.0,2.0,1.0,3.0,1.0,1.0,4.0,3.0,3.0,283.0,3.0,5.0,7.0,3300.0,5.0,3.0,4.0,4.0,1.0,3.0,2.0,6.0,4.0,7.0,5.0,254.0,1.0,2.0,2.0,2980.0,3.0,3.0,1.0,3.0,2.0,2.0,4.0,1.0,2.0,5.0,6.0,242.0,3.0,3.0,3.0,3388.0,3.0,2.0,2.0,3.0,1.0,4.0,2.0,2.0,4.0,5.0,3.0,247.0,3.0,2.0,4.0,3667.0,3.0,1.0,2.0,2.0,2.0,3.0,2.0,3.0,2.0,5.0,2.0,249.0,6.0,4.0,5.0,3505.0,3.0,3.0,2.0,4.0,0.0,2.0,1.0,1.0,4.0,3.0,3.0,274.0,5.0,5.0,7.0,3176.0,5.0,3.0,1.0,5.0,4.0,5.0,4.0,3.0,9.0,4.0,5.0,285.0,7.0,9.0,9.0,3260.0,7.0,8.0,7.0,9.0,6.0,7.0,6.0,7.0,8.0,9.0,8.0,290.0,7.0,5.0,5.0,3798.0,2.0,5.0,2.0,3.0,3.0,3.0,3.0,3.0,4.0,5.0,8.0,freqmine
845.0,518.0,480.0,533.0,4639.0,523.0,468.0,492.0,508.0,501.0,461.0,478.0,496.0,534.0,558.0,540.0,271.0,8.0,8.0,12.0,2745.0,9.0,7.0,3.0,6.0,5.0,7.0,5.0,8.0,7.0,11.0,12.0,246.0,3.0,3.0,3.0,2936.0,4.0,4.0,3.0,1.0,2.0,1.0,0.0,1.0,3.0,4.0,4.0,273.0,6.0,5.0,5.0,2824.0,7.0,4.0,3.0,5.0,3.0,6.0,3.0,1.0,8.0,7.0,8.0,281.0,2.0,2.0,3.0,3023.0,3.0,1.0,2.0,4.0,4.0,2.0,3.0,3.0,1.0,2.0,5.0,266.0,1.0,3.0,5.0,3499.0,4.0,2.0,3.0,3.0,3.0,2.0,3.0,3.0,3.0,4.0,4.0,242.0,3.0,0.0,2.0,3666.0,3.0,2.0,3.0,2.0,3.0,1.0,2.0,0.0,1.0,2.0,1.0,257.0,4.0,1.0,5.0,3420.0,5.0,0.0,3.0,4.0,3.0,0.0,2.0,3.0,1.0,4.0,3.0,267.0,4.0,2.0,3.0,3328.0,2.0,2.0,1.0,2.0,4.0,2.0,3.0,2.0,2.0,2.0,3.0,260.0,6.0,3.0,6.0,2892.0,5.0,1.0,3.0,2.0,3.0,1.0,1.0,3.0,4.0,2.0,1.0,235.0,2.0,0.0,4.0,3497.0,2.0,1.0,0.0,2.0,3.0,0.0,1.0,1.0,2.0,3.0,4.0,245.0,2.0,2.0,3.0,3539.0,4.0,1.0,2.0,1.0,2.0,1.0,0.0,1.0,3.0,2.0,3.0,253.0,1.0,0.0,3.0,3300.0,3.0,0.0,1.0,4.0,3.0,1.0,3.0,2.0,5.0,4.0,4.0,273.0,7.0,1.0,5.0,3048.0,4.0,2.0,4.0,3.0,4.0,3.0,3.0,5.0,2.0,7.0,4.0,287.0,7.0,4.0,8.0,3274.0,8.0,4.0,5.0,4.0,5.0,5.0,5.0,4.0,7.0,9.0,6.0,274.0,6.0,3.0,5.0,3786.0,8.0,1.0,4.0,5.0,4.0,3.0,2.0,4.0,4.0,5.0,4.0,freqmine
850.0,532.0,493.0,539.0,4684.0,518.0,472.0,483.0,490.0,483.0,458.0,475.0,489.0,537.0,550.0,560.0,274.0,5.0,5.0,6.0,2647.0,6.0,4.0,8.0,7.0,6.0,5.0,4.0,3.0,8.0,7.0,6.0,254.0,5.0,2.0,5.0,2715.0,4.0,1.0,2.0,3.0,3.0,0.0,2.0,2.0,3.0,5.0,3.0,275.0,5.0,2.0,7.0,2980.0,4.0,5.0,5.0,3.0,2.0,2.0,4.0,5.0,3.0,7.0,2.0,276.0,4.0,4.0,4.0,2998.0,3.0,5.0,3.0,4.0,5.0,3.0,3.0,2.0,4.0,4.0,7.0,272.0,4.0,3.0,5.0,3449.0,7.0,3.0,4.0,3.0,3.0,1.0,3.0,2.0,6.0,8.0,4.0,240.0,4.0,3.0,5.0,3592.0,2.0,2.0,0.0,1.0,1.0,0.0,2.0,3.0,3.0,6.0,5.0,252.0,2.0,3.0,4.0,3412.0,4.0,4.0,3.0,0.0,0.0,1.0,2.0,1.0,4.0,5.0,4.0,259.0,3.0,4.0,6.0,3116.0,4.0,3.0,1.0,4.0,0.0,0.0,1.0,2.0,6.0,6.0,4.0,244.0,2.0,2.0,4.0,2749.0,5.0,4.0,2.0,1.0,1.0,1.0,3.0,1.0,3.0,4.0,5.0,234.0,4.0,1.0,4.0,3445.0,2.0,2.0,2.0,1.0,1.0,0.0,2.0,1.0,4.0,4.0,2.0,244.0,4.0,3.0,5.0,3490.0,5.0,2.0,1.0,2.0,1.0,0.0,2.0,2.0,4.0,5.0,3.0,247.0,4.0,4.0,5.0,3274.0,4.0,4.0,3.0,2.0,1.0,1.0,1.0,1.0,4.0,4.0,4.0,276.0,3.0,7.0,7.0,3126.0,6.0,3.0,3.0,5.0,3.0,3.0,2.0,5.0,8.0,4.0,6.0,283.0,5.0,8.0,9.0,3237.0,7.0,7.0,5.0,6.0,5.0,3.0,4.0,6.0,5.0,7.0,6.0,286.0,7.0,5.0,6.0,3755.0,3.0,6.0,3.0,3.0,3.0,3.0,3.0,3.0,5.0,5.0,8.0,freqmine
879.0,535.0,487.0,535.0,4732.0,535.0,478.0,501.0,494.0,503.0,463.0,473.0,483.0,505.0,533.0,540.0,279.0,5.0,5.0,3.0,2657.0,6.0,6.0,1.0,3.0,4.0,2.0,3.0,5.0,5.0,7.0,6.0,252.0,2.0,3.0,2.0,2974.0,3.0,4.0,3.0,2.0,3.0,2.0,2.0,3.0,5.0,5.0,5.0,274.0,5.0,6.0,5.0,2994.0,4.0,3.0,2.0,4.0,6.0,2.0,2.0,1.0,6.0,4.0,7.0,280.0,3.0,3.0,3.0,2999.0,2.0,2.0,2.0,2.0,3.0,2.0,1.0,3.0,2.0,1.0,4.0,278.0,7.0,4.0,6.0,3554.0,5.0,4.0,2.0,4.0,5.0,2.0,4.0,2.0,3.0,4.0,7.0,246.0,1.0,1.0,3.0,3619.0,2.0,2.0,3.0,3.0,2.0,2.0,1.0,0.0,1.0,2.0,2.0,262.0,3.0,2.0,4.0,3413.0,3.0,1.0,1.0,4.0,4.0,1.0,2.0,3.0,4.0,2.0,4.0,261.0,5.0,0.0,2.0,3309.0,3.0,2.0,2.0,0.0,4.0,2.0,0.0,2.0,1.0,3.0,4.0,261.0,3.0,4.0,3.0,2911.0,3.0,2.0,4.0,3.0,2.0,3.0,0.0,2.0,2.0,4.0,2.0,237.0,2.0,1.0,2.0,3400.0,2.0,1.0,1.0,1.0,1.0,0.0,0.0,1.0,1.0,3.0,2.0,242.0,3.0,1.0,2.0,3572.0,1.0,2.0,2.0,1.0,2.0,2.0,1.0,1.0,1.0,1.0,1.0,247.0,2.0,1.0,3.0,3184.0,2.0,0.0,1.0,2.0,3.0,1.0,2.0,2.0,2.0,3.0,4.0,258.0,6.0,1.0,3.0,3205.0,2.0,1.0,4.0,2.0,4.0,1.0,3.0,2.0,0.0,4.0,4.0,274.0,5.0,3.0,5.0,3200.0,6.0,3.0,4.0,3.0,4.0,6.0,3.0,5.0,5.0,7.0,6.0,276.0,4.0,3.0,3.0,3822.0,8.0,1.0,5.0,4.0,4.0,2.0,4.0,5.0,4.0,5.0,2.0,freqmine
624.0,436.0,447.0,465.0,2882.0,469.0,393.0,444.0,444.0,426.0,400.0,384.0,394.0,432.0,460.0,468.0,66.0,40.0,43.0,32.0,1334.0,30.0,28.0,47.0,30.0,32.0,44.0,25.0,31.0,31.0,31.0,32.0,49.0,35.0,32.0,28.0,1565.0,26.0,26.0,35.0,23.0,27.0,37.0,23.0,25.0,27.0,32.0,30.0,58.0,29.0,41.0,24.0,1539.0,22.0,25.0,46.0,21.0,24.0,34.0,21.0,22.0,22.0,26.0,24.0,67.0,37.0,46.0,28.0,1682.0,23.0,27.0,45.0,26.0,25.0,42.0,24.0,23.0,25.0,23.0,27.0,71.0,44.0,44.0,30.0,1841.0,31.0,30.0,41.0,30.0,37.0,40.0,27.0,26.0,34.0,30.0,27.0,51.0,32.0,35.0,21.0,1739.0,21.0,20.0,36.0,20.0,25.0,45.0,20.0,19.0,21.0,20.0,21.0,53.0,31.0,37.0,23.0,1586.0,20.0,21.0,32.0,18.0,26.0,37.0,21.0,18.0,23.0,29.0,22.0,66.0,35.0,36.0,31.0,1538.0,29.0,28.0,50.0,30.0,31.0,48.0,32.0,40.0,33.0,30.0,32.0,84.0,51.0,51.0,36.0,1355.0,32.0,48.0,58.0,35.0,35.0,47.0,33.0,35.0,46.0,34.0,32.0,46.0,30.0,37.0,22.0,1659.0,22.0,23.0,66.0,21.0,25.0,33.0,22.0,26.0,26.0,41.0,26.0,40.0,15.0,23.0,13.0,1755.0,14.0,14.0,20.0,15.0,14.0,26.0,13.0,15.0,16.0,16.0,20.0,42.0,21.0,45.0,19.0,1483.0,19.0,19.0,36.0,23.0,21.0,42.0,19.0,19.0,19.0,21.0,20.0,66.0,27.0,35.0,22.0,1592.0,25.0,22.0,34.0,25.0,25.0,42.0,25.0,27.0,24.0,27.0,27.0,68.0,25.0,79.0,25.0,1591.0,23.0,22.0,56.0,21.0,25.0,63.0,21.0,22.0,28.0,23.0,22.0,72.0,38.0,66.0,30.0,2125.0,26.0,26.0,55.0,26.0,26.0,57.0,27.0,27.0,26.0,28.0,27.0,freqmine
936.0,543.0,500.0,548.0,4631.0,542.0,494.0,512.0,522.0,506.0,470.0,483.0,504.0,553.0,600.0,580.0,297.0,5.0,5.0,10.0,2754.0,5.0,2.0,7.0,5.0,5.0,4.0,6.0,5.0,6.0,12.0,8.0,269.0,5.0,2.0,6.0,3007.0,3.0,0.0,2.0,3.0,2.0,0.0,3.0,2.0,3.0,3.0,3.0,295.0,4.0,2.0,5.0,3061.0,6.0,3.0,5.0,4.0,2.0,3.0,5.0,7.0,2.0,7.0,3.0,330.0,4.0,2.0,3.0,3057.0,3.0,2.0,3.0,4.0,3.0,3.0,4.0,3.0,1.0,5.0,4.0,297.0,5.0,2.0,4.0,3684.0,6.0,2.0,4.0,4.0,2.0,1.0,3.0,5.0,6.0,7.0,5.0,266.0,1.0,2.0,3.0,3771.0,2.0,2.0,4.0,2.0,2.0,0.0,1.0,4.0,4.0,5.0,3.0,279.0,2.0,3.0,2.0,3505.0,3.0,2.0,3.0,2.0,1.0,2.0,3.0,2.0,3.0,5.0,4.0,286.0,2.0,3.0,4.0,3243.0,3.0,2.0,5.0,5.0,3.0,0.0,4.0,6.0,5.0,6.0,3.0,278.0,3.0,0.0,2.0,2904.0,3.0,1.0,0.0,5.0,2.0,1.0,3.0,2.0,6.0,5.0,4.0,254.0,3.0,0.0,2.0,3437.0,0.0,0.0,1.0,2.0,2.0,0.0,1.0,2.0,4.0,4.0,3.0,257.0,2.0,1.0,2.0,3598.0,2.0,1.0,1.0,1.0,0.0,0.0,2.0,2.0,3.0,3.0,5.0,277.0,4.0,3.0,4.0,3332.0,3.0,2.0,1.0,5.0,2.0,2.0,3.0,3.0,6.0,7.0,4.0,293.0,2.0,5.0,5.0,3189.0,7.0,4.0,3.0,5.0,4.0,4.0,3.0,4.0,9.0,8.0,6.0,365.0,4.0,5.0,8.0,3198.0,7.0,6.0,7.0,8.0,5.0,3.0,5.0,5.0,7.0,6.0,6.0,333.0,6.0,4.0,6.0,3792.0,2.0,4.0,3.0,3.0,3.0,4.0,4.0,6.0,7.0,5.0,8.0,freqmine
843.0,520.0,477.0,539.0,4635.0,519.0,479.0,485.0,492.0,497.0,461.0,485.0,492.0,512.0,521.0,521.0,273.0,5.0,8.0,4.0,2720.0,9.0,7.0,2.0,5.0,5.0,4.0,3.0,5.0,5.0,3.0,7.0,252.0,2.0,2.0,1.0,2797.0,4.0,2.0,1.0,1.0,1.0,1.0,0.0,3.0,2.0,1.0,5.0,284.0,6.0,4.0,6.0,2939.0,4.0,5.0,3.0,3.0,5.0,2.0,4.0,2.0,8.0,3.0,6.0,258.0,1.0,1.0,2.0,3026.0,1.0,3.0,1.0,1.0,1.0,0.0,0.0,2.0,2.0,1.0,1.0,273.0,3.0,4.0,5.0,3465.0,3.0,4.0,2.0,1.0,5.0,3.0,2.0,1.0,2.0,4.0,2.0,249.0,6.0,2.0,3.0,3603.0,5.0,2.0,0.0,1.0,2.0,1.0,2.0,2.0,1.0,4.0,2.0,254.0,3.0,1.0,5.0,3319.0,3.0,2.0,1.0,1.0,3.0,1.0,0.0,2.0,2.0,4.0,3.0,259.0,5.0,2.0,2.0,3206.0,4.0,1.0,1.0,1.0,3.0,3.0,2.0,2.0,3.0,2.0,5.0,270.0,4.0,3.0,6.0,2799.0,5.0,2.0,3.0,2.0,4.0,3.0,1.0,2.0,3.0,2.0,4.0,243.0,1.0,1.0,3.0,3369.0,3.0,0.0,0.0,0.0,2.0,1.0,0.0,1.0,1.0,3.0,3.0,249.0,4.0,2.0,5.0,3468.0,4.0,1.0,3.0,4.0,2.0,2.0,3.0,2.0,4.0,5.0,3.0,253.0,4.0,2.0,3.0,3092.0,3.0,3.0,3.0,3.0,3.0,2.0,2.0,2.0,2.0,2.0,4.0,267.0,8.0,1.0,3.0,3156.0,2.0,2.0,2.0,1.0,3.0,2.0,3.0,5.0,2.0,3.0,5.0,270.0,8.0,3.0,5.0,3143.0,4.0,4.0,3.0,2.0,4.0,4.0,3.0,5.0,3.0,5.0,5.0,275.0,6.0,3.0,3.0,3815.0,7.0,2.0,5.0,5.0,4.0,3.0,1.0,3.0,4.0,5.0,4.0,freqmine
844.0,510.0,485.0,503.0,4661.0,510.0,480.0,484.0,510.0,477.0,464.0,473.0,500.0,545.0,528.0,552.0,265.0,4.0,2.0,7.0,2656.0,4.0,4.0,6.0,6.0,4.0,3.0,4.0,4.0,10.0,7.0,7.0,246.0,4.0,3.0,4.0,2912.0,3.0,2.0,3.0,2.0,3.0,1.0,1.0,2.0,3.0,6.0,2.0,257.0,4.0,1.0,3.0,2941.0,6.0,1.0,3.0,4.0,1.0,3.0,0.0,3.0,2.0,6.0,4.0,271.0,3.0,2.0,1.0,2999.0,2.0,3.0,2.0,2.0,3.0,2.0,3.0,2.0,1.0,3.0,6.0,265.0,6.0,3.0,4.0,3550.0,6.0,3.0,4.0,4.0,3.0,3.0,3.0,4.0,7.0,6.0,9.0,245.0,2.0,0.0,2.0,3614.0,2.0,2.0,2.0,4.0,1.0,1.0,0.0,2.0,6.0,4.0,5.0,254.0,3.0,2.0,3.0,3495.0,4.0,0.0,2.0,3.0,1.0,1.0,3.0,0.0,5.0,4.0,4.0,271.0,3.0,3.0,6.0,3157.0,4.0,3.0,2.0,4.0,2.0,1.0,2.0,5.0,5.0,6.0,4.0,243.0,2.0,1.0,0.0,2776.0,3.0,2.0,1.0,3.0,3.0,1.0,1.0,2.0,4.0,3.0,3.0,236.0,3.0,1.0,3.0,3437.0,3.0,2.0,3.0,3.0,2.0,3.0,2.0,2.0,6.0,3.0,6.0,242.0,2.0,2.0,2.0,3629.0,1.0,2.0,1.0,2.0,2.0,1.0,0.0,2.0,3.0,1.0,4.0,248.0,4.0,2.0,2.0,3106.0,3.0,2.0,2.0,4.0,1.0,1.0,1.0,2.0,6.0,4.0,6.0,278.0,2.0,6.0,6.0,3207.0,7.0,5.0,5.0,6.0,2.0,4.0,4.0,3.0,9.0,5.0,6.0,269.0,2.0,4.0,5.0,3269.0,7.0,5.0,3.0,6.0,3.0,5.0,4.0,4.0,8.0,7.0,6.0,279.0,3.0,4.0,7.0,3727.0,5.0,5.0,2.0,5.0,4.0,3.0,5.0,5.0,7.0,5.0,8.0,freqmine
892.0,533.0,481.0,542.0,4642.0,534.0,492.0,502.0,492.0,512.0,471.0,484.0,500.0,512.0,550.0,563.0,275.0,5.0,5.0,7.0,2791.0,6.0,4.0,2.0,3.0,4.0,4.0,4.0,4.0,5.0,5.0,6.0,249.0,2.0,1.0,3.0,2883.0,2.0,1.0,1.0,3.0,1.0,0.0,2.0,1.0,5.0,1.0,4.0,279.0,4.0,4.0,7.0,3042.0,4.0,6.0,4.0,5.0,5.0,4.0,3.0,1.0,8.0,5.0,5.0,267.0,2.0,2.0,2.0,3016.0,3.0,1.0,1.0,2.0,1.0,2.0,2.0,1.0,3.0,4.0,1.0,275.0,3.0,4.0,3.0,3625.0,5.0,1.0,5.0,4.0,4.0,3.0,2.0,2.0,4.0,4.0,4.0,250.0,3.0,2.0,6.0,3724.0,3.0,0.0,0.0,2.0,4.0,2.0,1.0,2.0,1.0,3.0,3.0,263.0,3.0,1.0,3.0,3483.0,3.0,2.0,1.0,2.0,3.0,2.0,0.0,4.0,2.0,3.0,4.0,259.0,4.0,0.0,4.0,3260.0,1.0,2.0,1.0,0.0,3.0,3.0,2.0,0.0,2.0,1.0,5.0,263.0,3.0,4.0,7.0,2946.0,2.0,3.0,4.0,0.0,2.0,1.0,1.0,2.0,2.0,4.0,4.0,243.0,2.0,0.0,3.0,3465.0,4.0,2.0,1.0,2.0,3.0,0.0,0.0,1.0,0.0,2.0,2.0,246.0,2.0,0.0,3.0,3499.0,4.0,0.0,3.0,2.0,1.0,0.0,1.0,1.0,3.0,4.0,5.0,256.0,2.0,2.0,3.0,3086.0,2.0,2.0,2.0,1.0,2.0,1.0,1.0,1.0,2.0,4.0,2.0,261.0,7.0,1.0,5.0,3216.0,4.0,2.0,2.0,0.0,5.0,1.0,3.0,4.0,1.0,5.0,4.0,282.0,5.0,5.0,7.0,3314.0,5.0,4.0,7.0,4.0,5.0,2.0,4.0,5.0,4.0,5.0,8.0,289.0,7.0,3.0,5.0,3715.0,6.0,2.0,6.0,4.0,4.0,4.0,4.0,3.0,3.0,7.0,5.0,freqmine
853.0,526.0,551.0,552.0,4662.0,525.0,483.0,537.0,511.0,492.0,493.0,477.0,493.0,545.0,578.0,553.0,275.0,3.0,18.0,5.0,2589.0,5.0,3.0,15.0,5.0,6.0,11.0,3.0,4.0,7.0,6.0,10.0,265.0,5.0,12.0,7.0,2854.0,4.0,2.0,40.0,1.0,6.0,15.0,3.0,10.0,5.0,12.0,12.0,282.0,6.0,20.0,5.0,2993.0,5.0,2.0,19.0,2.0,5.0,13.0,3.0,6.0,3.0,6.0,9.0,276.0,4.0,28.0,3.0,2760.0,2.0,2.0,26.0,2.0,3.0,24.0,2.0,4.0,3.0,6.0,7.0,272.0,6.0,14.0,7.0,3511.0,4.0,4.0,18.0,1.0,4.0,9.0,3.0,4.0,4.0,5.0,8.0,249.0,2.0,14.0,3.0,3640.0,1.0,1.0,15.0,2.0,2.0,13.0,2.0,1.0,5.0,6.0,6.0,269.0,2.0,15.0,6.0,3443.0,3.0,1.0,14.0,4.0,2.0,29.0,4.0,5.0,6.0,11.0,10.0,269.0,1.0,14.0,4.0,3225.0,4.0,2.0,13.0,4.0,2.0,13.0,2.0,5.0,4.0,6.0,6.0,255.0,3.0,16.0,3.0,2978.0,4.0,2.0,8.0,4.0,3.0,17.0,2.0,2.0,2.0,4.0,6.0,237.0,3.0,15.0,4.0,3493.0,3.0,1.0,11.0,1.0,2.0,10.0,6.0,4.0,4.0,5.0,9.0,245.0,2.0,10.0,3.0,3489.0,2.0,2.0,3.0,1.0,3.0,5.0,1.0,3.0,4.0,5.0,4.0,249.0,5.0,34.0,6.0,3044.0,2.0,1.0,21.0,5.0,3.0,23.0,2.0,3.0,5.0,6.0,6.0,281.0,4.0,16.0,7.0,3030.0,4.0,4.0,11.0,5.0,4.0,9.0,4.0,5.0,6.0,5.0,6.0,297.0,6.0,60.0,7.0,3123.0,6.0,5.0,52.0,5.0,5.0,52.0,6.0,6.0,7.0,9.0,7.0,285.0,7.0,50.0,8.0,3537.0,6.0,6.0,35.0,5.0,5.0,34.0,5.0,6.0,6.0,7.0,8.0,freqmine
886.0,528.0,483.0,544.0,4610.0,518.0,479.0,515.0,490.0,508.0,472.0,480.0,505.0,516.0,526.0,557.0,269.0,6.0,6.0,6.0,2642.0,5.0,4.0,6.0,3.0,4.0,9.0,4.0,6.0,4.0,7.0,7.0,247.0,3.0,2.0,6.0,2877.0,2.0,2.0,1.0,6.0,2.0,0.0,4.0,3.0,5.0,5.0,4.0,279.0,3.0,8.0,5.0,3027.0,2.0,3.0,7.0,5.0,3.0,3.0,5.0,3.0,7.0,5.0,5.0,277.0,4.0,7.0,3.0,3091.0,2.0,3.0,8.0,4.0,2.0,7.0,3.0,4.0,2.0,1.0,5.0,266.0,2.0,5.0,3.0,3615.0,4.0,1.0,7.0,3.0,3.0,6.0,2.0,2.0,3.0,4.0,4.0,246.0,3.0,3.0,4.0,3802.0,3.0,2.0,5.0,1.0,2.0,4.0,2.0,2.0,1.0,1.0,2.0,267.0,1.0,7.0,2.0,3529.0,2.0,2.0,6.0,3.0,4.0,4.0,2.0,6.0,2.0,6.0,9.0,257.0,4.0,3.0,4.0,3292.0,2.0,2.0,3.0,0.0,2.0,4.0,1.0,3.0,1.0,1.0,4.0,258.0,5.0,8.0,4.0,2999.0,3.0,1.0,9.0,0.0,2.0,5.0,2.0,3.0,6.0,3.0,3.0,244.0,1.0,3.0,3.0,3562.0,1.0,1.0,5.0,2.0,2.0,2.0,1.0,6.0,1.0,4.0,11.0,245.0,3.0,0.0,4.0,3601.0,2.0,1.0,1.0,2.0,1.0,0.0,1.0,2.0,1.0,4.0,1.0,258.0,1.0,4.0,2.0,3105.0,3.0,2.0,4.0,2.0,3.0,3.0,4.0,2.0,3.0,2.0,4.0,261.0,5.0,5.0,3.0,3231.0,3.0,1.0,7.0,2.0,4.0,5.0,3.0,3.0,2.0,2.0,5.0,270.0,3.0,3.0,4.0,3232.0,5.0,4.0,5.0,3.0,4.0,2.0,4.0,4.0,3.0,4.0,6.0,282.0,5.0,11.0,4.0,3789.0,6.0,2.0,12.0,3.0,4.0,7.0,2.0,3.0,5.0,5.0,5.0,freqmine
836.0,517.0,480.0,548.0,4584.0,520.0,474.0,509.0,544.0,491.0,459.0,470.0,485.0,524.0,570.0,552.0,271.0,4.0,5.0,7.0,2637.0,6.0,2.0,5.0,17.0,5.0,3.0,4.0,3.0,7.0,6.0,7.0,248.0,4.0,3.0,1.0,2879.0,4.0,2.0,3.0,10.0,2.0,1.0,0.0,2.0,3.0,12.0,5.0,278.0,6.0,5.0,5.0,3009.0,5.0,4.0,4.0,16.0,4.0,4.0,2.0,5.0,1.0,4.0,8.0,278.0,5.0,4.0,5.0,2983.0,5.0,4.0,4.0,29.0,3.0,2.0,3.0,2.0,3.0,7.0,6.0,272.0,5.0,4.0,6.0,3510.0,3.0,3.0,4.0,17.0,4.0,2.0,3.0,3.0,5.0,7.0,7.0,243.0,3.0,2.0,3.0,3792.0,3.0,1.0,2.0,14.0,1.0,0.0,2.0,2.0,4.0,5.0,6.0,269.0,5.0,4.0,5.0,3600.0,4.0,3.0,4.0,18.0,3.0,1.0,2.0,3.0,4.0,14.0,6.0,272.0,4.0,5.0,2.0,3312.0,3.0,1.0,4.0,13.0,8.0,2.0,3.0,4.0,5.0,11.0,5.0,253.0,2.0,2.0,2.0,2973.0,4.0,2.0,2.0,18.0,1.0,1.0,2.0,2.0,1.0,4.0,6.0,241.0,2.0,3.0,4.0,3535.0,1.0,1.0,1.0,16.0,0.0,0.0,1.0,1.0,5.0,19.0,4.0,241.0,2.0,3.0,3.0,3519.0,3.0,3.0,3.0,7.0,2.0,2.0,3.0,2.0,5.0,3.0,5.0,246.0,3.0,3.0,4.0,3197.0,2.0,2.0,1.0,23.0,1.0,2.0,2.0,4.0,4.0,6.0,5.0,272.0,4.0,3.0,5.0,3147.0,5.0,3.0,3.0,16.0,3.0,1.0,2.0,4.0,4.0,4.0,6.0,295.0,6.0,6.0,6.0,3233.0,6.0,2.0,4.0,55.0,3.0,4.0,5.0,4.0,5.0,6.0,8.0,286.0,8.0,6.0,8.0,3834.0,3.0,5.0,2.0,44.0,4.0,2.0,4.0,7.0,5.0,7.0,9.0,freqmine
873.0,543.0,511.0,575.0,4559.0,531.0,525.0,513.0,507.0,515.0,476.0,522.0,516.0,528.0,607.0,598.0,278.0,7.0,4.0,6.0,2707.0,6.0,13.0,3.0,3.0,6.0,2.0,9.0,6.0,4.0,13.0,15.0,259.0,4.0,4.0,7.0,2796.0,3.0,15.0,5.0,5.0,4.0,2.0,11.0,4.0,4.0,12.0,14.0,295.0,8.0,3.0,7.0,3046.0,8.0,19.0,3.0,5.0,3.0,2.0,15.0,4.0,8.0,16.0,15.0,284.0,2.0,3.0,3.0,2962.0,1.0,39.0,2.0,6.0,2.0,3.0,32.0,3.0,2.0,27.0,27.0,271.0,6.0,3.0,3.0,3580.0,6.0,16.0,3.0,6.0,3.0,2.0,13.0,3.0,4.0,11.0,12.0,256.0,2.0,1.0,3.0,3710.0,5.0,10.0,5.0,5.0,2.0,3.0,25.0,4.0,3.0,19.0,19.0,268.0,4.0,3.0,4.0,3410.0,2.0,12.0,2.0,6.0,2.0,1.0,18.0,2.0,3.0,15.0,16.0,267.0,4.0,3.0,4.0,3209.0,2.0,19.0,1.0,3.0,3.0,2.0,15.0,8.0,5.0,19.0,21.0,262.0,5.0,4.0,5.0,2890.0,4.0,13.0,3.0,8.0,3.0,1.0,17.0,3.0,6.0,12.0,17.0,242.0,3.0,0.0,4.0,3409.0,3.0,11.0,0.0,1.0,2.0,2.0,12.0,3.0,0.0,16.0,11.0,256.0,5.0,2.0,4.0,3719.0,4.0,7.0,1.0,2.0,1.0,0.0,5.0,8.0,2.0,30.0,19.0,259.0,6.0,2.0,2.0,3214.0,5.0,26.0,2.0,5.0,2.0,1.0,22.0,3.0,4.0,30.0,27.0,266.0,7.0,5.0,4.0,3152.0,2.0,12.0,4.0,4.0,4.0,4.0,8.0,5.0,4.0,15.0,13.0,298.0,5.0,2.0,6.0,3216.0,4.0,51.0,4.0,4.0,5.0,3.0,47.0,8.0,5.0,50.0,63.0,289.0,6.0,2.0,4.0,3706.0,7.0,38.0,5.0,7.0,6.0,4.0,32.0,4.0,5.0,35.0,38.0,freqmine
845.0,521.0,485.0,536.0,4696.0,523.0,494.0,502.0,500.0,494.0,466.0,480.0,492.0,528.0,545.0,553.0,271.0,4.0,4.0,7.0,2678.0,6.0,4.0,4.0,5.0,3.0,3.0,7.0,5.0,9.0,9.0,6.0,250.0,4.0,2.0,3.0,2870.0,4.0,2.0,2.0,1.0,2.0,2.0,1.0,2.0,3.0,5.0,3.0,270.0,4.0,4.0,4.0,2909.0,4.0,6.0,5.0,3.0,4.0,4.0,5.0,3.0,2.0,6.0,6.0,280.0,4.0,1.0,5.0,2923.0,3.0,8.0,1.0,1.0,3.0,2.0,7.0,2.0,2.0,8.0,8.0,273.0,2.0,1.0,6.0,3577.0,3.0,6.0,2.0,1.0,4.0,2.0,4.0,3.0,3.0,7.0,10.0,250.0,3.0,2.0,4.0,3769.0,1.0,3.0,1.0,1.0,1.0,0.0,3.0,5.0,3.0,13.0,8.0,262.0,2.0,2.0,4.0,3424.0,5.0,5.0,2.0,2.0,2.0,1.0,4.0,1.0,5.0,7.0,5.0,264.0,4.0,3.0,3.0,3236.0,3.0,5.0,2.0,5.0,1.0,0.0,4.0,2.0,1.0,7.0,6.0,254.0,3.0,0.0,3.0,2928.0,4.0,5.0,0.0,2.0,1.0,2.0,6.0,2.0,2.0,10.0,7.0,241.0,4.0,1.0,2.0,3430.0,2.0,3.0,2.0,0.0,1.0,0.0,4.0,0.0,2.0,7.0,4.0,246.0,2.0,0.0,2.0,3536.0,1.0,2.0,4.0,4.0,1.0,3.0,1.0,4.0,4.0,14.0,9.0,252.0,2.0,3.0,5.0,3167.0,1.0,4.0,3.0,2.0,3.0,2.0,1.0,4.0,3.0,3.0,6.0,274.0,3.0,3.0,5.0,3143.0,7.0,6.0,3.0,5.0,2.0,0.0,7.0,5.0,4.0,9.0,8.0,282.0,6.0,6.0,8.0,3180.0,6.0,6.0,6.0,5.0,5.0,7.0,6.0,10.0,7.0,21.0,17.0,286.0,6.0,4.0,6.0,3855.0,4.0,11.0,3.0,4.0,2.0,3.0,8.0,11.0,4.0,25.0,23.0,freqmine
850.0,524.0,478.0,534.0,4557.0,524.0,483.0,510.0,501.0,495.0,464.0,475.0,546.0,520.0,562.0,535.0,270.0,3.0,5.0,5.0,2726.0,6.0,6.0,5.0,4.0,6.0,5.0,5.0,16.0,5.0,10.0,7.0,249.0,3.0,2.0,5.0,2906.0,3.0,2.0,3.0,2.0,2.0,1.0,0.0,18.0,5.0,5.0,5.0,277.0,5.0,1.0,6.0,2952.0,6.0,6.0,4.0,5.0,5.0,1.0,4.0,20.0,6.0,8.0,6.0,283.0,2.0,4.0,2.0,3051.0,1.0,2.0,4.0,3.0,4.0,4.0,1.0,17.0,2.0,2.0,3.0,268.0,4.0,3.0,5.0,3481.0,6.0,1.0,3.0,4.0,4.0,3.0,3.0,16.0,7.0,6.0,2.0,251.0,2.0,1.0,5.0,3664.0,4.0,3.0,2.0,3.0,4.0,2.0,1.0,16.0,3.0,6.0,4.0,268.0,3.0,4.0,7.0,3466.0,3.0,3.0,4.0,5.0,5.0,3.0,1.0,21.0,4.0,5.0,5.0,264.0,4.0,0.0,5.0,3240.0,3.0,4.0,5.0,0.0,3.0,4.0,4.0,19.0,6.0,8.0,4.0,254.0,2.0,3.0,5.0,2831.0,4.0,3.0,4.0,3.0,3.0,3.0,2.0,20.0,6.0,4.0,5.0,237.0,2.0,2.0,4.0,3452.0,5.0,2.0,4.0,5.0,5.0,3.0,1.0,18.0,5.0,4.0,5.0,245.0,1.0,2.0,5.0,3508.0,4.0,3.0,2.0,2.0,3.0,2.0,1.0,12.0,2.0,9.0,3.0,260.0,4.0,2.0,3.0,3209.0,4.0,4.0,3.0,2.0,2.0,2.0,3.0,19.0,9.0,5.0,2.0,262.0,6.0,2.0,5.0,3144.0,3.0,4.0,4.0,2.0,5.0,5.0,1.0,9.0,6.0,3.0,3.0,291.0,5.0,4.0,8.0,3179.0,7.0,4.0,5.0,5.0,6.0,5.0,4.0,48.0,7.0,14.0,6.0,276.0,3.0,3.0,4.0,3763.0,4.0,3.0,7.0,5.0,5.0,5.0,2.0,34.0,7.0,13.0,3.0,freqmine
445.0,325.0,291.0,316.0,4396.0,331.0,291.0,315.0,341.0,304.0,281.0,294.0,313.0,338.0,367.0,355.0,40.0,6.0,2.0,3.0,2303.0,2.0,1.0,3.0,17.0,4.0,3.0,3.0,3.0,5.0,5.0,5.0,22.0,3.0,2.0,2.0,2703.0,3.0,2.0,3.0,14.0,2.0,1.0,2.0,3.0,2.0,12.0,4.0,34.0,2.0,2.0,0.0,2626.0,3.0,2.0,0.0,15.0,2.0,0.0,2.0,5.0,3.0,2.0,4.0,43.0,5.0,4.0,1.0,2890.0,1.0,2.0,4.0,39.0,0.0,5.0,0.0,3.0,1.0,2.0,1.0,40.0,1.0,2.0,3.0,3298.0,3.0,1.0,3.0,21.0,1.0,0.0,3.0,3.0,2.0,2.0,8.0,20.0,4.0,1.0,4.0,3233.0,2.0,1.0,1.0,16.0,0.0,1.0,0.0,2.0,3.0,3.0,4.0,37.0,3.0,0.0,4.0,2846.0,4.0,2.0,2.0,17.0,2.0,1.0,2.0,3.0,3.0,14.0,5.0,35.0,7.0,1.0,1.0,2611.0,3.0,3.0,3.0,14.0,4.0,2.0,3.0,3.0,6.0,7.0,6.0,29.0,7.0,0.0,7.0,2426.0,8.0,5.0,1.0,26.0,5.0,0.0,7.0,8.0,8.0,6.0,11.0,14.0,2.0,1.0,2.0,3047.0,3.0,2.0,2.0,20.0,1.0,0.0,0.0,1.0,2.0,19.0,0.0,17.0,3.0,0.0,1.0,3207.0,3.0,1.0,3.0,11.0,2.0,0.0,2.0,1.0,2.0,4.0,4.0,25.0,4.0,1.0,3.0,2674.0,1.0,1.0,1.0,25.0,4.0,2.0,1.0,4.0,5.0,3.0,4.0,39.0,4.0,2.0,1.0,2691.0,3.0,2.0,1.0,18.0,3.0,2.0,1.0,3.0,7.0,4.0,4.0,55.0,3.0,2.0,7.0,2734.0,2.0,2.0,4.0,55.0,3.0,1.0,5.0,3.0,3.0,5.0,6.0,50.0,6.0,1.0,2.0,3587.0,4.0,4.0,3.0,35.0,4.0,1.0,2.0,3.0,6.0,3.0,6.0,freqmine
859.0,529.0,485.0,523.0,4532.0,526.0,503.0,503.0,504.0,494.0,465.0,481.0,498.0,531.0,541.0,560.0,275.0,5.0,5.0,8.0,2642.0,4.0,2.0,3.0,4.0,3.0,2.0,3.0,2.0,7.0,5.0,3.0,244.0,4.0,3.0,2.0,2976.0,3.0,1.0,2.0,2.0,4.0,0.0,2.0,1.0,2.0,2.0,3.0,264.0,4.0,6.0,4.0,3102.0,3.0,2.0,4.0,3.0,3.0,3.0,1.0,3.0,2.0,5.0,5.0,264.0,3.0,3.0,3.0,2860.0,4.0,2.0,2.0,1.0,2.0,4.0,3.0,9.0,2.0,3.0,4.0,272.0,5.0,4.0,5.0,3427.0,5.0,7.0,6.0,4.0,4.0,4.0,2.0,6.0,3.0,3.0,8.0,258.0,5.0,5.0,4.0,3665.0,4.0,1.0,2.0,3.0,2.0,2.0,3.0,5.0,5.0,5.0,5.0,264.0,4.0,2.0,2.0,3484.0,6.0,2.0,2.0,2.0,0.0,2.0,3.0,4.0,5.0,4.0,4.0,263.0,2.0,4.0,4.0,3173.0,2.0,3.0,4.0,4.0,3.0,0.0,1.0,7.0,3.0,1.0,4.0,253.0,6.0,3.0,2.0,2859.0,4.0,3.0,2.0,4.0,3.0,2.0,2.0,7.0,2.0,3.0,4.0,237.0,1.0,2.0,2.0,3507.0,3.0,1.0,1.0,1.0,1.0,0.0,1.0,2.0,1.0,2.0,2.0,246.0,3.0,1.0,2.0,3537.0,2.0,1.0,3.0,1.0,0.0,1.0,0.0,0.0,3.0,3.0,4.0,257.0,4.0,2.0,6.0,3112.0,5.0,2.0,4.0,5.0,4.0,2.0,2.0,8.0,4.0,11.0,14.0,275.0,4.0,5.0,5.0,3187.0,7.0,5.0,5.0,6.0,4.0,3.0,4.0,9.0,6.0,7.0,7.0,277.0,5.0,8.0,5.0,3157.0,4.0,4.0,3.0,2.0,4.0,2.0,3.0,4.0,5.0,5.0,6.0,288.0,7.0,6.0,6.0,3713.0,5.0,5.0,2.0,3.0,3.0,1.0,5.0,11.0,5.0,8.0,7.0,freqmine
841.0,517.0,484.0,530.0,4693.0,534.0,489.0,488.0,505.0,497.0,463.0,475.0,472.0,518.0,527.0,523.0,267.0,3.0,5.0,3.0,2683.0,6.0,6.0,4.0,4.0,4.0,3.0,1.0,6.0,5.0,5.0,9.0,251.0,3.0,3.0,3.0,2977.0,3.0,3.0,3.0,4.0,1.0,2.0,1.0,4.0,3.0,5.0,5.0,275.0,4.0,2.0,4.0,3088.0,5.0,4.0,1.0,4.0,3.0,0.0,2.0,3.0,5.0,4.0,3.0,274.0,2.0,1.0,3.0,3140.0,1.0,3.0,3.0,2.0,0.0,3.0,1.0,3.0,3.0,1.0,5.0,275.0,4.0,4.0,5.0,3585.0,4.0,2.0,3.0,2.0,4.0,1.0,3.0,4.0,6.0,4.0,3.0,251.0,4.0,2.0,3.0,3730.0,5.0,0.0,1.0,3.0,2.0,0.0,2.0,1.0,3.0,2.0,3.0,249.0,1.0,2.0,5.0,3500.0,1.0,1.0,2.0,3.0,4.0,0.0,1.0,1.0,1.0,2.0,3.0,267.0,2.0,2.0,4.0,3374.0,5.0,2.0,2.0,3.0,3.0,3.0,2.0,1.0,4.0,6.0,4.0,254.0,1.0,3.0,6.0,2991.0,4.0,1.0,3.0,2.0,3.0,2.0,2.0,1.0,4.0,5.0,3.0,236.0,2.0,1.0,1.0,3681.0,4.0,0.0,1.0,1.0,1.0,0.0,0.0,0.0,4.0,2.0,2.0,243.0,4.0,1.0,4.0,3670.0,3.0,1.0,1.0,1.0,2.0,0.0,1.0,1.0,2.0,1.0,3.0,242.0,2.0,3.0,2.0,3212.0,2.0,1.0,0.0,1.0,1.0,0.0,1.0,0.0,1.0,10.0,2.0,263.0,6.0,4.0,2.0,3205.0,3.0,3.0,3.0,1.0,4.0,2.0,3.0,2.0,3.0,1.0,4.0,268.0,5.0,2.0,6.0,3216.0,6.0,4.0,4.0,6.0,3.0,4.0,4.0,4.0,4.0,6.0,5.0,266.0,3.0,1.0,3.0,3786.0,5.0,2.0,4.0,5.0,5.0,2.0,2.0,3.0,4.0,4.0,2.0,freqmine
1388.0,866.0,813.0,884.0,5748.0,873.0,781.0,800.0,819.0,812.0,770.0,767.0,809.0,868.0,855.0,907.0,443.0,7.0,5.0,15.0,2444.0,16.0,3.0,5.0,4.0,6.0,3.0,6.0,3.0,14.0,8.0,5.0,414.0,5.0,4.0,12.0,3202.0,13.0,2.0,2.0,3.0,4.0,0.0,1.0,2.0,14.0,4.0,5.0,438.0,6.0,5.0,14.0,2724.0,41.0,3.0,5.0,4.0,5.0,5.0,4.0,7.0,16.0,14.0,13.0,435.0,4.0,5.0,35.0,2843.0,31.0,3.0,4.0,3.0,4.0,4.0,4.0,4.0,26.0,3.0,5.0,434.0,8.0,3.0,15.0,3374.0,14.0,9.0,3.0,7.0,6.0,5.0,4.0,4.0,24.0,15.0,14.0,397.0,5.0,5.0,16.0,3418.0,20.0,3.0,3.0,4.0,6.0,2.0,2.0,4.0,16.0,3.0,5.0,417.0,6.0,4.0,15.0,3213.0,20.0,3.0,3.0,3.0,2.0,2.0,0.0,3.0,21.0,5.0,4.0,423.0,6.0,5.0,18.0,2947.0,14.0,3.0,3.0,5.0,5.0,0.0,1.0,6.0,17.0,3.0,4.0,411.0,7.0,2.0,11.0,2679.0,16.0,4.0,3.0,3.0,5.0,3.0,0.0,4.0,27.0,3.0,5.0,393.0,3.0,1.0,13.0,3122.0,10.0,3.0,2.0,3.0,4.0,0.0,1.0,3.0,16.0,5.0,4.0,390.0,2.0,4.0,7.0,3058.0,8.0,3.0,3.0,6.0,2.0,2.0,1.0,4.0,12.0,6.0,5.0,413.0,4.0,2.0,37.0,2723.0,30.0,3.0,3.0,6.0,2.0,1.0,2.0,4.0,28.0,8.0,6.0,432.0,6.0,3.0,15.0,3233.0,15.0,5.0,3.0,6.0,5.0,3.0,3.0,4.0,15.0,14.0,9.0,435.0,5.0,4.0,54.0,2881.0,53.0,4.0,5.0,4.0,8.0,4.0,3.0,5.0,53.0,8.0,6.0,460.0,9.0,8.0,58.0,4466.0,46.0,6.0,3.0,4.0,3.0,4.0,5.0,5.0,33.0,7.0,8.0,freqmine
707.0,429.0,395.0,447.0,5234.0,438.0,379.0,406.0,398.0,408.0,370.0,395.0,396.0,430.0,461.0,450.0,224.0,5.0,5.0,6.0,3232.0,10.0,6.0,4.0,7.0,5.0,5.0,3.0,4.0,6.0,7.0,6.0,203.0,3.0,3.0,6.0,3370.0,3.0,3.0,3.0,4.0,2.0,2.0,2.0,4.0,3.0,5.0,4.0,227.0,7.0,3.0,7.0,3287.0,13.0,5.0,2.0,4.0,4.0,2.0,4.0,6.0,8.0,12.0,4.0,226.0,2.0,2.0,10.0,3316.0,8.0,2.0,3.0,3.0,3.0,3.0,1.0,5.0,9.0,6.0,4.0,229.0,4.0,3.0,8.0,3572.0,8.0,1.0,5.0,2.0,3.0,1.0,4.0,7.0,8.0,14.0,7.0,196.0,2.0,3.0,6.0,3610.0,8.0,1.0,2.0,2.0,1.0,1.0,2.0,0.0,5.0,4.0,4.0,211.0,3.0,1.0,9.0,3675.0,4.0,0.0,3.0,2.0,4.0,0.0,4.0,4.0,5.0,4.0,4.0,208.0,3.0,2.0,7.0,3471.0,6.0,1.0,2.0,1.0,3.0,2.0,2.0,1.0,6.0,5.0,4.0,209.0,3.0,2.0,9.0,2994.0,8.0,1.0,2.0,2.0,1.0,2.0,2.0,1.0,10.0,6.0,2.0,189.0,2.0,1.0,4.0,3727.0,6.0,0.0,1.0,1.0,2.0,0.0,1.0,0.0,4.0,2.0,4.0,205.0,2.0,0.0,4.0,3642.0,5.0,3.0,2.0,1.0,2.0,1.0,1.0,2.0,5.0,4.0,5.0,202.0,3.0,3.0,5.0,2917.0,5.0,2.0,2.0,2.0,3.0,2.0,3.0,2.0,4.0,5.0,4.0,225.0,5.0,5.0,9.0,3109.0,7.0,3.0,7.0,4.0,4.0,3.0,3.0,11.0,5.0,18.0,13.0,235.0,9.0,6.0,8.0,3347.0,10.0,4.0,5.0,8.0,5.0,7.0,8.0,5.0,7.0,7.0,7.0,232.0,2.0,4.0,12.0,3912.0,11.0,2.0,6.0,6.0,6.0,5.0,4.0,3.0,12.0,4.0,2.0,freqmine
856.0,526.0,488.0,530.0,4946.0,547.0,476.0,487.0,501.0,528.0,463.0,473.0,511.0,521.0,552.0,546.0,272.0,4.0,4.0,6.0,3148.0,6.0,2.0,5.0,3.0,15.0,3.0,5.0,7.0,6.0,6.0,9.0,250.0,3.0,3.0,2.0,3303.0,5.0,1.0,1.0,0.0,15.0,1.0,1.0,3.0,5.0,4.0,4.0,276.0,5.0,4.0,4.0,3034.0,4.0,3.0,7.0,4.0,16.0,3.0,4.0,5.0,4.0,7.0,7.0,287.0,2.0,4.0,4.0,3254.0,3.0,2.0,3.0,5.0,30.0,5.0,4.0,4.0,3.0,4.0,5.0,287.0,5.0,4.0,6.0,3362.0,6.0,5.0,2.0,5.0,20.0,4.0,4.0,5.0,6.0,8.0,6.0,244.0,2.0,2.0,1.0,3474.0,0.0,1.0,1.0,3.0,15.0,1.0,0.0,4.0,3.0,3.0,3.0,255.0,2.0,3.0,4.0,3441.0,4.0,2.0,1.0,2.0,16.0,2.0,1.0,2.0,2.0,3.0,3.0,263.0,2.0,2.0,3.0,3080.0,3.0,2.0,3.0,3.0,13.0,0.0,3.0,5.0,4.0,4.0,4.0,255.0,2.0,2.0,2.0,2731.0,4.0,1.0,1.0,3.0,15.0,6.0,1.0,3.0,1.0,5.0,4.0,235.0,3.0,2.0,2.0,3323.0,2.0,0.0,1.0,1.0,12.0,0.0,0.0,1.0,2.0,5.0,2.0,239.0,4.0,3.0,3.0,3438.0,3.0,1.0,3.0,3.0,6.0,0.0,3.0,2.0,0.0,3.0,2.0,258.0,5.0,2.0,2.0,2742.0,4.0,2.0,2.0,3.0,24.0,0.0,2.0,2.0,3.0,5.0,4.0,273.0,6.0,2.0,4.0,2978.0,6.0,2.0,1.0,5.0,13.0,2.0,3.0,4.0,6.0,7.0,4.0,287.0,4.0,6.0,4.0,3197.0,5.0,4.0,5.0,3.0,54.0,3.0,2.0,6.0,6.0,7.0,6.0,277.0,9.0,3.0,6.0,3695.0,5.0,4.0,2.0,4.0,33.0,1.0,3.0,5.0,4.0,6.0,8.0,freqmine
852.0,525.0,485.0,545.0,5059.0,551.0,485.0,497.0,505.0,502.0,459.0,479.0,503.0,512.0,519.0,538.0,273.0,5.0,6.0,9.0,3089.0,5.0,5.0,3.0,5.0,4.0,2.0,4.0,4.0,6.0,7.0,7.0,248.0,4.0,5.0,7.0,3210.0,2.0,4.0,5.0,6.0,1.0,2.0,4.0,2.0,3.0,5.0,5.0,279.0,6.0,4.0,9.0,3105.0,6.0,4.0,2.0,4.0,5.0,1.0,4.0,3.0,7.0,6.0,5.0,267.0,1.0,2.0,4.0,3088.0,3.0,2.0,5.0,2.0,6.0,3.0,1.0,0.0,3.0,3.0,1.0,284.0,6.0,5.0,5.0,3423.0,6.0,2.0,5.0,3.0,8.0,3.0,5.0,4.0,3.0,8.0,6.0,247.0,4.0,2.0,8.0,3474.0,5.0,2.0,0.0,1.0,3.0,1.0,3.0,3.0,1.0,4.0,4.0,259.0,5.0,3.0,4.0,3435.0,3.0,1.0,2.0,3.0,6.0,0.0,3.0,2.0,4.0,4.0,3.0,270.0,3.0,4.0,5.0,3088.0,4.0,3.0,2.0,2.0,4.0,2.0,1.0,4.0,1.0,5.0,4.0,260.0,5.0,6.0,6.0,2764.0,5.0,3.0,4.0,4.0,5.0,2.0,3.0,6.0,5.0,12.0,8.0,235.0,2.0,1.0,4.0,3365.0,3.0,4.0,0.0,1.0,6.0,0.0,2.0,2.0,2.0,2.0,3.0,249.0,2.0,2.0,8.0,3444.0,5.0,2.0,2.0,2.0,3.0,2.0,2.0,3.0,4.0,5.0,4.0,255.0,2.0,3.0,9.0,2720.0,5.0,3.0,5.0,4.0,6.0,3.0,3.0,4.0,4.0,7.0,4.0,260.0,4.0,5.0,7.0,2824.0,4.0,3.0,5.0,2.0,6.0,3.0,3.0,4.0,2.0,7.0,5.0,261.0,6.0,4.0,10.0,3135.0,6.0,4.0,4.0,5.0,4.0,3.0,5.0,4.0,4.0,5.0,3.0,275.0,3.0,6.0,7.0,3794.0,6.0,2.0,4.0,5.0,12.0,3.0,4.0,3.0,5.0,5.0,2.0,freqmine
846.0,527.0,484.0,550.0,4896.0,521.0,482.0,496.0,493.0,491.0,462.0,474.0,511.0,542.0,518.0,547.0,269.0,4.0,3.0,5.0,2957.0,7.0,4.0,5.0,3.0,4.0,4.0,3.0,5.0,5.0,4.0,6.0,247.0,5.0,1.0,4.0,3188.0,6.0,1.0,2.0,1.0,4.0,2.0,1.0,5.0,5.0,2.0,3.0,282.0,7.0,5.0,8.0,3023.0,8.0,3.0,7.0,5.0,6.0,6.0,5.0,6.0,7.0,9.0,8.0,265.0,5.0,2.0,3.0,3186.0,5.0,3.0,2.0,4.0,4.0,4.0,5.0,3.0,4.0,4.0,4.0,269.0,3.0,4.0,8.0,3335.0,5.0,4.0,4.0,4.0,3.0,3.0,1.0,3.0,9.0,3.0,5.0,247.0,3.0,1.0,2.0,3435.0,4.0,1.0,2.0,3.0,2.0,3.0,1.0,1.0,4.0,2.0,2.0,258.0,2.0,3.0,4.0,3425.0,5.0,1.0,3.0,2.0,2.0,2.0,1.0,3.0,5.0,2.0,4.0,258.0,4.0,1.0,4.0,3142.0,3.0,1.0,1.0,4.0,6.0,2.0,4.0,3.0,7.0,1.0,2.0,250.0,4.0,3.0,5.0,2672.0,5.0,1.0,1.0,5.0,2.0,1.0,0.0,3.0,2.0,6.0,4.0,236.0,2.0,1.0,2.0,3425.0,3.0,1.0,2.0,4.0,2.0,2.0,2.0,2.0,4.0,3.0,2.0,240.0,3.0,3.0,1.0,3463.0,3.0,2.0,1.0,4.0,3.0,2.0,2.0,2.0,3.0,3.0,3.0,257.0,6.0,3.0,4.0,2687.0,4.0,3.0,3.0,6.0,2.0,2.0,2.0,2.0,4.0,3.0,3.0,277.0,5.0,3.0,6.0,2915.0,7.0,1.0,2.0,6.0,3.0,4.0,4.0,5.0,7.0,7.0,6.0,267.0,3.0,4.0,5.0,3125.0,6.0,4.0,4.0,5.0,5.0,5.0,5.0,5.0,8.0,6.0,7.0,278.0,6.0,3.0,6.0,3700.0,5.0,5.0,3.0,3.0,3.0,3.0,3.0,4.0,5.0,3.0,9.0,freqmine
873.0,507.0,476.0,537.0,4896.0,509.0,464.0,498.0,490.0,500.0,456.0,472.0,505.0,509.0,521.0,551.0,266.0,4.0,5.0,7.0,3185.0,6.0,4.0,3.0,4.0,4.0,3.0,2.0,4.0,6.0,7.0,6.0,243.0,0.0,1.0,2.0,3301.0,1.0,2.0,2.0,2.0,2.0,0.0,2.0,0.0,5.0,4.0,6.0,278.0,3.0,5.0,7.0,3121.0,7.0,3.0,2.0,4.0,5.0,1.0,2.0,4.0,7.0,5.0,3.0,271.0,4.0,5.0,6.0,3272.0,2.0,3.0,3.0,5.0,2.0,3.0,1.0,9.0,4.0,7.0,3.0,265.0,6.0,2.0,5.0,3579.0,6.0,3.0,3.0,3.0,2.0,1.0,3.0,3.0,6.0,8.0,3.0,240.0,3.0,3.0,3.0,3460.0,3.0,2.0,0.0,1.0,1.0,0.0,2.0,2.0,4.0,4.0,3.0,265.0,3.0,1.0,4.0,3457.0,3.0,0.0,2.0,2.0,2.0,1.0,3.0,2.0,5.0,6.0,4.0,260.0,3.0,2.0,3.0,3217.0,4.0,3.0,3.0,3.0,3.0,2.0,1.0,2.0,4.0,5.0,5.0,262.0,3.0,2.0,4.0,2883.0,3.0,1.0,4.0,2.0,4.0,3.0,3.0,2.0,6.0,11.0,4.0,234.0,2.0,1.0,2.0,3342.0,2.0,1.0,1.0,2.0,2.0,1.0,1.0,2.0,3.0,4.0,4.0,247.0,2.0,0.0,4.0,3515.0,3.0,1.0,3.0,2.0,1.0,0.0,0.0,2.0,5.0,4.0,4.0,258.0,4.0,3.0,4.0,2666.0,5.0,1.0,2.0,1.0,3.0,2.0,2.0,4.0,7.0,4.0,6.0,262.0,5.0,4.0,3.0,3061.0,2.0,3.0,5.0,2.0,3.0,2.0,2.0,4.0,6.0,5.0,4.0,266.0,5.0,4.0,8.0,3367.0,7.0,4.0,4.0,4.0,4.0,4.0,3.0,5.0,5.0,5.0,5.0,283.0,5.0,5.0,4.0,3749.0,3.0,1.0,5.0,5.0,4.0,4.0,4.0,4.0,8.0,5.0,5.0,freqmine
862.0,525.0,494.0,533.0,4954.0,535.0,477.0,509.0,489.0,489.0,459.0,480.0,515.0,537.0,550.0,558.0,270.0,5.0,2.0,4.0,3078.0,4.0,3.0,5.0,4.0,6.0,2.0,3.0,4.0,7.0,6.0,8.0,257.0,4.0,3.0,6.0,3123.0,5.0,2.0,2.0,2.0,3.0,2.0,0.0,3.0,2.0,3.0,4.0,277.0,6.0,3.0,4.0,3174.0,4.0,4.0,6.0,6.0,7.0,4.0,5.0,3.0,4.0,6.0,9.0,263.0,5.0,3.0,4.0,3152.0,2.0,3.0,3.0,4.0,3.0,0.0,4.0,1.0,4.0,2.0,7.0,279.0,4.0,4.0,5.0,3487.0,3.0,5.0,3.0,2.0,6.0,2.0,3.0,5.0,3.0,4.0,7.0,246.0,1.0,2.0,4.0,3607.0,4.0,1.0,1.0,3.0,1.0,1.0,0.0,2.0,1.0,2.0,5.0,265.0,2.0,4.0,5.0,3386.0,3.0,2.0,3.0,3.0,4.0,2.0,1.0,4.0,3.0,2.0,7.0,259.0,1.0,3.0,3.0,3174.0,2.0,1.0,2.0,1.0,2.0,1.0,3.0,6.0,3.0,2.0,3.0,250.0,3.0,2.0,5.0,2924.0,4.0,1.0,2.0,2.0,3.0,0.0,2.0,3.0,3.0,4.0,5.0,236.0,2.0,2.0,5.0,3374.0,3.0,1.0,2.0,1.0,2.0,1.0,0.0,1.0,2.0,3.0,4.0,245.0,2.0,3.0,4.0,3536.0,1.0,0.0,2.0,2.0,4.0,1.0,2.0,4.0,3.0,2.0,6.0,264.0,3.0,3.0,3.0,2685.0,4.0,2.0,3.0,5.0,3.0,1.0,2.0,2.0,3.0,4.0,5.0,276.0,5.0,5.0,8.0,3045.0,7.0,4.0,3.0,6.0,6.0,4.0,4.0,6.0,6.0,9.0,8.0,284.0,4.0,5.0,7.0,3260.0,5.0,5.0,6.0,5.0,8.0,6.0,6.0,6.0,9.0,8.0,10.0,284.0,7.0,6.0,9.0,3756.0,8.0,8.0,5.0,4.0,7.0,3.0,4.0,7.0,5.0,8.0,10.0,freqmine
870.0,544.0,490.0,533.0,4858.0,539.0,477.0,507.0,501.0,510.0,465.0,473.0,511.0,526.0,558.0,563.0,281.0,6.0,8.0,7.0,2957.0,5.0,6.0,4.0,4.0,5.0,5.0,5.0,4.0,5.0,7.0,8.0,248.0,4.0,4.0,2.0,3136.0,2.0,5.0,6.0,2.0,6.0,2.0,2.0,4.0,6.0,4.0,9.0,274.0,3.0,8.0,5.0,2960.0,6.0,7.0,4.0,3.0,6.0,4.0,3.0,5.0,6.0,7.0,9.0,275.0,1.0,3.0,3.0,3110.0,5.0,4.0,3.0,8.0,3.0,7.0,1.0,4.0,4.0,4.0,6.0,277.0,5.0,7.0,6.0,3336.0,9.0,6.0,7.0,4.0,6.0,5.0,2.0,5.0,5.0,8.0,9.0,240.0,5.0,4.0,4.0,3543.0,3.0,3.0,3.0,1.0,5.0,1.0,3.0,3.0,5.0,5.0,9.0,263.0,5.0,4.0,2.0,3547.0,4.0,3.0,2.0,2.0,6.0,2.0,3.0,3.0,5.0,7.0,8.0,260.0,6.0,5.0,5.0,3016.0,4.0,5.0,3.0,2.0,5.0,3.0,0.0,2.0,4.0,8.0,9.0,257.0,5.0,5.0,8.0,2630.0,3.0,6.0,4.0,1.0,5.0,3.0,3.0,3.0,5.0,7.0,9.0,237.0,3.0,4.0,2.0,3143.0,1.0,3.0,2.0,1.0,5.0,1.0,0.0,3.0,4.0,4.0,7.0,242.0,4.0,3.0,3.0,3485.0,6.0,6.0,3.0,1.0,4.0,2.0,0.0,2.0,3.0,6.0,6.0,261.0,4.0,6.0,5.0,2593.0,5.0,5.0,3.0,2.0,5.0,3.0,3.0,5.0,7.0,6.0,10.0,270.0,6.0,8.0,5.0,2928.0,5.0,5.0,8.0,4.0,8.0,4.0,4.0,5.0,5.0,6.0,10.0,284.0,10.0,9.0,9.0,3204.0,11.0,8.0,7.0,7.0,9.0,5.0,6.0,6.0,6.0,9.0,12.0,289.0,8.0,9.0,5.0,3677.0,5.0,5.0,6.0,6.0,6.0,5.0,4.0,7.0,6.0,7.0,8.0,freqmine
427.0,291.0,255.0,309.0,4303.0,297.0,293.0,277.0,289.0,276.0,245.0,293.0,280.0,310.0,369.0,376.0,42.0,3.0,3.0,5.0,2375.0,3.0,17.0,4.0,6.0,3.0,3.0,12.0,6.0,6.0,16.0,17.0,21.0,3.0,1.0,2.0,2701.0,1.0,19.0,2.0,4.0,1.0,1.0,11.0,2.0,3.0,17.0,15.0,42.0,4.0,2.0,3.0,2781.0,5.0,18.0,5.0,5.0,3.0,3.0,17.0,3.0,5.0,18.0,18.0,56.0,8.0,2.0,2.0,2807.0,3.0,27.0,2.0,7.0,2.0,1.0,32.0,1.0,2.0,30.0,31.0,45.0,2.0,2.0,3.0,3479.0,3.0,20.0,3.0,11.0,3.0,3.0,20.0,4.0,5.0,20.0,17.0,19.0,3.0,1.0,1.0,3321.0,2.0,12.0,6.0,7.0,4.0,3.0,33.0,5.0,1.0,24.0,21.0,44.0,2.0,3.0,2.0,2942.0,1.0,10.0,4.0,8.0,1.0,1.0,16.0,3.0,2.0,17.0,17.0,53.0,4.0,4.0,6.0,2774.0,6.0,26.0,3.0,5.0,3.0,1.0,21.0,5.0,1.0,26.0,23.0,32.0,1.0,3.0,3.0,2538.0,2.0,18.0,4.0,15.0,2.0,3.0,19.0,3.0,1.0,20.0,18.0,20.0,4.0,0.0,2.0,2970.0,1.0,14.0,0.0,3.0,1.0,1.0,17.0,2.0,2.0,23.0,16.0,21.0,2.0,2.0,4.0,3443.0,2.0,10.0,1.0,2.0,1.0,1.0,10.0,7.0,5.0,26.0,18.0,32.0,2.0,1.0,4.0,2845.0,3.0,23.0,3.0,6.0,1.0,1.0,25.0,4.0,3.0,32.0,31.0,55.0,4.0,2.0,4.0,2786.0,2.0,15.0,3.0,7.0,2.0,3.0,15.0,5.0,2.0,19.0,18.0,73.0,5.0,5.0,3.0,2984.0,6.0,59.0,5.0,3.0,4.0,5.0,45.0,8.0,6.0,51.0,69.0,61.0,5.0,4.0,5.0,3700.0,4.0,39.0,3.0,10.0,3.0,3.0,33.0,8.0,5.0,40.0,42.0,freqmine
855.0,519.0,500.0,521.0,4960.0,537.0,485.0,499.0,493.0,505.0,459.0,475.0,508.0,516.0,523.0,545.0,266.0,5.0,3.0,4.0,3028.0,9.0,2.0,6.0,7.0,5.0,2.0,3.0,6.0,6.0,6.0,11.0,258.0,5.0,5.0,5.0,3261.0,6.0,5.0,2.0,2.0,2.0,1.0,3.0,4.0,4.0,2.0,7.0,266.0,7.0,3.0,5.0,3078.0,8.0,7.0,7.0,5.0,4.0,3.0,3.0,5.0,3.0,6.0,9.0,269.0,7.0,6.0,5.0,3142.0,4.0,3.0,8.0,3.0,2.0,7.0,7.0,3.0,3.0,3.0,10.0,280.0,6.0,4.0,4.0,3436.0,8.0,5.0,5.0,6.0,4.0,2.0,4.0,4.0,3.0,3.0,7.0,249.0,2.0,3.0,4.0,3464.0,6.0,4.0,3.0,3.0,3.0,1.0,1.0,3.0,1.0,3.0,4.0,263.0,1.0,4.0,6.0,3579.0,8.0,4.0,6.0,3.0,2.0,0.0,2.0,4.0,2.0,2.0,6.0,261.0,2.0,3.0,4.0,3251.0,6.0,3.0,4.0,3.0,3.0,0.0,3.0,5.0,4.0,1.0,6.0,259.0,2.0,6.0,2.0,2775.0,6.0,3.0,3.0,5.0,3.0,3.0,1.0,4.0,3.0,3.0,3.0,234.0,0.0,2.0,3.0,3220.0,7.0,3.0,4.0,1.0,1.0,0.0,3.0,2.0,1.0,3.0,2.0,243.0,2.0,3.0,5.0,3541.0,5.0,3.0,4.0,3.0,1.0,1.0,1.0,4.0,2.0,2.0,4.0,258.0,4.0,3.0,4.0,2729.0,7.0,5.0,5.0,6.0,3.0,1.0,1.0,3.0,2.0,3.0,4.0,265.0,4.0,5.0,4.0,2875.0,9.0,6.0,3.0,4.0,4.0,2.0,0.0,5.0,4.0,5.0,5.0,269.0,2.0,5.0,6.0,3161.0,6.0,5.0,6.0,3.0,3.0,4.0,2.0,5.0,7.0,6.0,6.0,279.0,7.0,5.0,8.0,3781.0,10.0,8.0,8.0,5.0,5.0,2.0,3.0,5.0,6.0,6.0,10.0,freqmine
835.0,516.0,468.0,529.0,4930.0,500.0,469.0,481.0,492.0,489.0,458.0,465.0,506.0,521.0,528.0,556.0,267.0,6.0,6.0,7.0,3054.0,7.0,6.0,2.0,3.0,2.0,4.0,3.0,4.0,6.0,6.0,9.0,241.0,4.0,2.0,4.0,3163.0,4.0,1.0,4.0,4.0,4.0,2.0,1.0,2.0,2.0,7.0,4.0,272.0,7.0,4.0,5.0,3105.0,4.0,3.0,3.0,3.0,2.0,4.0,2.0,4.0,5.0,7.0,8.0,267.0,12.0,6.0,7.0,3259.0,6.0,8.0,4.0,2.0,7.0,2.0,4.0,3.0,3.0,9.0,6.0,260.0,7.0,2.0,4.0,3539.0,4.0,1.0,4.0,2.0,1.0,3.0,2.0,3.0,4.0,7.0,5.0,240.0,6.0,1.0,5.0,3534.0,3.0,1.0,2.0,1.0,0.0,1.0,2.0,2.0,3.0,6.0,5.0,250.0,8.0,1.0,3.0,3533.0,3.0,1.0,1.0,3.0,2.0,3.0,2.0,2.0,4.0,5.0,5.0,259.0,6.0,1.0,4.0,3233.0,6.0,2.0,2.0,2.0,1.0,2.0,0.0,3.0,2.0,6.0,6.0,249.0,6.0,0.0,5.0,2930.0,5.0,2.0,4.0,2.0,2.0,2.0,1.0,2.0,3.0,5.0,6.0,235.0,6.0,0.0,4.0,3280.0,2.0,0.0,0.0,2.0,1.0,1.0,0.0,2.0,3.0,4.0,6.0,240.0,5.0,1.0,2.0,3428.0,2.0,1.0,1.0,0.0,2.0,2.0,1.0,1.0,2.0,5.0,5.0,257.0,6.0,3.0,6.0,2651.0,4.0,2.0,3.0,3.0,2.0,4.0,3.0,4.0,6.0,6.0,9.0,269.0,8.0,2.0,6.0,2910.0,2.0,2.0,4.0,3.0,2.0,3.0,6.0,5.0,6.0,7.0,6.0,272.0,10.0,5.0,6.0,3390.0,8.0,5.0,5.0,5.0,7.0,4.0,6.0,6.0,6.0,8.0,8.0,284.0,9.0,4.0,8.0,3723.0,5.0,3.0,4.0,6.0,5.0,4.0,5.0,7.0,6.0,7.0,8.0,freqmine
887.0,535.0,496.0,540.0,4960.0,521.0,486.0,495.0,504.0,497.0,469.0,487.0,520.0,530.0,541.0,567.0,278.0,6.0,3.0,7.0,3149.0,5.0,2.0,8.0,5.0,8.0,4.0,5.0,6.0,5.0,5.0,8.0,257.0,7.0,2.0,5.0,3179.0,3.0,2.0,2.0,1.0,1.0,0.0,1.0,4.0,6.0,4.0,7.0,277.0,7.0,5.0,7.0,3100.0,4.0,3.0,6.0,4.0,5.0,3.0,4.0,3.0,5.0,5.0,5.0,269.0,2.0,3.0,3.0,3213.0,2.0,3.0,5.0,2.0,4.0,4.0,3.0,3.0,1.0,3.0,5.0,269.0,6.0,3.0,4.0,3489.0,2.0,2.0,2.0,5.0,4.0,3.0,2.0,3.0,4.0,6.0,6.0,250.0,2.0,4.0,2.0,3509.0,2.0,2.0,2.0,2.0,3.0,3.0,0.0,2.0,2.0,3.0,4.0,262.0,2.0,2.0,5.0,3574.0,2.0,2.0,6.0,3.0,1.0,0.0,0.0,2.0,4.0,4.0,4.0,264.0,5.0,4.0,5.0,3155.0,1.0,2.0,4.0,2.0,4.0,1.0,1.0,3.0,5.0,3.0,4.0,257.0,6.0,4.0,3.0,3147.0,3.0,1.0,2.0,5.0,4.0,3.0,1.0,3.0,5.0,5.0,5.0,240.0,2.0,2.0,3.0,3358.0,2.0,3.0,1.0,0.0,2.0,0.0,1.0,1.0,4.0,3.0,3.0,252.0,4.0,2.0,3.0,3540.0,3.0,2.0,3.0,2.0,1.0,0.0,0.0,1.0,6.0,4.0,5.0,267.0,6.0,4.0,3.0,2807.0,3.0,1.0,4.0,4.0,4.0,2.0,1.0,3.0,7.0,5.0,4.0,268.0,5.0,4.0,3.0,2903.0,5.0,2.0,4.0,3.0,4.0,4.0,1.0,3.0,5.0,6.0,7.0,277.0,4.0,3.0,7.0,3395.0,5.0,4.0,4.0,4.0,4.0,3.0,4.0,4.0,8.0,8.0,8.0,288.0,9.0,5.0,6.0,3752.0,5.0,3.0,5.0,4.0,2.0,4.0,4.0,3.0,7.0,6.0,8.0,freqmine
835.0,527.0,476.0,543.0,4946.0,533.0,471.0,502.0,491.0,499.0,461.0,479.0,506.0,529.0,538.0,534.0,273.0,4.0,5.0,7.0,3131.0,8.0,6.0,2.0,5.0,3.0,2.0,3.0,5.0,9.0,8.0,8.0,241.0,1.0,2.0,5.0,3151.0,5.0,3.0,3.0,4.0,3.0,2.0,2.0,3.0,4.0,6.0,3.0,280.0,4.0,5.0,8.0,3116.0,6.0,3.0,2.0,4.0,4.0,2.0,3.0,5.0,6.0,7.0,7.0,268.0,1.0,3.0,3.0,3164.0,2.0,3.0,2.0,3.0,1.0,2.0,2.0,2.0,0.0,4.0,3.0,276.0,5.0,5.0,7.0,3424.0,8.0,2.0,5.0,4.0,2.0,3.0,4.0,5.0,5.0,7.0,2.0,240.0,4.0,2.0,6.0,3493.0,2.0,1.0,1.0,3.0,0.0,2.0,2.0,2.0,5.0,3.0,3.0,259.0,4.0,4.0,5.0,3488.0,5.0,1.0,2.0,2.0,4.0,2.0,1.0,5.0,4.0,4.0,5.0,257.0,4.0,2.0,5.0,3135.0,5.0,1.0,2.0,2.0,2.0,2.0,3.0,5.0,3.0,4.0,4.0,254.0,3.0,2.0,8.0,2761.0,8.0,2.0,4.0,1.0,3.0,2.0,2.0,2.0,6.0,6.0,4.0,235.0,1.0,1.0,3.0,3355.0,4.0,2.0,2.0,3.0,1.0,1.0,0.0,3.0,4.0,4.0,2.0,242.0,3.0,3.0,6.0,3480.0,4.0,0.0,1.0,2.0,1.0,1.0,4.0,4.0,4.0,5.0,3.0,258.0,3.0,3.0,5.0,2628.0,4.0,2.0,2.0,4.0,1.0,2.0,3.0,3.0,5.0,6.0,5.0,272.0,6.0,4.0,8.0,2937.0,6.0,1.0,4.0,3.0,2.0,4.0,3.0,8.0,8.0,6.0,4.0,278.0,6.0,8.0,7.0,3257.0,10.0,4.0,6.0,6.0,6.0,6.0,6.0,8.0,7.0,7.0,4.0,277.0,5.0,5.0,6.0,3771.0,4.0,2.0,3.0,3.0,5.0,2.0,3.0,6.0,5.0,4.0,4.0,freqmine
862.0,517.0,477.0,535.0,4994.0,508.0,495.0,507.0,513.0,495.0,468.0,473.0,512.0,521.0,525.0,566.0,263.0,4.0,2.0,7.0,3153.0,4.0,1.0,5.0,3.0,4.0,3.0,3.0,5.0,6.0,3.0,7.0,244.0,5.0,2.0,5.0,3253.0,3.0,2.0,2.0,1.0,2.0,1.0,2.0,2.0,4.0,3.0,6.0,269.0,7.0,4.0,7.0,3184.0,6.0,6.0,6.0,6.0,6.0,6.0,5.0,5.0,6.0,5.0,6.0,270.0,2.0,1.0,3.0,3145.0,3.0,3.0,1.0,1.0,2.0,2.0,2.0,1.0,4.0,3.0,2.0,264.0,4.0,2.0,6.0,3566.0,4.0,4.0,3.0,4.0,7.0,3.0,2.0,2.0,6.0,5.0,7.0,254.0,2.0,1.0,4.0,3757.0,2.0,2.0,2.0,2.0,4.0,1.0,1.0,2.0,2.0,4.0,4.0,267.0,4.0,2.0,6.0,3605.0,2.0,2.0,3.0,3.0,1.0,1.0,3.0,2.0,4.0,2.0,5.0,273.0,3.0,1.0,4.0,3236.0,4.0,3.0,3.0,4.0,3.0,3.0,0.0,2.0,5.0,5.0,4.0,257.0,4.0,3.0,3.0,2878.0,2.0,3.0,3.0,3.0,3.0,1.0,1.0,4.0,2.0,3.0,3.0,238.0,4.0,0.0,4.0,3414.0,0.0,0.0,0.0,1.0,2.0,2.0,1.0,1.0,3.0,2.0,3.0,243.0,1.0,0.0,4.0,3686.0,2.0,2.0,2.0,0.0,2.0,1.0,0.0,1.0,2.0,4.0,4.0,259.0,5.0,2.0,5.0,2727.0,3.0,2.0,3.0,3.0,4.0,2.0,1.0,3.0,3.0,3.0,4.0,263.0,6.0,5.0,3.0,2920.0,4.0,5.0,3.0,3.0,5.0,3.0,4.0,3.0,4.0,7.0,8.0,269.0,3.0,3.0,6.0,3400.0,2.0,5.0,2.0,4.0,2.0,3.0,4.0,3.0,6.0,6.0,9.0,283.0,7.0,4.0,6.0,3757.0,4.0,4.0,5.0,4.0,2.0,4.0,3.0,3.0,6.0,9.0,9.0,freqmine
876.0,578.0,499.0,552.0,4986.0,540.0,495.0,487.0,505.0,513.0,469.0,478.0,519.0,555.0,587.0,567.0,290.0,10.0,7.0,7.0,3079.0,5.0,6.0,4.0,5.0,6.0,8.0,6.0,9.0,11.0,16.0,22.0,258.0,15.0,3.0,5.0,3271.0,2.0,0.0,2.0,2.0,3.0,1.0,1.0,5.0,4.0,4.0,4.0,285.0,22.0,5.0,6.0,3150.0,6.0,2.0,4.0,5.0,4.0,5.0,5.0,4.0,6.0,6.0,7.0,285.0,39.0,2.0,2.0,3270.0,1.0,2.0,4.0,3.0,1.0,3.0,1.0,4.0,1.0,1.0,1.0,280.0,15.0,6.0,4.0,3491.0,5.0,1.0,3.0,3.0,2.0,2.0,1.0,5.0,4.0,4.0,4.0,254.0,15.0,3.0,4.0,3521.0,3.0,0.0,1.0,1.0,1.0,2.0,0.0,3.0,4.0,5.0,2.0,258.0,15.0,2.0,3.0,3457.0,4.0,1.0,1.0,0.0,4.0,1.0,0.0,2.0,3.0,4.0,2.0,265.0,14.0,3.0,4.0,3280.0,2.0,2.0,1.0,3.0,2.0,2.0,3.0,5.0,2.0,4.0,5.0,262.0,16.0,3.0,6.0,2868.0,3.0,2.0,2.0,1.0,1.0,3.0,2.0,2.0,5.0,6.0,5.0,242.0,11.0,2.0,4.0,3415.0,3.0,1.0,1.0,1.0,1.0,1.0,1.0,2.0,2.0,4.0,3.0,244.0,9.0,2.0,5.0,3610.0,3.0,1.0,0.0,4.0,1.0,3.0,1.0,2.0,3.0,2.0,4.0,269.0,31.0,4.0,5.0,2849.0,3.0,3.0,1.0,4.0,0.0,2.0,1.0,2.0,5.0,4.0,4.0,292.0,16.0,3.0,8.0,3028.0,3.0,2.0,4.0,4.0,2.0,4.0,2.0,5.0,6.0,5.0,4.0,303.0,61.0,7.0,7.0,3230.0,7.0,5.0,6.0,5.0,8.0,6.0,3.0,7.0,7.0,7.0,4.0,294.0,51.0,5.0,8.0,3747.0,5.0,3.0,3.0,5.0,6.0,4.0,3.0,6.0,5.0,3.0,5.0,freqmine
830.0,521.0,498.0,516.0,4894.0,525.0,487.0,515.0,504.0,503.0,462.0,475.0,490.0,516.0,527.0,552.0,268.0,4.0,4.0,6.0,2979.0,6.0,1.0,4.0,4.0,4.0,3.0,4.0,5.0,6.0,7.0,6.0,258.0,6.0,5.0,5.0,3090.0,5.0,5.0,3.0,3.0,3.0,3.0,3.0,3.0,5.0,5.0,7.0,264.0,3.0,4.0,4.0,3016.0,0.0,4.0,3.0,5.0,3.0,1.0,1.0,5.0,3.0,4.0,6.0,278.0,6.0,3.0,2.0,3244.0,4.0,3.0,2.0,1.0,5.0,1.0,3.0,3.0,2.0,4.0,4.0,268.0,7.0,2.0,6.0,3307.0,3.0,3.0,3.0,4.0,4.0,3.0,5.0,1.0,5.0,4.0,4.0,246.0,4.0,3.0,3.0,3516.0,3.0,2.0,2.0,1.0,2.0,0.0,2.0,2.0,4.0,1.0,5.0,269.0,4.0,3.0,4.0,3491.0,1.0,3.0,3.0,2.0,2.0,2.0,4.0,3.0,5.0,3.0,5.0,263.0,5.0,3.0,5.0,3134.0,3.0,1.0,3.0,2.0,4.0,1.0,2.0,3.0,3.0,3.0,4.0,256.0,8.0,4.0,3.0,2789.0,4.0,2.0,2.0,6.0,2.0,1.0,2.0,2.0,2.0,4.0,2.0,234.0,5.0,2.0,3.0,3356.0,3.0,1.0,3.0,2.0,1.0,1.0,1.0,2.0,3.0,3.0,4.0,242.0,0.0,3.0,2.0,3541.0,1.0,0.0,3.0,1.0,2.0,0.0,1.0,2.0,3.0,2.0,1.0,247.0,5.0,2.0,2.0,2684.0,2.0,2.0,3.0,2.0,3.0,1.0,1.0,0.0,2.0,1.0,3.0,261.0,1.0,6.0,3.0,2959.0,8.0,4.0,3.0,3.0,6.0,3.0,2.0,3.0,4.0,5.0,7.0,268.0,4.0,4.0,4.0,3477.0,5.0,4.0,5.0,3.0,2.0,4.0,5.0,2.0,5.0,4.0,8.0,279.0,11.0,6.0,4.0,3779.0,4.0,5.0,6.0,4.0,3.0,3.0,4.0,4.0,6.0,7.0,8.0,freqmine
860.0,527.0,474.0,520.0,4914.0,521.0,483.0,478.0,482.0,494.0,458.0,464.0,496.0,532.0,514.0,556.0,280.0,5.0,4.0,4.0,3091.0,5.0,7.0,4.0,2.0,4.0,3.0,3.0,3.0,7.0,11.0,8.0,242.0,3.0,1.0,3.0,3177.0,3.0,2.0,2.0,3.0,1.0,0.0,0.0,2.0,3.0,4.0,2.0,266.0,5.0,5.0,4.0,3136.0,9.0,4.0,3.0,2.0,3.0,3.0,4.0,1.0,4.0,4.0,4.0,269.0,2.0,4.0,3.0,3265.0,1.0,2.0,2.0,3.0,1.0,5.0,1.0,2.0,2.0,1.0,2.0,273.0,4.0,3.0,2.0,3479.0,5.0,2.0,3.0,3.0,1.0,1.0,2.0,3.0,6.0,7.0,5.0,250.0,4.0,1.0,4.0,3511.0,3.0,3.0,2.0,2.0,3.0,0.0,2.0,2.0,3.0,4.0,3.0,249.0,5.0,2.0,3.0,3598.0,4.0,0.0,1.0,4.0,3.0,1.0,0.0,1.0,2.0,4.0,5.0,256.0,3.0,2.0,5.0,3215.0,4.0,2.0,1.0,2.0,3.0,1.0,1.0,2.0,4.0,4.0,4.0,257.0,3.0,0.0,2.0,2803.0,2.0,1.0,3.0,1.0,3.0,0.0,1.0,3.0,6.0,4.0,6.0,236.0,1.0,0.0,2.0,3412.0,1.0,0.0,0.0,1.0,2.0,0.0,1.0,1.0,5.0,4.0,3.0,240.0,2.0,0.0,2.0,3496.0,5.0,2.0,2.0,0.0,2.0,0.0,0.0,2.0,2.0,4.0,4.0,255.0,2.0,3.0,5.0,2687.0,2.0,2.0,2.0,5.0,1.0,1.0,2.0,3.0,4.0,4.0,6.0,273.0,8.0,1.0,5.0,2931.0,1.0,3.0,4.0,5.0,3.0,3.0,4.0,4.0,6.0,5.0,3.0,262.0,7.0,5.0,5.0,3367.0,6.0,2.0,3.0,6.0,6.0,4.0,2.0,5.0,7.0,6.0,5.0,284.0,6.0,3.0,5.0,3810.0,5.0,4.0,3.0,4.0,5.0,3.0,3.0,5.0,4.0,3.0,7.0,freqmine
851.0,548.0,486.0,512.0,4995.0,541.0,489.0,502.0,509.0,511.0,469.0,487.0,504.0,533.0,538.0,546.0,283.0,6.0,5.0,7.0,3129.0,10.0,3.0,5.0,8.0,5.0,5.0,5.0,6.0,8.0,6.0,8.0,250.0,4.0,2.0,2.0,3197.0,3.0,4.0,2.0,1.0,1.0,1.0,1.0,1.0,3.0,1.0,3.0,266.0,5.0,2.0,5.0,3143.0,2.0,4.0,4.0,4.0,1.0,0.0,0.0,6.0,4.0,3.0,3.0,276.0,4.0,1.0,2.0,3174.0,4.0,2.0,2.0,1.0,5.0,2.0,2.0,5.0,3.0,3.0,3.0,281.0,8.0,3.0,7.0,3328.0,6.0,6.0,4.0,5.0,7.0,5.0,3.0,4.0,4.0,4.0,6.0,249.0,4.0,5.0,3.0,3507.0,3.0,3.0,2.0,2.0,3.0,1.0,3.0,3.0,4.0,3.0,5.0,264.0,5.0,1.0,3.0,3356.0,4.0,3.0,3.0,1.0,2.0,0.0,2.0,3.0,2.0,2.0,2.0,265.0,5.0,2.0,2.0,3245.0,4.0,3.0,4.0,1.0,2.0,1.0,1.0,5.0,6.0,3.0,3.0,260.0,5.0,3.0,3.0,2750.0,4.0,4.0,2.0,3.0,3.0,4.0,3.0,2.0,1.0,4.0,3.0,239.0,5.0,1.0,2.0,3295.0,4.0,1.0,1.0,1.0,1.0,0.0,0.0,1.0,2.0,3.0,2.0,246.0,4.0,2.0,2.0,3444.0,4.0,3.0,1.0,3.0,2.0,1.0,2.0,2.0,2.0,3.0,3.0,253.0,4.0,1.0,1.0,2641.0,6.0,4.0,2.0,2.0,2.0,1.0,2.0,1.0,4.0,4.0,2.0,271.0,6.0,4.0,2.0,2938.0,9.0,5.0,2.0,3.0,5.0,1.0,3.0,3.0,4.0,3.0,6.0,275.0,3.0,3.0,4.0,3334.0,7.0,5.0,5.0,3.0,4.0,3.0,6.0,4.0,4.0,8.0,7.0,277.0,9.0,4.0,6.0,3800.0,5.0,5.0,4.0,3.0,4.0,3.0,2.0,2.0,6.0,7.0,3.0,freqmine
859.0,530.0,496.0,533.0,5001.0,522.0,475.0,488.0,497.0,485.0,457.0,475.0,491.0,541.0,535.0,546.0,277.0,5.0,5.0,8.0,3159.0,4.0,4.0,4.0,6.0,5.0,4.0,5.0,3.0,5.0,8.0,10.0,248.0,3.0,2.0,3.0,3262.0,2.0,1.0,1.0,4.0,5.0,0.0,2.0,2.0,5.0,6.0,7.0,269.0,5.0,3.0,5.0,3068.0,6.0,1.0,3.0,5.0,5.0,4.0,6.0,2.0,3.0,6.0,7.0,273.0,1.0,2.0,2.0,3122.0,2.0,3.0,2.0,3.0,1.0,3.0,2.0,2.0,2.0,2.0,4.0,268.0,5.0,5.0,4.0,3470.0,4.0,0.0,3.0,6.0,1.0,1.0,4.0,4.0,5.0,5.0,5.0,243.0,3.0,2.0,3.0,3533.0,4.0,0.0,1.0,4.0,0.0,0.0,1.0,2.0,2.0,2.0,5.0,251.0,2.0,3.0,3.0,3567.0,3.0,0.0,2.0,4.0,2.0,1.0,2.0,0.0,4.0,4.0,4.0,264.0,4.0,3.0,5.0,3176.0,4.0,1.0,1.0,4.0,2.0,1.0,3.0,2.0,3.0,3.0,5.0,250.0,2.0,2.0,3.0,2766.0,4.0,2.0,2.0,4.0,3.0,0.0,1.0,1.0,4.0,4.0,4.0,234.0,2.0,1.0,2.0,3308.0,3.0,1.0,1.0,3.0,0.0,0.0,1.0,1.0,2.0,3.0,4.0,245.0,4.0,1.0,3.0,3437.0,2.0,1.0,3.0,1.0,1.0,1.0,1.0,1.0,4.0,4.0,5.0,251.0,3.0,3.0,7.0,2615.0,3.0,1.0,1.0,4.0,2.0,1.0,2.0,2.0,5.0,4.0,6.0,278.0,6.0,5.0,6.0,2852.0,2.0,3.0,5.0,7.0,2.0,4.0,3.0,5.0,6.0,7.0,5.0,274.0,7.0,6.0,8.0,3305.0,4.0,3.0,3.0,6.0,5.0,4.0,5.0,5.0,8.0,4.0,5.0,281.0,4.0,4.0,4.0,3753.0,5.0,2.0,3.0,5.0,3.0,3.0,6.0,4.0,3.0,4.0,7.0,freqmine
462.0,325.0,275.0,325.0,4343.0,319.0,273.0,290.0,295.0,283.0,256.0,270.0,284.0,345.0,320.0,339.0,52.0,4.0,5.0,4.0,2477.0,4.0,7.0,3.0,4.0,5.0,3.0,8.0,3.0,4.0,8.0,11.0,24.0,2.0,1.0,3.0,2725.0,4.0,2.0,3.0,1.0,3.0,2.0,1.0,1.0,2.0,2.0,4.0,51.0,6.0,4.0,7.0,2782.0,1.0,8.0,4.0,5.0,3.0,2.0,6.0,4.0,3.0,4.0,7.0,44.0,6.0,2.0,2.0,2807.0,1.0,11.0,2.0,1.0,1.0,1.0,7.0,3.0,1.0,5.0,6.0,55.0,3.0,2.0,4.0,3458.0,3.0,10.0,4.0,7.0,3.0,1.0,7.0,2.0,3.0,7.0,10.0,25.0,0.0,0.0,3.0,3442.0,3.0,5.0,0.0,0.0,1.0,0.0,4.0,2.0,4.0,10.0,11.0,35.0,3.0,0.0,3.0,3013.0,5.0,6.0,1.0,2.0,2.0,1.0,5.0,2.0,2.0,7.0,6.0,41.0,5.0,3.0,3.0,2793.0,4.0,6.0,3.0,2.0,1.0,1.0,4.0,1.0,5.0,5.0,5.0,34.0,4.0,2.0,1.0,2757.0,3.0,10.0,0.0,0.0,2.0,0.0,13.0,1.0,5.0,8.0,10.0,13.0,0.0,1.0,2.0,3006.0,2.0,5.0,2.0,1.0,0.0,0.0,3.0,1.0,2.0,4.0,4.0,27.0,2.0,1.0,1.0,3563.0,2.0,2.0,1.0,2.0,3.0,1.0,1.0,3.0,1.0,9.0,12.0,28.0,2.0,2.0,4.0,2990.0,3.0,2.0,2.0,3.0,4.0,1.0,3.0,3.0,5.0,3.0,4.0,57.0,5.0,3.0,4.0,2978.0,6.0,7.0,4.0,4.0,4.0,2.0,5.0,4.0,8.0,8.0,7.0,52.0,5.0,3.0,6.0,3068.0,3.0,5.0,2.0,6.0,4.0,3.0,4.0,8.0,5.0,11.0,19.0,65.0,6.0,3.0,3.0,3748.0,6.0,11.0,4.0,4.0,5.0,3.0,8.0,6.0,3.0,17.0,25.0,freqmine
874.0,546.0,491.0,543.0,5047.0,522.0,493.0,497.0,493.0,516.0,470.0,484.0,497.0,535.0,544.0,571.0,284.0,8.0,10.0,7.0,3162.0,11.0,8.0,7.0,7.0,6.0,5.0,6.0,8.0,9.0,7.0,8.0,254.0,5.0,3.0,5.0,3211.0,4.0,4.0,3.0,3.0,1.0,2.0,2.0,3.0,3.0,3.0,3.0,280.0,6.0,3.0,4.0,3204.0,2.0,5.0,3.0,4.0,2.0,3.0,3.0,6.0,6.0,6.0,7.0,284.0,3.0,1.0,3.0,3205.0,3.0,1.0,5.0,1.0,3.0,2.0,2.0,3.0,3.0,3.0,4.0,271.0,6.0,1.0,4.0,3525.0,3.0,5.0,3.0,2.0,3.0,3.0,2.0,2.0,3.0,4.0,5.0,253.0,4.0,3.0,3.0,3509.0,1.0,0.0,1.0,0.0,3.0,2.0,1.0,2.0,4.0,5.0,2.0,261.0,1.0,1.0,4.0,3379.0,2.0,1.0,3.0,1.0,2.0,1.0,2.0,2.0,2.0,5.0,6.0,257.0,4.0,2.0,3.0,3055.0,3.0,2.0,2.0,2.0,2.0,3.0,1.0,0.0,2.0,5.0,4.0,263.0,5.0,3.0,5.0,2926.0,2.0,1.0,1.0,2.0,2.0,2.0,2.0,3.0,3.0,4.0,3.0,238.0,4.0,1.0,3.0,3369.0,2.0,1.0,1.0,1.0,3.0,1.0,2.0,1.0,2.0,2.0,2.0,248.0,4.0,2.0,6.0,3419.0,2.0,2.0,1.0,2.0,3.0,2.0,2.0,3.0,4.0,6.0,3.0,254.0,5.0,2.0,2.0,2739.0,2.0,2.0,2.0,1.0,3.0,1.0,2.0,2.0,3.0,4.0,3.0,273.0,6.0,3.0,3.0,3021.0,7.0,3.0,1.0,2.0,3.0,2.0,2.0,4.0,4.0,5.0,7.0,277.0,4.0,3.0,4.0,3353.0,5.0,5.0,5.0,3.0,4.0,2.0,5.0,3.0,4.0,8.0,8.0,289.0,10.0,5.0,8.0,3728.0,5.0,5.0,6.0,5.0,5.0,3.0,2.0,5.0,8.0,9.0,5.0,freqmine
863.0,512.0,493.0,533.0,5051.0,517.0,475.0,494.0,509.0,490.0,463.0,473.0,497.0,527.0,523.0,542.0,264.0,4.0,7.0,7.0,3115.0,5.0,5.0,4.0,4.0,4.0,5.0,3.0,2.0,5.0,6.0,9.0,249.0,3.0,2.0,2.0,3186.0,3.0,2.0,2.0,2.0,3.0,0.0,2.0,2.0,4.0,4.0,5.0,274.0,4.0,5.0,7.0,3143.0,7.0,1.0,4.0,5.0,7.0,2.0,5.0,1.0,4.0,3.0,8.0,279.0,2.0,4.0,1.0,3122.0,2.0,3.0,1.0,3.0,2.0,4.0,3.0,2.0,1.0,2.0,4.0,266.0,4.0,5.0,3.0,3468.0,6.0,2.0,2.0,3.0,3.0,1.0,2.0,2.0,5.0,5.0,5.0,243.0,1.0,3.0,2.0,3531.0,5.0,0.0,1.0,3.0,3.0,0.0,2.0,2.0,3.0,1.0,5.0,257.0,5.0,4.0,4.0,3543.0,4.0,2.0,3.0,3.0,2.0,1.0,2.0,3.0,4.0,2.0,3.0,268.0,2.0,5.0,4.0,3071.0,5.0,2.0,2.0,2.0,3.0,0.0,2.0,4.0,5.0,3.0,5.0,252.0,2.0,3.0,3.0,2768.0,4.0,3.0,3.0,2.0,2.0,1.0,2.0,1.0,4.0,4.0,6.0,236.0,1.0,2.0,3.0,3320.0,1.0,0.0,1.0,2.0,0.0,1.0,0.0,1.0,3.0,2.0,4.0,241.0,3.0,3.0,3.0,3495.0,4.0,2.0,3.0,2.0,0.0,0.0,1.0,1.0,2.0,2.0,6.0,250.0,2.0,3.0,3.0,2690.0,4.0,2.0,2.0,4.0,1.0,1.0,1.0,2.0,4.0,3.0,5.0,269.0,4.0,6.0,5.0,2793.0,3.0,2.0,4.0,5.0,3.0,3.0,3.0,3.0,5.0,4.0,4.0,269.0,5.0,6.0,7.0,3272.0,7.0,1.0,3.0,6.0,5.0,4.0,1.0,5.0,5.0,4.0,5.0,277.0,4.0,6.0,4.0,3649.0,6.0,2.0,2.0,4.0,3.0,3.0,6.0,4.0,3.0,3.0,9.0,freqmine
935.0,559.0,509.0,550.0,5052.0,542.0,501.0,513.0,515.0,517.0,480.0,491.0,520.0,560.0,593.0,581.0,298.0,9.0,6.0,7.0,3125.0,9.0,4.0,5.0,6.0,5.0,4.0,4.0,5.0,9.0,8.0,9.0,271.0,6.0,5.0,7.0,3269.0,4.0,3.0,4.0,4.0,3.0,3.0,3.0,5.0,5.0,5.0,6.0,291.0,3.0,5.0,5.0,3007.0,3.0,4.0,5.0,2.0,1.0,2.0,2.0,5.0,4.0,7.0,4.0,322.0,3.0,4.0,5.0,3183.0,3.0,2.0,3.0,2.0,3.0,2.0,1.0,1.0,1.0,1.0,2.0,292.0,5.0,3.0,6.0,3565.0,3.0,5.0,4.0,3.0,4.0,6.0,3.0,5.0,5.0,5.0,6.0,268.0,5.0,2.0,6.0,3607.0,2.0,0.0,2.0,3.0,1.0,1.0,1.0,2.0,2.0,4.0,4.0,281.0,3.0,2.0,3.0,3479.0,3.0,1.0,1.0,1.0,2.0,1.0,2.0,2.0,3.0,4.0,6.0,279.0,6.0,1.0,4.0,3179.0,2.0,3.0,3.0,2.0,1.0,2.0,2.0,4.0,2.0,4.0,5.0,278.0,4.0,3.0,4.0,2809.0,2.0,2.0,1.0,3.0,0.0,3.0,1.0,3.0,3.0,2.0,4.0,257.0,3.0,1.0,3.0,3242.0,4.0,1.0,0.0,1.0,2.0,0.0,2.0,1.0,3.0,3.0,4.0,252.0,3.0,2.0,4.0,3519.0,2.0,1.0,0.0,2.0,2.0,2.0,2.0,1.0,3.0,3.0,2.0,288.0,4.0,2.0,5.0,2701.0,4.0,1.0,3.0,2.0,4.0,1.0,3.0,1.0,3.0,4.0,5.0,295.0,7.0,3.0,4.0,2926.0,5.0,4.0,2.0,2.0,4.0,2.0,4.0,4.0,5.0,6.0,8.0,353.0,5.0,3.0,6.0,3444.0,4.0,5.0,4.0,2.0,3.0,2.0,6.0,3.0,6.0,5.0,8.0,333.0,9.0,4.0,8.0,3815.0,4.0,5.0,6.0,4.0,4.0,3.0,2.0,5.0,8.0,8.0,6.0,freqmine
866.0,533.0,480.0,533.0,5012.0,519.0,473.0,490.0,506.0,488.0,463.0,470.0,492.0,548.0,526.0,545.0,283.0,5.0,3.0,8.0,3139.0,8.0,5.0,6.0,6.0,7.0,5.0,4.0,6.0,9.0,7.0,8.0,247.0,4.0,2.0,5.0,3139.0,3.0,2.0,1.0,2.0,4.0,0.0,1.0,1.0,2.0,4.0,4.0,276.0,8.0,4.0,5.0,3210.0,5.0,5.0,3.0,7.0,7.0,4.0,4.0,2.0,6.0,5.0,7.0,280.0,3.0,2.0,2.0,3130.0,1.0,5.0,1.0,2.0,2.0,2.0,4.0,2.0,1.0,2.0,4.0,273.0,6.0,3.0,4.0,3483.0,6.0,1.0,4.0,4.0,1.0,0.0,3.0,4.0,5.0,5.0,4.0,244.0,2.0,3.0,4.0,3496.0,4.0,1.0,2.0,2.0,1.0,0.0,1.0,2.0,4.0,3.0,3.0,258.0,4.0,2.0,4.0,3609.0,3.0,2.0,3.0,2.0,2.0,2.0,1.0,3.0,5.0,3.0,3.0,268.0,2.0,3.0,5.0,3196.0,4.0,2.0,0.0,3.0,5.0,0.0,3.0,5.0,5.0,5.0,3.0,265.0,4.0,1.0,3.0,2951.0,3.0,1.0,4.0,2.0,6.0,1.0,2.0,2.0,5.0,6.0,3.0,242.0,3.0,1.0,2.0,3500.0,3.0,0.0,2.0,0.0,2.0,0.0,0.0,1.0,3.0,5.0,4.0,241.0,4.0,2.0,3.0,3488.0,3.0,2.0,3.0,3.0,2.0,0.0,1.0,2.0,4.0,4.0,5.0,254.0,2.0,3.0,2.0,2745.0,2.0,3.0,1.0,6.0,1.0,1.0,0.0,2.0,5.0,2.0,3.0,288.0,5.0,3.0,6.0,2992.0,4.0,2.0,4.0,5.0,5.0,3.0,3.0,5.0,5.0,6.0,4.0,272.0,4.0,4.0,4.0,3280.0,5.0,3.0,3.0,6.0,7.0,5.0,2.0,4.0,5.0,4.0,4.0,288.0,6.0,3.0,3.0,3867.0,5.0,2.0,3.0,5.0,4.0,4.0,5.0,3.0,4.0,4.0,7.0,freqmine
854.0,533.0,483.0,528.0,4944.0,516.0,477.0,499.0,496.0,503.0,461.0,480.0,493.0,551.0,527.0,552.0,280.0,3.0,5.0,6.0,3021.0,4.0,4.0,4.0,4.0,3.0,3.0,4.0,4.0,5.0,5.0,7.0,251.0,1.0,1.0,2.0,3276.0,2.0,3.0,3.0,2.0,0.0,1.0,2.0,3.0,5.0,1.0,2.0,270.0,5.0,5.0,5.0,3214.0,5.0,3.0,3.0,3.0,1.0,2.0,2.0,5.0,5.0,5.0,4.0,285.0,4.0,3.0,3.0,3184.0,3.0,2.0,3.0,1.0,2.0,2.0,3.0,4.0,2.0,5.0,6.0,272.0,5.0,3.0,6.0,3484.0,3.0,4.0,0.0,4.0,3.0,4.0,2.0,2.0,3.0,4.0,3.0,245.0,3.0,1.0,3.0,3507.0,1.0,1.0,2.0,1.0,2.0,0.0,1.0,0.0,2.0,3.0,3.0,263.0,3.0,2.0,4.0,3444.0,2.0,2.0,1.0,3.0,3.0,1.0,1.0,1.0,1.0,3.0,3.0,262.0,4.0,2.0,4.0,3187.0,2.0,1.0,5.0,3.0,2.0,2.0,2.0,2.0,2.0,1.0,4.0,257.0,2.0,3.0,5.0,2795.0,2.0,1.0,0.0,4.0,0.0,2.0,1.0,2.0,3.0,2.0,4.0,237.0,3.0,0.0,4.0,3418.0,2.0,0.0,1.0,3.0,2.0,0.0,2.0,1.0,2.0,0.0,3.0,247.0,2.0,0.0,2.0,3435.0,2.0,0.0,1.0,2.0,2.0,1.0,1.0,1.0,3.0,2.0,2.0,250.0,4.0,1.0,4.0,2704.0,3.0,0.0,3.0,2.0,2.0,1.0,1.0,2.0,2.0,4.0,4.0,281.0,7.0,4.0,4.0,2830.0,5.0,3.0,3.0,1.0,3.0,2.0,3.0,3.0,5.0,3.0,8.0,270.0,5.0,4.0,7.0,3234.0,6.0,5.0,5.0,3.0,3.0,3.0,6.0,5.0,5.0,6.0,10.0,282.0,7.0,4.0,6.0,3694.0,4.0,4.0,4.0,3.0,4.0,3.0,2.0,3.0,6.0,7.0,3.0,freqmine
855.0,522.0,491.0,531.0,5058.0,518.0,478.0,488.0,495.0,489.0,463.0,479.0,496.0,559.0,532.0,543.0,268.0,6.0,4.0,6.0,3089.0,5.0,3.0,3.0,3.0,5.0,3.0,3.0,4.0,8.0,7.0,6.0,251.0,4.0,1.0,4.0,3082.0,3.0,0.0,1.0,2.0,3.0,0.0,2.0,0.0,2.0,4.0,6.0,275.0,4.0,2.0,5.0,3163.0,5.0,3.0,5.0,3.0,6.0,4.0,7.0,2.0,5.0,4.0,6.0,269.0,1.0,3.0,2.0,3069.0,1.0,2.0,1.0,4.0,1.0,2.0,1.0,1.0,1.0,2.0,2.0,272.0,4.0,2.0,3.0,3467.0,5.0,1.0,4.0,1.0,2.0,0.0,4.0,4.0,5.0,2.0,5.0,243.0,2.0,1.0,4.0,3542.0,2.0,2.0,1.0,1.0,0.0,0.0,3.0,2.0,4.0,3.0,2.0,256.0,3.0,3.0,3.0,3383.0,3.0,2.0,1.0,1.0,1.0,1.0,3.0,2.0,5.0,1.0,3.0,259.0,3.0,1.0,3.0,3121.0,4.0,1.0,1.0,1.0,3.0,1.0,3.0,1.0,4.0,5.0,4.0,252.0,3.0,2.0,4.0,2567.0,3.0,1.0,3.0,2.0,4.0,0.0,3.0,1.0,4.0,4.0,4.0,236.0,1.0,0.0,1.0,3369.0,1.0,0.0,1.0,0.0,1.0,0.0,1.0,1.0,4.0,4.0,1.0,245.0,3.0,1.0,5.0,3525.0,3.0,2.0,2.0,1.0,0.0,0.0,2.0,3.0,3.0,2.0,4.0,254.0,2.0,3.0,3.0,2722.0,3.0,2.0,0.0,1.0,1.0,1.0,4.0,2.0,6.0,2.0,3.0,288.0,4.0,4.0,6.0,2889.0,4.0,3.0,4.0,6.0,4.0,4.0,4.0,6.0,5.0,5.0,2.0,274.0,5.0,4.0,5.0,3239.0,4.0,3.0,3.0,6.0,6.0,3.0,3.0,4.0,7.0,4.0,3.0,278.0,4.0,3.0,6.0,3670.0,3.0,3.0,3.0,5.0,4.0,2.0,4.0,5.0,4.0,3.0,6.0,freqmine
856.0,533.0,523.0,527.0,4890.0,520.0,487.0,521.0,505.0,497.0,489.0,475.0,492.0,528.0,595.0,569.0,275.0,5.0,13.0,5.0,2998.0,5.0,5.0,11.0,6.0,4.0,10.0,5.0,6.0,7.0,6.0,10.0,253.0,2.0,11.0,4.0,3113.0,4.0,3.0,35.0,3.0,1.0,13.0,2.0,10.0,4.0,11.0,8.0,270.0,7.0,17.0,4.0,3094.0,5.0,4.0,13.0,4.0,1.0,9.0,1.0,4.0,3.0,4.0,5.0,277.0,4.0,23.0,1.0,3104.0,3.0,2.0,28.0,1.0,3.0,25.0,2.0,4.0,0.0,4.0,5.0,271.0,2.0,11.0,3.0,3573.0,0.0,5.0,15.0,5.0,3.0,11.0,1.0,3.0,6.0,7.0,4.0,252.0,3.0,12.0,0.0,3534.0,3.0,2.0,11.0,2.0,2.0,10.0,2.0,3.0,3.0,4.0,6.0,263.0,1.0,11.0,3.0,3607.0,1.0,1.0,11.0,6.0,2.0,33.0,3.0,6.0,3.0,14.0,11.0,266.0,4.0,13.0,3.0,3050.0,2.0,2.0,11.0,3.0,1.0,18.0,1.0,5.0,3.0,3.0,5.0,255.0,4.0,14.0,3.0,2797.0,3.0,2.0,9.0,1.0,0.0,14.0,0.0,4.0,4.0,5.0,5.0,239.0,3.0,11.0,4.0,3511.0,3.0,0.0,7.0,2.0,2.0,7.0,5.0,4.0,3.0,5.0,7.0,244.0,2.0,9.0,3.0,3559.0,2.0,3.0,2.0,3.0,3.0,2.0,2.0,2.0,3.0,7.0,3.0,248.0,4.0,27.0,3.0,2603.0,3.0,2.0,21.0,5.0,3.0,21.0,2.0,2.0,4.0,5.0,4.0,270.0,7.0,13.0,3.0,2949.0,6.0,4.0,9.0,1.0,4.0,7.0,3.0,3.0,5.0,4.0,6.0,303.0,3.0,61.0,6.0,3294.0,6.0,5.0,50.0,2.0,4.0,44.0,6.0,5.0,4.0,6.0,8.0,291.0,8.0,44.0,4.0,3741.0,4.0,4.0,33.0,3.0,2.0,31.0,3.0,3.0,5.0,7.0,5.0,freqmine
855.0,512.0,489.0,538.0,4994.0,516.0,484.0,492.0,493.0,493.0,474.0,477.0,492.0,549.0,508.0,535.0,266.0,3.0,3.0,7.0,3101.0,4.0,4.0,3.0,4.0,4.0,3.0,2.0,1.0,5.0,7.0,4.0,248.0,5.0,2.0,7.0,3353.0,4.0,2.0,1.0,2.0,4.0,1.0,3.0,2.0,5.0,6.0,7.0,278.0,3.0,6.0,4.0,3207.0,3.0,1.0,7.0,1.0,7.0,4.0,4.0,2.0,5.0,4.0,6.0,268.0,3.0,5.0,3.0,3203.0,2.0,1.0,6.0,1.0,1.0,7.0,2.0,0.0,2.0,1.0,5.0,271.0,6.0,7.0,6.0,3533.0,7.0,1.0,8.0,2.0,2.0,3.0,4.0,1.0,4.0,2.0,2.0,246.0,3.0,3.0,5.0,3706.0,3.0,1.0,2.0,3.0,1.0,3.0,1.0,1.0,5.0,1.0,3.0,257.0,4.0,7.0,5.0,3538.0,6.0,3.0,4.0,2.0,2.0,4.0,2.0,1.0,6.0,4.0,7.0,261.0,4.0,5.0,4.0,3284.0,3.0,2.0,3.0,1.0,1.0,6.0,2.0,3.0,3.0,2.0,4.0,251.0,1.0,6.0,5.0,2873.0,2.0,1.0,6.0,3.0,2.0,4.0,3.0,1.0,4.0,1.0,4.0,242.0,2.0,4.0,3.0,3512.0,3.0,3.0,4.0,2.0,2.0,2.0,1.0,2.0,3.0,6.0,11.0,245.0,2.0,2.0,5.0,3624.0,3.0,1.0,2.0,1.0,2.0,0.0,1.0,3.0,4.0,2.0,3.0,254.0,3.0,5.0,4.0,2840.0,3.0,3.0,4.0,2.0,1.0,4.0,2.0,3.0,4.0,2.0,5.0,282.0,4.0,6.0,7.0,2926.0,3.0,3.0,4.0,6.0,4.0,3.0,3.0,5.0,5.0,5.0,3.0,257.0,7.0,5.0,6.0,3454.0,5.0,4.0,5.0,5.0,4.0,4.0,3.0,3.0,6.0,3.0,4.0,275.0,3.0,10.0,6.0,3754.0,3.0,3.0,9.0,4.0,5.0,6.0,3.0,5.0,5.0,2.0,6.0,freqmine
865.0,526.0,486.0,518.0,4954.0,526.0,486.0,486.0,543.0,504.0,472.0,471.0,490.0,534.0,544.0,548.0,272.0,6.0,8.0,5.0,3009.0,9.0,6.0,5.0,13.0,4.0,3.0,4.0,9.0,9.0,5.0,9.0,258.0,3.0,4.0,1.0,3201.0,3.0,5.0,3.0,11.0,3.0,4.0,2.0,4.0,8.0,9.0,3.0,266.0,7.0,6.0,6.0,3169.0,6.0,8.0,4.0,16.0,1.0,1.0,3.0,6.0,6.0,5.0,5.0,275.0,3.0,2.0,1.0,3104.0,2.0,2.0,4.0,35.0,3.0,1.0,3.0,3.0,1.0,3.0,4.0,273.0,5.0,3.0,5.0,3538.0,3.0,4.0,3.0,12.0,4.0,4.0,0.0,4.0,8.0,5.0,6.0,250.0,5.0,3.0,3.0,3605.0,4.0,2.0,2.0,11.0,2.0,0.0,0.0,2.0,4.0,3.0,5.0,262.0,3.0,2.0,2.0,3774.0,2.0,3.0,2.0,16.0,1.0,0.0,1.0,3.0,3.0,14.0,4.0,265.0,3.0,2.0,3.0,3191.0,3.0,3.0,3.0,12.0,6.0,1.0,2.0,7.0,8.0,5.0,5.0,260.0,5.0,4.0,3.0,3008.0,3.0,4.0,2.0,15.0,5.0,3.0,1.0,2.0,6.0,4.0,2.0,248.0,4.0,4.0,1.0,3469.0,3.0,1.0,0.0,17.0,4.0,0.0,1.0,1.0,4.0,15.0,3.0,241.0,5.0,1.0,3.0,3506.0,2.0,1.0,1.0,6.0,1.0,1.0,1.0,1.0,6.0,5.0,3.0,247.0,5.0,2.0,3.0,2727.0,2.0,1.0,2.0,22.0,4.0,1.0,2.0,1.0,6.0,4.0,4.0,272.0,9.0,3.0,4.0,2903.0,8.0,6.0,4.0,11.0,4.0,4.0,4.0,5.0,8.0,5.0,8.0,281.0,3.0,4.0,5.0,3286.0,4.0,4.0,3.0,54.0,3.0,3.0,3.0,4.0,8.0,7.0,6.0,280.0,8.0,4.0,5.0,3891.0,5.0,4.0,3.0,39.0,3.0,3.0,2.0,3.0,6.0,6.0,4.0,freqmine
877.0,558.0,516.0,561.0,5029.0,550.0,525.0,520.0,515.0,508.0,488.0,530.0,532.0,573.0,610.0,581.0,287.0,4.0,4.0,7.0,2933.0,5.0,15.0,4.0,3.0,5.0,4.0,11.0,6.0,7.0,14.0,14.0,262.0,7.0,5.0,7.0,3145.0,5.0,14.0,3.0,2.0,3.0,1.0,9.0,2.0,1.0,14.0,13.0,285.0,4.0,3.0,4.0,3150.0,2.0,17.0,2.0,5.0,4.0,3.0,12.0,3.0,3.0,14.0,12.0,286.0,3.0,3.0,3.0,3140.0,1.0,32.0,2.0,5.0,2.0,2.0,34.0,2.0,1.0,28.0,28.0,288.0,4.0,3.0,4.0,3373.0,5.0,16.0,3.0,6.0,2.0,1.0,14.0,4.0,4.0,11.0,13.0,255.0,2.0,3.0,3.0,3534.0,3.0,8.0,5.0,1.0,4.0,1.0,24.0,4.0,4.0,19.0,19.0,270.0,4.0,4.0,4.0,3490.0,3.0,11.0,3.0,6.0,2.0,1.0,14.0,3.0,6.0,13.0,17.0,273.0,4.0,5.0,4.0,3102.0,9.0,23.0,1.0,4.0,2.0,2.0,14.0,7.0,2.0,22.0,22.0,258.0,4.0,2.0,2.0,2914.0,3.0,11.0,3.0,10.0,1.0,1.0,15.0,4.0,4.0,12.0,13.0,251.0,3.0,0.0,4.0,3445.0,3.0,10.0,1.0,2.0,0.0,0.0,12.0,3.0,4.0,19.0,10.0,261.0,2.0,2.0,3.0,3530.0,3.0,3.0,3.0,2.0,1.0,2.0,2.0,8.0,3.0,22.0,14.0,271.0,4.0,2.0,3.0,2688.0,2.0,25.0,0.0,8.0,1.0,2.0,22.0,4.0,5.0,27.0,28.0,297.0,4.0,4.0,5.0,3062.0,5.0,12.0,5.0,10.0,6.0,4.0,10.0,7.0,6.0,19.0,13.0,298.0,7.0,5.0,6.0,3388.0,5.0,50.0,5.0,3.0,5.0,5.0,46.0,6.0,7.0,50.0,60.0,281.0,7.0,2.0,5.0,3706.0,5.0,41.0,3.0,10.0,4.0,2.0,29.0,5.0,6.0,32.0,33.0,freqmine
413.0,310.0,270.0,315.0,4485.0,301.0,253.0,272.0,281.0,274.0,241.0,257.0,321.0,316.0,345.0,338.0,55.0,4.0,4.0,9.0,2536.0,3.0,3.0,3.0,5.0,3.0,3.0,5.0,18.0,7.0,11.0,6.0,28.0,6.0,1.0,4.0,2732.0,4.0,1.0,0.0,3.0,2.0,0.0,1.0,16.0,5.0,4.0,3.0,56.0,3.0,2.0,5.0,2910.0,5.0,3.0,3.0,2.0,2.0,2.0,4.0,17.0,5.0,6.0,5.0,60.0,3.0,2.0,3.0,2770.0,3.0,2.0,2.0,3.0,3.0,2.0,3.0,19.0,2.0,5.0,5.0,47.0,2.0,1.0,3.0,3505.0,3.0,8.0,2.0,4.0,3.0,2.0,3.0,22.0,4.0,7.0,6.0,19.0,3.0,2.0,2.0,3574.0,4.0,3.0,2.0,1.0,2.0,0.0,2.0,21.0,3.0,6.0,3.0,36.0,2.0,2.0,3.0,3116.0,2.0,0.0,3.0,1.0,2.0,1.0,1.0,17.0,3.0,7.0,4.0,41.0,1.0,2.0,4.0,2851.0,2.0,1.0,2.0,3.0,3.0,1.0,2.0,21.0,2.0,7.0,5.0,29.0,3.0,1.0,2.0,2784.0,1.0,1.0,3.0,3.0,3.0,1.0,0.0,19.0,2.0,4.0,5.0,15.0,2.0,0.0,2.0,3083.0,3.0,0.0,2.0,2.0,2.0,0.0,1.0,18.0,3.0,6.0,4.0,24.0,4.0,3.0,5.0,3665.0,5.0,2.0,3.0,2.0,0.0,1.0,1.0,14.0,4.0,14.0,5.0,37.0,5.0,2.0,4.0,2914.0,2.0,2.0,3.0,1.0,0.0,1.0,2.0,19.0,10.0,5.0,8.0,55.0,3.0,3.0,6.0,2913.0,3.0,2.0,3.0,3.0,3.0,2.0,5.0,17.0,2.0,4.0,6.0,76.0,6.0,4.0,4.0,3110.0,8.0,2.0,5.0,4.0,5.0,3.0,5.0,54.0,5.0,17.0,5.0,70.0,4.0,4.0,7.0,3831.0,5.0,1.0,3.0,5.0,2.0,2.0,3.0,40.0,6.0,16.0,4.0,freqmine
830.0,517.0,481.0,532.0,5011.0,504.0,473.0,485.0,491.0,483.0,458.0,463.0,494.0,534.0,530.0,565.0,265.0,4.0,5.0,6.0,2993.0,5.0,5.0,5.0,4.0,5.0,4.0,5.0,2.0,5.0,6.0,8.0,244.0,4.0,4.0,5.0,3246.0,2.0,2.0,3.0,3.0,0.0,2.0,2.0,3.0,3.0,2.0,1.0,273.0,6.0,4.0,5.0,3067.0,5.0,6.0,6.0,2.0,3.0,5.0,4.0,5.0,7.0,7.0,8.0,273.0,2.0,3.0,2.0,3130.0,3.0,4.0,3.0,2.0,3.0,3.0,6.0,5.0,1.0,7.0,7.0,262.0,6.0,4.0,4.0,3427.0,4.0,4.0,2.0,4.0,4.0,5.0,2.0,2.0,6.0,7.0,6.0,244.0,4.0,3.0,4.0,3482.0,0.0,1.0,1.0,2.0,1.0,2.0,0.0,6.0,3.0,10.0,6.0,254.0,5.0,1.0,3.0,3478.0,2.0,4.0,0.0,2.0,3.0,1.0,5.0,3.0,2.0,9.0,6.0,260.0,4.0,3.0,5.0,3209.0,4.0,3.0,4.0,2.0,1.0,1.0,3.0,2.0,4.0,11.0,6.0,248.0,3.0,2.0,4.0,2871.0,4.0,6.0,2.0,4.0,0.0,3.0,5.0,2.0,3.0,7.0,7.0,234.0,4.0,3.0,4.0,3297.0,3.0,3.0,1.0,2.0,3.0,2.0,4.0,2.0,3.0,6.0,6.0,240.0,3.0,2.0,1.0,3478.0,2.0,0.0,0.0,3.0,2.0,2.0,0.0,10.0,2.0,12.0,11.0,252.0,4.0,3.0,6.0,2673.0,5.0,3.0,4.0,2.0,3.0,2.0,3.0,2.0,5.0,5.0,5.0,270.0,7.0,6.0,5.0,2803.0,5.0,3.0,4.0,3.0,3.0,3.0,7.0,4.0,5.0,9.0,7.0,276.0,5.0,3.0,7.0,3236.0,6.0,6.0,2.0,5.0,4.0,3.0,3.0,17.0,3.0,17.0,18.0,293.0,6.0,6.0,6.0,3740.0,3.0,10.0,5.0,3.0,3.0,4.0,9.0,17.0,4.0,22.0,26.0,freqmine
866.0,533.0,491.0,545.0,4829.0,527.0,485.0,511.0,508.0,505.0,470.0,473.0,538.0,547.0,584.0,542.0,278.0,5.0,4.0,6.0,2943.0,7.0,3.0,4.0,5.0,3.0,4.0,4.0,18.0,7.0,12.0,8.0,254.0,4.0,2.0,3.0,3068.0,3.0,3.0,2.0,2.0,4.0,1.0,1.0,16.0,5.0,5.0,6.0,278.0,4.0,4.0,6.0,3105.0,2.0,3.0,1.0,5.0,6.0,2.0,4.0,17.0,4.0,6.0,6.0,284.0,2.0,2.0,4.0,2985.0,2.0,3.0,2.0,2.0,2.0,2.0,3.0,18.0,1.0,2.0,4.0,276.0,3.0,2.0,4.0,3462.0,4.0,1.0,2.0,3.0,3.0,0.0,5.0,16.0,4.0,6.0,5.0,251.0,1.0,0.0,2.0,3486.0,4.0,1.0,1.0,2.0,2.0,2.0,2.0,13.0,2.0,6.0,5.0,266.0,4.0,4.0,4.0,3408.0,2.0,2.0,5.0,2.0,4.0,2.0,1.0,18.0,3.0,4.0,4.0,265.0,3.0,3.0,4.0,3155.0,4.0,3.0,1.0,3.0,3.0,1.0,3.0,21.0,4.0,5.0,5.0,259.0,4.0,2.0,7.0,2991.0,2.0,1.0,2.0,2.0,4.0,1.0,2.0,17.0,4.0,6.0,5.0,240.0,1.0,1.0,5.0,3505.0,3.0,3.0,2.0,3.0,3.0,1.0,0.0,15.0,3.0,5.0,2.0,242.0,3.0,2.0,4.0,3486.0,3.0,1.0,3.0,0.0,2.0,0.0,2.0,8.0,5.0,10.0,3.0,259.0,3.0,3.0,4.0,2686.0,2.0,2.0,3.0,2.0,2.0,2.0,2.0,18.0,6.0,7.0,3.0,282.0,6.0,2.0,6.0,2855.0,4.0,2.0,3.0,4.0,4.0,4.0,3.0,9.0,4.0,6.0,6.0,297.0,5.0,5.0,6.0,3156.0,4.0,2.0,7.0,4.0,5.0,4.0,4.0,56.0,8.0,13.0,5.0,279.0,8.0,1.0,5.0,3783.0,5.0,3.0,2.0,6.0,4.0,2.0,2.0,33.0,6.0,14.0,3.0,freqmine
836.0,520.0,487.0,520.0,5006.0,511.0,482.0,499.0,503.0,501.0,458.0,477.0,496.0,550.0,537.0,557.0,264.0,4.0,5.0,5.0,2941.0,4.0,5.0,6.0,3.0,5.0,2.0,4.0,2.0,8.0,4.0,5.0,250.0,3.0,2.0,4.0,3191.0,1.0,1.0,2.0,3.0,1.0,1.0,2.0,0.0,3.0,3.0,4.0,268.0,6.0,5.0,5.0,3227.0,6.0,2.0,6.0,2.0,5.0,4.0,5.0,2.0,5.0,4.0,6.0,269.0,1.0,2.0,4.0,3154.0,2.0,2.0,1.0,1.0,2.0,2.0,2.0,5.0,2.0,2.0,4.0,265.0,6.0,2.0,3.0,3474.0,3.0,3.0,2.0,5.0,2.0,3.0,1.0,4.0,4.0,2.0,4.0,243.0,4.0,4.0,3.0,3634.0,2.0,0.0,1.0,2.0,2.0,0.0,1.0,0.0,3.0,3.0,4.0,260.0,2.0,3.0,5.0,3502.0,1.0,2.0,2.0,3.0,2.0,0.0,3.0,5.0,5.0,4.0,5.0,264.0,2.0,2.0,6.0,3144.0,2.0,1.0,3.0,4.0,4.0,2.0,3.0,6.0,2.0,4.0,2.0,255.0,2.0,3.0,2.0,2926.0,3.0,3.0,3.0,3.0,3.0,4.0,3.0,9.0,5.0,3.0,4.0,233.0,2.0,2.0,2.0,3518.0,1.0,1.0,2.0,0.0,3.0,0.0,2.0,2.0,2.0,1.0,4.0,243.0,2.0,2.0,3.0,3480.0,2.0,1.0,0.0,5.0,1.0,0.0,3.0,2.0,1.0,4.0,4.0,252.0,3.0,3.0,3.0,2766.0,5.0,3.0,3.0,3.0,5.0,3.0,4.0,4.0,6.0,9.0,12.0,278.0,6.0,5.0,5.0,2926.0,5.0,4.0,4.0,3.0,4.0,2.0,5.0,5.0,5.0,3.0,4.0,279.0,9.0,4.0,6.0,3256.0,7.0,7.0,3.0,5.0,4.0,4.0,7.0,5.0,5.0,7.0,8.0,287.0,4.0,7.0,4.0,4064.0,3.0,3.0,6.0,2.0,3.0,3.0,5.0,10.0,5.0,9.0,6.0,freqmine
865.0,524.0,486.0,556.0,5000.0,531.0,494.0,522.0,501.0,504.0,476.0,476.0,498.0,568.0,547.0,551.0,276.0,6.0,3.0,7.0,3095.0,7.0,2.0,4.0,4.0,3.0,5.0,3.0,4.0,6.0,7.0,6.0,248.0,4.0,3.0,4.0,3188.0,6.0,4.0,3.0,2.0,4.0,2.0,2.0,3.0,6.0,3.0,5.0,285.0,4.0,3.0,5.0,3251.0,5.0,6.0,3.0,5.0,3.0,2.0,3.0,5.0,6.0,5.0,4.0,287.0,2.0,2.0,1.0,3222.0,2.0,3.0,3.0,2.0,3.0,2.0,3.0,1.0,2.0,4.0,6.0,277.0,2.0,3.0,4.0,3415.0,5.0,2.0,2.0,2.0,4.0,1.0,5.0,4.0,4.0,5.0,5.0,254.0,2.0,1.0,4.0,3510.0,3.0,2.0,2.0,3.0,2.0,2.0,1.0,2.0,4.0,4.0,3.0,274.0,5.0,1.0,6.0,3490.0,6.0,1.0,4.0,2.0,3.0,1.0,1.0,2.0,4.0,3.0,4.0,268.0,2.0,3.0,2.0,3169.0,5.0,2.0,3.0,1.0,2.0,2.0,2.0,3.0,5.0,2.0,5.0,259.0,4.0,2.0,4.0,2771.0,3.0,2.0,2.0,2.0,3.0,1.0,1.0,1.0,2.0,3.0,3.0,244.0,2.0,2.0,4.0,3457.0,2.0,3.0,2.0,1.0,2.0,0.0,0.0,1.0,4.0,4.0,1.0,245.0,3.0,1.0,4.0,3430.0,4.0,2.0,3.0,1.0,2.0,2.0,1.0,2.0,5.0,5.0,4.0,256.0,4.0,3.0,3.0,2727.0,3.0,1.0,3.0,3.0,1.0,1.0,2.0,2.0,4.0,5.0,3.0,294.0,5.0,3.0,6.0,2942.0,5.0,4.0,4.0,5.0,2.0,4.0,2.0,4.0,7.0,5.0,6.0,277.0,3.0,5.0,6.0,3180.0,5.0,3.0,6.0,3.0,5.0,5.0,5.0,4.0,6.0,5.0,6.0,282.0,7.0,2.0,5.0,3910.0,7.0,4.0,3.0,5.0,4.0,2.0,2.0,3.0,6.0,5.0,4.0,freqmine
856.0,523.0,501.0,569.0,4962.0,552.0,474.0,481.0,493.0,501.0,464.0,482.0,508.0,561.0,547.0,564.0,265.0,5.0,7.0,16.0,3033.0,13.0,4.0,4.0,3.0,4.0,2.0,4.0,4.0,16.0,6.0,7.0,257.0,2.0,5.0,16.0,3212.0,9.0,1.0,1.0,5.0,3.0,2.0,2.0,4.0,10.0,5.0,6.0,276.0,5.0,6.0,12.0,3171.0,32.0,3.0,5.0,3.0,2.0,3.0,3.0,5.0,15.0,11.0,10.0,286.0,2.0,3.0,33.0,3131.0,36.0,3.0,1.0,2.0,3.0,2.0,2.0,4.0,23.0,4.0,6.0,274.0,7.0,6.0,15.0,3429.0,13.0,6.0,5.0,5.0,4.0,4.0,3.0,4.0,24.0,9.0,8.0,242.0,4.0,7.0,14.0,3520.0,15.0,2.0,2.0,1.0,3.0,1.0,3.0,2.0,16.0,2.0,3.0,252.0,3.0,5.0,14.0,3465.0,10.0,2.0,0.0,3.0,1.0,1.0,4.0,3.0,14.0,3.0,4.0,257.0,5.0,6.0,18.0,3231.0,12.0,4.0,4.0,3.0,3.0,1.0,2.0,4.0,14.0,5.0,4.0,255.0,3.0,4.0,13.0,2857.0,13.0,1.0,2.0,2.0,2.0,1.0,3.0,4.0,26.0,6.0,4.0,234.0,3.0,3.0,12.0,3546.0,12.0,0.0,0.0,2.0,0.0,0.0,1.0,2.0,14.0,3.0,5.0,245.0,4.0,5.0,6.0,3553.0,4.0,3.0,5.0,3.0,3.0,0.0,3.0,3.0,9.0,3.0,3.0,261.0,2.0,3.0,35.0,2705.0,31.0,2.0,1.0,4.0,3.0,1.0,3.0,3.0,22.0,9.0,7.0,273.0,8.0,5.0,13.0,3033.0,12.0,1.0,4.0,2.0,5.0,2.0,4.0,5.0,10.0,11.0,6.0,283.0,8.0,5.0,64.0,3200.0,56.0,4.0,4.0,5.0,6.0,2.0,5.0,5.0,51.0,6.0,5.0,288.0,4.0,7.0,55.0,3749.0,40.0,3.0,5.0,3.0,3.0,3.0,4.0,5.0,29.0,5.0,6.0,freqmine
899.0,537.0,485.0,559.0,5006.0,515.0,482.0,492.0,500.0,487.0,460.0,470.0,484.0,560.0,541.0,553.0,284.0,5.0,5.0,5.0,3114.0,8.0,5.0,4.0,6.0,5.0,4.0,5.0,4.0,6.0,8.0,6.0,251.0,6.0,3.0,5.0,3176.0,4.0,3.0,5.0,2.0,4.0,1.0,3.0,2.0,7.0,4.0,3.0,291.0,7.0,2.0,7.0,3218.0,12.0,5.0,1.0,6.0,5.0,3.0,4.0,5.0,6.0,10.0,7.0,286.0,2.0,3.0,5.0,3127.0,4.0,3.0,4.0,3.0,2.0,3.0,4.0,2.0,7.0,3.0,6.0,275.0,4.0,2.0,7.0,3560.0,6.0,1.0,1.0,3.0,1.0,1.0,2.0,1.0,6.0,10.0,7.0,247.0,2.0,1.0,5.0,3538.0,3.0,2.0,1.0,2.0,1.0,0.0,1.0,2.0,3.0,2.0,4.0,259.0,4.0,0.0,6.0,3390.0,8.0,1.0,4.0,0.0,2.0,0.0,1.0,2.0,9.0,3.0,4.0,267.0,3.0,1.0,6.0,3196.0,6.0,2.0,0.0,1.0,2.0,2.0,2.0,2.0,9.0,2.0,5.0,250.0,4.0,3.0,8.0,2788.0,4.0,2.0,1.0,2.0,2.0,1.0,1.0,0.0,9.0,2.0,4.0,241.0,2.0,0.0,4.0,3543.0,3.0,0.0,2.0,1.0,2.0,0.0,1.0,1.0,6.0,3.0,2.0,241.0,2.0,0.0,3.0,3556.0,2.0,2.0,0.0,1.0,1.0,2.0,0.0,1.0,3.0,5.0,4.0,251.0,5.0,3.0,7.0,2638.0,4.0,3.0,4.0,3.0,1.0,2.0,1.0,3.0,10.0,5.0,3.0,294.0,3.0,4.0,12.0,2882.0,8.0,6.0,3.0,6.0,5.0,5.0,4.0,5.0,14.0,17.0,17.0,278.0,5.0,6.0,8.0,3205.0,7.0,5.0,4.0,4.0,4.0,6.0,5.0,4.0,9.0,8.0,6.0,283.0,7.0,2.0,12.0,3860.0,10.0,6.0,5.0,6.0,5.0,2.0,3.0,4.0,14.0,5.0,4.0,freqmine
895.0,530.0,492.0,532.0,4928.0,541.0,486.0,503.0,491.0,527.0,464.0,481.0,488.0,531.0,582.0,559.0,273.0,4.0,3.0,6.0,2937.0,5.0,3.0,4.0,4.0,14.0,2.0,5.0,6.0,8.0,7.0,9.0,252.0,3.0,2.0,5.0,3132.0,2.0,2.0,0.0,1.0,10.0,1.0,0.0,3.0,2.0,6.0,5.0,275.0,4.0,5.0,4.0,3102.0,3.0,2.0,5.0,2.0,15.0,3.0,3.0,3.0,6.0,11.0,6.0,270.0,2.0,1.0,3.0,3070.0,2.0,2.0,0.0,3.0,23.0,3.0,1.0,3.0,1.0,3.0,2.0,287.0,5.0,4.0,8.0,3523.0,4.0,4.0,4.0,2.0,17.0,4.0,2.0,4.0,5.0,11.0,4.0,248.0,4.0,2.0,3.0,3577.0,2.0,1.0,2.0,3.0,13.0,0.0,1.0,2.0,2.0,6.0,4.0,263.0,2.0,3.0,7.0,3527.0,1.0,2.0,4.0,3.0,13.0,2.0,2.0,3.0,2.0,4.0,6.0,258.0,4.0,2.0,6.0,3189.0,1.0,2.0,3.0,3.0,16.0,1.0,1.0,3.0,2.0,7.0,4.0,255.0,0.0,1.0,4.0,2834.0,6.0,1.0,3.0,4.0,12.0,7.0,3.0,5.0,6.0,10.0,4.0,237.0,1.0,1.0,5.0,3519.0,3.0,0.0,0.0,3.0,13.0,1.0,1.0,1.0,2.0,4.0,4.0,247.0,2.0,2.0,4.0,3440.0,4.0,1.0,1.0,0.0,8.0,1.0,2.0,2.0,3.0,4.0,2.0,245.0,2.0,2.0,7.0,2679.0,3.0,1.0,2.0,3.0,18.0,1.0,3.0,2.0,3.0,6.0,4.0,278.0,10.0,5.0,6.0,2927.0,6.0,2.0,4.0,4.0,16.0,2.0,4.0,6.0,3.0,11.0,4.0,298.0,6.0,4.0,8.0,3220.0,6.0,7.0,4.0,7.0,60.0,4.0,6.0,7.0,6.0,7.0,7.0,287.0,6.0,5.0,6.0,3876.0,4.0,2.0,5.0,2.0,38.0,4.0,4.0,4.0,3.0,6.0,6.0,freqmine
886.0,533.0,496.0,570.0,5047.0,530.0,496.0,498.0,522.0,529.0,489.0,500.0,505.0,579.0,571.0,572.0,272.0,5.0,7.0,9.0,3113.0,6.0,4.0,4.0,4.0,4.0,2.0,4.0,1.0,9.0,8.0,8.0,250.0,2.0,4.0,6.0,3206.0,4.0,1.0,3.0,3.0,2.0,2.0,2.0,1.0,7.0,1.0,3.0,290.0,6.0,8.0,9.0,3132.0,6.0,7.0,6.0,6.0,7.0,5.0,4.0,5.0,8.0,10.0,7.0,275.0,2.0,3.0,2.0,3165.0,1.0,4.0,1.0,2.0,5.0,3.0,3.0,2.0,2.0,3.0,4.0,276.0,3.0,4.0,4.0,3628.0,4.0,1.0,1.0,2.0,6.0,2.0,4.0,1.0,3.0,5.0,4.0,252.0,4.0,2.0,7.0,3530.0,4.0,2.0,2.0,2.0,1.0,1.0,1.0,1.0,4.0,3.0,3.0,260.0,3.0,3.0,3.0,3600.0,2.0,1.0,2.0,1.0,6.0,1.0,1.0,1.0,5.0,5.0,2.0,274.0,1.0,4.0,4.0,3230.0,5.0,1.0,1.0,3.0,6.0,3.0,2.0,3.0,6.0,1.0,3.0,272.0,7.0,5.0,7.0,2981.0,6.0,5.0,4.0,4.0,8.0,4.0,2.0,1.0,3.0,9.0,9.0,247.0,3.0,2.0,4.0,3524.0,1.0,1.0,0.0,2.0,3.0,2.0,1.0,2.0,5.0,3.0,0.0,253.0,4.0,2.0,6.0,3601.0,1.0,1.0,3.0,4.0,2.0,2.0,0.0,2.0,4.0,2.0,3.0,259.0,5.0,6.0,6.0,2824.0,3.0,2.0,2.0,3.0,3.0,3.0,0.0,2.0,6.0,1.0,3.0,296.0,4.0,6.0,9.0,3030.0,6.0,5.0,4.0,4.0,8.0,7.0,5.0,5.0,9.0,7.0,8.0,295.0,6.0,9.0,10.0,3401.0,6.0,3.0,3.0,3.0,6.0,6.0,4.0,3.0,4.0,7.0,6.0,292.0,6.0,4.0,8.0,3892.0,5.0,5.0,3.0,5.0,12.0,3.0,3.0,3.0,7.0,5.0,6.0,freqmine
854.0,520.0,501.0,536.0,4939.0,510.0,479.0,490.0,502.0,492.0,471.0,478.0,506.0,555.0,556.0,547.0,274.0,5.0,3.0,7.0,3079.0,5.0,4.0,3.0,3.0,3.0,4.0,3.0,6.0,6.0,6.0,4.0,260.0,6.0,2.0,4.0,3315.0,4.0,2.0,2.0,3.0,4.0,2.0,1.0,4.0,2.0,8.0,3.0,276.0,5.0,4.0,6.0,3151.0,4.0,2.0,4.0,4.0,2.0,4.0,4.0,4.0,5.0,6.0,5.0,282.0,4.0,3.0,4.0,3208.0,3.0,4.0,3.0,2.0,3.0,3.0,2.0,3.0,3.0,6.0,3.0,268.0,6.0,2.0,3.0,3467.0,1.0,3.0,1.0,5.0,4.0,1.0,1.0,3.0,6.0,5.0,3.0,245.0,2.0,3.0,2.0,3497.0,1.0,2.0,1.0,2.0,2.0,1.0,1.0,0.0,3.0,7.0,3.0,256.0,3.0,2.0,5.0,3387.0,2.0,3.0,0.0,2.0,2.0,2.0,1.0,2.0,4.0,2.0,3.0,265.0,5.0,2.0,5.0,3280.0,0.0,2.0,3.0,3.0,2.0,1.0,2.0,4.0,3.0,7.0,3.0,261.0,4.0,2.0,4.0,2798.0,4.0,1.0,3.0,3.0,0.0,1.0,1.0,1.0,5.0,8.0,3.0,246.0,3.0,3.0,5.0,3368.0,3.0,1.0,3.0,2.0,2.0,1.0,2.0,1.0,4.0,4.0,5.0,248.0,4.0,2.0,2.0,3462.0,4.0,1.0,1.0,1.0,1.0,0.0,2.0,0.0,5.0,8.0,3.0,254.0,3.0,1.0,2.0,2560.0,3.0,0.0,2.0,3.0,3.0,1.0,3.0,2.0,4.0,7.0,4.0,284.0,9.0,3.0,4.0,2857.0,4.0,2.0,3.0,5.0,5.0,2.0,4.0,5.0,3.0,8.0,4.0,285.0,7.0,6.0,7.0,3288.0,6.0,7.0,6.0,7.0,6.0,4.0,6.0,7.0,11.0,11.0,7.0,280.0,7.0,4.0,4.0,3857.0,3.0,1.0,3.0,3.0,2.0,2.0,3.0,4.0,5.0,7.0,6.0,freqmine
1246.0,789.0,723.0,815.0,5833.0,800.0,730.0,734.0,742.0,737.0,706.0,728.0,760.0,823.0,807.0,812.0,401.0,7.0,6.0,6.0,2831.0,7.0,4.0,4.0,6.0,6.0,3.0,4.0,4.0,10.0,8.0,9.0,369.0,4.0,4.0,6.0,3607.0,3.0,3.0,2.0,3.0,2.0,1.0,3.0,2.0,7.0,5.0,5.0,412.0,7.0,4.0,7.0,3015.0,5.0,6.0,1.0,4.0,6.0,2.0,1.0,2.0,5.0,8.0,6.0,411.0,3.0,3.0,2.0,2985.0,2.0,2.0,1.0,3.0,2.0,2.0,4.0,2.0,2.0,2.0,5.0,410.0,7.0,6.0,7.0,3521.0,7.0,3.0,5.0,2.0,3.0,3.0,3.0,2.0,6.0,8.0,6.0,373.0,5.0,1.0,6.0,3490.0,2.0,1.0,2.0,3.0,2.0,0.0,1.0,3.0,4.0,4.0,3.0,379.0,4.0,3.0,6.0,3454.0,2.0,0.0,1.0,3.0,2.0,0.0,2.0,3.0,4.0,5.0,3.0,387.0,4.0,2.0,4.0,2985.0,7.0,2.0,0.0,3.0,2.0,1.0,1.0,3.0,5.0,4.0,4.0,379.0,4.0,3.0,5.0,2628.0,4.0,2.0,2.0,2.0,4.0,1.0,2.0,3.0,4.0,8.0,4.0,358.0,3.0,1.0,4.0,3110.0,3.0,1.0,1.0,1.0,2.0,0.0,2.0,2.0,4.0,5.0,1.0,370.0,2.0,1.0,3.0,3148.0,2.0,0.0,2.0,2.0,2.0,1.0,0.0,4.0,5.0,3.0,4.0,386.0,5.0,3.0,6.0,2629.0,2.0,4.0,3.0,4.0,1.0,2.0,2.0,4.0,7.0,6.0,4.0,420.0,5.0,5.0,7.0,2930.0,5.0,5.0,6.0,4.0,4.0,3.0,3.0,6.0,10.0,7.0,6.0,413.0,5.0,4.0,8.0,3126.0,6.0,4.0,4.0,4.0,6.0,6.0,4.0,5.0,6.0,9.0,7.0,415.0,6.0,4.0,7.0,3992.0,5.0,5.0,3.0,5.0,4.0,3.0,4.0,5.0,6.0,7.0,5.0,freqmine
503.0,379.0,339.0,383.0,4928.0,378.0,327.0,343.0,340.0,341.0,312.0,325.0,355.0,403.0,373.0,397.0,51.0,4.0,7.0,6.0,2541.0,4.0,3.0,4.0,5.0,6.0,3.0,3.0,9.0,5.0,4.0,7.0,33.0,0.0,2.0,2.0,2801.0,2.0,2.0,2.0,3.0,3.0,1.0,1.0,3.0,2.0,3.0,4.0,57.0,7.0,5.0,6.0,2844.0,4.0,3.0,5.0,6.0,4.0,3.0,2.0,7.0,3.0,4.0,7.0,44.0,0.0,2.0,4.0,2954.0,0.0,2.0,1.0,2.0,1.0,1.0,2.0,7.0,1.0,2.0,1.0,58.0,3.0,4.0,4.0,3536.0,3.0,10.0,3.0,2.0,3.0,2.0,2.0,10.0,5.0,11.0,4.0,21.0,2.0,2.0,3.0,3438.0,2.0,1.0,1.0,3.0,3.0,0.0,0.0,5.0,3.0,4.0,4.0,33.0,1.0,3.0,4.0,3094.0,4.0,2.0,0.0,4.0,4.0,0.0,2.0,8.0,4.0,2.0,4.0,37.0,4.0,2.0,4.0,2971.0,4.0,5.0,2.0,2.0,1.0,2.0,1.0,8.0,4.0,3.0,2.0,32.0,4.0,2.0,4.0,2745.0,4.0,2.0,2.0,3.0,3.0,1.0,2.0,16.0,4.0,2.0,3.0,10.0,3.0,1.0,4.0,3059.0,2.0,1.0,1.0,2.0,1.0,0.0,0.0,3.0,3.0,1.0,2.0,18.0,2.0,0.0,1.0,3401.0,4.0,2.0,1.0,2.0,4.0,0.0,1.0,1.0,2.0,3.0,2.0,33.0,2.0,1.0,7.0,2972.0,6.0,1.0,1.0,4.0,4.0,2.0,2.0,10.0,4.0,9.0,10.0,63.0,5.0,4.0,4.0,3061.0,5.0,4.0,3.0,6.0,5.0,3.0,1.0,8.0,8.0,5.0,4.0,47.0,3.0,4.0,6.0,3019.0,4.0,4.0,3.0,5.0,4.0,3.0,2.0,4.0,7.0,7.0,5.0,59.0,8.0,3.0,4.0,3983.0,3.0,4.0,5.0,4.0,6.0,2.0,3.0,7.0,4.0,7.0,4.0,freqmine
854.0,468.0,438.0,480.0,3840.0,488.0,432.0,440.0,449.0,436.0,406.0,430.0,446.0,519.0,512.0,497.0,243.0,6.0,7.0,7.0,2169.0,6.0,5.0,8.0,5.0,6.0,6.0,4.0,6.0,4.0,6.0,8.0,220.0,4.0,4.0,4.0,2839.0,9.0,3.0,5.0,7.0,5.0,3.0,2.0,5.0,2.0,5.0,6.0,248.0,7.0,6.0,4.0,2267.0,11.0,4.0,9.0,7.0,6.0,8.0,6.0,7.0,5.0,7.0,8.0,255.0,3.0,3.0,10.0,2164.0,5.0,5.0,6.0,3.0,5.0,4.0,4.0,3.0,5.0,5.0,6.0,258.0,6.0,4.0,6.0,2615.0,9.0,4.0,4.0,9.0,7.0,4.0,4.0,5.0,5.0,9.0,8.0,220.0,3.0,3.0,4.0,2485.0,8.0,2.0,2.0,5.0,3.0,4.0,3.0,4.0,5.0,6.0,6.0,232.0,7.0,3.0,2.0,2482.0,9.0,4.0,4.0,4.0,4.0,4.0,3.0,2.0,4.0,4.0,7.0,236.0,3.0,5.0,3.0,2359.0,5.0,5.0,5.0,5.0,5.0,2.0,4.0,3.0,6.0,7.0,7.0,222.0,4.0,2.0,6.0,2176.0,7.0,4.0,3.0,6.0,2.0,5.0,4.0,4.0,7.0,4.0,5.0,209.0,3.0,2.0,2.0,2221.0,6.0,2.0,3.0,4.0,3.0,1.0,1.0,4.0,2.0,5.0,5.0,220.0,5.0,3.0,3.0,2142.0,7.0,4.0,2.0,5.0,3.0,3.0,7.0,2.0,3.0,6.0,7.0,225.0,3.0,4.0,3.0,2215.0,9.0,2.0,3.0,5.0,6.0,5.0,4.0,3.0,6.0,5.0,7.0,268.0,8.0,5.0,5.0,2455.0,9.0,4.0,4.0,9.0,7.0,7.0,6.0,7.0,7.0,12.0,9.0,263.0,8.0,7.0,7.0,2330.0,13.0,7.0,6.0,10.0,7.0,7.0,6.0,7.0,10.0,10.0,11.0,255.0,8.0,5.0,5.0,2809.0,11.0,3.0,6.0,7.0,5.0,5.0,4.0,5.0,7.0,9.0,9.0,freqmine
1442.0,901.0,828.0,886.0,3839.0,854.0,820.0,841.0,843.0,825.0,805.0,831.0,869.0,946.0,931.0,919.0,458.0,5.0,4.0,9.0,2718.0,6.0,6.0,11.0,5.0,7.0,7.0,7.0,6.0,14.0,9.0,13.0,425.0,10.0,5.0,10.0,2708.0,5.0,7.0,12.0,3.0,4.0,7.0,7.0,6.0,14.0,9.0,9.0,454.0,9.0,5.0,12.0,2666.0,6.0,9.0,12.0,9.0,6.0,7.0,5.0,5.0,12.0,10.0,11.0,460.0,8.0,7.0,10.0,2710.0,7.0,4.0,5.0,10.0,6.0,4.0,6.0,7.0,11.0,5.0,9.0,438.0,8.0,6.0,10.0,2776.0,6.0,8.0,13.0,6.0,5.0,8.0,6.0,5.0,10.0,6.0,6.0,415.0,6.0,4.0,9.0,2706.0,2.0,5.0,12.0,6.0,4.0,6.0,4.0,4.0,6.0,7.0,6.0,433.0,8.0,4.0,11.0,2741.0,3.0,4.0,11.0,6.0,4.0,5.0,4.0,7.0,7.0,7.0,7.0,440.0,8.0,4.0,10.0,2669.0,4.0,5.0,9.0,4.0,4.0,6.0,4.0,5.0,8.0,6.0,7.0,424.0,8.0,5.0,10.0,2616.0,4.0,4.0,11.0,6.0,8.0,8.0,7.0,6.0,7.0,8.0,7.0,408.0,7.0,3.0,8.0,2645.0,2.0,5.0,10.0,3.0,3.0,5.0,5.0,4.0,8.0,6.0,6.0,425.0,6.0,3.0,8.0,2647.0,3.0,5.0,12.0,5.0,4.0,5.0,4.0,6.0,8.0,6.0,5.0,438.0,8.0,6.0,9.0,2643.0,3.0,6.0,11.0,8.0,3.0,7.0,5.0,5.0,9.0,9.0,7.0,484.0,11.0,8.0,13.0,2649.0,6.0,9.0,13.0,10.0,8.0,10.0,7.0,11.0,12.0,8.0,9.0,476.0,10.0,8.0,14.0,2666.0,6.0,7.0,13.0,9.0,6.0,10.0,7.0,9.0,10.0,10.0,10.0,470.0,11.0,5.0,13.0,2759.0,3.0,7.0,10.0,8.0,7.0,8.0,6.0,6.0,9.0,8.0,9.0,freqmine
3071.0,1970.0,1909.0,1966.0,3858.0,1973.0,1894.0,1899.0,1925.0,1941.0,1878.0,1908.0,1936.0,1985.0,1980.0,2011.0,999.0,14.0,14.0,16.0,1894.0,15.0,13.0,8.0,12.0,16.0,11.0,11.0,14.0,17.0,18.0,19.0,968.0,14.0,10.0,11.0,1884.0,11.0,9.0,4.0,9.0,15.0,7.0,5.0,10.0,9.0,12.0,20.0,1001.0,17.0,17.0,15.0,1887.0,18.0,13.0,10.0,12.0,17.0,13.0,13.0,16.0,16.0,17.0,25.0,1009.0,25.0,18.0,24.0,1907.0,29.0,24.0,21.0,18.0,24.0,22.0,26.0,17.0,24.0,22.0,30.0,1008.0,15.0,16.0,14.0,1888.0,16.0,15.0,11.0,13.0,17.0,13.0,10.0,14.0,13.0,19.0,22.0,958.0,12.0,15.0,13.0,1890.0,15.0,10.0,5.0,6.0,13.0,8.0,5.0,9.0,10.0,10.0,19.0,967.0,11.0,12.0,12.0,1887.0,14.0,12.0,6.0,7.0,13.0,9.0,7.0,8.0,10.0,10.0,18.0,982.0,13.0,13.0,15.0,1890.0,12.0,10.0,8.0,8.0,16.0,11.0,9.0,14.0,12.0,12.0,19.0,982.0,17.0,15.0,16.0,1892.0,19.0,16.0,9.0,12.0,18.0,14.0,9.0,13.0,13.0,17.0,21.0,953.0,11.0,11.0,10.0,1881.0,12.0,9.0,5.0,9.0,14.0,9.0,5.0,9.0,9.0,10.0,16.0,965.0,11.0,12.0,13.0,1879.0,13.0,8.0,5.0,7.0,15.0,10.0,5.0,9.0,9.0,10.0,17.0,983.0,14.0,13.0,12.0,1890.0,15.0,12.0,8.0,10.0,17.0,11.0,9.0,11.0,14.0,14.0,20.0,1007.0,16.0,14.0,14.0,1895.0,16.0,12.0,9.0,10.0,16.0,13.0,8.0,12.0,12.0,16.0,20.0,1006.0,15.0,15.0,14.0,1892.0,17.0,14.0,9.0,12.0,19.0,14.0,12.0,12.0,14.0,14.0,21.0,1017.0,19.0,18.0,17.0,1899.0,19.0,16.0,12.0,14.0,19.0,14.0,14.0,18.0,18.0,18.0,24.0,freqmine
3083.0,1993.0,1896.0,1988.0,3821.0,1991.0,1887.0,1913.0,1922.0,1936.0,1866.0,1898.0,1924.0,1991.0,1984.0,1990.0,1008.0,13.0,11.0,14.0,1870.0,16.0,11.0,11.0,11.0,14.0,11.0,10.0,10.0,17.0,12.0,13.0,957.0,8.0,6.0,9.0,1859.0,10.0,8.0,5.0,4.0,7.0,3.0,5.0,5.0,12.0,8.0,7.0,1006.0,11.0,11.0,11.0,1865.0,12.0,11.0,9.0,9.0,13.0,6.0,8.0,8.0,15.0,11.0,9.0,1044.0,56.0,59.0,62.0,1927.0,63.0,58.0,52.0,49.0,47.0,59.0,62.0,60.0,66.0,71.0,66.0,1012.0,9.0,6.0,9.0,1876.0,9.0,9.0,5.0,7.0,11.0,6.0,8.0,8.0,15.0,9.0,10.0,951.0,7.0,4.0,4.0,1861.0,5.0,4.0,4.0,5.0,8.0,6.0,6.0,5.0,10.0,8.0,6.0,967.0,5.0,4.0,4.0,1862.0,6.0,4.0,5.0,5.0,9.0,4.0,6.0,5.0,11.0,8.0,8.0,977.0,7.0,6.0,4.0,1861.0,9.0,6.0,3.0,4.0,7.0,4.0,5.0,6.0,12.0,9.0,7.0,976.0,6.0,6.0,5.0,1858.0,6.0,5.0,5.0,5.0,6.0,4.0,7.0,5.0,13.0,9.0,8.0,943.0,7.0,4.0,6.0,1855.0,7.0,8.0,3.0,3.0,9.0,3.0,7.0,5.0,13.0,9.0,7.0,958.0,7.0,3.0,6.0,1856.0,6.0,6.0,3.0,5.0,8.0,3.0,8.0,6.0,14.0,9.0,7.0,968.0,7.0,5.0,6.0,1862.0,7.0,5.0,3.0,7.0,8.0,4.0,5.0,5.0,13.0,7.0,8.0,1001.0,10.0,8.0,9.0,1862.0,11.0,8.0,7.0,7.0,11.0,6.0,10.0,9.0,15.0,11.0,11.0,1003.0,12.0,10.0,11.0,1865.0,13.0,11.0,10.0,11.0,14.0,10.0,13.0,13.0,20.0,15.0,15.0,1003.0,12.0,9.0,10.0,1863.0,11.0,9.0,8.0,8.0,12.0,7.0,9.0,9.0,16.0,12.0,12.0,freqmine
3061.0,1979.0,1912.0,1964.0,4630.0,1958.0,1877.0,1900.0,1900.0,1886.0,1842.0,1869.0,1908.0,1976.0,1971.0,1982.0,999.0,10.0,11.0,12.0,2235.0,11.0,10.0,10.0,10.0,10.0,9.0,8.0,11.0,13.0,12.0,18.0,966.0,10.0,9.0,11.0,2378.0,9.0,8.0,9.0,8.0,9.0,8.0,8.0,10.0,11.0,9.0,14.0,993.0,10.0,9.0,12.0,2230.0,12.0,9.0,9.0,10.0,10.0,8.0,8.0,10.0,11.0,9.0,15.0,973.0,11.0,10.0,12.0,2231.0,9.0,12.0,10.0,8.0,7.0,8.0,4.0,7.0,6.0,6.0,11.0,992.0,9.0,7.0,11.0,2280.0,8.0,9.0,8.0,7.0,9.0,7.0,7.0,9.0,10.0,8.0,11.0,949.0,10.0,9.0,11.0,2309.0,10.0,9.0,10.0,8.0,10.0,8.0,7.0,10.0,11.0,8.0,14.0,962.0,8.0,6.0,9.0,2228.0,9.0,7.0,7.0,7.0,7.0,6.0,5.0,9.0,9.0,7.0,11.0,963.0,8.0,6.0,10.0,2093.0,8.0,7.0,8.0,6.0,8.0,7.0,5.0,9.0,11.0,6.0,12.0,952.0,8.0,6.0,9.0,2035.0,8.0,9.0,7.0,7.0,8.0,7.0,6.0,11.0,10.0,6.0,11.0,926.0,7.0,6.0,8.0,2139.0,7.0,6.0,8.0,7.0,7.0,6.0,6.0,8.0,8.0,6.0,11.0,944.0,8.0,6.0,9.0,2167.0,8.0,7.0,9.0,8.0,7.0,7.0,5.0,9.0,9.0,7.0,11.0,960.0,10.0,8.0,11.0,2208.0,10.0,9.0,10.0,10.0,10.0,9.0,9.0,10.0,12.0,10.0,14.0,998.0,11.0,10.0,12.0,2262.0,11.0,10.0,10.0,11.0,10.0,11.0,9.0,14.0,13.0,11.0,16.0,996.0,11.0,9.0,11.0,2291.0,10.0,10.0,9.0,9.0,10.0,8.0,8.0,10.0,11.0,9.0,13.0,999.0,14.0,12.0,13.0,2328.0,12.0,11.0,12.0,10.0,12.0,10.0,9.0,12.0,13.0,11.0,17.0,freqmine
3060.0,1977.0,1900.0,1976.0,3815.0,1978.0,1875.0,1918.0,1925.0,1926.0,1862.0,1888.0,1916.0,1971.0,1970.0,1977.0,998.0,10.0,10.0,11.0,1861.0,10.0,7.0,7.0,7.0,9.0,8.0,8.0,7.0,11.0,12.0,13.0,959.0,8.0,6.0,9.0,1850.0,6.0,5.0,4.0,5.0,5.0,3.0,3.0,5.0,8.0,9.0,11.0,999.0,12.0,9.0,10.0,1853.0,11.0,7.0,7.0,7.0,8.0,8.0,7.0,7.0,10.0,12.0,12.0,988.0,7.0,7.0,4.0,1865.0,8.0,7.0,5.0,8.0,10.0,10.0,8.0,7.0,5.0,5.0,11.0,1007.0,11.0,10.0,11.0,1864.0,10.0,7.0,8.0,8.0,8.0,8.0,7.0,7.0,10.0,12.0,13.0,944.0,7.0,7.0,8.0,1855.0,7.0,4.0,3.0,5.0,4.0,5.0,5.0,4.0,7.0,10.0,9.0,976.0,9.0,8.0,10.0,1860.0,8.0,6.0,7.0,5.0,7.0,6.0,6.0,5.0,8.0,9.0,10.0,979.0,9.0,7.0,9.0,1858.0,9.0,5.0,5.0,5.0,7.0,6.0,7.0,8.0,7.0,10.0,8.0,975.0,11.0,9.0,11.0,1855.0,11.0,6.0,8.0,6.0,7.0,9.0,7.0,6.0,9.0,12.0,12.0,942.0,7.0,5.0,7.0,1852.0,6.0,5.0,3.0,4.0,6.0,5.0,4.0,5.0,9.0,10.0,9.0,954.0,8.0,8.0,9.0,1851.0,8.0,4.0,4.0,4.0,7.0,6.0,6.0,4.0,8.0,10.0,10.0,967.0,9.0,8.0,9.0,1859.0,8.0,5.0,5.0,6.0,5.0,5.0,5.0,5.0,10.0,10.0,10.0,998.0,12.0,10.0,11.0,1858.0,11.0,7.0,7.0,7.0,8.0,8.0,9.0,8.0,10.0,13.0,12.0,996.0,11.0,11.0,12.0,1860.0,11.0,8.0,8.0,8.0,8.0,10.0,9.0,7.0,11.0,11.0,13.0,1000.0,15.0,12.0,14.0,1856.0,12.0,9.0,9.0,10.0,9.0,9.0,9.0,10.0,12.0,14.0,12.0,freqmine
3088.0,1991.0,1901.0,1977.0,4959.0,1969.0,1868.0,1886.0,1900.0,1916.0,1860.0,1886.0,1924.0,1986.0,1981.0,1976.0,1010.0,22.0,20.0,24.0,2179.0,22.0,21.0,17.0,18.0,25.0,19.0,15.0,23.0,27.0,22.0,24.0,963.0,16.0,13.0,16.0,2488.0,12.0,15.0,9.0,11.0,19.0,13.0,8.0,16.0,19.0,14.0,15.0,1001.0,18.0,16.0,18.0,2177.0,16.0,18.0,14.0,15.0,22.0,16.0,12.0,20.0,23.0,18.0,19.0,1011.0,40.0,41.0,45.0,2235.0,41.0,51.0,39.0,33.0,36.0,40.0,37.0,45.0,49.0,49.0,39.0,1003.0,19.0,13.0,20.0,2386.0,15.0,14.0,11.0,14.0,20.0,14.0,10.0,18.0,23.0,17.0,17.0,942.0,15.0,11.0,15.0,2227.0,12.0,12.0,9.0,9.0,17.0,12.0,6.0,14.0,17.0,13.0,13.0,959.0,17.0,13.0,17.0,2215.0,13.0,14.0,10.0,12.0,19.0,14.0,10.0,18.0,20.0,16.0,17.0,972.0,16.0,13.0,16.0,2137.0,12.0,14.0,9.0,11.0,18.0,12.0,8.0,18.0,20.0,16.0,17.0,971.0,19.0,16.0,20.0,1992.0,16.0,18.0,13.0,15.0,21.0,15.0,12.0,20.0,24.0,19.0,19.0,942.0,18.0,13.0,18.0,2260.0,14.0,15.0,11.0,11.0,19.0,12.0,10.0,17.0,20.0,16.0,17.0,958.0,16.0,10.0,15.0,2231.0,11.0,13.0,9.0,10.0,17.0,11.0,9.0,17.0,20.0,15.0,15.0,966.0,15.0,11.0,15.0,2217.0,11.0,12.0,9.0,13.0,19.0,12.0,8.0,15.0,20.0,13.0,16.0,1001.0,18.0,14.0,18.0,2367.0,15.0,16.0,12.0,13.0,21.0,14.0,10.0,19.0,22.0,17.0,18.0,1003.0,20.0,15.0,20.0,2233.0,16.0,17.0,13.0,15.0,23.0,17.0,13.0,22.0,26.0,20.0,22.0,994.0,20.0,16.0,19.0,2392.0,15.0,16.0,12.0,13.0,21.0,16.0,11.0,19.0,23.0,18.0,20.0,freqmine
3111.0,2042.0,1939.0,2018.0,3854.0,2007.0,1922.0,1937.0,1946.0,1953.0,1877.0,1890.0,1955.0,2012.0,2028.0,2036.0,1025.0,21.0,14.0,15.0,1885.0,15.0,11.0,13.0,13.0,16.0,16.0,16.0,19.0,21.0,26.0,31.0,988.0,30.0,14.0,18.0,1867.0,15.0,11.0,13.0,12.0,13.0,10.0,13.0,14.0,14.0,15.0,19.0,1025.0,32.0,15.0,19.0,1870.0,18.0,13.0,15.0,14.0,16.0,12.0,14.0,15.0,16.0,16.0,21.0,1003.0,43.0,10.0,12.0,1876.0,9.0,11.0,9.0,8.0,8.0,7.0,7.0,8.0,10.0,10.0,11.0,1022.0,23.0,11.0,15.0,1871.0,14.0,13.0,13.0,12.0,15.0,11.0,13.0,13.0,15.0,13.0,17.0,975.0,22.0,13.0,14.0,1875.0,14.0,11.0,13.0,11.0,14.0,10.0,11.0,12.0,14.0,12.0,17.0,984.0,19.0,7.0,9.0,1867.0,10.0,5.0,8.0,7.0,9.0,5.0,6.0,7.0,9.0,8.0,11.0,992.0,20.0,9.0,12.0,1873.0,11.0,7.0,11.0,8.0,10.0,8.0,8.0,9.0,12.0,9.0,13.0,991.0,24.0,13.0,16.0,1872.0,16.0,12.0,14.0,13.0,15.0,13.0,13.0,14.0,16.0,13.0,17.0,950.0,19.0,8.0,11.0,1864.0,11.0,7.0,10.0,11.0,11.0,8.0,9.0,9.0,11.0,10.0,12.0,951.0,12.0,4.0,7.0,1861.0,7.0,3.0,6.0,6.0,7.0,4.0,4.0,5.0,7.0,7.0,8.0,991.0,41.0,14.0,16.0,1873.0,16.0,12.0,14.0,14.0,14.0,12.0,13.0,13.0,16.0,15.0,17.0,1024.0,28.0,15.0,18.0,1873.0,18.0,14.0,16.0,15.0,18.0,17.0,17.0,19.0,19.0,18.0,21.0,1029.0,75.0,15.0,16.0,1871.0,16.0,13.0,14.0,14.0,16.0,13.0,14.0,14.0,16.0,15.0,15.0,1030.0,52.0,13.0,15.0,1882.0,15.0,11.0,13.0,12.0,15.0,10.0,13.0,12.0,15.0,14.0,18.0,freqmine
3020.0,1928.0,1853.0,1925.0,3735.0,1930.0,1822.0,1853.0,1868.0,1876.0,1816.0,1852.0,1861.0,1944.0,1941.0,1944.0,976.0,12.0,10.0,13.0,1804.0,12.0,9.0,8.0,9.0,9.0,8.0,9.0,8.0,13.0,14.0,14.0,929.0,8.0,6.0,9.0,1801.0,6.0,6.0,4.0,6.0,5.0,4.0,3.0,4.0,8.0,8.0,9.0,972.0,13.0,11.0,11.0,1795.0,11.0,8.0,7.0,8.0,8.0,8.0,7.0,7.0,11.0,12.0,12.0,985.0,43.0,36.0,41.0,1836.0,39.0,42.0,36.0,33.0,32.0,35.0,41.0,37.0,45.0,45.0,41.0,978.0,14.0,9.0,11.0,1814.0,9.0,7.0,7.0,7.0,7.0,7.0,6.0,6.0,10.0,12.0,10.0,917.0,8.0,8.0,10.0,1805.0,8.0,5.0,4.0,6.0,4.0,5.0,5.0,4.0,8.0,10.0,9.0,941.0,12.0,7.0,11.0,1797.0,8.0,7.0,6.0,6.0,6.0,7.0,7.0,6.0,9.0,9.0,10.0,947.0,10.0,7.0,10.0,1802.0,9.0,6.0,4.0,7.0,7.0,6.0,7.0,8.0,8.0,10.0,10.0,945.0,13.0,8.0,11.0,1784.0,10.0,7.0,7.0,8.0,7.0,8.0,7.0,6.0,11.0,12.0,12.0,917.0,10.0,8.0,11.0,1790.0,8.0,8.0,6.0,6.0,7.0,6.0,5.0,6.0,11.0,11.0,10.0,934.0,9.0,8.0,10.0,1796.0,8.0,5.0,5.0,6.0,6.0,6.0,6.0,4.0,9.0,9.0,10.0,936.0,8.0,7.0,9.0,1807.0,7.0,5.0,5.0,7.0,5.0,5.0,5.0,4.0,10.0,9.0,8.0,983.0,12.0,10.0,12.0,1822.0,11.0,8.0,7.0,8.0,8.0,7.0,8.0,8.0,11.0,13.0,12.0,983.0,14.0,11.0,14.0,1817.0,12.0,10.0,9.0,10.0,9.0,10.0,10.0,8.0,14.0,12.0,14.0,982.0,16.0,12.0,14.0,1819.0,10.0,9.0,8.0,10.0,8.0,9.0,9.0,10.0,14.0,13.0,14.0,freqmine
669.0,407.0,308.0,411.0,1735.0,401.0,298.0,321.0,341.0,336.0,270.0,305.0,332.0,396.0,394.0,389.0,210.0,7.0,8.0,9.0,523.0,9.0,6.0,7.0,7.0,8.0,6.0,6.0,6.0,9.0,8.0,9.0,162.0,2.0,3.0,3.0,912.0,4.0,5.0,3.0,3.0,3.0,3.0,3.0,3.0,4.0,4.0,4.0,213.0,7.0,7.0,8.0,523.0,7.0,8.0,8.0,7.0,7.0,7.0,7.0,7.0,7.0,8.0,7.0,194.0,7.0,5.0,5.0,534.0,5.0,6.0,4.0,4.0,4.0,4.0,4.0,5.0,5.0,5.0,6.0,214.0,9.0,6.0,9.0,874.0,9.0,6.0,7.0,8.0,7.0,5.0,6.0,7.0,9.0,7.0,9.0,155.0,6.0,3.0,6.0,696.0,6.0,2.0,4.0,5.0,4.0,4.0,3.0,4.0,6.0,6.0,5.0,171.0,7.0,3.0,6.0,704.0,6.0,3.0,4.0,4.0,4.0,2.0,3.0,4.0,6.0,6.0,6.0,188.0,7.0,5.0,7.0,578.0,7.0,5.0,5.0,5.0,5.0,3.0,4.0,7.0,7.0,7.0,7.0,177.0,6.0,4.0,7.0,522.0,6.0,3.0,4.0,5.0,4.0,2.0,4.0,5.0,6.0,6.0,5.0,143.0,4.0,1.0,4.0,557.0,5.0,2.0,2.0,2.0,3.0,0.0,2.0,3.0,4.0,5.0,4.0,158.0,6.0,3.0,6.0,552.0,6.0,4.0,4.0,4.0,4.0,2.0,5.0,5.0,7.0,7.0,7.0,171.0,6.0,3.0,6.0,569.0,6.0,3.0,4.0,7.0,4.0,2.0,3.0,4.0,7.0,5.0,7.0,207.0,10.0,7.0,10.0,765.0,10.0,7.0,8.0,8.0,8.0,6.0,7.0,9.0,10.0,10.0,11.0,206.0,9.0,7.0,10.0,732.0,10.0,7.0,8.0,8.0,8.0,6.0,7.0,8.0,10.0,10.0,10.0,201.0,13.0,7.0,11.0,1091.0,10.0,8.0,8.0,9.0,8.0,6.0,7.0,8.0,10.0,10.0,10.0,freqmine
439.0,304.0,278.0,331.0,4437.0,299.0,252.0,282.0,280.0,275.0,252.0,265.0,273.0,327.0,343.0,346.0,63.0,4.0,2.0,6.0,2471.0,3.0,3.0,2.0,4.0,3.0,3.0,4.0,3.0,10.0,8.0,5.0,42.0,5.0,5.0,7.0,2762.0,3.0,1.0,4.0,3.0,2.0,2.0,2.0,4.0,5.0,6.0,6.0,74.0,4.0,4.0,7.0,2840.0,5.0,3.0,4.0,3.0,4.0,4.0,4.0,2.0,9.0,5.0,6.0,75.0,3.0,1.0,4.0,2920.0,3.0,3.0,4.0,3.0,4.0,2.0,1.0,5.0,4.0,4.0,5.0,52.0,2.0,3.0,5.0,3391.0,2.0,6.0,2.0,3.0,4.0,1.0,3.0,7.0,4.0,9.0,4.0,25.0,2.0,3.0,4.0,3486.0,3.0,1.0,3.0,1.0,1.0,0.0,2.0,2.0,4.0,2.0,3.0,53.0,2.0,2.0,7.0,3369.0,2.0,2.0,5.0,3.0,2.0,2.0,2.0,2.0,4.0,5.0,4.0,51.0,2.0,3.0,6.0,3062.0,2.0,4.0,2.0,4.0,3.0,1.0,3.0,3.0,3.0,6.0,6.0,39.0,3.0,3.0,4.0,2696.0,3.0,2.0,3.0,2.0,2.0,1.0,1.0,2.0,4.0,5.0,2.0,31.0,0.0,3.0,3.0,3183.0,1.0,0.0,2.0,0.0,1.0,1.0,1.0,2.0,3.0,4.0,3.0,31.0,3.0,3.0,8.0,3359.0,1.0,0.0,2.0,2.0,0.0,1.0,0.0,2.0,5.0,3.0,5.0,36.0,4.0,3.0,1.0,3048.0,2.0,1.0,3.0,1.0,1.0,0.0,2.0,1.0,5.0,10.0,5.0,69.0,6.0,3.0,7.0,2944.0,3.0,2.0,4.0,3.0,3.0,3.0,5.0,5.0,3.0,5.0,6.0,75.0,7.0,5.0,6.0,3171.0,6.0,4.0,5.0,4.0,6.0,5.0,5.0,6.0,5.0,10.0,7.0,76.0,4.0,5.0,10.0,3842.0,5.0,3.0,4.0,4.0,2.0,3.0,3.0,5.0,7.0,6.0,7.0,freqmine
650.0,381.0,280.0,351.0,1740.0,381.0,247.0,313.0,309.0,312.0,241.0,275.0,313.0,368.0,380.0,363.0,201.0,7.0,5.0,7.0,504.0,9.0,6.0,9.0,7.0,7.0,6.0,8.0,7.0,8.0,10.0,10.0,148.0,6.0,4.0,7.0,897.0,6.0,3.0,4.0,4.0,4.0,3.0,4.0,4.0,5.0,8.0,4.0,183.0,8.0,6.0,8.0,507.0,8.0,3.0,6.0,5.0,5.0,4.0,5.0,5.0,7.0,9.0,7.0,178.0,5.0,4.0,3.0,504.0,5.0,3.0,3.0,2.0,3.0,4.0,5.0,2.0,3.0,6.0,5.0,202.0,8.0,5.0,8.0,899.0,8.0,4.0,6.0,6.0,6.0,5.0,6.0,6.0,8.0,9.0,7.0,130.0,4.0,3.0,4.0,699.0,5.0,0.0,2.0,2.0,2.0,1.0,2.0,2.0,4.0,4.0,3.0,167.0,5.0,3.0,6.0,693.0,6.0,3.0,4.0,4.0,4.0,3.0,4.0,4.0,6.0,6.0,5.0,170.0,6.0,4.0,5.0,635.0,6.0,2.0,4.0,4.0,4.0,3.0,4.0,4.0,6.0,7.0,5.0,165.0,6.0,3.0,6.0,514.0,6.0,2.0,4.0,4.0,4.0,3.0,4.0,4.0,6.0,6.0,6.0,127.0,4.0,1.0,3.0,513.0,4.0,0.0,2.0,2.0,2.0,1.0,2.0,2.0,4.0,5.0,3.0,144.0,5.0,2.0,4.0,542.0,5.0,2.0,3.0,3.0,3.0,2.0,3.0,3.0,5.0,5.0,4.0,162.0,6.0,3.0,5.0,599.0,6.0,2.0,4.0,4.0,4.0,3.0,4.0,4.0,6.0,7.0,5.0,193.0,9.0,5.0,6.0,830.0,8.0,4.0,5.0,6.0,6.0,5.0,5.0,6.0,8.0,7.0,8.0,199.0,8.0,8.0,9.0,736.0,10.0,6.0,7.0,8.0,7.0,7.0,7.0,8.0,8.0,11.0,8.0,187.0,8.0,4.0,6.0,1108.0,8.0,3.0,6.0,5.0,6.0,4.0,5.0,5.0,7.0,7.0,6.0,freqmine
2370.0,1394.0,1376.0,1367.0,5654.0,1496.0,1167.0,1262.0,1290.0,1254.0,1284.0,1278.0,1335.0,1375.0,1401.0,1629.0,733.0,20.0,46.0,49.0,3824.0,113.0,15.0,18.0,20.0,16.0,63.0,54.0,64.0,54.0,52.0,52.0,678.0,11.0,33.0,47.0,3526.0,99.0,2.0,7.0,7.0,6.0,48.0,49.0,60.0,48.0,51.0,59.0,677.0,9.0,35.0,34.0,2666.0,74.0,6.0,9.0,8.0,11.0,43.0,47.0,41.0,46.0,42.0,45.0,756.0,46.0,75.0,74.0,2839.0,161.0,12.0,18.0,14.0,13.0,93.0,85.0,88.0,77.0,102.0,123.0,714.0,17.0,46.0,42.0,3016.0,113.0,7.0,16.0,12.0,13.0,77.0,66.0,68.0,66.0,55.0,63.0,609.0,9.0,27.0,30.0,2919.0,66.0,3.0,5.0,4.0,6.0,47.0,38.0,43.0,36.0,34.0,37.0,669.0,9.0,36.0,36.0,2708.0,86.0,4.0,6.0,8.0,5.0,49.0,53.0,56.0,49.0,43.0,39.0,696.0,8.0,44.0,47.0,2912.0,98.0,3.0,8.0,6.0,6.0,66.0,70.0,76.0,74.0,70.0,71.0,660.0,8.0,25.0,36.0,2606.0,82.0,5.0,5.0,5.0,4.0,34.0,53.0,54.0,52.0,48.0,59.0,639.0,12.0,35.0,35.0,3447.0,77.0,7.0,8.0,6.0,4.0,49.0,73.0,53.0,59.0,62.0,62.0,637.0,11.0,40.0,38.0,2541.0,79.0,3.0,6.0,7.0,5.0,55.0,50.0,59.0,46.0,57.0,69.0,665.0,9.0,45.0,45.0,2712.0,114.0,4.0,9.0,8.0,6.0,61.0,59.0,60.0,62.0,60.0,70.0,697.0,11.0,43.0,48.0,2866.0,97.0,4.0,9.0,9.0,7.0,67.0,61.0,62.0,56.0,70.0,71.0,700.0,12.0,40.0,42.0,2985.0,94.0,7.0,9.0,7.0,7.0,64.0,56.0,53.0,49.0,51.0,65.0,839.0,13.0,61.0,63.0,3521.0,131.0,6.0,7.0,8.0,6.0,77.0,77.0,79.0,61.0,63.0,70.0,freqmine
23931.0,13787.0,13518.0,13845.0,14578.0,14028.0,13997.0,13625.0,13505.0,13558.0,13329.0,13354.0,13544.0,13640.0,13593.0,13612.0,8692.0,951.0,935.0,910.0,1539.0,994.0,1001.0,952.0,1037.0,1099.0,947.0,967.0,1031.0,1051.0,947.0,931.0,8607.0,993.0,882.0,855.0,1365.0,922.0,973.0,912.0,978.0,1048.0,894.0,915.0,974.0,991.0,913.0,891.0,8761.0,950.0,901.0,861.0,1169.0,932.0,968.0,937.0,982.0,1046.0,921.0,937.0,987.0,1027.0,934.0,867.0,8764.0,1181.0,1002.0,965.0,1310.0,1033.0,1089.0,1050.0,1141.0,1212.0,1055.0,1039.0,1074.0,1123.0,1050.0,1015.0,8876.0,1121.0,938.0,914.0,1312.0,966.0,972.0,1039.0,1039.0,1096.0,1002.0,981.0,1044.0,1060.0,970.0,918.0,8809.0,1046.0,950.0,912.0,1253.0,1001.0,994.0,1058.0,1041.0,1153.0,1006.0,996.0,1047.0,1087.0,1007.0,935.0,8599.0,971.0,877.0,834.0,1157.0,971.0,914.0,929.0,965.0,1120.0,930.0,930.0,978.0,1001.0,902.0,852.0,8528.0,940.0,865.0,837.0,1197.0,897.0,920.0,929.0,968.0,1043.0,893.0,916.0,967.0,989.0,905.0,841.0,8498.0,941.0,854.0,827.0,1191.0,918.0,969.0,932.0,985.0,1043.0,898.0,925.0,958.0,1048.0,905.0,856.0,8482.0,941.0,891.0,849.0,1429.0,981.0,937.0,951.0,990.0,1060.0,915.0,927.0,980.0,1016.0,938.0,862.0,8458.0,924.0,857.0,832.0,1072.0,923.0,890.0,909.0,958.0,1038.0,908.0,911.0,983.0,992.0,991.0,844.0,8568.0,963.0,888.0,851.0,1237.0,945.0,911.0,938.0,1024.0,1061.0,922.0,984.0,958.0,1013.0,915.0,869.0,8600.0,942.0,883.0,849.0,1191.0,927.0,923.0,942.0,1000.0,1089.0,922.0,934.0,1037.0,1004.0,944.0,866.0,8620.0,929.0,874.0,842.0,1344.0,921.0,912.0,912.0,988.0,1057.0,940.0,940.0,971.0,1005.0,913.0,839.0,8748.0,976.0,910.0,871.0,1486.0,948.0,972.0,944.0,1008.0,1078.0,936.0,950.0,1002.0,1046.0,942.0,868.0,freqmine
25669.0,17507.0,17413.0,18085.0,16458.0,18165.0,18351.0,17533.0,17501.0,17562.0,17415.0,17431.0,17554.0,17598.0,17547.0,17504.0,9155.0,1059.0,1100.0,1086.0,44.0,1142.0,1162.0,1112.0,1178.0,1236.0,1144.0,1165.0,1179.0,1190.0,1132.0,1111.0,9081.0,1057.0,1086.0,1077.0,29.0,1131.0,1154.0,1105.0,1166.0,1226.0,1134.0,1155.0,1167.0,1176.0,1119.0,1102.0,9434.0,1081.0,1106.0,1097.0,33.0,1160.0,1177.0,1128.0,1192.0,1248.0,1162.0,1185.0,1189.0,1203.0,1150.0,1123.0,9136.0,1071.0,1094.0,1063.0,32.0,1117.0,1102.0,1104.0,1173.0,1232.0,1142.0,1162.0,1165.0,1185.0,1135.0,1112.0,9458.0,1079.0,1112.0,1101.0,39.0,1163.0,1176.0,1129.0,1206.0,1255.0,1162.0,1184.0,1191.0,1214.0,1154.0,1128.0,9558.0,1104.0,1137.0,1118.0,30.0,1180.0,1202.0,1154.0,1217.0,1274.0,1209.0,1210.0,1218.0,1233.0,1190.0,1154.0,9126.0,1059.0,1086.0,1078.0,30.0,1140.0,1159.0,1112.0,1170.0,1230.0,1141.0,1162.0,1177.0,1190.0,1131.0,1106.0,9081.0,1056.0,1086.0,1079.0,36.0,1142.0,1154.0,1108.0,1166.0,1229.0,1142.0,1155.0,1168.0,1187.0,1129.0,1104.0,9082.0,1065.0,1089.0,1084.0,41.0,1142.0,1156.0,1115.0,1176.0,1236.0,1145.0,1160.0,1169.0,1193.0,1135.0,1112.0,9053.0,1059.0,1082.0,1076.0,32.0,1135.0,1154.0,1105.0,1172.0,1229.0,1140.0,1157.0,1165.0,1184.0,1132.0,1103.0,9037.0,1054.0,1079.0,1068.0,24.0,1131.0,1148.0,1102.0,1165.0,1220.0,1136.0,1153.0,1158.0,1182.0,1128.0,1099.0,9114.0,1067.0,1089.0,1081.0,31.0,1142.0,1155.0,1115.0,1182.0,1227.0,1144.0,1161.0,1166.0,1190.0,1131.0,1107.0,9134.0,1067.0,1092.0,1081.0,31.0,1154.0,1162.0,1115.0,1181.0,1237.0,1150.0,1167.0,1177.0,1197.0,1140.0,1120.0,9135.0,1061.0,1092.0,1078.0,35.0,1151.0,1158.0,1109.0,1176.0,1231.0,1145.0,1168.0,1172.0,1193.0,1134.0,1109.0,9132.0,1061.0,1085.0,1076.0,34.0,1141.0,1159.0,1107.0,1171.0,1231.0,1140.0,1161.0,1167.0,1191.0,1128.0,1110.0,freqmine
25337.0,17138.0,17051.0,17720.0,16137.0,17791.0,17916.0,17193.0,17144.0,17222.0,17058.0,17099.0,17188.0,17254.0,17184.0,17088.0,9178.0,1013.0,1051.0,1053.0,41.0,1124.0,1100.0,1092.0,1139.0,1216.0,1105.0,1151.0,1149.0,1168.0,1096.0,1032.0,9125.0,1012.0,1038.0,1042.0,29.0,1108.0,1092.0,1083.0,1128.0,1204.0,1098.0,1143.0,1142.0,1159.0,1087.0,1027.0,9476.0,1031.0,1058.0,1062.0,33.0,1131.0,1115.0,1101.0,1154.0,1227.0,1123.0,1171.0,1165.0,1186.0,1112.0,1051.0,9169.0,1024.0,1045.0,1029.0,34.0,1094.0,1044.0,1081.0,1137.0,1211.0,1101.0,1149.0,1139.0,1169.0,1096.0,1038.0,9480.0,1030.0,1064.0,1062.0,35.0,1136.0,1116.0,1104.0,1165.0,1230.0,1123.0,1173.0,1164.0,1193.0,1112.0,1052.0,9570.0,1061.0,1082.0,1087.0,28.0,1156.0,1141.0,1124.0,1177.0,1253.0,1167.0,1194.0,1190.0,1214.0,1138.0,1074.0,9163.0,1011.0,1039.0,1042.0,30.0,1113.0,1095.0,1084.0,1136.0,1208.0,1102.0,1151.0,1151.0,1166.0,1095.0,1032.0,9116.0,1009.0,1036.0,1043.0,33.0,1121.0,1095.0,1082.0,1132.0,1210.0,1100.0,1146.0,1143.0,1163.0,1091.0,1030.0,9121.0,1016.0,1040.0,1047.0,38.0,1115.0,1099.0,1085.0,1142.0,1216.0,1105.0,1150.0,1147.0,1166.0,1099.0,1038.0,9092.0,1007.0,1035.0,1043.0,31.0,1110.0,1093.0,1078.0,1137.0,1210.0,1098.0,1146.0,1138.0,1158.0,1092.0,1029.0,9085.0,1000.0,1034.0,1034.0,23.0,1104.0,1087.0,1075.0,1130.0,1202.0,1098.0,1142.0,1132.0,1159.0,1090.0,1024.0,9137.0,1013.0,1044.0,1047.0,27.0,1114.0,1094.0,1088.0,1140.0,1211.0,1105.0,1148.0,1140.0,1167.0,1092.0,1033.0,9157.0,1012.0,1041.0,1048.0,31.0,1121.0,1103.0,1093.0,1140.0,1215.0,1111.0,1156.0,1149.0,1172.0,1098.0,1046.0,9161.0,1010.0,1039.0,1047.0,34.0,1119.0,1098.0,1088.0,1137.0,1211.0,1109.0,1154.0,1143.0,1168.0,1092.0,1033.0,9144.0,1012.0,1035.0,1040.0,32.0,1114.0,1094.0,1084.0,1133.0,1208.0,1103.0,1146.0,1139.0,1168.0,1088.0,1030.0,freqmine
26140.0,17649.0,17556.0,18228.0,16614.0,18359.0,18395.0,17685.0,17623.0,17969.0,17552.0,17553.0,17675.0,17741.0,17677.0,17627.0,9447.0,1053.0,1077.0,1115.0,41.0,1144.0,1124.0,1114.0,1153.0,1465.0,1119.0,1135.0,1160.0,1182.0,1115.0,1084.0,9388.0,1051.0,1066.0,1101.0,30.0,1134.0,1116.0,1104.0,1139.0,1473.0,1111.0,1123.0,1149.0,1174.0,1111.0,1072.0,9727.0,1073.0,1084.0,1120.0,34.0,1159.0,1138.0,1122.0,1162.0,1473.0,1129.0,1151.0,1167.0,1193.0,1121.0,1092.0,9441.0,1066.0,1073.0,1092.0,32.0,1118.0,1072.0,1105.0,1151.0,1465.0,1117.0,1133.0,1145.0,1181.0,1112.0,1083.0,9774.0,1075.0,1088.0,1127.0,35.0,1162.0,1145.0,1133.0,1173.0,1490.0,1141.0,1159.0,1172.0,1205.0,1132.0,1100.0,9824.0,1094.0,1106.0,1148.0,28.0,1183.0,1160.0,1150.0,1186.0,1494.0,1181.0,1171.0,1194.0,1219.0,1160.0,1118.0,9434.0,1054.0,1066.0,1102.0,30.0,1144.0,1120.0,1108.0,1140.0,1461.0,1117.0,1129.0,1157.0,1180.0,1110.0,1076.0,9378.0,1049.0,1065.0,1103.0,35.0,1145.0,1120.0,1104.0,1140.0,1462.0,1115.0,1127.0,1149.0,1181.0,1106.0,1074.0,9386.0,1057.0,1068.0,1108.0,38.0,1139.0,1120.0,1107.0,1148.0,1455.0,1120.0,1133.0,1153.0,1183.0,1114.0,1082.0,9364.0,1051.0,1064.0,1101.0,31.0,1136.0,1117.0,1100.0,1144.0,1460.0,1117.0,1127.0,1146.0,1176.0,1112.0,1072.0,9346.0,1044.0,1059.0,1096.0,23.0,1128.0,1107.0,1097.0,1137.0,1449.0,1111.0,1120.0,1138.0,1170.0,1105.0,1064.0,9410.0,1056.0,1069.0,1105.0,27.0,1141.0,1115.0,1109.0,1149.0,1461.0,1119.0,1127.0,1143.0,1176.0,1108.0,1075.0,9434.0,1058.0,1070.0,1109.0,31.0,1144.0,1124.0,1113.0,1151.0,1473.0,1122.0,1134.0,1151.0,1181.0,1113.0,1088.0,9435.0,1054.0,1071.0,1111.0,35.0,1147.0,1121.0,1112.0,1152.0,1477.0,1124.0,1139.0,1157.0,1185.0,1108.0,1079.0,9426.0,1053.0,1066.0,1102.0,31.0,1138.0,1118.0,1106.0,1143.0,1477.0,1116.0,1127.0,1148.0,1182.0,1107.0,1079.0,freqmine
29622.0,19702.0,19909.0,20059.0,17774.0,20719.0,20227.0,20222.0,20016.0,19899.0,20123.0,19896.0,20215.0,20173.0,20082.0,19490.0,10035.0,1510.0,1507.0,1470.0,57.0,1585.0,1508.0,1542.0,1623.0,1225.0,1562.0,1602.0,1563.0,1587.0,1552.0,1488.0,9906.0,1668.0,1691.0,1795.0,48.0,1916.0,1654.0,1761.0,2040.0,2115.0,1827.0,2197.0,1892.0,2093.0,2041.0,1861.0,10210.0,1511.0,1417.0,1417.0,48.0,1526.0,1506.0,1443.0,1427.0,1188.0,1535.0,1481.0,1472.0,1545.0,1537.0,1449.0,9972.0,1404.0,1406.0,1398.0,31.0,1497.0,1405.0,1411.0,1473.0,1208.0,1455.0,1470.0,1438.0,1484.0,1453.0,1422.0,10368.0,1700.0,1803.0,1633.0,62.0,1791.0,1680.0,1784.0,1918.0,1662.0,1976.0,1836.0,2204.0,2265.0,1771.0,1664.0,10284.0,1566.0,1510.0,1548.0,43.0,1611.0,1559.0,1567.0,1571.0,1292.0,1665.0,1594.0,1558.0,1620.0,1571.0,1527.0,9967.0,1492.0,1421.0,1428.0,55.0,1582.0,1555.0,1442.0,1514.0,1169.0,1496.0,1517.0,1510.0,1478.0,1508.0,1434.0,9847.0,1580.0,1494.0,1468.0,68.0,1571.0,1506.0,1488.0,1467.0,1315.0,1583.0,1545.0,1490.0,1550.0,1633.0,1561.0,9854.0,1523.0,1425.0,1446.0,73.0,1556.0,1472.0,1468.0,1536.0,1156.0,1516.0,1474.0,1475.0,1577.0,1468.0,1417.0,9911.0,1523.0,1546.0,1463.0,57.0,1566.0,1495.0,1605.0,1563.0,1271.0,1606.0,1519.0,1476.0,1518.0,1614.0,1525.0,9861.0,1562.0,1482.0,1473.0,52.0,1552.0,1489.0,1581.0,1538.0,1266.0,1514.0,1501.0,1479.0,1527.0,1510.0,1474.0,9899.0,1590.0,1540.0,1498.0,56.0,1597.0,1574.0,1609.0,1552.0,1220.0,1537.0,1570.0,1444.0,1531.0,1491.0,1471.0,9894.0,1630.0,1685.0,1622.0,63.0,1710.0,1666.0,1732.0,1864.0,1566.0,1705.0,1761.0,1690.0,1791.0,1754.0,1632.0,10008.0,1564.0,1533.0,1517.0,58.0,1678.0,1560.0,1567.0,1626.0,1327.0,1583.0,1704.0,1554.0,1654.0,1604.0,1535.0,9853.0,1712.0,1788.0,1674.0,49.0,2047.0,1709.0,1910.0,2197.0,1860.0,1996.0,2107.0,2389.0,2239.0,2012.0,1725.0,freqmine
30228.0,18663.0,18658.0,18200.0,15777.0,18549.0,18803.0,18834.0,17379.0,17038.0,17976.0,17274.0,17589.0,16988.0,18144.0,17720.0,9677.0,1480.0,1493.0,1437.0,100.0,1435.0,1525.0,1497.0,1299.0,1119.0,1371.0,1204.0,1200.0,1074.0,1404.0,1454.0,9826.0,2049.0,1999.0,2331.0,85.0,1781.0,1971.0,1991.0,1589.0,1566.0,1672.0,1909.0,1466.0,1305.0,2073.0,2172.0,9396.0,1501.0,1289.0,1233.0,87.0,1305.0,1326.0,1279.0,1131.0,1010.0,1247.0,1057.0,1043.0,966.0,1317.0,1339.0,9322.0,1212.0,1227.0,1196.0,33.0,1192.0,1245.0,1249.0,1103.0,1016.0,1159.0,1009.0,984.0,932.0,1283.0,1257.0,10038.0,1877.0,2235.0,1726.0,94.0,1629.0,1845.0,1917.0,1532.0,1268.0,1967.0,1352.0,1691.0,1501.0,1681.0,1701.0,9773.0,1584.0,1412.0,1413.0,84.0,1400.0,1459.0,1455.0,1194.0,1043.0,1390.0,1138.0,1120.0,994.0,1333.0,1426.0,9432.0,1405.0,1318.0,1292.0,88.0,1339.0,1399.0,1287.0,1156.0,980.0,1221.0,1097.0,1195.0,972.0,1375.0,1296.0,9243.0,1425.0,1352.0,1273.0,90.0,1316.0,1422.0,1302.0,1117.0,1036.0,1237.0,1072.0,1059.0,987.0,1505.0,1551.0,9130.0,1378.0,1308.0,1301.0,95.0,1252.0,1302.0,1276.0,1137.0,962.0,1173.0,1042.0,1048.0,961.0,1242.0,1276.0,9383.0,1491.0,1523.0,1309.0,90.0,1325.0,1397.0,1419.0,1163.0,1073.0,1225.0,1084.0,1066.0,976.0,1478.0,1476.0,9296.0,1436.0,1346.0,1354.0,82.0,1289.0,1362.0,1326.0,1173.0,972.0,1278.0,1063.0,1045.0,976.0,1260.0,1316.0,9342.0,1560.0,1439.0,1328.0,80.0,1356.0,1385.0,1455.0,1161.0,1019.0,1307.0,1108.0,1055.0,996.0,1265.0,1300.0,9515.0,1698.0,1544.0,1526.0,93.0,1461.0,1894.0,1527.0,1322.0,1231.0,1387.0,1295.0,1224.0,1108.0,1463.0,1526.0,9657.0,1549.0,1361.0,1452.0,89.0,1404.0,1513.0,1345.0,1172.0,1026.0,1265.0,1186.0,1081.0,1027.0,1302.0,1333.0,9902.0,2233.0,2051.0,2082.0,93.0,1880.0,2098.0,2067.0,1791.0,1483.0,1798.0,1593.0,1866.0,1480.0,1952.0,2015.0,freqmine
9097.0,4289.0,3850.0,4098.0,3338.0,3490.0,4040.0,3674.0,3339.0,3243.0,3272.0,3246.0,3300.0,3328.0,3436.0,3764.0,3390.0,567.0,346.0,455.0,43.0,122.0,529.0,246.0,112.0,71.0,111.0,92.0,77.0,68.0,105.0,291.0,3642.0,705.0,382.0,663.0,39.0,119.0,636.0,309.0,100.0,74.0,112.0,98.0,100.0,63.0,111.0,385.0,3381.0,609.0,329.0,402.0,37.0,104.0,535.0,232.0,99.0,68.0,109.0,100.0,82.0,69.0,105.0,278.0,3319.0,521.0,338.0,425.0,21.0,93.0,490.0,267.0,84.0,55.0,117.0,88.0,65.0,56.0,100.0,284.0,3892.0,639.0,483.0,532.0,42.0,116.0,612.0,288.0,134.0,95.0,128.0,124.0,95.0,89.0,140.0,360.0,3327.0,559.0,309.0,424.0,34.0,78.0,465.0,220.0,80.0,59.0,111.0,72.0,69.0,55.0,86.0,274.0,3285.0,532.0,315.0,437.0,40.0,88.0,488.0,219.0,85.0,60.0,119.0,92.0,73.0,71.0,96.0,303.0,3435.0,558.0,331.0,443.0,44.0,105.0,483.0,256.0,99.0,80.0,157.0,115.0,110.0,70.0,117.0,314.0,3250.0,520.0,304.0,424.0,41.0,95.0,470.0,212.0,90.0,70.0,108.0,91.0,116.0,96.0,111.0,283.0,3265.0,582.0,332.0,448.0,36.0,114.0,497.0,238.0,110.0,89.0,98.0,86.0,96.0,80.0,121.0,303.0,3238.0,489.0,295.0,420.0,32.0,69.0,483.0,195.0,86.0,53.0,87.0,55.0,69.0,50.0,90.0,262.0,3355.0,574.0,394.0,469.0,44.0,126.0,531.0,248.0,122.0,103.0,136.0,125.0,100.0,104.0,141.0,317.0,3496.0,556.0,342.0,463.0,37.0,116.0,568.0,243.0,112.0,91.0,124.0,111.0,114.0,76.0,106.0,299.0,3375.0,555.0,395.0,466.0,38.0,142.0,520.0,304.0,130.0,85.0,172.0,110.0,98.0,88.0,134.0,302.0,4147.0,801.0,511.0,635.0,40.0,143.0,712.0,324.0,133.0,100.0,158.0,131.0,111.0,100.0,151.0,380.0,freqmine
7469.0,2274.0,2234.0,2406.0,2266.0,2296.0,2221.0,2226.0,2272.0,2262.0,2162.0,2214.0,2242.0,2271.0,2308.0,2299.0,3354.0,20.0,22.0,85.0,22.0,38.0,26.0,25.0,35.0,30.0,17.0,28.0,41.0,34.0,48.0,39.0,3526.0,19.0,16.0,71.0,18.0,29.0,27.0,19.0,22.0,23.0,8.0,21.0,33.0,21.0,41.0,33.0,3384.0,23.0,21.0,65.0,28.0,52.0,36.0,19.0,35.0,27.0,14.0,29.0,50.0,28.0,58.0,43.0,3358.0,18.0,19.0,81.0,9.0,44.0,48.0,20.0,43.0,45.0,14.0,47.0,40.0,43.0,45.0,47.0,3645.0,21.0,18.0,83.0,22.0,32.0,45.0,22.0,36.0,31.0,15.0,35.0,38.0,30.0,53.0,42.0,3339.0,16.0,12.0,55.0,18.0,27.0,18.0,10.0,33.0,25.0,13.0,18.0,39.0,24.0,51.0,38.0,3307.0,13.0,12.0,54.0,19.0,31.0,26.0,15.0,30.0,21.0,16.0,27.0,31.0,24.0,37.0,32.0,3319.0,17.0,18.0,79.0,14.0,29.0,23.0,21.0,22.0,29.0,18.0,30.0,37.0,29.0,44.0,33.0,3319.0,18.0,21.0,74.0,18.0,37.0,34.0,21.0,37.0,35.0,21.0,43.0,43.0,40.0,56.0,45.0,3311.0,17.0,13.0,60.0,10.0,29.0,25.0,17.0,22.0,33.0,11.0,27.0,25.0,24.0,37.0,23.0,3308.0,10.0,12.0,47.0,12.0,19.0,11.0,12.0,14.0,11.0,8.0,8.0,31.0,17.0,40.0,24.0,3342.0,16.0,17.0,87.0,15.0,45.0,42.0,22.0,52.0,40.0,13.0,42.0,45.0,52.0,64.0,51.0,3407.0,16.0,18.0,57.0,17.0,33.0,23.0,17.0,24.0,20.0,15.0,21.0,36.0,26.0,55.0,36.0,3396.0,16.0,18.0,121.0,19.0,72.0,68.0,17.0,71.0,67.0,14.0,63.0,71.0,67.0,84.0,77.0,4426.0,23.0,23.0,118.0,24.0,67.0,60.0,24.0,54.0,58.0,17.0,50.0,65.0,57.0,75.0,63.0,freqmine
